time_ms,ub,lb,gap
17,,130,
17,,130,
17,139,130,0.0647482
17,139,130,0.0647482
18,139,130,0.0647482
19,139,130,0.0647482
19,139,130,0.0647482
20,139,130,0.0647482
21,139,130,0.0647482
21,139,130,0.0647482
22,139,130,0.0647482
23,139,130,0.0647482
23,139,130,0.0647482
24,139,130,0.0647482
24,139,130,0.0647482
25,139,130,0.0647482
26,139,130,0.0647482
26,139,130,0.0647482
27,139,130,0.0647482
28,139,130,0.0647482
28,139,130,0.0647482
29,139,130,0.0647482
30,139,130,0.0647482
30,139,130,0.0647482
31,139,130,0.0647482
32,139,130,0.0647482
32,139,130,0.0647482
33,139,130,0.0647482
34,139,130,0.0647482
34,139,130,0.0647482
35,139,130,0.0647482
36,139,130,0.0647482
37,139,130,0.0647482
37,139,130,0.0647482
38,139,130,0.0647482
39,139,130,0.0647482
39,139,130,0.0647482
40,139,130,0.0647482
41,139,130,0.0647482
41,139,130,0.0647482
42,139,130,0.0647482
43,139,130,0.0647482
44,139,130,0.0647482
45,139,130,0.0647482
45,139,130,0.0647482
46,139,130,0.0647482
47,139,130,0.0647482
48,139,130,0.0647482
48,139,130,0.0647482
49,139,130,0.0647482
50,139,130,0.0647482
51,139,130,0.0647482
52,139,130,0.0647482
53,139,130,0.0647482
53,139,130,0.0647482
54,139,130,0.0647482
55,139,130,0.0647482
56,139,130,0.0647482
57,139,130,0.0647482
58,139,130,0.0647482
59,139,130,0.0647482
59,138,130,0.057971
60,138,130,0.057971
60,138,130,0.057971
60,138,130,0.057971
61,138,130,0.057971
61,138,130,0.057971
61,138,130,0.057971
61,138,130,0.057971
62,138,130,0.057971
62,138,130,0.057971
63,138,130,0.057971
63,138,130,0.057971
64,138,130,0.057971
64,138,130,0.057971
65,138,130,0.057971
66,138,130,0.057971
66,138,130,0.057971
67,138,130,0.057971
68,138,130,0.057971
69,138,130,0.057971
70,138,130,0.057971
70,138,130,0.057971
71,138,130,0.057971
72,138,130,0.057971
73,138,130,0.057971
74,138,130,0.057971
75,138,130,0.057971
76,138,130,0.057971
76,138,130,0.057971
77,138,130,0.057971
78,138,130,0.057971
79,138,130,0.057971
80,138,130,0.057971
81,138,130,0.057971
82,138,130,0.057971
83,138,130,0.057971
84,138,130,0.057971
85,138,130,0.057971
86,138,130,0.057971
86,138,130,0.057971
87,138,130,0.057971
88,138,130,0.057971
89,138,130,0.057971
90,138,130,0.057971
91,138,130,0.057971
92,138,130,0.057971
93,138,130,0.057971
94,138,130,0.057971
95,138,130,0.057971
96,138,130,0.057971
97,138,130,0.057971
98,138,130,0.057971
99,138,130,0.057971
100,138,130,0.057971
101,138,130,0.057971
102,138,130,0.057971
103,138,130,0.057971
104,138,130,0.057971
106,138,130,0.057971
107,138,130,0.057971
108,138,130,0.057971
109,138,130,0.057971
110,138,130,0.057971
111,138,130,0.057971
112,138,130,0.057971
113,138,130,0.057971
115,138,130,0.057971
116,138,130,0.057971
117,138,130,0.057971
118,138,130,0.057971
119,138,130,0.057971
120,138,130,0.057971
122,138,130,0.057971
123,138,130,0.057971
124,138,130,0.057971
125,137,130,0.0510949
126,137,130,0.0510949
127,137,130,0.0510949
127,137,130,0.0510949
128,137,130,0.0510949
128,137,130,0.0510949
129,137,130,0.0510949
129,137,130,0.0510949
130,137,130,0.0510949
130,137,130,0.0510949
131,136,130,0.0441176
131,136,130,0.0441176
132,136,130,0.0441176
132,136,130,0.0441176
133,136,130,0.0441176
133,136,130,0.0441176
133,136,130,0.0441176
133,136,130,0.0441176
133,136,130,0.0441176
133,136,130,0.0441176
134,136,130,0.0441176
134,136,130,0.0441176
134,136,130,0.0441176
135,136,130,0.0441176
135,136,130,0.0441176
136,136,130,0.0441176
137,136,130,0.0441176
138,136,130,0.0441176
139,136,130,0.0441176
140,136,130,0.0441176
141,136,130,0.0441176
142,136,130,0.0441176
143,136,130,0.0441176
144,136,130,0.0441176
145,136,130,0.0441176
146,136,130,0.0441176
146,136,130,0.0441176
147,136,130,0.0441176
148,136,130,0.0441176
149,136,130,0.0441176
150,136,130,0.0441176
151,136,130,0.0441176
151,136,130,0.0441176
152,136,130,0.0441176
153,136,130,0.0441176
154,136,130,0.0441176
155,136,130,0.0441176
156,136,130,0.0441176
156,136,130,0.0441176
157,136,130,0.0441176
158,136,130,0.0441176
159,136,130,0.0441176
160,136,130,0.0441176
161,136,130,0.0441176
162,136,130,0.0441176
162,136,130,0.0441176
163,136,130,0.0441176
164,136,130,0.0441176
165,136,130,0.0441176
166,136,130,0.0441176
167,136,130,0.0441176
168,136,130,0.0441176
169,136,130,0.0441176
170,136,130,0.0441176
171,136,130,0.0441176
172,136,130,0.0441176
173,136,130,0.0441176
174,136,130,0.0441176
175,136,130,0.0441176
176,136,130,0.0441176
177,136,130,0.0441176
178,136,130,0.0441176
179,136,130,0.0441176
180,136,130,0.0441176
181,136,130,0.0441176
182,136,130,0.0441176
183,136,130,0.0441176
184,136,130,0.0441176
185,136,130,0.0441176
187,136,130,0.0441176
188,136,130,0.0441176
189,136,130,0.0441176
190,136,130,0.0441176
191,136,130,0.0441176
192,136,130,0.0441176
194,136,130,0.0441176
195,136,130,0.0441176
196,136,130,0.0441176
197,136,130,0.0441176
198,136,130,0.0441176
199,136,130,0.0441176
201,136,130,0.0441176
202,136,130,0.0441176
203,136,130,0.0441176
204,136,130,0.0441176
206,136,130,0.0441176
207,136,130,0.0441176
208,136,130,0.0441176
210,136,130,0.0441176
211,136,130,0.0441176
212,136,130,0.0441176
213,136,130,0.0441176
215,136,130,0.0441176
216,136,130,0.0441176
217,136,130,0.0441176
219,136,130,0.0441176
220,136,130,0.0441176
222,136,130,0.0441176
223,136,130,0.0441176
225,136,130,0.0441176
226,136,130,0.0441176
227,136,130,0.0441176
229,136,130,0.0441176
231,136,130,0.0441176
232,136,130,0.0441176
233,136,130,0.0441176
235,136,130,0.0441176
236,136,130,0.0441176
238,136,130,0.0441176
239,136,130,0.0441176
241,136,130,0.0441176
242,136,130,0.0441176
244,136,130,0.0441176
246,136,130,0.0441176
247,136,130,0.0441176
249,136,130,0.0441176
250,136,130,0.0441176
252,136,130,0.0441176
254,136,130,0.0441176
255,136,130,0.0441176
257,136,130,0.0441176
259,136,130,0.0441176
261,136,130,0.0441176
262,136,130,0.0441176
264,136,130,0.0441176
266,136,130,0.0441176
267,135,130,0.037037
268,135,130,0.037037
270,135,130,0.037037
271,135,130,0.037037
272,135,130,0.037037
273,135,130,0.037037
275,135,130,0.037037
275,135,130,0.037037
276,135,130,0.037037
277,135,130,0.037037
277,135,130,0.037037
278,135,130,0.037037
278,135,130,0.037037
279,135,130,0.037037
279,135,130,0.037037
279,135,130,0.037037
279,135,130,0.037037
279,135,130,0.037037
280,135,130,0.037037
280,135,130,0.037037
281,135,130,0.037037
283,135,130,0.037037
285,135,130,0.037037
286,135,130,0.037037
288,135,130,0.037037
289,135,130,0.037037
290,135,130,0.037037
291,135,130,0.037037
292,135,130,0.037037
293,135,130,0.037037
294,135,130,0.037037
295,135,130,0.037037
296,135,130,0.037037
297,135,130,0.037037
298,135,130,0.037037
299,135,130,0.037037
300,135,130,0.037037
300,135,130,0.037037
301,135,130,0.037037
302,135,130,0.037037
303,135,130,0.037037
304,135,130,0.037037
305,135,130,0.037037
306,135,130,0.037037
307,135,130,0.037037
308,135,130,0.037037
309,135,130,0.037037
310,135,130,0.037037
311,135,130,0.037037
312,135,130,0.037037
313,135,130,0.037037
314,135,130,0.037037
315,135,130,0.037037
316,135,130,0.037037
316,135,130,0.037037
317,135,130,0.037037
318,135,130,0.037037
319,135,130,0.037037
320,135,130,0.037037
321,135,130,0.037037
322,135,130,0.037037
323,135,130,0.037037
324,135,130,0.037037
325,135,130,0.037037
327,135,130,0.037037
328,135,130,0.037037
329,135,130,0.037037
330,135,130,0.037037
331,135,130,0.037037
332,135,130,0.037037
333,135,130,0.037037
334,135,130,0.037037
335,135,130,0.037037
337,135,130,0.037037
338,135,130,0.037037
339,135,130,0.037037
340,135,130,0.037037
341,135,130,0.037037
342,135,130,0.037037
343,135,130,0.037037
344,135,130,0.037037
345,135,130,0.037037
347,135,130,0.037037
348,135,130,0.037037
349,135,130,0.037037
350,135,130,0.037037
352,135,130,0.037037
353,135,130,0.037037
354,135,130,0.037037
355,135,130,0.037037
356,135,130,0.037037
358,135,130,0.037037
359,135,130,0.037037
360,135,130,0.037037
361,135,130,0.037037
363,135,130,0.037037
364,135,130,0.037037
365,135,130,0.037037
367,135,130,0.037037
368,135,130,0.037037
370,135,130,0.037037
371,135,130,0.037037
373,135,130,0.037037
374,135,130,0.037037
376,135,130,0.037037
377,135,130,0.037037
379,135,130,0.037037
380,135,130,0.037037
382,135,130,0.037037
383,135,130,0.037037
385,135,130,0.037037
386,135,130,0.037037
388,135,130,0.037037
389,135,130,0.037037
391,135,130,0.037037
392,134,130,0.0298507
393,134,130,0.0298507
393,134,130,0.0298507
394,134,130,0.0298507
394,134,130,0.0298507
395,134,130,0.0298507
395,134,130,0.0298507
396,134,130,0.0298507
396,134,130,0.0298507
396,134,130,0.0298507
396,134,130,0.0298507
397,134,130,0.0298507
400,134,130,0.0298507
401,134,130,0.0298507
403,134,130,0.0298507
404,134,130,0.0298507
406,134,130,0.0298507
407,134,130,0.0298507
407,134,130,0.0298507
408,134,130,0.0298507
409,134,130,0.0298507
410,134,130,0.0298507
411,134,130,0.0298507
413,134,130,0.0298507
413,134,130,0.0298507
414,134,130,0.0298507
415,134,130,0.0298507
416,134,130,0.0298507
417,134,130,0.0298507
418,134,130,0.0298507
419,134,130,0.0298507
420,134,130,0.0298507
420,134,130,0.0298507
421,134,130,0.0298507
422,134,130,0.0298507
423,134,130,0.0298507
423,134,130,0.0298507
424,134,130,0.0298507
425,134,130,0.0298507
426,134,130,0.0298507
426,134,130,0.0298507
427,134,130,0.0298507
428,134,130,0.0298507
428,134,130,0.0298507
429,134,130,0.0298507
430,134,130,0.0298507
431,134,130,0.0298507
431,134,130,0.0298507
432,134,130,0.0298507
433,134,130,0.0298507
433,134,130,0.0298507
434,134,130,0.0298507
435,134,130,0.0298507
436,134,130,0.0298507
436,134,130,0.0298507
437,134,130,0.0298507
438,134,130,0.0298507
438,134,130,0.0298507
439,134,130,0.0298507
440,134,130,0.0298507
441,134,130,0.0298507
441,134,130,0.0298507
442,134,130,0.0298507
443,134,130,0.0298507
444,134,130,0.0298507
444,134,130,0.0298507
445,134,130,0.0298507
446,134,130,0.0298507
447,134,130,0.0298507
447,134,130,0.0298507
448,134,130,0.0298507
449,134,130,0.0298507
450,134,130,0.0298507
451,134,130,0.0298507
452,134,130,0.0298507
452,134,130,0.0298507
453,134,130,0.0298507
454,134,130,0.0298507
455,134,130,0.0298507
456,134,130,0.0298507
457,134,130,0.0298507
458,134,130,0.0298507
459,134,130,0.0298507
460,134,130,0.0298507
461,134,130,0.0298507
462,134,130,0.0298507
463,134,130,0.0298507
464,134,130,0.0298507
465,134,130,0.0298507
466,134,130,0.0298507
468,134,130,0.0298507
469,134,130,0.0298507
470,134,130,0.0298507
471,134,130,0.0298507
472,134,130,0.0298507
473,134,130,0.0298507
474,134,130,0.0298507
476,134,130,0.0298507
477,134,130,0.0298507
478,134,130,0.0298507
479,134,130,0.0298507
481,134,130,0.0298507
482,134,130,0.0298507
483,134,130,0.0298507
485,134,130,0.0298507
486,134,130,0.0298507
487,134,130,0.0298507
489,134,130,0.0298507
490,134,130,0.0298507
492,134,130,0.0298507
493,134,130,0.0298507
495,134,130,0.0298507
496,134,130,0.0298507
498,134,130,0.0298507
499,134,130,0.0298507
501,134,130,0.0298507
502,134,130,0.0298507
504,134,130,0.0298507
506,134,130,0.0298507
508,134,130,0.0298507
510,134,130,0.0298507
512,134,130,0.0298507
514,134,130,0.0298507
516,134,130,0.0298507
518,134,130,0.0298507
519,134,130,0.0298507
521,134,130,0.0298507
522,134,130,0.0298507
524,134,130,0.0298507
526,134,130,0.0298507
528,134,130,0.0298507
529,134,130,0.0298507
531,134,130,0.0298507
533,134,130,0.0298507
534,134,130,0.0298507
536,134,130,0.0298507
538,134,130,0.0298507
540,134,130,0.0298507
541,134,130,0.0298507
543,134,130,0.0298507
545,134,130,0.0298507
547,134,130,0.0298507
548,134,130,0.0298507
550,134,130,0.0298507
552,134,130,0.0298507
554,134,130,0.0298507
556,134,130,0.0298507
558,134,130,0.0298507
559,134,130,0.0298507
561,134,130,0.0298507
563,134,130,0.0298507
565,134,130,0.0298507
567,134,130,0.0298507
569,134,130,0.0298507
570,134,130,0.0298507
572,134,130,0.0298507
574,134,130,0.0298507
576,134,130,0.0298507
578,134,130,0.0298507
580,134,130,0.0298507
582,134,130,0.0298507
584,134,130,0.0298507
586,134,130,0.0298507
588,134,130,0.0298507
590,134,130,0.0298507
593,134,130,0.0298507
594,134,130,0.0298507
596,134,130,0.0298507
599,134,130,0.0298507
601,134,130,0.0298507
603,134,130,0.0298507
605,134,130,0.0298507
607,134,130,0.0298507
609,134,130,0.0298507
611,134,130,0.0298507
613,134,130,0.0298507
616,134,130,0.0298507
618,134,130,0.0298507
620,134,130,0.0298507
622,134,130,0.0298507
624,134,130,0.0298507
627,134,130,0.0298507
629,134,130,0.0298507
632,134,130,0.0298507
634,134,130,0.0298507
637,134,130,0.0298507
639,134,130,0.0298507
641,134,130,0.0298507
644,134,130,0.0298507
646,134,130,0.0298507
648,134,130,0.0298507
651,134,130,0.0298507
653,134,130,0.0298507
656,134,130,0.0298507
658,134,130,0.0298507
661,134,130,0.0298507
664,134,130,0.0298507
666,134,130,0.0298507
669,134,130,0.0298507
672,134,130,0.0298507
674,134,130,0.0298507
677,134,130,0.0298507
679,134,130,0.0298507
681,134,130,0.0298507
683,134,130,0.0298507
686,134,130,0.0298507
689,134,130,0.0298507
691,134,130,0.0298507
693,134,130,0.0298507
696,134,130,0.0298507
698,134,130,0.0298507
701,134,130,0.0298507
704,134,130,0.0298507
707,134,130,0.0298507
709,134,130,0.0298507
712,134,130,0.0298507
715,134,130,0.0298507
718,134,130,0.0298507
721,134,130,0.0298507
723,134,130,0.0298507
726,134,130,0.0298507
729,134,130,0.0298507
732,134,130,0.0298507
735,134,130,0.0298507
738,134,130,0.0298507
740,134,130,0.0298507
743,134,130,0.0298507
746,134,130,0.0298507
748,134,130,0.0298507
751,134,130,0.0298507
755,134,130,0.0298507
758,134,130,0.0298507
760,134,130,0.0298507
762,134,130,0.0298507
764,134,130,0.0298507
767,134,130,0.0298507
770,134,130,0.0298507
773,134,130,0.0298507
776,134,130,0.0298507
779,134,130,0.0298507
782,134,130,0.0298507
785,134,130,0.0298507
788,134,130,0.0298507
791,134,130,0.0298507
795,134,130,0.0298507
797,134,130,0.0298507
800,134,130,0.0298507
803,134,130,0.0298507
806,134,130,0.0298507
809,134,130,0.0298507
812,134,130,0.0298507
815,134,130,0.0298507
818,134,130,0.0298507
821,134,130,0.0298507
825,134,130,0.0298507
828,134,130,0.0298507
831,134,130,0.0298507
834,134,130,0.0298507
837,134,130,0.0298507
840,134,130,0.0298507
842,134,130,0.0298507
846,134,130,0.0298507
849,134,130,0.0298507
853,134,130,0.0298507
855,134,130,0.0298507
858,134,130,0.0298507
860,134,130,0.0298507
863,134,130,0.0298507
867,134,130,0.0298507
870,134,130,0.0298507
873,134,130,0.0298507
877,134,130,0.0298507
880,134,130,0.0298507
882,134,130,0.0298507
886,134,130,0.0298507
889,134,130,0.0298507
893,134,130,0.0298507
896,134,130,0.0298507
899,134,130,0.0298507
902,134,130,0.0298507
905,134,130,0.0298507
909,134,130,0.0298507
912,134,130,0.0298507
915,134,130,0.0298507
919,134,130,0.0298507
923,134,130,0.0298507
926,134,130,0.0298507
930,134,130,0.0298507
933,134,130,0.0298507
936,134,130,0.0298507
939,134,130,0.0298507
942,134,130,0.0298507
946,134,130,0.0298507
949,134,130,0.0298507
952,134,130,0.0298507
955,134,130,0.0298507
958,134,130,0.0298507
962,134,130,0.0298507
965,134,130,0.0298507
967,134,130,0.0298507
972,134,130,0.0298507
975,134,130,0.0298507
978,134,130,0.0298507
982,134,130,0.0298507
985,134,130,0.0298507
988,134,130,0.0298507
991,134,130,0.0298507
996,134,130,0.0298507
999,134,130,0.0298507
1003,134,130,0.0298507
1006,134,130,0.0298507
1010,134,130,0.0298507
1013,134,130,0.0298507
1017,134,130,0.0298507
1021,134,130,0.0298507
1024,134,130,0.0298507
1029,134,130,0.0298507
1034,134,130,0.0298507
1038,134,130,0.0298507
1041,134,130,0.0298507
1043,134,130,0.0298507
1048,134,130,0.0298507
1052,134,130,0.0298507
1057,134,130,0.0298507
1061,134,130,0.0298507
1065,134,130,0.0298507
1069,134,130,0.0298507
1073,134,130,0.0298507
1076,134,130,0.0298507
1080,134,130,0.0298507
1084,134,130,0.0298507
1088,134,130,0.0298507
1092,134,130,0.0298507
1096,134,130,0.0298507
1100,134,130,0.0298507
1104,134,130,0.0298507
1107,134,130,0.0298507
1112,134,130,0.0298507
1116,134,130,0.0298507
1120,134,130,0.0298507
1124,134,130,0.0298507
1128,134,130,0.0298507
1132,134,130,0.0298507
1135,134,130,0.0298507
1139,134,130,0.0298507
1144,134,130,0.0298507
1148,134,130,0.0298507
1152,134,130,0.0298507
1157,134,130,0.0298507
1161,134,130,0.0298507
1166,134,130,0.0298507
1170,134,130,0.0298507
1175,134,130,0.0298507
1180,134,130,0.0298507
1183,134,130,0.0298507
1188,134,130,0.0298507
1191,134,130,0.0298507
1195,134,130,0.0298507
1201,134,130,0.0298507
1205,134,130,0.0298507
1208,134,130,0.0298507
1212,134,130,0.0298507
1216,134,130,0.0298507
1220,134,130,0.0298507
1225,134,130,0.0298507
1230,134,130,0.0298507
1235,134,130,0.0298507
1239,134,130,0.0298507
1243,134,130,0.0298507
1248,134,130,0.0298507
1252,134,130,0.0298507
1257,134,130,0.0298507
1261,134,130,0.0298507
1266,134,130,0.0298507
1271,134,130,0.0298507
1275,134,130,0.0298507
1280,134,130,0.0298507
1285,134,130,0.0298507
1289,134,130,0.0298507
1294,134,130,0.0298507
1298,134,130,0.0298507
1302,134,130,0.0298507
1307,134,130,0.0298507
1312,134,130,0.0298507
1318,134,130,0.0298507
1322,134,130,0.0298507
1325,134,130,0.0298507
1330,134,130,0.0298507
1334,134,130,0.0298507
1340,134,130,0.0298507
1346,134,130,0.0298507
1352,134,130,0.0298507
1359,134,130,0.0298507
1365,134,130,0.0298507
1369,134,130,0.0298507
1375,134,130,0.0298507
1378,134,130,0.0298507
1384,134,130,0.0298507
1388,134,130,0.0298507
1392,134,130,0.0298507
1397,134,130,0.0298507
1401,134,130,0.0298507
1406,134,130,0.0298507
1410,134,130,0.0298507
1414,134,130,0.0298507
1418,134,130,0.0298507
1423,134,130,0.0298507
1427,134,130,0.0298507
1432,134,130,0.0298507
1436,134,130,0.0298507
1440,134,130,0.0298507
1444,134,130,0.0298507
1450,134,130,0.0298507
1455,134,130,0.0298507
1461,134,130,0.0298507
1466,134,130,0.0298507
1470,134,130,0.0298507
1474,134,130,0.0298507
1479,134,130,0.0298507
1484,134,130,0.0298507
1489,134,130,0.0298507
1495,134,130,0.0298507
1501,134,130,0.0298507
1505,134,130,0.0298507
1512,134,130,0.0298507
1517,134,130,0.0298507
1521,134,130,0.0298507
1526,134,130,0.0298507
1531,134,130,0.0298507
1537,134,130,0.0298507
1541,134,130,0.0298507
1546,134,130,0.0298507
1551,134,130,0.0298507
1557,134,130,0.0298507
1562,134,130,0.0298507
1569,134,130,0.0298507
1576,134,130,0.0298507
1581,134,130,0.0298507
1586,134,130,0.0298507
1591,134,130,0.0298507
1595,134,130,0.0298507
1600,134,130,0.0298507
1605,134,130,0.0298507
1611,134,130,0.0298507
1617,134,130,0.0298507
1622,134,130,0.0298507
1628,134,130,0.0298507
1632,134,130,0.0298507
1636,134,130,0.0298507
1641,134,130,0.0298507
1645,134,130,0.0298507
1651,134,130,0.0298507
1656,134,130,0.0298507
1663,134,130,0.0298507
1667,134,130,0.0298507
1672,134,130,0.0298507
1677,134,130,0.0298507
1683,134,130,0.0298507
1690,133,130,0.0225564
1698,133,130,0.0225564
1705,133,130,0.0225564
1712,133,130,0.0225564
1720,133,130,0.0225564
1727,133,130,0.0225564
1734,133,130,0.0225564
1741,133,130,0.0225564
1748,133,130,0.0225564
1755,133,130,0.0225564
1762,133,130,0.0225564
1769,133,130,0.0225564
1776,133,130,0.0225564
1782,133,130,0.0225564
1789,133,130,0.0225564
1796,133,130,0.0225564
1802,133,130,0.0225564
1808,133,130,0.0225564
1815,133,130,0.0225564
1821,133,130,0.0225564
1827,133,130,0.0225564
1833,133,130,0.0225564
1840,133,130,0.0225564
1846,133,130,0.0225564
1851,133,130,0.0225564
1857,133,130,0.0225564
1863,133,130,0.0225564
1869,133,130,0.0225564
1875,133,130,0.0225564
1880,133,130,0.0225564
1886,133,130,0.0225564
1891,133,130,0.0225564
1896,133,130,0.0225564
1901,133,130,0.0225564
1906,133,130,0.0225564
1911,133,130,0.0225564
1916,133,130,0.0225564
1921,133,130,0.0225564
1925,133,130,0.0225564
1930,133,130,0.0225564
1934,133,130,0.0225564
1939,133,130,0.0225564
1943,133,130,0.0225564
1947,133,130,0.0225564
1951,133,130,0.0225564
1955,133,130,0.0225564
1959,133,130,0.0225564
1963,133,130,0.0225564
1967,133,130,0.0225564
1972,133,130,0.0225564
1976,133,130,0.0225564
1980,133,130,0.0225564
1985,133,130,0.0225564
1990,133,130,0.0225564
1994,133,130,0.0225564
1997,133,130,0.0225564
2001,133,130,0.0225564
2004,133,130,0.0225564
2008,133,130,0.0225564
2011,133,130,0.0225564
2014,133,130,0.0225564
2018,133,130,0.0225564
2021,133,130,0.0225564
2024,133,130,0.0225564
2027,133,130,0.0225564
2030,133,130,0.0225564
2033,133,130,0.0225564
2035,133,130,0.0225564
2038,133,130,0.0225564
2041,133,130,0.0225564
2043,133,130,0.0225564
2046,133,130,0.0225564
2048,133,130,0.0225564
2050,133,130,0.0225564
2052,133,130,0.0225564
2054,133,130,0.0225564
2056,133,130,0.0225564
2058,133,130,0.0225564
2060,133,130,0.0225564
2062,133,130,0.0225564
2064,133,130,0.0225564
2065,133,130,0.0225564
2067,133,130,0.0225564
2069,133,130,0.0225564
2070,133,130,0.0225564
2072,133,130,0.0225564
2073,133,130,0.0225564
2075,133,130,0.0225564
2076,133,130,0.0225564
2077,133,130,0.0225564
2078,133,130,0.0225564
2079,133,130,0.0225564
2080,133,130,0.0225564
2081,133,130,0.0225564
2081,133,130,0.0225564
2082,133,130,0.0225564
2083,133,130,0.0225564
2083,133,130,0.0225564
2084,133,130,0.0225564
2084,133,130,0.0225564
2085,133,130,0.0225564
2085,133,130,0.0225564
2086,133,130,0.0225564
2086,133,130,0.0225564
2087,133,130,0.0225564
2087,133,130,0.0225564
2088,133,130,0.0225564
2088,133,130,0.0225564
2088,133,130,0.0225564
2089,133,130,0.0225564
2089,133,130,0.0225564
2089,133,130,0.0225564
2090,133,130,0.0225564
2091,133,130,0.0225564
2091,133,130,0.0225564
2091,133,130,0.0225564
2092,133,130,0.0225564
2092,133,130,0.0225564
2093,133,130,0.0225564
2093,133,130,0.0225564
2094,133,130,0.0225564
2094,133,130,0.0225564
2095,133,130,0.0225564
2095,133,130,0.0225564
2096,133,130,0.0225564
2096,133,130,0.0225564
2097,133,130,0.0225564
2097,133,130,0.0225564
2098,133,130,0.0225564
2099,133,130,0.0225564
2099,133,130,0.0225564
2100,133,130,0.0225564
2101,133,130,0.0225564
2101,133,130,0.0225564
2102,133,130,0.0225564
2103,133,130,0.0225564
2103,133,130,0.0225564
2104,133,130,0.0225564
2104,133,130,0.0225564
2105,133,130,0.0225564
2106,133,130,0.0225564
2106,133,130,0.0225564
2107,133,130,0.0225564
2108,133,130,0.0225564
2108,133,130,0.0225564
2109,133,130,0.0225564
2110,133,130,0.0225564
2110,133,130,0.0225564
2111,133,130,0.0225564
2112,133,130,0.0225564
2112,133,130,0.0225564
2113,133,130,0.0225564
2114,133,130,0.0225564
2114,133,130,0.0225564
2115,133,130,0.0225564
2116,133,130,0.0225564
2116,133,130,0.0225564
2117,133,130,0.0225564
2117,133,130,0.0225564
2118,133,130,0.0225564
2119,133,130,0.0225564
2119,133,130,0.0225564
2120,133,130,0.0225564
2121,133,130,0.0225564
2121,133,130,0.0225564
2122,133,130,0.0225564
2123,133,130,0.0225564
2123,133,130,0.0225564
2124,133,130,0.0225564
2125,133,130,0.0225564
2126,133,130,0.0225564
2126,133,130,0.0225564
2127,133,130,0.0225564
2128,133,130,0.0225564
2128,133,130,0.0225564
2129,133,130,0.0225564
2130,133,130,0.0225564
2130,133,130,0.0225564
2131,133,130,0.0225564
2132,133,130,0.0225564
2132,133,130,0.0225564
2133,133,130,0.0225564
2134,133,130,0.0225564
2134,133,130,0.0225564
2135,133,130,0.0225564
2136,133,130,0.0225564
2137,133,130,0.0225564
2137,133,130,0.0225564
2138,133,130,0.0225564
2139,133,130,0.0225564
2140,133,130,0.0225564
2140,133,130,0.0225564
2141,133,130,0.0225564
2142,133,130,0.0225564
2143,133,130,0.0225564
2143,133,130,0.0225564
2144,133,130,0.0225564
2145,133,130,0.0225564
2145,133,130,0.0225564
2146,133,130,0.0225564
2147,133,130,0.0225564
2148,133,130,0.0225564
2149,133,130,0.0225564
2150,133,130,0.0225564
2151,133,130,0.0225564
2152,133,130,0.0225564
2153,133,130,0.0225564
2153,133,130,0.0225564
2154,133,130,0.0225564
2155,133,130,0.0225564
2156,133,130,0.0225564
2157,133,130,0.0225564
2158,133,130,0.0225564
2159,133,130,0.0225564
2160,133,130,0.0225564
2161,133,130,0.0225564
2161,133,130,0.0225564
2162,133,130,0.0225564
2163,133,130,0.0225564
2164,133,130,0.0225564
2165,133,130,0.0225564
2166,133,130,0.0225564
2167,133,130,0.0225564
2168,133,130,0.0225564
2169,133,130,0.0225564
2171,133,130,0.0225564
2172,133,130,0.0225564
2173,133,130,0.0225564
2174,133,130,0.0225564
2175,133,130,0.0225564
2176,133,130,0.0225564
2177,133,130,0.0225564
2178,133,130,0.0225564
2179,133,130,0.0225564
2180,133,130,0.0225564
2182,133,130,0.0225564
2182,133,130,0.0225564
2183,133,130,0.0225564
2184,133,130,0.0225564
2186,133,130,0.0225564
2187,133,130,0.0225564
2188,133,130,0.0225564
2189,133,130,0.0225564
2190,133,130,0.0225564
2191,133,130,0.0225564
2192,133,130,0.0225564
2193,133,130,0.0225564
2194,133,130,0.0225564
2195,133,130,0.0225564
2196,133,130,0.0225564
2197,133,130,0.0225564
2198,133,130,0.0225564
2199,133,130,0.0225564
2200,133,130,0.0225564
2201,133,130,0.0225564
2202,133,130,0.0225564
2203,133,130,0.0225564
2204,133,130,0.0225564
2205,133,130,0.0225564
2207,133,130,0.0225564
2208,133,130,0.0225564
2209,133,130,0.0225564
2210,133,130,0.0225564
2211,133,130,0.0225564
2212,133,130,0.0225564
2213,133,130,0.0225564
2214,133,130,0.0225564
2215,133,130,0.0225564
2217,133,130,0.0225564
2218,133,130,0.0225564
2219,133,130,0.0225564
2220,133,130,0.0225564
2221,133,130,0.0225564
2221,133,130,0.0225564
2222,133,130,0.0225564
2224,133,130,0.0225564
2225,133,130,0.0225564
2226,133,130,0.0225564
2227,133,130,0.0225564
2228,133,130,0.0225564
2229,133,130,0.0225564
2230,133,130,0.0225564
2231,133,130,0.0225564
2233,133,130,0.0225564
2234,133,130,0.0225564
2235,133,130,0.0225564
2236,133,130,0.0225564
2238,133,130,0.0225564
2239,133,130,0.0225564
2240,133,130,0.0225564
2241,133,130,0.0225564
2242,133,130,0.0225564
2243,133,130,0.0225564
2245,133,130,0.0225564
2246,133,130,0.0225564
2247,133,130,0.0225564
2249,133,130,0.0225564
2250,133,130,0.0225564
2251,133,130,0.0225564
2253,133,130,0.0225564
2254,133,130,0.0225564
2255,133,130,0.0225564
2257,133,130,0.0225564
2258,133,130,0.0225564
2260,133,130,0.0225564
2261,133,130,0.0225564
2262,133,130,0.0225564
2264,133,130,0.0225564
2266,133,130,0.0225564
2267,133,130,0.0225564
2269,133,130,0.0225564
2271,133,130,0.0225564
2272,133,130,0.0225564
2274,133,130,0.0225564
2276,133,130,0.0225564
2278,133,130,0.0225564
2280,133,130,0.0225564
2281,133,130,0.0225564
2283,133,130,0.0225564
2285,133,130,0.0225564
2287,133,130,0.0225564
2289,133,130,0.0225564
2291,133,130,0.0225564
2293,133,130,0.0225564
2295,133,130,0.0225564
2297,133,130,0.0225564
2299,133,130,0.0225564
2301,133,130,0.0225564
2303,133,130,0.0225564
2305,133,130,0.0225564
2307,133,130,0.0225564
2309,133,130,0.0225564
2310,133,130,0.0225564
2312,133,130,0.0225564
2314,133,130,0.0225564
2316,133,130,0.0225564
2318,133,130,0.0225564
2320,133,130,0.0225564
2323,133,130,0.0225564
2325,133,130,0.0225564
2327,133,130,0.0225564
2329,133,130,0.0225564
2331,133,130,0.0225564
2334,133,130,0.0225564
2336,133,130,0.0225564
2338,133,130,0.0225564
2340,133,130,0.0225564
2343,133,130,0.0225564
2345,133,130,0.0225564
2348,133,130,0.0225564
2350,133,130,0.0225564
2353,133,130,0.0225564
2355,133,130,0.0225564
2358,133,130,0.0225564
2362,133,130,0.0225564
2365,133,130,0.0225564
2368,133,130,0.0225564
2371,133,130,0.0225564
2373,133,130,0.0225564
2376,133,130,0.0225564
2378,133,130,0.0225564
2380,133,130,0.0225564
2383,133,130,0.0225564
2385,133,130,0.0225564
2388,133,130,0.0225564
2391,133,130,0.0225564
2394,133,130,0.0225564
2397,133,130,0.0225564
2400,133,130,0.0225564
2403,133,130,0.0225564
2405,133,130,0.0225564
2408,133,130,0.0225564
2411,133,130,0.0225564
2414,133,130,0.0225564
2417,133,130,0.0225564
2420,133,130,0.0225564
2423,133,130,0.0225564
2426,133,130,0.0225564
2429,133,130,0.0225564
2433,133,130,0.0225564
2436,133,130,0.0225564
2439,133,130,0.0225564
2442,133,130,0.0225564
2445,133,130,0.0225564
2448,133,130,0.0225564
2451,133,130,0.0225564
2453,133,130,0.0225564
2456,133,130,0.0225564
2460,133,130,0.0225564
2462,133,130,0.0225564
2465,133,130,0.0225564
2468,133,130,0.0225564
2471,133,130,0.0225564
2474,133,130,0.0225564
2477,133,130,0.0225564
2480,133,130,0.0225564
2483,133,130,0.0225564
2487,133,130,0.0225564
2490,133,130,0.0225564
2494,133,130,0.0225564
2497,133,130,0.0225564
2499,133,130,0.0225564
2502,133,130,0.0225564
2506,133,130,0.0225564
2508,133,130,0.0225564
2511,133,130,0.0225564
2514,133,130,0.0225564
2516,133,130,0.0225564
2519,133,130,0.0225564
2522,133,130,0.0225564
2525,133,130,0.0225564
2528,133,130,0.0225564
2532,133,130,0.0225564
2535,133,130,0.0225564
2539,133,130,0.0225564
2542,133,130,0.0225564
2546,133,130,0.0225564
2550,133,130,0.0225564
2555,133,130,0.0225564
2559,133,130,0.0225564
2563,133,130,0.0225564
2566,133,130,0.0225564
2569,133,130,0.0225564
2572,133,130,0.0225564
2576,133,130,0.0225564
2579,133,130,0.0225564
2582,133,130,0.0225564
2585,133,130,0.0225564
2589,133,130,0.0225564
2592,133,130,0.0225564
2596,133,130,0.0225564
2600,133,130,0.0225564
2604,133,130,0.0225564
2608,133,130,0.0225564
2611,133,130,0.0225564
2615,133,130,0.0225564
2617,133,130,0.0225564
2620,133,130,0.0225564
2624,133,130,0.0225564
2628,133,130,0.0225564
2630,133,130,0.0225564
2633,133,130,0.0225564
2636,133,130,0.0225564
2640,133,130,0.0225564
2643,133,130,0.0225564
2647,133,130,0.0225564
2649,133,130,0.0225564
2653,133,130,0.0225564
2657,133,130,0.0225564
2659,133,130,0.0225564
2662,133,130,0.0225564
2666,133,130,0.0225564
2669,133,130,0.0225564
2674,133,130,0.0225564
2678,133,130,0.0225564
2681,133,130,0.0225564
2684,133,130,0.0225564
2686,133,130,0.0225564
2689,133,130,0.0225564
2693,133,130,0.0225564
2696,133,130,0.0225564
2699,133,130,0.0225564
2703,133,130,0.0225564
2706,133,130,0.0225564
2710,133,130,0.0225564
2714,133,130,0.0225564
2717,133,130,0.0225564
2721,133,130,0.0225564
2725,133,130,0.0225564
2729,133,130,0.0225564
2733,133,130,0.0225564
2737,133,130,0.0225564
2742,133,130,0.0225564
2746,133,130,0.0225564
2750,133,130,0.0225564
2754,133,130,0.0225564
2759,133,130,0.0225564
2762,133,130,0.0225564
2766,133,130,0.0225564
2769,133,130,0.0225564
2773,133,130,0.0225564
2777,133,130,0.0225564
2781,133,130,0.0225564
2785,133,130,0.0225564
2789,133,130,0.0225564
2793,133,130,0.0225564
2797,133,130,0.0225564
2801,133,130,0.0225564
2806,133,130,0.0225564
2810,133,130,0.0225564
2815,133,130,0.0225564
2818,133,130,0.0225564
2823,133,130,0.0225564
2827,133,130,0.0225564
2830,133,130,0.0225564
2834,133,130,0.0225564
2837,133,130,0.0225564
2841,133,130,0.0225564
2846,133,130,0.0225564
2851,133,130,0.0225564
2855,133,130,0.0225564
2860,133,130,0.0225564
2862,133,130,0.0225564
2867,133,130,0.0225564
2872,133,130,0.0225564
2875,133,130,0.0225564
2880,133,130,0.0225564
2885,133,130,0.0225564
2890,133,130,0.0225564
2893,133,130,0.0225564
2899,133,130,0.0225564
2904,133,130,0.0225564
2909,133,130,0.0225564
2914,133,130,0.0225564
2919,133,130,0.0225564
2922,133,130,0.0225564
2926,133,130,0.0225564
2930,133,130,0.0225564
2935,133,130,0.0225564
2939,133,130,0.0225564
2944,133,130,0.0225564
2947,133,130,0.0225564
2951,133,130,0.0225564
2957,133,130,0.0225564
2962,133,130,0.0225564
2966,133,130,0.0225564
2970,133,130,0.0225564
2975,133,130,0.0225564
2978,133,130,0.0225564
2980,133,130,0.0225564
2980,133,130,0.0225564
2981,133,130,0.0225564
2982,133,130,0.0225564
2984,133,130,0.0225564
2988,133,130,0.0225564
2993,133,130,0.0225564
2995,133,130,0.0225564
2996,133,130,0.0225564
2996,133,130,0.0225564
2997,133,130,0.0225564
2998,133,130,0.0225564
2999,133,130,0.0225564
3000,133,130,0.0225564
3000,133,130,0.0225564
3001,133,130,0.0225564
3002,133,130,0.0225564
3003,133,130,0.0225564
3004,133,130,0.0225564
3005,133,130,0.0225564
3006,133,130,0.0225564
3006,133,130,0.0225564
3007,133,130,0.0225564
3008,133,130,0.0225564
3009,133,130,0.0225564
3010,133,130,0.0225564
3011,133,130,0.0225564
3012,133,130,0.0225564
3013,133,130,0.0225564
3014,133,130,0.0225564
3015,133,130,0.0225564
3016,133,130,0.0225564
3017,133,130,0.0225564
3018,133,130,0.0225564
3020,133,130,0.0225564
3021,133,130,0.0225564
3022,133,130,0.0225564
3023,133,130,0.0225564
3024,133,130,0.0225564
3026,133,130,0.0225564
3027,133,130,0.0225564
3028,133,130,0.0225564
3030,133,130,0.0225564
3031,133,130,0.0225564
3032,133,130,0.0225564
3034,133,130,0.0225564
3035,133,130,0.0225564
3036,133,130,0.0225564
3037,133,130,0.0225564
3040,133,130,0.0225564
3042,133,130,0.0225564
3043,133,130,0.0225564
3046,133,130,0.0225564
3048,133,130,0.0225564
3050,133,130,0.0225564
3053,133,130,0.0225564
3056,133,130,0.0225564
3059,133,130,0.0225564
3063,133,130,0.0225564
3068,133,130,0.0225564
3073,133,130,0.0225564
3077,133,130,0.0225564
3081,133,130,0.0225564
3084,133,130,0.0225564
3087,133,130,0.0225564
3090,133,130,0.0225564
3094,133,130,0.0225564
3099,133,130,0.0225564
3104,133,130,0.0225564
3106,133,130,0.0225564
3109,133,130,0.0225564
3114,133,130,0.0225564
3117,133,130,0.0225564
3120,133,130,0.0225564
3122,133,130,0.0225564
3127,133,130,0.0225564
3131,133,130,0.0225564
3135,133,130,0.0225564
3138,133,130,0.0225564
3140,133,130,0.0225564
3145,133,130,0.0225564
3150,133,130,0.0225564
3151,133,130,0.0225564
3154,133,130,0.0225564
3159,133,130,0.0225564
3163,133,130,0.0225564
3168,133,130,0.0225564
3170,133,130,0.0225564
3174,133,130,0.0225564
3177,133,130,0.0225564
3181,133,130,0.0225564
3186,133,130,0.0225564
3189,133,130,0.0225564
3193,133,130,0.0225564
3196,133,130,0.0225564
3201,133,130,0.0225564
3205,133,130,0.0225564
3208,133,130,0.0225564
3213,133,130,0.0225564
3218,133,130,0.0225564
3220,133,130,0.0225564
3224,133,130,0.0225564
3228,133,130,0.0225564
3233,133,130,0.0225564
3237,133,130,0.0225564
3241,133,130,0.0225564
3244,133,130,0.0225564
3247,133,130,0.0225564
3252,133,130,0.0225564
3257,133,130,0.0225564
3263,133,130,0.0225564
3266,133,130,0.0225564
3269,133,130,0.0225564
3274,133,130,0.0225564
3279,133,130,0.0225564
3283,133,130,0.0225564
3287,133,130,0.0225564
3291,133,130,0.0225564
3296,133,130,0.0225564
3301,133,130,0.0225564
3306,133,130,0.0225564
3310,133,130,0.0225564
3316,133,130,0.0225564
3320,133,130,0.0225564
3323,133,130,0.0225564
3326,132,130,0.0151515
3328,132,130,0.0151515
3329,132,130,0.0151515
3331,132,130,0.0151515
3333,132,130,0.0151515
3334,132,130,0.0151515
3336,132,130,0.0151515
3337,132,130,0.0151515
3338,132,130,0.0151515
3340,132,130,0.0151515
3341,132,130,0.0151515
3342,132,130,0.0151515
3343,132,130,0.0151515
3344,132,130,0.0151515
3345,132,130,0.0151515
3346,132,130,0.0151515
3347,132,130,0.0151515
3347,132,130,0.0151515
3348,132,130,0.0151515
3348,132,130,0.0151515
3349,132,130,0.0151515
3349,132,130,0.0151515
3350,132,130,0.0151515
3350,132,130,0.0151515
3350,132,130,0.0151515
3350,132,130,0.0151515
3353,132,130,0.0151515
3360,132,130,0.0151515
3369,132,130,0.0151515
3375,132,130,0.0151515
3382,132,130,0.0151515
3388,132,130,0.0151515
3394,132,130,0.0151515
3400,132,130,0.0151515
3406,132,130,0.0151515
3412,132,130,0.0151515
3418,132,130,0.0151515
3424,132,130,0.0151515
3430,132,130,0.0151515
3435,132,130,0.0151515
3441,132,130,0.0151515
3446,132,130,0.0151515
3452,132,130,0.0151515
3457,132,130,0.0151515
3462,132,130,0.0151515
3468,132,130,0.0151515
3473,132,130,0.0151515
3478,132,130,0.0151515
3482,132,130,0.0151515
3487,132,130,0.0151515
3492,132,130,0.0151515
3496,132,130,0.0151515
3500,132,130,0.0151515
3504,132,130,0.0151515
3509,132,130,0.0151515
3513,132,130,0.0151515
3517,132,130,0.0151515
3521,132,130,0.0151515
3525,132,130,0.0151515
3529,132,130,0.0151515
3533,132,130,0.0151515
3537,132,130,0.0151515
3541,132,130,0.0151515
3544,132,130,0.0151515
3548,132,130,0.0151515
3552,132,130,0.0151515
3555,132,130,0.0151515
3559,132,130,0.0151515
3563,132,130,0.0151515
3566,132,130,0.0151515
3570,132,130,0.0151515
3573,132,130,0.0151515
3577,132,130,0.0151515
3581,132,130,0.0151515
3586,132,130,0.0151515
3590,132,130,0.0151515
3593,132,130,0.0151515
3596,132,130,0.0151515
3599,132,130,0.0151515
3601,132,130,0.0151515
3604,132,130,0.0151515
3607,132,130,0.0151515
3609,132,130,0.0151515
3611,132,130,0.0151515
3614,132,130,0.0151515
3616,132,130,0.0151515
3618,132,130,0.0151515
3620,132,130,0.0151515
3622,132,130,0.0151515
3624,132,130,0.0151515
3626,132,130,0.0151515
3628,132,130,0.0151515
3629,132,130,0.0151515
3631,132,130,0.0151515
3633,132,130,0.0151515
3634,132,130,0.0151515
3636,132,130,0.0151515
3637,132,130,0.0151515
3639,132,130,0.0151515
3640,132,130,0.0151515
3641,132,130,0.0151515
3642,132,130,0.0151515
3643,132,130,0.0151515
3644,132,130,0.0151515
3645,132,130,0.0151515
3646,132,130,0.0151515
3647,132,130,0.0151515
3647,132,130,0.0151515
3648,132,130,0.0151515
3649,132,130,0.0151515
3649,132,130,0.0151515
3650,132,130,0.0151515
3651,132,130,0.0151515
3651,132,130,0.0151515
3651,132,130,0.0151515
3651,132,130,0.0151515
3651,132,130,0.0151515
3651,132,130,0.0151515
3652,132,130,0.0151515
3652,132,130,0.0151515
3652,132,130,0.0151515
3652,132,130,0.0151515
3653,132,130,0.0151515
3653,132,130,0.0151515
3653,132,130,0.0151515
3654,132,130,0.0151515
3654,132,130,0.0151515
3655,132,130,0.0151515
3655,132,130,0.0151515
3655,132,130,0.0151515
3656,132,130,0.0151515
3656,132,130,0.0151515
3656,132,130,0.0151515
3657,132,130,0.0151515
3657,132,130,0.0151515
3658,132,130,0.0151515
3658,132,130,0.0151515
3658,132,130,0.0151515
3659,132,130,0.0151515
3659,132,130,0.0151515
3659,132,130,0.0151515
3660,132,130,0.0151515
3660,132,130,0.0151515
3661,132,130,0.0151515
3661,132,130,0.0151515
3661,132,130,0.0151515
3662,132,130,0.0151515
3662,132,130,0.0151515
3662,132,130,0.0151515
3663,132,130,0.0151515
3663,132,130,0.0151515
3664,132,130,0.0151515
3664,132,130,0.0151515
3664,132,130,0.0151515
3665,132,130,0.0151515
3665,132,130,0.0151515
3666,132,130,0.0151515
3666,132,130,0.0151515
3666,132,130,0.0151515
3667,132,130,0.0151515
3667,132,130,0.0151515
3668,132,130,0.0151515
3668,132,130,0.0151515
3669,132,130,0.0151515
3669,132,130,0.0151515
3669,132,130,0.0151515
3670,132,130,0.0151515
3670,132,130,0.0151515
3671,132,130,0.0151515
3671,132,130,0.0151515
3672,132,130,0.0151515
3672,132,130,0.0151515
3673,132,130,0.0151515
3673,132,130,0.0151515
3673,132,130,0.0151515
3674,132,130,0.0151515
3674,132,130,0.0151515
3675,132,130,0.0151515
3675,132,130,0.0151515
3676,132,130,0.0151515
3676,132,130,0.0151515
3676,132,130,0.0151515
3677,132,130,0.0151515
3677,132,130,0.0151515
3678,132,130,0.0151515
3678,132,130,0.0151515
3679,132,130,0.0151515
3679,132,130,0.0151515
3680,132,130,0.0151515
3680,132,130,0.0151515
3680,132,130,0.0151515
3681,132,130,0.0151515
3681,132,130,0.0151515
3682,132,130,0.0151515
3682,132,130,0.0151515
3683,132,130,0.0151515
3683,132,130,0.0151515
3684,132,130,0.0151515
3684,132,130,0.0151515
3685,132,130,0.0151515
3685,132,130,0.0151515
3685,132,130,0.0151515
3686,132,130,0.0151515
3686,132,130,0.0151515
3687,132,130,0.0151515
3687,132,130,0.0151515
3688,132,130,0.0151515
3688,132,130,0.0151515
3688,132,130,0.0151515
3689,132,130,0.0151515
3689,132,130,0.0151515
3690,132,130,0.0151515
3690,132,130,0.0151515
3691,132,130,0.0151515
3691,132,130,0.0151515
3692,132,130,0.0151515
3692,132,130,0.0151515
3692,132,130,0.0151515
3693,132,130,0.0151515
3693,132,130,0.0151515
3694,132,130,0.0151515
3694,132,130,0.0151515
3695,132,130,0.0151515
3695,132,130,0.0151515
3695,132,130,0.0151515
3696,132,130,0.0151515
3696,132,130,0.0151515
3697,132,130,0.0151515
3697,132,130,0.0151515
3697,132,130,0.0151515
3698,132,130,0.0151515
3698,132,130,0.0151515
3699,132,130,0.0151515
3699,132,130,0.0151515
3700,132,130,0.0151515
3700,132,130,0.0151515
3701,132,130,0.0151515
3701,132,130,0.0151515
3701,132,130,0.0151515
3702,132,130,0.0151515
3702,132,130,0.0151515
3703,132,130,0.0151515
3703,132,130,0.0151515
3704,132,130,0.0151515
3704,132,130,0.0151515
3704,132,130,0.0151515
3705,132,130,0.0151515
3705,132,130,0.0151515
3706,132,130,0.0151515
3706,132,130,0.0151515
3707,132,130,0.0151515
3707,132,130,0.0151515
3708,132,130,0.0151515
3708,132,130,0.0151515
3708,132,130,0.0151515
3709,132,130,0.0151515
3709,132,130,0.0151515
3710,132,130,0.0151515
3710,132,130,0.0151515
3711,132,130,0.0151515
3711,132,130,0.0151515
3711,132,130,0.0151515
3712,132,130,0.0151515
3713,132,130,0.0151515
3713,132,130,0.0151515
3714,132,130,0.0151515
3714,132,130,0.0151515
3715,132,130,0.0151515
3715,132,130,0.0151515
3716,132,130,0.0151515
3716,132,130,0.0151515
3716,132,130,0.0151515
3717,132,130,0.0151515
3717,132,130,0.0151515
3718,132,130,0.0151515
3718,132,130,0.0151515
3719,132,130,0.0151515
3719,132,130,0.0151515
3720,132,130,0.0151515
3720,132,130,0.0151515
3721,132,130,0.0151515
3721,132,130,0.0151515
3721,132,130,0.0151515
3722,132,130,0.0151515
3722,132,130,0.0151515
3723,132,130,0.0151515
3723,132,130,0.0151515
3724,132,130,0.0151515
3724,132,130,0.0151515
3724,132,130,0.0151515
3725,132,130,0.0151515
3725,132,130,0.0151515
3726,132,130,0.0151515
3726,132,130,0.0151515
3727,132,130,0.0151515
3727,132,130,0.0151515
3728,132,130,0.0151515
3728,132,130,0.0151515
3729,132,130,0.0151515
3729,132,130,0.0151515
3730,132,130,0.0151515
3730,132,130,0.0151515
3731,132,130,0.0151515
3731,132,130,0.0151515
3731,132,130,0.0151515
3732,132,130,0.0151515
3732,132,130,0.0151515
3733,132,130,0.0151515
3733,132,130,0.0151515
3734,132,130,0.0151515
3734,132,130,0.0151515
3734,132,130,0.0151515
3735,132,130,0.0151515
3735,132,130,0.0151515
3736,132,130,0.0151515
3736,132,130,0.0151515
3737,132,130,0.0151515
3737,132,130,0.0151515
3738,132,130,0.0151515
3738,132,130,0.0151515
3738,132,130,0.0151515
3739,132,130,0.0151515
3739,132,130,0.0151515
3740,132,130,0.0151515
3740,132,130,0.0151515
3741,132,130,0.0151515
3741,132,130,0.0151515
3742,132,130,0.0151515
3742,132,130,0.0151515
3743,132,130,0.0151515
3743,132,130,0.0151515
3743,132,130,0.0151515
3744,132,130,0.0151515
3744,132,130,0.0151515
3745,132,130,0.0151515
3745,132,130,0.0151515
3745,132,130,0.0151515
3746,132,130,0.0151515
3746,132,130,0.0151515
3747,132,130,0.0151515
3747,132,130,0.0151515
3748,132,130,0.0151515
3748,132,130,0.0151515
3749,132,130,0.0151515
3749,132,130,0.0151515
3750,132,130,0.0151515
3750,132,130,0.0151515
3750,132,130,0.0151515
3751,132,130,0.0151515
3751,132,130,0.0151515
3752,132,130,0.0151515
3752,132,130,0.0151515
3753,132,130,0.0151515
3753,132,130,0.0151515
3754,132,130,0.0151515
3754,132,130,0.0151515
3754,132,130,0.0151515
3755,132,130,0.0151515
3755,132,130,0.0151515
3756,132,130,0.0151515
3756,132,130,0.0151515
3757,132,130,0.0151515
3757,132,130,0.0151515
3758,132,130,0.0151515
3758,132,130,0.0151515
3758,132,130,0.0151515
3759,132,130,0.0151515
3759,132,130,0.0151515
3760,132,130,0.0151515
3760,132,130,0.0151515
3761,132,130,0.0151515
3761,132,130,0.0151515
3761,132,130,0.0151515
3762,132,130,0.0151515
3762,132,130,0.0151515
3763,132,130,0.0151515
3763,132,130,0.0151515
3763,132,130,0.0151515
3764,132,130,0.0151515
3764,132,130,0.0151515
3765,132,130,0.0151515
3765,132,130,0.0151515
3766,132,130,0.0151515
3766,132,130,0.0151515
3767,132,130,0.0151515
3767,132,130,0.0151515
3768,132,130,0.0151515
3768,132,130,0.0151515
3768,132,130,0.0151515
3769,132,130,0.0151515
3769,132,130,0.0151515
3770,132,130,0.0151515
3770,132,130,0.0151515
3771,132,130,0.0151515
3771,132,130,0.0151515
3771,132,130,0.0151515
3772,132,130,0.0151515
3772,132,130,0.0151515
3773,132,130,0.0151515
3773,132,130,0.0151515
3774,132,130,0.0151515
3774,132,130,0.0151515
3774,132,130,0.0151515
3775,132,130,0.0151515
3775,132,130,0.0151515
3776,132,130,0.0151515
3776,132,130,0.0151515
3777,132,130,0.0151515
3777,132,130,0.0151515
3777,132,130,0.0151515
3778,132,130,0.0151515
3778,132,130,0.0151515
3779,132,130,0.0151515
3779,132,130,0.0151515
3780,132,130,0.0151515
3780,132,130,0.0151515
3780,132,130,0.0151515
3781,132,130,0.0151515
3781,132,130,0.0151515
3782,132,130,0.0151515
3782,132,130,0.0151515
3783,132,130,0.0151515
3783,132,130,0.0151515
3783,132,130,0.0151515
3784,132,130,0.0151515
3784,132,130,0.0151515
3785,132,130,0.0151515
3785,132,130,0.0151515
3786,132,130,0.0151515
3786,132,130,0.0151515
3786,132,130,0.0151515
3787,132,130,0.0151515
3787,132,130,0.0151515
3788,132,130,0.0151515
3788,132,130,0.0151515
3789,132,130,0.0151515
3789,132,130,0.0151515
3790,132,130,0.0151515
3790,132,130,0.0151515
3790,132,130,0.0151515
3791,132,130,0.0151515
3791,132,130,0.0151515
3792,132,130,0.0151515
3792,132,130,0.0151515
3793,132,130,0.0151515
3793,132,130,0.0151515
3794,132,130,0.0151515
3794,132,130,0.0151515
3794,132,130,0.0151515
3795,132,130,0.0151515
3795,132,130,0.0151515
3796,132,130,0.0151515
3796,132,130,0.0151515
3797,132,130,0.0151515
3797,132,130,0.0151515
3797,132,130,0.0151515
3798,132,130,0.0151515
3798,132,130,0.0151515
3799,132,130,0.0151515
3799,132,130,0.0151515
3800,132,130,0.0151515
3800,132,130,0.0151515
3801,132,130,0.0151515
3801,132,130,0.0151515
3802,132,130,0.0151515
3802,132,130,0.0151515
3802,132,130,0.0151515
3803,132,130,0.0151515
3803,132,130,0.0151515
3804,132,130,0.0151515
3804,132,130,0.0151515
3804,132,130,0.0151515
3805,132,130,0.0151515
3805,132,130,0.0151515
3806,132,130,0.0151515
3806,132,130,0.0151515
3806,132,130,0.0151515
3807,132,130,0.0151515
3807,132,130,0.0151515
3808,132,130,0.0151515
3808,132,130,0.0151515
3809,132,130,0.0151515
3809,132,130,0.0151515
3810,132,130,0.0151515
3810,132,130,0.0151515
3810,132,130,0.0151515
3811,132,130,0.0151515
3811,132,130,0.0151515
3812,132,130,0.0151515
3812,132,130,0.0151515
3813,132,130,0.0151515
3813,132,130,0.0151515
3814,132,130,0.0151515
3814,132,130,0.0151515
3815,132,130,0.0151515
3815,132,130,0.0151515
3816,132,130,0.0151515
3816,132,130,0.0151515
3817,132,130,0.0151515
3817,132,130,0.0151515
3818,132,130,0.0151515
3819,132,130,0.0151515
3819,132,130,0.0151515
3820,132,130,0.0151515
3820,132,130,0.0151515
3821,132,130,0.0151515
3821,132,130,0.0151515
3822,132,130,0.0151515
3822,132,130,0.0151515
3823,132,130,0.0151515
3823,132,130,0.0151515
3824,132,130,0.0151515
3825,132,130,0.0151515
3825,132,130,0.0151515
3826,132,130,0.0151515
3826,132,130,0.0151515
3827,132,130,0.0151515
3827,132,130,0.0151515
3828,132,130,0.0151515
3828,132,130,0.0151515
3829,132,130,0.0151515
3829,132,130,0.0151515
3830,132,130,0.0151515
3831,132,130,0.0151515
3831,132,130,0.0151515
3832,132,130,0.0151515
3832,132,130,0.0151515
3833,132,130,0.0151515
3833,132,130,0.0151515
3834,132,130,0.0151515
3835,132,130,0.0151515
3835,132,130,0.0151515
3836,132,130,0.0151515
3836,132,130,0.0151515
3837,132,130,0.0151515
3837,132,130,0.0151515
3838,132,130,0.0151515
3839,132,130,0.0151515
3839,132,130,0.0151515
3840,132,130,0.0151515
3840,132,130,0.0151515
3841,132,130,0.0151515
3841,132,130,0.0151515
3842,132,130,0.0151515
3843,132,130,0.0151515
3843,132,130,0.0151515
3844,132,130,0.0151515
3844,132,130,0.0151515
3845,132,130,0.0151515
3845,132,130,0.0151515
3846,132,130,0.0151515
3847,132,130,0.0151515
3847,132,130,0.0151515
3848,132,130,0.0151515
3848,132,130,0.0151515
3849,132,130,0.0151515
3850,132,130,0.0151515
3850,132,130,0.0151515
3851,132,130,0.0151515
3851,132,130,0.0151515
3852,132,130,0.0151515
3852,132,130,0.0151515
3853,132,130,0.0151515
3854,132,130,0.0151515
3854,132,130,0.0151515
3855,132,130,0.0151515
3855,132,130,0.0151515
3856,132,130,0.0151515
3856,132,130,0.0151515
3857,132,130,0.0151515
3857,132,130,0.0151515
3858,132,130,0.0151515
3858,132,130,0.0151515
3859,132,130,0.0151515
3859,132,130,0.0151515
3860,132,130,0.0151515
3861,132,130,0.0151515
3861,132,130,0.0151515
3862,132,130,0.0151515
3862,132,130,0.0151515
3863,132,130,0.0151515
3863,132,130,0.0151515
3864,132,130,0.0151515
3864,132,130,0.0151515
3865,132,130,0.0151515
3865,132,130,0.0151515
3866,132,130,0.0151515
3867,132,130,0.0151515
3867,132,130,0.0151515
3868,132,130,0.0151515
3868,132,130,0.0151515
3869,132,130,0.0151515
3870,132,130,0.0151515
3870,132,130,0.0151515
3871,132,130,0.0151515
3871,132,130,0.0151515
3872,132,130,0.0151515
3872,132,130,0.0151515
3873,132,130,0.0151515
3874,132,130,0.0151515
3874,132,130,0.0151515
3875,132,130,0.0151515
3876,132,130,0.0151515
3876,132,130,0.0151515
3877,132,130,0.0151515
3878,132,130,0.0151515
3878,132,130,0.0151515
3879,132,130,0.0151515
3880,132,130,0.0151515
3880,132,130,0.0151515
3881,132,130,0.0151515
3882,132,130,0.0151515
3882,132,130,0.0151515
3883,132,130,0.0151515
3883,132,130,0.0151515
3884,132,130,0.0151515
3884,132,130,0.0151515
3885,132,130,0.0151515
3886,132,130,0.0151515
3886,132,130,0.0151515
3887,132,130,0.0151515
3887,132,130,0.0151515
3888,132,130,0.0151515
3889,132,130,0.0151515
3889,132,130,0.0151515
3890,132,130,0.0151515
3890,132,130,0.0151515
3891,132,130,0.0151515
3892,132,130,0.0151515
3892,132,130,0.0151515
3893,132,130,0.0151515
3894,132,130,0.0151515
3895,132,130,0.0151515
3895,132,130,0.0151515
3896,132,130,0.0151515
3896,132,130,0.0151515
3897,132,130,0.0151515
3898,132,130,0.0151515
3898,132,130,0.0151515
3899,132,130,0.0151515
3900,132,130,0.0151515
3900,132,130,0.0151515
3901,132,130,0.0151515
3902,132,130,0.0151515
3902,132,130,0.0151515
3903,132,130,0.0151515
3903,132,130,0.0151515
3904,132,130,0.0151515
3905,132,130,0.0151515
3905,132,130,0.0151515
3906,132,130,0.0151515
3906,132,130,0.0151515
3907,132,130,0.0151515
3908,132,130,0.0151515
3908,132,130,0.0151515
3909,132,130,0.0151515
3910,132,130,0.0151515
3910,132,130,0.0151515
3911,132,130,0.0151515
3911,132,130,0.0151515
3912,132,130,0.0151515
3913,132,130,0.0151515
3913,132,130,0.0151515
3914,132,130,0.0151515
3914,132,130,0.0151515
3915,132,130,0.0151515
3915,132,130,0.0151515
3916,132,130,0.0151515
3917,132,130,0.0151515
3917,132,130,0.0151515
3918,132,130,0.0151515
3918,132,130,0.0151515
3919,132,130,0.0151515
3920,132,130,0.0151515
3920,132,130,0.0151515
3921,132,130,0.0151515
3921,132,130,0.0151515
3922,132,130,0.0151515
3923,132,130,0.0151515
3923,132,130,0.0151515
3924,132,130,0.0151515
3924,132,130,0.0151515
3925,132,130,0.0151515
3926,132,130,0.0151515
3926,132,130,0.0151515
3927,132,130,0.0151515
3927,132,130,0.0151515
3928,132,130,0.0151515
3928,132,130,0.0151515
3929,132,130,0.0151515
3929,132,130,0.0151515
3930,132,130,0.0151515
3931,132,130,0.0151515
3931,132,130,0.0151515
3932,132,130,0.0151515
3932,132,130,0.0151515
3933,132,130,0.0151515
3933,132,130,0.0151515
3934,132,130,0.0151515
3935,132,130,0.0151515
3935,132,130,0.0151515
3936,132,130,0.0151515
3936,132,130,0.0151515
3937,132,130,0.0151515
3938,132,130,0.0151515
3938,132,130,0.0151515
3939,132,130,0.0151515
3939,132,130,0.0151515
3940,132,130,0.0151515
3941,132,130,0.0151515
3941,132,130,0.0151515
3942,132,130,0.0151515
3942,132,130,0.0151515
3943,132,130,0.0151515
3944,132,130,0.0151515
3944,132,130,0.0151515
3945,132,130,0.0151515
3945,132,130,0.0151515
3946,132,130,0.0151515
3946,132,130,0.0151515
3947,132,130,0.0151515
3948,132,130,0.0151515
3948,132,130,0.0151515
3949,132,130,0.0151515
3949,132,130,0.0151515
3950,132,130,0.0151515
3951,132,130,0.0151515
3951,132,130,0.0151515
3952,132,130,0.0151515
3952,132,130,0.0151515
3953,132,130,0.0151515
3954,132,130,0.0151515
3954,132,130,0.0151515
3955,132,130,0.0151515
3956,132,130,0.0151515
3956,132,130,0.0151515
3957,132,130,0.0151515
3958,132,130,0.0151515
3958,132,130,0.0151515
3959,132,130,0.0151515
3959,132,130,0.0151515
3960,132,130,0.0151515
3961,132,130,0.0151515
3961,132,130,0.0151515
3962,132,130,0.0151515
3962,132,130,0.0151515
3963,132,130,0.0151515
3964,132,130,0.0151515
3964,132,130,0.0151515
3965,132,130,0.0151515
3966,132,130,0.0151515
3966,132,130,0.0151515
3967,132,130,0.0151515
3967,132,130,0.0151515
3968,132,130,0.0151515
3969,132,130,0.0151515
3969,132,130,0.0151515
3970,132,130,0.0151515
3971,132,130,0.0151515
3971,132,130,0.0151515
3972,132,130,0.0151515
3972,132,130,0.0151515
3973,132,130,0.0151515
3974,132,130,0.0151515
3974,132,130,0.0151515
3975,132,130,0.0151515
3976,132,130,0.0151515
3976,132,130,0.0151515
3977,132,130,0.0151515
3978,132,130,0.0151515
3978,132,130,0.0151515
3979,132,130,0.0151515
3980,132,130,0.0151515
3980,132,130,0.0151515
3981,132,130,0.0151515
3982,132,130,0.0151515
3983,132,130,0.0151515
3983,132,130,0.0151515
3984,132,130,0.0151515
3985,132,130,0.0151515
3985,132,130,0.0151515
3986,132,130,0.0151515
3987,132,130,0.0151515
3987,132,130,0.0151515
3988,132,130,0.0151515
3989,132,130,0.0151515
3990,132,130,0.0151515
3990,132,130,0.0151515
3991,132,130,0.0151515
3992,132,130,0.0151515
3992,132,130,0.0151515
3993,132,130,0.0151515
3994,132,130,0.0151515
3994,132,130,0.0151515
3995,132,130,0.0151515
3996,132,130,0.0151515
3997,132,130,0.0151515
3997,132,130,0.0151515
3998,132,130,0.0151515
3999,132,130,0.0151515
3999,132,130,0.0151515
4000,132,130,0.0151515
4001,132,130,0.0151515
4002,132,130,0.0151515
4002,132,130,0.0151515
4003,132,130,0.0151515
4004,132,130,0.0151515
4005,132,130,0.0151515
4005,132,130,0.0151515
4006,132,130,0.0151515
4007,132,130,0.0151515
4007,132,130,0.0151515
4008,132,130,0.0151515
4009,132,130,0.0151515
4010,132,130,0.0151515
4010,132,130,0.0151515
4011,132,130,0.0151515
4012,132,130,0.0151515
4013,132,130,0.0151515
4013,132,130,0.0151515
4014,132,130,0.0151515
4015,132,130,0.0151515
4016,132,130,0.0151515
4016,132,130,0.0151515
4017,132,130,0.0151515
4018,132,130,0.0151515
4019,132,130,0.0151515
4019,132,130,0.0151515
4020,132,130,0.0151515
4021,132,130,0.0151515
4022,132,130,0.0151515
4022,132,130,0.0151515
4023,132,130,0.0151515
4024,132,130,0.0151515
4025,132,130,0.0151515
4026,132,130,0.0151515
4027,132,130,0.0151515
4027,132,130,0.0151515
4028,132,130,0.0151515
4029,132,130,0.0151515
4030,132,130,0.0151515
4030,132,130,0.0151515
4031,132,130,0.0151515
4032,132,130,0.0151515
4033,132,130,0.0151515
4033,132,130,0.0151515
4034,132,130,0.0151515
4035,132,130,0.0151515
4036,132,130,0.0151515
4036,132,130,0.0151515
4037,132,130,0.0151515
4038,132,130,0.0151515
4039,132,130,0.0151515
4040,132,130,0.0151515
4040,132,130,0.0151515
4041,132,130,0.0151515
4042,132,130,0.0151515
4043,132,130,0.0151515
4043,132,130,0.0151515
4044,132,130,0.0151515
4045,132,130,0.0151515
4046,132,130,0.0151515
4046,132,130,0.0151515
4047,132,130,0.0151515
4048,132,130,0.0151515
4049,132,130,0.0151515
4050,132,130,0.0151515
4050,132,130,0.0151515
4051,132,130,0.0151515
4052,132,130,0.0151515
4053,132,130,0.0151515
4053,132,130,0.0151515
4054,132,130,0.0151515
4055,132,130,0.0151515
4056,132,130,0.0151515
4056,132,130,0.0151515
4057,132,130,0.0151515
4058,132,130,0.0151515
4059,132,130,0.0151515
4060,132,130,0.0151515
4060,132,130,0.0151515
4061,132,130,0.0151515
4062,132,130,0.0151515
4063,132,130,0.0151515
4063,132,130,0.0151515
4064,132,130,0.0151515
4065,132,130,0.0151515
4066,132,130,0.0151515
4066,132,130,0.0151515
4067,132,130,0.0151515
4068,132,130,0.0151515
4069,132,130,0.0151515
4070,132,130,0.0151515
4070,132,130,0.0151515
4071,132,130,0.0151515
4072,132,130,0.0151515
4073,132,130,0.0151515
4073,132,130,0.0151515
4074,132,130,0.0151515
4075,132,130,0.0151515
4076,132,130,0.0151515
4077,132,130,0.0151515
4077,132,130,0.0151515
4078,132,130,0.0151515
4079,132,130,0.0151515
4080,132,130,0.0151515
4081,132,130,0.0151515
4081,132,130,0.0151515
4082,132,130,0.0151515
4083,132,130,0.0151515
4084,132,130,0.0151515
4085,132,130,0.0151515
4086,132,130,0.0151515
4086,132,130,0.0151515
4087,132,130,0.0151515
4088,132,130,0.0151515
4089,132,130,0.0151515
4090,132,130,0.0151515
4090,132,130,0.0151515
4091,132,130,0.0151515
4092,132,130,0.0151515
4093,132,130,0.0151515
4094,132,130,0.0151515
4094,132,130,0.0151515
4095,132,130,0.0151515
4096,132,130,0.0151515
4097,132,130,0.0151515
4098,132,130,0.0151515
4098,132,130,0.0151515
4099,132,130,0.0151515
4100,132,130,0.0151515
4101,132,130,0.0151515
4102,132,130,0.0151515
4102,132,130,0.0151515
4103,132,130,0.0151515
4104,132,130,0.0151515
4105,132,130,0.0151515
4105,132,130,0.0151515
4106,132,130,0.0151515
4107,132,130,0.0151515
4108,132,130,0.0151515
4109,132,130,0.0151515
4109,132,130,0.0151515
4110,132,130,0.0151515
4111,132,130,0.0151515
4112,132,130,0.0151515
4113,132,130,0.0151515
4114,132,130,0.0151515
4114,132,130,0.0151515
4115,132,130,0.0151515
4116,132,130,0.0151515
4117,132,130,0.0151515
4117,132,130,0.0151515
4118,132,130,0.0151515
4119,132,130,0.0151515
4120,132,130,0.0151515
4121,132,130,0.0151515
4122,132,130,0.0151515
4122,132,130,0.0151515
4123,132,130,0.0151515
4124,132,130,0.0151515
4125,132,130,0.0151515
4126,132,130,0.0151515
4127,132,130,0.0151515
4128,132,130,0.0151515
4128,132,130,0.0151515
4129,132,130,0.0151515
4130,132,130,0.0151515
4131,132,130,0.0151515
4131,132,130,0.0151515
4132,132,130,0.0151515
4133,132,130,0.0151515
4134,132,130,0.0151515
4135,132,130,0.0151515
4135,132,130,0.0151515
4136,132,130,0.0151515
4137,132,130,0.0151515
4138,132,130,0.0151515
4138,132,130,0.0151515
4139,132,130,0.0151515
4140,132,130,0.0151515
4141,132,130,0.0151515
4142,132,130,0.0151515
4143,132,130,0.0151515
4143,132,130,0.0151515
4144,132,130,0.0151515
4145,132,130,0.0151515
4146,132,130,0.0151515
4147,132,130,0.0151515
4147,132,130,0.0151515
4148,132,130,0.0151515
4149,132,130,0.0151515
4150,132,130,0.0151515
4151,132,130,0.0151515
4151,132,130,0.0151515
4153,132,130,0.0151515
4153,132,130,0.0151515
4154,132,130,0.0151515
4155,132,130,0.0151515
4156,132,130,0.0151515
4156,132,130,0.0151515
4157,132,130,0.0151515
4158,132,130,0.0151515
4159,132,130,0.0151515
4160,132,130,0.0151515
4161,132,130,0.0151515
4161,132,130,0.0151515
4162,132,130,0.0151515
4163,132,130,0.0151515
4164,132,130,0.0151515
4165,132,130,0.0151515
4165,132,130,0.0151515
4167,132,130,0.0151515
4167,132,130,0.0151515
4168,132,130,0.0151515
4169,132,130,0.0151515
4170,132,130,0.0151515
4171,132,130,0.0151515
4172,132,130,0.0151515
4173,132,130,0.0151515
4173,132,130,0.0151515
4174,132,130,0.0151515
4175,132,130,0.0151515
4176,132,130,0.0151515
4177,132,130,0.0151515
4178,132,130,0.0151515
4179,132,130,0.0151515
4180,132,130,0.0151515
4180,132,130,0.0151515
4181,132,130,0.0151515
4182,132,130,0.0151515
4183,132,130,0.0151515
4184,132,130,0.0151515
4185,132,130,0.0151515
4186,132,130,0.0151515
4187,132,130,0.0151515
4187,132,130,0.0151515
4188,132,130,0.0151515
4189,132,130,0.0151515
4190,132,130,0.0151515
4191,132,130,0.0151515
4192,132,130,0.0151515
4193,132,130,0.0151515
4194,132,130,0.0151515
4194,132,130,0.0151515
4195,132,130,0.0151515
4196,132,130,0.0151515
4197,132,130,0.0151515
4198,132,130,0.0151515
4199,132,130,0.0151515
4200,132,130,0.0151515
4200,132,130,0.0151515
4202,132,130,0.0151515
4203,132,130,0.0151515
4203,132,130,0.0151515
4204,132,130,0.0151515
4205,132,130,0.0151515
4206,132,130,0.0151515
4207,132,130,0.0151515
4208,132,130,0.0151515
4209,132,130,0.0151515
4210,132,130,0.0151515
4211,132,130,0.0151515
4211,132,130,0.0151515
4212,132,130,0.0151515
4213,132,130,0.0151515
4214,132,130,0.0151515
4215,132,130,0.0151515
4216,132,130,0.0151515
4217,132,130,0.0151515
4217,132,130,0.0151515
4218,132,130,0.0151515
4219,132,130,0.0151515
4220,132,130,0.0151515
4221,132,130,0.0151515
4222,132,130,0.0151515
4223,132,130,0.0151515
4224,132,130,0.0151515
4225,132,130,0.0151515
4226,132,130,0.0151515
4227,132,130,0.0151515
4227,132,130,0.0151515
4228,132,130,0.0151515
4229,132,130,0.0151515
4230,132,130,0.0151515
4231,132,130,0.0151515
4232,132,130,0.0151515
4233,132,130,0.0151515
4234,132,130,0.0151515
4235,132,130,0.0151515
4235,132,130,0.0151515
4236,132,130,0.0151515
4237,132,130,0.0151515
4238,132,130,0.0151515
4239,132,130,0.0151515
4240,132,130,0.0151515
4241,132,130,0.0151515
4242,132,130,0.0151515
4243,132,130,0.0151515
4244,132,130,0.0151515
4245,132,130,0.0151515
4246,132,130,0.0151515
4247,132,130,0.0151515
4248,132,130,0.0151515
4249,132,130,0.0151515
4250,132,130,0.0151515
4251,132,130,0.0151515
4252,132,130,0.0151515
4253,132,130,0.0151515
4253,132,130,0.0151515
4254,132,130,0.0151515
4255,132,130,0.0151515
4256,132,130,0.0151515
4257,132,130,0.0151515
4258,132,130,0.0151515
4259,132,130,0.0151515
4260,132,130,0.0151515
4261,132,130,0.0151515
4262,132,130,0.0151515
4262,132,130,0.0151515
4263,132,130,0.0151515
4264,132,130,0.0151515
4265,132,130,0.0151515
4266,132,130,0.0151515
4267,132,130,0.0151515
4268,132,130,0.0151515
4269,132,130,0.0151515
4270,132,130,0.0151515
4271,132,130,0.0151515
4272,132,130,0.0151515
4272,132,130,0.0151515
4273,132,130,0.0151515
4274,132,130,0.0151515
4275,132,130,0.0151515
4276,132,130,0.0151515
4277,132,130,0.0151515
4278,132,130,0.0151515
4279,132,130,0.0151515
4280,132,130,0.0151515
4281,132,130,0.0151515
4282,132,130,0.0151515
4282,132,130,0.0151515
4283,132,130,0.0151515
4284,132,130,0.0151515
4285,132,130,0.0151515
4286,132,130,0.0151515
4287,132,130,0.0151515
4288,132,130,0.0151515
4289,132,130,0.0151515
4290,132,130,0.0151515
4291,132,130,0.0151515
4291,132,130,0.0151515
4292,132,130,0.0151515
4293,132,130,0.0151515
4294,132,130,0.0151515
4295,132,130,0.0151515
4296,132,130,0.0151515
4297,132,130,0.0151515
4298,132,130,0.0151515
4298,132,130,0.0151515
4299,132,130,0.0151515
4300,132,130,0.0151515
4301,132,130,0.0151515
4302,132,130,0.0151515
4303,132,130,0.0151515
4304,132,130,0.0151515
4305,132,130,0.0151515
4305,132,130,0.0151515
4306,132,130,0.0151515
4307,132,130,0.0151515
4308,132,130,0.0151515
4309,132,130,0.0151515
4310,132,130,0.0151515
4311,132,130,0.0151515
4312,132,130,0.0151515
4312,132,130,0.0151515
4313,132,130,0.0151515
4314,132,130,0.0151515
4315,132,130,0.0151515
4316,132,130,0.0151515
4317,132,130,0.0151515
4318,132,130,0.0151515
4319,132,130,0.0151515
4319,132,130,0.0151515
4320,132,130,0.0151515
4321,132,130,0.0151515
4322,132,130,0.0151515
4323,132,130,0.0151515
4324,132,130,0.0151515
4324,132,130,0.0151515
4325,132,130,0.0151515
4326,132,130,0.0151515
4327,132,130,0.0151515
4328,132,130,0.0151515
4329,132,130,0.0151515
4330,132,130,0.0151515
4331,132,130,0.0151515
4331,132,130,0.0151515
4332,132,130,0.0151515
4333,132,130,0.0151515
4334,132,130,0.0151515
4335,132,130,0.0151515
4335,132,130,0.0151515
4336,132,130,0.0151515
4337,132,130,0.0151515
4338,132,130,0.0151515
4339,132,130,0.0151515
4340,132,130,0.0151515
4341,132,130,0.0151515
4341,132,130,0.0151515
4342,132,130,0.0151515
4343,132,130,0.0151515
4344,132,130,0.0151515
4345,132,130,0.0151515
4346,132,130,0.0151515
4347,132,130,0.0151515
4348,132,130,0.0151515
4348,132,130,0.0151515
4349,132,130,0.0151515
4350,132,130,0.0151515
4351,132,130,0.0151515
4352,132,130,0.0151515
4353,132,130,0.0151515
4354,132,130,0.0151515
4355,132,130,0.0151515
4355,132,130,0.0151515
4356,132,130,0.0151515
4357,132,130,0.0151515
4358,132,130,0.0151515
4359,132,130,0.0151515
4360,132,130,0.0151515
4361,132,130,0.0151515
4362,132,130,0.0151515
4363,132,130,0.0151515
4364,132,130,0.0151515
4365,132,130,0.0151515
4366,132,130,0.0151515
4367,132,130,0.0151515
4368,132,130,0.0151515
4369,132,130,0.0151515
4370,132,130,0.0151515
4371,132,130,0.0151515
4372,132,130,0.0151515
4373,132,130,0.0151515
4374,132,130,0.0151515
4375,132,130,0.0151515
4375,132,130,0.0151515
4377,132,130,0.0151515
4377,132,130,0.0151515
4378,132,130,0.0151515
4379,132,130,0.0151515
4380,132,130,0.0151515
4381,132,130,0.0151515
4382,132,130,0.0151515
4383,132,130,0.0151515
4384,132,130,0.0151515
4385,132,130,0.0151515
4386,132,130,0.0151515
4386,132,130,0.0151515
4387,132,130,0.0151515
4388,132,130,0.0151515
4389,132,130,0.0151515
4390,132,130,0.0151515
4391,132,130,0.0151515
4392,132,130,0.0151515
4393,132,130,0.0151515
4393,132,130,0.0151515
4394,132,130,0.0151515
4395,132,130,0.0151515
4396,132,130,0.0151515
4397,132,130,0.0151515
4397,132,130,0.0151515
4398,132,130,0.0151515
4399,132,130,0.0151515
4400,132,130,0.0151515
4401,132,130,0.0151515
4402,132,130,0.0151515
4403,132,130,0.0151515
4404,132,130,0.0151515
4405,132,130,0.0151515
4406,132,130,0.0151515
4406,132,130,0.0151515
4407,132,130,0.0151515
4408,132,130,0.0151515
4409,132,130,0.0151515
4410,132,130,0.0151515
4411,132,130,0.0151515
4412,132,130,0.0151515
4412,132,130,0.0151515
4413,132,130,0.0151515
4414,132,130,0.0151515
4415,132,130,0.0151515
4416,132,130,0.0151515
4417,132,130,0.0151515
4417,132,130,0.0151515
4418,132,130,0.0151515
4419,132,130,0.0151515
4420,132,130,0.0151515
4421,132,130,0.0151515
4422,132,130,0.0151515
4422,132,130,0.0151515
4423,132,130,0.0151515
4424,132,130,0.0151515
4425,132,130,0.0151515
4426,132,130,0.0151515
4427,132,130,0.0151515
4427,132,130,0.0151515
4428,132,130,0.0151515
4429,132,130,0.0151515
4430,132,130,0.0151515
4431,132,130,0.0151515
4432,132,130,0.0151515
4432,132,130,0.0151515
4433,132,130,0.0151515
4434,132,130,0.0151515
4435,132,130,0.0151515
4436,132,130,0.0151515
4437,132,130,0.0151515
4437,132,130,0.0151515
4438,132,130,0.0151515
4439,132,130,0.0151515
4440,132,130,0.0151515
4441,132,130,0.0151515
4442,132,130,0.0151515
4443,132,130,0.0151515
4443,132,130,0.0151515
4444,132,130,0.0151515
4445,132,130,0.0151515
4446,132,130,0.0151515
4447,132,130,0.0151515
4448,132,130,0.0151515
4448,132,130,0.0151515
4449,132,130,0.0151515
4450,132,130,0.0151515
4451,132,130,0.0151515
4452,132,130,0.0151515
4453,132,130,0.0151515
4453,132,130,0.0151515
4454,132,130,0.0151515
4455,132,130,0.0151515
4456,132,130,0.0151515
4457,132,130,0.0151515
4458,132,130,0.0151515
4458,132,130,0.0151515
4459,132,130,0.0151515
4460,132,130,0.0151515
4461,132,130,0.0151515
4462,132,130,0.0151515
4463,132,130,0.0151515
4463,132,130,0.0151515
4464,132,130,0.0151515
4465,132,130,0.0151515
4466,132,130,0.0151515
4467,132,130,0.0151515
4468,132,130,0.0151515
4468,132,130,0.0151515
4469,132,130,0.0151515
4470,132,130,0.0151515
4471,132,130,0.0151515
4472,132,130,0.0151515
4473,132,130,0.0151515
4473,132,130,0.0151515
4474,132,130,0.0151515
4475,132,130,0.0151515
4476,132,130,0.0151515
4477,132,130,0.0151515
4477,132,130,0.0151515
4478,132,130,0.0151515
4479,132,130,0.0151515
4480,132,130,0.0151515
4481,132,130,0.0151515
4482,132,130,0.0151515
4483,132,130,0.0151515
4483,132,130,0.0151515
4484,132,130,0.0151515
4485,132,130,0.0151515
4486,132,130,0.0151515
4487,132,130,0.0151515
4487,132,130,0.0151515
4488,132,130,0.0151515
4489,132,130,0.0151515
4490,132,130,0.0151515
4491,132,130,0.0151515
4492,132,130,0.0151515
4492,132,130,0.0151515
4493,132,130,0.0151515
4494,132,130,0.0151515
4495,132,130,0.0151515
4496,132,130,0.0151515
4497,132,130,0.0151515
4497,132,130,0.0151515
4498,132,130,0.0151515
4499,132,130,0.0151515
4500,132,130,0.0151515
4501,132,130,0.0151515
4502,132,130,0.0151515
4503,132,130,0.0151515
4503,132,130,0.0151515
4504,132,130,0.0151515
4505,132,130,0.0151515
4506,132,130,0.0151515
4507,132,130,0.0151515
4508,132,130,0.0151515
4509,132,130,0.0151515
4509,132,130,0.0151515
4510,132,130,0.0151515
4511,132,130,0.0151515
4512,132,130,0.0151515
4513,132,130,0.0151515
4513,132,130,0.0151515
4514,132,130,0.0151515
4515,132,130,0.0151515
4516,132,130,0.0151515
4517,132,130,0.0151515
4518,132,130,0.0151515
4518,132,130,0.0151515
4519,132,130,0.0151515
4520,132,130,0.0151515
4521,132,130,0.0151515
4522,132,130,0.0151515
4523,132,130,0.0151515
4523,132,130,0.0151515
4524,132,130,0.0151515
4525,132,130,0.0151515
4526,132,130,0.0151515
4527,132,130,0.0151515
4527,132,130,0.0151515
4528,132,130,0.0151515
4529,132,130,0.0151515
4530,132,130,0.0151515
4531,132,130,0.0151515
4531,132,130,0.0151515
4532,132,130,0.0151515
4533,132,130,0.0151515
4534,132,130,0.0151515
4535,132,130,0.0151515
4535,132,130,0.0151515
4536,132,130,0.0151515
4537,132,130,0.0151515
4538,132,130,0.0151515
4539,132,130,0.0151515
4540,132,130,0.0151515
4540,132,130,0.0151515
4541,132,130,0.0151515
4542,132,130,0.0151515
4543,132,130,0.0151515
4544,132,130,0.0151515
4544,132,130,0.0151515
4545,132,130,0.0151515
4546,132,130,0.0151515
4547,132,130,0.0151515
4548,132,130,0.0151515
4549,132,130,0.0151515
4549,132,130,0.0151515
4550,132,130,0.0151515
4551,132,130,0.0151515
4552,132,130,0.0151515
4553,132,130,0.0151515
4554,132,130,0.0151515
4554,132,130,0.0151515
4555,132,130,0.0151515
4556,132,130,0.0151515
4557,132,130,0.0151515
4558,132,130,0.0151515
4559,132,130,0.0151515
4560,132,130,0.0151515
4561,132,130,0.0151515
4561,132,130,0.0151515
4562,132,130,0.0151515
4563,132,130,0.0151515
4564,132,130,0.0151515
4565,132,130,0.0151515
4566,132,130,0.0151515
4567,132,130,0.0151515
4568,132,130,0.0151515
4568,132,130,0.0151515
4569,132,130,0.0151515
4570,132,130,0.0151515
4571,132,130,0.0151515
4572,132,130,0.0151515
4573,132,130,0.0151515
4574,132,130,0.0151515
4575,132,130,0.0151515
4576,132,130,0.0151515
4577,132,130,0.0151515
4578,132,130,0.0151515
4579,132,130,0.0151515
4580,132,130,0.0151515
4582,132,130,0.0151515
4583,132,130,0.0151515
4583,132,130,0.0151515
4584,132,130,0.0151515
4585,132,130,0.0151515
4586,132,130,0.0151515
4587,132,130,0.0151515
4588,132,130,0.0151515
4589,132,130,0.0151515
4589,132,130,0.0151515
4590,132,130,0.0151515
4591,132,130,0.0151515
4592,132,130,0.0151515
4593,132,130,0.0151515
4594,132,130,0.0151515
4595,132,130,0.0151515
4596,132,130,0.0151515
4597,132,130,0.0151515
4597,132,130,0.0151515
4598,132,130,0.0151515
4599,132,130,0.0151515
4600,132,130,0.0151515
4601,132,130,0.0151515
4602,132,130,0.0151515
4603,132,130,0.0151515
4603,132,130,0.0151515
4604,132,130,0.0151515
4605,132,130,0.0151515
4607,132,130,0.0151515
4607,132,130,0.0151515
4608,132,130,0.0151515
4609,132,130,0.0151515
4610,132,130,0.0151515
4611,132,130,0.0151515
4612,132,130,0.0151515
4612,132,130,0.0151515
4613,132,130,0.0151515
4614,132,130,0.0151515
4615,132,130,0.0151515
4616,132,130,0.0151515
4617,132,130,0.0151515
4618,132,130,0.0151515
4618,132,130,0.0151515
4619,132,130,0.0151515
4620,132,130,0.0151515
4621,132,130,0.0151515
4622,132,130,0.0151515
4623,132,130,0.0151515
4623,132,130,0.0151515
4624,132,130,0.0151515
4625,132,130,0.0151515
4626,132,130,0.0151515
4627,132,130,0.0151515
4628,132,130,0.0151515
4628,132,130,0.0151515
4629,132,130,0.0151515
4630,132,130,0.0151515
4631,132,130,0.0151515
4632,132,130,0.0151515
4633,132,130,0.0151515
4634,132,130,0.0151515
4635,132,130,0.0151515
4636,132,130,0.0151515
4637,132,130,0.0151515
4638,132,130,0.0151515
4638,132,130,0.0151515
4639,132,130,0.0151515
4640,132,130,0.0151515
4641,132,130,0.0151515
4642,132,130,0.0151515
4643,132,130,0.0151515
4644,132,130,0.0151515
4645,132,130,0.0151515
4645,132,130,0.0151515
4646,132,130,0.0151515
4647,132,130,0.0151515
4648,132,130,0.0151515
4649,132,130,0.0151515
4650,132,130,0.0151515
4651,132,130,0.0151515
4652,132,130,0.0151515
4653,132,130,0.0151515
4653,132,130,0.0151515
4654,132,130,0.0151515
4655,132,130,0.0151515
4656,132,130,0.0151515
4657,132,130,0.0151515
4658,132,130,0.0151515
4658,132,130,0.0151515
4659,132,130,0.0151515
4660,132,130,0.0151515
4661,132,130,0.0151515
4662,132,130,0.0151515
4663,132,130,0.0151515
4663,132,130,0.0151515
4664,132,130,0.0151515
4665,132,130,0.0151515
4666,132,130,0.0151515
4667,132,130,0.0151515
4668,132,130,0.0151515
4668,132,130,0.0151515
4669,132,130,0.0151515
4670,132,130,0.0151515
4671,132,130,0.0151515
4672,132,130,0.0151515
4673,132,130,0.0151515
4674,132,130,0.0151515
4674,132,130,0.0151515
4675,132,130,0.0151515
4676,132,130,0.0151515
4677,132,130,0.0151515
4678,132,130,0.0151515
4679,132,130,0.0151515
4680,132,130,0.0151515
4681,132,130,0.0151515
4682,132,130,0.0151515
4682,132,130,0.0151515
4683,132,130,0.0151515
4684,132,130,0.0151515
4685,132,130,0.0151515
4686,132,130,0.0151515
4687,132,130,0.0151515
4688,132,130,0.0151515
4689,132,130,0.0151515
4690,132,130,0.0151515
4691,132,130,0.0151515
4692,132,130,0.0151515
4693,132,130,0.0151515
4694,132,130,0.0151515
4695,132,130,0.0151515
4696,132,130,0.0151515
4697,132,130,0.0151515
4698,132,130,0.0151515
4699,132,130,0.0151515
4700,132,130,0.0151515
4701,132,130,0.0151515
4702,132,130,0.0151515
4703,132,130,0.0151515
4704,132,130,0.0151515
4705,132,130,0.0151515
4706,132,130,0.0151515
4707,132,130,0.0151515
4708,132,130,0.0151515
4709,132,130,0.0151515
4710,132,130,0.0151515
4710,132,130,0.0151515
4711,132,130,0.0151515
4712,132,130,0.0151515
4713,132,130,0.0151515
4714,132,130,0.0151515
4715,132,130,0.0151515
4716,132,130,0.0151515
4717,132,130,0.0151515
4718,132,130,0.0151515
4719,132,130,0.0151515
4719,132,130,0.0151515
4720,132,130,0.0151515
4721,132,130,0.0151515
4722,132,130,0.0151515
4723,132,130,0.0151515
4724,132,130,0.0151515
4725,132,130,0.0151515
4726,132,130,0.0151515
4727,132,130,0.0151515
4728,132,130,0.0151515
4728,132,130,0.0151515
4729,132,130,0.0151515
4730,132,130,0.0151515
4731,132,130,0.0151515
4732,132,130,0.0151515
4733,132,130,0.0151515
4734,132,130,0.0151515
4734,132,130,0.0151515
4735,132,130,0.0151515
4736,132,130,0.0151515
4737,132,130,0.0151515
4738,132,130,0.0151515
4739,132,130,0.0151515
4740,132,130,0.0151515
4740,132,130,0.0151515
4741,132,130,0.0151515
4742,132,130,0.0151515
4743,132,130,0.0151515
4744,132,130,0.0151515
4745,132,130,0.0151515
4746,132,130,0.0151515
4746,132,130,0.0151515
4747,132,130,0.0151515
4748,132,130,0.0151515
4749,132,130,0.0151515
4750,132,130,0.0151515
4751,132,130,0.0151515
4751,132,130,0.0151515
4752,132,130,0.0151515
4753,132,130,0.0151515
4754,132,130,0.0151515
4755,132,130,0.0151515
4756,132,130,0.0151515
4757,132,130,0.0151515
4758,132,130,0.0151515
4758,132,130,0.0151515
4759,132,130,0.0151515
4760,132,130,0.0151515
4761,132,130,0.0151515
4762,132,130,0.0151515
4763,132,130,0.0151515
4764,132,130,0.0151515
4765,132,130,0.0151515
4766,132,130,0.0151515
4767,132,130,0.0151515
4767,132,130,0.0151515
4768,132,130,0.0151515
4769,132,130,0.0151515
4770,132,130,0.0151515
4771,132,130,0.0151515
4772,132,130,0.0151515
4773,132,130,0.0151515
4774,132,130,0.0151515
4775,132,130,0.0151515
4776,132,130,0.0151515
4777,132,130,0.0151515
4778,132,130,0.0151515
4779,132,130,0.0151515
4779,132,130,0.0151515
4780,132,130,0.0151515
4781,132,130,0.0151515
4782,132,130,0.0151515
4783,132,130,0.0151515
4784,132,130,0.0151515
4785,132,130,0.0151515
4786,132,130,0.0151515
4787,132,130,0.0151515
4788,132,130,0.0151515
4789,132,130,0.0151515
4790,132,130,0.0151515
4790,132,130,0.0151515
4791,132,130,0.0151515
4792,132,130,0.0151515
4793,132,130,0.0151515
4794,132,130,0.0151515
4795,132,130,0.0151515
4796,132,130,0.0151515
4797,132,130,0.0151515
4798,132,130,0.0151515
4799,132,130,0.0151515
4799,132,130,0.0151515
4800,132,130,0.0151515
4801,132,130,0.0151515
4802,132,130,0.0151515
4803,132,130,0.0151515
4804,132,130,0.0151515
4804,132,130,0.0151515
4805,132,130,0.0151515
4806,132,130,0.0151515
4807,132,130,0.0151515
4808,132,130,0.0151515
4809,132,130,0.0151515
4810,132,130,0.0151515
4811,132,130,0.0151515
4812,132,130,0.0151515
4813,132,130,0.0151515
4813,132,130,0.0151515
4814,132,130,0.0151515
4815,132,130,0.0151515
4816,132,130,0.0151515
4817,132,130,0.0151515
4818,132,130,0.0151515
4819,132,130,0.0151515
4820,132,130,0.0151515
4821,132,130,0.0151515
4821,132,130,0.0151515
4822,132,130,0.0151515
4823,132,130,0.0151515
4824,132,130,0.0151515
4825,132,130,0.0151515
4826,132,130,0.0151515
4827,132,130,0.0151515
4827,132,130,0.0151515
4828,132,130,0.0151515
4829,132,130,0.0151515
4830,132,130,0.0151515
4831,132,130,0.0151515
4832,132,130,0.0151515
4833,132,130,0.0151515
4834,132,130,0.0151515
4835,132,130,0.0151515
4836,132,130,0.0151515
4837,132,130,0.0151515
4838,132,130,0.0151515
4839,132,130,0.0151515
4840,132,130,0.0151515
4840,132,130,0.0151515
4841,132,130,0.0151515
4842,132,130,0.0151515
4843,132,130,0.0151515
4844,132,130,0.0151515
4845,132,130,0.0151515
4846,132,130,0.0151515
4847,132,130,0.0151515
4848,132,130,0.0151515
4849,132,130,0.0151515
4850,132,130,0.0151515
4851,132,130,0.0151515
4852,132,130,0.0151515
4853,132,130,0.0151515
4854,132,130,0.0151515
4855,132,130,0.0151515
4856,132,130,0.0151515
4857,132,130,0.0151515
4858,132,130,0.0151515
4859,132,130,0.0151515
4860,132,130,0.0151515
4861,132,130,0.0151515
4862,132,130,0.0151515
4863,132,130,0.0151515
4864,132,130,0.0151515
4865,132,130,0.0151515
4866,132,130,0.0151515
4867,132,130,0.0151515
4868,132,130,0.0151515
4869,132,130,0.0151515
4870,132,130,0.0151515
4871,132,130,0.0151515
4872,132,130,0.0151515
4873,132,130,0.0151515
4874,132,130,0.0151515
4874,132,130,0.0151515
4876,132,130,0.0151515
4876,132,130,0.0151515
4877,132,130,0.0151515
4879,132,130,0.0151515
4879,132,130,0.0151515
4881,132,130,0.0151515
4881,132,130,0.0151515
4882,132,130,0.0151515
4883,132,130,0.0151515
4884,132,130,0.0151515
4885,132,130,0.0151515
4886,132,130,0.0151515
4887,132,130,0.0151515
4888,132,130,0.0151515
4889,132,130,0.0151515
4890,132,130,0.0151515
4891,132,130,0.0151515
4892,132,130,0.0151515
4893,132,130,0.0151515
4894,132,130,0.0151515
4895,132,130,0.0151515
4896,132,130,0.0151515
4897,132,130,0.0151515
4898,132,130,0.0151515
4898,132,130,0.0151515
4899,132,130,0.0151515
4900,132,130,0.0151515
4901,132,130,0.0151515
4902,132,130,0.0151515
4903,132,130,0.0151515
4904,132,130,0.0151515
4905,132,130,0.0151515
4906,132,130,0.0151515
4907,132,130,0.0151515
4908,132,130,0.0151515
4909,132,130,0.0151515
4910,132,130,0.0151515
4911,132,130,0.0151515
4911,132,130,0.0151515
4912,132,130,0.0151515
4913,132,130,0.0151515
4914,132,130,0.0151515
4915,132,130,0.0151515
4916,132,130,0.0151515
4917,132,130,0.0151515
4918,132,130,0.0151515
4919,132,130,0.0151515
4920,132,130,0.0151515
4921,132,130,0.0151515
4922,132,130,0.0151515
4923,132,130,0.0151515
4924,132,130,0.0151515
4925,132,130,0.0151515
4926,132,130,0.0151515
4926,132,130,0.0151515
4927,132,130,0.0151515
4928,132,130,0.0151515
4929,132,130,0.0151515
4930,132,130,0.0151515
4931,132,130,0.0151515
4932,132,130,0.0151515
4933,132,130,0.0151515
4934,132,130,0.0151515
4935,132,130,0.0151515
4936,132,130,0.0151515
4937,132,130,0.0151515
4938,132,130,0.0151515
4939,132,130,0.0151515
4940,132,130,0.0151515
4941,132,130,0.0151515
4942,132,130,0.0151515
4943,132,130,0.0151515
4944,132,130,0.0151515
4945,132,130,0.0151515
4946,132,130,0.0151515
4946,132,130,0.0151515
4947,132,130,0.0151515
4949,132,130,0.0151515
4949,132,130,0.0151515
4950,132,130,0.0151515
4951,132,130,0.0151515
4952,132,130,0.0151515
4953,132,130,0.0151515
4954,132,130,0.0151515
4955,132,130,0.0151515
4956,132,130,0.0151515
4957,132,130,0.0151515
4958,132,130,0.0151515
4959,132,130,0.0151515
4960,132,130,0.0151515
4961,132,130,0.0151515
4961,132,130,0.0151515
4963,132,130,0.0151515
4963,132,130,0.0151515
4965,132,130,0.0151515
4966,132,130,0.0151515
4967,132,130,0.0151515
4967,132,130,0.0151515
4968,132,130,0.0151515
4969,132,130,0.0151515
4970,132,130,0.0151515
4971,132,130,0.0151515
4972,132,130,0.0151515
4973,132,130,0.0151515
4974,132,130,0.0151515
4975,132,130,0.0151515
4976,132,130,0.0151515
4977,132,130,0.0151515
4977,132,130,0.0151515
4978,132,130,0.0151515
4979,132,130,0.0151515
4980,132,130,0.0151515
4981,132,130,0.0151515
4982,132,130,0.0151515
4983,132,130,0.0151515
4984,132,130,0.0151515
4985,132,130,0.0151515
4986,132,130,0.0151515
4987,132,130,0.0151515
4988,132,130,0.0151515
4989,132,130,0.0151515
4990,132,130,0.0151515
4991,132,130,0.0151515
4992,132,130,0.0151515
4993,132,130,0.0151515
4994,132,130,0.0151515
4995,132,130,0.0151515
4996,132,130,0.0151515
4997,132,130,0.0151515
4998,132,130,0.0151515
4999,132,130,0.0151515
5000,132,130,0.0151515
5001,132,130,0.0151515
5002,132,130,0.0151515
5003,132,130,0.0151515
5004,132,130,0.0151515
5005,132,130,0.0151515
5006,132,130,0.0151515
5006,132,130,0.0151515
5007,132,130,0.0151515
5008,132,130,0.0151515
5009,132,130,0.0151515
5010,132,130,0.0151515
5011,132,130,0.0151515
5012,132,130,0.0151515
5013,132,130,0.0151515
5013,132,130,0.0151515
5014,132,130,0.0151515
5015,132,130,0.0151515
5016,132,130,0.0151515
5017,132,130,0.0151515
5018,132,130,0.0151515
5019,132,130,0.0151515
5020,132,130,0.0151515
5020,132,130,0.0151515
5021,132,130,0.0151515
5022,132,130,0.0151515
5023,132,130,0.0151515
5024,132,130,0.0151515
5025,132,130,0.0151515
5026,132,130,0.0151515
5026,132,130,0.0151515
5027,132,130,0.0151515
5028,132,130,0.0151515
5029,132,130,0.0151515
5030,132,130,0.0151515
5031,132,130,0.0151515
5032,132,130,0.0151515
5033,132,130,0.0151515
5034,132,130,0.0151515
5035,132,130,0.0151515
5035,132,130,0.0151515
5036,132,130,0.0151515
5037,132,130,0.0151515
5038,132,130,0.0151515
5039,132,130,0.0151515
5040,132,130,0.0151515
5041,132,130,0.0151515
5042,132,130,0.0151515
5043,132,130,0.0151515
5044,132,130,0.0151515
5045,132,130,0.0151515
5046,132,130,0.0151515
5046,132,130,0.0151515
5047,132,130,0.0151515
5049,132,130,0.0151515
5050,132,130,0.0151515
5051,132,130,0.0151515
5052,132,130,0.0151515
5053,132,130,0.0151515
5054,132,130,0.0151515
5055,132,130,0.0151515
5056,132,130,0.0151515
5057,132,130,0.0151515
5058,132,130,0.0151515
5059,132,130,0.0151515
5059,132,130,0.0151515
5061,132,130,0.0151515
5062,132,130,0.0151515
5063,132,130,0.0151515
5063,132,130,0.0151515
5065,132,130,0.0151515
5065,132,130,0.0151515
5066,132,130,0.0151515
5067,132,130,0.0151515
5068,132,130,0.0151515
5069,132,130,0.0151515
5071,132,130,0.0151515
5072,132,130,0.0151515
5072,132,130,0.0151515
5073,132,130,0.0151515
5074,132,130,0.0151515
5075,132,130,0.0151515
5076,132,130,0.0151515
5077,132,130,0.0151515
5078,132,130,0.0151515
5079,132,130,0.0151515
5080,132,130,0.0151515
5081,132,130,0.0151515
5082,132,130,0.0151515
5083,132,130,0.0151515
5084,132,130,0.0151515
5084,132,130,0.0151515
5085,132,130,0.0151515
5086,132,130,0.0151515
5088,132,130,0.0151515
5089,132,130,0.0151515
5089,132,130,0.0151515
5090,132,130,0.0151515
5091,132,130,0.0151515
5092,132,130,0.0151515
5093,132,130,0.0151515
5094,132,130,0.0151515
5095,132,130,0.0151515
5096,132,130,0.0151515
5096,132,130,0.0151515
5097,132,130,0.0151515
5098,132,130,0.0151515
5099,132,130,0.0151515
5100,132,130,0.0151515
5101,132,130,0.0151515
5102,132,130,0.0151515
5103,132,130,0.0151515
5104,132,130,0.0151515
5105,132,130,0.0151515
5106,132,130,0.0151515
5107,132,130,0.0151515
5108,132,130,0.0151515
5109,132,130,0.0151515
5110,132,130,0.0151515
5111,132,130,0.0151515
5112,132,130,0.0151515
5113,132,130,0.0151515
5114,132,130,0.0151515
5115,132,130,0.0151515
5115,132,130,0.0151515
5116,132,130,0.0151515
5117,132,130,0.0151515
5118,132,130,0.0151515
5119,132,130,0.0151515
5120,132,130,0.0151515
5121,132,130,0.0151515
5122,132,130,0.0151515
5123,132,130,0.0151515
5124,132,130,0.0151515
5125,132,130,0.0151515
5126,132,130,0.0151515
5127,132,130,0.0151515
5128,132,130,0.0151515
5129,132,130,0.0151515
5130,132,130,0.0151515
5130,132,130,0.0151515
5131,132,130,0.0151515
5132,132,130,0.0151515
5133,132,130,0.0151515
5134,132,130,0.0151515
5135,132,130,0.0151515
5136,132,130,0.0151515
5137,132,130,0.0151515
5138,132,130,0.0151515
5139,132,130,0.0151515
5140,132,130,0.0151515
5141,132,130,0.0151515
5142,132,130,0.0151515
5143,132,130,0.0151515
5144,132,130,0.0151515
5145,132,130,0.0151515
5146,132,130,0.0151515
5147,132,130,0.0151515
5148,132,130,0.0151515
5149,132,130,0.0151515
5150,132,130,0.0151515
5150,132,130,0.0151515
5151,132,130,0.0151515
5152,132,130,0.0151515
5153,132,130,0.0151515
5154,132,130,0.0151515
5155,132,130,0.0151515
5155,132,130,0.0151515
5156,132,130,0.0151515
5157,132,130,0.0151515
5158,132,130,0.0151515
5159,132,130,0.0151515
5160,132,130,0.0151515
5161,132,130,0.0151515
5161,132,130,0.0151515
5163,132,130,0.0151515
5164,132,130,0.0151515
5165,132,130,0.0151515
5166,132,130,0.0151515
5166,132,130,0.0151515
5167,132,130,0.0151515
5168,132,130,0.0151515
5169,132,130,0.0151515
5170,132,130,0.0151515
5171,132,130,0.0151515
5172,132,130,0.0151515
5173,132,130,0.0151515
5174,132,130,0.0151515
5175,132,130,0.0151515
5176,132,130,0.0151515
5177,132,130,0.0151515
5178,132,130,0.0151515
5179,132,130,0.0151515
5180,132,130,0.0151515
5181,132,130,0.0151515
5182,132,130,0.0151515
5182,132,130,0.0151515
5183,132,130,0.0151515
5184,132,130,0.0151515
5185,132,130,0.0151515
5186,132,130,0.0151515
5187,132,130,0.0151515
5188,132,130,0.0151515
5189,132,130,0.0151515
5190,132,130,0.0151515
5191,132,130,0.0151515
5191,132,130,0.0151515
5192,132,130,0.0151515
5193,132,130,0.0151515
5194,132,130,0.0151515
5195,132,130,0.0151515
5196,132,130,0.0151515
5197,132,130,0.0151515
5198,132,130,0.0151515
5199,132,130,0.0151515
5200,132,130,0.0151515
5200,132,130,0.0151515
5201,132,130,0.0151515
5202,132,130,0.0151515
5203,132,130,0.0151515
5204,132,130,0.0151515
5205,132,130,0.0151515
5206,132,130,0.0151515
5207,132,130,0.0151515
5208,132,130,0.0151515
5209,132,130,0.0151515
5210,132,130,0.0151515
5211,132,130,0.0151515
5211,132,130,0.0151515
5212,132,130,0.0151515
5213,132,130,0.0151515
5214,132,130,0.0151515
5215,132,130,0.0151515
5216,132,130,0.0151515
5217,132,130,0.0151515
5217,132,130,0.0151515
5219,132,130,0.0151515
5219,132,130,0.0151515
5220,132,130,0.0151515
5221,132,130,0.0151515
5222,132,130,0.0151515
5223,132,130,0.0151515
5224,132,130,0.0151515
5225,132,130,0.0151515
5226,132,130,0.0151515
5227,132,130,0.0151515
5228,132,130,0.0151515
5229,132,130,0.0151515
5230,132,130,0.0151515
5231,132,130,0.0151515
5232,132,130,0.0151515
5233,132,130,0.0151515
5234,132,130,0.0151515
5234,132,130,0.0151515
5235,132,130,0.0151515
5236,132,130,0.0151515
5237,132,130,0.0151515
5238,132,130,0.0151515
5239,132,130,0.0151515
5240,132,130,0.0151515
5241,132,130,0.0151515
5242,132,130,0.0151515
5243,132,130,0.0151515
5244,132,130,0.0151515
5245,132,130,0.0151515
5246,132,130,0.0151515
5247,132,130,0.0151515
5247,132,130,0.0151515
5248,132,130,0.0151515
5249,132,130,0.0151515
5250,132,130,0.0151515
5251,132,130,0.0151515
5252,132,130,0.0151515
5253,132,130,0.0151515
5254,132,130,0.0151515
5255,132,130,0.0151515
5256,132,130,0.0151515
5257,132,130,0.0151515
5258,132,130,0.0151515
5259,132,130,0.0151515
5260,132,130,0.0151515
5261,132,130,0.0151515
5262,132,130,0.0151515
5263,132,130,0.0151515
5264,132,130,0.0151515
5264,132,130,0.0151515
5265,132,130,0.0151515
5266,132,130,0.0151515
5267,132,130,0.0151515
5268,132,130,0.0151515
5269,132,130,0.0151515
5271,132,130,0.0151515
5272,132,130,0.0151515
5273,132,130,0.0151515
5274,132,130,0.0151515
5275,132,130,0.0151515
5276,132,130,0.0151515
5277,132,130,0.0151515
5278,132,130,0.0151515
5279,132,130,0.0151515
5280,132,130,0.0151515
5281,132,130,0.0151515
5282,132,130,0.0151515
5283,132,130,0.0151515
5285,132,130,0.0151515
5285,132,130,0.0151515
5287,132,130,0.0151515
5288,132,130,0.0151515
5288,132,130,0.0151515
5289,132,130,0.0151515
5290,132,130,0.0151515
5291,132,130,0.0151515
5292,132,130,0.0151515
5293,132,130,0.0151515
5294,132,130,0.0151515
5295,132,130,0.0151515
5296,132,130,0.0151515
5297,132,130,0.0151515
5299,132,130,0.0151515
5300,132,130,0.0151515
5301,132,130,0.0151515
5303,132,130,0.0151515
5304,132,130,0.0151515
5305,132,130,0.0151515
5306,132,130,0.0151515
5307,132,130,0.0151515
5308,132,130,0.0151515
5309,132,130,0.0151515
5309,132,130,0.0151515
5311,132,130,0.0151515
5311,132,130,0.0151515
5312,132,130,0.0151515
5313,132,130,0.0151515
5314,132,130,0.0151515
5315,132,130,0.0151515
5316,132,130,0.0151515
5317,132,130,0.0151515
5318,132,130,0.0151515
5319,132,130,0.0151515
5320,132,130,0.0151515
5321,132,130,0.0151515
5322,132,130,0.0151515
5323,132,130,0.0151515
5324,132,130,0.0151515
5325,132,130,0.0151515
5326,132,130,0.0151515
5327,132,130,0.0151515
5328,132,130,0.0151515
5330,132,130,0.0151515
5330,132,130,0.0151515
5331,132,130,0.0151515
5332,132,130,0.0151515
5333,132,130,0.0151515
5334,132,130,0.0151515
5334,132,130,0.0151515
5335,132,130,0.0151515
5336,132,130,0.0151515
5337,132,130,0.0151515
5338,132,130,0.0151515
5339,132,130,0.0151515
5339,132,130,0.0151515
5340,132,130,0.0151515
5341,132,130,0.0151515
5342,132,130,0.0151515
5343,132,130,0.0151515
5344,132,130,0.0151515
5345,132,130,0.0151515
5345,132,130,0.0151515
5347,132,130,0.0151515
5348,132,130,0.0151515
5349,132,130,0.0151515
5349,132,130,0.0151515
5350,132,130,0.0151515
5351,132,130,0.0151515
5352,132,130,0.0151515
5353,132,130,0.0151515
5354,132,130,0.0151515
5355,132,130,0.0151515
5356,132,130,0.0151515
5357,132,130,0.0151515
5358,132,130,0.0151515
5359,132,130,0.0151515
5360,132,130,0.0151515
5361,132,130,0.0151515
5361,132,130,0.0151515
5362,132,130,0.0151515
5363,132,130,0.0151515
5364,132,130,0.0151515
5365,132,130,0.0151515
5366,132,130,0.0151515
5368,132,130,0.0151515
5369,132,130,0.0151515
5369,132,130,0.0151515
5370,132,130,0.0151515
5371,132,130,0.0151515
5372,132,130,0.0151515
5373,132,130,0.0151515
5374,132,130,0.0151515
5375,132,130,0.0151515
5376,132,130,0.0151515
5377,132,130,0.0151515
5378,132,130,0.0151515
5378,132,130,0.0151515
5379,132,130,0.0151515
5380,132,130,0.0151515
5381,132,130,0.0151515
5382,132,130,0.0151515
5383,132,130,0.0151515
5384,132,130,0.0151515
5385,132,130,0.0151515
5386,132,130,0.0151515
5387,132,130,0.0151515
5387,132,130,0.0151515
5389,132,130,0.0151515
5389,132,130,0.0151515
5390,132,130,0.0151515
5391,132,130,0.0151515
5392,132,130,0.0151515
5393,132,130,0.0151515
5394,132,130,0.0151515
5395,132,130,0.0151515
5396,132,130,0.0151515
5397,132,130,0.0151515
5398,132,130,0.0151515
5399,132,130,0.0151515
5400,132,130,0.0151515
5401,132,130,0.0151515
5402,132,130,0.0151515
5403,132,130,0.0151515
5404,132,130,0.0151515
5405,132,130,0.0151515
5406,132,130,0.0151515
5407,132,130,0.0151515
5408,132,130,0.0151515
5409,132,130,0.0151515
5410,132,130,0.0151515
5411,132,130,0.0151515
5412,132,130,0.0151515
5413,132,130,0.0151515
5414,132,130,0.0151515
5415,132,130,0.0151515
5416,132,130,0.0151515
5417,132,130,0.0151515
5418,132,130,0.0151515
5419,132,130,0.0151515
5420,132,130,0.0151515
5421,132,130,0.0151515
5422,132,130,0.0151515
5423,132,130,0.0151515
5424,132,130,0.0151515
5425,132,130,0.0151515
5426,132,130,0.0151515
5427,132,130,0.0151515
5428,132,130,0.0151515
5429,132,130,0.0151515
5430,132,130,0.0151515
5431,132,130,0.0151515
5432,132,130,0.0151515
5433,132,130,0.0151515
5434,132,130,0.0151515
5435,132,130,0.0151515
5436,132,130,0.0151515
5437,132,130,0.0151515
5437,132,130,0.0151515
5439,132,130,0.0151515
5440,132,130,0.0151515
5440,132,130,0.0151515
5441,132,130,0.0151515
5442,132,130,0.0151515
5443,132,130,0.0151515
5444,132,130,0.0151515
5445,132,130,0.0151515
5446,132,130,0.0151515
5447,132,130,0.0151515
5448,132,130,0.0151515
5449,132,130,0.0151515
5449,132,130,0.0151515
5450,132,130,0.0151515
5451,132,130,0.0151515
5452,132,130,0.0151515
5453,132,130,0.0151515
5454,132,130,0.0151515
5455,132,130,0.0151515
5456,132,130,0.0151515
5457,132,130,0.0151515
5457,132,130,0.0151515
5458,132,130,0.0151515
5459,132,130,0.0151515
5460,132,130,0.0151515
5461,132,130,0.0151515
5461,132,130,0.0151515
5462,132,130,0.0151515
5463,132,130,0.0151515
5464,132,130,0.0151515
5465,132,130,0.0151515
5466,132,130,0.0151515
5467,132,130,0.0151515
5468,132,130,0.0151515
5469,132,130,0.0151515
5470,132,130,0.0151515
5470,132,130,0.0151515
5471,132,130,0.0151515
5472,132,130,0.0151515
5473,132,130,0.0151515
5474,132,130,0.0151515
5475,132,130,0.0151515
5476,132,130,0.0151515
5476,132,130,0.0151515
5477,132,130,0.0151515
5478,132,130,0.0151515
5479,132,130,0.0151515
5480,132,130,0.0151515
5481,132,130,0.0151515
5482,132,130,0.0151515
5483,132,130,0.0151515
5484,132,130,0.0151515
5485,132,130,0.0151515
5485,132,130,0.0151515
5486,132,130,0.0151515
5488,132,130,0.0151515
5489,132,130,0.0151515
5490,132,130,0.0151515
5491,132,130,0.0151515
5492,132,130,0.0151515
5493,132,130,0.0151515
5494,132,130,0.0151515
5494,132,130,0.0151515
5495,132,130,0.0151515
5496,132,130,0.0151515
5497,132,130,0.0151515
5498,132,130,0.0151515
5499,132,130,0.0151515
5500,132,130,0.0151515
5501,132,130,0.0151515
5502,132,130,0.0151515
5502,132,130,0.0151515
5503,132,130,0.0151515
5504,132,130,0.0151515
5505,132,130,0.0151515
5506,132,130,0.0151515
5507,132,130,0.0151515
5508,132,130,0.0151515
5509,132,130,0.0151515
5509,132,130,0.0151515
5511,132,130,0.0151515
5512,132,130,0.0151515
5513,132,130,0.0151515
5514,132,130,0.0151515
5515,132,130,0.0151515
5516,132,130,0.0151515
5516,132,130,0.0151515
5517,132,130,0.0151515
5518,132,130,0.0151515
5519,132,130,0.0151515
5520,132,130,0.0151515
5522,132,130,0.0151515
5523,132,130,0.0151515
5523,132,130,0.0151515
5524,132,130,0.0151515
5525,132,130,0.0151515
5526,132,130,0.0151515
5527,132,130,0.0151515
5528,132,130,0.0151515
5528,132,130,0.0151515
5529,132,130,0.0151515
5530,132,130,0.0151515
5531,132,130,0.0151515
5532,132,130,0.0151515
5533,132,130,0.0151515
5534,132,130,0.0151515
5535,132,130,0.0151515
5535,132,130,0.0151515
5536,132,130,0.0151515
5537,132,130,0.0151515
5538,132,130,0.0151515
5539,132,130,0.0151515
5540,132,130,0.0151515
5540,132,130,0.0151515
5541,132,130,0.0151515
5542,132,130,0.0151515
5543,132,130,0.0151515
5544,132,130,0.0151515
5544,132,130,0.0151515
5545,132,130,0.0151515
5546,132,130,0.0151515
5547,132,130,0.0151515
5548,132,130,0.0151515
5549,132,130,0.0151515
5550,132,130,0.0151515
5550,132,130,0.0151515
5551,132,130,0.0151515
5552,132,130,0.0151515
5553,132,130,0.0151515
5554,132,130,0.0151515
5555,132,130,0.0151515
5556,132,130,0.0151515
5557,132,130,0.0151515
5558,132,130,0.0151515
5559,132,130,0.0151515
5560,132,130,0.0151515
5561,132,130,0.0151515
5562,132,130,0.0151515
5563,132,130,0.0151515
5564,132,130,0.0151515
5564,132,130,0.0151515
5565,132,130,0.0151515
5566,132,130,0.0151515
5567,132,130,0.0151515
5568,132,130,0.0151515
5569,132,130,0.0151515
5570,132,130,0.0151515
5571,132,130,0.0151515
5571,132,130,0.0151515
5572,132,130,0.0151515
5573,132,130,0.0151515
5574,132,130,0.0151515
5575,132,130,0.0151515
5576,132,130,0.0151515
5577,132,130,0.0151515
5578,132,130,0.0151515
5580,132,130,0.0151515
5581,132,130,0.0151515
5582,132,130,0.0151515
5583,132,130,0.0151515
5584,132,130,0.0151515
5585,132,130,0.0151515
5586,132,130,0.0151515
5587,132,130,0.0151515
5587,132,130,0.0151515
5588,132,130,0.0151515
5589,132,130,0.0151515
5590,132,130,0.0151515
5591,132,130,0.0151515
5592,132,130,0.0151515
5593,132,130,0.0151515
5594,132,130,0.0151515
5595,132,130,0.0151515
5595,132,130,0.0151515
5596,132,130,0.0151515
5598,132,130,0.0151515
5598,132,130,0.0151515
5599,132,130,0.0151515
5600,132,130,0.0151515
5601,132,130,0.0151515
5602,132,130,0.0151515
5602,132,130,0.0151515
5603,132,130,0.0151515
5604,132,130,0.0151515
5605,132,130,0.0151515
5606,132,130,0.0151515
5607,132,130,0.0151515
5607,132,130,0.0151515
5609,132,130,0.0151515
5609,132,130,0.0151515
5610,132,130,0.0151515
5611,132,130,0.0151515
5612,132,130,0.0151515
5613,132,130,0.0151515
5613,132,130,0.0151515
5614,132,130,0.0151515
5615,132,130,0.0151515
5616,132,130,0.0151515
5617,132,130,0.0151515
5617,132,130,0.0151515
5618,132,130,0.0151515
5619,132,130,0.0151515
5620,132,130,0.0151515
5621,132,130,0.0151515
5621,132,130,0.0151515
5622,132,130,0.0151515
5623,132,130,0.0151515
5624,132,130,0.0151515
5625,132,130,0.0151515
5626,132,130,0.0151515
5627,132,130,0.0151515
5627,132,130,0.0151515
5628,132,130,0.0151515
5629,132,130,0.0151515
5630,132,130,0.0151515
5631,132,130,0.0151515
5631,132,130,0.0151515
5632,132,130,0.0151515
5633,132,130,0.0151515
5634,132,130,0.0151515
5634,132,130,0.0151515
5635,132,130,0.0151515
5636,132,130,0.0151515
5637,132,130,0.0151515
5638,132,130,0.0151515
5638,132,130,0.0151515
5639,132,130,0.0151515
5640,132,130,0.0151515
5641,132,130,0.0151515
5642,132,130,0.0151515
5642,132,130,0.0151515
5643,132,130,0.0151515
5644,132,130,0.0151515
5645,132,130,0.0151515
5646,132,130,0.0151515
5647,132,130,0.0151515
5648,132,130,0.0151515
5649,132,130,0.0151515
5649,132,130,0.0151515
5650,132,130,0.0151515
5651,132,130,0.0151515
5652,132,130,0.0151515
5653,132,130,0.0151515
5653,132,130,0.0151515
5654,132,130,0.0151515
5655,132,130,0.0151515
5656,132,130,0.0151515
5657,132,130,0.0151515
5658,132,130,0.0151515
5659,132,130,0.0151515
5659,132,130,0.0151515
5660,132,130,0.0151515
5661,132,130,0.0151515
5662,132,130,0.0151515
5663,132,130,0.0151515
5664,132,130,0.0151515
5665,132,130,0.0151515
5665,132,130,0.0151515
5666,132,130,0.0151515
5667,132,130,0.0151515
5668,132,130,0.0151515
5669,132,130,0.0151515
5671,132,130,0.0151515
5671,132,130,0.0151515
5672,132,130,0.0151515
5673,132,130,0.0151515
5674,132,130,0.0151515
5675,132,130,0.0151515
5676,132,130,0.0151515
5676,132,130,0.0151515
5677,132,130,0.0151515
5678,132,130,0.0151515
5679,132,130,0.0151515
5680,132,130,0.0151515
5681,132,130,0.0151515
5682,132,130,0.0151515
5683,132,130,0.0151515
5684,132,130,0.0151515
5685,132,130,0.0151515
5686,132,130,0.0151515
5687,132,130,0.0151515
5688,132,130,0.0151515
5688,132,130,0.0151515
5689,132,130,0.0151515
5690,132,130,0.0151515
5691,132,130,0.0151515
5691,132,130,0.0151515
5692,132,130,0.0151515
5693,132,130,0.0151515
5694,132,130,0.0151515
5694,132,130,0.0151515
5695,132,130,0.0151515
5696,132,130,0.0151515
5697,132,130,0.0151515
5698,132,130,0.0151515
5699,132,130,0.0151515
5700,132,130,0.0151515
5701,132,130,0.0151515
5701,132,130,0.0151515
5702,132,130,0.0151515
5703,132,130,0.0151515
5704,132,130,0.0151515
5704,132,130,0.0151515
5705,132,130,0.0151515
5706,132,130,0.0151515
5707,132,130,0.0151515
5708,132,130,0.0151515
5709,132,130,0.0151515
5709,132,130,0.0151515
5710,132,130,0.0151515
5711,132,130,0.0151515
5712,132,130,0.0151515
5712,132,130,0.0151515
5713,132,130,0.0151515
5714,132,130,0.0151515
5715,132,130,0.0151515
5716,132,130,0.0151515
5717,132,130,0.0151515
5718,132,130,0.0151515
5718,132,130,0.0151515
5719,132,130,0.0151515
5720,132,130,0.0151515
5721,132,130,0.0151515
5722,132,130,0.0151515
5723,132,130,0.0151515
5724,132,130,0.0151515
5725,132,130,0.0151515
5725,132,130,0.0151515
5726,132,130,0.0151515
5727,132,130,0.0151515
5728,132,130,0.0151515
5728,132,130,0.0151515
5729,132,130,0.0151515
5730,132,130,0.0151515
5731,132,130,0.0151515
5732,132,130,0.0151515
5733,132,130,0.0151515
5734,132,130,0.0151515
5735,132,130,0.0151515
5735,132,130,0.0151515
5736,132,130,0.0151515
5737,132,130,0.0151515
5738,132,130,0.0151515
5739,132,130,0.0151515
5739,132,130,0.0151515
5740,132,130,0.0151515
5741,132,130,0.0151515
5742,132,130,0.0151515
5742,132,130,0.0151515
5743,132,130,0.0151515
5744,132,130,0.0151515
5745,132,130,0.0151515
5746,132,130,0.0151515
5747,132,130,0.0151515
5747,132,130,0.0151515
5748,132,130,0.0151515
5749,132,130,0.0151515
5750,132,130,0.0151515
5751,132,130,0.0151515
5751,132,130,0.0151515
5752,132,130,0.0151515
5753,132,130,0.0151515
5754,132,130,0.0151515
5755,132,130,0.0151515
5756,132,130,0.0151515
5757,132,130,0.0151515
5758,132,130,0.0151515
5758,132,130,0.0151515
5759,132,130,0.0151515
5760,132,130,0.0151515
5761,132,130,0.0151515
5762,132,130,0.0151515
5763,132,130,0.0151515
5764,132,130,0.0151515
5765,132,130,0.0151515
5765,132,130,0.0151515
5766,132,130,0.0151515
5767,132,130,0.0151515
5768,132,130,0.0151515
5769,132,130,0.0151515
5770,132,130,0.0151515
5770,132,130,0.0151515
5771,132,130,0.0151515
5772,132,130,0.0151515
5773,132,130,0.0151515
5774,132,130,0.0151515
5775,132,130,0.0151515
5775,132,130,0.0151515
5776,132,130,0.0151515
5777,132,130,0.0151515
5778,132,130,0.0151515
5779,132,130,0.0151515
5779,132,130,0.0151515
5780,132,130,0.0151515
5781,132,130,0.0151515
5782,132,130,0.0151515
5783,132,130,0.0151515
5783,132,130,0.0151515
5784,132,130,0.0151515
5785,132,130,0.0151515
5786,132,130,0.0151515
5786,132,130,0.0151515
5788,132,130,0.0151515
5789,132,130,0.0151515
5789,132,130,0.0151515
5790,132,130,0.0151515
5791,132,130,0.0151515
5792,132,130,0.0151515
5793,132,130,0.0151515
5794,132,130,0.0151515
5794,132,130,0.0151515
5795,132,130,0.0151515
5796,132,130,0.0151515
5797,132,130,0.0151515
5798,132,130,0.0151515
5799,132,130,0.0151515
5800,132,130,0.0151515
5801,132,130,0.0151515
5802,132,130,0.0151515
5802,132,130,0.0151515
5803,132,130,0.0151515
5804,132,130,0.0151515
5805,132,130,0.0151515
5806,132,130,0.0151515
5807,132,130,0.0151515
5807,132,130,0.0151515
5808,132,130,0.0151515
5809,132,130,0.0151515
5810,132,130,0.0151515
5811,132,130,0.0151515
5811,132,130,0.0151515
5812,132,130,0.0151515
5813,132,130,0.0151515
5814,132,130,0.0151515
5815,132,130,0.0151515
5816,132,130,0.0151515
5817,132,130,0.0151515
5818,132,130,0.0151515
5819,132,130,0.0151515
5819,132,130,0.0151515
5820,132,130,0.0151515
5821,132,130,0.0151515
5822,132,130,0.0151515
5823,132,130,0.0151515
5824,132,130,0.0151515
5825,132,130,0.0151515
5825,132,130,0.0151515
5826,132,130,0.0151515
5827,132,130,0.0151515
5828,132,130,0.0151515
5829,132,130,0.0151515
5830,132,130,0.0151515
5831,132,130,0.0151515
5832,132,130,0.0151515
5833,132,130,0.0151515
5834,132,130,0.0151515
5834,132,130,0.0151515
5835,132,130,0.0151515
5836,132,130,0.0151515
5837,132,130,0.0151515
5838,132,130,0.0151515
5839,132,130,0.0151515
5840,132,130,0.0151515
5840,132,130,0.0151515
5841,132,130,0.0151515
5842,132,130,0.0151515
5843,132,130,0.0151515
5844,132,130,0.0151515
5845,132,130,0.0151515
5846,132,130,0.0151515
5847,132,130,0.0151515
5847,132,130,0.0151515
5848,132,130,0.0151515
5849,132,130,0.0151515
5850,132,130,0.0151515
5851,132,130,0.0151515
5852,132,130,0.0151515
5852,132,130,0.0151515
5853,132,130,0.0151515
5854,132,130,0.0151515
5855,132,130,0.0151515
5856,132,130,0.0151515
5857,132,130,0.0151515
5857,132,130,0.0151515
5858,132,130,0.0151515
5859,132,130,0.0151515
5860,132,130,0.0151515
5861,132,130,0.0151515
5862,132,130,0.0151515
5863,132,130,0.0151515
5864,132,130,0.0151515
5864,132,130,0.0151515
5865,132,130,0.0151515
5866,132,130,0.0151515
5867,132,130,0.0151515
5868,132,130,0.0151515
5868,132,130,0.0151515
5869,132,130,0.0151515
5870,132,130,0.0151515
5871,132,130,0.0151515
5872,132,130,0.0151515
5873,132,130,0.0151515
5874,132,130,0.0151515
5874,132,130,0.0151515
5875,132,130,0.0151515
5876,132,130,0.0151515
5877,132,130,0.0151515
5878,132,130,0.0151515
5878,132,130,0.0151515
5879,132,130,0.0151515
5880,132,130,0.0151515
5881,132,130,0.0151515
5882,132,130,0.0151515
5882,132,130,0.0151515
5883,132,130,0.0151515
5884,132,130,0.0151515
5885,132,130,0.0151515
5886,132,130,0.0151515
5886,132,130,0.0151515
5887,132,130,0.0151515
5888,132,130,0.0151515
5889,132,130,0.0151515
5890,132,130,0.0151515
5890,132,130,0.0151515
5891,132,130,0.0151515
5892,132,130,0.0151515
5893,132,130,0.0151515
5894,132,130,0.0151515
5894,132,130,0.0151515
5895,132,130,0.0151515
5896,132,130,0.0151515
5897,132,130,0.0151515
5898,132,130,0.0151515
5900,132,130,0.0151515
5900,132,130,0.0151515
5901,132,130,0.0151515
5902,132,130,0.0151515
5903,132,130,0.0151515
5903,132,130,0.0151515
5904,132,130,0.0151515
5905,132,130,0.0151515
5906,132,130,0.0151515
5907,132,130,0.0151515
5907,132,130,0.0151515
5908,132,130,0.0151515
5909,132,130,0.0151515
5910,132,130,0.0151515
5911,132,130,0.0151515
5912,132,130,0.0151515
5913,132,130,0.0151515
5914,132,130,0.0151515
5915,132,130,0.0151515
5915,132,130,0.0151515
5916,132,130,0.0151515
5917,132,130,0.0151515
5918,132,130,0.0151515
5918,132,130,0.0151515
5919,132,130,0.0151515
5920,132,130,0.0151515
5921,132,130,0.0151515
5922,132,130,0.0151515
5922,132,130,0.0151515
5923,132,130,0.0151515
5924,132,130,0.0151515
5925,132,130,0.0151515
5926,132,130,0.0151515
5927,132,130,0.0151515
5928,132,130,0.0151515
5928,132,130,0.0151515
5930,132,130,0.0151515
5931,132,130,0.0151515
5931,132,130,0.0151515
5932,132,130,0.0151515
5933,132,130,0.0151515
5934,132,130,0.0151515
5935,132,130,0.0151515
5935,132,130,0.0151515
5936,132,130,0.0151515
5937,132,130,0.0151515
5938,132,130,0.0151515
5939,132,130,0.0151515
5940,132,130,0.0151515
5941,132,130,0.0151515
5942,132,130,0.0151515
5943,132,130,0.0151515
5943,132,130,0.0151515
5944,132,130,0.0151515
5945,132,130,0.0151515
5946,132,130,0.0151515
5947,132,130,0.0151515
5947,132,130,0.0151515
5948,132,130,0.0151515
5949,132,130,0.0151515
5951,132,130,0.0151515
5951,132,130,0.0151515
5952,132,130,0.0151515
5953,132,130,0.0151515
5954,132,130,0.0151515
5955,132,130,0.0151515
5956,132,130,0.0151515
5956,132,130,0.0151515
5957,132,130,0.0151515
5958,132,130,0.0151515
5959,132,130,0.0151515
5960,132,130,0.0151515
5961,132,130,0.0151515
5962,132,130,0.0151515
5963,132,130,0.0151515
5963,132,130,0.0151515
5964,132,130,0.0151515
5965,132,130,0.0151515
5966,132,130,0.0151515
5967,132,130,0.0151515
5967,132,130,0.0151515
5968,132,130,0.0151515
5969,132,130,0.0151515
5970,132,130,0.0151515
5971,132,130,0.0151515
5971,132,130,0.0151515
5972,132,130,0.0151515
5973,132,130,0.0151515
5974,132,130,0.0151515
5975,132,130,0.0151515
5975,132,130,0.0151515
5976,132,130,0.0151515
5978,132,130,0.0151515
5978,132,130,0.0151515
5979,132,130,0.0151515
5980,132,130,0.0151515
5981,132,130,0.0151515
5982,132,130,0.0151515
5983,132,130,0.0151515
5983,132,130,0.0151515
5984,132,130,0.0151515
5985,132,130,0.0151515
5986,132,130,0.0151515
5987,132,130,0.0151515
5987,132,130,0.0151515
5988,132,130,0.0151515
5990,132,130,0.0151515
5991,132,130,0.0151515
5992,132,130,0.0151515
5993,132,130,0.0151515
5994,132,130,0.0151515
5995,132,130,0.0151515
5996,132,130,0.0151515
5997,132,130,0.0151515
5998,132,130,0.0151515
5999,132,130,0.0151515
5999,132,130,0.0151515
6000,132,130,0.0151515
6001,132,130,0.0151515
6002,132,130,0.0151515
6002,132,130,0.0151515
6004,132,130,0.0151515
6004,132,130,0.0151515
6005,132,130,0.0151515
6006,132,130,0.0151515
6007,132,130,0.0151515
6008,132,130,0.0151515
6008,132,130,0.0151515
6009,132,130,0.0151515
6010,132,130,0.0151515
6011,132,130,0.0151515
6012,132,130,0.0151515
6012,132,130,0.0151515
6013,132,130,0.0151515
6014,132,130,0.0151515
6015,132,130,0.0151515
6016,132,130,0.0151515
6016,132,130,0.0151515
6017,132,130,0.0151515
6018,132,130,0.0151515
6019,132,130,0.0151515
6020,132,130,0.0151515
6020,132,130,0.0151515
6021,132,130,0.0151515
6022,132,130,0.0151515
6023,132,130,0.0151515
6024,132,130,0.0151515
6025,132,130,0.0151515
6026,132,130,0.0151515
6027,132,130,0.0151515
6027,132,130,0.0151515
6028,132,130,0.0151515
6029,132,130,0.0151515
6030,132,130,0.0151515
6031,132,130,0.0151515
6031,132,130,0.0151515
6032,132,130,0.0151515
6033,132,130,0.0151515
6034,132,130,0.0151515
6035,132,130,0.0151515
6036,132,130,0.0151515
6036,132,130,0.0151515
6037,132,130,0.0151515
6038,132,130,0.0151515
6039,132,130,0.0151515
6040,132,130,0.0151515
6040,132,130,0.0151515
6041,132,130,0.0151515
6042,132,130,0.0151515
6043,132,130,0.0151515
6044,132,130,0.0151515
6044,132,130,0.0151515
6045,132,130,0.0151515
6046,132,130,0.0151515
6047,132,130,0.0151515
6048,132,130,0.0151515
6049,132,130,0.0151515
6049,132,130,0.0151515
6050,132,130,0.0151515
6051,132,130,0.0151515
6052,132,130,0.0151515
6054,132,130,0.0151515
6055,132,130,0.0151515
6055,132,130,0.0151515
6056,132,130,0.0151515
6057,132,130,0.0151515
6058,132,130,0.0151515
6059,132,130,0.0151515
6060,132,130,0.0151515
6060,132,130,0.0151515
6061,132,130,0.0151515
6062,132,130,0.0151515
6063,132,130,0.0151515
6064,132,130,0.0151515
6064,132,130,0.0151515
6065,132,130,0.0151515
6066,132,130,0.0151515
6067,132,130,0.0151515
6068,132,130,0.0151515
6069,132,130,0.0151515
6070,132,130,0.0151515
6071,132,130,0.0151515
6072,132,130,0.0151515
6072,132,130,0.0151515
6074,132,130,0.0151515
6075,132,130,0.0151515
6076,132,130,0.0151515
6076,132,130,0.0151515
6077,132,130,0.0151515
6078,132,130,0.0151515
6079,132,130,0.0151515
6080,132,130,0.0151515
6081,132,130,0.0151515
6081,132,130,0.0151515
6082,132,130,0.0151515
6083,132,130,0.0151515
6084,132,130,0.0151515
6085,132,130,0.0151515
6086,132,130,0.0151515
6087,132,130,0.0151515
6087,132,130,0.0151515
6088,132,130,0.0151515
6089,132,130,0.0151515
6090,132,130,0.0151515
6091,132,130,0.0151515
6091,132,130,0.0151515
6092,132,130,0.0151515
6093,132,130,0.0151515
6094,132,130,0.0151515
6095,132,130,0.0151515
6096,132,130,0.0151515
6096,132,130,0.0151515
6097,132,130,0.0151515
6098,132,130,0.0151515
6099,132,130,0.0151515
6100,132,130,0.0151515
6101,132,130,0.0151515
6101,132,130,0.0151515
6102,132,130,0.0151515
6103,132,130,0.0151515
6104,132,130,0.0151515
6104,132,130,0.0151515
6105,132,130,0.0151515
6106,132,130,0.0151515
6107,132,130,0.0151515
6108,132,130,0.0151515
6109,132,130,0.0151515
6109,132,130,0.0151515
6110,132,130,0.0151515
6111,132,130,0.0151515
6112,132,130,0.0151515
6113,132,130,0.0151515
6114,132,130,0.0151515
6114,132,130,0.0151515
6115,132,130,0.0151515
6116,132,130,0.0151515
6117,132,130,0.0151515
6118,132,130,0.0151515
6119,132,130,0.0151515
6120,132,130,0.0151515
6121,132,130,0.0151515
6122,132,130,0.0151515
6123,132,130,0.0151515
6124,132,130,0.0151515
6124,132,130,0.0151515
6125,132,130,0.0151515
6126,132,130,0.0151515
6127,132,130,0.0151515
6128,132,130,0.0151515
6128,132,130,0.0151515
6129,132,130,0.0151515
6130,132,130,0.0151515
6131,132,130,0.0151515
6132,132,130,0.0151515
6132,132,130,0.0151515
6133,132,130,0.0151515
6134,132,130,0.0151515
6135,132,130,0.0151515
6136,132,130,0.0151515
6136,132,130,0.0151515
6137,132,130,0.0151515
6138,132,130,0.0151515
6139,132,130,0.0151515
6140,132,130,0.0151515
6141,132,130,0.0151515
6142,132,130,0.0151515
6143,132,130,0.0151515
6144,132,130,0.0151515
6144,132,130,0.0151515
6145,132,130,0.0151515
6146,132,130,0.0151515
6147,132,130,0.0151515
6148,132,130,0.0151515
6149,132,130,0.0151515
6150,132,130,0.0151515
6151,132,130,0.0151515
6151,132,130,0.0151515
6152,132,130,0.0151515
6153,132,130,0.0151515
6154,132,130,0.0151515
6155,132,130,0.0151515
6155,132,130,0.0151515
6156,132,130,0.0151515
6157,132,130,0.0151515
6158,132,130,0.0151515
6159,132,130,0.0151515
6159,132,130,0.0151515
6160,132,130,0.0151515
6161,132,130,0.0151515
6162,132,130,0.0151515
6163,132,130,0.0151515
6164,132,130,0.0151515
6165,132,130,0.0151515
6165,132,130,0.0151515
6166,132,130,0.0151515
6168,132,130,0.0151515
6168,132,130,0.0151515
6169,132,130,0.0151515
6170,132,130,0.0151515
6171,132,130,0.0151515
6172,132,130,0.0151515
6172,132,130,0.0151515
6173,132,130,0.0151515
6174,132,130,0.0151515
6175,132,130,0.0151515
6176,132,130,0.0151515
6177,132,130,0.0151515
6178,132,130,0.0151515
6179,132,130,0.0151515
6179,132,130,0.0151515
6180,132,130,0.0151515
6181,132,130,0.0151515
6182,132,130,0.0151515
6183,132,130,0.0151515
6183,132,130,0.0151515
6184,132,130,0.0151515
6185,132,130,0.0151515
6186,132,130,0.0151515
6187,132,130,0.0151515
6188,132,130,0.0151515
6189,132,130,0.0151515
6190,132,130,0.0151515
6190,132,130,0.0151515
6191,132,130,0.0151515
6192,132,130,0.0151515
6193,132,130,0.0151515
6194,132,130,0.0151515
6195,132,130,0.0151515
6195,132,130,0.0151515
6196,132,130,0.0151515
6197,132,130,0.0151515
6198,132,130,0.0151515
6199,132,130,0.0151515
6199,132,130,0.0151515
6200,132,130,0.0151515
6201,132,130,0.0151515
6202,132,130,0.0151515
6203,132,130,0.0151515
6203,132,130,0.0151515
6204,132,130,0.0151515
6205,132,130,0.0151515
6206,132,130,0.0151515
6207,132,130,0.0151515
6208,132,130,0.0151515
6208,132,130,0.0151515
6209,132,130,0.0151515
6210,132,130,0.0151515
6211,132,130,0.0151515
6212,132,130,0.0151515
6212,132,130,0.0151515
6213,132,130,0.0151515
6214,132,130,0.0151515
6215,132,130,0.0151515
6216,132,130,0.0151515
6217,132,130,0.0151515
6218,132,130,0.0151515
6218,132,130,0.0151515
6219,132,130,0.0151515
6220,132,130,0.0151515
6221,132,130,0.0151515
6222,132,130,0.0151515
6223,132,130,0.0151515
6224,132,130,0.0151515
6224,132,130,0.0151515
6225,132,130,0.0151515
6226,132,130,0.0151515
6227,132,130,0.0151515
6228,132,130,0.0151515
6228,132,130,0.0151515
6229,132,130,0.0151515
6230,132,130,0.0151515
6231,132,130,0.0151515
6232,132,130,0.0151515
6233,132,130,0.0151515
6234,132,130,0.0151515
6235,132,130,0.0151515
6235,132,130,0.0151515
6236,132,130,0.0151515
6237,132,130,0.0151515
6238,132,130,0.0151515
6239,132,130,0.0151515
6239,132,130,0.0151515
6240,132,130,0.0151515
6241,132,130,0.0151515
6242,132,130,0.0151515
6243,132,130,0.0151515
6243,132,130,0.0151515
6244,132,130,0.0151515
6245,132,130,0.0151515
6246,132,130,0.0151515
6247,132,130,0.0151515
6248,132,130,0.0151515
6249,132,130,0.0151515
6250,132,130,0.0151515
6251,132,130,0.0151515
6251,132,130,0.0151515
6252,132,130,0.0151515
6253,132,130,0.0151515
6254,132,130,0.0151515
6255,132,130,0.0151515
6255,132,130,0.0151515
6256,132,130,0.0151515
6257,132,130,0.0151515
6258,132,130,0.0151515
6259,132,130,0.0151515
6259,132,130,0.0151515
6260,132,130,0.0151515
6261,132,130,0.0151515
6262,132,130,0.0151515
6263,132,130,0.0151515
6263,132,130,0.0151515
6264,132,130,0.0151515
6265,132,130,0.0151515
6266,132,130,0.0151515
6267,132,130,0.0151515
6267,132,130,0.0151515
6268,132,130,0.0151515
6269,132,130,0.0151515
6270,132,130,0.0151515
6271,132,130,0.0151515
6271,132,130,0.0151515
6272,132,130,0.0151515
6273,132,130,0.0151515
6274,132,130,0.0151515
6275,132,130,0.0151515
6275,132,130,0.0151515
6277,132,130,0.0151515
6277,132,130,0.0151515
6278,132,130,0.0151515
6279,132,130,0.0151515
6280,132,130,0.0151515
6281,132,130,0.0151515
6282,132,130,0.0151515
6283,132,130,0.0151515
6283,132,130,0.0151515
6284,132,130,0.0151515
6285,132,130,0.0151515
6286,132,130,0.0151515
6288,132,130,0.0151515
6288,132,130,0.0151515
6289,132,130,0.0151515
6290,132,130,0.0151515
6291,132,130,0.0151515
6292,132,130,0.0151515
6293,132,130,0.0151515
6293,132,130,0.0151515
6294,132,130,0.0151515
6295,132,130,0.0151515
6296,132,130,0.0151515
6297,132,130,0.0151515
6298,132,130,0.0151515
6298,132,130,0.0151515
6299,132,130,0.0151515
6300,132,130,0.0151515
6302,132,130,0.0151515
6303,132,130,0.0151515
6303,132,130,0.0151515
6305,132,130,0.0151515
6306,132,130,0.0151515
6307,132,130,0.0151515
6308,132,130,0.0151515
6309,132,130,0.0151515
6310,132,130,0.0151515
6311,132,130,0.0151515
6312,132,130,0.0151515
6313,132,130,0.0151515
6314,132,130,0.0151515
6315,132,130,0.0151515
6316,132,130,0.0151515
6316,132,130,0.0151515
6317,132,130,0.0151515
6318,132,130,0.0151515
6319,132,130,0.0151515
6320,132,130,0.0151515
6320,132,130,0.0151515
6321,132,130,0.0151515
6322,132,130,0.0151515
6323,132,130,0.0151515
6324,132,130,0.0151515
6325,132,130,0.0151515
6325,132,130,0.0151515
6326,132,130,0.0151515
6327,132,130,0.0151515
6328,132,130,0.0151515
6329,132,130,0.0151515
6330,132,130,0.0151515
6331,132,130,0.0151515
6332,132,130,0.0151515
6333,132,130,0.0151515
6333,132,130,0.0151515
6334,132,130,0.0151515
6335,132,130,0.0151515
6336,132,130,0.0151515
6337,132,130,0.0151515
6338,132,130,0.0151515
6338,132,130,0.0151515
6339,132,130,0.0151515
6340,132,130,0.0151515
6341,132,130,0.0151515
6342,132,130,0.0151515
6343,132,130,0.0151515
6343,132,130,0.0151515
6344,132,130,0.0151515
6345,132,130,0.0151515
6346,132,130,0.0151515
6347,132,130,0.0151515
6348,132,130,0.0151515
6349,132,130,0.0151515
6350,132,130,0.0151515
6350,132,130,0.0151515
6351,132,130,0.0151515
6352,132,130,0.0151515
6353,132,130,0.0151515
6353,132,130,0.0151515
6354,132,130,0.0151515
6355,132,130,0.0151515
6356,132,130,0.0151515
6357,132,130,0.0151515
6358,132,130,0.0151515
6358,132,130,0.0151515
6359,132,130,0.0151515
6360,132,130,0.0151515
6361,132,130,0.0151515
6362,132,130,0.0151515
6363,132,130,0.0151515
6363,132,130,0.0151515
6364,132,130,0.0151515
6365,132,130,0.0151515
6366,132,130,0.0151515
6367,132,130,0.0151515
6368,132,130,0.0151515
6369,132,130,0.0151515
6370,132,130,0.0151515
6371,132,130,0.0151515
6371,132,130,0.0151515
6372,132,130,0.0151515
6373,132,130,0.0151515
6374,132,130,0.0151515
6375,132,130,0.0151515
6376,132,130,0.0151515
6377,132,130,0.0151515
6378,132,130,0.0151515
6378,132,130,0.0151515
6379,132,130,0.0151515
6380,132,130,0.0151515
6381,132,130,0.0151515
6382,132,130,0.0151515
6383,132,130,0.0151515
6384,132,130,0.0151515
6384,132,130,0.0151515
6385,132,130,0.0151515
6386,132,130,0.0151515
6387,132,130,0.0151515
6389,132,130,0.0151515
6389,132,130,0.0151515
6390,132,130,0.0151515
6391,132,130,0.0151515
6392,132,130,0.0151515
6393,132,130,0.0151515
6393,132,130,0.0151515
6394,132,130,0.0151515
6395,132,130,0.0151515
6396,132,130,0.0151515
6397,132,130,0.0151515
6398,132,130,0.0151515
6399,132,130,0.0151515
6400,132,130,0.0151515
6401,132,130,0.0151515
6402,132,130,0.0151515
6403,132,130,0.0151515
6404,132,130,0.0151515
6405,132,130,0.0151515
6405,132,130,0.0151515
6406,132,130,0.0151515
6407,132,130,0.0151515
6408,132,130,0.0151515
6409,132,130,0.0151515
6410,132,130,0.0151515
6410,132,130,0.0151515
6411,132,130,0.0151515
6412,132,130,0.0151515
6413,132,130,0.0151515
6414,132,130,0.0151515
6415,132,130,0.0151515
6416,132,130,0.0151515
6416,132,130,0.0151515
6417,132,130,0.0151515
6418,132,130,0.0151515
6419,132,130,0.0151515
6420,132,130,0.0151515
6420,132,130,0.0151515
6421,132,130,0.0151515
6422,132,130,0.0151515
6423,132,130,0.0151515
6424,132,130,0.0151515
6424,132,130,0.0151515
6425,132,130,0.0151515
6426,132,130,0.0151515
6427,132,130,0.0151515
6428,132,130,0.0151515
6428,132,130,0.0151515
6429,132,130,0.0151515
6430,132,130,0.0151515
6431,132,130,0.0151515
6432,132,130,0.0151515
6433,132,130,0.0151515
6433,132,130,0.0151515
6434,132,130,0.0151515
6435,132,130,0.0151515
6436,132,130,0.0151515
6437,132,130,0.0151515
6437,132,130,0.0151515
6438,132,130,0.0151515
6439,132,130,0.0151515
6440,132,130,0.0151515
6441,132,130,0.0151515
6442,132,130,0.0151515
6443,132,130,0.0151515
6444,132,130,0.0151515
6444,132,130,0.0151515
6445,132,130,0.0151515
6446,132,130,0.0151515
6447,132,130,0.0151515
6448,132,130,0.0151515
6449,132,130,0.0151515
6449,132,130,0.0151515
6450,132,130,0.0151515
6451,132,130,0.0151515
6452,132,130,0.0151515
6453,132,130,0.0151515
6454,132,130,0.0151515
6455,132,130,0.0151515
6456,132,130,0.0151515
6456,132,130,0.0151515
6457,132,130,0.0151515
6458,132,130,0.0151515
6459,132,130,0.0151515
6460,132,130,0.0151515
6460,132,130,0.0151515
6461,132,130,0.0151515
6462,132,130,0.0151515
6463,132,130,0.0151515
6464,132,130,0.0151515
6465,132,130,0.0151515
6466,132,130,0.0151515
6467,132,130,0.0151515
6468,132,130,0.0151515
6469,132,130,0.0151515
6470,132,130,0.0151515
6471,132,130,0.0151515
6472,132,130,0.0151515
6472,132,130,0.0151515
6473,132,130,0.0151515
6474,132,130,0.0151515
6475,132,130,0.0151515
6476,132,130,0.0151515
6476,132,130,0.0151515
6477,132,130,0.0151515
6478,132,130,0.0151515
6479,132,130,0.0151515
6480,132,130,0.0151515
6480,132,130,0.0151515
6481,132,130,0.0151515
6482,132,130,0.0151515
6483,132,130,0.0151515
6484,132,130,0.0151515
6484,132,130,0.0151515
6485,132,130,0.0151515
6486,132,130,0.0151515
6487,132,130,0.0151515
6488,132,130,0.0151515
6489,132,130,0.0151515
6489,132,130,0.0151515
6490,132,130,0.0151515
6491,132,130,0.0151515
6492,132,130,0.0151515
6493,132,130,0.0151515
6494,132,130,0.0151515
6494,132,130,0.0151515
6495,132,130,0.0151515
6496,132,130,0.0151515
6497,132,130,0.0151515
6498,132,130,0.0151515
6498,132,130,0.0151515
6499,132,130,0.0151515
6500,132,130,0.0151515
6501,132,130,0.0151515
6502,132,130,0.0151515
6503,132,130,0.0151515
6503,132,130,0.0151515
6504,132,130,0.0151515
6505,132,130,0.0151515
6506,132,130,0.0151515
6507,132,130,0.0151515
6507,132,130,0.0151515
6508,132,130,0.0151515
6509,132,130,0.0151515
6510,132,130,0.0151515
6511,132,130,0.0151515
6511,132,130,0.0151515
6512,132,130,0.0151515
6513,132,130,0.0151515
6514,132,130,0.0151515
6515,132,130,0.0151515
6516,132,130,0.0151515
6516,132,130,0.0151515
6517,132,130,0.0151515
6518,132,130,0.0151515
6519,132,130,0.0151515
6519,132,130,0.0151515
6520,132,130,0.0151515
6521,132,130,0.0151515
6522,132,130,0.0151515
6523,132,130,0.0151515
6524,132,130,0.0151515
6524,132,130,0.0151515
6525,132,130,0.0151515
6526,132,130,0.0151515
6527,132,130,0.0151515
6528,132,130,0.0151515
6528,132,130,0.0151515
6529,132,130,0.0151515
6530,132,130,0.0151515
6531,132,130,0.0151515
6532,132,130,0.0151515
6533,132,130,0.0151515
6533,132,130,0.0151515
6534,132,130,0.0151515
6535,132,130,0.0151515
6536,132,130,0.0151515
6537,132,130,0.0151515
6537,132,130,0.0151515
6538,132,130,0.0151515
6539,132,130,0.0151515
6540,132,130,0.0151515
6541,132,130,0.0151515
6541,132,130,0.0151515
6542,132,130,0.0151515
6543,132,130,0.0151515
6544,132,130,0.0151515
6545,132,130,0.0151515
6545,132,130,0.0151515
6546,132,130,0.0151515
6547,132,130,0.0151515
6548,132,130,0.0151515
6549,132,130,0.0151515
6550,132,130,0.0151515
6550,132,130,0.0151515
6551,132,130,0.0151515
6552,132,130,0.0151515
6553,132,130,0.0151515
6554,132,130,0.0151515
6555,132,130,0.0151515
6556,132,130,0.0151515
6556,132,130,0.0151515
6557,132,130,0.0151515
6558,132,130,0.0151515
6559,132,130,0.0151515
6560,132,130,0.0151515
6561,132,130,0.0151515
6562,132,130,0.0151515
6563,132,130,0.0151515
6563,132,130,0.0151515
6564,132,130,0.0151515
6565,132,130,0.0151515
6566,132,130,0.0151515
6567,132,130,0.0151515
6567,132,130,0.0151515
6568,132,130,0.0151515
6569,132,130,0.0151515
6570,132,130,0.0151515
6571,132,130,0.0151515
6573,132,130,0.0151515
6574,132,130,0.0151515
6575,132,130,0.0151515
6576,132,130,0.0151515
6577,132,130,0.0151515
6578,132,130,0.0151515
6579,132,130,0.0151515
6580,132,130,0.0151515
6581,132,130,0.0151515
6582,132,130,0.0151515
6583,132,130,0.0151515
6583,132,130,0.0151515
6584,132,130,0.0151515
6585,132,130,0.0151515
6586,132,130,0.0151515
6587,132,130,0.0151515
6587,132,130,0.0151515
6588,132,130,0.0151515
6589,132,130,0.0151515
6590,132,130,0.0151515
6591,132,130,0.0151515
6591,132,130,0.0151515
6592,132,130,0.0151515
6593,132,130,0.0151515
6594,132,130,0.0151515
6595,132,130,0.0151515
6596,132,130,0.0151515
6597,132,130,0.0151515
6597,132,130,0.0151515
6598,132,130,0.0151515
6599,132,130,0.0151515
6600,132,130,0.0151515
6601,132,130,0.0151515
6601,132,130,0.0151515
6602,132,130,0.0151515
6603,132,130,0.0151515
6604,132,130,0.0151515
6605,132,130,0.0151515
6605,132,130,0.0151515
6606,132,130,0.0151515
6607,132,130,0.0151515
6608,132,130,0.0151515
6609,132,130,0.0151515
6609,132,130,0.0151515
6610,132,130,0.0151515
6611,132,130,0.0151515
6612,132,130,0.0151515
6613,132,130,0.0151515
6613,132,130,0.0151515
6614,132,130,0.0151515
6615,132,130,0.0151515
6616,132,130,0.0151515
6617,132,130,0.0151515
6618,132,130,0.0151515
6618,132,130,0.0151515
6619,132,130,0.0151515
6620,132,130,0.0151515
6621,132,130,0.0151515
6622,132,130,0.0151515
6622,132,130,0.0151515
6623,132,130,0.0151515
6624,132,130,0.0151515
6625,132,130,0.0151515
6626,132,130,0.0151515
6626,132,130,0.0151515
6627,132,130,0.0151515
6628,132,130,0.0151515
6629,132,130,0.0151515
6629,132,130,0.0151515
6630,132,130,0.0151515
6631,132,130,0.0151515
6632,132,130,0.0151515
6633,132,130,0.0151515
6633,132,130,0.0151515
6634,132,130,0.0151515
6635,132,130,0.0151515
6636,132,130,0.0151515
6637,132,130,0.0151515
6637,132,130,0.0151515
6638,132,130,0.0151515
6639,132,130,0.0151515
6640,132,130,0.0151515
6641,132,130,0.0151515
6642,132,130,0.0151515
6643,132,130,0.0151515
6644,132,130,0.0151515
6645,132,130,0.0151515
6645,132,130,0.0151515
6646,132,130,0.0151515
6647,132,130,0.0151515
6648,132,130,0.0151515
6649,132,130,0.0151515
6649,132,130,0.0151515
6650,132,130,0.0151515
6651,132,130,0.0151515
6652,132,130,0.0151515
6653,132,130,0.0151515
6653,132,130,0.0151515
6654,132,130,0.0151515
6655,132,130,0.0151515
6656,132,130,0.0151515
6657,132,130,0.0151515
6657,132,130,0.0151515
6658,132,130,0.0151515
6659,132,130,0.0151515
6660,132,130,0.0151515
6661,132,130,0.0151515
6662,132,130,0.0151515
6663,132,130,0.0151515
6664,132,130,0.0151515
6665,132,130,0.0151515
6665,132,130,0.0151515
6666,132,130,0.0151515
6667,132,130,0.0151515
6668,132,130,0.0151515
6668,132,130,0.0151515
6669,132,130,0.0151515
6670,132,130,0.0151515
6671,132,130,0.0151515
6672,132,130,0.0151515
6672,132,130,0.0151515
6673,132,130,0.0151515
6674,132,130,0.0151515
6675,132,130,0.0151515
6676,132,130,0.0151515
6676,132,130,0.0151515
6677,132,130,0.0151515
6678,132,130,0.0151515
6679,132,130,0.0151515
6680,132,130,0.0151515
6680,132,130,0.0151515
6681,132,130,0.0151515
6682,132,130,0.0151515
6683,132,130,0.0151515
6684,132,130,0.0151515
6684,132,130,0.0151515
6685,132,130,0.0151515
6686,132,130,0.0151515
6687,132,130,0.0151515
6688,132,130,0.0151515
6688,132,130,0.0151515
6689,132,130,0.0151515
6690,132,130,0.0151515
6691,132,130,0.0151515
6692,132,130,0.0151515
6692,132,130,0.0151515
6693,132,130,0.0151515
6694,132,130,0.0151515
6695,132,130,0.0151515
6696,132,130,0.0151515
6696,132,130,0.0151515
6697,132,130,0.0151515
6698,132,130,0.0151515
6699,132,130,0.0151515
6700,132,130,0.0151515
6701,132,130,0.0151515
6702,132,130,0.0151515
6703,132,130,0.0151515
6704,132,130,0.0151515
6705,132,130,0.0151515
6706,132,130,0.0151515
6707,132,130,0.0151515
6707,132,130,0.0151515
6708,132,130,0.0151515
6709,132,130,0.0151515
6710,132,130,0.0151515
6711,132,130,0.0151515
6712,132,130,0.0151515
6713,132,130,0.0151515
6713,132,130,0.0151515
6714,132,130,0.0151515
6715,132,130,0.0151515
6716,132,130,0.0151515
6717,132,130,0.0151515
6718,132,130,0.0151515
6719,132,130,0.0151515
6720,132,130,0.0151515
6720,132,130,0.0151515
6721,132,130,0.0151515
6722,132,130,0.0151515
6723,132,130,0.0151515
6724,132,130,0.0151515
6724,132,130,0.0151515
6725,132,130,0.0151515
6726,132,130,0.0151515
6727,132,130,0.0151515
6728,132,130,0.0151515
6729,132,130,0.0151515
6729,132,130,0.0151515
6730,132,130,0.0151515
6731,132,130,0.0151515
6732,132,130,0.0151515
6733,132,130,0.0151515
6733,132,130,0.0151515
6734,132,130,0.0151515
6735,132,130,0.0151515
6736,132,130,0.0151515
6737,132,130,0.0151515
6737,132,130,0.0151515
6738,132,130,0.0151515
6739,132,130,0.0151515
6740,132,130,0.0151515
6741,132,130,0.0151515
6742,132,130,0.0151515
6743,132,130,0.0151515
6743,132,130,0.0151515
6744,132,130,0.0151515
6745,132,130,0.0151515
6746,132,130,0.0151515
6747,132,130,0.0151515
6748,132,130,0.0151515
6749,132,130,0.0151515
6749,132,130,0.0151515
6750,132,130,0.0151515
6751,132,130,0.0151515
6752,132,130,0.0151515
6753,132,130,0.0151515
6753,132,130,0.0151515
6754,132,130,0.0151515
6755,132,130,0.0151515
6756,132,130,0.0151515
6757,132,130,0.0151515
6758,132,130,0.0151515
6758,132,130,0.0151515
6759,132,130,0.0151515
6760,132,130,0.0151515
6761,132,130,0.0151515
6762,132,130,0.0151515
6763,132,130,0.0151515
6763,132,130,0.0151515
6765,132,130,0.0151515
6765,132,130,0.0151515
6766,132,130,0.0151515
6767,132,130,0.0151515
6768,132,130,0.0151515
6769,132,130,0.0151515
6769,132,130,0.0151515
6770,132,130,0.0151515
6771,132,130,0.0151515
6772,132,130,0.0151515
6773,132,130,0.0151515
6773,132,130,0.0151515
6774,132,130,0.0151515
6775,132,130,0.0151515
6776,132,130,0.0151515
6777,132,130,0.0151515
6778,132,130,0.0151515
6779,132,130,0.0151515
6780,132,130,0.0151515
6780,132,130,0.0151515
6781,132,130,0.0151515
6782,132,130,0.0151515
6783,132,130,0.0151515
6784,132,130,0.0151515
6784,132,130,0.0151515
6785,132,130,0.0151515
6787,132,130,0.0151515
6787,132,130,0.0151515
6788,132,130,0.0151515
6789,132,130,0.0151515
6790,132,130,0.0151515
6791,132,130,0.0151515
6792,132,130,0.0151515
6793,132,130,0.0151515
6794,132,130,0.0151515
6794,132,130,0.0151515
6795,132,130,0.0151515
6796,132,130,0.0151515
6797,132,130,0.0151515
6798,132,130,0.0151515
6798,132,130,0.0151515
6799,132,130,0.0151515
6800,132,130,0.0151515
6801,132,130,0.0151515
6802,132,130,0.0151515
6803,132,130,0.0151515
6804,132,130,0.0151515
6804,132,130,0.0151515
6805,132,130,0.0151515
6806,132,130,0.0151515
6807,132,130,0.0151515
6808,132,130,0.0151515
6808,132,130,0.0151515
6809,132,130,0.0151515
6810,132,130,0.0151515
6811,132,130,0.0151515
6812,132,130,0.0151515
6812,132,130,0.0151515
6813,132,130,0.0151515
6814,132,130,0.0151515
6815,132,130,0.0151515
6816,132,130,0.0151515
6816,132,130,0.0151515
6817,132,130,0.0151515
6818,132,130,0.0151515
6819,132,130,0.0151515
6820,132,130,0.0151515
6821,132,130,0.0151515
6822,132,130,0.0151515
6823,132,130,0.0151515
6823,132,130,0.0151515
6824,132,130,0.0151515
6825,132,130,0.0151515
6826,132,130,0.0151515
6826,132,130,0.0151515
6827,132,130,0.0151515
6828,132,130,0.0151515
6829,132,130,0.0151515
6830,132,130,0.0151515
6830,132,130,0.0151515
6831,132,130,0.0151515
6832,132,130,0.0151515
6833,132,130,0.0151515
6834,132,130,0.0151515
6834,132,130,0.0151515
6835,132,130,0.0151515
6836,132,130,0.0151515
6837,132,130,0.0151515
6838,132,130,0.0151515
6839,132,130,0.0151515
6840,132,130,0.0151515
6840,132,130,0.0151515
6841,132,130,0.0151515
6842,132,130,0.0151515
6843,132,130,0.0151515
6844,132,130,0.0151515
6844,132,130,0.0151515
6845,132,130,0.0151515
6846,132,130,0.0151515
6847,132,130,0.0151515
6847,132,130,0.0151515
6848,132,130,0.0151515
6849,132,130,0.0151515
6850,132,130,0.0151515
6851,132,130,0.0151515
6851,132,130,0.0151515
6852,132,130,0.0151515
6853,132,130,0.0151515
6854,132,130,0.0151515
6855,132,130,0.0151515
6855,132,130,0.0151515
6856,132,130,0.0151515
6857,132,130,0.0151515
6858,132,130,0.0151515
6859,132,130,0.0151515
6859,132,130,0.0151515
6860,132,130,0.0151515
6861,132,130,0.0151515
6862,132,130,0.0151515
6863,132,130,0.0151515
6863,132,130,0.0151515
6864,132,130,0.0151515
6865,132,130,0.0151515
6866,132,130,0.0151515
6867,132,130,0.0151515
6867,132,130,0.0151515
6869,132,130,0.0151515
6869,132,130,0.0151515
6870,132,130,0.0151515
6871,132,130,0.0151515
6872,132,130,0.0151515
6873,132,130,0.0151515
6874,132,130,0.0151515
6874,132,130,0.0151515
6875,132,130,0.0151515
6876,132,130,0.0151515
6877,132,130,0.0151515
6878,132,130,0.0151515
6878,132,130,0.0151515
6879,132,130,0.0151515
6880,132,130,0.0151515
6881,132,130,0.0151515
6882,132,130,0.0151515
6882,132,130,0.0151515
6883,132,130,0.0151515
6884,132,130,0.0151515
6885,132,130,0.0151515
6886,132,130,0.0151515
6886,132,130,0.0151515
6887,132,130,0.0151515
6888,132,130,0.0151515
6889,132,130,0.0151515
6890,132,130,0.0151515
6891,132,130,0.0151515
6891,132,130,0.0151515
6893,132,130,0.0151515
6894,132,130,0.0151515
6895,132,130,0.0151515
6896,132,130,0.0151515
6896,132,130,0.0151515
6897,132,130,0.0151515
6898,132,130,0.0151515
6899,132,130,0.0151515
6900,132,130,0.0151515
6900,132,130,0.0151515
6901,132,130,0.0151515
6902,132,130,0.0151515
6903,132,130,0.0151515
6904,132,130,0.0151515
6904,132,130,0.0151515
6905,132,130,0.0151515
6906,132,130,0.0151515
6908,132,130,0.0151515
6908,132,130,0.0151515
6909,132,130,0.0151515
6911,132,130,0.0151515
6911,132,130,0.0151515
6912,132,130,0.0151515
6913,132,130,0.0151515
6914,132,130,0.0151515
6915,132,130,0.0151515
6915,132,130,0.0151515
6916,132,130,0.0151515
6917,132,130,0.0151515
6918,132,130,0.0151515
6919,132,130,0.0151515
6919,132,130,0.0151515
6920,132,130,0.0151515
6921,132,130,0.0151515
6922,132,130,0.0151515
6923,132,130,0.0151515
6923,132,130,0.0151515
6924,132,130,0.0151515
6925,132,130,0.0151515
6926,132,130,0.0151515
6927,132,130,0.0151515
6928,132,130,0.0151515
6928,132,130,0.0151515
6929,132,130,0.0151515
6930,132,130,0.0151515
6931,132,130,0.0151515
6932,132,130,0.0151515
6932,132,130,0.0151515
6933,132,130,0.0151515
6934,132,130,0.0151515
6935,132,130,0.0151515
6936,132,130,0.0151515
6936,132,130,0.0151515
6937,132,130,0.0151515
6938,132,130,0.0151515
6939,132,130,0.0151515
6940,132,130,0.0151515
6941,132,130,0.0151515
6942,132,130,0.0151515
6943,132,130,0.0151515
6944,132,130,0.0151515
6944,132,130,0.0151515
6945,132,130,0.0151515
6946,132,130,0.0151515
6947,132,130,0.0151515
6948,132,130,0.0151515
6948,132,130,0.0151515
6949,132,130,0.0151515
6950,132,130,0.0151515
6951,132,130,0.0151515
6952,132,130,0.0151515
6953,132,130,0.0151515
6954,132,130,0.0151515
6955,132,130,0.0151515
6955,132,130,0.0151515
6956,132,130,0.0151515
6957,132,130,0.0151515
6958,132,130,0.0151515
6959,132,130,0.0151515
6960,132,130,0.0151515
6960,132,130,0.0151515
6961,132,130,0.0151515
6962,132,130,0.0151515
6963,132,130,0.0151515
6964,132,130,0.0151515
6965,132,130,0.0151515
6966,132,130,0.0151515
6967,132,130,0.0151515
6968,132,130,0.0151515
6969,132,130,0.0151515
6970,132,130,0.0151515
6971,132,130,0.0151515
6971,132,130,0.0151515
6972,132,130,0.0151515
6973,132,130,0.0151515
6974,132,130,0.0151515
6975,132,130,0.0151515
6975,132,130,0.0151515
6976,132,130,0.0151515
6977,132,130,0.0151515
6978,132,130,0.0151515
6980,132,130,0.0151515
6980,132,130,0.0151515
6981,132,130,0.0151515
6982,132,130,0.0151515
6983,132,130,0.0151515
6984,132,130,0.0151515
6984,132,130,0.0151515
6985,132,130,0.0151515
6986,132,130,0.0151515
6987,132,130,0.0151515
6988,132,130,0.0151515
6988,132,130,0.0151515
6989,132,130,0.0151515
6990,132,130,0.0151515
6991,132,130,0.0151515
6992,132,130,0.0151515
6993,132,130,0.0151515
6994,132,130,0.0151515
6994,132,130,0.0151515
6995,132,130,0.0151515
6996,132,130,0.0151515
6997,132,130,0.0151515
6998,132,130,0.0151515
6998,132,130,0.0151515
6999,132,130,0.0151515
7000,132,130,0.0151515
7001,132,130,0.0151515
7002,132,130,0.0151515
7003,132,130,0.0151515
7003,132,130,0.0151515
7004,132,130,0.0151515
7006,132,130,0.0151515
7007,132,130,0.0151515
7007,132,130,0.0151515
7008,132,130,0.0151515
7009,132,130,0.0151515
7010,132,130,0.0151515
7011,132,130,0.0151515
7012,132,130,0.0151515
7012,132,130,0.0151515
7013,132,130,0.0151515
7014,132,130,0.0151515
7015,132,130,0.0151515
7016,132,130,0.0151515
7016,132,130,0.0151515
7017,132,130,0.0151515
7018,132,130,0.0151515
7019,132,130,0.0151515
7020,132,130,0.0151515
7020,132,130,0.0151515
7021,132,130,0.0151515
7022,132,130,0.0151515
7023,132,130,0.0151515
7024,132,130,0.0151515
7025,132,130,0.0151515
7025,132,130,0.0151515
7026,132,130,0.0151515
7027,132,130,0.0151515
7028,132,130,0.0151515
7029,132,130,0.0151515
7030,132,130,0.0151515
7030,132,130,0.0151515
7031,132,130,0.0151515
7032,132,130,0.0151515
7033,132,130,0.0151515
7034,132,130,0.0151515
7035,132,130,0.0151515
7036,132,130,0.0151515
7036,132,130,0.0151515
7037,132,130,0.0151515
7038,132,130,0.0151515
7039,132,130,0.0151515
7040,132,130,0.0151515
7040,132,130,0.0151515
7041,132,130,0.0151515
7042,132,130,0.0151515
7043,132,130,0.0151515
7044,132,130,0.0151515
7045,132,130,0.0151515
7045,132,130,0.0151515
7046,132,130,0.0151515
7047,132,130,0.0151515
7048,132,130,0.0151515
7049,132,130,0.0151515
7050,132,130,0.0151515
7050,132,130,0.0151515
7051,132,130,0.0151515
7052,132,130,0.0151515
7053,132,130,0.0151515
7054,132,130,0.0151515
7054,132,130,0.0151515
7055,132,130,0.0151515
7056,132,130,0.0151515
7057,132,130,0.0151515
7058,132,130,0.0151515
7058,132,130,0.0151515
7059,132,130,0.0151515
7060,132,130,0.0151515
7061,132,130,0.0151515
7061,132,130,0.0151515
7062,132,130,0.0151515
7063,132,130,0.0151515
7064,132,130,0.0151515
7065,132,130,0.0151515
7066,132,130,0.0151515
7066,132,130,0.0151515
7067,132,130,0.0151515
7068,132,130,0.0151515
7069,132,130,0.0151515
7070,132,130,0.0151515
7070,132,130,0.0151515
7071,132,130,0.0151515
7072,132,130,0.0151515
7073,132,130,0.0151515
7074,132,130,0.0151515
7074,132,130,0.0151515
7075,132,130,0.0151515
7076,132,130,0.0151515
7077,132,130,0.0151515
7078,132,130,0.0151515
7078,132,130,0.0151515
7079,132,130,0.0151515
7080,132,130,0.0151515
7081,132,130,0.0151515
7082,132,130,0.0151515
7083,132,130,0.0151515
7083,132,130,0.0151515
7084,132,130,0.0151515
7085,132,130,0.0151515
7086,132,130,0.0151515
7086,132,130,0.0151515
7087,132,130,0.0151515
7088,132,130,0.0151515
7089,132,130,0.0151515
7090,132,130,0.0151515
7091,132,130,0.0151515
7092,132,130,0.0151515
7093,132,130,0.0151515
7093,132,130,0.0151515
7094,132,130,0.0151515
7095,132,130,0.0151515
7096,132,130,0.0151515
7097,132,130,0.0151515
7097,132,130,0.0151515
7098,132,130,0.0151515
7099,132,130,0.0151515
7100,132,130,0.0151515
7101,132,130,0.0151515
7101,132,130,0.0151515
7102,132,130,0.0151515
7103,132,130,0.0151515
7104,132,130,0.0151515
7105,132,130,0.0151515
7105,132,130,0.0151515
7106,132,130,0.0151515
7107,132,130,0.0151515
7108,132,130,0.0151515
7108,132,130,0.0151515
7109,132,130,0.0151515
7110,132,130,0.0151515
7111,132,130,0.0151515
7112,132,130,0.0151515
7112,132,130,0.0151515
7113,132,130,0.0151515
7114,132,130,0.0151515
7115,132,130,0.0151515
7116,132,130,0.0151515
7116,132,130,0.0151515
7117,132,130,0.0151515
7118,132,130,0.0151515
7119,132,130,0.0151515
7119,132,130,0.0151515
7120,132,130,0.0151515
7121,132,130,0.0151515
7122,132,130,0.0151515
7123,132,130,0.0151515
7123,132,130,0.0151515
7125,132,130,0.0151515
7126,132,130,0.0151515
7126,132,130,0.0151515
7127,132,130,0.0151515
7128,132,130,0.0151515
7129,132,130,0.0151515
7130,132,130,0.0151515
7130,132,130,0.0151515
7131,132,130,0.0151515
7132,132,130,0.0151515
7133,132,130,0.0151515
7133,132,130,0.0151515
7134,132,130,0.0151515
7135,132,130,0.0151515
7136,132,130,0.0151515
7137,132,130,0.0151515
7138,132,130,0.0151515
7139,132,130,0.0151515
7140,132,130,0.0151515
7140,132,130,0.0151515
7141,132,130,0.0151515
7142,132,130,0.0151515
7143,132,130,0.0151515
7143,132,130,0.0151515
7144,132,130,0.0151515
7145,132,130,0.0151515
7146,132,130,0.0151515
7147,132,130,0.0151515
7147,132,130,0.0151515
7148,132,130,0.0151515
7149,132,130,0.0151515
7150,132,130,0.0151515
7151,132,130,0.0151515
7151,132,130,0.0151515
7152,132,130,0.0151515
7153,132,130,0.0151515
7154,132,130,0.0151515
7155,132,130,0.0151515
7155,132,130,0.0151515
7156,132,130,0.0151515
7157,132,130,0.0151515
7158,132,130,0.0151515
7159,132,130,0.0151515
7160,132,130,0.0151515
7161,132,130,0.0151515
7162,132,130,0.0151515
7163,132,130,0.0151515
7163,132,130,0.0151515
7164,132,130,0.0151515
7165,132,130,0.0151515
7166,132,130,0.0151515
7167,132,130,0.0151515
7167,132,130,0.0151515
7168,132,130,0.0151515
7169,132,130,0.0151515
7170,132,130,0.0151515
7171,132,130,0.0151515
7171,132,130,0.0151515
7172,132,130,0.0151515
7173,132,130,0.0151515
7174,132,130,0.0151515
7175,132,130,0.0151515
7176,132,130,0.0151515
7176,132,130,0.0151515
7177,132,130,0.0151515
7178,132,130,0.0151515
7179,132,130,0.0151515
7180,132,130,0.0151515
7181,132,130,0.0151515
7182,132,130,0.0151515
7182,132,130,0.0151515
7183,132,130,0.0151515
7184,132,130,0.0151515
7185,132,130,0.0151515
7186,132,130,0.0151515
7186,132,130,0.0151515
7187,132,130,0.0151515
7188,132,130,0.0151515
7189,132,130,0.0151515
7190,132,130,0.0151515
7190,132,130,0.0151515
7191,132,130,0.0151515
7192,132,130,0.0151515
7193,132,130,0.0151515
7194,132,130,0.0151515
7194,132,130,0.0151515
7195,132,130,0.0151515
7196,132,130,0.0151515
7197,132,130,0.0151515
7198,132,130,0.0151515
7198,132,130,0.0151515
7199,132,130,0.0151515
7200,132,130,0.0151515
7201,132,130,0.0151515
7202,132,130,0.0151515
7202,132,130,0.0151515
7203,132,130,0.0151515
7204,132,130,0.0151515
7205,132,130,0.0151515
7206,132,130,0.0151515
7207,132,130,0.0151515
7208,132,130,0.0151515
7209,132,130,0.0151515
7209,132,130,0.0151515
7210,132,130,0.0151515
7211,132,130,0.0151515
7212,132,130,0.0151515
7213,132,130,0.0151515
7213,132,130,0.0151515
7214,132,130,0.0151515
7215,132,130,0.0151515
7216,132,130,0.0151515
7217,132,130,0.0151515
7218,132,130,0.0151515
7218,132,130,0.0151515
7219,132,130,0.0151515
7220,132,130,0.0151515
7221,132,130,0.0151515
7221,132,130,0.0151515
7222,132,130,0.0151515
7223,132,130,0.0151515
7224,132,130,0.0151515
7225,132,130,0.0151515
7225,132,130,0.0151515
7226,132,130,0.0151515
7227,132,130,0.0151515
7228,132,130,0.0151515
7229,132,130,0.0151515
7229,132,130,0.0151515
7230,132,130,0.0151515
7231,132,130,0.0151515
7232,132,130,0.0151515
7233,132,130,0.0151515
7233,132,130,0.0151515
7234,132,130,0.0151515
7235,132,130,0.0151515
7236,132,130,0.0151515
7237,132,130,0.0151515
7238,132,130,0.0151515
7238,132,130,0.0151515
7239,132,130,0.0151515
7240,132,130,0.0151515
7241,132,130,0.0151515
7242,132,130,0.0151515
7243,132,130,0.0151515
7243,132,130,0.0151515
7244,132,130,0.0151515
7245,132,130,0.0151515
7246,132,130,0.0151515
7247,132,130,0.0151515
7247,132,130,0.0151515
7248,132,130,0.0151515
7249,132,130,0.0151515
7250,132,130,0.0151515
7250,132,130,0.0151515
7251,132,130,0.0151515
7252,132,130,0.0151515
7253,132,130,0.0151515
7254,132,130,0.0151515
7254,132,130,0.0151515
7255,132,130,0.0151515
7256,132,130,0.0151515
7257,132,130,0.0151515
7258,132,130,0.0151515
7258,132,130,0.0151515
7259,132,130,0.0151515
7260,132,130,0.0151515
7261,132,130,0.0151515
7262,132,130,0.0151515
7263,132,130,0.0151515
7263,132,130,0.0151515
7264,132,130,0.0151515
7265,132,130,0.0151515
7266,132,130,0.0151515
7267,132,130,0.0151515
7267,132,130,0.0151515
7268,132,130,0.0151515
7269,132,130,0.0151515
7270,132,130,0.0151515
7271,132,130,0.0151515
7271,132,130,0.0151515
7272,132,130,0.0151515
7273,132,130,0.0151515
7274,132,130,0.0151515
7275,132,130,0.0151515
7276,132,130,0.0151515
7276,132,130,0.0151515
7277,132,130,0.0151515
7278,132,130,0.0151515
7279,132,130,0.0151515
7280,132,130,0.0151515
7281,132,130,0.0151515
7281,132,130,0.0151515
7282,132,130,0.0151515
7283,132,130,0.0151515
7284,132,130,0.0151515
7285,132,130,0.0151515
7285,132,130,0.0151515
7286,132,130,0.0151515
7287,132,130,0.0151515
7288,132,130,0.0151515
7289,132,130,0.0151515
7290,132,130,0.0151515
7290,132,130,0.0151515
7291,132,130,0.0151515
7292,132,130,0.0151515
7293,132,130,0.0151515
7294,132,130,0.0151515
7295,132,130,0.0151515
7295,132,130,0.0151515
7296,132,130,0.0151515
7297,132,130,0.0151515
7298,132,130,0.0151515
7299,132,130,0.0151515
7300,132,130,0.0151515
7300,132,130,0.0151515
7301,132,130,0.0151515
7302,132,130,0.0151515
7303,132,130,0.0151515
7304,132,130,0.0151515
7305,132,130,0.0151515
7305,132,130,0.0151515
7306,132,130,0.0151515
7307,132,130,0.0151515
7308,132,130,0.0151515
7309,132,130,0.0151515
7309,132,130,0.0151515
7310,132,130,0.0151515
7311,132,130,0.0151515
7312,132,130,0.0151515
7313,132,130,0.0151515
7313,132,130,0.0151515
7314,132,130,0.0151515
7315,132,130,0.0151515
7316,132,130,0.0151515
7317,132,130,0.0151515
7318,132,130,0.0151515
7318,132,130,0.0151515
7319,132,130,0.0151515
7320,132,130,0.0151515
7321,132,130,0.0151515
7322,132,130,0.0151515
7323,132,130,0.0151515
7323,132,130,0.0151515
7324,132,130,0.0151515
7325,132,130,0.0151515
7326,132,130,0.0151515
7327,132,130,0.0151515
7328,132,130,0.0151515
7329,132,130,0.0151515
7329,132,130,0.0151515
7330,132,130,0.0151515
7331,132,130,0.0151515
7332,132,130,0.0151515
7333,132,130,0.0151515
7334,132,130,0.0151515
7335,132,130,0.0151515
7336,132,130,0.0151515
7336,132,130,0.0151515
7337,132,130,0.0151515
7338,132,130,0.0151515
7339,132,130,0.0151515
7340,132,130,0.0151515
7340,132,130,0.0151515
7341,132,130,0.0151515
7342,132,130,0.0151515
7343,132,130,0.0151515
7344,132,130,0.0151515
7346,132,130,0.0151515
7347,132,130,0.0151515
7348,132,130,0.0151515
7349,132,130,0.0151515
7350,132,130,0.0151515
7351,132,130,0.0151515
7352,132,130,0.0151515
7353,132,130,0.0151515
7354,132,130,0.0151515
7355,132,130,0.0151515
7356,132,130,0.0151515
7356,132,130,0.0151515
7357,132,130,0.0151515
7358,132,130,0.0151515
7359,132,130,0.0151515
7360,132,130,0.0151515
7360,132,130,0.0151515
7361,132,130,0.0151515
7362,132,130,0.0151515
7363,132,130,0.0151515
7364,132,130,0.0151515
7365,132,130,0.0151515
7365,132,130,0.0151515
7366,132,130,0.0151515
7367,132,130,0.0151515
7368,132,130,0.0151515
7369,132,130,0.0151515
7370,132,130,0.0151515
7371,132,130,0.0151515
7372,132,130,0.0151515
7373,132,130,0.0151515
7373,132,130,0.0151515
7374,132,130,0.0151515
7375,132,130,0.0151515
7376,132,130,0.0151515
7377,132,130,0.0151515
7377,132,130,0.0151515
7378,132,130,0.0151515
7379,132,130,0.0151515
7380,132,130,0.0151515
7381,132,130,0.0151515
7382,132,130,0.0151515
7383,132,130,0.0151515
7383,132,130,0.0151515
7384,132,130,0.0151515
7385,132,130,0.0151515
7386,132,130,0.0151515
7387,132,130,0.0151515
7387,132,130,0.0151515
7388,132,130,0.0151515
7389,132,130,0.0151515
7390,132,130,0.0151515
7391,132,130,0.0151515
7391,132,130,0.0151515
7392,132,130,0.0151515
7393,132,130,0.0151515
7394,132,130,0.0151515
7395,132,130,0.0151515
7396,132,130,0.0151515
7396,132,130,0.0151515
7397,132,130,0.0151515
7398,132,130,0.0151515
7399,132,130,0.0151515
7400,132,130,0.0151515
7401,132,130,0.0151515
7402,132,130,0.0151515
7403,132,130,0.0151515
7403,132,130,0.0151515
7404,132,130,0.0151515
7406,132,130,0.0151515
7406,132,130,0.0151515
7407,132,130,0.0151515
7408,132,130,0.0151515
7409,132,130,0.0151515
7410,132,130,0.0151515
7410,132,130,0.0151515
7412,132,130,0.0151515
7413,132,130,0.0151515
7414,132,130,0.0151515
7414,132,130,0.0151515
7415,132,130,0.0151515
7416,132,130,0.0151515
7417,132,130,0.0151515
7418,132,130,0.0151515
7419,132,130,0.0151515
7420,132,130,0.0151515
7420,132,130,0.0151515
7422,132,130,0.0151515
7423,132,130,0.0151515
7423,132,130,0.0151515
7424,132,130,0.0151515
7425,132,130,0.0151515
7426,132,130,0.0151515
7427,132,130,0.0151515
7427,132,130,0.0151515
7428,132,130,0.0151515
7429,132,130,0.0151515
7430,132,130,0.0151515
7431,132,130,0.0151515
7431,132,130,0.0151515
7432,132,130,0.0151515
7433,132,130,0.0151515
7434,132,130,0.0151515
7435,132,130,0.0151515
7436,132,130,0.0151515
7436,132,130,0.0151515
7437,132,130,0.0151515
7438,132,130,0.0151515
7439,132,130,0.0151515
7440,132,130,0.0151515
7440,132,130,0.0151515
7441,132,130,0.0151515
7442,132,130,0.0151515
7443,132,130,0.0151515
7444,132,130,0.0151515
7445,132,130,0.0151515
7445,132,130,0.0151515
7446,132,130,0.0151515
7447,132,130,0.0151515
7448,132,130,0.0151515
7449,132,130,0.0151515
7450,132,130,0.0151515
7450,132,130,0.0151515
7451,132,130,0.0151515
7452,132,130,0.0151515
7453,132,130,0.0151515
7454,132,130,0.0151515
7455,132,130,0.0151515
7456,132,130,0.0151515
7457,132,130,0.0151515
7458,132,130,0.0151515
7458,132,130,0.0151515
7459,132,130,0.0151515
7460,132,130,0.0151515
7461,132,130,0.0151515
7462,132,130,0.0151515
7463,132,130,0.0151515
7463,132,130,0.0151515
7464,132,130,0.0151515
7465,132,130,0.0151515
7466,132,130,0.0151515
7467,132,130,0.0151515
7467,132,130,0.0151515
7468,132,130,0.0151515
7469,132,130,0.0151515
7470,132,130,0.0151515
7471,132,130,0.0151515
7471,132,130,0.0151515
7472,132,130,0.0151515
7473,132,130,0.0151515
7474,132,130,0.0151515
7475,132,130,0.0151515
7476,132,130,0.0151515
7477,132,130,0.0151515
7477,132,130,0.0151515
7478,132,130,0.0151515
7479,132,130,0.0151515
7480,132,130,0.0151515
7481,132,130,0.0151515
7481,132,130,0.0151515
7482,132,130,0.0151515
7483,132,130,0.0151515
7484,132,130,0.0151515
7485,132,130,0.0151515
7486,132,130,0.0151515
7486,132,130,0.0151515
7487,132,130,0.0151515
7488,132,130,0.0151515
7489,132,130,0.0151515
7490,132,130,0.0151515
7490,132,130,0.0151515
7491,132,130,0.0151515
7492,132,130,0.0151515
7493,132,130,0.0151515
7494,132,130,0.0151515
7494,132,130,0.0151515
7495,132,130,0.0151515
7496,132,130,0.0151515
7497,132,130,0.0151515
7498,132,130,0.0151515
7499,132,130,0.0151515
7499,132,130,0.0151515
7500,132,130,0.0151515
7501,132,130,0.0151515
7502,132,130,0.0151515
7503,132,130,0.0151515
7504,132,130,0.0151515
7505,132,130,0.0151515
7506,132,130,0.0151515
7506,132,130,0.0151515
7507,132,130,0.0151515
7508,132,130,0.0151515
7509,132,130,0.0151515
7510,132,130,0.0151515
7510,132,130,0.0151515
7511,132,130,0.0151515
7512,132,130,0.0151515
7513,132,130,0.0151515
7514,132,130,0.0151515
7514,132,130,0.0151515
7515,132,130,0.0151515
7516,132,130,0.0151515
7517,132,130,0.0151515
7518,132,130,0.0151515
7519,132,130,0.0151515
7519,132,130,0.0151515
7520,132,130,0.0151515
7521,132,130,0.0151515
7522,132,130,0.0151515
7523,132,130,0.0151515
7523,132,130,0.0151515
7524,132,130,0.0151515
7525,132,130,0.0151515
7526,132,130,0.0151515
7527,132,130,0.0151515
7528,132,130,0.0151515
7528,132,130,0.0151515
7529,132,130,0.0151515
7530,132,130,0.0151515
7531,132,130,0.0151515
7532,132,130,0.0151515
7532,132,130,0.0151515
7533,132,130,0.0151515
7535,132,130,0.0151515
7535,132,130,0.0151515
7536,132,130,0.0151515
7537,132,130,0.0151515
7538,132,130,0.0151515
7539,132,130,0.0151515
7540,132,130,0.0151515
7540,132,130,0.0151515
7541,132,130,0.0151515
7542,132,130,0.0151515
7543,132,130,0.0151515
7544,132,130,0.0151515
7544,132,130,0.0151515
7545,132,130,0.0151515
7546,132,130,0.0151515
7547,132,130,0.0151515
7548,132,130,0.0151515
7548,132,130,0.0151515
7549,132,130,0.0151515
7550,132,130,0.0151515
7551,132,130,0.0151515
7552,132,130,0.0151515
7553,132,130,0.0151515
7554,132,130,0.0151515
7554,132,130,0.0151515
7555,132,130,0.0151515
7556,132,130,0.0151515
7557,132,130,0.0151515
7558,132,130,0.0151515
7558,132,130,0.0151515
7559,132,130,0.0151515
7560,132,130,0.0151515
7561,132,130,0.0151515
7562,132,130,0.0151515
7562,132,130,0.0151515
7563,132,130,0.0151515
7564,132,130,0.0151515
7565,132,130,0.0151515
7566,132,130,0.0151515
7567,132,130,0.0151515
7568,132,130,0.0151515
7569,132,130,0.0151515
7570,132,130,0.0151515
7570,132,130,0.0151515
7571,132,130,0.0151515
7572,132,130,0.0151515
7573,132,130,0.0151515
7574,132,130,0.0151515
7575,132,130,0.0151515
7576,132,130,0.0151515
7577,132,130,0.0151515
7577,132,130,0.0151515
7578,132,130,0.0151515
7579,132,130,0.0151515
7580,132,130,0.0151515
7581,132,130,0.0151515
7581,132,130,0.0151515
7582,132,130,0.0151515
7583,132,130,0.0151515
7584,132,130,0.0151515
7585,132,130,0.0151515
7586,132,130,0.0151515
7587,132,130,0.0151515
7588,132,130,0.0151515
7590,132,130,0.0151515
7591,132,130,0.0151515
7593,132,130,0.0151515
7594,132,130,0.0151515
7594,132,130,0.0151515
7595,132,130,0.0151515
7596,132,130,0.0151515
7597,132,130,0.0151515
7598,132,130,0.0151515
7599,132,130,0.0151515
7599,132,130,0.0151515
7600,132,130,0.0151515
7601,132,130,0.0151515
7602,132,130,0.0151515
7603,132,130,0.0151515
7603,132,130,0.0151515
7604,132,130,0.0151515
7605,132,130,0.0151515
7606,132,130,0.0151515
7607,132,130,0.0151515
7607,132,130,0.0151515
7608,132,130,0.0151515
7609,132,130,0.0151515
7610,132,130,0.0151515
7611,132,130,0.0151515
7612,132,130,0.0151515
7612,132,130,0.0151515
7613,132,130,0.0151515
7614,132,130,0.0151515
7615,132,130,0.0151515
7616,132,130,0.0151515
7616,132,130,0.0151515
7617,132,130,0.0151515
7618,132,130,0.0151515
7619,132,130,0.0151515
7620,132,130,0.0151515
7620,132,130,0.0151515
7621,132,130,0.0151515
7622,132,130,0.0151515
7623,132,130,0.0151515
7624,132,130,0.0151515
7625,132,130,0.0151515
7625,132,130,0.0151515
7626,132,130,0.0151515
7627,132,130,0.0151515
7628,132,130,0.0151515
7629,132,130,0.0151515
7630,132,130,0.0151515
7631,132,130,0.0151515
7632,132,130,0.0151515
7632,132,130,0.0151515
7633,132,130,0.0151515
7634,132,130,0.0151515
7635,132,130,0.0151515
7636,132,130,0.0151515
7636,132,130,0.0151515
7637,132,130,0.0151515
7638,132,130,0.0151515
7639,132,130,0.0151515
7640,132,130,0.0151515
7641,132,130,0.0151515
7641,132,130,0.0151515
7642,132,130,0.0151515
7643,132,130,0.0151515
7644,132,130,0.0151515
7645,132,130,0.0151515
7645,132,130,0.0151515
7646,132,130,0.0151515
7647,132,130,0.0151515
7648,132,130,0.0151515
7649,132,130,0.0151515
7650,132,130,0.0151515
7650,132,130,0.0151515
7651,132,130,0.0151515
7652,132,130,0.0151515
7653,132,130,0.0151515
7654,132,130,0.0151515
7655,132,130,0.0151515
7655,132,130,0.0151515
7656,132,130,0.0151515
7657,132,130,0.0151515
7659,132,130,0.0151515
7659,132,130,0.0151515
7660,132,130,0.0151515
7661,132,130,0.0151515
7662,132,130,0.0151515
7663,132,130,0.0151515
7664,132,130,0.0151515
7664,132,130,0.0151515
7665,132,130,0.0151515
7666,132,130,0.0151515
7667,132,130,0.0151515
7668,132,130,0.0151515
7668,132,130,0.0151515
7669,132,130,0.0151515
7670,132,130,0.0151515
7671,132,130,0.0151515
7672,132,130,0.0151515
7673,132,130,0.0151515
7674,132,130,0.0151515
7675,132,130,0.0151515
7676,132,130,0.0151515
7676,132,130,0.0151515
7677,132,130,0.0151515
7678,132,130,0.0151515
7679,132,130,0.0151515
7680,132,130,0.0151515
7681,132,130,0.0151515
7681,132,130,0.0151515
7682,132,130,0.0151515
7683,132,130,0.0151515
7684,132,130,0.0151515
7685,132,130,0.0151515
7686,132,130,0.0151515
7687,132,130,0.0151515
7688,132,130,0.0151515
7688,132,130,0.0151515
7689,132,130,0.0151515
7690,132,130,0.0151515
7691,132,130,0.0151515
7692,132,130,0.0151515
7693,132,130,0.0151515
7694,132,130,0.0151515
7695,132,130,0.0151515
7695,132,130,0.0151515
7696,132,130,0.0151515
7697,132,130,0.0151515
7698,132,130,0.0151515
7699,132,130,0.0151515
7700,132,130,0.0151515
7700,132,130,0.0151515
7701,132,130,0.0151515
7702,132,130,0.0151515
7703,132,130,0.0151515
7704,132,130,0.0151515
7705,132,130,0.0151515
7706,132,130,0.0151515
7707,132,130,0.0151515
7708,132,130,0.0151515
7709,132,130,0.0151515
7709,132,130,0.0151515
7710,132,130,0.0151515
7712,132,130,0.0151515
7712,132,130,0.0151515
7713,132,130,0.0151515
7714,132,130,0.0151515
7715,132,130,0.0151515
7716,132,130,0.0151515
7717,132,130,0.0151515
7717,132,130,0.0151515
7718,132,130,0.0151515
7719,132,130,0.0151515
7720,132,130,0.0151515
7720,132,130,0.0151515
7721,132,130,0.0151515
7722,132,130,0.0151515
7723,132,130,0.0151515
7724,132,130,0.0151515
7724,132,130,0.0151515
7725,132,130,0.0151515
7726,132,130,0.0151515
7727,132,130,0.0151515
7728,132,130,0.0151515
7729,132,130,0.0151515
7729,132,130,0.0151515
7730,132,130,0.0151515
7731,132,130,0.0151515
7732,132,130,0.0151515
7733,132,130,0.0151515
7734,132,130,0.0151515
7735,132,130,0.0151515
7735,132,130,0.0151515
7737,132,130,0.0151515
7737,132,130,0.0151515
7738,132,130,0.0151515
7739,132,130,0.0151515
7740,132,130,0.0151515
7741,132,130,0.0151515
7741,132,130,0.0151515
7742,132,130,0.0151515
7743,132,130,0.0151515
7744,132,130,0.0151515
7745,132,130,0.0151515
7746,132,130,0.0151515
7746,132,130,0.0151515
7747,132,130,0.0151515
7748,132,130,0.0151515
7749,132,130,0.0151515
7750,132,130,0.0151515
7751,132,130,0.0151515
7752,132,130,0.0151515
7752,132,130,0.0151515
7753,132,130,0.0151515
7754,132,130,0.0151515
7755,132,130,0.0151515
7756,132,130,0.0151515
7757,132,130,0.0151515
7757,132,130,0.0151515
7758,132,130,0.0151515
7759,132,130,0.0151515
7760,132,130,0.0151515
7761,132,130,0.0151515
7762,132,130,0.0151515
7763,132,130,0.0151515
7763,132,130,0.0151515
7764,132,130,0.0151515
7765,132,130,0.0151515
7766,132,130,0.0151515
7767,132,130,0.0151515
7768,132,130,0.0151515
7768,132,130,0.0151515
7769,132,130,0.0151515
7770,132,130,0.0151515
7771,132,130,0.0151515
7772,132,130,0.0151515
7772,132,130,0.0151515
7773,132,130,0.0151515
7774,132,130,0.0151515
7775,132,130,0.0151515
7776,132,130,0.0151515
7777,132,130,0.0151515
7777,132,130,0.0151515
7778,132,130,0.0151515
7779,132,130,0.0151515
7780,132,130,0.0151515
7781,132,130,0.0151515
7781,132,130,0.0151515
7782,132,130,0.0151515
7783,132,130,0.0151515
7784,132,130,0.0151515
7785,132,130,0.0151515
7786,132,130,0.0151515
7786,132,130,0.0151515
7787,132,130,0.0151515
7788,132,130,0.0151515
7789,132,130,0.0151515
7790,132,130,0.0151515
7790,132,130,0.0151515
7791,132,130,0.0151515
7792,132,130,0.0151515
7793,132,130,0.0151515
7794,132,130,0.0151515
7794,132,130,0.0151515
7795,132,130,0.0151515
7796,132,130,0.0151515
7797,132,130,0.0151515
7798,132,130,0.0151515
7799,132,130,0.0151515
7799,132,130,0.0151515
7800,132,130,0.0151515
7801,132,130,0.0151515
7802,132,130,0.0151515
7802,132,130,0.0151515
7803,132,130,0.0151515
7804,132,130,0.0151515
7805,132,130,0.0151515
7806,132,130,0.0151515
7807,132,130,0.0151515
7807,132,130,0.0151515
7808,132,130,0.0151515
7809,132,130,0.0151515
7810,132,130,0.0151515
7811,132,130,0.0151515
7812,132,130,0.0151515
7813,132,130,0.0151515
7814,132,130,0.0151515
7815,132,130,0.0151515
7815,132,130,0.0151515
7817,132,130,0.0151515
7817,132,130,0.0151515
7818,132,130,0.0151515
7819,132,130,0.0151515
7820,132,130,0.0151515
7821,132,130,0.0151515
7821,132,130,0.0151515
7822,132,130,0.0151515
7823,132,130,0.0151515
7824,132,130,0.0151515
7825,132,130,0.0151515
7826,132,130,0.0151515
7826,132,130,0.0151515
7827,132,130,0.0151515
7828,132,130,0.0151515
7829,132,130,0.0151515
7830,132,130,0.0151515
7831,132,130,0.0151515
7832,132,130,0.0151515
7832,132,130,0.0151515
7833,132,130,0.0151515
7835,132,130,0.0151515
7836,132,130,0.0151515
7836,132,130,0.0151515
7837,132,130,0.0151515
7838,132,130,0.0151515
7839,132,130,0.0151515
7840,132,130,0.0151515
7841,132,130,0.0151515
7841,132,130,0.0151515
7842,132,130,0.0151515
7844,132,130,0.0151515
7845,132,130,0.0151515
7845,132,130,0.0151515
7846,132,130,0.0151515
7847,132,130,0.0151515
7848,132,130,0.0151515
7849,132,130,0.0151515
7850,132,130,0.0151515
7851,132,130,0.0151515
7851,132,130,0.0151515
7852,132,130,0.0151515
7853,132,130,0.0151515
7854,132,130,0.0151515
7855,132,130,0.0151515
7856,132,130,0.0151515
7857,132,130,0.0151515
7858,132,130,0.0151515
7858,132,130,0.0151515
7859,132,130,0.0151515
7860,132,130,0.0151515
7861,132,130,0.0151515
7862,132,130,0.0151515
7862,132,130,0.0151515
7863,132,130,0.0151515
7864,132,130,0.0151515
7865,132,130,0.0151515
7866,132,130,0.0151515
7867,132,130,0.0151515
7867,132,130,0.0151515
7868,132,130,0.0151515
7869,132,130,0.0151515
7870,132,130,0.0151515
7871,132,130,0.0151515
7872,132,130,0.0151515
7872,132,130,0.0151515
7873,132,130,0.0151515
7874,132,130,0.0151515
7875,132,130,0.0151515
7876,132,130,0.0151515
7877,132,130,0.0151515
7877,132,130,0.0151515
7878,132,130,0.0151515
7879,132,130,0.0151515
7880,132,130,0.0151515
7881,132,130,0.0151515
7882,132,130,0.0151515
7882,132,130,0.0151515
7883,132,130,0.0151515
7884,132,130,0.0151515
7885,132,130,0.0151515
7886,132,130,0.0151515
7886,132,130,0.0151515
7887,132,130,0.0151515
7888,132,130,0.0151515
7889,132,130,0.0151515
7890,132,130,0.0151515
7890,132,130,0.0151515
7891,132,130,0.0151515
7892,132,130,0.0151515
7893,132,130,0.0151515
7894,132,130,0.0151515
7895,132,130,0.0151515
7895,132,130,0.0151515
7896,132,130,0.0151515
7897,132,130,0.0151515
7898,132,130,0.0151515
7899,132,130,0.0151515
7899,132,130,0.0151515
7900,132,130,0.0151515
7901,132,130,0.0151515
7902,132,130,0.0151515
7903,132,130,0.0151515
7904,132,130,0.0151515
7904,132,130,0.0151515
7905,132,130,0.0151515
7906,132,130,0.0151515
7907,132,130,0.0151515
7908,132,130,0.0151515
7909,132,130,0.0151515
7909,132,130,0.0151515
7910,132,130,0.0151515
7911,132,130,0.0151515
7912,132,130,0.0151515
7913,132,130,0.0151515
7914,132,130,0.0151515
7914,132,130,0.0151515
7915,132,130,0.0151515
7916,132,130,0.0151515
7917,132,130,0.0151515
7918,132,130,0.0151515
7918,132,130,0.0151515
7919,132,130,0.0151515
7920,132,130,0.0151515
7922,132,130,0.0151515
7923,132,130,0.0151515
7924,132,130,0.0151515
7925,132,130,0.0151515
7926,132,130,0.0151515
7926,132,130,0.0151515
7927,132,130,0.0151515
7928,132,130,0.0151515
7929,132,130,0.0151515
7930,132,130,0.0151515
7931,132,130,0.0151515
7933,132,130,0.0151515
7934,132,130,0.0151515
7935,132,130,0.0151515
7936,132,130,0.0151515
7936,132,130,0.0151515
7937,132,130,0.0151515
7938,132,130,0.0151515
7939,132,130,0.0151515
7940,132,130,0.0151515
7940,132,130,0.0151515
7941,132,130,0.0151515
7942,132,130,0.0151515
7943,132,130,0.0151515
7944,132,130,0.0151515
7945,132,130,0.0151515
7946,132,130,0.0151515
7947,132,130,0.0151515
7947,132,130,0.0151515
7948,132,130,0.0151515
7949,132,130,0.0151515
7950,132,130,0.0151515
7952,132,130,0.0151515
7953,132,130,0.0151515
7953,132,130,0.0151515
7954,132,130,0.0151515
7955,132,130,0.0151515
7956,132,130,0.0151515
7957,132,130,0.0151515
7958,132,130,0.0151515
7958,132,130,0.0151515
7959,132,130,0.0151515
7960,132,130,0.0151515
7961,132,130,0.0151515
7962,132,130,0.0151515
7962,132,130,0.0151515
7963,132,130,0.0151515
7964,132,130,0.0151515
7965,132,130,0.0151515
7967,132,130,0.0151515
7967,132,130,0.0151515
7968,132,130,0.0151515
7969,132,130,0.0151515
7970,132,130,0.0151515
7971,132,130,0.0151515
7972,132,130,0.0151515
7972,132,130,0.0151515
7973,132,130,0.0151515
7974,132,130,0.0151515
7975,132,130,0.0151515
7976,132,130,0.0151515
7977,132,130,0.0151515
7977,132,130,0.0151515
7978,132,130,0.0151515
7979,132,130,0.0151515
7980,132,130,0.0151515
7980,132,130,0.0151515
7981,132,130,0.0151515
7982,132,130,0.0151515
7983,132,130,0.0151515
7984,132,130,0.0151515
7984,132,130,0.0151515
7985,132,130,0.0151515
7986,132,130,0.0151515
7988,132,130,0.0151515
7989,132,130,0.0151515
7990,132,130,0.0151515
7991,132,130,0.0151515
7991,132,130,0.0151515
7993,132,130,0.0151515
7995,132,130,0.0151515
7995,132,130,0.0151515
7997,132,130,0.0151515
7997,132,130,0.0151515
7998,132,130,0.0151515
7999,132,130,0.0151515
8001,132,130,0.0151515
8002,132,130,0.0151515
8002,132,130,0.0151515
8003,132,130,0.0151515
8004,132,130,0.0151515
8005,132,130,0.0151515
8006,132,130,0.0151515
8007,132,130,0.0151515
8008,132,130,0.0151515
8009,132,130,0.0151515
8010,132,130,0.0151515
8011,132,130,0.0151515
8012,132,130,0.0151515
8013,132,130,0.0151515
8014,132,130,0.0151515
8015,132,130,0.0151515
8016,132,130,0.0151515
8017,132,130,0.0151515
8018,132,130,0.0151515
8019,132,130,0.0151515
8020,132,130,0.0151515
8020,132,130,0.0151515
8021,132,130,0.0151515
8022,132,130,0.0151515
8023,132,130,0.0151515
8024,132,130,0.0151515
8025,132,130,0.0151515
8026,132,130,0.0151515
8027,132,130,0.0151515
8027,132,130,0.0151515
8028,132,130,0.0151515
8029,132,130,0.0151515
8030,132,130,0.0151515
8031,132,130,0.0151515
8032,132,130,0.0151515
8033,132,130,0.0151515
8034,132,130,0.0151515
8035,132,130,0.0151515
8035,132,130,0.0151515
8036,132,130,0.0151515
8037,132,130,0.0151515
8038,132,130,0.0151515
8039,132,130,0.0151515
8040,132,130,0.0151515
8041,132,130,0.0151515
8042,132,130,0.0151515
8043,132,130,0.0151515
8044,132,130,0.0151515
8045,132,130,0.0151515
8046,132,130,0.0151515
8047,132,130,0.0151515
8048,132,130,0.0151515
8049,132,130,0.0151515
8050,132,130,0.0151515
8050,132,130,0.0151515
8051,132,130,0.0151515
8052,132,130,0.0151515
8053,132,130,0.0151515
8054,132,130,0.0151515
8055,132,130,0.0151515
8056,132,130,0.0151515
8057,132,130,0.0151515
8058,132,130,0.0151515
8059,132,130,0.0151515
8060,132,130,0.0151515
8061,132,130,0.0151515
8062,132,130,0.0151515
8062,132,130,0.0151515
8063,132,130,0.0151515
8064,132,130,0.0151515
8065,132,130,0.0151515
8066,132,130,0.0151515
8066,132,130,0.0151515
8067,132,130,0.0151515
8068,132,130,0.0151515
8069,132,130,0.0151515
8070,132,130,0.0151515
8071,132,130,0.0151515
8072,132,130,0.0151515
8073,132,130,0.0151515
8073,132,130,0.0151515
8074,132,130,0.0151515
8075,132,130,0.0151515
8076,132,130,0.0151515
8077,132,130,0.0151515
8079,132,130,0.0151515
8080,132,130,0.0151515
8081,132,130,0.0151515
8082,132,130,0.0151515
8083,132,130,0.0151515
8084,132,130,0.0151515
8084,132,130,0.0151515
8085,132,130,0.0151515
8086,132,130,0.0151515
8087,132,130,0.0151515
8088,132,130,0.0151515
8089,132,130,0.0151515
8090,132,130,0.0151515
8091,132,130,0.0151515
8092,132,130,0.0151515
8092,132,130,0.0151515
8093,132,130,0.0151515
8094,132,130,0.0151515
8095,132,130,0.0151515
8096,132,130,0.0151515
8097,132,130,0.0151515
8097,132,130,0.0151515
8099,132,130,0.0151515
8100,132,130,0.0151515
8101,132,130,0.0151515
8101,132,130,0.0151515
8102,132,130,0.0151515
8103,132,130,0.0151515
8104,132,130,0.0151515
8105,132,130,0.0151515
8106,132,130,0.0151515
8107,132,130,0.0151515
8107,132,130,0.0151515
8108,132,130,0.0151515
8109,132,130,0.0151515
8110,132,130,0.0151515
8111,132,130,0.0151515
8112,132,130,0.0151515
8113,132,130,0.0151515
8113,132,130,0.0151515
8115,132,130,0.0151515
8116,132,130,0.0151515
8116,132,130,0.0151515
8117,132,130,0.0151515
8118,132,130,0.0151515
8119,132,130,0.0151515
8120,132,130,0.0151515
8121,132,130,0.0151515
8122,132,130,0.0151515
8123,132,130,0.0151515
8123,132,130,0.0151515
8124,132,130,0.0151515
8125,132,130,0.0151515
8126,132,130,0.0151515
8127,132,130,0.0151515
8128,132,130,0.0151515
8128,132,130,0.0151515
8129,132,130,0.0151515
8130,132,130,0.0151515
8131,132,130,0.0151515
8132,132,130,0.0151515
8133,132,130,0.0151515
8133,132,130,0.0151515
8134,132,130,0.0151515
8135,132,130,0.0151515
8136,132,130,0.0151515
8137,132,130,0.0151515
8138,132,130,0.0151515
8138,132,130,0.0151515
8139,132,130,0.0151515
8140,132,130,0.0151515
8141,132,130,0.0151515
8142,132,130,0.0151515
8142,132,130,0.0151515
8143,132,130,0.0151515
8144,132,130,0.0151515
8145,132,130,0.0151515
8146,132,130,0.0151515
8147,132,130,0.0151515
8148,132,130,0.0151515
8148,132,130,0.0151515
8149,132,130,0.0151515
8150,132,130,0.0151515
8151,132,130,0.0151515
8152,132,130,0.0151515
8153,132,130,0.0151515
8154,132,130,0.0151515
8154,132,130,0.0151515
8155,132,130,0.0151515
8156,132,130,0.0151515
8157,132,130,0.0151515
8158,132,130,0.0151515
8159,132,130,0.0151515
8160,132,130,0.0151515
8161,132,130,0.0151515
8162,132,130,0.0151515
8163,132,130,0.0151515
8163,132,130,0.0151515
8165,132,130,0.0151515
8165,132,130,0.0151515
8166,132,130,0.0151515
8167,132,130,0.0151515
8168,132,130,0.0151515
8169,132,130,0.0151515
8170,132,130,0.0151515
8170,132,130,0.0151515
8171,132,130,0.0151515
8172,132,130,0.0151515
8173,132,130,0.0151515
8174,132,130,0.0151515
8175,132,130,0.0151515
8176,132,130,0.0151515
8177,132,130,0.0151515
8178,132,130,0.0151515
8179,132,130,0.0151515
8180,132,130,0.0151515
8181,132,130,0.0151515
8182,132,130,0.0151515
8183,132,130,0.0151515
8184,132,130,0.0151515
8185,132,130,0.0151515
8186,132,130,0.0151515
8187,132,130,0.0151515
8187,132,130,0.0151515
8188,132,130,0.0151515
8189,132,130,0.0151515
8190,132,130,0.0151515
8191,132,130,0.0151515
8192,132,130,0.0151515
8193,132,130,0.0151515
8194,132,130,0.0151515
8194,132,130,0.0151515
8195,132,130,0.0151515
8196,132,130,0.0151515
8197,132,130,0.0151515
8198,132,130,0.0151515
8198,132,130,0.0151515
8199,132,130,0.0151515
8200,132,130,0.0151515
8201,132,130,0.0151515
8202,132,130,0.0151515
8202,132,130,0.0151515
8203,132,130,0.0151515
8204,132,130,0.0151515
8205,132,130,0.0151515
8206,132,130,0.0151515
8206,132,130,0.0151515
8207,132,130,0.0151515
8208,132,130,0.0151515
8209,132,130,0.0151515
8210,132,130,0.0151515
8211,132,130,0.0151515
8211,132,130,0.0151515
8212,132,130,0.0151515
8213,132,130,0.0151515
8214,132,130,0.0151515
8215,132,130,0.0151515
8216,132,130,0.0151515
8216,132,130,0.0151515
8217,132,130,0.0151515
8218,132,130,0.0151515
8219,132,130,0.0151515
8220,132,130,0.0151515
8221,132,130,0.0151515
8222,132,130,0.0151515
8222,132,130,0.0151515
8223,132,130,0.0151515
8224,132,130,0.0151515
8225,132,130,0.0151515
8226,132,130,0.0151515
8226,132,130,0.0151515
8227,132,130,0.0151515
8228,132,130,0.0151515
8229,132,130,0.0151515
8230,132,130,0.0151515
8231,132,130,0.0151515
8232,132,130,0.0151515
8233,132,130,0.0151515
8234,132,130,0.0151515
8235,132,130,0.0151515
8236,132,130,0.0151515
8237,132,130,0.0151515
8237,132,130,0.0151515
8238,132,130,0.0151515
8239,132,130,0.0151515
8240,132,130,0.0151515
8241,132,130,0.0151515
8242,132,130,0.0151515
8243,132,130,0.0151515
8244,132,130,0.0151515
8244,132,130,0.0151515
8246,132,130,0.0151515
8247,132,130,0.0151515
8248,132,130,0.0151515
8248,132,130,0.0151515
8249,132,130,0.0151515
8250,132,130,0.0151515
8251,132,130,0.0151515
8252,132,130,0.0151515
8252,132,130,0.0151515
8253,132,130,0.0151515
8254,132,130,0.0151515
8255,132,130,0.0151515
8256,132,130,0.0151515
8257,132,130,0.0151515
8258,132,130,0.0151515
8259,132,130,0.0151515
8260,132,130,0.0151515
8260,132,130,0.0151515
8261,132,130,0.0151515
8262,132,130,0.0151515
8263,132,130,0.0151515
8264,132,130,0.0151515
8265,132,130,0.0151515
8266,132,130,0.0151515
8267,132,130,0.0151515
8268,132,130,0.0151515
8269,132,130,0.0151515
8269,132,130,0.0151515
8271,132,130,0.0151515
8271,132,130,0.0151515
8272,132,130,0.0151515
8273,132,130,0.0151515
8274,132,130,0.0151515
8275,132,130,0.0151515
8276,132,130,0.0151515
8276,132,130,0.0151515
8277,132,130,0.0151515
8278,132,130,0.0151515
8279,132,130,0.0151515
8280,132,130,0.0151515
8281,132,130,0.0151515
8282,132,130,0.0151515
8283,132,130,0.0151515
8284,132,130,0.0151515
8285,132,130,0.0151515
8285,132,130,0.0151515
8286,132,130,0.0151515
8287,132,130,0.0151515
8288,132,130,0.0151515
8289,132,130,0.0151515
8290,132,130,0.0151515
8290,132,130,0.0151515
8291,132,130,0.0151515
8292,132,130,0.0151515
8293,132,130,0.0151515
8294,132,130,0.0151515
8295,132,130,0.0151515
8297,132,130,0.0151515
8297,132,130,0.0151515
8298,132,130,0.0151515
8299,132,130,0.0151515
8300,132,130,0.0151515
8301,132,130,0.0151515
8302,132,130,0.0151515
8303,132,130,0.0151515
8304,132,130,0.0151515
8305,132,130,0.0151515
8307,132,130,0.0151515
8307,132,130,0.0151515
8308,132,130,0.0151515
8309,132,130,0.0151515
8310,132,130,0.0151515
8311,132,130,0.0151515
8312,132,130,0.0151515
8313,132,130,0.0151515
8314,132,130,0.0151515
8316,132,130,0.0151515
8317,132,130,0.0151515
8318,132,130,0.0151515
8319,132,130,0.0151515
8320,132,130,0.0151515
8322,132,130,0.0151515
8322,132,130,0.0151515
8323,132,130,0.0151515
8324,132,130,0.0151515
8325,132,130,0.0151515
8326,132,130,0.0151515
8327,132,130,0.0151515
8328,132,130,0.0151515
8328,132,130,0.0151515
8329,132,130,0.0151515
8330,132,130,0.0151515
8331,132,130,0.0151515
8333,132,130,0.0151515
8333,132,130,0.0151515
8335,132,130,0.0151515
8336,132,130,0.0151515
8337,132,130,0.0151515
8339,132,130,0.0151515
8340,132,130,0.0151515
8341,132,130,0.0151515
8342,132,130,0.0151515
8343,132,130,0.0151515
8344,132,130,0.0151515
8345,132,130,0.0151515
8346,132,130,0.0151515
8347,132,130,0.0151515
8348,132,130,0.0151515
8349,132,130,0.0151515
8349,132,130,0.0151515
8350,132,130,0.0151515
8351,132,130,0.0151515
8352,132,130,0.0151515
8353,132,130,0.0151515
8354,132,130,0.0151515
8354,132,130,0.0151515
8355,132,130,0.0151515
8356,132,130,0.0151515
8357,132,130,0.0151515
8358,132,130,0.0151515
8359,132,130,0.0151515
8360,132,130,0.0151515
8361,132,130,0.0151515
8362,132,130,0.0151515
8363,132,130,0.0151515
8364,132,130,0.0151515
8365,132,130,0.0151515
8366,132,130,0.0151515
8367,132,130,0.0151515
8367,132,130,0.0151515
8368,132,130,0.0151515
8370,132,130,0.0151515
8371,132,130,0.0151515
8372,132,130,0.0151515
8373,132,130,0.0151515
8374,132,130,0.0151515
8375,132,130,0.0151515
8375,132,130,0.0151515
8377,132,130,0.0151515
8378,132,130,0.0151515
8378,132,130,0.0151515
8380,132,130,0.0151515
8381,132,130,0.0151515
8382,132,130,0.0151515
8383,132,130,0.0151515
8384,132,130,0.0151515
8384,132,130,0.0151515
8385,132,130,0.0151515
8386,132,130,0.0151515
8388,132,130,0.0151515
8388,132,130,0.0151515
8389,132,130,0.0151515
8390,132,130,0.0151515
8391,132,130,0.0151515
8392,132,130,0.0151515
8393,132,130,0.0151515
8394,132,130,0.0151515
8395,132,130,0.0151515
8396,132,130,0.0151515
8397,132,130,0.0151515
8398,132,130,0.0151515
8398,132,130,0.0151515
8399,132,130,0.0151515
8400,132,130,0.0151515
8401,132,130,0.0151515
8402,132,130,0.0151515
8403,132,130,0.0151515
8403,132,130,0.0151515
8404,132,130,0.0151515
8405,132,130,0.0151515
8406,132,130,0.0151515
8407,132,130,0.0151515
8407,132,130,0.0151515
8409,132,130,0.0151515
8410,132,130,0.0151515
8410,132,130,0.0151515
8411,132,130,0.0151515
8412,132,130,0.0151515
8413,132,130,0.0151515
8415,132,130,0.0151515
8415,132,130,0.0151515
8416,132,130,0.0151515
8417,132,130,0.0151515
8418,132,130,0.0151515
8419,132,130,0.0151515
8420,132,130,0.0151515
8421,132,130,0.0151515
8422,132,130,0.0151515
8423,132,130,0.0151515
8424,132,130,0.0151515
8425,132,130,0.0151515
8426,132,130,0.0151515
8427,132,130,0.0151515
8427,132,130,0.0151515
8428,132,130,0.0151515
8429,132,130,0.0151515
8430,132,130,0.0151515
8431,132,130,0.0151515
8432,132,130,0.0151515
8433,132,130,0.0151515
8433,132,130,0.0151515
8434,132,130,0.0151515
8435,132,130,0.0151515
8436,132,130,0.0151515
8437,132,130,0.0151515
8438,132,130,0.0151515
8438,132,130,0.0151515
8439,132,130,0.0151515
8440,132,130,0.0151515
8442,132,130,0.0151515
8443,132,130,0.0151515
8444,132,130,0.0151515
8445,132,130,0.0151515
8446,132,130,0.0151515
8447,132,130,0.0151515
8448,132,130,0.0151515
8450,132,130,0.0151515
8451,132,130,0.0151515
8452,132,130,0.0151515
8454,132,130,0.0151515
8455,132,130,0.0151515
8456,132,130,0.0151515
8457,132,130,0.0151515
8458,132,130,0.0151515
8459,132,130,0.0151515
8460,132,130,0.0151515
8461,132,130,0.0151515
8461,132,130,0.0151515
8462,132,130,0.0151515
8464,132,130,0.0151515
8465,132,130,0.0151515
8466,132,130,0.0151515
8467,132,130,0.0151515
8468,132,130,0.0151515
8469,132,130,0.0151515
8469,132,130,0.0151515
8470,132,130,0.0151515
8471,132,130,0.0151515
8472,132,130,0.0151515
8474,132,130,0.0151515
8475,132,130,0.0151515
8476,132,130,0.0151515
8476,132,130,0.0151515
8477,132,130,0.0151515
8478,132,130,0.0151515
8479,132,130,0.0151515
8480,132,130,0.0151515
8480,132,130,0.0151515
8481,132,130,0.0151515
8482,132,130,0.0151515
8484,132,130,0.0151515
8485,132,130,0.0151515
8486,132,130,0.0151515
8488,132,130,0.0151515
8489,132,130,0.0151515
8490,132,130,0.0151515
8491,132,130,0.0151515
8492,132,130,0.0151515
8492,132,130,0.0151515
8494,132,130,0.0151515
8495,132,130,0.0151515
8495,132,130,0.0151515
8496,132,130,0.0151515
8497,132,130,0.0151515
8498,132,130,0.0151515
8499,132,130,0.0151515
8500,132,130,0.0151515
8501,132,130,0.0151515
8502,132,130,0.0151515
8502,132,130,0.0151515
8503,132,130,0.0151515
8504,132,130,0.0151515
8505,132,130,0.0151515
8506,132,130,0.0151515
8506,132,130,0.0151515
8507,132,130,0.0151515
8508,132,130,0.0151515
8509,132,130,0.0151515
8510,132,130,0.0151515
8511,132,130,0.0151515
8511,132,130,0.0151515
8512,132,130,0.0151515
8514,132,130,0.0151515
8515,132,130,0.0151515
8515,132,130,0.0151515
8516,132,130,0.0151515
8518,132,130,0.0151515
8518,132,130,0.0151515
8519,132,130,0.0151515
8520,132,130,0.0151515
8521,132,130,0.0151515
8522,132,130,0.0151515
8523,132,130,0.0151515
8524,132,130,0.0151515
8524,132,130,0.0151515
8525,132,130,0.0151515
8527,132,130,0.0151515
8529,132,130,0.0151515
8530,132,130,0.0151515
8531,132,130,0.0151515
8532,132,130,0.0151515
8532,132,130,0.0151515
8533,132,130,0.0151515
8534,132,130,0.0151515
8535,132,130,0.0151515
8536,132,130,0.0151515
8537,132,130,0.0151515
8539,132,130,0.0151515
8540,132,130,0.0151515
8542,132,130,0.0151515
8542,132,130,0.0151515
8545,132,130,0.0151515
8546,132,130,0.0151515
8547,132,130,0.0151515
8547,132,130,0.0151515
8548,132,130,0.0151515
8549,132,130,0.0151515
8550,132,130,0.0151515
8551,132,130,0.0151515
8553,132,130,0.0151515
8554,132,130,0.0151515
8555,132,130,0.0151515
8556,132,130,0.0151515
8557,132,130,0.0151515
8558,132,130,0.0151515
8559,132,130,0.0151515
8560,132,130,0.0151515
8562,132,130,0.0151515
8563,132,130,0.0151515
8564,132,130,0.0151515
8565,132,130,0.0151515
8566,132,130,0.0151515
8567,132,130,0.0151515
8567,132,130,0.0151515
8568,132,130,0.0151515
8569,132,130,0.0151515
8570,132,130,0.0151515
8571,132,130,0.0151515
8572,132,130,0.0151515
8573,132,130,0.0151515
8575,132,130,0.0151515
8576,132,130,0.0151515
8577,132,130,0.0151515
8577,132,130,0.0151515
8578,132,130,0.0151515
8579,132,130,0.0151515
8580,132,130,0.0151515
8581,132,130,0.0151515
8582,132,130,0.0151515
8584,132,130,0.0151515
8585,132,130,0.0151515
8587,132,130,0.0151515
8588,132,130,0.0151515
8589,132,130,0.0151515
8590,132,130,0.0151515
8591,132,130,0.0151515
8592,132,130,0.0151515
8593,132,130,0.0151515
8594,132,130,0.0151515
8595,132,130,0.0151515
8596,132,130,0.0151515
8596,132,130,0.0151515
8597,132,130,0.0151515
8598,132,130,0.0151515
8599,132,130,0.0151515
8600,132,130,0.0151515
8601,132,130,0.0151515
8601,132,130,0.0151515
8602,132,130,0.0151515
8603,132,130,0.0151515
8605,132,130,0.0151515
8605,132,130,0.0151515
8606,132,130,0.0151515
8608,132,130,0.0151515
8609,132,130,0.0151515
8610,132,130,0.0151515
8611,132,130,0.0151515
8612,132,130,0.0151515
8613,132,130,0.0151515
8613,132,130,0.0151515
8615,132,130,0.0151515
8616,132,130,0.0151515
8616,132,130,0.0151515
8617,132,130,0.0151515
8618,132,130,0.0151515
8619,132,130,0.0151515
8620,132,130,0.0151515
8621,132,130,0.0151515
8621,132,130,0.0151515
8622,132,130,0.0151515
8623,132,130,0.0151515
8624,132,130,0.0151515
8625,132,130,0.0151515
8626,132,130,0.0151515
8628,132,130,0.0151515
8629,132,130,0.0151515
8630,132,130,0.0151515
8631,132,130,0.0151515
8632,132,130,0.0151515
8633,132,130,0.0151515
8634,132,130,0.0151515
8635,132,130,0.0151515
8636,132,130,0.0151515
8637,132,130,0.0151515
8638,132,130,0.0151515
8638,132,130,0.0151515
8639,132,130,0.0151515
8640,132,130,0.0151515
8641,132,130,0.0151515
8642,132,130,0.0151515
8643,132,130,0.0151515
8643,132,130,0.0151515
8644,132,130,0.0151515
8646,132,130,0.0151515
8647,132,130,0.0151515
8648,132,130,0.0151515
8649,132,130,0.0151515
8650,132,130,0.0151515
8651,132,130,0.0151515
8651,132,130,0.0151515
8652,132,130,0.0151515
8653,132,130,0.0151515
8654,132,130,0.0151515
8655,132,130,0.0151515
8656,132,130,0.0151515
8657,132,130,0.0151515
8658,132,130,0.0151515
8659,132,130,0.0151515
8660,132,130,0.0151515
8661,132,130,0.0151515
8661,132,130,0.0151515
8663,132,130,0.0151515
8664,132,130,0.0151515
8664,132,130,0.0151515
8666,132,130,0.0151515
8667,132,130,0.0151515
8667,132,130,0.0151515
8668,132,130,0.0151515
8669,132,130,0.0151515
8670,132,130,0.0151515
8671,132,130,0.0151515
8672,132,130,0.0151515
8673,132,130,0.0151515
8674,132,130,0.0151515
8675,132,130,0.0151515
8676,132,130,0.0151515
8677,132,130,0.0151515
8678,132,130,0.0151515
8679,132,130,0.0151515
8679,132,130,0.0151515
8680,132,130,0.0151515
8681,132,130,0.0151515
8682,132,130,0.0151515
8683,132,130,0.0151515
8684,132,130,0.0151515
8684,132,130,0.0151515
8685,132,130,0.0151515
8686,132,130,0.0151515
8687,132,130,0.0151515
8688,132,130,0.0151515
8689,132,130,0.0151515
8689,132,130,0.0151515
8690,132,130,0.0151515
8691,132,130,0.0151515
8692,132,130,0.0151515
8693,132,130,0.0151515
8693,132,130,0.0151515
8694,132,130,0.0151515
8695,132,130,0.0151515
8696,132,130,0.0151515
8697,132,130,0.0151515
8699,132,130,0.0151515
8700,132,130,0.0151515
8701,132,130,0.0151515
8702,132,130,0.0151515
8703,132,130,0.0151515
8704,132,130,0.0151515
8705,132,130,0.0151515
8705,132,130,0.0151515
8706,132,130,0.0151515
8707,132,130,0.0151515
8708,132,130,0.0151515
8709,132,130,0.0151515
8711,132,130,0.0151515
8711,132,130,0.0151515
8713,132,130,0.0151515
8714,132,130,0.0151515
8715,132,130,0.0151515
8716,132,130,0.0151515
8716,132,130,0.0151515
8717,132,130,0.0151515
8718,132,130,0.0151515
8719,132,130,0.0151515
8720,132,130,0.0151515
8721,132,130,0.0151515
8722,132,130,0.0151515
8723,132,130,0.0151515
8723,132,130,0.0151515
8724,132,130,0.0151515
8725,132,130,0.0151515
8726,132,130,0.0151515
8727,132,130,0.0151515
8727,132,130,0.0151515
8729,132,130,0.0151515
8730,132,130,0.0151515
8731,132,130,0.0151515
8732,132,130,0.0151515
8732,132,130,0.0151515
8733,132,130,0.0151515
8734,132,130,0.0151515
8736,132,130,0.0151515
8737,132,130,0.0151515
8737,132,130,0.0151515
8738,132,130,0.0151515
8739,132,130,0.0151515
8740,132,130,0.0151515
8741,132,130,0.0151515
8742,132,130,0.0151515
8743,132,130,0.0151515
8745,132,130,0.0151515
8745,132,130,0.0151515
8746,132,130,0.0151515
8748,132,130,0.0151515
8748,132,130,0.0151515
8749,132,130,0.0151515
8750,132,130,0.0151515
8751,132,130,0.0151515
8752,132,130,0.0151515
8753,132,130,0.0151515
8753,132,130,0.0151515
8754,132,130,0.0151515
8755,132,130,0.0151515
8756,132,130,0.0151515
8757,132,130,0.0151515
8757,132,130,0.0151515
8758,132,130,0.0151515
8759,132,130,0.0151515
8760,132,130,0.0151515
8761,132,130,0.0151515
8762,132,130,0.0151515
8763,132,130,0.0151515
8763,132,130,0.0151515
8764,132,130,0.0151515
8765,132,130,0.0151515
8766,132,130,0.0151515
8767,132,130,0.0151515
8767,132,130,0.0151515
8768,132,130,0.0151515
8769,132,130,0.0151515
8770,132,130,0.0151515
8771,132,130,0.0151515
8772,132,130,0.0151515
8772,132,130,0.0151515
8773,132,130,0.0151515
8775,132,130,0.0151515
8775,132,130,0.0151515
8776,132,130,0.0151515
8777,132,130,0.0151515
8778,132,130,0.0151515
8779,132,130,0.0151515
8780,132,130,0.0151515
8781,132,130,0.0151515
8781,132,130,0.0151515
8782,132,130,0.0151515
8783,132,130,0.0151515
8784,132,130,0.0151515
8785,132,130,0.0151515
8785,132,130,0.0151515
8786,132,130,0.0151515
8787,132,130,0.0151515
8788,132,130,0.0151515
8789,132,130,0.0151515
8790,132,130,0.0151515
8790,132,130,0.0151515
8791,132,130,0.0151515
8792,132,130,0.0151515
8793,132,130,0.0151515
8794,132,130,0.0151515
8795,132,130,0.0151515
8796,132,130,0.0151515
8797,132,130,0.0151515
8798,132,130,0.0151515
8798,132,130,0.0151515
8799,132,130,0.0151515
8800,132,130,0.0151515
8801,132,130,0.0151515
8802,132,130,0.0151515
8802,132,130,0.0151515
8804,132,130,0.0151515
8804,132,130,0.0151515
8805,132,130,0.0151515
8806,132,130,0.0151515
8807,132,130,0.0151515
8808,132,130,0.0151515
8808,132,130,0.0151515
8809,132,130,0.0151515
8810,132,130,0.0151515
8811,132,130,0.0151515
8812,132,130,0.0151515
8813,132,130,0.0151515
8813,132,130,0.0151515
8814,132,130,0.0151515
8815,132,130,0.0151515
8816,132,130,0.0151515
8816,132,130,0.0151515
8817,132,130,0.0151515
8818,132,130,0.0151515
8819,132,130,0.0151515
8820,132,130,0.0151515
8820,132,130,0.0151515
8821,132,130,0.0151515
8822,132,130,0.0151515
8824,132,130,0.0151515
8824,132,130,0.0151515
8825,132,130,0.0151515
8826,132,130,0.0151515
8827,132,130,0.0151515
8829,132,130,0.0151515
8829,132,130,0.0151515
8831,132,130,0.0151515
8832,132,130,0.0151515
8832,132,130,0.0151515
8833,132,130,0.0151515
8834,132,130,0.0151515
8835,132,130,0.0151515
8836,132,130,0.0151515
8836,132,130,0.0151515
8837,132,130,0.0151515
8838,132,130,0.0151515
8839,132,130,0.0151515
8841,132,130,0.0151515
8842,132,130,0.0151515
8842,132,130,0.0151515
8843,132,130,0.0151515
8844,132,130,0.0151515
8845,132,130,0.0151515
8846,132,130,0.0151515
8847,132,130,0.0151515
8847,132,130,0.0151515
8848,132,130,0.0151515
8849,132,130,0.0151515
8850,132,130,0.0151515
8851,132,130,0.0151515
8852,132,130,0.0151515
8853,132,130,0.0151515
8854,132,130,0.0151515
8854,132,130,0.0151515
8855,132,130,0.0151515
8857,132,130,0.0151515
8858,132,130,0.0151515
8858,132,130,0.0151515
8859,132,130,0.0151515
8860,132,130,0.0151515
8861,132,130,0.0151515
8861,132,130,0.0151515
8862,132,130,0.0151515
8864,132,130,0.0151515
8864,132,130,0.0151515
8865,132,130,0.0151515
8866,132,130,0.0151515
8868,132,130,0.0151515
8869,132,130,0.0151515
8869,132,130,0.0151515
8870,132,130,0.0151515
8871,132,130,0.0151515
8873,132,130,0.0151515
8873,132,130,0.0151515
8874,132,130,0.0151515
8875,132,130,0.0151515
8876,132,130,0.0151515
8877,132,130,0.0151515
8878,132,130,0.0151515
8878,132,130,0.0151515
8879,132,130,0.0151515
8880,132,130,0.0151515
8881,132,130,0.0151515
8882,132,130,0.0151515
8882,132,130,0.0151515
8883,132,130,0.0151515
8884,132,130,0.0151515
8885,132,130,0.0151515
8886,132,130,0.0151515
8887,132,130,0.0151515
8888,132,130,0.0151515
8888,132,130,0.0151515
8889,132,130,0.0151515
8890,132,130,0.0151515
8891,132,130,0.0151515
8892,132,130,0.0151515
8892,132,130,0.0151515
8893,132,130,0.0151515
8894,132,130,0.0151515
8895,132,130,0.0151515
8896,132,130,0.0151515
8897,132,130,0.0151515
8898,132,130,0.0151515
8899,132,130,0.0151515
8900,132,130,0.0151515
8901,132,130,0.0151515
8901,132,130,0.0151515
8903,132,130,0.0151515
8904,132,130,0.0151515
8905,132,130,0.0151515
8906,132,130,0.0151515
8906,132,130,0.0151515
8907,132,130,0.0151515
8908,132,130,0.0151515
8909,132,130,0.0151515
8910,132,130,0.0151515
8911,132,130,0.0151515
8912,132,130,0.0151515
8912,132,130,0.0151515
8913,132,130,0.0151515
8914,132,130,0.0151515
8915,132,130,0.0151515
8916,132,130,0.0151515
8917,132,130,0.0151515
8918,132,130,0.0151515
8919,132,130,0.0151515
8920,132,130,0.0151515
8921,132,130,0.0151515
8922,132,130,0.0151515
8924,132,130,0.0151515
8925,132,130,0.0151515
8926,132,130,0.0151515
8928,132,130,0.0151515
8929,132,130,0.0151515
8931,132,130,0.0151515
8932,132,130,0.0151515
8934,132,130,0.0151515
8935,132,130,0.0151515
8937,132,130,0.0151515
8938,132,130,0.0151515
8940,132,130,0.0151515
8942,132,130,0.0151515
8944,132,130,0.0151515
8945,132,130,0.0151515
8947,132,130,0.0151515
8949,132,130,0.0151515
8951,132,130,0.0151515
8953,132,130,0.0151515
8955,132,130,0.0151515
8957,132,130,0.0151515
8959,132,130,0.0151515
8962,132,130,0.0151515
8964,132,130,0.0151515
8966,132,130,0.0151515
8969,132,130,0.0151515
8971,132,130,0.0151515
8973,132,130,0.0151515
8976,132,130,0.0151515
8978,132,130,0.0151515
8981,132,130,0.0151515
8983,132,130,0.0151515
8986,132,130,0.0151515
8988,132,130,0.0151515
8991,132,130,0.0151515
8993,132,130,0.0151515
8996,132,130,0.0151515
8998,132,130,0.0151515
9001,132,130,0.0151515
9004,132,130,0.0151515
9006,132,130,0.0151515
9009,132,130,0.0151515
9012,132,130,0.0151515
9015,132,130,0.0151515
9017,132,130,0.0151515
9021,132,130,0.0151515
9024,132,130,0.0151515
9027,132,130,0.0151515
9030,132,130,0.0151515
9033,132,130,0.0151515
9036,132,130,0.0151515
9039,132,130,0.0151515
9043,132,130,0.0151515
9046,132,130,0.0151515
9049,132,130,0.0151515
9053,132,130,0.0151515
9056,132,130,0.0151515
9060,132,130,0.0151515
9063,132,130,0.0151515
9067,132,130,0.0151515
9070,132,130,0.0151515
9074,132,130,0.0151515
9078,132,130,0.0151515
9082,132,130,0.0151515
9085,132,130,0.0151515
9089,132,130,0.0151515
9093,132,130,0.0151515
9097,132,130,0.0151515
9101,132,130,0.0151515
9105,132,130,0.0151515
9109,132,130,0.0151515
9112,132,130,0.0151515
9116,132,130,0.0151515
9120,132,130,0.0151515
9124,132,130,0.0151515
9129,132,130,0.0151515
9133,132,130,0.0151515
9137,132,130,0.0151515
9141,132,130,0.0151515
9145,132,130,0.0151515
9149,132,130,0.0151515
9153,132,130,0.0151515
9158,132,130,0.0151515
9162,132,130,0.0151515
9166,132,130,0.0151515
9170,132,130,0.0151515
9175,132,130,0.0151515
9179,132,130,0.0151515
9183,132,130,0.0151515
9187,132,130,0.0151515
9192,132,130,0.0151515
9196,132,130,0.0151515
9200,132,130,0.0151515
9209,132,130,0.0151515
9214,132,130,0.0151515
9218,132,130,0.0151515
9222,132,130,0.0151515
9227,132,130,0.0151515
9231,132,130,0.0151515
9235,132,130,0.0151515
9240,132,130,0.0151515
9244,132,130,0.0151515
9249,132,130,0.0151515
9253,132,130,0.0151515
9258,132,130,0.0151515
9262,132,130,0.0151515
9267,132,130,0.0151515
9271,132,130,0.0151515
9276,132,130,0.0151515
9280,132,130,0.0151515
9285,132,130,0.0151515
9290,132,130,0.0151515
9294,132,130,0.0151515
9299,132,130,0.0151515
9304,132,130,0.0151515
9308,132,130,0.0151515
9313,132,130,0.0151515
9318,132,130,0.0151515
9322,132,130,0.0151515
9327,132,130,0.0151515
9332,132,130,0.0151515
9336,132,130,0.0151515
9341,132,130,0.0151515
9346,132,130,0.0151515
9352,132,130,0.0151515
9357,132,130,0.0151515
9362,132,130,0.0151515
9366,132,130,0.0151515
9371,132,130,0.0151515
9376,132,130,0.0151515
9381,132,130,0.0151515
9386,132,130,0.0151515
9391,132,130,0.0151515
9396,132,130,0.0151515
9400,132,130,0.0151515
9405,132,130,0.0151515
9410,132,130,0.0151515
9415,132,130,0.0151515
9420,132,130,0.0151515
9425,132,130,0.0151515
9430,132,130,0.0151515
9435,132,130,0.0151515
9440,132,130,0.0151515
9445,132,130,0.0151515
9450,132,130,0.0151515
9455,132,130,0.0151515
9460,132,130,0.0151515
9465,132,130,0.0151515
9470,132,130,0.0151515
9476,132,130,0.0151515
9481,132,130,0.0151515
9486,132,130,0.0151515
9492,132,130,0.0151515
9497,132,130,0.0151515
9502,132,130,0.0151515
9507,132,130,0.0151515
9512,132,130,0.0151515
9518,132,130,0.0151515
9523,132,130,0.0151515
9529,132,130,0.0151515
9534,132,130,0.0151515
9540,132,130,0.0151515
9546,132,130,0.0151515
9551,132,130,0.0151515
9558,132,130,0.0151515
9564,132,130,0.0151515
9570,132,130,0.0151515
9576,132,130,0.0151515
9582,132,130,0.0151515
9587,132,130,0.0151515
9593,132,130,0.0151515
9599,132,130,0.0151515
9606,132,130,0.0151515
9612,132,130,0.0151515
9617,132,130,0.0151515
9623,132,130,0.0151515
9629,132,130,0.0151515
9635,132,130,0.0151515
9641,132,130,0.0151515
9647,132,130,0.0151515
9653,132,130,0.0151515
9659,132,130,0.0151515
9665,132,130,0.0151515
9671,132,130,0.0151515
9677,132,130,0.0151515
9683,132,130,0.0151515
9689,132,130,0.0151515
9696,132,130,0.0151515
9702,132,130,0.0151515
9708,132,130,0.0151515
9714,132,130,0.0151515
9720,132,130,0.0151515
9726,132,130,0.0151515
9733,132,130,0.0151515
9739,132,130,0.0151515
9746,132,130,0.0151515
9752,132,130,0.0151515
9758,132,130,0.0151515
9765,132,130,0.0151515
9771,132,130,0.0151515
9777,132,130,0.0151515
9784,132,130,0.0151515
9790,132,130,0.0151515
9796,132,130,0.0151515
9803,132,130,0.0151515
9809,132,130,0.0151515
9816,132,130,0.0151515
9822,132,130,0.0151515
9828,132,130,0.0151515
9835,132,130,0.0151515
9841,132,130,0.0151515
9847,132,130,0.0151515
9854,132,130,0.0151515
9860,132,130,0.0151515
9866,132,130,0.0151515
9873,132,130,0.0151515
9879,132,130,0.0151515
9885,132,130,0.0151515
9892,132,130,0.0151515
9898,132,130,0.0151515
9905,132,130,0.0151515
9912,132,130,0.0151515
9919,132,130,0.0151515
9926,132,130,0.0151515
9932,132,130,0.0151515
9939,132,130,0.0151515
9946,132,130,0.0151515
9952,132,130,0.0151515
9958,132,130,0.0151515
9965,132,130,0.0151515
9972,132,130,0.0151515
9979,132,130,0.0151515
9985,132,130,0.0151515
9992,132,130,0.0151515
9999,132,130,0.0151515
10006,132,130,0.0151515
10013,132,130,0.0151515
10019,132,130,0.0151515
10026,132,130,0.0151515
10033,132,130,0.0151515
10040,132,130,0.0151515
10047,132,130,0.0151515
10053,132,130,0.0151515
10060,132,130,0.0151515
10067,132,130,0.0151515
10074,132,130,0.0151515
10080,132,130,0.0151515
10088,132,130,0.0151515
10095,132,130,0.0151515
10102,132,130,0.0151515
10109,132,130,0.0151515
10116,132,130,0.0151515
10123,132,130,0.0151515
10130,132,130,0.0151515
10137,132,130,0.0151515
10145,132,130,0.0151515
10152,132,130,0.0151515
10159,132,130,0.0151515
10166,132,130,0.0151515
10173,132,130,0.0151515
10181,132,130,0.0151515
10188,132,130,0.0151515
10196,132,130,0.0151515
10203,132,130,0.0151515
10210,132,130,0.0151515
10218,132,130,0.0151515
10225,132,130,0.0151515
10233,132,130,0.0151515
10240,132,130,0.0151515
10248,132,130,0.0151515
10255,132,130,0.0151515
10263,132,130,0.0151515
10270,132,130,0.0151515
10278,132,130,0.0151515
10286,132,130,0.0151515
10293,132,130,0.0151515
10301,132,130,0.0151515
10307,132,130,0.0151515
10315,132,130,0.0151515
10322,132,130,0.0151515
10329,132,130,0.0151515
10337,132,130,0.0151515
10344,132,130,0.0151515
10354,132,130,0.0151515
10362,132,130,0.0151515
10370,132,130,0.0151515
10377,132,130,0.0151515
10386,132,130,0.0151515
10394,132,130,0.0151515
10402,132,130,0.0151515
10410,132,130,0.0151515
10418,132,130,0.0151515
10426,132,130,0.0151515
10434,132,130,0.0151515
10442,132,130,0.0151515
10450,132,130,0.0151515
10458,132,130,0.0151515
10466,132,130,0.0151515
10474,132,130,0.0151515
10481,132,130,0.0151515
10490,132,130,0.0151515
10497,132,130,0.0151515
10505,132,130,0.0151515
10516,132,130,0.0151515
10523,132,130,0.0151515
10532,132,130,0.0151515
10540,132,130,0.0151515
10548,132,130,0.0151515
10556,132,130,0.0151515
10564,132,130,0.0151515
10572,132,130,0.0151515
10581,132,130,0.0151515
10589,132,130,0.0151515
10598,132,130,0.0151515
10606,132,130,0.0151515
10615,132,130,0.0151515
10624,132,130,0.0151515
10632,132,130,0.0151515
10641,132,130,0.0151515
10649,132,130,0.0151515
10658,132,130,0.0151515
10667,132,130,0.0151515
10675,132,130,0.0151515
10684,132,130,0.0151515
10692,132,130,0.0151515
10700,132,130,0.0151515
10708,132,130,0.0151515
10716,132,130,0.0151515
10725,132,130,0.0151515
10733,132,130,0.0151515
10742,132,130,0.0151515
10751,132,130,0.0151515
10760,132,130,0.0151515
10768,132,130,0.0151515
10777,132,130,0.0151515
10786,132,130,0.0151515
10794,132,130,0.0151515
10803,132,130,0.0151515
10812,132,130,0.0151515
10821,132,130,0.0151515
10830,132,130,0.0151515
10839,132,130,0.0151515
10848,132,130,0.0151515
10856,132,130,0.0151515
10865,132,130,0.0151515
10874,132,130,0.0151515
10884,132,130,0.0151515
10892,132,130,0.0151515
10901,132,130,0.0151515
10911,132,130,0.0151515
10919,132,130,0.0151515
10928,132,130,0.0151515
10937,132,130,0.0151515
10946,132,130,0.0151515
10955,132,130,0.0151515
10964,132,130,0.0151515
10973,132,130,0.0151515
10983,132,130,0.0151515
10992,132,130,0.0151515
11001,132,130,0.0151515
11010,132,130,0.0151515
11019,132,130,0.0151515
11028,132,130,0.0151515
11038,132,130,0.0151515
11046,132,130,0.0151515
11055,132,130,0.0151515
11064,132,130,0.0151515
11073,132,130,0.0151515
11082,132,130,0.0151515
11091,132,130,0.0151515
11101,132,130,0.0151515
11110,132,130,0.0151515
11119,132,130,0.0151515
11128,132,130,0.0151515
11138,132,130,0.0151515
11147,132,130,0.0151515
11157,132,130,0.0151515
11166,132,130,0.0151515
11176,132,130,0.0151515
11185,132,130,0.0151515
11194,132,130,0.0151515
11204,132,130,0.0151515
11213,132,130,0.0151515
11222,132,130,0.0151515
11231,132,130,0.0151515
11241,132,130,0.0151515
11250,132,130,0.0151515
11259,132,130,0.0151515
11269,132,130,0.0151515
11279,132,130,0.0151515
11288,132,130,0.0151515
11297,132,130,0.0151515
11307,132,130,0.0151515
11316,132,130,0.0151515
11325,132,130,0.0151515
11334,132,130,0.0151515
11343,132,130,0.0151515
11353,132,130,0.0151515
11363,132,130,0.0151515
11374,132,130,0.0151515
11383,132,130,0.0151515
11393,132,130,0.0151515
11402,132,130,0.0151515
11412,132,130,0.0151515
11421,132,130,0.0151515
11431,132,130,0.0151515
11440,132,130,0.0151515
11450,132,130,0.0151515
11460,132,130,0.0151515
11470,132,130,0.0151515
11479,132,130,0.0151515
11489,132,130,0.0151515
11499,132,130,0.0151515
11509,132,130,0.0151515
11518,132,130,0.0151515
11528,132,130,0.0151515
11537,132,130,0.0151515
11547,132,130,0.0151515
11556,132,130,0.0151515
11566,132,130,0.0151515
11576,132,130,0.0151515
11588,132,130,0.0151515
11598,132,130,0.0151515
11608,132,130,0.0151515
11618,132,130,0.0151515
11628,132,130,0.0151515
11638,132,130,0.0151515
11649,132,130,0.0151515
11659,132,130,0.0151515
11669,132,130,0.0151515
11680,132,130,0.0151515
11690,132,130,0.0151515
11700,132,130,0.0151515
11711,132,130,0.0151515
11721,132,130,0.0151515
11732,132,130,0.0151515
11742,132,130,0.0151515
11752,132,130,0.0151515
11763,132,130,0.0151515
11773,132,130,0.0151515
11784,132,130,0.0151515
11795,132,130,0.0151515
11806,132,130,0.0151515
11817,132,130,0.0151515
11827,132,130,0.0151515
11838,132,130,0.0151515
11848,132,130,0.0151515
11859,132,130,0.0151515
11869,132,130,0.0151515
11879,132,130,0.0151515
11891,132,130,0.0151515
11901,132,130,0.0151515
11912,132,130,0.0151515
11923,132,130,0.0151515
11935,132,130,0.0151515
11945,132,130,0.0151515
11956,132,130,0.0151515
11967,132,130,0.0151515
11978,132,130,0.0151515
11989,132,130,0.0151515
12000,132,130,0.0151515
12011,132,130,0.0151515
12023,132,130,0.0151515
12034,132,130,0.0151515
12045,132,130,0.0151515
12055,132,130,0.0151515
12067,132,130,0.0151515
12078,132,130,0.0151515
12089,132,130,0.0151515
12100,132,130,0.0151515
12111,132,130,0.0151515
12122,132,130,0.0151515
12133,132,130,0.0151515
12144,132,130,0.0151515
12155,132,130,0.0151515
12167,132,130,0.0151515
12178,132,130,0.0151515
12189,132,130,0.0151515
12201,132,130,0.0151515
12213,132,130,0.0151515
12224,132,130,0.0151515
12236,132,130,0.0151515
12247,132,130,0.0151515
12259,132,130,0.0151515
12271,132,130,0.0151515
12282,132,130,0.0151515
12294,132,130,0.0151515
12305,132,130,0.0151515
12317,132,130,0.0151515
12328,132,130,0.0151515
12340,132,130,0.0151515
12352,132,130,0.0151515
12366,132,130,0.0151515
12377,132,130,0.0151515
12389,132,130,0.0151515
12400,132,130,0.0151515
12412,132,130,0.0151515
12424,132,130,0.0151515
12436,132,130,0.0151515
12448,132,130,0.0151515
12460,132,130,0.0151515
12473,132,130,0.0151515
12485,132,130,0.0151515
12496,132,130,0.0151515
12509,132,130,0.0151515
12521,132,130,0.0151515
12533,132,130,0.0151515
12545,132,130,0.0151515
12557,132,130,0.0151515
12569,132,130,0.0151515
12581,132,130,0.0151515
12595,132,130,0.0151515
12607,132,130,0.0151515
12620,132,130,0.0151515
12632,132,130,0.0151515
12644,132,130,0.0151515
12657,132,130,0.0151515
12669,132,130,0.0151515
12682,132,130,0.0151515
12694,132,130,0.0151515
12707,132,130,0.0151515
12719,132,130,0.0151515
12731,132,130,0.0151515
12743,132,130,0.0151515
12756,132,130,0.0151515
12769,132,130,0.0151515
12782,132,130,0.0151515
12794,132,130,0.0151515
12807,132,130,0.0151515
12820,132,130,0.0151515
12833,132,130,0.0151515
12846,132,130,0.0151515
12859,132,130,0.0151515
12872,132,130,0.0151515
12885,132,130,0.0151515
12897,132,130,0.0151515
12910,132,130,0.0151515
12923,132,130,0.0151515
12936,132,130,0.0151515
12949,132,130,0.0151515
12962,132,130,0.0151515
12975,132,130,0.0151515
12988,132,130,0.0151515
13001,132,130,0.0151515
13014,132,130,0.0151515
13028,132,130,0.0151515
13040,132,130,0.0151515
13053,132,130,0.0151515
13066,132,130,0.0151515
13080,132,130,0.0151515
13093,132,130,0.0151515
13106,132,130,0.0151515
13119,132,130,0.0151515
13133,132,130,0.0151515
13146,132,130,0.0151515
13159,132,130,0.0151515
13173,132,130,0.0151515
13187,132,130,0.0151515
13201,132,130,0.0151515
13214,132,130,0.0151515
13228,132,130,0.0151515
13241,132,130,0.0151515
13254,132,130,0.0151515
13268,132,130,0.0151515
13281,132,130,0.0151515
13295,132,130,0.0151515
13311,132,130,0.0151515
13324,132,130,0.0151515
13338,132,130,0.0151515
13351,132,130,0.0151515
13365,132,130,0.0151515
13379,132,130,0.0151515
13392,132,130,0.0151515
13406,132,130,0.0151515
13420,132,130,0.0151515
13434,132,130,0.0151515
13448,132,130,0.0151515
13462,132,130,0.0151515
13476,132,130,0.0151515
13491,132,130,0.0151515
13505,132,130,0.0151515
13519,132,130,0.0151515
13534,132,130,0.0151515
13548,132,130,0.0151515
13562,132,130,0.0151515
13576,132,130,0.0151515
13591,132,130,0.0151515
13606,132,130,0.0151515
13620,132,130,0.0151515
13635,132,130,0.0151515
13649,132,130,0.0151515
13663,132,130,0.0151515
13677,132,130,0.0151515
13691,132,130,0.0151515
13706,132,130,0.0151515
13720,132,130,0.0151515
13734,132,130,0.0151515
13749,132,130,0.0151515
13763,132,130,0.0151515
13778,132,130,0.0151515
13792,132,130,0.0151515
13808,132,130,0.0151515
13822,132,130,0.0151515
13836,132,130,0.0151515
13851,132,130,0.0151515
13865,132,130,0.0151515
13880,132,130,0.0151515
13895,132,130,0.0151515
13910,132,130,0.0151515
13924,132,130,0.0151515
13938,132,130,0.0151515
13953,132,130,0.0151515
13967,132,130,0.0151515
13982,132,130,0.0151515
13997,132,130,0.0151515
14012,132,130,0.0151515
14026,132,130,0.0151515
14041,132,130,0.0151515
14056,132,130,0.0151515
14072,132,130,0.0151515
14087,132,130,0.0151515
14101,132,130,0.0151515
14117,132,130,0.0151515
14133,132,130,0.0151515
14147,132,130,0.0151515
14163,132,130,0.0151515
14178,132,130,0.0151515
14193,132,130,0.0151515
14208,132,130,0.0151515
14223,132,130,0.0151515
14238,132,130,0.0151515
14253,132,130,0.0151515
14269,132,130,0.0151515
14284,132,130,0.0151515
14299,132,130,0.0151515
14314,132,130,0.0151515
14329,132,130,0.0151515
14344,132,130,0.0151515
14359,132,130,0.0151515
14377,132,130,0.0151515
14392,132,130,0.0151515
14408,132,130,0.0151515
14423,132,130,0.0151515
14439,132,130,0.0151515
14455,132,130,0.0151515
14471,132,130,0.0151515
14487,132,130,0.0151515
14502,132,130,0.0151515
14518,132,130,0.0151515
14534,132,130,0.0151515
14550,132,130,0.0151515
14566,132,130,0.0151515
14582,132,130,0.0151515
14599,132,130,0.0151515
14615,132,130,0.0151515
14630,132,130,0.0151515
14645,132,130,0.0151515
14661,132,130,0.0151515
14676,132,130,0.0151515
14692,132,130,0.0151515
14708,132,130,0.0151515
14723,132,130,0.0151515
14738,132,130,0.0151515
14753,132,130,0.0151515
14769,132,130,0.0151515
14786,132,130,0.0151515
14802,132,130,0.0151515
14818,132,130,0.0151515
14834,132,130,0.0151515
14849,132,130,0.0151515
14865,132,130,0.0151515
14881,132,130,0.0151515
14897,132,130,0.0151515
14913,132,130,0.0151515
14929,132,130,0.0151515
14945,132,130,0.0151515
14961,132,130,0.0151515
14977,132,130,0.0151515
14993,132,130,0.0151515
15009,132,130,0.0151515
15025,132,130,0.0151515
15041,132,130,0.0151515
15057,132,130,0.0151515
15073,132,130,0.0151515
15089,132,130,0.0151515
15106,132,130,0.0151515
15122,132,130,0.0151515
15138,132,130,0.0151515
15155,132,130,0.0151515
15171,132,130,0.0151515
15187,132,130,0.0151515
15204,132,130,0.0151515
15221,132,130,0.0151515
15236,132,130,0.0151515
15252,132,130,0.0151515
15269,132,130,0.0151515
15286,132,130,0.0151515
15304,132,130,0.0151515
15321,132,130,0.0151515
15337,132,130,0.0151515
15353,132,130,0.0151515
15371,132,130,0.0151515
15387,132,130,0.0151515
15403,132,130,0.0151515
15420,132,130,0.0151515
15436,132,130,0.0151515
15453,132,130,0.0151515
15469,132,130,0.0151515
15486,132,130,0.0151515
15503,132,130,0.0151515
15521,132,130,0.0151515
15538,132,130,0.0151515
15554,132,130,0.0151515
15571,132,130,0.0151515
15588,132,130,0.0151515
15605,132,130,0.0151515
15622,132,130,0.0151515
15639,132,130,0.0151515
15656,132,130,0.0151515
15673,132,130,0.0151515
15690,132,130,0.0151515
15708,132,130,0.0151515
15726,132,130,0.0151515
15742,132,130,0.0151515
15759,132,130,0.0151515
15776,132,130,0.0151515
15792,132,130,0.0151515
15811,132,130,0.0151515
15828,132,130,0.0151515
15846,132,130,0.0151515
15863,132,130,0.0151515
15880,132,130,0.0151515
15897,132,130,0.0151515
15913,132,130,0.0151515
15931,132,130,0.0151515
15948,132,130,0.0151515
15965,132,130,0.0151515
15982,132,130,0.0151515
15999,132,130,0.0151515
16016,132,130,0.0151515
16033,132,130,0.0151515
16050,132,130,0.0151515
16067,132,130,0.0151515
16084,132,130,0.0151515
16101,132,130,0.0151515
16119,132,130,0.0151515
16137,132,130,0.0151515
16155,132,130,0.0151515
16172,132,130,0.0151515
16190,132,130,0.0151515
16208,132,130,0.0151515
16226,132,130,0.0151515
16244,132,130,0.0151515
16262,132,130,0.0151515
16279,132,130,0.0151515
16296,132,130,0.0151515
16314,132,130,0.0151515
16332,132,130,0.0151515
16349,132,130,0.0151515
16368,132,130,0.0151515
16385,132,130,0.0151515
16403,132,130,0.0151515
16420,132,130,0.0151515
16438,132,130,0.0151515
16455,132,130,0.0151515
16473,132,130,0.0151515
16490,132,130,0.0151515
16508,132,130,0.0151515
16525,132,130,0.0151515
16542,132,130,0.0151515
16562,132,130,0.0151515
16580,132,130,0.0151515
16599,132,130,0.0151515
16616,132,130,0.0151515
16634,132,130,0.0151515
16651,132,130,0.0151515
16670,132,130,0.0151515
16687,132,130,0.0151515
16705,132,130,0.0151515
16723,132,130,0.0151515
16741,132,130,0.0151515
16759,132,130,0.0151515
16776,132,130,0.0151515
16793,132,130,0.0151515
16811,132,130,0.0151515
16829,132,130,0.0151515
16848,132,130,0.0151515
16867,132,130,0.0151515
16884,132,130,0.0151515
16902,132,130,0.0151515
16920,132,130,0.0151515
16937,132,130,0.0151515
16955,132,130,0.0151515
16974,132,130,0.0151515
16992,132,130,0.0151515
17010,132,130,0.0151515
17028,132,130,0.0151515
17045,132,130,0.0151515
17063,132,130,0.0151515
17081,132,130,0.0151515
17098,132,130,0.0151515
17116,132,130,0.0151515
17133,132,130,0.0151515
17150,132,130,0.0151515
17167,132,130,0.0151515
17185,132,130,0.0151515
17202,132,130,0.0151515
17220,132,130,0.0151515
17239,132,130,0.0151515
17256,132,130,0.0151515
17275,132,130,0.0151515
17293,132,130,0.0151515
17312,132,130,0.0151515
17330,132,130,0.0151515
17348,132,130,0.0151515
17368,132,130,0.0151515
17387,132,130,0.0151515
17407,132,130,0.0151515
17426,132,130,0.0151515
17444,132,130,0.0151515
17462,132,130,0.0151515
17480,132,130,0.0151515
17499,132,130,0.0151515
17519,132,130,0.0151515
17537,132,130,0.0151515
17555,132,130,0.0151515
17574,132,130,0.0151515
17595,132,130,0.0151515
17614,132,130,0.0151515
17632,132,130,0.0151515
17650,132,130,0.0151515
17668,132,130,0.0151515
17687,132,130,0.0151515
17706,132,130,0.0151515
17724,132,130,0.0151515
17743,132,130,0.0151515
17762,132,130,0.0151515
17781,132,130,0.0151515
17799,132,130,0.0151515
17818,132,130,0.0151515
17837,132,130,0.0151515
17856,132,130,0.0151515
17875,132,130,0.0151515
17894,132,130,0.0151515
17913,132,130,0.0151515
17932,132,130,0.0151515
17952,132,130,0.0151515
17972,132,130,0.0151515
17991,132,130,0.0151515
18010,132,130,0.0151515
18030,132,130,0.0151515
18049,132,130,0.0151515
18068,132,130,0.0151515
18088,132,130,0.0151515
18108,132,130,0.0151515
18127,132,130,0.0151515
18147,132,130,0.0151515
18166,132,130,0.0151515
18186,132,130,0.0151515
18205,132,130,0.0151515
18225,132,130,0.0151515
18244,132,130,0.0151515
18264,132,130,0.0151515
18284,132,130,0.0151515
18304,132,130,0.0151515
18324,132,130,0.0151515
18343,132,130,0.0151515
18363,132,130,0.0151515
18384,132,130,0.0151515
18405,132,130,0.0151515
18425,132,130,0.0151515
18445,132,130,0.0151515
18465,132,130,0.0151515
18485,132,130,0.0151515
18506,132,130,0.0151515
18526,132,130,0.0151515
18546,132,130,0.0151515
18567,132,130,0.0151515
18589,132,130,0.0151515
18610,132,130,0.0151515
18630,132,130,0.0151515
18650,132,130,0.0151515
18671,132,130,0.0151515
18691,132,130,0.0151515
18712,132,130,0.0151515
18733,132,130,0.0151515
18754,132,130,0.0151515
18775,132,130,0.0151515
18795,132,130,0.0151515
18816,132,130,0.0151515
18837,132,130,0.0151515
18858,132,130,0.0151515
18879,132,130,0.0151515
18900,132,130,0.0151515
18921,132,130,0.0151515
18943,132,130,0.0151515
18964,132,130,0.0151515
18984,132,130,0.0151515
19006,132,130,0.0151515
19028,132,130,0.0151515
19050,132,130,0.0151515
19071,132,130,0.0151515
19093,132,130,0.0151515
19115,132,130,0.0151515
19138,132,130,0.0151515
19159,132,130,0.0151515
19180,132,130,0.0151515
19202,132,130,0.0151515
19224,132,130,0.0151515
19245,132,130,0.0151515
19267,132,130,0.0151515
19290,132,130,0.0151515
19311,132,130,0.0151515
19333,132,130,0.0151515
19354,132,130,0.0151515
19378,132,130,0.0151515
19400,132,130,0.0151515
19422,132,130,0.0151515
19445,132,130,0.0151515
19467,132,130,0.0151515
19489,132,130,0.0151515
19511,132,130,0.0151515
19534,132,130,0.0151515
19556,132,130,0.0151515
19581,132,130,0.0151515
19604,132,130,0.0151515
19626,132,130,0.0151515
19647,132,130,0.0151515
19670,132,130,0.0151515
19692,132,130,0.0151515
19715,132,130,0.0151515
19738,132,130,0.0151515
19760,132,130,0.0151515
19783,132,130,0.0151515
19806,132,130,0.0151515
19829,132,130,0.0151515
19852,132,130,0.0151515
19876,132,130,0.0151515
19899,132,130,0.0151515
19922,132,130,0.0151515
19945,132,130,0.0151515
19968,132,130,0.0151515
19991,132,130,0.0151515
20014,132,130,0.0151515
20036,132,130,0.0151515
20059,132,130,0.0151515
20082,132,130,0.0151515
20105,132,130,0.0151515
20129,132,130,0.0151515
20152,132,130,0.0151515
20176,132,130,0.0151515
20200,132,130,0.0151515
20222,132,130,0.0151515
20246,132,130,0.0151515
20269,132,130,0.0151515
20293,132,130,0.0151515
20315,132,130,0.0151515
20338,132,130,0.0151515
20362,132,130,0.0151515
20387,132,130,0.0151515
20411,132,130,0.0151515
20434,132,130,0.0151515
20457,132,130,0.0151515
20481,132,130,0.0151515
20504,132,130,0.0151515
20527,132,130,0.0151515
20550,132,130,0.0151515
20576,132,130,0.0151515
20599,132,130,0.0151515
20623,132,130,0.0151515
20646,132,130,0.0151515
20671,132,130,0.0151515
20694,132,130,0.0151515
20718,132,130,0.0151515
20742,132,130,0.0151515
20766,132,130,0.0151515
20790,132,130,0.0151515
20815,132,130,0.0151515
20838,132,130,0.0151515
20863,132,130,0.0151515
20887,132,130,0.0151515
20911,132,130,0.0151515
20935,132,130,0.0151515
20960,132,130,0.0151515
20985,132,130,0.0151515
21010,132,130,0.0151515
21035,132,130,0.0151515
21059,132,130,0.0151515
21084,132,130,0.0151515
21110,132,130,0.0151515
21134,132,130,0.0151515
21160,132,130,0.0151515
21187,132,130,0.0151515
21212,132,130,0.0151515
21237,132,130,0.0151515
21262,132,130,0.0151515
21288,132,130,0.0151515
21314,132,130,0.0151515
21339,132,130,0.0151515
21363,132,130,0.0151515
21392,132,130,0.0151515
21418,132,130,0.0151515
21443,132,130,0.0151515
21468,132,130,0.0151515
21493,132,130,0.0151515
21518,132,130,0.0151515
21544,132,130,0.0151515
21572,132,130,0.0151515
21597,132,130,0.0151515
21622,132,130,0.0151515
21648,132,130,0.0151515
21674,132,130,0.0151515
21700,132,130,0.0151515
21725,132,130,0.0151515
21751,132,130,0.0151515
21777,132,130,0.0151515
21803,132,130,0.0151515
21829,132,130,0.0151515
21856,132,130,0.0151515
21883,132,130,0.0151515
21910,132,130,0.0151515
21936,132,130,0.0151515
21962,132,130,0.0151515
21988,132,130,0.0151515
22015,132,130,0.0151515
22042,132,130,0.0151515
22068,132,130,0.0151515
22094,132,130,0.0151515
22122,132,130,0.0151515
22147,132,130,0.0151515
22174,132,130,0.0151515
22201,132,130,0.0151515
22229,132,130,0.0151515
22257,132,130,0.0151515
22284,132,130,0.0151515
22310,132,130,0.0151515
22336,132,130,0.0151515
22363,132,130,0.0151515
22391,132,130,0.0151515
22418,132,130,0.0151515
22444,132,130,0.0151515
22471,132,130,0.0151515
22498,132,130,0.0151515
22524,132,130,0.0151515
22551,132,130,0.0151515
22578,132,130,0.0151515
22607,132,130,0.0151515
22634,132,130,0.0151515
22661,132,130,0.0151515
22688,132,130,0.0151515
22715,132,130,0.0151515
22742,132,130,0.0151515
22769,132,130,0.0151515
22796,132,130,0.0151515
22826,132,130,0.0151515
22853,132,130,0.0151515
22881,132,130,0.0151515
22908,132,130,0.0151515
22935,132,130,0.0151515
22962,132,130,0.0151515
22989,132,130,0.0151515
23016,132,130,0.0151515
23044,132,130,0.0151515
23072,132,130,0.0151515
23099,132,130,0.0151515
23127,132,130,0.0151515
23155,132,130,0.0151515
23183,132,130,0.0151515
23210,132,130,0.0151515
23238,132,130,0.0151515
23265,132,130,0.0151515
23295,132,130,0.0151515
23323,132,130,0.0151515
23351,132,130,0.0151515
23379,132,130,0.0151515
23406,132,130,0.0151515
23434,132,130,0.0151515
23461,132,130,0.0151515
23490,132,130,0.0151515
23518,132,130,0.0151515
23546,132,130,0.0151515
23576,132,130,0.0151515
23604,132,130,0.0151515
23631,132,130,0.0151515
23660,132,130,0.0151515
23688,132,130,0.0151515
23716,132,130,0.0151515
23745,132,130,0.0151515
23774,132,130,0.0151515
23802,132,130,0.0151515
23830,132,130,0.0151515
23858,132,130,0.0151515
23887,132,130,0.0151515
23915,132,130,0.0151515
23945,132,130,0.0151515
23973,132,130,0.0151515
24002,132,130,0.0151515
24030,132,130,0.0151515
24059,132,130,0.0151515
24088,132,130,0.0151515
24116,132,130,0.0151515
24146,132,130,0.0151515
24174,132,130,0.0151515
24203,132,130,0.0151515
24232,132,130,0.0151515
24260,132,130,0.0151515
24290,132,130,0.0151515
24319,132,130,0.0151515
24351,132,130,0.0151515
24380,132,130,0.0151515
24409,132,130,0.0151515
24439,132,130,0.0151515
24467,132,130,0.0151515
24498,132,130,0.0151515
24528,132,130,0.0151515
24557,132,130,0.0151515
24587,132,130,0.0151515
24615,132,130,0.0151515
24643,132,130,0.0151515
24673,132,130,0.0151515
24702,132,130,0.0151515
24732,132,130,0.0151515
24761,132,130,0.0151515
24792,132,130,0.0151515
24822,132,130,0.0151515
24851,132,130,0.0151515
24879,132,130,0.0151515
24909,132,130,0.0151515
24938,132,130,0.0151515
24969,132,130,0.0151515
24999,132,130,0.0151515
25028,132,130,0.0151515
25058,132,130,0.0151515
25087,132,130,0.0151515
25118,132,130,0.0151515
25147,132,130,0.0151515
25177,132,130,0.0151515
25206,132,130,0.0151515
25236,132,130,0.0151515
25266,132,130,0.0151515
25297,132,130,0.0151515
25325,132,130,0.0151515
25356,132,130,0.0151515
25387,132,130,0.0151515
25416,132,130,0.0151515
25446,132,130,0.0151515
25476,132,130,0.0151515
25506,132,130,0.0151515
25536,132,130,0.0151515
25565,132,130,0.0151515
25598,132,130,0.0151515
25628,132,130,0.0151515
25657,132,130,0.0151515
25687,132,130,0.0151515
25716,132,130,0.0151515
25747,132,130,0.0151515
25778,132,130,0.0151515
25808,132,130,0.0151515
25838,132,130,0.0151515
25868,132,130,0.0151515
25899,132,130,0.0151515
25930,132,130,0.0151515
25961,132,130,0.0151515
25990,132,130,0.0151515
26021,132,130,0.0151515
26052,132,130,0.0151515
26083,132,130,0.0151515
26114,132,130,0.0151515
26144,132,130,0.0151515
26174,132,130,0.0151515
26205,132,130,0.0151515
26234,132,130,0.0151515
26265,132,130,0.0151515
26298,132,130,0.0151515
26329,132,130,0.0151515
26359,132,130,0.0151515
26393,132,130,0.0151515
26424,132,130,0.0151515
26455,132,130,0.0151515
26485,132,130,0.0151515
26516,132,130,0.0151515
26547,132,130,0.0151515
26580,132,130,0.0151515
26614,132,130,0.0151515
26644,132,130,0.0151515
26675,132,130,0.0151515
26706,132,130,0.0151515
26738,132,130,0.0151515
26769,132,130,0.0151515
26801,132,130,0.0151515
26832,132,130,0.0151515
26864,132,130,0.0151515
26894,132,130,0.0151515
26924,132,130,0.0151515
26956,132,130,0.0151515
26987,132,130,0.0151515
27018,132,130,0.0151515
27049,132,130,0.0151515
27081,132,130,0.0151515
27113,132,130,0.0151515
27144,132,130,0.0151515
27176,132,130,0.0151515
27208,132,130,0.0151515
27240,132,130,0.0151515
27271,132,130,0.0151515
27303,132,130,0.0151515
27334,132,130,0.0151515
27367,132,130,0.0151515
27400,132,130,0.0151515
27431,132,130,0.0151515
27463,132,130,0.0151515
27494,132,130,0.0151515
27526,132,130,0.0151515
27558,132,130,0.0151515
27591,132,130,0.0151515
27623,132,130,0.0151515
27654,132,130,0.0151515
27686,132,130,0.0151515
27718,132,130,0.0151515
27750,132,130,0.0151515
27782,132,130,0.0151515
27814,132,130,0.0151515
27845,132,130,0.0151515
27878,132,130,0.0151515
27909,132,130,0.0151515
27941,132,130,0.0151515
27973,132,130,0.0151515
28006,132,130,0.0151515
28039,132,130,0.0151515
28071,132,130,0.0151515
28104,132,130,0.0151515
28135,132,130,0.0151515
28168,132,130,0.0151515
28200,132,130,0.0151515
28233,132,130,0.0151515
28264,132,130,0.0151515
28296,132,130,0.0151515
28327,132,130,0.0151515
28362,132,130,0.0151515
28393,132,130,0.0151515
28426,132,130,0.0151515
28458,132,130,0.0151515
28491,132,130,0.0151515
28524,132,130,0.0151515
28556,132,130,0.0151515
28589,132,130,0.0151515
28621,132,130,0.0151515
28653,132,130,0.0151515
28687,132,130,0.0151515
28719,132,130,0.0151515
28753,132,130,0.0151515
28785,132,130,0.0151515
28818,131,130,0.00763359
28849,131,130,0.00763359
28880,131,130,0.00763359
28911,131,130,0.00763359
28941,131,130,0.00763359
28972,131,130,0.00763359
29003,131,130,0.00763359
29034,131,130,0.00763359
29065,131,130,0.00763359
29096,131,130,0.00763359
29127,131,130,0.00763359
29157,131,130,0.00763359
29189,131,130,0.00763359
29220,131,130,0.00763359
29251,131,130,0.00763359
29281,131,130,0.00763359
29313,131,130,0.00763359
29343,131,130,0.00763359
29376,131,130,0.00763359
29407,131,130,0.00763359
29437,131,130,0.00763359
29466,131,130,0.00763359
29496,131,130,0.00763359
29526,131,130,0.00763359
29558,131,130,0.00763359
29589,131,130,0.00763359
29619,131,130,0.00763359
29649,131,130,0.00763359
29678,131,130,0.00763359
29708,131,130,0.00763359
29737,131,130,0.00763359
29768,131,130,0.00763359
29798,131,130,0.00763359
29827,131,130,0.00763359
29856,131,130,0.00763359
29886,131,130,0.00763359
29915,131,130,0.00763359
29944,131,130,0.00763359
29974,131,130,0.00763359
30002,131,130,0.00763359
30032,131,130,0.00763359
30061,131,130,0.00763359
30091,131,130,0.00763359
30119,131,130,0.00763359
30148,131,130,0.00763359
30177,131,130,0.00763359
30205,131,130,0.00763359
30234,131,130,0.00763359
30262,131,130,0.00763359
30290,131,130,0.00763359
30320,131,130,0.00763359
30348,131,130,0.00763359
30380,131,130,0.00763359
30409,131,130,0.00763359
30438,131,130,0.00763359
30467,131,130,0.00763359
30495,131,130,0.00763359
30523,131,130,0.00763359
30551,131,130,0.00763359
30581,131,130,0.00763359
30610,131,130,0.00763359
30638,131,130,0.00763359
30666,131,130,0.00763359
30693,131,130,0.00763359
30720,131,130,0.00763359
30747,131,130,0.00763359
30774,131,130,0.00763359
30801,131,130,0.00763359
30828,131,130,0.00763359
30856,131,130,0.00763359
30883,131,130,0.00763359
30909,131,130,0.00763359
30937,131,130,0.00763359
30964,131,130,0.00763359
30991,131,130,0.00763359
31018,131,130,0.00763359
31045,131,130,0.00763359
31072,131,130,0.00763359
31098,131,130,0.00763359
31125,131,130,0.00763359
31151,131,130,0.00763359
31177,131,130,0.00763359
31202,131,130,0.00763359
31229,131,130,0.00763359
31254,131,130,0.00763359
31280,131,130,0.00763359
31306,131,130,0.00763359
31333,131,130,0.00763359
31361,131,130,0.00763359
31388,131,130,0.00763359
31413,131,130,0.00763359
31438,131,130,0.00763359
31464,131,130,0.00763359
31490,131,130,0.00763359
31515,131,130,0.00763359
31540,131,130,0.00763359
31568,131,130,0.00763359
31593,131,130,0.00763359
31617,131,130,0.00763359
31642,131,130,0.00763359
31667,131,130,0.00763359
31691,131,130,0.00763359
31716,131,130,0.00763359
31740,131,130,0.00763359
31764,131,130,0.00763359
31789,131,130,0.00763359
31814,131,130,0.00763359
31838,131,130,0.00763359
31862,131,130,0.00763359
31885,131,130,0.00763359
31909,131,130,0.00763359
31933,131,130,0.00763359
31956,131,130,0.00763359
31980,131,130,0.00763359
32004,131,130,0.00763359
32028,131,130,0.00763359
32051,131,130,0.00763359
32075,131,130,0.00763359
32098,131,130,0.00763359
32121,131,130,0.00763359
32144,131,130,0.00763359
32168,131,130,0.00763359
32191,131,130,0.00763359
32213,131,130,0.00763359
32235,131,130,0.00763359
32259,131,130,0.00763359
32281,131,130,0.00763359
32303,131,130,0.00763359
32325,131,130,0.00763359
32347,131,130,0.00763359
32372,131,130,0.00763359
32394,131,130,0.00763359
32415,131,130,0.00763359
32437,131,130,0.00763359
32459,131,130,0.00763359
32480,131,130,0.00763359
32502,131,130,0.00763359
32523,131,130,0.00763359
32544,131,130,0.00763359
32568,131,130,0.00763359
32589,131,130,0.00763359
32610,131,130,0.00763359
32630,131,130,0.00763359
32651,131,130,0.00763359
32671,131,130,0.00763359
32692,131,130,0.00763359
32712,131,130,0.00763359
32732,131,130,0.00763359
32752,131,130,0.00763359
32772,131,130,0.00763359
32792,131,130,0.00763359
32813,131,130,0.00763359
32832,131,130,0.00763359
32852,131,130,0.00763359
32872,131,130,0.00763359
32892,131,130,0.00763359
32911,131,130,0.00763359
32930,131,130,0.00763359
32950,131,130,0.00763359
32969,131,130,0.00763359
32987,131,130,0.00763359
33006,131,130,0.00763359
33024,131,130,0.00763359
33043,131,130,0.00763359
33061,131,130,0.00763359
33080,131,130,0.00763359
33098,131,130,0.00763359
33116,131,130,0.00763359
33133,131,130,0.00763359
33151,131,130,0.00763359
33169,131,130,0.00763359
33187,131,130,0.00763359
33204,131,130,0.00763359
33221,131,130,0.00763359
33238,131,130,0.00763359
33255,131,130,0.00763359
33276,131,130,0.00763359
33293,131,130,0.00763359
33311,131,130,0.00763359
33328,131,130,0.00763359
33345,131,130,0.00763359
33362,131,130,0.00763359
33379,131,130,0.00763359
33396,131,130,0.00763359
33413,131,130,0.00763359
33430,131,130,0.00763359
33447,131,130,0.00763359
33464,131,130,0.00763359
33481,131,130,0.00763359
33498,131,130,0.00763359
33514,131,130,0.00763359
33531,131,130,0.00763359
33548,131,130,0.00763359
33565,131,130,0.00763359
33581,131,130,0.00763359
33601,131,130,0.00763359
33618,131,130,0.00763359
33634,131,130,0.00763359
33650,131,130,0.00763359
33667,131,130,0.00763359
33684,131,130,0.00763359
33700,131,130,0.00763359
33717,131,130,0.00763359
33733,131,130,0.00763359
33750,131,130,0.00763359
33766,131,130,0.00763359
33782,131,130,0.00763359
33798,131,130,0.00763359
33813,131,130,0.00763359
33829,131,130,0.00763359
33845,131,130,0.00763359
33861,131,130,0.00763359
33877,131,130,0.00763359
33893,131,130,0.00763359
33909,131,130,0.00763359
33925,131,130,0.00763359
33942,131,130,0.00763359
33957,131,130,0.00763359
33972,131,130,0.00763359
33988,131,130,0.00763359
34003,131,130,0.00763359
34019,131,130,0.00763359
34034,131,130,0.00763359
34049,131,130,0.00763359
34064,131,130,0.00763359
34079,131,130,0.00763359
34094,131,130,0.00763359
34109,131,130,0.00763359
34124,131,130,0.00763359
34138,131,130,0.00763359
34153,131,130,0.00763359
34167,131,130,0.00763359
34182,131,130,0.00763359
34196,131,130,0.00763359
34210,131,130,0.00763359
34224,131,130,0.00763359
34238,131,130,0.00763359
34253,131,130,0.00763359
34268,131,130,0.00763359
34282,131,130,0.00763359
34296,131,130,0.00763359
34310,131,130,0.00763359
34323,131,130,0.00763359
34337,131,130,0.00763359
34351,131,130,0.00763359
34366,131,130,0.00763359
34381,131,130,0.00763359
34395,131,130,0.00763359
34408,131,130,0.00763359
34421,131,130,0.00763359
34435,131,130,0.00763359
34448,131,130,0.00763359
34461,131,130,0.00763359
34475,131,130,0.00763359
34488,131,130,0.00763359
34501,131,130,0.00763359
34514,131,130,0.00763359
34527,131,130,0.00763359
34540,131,130,0.00763359
34553,131,130,0.00763359
34565,131,130,0.00763359
34579,131,130,0.00763359
34594,131,130,0.00763359
34606,131,130,0.00763359
34618,131,130,0.00763359
34631,131,130,0.00763359
34643,131,130,0.00763359
34655,131,130,0.00763359
34668,131,130,0.00763359
34680,131,130,0.00763359
34693,131,130,0.00763359
34705,131,130,0.00763359
34717,131,130,0.00763359
34729,131,130,0.00763359
34740,131,130,0.00763359
34751,131,130,0.00763359
34763,131,130,0.00763359
34774,131,130,0.00763359
34785,131,130,0.00763359
34796,131,130,0.00763359
34807,131,130,0.00763359
34818,131,130,0.00763359
34828,131,130,0.00763359
34839,131,130,0.00763359
34849,131,130,0.00763359
34861,131,130,0.00763359
34871,131,130,0.00763359
34881,131,130,0.00763359
34891,131,130,0.00763359
34901,131,130,0.00763359
34911,131,130,0.00763359
34920,131,130,0.00763359
34930,131,130,0.00763359
34940,131,130,0.00763359
34949,131,130,0.00763359
34959,131,130,0.00763359
34968,131,130,0.00763359
34977,131,130,0.00763359
34986,131,130,0.00763359
34995,131,130,0.00763359
35004,131,130,0.00763359
35012,131,130,0.00763359
35021,131,130,0.00763359
35029,131,130,0.00763359
35038,131,130,0.00763359
35046,131,130,0.00763359
35054,131,130,0.00763359
35063,131,130,0.00763359
35071,131,130,0.00763359
35080,131,130,0.00763359
35088,131,130,0.00763359
35096,131,130,0.00763359
35104,131,130,0.00763359
35112,131,130,0.00763359
35120,131,130,0.00763359
35128,131,130,0.00763359
35136,131,130,0.00763359
35144,131,130,0.00763359
35152,131,130,0.00763359
35160,131,130,0.00763359
35168,131,130,0.00763359
35176,131,130,0.00763359
35183,131,130,0.00763359
35191,131,130,0.00763359
35199,131,130,0.00763359
35206,131,130,0.00763359
35214,131,130,0.00763359
35221,131,130,0.00763359
35228,131,130,0.00763359
35236,131,130,0.00763359
35243,131,130,0.00763359
35250,131,130,0.00763359
35257,131,130,0.00763359
35264,131,130,0.00763359
35272,131,130,0.00763359
35279,131,130,0.00763359
35286,131,130,0.00763359
35292,131,130,0.00763359
35299,131,130,0.00763359
35306,131,130,0.00763359
35312,131,130,0.00763359
35319,131,130,0.00763359
35325,131,130,0.00763359
35332,131,130,0.00763359
35338,131,130,0.00763359
35345,131,130,0.00763359
35351,131,130,0.00763359
35358,131,130,0.00763359
35364,131,130,0.00763359
35372,131,130,0.00763359
35378,131,130,0.00763359
35384,131,130,0.00763359
35389,131,130,0.00763359
35395,131,130,0.00763359
35400,131,130,0.00763359
35406,131,130,0.00763359
35411,131,130,0.00763359
35417,131,130,0.00763359
35422,131,130,0.00763359
35427,131,130,0.00763359
35432,131,130,0.00763359
35437,131,130,0.00763359
35441,131,130,0.00763359
35446,131,130,0.00763359
35451,131,130,0.00763359
35455,131,130,0.00763359
35460,131,130,0.00763359
35466,131,130,0.00763359
35471,131,130,0.00763359
35475,131,130,0.00763359
35479,131,130,0.00763359
35483,131,130,0.00763359
35487,131,130,0.00763359
35491,131,130,0.00763359
35495,131,130,0.00763359
35499,131,130,0.00763359
35504,131,130,0.00763359
35507,131,130,0.00763359
35511,131,130,0.00763359
35515,131,130,0.00763359
35519,131,130,0.00763359
35522,131,130,0.00763359
35525,131,130,0.00763359
35529,131,130,0.00763359
35532,131,130,0.00763359
35536,131,130,0.00763359
35539,131,130,0.00763359
35542,131,130,0.00763359
35545,131,130,0.00763359
35548,131,130,0.00763359
35551,131,130,0.00763359
35554,131,130,0.00763359
35557,131,130,0.00763359
35559,131,130,0.00763359
35562,131,130,0.00763359
35565,131,130,0.00763359
35567,131,130,0.00763359
35569,131,130,0.00763359
35572,131,130,0.00763359
35575,131,130,0.00763359
35578,131,130,0.00763359
35580,131,130,0.00763359
35582,131,130,0.00763359
35584,131,130,0.00763359
35586,131,130,0.00763359
35588,131,130,0.00763359
35589,131,130,0.00763359
35592,131,130,0.00763359
35593,131,130,0.00763359
35595,131,130,0.00763359
35596,131,130,0.00763359
35598,131,130,0.00763359
35599,131,130,0.00763359
35600,131,130,0.00763359
35601,131,130,0.00763359
35603,131,130,0.00763359
35604,131,130,0.00763359
35605,131,130,0.00763359
35606,131,130,0.00763359
35606,131,130,0.00763359
35607,131,130,0.00763359
35608,131,130,0.00763359
35608,131,130,0.00763359
35609,131,130,0.00763359
35609,131,130,0.00763359
35610,131,130,0.00763359
35610,131,130,0.00763359
35610,131,130,0.00763359
35611,131,130,0.00763359
35611,131,130,0.00763359
35611,131,130,0.00763359
35611,131,130,0.00763359
35612,131,130,0.00763359
35612,131,130,0.00763359
35613,131,130,0.00763359
35613,131,130,0.00763359
35614,131,130,0.00763359
35614,131,130,0.00763359
35614,131,130,0.00763359
35615,131,130,0.00763359
35615,131,130,0.00763359
35616,131,130,0.00763359
35616,131,130,0.00763359
35617,131,130,0.00763359
35617,131,130,0.00763359
35618,131,130,0.00763359
35618,131,130,0.00763359
35619,131,130,0.00763359
35619,131,130,0.00763359
35619,131,130,0.00763359
35620,131,130,0.00763359
35620,131,130,0.00763359
35621,131,130,0.00763359
35621,131,130,0.00763359
35622,131,130,0.00763359
35622,131,130,0.00763359
35623,131,130,0.00763359
35623,131,130,0.00763359
35624,131,130,0.00763359
35624,131,130,0.00763359
35625,131,130,0.00763359
35625,131,130,0.00763359
35626,131,130,0.00763359
35626,131,130,0.00763359
35627,131,130,0.00763359
35627,131,130,0.00763359
35628,131,130,0.00763359
35628,131,130,0.00763359
35629,131,130,0.00763359
35629,131,130,0.00763359
35630,131,130,0.00763359
35630,131,130,0.00763359
35631,131,130,0.00763359
35632,131,130,0.00763359
35632,131,130,0.00763359
35633,131,130,0.00763359
35633,131,130,0.00763359
35634,131,130,0.00763359
35634,131,130,0.00763359
35635,131,130,0.00763359
35636,131,130,0.00763359
35636,131,130,0.00763359
35637,131,130,0.00763359
35637,131,130,0.00763359
35638,131,130,0.00763359
35638,131,130,0.00763359
35639,131,130,0.00763359
35639,131,130,0.00763359
35640,131,130,0.00763359
35641,131,130,0.00763359
35641,131,130,0.00763359
35642,131,130,0.00763359
35642,131,130,0.00763359
35643,131,130,0.00763359
35644,131,130,0.00763359
35644,131,130,0.00763359
35645,131,130,0.00763359
35645,131,130,0.00763359
35646,131,130,0.00763359
35647,131,130,0.00763359
35647,131,130,0.00763359
35648,131,130,0.00763359
35648,131,130,0.00763359
35649,131,130,0.00763359
35650,131,130,0.00763359
35650,131,130,0.00763359
35651,131,130,0.00763359
35652,131,130,0.00763359
35652,131,130,0.00763359
35653,131,130,0.00763359
35654,131,130,0.00763359
35654,131,130,0.00763359
35655,131,130,0.00763359
35656,131,130,0.00763359
35656,131,130,0.00763359
35657,131,130,0.00763359
35658,131,130,0.00763359
35658,131,130,0.00763359
35659,131,130,0.00763359
35659,131,130,0.00763359
35660,131,130,0.00763359
35661,131,130,0.00763359
35662,131,130,0.00763359
35662,131,130,0.00763359
35663,131,130,0.00763359
35664,131,130,0.00763359
35664,131,130,0.00763359
35665,131,130,0.00763359
35666,131,130,0.00763359
35666,131,130,0.00763359
35667,131,130,0.00763359
35668,131,130,0.00763359
35668,131,130,0.00763359
35669,131,130,0.00763359
35670,131,130,0.00763359
35671,131,130,0.00763359
35671,131,130,0.00763359
35672,131,130,0.00763359
35673,131,130,0.00763359
35674,131,130,0.00763359
35674,131,130,0.00763359
35675,131,130,0.00763359
35676,131,130,0.00763359
35676,131,130,0.00763359
35677,131,130,0.00763359
35678,131,130,0.00763359
35678,131,130,0.00763359
35679,131,130,0.00763359
35680,131,130,0.00763359
35681,131,130,0.00763359
35681,131,130,0.00763359
35682,131,130,0.00763359
35683,131,130,0.00763359
35683,131,130,0.00763359
35684,131,130,0.00763359
35685,131,130,0.00763359
35686,131,130,0.00763359
35686,131,130,0.00763359
35687,131,130,0.00763359
35688,131,130,0.00763359
35688,131,130,0.00763359
35689,131,130,0.00763359
35690,131,130,0.00763359
35690,131,130,0.00763359
35691,131,130,0.00763359
35692,131,130,0.00763359
35693,131,130,0.00763359
35693,131,130,0.00763359
35694,131,130,0.00763359
35695,131,130,0.00763359
35696,131,130,0.00763359
35696,131,130,0.00763359
35697,131,130,0.00763359
35698,131,130,0.00763359
35699,131,130,0.00763359
35700,131,130,0.00763359
35700,131,130,0.00763359
35701,131,130,0.00763359
35702,131,130,0.00763359
35703,131,130,0.00763359
35704,131,130,0.00763359
35704,131,130,0.00763359
35705,131,130,0.00763359
35706,131,130,0.00763359
35707,131,130,0.00763359
35708,131,130,0.00763359
35708,131,130,0.00763359
35709,131,130,0.00763359
35710,131,130,0.00763359
35711,131,130,0.00763359
35711,131,130,0.00763359
35712,131,130,0.00763359
35713,131,130,0.00763359
35714,131,130,0.00763359
35715,131,130,0.00763359
35715,131,130,0.00763359
35716,131,130,0.00763359
35717,131,130,0.00763359
35718,131,130,0.00763359
35719,131,130,0.00763359
35719,131,130,0.00763359
35720,131,130,0.00763359
35721,131,130,0.00763359
35722,131,130,0.00763359
35723,131,130,0.00763359
35724,131,130,0.00763359
35724,131,130,0.00763359
35725,131,130,0.00763359
35726,131,130,0.00763359
35727,131,130,0.00763359
35727,131,130,0.00763359
35728,131,130,0.00763359
35729,131,130,0.00763359
35730,131,130,0.00763359
35731,131,130,0.00763359
35732,131,130,0.00763359
35732,131,130,0.00763359
35733,131,130,0.00763359
35734,131,130,0.00763359
35735,131,130,0.00763359
35736,131,130,0.00763359
35737,131,130,0.00763359
35737,131,130,0.00763359
35738,131,130,0.00763359
35739,131,130,0.00763359
35740,131,130,0.00763359
35741,131,130,0.00763359
35742,131,130,0.00763359
35743,131,130,0.00763359
35743,131,130,0.00763359
35744,131,130,0.00763359
35745,131,130,0.00763359
35746,131,130,0.00763359
35747,131,130,0.00763359
35748,131,130,0.00763359
35749,131,130,0.00763359
35749,131,130,0.00763359
35750,131,130,0.00763359
35751,131,130,0.00763359
35752,131,130,0.00763359
35753,131,130,0.00763359
35754,131,130,0.00763359
35755,131,130,0.00763359
35756,131,130,0.00763359
35757,131,130,0.00763359
35757,131,130,0.00763359
35758,131,130,0.00763359
35759,131,130,0.00763359
35760,131,130,0.00763359
35761,131,130,0.00763359
35762,131,130,0.00763359
35763,131,130,0.00763359
35764,131,130,0.00763359
35765,131,130,0.00763359
35765,131,130,0.00763359
35766,131,130,0.00763359
35767,131,130,0.00763359
35768,131,130,0.00763359
35769,131,130,0.00763359
35770,131,130,0.00763359
35771,131,130,0.00763359
35772,131,130,0.00763359
35773,131,130,0.00763359
35774,131,130,0.00763359
35774,131,130,0.00763359
35775,131,130,0.00763359
35776,131,130,0.00763359
35777,131,130,0.00763359
35778,131,130,0.00763359
35779,131,130,0.00763359
35780,131,130,0.00763359
35781,131,130,0.00763359
35782,131,130,0.00763359
35783,131,130,0.00763359
35784,131,130,0.00763359
35784,131,130,0.00763359
35785,131,130,0.00763359
35786,131,130,0.00763359
35787,131,130,0.00763359
35788,131,130,0.00763359
35789,131,130,0.00763359
35790,131,130,0.00763359
35791,131,130,0.00763359
35792,131,130,0.00763359
35793,131,130,0.00763359
35794,131,130,0.00763359
35795,131,130,0.00763359
35796,131,130,0.00763359
35797,131,130,0.00763359
35798,131,130,0.00763359
35799,131,130,0.00763359
35800,131,130,0.00763359
35801,131,130,0.00763359
35802,131,130,0.00763359
35803,131,130,0.00763359
35804,131,130,0.00763359
35805,131,130,0.00763359
35806,131,130,0.00763359
35807,131,130,0.00763359
35808,131,130,0.00763359
35809,131,130,0.00763359
35809,131,130,0.00763359
35810,131,130,0.00763359
35811,131,130,0.00763359
35812,131,130,0.00763359
35813,131,130,0.00763359
35814,131,130,0.00763359
35815,131,130,0.00763359
35816,131,130,0.00763359
35817,131,130,0.00763359
35818,131,130,0.00763359
35819,131,130,0.00763359
35820,131,130,0.00763359
35821,131,130,0.00763359
35822,131,130,0.00763359
35823,131,130,0.00763359
35825,131,130,0.00763359
35826,131,130,0.00763359
35827,131,130,0.00763359
35828,131,130,0.00763359
35829,131,130,0.00763359
35830,131,130,0.00763359
35831,131,130,0.00763359
35832,131,130,0.00763359
35833,131,130,0.00763359
35834,131,130,0.00763359
35835,131,130,0.00763359
35836,131,130,0.00763359
35837,131,130,0.00763359
35838,131,130,0.00763359
35839,131,130,0.00763359
35840,131,130,0.00763359
35841,131,130,0.00763359
35842,131,130,0.00763359
35843,131,130,0.00763359
35844,131,130,0.00763359
35845,131,130,0.00763359
35846,131,130,0.00763359
35847,131,130,0.00763359
35847,131,130,0.00763359
35848,131,130,0.00763359
35849,131,130,0.00763359
35850,131,130,0.00763359
35851,131,130,0.00763359
35853,131,130,0.00763359
35854,131,130,0.00763359
35855,131,130,0.00763359
35856,131,130,0.00763359
35857,131,130,0.00763359
35858,131,130,0.00763359
35859,131,130,0.00763359
35860,131,130,0.00763359
35861,131,130,0.00763359
35862,131,130,0.00763359
35863,131,130,0.00763359
35864,131,130,0.00763359
35865,131,130,0.00763359
35866,131,130,0.00763359
35867,131,130,0.00763359
35868,131,130,0.00763359
35869,131,130,0.00763359
35870,131,130,0.00763359
35872,131,130,0.00763359
35873,131,130,0.00763359
35874,131,130,0.00763359
35875,131,130,0.00763359
35876,131,130,0.00763359
35877,131,130,0.00763359
35878,131,130,0.00763359
35879,131,130,0.00763359
35880,131,130,0.00763359
35881,131,130,0.00763359
35882,131,130,0.00763359
35883,131,130,0.00763359
35884,131,130,0.00763359
35886,131,130,0.00763359
35887,131,130,0.00763359
35888,131,130,0.00763359
35889,131,130,0.00763359
35890,131,130,0.00763359
35891,131,130,0.00763359
35892,131,130,0.00763359
35893,131,130,0.00763359
35894,131,130,0.00763359
35896,131,130,0.00763359
35897,131,130,0.00763359
35898,131,130,0.00763359
35899,131,130,0.00763359
35900,131,130,0.00763359
35901,131,130,0.00763359
35902,131,130,0.00763359
35903,131,130,0.00763359
35905,131,130,0.00763359
35906,131,130,0.00763359
35907,131,130,0.00763359
35908,131,130,0.00763359
35909,131,130,0.00763359
35910,131,130,0.00763359
35911,131,130,0.00763359
35912,131,130,0.00763359
35914,131,130,0.00763359
35915,131,130,0.00763359
35916,131,130,0.00763359
35917,131,130,0.00763359
35918,131,130,0.00763359
35919,131,130,0.00763359
35921,131,130,0.00763359
35922,131,130,0.00763359
35923,131,130,0.00763359
35924,131,130,0.00763359
35925,131,130,0.00763359
35926,131,130,0.00763359
35928,131,130,0.00763359
35929,131,130,0.00763359
35930,131,130,0.00763359
35931,131,130,0.00763359
35932,131,130,0.00763359
35933,131,130,0.00763359
35935,131,130,0.00763359
35936,131,130,0.00763359
35937,131,130,0.00763359
35938,131,130,0.00763359
35939,131,130,0.00763359
35940,131,130,0.00763359
35942,131,130,0.00763359
35943,131,130,0.00763359
35944,131,130,0.00763359
35945,131,130,0.00763359
35946,131,130,0.00763359
35947,131,130,0.00763359
35948,131,130,0.00763359
35950,131,130,0.00763359
35951,131,130,0.00763359
35952,131,130,0.00763359
35953,131,130,0.00763359
35954,131,130,0.00763359
35955,131,130,0.00763359
35956,131,130,0.00763359
35958,131,130,0.00763359
35959,131,130,0.00763359
35960,131,130,0.00763359
35961,131,130,0.00763359
35962,131,130,0.00763359
35963,131,130,0.00763359
35965,131,130,0.00763359
35966,131,130,0.00763359
35967,131,130,0.00763359
35968,131,130,0.00763359
35969,131,130,0.00763359
35971,131,130,0.00763359
35972,131,130,0.00763359
35973,131,130,0.00763359
35974,131,130,0.00763359
35975,131,130,0.00763359
35976,131,130,0.00763359
35977,131,130,0.00763359
35978,131,130,0.00763359
35980,131,130,0.00763359
35981,131,130,0.00763359
35982,131,130,0.00763359
35983,131,130,0.00763359
35984,131,130,0.00763359
35985,131,130,0.00763359
35987,131,130,0.00763359
35988,131,130,0.00763359
35989,131,130,0.00763359
35990,131,130,0.00763359
35991,131,130,0.00763359
35993,131,130,0.00763359
35994,131,130,0.00763359
35995,131,130,0.00763359
35996,131,130,0.00763359
35997,131,130,0.00763359
35999,131,130,0.00763359
36000,131,130,0.00763359
36001,131,130,0.00763359
36002,131,130,0.00763359
36004,131,130,0.00763359
36005,131,130,0.00763359
36006,131,130,0.00763359
36007,131,130,0.00763359
36008,131,130,0.00763359
36009,131,130,0.00763359
36011,131,130,0.00763359
36012,131,130,0.00763359
36013,131,130,0.00763359
36014,131,130,0.00763359
36015,131,130,0.00763359
36017,131,130,0.00763359
36018,131,130,0.00763359
36019,131,130,0.00763359
36020,131,130,0.00763359
36022,131,130,0.00763359
36023,131,130,0.00763359
36024,131,130,0.00763359
36025,131,130,0.00763359
36026,131,130,0.00763359
36028,131,130,0.00763359
36029,131,130,0.00763359
36030,131,130,0.00763359
36031,131,130,0.00763359
36033,131,130,0.00763359
36034,131,130,0.00763359
36035,131,130,0.00763359
36036,131,130,0.00763359
36038,131,130,0.00763359
36039,131,130,0.00763359
36040,131,130,0.00763359
36041,131,130,0.00763359
36043,131,130,0.00763359
36044,131,130,0.00763359
36045,131,130,0.00763359
36047,131,130,0.00763359
36048,131,130,0.00763359
36049,131,130,0.00763359
36050,131,130,0.00763359
36052,131,130,0.00763359
36053,131,130,0.00763359
36054,131,130,0.00763359
36055,131,130,0.00763359
36057,131,130,0.00763359
36058,131,130,0.00763359
36059,131,130,0.00763359
36060,131,130,0.00763359
36062,131,130,0.00763359
36063,131,130,0.00763359
36064,131,130,0.00763359
36065,131,130,0.00763359
36067,131,130,0.00763359
36068,131,130,0.00763359
36069,131,130,0.00763359
36070,131,130,0.00763359
36072,131,130,0.00763359
36073,131,130,0.00763359
36074,131,130,0.00763359
36075,131,130,0.00763359
36077,131,130,0.00763359
36078,131,130,0.00763359
36079,131,130,0.00763359
36081,131,130,0.00763359
36082,131,130,0.00763359
36083,131,130,0.00763359
36084,131,130,0.00763359
36086,131,130,0.00763359
36087,131,130,0.00763359
36088,131,130,0.00763359
36089,131,130,0.00763359
36091,131,130,0.00763359
36092,131,130,0.00763359
36093,131,130,0.00763359
36094,131,130,0.00763359
36096,131,130,0.00763359
36097,131,130,0.00763359
36098,131,130,0.00763359
36099,131,130,0.00763359
36101,131,130,0.00763359
36102,131,130,0.00763359
36103,131,130,0.00763359
36105,131,130,0.00763359
36106,131,130,0.00763359
36107,131,130,0.00763359
36108,131,130,0.00763359
36110,131,130,0.00763359
36111,131,130,0.00763359
36112,131,130,0.00763359
36113,131,130,0.00763359
36114,131,130,0.00763359
36116,131,130,0.00763359
36117,131,130,0.00763359
36118,131,130,0.00763359
36120,131,130,0.00763359
36121,131,130,0.00763359
36122,131,130,0.00763359
36123,131,130,0.00763359
36125,131,130,0.00763359
36126,131,130,0.00763359
36127,131,130,0.00763359
36129,131,130,0.00763359
36130,131,130,0.00763359
36131,131,130,0.00763359
36133,131,130,0.00763359
36134,131,130,0.00763359
36135,131,130,0.00763359
36136,131,130,0.00763359
36138,131,130,0.00763359
36139,131,130,0.00763359
36140,131,130,0.00763359
36141,131,130,0.00763359
36143,131,130,0.00763359
36144,131,130,0.00763359
36145,131,130,0.00763359
36147,131,130,0.00763359
36148,131,130,0.00763359
36149,131,130,0.00763359
36151,131,130,0.00763359
36152,131,130,0.00763359
36153,131,130,0.00763359
36155,131,130,0.00763359
36156,131,130,0.00763359
36157,131,130,0.00763359
36158,131,130,0.00763359
36160,131,130,0.00763359
36161,131,130,0.00763359
36162,131,130,0.00763359
36164,131,130,0.00763359
36165,131,130,0.00763359
36166,131,130,0.00763359
36168,131,130,0.00763359
36169,131,130,0.00763359
36170,131,130,0.00763359
36172,131,130,0.00763359
36173,131,130,0.00763359
36175,131,130,0.00763359
36176,131,130,0.00763359
36177,131,130,0.00763359
36178,131,130,0.00763359
36180,131,130,0.00763359
36181,131,130,0.00763359
36182,131,130,0.00763359
36184,131,130,0.00763359
36185,131,130,0.00763359
36186,131,130,0.00763359
36188,131,130,0.00763359
36189,131,130,0.00763359
36190,131,130,0.00763359
36192,131,130,0.00763359
36193,131,130,0.00763359
36194,131,130,0.00763359
36196,131,130,0.00763359
36197,131,130,0.00763359
36198,131,130,0.00763359
36200,131,130,0.00763359
36201,131,130,0.00763359
36202,131,130,0.00763359
36204,131,130,0.00763359
36205,131,130,0.00763359
36207,131,130,0.00763359
36208,131,130,0.00763359
36209,131,130,0.00763359
36211,131,130,0.00763359
36212,131,130,0.00763359
36213,131,130,0.00763359
36215,131,130,0.00763359
36216,131,130,0.00763359
36218,131,130,0.00763359
36219,131,130,0.00763359
36220,131,130,0.00763359
36222,131,130,0.00763359
36223,131,130,0.00763359
36225,131,130,0.00763359
36226,131,130,0.00763359
36227,131,130,0.00763359
36229,131,130,0.00763359
36230,131,130,0.00763359
36232,131,130,0.00763359
36233,131,130,0.00763359
36235,131,130,0.00763359
36236,131,130,0.00763359
36238,131,130,0.00763359
36239,131,130,0.00763359
36240,131,130,0.00763359
36242,131,130,0.00763359
36243,131,130,0.00763359
36245,131,130,0.00763359
36246,131,130,0.00763359
36248,131,130,0.00763359
36249,131,130,0.00763359
36251,131,130,0.00763359
36252,131,130,0.00763359
36253,131,130,0.00763359
36255,131,130,0.00763359
36256,131,130,0.00763359
36258,131,130,0.00763359
36259,131,130,0.00763359
36261,131,130,0.00763359
36262,131,130,0.00763359
36264,131,130,0.00763359
36265,131,130,0.00763359
36266,131,130,0.00763359
36268,131,130,0.00763359
36270,131,130,0.00763359
36271,131,130,0.00763359
36272,131,130,0.00763359
36274,131,130,0.00763359
36275,131,130,0.00763359
36277,131,130,0.00763359
36278,131,130,0.00763359
36280,131,130,0.00763359
36281,131,130,0.00763359
36282,131,130,0.00763359
36284,131,130,0.00763359
36285,131,130,0.00763359
36287,131,130,0.00763359
36288,131,130,0.00763359
36290,131,130,0.00763359
36292,131,130,0.00763359
36293,131,130,0.00763359
36295,131,130,0.00763359
36296,131,130,0.00763359
36298,131,130,0.00763359
36299,131,130,0.00763359
36301,131,130,0.00763359
36303,131,130,0.00763359
36304,131,130,0.00763359
36306,131,130,0.00763359
36308,131,130,0.00763359
36309,131,130,0.00763359
36311,131,130,0.00763359
36312,131,130,0.00763359
36314,131,130,0.00763359
36315,131,130,0.00763359
36317,131,130,0.00763359
36318,131,130,0.00763359
36320,131,130,0.00763359
36322,131,130,0.00763359
36323,131,130,0.00763359
36325,131,130,0.00763359
36326,131,130,0.00763359
36328,131,130,0.00763359
36329,131,130,0.00763359
36331,131,130,0.00763359
36333,131,130,0.00763359
36334,131,130,0.00763359
36336,131,130,0.00763359
36338,131,130,0.00763359
36339,131,130,0.00763359
36341,131,130,0.00763359
36343,131,130,0.00763359
36344,131,130,0.00763359
36346,131,130,0.00763359
36348,131,130,0.00763359
36349,131,130,0.00763359
36351,131,130,0.00763359
36352,131,130,0.00763359
36354,131,130,0.00763359
36356,131,130,0.00763359
36357,131,130,0.00763359
36359,131,130,0.00763359
36361,131,130,0.00763359
36363,131,130,0.00763359
36365,131,130,0.00763359
36368,131,130,0.00763359
36370,131,130,0.00763359
36371,131,130,0.00763359
36373,131,130,0.00763359
36375,131,130,0.00763359
36377,131,130,0.00763359
36379,131,130,0.00763359
36380,131,130,0.00763359
36382,131,130,0.00763359
36384,131,130,0.00763359
36385,131,130,0.00763359
36387,131,130,0.00763359
36389,131,130,0.00763359
36391,131,130,0.00763359
36392,131,130,0.00763359
36394,131,130,0.00763359
36396,131,130,0.00763359
36398,131,130,0.00763359
36400,131,130,0.00763359
36401,131,130,0.00763359
36403,131,130,0.00763359
36405,131,130,0.00763359
36407,131,130,0.00763359
36409,131,130,0.00763359
36410,131,130,0.00763359
36412,131,130,0.00763359
36414,131,130,0.00763359
36416,131,130,0.00763359
36417,131,130,0.00763359
36419,131,130,0.00763359
36421,131,130,0.00763359
36423,131,130,0.00763359
36425,131,130,0.00763359
36426,131,130,0.00763359
36428,131,130,0.00763359
36430,131,130,0.00763359
36432,131,130,0.00763359
36434,131,130,0.00763359
36436,131,130,0.00763359
36438,131,130,0.00763359
36440,131,130,0.00763359
36442,131,130,0.00763359
36444,131,130,0.00763359
36445,131,130,0.00763359
36447,131,130,0.00763359
36449,131,130,0.00763359
36451,131,130,0.00763359
36453,131,130,0.00763359
36455,131,130,0.00763359
36457,131,130,0.00763359
36459,131,130,0.00763359
36461,131,130,0.00763359
36463,131,130,0.00763359
36464,131,130,0.00763359
36466,131,130,0.00763359
36468,131,130,0.00763359
36470,131,130,0.00763359
36472,131,130,0.00763359
36474,131,130,0.00763359
36476,131,130,0.00763359
36478,131,130,0.00763359
36480,131,130,0.00763359
36482,131,130,0.00763359
36484,131,130,0.00763359
36486,131,130,0.00763359
36488,131,130,0.00763359
36489,131,130,0.00763359
36491,131,130,0.00763359
36493,131,130,0.00763359
36495,131,130,0.00763359
36497,131,130,0.00763359
36499,131,130,0.00763359
36501,131,130,0.00763359
36503,131,130,0.00763359
36504,131,130,0.00763359
36507,131,130,0.00763359
36508,131,130,0.00763359
36510,131,130,0.00763359
36513,131,130,0.00763359
36514,131,130,0.00763359
36516,131,130,0.00763359
36518,131,130,0.00763359
36520,131,130,0.00763359
36522,131,130,0.00763359
36524,131,130,0.00763359
36526,131,130,0.00763359
36528,131,130,0.00763359
36530,131,130,0.00763359
36532,131,130,0.00763359
36534,131,130,0.00763359
36536,131,130,0.00763359
36538,131,130,0.00763359
36540,131,130,0.00763359
36542,131,130,0.00763359
36543,131,130,0.00763359
36545,131,130,0.00763359
36547,131,130,0.00763359
36549,131,130,0.00763359
36551,131,130,0.00763359
36553,131,130,0.00763359
36555,131,130,0.00763359
36557,131,130,0.00763359
36559,131,130,0.00763359
36561,131,130,0.00763359
36563,131,130,0.00763359
36565,131,130,0.00763359
36567,131,130,0.00763359
36569,131,130,0.00763359
36571,131,130,0.00763359
36573,131,130,0.00763359
36575,131,130,0.00763359
36577,131,130,0.00763359
36579,131,130,0.00763359
36582,131,130,0.00763359
36585,131,130,0.00763359
36587,131,130,0.00763359
36589,131,130,0.00763359
36591,131,130,0.00763359
36593,131,130,0.00763359
36595,131,130,0.00763359
36597,131,130,0.00763359
36599,131,130,0.00763359
36601,131,130,0.00763359
36603,131,130,0.00763359
36605,131,130,0.00763359
36607,131,130,0.00763359
36609,131,130,0.00763359
36611,131,130,0.00763359
36613,131,130,0.00763359
36615,131,130,0.00763359
36617,131,130,0.00763359
36619,131,130,0.00763359
36621,131,130,0.00763359
36623,131,130,0.00763359
36625,131,130,0.00763359
36627,131,130,0.00763359
36629,131,130,0.00763359
36631,131,130,0.00763359
36632,131,130,0.00763359
36635,131,130,0.00763359
36636,131,130,0.00763359
36639,131,130,0.00763359
36641,131,130,0.00763359
36642,131,130,0.00763359
36644,131,130,0.00763359
36646,131,130,0.00763359
36648,131,130,0.00763359
36651,131,130,0.00763359
36653,131,130,0.00763359
36655,131,130,0.00763359
36657,131,130,0.00763359
36659,131,130,0.00763359
36661,131,130,0.00763359
36663,131,130,0.00763359
36665,131,130,0.00763359
36667,131,130,0.00763359
36669,131,130,0.00763359
36671,131,130,0.00763359
36673,131,130,0.00763359
36675,131,130,0.00763359
36677,131,130,0.00763359
36679,131,130,0.00763359
36681,131,130,0.00763359
36683,131,130,0.00763359
36685,131,130,0.00763359
36687,131,130,0.00763359
36689,131,130,0.00763359
36691,131,130,0.00763359
36693,131,130,0.00763359
36695,131,130,0.00763359
36697,131,130,0.00763359
36699,131,130,0.00763359
36701,131,130,0.00763359
36704,131,130,0.00763359
36706,131,130,0.00763359
36708,131,130,0.00763359
36710,131,130,0.00763359
36712,131,130,0.00763359
36714,131,130,0.00763359
36716,131,130,0.00763359
36718,131,130,0.00763359
36720,131,130,0.00763359
36722,131,130,0.00763359
36724,131,130,0.00763359
36726,131,130,0.00763359
36729,131,130,0.00763359
36731,131,130,0.00763359
36733,131,130,0.00763359
36735,131,130,0.00763359
36737,131,130,0.00763359
36739,131,130,0.00763359
36741,131,130,0.00763359
36743,131,130,0.00763359
36745,131,130,0.00763359
36748,131,130,0.00763359
36750,131,130,0.00763359
36752,131,130,0.00763359
36754,131,130,0.00763359
36756,131,130,0.00763359
36758,131,130,0.00763359
36760,131,130,0.00763359
36762,131,130,0.00763359
36764,131,130,0.00763359
36767,131,130,0.00763359
36769,131,130,0.00763359
36771,131,130,0.00763359
36773,131,130,0.00763359
36775,131,130,0.00763359
36777,131,130,0.00763359
36780,131,130,0.00763359
36782,131,130,0.00763359
36784,131,130,0.00763359
36786,131,130,0.00763359
36788,131,130,0.00763359
36790,131,130,0.00763359
36792,131,130,0.00763359
36795,131,130,0.00763359
36797,131,130,0.00763359
36799,131,130,0.00763359
36801,131,130,0.00763359
36804,131,130,0.00763359
36806,131,130,0.00763359
36808,131,130,0.00763359
36810,131,130,0.00763359
36812,131,130,0.00763359
36815,131,130,0.00763359
36817,131,130,0.00763359
36819,131,130,0.00763359
36821,131,130,0.00763359
36824,131,130,0.00763359
36826,131,130,0.00763359
36828,131,130,0.00763359
36830,131,130,0.00763359
36833,131,130,0.00763359
36835,131,130,0.00763359
36837,131,130,0.00763359
36839,131,130,0.00763359
36842,131,130,0.00763359
36844,131,130,0.00763359
36846,131,130,0.00763359
36848,131,130,0.00763359
36850,131,130,0.00763359
36852,131,130,0.00763359
36855,131,130,0.00763359
36857,131,130,0.00763359
36859,131,130,0.00763359
36861,131,130,0.00763359
36864,131,130,0.00763359
36866,131,130,0.00763359
36868,131,130,0.00763359
36870,131,130,0.00763359
36873,131,130,0.00763359
36875,131,130,0.00763359
36877,131,130,0.00763359
36879,131,130,0.00763359
36881,131,130,0.00763359
36884,131,130,0.00763359
36886,131,130,0.00763359
36888,131,130,0.00763359
36890,131,130,0.00763359
36892,131,130,0.00763359
36894,131,130,0.00763359
36897,131,130,0.00763359
36899,131,130,0.00763359
36901,131,130,0.00763359
36903,131,130,0.00763359
36905,131,130,0.00763359
36908,131,130,0.00763359
36910,131,130,0.00763359
36912,131,130,0.00763359
36914,131,130,0.00763359
36917,131,130,0.00763359
36919,131,130,0.00763359
36921,131,130,0.00763359
36924,131,130,0.00763359
36926,131,130,0.00763359
36928,131,130,0.00763359
36930,131,130,0.00763359
36932,131,130,0.00763359
36935,131,130,0.00763359
36937,131,130,0.00763359
36939,131,130,0.00763359
36942,131,130,0.00763359
36944,131,130,0.00763359
36946,131,130,0.00763359
36948,131,130,0.00763359
36951,131,130,0.00763359
36953,131,130,0.00763359
36955,131,130,0.00763359
36957,131,130,0.00763359
36960,131,130,0.00763359
36962,131,130,0.00763359
36964,131,130,0.00763359
36967,131,130,0.00763359
36969,131,130,0.00763359
36971,131,130,0.00763359
36973,131,130,0.00763359
36976,131,130,0.00763359
36978,131,130,0.00763359
36980,131,130,0.00763359
36982,131,130,0.00763359
36984,131,130,0.00763359
36987,131,130,0.00763359
36989,131,130,0.00763359
36991,131,130,0.00763359
36993,131,130,0.00763359
36996,131,130,0.00763359
36998,131,130,0.00763359
37000,131,130,0.00763359
37003,131,130,0.00763359
37005,131,130,0.00763359
37007,131,130,0.00763359
37009,131,130,0.00763359
37012,131,130,0.00763359
37014,131,130,0.00763359
37016,131,130,0.00763359
37019,131,130,0.00763359
37021,131,130,0.00763359
37023,131,130,0.00763359
37026,131,130,0.00763359
37028,131,130,0.00763359
37030,131,130,0.00763359
37032,131,130,0.00763359
37035,131,130,0.00763359
37037,131,130,0.00763359
37040,131,130,0.00763359
37042,131,130,0.00763359
37045,131,130,0.00763359
37048,131,130,0.00763359
37050,131,130,0.00763359
37053,131,130,0.00763359
37055,131,130,0.00763359
37058,131,130,0.00763359
37060,131,130,0.00763359
37062,131,130,0.00763359
37065,131,130,0.00763359
37067,131,130,0.00763359
37070,131,130,0.00763359
37072,131,130,0.00763359
37075,131,130,0.00763359
37077,131,130,0.00763359
37079,131,130,0.00763359
37082,131,130,0.00763359
37084,131,130,0.00763359
37086,131,130,0.00763359
37089,131,130,0.00763359
37091,131,130,0.00763359
37093,131,130,0.00763359
37096,131,130,0.00763359
37098,131,130,0.00763359
37101,131,130,0.00763359
37103,131,130,0.00763359
37105,131,130,0.00763359
37108,131,130,0.00763359
37110,131,130,0.00763359
37112,131,130,0.00763359
37115,131,130,0.00763359
37117,131,130,0.00763359
37120,131,130,0.00763359
37122,131,130,0.00763359
37124,131,130,0.00763359
37127,131,130,0.00763359
37129,131,130,0.00763359
37131,131,130,0.00763359
37134,131,130,0.00763359
37136,131,130,0.00763359
37139,131,130,0.00763359
37141,131,130,0.00763359
37144,131,130,0.00763359
37146,131,130,0.00763359
37148,131,130,0.00763359
37151,131,130,0.00763359
37153,131,130,0.00763359
37155,131,130,0.00763359
37158,131,130,0.00763359
37160,131,130,0.00763359
37162,131,130,0.00763359
37165,131,130,0.00763359
37167,131,130,0.00763359
37170,131,130,0.00763359
37172,131,130,0.00763359
37175,131,130,0.00763359
37177,131,130,0.00763359
37180,131,130,0.00763359
37182,131,130,0.00763359
37184,131,130,0.00763359
37187,131,130,0.00763359
37189,131,130,0.00763359
37192,131,130,0.00763359
37194,131,130,0.00763359
37196,131,130,0.00763359
37199,131,130,0.00763359
37201,131,130,0.00763359
37204,131,130,0.00763359
37206,131,130,0.00763359
37209,131,130,0.00763359
37211,131,130,0.00763359
37213,131,130,0.00763359
37216,131,130,0.00763359
37218,131,130,0.00763359
37221,131,130,0.00763359
37223,131,130,0.00763359
37226,131,130,0.00763359
37228,131,130,0.00763359
37231,131,130,0.00763359
37233,131,130,0.00763359
37235,131,130,0.00763359
37238,131,130,0.00763359
37240,131,130,0.00763359
37242,131,130,0.00763359
37245,131,130,0.00763359
37247,131,130,0.00763359
37250,131,130,0.00763359
37252,131,130,0.00763359
37254,131,130,0.00763359
37257,131,130,0.00763359
37259,131,130,0.00763359
37261,131,130,0.00763359
37264,131,130,0.00763359
37266,131,130,0.00763359
37269,131,130,0.00763359
37271,131,130,0.00763359
37274,131,130,0.00763359
37276,131,130,0.00763359
37278,131,130,0.00763359
37282,131,130,0.00763359
37285,131,130,0.00763359
37288,131,130,0.00763359
37290,131,130,0.00763359
37293,131,130,0.00763359
37295,131,130,0.00763359
37297,131,130,0.00763359
37300,131,130,0.00763359
37302,131,130,0.00763359
37305,131,130,0.00763359
37307,131,130,0.00763359
37310,131,130,0.00763359
37312,131,130,0.00763359
37314,131,130,0.00763359
37317,131,130,0.00763359
37319,131,130,0.00763359
37322,131,130,0.00763359
37324,131,130,0.00763359
37326,131,130,0.00763359
37329,131,130,0.00763359
37331,131,130,0.00763359
37333,131,130,0.00763359
37336,131,130,0.00763359
37338,131,130,0.00763359
37341,131,130,0.00763359
37343,131,130,0.00763359
37345,131,130,0.00763359
37348,131,130,0.00763359
37350,131,130,0.00763359
37352,131,130,0.00763359
37355,131,130,0.00763359
37357,131,130,0.00763359
37360,131,130,0.00763359
37362,131,130,0.00763359
37364,131,130,0.00763359
37367,131,130,0.00763359
37369,131,130,0.00763359
37372,131,130,0.00763359
37374,131,130,0.00763359
37377,131,130,0.00763359
37379,131,130,0.00763359
37382,131,130,0.00763359
37384,131,130,0.00763359
37386,131,130,0.00763359
37389,131,130,0.00763359
37391,131,130,0.00763359
37394,131,130,0.00763359
37396,131,130,0.00763359
37399,131,130,0.00763359
37401,131,130,0.00763359
37403,131,130,0.00763359
37406,131,130,0.00763359
37408,131,130,0.00763359
37411,131,130,0.00763359
37413,131,130,0.00763359
37416,131,130,0.00763359
37418,131,130,0.00763359
37421,131,130,0.00763359
37423,131,130,0.00763359
37426,131,130,0.00763359
37429,131,130,0.00763359
37431,131,130,0.00763359
37433,131,130,0.00763359
37436,131,130,0.00763359
37438,131,130,0.00763359
37441,131,130,0.00763359
37443,131,130,0.00763359
37446,131,130,0.00763359
37448,131,130,0.00763359
37451,131,130,0.00763359
37453,131,130,0.00763359
37456,131,130,0.00763359
37458,131,130,0.00763359
37461,131,130,0.00763359
37463,131,130,0.00763359
37465,131,130,0.00763359
37468,131,130,0.00763359
37470,131,130,0.00763359
37473,131,130,0.00763359
37475,131,130,0.00763359
37478,131,130,0.00763359
37480,131,130,0.00763359
37483,131,130,0.00763359
37485,131,130,0.00763359
37488,131,130,0.00763359
37490,131,130,0.00763359
37493,131,130,0.00763359
37495,131,130,0.00763359
37498,131,130,0.00763359
37500,131,130,0.00763359
37503,131,130,0.00763359
37505,131,130,0.00763359
37508,131,130,0.00763359
37510,131,130,0.00763359
37513,131,130,0.00763359
37515,131,130,0.00763359
37518,131,130,0.00763359
37521,131,130,0.00763359
37523,131,130,0.00763359
37526,131,130,0.00763359
37529,131,130,0.00763359
37531,131,130,0.00763359
37533,131,130,0.00763359
37536,131,130,0.00763359
37538,131,130,0.00763359
37541,131,130,0.00763359
37543,131,130,0.00763359
37546,131,130,0.00763359
37549,131,130,0.00763359
37551,131,130,0.00763359
37554,131,130,0.00763359
37556,131,130,0.00763359
37559,131,130,0.00763359
37561,131,130,0.00763359
37564,131,130,0.00763359
37567,131,130,0.00763359
37569,131,130,0.00763359
37572,131,130,0.00763359
37574,131,130,0.00763359
37578,131,130,0.00763359
37581,131,130,0.00763359
37584,131,130,0.00763359
37587,131,130,0.00763359
37590,131,130,0.00763359
37592,131,130,0.00763359
37595,131,130,0.00763359
37597,131,130,0.00763359
37600,131,130,0.00763359
37602,131,130,0.00763359
37605,131,130,0.00763359
37607,131,130,0.00763359
37610,131,130,0.00763359
37612,131,130,0.00763359
37615,131,130,0.00763359
37617,131,130,0.00763359
37620,131,130,0.00763359
37623,131,130,0.00763359
37625,131,130,0.00763359
37628,131,130,0.00763359
37631,131,130,0.00763359
37633,131,130,0.00763359
37636,131,130,0.00763359
37639,131,130,0.00763359
37641,131,130,0.00763359
37644,131,130,0.00763359
37646,131,130,0.00763359
37649,131,130,0.00763359
37651,131,130,0.00763359
37654,131,130,0.00763359
37657,131,130,0.00763359
37659,131,130,0.00763359
37662,131,130,0.00763359
37665,131,130,0.00763359
37667,131,130,0.00763359
37670,131,130,0.00763359
37673,131,130,0.00763359
37675,131,130,0.00763359
37678,131,130,0.00763359
37680,131,130,0.00763359
37683,131,130,0.00763359
37686,131,130,0.00763359
37688,131,130,0.00763359
37691,131,130,0.00763359
37694,131,130,0.00763359
37696,131,130,0.00763359
37699,131,130,0.00763359
37702,131,130,0.00763359
37704,131,130,0.00763359
37707,131,130,0.00763359
37710,131,130,0.00763359
37712,131,130,0.00763359
37715,131,130,0.00763359
37718,131,130,0.00763359
37720,131,130,0.00763359
37723,131,130,0.00763359
37725,131,130,0.00763359
37728,131,130,0.00763359
37731,131,130,0.00763359
37733,131,130,0.00763359
37736,131,130,0.00763359
37739,131,130,0.00763359
37741,131,130,0.00763359
37744,131,130,0.00763359
37747,131,130,0.00763359
37749,131,130,0.00763359
37752,131,130,0.00763359
37755,131,130,0.00763359
37757,131,130,0.00763359
37760,131,130,0.00763359
37763,131,130,0.00763359
37765,131,130,0.00763359
37768,131,130,0.00763359
37771,131,130,0.00763359
37773,131,130,0.00763359
37776,131,130,0.00763359
37779,131,130,0.00763359
37781,131,130,0.00763359
37784,131,130,0.00763359
37787,131,130,0.00763359
37790,131,130,0.00763359
37793,131,130,0.00763359
37796,131,130,0.00763359
37799,131,130,0.00763359
37802,131,130,0.00763359
37804,131,130,0.00763359
37807,131,130,0.00763359
37810,131,130,0.00763359
37813,131,130,0.00763359
37816,131,130,0.00763359
37819,131,130,0.00763359
37822,131,130,0.00763359
37825,131,130,0.00763359
37827,131,130,0.00763359
37830,131,130,0.00763359
37833,131,130,0.00763359
37836,131,130,0.00763359
37839,131,130,0.00763359
37842,131,130,0.00763359
37844,131,130,0.00763359
37847,131,130,0.00763359
37850,131,130,0.00763359
37853,131,130,0.00763359
37856,131,130,0.00763359
37859,131,130,0.00763359
37862,131,130,0.00763359
37864,131,130,0.00763359
37867,131,130,0.00763359
37870,131,130,0.00763359
37873,131,130,0.00763359
37875,131,130,0.00763359
37878,131,130,0.00763359
37881,131,130,0.00763359
37884,131,130,0.00763359
37887,131,130,0.00763359
37890,131,130,0.00763359
37892,131,130,0.00763359
37895,131,130,0.00763359
37898,131,130,0.00763359
37901,131,130,0.00763359
37904,131,130,0.00763359
37907,131,130,0.00763359
37910,131,130,0.00763359
37913,131,130,0.00763359
37916,131,130,0.00763359
37919,131,130,0.00763359
37922,131,130,0.00763359
37925,131,130,0.00763359
37928,131,130,0.00763359
37931,131,130,0.00763359
37934,131,130,0.00763359
37936,131,130,0.00763359
37940,131,130,0.00763359
37943,131,130,0.00763359
37945,131,130,0.00763359
37948,131,130,0.00763359
37951,131,130,0.00763359
37954,131,130,0.00763359
37957,131,130,0.00763359
37960,131,130,0.00763359
37963,131,130,0.00763359
37966,131,130,0.00763359
37969,131,130,0.00763359
37971,131,130,0.00763359
37975,131,130,0.00763359
37977,131,130,0.00763359
37980,131,130,0.00763359
37983,131,130,0.00763359
37986,131,130,0.00763359
37989,131,130,0.00763359
37992,131,130,0.00763359
37995,131,130,0.00763359
37998,131,130,0.00763359
38001,131,130,0.00763359
38004,131,130,0.00763359
38007,131,130,0.00763359
38010,131,130,0.00763359
38013,131,130,0.00763359
38016,131,130,0.00763359
38019,131,130,0.00763359
38022,131,130,0.00763359
38025,131,130,0.00763359
38028,131,130,0.00763359
38031,131,130,0.00763359
38034,131,130,0.00763359
38037,131,130,0.00763359
38040,131,130,0.00763359
38043,131,130,0.00763359
38046,131,130,0.00763359
38049,131,130,0.00763359
38052,131,130,0.00763359
38055,131,130,0.00763359
38058,131,130,0.00763359
38061,131,130,0.00763359
38064,131,130,0.00763359
38067,131,130,0.00763359
38070,131,130,0.00763359
38073,131,130,0.00763359
38076,131,130,0.00763359
38079,131,130,0.00763359
38082,131,130,0.00763359
38085,131,130,0.00763359
38088,131,130,0.00763359
38091,131,130,0.00763359
38094,131,130,0.00763359
38097,131,130,0.00763359
38100,131,130,0.00763359
38104,131,130,0.00763359
38107,131,130,0.00763359
38110,131,130,0.00763359
38113,131,130,0.00763359
38116,131,130,0.00763359
38119,131,130,0.00763359
38122,131,130,0.00763359
38125,131,130,0.00763359
38128,131,130,0.00763359
38131,131,130,0.00763359
38134,131,130,0.00763359
38137,131,130,0.00763359
38141,131,130,0.00763359
38144,131,130,0.00763359
38147,131,130,0.00763359
38150,131,130,0.00763359
38153,131,130,0.00763359
38157,131,130,0.00763359
38160,131,130,0.00763359
38163,131,130,0.00763359
38166,131,130,0.00763359
38169,131,130,0.00763359
38173,131,130,0.00763359
38176,131,130,0.00763359
38179,131,130,0.00763359
38182,131,130,0.00763359
38185,131,130,0.00763359
38188,131,130,0.00763359
38191,131,130,0.00763359
38194,131,130,0.00763359
38197,131,130,0.00763359
38201,131,130,0.00763359
38204,131,130,0.00763359
38207,131,130,0.00763359
38210,131,130,0.00763359
38214,131,130,0.00763359
38217,131,130,0.00763359
38220,131,130,0.00763359
38223,131,130,0.00763359
38226,131,130,0.00763359
38229,131,130,0.00763359
38232,131,130,0.00763359
38235,131,130,0.00763359
38239,131,130,0.00763359
38242,131,130,0.00763359
38245,131,130,0.00763359
38248,131,130,0.00763359
38251,131,130,0.00763359
38254,131,130,0.00763359
38257,131,130,0.00763359
38260,131,130,0.00763359
38263,131,130,0.00763359
38266,131,130,0.00763359
38269,131,130,0.00763359
38272,131,130,0.00763359
38275,131,130,0.00763359
38278,131,130,0.00763359
38282,131,130,0.00763359
38285,131,130,0.00763359
38288,131,130,0.00763359
38291,131,130,0.00763359
38294,131,130,0.00763359
38298,131,130,0.00763359
38301,131,130,0.00763359
38304,131,130,0.00763359
38307,131,130,0.00763359
38310,131,130,0.00763359
38313,131,130,0.00763359
38316,131,130,0.00763359
38319,131,130,0.00763359
38322,131,130,0.00763359
38325,131,130,0.00763359
38328,131,130,0.00763359
38331,131,130,0.00763359
38334,131,130,0.00763359
38337,131,130,0.00763359
38341,131,130,0.00763359
38344,131,130,0.00763359
38347,131,130,0.00763359
38351,131,130,0.00763359
38354,131,130,0.00763359
38357,131,130,0.00763359
38360,131,130,0.00763359
38364,131,130,0.00763359
38368,131,130,0.00763359
38372,131,130,0.00763359
38375,131,130,0.00763359
38378,131,130,0.00763359
38382,131,130,0.00763359
38385,131,130,0.00763359
38388,131,130,0.00763359
38391,131,130,0.00763359
38394,131,130,0.00763359
38398,131,130,0.00763359
38401,131,130,0.00763359
38404,131,130,0.00763359
38407,131,130,0.00763359
38410,131,130,0.00763359
38414,131,130,0.00763359
38417,131,130,0.00763359
38420,131,130,0.00763359
38424,131,130,0.00763359
38427,131,130,0.00763359
38430,131,130,0.00763359
38434,131,130,0.00763359
38437,131,130,0.00763359
38440,131,130,0.00763359
38444,131,130,0.00763359
38447,131,130,0.00763359
38450,131,130,0.00763359
38454,131,130,0.00763359
38457,131,130,0.00763359
38460,131,130,0.00763359
38463,131,130,0.00763359
38467,131,130,0.00763359
38470,131,130,0.00763359
38473,131,130,0.00763359
38477,131,130,0.00763359
38480,131,130,0.00763359
38484,131,130,0.00763359
38487,131,130,0.00763359
38491,131,130,0.00763359
38494,131,130,0.00763359
38498,131,130,0.00763359
38501,131,130,0.00763359
38504,131,130,0.00763359
38508,131,130,0.00763359
38511,131,130,0.00763359
38514,131,130,0.00763359
38518,131,130,0.00763359
38521,131,130,0.00763359
38525,131,130,0.00763359
38528,131,130,0.00763359
38531,131,130,0.00763359
38535,131,130,0.00763359
38538,131,130,0.00763359
38542,131,130,0.00763359
38545,131,130,0.00763359
38548,131,130,0.00763359
38551,131,130,0.00763359
38554,131,130,0.00763359
38558,131,130,0.00763359
38562,131,130,0.00763359
38565,131,130,0.00763359
38568,131,130,0.00763359
38572,131,130,0.00763359
38575,131,130,0.00763359
38579,131,130,0.00763359
38582,131,130,0.00763359
38587,131,130,0.00763359
38591,131,130,0.00763359
38595,131,130,0.00763359
38598,131,130,0.00763359
38602,131,130,0.00763359
38605,131,130,0.00763359
38609,131,130,0.00763359
38613,131,130,0.00763359
38616,131,130,0.00763359
38620,131,130,0.00763359
38623,131,130,0.00763359
38627,131,130,0.00763359
38630,131,130,0.00763359
38634,131,130,0.00763359
38637,131,130,0.00763359
38641,131,130,0.00763359
38644,131,130,0.00763359
38648,131,130,0.00763359
38651,131,130,0.00763359
38655,131,130,0.00763359
38659,131,130,0.00763359
38662,131,130,0.00763359
38666,131,130,0.00763359
38669,131,130,0.00763359
38673,131,130,0.00763359
38676,131,130,0.00763359
38680,131,130,0.00763359
38683,131,130,0.00763359
38687,131,130,0.00763359
38690,131,130,0.00763359
38694,131,130,0.00763359
38697,131,130,0.00763359
38701,131,130,0.00763359
38705,131,130,0.00763359
38708,131,130,0.00763359
38712,131,130,0.00763359
38715,131,130,0.00763359
38719,131,130,0.00763359
38722,131,130,0.00763359
38726,131,130,0.00763359
38730,131,130,0.00763359
38733,131,130,0.00763359
38737,131,130,0.00763359
38740,131,130,0.00763359
38744,131,130,0.00763359
38747,131,130,0.00763359
38751,131,130,0.00763359
38755,131,130,0.00763359
38758,131,130,0.00763359
38762,131,130,0.00763359
38765,131,130,0.00763359
38769,131,130,0.00763359
38773,131,130,0.00763359
38777,131,130,0.00763359
38780,131,130,0.00763359
38783,131,130,0.00763359
38787,131,130,0.00763359
38791,131,130,0.00763359
38794,131,130,0.00763359
38798,131,130,0.00763359
38802,131,130,0.00763359
38805,131,130,0.00763359
38809,131,130,0.00763359
38812,131,130,0.00763359
38816,131,130,0.00763359
38820,131,130,0.00763359
38823,131,130,0.00763359
38827,131,130,0.00763359
38830,131,130,0.00763359
38834,131,130,0.00763359
38838,131,130,0.00763359
38841,131,130,0.00763359
38845,131,130,0.00763359
38848,131,130,0.00763359
38852,131,130,0.00763359
38856,131,130,0.00763359
38859,131,130,0.00763359
38863,131,130,0.00763359
38867,131,130,0.00763359
38871,131,130,0.00763359
38874,131,130,0.00763359
38878,131,130,0.00763359
38882,131,130,0.00763359
38885,131,130,0.00763359
38889,131,130,0.00763359
38893,131,130,0.00763359
38897,131,130,0.00763359
38900,131,130,0.00763359
38904,131,130,0.00763359
38908,131,130,0.00763359
38912,131,130,0.00763359
38916,131,130,0.00763359
38920,131,130,0.00763359
38923,131,130,0.00763359
38927,131,130,0.00763359
38931,131,130,0.00763359
38935,131,130,0.00763359
38938,131,130,0.00763359
38942,131,130,0.00763359
38945,131,130,0.00763359
38949,131,130,0.00763359
38952,131,130,0.00763359
38956,131,130,0.00763359
38960,131,130,0.00763359
38964,131,130,0.00763359
38967,131,130,0.00763359
38971,131,130,0.00763359
38975,131,130,0.00763359
38978,131,130,0.00763359
38982,131,130,0.00763359
38986,131,130,0.00763359
38989,131,130,0.00763359
38993,131,130,0.00763359
38997,131,130,0.00763359
39001,131,130,0.00763359
39004,131,130,0.00763359
39008,131,130,0.00763359
39011,131,130,0.00763359
39015,131,130,0.00763359
39019,131,130,0.00763359
39023,131,130,0.00763359
39026,131,130,0.00763359
39030,131,130,0.00763359
39034,131,130,0.00763359
39038,131,130,0.00763359
39041,131,130,0.00763359
39045,131,130,0.00763359
39048,131,130,0.00763359
39052,131,130,0.00763359
39055,131,130,0.00763359
39059,131,130,0.00763359
39063,131,130,0.00763359
39066,131,130,0.00763359
39070,131,130,0.00763359
39074,131,130,0.00763359
39077,131,130,0.00763359
39081,131,130,0.00763359
39085,131,130,0.00763359
39089,131,130,0.00763359
39093,131,130,0.00763359
39096,131,130,0.00763359
39100,131,130,0.00763359
39104,131,130,0.00763359
39107,131,130,0.00763359
39111,131,130,0.00763359
39115,131,130,0.00763359
39119,131,130,0.00763359
39122,131,130,0.00763359
39126,131,130,0.00763359
39130,131,130,0.00763359
39134,131,130,0.00763359
39138,131,130,0.00763359
39142,131,130,0.00763359
39145,131,130,0.00763359
39149,131,130,0.00763359
39153,131,130,0.00763359
39157,131,130,0.00763359
39161,131,130,0.00763359
39164,131,130,0.00763359
39168,131,130,0.00763359
39172,131,130,0.00763359
39176,131,130,0.00763359
39180,131,130,0.00763359
39184,131,130,0.00763359
39188,131,130,0.00763359
39192,131,130,0.00763359
39195,131,130,0.00763359
39199,131,130,0.00763359
39203,131,130,0.00763359
39207,131,130,0.00763359
39210,131,130,0.00763359
39214,131,130,0.00763359
39218,131,130,0.00763359
39222,131,130,0.00763359
39225,131,130,0.00763359
39229,131,130,0.00763359
39233,131,130,0.00763359
39236,131,130,0.00763359
39240,131,130,0.00763359
39244,131,130,0.00763359
39248,131,130,0.00763359
39252,131,130,0.00763359
39256,131,130,0.00763359
39260,131,130,0.00763359
39263,131,130,0.00763359
39267,131,130,0.00763359
39271,131,130,0.00763359
39275,131,130,0.00763359
39279,131,130,0.00763359
39283,131,130,0.00763359
39287,131,130,0.00763359
39290,131,130,0.00763359
39294,131,130,0.00763359
39298,131,130,0.00763359
39302,131,130,0.00763359
39306,131,130,0.00763359
39310,131,130,0.00763359
39313,131,130,0.00763359
39317,131,130,0.00763359
39321,131,130,0.00763359
39324,131,130,0.00763359
39328,131,130,0.00763359
39332,131,130,0.00763359
39335,131,130,0.00763359
39339,131,130,0.00763359
39343,131,130,0.00763359
39347,131,130,0.00763359
39351,131,130,0.00763359
39354,131,130,0.00763359
39358,131,130,0.00763359
39362,131,130,0.00763359
39366,131,130,0.00763359
39371,131,130,0.00763359
39375,131,130,0.00763359
39379,131,130,0.00763359
39383,131,130,0.00763359
39387,131,130,0.00763359
39391,131,130,0.00763359
39394,131,130,0.00763359
39398,131,130,0.00763359
39402,131,130,0.00763359
39405,131,130,0.00763359
39409,131,130,0.00763359
39413,131,130,0.00763359
39416,131,130,0.00763359
39420,131,130,0.00763359
39424,131,130,0.00763359
39428,131,130,0.00763359
39432,131,130,0.00763359
39435,131,130,0.00763359
39439,131,130,0.00763359
39443,131,130,0.00763359
39446,131,130,0.00763359
39450,131,130,0.00763359
39454,131,130,0.00763359
39458,131,130,0.00763359
39461,131,130,0.00763359
39465,131,130,0.00763359
39469,131,130,0.00763359
39473,131,130,0.00763359
39476,131,130,0.00763359
39480,131,130,0.00763359
39484,131,130,0.00763359
39487,131,130,0.00763359
39491,131,130,0.00763359
39495,131,130,0.00763359
39499,131,130,0.00763359
39502,131,130,0.00763359
39506,131,130,0.00763359
39510,131,130,0.00763359
39513,131,130,0.00763359
39517,131,130,0.00763359
39520,131,130,0.00763359
39524,131,130,0.00763359
39528,131,130,0.00763359
39531,131,130,0.00763359
39535,131,130,0.00763359
39538,131,130,0.00763359
39542,131,130,0.00763359
39546,131,130,0.00763359
39550,131,130,0.00763359
39553,131,130,0.00763359
39557,131,130,0.00763359
39561,131,130,0.00763359
39565,131,130,0.00763359
39568,131,130,0.00763359
39573,131,130,0.00763359
39578,131,130,0.00763359
39582,131,130,0.00763359
39586,131,130,0.00763359
39589,131,130,0.00763359
39593,131,130,0.00763359
39597,131,130,0.00763359
39601,131,130,0.00763359
39604,131,130,0.00763359
39608,131,130,0.00763359
39612,131,130,0.00763359
39616,131,130,0.00763359
39620,131,130,0.00763359
39623,131,130,0.00763359
39627,131,130,0.00763359
39631,131,130,0.00763359
39634,131,130,0.00763359
39638,131,130,0.00763359
39642,131,130,0.00763359
39646,131,130,0.00763359
39649,131,130,0.00763359
39653,131,130,0.00763359
39657,131,130,0.00763359
39661,131,130,0.00763359
39665,131,130,0.00763359
39668,131,130,0.00763359
39672,131,130,0.00763359
39676,131,130,0.00763359
39680,131,130,0.00763359
39684,131,130,0.00763359
39688,131,130,0.00763359
39692,131,130,0.00763359
39695,131,130,0.00763359
39699,131,130,0.00763359
39703,131,130,0.00763359
39707,131,130,0.00763359
39711,131,130,0.00763359
39715,131,130,0.00763359
39718,131,130,0.00763359
39722,131,130,0.00763359
39726,131,130,0.00763359
39730,131,130,0.00763359
39734,131,130,0.00763359
39737,131,130,0.00763359
39741,131,130,0.00763359
39745,131,130,0.00763359
39749,131,130,0.00763359
39752,131,130,0.00763359
39756,131,130,0.00763359
39760,131,130,0.00763359
39764,131,130,0.00763359
39768,131,130,0.00763359
39772,131,130,0.00763359
39775,131,130,0.00763359
39779,131,130,0.00763359
39784,131,130,0.00763359
39787,131,130,0.00763359
39791,131,130,0.00763359
39795,131,130,0.00763359
39799,131,130,0.00763359
39803,131,130,0.00763359
39806,131,130,0.00763359
39810,131,130,0.00763359
39814,131,130,0.00763359
39817,131,130,0.00763359
39821,131,130,0.00763359
39825,131,130,0.00763359
39829,131,130,0.00763359
39832,131,130,0.00763359
39836,131,130,0.00763359
39840,131,130,0.00763359
39844,131,130,0.00763359
39848,131,130,0.00763359
39852,131,130,0.00763359
39855,131,130,0.00763359
39859,131,130,0.00763359
39863,131,130,0.00763359
39867,131,130,0.00763359
39871,131,130,0.00763359
39875,131,130,0.00763359
39879,131,130,0.00763359
39882,131,130,0.00763359
39886,131,130,0.00763359
39890,131,130,0.00763359
39894,131,130,0.00763359
39898,131,130,0.00763359
39901,131,130,0.00763359
39905,131,130,0.00763359
39909,131,130,0.00763359
39913,131,130,0.00763359
39916,131,130,0.00763359
39920,131,130,0.00763359
39924,131,130,0.00763359
39927,131,130,0.00763359
39931,131,130,0.00763359
39935,131,130,0.00763359
39938,131,130,0.00763359
39942,131,130,0.00763359
39946,131,130,0.00763359
39950,131,130,0.00763359
39954,131,130,0.00763359
39958,131,130,0.00763359
39961,131,130,0.00763359
39965,131,130,0.00763359
39969,131,130,0.00763359
39973,131,130,0.00763359
39977,131,130,0.00763359
39981,131,130,0.00763359
39985,131,130,0.00763359
39989,131,130,0.00763359
39992,131,130,0.00763359
39996,131,130,0.00763359
40000,131,130,0.00763359
40004,131,130,0.00763359
40008,131,130,0.00763359
40012,131,130,0.00763359
40016,131,130,0.00763359
40020,131,130,0.00763359
40023,131,130,0.00763359
40027,131,130,0.00763359
40031,131,130,0.00763359
40035,131,130,0.00763359
40039,131,130,0.00763359
40043,131,130,0.00763359
40047,131,130,0.00763359
40050,131,130,0.00763359
40054,131,130,0.00763359
40058,131,130,0.00763359
40062,131,130,0.00763359
40066,131,130,0.00763359
40070,131,130,0.00763359
40074,131,130,0.00763359
40078,131,130,0.00763359
40082,131,130,0.00763359
40085,131,130,0.00763359
40089,131,130,0.00763359
40093,131,130,0.00763359
40097,131,130,0.00763359
40101,131,130,0.00763359
40105,131,130,0.00763359
40109,131,130,0.00763359
40113,131,130,0.00763359
40117,131,130,0.00763359
40121,131,130,0.00763359
40125,131,130,0.00763359
40129,131,130,0.00763359
40133,131,130,0.00763359
40136,131,130,0.00763359
40140,131,130,0.00763359
40144,131,130,0.00763359
40148,131,130,0.00763359
40152,131,130,0.00763359
40155,131,130,0.00763359
40159,131,130,0.00763359
40163,131,130,0.00763359
40167,131,130,0.00763359
40172,131,130,0.00763359
40175,131,130,0.00763359
40180,131,130,0.00763359
40183,131,130,0.00763359
40187,131,130,0.00763359
40191,131,130,0.00763359
40195,131,130,0.00763359
40199,131,130,0.00763359
40203,131,130,0.00763359
40207,131,130,0.00763359
40211,131,130,0.00763359
40215,131,130,0.00763359
40218,131,130,0.00763359
40222,131,130,0.00763359
40226,131,130,0.00763359
40230,131,130,0.00763359
40234,131,130,0.00763359
40238,131,130,0.00763359
40242,131,130,0.00763359
40246,131,130,0.00763359
40250,131,130,0.00763359
40254,131,130,0.00763359
40258,131,130,0.00763359
40262,131,130,0.00763359
40266,131,130,0.00763359
40270,131,130,0.00763359
40274,131,130,0.00763359
40278,131,130,0.00763359
40282,131,130,0.00763359
40285,131,130,0.00763359
40289,131,130,0.00763359
40293,131,130,0.00763359
40297,131,130,0.00763359
40301,131,130,0.00763359
40305,131,130,0.00763359
40309,131,130,0.00763359
40313,131,130,0.00763359
40317,131,130,0.00763359
40321,131,130,0.00763359
40326,131,130,0.00763359
40331,131,130,0.00763359
40335,131,130,0.00763359
40339,131,130,0.00763359
40343,131,130,0.00763359
40347,131,130,0.00763359
40350,131,130,0.00763359
40354,131,130,0.00763359
40358,131,130,0.00763359
40362,131,130,0.00763359
40366,131,130,0.00763359
40370,131,130,0.00763359
40374,131,130,0.00763359
40378,131,130,0.00763359
40382,131,130,0.00763359
40386,131,130,0.00763359
40390,131,130,0.00763359
40394,131,130,0.00763359
40398,131,130,0.00763359
40402,131,130,0.00763359
40406,131,130,0.00763359
40410,131,130,0.00763359
40414,131,130,0.00763359
40418,131,130,0.00763359
40422,131,130,0.00763359
40426,131,130,0.00763359
40430,131,130,0.00763359
40434,131,130,0.00763359
40438,131,130,0.00763359
40442,131,130,0.00763359
40446,131,130,0.00763359
40450,131,130,0.00763359
40454,131,130,0.00763359
40457,131,130,0.00763359
40461,131,130,0.00763359
40465,131,130,0.00763359
40469,131,130,0.00763359
40473,131,130,0.00763359
40477,131,130,0.00763359
40481,131,130,0.00763359
40486,131,130,0.00763359
40490,131,130,0.00763359
40494,131,130,0.00763359
40498,131,130,0.00763359
40502,131,130,0.00763359
40506,131,130,0.00763359
40510,131,130,0.00763359
40514,131,130,0.00763359
40518,131,130,0.00763359
40522,131,130,0.00763359
40526,131,130,0.00763359
40530,131,130,0.00763359
40534,131,130,0.00763359
40538,131,130,0.00763359
40542,131,130,0.00763359
40545,131,130,0.00763359
40549,131,130,0.00763359
40553,131,130,0.00763359
40557,131,130,0.00763359
40561,131,130,0.00763359
40565,131,130,0.00763359
40569,131,130,0.00763359
40573,131,130,0.00763359
40578,131,130,0.00763359
40583,131,130,0.00763359
40588,131,130,0.00763359
40592,131,130,0.00763359
40596,131,130,0.00763359
40600,131,130,0.00763359
40604,131,130,0.00763359
40608,131,130,0.00763359
40612,131,130,0.00763359
40616,131,130,0.00763359
40620,131,130,0.00763359
40624,131,130,0.00763359
40628,131,130,0.00763359
40632,131,130,0.00763359
40636,131,130,0.00763359
40640,131,130,0.00763359
40644,131,130,0.00763359
40648,131,130,0.00763359
40652,131,130,0.00763359
40656,131,130,0.00763359
40660,131,130,0.00763359
40664,131,130,0.00763359
40668,131,130,0.00763359
40672,131,130,0.00763359
40676,131,130,0.00763359
40680,131,130,0.00763359
40684,131,130,0.00763359
40688,131,130,0.00763359
40692,131,130,0.00763359
40696,131,130,0.00763359
40700,131,130,0.00763359
40704,131,130,0.00763359
40708,131,130,0.00763359
40712,131,130,0.00763359
40716,131,130,0.00763359
40721,131,130,0.00763359
40725,131,130,0.00763359
40729,131,130,0.00763359
40733,131,130,0.00763359
40737,131,130,0.00763359
40741,131,130,0.00763359
40745,131,130,0.00763359
40749,131,130,0.00763359
40753,131,130,0.00763359
40757,131,130,0.00763359
40761,131,130,0.00763359
40765,131,130,0.00763359
40769,131,130,0.00763359
40773,131,130,0.00763359
40777,131,130,0.00763359
40782,131,130,0.00763359
40786,131,130,0.00763359
40790,131,130,0.00763359
40794,131,130,0.00763359
40798,131,130,0.00763359
40802,131,130,0.00763359
40806,131,130,0.00763359
40811,131,130,0.00763359
40815,131,130,0.00763359
40819,131,130,0.00763359
40823,131,130,0.00763359
40827,131,130,0.00763359
40830,131,130,0.00763359
40834,131,130,0.00763359
40838,131,130,0.00763359
40842,131,130,0.00763359
40846,131,130,0.00763359
40850,131,130,0.00763359
40854,131,130,0.00763359
40858,131,130,0.00763359
40862,131,130,0.00763359
40866,131,130,0.00763359
40870,131,130,0.00763359
40874,131,130,0.00763359
40878,131,130,0.00763359
40882,131,130,0.00763359
40886,131,130,0.00763359
40890,131,130,0.00763359
40894,131,130,0.00763359
40899,131,130,0.00763359
40903,131,130,0.00763359
40907,131,130,0.00763359
40911,131,130,0.00763359
40915,131,130,0.00763359
40919,131,130,0.00763359
40923,131,130,0.00763359
40927,131,130,0.00763359
40931,131,130,0.00763359
40935,131,130,0.00763359
40939,131,130,0.00763359
40943,131,130,0.00763359
40947,131,130,0.00763359
40952,131,130,0.00763359
40956,131,130,0.00763359
40960,131,130,0.00763359
40964,131,130,0.00763359
40968,131,130,0.00763359
40972,131,130,0.00763359
40976,131,130,0.00763359
40980,131,130,0.00763359
40985,131,130,0.00763359
40989,131,130,0.00763359
40993,131,130,0.00763359
40997,131,130,0.00763359
41001,131,130,0.00763359
41005,131,130,0.00763359
41009,131,130,0.00763359
41013,131,130,0.00763359
41018,131,130,0.00763359
41022,131,130,0.00763359
41026,131,130,0.00763359
41030,131,130,0.00763359
41034,131,130,0.00763359
41039,131,130,0.00763359
41043,131,130,0.00763359
41047,131,130,0.00763359
41051,131,130,0.00763359
41055,131,130,0.00763359
41060,131,130,0.00763359
41064,131,130,0.00763359
41068,131,130,0.00763359
41072,131,130,0.00763359
41076,131,130,0.00763359
41080,131,130,0.00763359
41084,131,130,0.00763359
41088,131,130,0.00763359
41092,131,130,0.00763359
41096,131,130,0.00763359
41100,131,130,0.00763359
41104,131,130,0.00763359
41109,131,130,0.00763359
41113,131,130,0.00763359
41118,131,130,0.00763359
41122,131,130,0.00763359
41126,131,130,0.00763359
41130,131,130,0.00763359
41134,131,130,0.00763359
41139,131,130,0.00763359
41143,131,130,0.00763359
41147,131,130,0.00763359
41151,131,130,0.00763359
41155,131,130,0.00763359
41159,131,130,0.00763359
41163,131,130,0.00763359
41168,131,130,0.00763359
41172,131,130,0.00763359
41176,131,130,0.00763359
41180,131,130,0.00763359
41184,131,130,0.00763359
41188,131,130,0.00763359
41193,131,130,0.00763359
41197,131,130,0.00763359
41201,131,130,0.00763359
41205,131,130,0.00763359
41209,131,130,0.00763359
41213,131,130,0.00763359
41217,131,130,0.00763359
41221,131,130,0.00763359
41226,131,130,0.00763359
41230,131,130,0.00763359
41234,131,130,0.00763359
41238,131,130,0.00763359
41243,131,130,0.00763359
41247,131,130,0.00763359
41251,131,130,0.00763359
41256,131,130,0.00763359
41260,131,130,0.00763359
41264,131,130,0.00763359
41269,131,130,0.00763359
41273,131,130,0.00763359
41277,131,130,0.00763359
41282,131,130,0.00763359
41286,131,130,0.00763359
41290,131,130,0.00763359
41294,131,130,0.00763359
41299,131,130,0.00763359
41303,131,130,0.00763359
41307,131,130,0.00763359
41312,131,130,0.00763359
41316,131,130,0.00763359
41320,131,130,0.00763359
41325,131,130,0.00763359
41330,131,130,0.00763359
41335,131,130,0.00763359
41339,131,130,0.00763359
41344,131,130,0.00763359
41348,131,130,0.00763359
41353,131,130,0.00763359
41357,131,130,0.00763359
41361,131,130,0.00763359
41366,131,130,0.00763359
41370,131,130,0.00763359
41375,131,130,0.00763359
41379,131,130,0.00763359
41383,131,130,0.00763359
41387,131,130,0.00763359
41391,131,130,0.00763359
41396,131,130,0.00763359
41400,131,130,0.00763359
41404,131,130,0.00763359
41409,131,130,0.00763359
41413,131,130,0.00763359
41417,131,130,0.00763359
41421,131,130,0.00763359
41426,131,130,0.00763359
41430,131,130,0.00763359
41434,131,130,0.00763359
41439,131,130,0.00763359
41443,131,130,0.00763359
41448,131,130,0.00763359
41452,131,130,0.00763359
41456,131,130,0.00763359
41461,131,130,0.00763359
41465,131,130,0.00763359
41469,131,130,0.00763359
41474,131,130,0.00763359
41478,131,130,0.00763359
41483,131,130,0.00763359
41487,131,130,0.00763359
41491,131,130,0.00763359
41495,131,130,0.00763359
41500,131,130,0.00763359
41504,131,130,0.00763359
41509,131,130,0.00763359
41513,131,130,0.00763359
41517,131,130,0.00763359
41521,131,130,0.00763359
41526,131,130,0.00763359
41530,131,130,0.00763359
41534,131,130,0.00763359
41538,131,130,0.00763359
41543,131,130,0.00763359
41547,131,130,0.00763359
41551,131,130,0.00763359
41555,131,130,0.00763359
41560,131,130,0.00763359
41564,131,130,0.00763359
41569,131,130,0.00763359
41573,131,130,0.00763359
41577,131,130,0.00763359
41582,131,130,0.00763359
41587,131,130,0.00763359
41592,131,130,0.00763359
41597,131,130,0.00763359
41601,131,130,0.00763359
41605,131,130,0.00763359
41610,131,130,0.00763359
41614,131,130,0.00763359
41618,131,130,0.00763359
41623,131,130,0.00763359
41627,131,130,0.00763359
41632,131,130,0.00763359
41636,131,130,0.00763359
41640,131,130,0.00763359
41644,131,130,0.00763359
41649,131,130,0.00763359
41653,131,130,0.00763359
41658,131,130,0.00763359
41662,131,130,0.00763359
41667,131,130,0.00763359
41671,131,130,0.00763359
41676,131,130,0.00763359
41680,131,130,0.00763359
41684,131,130,0.00763359
41688,131,130,0.00763359
41692,131,130,0.00763359
41696,131,130,0.00763359
41701,131,130,0.00763359
41705,131,130,0.00763359
41709,131,130,0.00763359
41713,131,130,0.00763359
41717,131,130,0.00763359
41721,131,130,0.00763359
41726,131,130,0.00763359
41730,131,130,0.00763359
41734,131,130,0.00763359
41738,131,130,0.00763359
41743,131,130,0.00763359
41747,131,130,0.00763359
41751,131,130,0.00763359
41755,131,130,0.00763359
41759,131,130,0.00763359
41763,131,130,0.00763359
41767,131,130,0.00763359
41772,131,130,0.00763359
41776,131,130,0.00763359
41780,131,130,0.00763359
41784,131,130,0.00763359
41789,131,130,0.00763359
41793,131,130,0.00763359
41797,131,130,0.00763359
41801,131,130,0.00763359
41805,131,130,0.00763359
41809,131,130,0.00763359
41813,131,130,0.00763359
41817,131,130,0.00763359
41822,131,130,0.00763359
41827,131,130,0.00763359
41831,131,130,0.00763359
41836,131,130,0.00763359
41840,131,130,0.00763359
41844,131,130,0.00763359
41849,131,130,0.00763359
41853,131,130,0.00763359
41858,131,130,0.00763359
41862,131,130,0.00763359
41866,131,130,0.00763359
41871,131,130,0.00763359
41875,131,130,0.00763359
41880,131,130,0.00763359
41885,131,130,0.00763359
41889,131,130,0.00763359
41894,131,130,0.00763359
41898,131,130,0.00763359
41903,131,130,0.00763359
41907,131,130,0.00763359
41912,131,130,0.00763359
41916,131,130,0.00763359
41921,131,130,0.00763359
41926,131,130,0.00763359
41930,131,130,0.00763359
41934,131,130,0.00763359
41939,131,130,0.00763359
41943,131,130,0.00763359
41947,131,130,0.00763359
41952,131,130,0.00763359
41957,131,130,0.00763359
41961,131,130,0.00763359
41965,131,130,0.00763359
41970,131,130,0.00763359
41975,131,130,0.00763359
41979,131,130,0.00763359
41983,131,130,0.00763359
41988,131,130,0.00763359
41992,131,130,0.00763359
41997,131,130,0.00763359
42001,131,130,0.00763359
42006,131,130,0.00763359
42010,131,130,0.00763359
42015,131,130,0.00763359
42019,131,130,0.00763359
42024,131,130,0.00763359
42028,131,130,0.00763359
42032,131,130,0.00763359
42037,131,130,0.00763359
42042,131,130,0.00763359
42046,131,130,0.00763359
42051,131,130,0.00763359
42055,131,130,0.00763359
42060,131,130,0.00763359
42065,131,130,0.00763359
42070,131,130,0.00763359
42075,131,130,0.00763359
42080,131,130,0.00763359
42085,131,130,0.00763359
42089,131,130,0.00763359
42094,131,130,0.00763359
42098,131,130,0.00763359
42103,131,130,0.00763359
42107,131,130,0.00763359
42112,131,130,0.00763359
42116,131,130,0.00763359
42121,131,130,0.00763359
42125,131,130,0.00763359
42130,131,130,0.00763359
42134,131,130,0.00763359
42139,131,130,0.00763359
42143,131,130,0.00763359
42148,131,130,0.00763359
42153,131,130,0.00763359
42157,131,130,0.00763359
42162,131,130,0.00763359
42167,131,130,0.00763359
42171,131,130,0.00763359
42176,131,130,0.00763359
42180,131,130,0.00763359
42185,131,130,0.00763359
42189,131,130,0.00763359
42194,131,130,0.00763359
42198,131,130,0.00763359
42203,131,130,0.00763359
42208,131,130,0.00763359
42213,131,130,0.00763359
42217,131,130,0.00763359
42222,131,130,0.00763359
42226,131,130,0.00763359
42231,131,130,0.00763359
42235,131,130,0.00763359
42240,131,130,0.00763359
42245,131,130,0.00763359
42250,131,130,0.00763359
42254,131,130,0.00763359
42258,131,130,0.00763359
42263,131,130,0.00763359
42268,131,130,0.00763359
42272,131,130,0.00763359
42277,131,130,0.00763359
42281,131,130,0.00763359
42286,131,130,0.00763359
42291,131,130,0.00763359
42295,131,130,0.00763359
42301,131,130,0.00763359
42306,131,130,0.00763359
42311,131,130,0.00763359
42316,131,130,0.00763359
42320,131,130,0.00763359
42325,131,130,0.00763359
42330,131,130,0.00763359
42334,131,130,0.00763359
42339,131,130,0.00763359
42344,131,130,0.00763359
42348,131,130,0.00763359
42353,131,130,0.00763359
42358,131,130,0.00763359
42362,131,130,0.00763359
42367,131,130,0.00763359
42371,131,130,0.00763359
42376,131,130,0.00763359
42381,131,130,0.00763359
42385,131,130,0.00763359
42390,131,130,0.00763359
42395,131,130,0.00763359
42400,131,130,0.00763359
42404,131,130,0.00763359
42409,131,130,0.00763359
42414,131,130,0.00763359
42419,131,130,0.00763359
42423,131,130,0.00763359
42428,131,130,0.00763359
42433,131,130,0.00763359
42437,131,130,0.00763359
42442,131,130,0.00763359
42447,131,130,0.00763359
42452,131,130,0.00763359
42456,131,130,0.00763359
42461,131,130,0.00763359
42466,131,130,0.00763359
42470,131,130,0.00763359
42475,131,130,0.00763359
42480,131,130,0.00763359
42485,131,130,0.00763359
42490,131,130,0.00763359
42494,131,130,0.00763359
42499,131,130,0.00763359
42504,131,130,0.00763359
42508,131,130,0.00763359
42513,131,130,0.00763359
42518,131,130,0.00763359
42522,131,130,0.00763359
42527,131,130,0.00763359
42532,131,130,0.00763359
42536,131,130,0.00763359
42541,131,130,0.00763359
42546,131,130,0.00763359
42550,131,130,0.00763359
42555,131,130,0.00763359
42560,131,130,0.00763359
42565,131,130,0.00763359
42570,131,130,0.00763359
42574,131,130,0.00763359
42579,131,130,0.00763359
42585,131,130,0.00763359
42591,131,130,0.00763359
42595,131,130,0.00763359
42600,131,130,0.00763359
42605,131,130,0.00763359
42610,131,130,0.00763359
42615,131,130,0.00763359
42619,131,130,0.00763359
42624,131,130,0.00763359
42629,131,130,0.00763359
42633,131,130,0.00763359
42638,131,130,0.00763359
42643,131,130,0.00763359
42647,131,130,0.00763359
42652,131,130,0.00763359
42657,131,130,0.00763359
42661,131,130,0.00763359
42667,131,130,0.00763359
42672,131,130,0.00763359
42676,131,130,0.00763359
42681,131,130,0.00763359
42685,131,130,0.00763359
42691,131,130,0.00763359
42695,131,130,0.00763359
42700,131,130,0.00763359
42705,131,130,0.00763359
42710,131,130,0.00763359
42715,131,130,0.00763359
42719,131,130,0.00763359
42724,131,130,0.00763359
42729,131,130,0.00763359
42734,131,130,0.00763359
42739,131,130,0.00763359
42744,131,130,0.00763359
42749,131,130,0.00763359
42753,131,130,0.00763359
42758,131,130,0.00763359
42763,131,130,0.00763359
42768,131,130,0.00763359
42773,131,130,0.00763359
42778,131,130,0.00763359
42782,131,130,0.00763359
42787,131,130,0.00763359
42792,131,130,0.00763359
42797,131,130,0.00763359
42802,131,130,0.00763359
42807,131,130,0.00763359
42812,131,130,0.00763359
42817,131,130,0.00763359
42821,131,130,0.00763359
42826,131,130,0.00763359
42831,131,130,0.00763359
42836,131,130,0.00763359
42841,131,130,0.00763359
42846,131,130,0.00763359
42851,131,130,0.00763359
42856,131,130,0.00763359
42861,131,130,0.00763359
42866,131,130,0.00763359
42871,131,130,0.00763359
42876,131,130,0.00763359
42881,131,130,0.00763359
42887,131,130,0.00763359
42892,131,130,0.00763359
42897,131,130,0.00763359
42902,131,130,0.00763359
42907,131,130,0.00763359
42912,131,130,0.00763359
42918,131,130,0.00763359
42923,131,130,0.00763359
42928,131,130,0.00763359
42933,131,130,0.00763359
42939,131,130,0.00763359
42944,131,130,0.00763359
42948,131,130,0.00763359
42953,131,130,0.00763359
42959,131,130,0.00763359
42964,131,130,0.00763359
42969,131,130,0.00763359
42975,131,130,0.00763359
42980,131,130,0.00763359
42985,131,130,0.00763359
42991,131,130,0.00763359
42996,131,130,0.00763359
43002,131,130,0.00763359
43007,131,130,0.00763359
43012,131,130,0.00763359
43017,131,130,0.00763359
43023,131,130,0.00763359
43028,131,130,0.00763359
43033,131,130,0.00763359
43039,131,130,0.00763359
43044,131,130,0.00763359
43049,131,130,0.00763359
43055,131,130,0.00763359
43060,131,130,0.00763359
43065,131,130,0.00763359
43071,131,130,0.00763359
43077,131,130,0.00763359
43082,131,130,0.00763359
43088,131,130,0.00763359
43094,131,130,0.00763359
43099,131,130,0.00763359
43104,131,130,0.00763359
43109,131,130,0.00763359
43115,131,130,0.00763359
43121,131,130,0.00763359
43127,131,130,0.00763359
43132,131,130,0.00763359
43138,131,130,0.00763359
43143,131,130,0.00763359
43149,131,130,0.00763359
43155,131,130,0.00763359
43160,131,130,0.00763359
43166,131,130,0.00763359
43172,131,130,0.00763359
43178,131,130,0.00763359
43183,131,130,0.00763359
43189,131,130,0.00763359
43195,131,130,0.00763359
43201,131,130,0.00763359
43206,131,130,0.00763359
43212,131,130,0.00763359
43218,131,130,0.00763359
43224,131,130,0.00763359
43230,131,130,0.00763359
43236,131,130,0.00763359
43241,131,130,0.00763359
43247,131,130,0.00763359
43252,131,130,0.00763359
43258,131,130,0.00763359
43264,131,130,0.00763359
43270,131,130,0.00763359
43276,131,130,0.00763359
43282,131,130,0.00763359
43288,131,130,0.00763359
43294,131,130,0.00763359
43300,131,130,0.00763359
43306,131,130,0.00763359
43312,131,130,0.00763359
43318,131,130,0.00763359
43323,131,130,0.00763359
43329,131,130,0.00763359
43336,131,130,0.00763359
43341,131,130,0.00763359
43348,131,130,0.00763359
43354,131,130,0.00763359
43360,131,130,0.00763359
43368,131,130,0.00763359
43375,131,130,0.00763359
43381,131,130,0.00763359
43388,131,130,0.00763359
43394,131,130,0.00763359
43401,131,130,0.00763359
43407,131,130,0.00763359
43414,131,130,0.00763359
43421,131,130,0.00763359
43427,131,130,0.00763359
43433,131,130,0.00763359
43440,131,130,0.00763359
43447,131,130,0.00763359
43453,131,130,0.00763359
43460,131,130,0.00763359
43467,131,130,0.00763359
43474,131,130,0.00763359
43480,131,130,0.00763359
43487,131,130,0.00763359
43495,131,130,0.00763359
43502,131,130,0.00763359
43510,131,130,0.00763359
43516,131,130,0.00763359
43523,131,130,0.00763359
43530,131,130,0.00763359
43537,131,130,0.00763359
43544,131,130,0.00763359
43552,131,130,0.00763359
43559,131,130,0.00763359
43566,131,130,0.00763359
43575,131,130,0.00763359
43583,131,130,0.00763359
43591,131,130,0.00763359
43598,131,130,0.00763359
43606,131,130,0.00763359
43614,131,130,0.00763359
43622,131,130,0.00763359
43629,131,130,0.00763359
43637,131,130,0.00763359
43645,131,130,0.00763359
43652,131,130,0.00763359
43660,131,130,0.00763359
43668,131,130,0.00763359
43676,131,130,0.00763359
43684,131,130,0.00763359
43692,131,130,0.00763359
43700,131,130,0.00763359
43707,131,130,0.00763359
43715,131,130,0.00763359
43723,131,130,0.00763359
43731,131,130,0.00763359
43739,131,130,0.00763359
43747,131,130,0.00763359
43755,131,130,0.00763359
43764,131,130,0.00763359
43771,131,130,0.00763359
43779,131,130,0.00763359
43787,131,130,0.00763359
43796,131,130,0.00763359
43805,131,130,0.00763359
43813,131,130,0.00763359
43821,131,130,0.00763359
43830,131,130,0.00763359
43838,131,130,0.00763359
43846,131,130,0.00763359
43854,131,130,0.00763359
43863,131,130,0.00763359
43871,131,130,0.00763359
43880,131,130,0.00763359
43888,131,130,0.00763359
43897,131,130,0.00763359
43906,131,130,0.00763359
43914,131,130,0.00763359
43923,131,130,0.00763359
43931,131,130,0.00763359
43940,131,130,0.00763359
43949,131,130,0.00763359
43958,131,130,0.00763359
43966,131,130,0.00763359
43978,131,130,0.00763359
43987,131,130,0.00763359
43996,131,130,0.00763359
44006,131,130,0.00763359
44015,131,130,0.00763359
44024,131,130,0.00763359
44033,131,130,0.00763359
44042,131,130,0.00763359
44052,131,130,0.00763359
44061,131,130,0.00763359
44071,131,130,0.00763359
44080,131,130,0.00763359
44089,131,130,0.00763359
44099,131,130,0.00763359
44108,131,130,0.00763359
44117,131,130,0.00763359
44127,131,130,0.00763359
44136,131,130,0.00763359
44146,131,130,0.00763359
44155,131,130,0.00763359
44165,131,130,0.00763359
44174,131,130,0.00763359
44183,131,130,0.00763359
44193,131,130,0.00763359
44202,131,130,0.00763359
44213,131,130,0.00763359
44223,131,130,0.00763359
44232,131,130,0.00763359
44241,131,130,0.00763359
44251,131,130,0.00763359
44261,131,130,0.00763359
44270,131,130,0.00763359
44279,131,130,0.00763359
44288,131,130,0.00763359
44297,131,130,0.00763359
44307,131,130,0.00763359
44316,131,130,0.00763359
44326,131,130,0.00763359
44335,131,130,0.00763359
44347,131,130,0.00763359
44356,131,130,0.00763359
44366,131,130,0.00763359
44376,131,130,0.00763359
44386,131,130,0.00763359
44396,131,130,0.00763359
44407,131,130,0.00763359
44417,131,130,0.00763359
44427,131,130,0.00763359
44437,131,130,0.00763359
44448,131,130,0.00763359
44458,131,130,0.00763359
44468,131,130,0.00763359
44479,131,130,0.00763359
44490,131,130,0.00763359
44501,131,130,0.00763359
44512,131,130,0.00763359
44522,131,130,0.00763359
44533,131,130,0.00763359
44543,131,130,0.00763359
44555,131,130,0.00763359
44565,131,130,0.00763359
44576,131,130,0.00763359
44589,131,130,0.00763359
44600,131,130,0.00763359
44611,131,130,0.00763359
44622,131,130,0.00763359
44633,131,130,0.00763359
44645,131,130,0.00763359
44657,131,130,0.00763359
44669,131,130,0.00763359
44681,131,130,0.00763359
44693,131,130,0.00763359
44705,131,130,0.00763359
44716,131,130,0.00763359
44728,131,130,0.00763359
44740,131,130,0.00763359
44752,131,130,0.00763359
44764,131,130,0.00763359
44776,131,130,0.00763359
44788,131,130,0.00763359
44800,131,130,0.00763359
44812,131,130,0.00763359
44823,131,130,0.00763359
44835,131,130,0.00763359
44847,131,130,0.00763359
44859,131,130,0.00763359
44872,131,130,0.00763359
44884,131,130,0.00763359
44896,131,130,0.00763359
44909,131,130,0.00763359
44921,131,130,0.00763359
44934,131,130,0.00763359
44947,131,130,0.00763359
44960,131,130,0.00763359
44972,131,130,0.00763359
44985,131,130,0.00763359
44997,131,130,0.00763359
45010,131,130,0.00763359
45023,131,130,0.00763359
45036,131,130,0.00763359
45049,131,130,0.00763359
45062,131,130,0.00763359
45075,131,130,0.00763359
45088,131,130,0.00763359
45101,131,130,0.00763359
45114,131,130,0.00763359
45126,131,130,0.00763359
45139,131,130,0.00763359
45152,131,130,0.00763359
45166,131,130,0.00763359
45179,131,130,0.00763359
45192,131,130,0.00763359
45206,131,130,0.00763359
45219,131,130,0.00763359
45233,131,130,0.00763359
45246,131,130,0.00763359
45260,131,130,0.00763359
45273,131,130,0.00763359
45287,131,130,0.00763359
45301,131,130,0.00763359
45315,131,130,0.00763359
45328,131,130,0.00763359
45341,131,130,0.00763359
45355,131,130,0.00763359
45371,131,130,0.00763359
45385,131,130,0.00763359
45399,131,130,0.00763359
45413,131,130,0.00763359
45427,131,130,0.00763359
45442,131,130,0.00763359
45456,131,130,0.00763359
45470,131,130,0.00763359
45484,131,130,0.00763359
45500,131,130,0.00763359
45514,131,130,0.00763359
45528,131,130,0.00763359
45543,131,130,0.00763359
45560,131,130,0.00763359
45575,131,130,0.00763359
45589,131,130,0.00763359
45604,131,130,0.00763359
45619,131,130,0.00763359
45634,131,130,0.00763359
45648,131,130,0.00763359
45663,131,130,0.00763359
45677,131,130,0.00763359
45692,131,130,0.00763359
45707,131,130,0.00763359
45721,131,130,0.00763359
45736,131,130,0.00763359
45751,131,130,0.00763359
45766,131,130,0.00763359
45781,131,130,0.00763359
45796,131,130,0.00763359
45812,131,130,0.00763359
45828,131,130,0.00763359
45843,131,130,0.00763359
45858,131,130,0.00763359
45873,131,130,0.00763359
45888,131,130,0.00763359
45903,131,130,0.00763359
45918,131,130,0.00763359
45933,131,130,0.00763359
45948,131,130,0.00763359
45963,131,130,0.00763359
45979,131,130,0.00763359
45994,131,130,0.00763359
46010,131,130,0.00763359
46025,131,130,0.00763359
46041,131,130,0.00763359
46056,131,130,0.00763359
46072,131,130,0.00763359
46088,131,130,0.00763359
46103,131,130,0.00763359
46119,131,130,0.00763359
46134,131,130,0.00763359
46150,131,130,0.00763359
46165,131,130,0.00763359
46180,131,130,0.00763359
46196,131,130,0.00763359
46212,131,130,0.00763359
46228,131,130,0.00763359
46243,131,130,0.00763359
46260,131,130,0.00763359
46275,131,130,0.00763359
46291,131,130,0.00763359
46307,131,130,0.00763359
46322,131,130,0.00763359
46338,131,130,0.00763359
46354,131,130,0.00763359
46372,131,130,0.00763359
46388,131,130,0.00763359
46403,131,130,0.00763359
46419,131,130,0.00763359
46436,131,130,0.00763359
46451,131,130,0.00763359
46467,131,130,0.00763359
46484,131,130,0.00763359
46502,131,130,0.00763359
46518,131,130,0.00763359
46535,131,130,0.00763359
46551,131,130,0.00763359
46568,131,130,0.00763359
46585,131,130,0.00763359
46601,131,130,0.00763359
46617,131,130,0.00763359
46634,131,130,0.00763359
46651,131,130,0.00763359
46668,131,130,0.00763359
46685,131,130,0.00763359
46702,131,130,0.00763359
46719,131,130,0.00763359
46736,131,130,0.00763359
46753,131,130,0.00763359
46770,131,130,0.00763359
46786,131,130,0.00763359
46803,131,130,0.00763359
46820,131,130,0.00763359
46837,131,130,0.00763359
46854,131,130,0.00763359
46871,131,130,0.00763359
46888,131,130,0.00763359
46906,131,130,0.00763359
46923,131,130,0.00763359
46940,131,130,0.00763359
46957,131,130,0.00763359
46974,131,130,0.00763359
46992,131,130,0.00763359
47009,131,130,0.00763359
47026,131,130,0.00763359
47042,131,130,0.00763359
47058,131,130,0.00763359
47075,131,130,0.00763359
47092,131,130,0.00763359
47108,131,130,0.00763359
47124,131,130,0.00763359
47141,131,130,0.00763359
47157,131,130,0.00763359
47173,131,130,0.00763359
47189,131,130,0.00763359
47205,131,130,0.00763359
47223,131,130,0.00763359
47239,131,130,0.00763359
47256,131,130,0.00763359
47275,131,130,0.00763359
47292,131,130,0.00763359
47309,131,130,0.00763359
47326,131,130,0.00763359
47344,131,130,0.00763359
47362,131,130,0.00763359
47380,131,130,0.00763359
47398,131,130,0.00763359
47417,131,130,0.00763359
47435,131,130,0.00763359
47452,131,130,0.00763359
47471,131,130,0.00763359
47489,131,130,0.00763359
47506,131,130,0.00763359
47524,131,130,0.00763359
47542,131,130,0.00763359
47561,131,130,0.00763359
47579,131,130,0.00763359
47597,131,130,0.00763359
47615,131,130,0.00763359
47633,131,130,0.00763359
47651,131,130,0.00763359
47668,131,130,0.00763359
47686,131,130,0.00763359
47704,131,130,0.00763359
47722,131,130,0.00763359
47741,131,130,0.00763359
47759,131,130,0.00763359
47777,131,130,0.00763359
47795,131,130,0.00763359
47813,131,130,0.00763359
47831,131,130,0.00763359
47849,131,130,0.00763359
47866,131,130,0.00763359
47885,131,130,0.00763359
47903,131,130,0.00763359
47921,131,130,0.00763359
47940,131,130,0.00763359
47958,131,130,0.00763359
47976,131,130,0.00763359
47994,131,130,0.00763359
48012,131,130,0.00763359
48031,131,130,0.00763359
48048,131,130,0.00763359
48067,131,130,0.00763359
48085,131,130,0.00763359
48104,131,130,0.00763359
48122,131,130,0.00763359
48140,131,130,0.00763359
48158,131,130,0.00763359
48175,131,130,0.00763359
48194,131,130,0.00763359
48214,131,130,0.00763359
48231,131,130,0.00763359
48248,131,130,0.00763359
48266,131,130,0.00763359
48287,131,130,0.00763359
48304,131,130,0.00763359
48321,131,130,0.00763359
48339,131,130,0.00763359
48356,131,130,0.00763359
48375,131,130,0.00763359
48392,131,130,0.00763359
48411,131,130,0.00763359
48428,131,130,0.00763359
48445,131,130,0.00763359
48463,131,130,0.00763359
48481,131,130,0.00763359
48498,131,130,0.00763359
48517,131,130,0.00763359
48536,131,130,0.00763359
48554,131,130,0.00763359
48572,131,130,0.00763359
48592,131,130,0.00763359
48611,131,130,0.00763359
48630,131,130,0.00763359
48650,131,130,0.00763359
48669,131,130,0.00763359
48687,131,130,0.00763359
48707,131,130,0.00763359
48725,131,130,0.00763359
48745,131,130,0.00763359
48763,131,130,0.00763359
48782,131,130,0.00763359
48801,131,130,0.00763359
48820,131,130,0.00763359
48839,131,130,0.00763359
48859,131,130,0.00763359
48878,131,130,0.00763359
48897,131,130,0.00763359
48917,131,130,0.00763359
48936,131,130,0.00763359
48955,131,130,0.00763359
48975,131,130,0.00763359
48993,131,130,0.00763359
49013,131,130,0.00763359
49033,131,130,0.00763359
49052,131,130,0.00763359
49072,131,130,0.00763359
49091,131,130,0.00763359
49110,131,130,0.00763359
49130,131,130,0.00763359
49149,131,130,0.00763359
49168,131,130,0.00763359
49187,131,130,0.00763359
49207,131,130,0.00763359
49227,131,130,0.00763359
49246,131,130,0.00763359
49266,131,130,0.00763359
49286,131,130,0.00763359
49307,131,130,0.00763359
49327,131,130,0.00763359
49347,131,130,0.00763359
49369,131,130,0.00763359
49389,131,130,0.00763359
49409,131,130,0.00763359
49429,131,130,0.00763359
49450,131,130,0.00763359
49471,131,130,0.00763359
49491,131,130,0.00763359
49512,131,130,0.00763359
49532,131,130,0.00763359
49553,131,130,0.00763359
49574,131,130,0.00763359
49596,131,130,0.00763359
49616,131,130,0.00763359
49636,131,130,0.00763359
49656,131,130,0.00763359
49677,131,130,0.00763359
49698,131,130,0.00763359
49719,131,130,0.00763359
49740,131,130,0.00763359
49761,131,130,0.00763359
49781,131,130,0.00763359
49802,131,130,0.00763359
49823,131,130,0.00763359
49844,131,130,0.00763359
49864,131,130,0.00763359
49885,131,130,0.00763359
49906,131,130,0.00763359
49927,131,130,0.00763359
49948,131,130,0.00763359
49970,131,130,0.00763359
49991,131,130,0.00763359
50012,131,130,0.00763359
50033,131,130,0.00763359
50054,131,130,0.00763359
50075,131,130,0.00763359
50095,131,130,0.00763359
50117,131,130,0.00763359
50137,131,130,0.00763359
50159,131,130,0.00763359
50180,131,130,0.00763359
50203,131,130,0.00763359
50224,131,130,0.00763359
50245,131,130,0.00763359
50268,131,130,0.00763359
50289,131,130,0.00763359
50311,131,130,0.00763359
50332,131,130,0.00763359
50353,131,130,0.00763359
50377,131,130,0.00763359
50398,131,130,0.00763359
50420,131,130,0.00763359
50441,131,130,0.00763359
50463,131,130,0.00763359
50484,131,130,0.00763359
50506,131,130,0.00763359
50528,131,130,0.00763359
50550,131,130,0.00763359
50574,131,130,0.00763359
50596,131,130,0.00763359
50619,131,130,0.00763359
50641,131,130,0.00763359
50662,131,130,0.00763359
50685,131,130,0.00763359
50708,131,130,0.00763359
50730,131,130,0.00763359
50752,131,130,0.00763359
50774,131,130,0.00763359
50797,131,130,0.00763359
50819,131,130,0.00763359
50841,131,130,0.00763359
50863,131,130,0.00763359
50886,131,130,0.00763359
50909,131,130,0.00763359
50932,131,130,0.00763359
50954,131,130,0.00763359
50977,131,130,0.00763359
50999,131,130,0.00763359
51022,131,130,0.00763359
51045,131,130,0.00763359
51067,131,130,0.00763359
51090,131,130,0.00763359
51113,131,130,0.00763359
51136,131,130,0.00763359
51159,131,130,0.00763359
51182,131,130,0.00763359
51203,131,130,0.00763359
51226,131,130,0.00763359
51249,131,130,0.00763359
51272,131,130,0.00763359
51295,131,130,0.00763359
51318,131,130,0.00763359
51343,131,130,0.00763359
51366,131,130,0.00763359
51388,131,130,0.00763359
51411,131,130,0.00763359
51434,131,130,0.00763359
51457,131,130,0.00763359
51480,131,130,0.00763359
51504,131,130,0.00763359
51527,131,130,0.00763359
51549,131,130,0.00763359
51573,131,130,0.00763359
51598,131,130,0.00763359
51621,131,130,0.00763359
51645,131,130,0.00763359
51668,131,130,0.00763359
51692,131,130,0.00763359
51716,131,130,0.00763359
51739,131,130,0.00763359
51762,131,130,0.00763359
51786,131,130,0.00763359
51809,131,130,0.00763359
51833,131,130,0.00763359
51857,131,130,0.00763359
51881,131,130,0.00763359
51905,131,130,0.00763359
51930,131,130,0.00763359
51953,131,130,0.00763359
51977,131,130,0.00763359
52001,131,130,0.00763359
52025,131,130,0.00763359
52049,131,130,0.00763359
52073,131,130,0.00763359
52098,131,130,0.00763359
52122,131,130,0.00763359
52147,131,130,0.00763359
52172,131,130,0.00763359
52196,131,130,0.00763359
52220,131,130,0.00763359
52244,131,130,0.00763359
52268,131,130,0.00763359
52293,131,130,0.00763359
52317,131,130,0.00763359
52340,131,130,0.00763359
52366,131,130,0.00763359
52391,131,130,0.00763359
52416,131,130,0.00763359
52440,131,130,0.00763359
52463,131,130,0.00763359
52487,131,130,0.00763359
52512,131,130,0.00763359
52536,131,130,0.00763359
52563,131,130,0.00763359
52587,131,130,0.00763359
52611,131,130,0.00763359
52638,131,130,0.00763359
52662,131,130,0.00763359
52685,131,130,0.00763359
52710,131,130,0.00763359
52735,131,130,0.00763359
52759,131,130,0.00763359
52783,131,130,0.00763359
52808,131,130,0.00763359
52832,131,130,0.00763359
52856,131,130,0.00763359
52880,131,130,0.00763359
52906,131,130,0.00763359
52930,131,130,0.00763359
52955,131,130,0.00763359
52980,131,130,0.00763359
53005,131,130,0.00763359
53029,131,130,0.00763359
53054,131,130,0.00763359
53078,131,130,0.00763359
53103,131,130,0.00763359
53128,131,130,0.00763359
53152,131,130,0.00763359
53178,131,130,0.00763359
53203,131,130,0.00763359
53227,131,130,0.00763359
53252,131,130,0.00763359
53277,131,130,0.00763359
53302,131,130,0.00763359
53327,131,130,0.00763359
53352,131,130,0.00763359
53380,131,130,0.00763359
53405,131,130,0.00763359
53430,131,130,0.00763359
53456,131,130,0.00763359
53481,131,130,0.00763359
53506,131,130,0.00763359
53531,131,130,0.00763359
53557,131,130,0.00763359
53584,131,130,0.00763359
53610,131,130,0.00763359
53635,131,130,0.00763359
53660,131,130,0.00763359
53686,131,130,0.00763359
53711,131,130,0.00763359
53737,131,130,0.00763359
53762,131,130,0.00763359
53788,131,130,0.00763359
53813,131,130,0.00763359
53839,131,130,0.00763359
53864,131,130,0.00763359
53890,131,130,0.00763359
53916,131,130,0.00763359
53942,131,130,0.00763359
53967,131,130,0.00763359
53992,131,130,0.00763359
54017,131,130,0.00763359
54042,131,130,0.00763359
54067,131,130,0.00763359
54092,131,130,0.00763359
54119,131,130,0.00763359
54144,131,130,0.00763359
54170,131,130,0.00763359
54195,131,130,0.00763359
54222,131,130,0.00763359
54247,131,130,0.00763359
54273,131,130,0.00763359
54298,131,130,0.00763359
54324,131,130,0.00763359
54351,131,130,0.00763359
54380,131,130,0.00763359
54406,131,130,0.00763359
54432,131,130,0.00763359
54459,131,130,0.00763359
54484,131,130,0.00763359
54511,131,130,0.00763359
54538,131,130,0.00763359
54563,131,130,0.00763359
54592,131,130,0.00763359
54617,131,130,0.00763359
54643,131,130,0.00763359
54670,131,130,0.00763359
54696,131,130,0.00763359
54723,131,130,0.00763359
54749,131,130,0.00763359
54776,131,130,0.00763359
54803,131,130,0.00763359
54830,131,130,0.00763359
54856,131,130,0.00763359
54883,131,130,0.00763359
54910,131,130,0.00763359
54935,131,130,0.00763359
54962,131,130,0.00763359
54989,131,130,0.00763359
55016,131,130,0.00763359
55042,131,130,0.00763359
55069,131,130,0.00763359
55096,131,130,0.00763359
55124,131,130,0.00763359
55150,131,130,0.00763359
55177,131,130,0.00763359
55204,131,130,0.00763359
55231,131,130,0.00763359
55257,131,130,0.00763359
55283,131,130,0.00763359
55310,131,130,0.00763359
55337,131,130,0.00763359
55365,131,130,0.00763359
55392,131,130,0.00763359
55418,131,130,0.00763359
55445,131,130,0.00763359
55471,131,130,0.00763359
55498,131,130,0.00763359
55526,131,130,0.00763359
55552,131,130,0.00763359
55581,131,130,0.00763359
55608,131,130,0.00763359
55635,131,130,0.00763359
55662,131,130,0.00763359
55689,131,130,0.00763359
55716,131,130,0.00763359
55746,131,130,0.00763359
55774,131,130,0.00763359
55802,131,130,0.00763359
55829,131,130,0.00763359
55856,131,130,0.00763359
55883,131,130,0.00763359
55910,131,130,0.00763359
55938,131,130,0.00763359
55964,131,130,0.00763359
55992,131,130,0.00763359
56019,131,130,0.00763359
56047,131,130,0.00763359
56075,131,130,0.00763359
56103,131,130,0.00763359
56130,131,130,0.00763359
56157,131,130,0.00763359
56184,131,130,0.00763359
56211,131,130,0.00763359
56239,131,130,0.00763359
56266,131,130,0.00763359
56295,131,130,0.00763359
56322,131,130,0.00763359
56349,131,130,0.00763359
56379,131,130,0.00763359
56407,131,130,0.00763359
56435,131,130,0.00763359
56463,131,130,0.00763359
56491,131,130,0.00763359
56520,131,130,0.00763359
56548,131,130,0.00763359
56575,131,130,0.00763359
56605,131,130,0.00763359
56634,131,130,0.00763359
56661,131,130,0.00763359
56689,131,130,0.00763359
56717,131,130,0.00763359
56746,131,130,0.00763359
56773,131,130,0.00763359
56801,131,130,0.00763359
56829,131,130,0.00763359
56857,131,130,0.00763359
56884,131,130,0.00763359
56912,131,130,0.00763359
56941,131,130,0.00763359
56970,131,130,0.00763359
56997,131,130,0.00763359
57026,131,130,0.00763359
57054,131,130,0.00763359
57082,131,130,0.00763359
57111,131,130,0.00763359
57139,131,130,0.00763359
57168,131,130,0.00763359
57196,131,130,0.00763359
57224,131,130,0.00763359
57252,131,130,0.00763359
57281,131,130,0.00763359
57309,131,130,0.00763359
57337,131,130,0.00763359
57367,131,130,0.00763359
57396,131,130,0.00763359
57424,131,130,0.00763359
57454,131,130,0.00763359
57483,131,130,0.00763359
57512,131,130,0.00763359
57540,131,130,0.00763359
57569,131,130,0.00763359
57599,131,130,0.00763359
57627,131,130,0.00763359
57656,131,130,0.00763359
57685,131,130,0.00763359
57714,131,130,0.00763359
57742,131,130,0.00763359
57772,131,130,0.00763359
57801,131,130,0.00763359
57830,131,130,0.00763359
57858,131,130,0.00763359
57887,131,130,0.00763359
57917,131,130,0.00763359
57947,131,130,0.00763359
57976,131,130,0.00763359
58006,131,130,0.00763359
58035,131,130,0.00763359
58063,131,130,0.00763359
58091,131,130,0.00763359
58121,131,130,0.00763359
58150,131,130,0.00763359
58179,131,130,0.00763359
58207,131,130,0.00763359
58236,131,130,0.00763359
58266,131,130,0.00763359
58296,131,130,0.00763359
58326,131,130,0.00763359
58356,131,130,0.00763359
58387,131,130,0.00763359
58416,131,130,0.00763359
58445,131,130,0.00763359
58474,131,130,0.00763359
58504,131,130,0.00763359
58534,131,130,0.00763359
58562,131,130,0.00763359
58594,131,130,0.00763359
58622,131,130,0.00763359
58651,131,130,0.00763359
58680,131,130,0.00763359
58711,131,130,0.00763359
58740,131,130,0.00763359
58769,131,130,0.00763359
58798,131,130,0.00763359
58829,131,130,0.00763359
58857,131,130,0.00763359
58885,131,130,0.00763359
58914,131,130,0.00763359
58943,131,130,0.00763359
58972,131,130,0.00763359
59001,131,130,0.00763359
59030,131,130,0.00763359
59059,131,130,0.00763359
59089,131,130,0.00763359
59119,131,130,0.00763359
59149,131,130,0.00763359
59178,131,130,0.00763359
59208,131,130,0.00763359
59236,131,130,0.00763359
59266,131,130,0.00763359
59295,131,130,0.00763359
59324,131,130,0.00763359
59353,131,130,0.00763359
59385,131,130,0.00763359
59414,131,130,0.00763359
59443,131,130,0.00763359
59472,131,130,0.00763359
59503,131,130,0.00763359
59533,131,130,0.00763359
59565,131,130,0.00763359
59595,131,130,0.00763359
59625,131,130,0.00763359
59654,131,130,0.00763359
59684,131,130,0.00763359
59714,131,130,0.00763359
59744,131,130,0.00763359
59774,131,130,0.00763359
59805,131,130,0.00763359
59835,131,130,0.00763359
59865,131,130,0.00763359
59895,131,130,0.00763359
59925,131,130,0.00763359
59954,131,130,0.00763359
59983,131,130,0.00763359
60196,131,130,0.00763359
