time_ms,ub,lb,gap
5,57,53,0.0701754
5,57,53,0.0701754
5,57,53,0.0701754
6,57,53,0.0701754
7,57,53,0.0701754
7,57,53,0.0701754
7,57,53,0.0701754
8,57,53,0.0701754
8,57,53,0.0701754
9,57,53,0.0701754
9,57,53,0.0701754
10,57,53,0.0701754
10,57,53,0.0701754
10,57,53,0.0701754
11,57,53,0.0701754
11,57,53,0.0701754
12,57,53,0.0701754
12,57,53,0.0701754
13,57,53,0.0701754
13,57,53,0.0701754
13,57,53,0.0701754
14,57,53,0.0701754
14,57,53,0.0701754
15,57,53,0.0701754
15,57,53,0.0701754
16,57,53,0.0701754
16,57,53,0.0701754
17,57,53,0.0701754
17,57,53,0.0701754
18,57,53,0.0701754
18,57,53,0.0701754
18,57,53,0.0701754
19,57,53,0.0701754
19,57,53,0.0701754
20,57,53,0.0701754
20,57,53,0.0701754
21,57,53,0.0701754
21,57,53,0.0701754
21,57,53,0.0701754
22,57,53,0.0701754
22,57,53,0.0701754
23,57,53,0.0701754
23,57,53,0.0701754
24,57,53,0.0701754
24,57,53,0.0701754
24,57,53,0.0701754
25,57,53,0.0701754
25,57,53,0.0701754
26,57,53,0.0701754
26,57,53,0.0701754
27,57,53,0.0701754
27,57,53,0.0701754
27,57,53,0.0701754
28,57,53,0.0701754
28,57,53,0.0701754
29,57,53,0.0701754
29,57,53,0.0701754
30,57,53,0.0701754
30,57,53,0.0701754
30,57,53,0.0701754
31,57,53,0.0701754
31,57,53,0.0701754
32,57,53,0.0701754
32,57,53,0.0701754
33,57,53,0.0701754
33,57,53,0.0701754
34,57,53,0.0701754
34,57,53,0.0701754
34,57,53,0.0701754
35,57,53,0.0701754
35,57,53,0.0701754
36,57,53,0.0701754
36,57,53,0.0701754
37,57,53,0.0701754
37,57,53,0.0701754
37,57,53,0.0701754
38,57,53,0.0701754
38,57,53,0.0701754
38,57,53,0.0701754
39,57,53,0.0701754
39,57,53,0.0701754
40,57,53,0.0701754
40,57,53,0.0701754
40,57,53,0.0701754
41,57,53,0.0701754
41,57,53,0.0701754
42,57,53,0.0701754
42,57,53,0.0701754
42,57,53,0.0701754
43,57,53,0.0701754
43,57,53,0.0701754
44,57,53,0.0701754
44,57,53,0.0701754
44,57,53,0.0701754
45,57,53,0.0701754
45,57,53,0.0701754
46,57,53,0.0701754
46,57,53,0.0701754
47,57,53,0.0701754
47,57,53,0.0701754
48,57,53,0.0701754
48,57,53,0.0701754
49,57,53,0.0701754
49,57,53,0.0701754
50,57,53,0.0701754
50,57,53,0.0701754
50,57,53,0.0701754
51,57,53,0.0701754
51,57,53,0.0701754
52,57,53,0.0701754
52,57,53,0.0701754
53,57,53,0.0701754
53,57,53,0.0701754
54,57,53,0.0701754
54,57,53,0.0701754
55,57,53,0.0701754
55,57,53,0.0701754
56,57,53,0.0701754
56,57,53,0.0701754
57,57,53,0.0701754
57,57,53,0.0701754
58,57,53,0.0701754
58,57,53,0.0701754
59,57,53,0.0701754
59,57,53,0.0701754
59,57,53,0.0701754
60,57,53,0.0701754
60,57,53,0.0701754
61,57,53,0.0701754
61,57,53,0.0701754
62,57,53,0.0701754
62,57,53,0.0701754
63,57,53,0.0701754
64,57,53,0.0701754
64,57,53,0.0701754
65,57,53,0.0701754
65,57,53,0.0701754
66,57,53,0.0701754
66,57,53,0.0701754
67,57,53,0.0701754
68,57,53,0.0701754
68,57,53,0.0701754
69,57,53,0.0701754
69,57,53,0.0701754
70,57,53,0.0701754
71,57,53,0.0701754
71,57,53,0.0701754
72,57,53,0.0701754
72,56,53,0.0535714
73,56,53,0.0535714
73,56,53,0.0535714
73,56,53,0.0535714
74,56,53,0.0535714
74,56,53,0.0535714
74,56,53,0.0535714
74,56,53,0.0535714
74,56,53,0.0535714
75,56,53,0.0535714
75,56,53,0.0535714
76,56,53,0.0535714
76,56,53,0.0535714
77,56,53,0.0535714
77,56,53,0.0535714
78,56,53,0.0535714
78,56,53,0.0535714
79,56,53,0.0535714
79,56,53,0.0535714
80,56,53,0.0535714
81,56,53,0.0535714
81,56,53,0.0535714
82,56,53,0.0535714
82,56,53,0.0535714
83,56,53,0.0535714
84,56,53,0.0535714
84,56,53,0.0535714
85,56,53,0.0535714
85,56,53,0.0535714
86,56,53,0.0535714
86,56,53,0.0535714
87,56,53,0.0535714
88,56,53,0.0535714
88,56,53,0.0535714
89,56,53,0.0535714
89,56,53,0.0535714
90,56,53,0.0535714
90,56,53,0.0535714
91,56,53,0.0535714
92,56,53,0.0535714
92,56,53,0.0535714
93,56,53,0.0535714
93,56,53,0.0535714
94,56,53,0.0535714
95,56,53,0.0535714
95,56,53,0.0535714
96,56,53,0.0535714
96,56,53,0.0535714
97,56,53,0.0535714
98,56,53,0.0535714
98,56,53,0.0535714
99,56,53,0.0535714
99,56,53,0.0535714
99,56,53,0.0535714
100,56,53,0.0535714
100,56,53,0.0535714
101,56,53,0.0535714
102,56,53,0.0535714
102,56,53,0.0535714
103,56,53,0.0535714
103,56,53,0.0535714
104,56,53,0.0535714
104,56,53,0.0535714
105,56,53,0.0535714
106,56,53,0.0535714
106,56,53,0.0535714
107,56,53,0.0535714
107,56,53,0.0535714
108,56,53,0.0535714
109,56,53,0.0535714
109,56,53,0.0535714
110,56,53,0.0535714
110,56,53,0.0535714
111,56,53,0.0535714
112,56,53,0.0535714
112,56,53,0.0535714
113,56,53,0.0535714
114,56,53,0.0535714
114,56,53,0.0535714
115,56,53,0.0535714
115,56,53,0.0535714
116,56,53,0.0535714
117,56,53,0.0535714
117,56,53,0.0535714
118,56,53,0.0535714
118,56,53,0.0535714
119,56,53,0.0535714
120,56,53,0.0535714
120,56,53,0.0535714
121,56,53,0.0535714
121,56,53,0.0535714
122,56,53,0.0535714
123,56,53,0.0535714
123,56,53,0.0535714
124,56,53,0.0535714
124,56,53,0.0535714
125,56,53,0.0535714
126,56,53,0.0535714
126,56,53,0.0535714
127,56,53,0.0535714
128,56,53,0.0535714
128,56,53,0.0535714
129,56,53,0.0535714
130,56,53,0.0535714
131,56,53,0.0535714
131,56,53,0.0535714
132,56,53,0.0535714
133,56,53,0.0535714
134,56,53,0.0535714
134,56,53,0.0535714
135,56,53,0.0535714
136,56,53,0.0535714
137,56,53,0.0535714
138,56,53,0.0535714
139,56,53,0.0535714
139,56,53,0.0535714
140,56,53,0.0535714
141,56,53,0.0535714
142,56,53,0.0535714
143,56,53,0.0535714
144,56,53,0.0535714
145,55,53,0.0363636
145,55,53,0.0363636
146,55,53,0.0363636
146,55,53,0.0363636
147,55,53,0.0363636
147,55,53,0.0363636
147,55,53,0.0363636
147,55,53,0.0363636
148,55,53,0.0363636
148,55,53,0.0363636
148,55,53,0.0363636
149,55,53,0.0363636
149,55,53,0.0363636
149,55,53,0.0363636
149,55,53,0.0363636
149,55,53,0.0363636
150,55,53,0.0363636
150,55,53,0.0363636
151,55,53,0.0363636
151,55,53,0.0363636
151,55,53,0.0363636
152,55,53,0.0363636
152,55,53,0.0363636
153,55,53,0.0363636
153,55,53,0.0363636
154,55,53,0.0363636
154,55,53,0.0363636
155,55,53,0.0363636
155,55,53,0.0363636
155,55,53,0.0363636
156,55,53,0.0363636
156,55,53,0.0363636
157,55,53,0.0363636
157,55,53,0.0363636
158,55,53,0.0363636
158,55,53,0.0363636
159,55,53,0.0363636
159,55,53,0.0363636
160,55,53,0.0363636
160,55,53,0.0363636
161,55,53,0.0363636
162,55,53,0.0363636
162,55,53,0.0363636
163,55,53,0.0363636
163,55,53,0.0363636
164,55,53,0.0363636
165,54,53,0.0185185
165,54,53,0.0185185
165,54,53,0.0185185
165,54,53,0.0185185
165,54,53,0.0185185
165,54,53,0.0185185
165,54,53,0.0185185
166,54,53,0.0185185
166,54,53,0.0185185
167,54,53,0.0185185
167,54,53,0.0185185
167,54,53,0.0185185
168,54,53,0.0185185
168,54,53,0.0185185
168,54,53,0.0185185
169,54,53,0.0185185
169,54,53,0.0185185
170,54,53,0.0185185
170,54,53,0.0185185
170,54,53,0.0185185
171,54,53,0.0185185
171,54,53,0.0185185
171,54,53,0.0185185
172,54,53,0.0185185
172,54,53,0.0185185
172,54,53,0.0185185
173,54,53,0.0185185
173,54,53,0.0185185
174,54,53,0.0185185
174,54,53,0.0185185
174,54,53,0.0185185
175,54,53,0.0185185
175,54,53,0.0185185
175,54,53,0.0185185
176,54,53,0.0185185
176,54,53,0.0185185
177,54,53,0.0185185
177,54,53,0.0185185
177,54,53,0.0185185
178,54,53,0.0185185
178,54,53,0.0185185
178,54,53,0.0185185
179,54,53,0.0185185
179,54,53,0.0185185
180,54,53,0.0185185
180,54,53,0.0185185
181,54,53,0.0185185
181,54,53,0.0185185
182,54,53,0.0185185
182,54,53,0.0185185
183,54,53,0.0185185
183,54,53,0.0185185
184,54,53,0.0185185
184,54,53,0.0185185
185,54,53,0.0185185
185,54,53,0.0185185
186,54,53,0.0185185
186,54,53,0.0185185
187,54,53,0.0185185
187,54,53,0.0185185
188,54,53,0.0185185
188,54,53,0.0185185
189,54,53,0.0185185
189,54,53,0.0185185
190,54,53,0.0185185
190,54,53,0.0185185
191,54,53,0.0185185
191,54,53,0.0185185
192,54,53,0.0185185
192,54,53,0.0185185
193,54,53,0.0185185
193,54,53,0.0185185
194,54,53,0.0185185
194,54,53,0.0185185
195,54,53,0.0185185
195,54,53,0.0185185
196,54,53,0.0185185
196,54,53,0.0185185
197,54,53,0.0185185
198,54,53,0.0185185
198,54,53,0.0185185
199,54,53,0.0185185
199,54,53,0.0185185
200,54,53,0.0185185
200,54,53,0.0185185
201,54,53,0.0185185
201,54,53,0.0185185
202,54,53,0.0185185
202,54,53,0.0185185
203,54,53,0.0185185
204,54,53,0.0185185
204,54,53,0.0185185
205,54,53,0.0185185
205,54,53,0.0185185
206,54,53,0.0185185
206,54,53,0.0185185
207,54,53,0.0185185
207,54,53,0.0185185
207,54,53,0.0185185
208,54,53,0.0185185
208,54,53,0.0185185
209,54,53,0.0185185
209,54,53,0.0185185
210,54,53,0.0185185
210,54,53,0.0185185
211,54,53,0.0185185
211,54,53,0.0185185
212,54,53,0.0185185
212,54,53,0.0185185
213,54,53,0.0185185
214,54,53,0.0185185
214,54,53,0.0185185
215,54,53,0.0185185
215,54,53,0.0185185
216,54,53,0.0185185
217,54,53,0.0185185
217,54,53,0.0185185
218,54,53,0.0185185
218,54,53,0.0185185
219,54,53,0.0185185
220,54,53,0.0185185
220,54,53,0.0185185
221,54,53,0.0185185
222,54,53,0.0185185
222,54,53,0.0185185
223,54,53,0.0185185
223,54,53,0.0185185
224,54,53,0.0185185
224,54,53,0.0185185
225,54,53,0.0185185
226,54,53,0.0185185
226,54,53,0.0185185
227,54,53,0.0185185
227,54,53,0.0185185
228,54,53,0.0185185
229,54,53,0.0185185
229,54,53,0.0185185
230,54,53,0.0185185
230,54,53,0.0185185
231,54,53,0.0185185
231,54,53,0.0185185
232,54,53,0.0185185
233,54,53,0.0185185
233,54,53,0.0185185
234,54,53,0.0185185
235,54,53,0.0185185
235,54,53,0.0185185
236,54,53,0.0185185
236,54,53,0.0185185
237,54,53,0.0185185
237,54,53,0.0185185
238,54,53,0.0185185
239,54,53,0.0185185
239,54,53,0.0185185
240,54,53,0.0185185
240,54,53,0.0185185
241,54,53,0.0185185
241,54,53,0.0185185
242,54,53,0.0185185
243,54,53,0.0185185
243,54,53,0.0185185
244,54,53,0.0185185
244,54,53,0.0185185
245,54,53,0.0185185
246,54,53,0.0185185
246,54,53,0.0185185
247,54,53,0.0185185
247,54,53,0.0185185
248,54,53,0.0185185
248,54,53,0.0185185
249,54,53,0.0185185
249,54,53,0.0185185
250,54,53,0.0185185
251,54,53,0.0185185
251,54,53,0.0185185
252,54,53,0.0185185
253,54,53,0.0185185
253,54,53,0.0185185
254,54,53,0.0185185
254,54,53,0.0185185
255,54,53,0.0185185
255,54,53,0.0185185
255,54,53,0.0185185
256,54,53,0.0185185
257,54,53,0.0185185
257,54,53,0.0185185
258,54,53,0.0185185
259,54,53,0.0185185
259,54,53,0.0185185
260,54,53,0.0185185
261,54,53,0.0185185
261,54,53,0.0185185
261,54,53,0.0185185
262,54,53,0.0185185
262,54,53,0.0185185
262,54,53,0.0185185
263,54,53,0.0185185
263,54,53,0.0185185
264,54,53,0.0185185
265,54,53,0.0185185
265,54,53,0.0185185
266,54,53,0.0185185
267,54,53,0.0185185
267,54,53,0.0185185
268,54,53,0.0185185
269,54,53,0.0185185
269,54,53,0.0185185
270,54,53,0.0185185
271,54,53,0.0185185
272,54,53,0.0185185
273,54,53,0.0185185
273,54,53,0.0185185
274,54,53,0.0185185
275,54,53,0.0185185
276,54,53,0.0185185
277,54,53,0.0185185
277,54,53,0.0185185
278,54,53,0.0185185
279,54,53,0.0185185
280,54,53,0.0185185
280,54,53,0.0185185
281,54,53,0.0185185
282,54,53,0.0185185
283,54,53,0.0185185
284,54,53,0.0185185
285,54,53,0.0185185
286,54,53,0.0185185
286,54,53,0.0185185
287,54,53,0.0185185
288,54,53,0.0185185
289,54,53,0.0185185
290,54,53,0.0185185
290,54,53,0.0185185
291,54,53,0.0185185
292,54,53,0.0185185
293,54,53,0.0185185
293,54,53,0.0185185
294,54,53,0.0185185
295,54,53,0.0185185
295,54,53,0.0185185
296,54,53,0.0185185
297,54,53,0.0185185
298,54,53,0.0185185
299,54,53,0.0185185
299,54,53,0.0185185
300,54,53,0.0185185
300,54,53,0.0185185
301,54,53,0.0185185
302,54,53,0.0185185
303,54,53,0.0185185
304,54,53,0.0185185
305,54,53,0.0185185
305,54,53,0.0185185
306,54,53,0.0185185
307,54,53,0.0185185
307,54,53,0.0185185
308,54,53,0.0185185
309,54,53,0.0185185
309,54,53,0.0185185
310,54,53,0.0185185
311,54,53,0.0185185
311,54,53,0.0185185
312,54,53,0.0185185
313,54,53,0.0185185
314,54,53,0.0185185
314,54,53,0.0185185
315,54,53,0.0185185
316,54,53,0.0185185
317,54,53,0.0185185
317,54,53,0.0185185
318,54,53,0.0185185
319,54,53,0.0185185
320,54,53,0.0185185
321,54,53,0.0185185
322,54,53,0.0185185
322,54,53,0.0185185
323,54,53,0.0185185
324,54,53,0.0185185
324,54,53,0.0185185
325,54,53,0.0185185
326,54,53,0.0185185
327,54,53,0.0185185
327,54,53,0.0185185
328,54,53,0.0185185
329,54,53,0.0185185
330,54,53,0.0185185
330,54,53,0.0185185
331,54,53,0.0185185
332,54,53,0.0185185
332,54,53,0.0185185
333,54,53,0.0185185
334,54,53,0.0185185
335,54,53,0.0185185
336,54,53,0.0185185
336,54,53,0.0185185
337,54,53,0.0185185
338,54,53,0.0185185
339,54,53,0.0185185
339,54,53,0.0185185
340,54,53,0.0185185
341,54,53,0.0185185
341,54,53,0.0185185
342,54,53,0.0185185
343,54,53,0.0185185
344,54,53,0.0185185
344,54,53,0.0185185
345,54,53,0.0185185
346,54,53,0.0185185
346,54,53,0.0185185
347,54,53,0.0185185
348,54,53,0.0185185
348,54,53,0.0185185
349,54,53,0.0185185
350,54,53,0.0185185
351,54,53,0.0185185
351,54,53,0.0185185
352,54,53,0.0185185
353,54,53,0.0185185
354,54,53,0.0185185
354,54,53,0.0185185
355,54,53,0.0185185
356,54,53,0.0185185
357,54,53,0.0185185
357,54,53,0.0185185
358,54,53,0.0185185
359,54,53,0.0185185
360,54,53,0.0185185
360,54,53,0.0185185
361,54,53,0.0185185
362,54,53,0.0185185
362,54,53,0.0185185
363,54,53,0.0185185
364,54,53,0.0185185
365,54,53,0.0185185
365,54,53,0.0185185
366,54,53,0.0185185
367,54,53,0.0185185
368,54,53,0.0185185
368,54,53,0.0185185
369,54,53,0.0185185
370,54,53,0.0185185
371,54,53,0.0185185
371,54,53,0.0185185
372,54,53,0.0185185
373,54,53,0.0185185
374,54,53,0.0185185
374,54,53,0.0185185
375,54,53,0.0185185
376,54,53,0.0185185
377,54,53,0.0185185
377,54,53,0.0185185
378,54,53,0.0185185
379,54,53,0.0185185
380,54,53,0.0185185
380,54,53,0.0185185
381,54,53,0.0185185
382,54,53,0.0185185
383,54,53,0.0185185
384,54,53,0.0185185
384,54,53,0.0185185
385,54,53,0.0185185
386,54,53,0.0185185
386,54,53,0.0185185
387,54,53,0.0185185
388,54,53,0.0185185
389,54,53,0.0185185
390,54,53,0.0185185
390,54,53,0.0185185
391,54,53,0.0185185
392,54,53,0.0185185
393,54,53,0.0185185
394,54,53,0.0185185
394,54,53,0.0185185
395,54,53,0.0185185
396,54,53,0.0185185
397,54,53,0.0185185
397,54,53,0.0185185
398,54,53,0.0185185
399,54,53,0.0185185
400,54,53,0.0185185
401,54,53,0.0185185
402,54,53,0.0185185
402,54,53,0.0185185
403,54,53,0.0185185
404,54,53,0.0185185
405,54,53,0.0185185
405,54,53,0.0185185
406,54,53,0.0185185
407,54,53,0.0185185
408,54,53,0.0185185
409,54,53,0.0185185
410,54,53,0.0185185
410,54,53,0.0185185
411,54,53,0.0185185
412,54,53,0.0185185
413,54,53,0.0185185
413,54,53,0.0185185
414,54,53,0.0185185
415,54,53,0.0185185
416,54,53,0.0185185
416,54,53,0.0185185
417,54,53,0.0185185
418,54,53,0.0185185
419,54,53,0.0185185
419,54,53,0.0185185
420,54,53,0.0185185
421,54,53,0.0185185
422,54,53,0.0185185
422,54,53,0.0185185
423,54,53,0.0185185
424,54,53,0.0185185
425,54,53,0.0185185
425,54,53,0.0185185
426,54,53,0.0185185
427,54,53,0.0185185
428,54,53,0.0185185
428,54,53,0.0185185
429,54,53,0.0185185
430,54,53,0.0185185
431,54,53,0.0185185
431,54,53,0.0185185
432,54,53,0.0185185
433,54,53,0.0185185
434,54,53,0.0185185
434,54,53,0.0185185
435,54,53,0.0185185
436,54,53,0.0185185
437,54,53,0.0185185
438,54,53,0.0185185
438,54,53,0.0185185
439,54,53,0.0185185
440,54,53,0.0185185
441,54,53,0.0185185
441,54,53,0.0185185
442,54,53,0.0185185
443,54,53,0.0185185
443,54,53,0.0185185
444,54,53,0.0185185
445,54,53,0.0185185
445,54,53,0.0185185
446,54,53,0.0185185
447,54,53,0.0185185
448,54,53,0.0185185
448,54,53,0.0185185
449,54,53,0.0185185
450,54,53,0.0185185
450,54,53,0.0185185
451,54,53,0.0185185
452,54,53,0.0185185
453,54,53,0.0185185
453,54,53,0.0185185
454,54,53,0.0185185
455,54,53,0.0185185
456,54,53,0.0185185
456,54,53,0.0185185
457,54,53,0.0185185
458,54,53,0.0185185
458,54,53,0.0185185
459,54,53,0.0185185
460,54,53,0.0185185
461,54,53,0.0185185
461,54,53,0.0185185
462,54,53,0.0185185
463,54,53,0.0185185
464,54,53,0.0185185
464,54,53,0.0185185
465,54,53,0.0185185
466,54,53,0.0185185
466,54,53,0.0185185
467,54,53,0.0185185
467,54,53,0.0185185
467,54,53,0.0185185
468,54,53,0.0185185
468,54,53,0.0185185
469,54,53,0.0185185
470,54,53,0.0185185
470,54,53,0.0185185
471,54,53,0.0185185
472,54,53,0.0185185
472,54,53,0.0185185
473,54,53,0.0185185
473,54,53,0.0185185
474,54,53,0.0185185
475,54,53,0.0185185
475,54,53,0.0185185
476,54,53,0.0185185
477,54,53,0.0185185
477,54,53,0.0185185
478,54,53,0.0185185
479,54,53,0.0185185
480,54,53,0.0185185
480,54,53,0.0185185
481,54,53,0.0185185
482,54,53,0.0185185
483,54,53,0.0185185
483,54,53,0.0185185
484,54,53,0.0185185
485,54,53,0.0185185
485,54,53,0.0185185
486,54,53,0.0185185
487,54,53,0.0185185
488,54,53,0.0185185
488,54,53,0.0185185
489,54,53,0.0185185
490,54,53,0.0185185
491,54,53,0.0185185
492,54,53,0.0185185
493,54,53,0.0185185
493,54,53,0.0185185
494,54,53,0.0185185
494,54,53,0.0185185
495,54,53,0.0185185
496,54,53,0.0185185
497,54,53,0.0185185
497,54,53,0.0185185
498,54,53,0.0185185
499,54,53,0.0185185
500,54,53,0.0185185
501,54,53,0.0185185
502,54,53,0.0185185
503,54,53,0.0185185
504,54,53,0.0185185
505,54,53,0.0185185
506,54,53,0.0185185
507,54,53,0.0185185
508,54,53,0.0185185
509,54,53,0.0185185
510,54,53,0.0185185
510,54,53,0.0185185
511,54,53,0.0185185
512,54,53,0.0185185
512,54,53,0.0185185
513,54,53,0.0185185
514,54,53,0.0185185
515,54,53,0.0185185
515,54,53,0.0185185
516,54,53,0.0185185
517,54,53,0.0185185
518,54,53,0.0185185
518,54,53,0.0185185
519,54,53,0.0185185
520,54,53,0.0185185
521,54,53,0.0185185
521,54,53,0.0185185
522,54,53,0.0185185
523,54,53,0.0185185
524,54,53,0.0185185
524,54,53,0.0185185
525,54,53,0.0185185
526,54,53,0.0185185
527,54,53,0.0185185
527,54,53,0.0185185
528,54,53,0.0185185
529,54,53,0.0185185
529,54,53,0.0185185
530,54,53,0.0185185
531,54,53,0.0185185
532,54,53,0.0185185
533,54,53,0.0185185
533,54,53,0.0185185
534,54,53,0.0185185
535,54,53,0.0185185
536,54,53,0.0185185
536,54,53,0.0185185
537,54,53,0.0185185
538,54,53,0.0185185
539,54,53,0.0185185
539,54,53,0.0185185
540,54,53,0.0185185
541,54,53,0.0185185
542,54,53,0.0185185
542,54,53,0.0185185
543,54,53,0.0185185
544,54,53,0.0185185
544,54,53,0.0185185
545,54,53,0.0185185
546,54,53,0.0185185
547,54,53,0.0185185
547,54,53,0.0185185
548,54,53,0.0185185
549,54,53,0.0185185
549,54,53,0.0185185
550,54,53,0.0185185
551,54,53,0.0185185
552,54,53,0.0185185
552,54,53,0.0185185
553,54,53,0.0185185
554,54,53,0.0185185
555,54,53,0.0185185
555,54,53,0.0185185
556,54,53,0.0185185
557,54,53,0.0185185
558,54,53,0.0185185
558,54,53,0.0185185
559,54,53,0.0185185
560,54,53,0.0185185
561,54,53,0.0185185
561,54,53,0.0185185
562,54,53,0.0185185
563,54,53,0.0185185
563,54,53,0.0185185
564,54,53,0.0185185
565,54,53,0.0185185
566,54,53,0.0185185
566,54,53,0.0185185
567,54,53,0.0185185
568,54,53,0.0185185
569,54,53,0.0185185
570,54,53,0.0185185
570,54,53,0.0185185
571,54,53,0.0185185
572,54,53,0.0185185
573,54,53,0.0185185
573,54,53,0.0185185
574,54,53,0.0185185
575,54,53,0.0185185
576,54,53,0.0185185
577,54,53,0.0185185
577,54,53,0.0185185
578,54,53,0.0185185
579,54,53,0.0185185
580,54,53,0.0185185
581,54,53,0.0185185
582,54,53,0.0185185
583,54,53,0.0185185
583,54,53,0.0185185
585,54,53,0.0185185
586,54,53,0.0185185
587,54,53,0.0185185
588,54,53,0.0185185
589,54,53,0.0185185
590,54,53,0.0185185
590,54,53,0.0185185
591,54,53,0.0185185
592,54,53,0.0185185
592,54,53,0.0185185
593,54,53,0.0185185
594,54,53,0.0185185
595,54,53,0.0185185
596,54,53,0.0185185
597,54,53,0.0185185
598,54,53,0.0185185
599,54,53,0.0185185
599,54,53,0.0185185
600,54,53,0.0185185
601,54,53,0.0185185
602,54,53,0.0185185
604,54,53,0.0185185
605,54,53,0.0185185
606,54,53,0.0185185
607,54,53,0.0185185
608,54,53,0.0185185
609,54,53,0.0185185
610,54,53,0.0185185
610,54,53,0.0185185
611,54,53,0.0185185
612,54,53,0.0185185
613,54,53,0.0185185
614,54,53,0.0185185
615,54,53,0.0185185
616,54,53,0.0185185
616,54,53,0.0185185
618,54,53,0.0185185
619,54,53,0.0185185
619,54,53,0.0185185
620,54,53,0.0185185
621,54,53,0.0185185
623,54,53,0.0185185
623,54,53,0.0185185
624,54,53,0.0185185
625,54,53,0.0185185
626,54,53,0.0185185
627,54,53,0.0185185
628,54,53,0.0185185
629,54,53,0.0185185
630,54,53,0.0185185
631,54,53,0.0185185
632,54,53,0.0185185
633,54,53,0.0185185
633,54,53,0.0185185
635,54,53,0.0185185
635,54,53,0.0185185
636,54,53,0.0185185
637,54,53,0.0185185
638,54,53,0.0185185
639,54,53,0.0185185
640,54,53,0.0185185
641,54,53,0.0185185
642,54,53,0.0185185
643,54,53,0.0185185
644,54,53,0.0185185
645,54,53,0.0185185
646,54,53,0.0185185
646,54,53,0.0185185
647,54,53,0.0185185
648,54,53,0.0185185
649,54,53,0.0185185
650,54,53,0.0185185
651,54,53,0.0185185
652,54,53,0.0185185
653,54,53,0.0185185
654,54,53,0.0185185
655,54,53,0.0185185
656,54,53,0.0185185
657,54,53,0.0185185
658,54,53,0.0185185
659,54,53,0.0185185
660,54,53,0.0185185
660,54,53,0.0185185
661,54,53,0.0185185
662,54,53,0.0185185
663,54,53,0.0185185
664,54,53,0.0185185
665,54,53,0.0185185
666,54,53,0.0185185
667,54,53,0.0185185
668,54,53,0.0185185
669,54,53,0.0185185
670,54,53,0.0185185
671,54,53,0.0185185
671,54,53,0.0185185
672,54,53,0.0185185
673,54,53,0.0185185
674,54,53,0.0185185
675,54,53,0.0185185
676,54,53,0.0185185
677,54,53,0.0185185
678,54,53,0.0185185
678,54,53,0.0185185
679,54,53,0.0185185
680,54,53,0.0185185
681,54,53,0.0185185
682,54,53,0.0185185
683,54,53,0.0185185
684,54,53,0.0185185
685,54,53,0.0185185
686,54,53,0.0185185
687,54,53,0.0185185
688,54,53,0.0185185
689,54,53,0.0185185
690,54,53,0.0185185
691,54,53,0.0185185
692,54,53,0.0185185
692,54,53,0.0185185
693,54,53,0.0185185
694,54,53,0.0185185
695,54,53,0.0185185
696,54,53,0.0185185
697,54,53,0.0185185
698,54,53,0.0185185
699,54,53,0.0185185
700,54,53,0.0185185
701,54,53,0.0185185
703,54,53,0.0185185
704,54,53,0.0185185
705,54,53,0.0185185
706,54,53,0.0185185
707,54,53,0.0185185
708,54,53,0.0185185
709,54,53,0.0185185
710,54,53,0.0185185
710,54,53,0.0185185
711,54,53,0.0185185
712,54,53,0.0185185
713,54,53,0.0185185
714,54,53,0.0185185
716,54,53,0.0185185
717,54,53,0.0185185
718,54,53,0.0185185
719,54,53,0.0185185
720,54,53,0.0185185
721,54,53,0.0185185
722,54,53,0.0185185
723,54,53,0.0185185
724,54,53,0.0185185
725,54,53,0.0185185
726,54,53,0.0185185
727,54,53,0.0185185
728,54,53,0.0185185
729,54,53,0.0185185
729,54,53,0.0185185
730,54,53,0.0185185
731,54,53,0.0185185
732,54,53,0.0185185
733,54,53,0.0185185
734,54,53,0.0185185
735,54,53,0.0185185
736,54,53,0.0185185
737,54,53,0.0185185
738,54,53,0.0185185
738,54,53,0.0185185
739,54,53,0.0185185
740,54,53,0.0185185
741,54,53,0.0185185
742,54,53,0.0185185
743,54,53,0.0185185
744,54,53,0.0185185
745,54,53,0.0185185
746,54,53,0.0185185
747,54,53,0.0185185
748,54,53,0.0185185
748,54,53,0.0185185
749,54,53,0.0185185
750,54,53,0.0185185
751,54,53,0.0185185
752,54,53,0.0185185
753,54,53,0.0185185
754,54,53,0.0185185
755,54,53,0.0185185
756,54,53,0.0185185
757,54,53,0.0185185
758,54,53,0.0185185
758,54,53,0.0185185
759,54,53,0.0185185
760,54,53,0.0185185
761,54,53,0.0185185
762,54,53,0.0185185
763,54,53,0.0185185
764,54,53,0.0185185
764,54,53,0.0185185
765,54,53,0.0185185
766,54,53,0.0185185
767,54,53,0.0185185
768,54,53,0.0185185
769,54,53,0.0185185
769,54,53,0.0185185
770,54,53,0.0185185
771,54,53,0.0185185
772,54,53,0.0185185
773,54,53,0.0185185
774,54,53,0.0185185
775,54,53,0.0185185
776,54,53,0.0185185
776,54,53,0.0185185
777,54,53,0.0185185
778,54,53,0.0185185
778,54,53,0.0185185
779,54,53,0.0185185
780,54,53,0.0185185
780,54,53,0.0185185
781,54,53,0.0185185
782,54,53,0.0185185
783,54,53,0.0185185
784,54,53,0.0185185
784,54,53,0.0185185
785,54,53,0.0185185
786,54,53,0.0185185
787,54,53,0.0185185
787,54,53,0.0185185
788,54,53,0.0185185
789,54,53,0.0185185
790,54,53,0.0185185
791,54,53,0.0185185
792,54,53,0.0185185
792,54,53,0.0185185
792,54,53,0.0185185
792,54,53,0.0185185
793,54,53,0.0185185
793,54,53,0.0185185
793,54,53,0.0185185
794,54,53,0.0185185
794,54,53,0.0185185
794,54,53,0.0185185
795,54,53,0.0185185
795,54,53,0.0185185
795,54,53,0.0185185
795,54,53,0.0185185
796,54,53,0.0185185
796,54,53,0.0185185
796,54,53,0.0185185
797,54,53,0.0185185
797,54,53,0.0185185
798,54,53,0.0185185
798,54,53,0.0185185
799,54,53,0.0185185
799,54,53,0.0185185
799,54,53,0.0185185
800,54,53,0.0185185
800,54,53,0.0185185
800,54,53,0.0185185
800,54,53,0.0185185
801,54,53,0.0185185
801,54,53,0.0185185
802,54,53,0.0185185
802,54,53,0.0185185
802,54,53,0.0185185
803,54,53,0.0185185
803,54,53,0.0185185
804,54,53,0.0185185
804,54,53,0.0185185
805,54,53,0.0185185
805,54,53,0.0185185
805,54,53,0.0185185
806,54,53,0.0185185
807,54,53,0.0185185
808,54,53,0.0185185
808,54,53,0.0185185
809,54,53,0.0185185
810,54,53,0.0185185
811,54,53,0.0185185
812,54,53,0.0185185
813,54,53,0.0185185
814,54,53,0.0185185
815,54,53,0.0185185
816,54,53,0.0185185
817,54,53,0.0185185
818,54,53,0.0185185
819,54,53,0.0185185
820,54,53,0.0185185
820,54,53,0.0185185
821,54,53,0.0185185
822,54,53,0.0185185
823,54,53,0.0185185
824,54,53,0.0185185
826,54,53,0.0185185
826,54,53,0.0185185
827,54,53,0.0185185
828,54,53,0.0185185
829,54,53,0.0185185
830,54,53,0.0185185
831,54,53,0.0185185
832,54,53,0.0185185
832,54,53,0.0185185
833,54,53,0.0185185
835,54,53,0.0185185
836,54,53,0.0185185
836,54,53,0.0185185
837,54,53,0.0185185
838,54,53,0.0185185
839,54,53,0.0185185
840,54,53,0.0185185
841,54,53,0.0185185
842,54,53,0.0185185
843,54,53,0.0185185
844,54,53,0.0185185
845,54,53,0.0185185
846,54,53,0.0185185
847,54,53,0.0185185
848,54,53,0.0185185
849,54,53,0.0185185
849,54,53,0.0185185
851,54,53,0.0185185
852,54,53,0.0185185
853,54,53,0.0185185
853,54,53,0.0185185
854,54,53,0.0185185
856,54,53,0.0185185
857,54,53,0.0185185
859,54,53,0.0185185
859,54,53,0.0185185
860,54,53,0.0185185
861,54,53,0.0185185
862,54,53,0.0185185
863,54,53,0.0185185
864,54,53,0.0185185
865,54,53,0.0185185
866,54,53,0.0185185
868,54,53,0.0185185
869,54,53,0.0185185
869,54,53,0.0185185
870,54,53,0.0185185
871,54,53,0.0185185
872,54,53,0.0185185
874,54,53,0.0185185
875,54,53,0.0185185
876,54,53,0.0185185
877,54,53,0.0185185
878,54,53,0.0185185
879,54,53,0.0185185
880,54,53,0.0185185
881,54,53,0.0185185
882,54,53,0.0185185
883,54,53,0.0185185
884,54,53,0.0185185
885,54,53,0.0185185
886,54,53,0.0185185
887,54,53,0.0185185
888,54,53,0.0185185
889,54,53,0.0185185
890,54,53,0.0185185
891,54,53,0.0185185
893,54,53,0.0185185
893,54,53,0.0185185
894,54,53,0.0185185
896,54,53,0.0185185
897,54,53,0.0185185
898,54,53,0.0185185
899,54,53,0.0185185
900,54,53,0.0185185
900,54,53,0.0185185
901,54,53,0.0185185
901,54,53,0.0185185
902,54,53,0.0185185
902,54,53,0.0185185
902,54,53,0.0185185
903,54,53,0.0185185
903,54,53,0.0185185
903,54,53,0.0185185
904,54,53,0.0185185
904,54,53,0.0185185
904,54,53,0.0185185
905,54,53,0.0185185
905,54,53,0.0185185
905,54,53,0.0185185
906,54,53,0.0185185
906,54,53,0.0185185
906,54,53,0.0185185
907,54,53,0.0185185
907,54,53,0.0185185
908,54,53,0.0185185
908,54,53,0.0185185
909,54,53,0.0185185
909,54,53,0.0185185
909,54,53,0.0185185
910,54,53,0.0185185
910,54,53,0.0185185
910,54,53,0.0185185
911,54,53,0.0185185
911,54,53,0.0185185
911,54,53,0.0185185
912,54,53,0.0185185
912,54,53,0.0185185
913,54,53,0.0185185
913,54,53,0.0185185
913,54,53,0.0185185
914,54,53,0.0185185
914,54,53,0.0185185
914,54,53,0.0185185
915,54,53,0.0185185
915,54,53,0.0185185
916,54,53,0.0185185
916,54,53,0.0185185
916,54,53,0.0185185
918,54,53,0.0185185
919,54,53,0.0185185
920,54,53,0.0185185
921,54,53,0.0185185
922,54,53,0.0185185
923,54,53,0.0185185
924,54,53,0.0185185
926,54,53,0.0185185
927,54,53,0.0185185
928,54,53,0.0185185
929,54,53,0.0185185
930,54,53,0.0185185
931,54,53,0.0185185
933,54,53,0.0185185
934,54,53,0.0185185
935,54,53,0.0185185
936,54,53,0.0185185
937,54,53,0.0185185
939,54,53,0.0185185
939,54,53,0.0185185
940,54,53,0.0185185
940,54,53,0.0185185
941,54,53,0.0185185
941,54,53,0.0185185
942,54,53,0.0185185
942,54,53,0.0185185
943,54,53,0.0185185
944,54,53,0.0185185
945,54,53,0.0185185
946,54,53,0.0185185
947,54,53,0.0185185
948,54,53,0.0185185
949,54,53,0.0185185
950,54,53,0.0185185
952,54,53,0.0185185
953,54,53,0.0185185
954,54,53,0.0185185
956,54,53,0.0185185
957,54,53,0.0185185
958,54,53,0.0185185
959,54,53,0.0185185
961,54,53,0.0185185
962,54,53,0.0185185
963,54,53,0.0185185
964,54,53,0.0185185
965,54,53,0.0185185
967,54,53,0.0185185
968,54,53,0.0185185
969,54,53,0.0185185
970,54,53,0.0185185
971,54,53,0.0185185
973,54,53,0.0185185
973,54,53,0.0185185
975,54,53,0.0185185
976,54,53,0.0185185
977,54,53,0.0185185
978,54,53,0.0185185
979,54,53,0.0185185
980,54,53,0.0185185
981,54,53,0.0185185
982,54,53,0.0185185
983,54,53,0.0185185
984,54,53,0.0185185
985,54,53,0.0185185
987,54,53,0.0185185
988,54,53,0.0185185
989,54,53,0.0185185
990,54,53,0.0185185
991,54,53,0.0185185
992,54,53,0.0185185
994,54,53,0.0185185
995,54,53,0.0185185
996,54,53,0.0185185
997,54,53,0.0185185
998,54,53,0.0185185
1000,54,53,0.0185185
1001,54,53,0.0185185
1002,54,53,0.0185185
1004,54,53,0.0185185
1005,54,53,0.0185185
1006,54,53,0.0185185
1007,54,53,0.0185185
1009,54,53,0.0185185
1010,54,53,0.0185185
1011,54,53,0.0185185
1012,54,53,0.0185185
1013,54,53,0.0185185
1014,54,53,0.0185185
1016,54,53,0.0185185
1017,54,53,0.0185185
1018,54,53,0.0185185
1019,54,53,0.0185185
1021,54,53,0.0185185
1022,54,53,0.0185185
1023,54,53,0.0185185
1024,54,53,0.0185185
1025,54,53,0.0185185
1026,54,53,0.0185185
1028,54,53,0.0185185
1029,54,53,0.0185185
1031,54,53,0.0185185
1032,54,53,0.0185185
1033,54,53,0.0185185
1034,54,53,0.0185185
1035,54,53,0.0185185
1036,54,53,0.0185185
1037,54,53,0.0185185
1038,54,53,0.0185185
1039,54,53,0.0185185
1040,54,53,0.0185185
1041,54,53,0.0185185
1043,54,53,0.0185185
1044,54,53,0.0185185
1045,54,53,0.0185185
1046,54,53,0.0185185
1047,54,53,0.0185185
1048,54,53,0.0185185
1049,54,53,0.0185185
1051,54,53,0.0185185
1052,54,53,0.0185185
1053,54,53,0.0185185
1055,54,53,0.0185185
1056,54,53,0.0185185
1057,54,53,0.0185185
1058,54,53,0.0185185
1059,54,53,0.0185185
1060,54,53,0.0185185
1062,54,53,0.0185185
1063,54,53,0.0185185
1064,54,53,0.0185185
1065,54,53,0.0185185
1066,54,53,0.0185185
1068,54,53,0.0185185
1069,54,53,0.0185185
1070,54,53,0.0185185
1071,54,53,0.0185185
1073,54,53,0.0185185
1074,54,53,0.0185185
1075,54,53,0.0185185
1076,54,53,0.0185185
1077,54,53,0.0185185
1078,54,53,0.0185185
1079,54,53,0.0185185
1081,54,53,0.0185185
1082,54,53,0.0185185
1083,54,53,0.0185185
1084,54,53,0.0185185
1085,54,53,0.0185185
1086,54,53,0.0185185
1087,54,53,0.0185185
1089,54,53,0.0185185
1090,54,53,0.0185185
1091,54,53,0.0185185
1092,54,53,0.0185185
1094,54,53,0.0185185
1095,54,53,0.0185185
1096,54,53,0.0185185
1097,54,53,0.0185185
1098,54,53,0.0185185
1099,54,53,0.0185185
1100,54,53,0.0185185
1101,54,53,0.0185185
1103,54,53,0.0185185
1104,54,53,0.0185185
1105,54,53,0.0185185
1106,54,53,0.0185185
1107,54,53,0.0185185
1108,54,53,0.0185185
1109,54,53,0.0185185
1110,54,53,0.0185185
1112,54,53,0.0185185
1112,54,53,0.0185185
1113,54,53,0.0185185
1114,54,53,0.0185185
1116,54,53,0.0185185
1116,54,53,0.0185185
1117,54,53,0.0185185
1119,54,53,0.0185185
1120,54,53,0.0185185
1121,54,53,0.0185185
1122,54,53,0.0185185
1123,54,53,0.0185185
1124,54,53,0.0185185
1125,54,53,0.0185185
1126,54,53,0.0185185
1128,54,53,0.0185185
1129,54,53,0.0185185
1130,54,53,0.0185185
1131,54,53,0.0185185
1132,54,53,0.0185185
1133,54,53,0.0185185
1134,54,53,0.0185185
1136,54,53,0.0185185
1137,54,53,0.0185185
1139,54,53,0.0185185
1140,54,53,0.0185185
1141,54,53,0.0185185
1142,54,53,0.0185185
1143,54,53,0.0185185
1144,54,53,0.0185185
1145,54,53,0.0185185
1146,54,53,0.0185185
1147,54,53,0.0185185
1148,54,53,0.0185185
1149,54,53,0.0185185
1150,54,53,0.0185185
1152,54,53,0.0185185
1153,54,53,0.0185185
1153,54,53,0.0185185
1154,54,53,0.0185185
1155,54,53,0.0185185
1156,54,53,0.0185185
1157,54,53,0.0185185
1159,54,53,0.0185185
1160,54,53,0.0185185
1160,54,53,0.0185185
1162,54,53,0.0185185
1163,54,53,0.0185185
1164,54,53,0.0185185
1165,54,53,0.0185185
1166,54,53,0.0185185
1167,54,53,0.0185185
1168,54,53,0.0185185
1169,54,53,0.0185185
1170,54,53,0.0185185
1172,54,53,0.0185185
1173,54,53,0.0185185
1174,54,53,0.0185185
1175,54,53,0.0185185
1176,54,53,0.0185185
1177,54,53,0.0185185
1177,54,53,0.0185185
1178,54,53,0.0185185
1180,54,53,0.0185185
1180,54,53,0.0185185
1181,54,53,0.0185185
1183,54,53,0.0185185
1184,54,53,0.0185185
1185,54,53,0.0185185
1186,54,53,0.0185185
1187,54,53,0.0185185
1187,54,53,0.0185185
1188,54,53,0.0185185
1190,54,53,0.0185185
1191,54,53,0.0185185
1192,54,53,0.0185185
1193,54,53,0.0185185
1194,54,53,0.0185185
1195,54,53,0.0185185
1196,54,53,0.0185185
1197,54,53,0.0185185
1198,54,53,0.0185185
1199,54,53,0.0185185
1200,54,53,0.0185185
1203,54,53,0.0185185
1204,54,53,0.0185185
1205,54,53,0.0185185
1206,54,53,0.0185185
1208,54,53,0.0185185
1209,54,53,0.0185185
1210,54,53,0.0185185
1211,54,53,0.0185185
1212,54,53,0.0185185
1213,54,53,0.0185185
1215,54,53,0.0185185
1216,54,53,0.0185185
1217,54,53,0.0185185
1218,54,53,0.0185185
1219,54,53,0.0185185
1220,54,53,0.0185185
1221,54,53,0.0185185
1222,54,53,0.0185185
1224,54,53,0.0185185
1225,54,53,0.0185185
1226,54,53,0.0185185
1228,54,53,0.0185185
1229,54,53,0.0185185
1230,54,53,0.0185185
1232,54,53,0.0185185
1232,54,53,0.0185185
1234,54,53,0.0185185
1235,54,53,0.0185185
1236,54,53,0.0185185
1237,54,53,0.0185185
1239,54,53,0.0185185
1240,54,53,0.0185185
1241,54,53,0.0185185
1242,54,53,0.0185185
1243,54,53,0.0185185
1244,54,53,0.0185185
1245,54,53,0.0185185
1246,54,53,0.0185185
1247,54,53,0.0185185
1248,54,53,0.0185185
1250,54,53,0.0185185
1251,54,53,0.0185185
1252,54,53,0.0185185
1254,54,53,0.0185185
1255,54,53,0.0185185
1256,54,53,0.0185185
1257,54,53,0.0185185
1258,54,53,0.0185185
1259,54,53,0.0185185
1260,54,53,0.0185185
1261,54,53,0.0185185
1262,54,53,0.0185185
1263,54,53,0.0185185
1263,54,53,0.0185185
1264,54,53,0.0185185
1265,54,53,0.0185185
1266,54,53,0.0185185
1267,54,53,0.0185185
1269,54,53,0.0185185
1270,54,53,0.0185185
1271,54,53,0.0185185
1272,54,53,0.0185185
1273,54,53,0.0185185
1274,54,53,0.0185185
1276,54,53,0.0185185
1277,54,53,0.0185185
1278,54,53,0.0185185
1279,54,53,0.0185185
1280,54,53,0.0185185
1281,54,53,0.0185185
1282,54,53,0.0185185
1284,54,53,0.0185185
1285,54,53,0.0185185
1286,54,53,0.0185185
1287,54,53,0.0185185
1289,54,53,0.0185185
1290,54,53,0.0185185
1291,54,53,0.0185185
1292,54,53,0.0185185
1294,54,53,0.0185185
1295,54,53,0.0185185
1296,54,53,0.0185185
1297,54,53,0.0185185
1299,54,53,0.0185185
1300,54,53,0.0185185
1302,54,53,0.0185185
1303,54,53,0.0185185
1305,54,53,0.0185185
1306,54,53,0.0185185
1307,54,53,0.0185185
1308,54,53,0.0185185
1309,54,53,0.0185185
1310,54,53,0.0185185
1311,54,53,0.0185185
1313,54,53,0.0185185
1314,54,53,0.0185185
1315,54,53,0.0185185
1316,54,53,0.0185185
1317,54,53,0.0185185
1318,54,53,0.0185185
1319,54,53,0.0185185
1320,54,53,0.0185185
1321,54,53,0.0185185
1322,54,53,0.0185185
1323,54,53,0.0185185
1324,54,53,0.0185185
1325,54,53,0.0185185
1326,54,53,0.0185185
1327,54,53,0.0185185
1328,54,53,0.0185185
1329,54,53,0.0185185
1330,54,53,0.0185185
1331,54,53,0.0185185
1333,54,53,0.0185185
1334,54,53,0.0185185
1335,54,53,0.0185185
1337,54,53,0.0185185
1338,54,53,0.0185185
1339,54,53,0.0185185
1340,54,53,0.0185185
1341,54,53,0.0185185
1342,54,53,0.0185185
1343,54,53,0.0185185
1345,54,53,0.0185185
1346,54,53,0.0185185
1347,54,53,0.0185185
1348,54,53,0.0185185
1349,54,53,0.0185185
1350,54,53,0.0185185
1351,54,53,0.0185185
1352,54,53,0.0185185
1353,54,53,0.0185185
1354,54,53,0.0185185
1355,54,53,0.0185185
1356,54,53,0.0185185
1357,54,53,0.0185185
1358,54,53,0.0185185
1359,54,53,0.0185185
1360,54,53,0.0185185
1362,54,53,0.0185185
1363,54,53,0.0185185
1364,54,53,0.0185185
1366,54,53,0.0185185
1367,54,53,0.0185185
1368,54,53,0.0185185
1369,54,53,0.0185185
1370,54,53,0.0185185
1371,54,53,0.0185185
1372,54,53,0.0185185
1373,54,53,0.0185185
1375,54,53,0.0185185
1376,54,53,0.0185185
1377,54,53,0.0185185
1378,54,53,0.0185185
1380,54,53,0.0185185
1381,54,53,0.0185185
1382,54,53,0.0185185
1383,54,53,0.0185185
1386,54,53,0.0185185
1387,54,53,0.0185185
1388,54,53,0.0185185
1389,54,53,0.0185185
1390,54,53,0.0185185
1392,54,53,0.0185185
1393,54,53,0.0185185
1394,54,53,0.0185185
1396,54,53,0.0185185
1397,54,53,0.0185185
1398,54,53,0.0185185
1399,54,53,0.0185185
1400,54,53,0.0185185
1402,54,53,0.0185185
1403,54,53,0.0185185
1404,54,53,0.0185185
1405,54,53,0.0185185
1407,54,53,0.0185185
1408,54,53,0.0185185
1409,54,53,0.0185185
1410,54,53,0.0185185
1411,54,53,0.0185185
1412,54,53,0.0185185
1414,54,53,0.0185185
1415,54,53,0.0185185
1416,54,53,0.0185185
1418,54,53,0.0185185
1419,54,53,0.0185185
1420,54,53,0.0185185
1421,54,53,0.0185185
1423,54,53,0.0185185
1424,54,53,0.0185185
1425,54,53,0.0185185
1426,54,53,0.0185185
1427,54,53,0.0185185
1428,54,53,0.0185185
1429,54,53,0.0185185
1430,54,53,0.0185185
1431,54,53,0.0185185
1433,54,53,0.0185185
1434,54,53,0.0185185
1435,54,53,0.0185185
1437,54,53,0.0185185
1438,54,53,0.0185185
1439,54,53,0.0185185
1440,54,53,0.0185185
1441,54,53,0.0185185
1443,54,53,0.0185185
1445,54,53,0.0185185
1446,54,53,0.0185185
1447,54,53,0.0185185
1448,54,53,0.0185185
1449,54,53,0.0185185
1450,54,53,0.0185185
1452,54,53,0.0185185
1453,54,53,0.0185185
1455,54,53,0.0185185
1456,54,53,0.0185185
1457,54,53,0.0185185
1458,54,53,0.0185185
1460,54,53,0.0185185
1461,54,53,0.0185185
1462,54,53,0.0185185
1464,54,53,0.0185185
1465,54,53,0.0185185
1466,54,53,0.0185185
1467,54,53,0.0185185
1469,54,53,0.0185185
1470,54,53,0.0185185
1472,54,53,0.0185185
1473,54,53,0.0185185
1474,54,53,0.0185185
1475,54,53,0.0185185
1476,54,53,0.0185185
1478,54,53,0.0185185
1479,54,53,0.0185185
1480,54,53,0.0185185
1482,54,53,0.0185185
1483,54,53,0.0185185
1484,54,53,0.0185185
1486,54,53,0.0185185
1487,54,53,0.0185185
1489,54,53,0.0185185
1491,54,53,0.0185185
1492,54,53,0.0185185
1493,54,53,0.0185185
1494,54,53,0.0185185
1496,54,53,0.0185185
1497,54,53,0.0185185
1499,54,53,0.0185185
1500,54,53,0.0185185
1502,54,53,0.0185185
1503,54,53,0.0185185
1505,54,53,0.0185185
1506,54,53,0.0185185
1508,54,53,0.0185185
1509,54,53,0.0185185
1510,54,53,0.0185185
1513,54,53,0.0185185
1514,54,53,0.0185185
1515,54,53,0.0185185
1517,54,53,0.0185185
1518,54,53,0.0185185
1520,54,53,0.0185185
1521,54,53,0.0185185
1522,54,53,0.0185185
1524,54,53,0.0185185
1525,54,53,0.0185185
1526,54,53,0.0185185
1528,54,53,0.0185185
1529,54,53,0.0185185
1530,54,53,0.0185185
1531,54,53,0.0185185
1533,54,53,0.0185185
1534,54,53,0.0185185
1537,54,53,0.0185185
1538,54,53,0.0185185
1539,54,53,0.0185185
1540,54,53,0.0185185
1541,54,53,0.0185185
1542,54,53,0.0185185
1544,54,53,0.0185185
1545,54,53,0.0185185
1547,54,53,0.0185185
1548,54,53,0.0185185
1549,54,53,0.0185185
1550,54,53,0.0185185
1552,54,53,0.0185185
1553,54,53,0.0185185
1554,54,53,0.0185185
1555,54,53,0.0185185
1556,54,53,0.0185185
1557,54,53,0.0185185
1559,54,53,0.0185185
1560,54,53,0.0185185
1561,54,53,0.0185185
1562,54,53,0.0185185
1564,54,53,0.0185185
1565,54,53,0.0185185
1566,54,53,0.0185185
1567,54,53,0.0185185
1569,54,53,0.0185185
1570,54,53,0.0185185
1571,54,53,0.0185185
1573,54,53,0.0185185
1574,54,53,0.0185185
1575,54,53,0.0185185
1576,54,53,0.0185185
1578,54,53,0.0185185
1580,54,53,0.0185185
1581,54,53,0.0185185
1582,54,53,0.0185185
1582,54,53,0.0185185
1584,54,53,0.0185185
1586,54,53,0.0185185
1587,54,53,0.0185185
1589,54,53,0.0185185
1590,54,53,0.0185185
1591,54,53,0.0185185
1592,54,53,0.0185185
1593,54,53,0.0185185
1595,54,53,0.0185185
1596,54,53,0.0185185
1597,54,53,0.0185185
1598,54,53,0.0185185
1600,54,53,0.0185185
1601,54,53,0.0185185
1602,54,53,0.0185185
1603,54,53,0.0185185
1604,54,53,0.0185185
1605,54,53,0.0185185
1606,54,53,0.0185185
1608,54,53,0.0185185
1609,54,53,0.0185185
1610,54,53,0.0185185
1611,54,53,0.0185185
1612,54,53,0.0185185
1613,54,53,0.0185185
1614,54,53,0.0185185
1615,54,53,0.0185185
1617,54,53,0.0185185
1618,54,53,0.0185185
1619,54,53,0.0185185
1620,54,53,0.0185185
1621,54,53,0.0185185
1622,54,53,0.0185185
1623,54,53,0.0185185
1624,54,53,0.0185185
1625,54,53,0.0185185
1626,54,53,0.0185185
1628,54,53,0.0185185
1629,54,53,0.0185185
1630,54,53,0.0185185
1631,54,53,0.0185185
1632,54,53,0.0185185
1633,54,53,0.0185185
1635,54,53,0.0185185
1636,54,53,0.0185185
1637,54,53,0.0185185
1638,54,53,0.0185185
1639,54,53,0.0185185
1640,54,53,0.0185185
1641,54,53,0.0185185
1642,54,53,0.0185185
1643,54,53,0.0185185
1644,54,53,0.0185185
1646,54,53,0.0185185
1647,54,53,0.0185185
1648,54,53,0.0185185
1649,54,53,0.0185185
1651,54,53,0.0185185
1652,54,53,0.0185185
1653,54,53,0.0185185
1654,54,53,0.0185185
1655,54,53,0.0185185
1656,54,53,0.0185185
1657,54,53,0.0185185
1658,54,53,0.0185185
1659,54,53,0.0185185
1660,54,53,0.0185185
1661,54,53,0.0185185
1662,54,53,0.0185185
1664,54,53,0.0185185
1665,54,53,0.0185185
1666,54,53,0.0185185
1667,54,53,0.0185185
1668,54,53,0.0185185
1669,54,53,0.0185185
1670,54,53,0.0185185
1671,54,53,0.0185185
1672,54,53,0.0185185
1673,54,53,0.0185185
1674,54,53,0.0185185
1675,54,53,0.0185185
1676,54,53,0.0185185
1677,54,53,0.0185185
1678,54,53,0.0185185
1679,54,53,0.0185185
1680,54,53,0.0185185
1681,54,53,0.0185185
1682,54,53,0.0185185
1683,54,53,0.0185185
1684,54,53,0.0185185
1686,54,53,0.0185185
1687,54,53,0.0185185
1688,54,53,0.0185185
1689,54,53,0.0185185
1691,54,53,0.0185185
1692,54,53,0.0185185
1693,54,53,0.0185185
1694,54,53,0.0185185
1695,54,53,0.0185185
1697,54,53,0.0185185
1698,54,53,0.0185185
1699,54,53,0.0185185
1700,54,53,0.0185185
1701,54,53,0.0185185
1702,54,53,0.0185185
1703,54,53,0.0185185
1704,54,53,0.0185185
1705,54,53,0.0185185
1706,54,53,0.0185185
1707,54,53,0.0185185
1708,54,53,0.0185185
1709,54,53,0.0185185
1710,54,53,0.0185185
1711,54,53,0.0185185
1712,54,53,0.0185185
1714,54,53,0.0185185
1715,54,53,0.0185185
1716,54,53,0.0185185
1717,54,53,0.0185185
1719,54,53,0.0185185
1720,54,53,0.0185185
1722,54,53,0.0185185
1723,54,53,0.0185185
1724,54,53,0.0185185
1726,54,53,0.0185185
1727,54,53,0.0185185
1729,54,53,0.0185185
1730,54,53,0.0185185
1731,54,53,0.0185185
1732,54,53,0.0185185
1733,54,53,0.0185185
1734,54,53,0.0185185
1735,54,53,0.0185185
1736,54,53,0.0185185
1737,54,53,0.0185185
1738,54,53,0.0185185
1739,54,53,0.0185185
1740,54,53,0.0185185
1741,54,53,0.0185185
1742,54,53,0.0185185
1743,54,53,0.0185185
1745,54,53,0.0185185
1746,54,53,0.0185185
1747,54,53,0.0185185
1748,54,53,0.0185185
1749,54,53,0.0185185
1751,54,53,0.0185185
1752,54,53,0.0185185
1753,54,53,0.0185185
1754,54,53,0.0185185
1755,54,53,0.0185185
1756,54,53,0.0185185
1758,54,53,0.0185185
1758,54,53,0.0185185
1760,54,53,0.0185185
1761,54,53,0.0185185
1762,54,53,0.0185185
1763,54,53,0.0185185
1764,54,53,0.0185185
1765,54,53,0.0185185
1766,54,53,0.0185185
1768,54,53,0.0185185
1769,54,53,0.0185185
1770,54,53,0.0185185
1771,54,53,0.0185185
1772,54,53,0.0185185
1773,54,53,0.0185185
1774,54,53,0.0185185
1775,54,53,0.0185185
1776,54,53,0.0185185
1777,54,53,0.0185185
1778,54,53,0.0185185
1779,54,53,0.0185185
1780,54,53,0.0185185
1781,54,53,0.0185185
1782,54,53,0.0185185
1783,54,53,0.0185185
1784,54,53,0.0185185
1785,54,53,0.0185185
1786,54,53,0.0185185
1787,54,53,0.0185185
1788,54,53,0.0185185
1789,54,53,0.0185185
1790,54,53,0.0185185
1791,54,53,0.0185185
1792,54,53,0.0185185
1793,54,53,0.0185185
1794,54,53,0.0185185
1795,54,53,0.0185185
1796,54,53,0.0185185
1797,54,53,0.0185185
1798,54,53,0.0185185
1800,54,53,0.0185185
1801,54,53,0.0185185
1802,54,53,0.0185185
1803,54,53,0.0185185
1804,54,53,0.0185185
1805,54,53,0.0185185
1806,54,53,0.0185185
1807,54,53,0.0185185
1808,54,53,0.0185185
1809,54,53,0.0185185
1810,54,53,0.0185185
1811,54,53,0.0185185
1812,54,53,0.0185185
1813,54,53,0.0185185
1814,54,53,0.0185185
1816,54,53,0.0185185
1817,54,53,0.0185185
1818,54,53,0.0185185
1819,54,53,0.0185185
1820,54,53,0.0185185
1821,54,53,0.0185185
1822,54,53,0.0185185
1823,54,53,0.0185185
1824,54,53,0.0185185
1826,54,53,0.0185185
1827,54,53,0.0185185
1828,54,53,0.0185185
1829,54,53,0.0185185
1831,54,53,0.0185185
1832,54,53,0.0185185
1834,54,53,0.0185185
1835,54,53,0.0185185
1836,54,53,0.0185185
1838,54,53,0.0185185
1839,54,53,0.0185185
1840,54,53,0.0185185
1841,54,53,0.0185185
1842,54,53,0.0185185
1843,54,53,0.0185185
1845,54,53,0.0185185
1846,54,53,0.0185185
1847,54,53,0.0185185
1848,54,53,0.0185185
1849,54,53,0.0185185
1850,54,53,0.0185185
1851,54,53,0.0185185
1853,54,53,0.0185185
1854,54,53,0.0185185
1855,54,53,0.0185185
1856,54,53,0.0185185
1857,54,53,0.0185185
1859,54,53,0.0185185
1860,54,53,0.0185185
1861,54,53,0.0185185
1862,54,53,0.0185185
1863,54,53,0.0185185
1864,54,53,0.0185185
1866,54,53,0.0185185
1867,54,53,0.0185185
1868,54,53,0.0185185
1869,54,53,0.0185185
1870,54,53,0.0185185
1871,54,53,0.0185185
1873,54,53,0.0185185
1874,54,53,0.0185185
1875,54,53,0.0185185
1876,54,53,0.0185185
1877,54,53,0.0185185
1878,54,53,0.0185185
1879,54,53,0.0185185
1880,54,53,0.0185185
1881,54,53,0.0185185
1882,54,53,0.0185185
1883,54,53,0.0185185
1884,54,53,0.0185185
1885,54,53,0.0185185
1886,54,53,0.0185185
1887,54,53,0.0185185
1888,54,53,0.0185185
1889,54,53,0.0185185
1890,54,53,0.0185185
1891,54,53,0.0185185
1892,54,53,0.0185185
1893,54,53,0.0185185
1894,54,53,0.0185185
1895,54,53,0.0185185
1896,54,53,0.0185185
1897,54,53,0.0185185
1898,54,53,0.0185185
1899,54,53,0.0185185
1900,54,53,0.0185185
1901,54,53,0.0185185
1902,54,53,0.0185185
1904,54,53,0.0185185
1905,54,53,0.0185185
1906,54,53,0.0185185
1907,54,53,0.0185185
1908,54,53,0.0185185
1909,54,53,0.0185185
1910,54,53,0.0185185
1911,54,53,0.0185185
1912,54,53,0.0185185
1913,54,53,0.0185185
1915,54,53,0.0185185
1916,54,53,0.0185185
1917,54,53,0.0185185
1918,54,53,0.0185185
1919,54,53,0.0185185
1921,54,53,0.0185185
1922,54,53,0.0185185
1923,54,53,0.0185185
1924,54,53,0.0185185
1925,54,53,0.0185185
1927,54,53,0.0185185
1928,54,53,0.0185185
1929,54,53,0.0185185
1930,54,53,0.0185185
1931,54,53,0.0185185
1932,54,53,0.0185185
1934,54,53,0.0185185
1935,54,53,0.0185185
1936,54,53,0.0185185
1937,54,53,0.0185185
1938,54,53,0.0185185
1939,54,53,0.0185185
1940,54,53,0.0185185
1942,54,53,0.0185185
1943,54,53,0.0185185
1944,54,53,0.0185185
1945,54,53,0.0185185
1946,54,53,0.0185185
1947,54,53,0.0185185
1949,54,53,0.0185185
1950,54,53,0.0185185
1951,54,53,0.0185185
1952,54,53,0.0185185
1953,54,53,0.0185185
1954,54,53,0.0185185
1955,54,53,0.0185185
1956,54,53,0.0185185
1957,54,53,0.0185185
1958,54,53,0.0185185
1959,54,53,0.0185185
1960,54,53,0.0185185
1962,54,53,0.0185185
1963,54,53,0.0185185
1964,54,53,0.0185185
1965,54,53,0.0185185
1966,54,53,0.0185185
1968,54,53,0.0185185
1969,54,53,0.0185185
1970,54,53,0.0185185
1971,54,53,0.0185185
1972,54,53,0.0185185
1973,54,53,0.0185185
1974,54,53,0.0185185
1975,54,53,0.0185185
1976,54,53,0.0185185
1977,54,53,0.0185185
1978,54,53,0.0185185
1979,54,53,0.0185185
1981,54,53,0.0185185
1982,54,53,0.0185185
1983,54,53,0.0185185
1984,54,53,0.0185185
1985,54,53,0.0185185
1987,54,53,0.0185185
1988,54,53,0.0185185
1989,54,53,0.0185185
1990,54,53,0.0185185
1991,54,53,0.0185185
1992,54,53,0.0185185
1994,54,53,0.0185185
1995,54,53,0.0185185
1997,54,53,0.0185185
1998,54,53,0.0185185
2000,54,53,0.0185185
2002,54,53,0.0185185
2004,54,53,0.0185185
2005,54,53,0.0185185
2007,54,53,0.0185185
2008,54,53,0.0185185
2009,54,53,0.0185185
2010,54,53,0.0185185
2012,54,53,0.0185185
2013,54,53,0.0185185
2014,54,53,0.0185185
2016,54,53,0.0185185
2017,54,53,0.0185185
2018,54,53,0.0185185
2020,54,53,0.0185185
2022,54,53,0.0185185
2023,54,53,0.0185185
2025,54,53,0.0185185
2026,54,53,0.0185185
2027,54,53,0.0185185
2029,54,53,0.0185185
2030,54,53,0.0185185
2031,54,53,0.0185185
2032,54,53,0.0185185
2034,54,53,0.0185185
2035,54,53,0.0185185
2036,54,53,0.0185185
2037,54,53,0.0185185
2040,54,53,0.0185185
2041,54,53,0.0185185
2043,54,53,0.0185185
2044,54,53,0.0185185
2045,54,53,0.0185185
2046,54,53,0.0185185
2047,54,53,0.0185185
2048,54,53,0.0185185
2050,54,53,0.0185185
2051,54,53,0.0185185
2052,54,53,0.0185185
2053,54,53,0.0185185
2054,54,53,0.0185185
2057,54,53,0.0185185
2058,54,53,0.0185185
2059,54,53,0.0185185
2060,54,53,0.0185185
2061,54,53,0.0185185
2062,54,53,0.0185185
2063,54,53,0.0185185
2065,54,53,0.0185185
2066,54,53,0.0185185
2067,54,53,0.0185185
2068,54,53,0.0185185
2069,54,53,0.0185185
2071,54,53,0.0185185
2072,54,53,0.0185185
2073,54,53,0.0185185
2074,54,53,0.0185185
2075,54,53,0.0185185
2076,54,53,0.0185185
2078,54,53,0.0185185
2079,54,53,0.0185185
2080,54,53,0.0185185
2081,54,53,0.0185185
2083,54,53,0.0185185
2084,54,53,0.0185185
2085,54,53,0.0185185
2086,54,53,0.0185185
2087,54,53,0.0185185
2089,54,53,0.0185185
2090,54,53,0.0185185
2091,54,53,0.0185185
2092,54,53,0.0185185
2093,54,53,0.0185185
2094,54,53,0.0185185
2095,54,53,0.0185185
2096,54,53,0.0185185
2098,54,53,0.0185185
2099,54,53,0.0185185
2100,54,53,0.0185185
2102,54,53,0.0185185
2103,54,53,0.0185185
2104,54,53,0.0185185
2105,54,53,0.0185185
2106,54,53,0.0185185
2107,54,53,0.0185185
2109,54,53,0.0185185
2110,54,53,0.0185185
2111,54,53,0.0185185
2112,54,53,0.0185185
2113,54,53,0.0185185
2114,54,53,0.0185185
2116,54,53,0.0185185
2117,54,53,0.0185185
2118,54,53,0.0185185
2119,54,53,0.0185185
2120,54,53,0.0185185
2121,54,53,0.0185185
2122,54,53,0.0185185
2123,54,53,0.0185185
2124,54,53,0.0185185
2126,54,53,0.0185185
2127,54,53,0.0185185
2128,54,53,0.0185185
2129,54,53,0.0185185
2130,54,53,0.0185185
2132,54,53,0.0185185
2133,54,53,0.0185185
2134,54,53,0.0185185
2135,54,53,0.0185185
2137,54,53,0.0185185
2138,54,53,0.0185185
2139,54,53,0.0185185
2140,54,53,0.0185185
2141,54,53,0.0185185
2142,54,53,0.0185185
2143,54,53,0.0185185
2145,54,53,0.0185185
2146,54,53,0.0185185
2147,54,53,0.0185185
2148,54,53,0.0185185
2149,54,53,0.0185185
2150,54,53,0.0185185
2151,54,53,0.0185185
2152,54,53,0.0185185
2153,54,53,0.0185185
2154,54,53,0.0185185
2156,54,53,0.0185185
2157,54,53,0.0185185
2158,54,53,0.0185185
2159,54,53,0.0185185
2160,54,53,0.0185185
2161,54,53,0.0185185
2162,54,53,0.0185185
2163,54,53,0.0185185
2164,54,53,0.0185185
2165,54,53,0.0185185
2166,54,53,0.0185185
2167,54,53,0.0185185
2168,54,53,0.0185185
2169,54,53,0.0185185
2170,54,53,0.0185185
2171,54,53,0.0185185
2172,54,53,0.0185185
2174,54,53,0.0185185
2175,54,53,0.0185185
2176,54,53,0.0185185
2177,54,53,0.0185185
2178,54,53,0.0185185
2179,54,53,0.0185185
2180,54,53,0.0185185
2181,54,53,0.0185185
2182,54,53,0.0185185
2184,54,53,0.0185185
2185,54,53,0.0185185
2186,54,53,0.0185185
2187,54,53,0.0185185
2188,54,53,0.0185185
2189,54,53,0.0185185
2190,54,53,0.0185185
2191,54,53,0.0185185
2192,54,53,0.0185185
2193,54,53,0.0185185
2194,54,53,0.0185185
2195,54,53,0.0185185
2196,54,53,0.0185185
2197,54,53,0.0185185
2198,54,53,0.0185185
2199,54,53,0.0185185
2201,54,53,0.0185185
2202,54,53,0.0185185
2203,54,53,0.0185185
2204,54,53,0.0185185
2205,54,53,0.0185185
2206,54,53,0.0185185
2207,54,53,0.0185185
2208,54,53,0.0185185
2209,54,53,0.0185185
2210,54,53,0.0185185
2211,54,53,0.0185185
2212,54,53,0.0185185
2213,54,53,0.0185185
2214,54,53,0.0185185
2215,54,53,0.0185185
2216,54,53,0.0185185
2217,54,53,0.0185185
2218,54,53,0.0185185
2219,54,53,0.0185185
2221,54,53,0.0185185
2222,54,53,0.0185185
2223,54,53,0.0185185
2224,54,53,0.0185185
2225,54,53,0.0185185
2226,54,53,0.0185185
2227,54,53,0.0185185
2228,54,53,0.0185185
2229,54,53,0.0185185
2230,54,53,0.0185185
2231,54,53,0.0185185
2232,54,53,0.0185185
2233,54,53,0.0185185
2235,54,53,0.0185185
2236,54,53,0.0185185
2237,54,53,0.0185185
2237,54,53,0.0185185
2238,54,53,0.0185185
2239,54,53,0.0185185
2241,54,53,0.0185185
2241,54,53,0.0185185
2242,54,53,0.0185185
2243,54,53,0.0185185
2244,54,53,0.0185185
2245,54,53,0.0185185
2247,54,53,0.0185185
2248,54,53,0.0185185
2249,54,53,0.0185185
2250,54,53,0.0185185
2251,54,53,0.0185185
2252,54,53,0.0185185
2253,54,53,0.0185185
2254,54,53,0.0185185
2255,54,53,0.0185185
2256,54,53,0.0185185
2257,54,53,0.0185185
2258,54,53,0.0185185
2259,54,53,0.0185185
2260,54,53,0.0185185
2262,54,53,0.0185185
2263,54,53,0.0185185
2264,54,53,0.0185185
2265,54,53,0.0185185
2266,54,53,0.0185185
2267,54,53,0.0185185
2268,54,53,0.0185185
2269,54,53,0.0185185
2270,54,53,0.0185185
2271,54,53,0.0185185
2272,54,53,0.0185185
2274,54,53,0.0185185
2275,54,53,0.0185185
2276,54,53,0.0185185
2277,54,53,0.0185185
2278,54,53,0.0185185
2279,54,53,0.0185185
2280,54,53,0.0185185
2281,54,53,0.0185185
2282,54,53,0.0185185
2283,54,53,0.0185185
2284,54,53,0.0185185
2286,54,53,0.0185185
2287,54,53,0.0185185
2288,54,53,0.0185185
2290,54,53,0.0185185
2291,54,53,0.0185185
2292,54,53,0.0185185
2293,54,53,0.0185185
2295,54,53,0.0185185
2296,54,53,0.0185185
2297,54,53,0.0185185
2298,54,53,0.0185185
2299,54,53,0.0185185
2300,54,53,0.0185185
2302,54,53,0.0185185
2303,54,53,0.0185185
2305,54,53,0.0185185
2306,54,53,0.0185185
2307,54,53,0.0185185
2308,54,53,0.0185185
2310,54,53,0.0185185
2311,54,53,0.0185185
2312,54,53,0.0185185
2313,54,53,0.0185185
2314,54,53,0.0185185
2316,54,53,0.0185185
2317,54,53,0.0185185
2318,54,53,0.0185185
2319,54,53,0.0185185
2321,54,53,0.0185185
2322,54,53,0.0185185
2323,54,53,0.0185185
2324,54,53,0.0185185
2325,54,53,0.0185185
2326,54,53,0.0185185
2328,54,53,0.0185185
2329,54,53,0.0185185
2330,54,53,0.0185185
2331,54,53,0.0185185
2332,54,53,0.0185185
2334,54,53,0.0185185
2335,54,53,0.0185185
2336,54,53,0.0185185
2337,54,53,0.0185185
2338,54,53,0.0185185
2340,54,53,0.0185185
2341,54,53,0.0185185
2342,54,53,0.0185185
2343,54,53,0.0185185
2345,54,53,0.0185185
2346,54,53,0.0185185
2347,54,53,0.0185185
2348,54,53,0.0185185
2349,54,53,0.0185185
2350,54,53,0.0185185
2351,54,53,0.0185185
2353,54,53,0.0185185
2354,54,53,0.0185185
2355,54,53,0.0185185
2356,54,53,0.0185185
2357,54,53,0.0185185
2358,54,53,0.0185185
2359,54,53,0.0185185
2361,54,53,0.0185185
2362,54,53,0.0185185
2363,54,53,0.0185185
2364,54,53,0.0185185
2365,54,53,0.0185185
2366,54,53,0.0185185
2367,54,53,0.0185185
2369,54,53,0.0185185
2370,54,53,0.0185185
2371,54,53,0.0185185
2373,54,53,0.0185185
2374,54,53,0.0185185
2375,54,53,0.0185185
2376,54,53,0.0185185
2377,54,53,0.0185185
2379,54,53,0.0185185
2380,54,53,0.0185185
2381,54,53,0.0185185
2382,54,53,0.0185185
2384,54,53,0.0185185
2385,54,53,0.0185185
2386,54,53,0.0185185
2388,54,53,0.0185185
2389,54,53,0.0185185
2390,54,53,0.0185185
2392,54,53,0.0185185
2393,54,53,0.0185185
2394,54,53,0.0185185
2395,54,53,0.0185185
2396,54,53,0.0185185
2398,54,53,0.0185185
2399,54,53,0.0185185
2400,54,53,0.0185185
2401,54,53,0.0185185
2402,54,53,0.0185185
2403,54,53,0.0185185
2405,54,53,0.0185185
2406,54,53,0.0185185
2407,54,53,0.0185185
2408,54,53,0.0185185
2409,54,53,0.0185185
2410,54,53,0.0185185
2411,54,53,0.0185185
2413,54,53,0.0185185
2414,54,53,0.0185185
2415,54,53,0.0185185
2416,54,53,0.0185185
2417,54,53,0.0185185
2418,54,53,0.0185185
2420,54,53,0.0185185
2421,54,53,0.0185185
2422,54,53,0.0185185
2423,54,53,0.0185185
2424,54,53,0.0185185
2426,54,53,0.0185185
2427,54,53,0.0185185
2428,54,53,0.0185185
2429,54,53,0.0185185
2430,54,53,0.0185185
2431,54,53,0.0185185
2432,54,53,0.0185185
2433,54,53,0.0185185
2435,54,53,0.0185185
2436,54,53,0.0185185
2437,54,53,0.0185185
2438,54,53,0.0185185
2439,54,53,0.0185185
2440,54,53,0.0185185
2442,54,53,0.0185185
2443,54,53,0.0185185
2444,54,53,0.0185185
2445,54,53,0.0185185
2447,54,53,0.0185185
2448,54,53,0.0185185
2449,54,53,0.0185185
2450,54,53,0.0185185
2451,54,53,0.0185185
2452,54,53,0.0185185
2453,54,53,0.0185185
2455,54,53,0.0185185
2456,54,53,0.0185185
2457,54,53,0.0185185
2459,54,53,0.0185185
2460,54,53,0.0185185
2461,54,53,0.0185185
2463,54,53,0.0185185
2464,54,53,0.0185185
2466,54,53,0.0185185
2467,54,53,0.0185185
2468,54,53,0.0185185
2469,54,53,0.0185185
2470,54,53,0.0185185
2471,54,53,0.0185185
2472,54,53,0.0185185
2473,54,53,0.0185185
2475,54,53,0.0185185
2476,54,53,0.0185185
2477,54,53,0.0185185
2479,54,53,0.0185185
2480,54,53,0.0185185
2481,54,53,0.0185185
2482,54,53,0.0185185
2483,54,53,0.0185185
2484,54,53,0.0185185
2486,54,53,0.0185185
2487,54,53,0.0185185
2488,54,53,0.0185185
2489,54,53,0.0185185
2490,54,53,0.0185185
2492,54,53,0.0185185
2493,54,53,0.0185185
2494,54,53,0.0185185
2496,54,53,0.0185185
2498,54,53,0.0185185
2499,54,53,0.0185185
2501,54,53,0.0185185
2502,54,53,0.0185185
2504,54,53,0.0185185
2505,54,53,0.0185185
2506,54,53,0.0185185
2507,54,53,0.0185185
2508,54,53,0.0185185
2510,54,53,0.0185185
2511,54,53,0.0185185
2512,54,53,0.0185185
2513,54,53,0.0185185
2514,54,53,0.0185185
2515,54,53,0.0185185
2517,54,53,0.0185185
2518,54,53,0.0185185
2519,54,53,0.0185185
2520,54,53,0.0185185
2521,54,53,0.0185185
2522,54,53,0.0185185
2523,54,53,0.0185185
2524,54,53,0.0185185
2525,54,53,0.0185185
2527,54,53,0.0185185
2528,54,53,0.0185185
2529,54,53,0.0185185
2530,54,53,0.0185185
2531,54,53,0.0185185
2532,54,53,0.0185185
2533,54,53,0.0185185
2534,54,53,0.0185185
2535,54,53,0.0185185
2537,54,53,0.0185185
2538,54,53,0.0185185
2539,54,53,0.0185185
2540,54,53,0.0185185
2541,54,53,0.0185185
2542,54,53,0.0185185
2544,54,53,0.0185185
2545,54,53,0.0185185
2546,54,53,0.0185185
2547,54,53,0.0185185
2548,54,53,0.0185185
2549,54,53,0.0185185
2550,54,53,0.0185185
2551,54,53,0.0185185
2553,54,53,0.0185185
2554,54,53,0.0185185
2555,54,53,0.0185185
2556,54,53,0.0185185
2557,54,53,0.0185185
2558,54,53,0.0185185
2559,54,53,0.0185185
2560,54,53,0.0185185
2562,54,53,0.0185185
2563,54,53,0.0185185
2564,54,53,0.0185185
2565,54,53,0.0185185
2566,54,53,0.0185185
2568,54,53,0.0185185
2569,54,53,0.0185185
2570,54,53,0.0185185
2571,54,53,0.0185185
2573,54,53,0.0185185
2574,54,53,0.0185185
2575,54,53,0.0185185
2576,54,53,0.0185185
2577,54,53,0.0185185
2579,54,53,0.0185185
2580,54,53,0.0185185
2581,54,53,0.0185185
2582,54,53,0.0185185
2584,54,53,0.0185185
2585,54,53,0.0185185
2586,54,53,0.0185185
2587,54,53,0.0185185
2588,54,53,0.0185185
2590,54,53,0.0185185
2591,54,53,0.0185185
2592,54,53,0.0185185
2593,54,53,0.0185185
2595,54,53,0.0185185
2596,54,53,0.0185185
2597,54,53,0.0185185
2598,54,53,0.0185185
2599,54,53,0.0185185
2601,54,53,0.0185185
2602,54,53,0.0185185
2603,54,53,0.0185185
2604,54,53,0.0185185
2605,54,53,0.0185185
2606,54,53,0.0185185
2607,54,53,0.0185185
2608,54,53,0.0185185
2610,54,53,0.0185185
2611,54,53,0.0185185
2612,54,53,0.0185185
2613,54,53,0.0185185
2615,54,53,0.0185185
2616,54,53,0.0185185
2617,54,53,0.0185185
2618,54,53,0.0185185
2619,54,53,0.0185185
2621,54,53,0.0185185
2622,54,53,0.0185185
2623,54,53,0.0185185
2625,54,53,0.0185185
2626,54,53,0.0185185
2627,54,53,0.0185185
2628,54,53,0.0185185
2629,54,53,0.0185185
2630,54,53,0.0185185
2632,54,53,0.0185185
2633,54,53,0.0185185
2634,54,53,0.0185185
2635,54,53,0.0185185
2636,54,53,0.0185185
2637,54,53,0.0185185
2639,54,53,0.0185185
2640,54,53,0.0185185
2642,54,53,0.0185185
2643,54,53,0.0185185
2644,54,53,0.0185185
2645,54,53,0.0185185
2646,54,53,0.0185185
2648,54,53,0.0185185
2649,54,53,0.0185185
2650,54,53,0.0185185
2651,54,53,0.0185185
2652,54,53,0.0185185
2654,54,53,0.0185185
2655,54,53,0.0185185
2656,54,53,0.0185185
2657,54,53,0.0185185
2659,54,53,0.0185185
2660,54,53,0.0185185
2661,54,53,0.0185185
2662,54,53,0.0185185
2664,54,53,0.0185185
2665,54,53,0.0185185
2666,54,53,0.0185185
2667,54,53,0.0185185
2668,54,53,0.0185185
2670,54,53,0.0185185
2672,54,53,0.0185185
2673,54,53,0.0185185
2674,54,53,0.0185185
2675,54,53,0.0185185
2677,54,53,0.0185185
2678,54,53,0.0185185
2679,54,53,0.0185185
2680,54,53,0.0185185
2682,54,53,0.0185185
2683,54,53,0.0185185
2685,54,53,0.0185185
2686,54,53,0.0185185
2688,54,53,0.0185185
2689,54,53,0.0185185
2691,54,53,0.0185185
2692,54,53,0.0185185
2693,54,53,0.0185185
2694,54,53,0.0185185
2695,54,53,0.0185185
2697,54,53,0.0185185
2698,54,53,0.0185185
2699,54,53,0.0185185
2701,54,53,0.0185185
2702,54,53,0.0185185
2704,54,53,0.0185185
2705,54,53,0.0185185
2707,54,53,0.0185185
2708,54,53,0.0185185
2709,54,53,0.0185185
2711,54,53,0.0185185
2712,54,53,0.0185185
2714,54,53,0.0185185
2716,54,53,0.0185185
2717,54,53,0.0185185
2719,54,53,0.0185185
2721,54,53,0.0185185
2723,54,53,0.0185185
2724,54,53,0.0185185
2725,54,53,0.0185185
2727,54,53,0.0185185
2728,54,53,0.0185185
2730,54,53,0.0185185
2731,54,53,0.0185185
2733,54,53,0.0185185
2734,54,53,0.0185185
2736,54,53,0.0185185
2737,54,53,0.0185185
2738,54,53,0.0185185
2740,54,53,0.0185185
2742,54,53,0.0185185
2743,54,53,0.0185185
2744,54,53,0.0185185
2746,54,53,0.0185185
2747,54,53,0.0185185
2749,54,53,0.0185185
2750,54,53,0.0185185
2752,54,53,0.0185185
2753,54,53,0.0185185
2755,54,53,0.0185185
2756,54,53,0.0185185
2758,54,53,0.0185185
2759,54,53,0.0185185
2761,54,53,0.0185185
2762,54,53,0.0185185
2764,54,53,0.0185185
2765,54,53,0.0185185
2766,54,53,0.0185185
2769,54,53,0.0185185
2770,54,53,0.0185185
2772,54,53,0.0185185
2773,54,53,0.0185185
2774,54,53,0.0185185
2776,54,53,0.0185185
2777,54,53,0.0185185
2779,54,53,0.0185185
2780,54,53,0.0185185
2781,54,53,0.0185185
2783,54,53,0.0185185
2784,54,53,0.0185185
2785,54,53,0.0185185
2786,54,53,0.0185185
2788,54,53,0.0185185
2789,54,53,0.0185185
2790,54,53,0.0185185
2792,54,53,0.0185185
2793,54,53,0.0185185
2794,54,53,0.0185185
2796,54,53,0.0185185
2797,54,53,0.0185185
2799,54,53,0.0185185
2800,54,53,0.0185185
2802,54,53,0.0185185
2804,54,53,0.0185185
2805,54,53,0.0185185
2806,54,53,0.0185185
2808,54,53,0.0185185
2809,54,53,0.0185185
2811,54,53,0.0185185
2813,54,53,0.0185185
2814,54,53,0.0185185
2815,54,53,0.0185185
2817,54,53,0.0185185
2818,54,53,0.0185185
2820,54,53,0.0185185
2821,54,53,0.0185185
2822,54,53,0.0185185
2823,54,53,0.0185185
2825,54,53,0.0185185
2826,54,53,0.0185185
2828,54,53,0.0185185
2829,54,53,0.0185185
2830,54,53,0.0185185
2832,54,53,0.0185185
2834,54,53,0.0185185
2836,54,53,0.0185185
2837,54,53,0.0185185
2839,54,53,0.0185185
2840,54,53,0.0185185
2842,54,53,0.0185185
2843,54,53,0.0185185
2845,54,53,0.0185185
2846,54,53,0.0185185
2848,54,53,0.0185185
2849,54,53,0.0185185
2850,54,53,0.0185185
2853,54,53,0.0185185
2854,54,53,0.0185185
2855,54,53,0.0185185
2856,54,53,0.0185185
2858,54,53,0.0185185
2859,54,53,0.0185185
2861,54,53,0.0185185
2862,54,53,0.0185185
2863,54,53,0.0185185
2864,54,53,0.0185185
2865,54,53,0.0185185
2866,54,53,0.0185185
2867,54,53,0.0185185
2869,54,53,0.0185185
2870,54,53,0.0185185
2871,54,53,0.0185185
2872,54,53,0.0185185
2874,54,53,0.0185185
2875,54,53,0.0185185
2876,54,53,0.0185185
2878,54,53,0.0185185
2879,54,53,0.0185185
2881,54,53,0.0185185
2882,54,53,0.0185185
2883,54,53,0.0185185
2884,54,53,0.0185185
2885,54,53,0.0185185
2887,54,53,0.0185185
2888,54,53,0.0185185
2889,54,53,0.0185185
2890,54,53,0.0185185
2892,54,53,0.0185185
2893,54,53,0.0185185
2894,54,53,0.0185185
2895,54,53,0.0185185
2896,54,53,0.0185185
2897,54,53,0.0185185
2899,54,53,0.0185185
2900,54,53,0.0185185
2901,54,53,0.0185185
2902,54,53,0.0185185
2904,54,53,0.0185185
2905,54,53,0.0185185
2906,54,53,0.0185185
2907,54,53,0.0185185
2909,54,53,0.0185185
2910,54,53,0.0185185
2911,54,53,0.0185185
2913,54,53,0.0185185
2914,54,53,0.0185185
2915,54,53,0.0185185
2916,54,53,0.0185185
2917,54,53,0.0185185
2919,54,53,0.0185185
2920,54,53,0.0185185
2921,54,53,0.0185185
2923,54,53,0.0185185
2924,54,53,0.0185185
2925,54,53,0.0185185
2927,54,53,0.0185185
2928,54,53,0.0185185
2929,54,53,0.0185185
2930,54,53,0.0185185
2931,54,53,0.0185185
2933,54,53,0.0185185
2934,54,53,0.0185185
2935,54,53,0.0185185
2937,54,53,0.0185185
2938,54,53,0.0185185
2940,54,53,0.0185185
2941,54,53,0.0185185
2942,54,53,0.0185185
2944,54,53,0.0185185
2945,54,53,0.0185185
2946,54,53,0.0185185
2947,54,53,0.0185185
2949,54,53,0.0185185
2950,54,53,0.0185185
2951,54,53,0.0185185
2953,54,53,0.0185185
2954,54,53,0.0185185
2955,54,53,0.0185185
2957,54,53,0.0185185
2958,54,53,0.0185185
2960,54,53,0.0185185
2961,54,53,0.0185185
2963,54,53,0.0185185
2964,54,53,0.0185185
2965,54,53,0.0185185
2966,54,53,0.0185185
2968,54,53,0.0185185
2970,54,53,0.0185185
2972,54,53,0.0185185
2973,54,53,0.0185185
2975,54,53,0.0185185
2976,54,53,0.0185185
2977,54,53,0.0185185
2979,54,53,0.0185185
2980,54,53,0.0185185
2981,54,53,0.0185185
2983,54,53,0.0185185
2984,54,53,0.0185185
2986,54,53,0.0185185
2987,54,53,0.0185185
2989,54,53,0.0185185
2991,54,53,0.0185185
2992,54,53,0.0185185
2993,54,53,0.0185185
2994,54,53,0.0185185
2996,54,53,0.0185185
2997,54,53,0.0185185
2998,54,53,0.0185185
3000,54,53,0.0185185
3001,54,53,0.0185185
3002,54,53,0.0185185
3004,54,53,0.0185185
3005,54,53,0.0185185
3007,54,53,0.0185185
3008,54,53,0.0185185
3009,54,53,0.0185185
3011,54,53,0.0185185
3012,54,53,0.0185185
3013,54,53,0.0185185
3015,54,53,0.0185185
3016,54,53,0.0185185
3017,54,53,0.0185185
3019,54,53,0.0185185
3020,54,53,0.0185185
3021,54,53,0.0185185
3023,54,53,0.0185185
3024,54,53,0.0185185
3026,54,53,0.0185185
3027,54,53,0.0185185
3029,54,53,0.0185185
3030,54,53,0.0185185
3031,54,53,0.0185185
3032,54,53,0.0185185
3034,54,53,0.0185185
3035,54,53,0.0185185
3036,54,53,0.0185185
3037,54,53,0.0185185
3039,54,53,0.0185185
3040,54,53,0.0185185
3041,54,53,0.0185185
3042,54,53,0.0185185
3043,54,53,0.0185185
3044,54,53,0.0185185
3046,54,53,0.0185185
3047,54,53,0.0185185
3048,54,53,0.0185185
3049,54,53,0.0185185
3050,54,53,0.0185185
3051,54,53,0.0185185
3053,54,53,0.0185185
3055,54,53,0.0185185
3056,54,53,0.0185185
3057,54,53,0.0185185
3059,54,53,0.0185185
3060,54,53,0.0185185
3061,54,53,0.0185185
3062,54,53,0.0185185
3064,54,53,0.0185185
3065,54,53,0.0185185
3067,54,53,0.0185185
3068,54,53,0.0185185
3069,54,53,0.0185185
3071,54,53,0.0185185
3072,54,53,0.0185185
3073,54,53,0.0185185
3074,54,53,0.0185185
3075,54,53,0.0185185
3077,54,53,0.0185185
3078,54,53,0.0185185
3079,54,53,0.0185185
3080,54,53,0.0185185
3082,54,53,0.0185185
3083,54,53,0.0185185
3085,54,53,0.0185185
3087,54,53,0.0185185
3088,54,53,0.0185185
3089,54,53,0.0185185
3090,54,53,0.0185185
3092,54,53,0.0185185
3093,54,53,0.0185185
3095,54,53,0.0185185
3096,54,53,0.0185185
3098,54,53,0.0185185
3099,54,53,0.0185185
3100,54,53,0.0185185
3101,54,53,0.0185185
3103,54,53,0.0185185
3104,54,53,0.0185185
3105,54,53,0.0185185
3106,54,53,0.0185185
3107,54,53,0.0185185
3109,54,53,0.0185185
3110,54,53,0.0185185
3111,54,53,0.0185185
3112,54,53,0.0185185
3114,54,53,0.0185185
3115,54,53,0.0185185
3116,54,53,0.0185185
3118,54,53,0.0185185
3119,54,53,0.0185185
3120,54,53,0.0185185
3122,54,53,0.0185185
3123,54,53,0.0185185
3124,54,53,0.0185185
3125,54,53,0.0185185
3127,54,53,0.0185185
3128,54,53,0.0185185
3129,54,53,0.0185185
3130,54,53,0.0185185
3131,54,53,0.0185185
3132,54,53,0.0185185
3134,54,53,0.0185185
3135,54,53,0.0185185
3136,54,53,0.0185185
3137,54,53,0.0185185
3138,54,53,0.0185185
3139,54,53,0.0185185
3140,54,53,0.0185185
3141,54,53,0.0185185
3142,54,53,0.0185185
3144,54,53,0.0185185
3145,54,53,0.0185185
3146,54,53,0.0185185
3147,54,53,0.0185185
3148,54,53,0.0185185
3149,54,53,0.0185185
3151,54,53,0.0185185
3152,54,53,0.0185185
3153,54,53,0.0185185
3154,54,53,0.0185185
3155,54,53,0.0185185
3157,54,53,0.0185185
3158,54,53,0.0185185
3159,54,53,0.0185185
3160,54,53,0.0185185
3162,54,53,0.0185185
3163,54,53,0.0185185
3164,54,53,0.0185185
3165,54,53,0.0185185
3166,54,53,0.0185185
3167,54,53,0.0185185
3169,54,53,0.0185185
3170,54,53,0.0185185
3172,54,53,0.0185185
3173,54,53,0.0185185
3174,54,53,0.0185185
3175,54,53,0.0185185
3177,54,53,0.0185185
3178,54,53,0.0185185
3180,54,53,0.0185185
3181,54,53,0.0185185
3182,54,53,0.0185185
3184,54,53,0.0185185
3185,54,53,0.0185185
3186,54,53,0.0185185
3187,54,53,0.0185185
3189,54,53,0.0185185
3190,54,53,0.0185185
3191,54,53,0.0185185
3192,54,53,0.0185185
3193,54,53,0.0185185
3195,54,53,0.0185185
3196,54,53,0.0185185
3197,54,53,0.0185185
3198,54,53,0.0185185
3199,54,53,0.0185185
3200,54,53,0.0185185
3202,54,53,0.0185185
3203,54,53,0.0185185
3204,54,53,0.0185185
3205,54,53,0.0185185
3206,54,53,0.0185185
3207,54,53,0.0185185
3208,54,53,0.0185185
3209,54,53,0.0185185
3211,54,53,0.0185185
3213,54,53,0.0185185
3214,54,53,0.0185185
3216,54,53,0.0185185
3217,54,53,0.0185185
3218,54,53,0.0185185
3219,54,53,0.0185185
3220,54,53,0.0185185
3221,54,53,0.0185185
3222,54,53,0.0185185
3224,54,53,0.0185185
3225,54,53,0.0185185
3226,54,53,0.0185185
3227,54,53,0.0185185
3228,54,53,0.0185185
3230,54,53,0.0185185
3231,54,53,0.0185185
3232,54,53,0.0185185
3233,54,53,0.0185185
3234,54,53,0.0185185
3235,54,53,0.0185185
3237,54,53,0.0185185
3238,54,53,0.0185185
3239,54,53,0.0185185
3240,54,53,0.0185185
3241,54,53,0.0185185
3242,54,53,0.0185185
3244,54,53,0.0185185
3245,54,53,0.0185185
3247,54,53,0.0185185
3248,54,53,0.0185185
3249,54,53,0.0185185
3250,54,53,0.0185185
3251,54,53,0.0185185
3253,54,53,0.0185185
3254,54,53,0.0185185
3255,54,53,0.0185185
3256,54,53,0.0185185
3257,54,53,0.0185185
3258,54,53,0.0185185
3260,54,53,0.0185185
3261,54,53,0.0185185
3262,54,53,0.0185185
3263,54,53,0.0185185
3264,54,53,0.0185185
3265,54,53,0.0185185
3266,54,53,0.0185185
3268,54,53,0.0185185
3269,54,53,0.0185185
3270,54,53,0.0185185
3271,54,53,0.0185185
3272,54,53,0.0185185
3273,54,53,0.0185185
3275,54,53,0.0185185
3277,54,53,0.0185185
3278,54,53,0.0185185
3279,54,53,0.0185185
3281,54,53,0.0185185
3282,54,53,0.0185185
3283,54,53,0.0185185
3284,54,53,0.0185185
3285,54,53,0.0185185
3286,54,53,0.0185185
3288,54,53,0.0185185
3289,54,53,0.0185185
3290,54,53,0.0185185
3291,54,53,0.0185185
3292,54,53,0.0185185
3293,54,53,0.0185185
3295,54,53,0.0185185
3296,54,53,0.0185185
3297,54,53,0.0185185
3299,54,53,0.0185185
3300,54,53,0.0185185
3301,54,53,0.0185185
3303,54,53,0.0185185
3304,54,53,0.0185185
3305,54,53,0.0185185
3306,54,53,0.0185185
3307,54,53,0.0185185
3309,54,53,0.0185185
3310,54,53,0.0185185
3311,54,53,0.0185185
3312,54,53,0.0185185
3313,54,53,0.0185185
3315,54,53,0.0185185
3316,54,53,0.0185185
3317,54,53,0.0185185
3319,54,53,0.0185185
3320,54,53,0.0185185
3322,54,53,0.0185185
3323,54,53,0.0185185
3324,54,53,0.0185185
3326,54,53,0.0185185
3327,54,53,0.0185185
3328,54,53,0.0185185
3329,54,53,0.0185185
3331,54,53,0.0185185
3332,54,53,0.0185185
3333,54,53,0.0185185
3334,54,53,0.0185185
3335,54,53,0.0185185
3337,54,53,0.0185185
3338,54,53,0.0185185
3339,54,53,0.0185185
3340,54,53,0.0185185
3342,54,53,0.0185185
3343,54,53,0.0185185
3344,54,53,0.0185185
3345,54,53,0.0185185
3346,54,53,0.0185185
3348,54,53,0.0185185
3349,54,53,0.0185185
3350,54,53,0.0185185
3352,54,53,0.0185185
3353,54,53,0.0185185
3354,54,53,0.0185185
3356,54,53,0.0185185
3357,54,53,0.0185185
3358,54,53,0.0185185
3360,54,53,0.0185185
3361,54,53,0.0185185
3362,54,53,0.0185185
3363,54,53,0.0185185
3364,54,53,0.0185185
3365,54,53,0.0185185
3367,54,53,0.0185185
3368,54,53,0.0185185
3369,54,53,0.0185185
3371,54,53,0.0185185
3372,54,53,0.0185185
3373,54,53,0.0185185
3374,54,53,0.0185185
3376,54,53,0.0185185
3377,54,53,0.0185185
3379,54,53,0.0185185
3380,54,53,0.0185185
3381,54,53,0.0185185
3382,54,53,0.0185185
3384,54,53,0.0185185
3385,54,53,0.0185185
3386,54,53,0.0185185
3387,54,53,0.0185185
3389,54,53,0.0185185
3390,54,53,0.0185185
3392,54,53,0.0185185
3393,54,53,0.0185185
3394,54,53,0.0185185
3396,54,53,0.0185185
3397,54,53,0.0185185
3399,54,53,0.0185185
3400,54,53,0.0185185
3402,54,53,0.0185185
3403,54,53,0.0185185
3405,54,53,0.0185185
3406,54,53,0.0185185
3408,54,53,0.0185185
3409,54,53,0.0185185
3411,54,53,0.0185185
3412,54,53,0.0185185
3413,54,53,0.0185185
3415,54,53,0.0185185
3416,54,53,0.0185185
3418,54,53,0.0185185
3419,54,53,0.0185185
3420,54,53,0.0185185
3422,54,53,0.0185185
3424,54,53,0.0185185
3425,54,53,0.0185185
3427,54,53,0.0185185
3428,54,53,0.0185185
3430,54,53,0.0185185
3431,54,53,0.0185185
3433,54,53,0.0185185
3434,54,53,0.0185185
3436,54,53,0.0185185
3438,54,53,0.0185185
3439,54,53,0.0185185
3440,54,53,0.0185185
3442,54,53,0.0185185
3443,54,53,0.0185185
3445,54,53,0.0185185
3446,54,53,0.0185185
3447,54,53,0.0185185
3449,54,53,0.0185185
3450,54,53,0.0185185
3452,54,53,0.0185185
3453,54,53,0.0185185
3455,54,53,0.0185185
3456,54,53,0.0185185
3457,54,53,0.0185185
3459,54,53,0.0185185
3460,54,53,0.0185185
3462,54,53,0.0185185
3463,54,53,0.0185185
3465,54,53,0.0185185
3467,54,53,0.0185185
3469,54,53,0.0185185
3471,54,53,0.0185185
3472,54,53,0.0185185
3473,54,53,0.0185185
3475,54,53,0.0185185
3477,54,53,0.0185185
3478,54,53,0.0185185
3480,54,53,0.0185185
3482,54,53,0.0185185
3483,54,53,0.0185185
3486,54,53,0.0185185
3488,54,53,0.0185185
3489,54,53,0.0185185
3491,54,53,0.0185185
3493,54,53,0.0185185
3494,54,53,0.0185185
3495,54,53,0.0185185
3497,54,53,0.0185185
3499,54,53,0.0185185
3500,54,53,0.0185185
3502,54,53,0.0185185
3504,54,53,0.0185185
3505,54,53,0.0185185
3506,54,53,0.0185185
3508,54,53,0.0185185
3509,54,53,0.0185185
3511,54,53,0.0185185
3512,54,53,0.0185185
3514,54,53,0.0185185
3515,54,53,0.0185185
3516,54,53,0.0185185
3518,54,53,0.0185185
3519,54,53,0.0185185
3521,54,53,0.0185185
3522,54,53,0.0185185
3524,54,53,0.0185185
3525,54,53,0.0185185
3526,54,53,0.0185185
3529,54,53,0.0185185
3530,54,53,0.0185185
3531,54,53,0.0185185
3533,54,53,0.0185185
3534,54,53,0.0185185
3536,54,53,0.0185185
3537,54,53,0.0185185
3539,54,53,0.0185185
3540,54,53,0.0185185
3542,54,53,0.0185185
3544,54,53,0.0185185
3545,54,53,0.0185185
3547,54,53,0.0185185
3548,54,53,0.0185185
3550,54,53,0.0185185
3551,54,53,0.0185185
3553,54,53,0.0185185
3554,54,53,0.0185185
3555,54,53,0.0185185
3557,54,53,0.0185185
3558,54,53,0.0185185
3560,54,53,0.0185185
3561,54,53,0.0185185
3563,54,53,0.0185185
3564,54,53,0.0185185
3566,54,53,0.0185185
3567,54,53,0.0185185
3569,54,53,0.0185185
3571,54,53,0.0185185
3572,54,53,0.0185185
3573,54,53,0.0185185
3575,54,53,0.0185185
3576,54,53,0.0185185
3578,54,53,0.0185185
3580,54,53,0.0185185
3581,54,53,0.0185185
3583,54,53,0.0185185
3584,54,53,0.0185185
3586,54,53,0.0185185
3587,54,53,0.0185185
3589,54,53,0.0185185
3590,54,53,0.0185185
3591,54,53,0.0185185
3592,54,53,0.0185185
3594,54,53,0.0185185
3595,54,53,0.0185185
3596,54,53,0.0185185
3598,54,53,0.0185185
3599,54,53,0.0185185
3600,54,53,0.0185185
3602,54,53,0.0185185
3603,54,53,0.0185185
3605,54,53,0.0185185
3606,54,53,0.0185185
3607,54,53,0.0185185
3609,54,53,0.0185185
3610,54,53,0.0185185
3611,54,53,0.0185185
3612,54,53,0.0185185
3614,54,53,0.0185185
3615,54,53,0.0185185
3617,54,53,0.0185185
3618,54,53,0.0185185
3619,54,53,0.0185185
3621,54,53,0.0185185
3622,54,53,0.0185185
3623,54,53,0.0185185
3625,54,53,0.0185185
3626,54,53,0.0185185
3628,54,53,0.0185185
3629,54,53,0.0185185
3631,54,53,0.0185185
3633,54,53,0.0185185
3634,54,53,0.0185185
3636,54,53,0.0185185
3638,54,53,0.0185185
3639,54,53,0.0185185
3640,54,53,0.0185185
3642,54,53,0.0185185
3643,54,53,0.0185185
3644,54,53,0.0185185
3646,54,53,0.0185185
3647,54,53,0.0185185
3649,54,53,0.0185185
3650,54,53,0.0185185
3651,54,53,0.0185185
3653,54,53,0.0185185
3654,54,53,0.0185185
3655,54,53,0.0185185
3656,54,53,0.0185185
3658,54,53,0.0185185
3659,54,53,0.0185185
3661,54,53,0.0185185
3663,54,53,0.0185185
3664,54,53,0.0185185
3666,54,53,0.0185185
3667,54,53,0.0185185
3668,54,53,0.0185185
3670,54,53,0.0185185
3671,54,53,0.0185185
3672,54,53,0.0185185
3674,54,53,0.0185185
3675,54,53,0.0185185
3677,54,53,0.0185185
3678,54,53,0.0185185
3679,54,53,0.0185185
3681,54,53,0.0185185
3682,54,53,0.0185185
3684,54,53,0.0185185
3686,54,53,0.0185185
3687,54,53,0.0185185
3688,54,53,0.0185185
3689,54,53,0.0185185
3691,54,53,0.0185185
3692,54,53,0.0185185
3693,54,53,0.0185185
3694,54,53,0.0185185
3696,54,53,0.0185185
3697,54,53,0.0185185
3699,54,53,0.0185185
3700,54,53,0.0185185
3701,54,53,0.0185185
3703,54,53,0.0185185
3704,54,53,0.0185185
3706,54,53,0.0185185
3707,54,53,0.0185185
3709,54,53,0.0185185
3710,54,53,0.0185185
3712,54,53,0.0185185
3713,54,53,0.0185185
3714,54,53,0.0185185
3716,54,53,0.0185185
3719,54,53,0.0185185
3720,54,53,0.0185185
3722,54,53,0.0185185
3724,54,53,0.0185185
3725,54,53,0.0185185
3727,54,53,0.0185185
3729,54,53,0.0185185
3730,54,53,0.0185185
3732,54,53,0.0185185
3733,54,53,0.0185185
3735,54,53,0.0185185
3736,54,53,0.0185185
3738,54,53,0.0185185
3739,54,53,0.0185185
3740,54,53,0.0185185
3741,54,53,0.0185185
3743,54,53,0.0185185
3744,54,53,0.0185185
3745,54,53,0.0185185
3746,54,53,0.0185185
3748,54,53,0.0185185
3749,54,53,0.0185185
3750,54,53,0.0185185
3753,54,53,0.0185185
3754,54,53,0.0185185
3756,54,53,0.0185185
3757,54,53,0.0185185
3758,54,53,0.0185185
3760,54,53,0.0185185
3761,54,53,0.0185185
3762,54,53,0.0185185
3763,54,53,0.0185185
3765,54,53,0.0185185
3766,54,53,0.0185185
3768,54,53,0.0185185
3769,54,53,0.0185185
3771,54,53,0.0185185
3772,54,53,0.0185185
3774,54,53,0.0185185
3775,54,53,0.0185185
3777,54,53,0.0185185
3778,54,53,0.0185185
3780,54,53,0.0185185
3781,54,53,0.0185185
3783,54,53,0.0185185
3785,54,53,0.0185185
3786,54,53,0.0185185
3787,54,53,0.0185185
3789,54,53,0.0185185
3790,54,53,0.0185185
3791,54,53,0.0185185
3793,54,53,0.0185185
3794,54,53,0.0185185
3796,54,53,0.0185185
3797,54,53,0.0185185
3799,54,53,0.0185185
3800,54,53,0.0185185
3802,54,53,0.0185185
3804,54,53,0.0185185
3805,54,53,0.0185185
3806,54,53,0.0185185
3808,54,53,0.0185185
3809,54,53,0.0185185
3811,54,53,0.0185185
3812,54,53,0.0185185
3813,54,53,0.0185185
3815,54,53,0.0185185
3816,54,53,0.0185185
3818,54,53,0.0185185
3820,54,53,0.0185185
3821,54,53,0.0185185
3823,54,53,0.0185185
3824,54,53,0.0185185
3825,54,53,0.0185185
3827,54,53,0.0185185
3828,54,53,0.0185185
3829,54,53,0.0185185
3830,54,53,0.0185185
3832,54,53,0.0185185
3833,54,53,0.0185185
3835,54,53,0.0185185
3836,54,53,0.0185185
3837,54,53,0.0185185
3839,54,53,0.0185185
3840,54,53,0.0185185
3842,54,53,0.0185185
3843,54,53,0.0185185
3845,54,53,0.0185185
3846,54,53,0.0185185
3847,54,53,0.0185185
3849,54,53,0.0185185
3850,54,53,0.0185185
3852,54,53,0.0185185
3853,54,53,0.0185185
3855,54,53,0.0185185
3856,54,53,0.0185185
3857,54,53,0.0185185
3859,54,53,0.0185185
3860,54,53,0.0185185
3862,54,53,0.0185185
3863,54,53,0.0185185
3865,54,53,0.0185185
3866,54,53,0.0185185
3868,54,53,0.0185185
3870,54,53,0.0185185
3871,54,53,0.0185185
3873,54,53,0.0185185
3874,54,53,0.0185185
3876,54,53,0.0185185
3877,54,53,0.0185185
3878,54,53,0.0185185
3880,54,53,0.0185185
3881,54,53,0.0185185
3883,54,53,0.0185185
3884,54,53,0.0185185
3886,54,53,0.0185185
3887,54,53,0.0185185
3889,54,53,0.0185185
3890,54,53,0.0185185
3892,54,53,0.0185185
3893,54,53,0.0185185
3895,54,53,0.0185185
3896,54,53,0.0185185
3898,54,53,0.0185185
3899,54,53,0.0185185
3901,54,53,0.0185185
3903,54,53,0.0185185
3904,54,53,0.0185185
3906,54,53,0.0185185
3907,54,53,0.0185185
3909,54,53,0.0185185
3910,54,53,0.0185185
3911,54,53,0.0185185
3913,54,53,0.0185185
3914,54,53,0.0185185
3916,54,53,0.0185185
3917,54,53,0.0185185
3919,54,53,0.0185185
3920,54,53,0.0185185
3922,54,53,0.0185185
3923,54,53,0.0185185
3925,54,53,0.0185185
3926,54,53,0.0185185
3927,54,53,0.0185185
3929,54,53,0.0185185
3930,54,53,0.0185185
3931,54,53,0.0185185
3933,54,53,0.0185185
3934,54,53,0.0185185
3936,54,53,0.0185185
3937,54,53,0.0185185
3938,54,53,0.0185185
3940,54,53,0.0185185
3941,54,53,0.0185185
3943,54,53,0.0185185
3944,54,53,0.0185185
3946,54,53,0.0185185
3947,54,53,0.0185185
3948,54,53,0.0185185
3950,54,53,0.0185185
3951,54,53,0.0185185
3953,54,53,0.0185185
3954,54,53,0.0185185
3956,54,53,0.0185185
3957,54,53,0.0185185
3958,54,53,0.0185185
3959,54,53,0.0185185
3961,54,53,0.0185185
3962,54,53,0.0185185
3963,54,53,0.0185185
3965,54,53,0.0185185
3966,54,53,0.0185185
3968,54,53,0.0185185
3970,54,53,0.0185185
3971,54,53,0.0185185
3973,54,53,0.0185185
3974,54,53,0.0185185
3976,54,53,0.0185185
3977,54,53,0.0185185
3978,54,53,0.0185185
3980,54,53,0.0185185
3981,54,53,0.0185185
3983,54,53,0.0185185
3984,54,53,0.0185185
3986,54,53,0.0185185
3987,54,53,0.0185185
3988,54,53,0.0185185
3990,54,53,0.0185185
3991,54,53,0.0185185
3993,54,53,0.0185185
3994,54,53,0.0185185
3996,54,53,0.0185185
3997,54,53,0.0185185
3998,54,53,0.0185185
4000,54,53,0.0185185
4001,54,53,0.0185185
4002,54,53,0.0185185
4004,54,53,0.0185185
4005,54,53,0.0185185
4006,54,53,0.0185185
4008,54,53,0.0185185
4009,54,53,0.0185185
4010,54,53,0.0185185
4011,54,53,0.0185185
4013,54,53,0.0185185
4014,54,53,0.0185185
4016,54,53,0.0185185
4017,54,53,0.0185185
4019,54,53,0.0185185
4020,54,53,0.0185185
4022,54,53,0.0185185
4023,54,53,0.0185185
4025,54,53,0.0185185
4026,54,53,0.0185185
4028,54,53,0.0185185
4029,54,53,0.0185185
4030,54,53,0.0185185
4032,54,53,0.0185185
4035,54,53,0.0185185
4036,54,53,0.0185185
4038,54,53,0.0185185
4039,54,53,0.0185185
4041,54,53,0.0185185
4043,54,53,0.0185185
4044,54,53,0.0185185
4045,54,53,0.0185185
4047,54,53,0.0185185
4048,54,53,0.0185185
4049,54,53,0.0185185
4051,54,53,0.0185185
4052,54,53,0.0185185
4054,54,53,0.0185185
4056,54,53,0.0185185
4057,54,53,0.0185185
4059,54,53,0.0185185
4060,54,53,0.0185185
4062,54,53,0.0185185
4064,54,53,0.0185185
4065,54,53,0.0185185
4067,54,53,0.0185185
4068,54,53,0.0185185
4070,54,53,0.0185185
4071,54,53,0.0185185
4073,54,53,0.0185185
4074,54,53,0.0185185
4075,54,53,0.0185185
4077,54,53,0.0185185
4085,54,53,0.0185185
4087,54,53,0.0185185
4088,54,53,0.0185185
4090,54,53,0.0185185
4092,54,53,0.0185185
4093,54,53,0.0185185
4095,54,53,0.0185185
4096,54,53,0.0185185
4098,54,53,0.0185185
4100,54,53,0.0185185
4102,54,53,0.0185185
4103,54,53,0.0185185
4105,54,53,0.0185185
4106,54,53,0.0185185
4108,54,53,0.0185185
4109,54,53,0.0185185
4111,54,53,0.0185185
4112,54,53,0.0185185
4114,54,53,0.0185185
4116,54,53,0.0185185
4118,54,53,0.0185185
4119,54,53,0.0185185
4121,54,53,0.0185185
4123,54,53,0.0185185
4124,54,53,0.0185185
4126,54,53,0.0185185
4128,54,53,0.0185185
4129,54,53,0.0185185
4131,54,53,0.0185185
4132,54,53,0.0185185
4134,54,53,0.0185185
4136,54,53,0.0185185
4138,54,53,0.0185185
4139,54,53,0.0185185
4141,54,53,0.0185185
4142,54,53,0.0185185
4144,54,53,0.0185185
4146,54,53,0.0185185
4147,54,53,0.0185185
4148,54,53,0.0185185
4150,54,53,0.0185185
4152,54,53,0.0185185
4154,54,53,0.0185185
4156,54,53,0.0185185
4157,54,53,0.0185185
4159,54,53,0.0185185
4161,54,53,0.0185185
4163,54,53,0.0185185
4164,54,53,0.0185185
4166,54,53,0.0185185
4167,54,53,0.0185185
4169,54,53,0.0185185
4171,54,53,0.0185185
4172,54,53,0.0185185
4173,54,53,0.0185185
4175,54,53,0.0185185
4177,54,53,0.0185185
4178,54,53,0.0185185
4180,54,53,0.0185185
4181,54,53,0.0185185
4183,54,53,0.0185185
4184,54,53,0.0185185
4186,54,53,0.0185185
4188,54,53,0.0185185
4190,54,53,0.0185185
4191,54,53,0.0185185
4193,54,53,0.0185185
4194,54,53,0.0185185
4196,54,53,0.0185185
4197,54,53,0.0185185
4199,54,53,0.0185185
4201,54,53,0.0185185
4203,54,53,0.0185185
4204,54,53,0.0185185
4206,54,53,0.0185185
4207,54,53,0.0185185
4209,54,53,0.0185185
4210,54,53,0.0185185
4212,54,53,0.0185185
4214,54,53,0.0185185
4216,54,53,0.0185185
4217,54,53,0.0185185
4219,54,53,0.0185185
4220,54,53,0.0185185
4221,54,53,0.0185185
4223,54,53,0.0185185
4224,54,53,0.0185185
4226,54,53,0.0185185
4228,54,53,0.0185185
4229,54,53,0.0185185
4231,54,53,0.0185185
4232,54,53,0.0185185
4234,54,53,0.0185185
4236,54,53,0.0185185
4238,54,53,0.0185185
4240,54,53,0.0185185
4241,54,53,0.0185185
4243,54,53,0.0185185
4245,54,53,0.0185185
4246,54,53,0.0185185
4248,54,53,0.0185185
4249,54,53,0.0185185
4250,54,53,0.0185185
4252,54,53,0.0185185
4254,54,53,0.0185185
4255,54,53,0.0185185
4256,54,53,0.0185185
4258,54,53,0.0185185
4260,54,53,0.0185185
4261,54,53,0.0185185
4262,54,53,0.0185185
4264,54,53,0.0185185
4266,54,53,0.0185185
4267,54,53,0.0185185
4269,54,53,0.0185185
4271,54,53,0.0185185
4272,54,53,0.0185185
4274,54,53,0.0185185
4275,54,53,0.0185185
4277,54,53,0.0185185
4278,54,53,0.0185185
4280,54,53,0.0185185
4281,54,53,0.0185185
4283,54,53,0.0185185
4285,54,53,0.0185185
4286,54,53,0.0185185
4287,54,53,0.0185185
4289,54,53,0.0185185
4290,54,53,0.0185185
4292,54,53,0.0185185
4293,54,53,0.0185185
4295,54,53,0.0185185
4296,54,53,0.0185185
4297,54,53,0.0185185
4299,54,53,0.0185185
4300,54,53,0.0185185
4301,54,53,0.0185185
4303,54,53,0.0185185
4304,54,53,0.0185185
4305,54,53,0.0185185
4307,54,53,0.0185185
4308,54,53,0.0185185
4309,54,53,0.0185185
4311,54,53,0.0185185
4313,54,53,0.0185185
4314,54,53,0.0185185
4315,54,53,0.0185185
4317,54,53,0.0185185
4319,54,53,0.0185185
4320,54,53,0.0185185
4322,54,53,0.0185185
4323,54,53,0.0185185
4324,54,53,0.0185185
4325,54,53,0.0185185
4327,54,53,0.0185185
4328,54,53,0.0185185
4329,54,53,0.0185185
4331,54,53,0.0185185
4332,54,53,0.0185185
4334,54,53,0.0185185
4336,54,53,0.0185185
4337,54,53,0.0185185
4338,54,53,0.0185185
4340,54,53,0.0185185
4341,54,53,0.0185185
4342,54,53,0.0185185
4343,54,53,0.0185185
4345,54,53,0.0185185
4346,54,53,0.0185185
4347,54,53,0.0185185
4349,54,53,0.0185185
4350,54,53,0.0185185
4351,54,53,0.0185185
4353,54,53,0.0185185
4354,54,53,0.0185185
4355,54,53,0.0185185
4357,54,53,0.0185185
4358,54,53,0.0185185
4359,54,53,0.0185185
4361,54,53,0.0185185
4362,54,53,0.0185185
4364,54,53,0.0185185
4365,54,53,0.0185185
4366,54,53,0.0185185
4368,54,53,0.0185185
4369,54,53,0.0185185
4371,54,53,0.0185185
4372,54,53,0.0185185
4373,54,53,0.0185185
4375,54,53,0.0185185
4376,54,53,0.0185185
4377,54,53,0.0185185
4379,54,53,0.0185185
4381,54,53,0.0185185
4382,54,53,0.0185185
4384,54,53,0.0185185
4386,54,53,0.0185185
4389,54,53,0.0185185
4390,54,53,0.0185185
4392,54,53,0.0185185
4393,54,53,0.0185185
4395,54,53,0.0185185
4396,54,53,0.0185185
4398,54,53,0.0185185
4399,54,53,0.0185185
4401,54,53,0.0185185
4403,54,53,0.0185185
4405,54,53,0.0185185
4406,54,53,0.0185185
4408,54,53,0.0185185
4409,54,53,0.0185185
4410,54,53,0.0185185
4412,54,53,0.0185185
4413,54,53,0.0185185
4414,54,53,0.0185185
4416,54,53,0.0185185
4417,54,53,0.0185185
4418,54,53,0.0185185
4420,54,53,0.0185185
4421,54,53,0.0185185
4422,54,53,0.0185185
4423,54,53,0.0185185
4425,54,53,0.0185185
4426,54,53,0.0185185
4428,54,53,0.0185185
4429,54,53,0.0185185
4431,54,53,0.0185185
4432,54,53,0.0185185
4433,54,53,0.0185185
4435,54,53,0.0185185
4436,54,53,0.0185185
4438,54,53,0.0185185
4439,54,53,0.0185185
4442,54,53,0.0185185
4443,54,53,0.0185185
4445,54,53,0.0185185
4446,54,53,0.0185185
4447,54,53,0.0185185
4449,54,53,0.0185185
4450,54,53,0.0185185
4451,54,53,0.0185185
4453,54,53,0.0185185
4454,54,53,0.0185185
4455,54,53,0.0185185
4456,54,53,0.0185185
4458,54,53,0.0185185
4459,54,53,0.0185185
4460,54,53,0.0185185
4462,54,53,0.0185185
4464,54,53,0.0185185
4465,54,53,0.0185185
4467,54,53,0.0185185
4468,54,53,0.0185185
4469,54,53,0.0185185
4471,54,53,0.0185185
4473,54,53,0.0185185
4475,54,53,0.0185185
4476,54,53,0.0185185
4478,54,53,0.0185185
4479,54,53,0.0185185
4480,54,53,0.0185185
4481,54,53,0.0185185
4483,54,53,0.0185185
4485,54,53,0.0185185
4486,54,53,0.0185185
4487,54,53,0.0185185
4488,54,53,0.0185185
4490,54,53,0.0185185
4491,54,53,0.0185185
4493,54,53,0.0185185
4495,54,53,0.0185185
4497,54,53,0.0185185
4498,54,53,0.0185185
4499,54,53,0.0185185
4500,54,53,0.0185185
4502,54,53,0.0185185
4504,54,53,0.0185185
4505,54,53,0.0185185
4507,54,53,0.0185185
4508,54,53,0.0185185
4509,54,53,0.0185185
4510,54,53,0.0185185
4512,54,53,0.0185185
4513,54,53,0.0185185
4515,54,53,0.0185185
4516,54,53,0.0185185
4518,54,53,0.0185185
4519,54,53,0.0185185
4521,54,53,0.0185185
4522,54,53,0.0185185
4524,54,53,0.0185185
4525,54,53,0.0185185
4526,54,53,0.0185185
4528,54,53,0.0185185
4529,54,53,0.0185185
4531,54,53,0.0185185
4532,54,53,0.0185185
4533,54,53,0.0185185
4535,54,53,0.0185185
4537,54,53,0.0185185
4538,54,53,0.0185185
4539,54,53,0.0185185
4541,54,53,0.0185185
4542,54,53,0.0185185
4544,54,53,0.0185185
4545,54,53,0.0185185
4546,54,53,0.0185185
4548,54,53,0.0185185
4549,54,53,0.0185185
4551,54,53,0.0185185
4552,54,53,0.0185185
4554,54,53,0.0185185
4555,54,53,0.0185185
4556,54,53,0.0185185
4557,54,53,0.0185185
4559,54,53,0.0185185
4561,54,53,0.0185185
4562,54,53,0.0185185
4564,54,53,0.0185185
4565,54,53,0.0185185
4567,54,53,0.0185185
4568,54,53,0.0185185
4569,54,53,0.0185185
4571,54,53,0.0185185
4573,54,53,0.0185185
4574,54,53,0.0185185
4576,54,53,0.0185185
4577,54,53,0.0185185
4579,54,53,0.0185185
4580,54,53,0.0185185
4581,54,53,0.0185185
4583,54,53,0.0185185
4584,54,53,0.0185185
4585,54,53,0.0185185
4587,54,53,0.0185185
4588,54,53,0.0185185
4589,54,53,0.0185185
4591,54,53,0.0185185
4592,54,53,0.0185185
4594,54,53,0.0185185
4596,54,53,0.0185185
4597,54,53,0.0185185
4598,54,53,0.0185185
4600,54,53,0.0185185
4601,54,53,0.0185185
4602,54,53,0.0185185
4604,54,53,0.0185185
4605,54,53,0.0185185
4606,54,53,0.0185185
4608,54,53,0.0185185
4609,54,53,0.0185185
4611,54,53,0.0185185
4612,54,53,0.0185185
4613,54,53,0.0185185
4614,54,53,0.0185185
4616,54,53,0.0185185
4617,54,53,0.0185185
4618,54,53,0.0185185
4620,54,53,0.0185185
4621,54,53,0.0185185
4622,54,53,0.0185185
4624,54,53,0.0185185
4625,54,53,0.0185185
4627,54,53,0.0185185
4628,54,53,0.0185185
4629,54,53,0.0185185
4632,54,53,0.0185185
4633,54,53,0.0185185
4635,54,53,0.0185185
4636,54,53,0.0185185
4637,54,53,0.0185185
4639,54,53,0.0185185
4641,54,53,0.0185185
4642,54,53,0.0185185
4643,54,53,0.0185185
4645,54,53,0.0185185
4646,54,53,0.0185185
4648,54,53,0.0185185
4649,54,53,0.0185185
4650,54,53,0.0185185
4651,54,53,0.0185185
4653,54,53,0.0185185
4654,54,53,0.0185185
4656,54,53,0.0185185
4657,54,53,0.0185185
4658,54,53,0.0185185
4660,54,53,0.0185185
4661,54,53,0.0185185
4662,54,53,0.0185185
4664,54,53,0.0185185
4665,54,53,0.0185185
4667,54,53,0.0185185
4669,54,53,0.0185185
4671,54,53,0.0185185
4672,54,53,0.0185185
4673,54,53,0.0185185
4674,54,53,0.0185185
4675,54,53,0.0185185
4678,54,53,0.0185185
4679,54,53,0.0185185
4681,54,53,0.0185185
4682,54,53,0.0185185
4684,54,53,0.0185185
4686,54,53,0.0185185
4687,54,53,0.0185185
4689,54,53,0.0185185
4690,54,53,0.0185185
4691,54,53,0.0185185
4693,54,53,0.0185185
4694,54,53,0.0185185
4696,54,53,0.0185185
4697,54,53,0.0185185
4699,54,53,0.0185185
4700,54,53,0.0185185
4701,54,53,0.0185185
4702,54,53,0.0185185
4704,54,53,0.0185185
4705,54,53,0.0185185
4706,54,53,0.0185185
4708,54,53,0.0185185
4709,54,53,0.0185185
4710,54,53,0.0185185
4712,54,53,0.0185185
4713,54,53,0.0185185
4715,54,53,0.0185185
4716,54,53,0.0185185
4718,54,53,0.0185185
4719,54,53,0.0185185
4720,54,53,0.0185185
4721,54,53,0.0185185
4723,54,53,0.0185185
4724,54,53,0.0185185
4725,54,53,0.0185185
4726,54,53,0.0185185
4728,54,53,0.0185185
4729,54,53,0.0185185
4730,54,53,0.0185185
4732,54,53,0.0185185
4734,54,53,0.0185185
4735,54,53,0.0185185
4738,54,53,0.0185185
4739,54,53,0.0185185
4741,54,53,0.0185185
4742,54,53,0.0185185
4744,54,53,0.0185185
4745,54,53,0.0185185
4747,54,53,0.0185185
4749,54,53,0.0185185
4750,54,53,0.0185185
4753,54,53,0.0185185
4755,54,53,0.0185185
4757,54,53,0.0185185
4758,54,53,0.0185185
4758,54,53,0.0185185
4760,54,53,0.0185185
4761,54,53,0.0185185
4762,54,53,0.0185185
4763,54,53,0.0185185
4765,54,53,0.0185185
4766,54,53,0.0185185
4767,54,53,0.0185185
4769,54,53,0.0185185
4770,54,53,0.0185185
4772,54,53,0.0185185
4773,54,53,0.0185185
4775,54,53,0.0185185
4776,54,53,0.0185185
4778,54,53,0.0185185
4779,54,53,0.0185185
4780,54,53,0.0185185
4782,54,53,0.0185185
4783,54,53,0.0185185
4784,54,53,0.0185185
4785,54,53,0.0185185
4787,54,53,0.0185185
4788,54,53,0.0185185
4789,54,53,0.0185185
4791,54,53,0.0185185
4792,54,53,0.0185185
4793,54,53,0.0185185
4794,54,53,0.0185185
4796,54,53,0.0185185
4797,54,53,0.0185185
4798,54,53,0.0185185
4800,54,53,0.0185185
4801,54,53,0.0185185
4803,54,53,0.0185185
4804,54,53,0.0185185
4806,54,53,0.0185185
4807,54,53,0.0185185
4808,54,53,0.0185185
4810,54,53,0.0185185
4811,54,53,0.0185185
4813,54,53,0.0185185
4815,54,53,0.0185185
4816,54,53,0.0185185
4817,54,53,0.0185185
4818,54,53,0.0185185
4820,54,53,0.0185185
4821,54,53,0.0185185
4823,54,53,0.0185185
4824,54,53,0.0185185
4826,54,53,0.0185185
4827,54,53,0.0185185
4828,54,53,0.0185185
4830,54,53,0.0185185
4831,54,53,0.0185185
4831,54,53,0.0185185
4833,54,53,0.0185185
4834,54,53,0.0185185
4835,54,53,0.0185185
4836,54,53,0.0185185
4838,54,53,0.0185185
4839,54,53,0.0185185
4840,54,53,0.0185185
4842,54,53,0.0185185
4843,54,53,0.0185185
4845,54,53,0.0185185
4847,54,53,0.0185185
4848,54,53,0.0185185
4849,54,53,0.0185185
4851,54,53,0.0185185
4852,54,53,0.0185185
4854,54,53,0.0185185
4855,54,53,0.0185185
4856,54,53,0.0185185
4858,54,53,0.0185185
4859,54,53,0.0185185
4861,54,53,0.0185185
4862,54,53,0.0185185
4864,54,53,0.0185185
4865,54,53,0.0185185
4866,54,53,0.0185185
4868,54,53,0.0185185
4869,54,53,0.0185185
4870,54,53,0.0185185
4872,54,53,0.0185185
4873,54,53,0.0185185
4874,54,53,0.0185185
4875,54,53,0.0185185
4877,54,53,0.0185185
4878,54,53,0.0185185
4880,54,53,0.0185185
4881,54,53,0.0185185
4882,54,53,0.0185185
4884,54,53,0.0185185
4885,54,53,0.0185185
4886,54,53,0.0185185
4887,54,53,0.0185185
4889,54,53,0.0185185
4891,54,53,0.0185185
4892,54,53,0.0185185
4893,54,53,0.0185185
4895,54,53,0.0185185
4897,54,53,0.0185185
4899,54,53,0.0185185
4900,54,53,0.0185185
4902,54,53,0.0185185
4903,54,53,0.0185185
4904,54,53,0.0185185
4906,54,53,0.0185185
4908,54,53,0.0185185
4909,54,53,0.0185185
4911,54,53,0.0185185
4912,54,53,0.0185185
4914,54,53,0.0185185
4916,54,53,0.0185185
4917,54,53,0.0185185
4918,54,53,0.0185185
4920,54,53,0.0185185
4921,54,53,0.0185185
4922,54,53,0.0185185
4923,54,53,0.0185185
4925,54,53,0.0185185
4926,54,53,0.0185185
4928,54,53,0.0185185
4929,54,53,0.0185185
4930,54,53,0.0185185
4932,54,53,0.0185185
4933,54,53,0.0185185
4934,54,53,0.0185185
4935,54,53,0.0185185
4937,54,53,0.0185185
4938,54,53,0.0185185
4939,54,53,0.0185185
4940,54,53,0.0185185
4942,54,53,0.0185185
4943,54,53,0.0185185
4944,54,53,0.0185185
4946,54,53,0.0185185
4947,54,53,0.0185185
4948,54,53,0.0185185
4949,54,53,0.0185185
4951,54,53,0.0185185
4952,54,53,0.0185185
4953,54,53,0.0185185
4955,54,53,0.0185185
4956,54,53,0.0185185
4957,54,53,0.0185185
4959,54,53,0.0185185
4960,54,53,0.0185185
4961,54,53,0.0185185
4963,54,53,0.0185185
4964,54,53,0.0185185
4966,54,53,0.0185185
4967,54,53,0.0185185
4968,54,53,0.0185185
4970,54,53,0.0185185
4972,54,53,0.0185185
4973,54,53,0.0185185
4975,54,53,0.0185185
4977,54,53,0.0185185
4978,54,53,0.0185185
4980,54,53,0.0185185
4982,54,53,0.0185185
4983,54,53,0.0185185
4984,54,53,0.0185185
4986,54,53,0.0185185
4987,54,53,0.0185185
4988,54,53,0.0185185
4989,54,53,0.0185185
4991,54,53,0.0185185
4992,54,53,0.0185185
4994,54,53,0.0185185
4995,54,53,0.0185185
4997,54,53,0.0185185
4998,54,53,0.0185185
5000,54,53,0.0185185
5001,54,53,0.0185185
5002,54,53,0.0185185
5003,54,53,0.0185185
5005,54,53,0.0185185
5006,54,53,0.0185185
5007,54,53,0.0185185
5009,54,53,0.0185185
5010,54,53,0.0185185
5012,54,53,0.0185185
5013,54,53,0.0185185
5014,54,53,0.0185185
5016,54,53,0.0185185
5017,54,53,0.0185185
5018,54,53,0.0185185
5019,54,53,0.0185185
5021,54,53,0.0185185
5022,54,53,0.0185185
5023,54,53,0.0185185
5024,54,53,0.0185185
5026,54,53,0.0185185
5027,54,53,0.0185185
5028,54,53,0.0185185
5030,54,53,0.0185185
5031,54,53,0.0185185
5032,54,53,0.0185185
5035,54,53,0.0185185
5036,54,53,0.0185185
5037,54,53,0.0185185
5039,54,53,0.0185185
5040,54,53,0.0185185
5042,54,53,0.0185185
5043,54,53,0.0185185
5044,54,53,0.0185185
5046,54,53,0.0185185
5047,54,53,0.0185185
5048,54,53,0.0185185
5050,54,53,0.0185185
5051,54,53,0.0185185
5052,54,53,0.0185185
5054,54,53,0.0185185
5055,54,53,0.0185185
5057,54,53,0.0185185
5058,54,53,0.0185185
5059,54,53,0.0185185
5061,54,53,0.0185185
5062,54,53,0.0185185
5064,54,53,0.0185185
5066,54,53,0.0185185
5067,54,53,0.0185185
5068,54,53,0.0185185
5069,54,53,0.0185185
5071,54,53,0.0185185
5072,54,53,0.0185185
5073,54,53,0.0185185
5075,54,53,0.0185185
5076,54,53,0.0185185
5077,54,53,0.0185185
5079,54,53,0.0185185
5080,54,53,0.0185185
5082,54,53,0.0185185
5083,54,53,0.0185185
5084,54,53,0.0185185
5086,54,53,0.0185185
5087,54,53,0.0185185
5088,54,53,0.0185185
5090,54,53,0.0185185
5091,54,53,0.0185185
5093,54,53,0.0185185
5094,54,53,0.0185185
5095,54,53,0.0185185
5096,54,53,0.0185185
5098,54,53,0.0185185
5099,54,53,0.0185185
5100,54,53,0.0185185
5102,54,53,0.0185185
5103,54,53,0.0185185
5105,54,53,0.0185185
5106,54,53,0.0185185
5107,54,53,0.0185185
5108,54,53,0.0185185
5110,54,53,0.0185185
5111,54,53,0.0185185
5112,54,53,0.0185185
5115,54,53,0.0185185
5116,54,53,0.0185185
5117,54,53,0.0185185
5119,54,53,0.0185185
5120,54,53,0.0185185
5122,54,53,0.0185185
5123,54,53,0.0185185
5125,54,53,0.0185185
5126,54,53,0.0185185
5127,54,53,0.0185185
5128,54,53,0.0185185
5130,54,53,0.0185185
5131,54,53,0.0185185
5132,54,53,0.0185185
5134,54,53,0.0185185
5135,54,53,0.0185185
5136,54,53,0.0185185
5138,54,53,0.0185185
5139,54,53,0.0185185
5141,54,53,0.0185185
5142,54,53,0.0185185
5144,54,53,0.0185185
5146,54,53,0.0185185
5147,54,53,0.0185185
5149,54,53,0.0185185
5151,54,53,0.0185185
5152,54,53,0.0185185
5155,54,53,0.0185185
5158,54,53,0.0185185
5159,54,53,0.0185185
5162,54,53,0.0185185
5164,54,53,0.0185185
5165,54,53,0.0185185
5166,54,53,0.0185185
5168,54,53,0.0185185
5169,54,53,0.0185185
5171,54,53,0.0185185
5172,54,53,0.0185185
5174,54,53,0.0185185
5176,54,53,0.0185185
5177,54,53,0.0185185
5178,54,53,0.0185185
5180,54,53,0.0185185
5182,54,53,0.0185185
5183,54,53,0.0185185
5185,54,53,0.0185185
5186,54,53,0.0185185
5187,54,53,0.0185185
5188,54,53,0.0185185
5190,54,53,0.0185185
5192,54,53,0.0185185
5194,54,53,0.0185185
5196,54,53,0.0185185
5197,54,53,0.0185185
5199,54,53,0.0185185
5200,54,53,0.0185185
5201,54,53,0.0185185
5204,54,53,0.0185185
5206,54,53,0.0185185
5207,54,53,0.0185185
5208,54,53,0.0185185
5210,54,53,0.0185185
5211,54,53,0.0185185
5213,54,53,0.0185185
5214,54,53,0.0185185
5215,54,53,0.0185185
5217,54,53,0.0185185
5219,54,53,0.0185185
5221,54,53,0.0185185
5222,54,53,0.0185185
5224,54,53,0.0185185
5225,54,53,0.0185185
5226,54,53,0.0185185
5228,54,53,0.0185185
5230,54,53,0.0185185
5231,54,53,0.0185185
5233,54,53,0.0185185
5234,54,53,0.0185185
5236,54,53,0.0185185
5237,54,53,0.0185185
5238,54,53,0.0185185
5239,54,53,0.0185185
5241,54,53,0.0185185
5242,54,53,0.0185185
5243,54,53,0.0185185
5244,54,53,0.0185185
5246,54,53,0.0185185
5248,54,53,0.0185185
5249,54,53,0.0185185
5251,54,53,0.0185185
5252,54,53,0.0185185
5253,54,53,0.0185185
5254,54,53,0.0185185
5256,54,53,0.0185185
5257,54,53,0.0185185
5258,54,53,0.0185185
5260,54,53,0.0185185
5261,54,53,0.0185185
5263,54,53,0.0185185
5264,54,53,0.0185185
5265,54,53,0.0185185
5267,54,53,0.0185185
5268,54,53,0.0185185
5270,54,53,0.0185185
5271,54,53,0.0185185
5272,54,53,0.0185185
5274,54,53,0.0185185
5275,54,53,0.0185185
5277,54,53,0.0185185
5278,54,53,0.0185185
5279,54,53,0.0185185
5280,54,53,0.0185185
5282,54,53,0.0185185
5284,54,53,0.0185185
5285,54,53,0.0185185
5287,54,53,0.0185185
5288,54,53,0.0185185
5290,54,53,0.0185185
5291,54,53,0.0185185
5292,54,53,0.0185185
5293,54,53,0.0185185
5295,54,53,0.0185185
5296,54,53,0.0185185
5297,54,53,0.0185185
5298,54,53,0.0185185
5300,54,53,0.0185185
5302,54,53,0.0185185
5304,54,53,0.0185185
5305,54,53,0.0185185
5306,54,53,0.0185185
5307,54,53,0.0185185
5309,54,53,0.0185185
5310,54,53,0.0185185
5312,54,53,0.0185185
5314,54,53,0.0185185
5316,54,53,0.0185185
5317,54,53,0.0185185
5318,54,53,0.0185185
5319,54,53,0.0185185
5320,54,53,0.0185185
5322,54,53,0.0185185
5323,54,53,0.0185185
5325,54,53,0.0185185
5326,54,53,0.0185185
5328,54,53,0.0185185
5329,54,53,0.0185185
5331,54,53,0.0185185
5332,54,53,0.0185185
5333,54,53,0.0185185
5335,54,53,0.0185185
5336,54,53,0.0185185
5337,54,53,0.0185185
5338,54,53,0.0185185
5340,54,53,0.0185185
5342,54,53,0.0185185
5343,54,53,0.0185185
5344,54,53,0.0185185
5345,54,53,0.0185185
5347,54,53,0.0185185
5349,54,53,0.0185185
5350,54,53,0.0185185
5351,54,53,0.0185185
5353,54,53,0.0185185
5354,54,53,0.0185185
5356,54,53,0.0185185
5357,54,53,0.0185185
5358,54,53,0.0185185
5359,54,53,0.0185185
5361,54,53,0.0185185
5362,54,53,0.0185185
5363,54,53,0.0185185
5365,54,53,0.0185185
5366,54,53,0.0185185
5367,54,53,0.0185185
5369,54,53,0.0185185
5370,54,53,0.0185185
5372,54,53,0.0185185
5373,54,53,0.0185185
5374,54,53,0.0185185
5375,54,53,0.0185185
5377,54,53,0.0185185
5377,54,53,0.0185185
5378,54,53,0.0185185
5378,54,53,0.0185185
5379,54,53,0.0185185
5379,54,53,0.0185185
5380,54,53,0.0185185
5380,54,53,0.0185185
5380,54,53,0.0185185
5381,54,53,0.0185185
5382,54,53,0.0185185
5384,54,53,0.0185185
5385,54,53,0.0185185
5386,54,53,0.0185185
5388,54,53,0.0185185
5389,54,53,0.0185185
5391,54,53,0.0185185
5393,54,53,0.0185185
5394,54,53,0.0185185
5396,54,53,0.0185185
5398,54,53,0.0185185
5399,54,53,0.0185185
5401,54,53,0.0185185
5403,54,53,0.0185185
5404,54,53,0.0185185
5406,54,53,0.0185185
5408,54,53,0.0185185
5409,54,53,0.0185185
5410,54,53,0.0185185
5412,54,53,0.0185185
5413,54,53,0.0185185
5415,54,53,0.0185185
5417,54,53,0.0185185
5419,54,53,0.0185185
5421,54,53,0.0185185
5422,54,53,0.0185185
5424,54,53,0.0185185
5426,54,53,0.0185185
5427,54,53,0.0185185
5429,54,53,0.0185185
5431,54,53,0.0185185
5432,54,53,0.0185185
5433,54,53,0.0185185
5435,54,53,0.0185185
5437,54,53,0.0185185
5438,54,53,0.0185185
5440,54,53,0.0185185
5442,54,53,0.0185185
5445,54,53,0.0185185
5447,54,53,0.0185185
5449,54,53,0.0185185
5451,54,53,0.0185185
5453,54,53,0.0185185
5455,54,53,0.0185185
5456,54,53,0.0185185
5458,54,53,0.0185185
5460,54,53,0.0185185
5461,54,53,0.0185185
5463,54,53,0.0185185
5464,54,53,0.0185185
5465,54,53,0.0185185
5467,54,53,0.0185185
5469,54,53,0.0185185
5470,54,53,0.0185185
5472,54,53,0.0185185
5473,54,53,0.0185185
5474,54,53,0.0185185
5476,54,53,0.0185185
5478,54,53,0.0185185
5479,54,53,0.0185185
5480,54,53,0.0185185
5482,54,53,0.0185185
5483,54,53,0.0185185
5484,54,53,0.0185185
5486,54,53,0.0185185
5487,54,53,0.0185185
5488,54,53,0.0185185
5490,54,53,0.0185185
5491,54,53,0.0185185
5493,54,53,0.0185185
5494,54,53,0.0185185
5496,54,53,0.0185185
5497,54,53,0.0185185
5499,54,53,0.0185185
5501,54,53,0.0185185
5503,54,53,0.0185185
5504,54,53,0.0185185
5506,54,53,0.0185185
5507,54,53,0.0185185
5508,54,53,0.0185185
5511,54,53,0.0185185
5512,54,53,0.0185185
5514,54,53,0.0185185
5515,54,53,0.0185185
5516,54,53,0.0185185
5518,54,53,0.0185185
5519,54,53,0.0185185
5521,54,53,0.0185185
5522,54,53,0.0185185
5523,54,53,0.0185185
5524,54,53,0.0185185
5526,54,53,0.0185185
5527,54,53,0.0185185
5529,54,53,0.0185185
5531,54,53,0.0185185
5532,54,53,0.0185185
5533,54,53,0.0185185
5535,54,53,0.0185185
5536,54,53,0.0185185
5538,54,53,0.0185185
5540,54,53,0.0185185
5541,54,53,0.0185185
5542,54,53,0.0185185
5544,54,53,0.0185185
5545,54,53,0.0185185
5547,54,53,0.0185185
5548,54,53,0.0185185
5550,54,53,0.0185185
5551,54,53,0.0185185
5553,54,53,0.0185185
5554,54,53,0.0185185
5555,54,53,0.0185185
5557,54,53,0.0185185
5559,54,53,0.0185185
5560,54,53,0.0185185
5562,54,53,0.0185185
5563,54,53,0.0185185
5564,54,53,0.0185185
5566,54,53,0.0185185
5567,54,53,0.0185185
5569,54,53,0.0185185
5570,54,53,0.0185185
5571,54,53,0.0185185
5573,54,53,0.0185185
5574,54,53,0.0185185
5575,54,53,0.0185185
5576,54,53,0.0185185
5578,54,53,0.0185185
5579,54,53,0.0185185
5581,54,53,0.0185185
5582,54,53,0.0185185
5583,54,53,0.0185185
5585,54,53,0.0185185
5586,54,53,0.0185185
5588,54,53,0.0185185
5589,54,53,0.0185185
5590,54,53,0.0185185
5592,54,53,0.0185185
5593,54,53,0.0185185
5594,54,53,0.0185185
5596,54,53,0.0185185
5597,54,53,0.0185185
5598,54,53,0.0185185
5600,54,53,0.0185185
5602,54,53,0.0185185
5604,54,53,0.0185185
5605,54,53,0.0185185
5606,54,53,0.0185185
5608,54,53,0.0185185
5609,54,53,0.0185185
5610,54,53,0.0185185
5612,54,53,0.0185185
5613,54,53,0.0185185
5614,54,53,0.0185185
5616,54,53,0.0185185
5617,54,53,0.0185185
5618,54,53,0.0185185
5620,54,53,0.0185185
5621,54,53,0.0185185
5622,54,53,0.0185185
5624,54,53,0.0185185
5625,54,53,0.0185185
5626,54,53,0.0185185
5628,54,53,0.0185185
5629,54,53,0.0185185
5630,54,53,0.0185185
5632,54,53,0.0185185
5633,54,53,0.0185185
5635,54,53,0.0185185
5636,54,53,0.0185185
5638,54,53,0.0185185
5640,54,53,0.0185185
5641,54,53,0.0185185
5643,54,53,0.0185185
5645,54,53,0.0185185
5646,54,53,0.0185185
5648,54,53,0.0185185
5649,54,53,0.0185185
5651,54,53,0.0185185
5652,54,53,0.0185185
5653,54,53,0.0185185
5656,54,53,0.0185185
5657,54,53,0.0185185
5659,54,53,0.0185185
5660,54,53,0.0185185
5663,54,53,0.0185185
5665,54,53,0.0185185
5667,54,53,0.0185185
5668,54,53,0.0185185
5670,54,53,0.0185185
5672,54,53,0.0185185
5674,54,53,0.0185185
5675,54,53,0.0185185
5677,54,53,0.0185185
5678,54,53,0.0185185
5679,54,53,0.0185185
5681,54,53,0.0185185
5682,54,53,0.0185185
5684,54,53,0.0185185
5685,54,53,0.0185185
5687,54,53,0.0185185
5688,54,53,0.0185185
5689,54,53,0.0185185
5691,54,53,0.0185185
5693,54,53,0.0185185
5695,54,53,0.0185185
5697,54,53,0.0185185
5699,54,53,0.0185185
5700,54,53,0.0185185
5702,54,53,0.0185185
5703,54,53,0.0185185
5704,54,53,0.0185185
5706,54,53,0.0185185
5707,54,53,0.0185185
5709,54,53,0.0185185
5711,54,53,0.0185185
5712,54,53,0.0185185
5714,54,53,0.0185185
5716,54,53,0.0185185
5718,54,53,0.0185185
5719,54,53,0.0185185
5720,54,53,0.0185185
5722,54,53,0.0185185
5723,54,53,0.0185185
5724,54,53,0.0185185
5726,54,53,0.0185185
5727,54,53,0.0185185
5729,54,53,0.0185185
5730,54,53,0.0185185
5731,54,53,0.0185185
5733,54,53,0.0185185
5734,54,53,0.0185185
5735,54,53,0.0185185
5737,54,53,0.0185185
5738,54,53,0.0185185
5739,54,53,0.0185185
5741,54,53,0.0185185
5743,54,53,0.0185185
5744,54,53,0.0185185
5745,54,53,0.0185185
5747,54,53,0.0185185
5748,54,53,0.0185185
5749,54,53,0.0185185
5751,54,53,0.0185185
5752,54,53,0.0185185
5754,54,53,0.0185185
5755,54,53,0.0185185
5756,54,53,0.0185185
5758,54,53,0.0185185
5759,54,53,0.0185185
5761,54,53,0.0185185
5762,54,53,0.0185185
5764,54,53,0.0185185
5765,54,53,0.0185185
5767,54,53,0.0185185
5768,54,53,0.0185185
5770,54,53,0.0185185
5771,54,53,0.0185185
5772,54,53,0.0185185
5774,54,53,0.0185185
5776,54,53,0.0185185
5777,54,53,0.0185185
5778,54,53,0.0185185
5780,54,53,0.0185185
5782,54,53,0.0185185
5783,54,53,0.0185185
5784,54,53,0.0185185
5786,54,53,0.0185185
5787,54,53,0.0185185
5789,54,53,0.0185185
5791,54,53,0.0185185
5792,54,53,0.0185185
5793,54,53,0.0185185
5795,54,53,0.0185185
5796,54,53,0.0185185
5798,54,53,0.0185185
5799,54,53,0.0185185
5800,54,53,0.0185185
5802,54,53,0.0185185
5803,54,53,0.0185185
5805,54,53,0.0185185
5806,54,53,0.0185185
5808,54,53,0.0185185
5809,54,53,0.0185185
5811,54,53,0.0185185
5812,54,53,0.0185185
5813,54,53,0.0185185
5815,54,53,0.0185185
5816,54,53,0.0185185
5818,54,53,0.0185185
5819,54,53,0.0185185
5821,54,53,0.0185185
5822,54,53,0.0185185
5824,54,53,0.0185185
5825,54,53,0.0185185
5827,54,53,0.0185185
5828,54,53,0.0185185
5830,54,53,0.0185185
5832,54,53,0.0185185
5834,54,53,0.0185185
5836,54,53,0.0185185
5837,54,53,0.0185185
5839,54,53,0.0185185
5840,54,53,0.0185185
5842,54,53,0.0185185
5844,54,53,0.0185185
5845,54,53,0.0185185
5847,54,53,0.0185185
5849,54,53,0.0185185
5850,54,53,0.0185185
5852,54,53,0.0185185
5854,54,53,0.0185185
5855,54,53,0.0185185
5856,54,53,0.0185185
5858,54,53,0.0185185
5859,54,53,0.0185185
5861,54,53,0.0185185
5863,54,53,0.0185185
5864,54,53,0.0185185
5865,54,53,0.0185185
5867,54,53,0.0185185
5868,54,53,0.0185185
5870,54,53,0.0185185
5871,54,53,0.0185185
5873,54,53,0.0185185
5874,54,53,0.0185185
5876,54,53,0.0185185
5877,54,53,0.0185185
5879,54,53,0.0185185
5881,54,53,0.0185185
5882,54,53,0.0185185
5884,54,53,0.0185185
5886,54,53,0.0185185
5888,54,53,0.0185185
5890,54,53,0.0185185
5892,54,53,0.0185185
5893,54,53,0.0185185
5894,54,53,0.0185185
5896,54,53,0.0185185
5897,54,53,0.0185185
5899,54,53,0.0185185
5901,54,53,0.0185185
5902,54,53,0.0185185
5904,54,53,0.0185185
5905,54,53,0.0185185
5907,54,53,0.0185185
5908,54,53,0.0185185
5910,54,53,0.0185185
5911,54,53,0.0185185
5913,54,53,0.0185185
5914,54,53,0.0185185
5916,54,53,0.0185185
5917,54,53,0.0185185
5919,54,53,0.0185185
5920,54,53,0.0185185
5921,54,53,0.0185185
5923,54,53,0.0185185
5924,54,53,0.0185185
5926,54,53,0.0185185
5927,54,53,0.0185185
5929,54,53,0.0185185
5930,54,53,0.0185185
5931,54,53,0.0185185
5933,54,53,0.0185185
5934,54,53,0.0185185
5936,54,53,0.0185185
5937,54,53,0.0185185
5938,54,53,0.0185185
5939,54,53,0.0185185
5941,54,53,0.0185185
5942,54,53,0.0185185
5944,54,53,0.0185185
5945,54,53,0.0185185
5947,54,53,0.0185185
5948,54,53,0.0185185
5950,54,53,0.0185185
5951,54,53,0.0185185
5953,54,53,0.0185185
5955,54,53,0.0185185
5956,54,53,0.0185185
5958,54,53,0.0185185
5960,54,53,0.0185185
5962,54,53,0.0185185
5963,54,53,0.0185185
5965,54,53,0.0185185
5966,54,53,0.0185185
5967,54,53,0.0185185
5969,54,53,0.0185185
5971,54,53,0.0185185
5972,54,53,0.0185185
5973,54,53,0.0185185
5975,54,53,0.0185185
5976,54,53,0.0185185
5978,54,53,0.0185185
5979,54,53,0.0185185
5981,54,53,0.0185185
5982,54,53,0.0185185
5984,54,53,0.0185185
5985,54,53,0.0185185
5987,54,53,0.0185185
5988,54,53,0.0185185
5990,54,53,0.0185185
5991,54,53,0.0185185
5992,54,53,0.0185185
5994,54,53,0.0185185
5995,54,53,0.0185185
5997,54,53,0.0185185
5998,54,53,0.0185185
5999,54,53,0.0185185
6001,54,53,0.0185185
6003,54,53,0.0185185
6005,54,53,0.0185185
6006,54,53,0.0185185
6008,54,53,0.0185185
6009,54,53,0.0185185
6010,54,53,0.0185185
6012,54,53,0.0185185
6013,54,53,0.0185185
6015,54,53,0.0185185
6016,54,53,0.0185185
6018,54,53,0.0185185
6019,54,53,0.0185185
6021,54,53,0.0185185
6023,54,53,0.0185185
6024,54,53,0.0185185
6026,54,53,0.0185185
6027,54,53,0.0185185
6029,54,53,0.0185185
6031,54,53,0.0185185
6032,54,53,0.0185185
6034,54,53,0.0185185
6035,54,53,0.0185185
6036,54,53,0.0185185
6038,54,53,0.0185185
6040,54,53,0.0185185
6041,54,53,0.0185185
6042,54,53,0.0185185
6044,54,53,0.0185185
6046,54,53,0.0185185
6047,54,53,0.0185185
6049,54,53,0.0185185
6050,54,53,0.0185185
6052,54,53,0.0185185
6053,54,53,0.0185185
6055,54,53,0.0185185
6056,54,53,0.0185185
6058,54,53,0.0185185
6059,54,53,0.0185185
6061,54,53,0.0185185
6062,54,53,0.0185185
6063,54,53,0.0185185
6065,54,53,0.0185185
6067,54,53,0.0185185
6068,54,53,0.0185185
6070,54,53,0.0185185
6071,54,53,0.0185185
6073,54,53,0.0185185
6074,54,53,0.0185185
6076,54,53,0.0185185
6077,54,53,0.0185185
6078,54,53,0.0185185
6080,54,53,0.0185185
6082,54,53,0.0185185
6083,54,53,0.0185185
6086,54,53,0.0185185
6087,54,53,0.0185185
6089,54,53,0.0185185
6091,54,53,0.0185185
6092,54,53,0.0185185
6093,54,53,0.0185185
6095,54,53,0.0185185
6097,54,53,0.0185185
6099,54,53,0.0185185
6100,54,53,0.0185185
6102,54,53,0.0185185
6103,54,53,0.0185185
6105,54,53,0.0185185
6106,54,53,0.0185185
6108,54,53,0.0185185
6109,54,53,0.0185185
6111,54,53,0.0185185
6113,54,53,0.0185185
6114,54,53,0.0185185
6116,54,53,0.0185185
6118,54,53,0.0185185
6119,54,53,0.0185185
6121,54,53,0.0185185
6122,54,53,0.0185185
6124,54,53,0.0185185
6126,54,53,0.0185185
6127,54,53,0.0185185
6129,54,53,0.0185185
6130,54,53,0.0185185
6132,54,53,0.0185185
6133,54,53,0.0185185
6135,54,53,0.0185185
6136,54,53,0.0185185
6138,54,53,0.0185185
6139,54,53,0.0185185
6140,54,53,0.0185185
6142,54,53,0.0185185
6143,54,53,0.0185185
6144,54,53,0.0185185
6145,54,53,0.0185185
6147,54,53,0.0185185
6148,54,53,0.0185185
6149,54,53,0.0185185
6151,54,53,0.0185185
6152,54,53,0.0185185
6154,54,53,0.0185185
6155,54,53,0.0185185
6157,54,53,0.0185185
6158,54,53,0.0185185
6160,54,53,0.0185185
6160,54,53,0.0185185
6162,54,53,0.0185185
6162,54,53,0.0185185
6164,54,53,0.0185185
6165,54,53,0.0185185
6167,54,53,0.0185185
6168,54,53,0.0185185
6169,54,53,0.0185185
6171,54,53,0.0185185
6173,54,53,0.0185185
6175,54,53,0.0185185
6176,54,53,0.0185185
6178,54,53,0.0185185
6179,54,53,0.0185185
6180,54,53,0.0185185
6181,54,53,0.0185185
6182,54,53,0.0185185
6184,54,53,0.0185185
6185,54,53,0.0185185
6186,54,53,0.0185185
6188,54,53,0.0185185
6189,54,53,0.0185185
6191,54,53,0.0185185
6192,54,53,0.0185185
6193,54,53,0.0185185
6195,54,53,0.0185185
6196,54,53,0.0185185
6198,54,53,0.0185185
6199,54,53,0.0185185
6201,54,53,0.0185185
6202,54,53,0.0185185
6203,54,53,0.0185185
6205,54,53,0.0185185
6206,54,53,0.0185185
6208,54,53,0.0185185
6209,54,53,0.0185185
6212,54,53,0.0185185
6213,54,53,0.0185185
6214,54,53,0.0185185
6215,54,53,0.0185185
6217,54,53,0.0185185
6219,54,53,0.0185185
6220,54,53,0.0185185
6221,54,53,0.0185185
6222,54,53,0.0185185
6224,54,53,0.0185185
6226,54,53,0.0185185
6227,54,53,0.0185185
6228,54,53,0.0185185
6230,54,53,0.0185185
6231,54,53,0.0185185
6233,54,53,0.0185185
6234,54,53,0.0185185
6236,54,53,0.0185185
6237,54,53,0.0185185
6238,54,53,0.0185185
6240,54,53,0.0185185
6241,54,53,0.0185185
6243,54,53,0.0185185
6244,54,53,0.0185185
6245,54,53,0.0185185
6247,54,53,0.0185185
6248,54,53,0.0185185
6250,54,53,0.0185185
6252,54,53,0.0185185
6253,54,53,0.0185185
6255,54,53,0.0185185
6256,54,53,0.0185185
6258,54,53,0.0185185
6259,54,53,0.0185185
6261,54,53,0.0185185
6263,54,53,0.0185185
6265,54,53,0.0185185
6266,54,53,0.0185185
6268,54,53,0.0185185
6269,54,53,0.0185185
6271,54,53,0.0185185
6272,54,53,0.0185185
6273,54,53,0.0185185
6275,54,53,0.0185185
6276,54,53,0.0185185
6278,54,53,0.0185185
6280,54,53,0.0185185
6282,54,53,0.0185185
6283,54,53,0.0185185
6284,54,53,0.0185185
6286,54,53,0.0185185
6288,54,53,0.0185185
6289,54,53,0.0185185
6291,54,53,0.0185185
6292,54,53,0.0185185
6294,54,53,0.0185185
6295,54,53,0.0185185
6297,54,53,0.0185185
6298,54,53,0.0185185
6300,54,53,0.0185185
6301,54,53,0.0185185
6302,54,53,0.0185185
6304,54,53,0.0185185
6305,54,53,0.0185185
6307,54,53,0.0185185
6309,54,53,0.0185185
6311,54,53,0.0185185
6312,54,53,0.0185185
6314,54,53,0.0185185
6316,54,53,0.0185185
6317,54,53,0.0185185
6319,54,53,0.0185185
6320,54,53,0.0185185
6322,54,53,0.0185185
6323,54,53,0.0185185
6325,54,53,0.0185185
6327,54,53,0.0185185
6328,54,53,0.0185185
6329,54,53,0.0185185
6331,54,53,0.0185185
6332,54,53,0.0185185
6334,54,53,0.0185185
6335,54,53,0.0185185
6337,54,53,0.0185185
6339,54,53,0.0185185
6340,54,53,0.0185185
6342,54,53,0.0185185
6343,54,53,0.0185185
6345,54,53,0.0185185
6346,54,53,0.0185185
6347,54,53,0.0185185
6349,54,53,0.0185185
6350,54,53,0.0185185
6351,54,53,0.0185185
6353,54,53,0.0185185
6354,54,53,0.0185185
6356,54,53,0.0185185
6358,54,53,0.0185185
6359,54,53,0.0185185
6360,54,53,0.0185185
6362,54,53,0.0185185
6363,54,53,0.0185185
6365,54,53,0.0185185
6366,54,53,0.0185185
6368,54,53,0.0185185
6369,54,53,0.0185185
6371,54,53,0.0185185
6372,54,53,0.0185185
6374,54,53,0.0185185
6375,54,53,0.0185185
6377,54,53,0.0185185
6378,54,53,0.0185185
6379,54,53,0.0185185
6381,54,53,0.0185185
6382,54,53,0.0185185
6384,54,53,0.0185185
6385,54,53,0.0185185
6386,54,53,0.0185185
6388,54,53,0.0185185
6390,54,53,0.0185185
6391,54,53,0.0185185
6392,54,53,0.0185185
6394,54,53,0.0185185
6395,54,53,0.0185185
6397,54,53,0.0185185
6398,54,53,0.0185185
6400,54,53,0.0185185
6401,54,53,0.0185185
6403,54,53,0.0185185
6404,54,53,0.0185185
6405,54,53,0.0185185
6407,54,53,0.0185185
6408,54,53,0.0185185
6410,54,53,0.0185185
6413,54,53,0.0185185
6414,54,53,0.0185185
6415,54,53,0.0185185
6417,54,53,0.0185185
6418,54,53,0.0185185
6420,54,53,0.0185185
6421,54,53,0.0185185
6422,54,53,0.0185185
6424,54,53,0.0185185
6426,54,53,0.0185185
6427,54,53,0.0185185
6428,54,53,0.0185185
6431,54,53,0.0185185
6432,54,53,0.0185185
6434,54,53,0.0185185
6435,54,53,0.0185185
6437,54,53,0.0185185
6438,54,53,0.0185185
6439,54,53,0.0185185
6441,54,53,0.0185185
6442,54,53,0.0185185
6444,54,53,0.0185185
6445,54,53,0.0185185
6447,54,53,0.0185185
6448,54,53,0.0185185
6449,54,53,0.0185185
6451,54,53,0.0185185
6452,54,53,0.0185185
6454,54,53,0.0185185
6455,54,53,0.0185185
6457,54,53,0.0185185
6458,54,53,0.0185185
6460,54,53,0.0185185
6461,54,53,0.0185185
6463,54,53,0.0185185
6464,54,53,0.0185185
6465,54,53,0.0185185
6467,54,53,0.0185185
6469,54,53,0.0185185
6471,54,53,0.0185185
6472,54,53,0.0185185
6475,54,53,0.0185185
6476,54,53,0.0185185
6478,54,53,0.0185185
6479,54,53,0.0185185
6481,54,53,0.0185185
6482,54,53,0.0185185
6484,54,53,0.0185185
6486,54,53,0.0185185
6488,54,53,0.0185185
6489,54,53,0.0185185
6491,54,53,0.0185185
6493,54,53,0.0185185
6494,54,53,0.0185185
6496,54,53,0.0185185
6498,54,53,0.0185185
6500,54,53,0.0185185
6502,54,53,0.0185185
6504,54,53,0.0185185
6506,54,53,0.0185185
6507,54,53,0.0185185
6508,54,53,0.0185185
6510,54,53,0.0185185
6512,54,53,0.0185185
6514,54,53,0.0185185
6516,54,53,0.0185185
6518,54,53,0.0185185
6521,54,53,0.0185185
6522,54,53,0.0185185
6524,54,53,0.0185185
6526,54,53,0.0185185
6527,54,53,0.0185185
6529,54,53,0.0185185
6530,54,53,0.0185185
6532,54,53,0.0185185
6534,54,53,0.0185185
6535,54,53,0.0185185
6538,54,53,0.0185185
6540,54,53,0.0185185
6542,54,53,0.0185185
6544,54,53,0.0185185
6545,54,53,0.0185185
6547,54,53,0.0185185
6549,54,53,0.0185185
6551,54,53,0.0185185
6553,54,53,0.0185185
6555,54,53,0.0185185
6556,54,53,0.0185185
6558,54,53,0.0185185
6560,54,53,0.0185185
6561,54,53,0.0185185
6563,54,53,0.0185185
6564,54,53,0.0185185
6567,54,53,0.0185185
6569,54,53,0.0185185
6571,54,53,0.0185185
6573,54,53,0.0185185
6574,54,53,0.0185185
6576,54,53,0.0185185
6578,54,53,0.0185185
6579,54,53,0.0185185
6582,54,53,0.0185185
6583,54,53,0.0185185
6585,54,53,0.0185185
6587,54,53,0.0185185
6588,54,53,0.0185185
6589,54,53,0.0185185
6591,54,53,0.0185185
6593,54,53,0.0185185
6594,54,53,0.0185185
6597,54,53,0.0185185
6598,54,53,0.0185185
6600,54,53,0.0185185
6602,54,53,0.0185185
6603,54,53,0.0185185
6605,54,53,0.0185185
6607,54,53,0.0185185
6608,54,53,0.0185185
6610,54,53,0.0185185
6611,54,53,0.0185185
6614,54,53,0.0185185
6616,54,53,0.0185185
6618,54,53,0.0185185
6620,54,53,0.0185185
6622,54,53,0.0185185
6623,54,53,0.0185185
6625,54,53,0.0185185
6626,54,53,0.0185185
6628,54,53,0.0185185
6629,54,53,0.0185185
6631,54,53,0.0185185
6633,54,53,0.0185185
6634,54,53,0.0185185
6636,54,53,0.0185185
6638,54,53,0.0185185
6639,54,53,0.0185185
6641,54,53,0.0185185
6642,54,53,0.0185185
6645,54,53,0.0185185
6646,54,53,0.0185185
6648,54,53,0.0185185
6649,54,53,0.0185185
6651,54,53,0.0185185
6653,54,53,0.0185185
6654,54,53,0.0185185
6656,54,53,0.0185185
6657,54,53,0.0185185
6659,54,53,0.0185185
6660,54,53,0.0185185
6662,54,53,0.0185185
6664,54,53,0.0185185
6665,54,53,0.0185185
6667,54,53,0.0185185
6668,54,53,0.0185185
6670,54,53,0.0185185
6671,54,53,0.0185185
6673,54,53,0.0185185
6675,54,53,0.0185185
6676,54,53,0.0185185
6678,54,53,0.0185185
6679,54,53,0.0185185
6681,54,53,0.0185185
6682,54,53,0.0185185
6684,54,53,0.0185185
6687,54,53,0.0185185
6688,54,53,0.0185185
6690,54,53,0.0185185
6691,54,53,0.0185185
6693,54,53,0.0185185
6694,54,53,0.0185185
6696,54,53,0.0185185
6698,54,53,0.0185185
6699,54,53,0.0185185
6701,54,53,0.0185185
6703,54,53,0.0185185
6705,54,53,0.0185185
6707,54,53,0.0185185
6709,54,53,0.0185185
6711,54,53,0.0185185
6712,54,53,0.0185185
6714,54,53,0.0185185
6716,54,53,0.0185185
6717,54,53,0.0185185
6719,54,53,0.0185185
6722,54,53,0.0185185
6724,54,53,0.0185185
6726,54,53,0.0185185
6728,54,53,0.0185185
6730,54,53,0.0185185
6731,54,53,0.0185185
6733,54,53,0.0185185
6735,54,53,0.0185185
6737,54,53,0.0185185
6738,54,53,0.0185185
6740,54,53,0.0185185
6742,54,53,0.0185185
6744,54,53,0.0185185
6746,54,53,0.0185185
6747,54,53,0.0185185
6750,54,53,0.0185185
6753,54,53,0.0185185
6754,54,53,0.0185185
6757,54,53,0.0185185
6759,54,53,0.0185185
6761,54,53,0.0185185
6762,54,53,0.0185185
6764,54,53,0.0185185
6765,54,53,0.0185185
6767,54,53,0.0185185
6769,54,53,0.0185185
6770,54,53,0.0185185
6772,54,53,0.0185185
6774,54,53,0.0185185
6775,54,53,0.0185185
6778,54,53,0.0185185
6780,54,53,0.0185185
6781,54,53,0.0185185
6783,54,53,0.0185185
6784,54,53,0.0185185
6786,54,53,0.0185185
6788,54,53,0.0185185
6790,54,53,0.0185185
6792,54,53,0.0185185
6793,54,53,0.0185185
6795,54,53,0.0185185
6797,54,53,0.0185185
6799,54,53,0.0185185
6801,54,53,0.0185185
6803,54,53,0.0185185
6804,54,53,0.0185185
6806,54,53,0.0185185
6807,54,53,0.0185185
6809,54,53,0.0185185
6810,54,53,0.0185185
6812,54,53,0.0185185
6813,54,53,0.0185185
6816,54,53,0.0185185
6817,54,53,0.0185185
6819,54,53,0.0185185
6820,54,53,0.0185185
6822,54,53,0.0185185
6824,54,53,0.0185185
6825,54,53,0.0185185
6827,54,53,0.0185185
6828,54,53,0.0185185
6830,54,53,0.0185185
6831,54,53,0.0185185
6833,54,53,0.0185185
6835,54,53,0.0185185
6836,54,53,0.0185185
6838,54,53,0.0185185
6840,54,53,0.0185185
6841,54,53,0.0185185
6843,54,53,0.0185185
6846,54,53,0.0185185
6846,54,53,0.0185185
6848,54,53,0.0185185
6849,54,53,0.0185185
6851,54,53,0.0185185
6853,54,53,0.0185185
6854,54,53,0.0185185
6856,54,53,0.0185185
6858,54,53,0.0185185
6859,54,53,0.0185185
6861,54,53,0.0185185
6862,54,53,0.0185185
6864,54,53,0.0185185
6865,54,53,0.0185185
6867,54,53,0.0185185
6868,54,53,0.0185185
6870,54,53,0.0185185
6871,54,53,0.0185185
6873,54,53,0.0185185
6874,54,53,0.0185185
6876,54,53,0.0185185
6877,54,53,0.0185185
6878,54,53,0.0185185
6880,54,53,0.0185185
6881,54,53,0.0185185
6882,54,53,0.0185185
6884,54,53,0.0185185
6885,54,53,0.0185185
6887,54,53,0.0185185
6889,54,53,0.0185185
6891,54,53,0.0185185
6892,54,53,0.0185185
6894,54,53,0.0185185
6895,54,53,0.0185185
6897,54,53,0.0185185
6898,54,53,0.0185185
6900,54,53,0.0185185
6901,54,53,0.0185185
6903,54,53,0.0185185
6904,54,53,0.0185185
6906,54,53,0.0185185
6908,54,53,0.0185185
6910,54,53,0.0185185
6911,54,53,0.0185185
6912,54,53,0.0185185
6914,54,53,0.0185185
6915,54,53,0.0185185
6917,54,53,0.0185185
6918,54,53,0.0185185
6919,54,53,0.0185185
6921,54,53,0.0185185
6922,54,53,0.0185185
6924,54,53,0.0185185
6925,54,53,0.0185185
6927,54,53,0.0185185
6928,54,53,0.0185185
6929,54,53,0.0185185
6931,54,53,0.0185185
6932,54,53,0.0185185
6934,54,53,0.0185185
6935,54,53,0.0185185
6937,54,53,0.0185185
6939,54,53,0.0185185
6940,54,53,0.0185185
6942,54,53,0.0185185
6943,54,53,0.0185185
6945,54,53,0.0185185
6946,54,53,0.0185185
6948,54,53,0.0185185
6950,54,53,0.0185185
6951,54,53,0.0185185
6953,54,53,0.0185185
6954,54,53,0.0185185
6956,54,53,0.0185185
6957,54,53,0.0185185
6959,54,53,0.0185185
6961,54,53,0.0185185
6963,54,53,0.0185185
6964,54,53,0.0185185
6966,54,53,0.0185185
6967,54,53,0.0185185
6969,54,53,0.0185185
6970,54,53,0.0185185
6972,54,53,0.0185185
6975,54,53,0.0185185
6976,54,53,0.0185185
6978,54,53,0.0185185
6979,54,53,0.0185185
6981,54,53,0.0185185
6982,54,53,0.0185185
6984,54,53,0.0185185
6985,54,53,0.0185185
6987,54,53,0.0185185
6989,54,53,0.0185185
6991,54,53,0.0185185
6992,54,53,0.0185185
6994,54,53,0.0185185
6995,54,53,0.0185185
6997,54,53,0.0185185
6998,54,53,0.0185185
7000,54,53,0.0185185
7002,54,53,0.0185185
7005,54,53,0.0185185
7006,54,53,0.0185185
7008,54,53,0.0185185
7009,54,53,0.0185185
7011,54,53,0.0185185
7012,54,53,0.0185185
7014,54,53,0.0185185
7015,54,53,0.0185185
7017,54,53,0.0185185
7019,54,53,0.0185185
7020,54,53,0.0185185
7022,54,53,0.0185185
7023,54,53,0.0185185
7025,54,53,0.0185185
7026,54,53,0.0185185
7029,54,53,0.0185185
7030,54,53,0.0185185
7032,54,53,0.0185185
7034,54,53,0.0185185
7035,54,53,0.0185185
7038,54,53,0.0185185
7039,54,53,0.0185185
7041,54,53,0.0185185
7042,54,53,0.0185185
7044,54,53,0.0185185
7045,54,53,0.0185185
7046,54,53,0.0185185
7048,54,53,0.0185185
7049,54,53,0.0185185
7053,54,53,0.0185185
7054,54,53,0.0185185
7055,54,53,0.0185185
7057,54,53,0.0185185
7058,54,53,0.0185185
7060,54,53,0.0185185
7061,54,53,0.0185185
7063,54,53,0.0185185
7064,54,53,0.0185185
7066,54,53,0.0185185
7067,54,53,0.0185185
7069,54,53,0.0185185
7071,54,53,0.0185185
7072,54,53,0.0185185
7074,54,53,0.0185185
7075,54,53,0.0185185
7077,54,53,0.0185185
7079,54,53,0.0185185
7081,54,53,0.0185185
7082,54,53,0.0185185
7084,54,53,0.0185185
7086,54,53,0.0185185
7087,54,53,0.0185185
7089,54,53,0.0185185
7090,54,53,0.0185185
7091,54,53,0.0185185
7093,54,53,0.0185185
7095,54,53,0.0185185
7096,54,53,0.0185185
7098,54,53,0.0185185
7099,54,53,0.0185185
7101,54,53,0.0185185
7102,54,53,0.0185185
7104,54,53,0.0185185
7105,54,53,0.0185185
7107,54,53,0.0185185
7109,54,53,0.0185185
7110,54,53,0.0185185
7112,54,53,0.0185185
7114,54,53,0.0185185
7115,54,53,0.0185185
7117,54,53,0.0185185
7118,54,53,0.0185185
7120,54,53,0.0185185
7122,54,53,0.0185185
7123,54,53,0.0185185
7125,54,53,0.0185185
7126,54,53,0.0185185
7128,54,53,0.0185185
7129,54,53,0.0185185
7131,54,53,0.0185185
7132,54,53,0.0185185
7134,54,53,0.0185185
7135,54,53,0.0185185
7136,54,53,0.0185185
7138,54,53,0.0185185
7140,54,53,0.0185185
7141,54,53,0.0185185
7143,54,53,0.0185185
7144,54,53,0.0185185
7146,54,53,0.0185185
7147,54,53,0.0185185
7149,54,53,0.0185185
7150,54,53,0.0185185
7152,54,53,0.0185185
7153,54,53,0.0185185
7155,54,53,0.0185185
7156,54,53,0.0185185
7157,54,53,0.0185185
7159,54,53,0.0185185
7161,54,53,0.0185185
7162,54,53,0.0185185
7164,54,53,0.0185185
7165,54,53,0.0185185
7166,54,53,0.0185185
7167,54,53,0.0185185
7169,54,53,0.0185185
7171,54,53,0.0185185
7172,54,53,0.0185185
7173,54,53,0.0185185
7175,54,53,0.0185185
7176,54,53,0.0185185
7177,54,53,0.0185185
7179,54,53,0.0185185
7180,54,53,0.0185185
7182,54,53,0.0185185
7183,54,53,0.0185185
7185,54,53,0.0185185
7186,54,53,0.0185185
7188,54,53,0.0185185
7189,54,53,0.0185185
7191,54,53,0.0185185
7192,54,53,0.0185185
7194,54,53,0.0185185
7195,54,53,0.0185185
7197,54,53,0.0185185
7198,54,53,0.0185185
7200,54,53,0.0185185
7201,54,53,0.0185185
7203,54,53,0.0185185
7204,54,53,0.0185185
7206,54,53,0.0185185
7207,54,53,0.0185185
7209,54,53,0.0185185
7210,54,53,0.0185185
7212,54,53,0.0185185
7213,54,53,0.0185185
7215,54,53,0.0185185
7216,54,53,0.0185185
7218,54,53,0.0185185
7219,54,53,0.0185185
7221,54,53,0.0185185
7223,54,53,0.0185185
7224,54,53,0.0185185
7225,54,53,0.0185185
7227,54,53,0.0185185
7228,54,53,0.0185185
7230,54,53,0.0185185
7231,54,53,0.0185185
7233,54,53,0.0185185
7234,54,53,0.0185185
7236,54,53,0.0185185
7237,54,53,0.0185185
7239,54,53,0.0185185
7240,54,53,0.0185185
7242,54,53,0.0185185
7243,54,53,0.0185185
7244,54,53,0.0185185
7246,54,53,0.0185185
7247,54,53,0.0185185
7249,54,53,0.0185185
7251,54,53,0.0185185
7253,54,53,0.0185185
7254,54,53,0.0185185
7256,54,53,0.0185185
7258,54,53,0.0185185
7260,54,53,0.0185185
7261,54,53,0.0185185
7262,54,53,0.0185185
7264,54,53,0.0185185
7265,54,53,0.0185185
7267,54,53,0.0185185
7268,54,53,0.0185185
7270,54,53,0.0185185
7272,54,53,0.0185185
7273,54,53,0.0185185
7275,54,53,0.0185185
7276,54,53,0.0185185
7278,54,53,0.0185185
7279,54,53,0.0185185
7281,54,53,0.0185185
7283,54,53,0.0185185
7285,54,53,0.0185185
7286,54,53,0.0185185
7287,54,53,0.0185185
7289,54,53,0.0185185
7291,54,53,0.0185185
7292,54,53,0.0185185
7294,54,53,0.0185185
7295,54,53,0.0185185
7297,54,53,0.0185185
7298,54,53,0.0185185
7299,54,53,0.0185185
7302,54,53,0.0185185
7303,54,53,0.0185185
7305,54,53,0.0185185
7306,54,53,0.0185185
7307,54,53,0.0185185
7309,54,53,0.0185185
7310,54,53,0.0185185
7310,54,53,0.0185185
7312,54,53,0.0185185
7314,54,53,0.0185185
7316,54,53,0.0185185
7317,54,53,0.0185185
7318,54,53,0.0185185
7320,54,53,0.0185185
7322,54,53,0.0185185
7323,54,53,0.0185185
7325,54,53,0.0185185
7326,54,53,0.0185185
7327,54,53,0.0185185
7329,54,53,0.0185185
7331,54,53,0.0185185
7332,54,53,0.0185185
7333,54,53,0.0185185
7335,54,53,0.0185185
7336,54,53,0.0185185
7337,54,53,0.0185185
7339,54,53,0.0185185
7340,54,53,0.0185185
7341,54,53,0.0185185
7343,54,53,0.0185185
7344,54,53,0.0185185
7346,54,53,0.0185185
7347,54,53,0.0185185
7349,54,53,0.0185185
7350,54,53,0.0185185
7352,54,53,0.0185185
7355,54,53,0.0185185
7357,54,53,0.0185185
7359,54,53,0.0185185
7360,54,53,0.0185185
7362,54,53,0.0185185
7363,54,53,0.0185185
7364,54,53,0.0185185
7365,54,53,0.0185185
7367,54,53,0.0185185
7368,54,53,0.0185185
7370,54,53,0.0185185
7371,54,53,0.0185185
7373,54,53,0.0185185
7374,54,53,0.0185185
7375,54,53,0.0185185
7377,54,53,0.0185185
7378,54,53,0.0185185
7380,54,53,0.0185185
7381,54,53,0.0185185
7383,54,53,0.0185185
7384,54,53,0.0185185
7386,54,53,0.0185185
7387,54,53,0.0185185
7388,54,53,0.0185185
7390,54,53,0.0185185
7392,54,53,0.0185185
7393,54,53,0.0185185
7394,54,53,0.0185185
7396,54,53,0.0185185
7397,54,53,0.0185185
7399,54,53,0.0185185
7402,54,53,0.0185185
7403,54,53,0.0185185
7404,54,53,0.0185185
7406,54,53,0.0185185
7407,54,53,0.0185185
7409,54,53,0.0185185
7410,54,53,0.0185185
7412,54,53,0.0185185
7413,54,53,0.0185185
7415,54,53,0.0185185
7416,54,53,0.0185185
7417,54,53,0.0185185
7419,54,53,0.0185185
7420,54,53,0.0185185
7421,54,53,0.0185185
7423,54,53,0.0185185
7425,54,53,0.0185185
7426,54,53,0.0185185
7428,54,53,0.0185185
7429,54,53,0.0185185
7431,54,53,0.0185185
7432,54,53,0.0185185
7435,54,53,0.0185185
7436,54,53,0.0185185
7438,54,53,0.0185185
7439,54,53,0.0185185
7441,54,53,0.0185185
7443,54,53,0.0185185
7444,54,53,0.0185185
7446,54,53,0.0185185
7448,54,53,0.0185185
7449,54,53,0.0185185
7451,54,53,0.0185185
7452,54,53,0.0185185
7454,54,53,0.0185185
7456,54,53,0.0185185
7457,54,53,0.0185185
7459,54,53,0.0185185
7460,54,53,0.0185185
7461,54,53,0.0185185
7463,54,53,0.0185185
7464,54,53,0.0185185
7466,54,53,0.0185185
7467,54,53,0.0185185
7469,54,53,0.0185185
7472,54,53,0.0185185
7474,54,53,0.0185185
7476,54,53,0.0185185
7477,54,53,0.0185185
7479,54,53,0.0185185
7481,54,53,0.0185185
7482,54,53,0.0185185
7484,54,53,0.0185185
7486,54,53,0.0185185
7488,54,53,0.0185185
7489,54,53,0.0185185
7490,54,53,0.0185185
7492,54,53,0.0185185
7494,54,53,0.0185185
7496,54,53,0.0185185
7498,54,53,0.0185185
7500,54,53,0.0185185
7502,54,53,0.0185185
7504,54,53,0.0185185
7506,54,53,0.0185185
7507,54,53,0.0185185
7509,54,53,0.0185185
7511,54,53,0.0185185
7513,54,53,0.0185185
7514,54,53,0.0185185
7516,54,53,0.0185185
7518,54,53,0.0185185
7520,54,53,0.0185185
7522,54,53,0.0185185
7523,54,53,0.0185185
7525,54,53,0.0185185
7526,54,53,0.0185185
7528,54,53,0.0185185
7529,54,53,0.0185185
7531,54,53,0.0185185
7533,54,53,0.0185185
7534,54,53,0.0185185
7538,54,53,0.0185185
7540,54,53,0.0185185
7541,54,53,0.0185185
7543,54,53,0.0185185
7544,54,53,0.0185185
7546,54,53,0.0185185
7548,54,53,0.0185185
7550,54,53,0.0185185
7551,54,53,0.0185185
7553,54,53,0.0185185
7555,54,53,0.0185185
7556,54,53,0.0185185
7558,54,53,0.0185185
7560,54,53,0.0185185
7562,54,53,0.0185185
7564,54,53,0.0185185
7565,54,53,0.0185185
7567,54,53,0.0185185
7569,54,53,0.0185185
7571,54,53,0.0185185
7572,54,53,0.0185185
7574,54,53,0.0185185
7575,54,53,0.0185185
7578,54,53,0.0185185
7580,54,53,0.0185185
7582,54,53,0.0185185
7583,54,53,0.0185185
7585,54,53,0.0185185
7587,54,53,0.0185185
7589,54,53,0.0185185
7590,54,53,0.0185185
7592,54,53,0.0185185
7594,54,53,0.0185185
7595,54,53,0.0185185
7597,54,53,0.0185185
7598,54,53,0.0185185
7600,54,53,0.0185185
7602,54,53,0.0185185
7603,54,53,0.0185185
7605,54,53,0.0185185
7606,54,53,0.0185185
7608,54,53,0.0185185
7610,54,53,0.0185185
7611,54,53,0.0185185
7613,54,53,0.0185185
7614,54,53,0.0185185
7616,54,53,0.0185185
7618,54,53,0.0185185
7620,54,53,0.0185185
7622,54,53,0.0185185
7624,54,53,0.0185185
7627,54,53,0.0185185
7629,54,53,0.0185185
7630,54,53,0.0185185
7632,54,53,0.0185185
7633,54,53,0.0185185
7635,54,53,0.0185185
7637,54,53,0.0185185
7638,54,53,0.0185185
7640,54,53,0.0185185
7641,54,53,0.0185185
7643,54,53,0.0185185
7645,54,53,0.0185185
7646,54,53,0.0185185
7648,54,53,0.0185185
7649,54,53,0.0185185
7651,54,53,0.0185185
7653,54,53,0.0185185
7654,54,53,0.0185185
7657,54,53,0.0185185
7659,54,53,0.0185185
7661,54,53,0.0185185
7663,54,53,0.0185185
7664,54,53,0.0185185
7666,54,53,0.0185185
7667,54,53,0.0185185
7668,54,53,0.0185185
7670,54,53,0.0185185
7671,54,53,0.0185185
7673,54,53,0.0185185
7675,54,53,0.0185185
7677,54,53,0.0185185
7678,54,53,0.0185185
7680,54,53,0.0185185
7683,54,53,0.0185185
7684,54,53,0.0185185
7686,54,53,0.0185185
7687,54,53,0.0185185
7688,54,53,0.0185185
7690,54,53,0.0185185
7691,54,53,0.0185185
7693,54,53,0.0185185
7695,54,53,0.0185185
7696,54,53,0.0185185
7698,54,53,0.0185185
7699,54,53,0.0185185
7701,54,53,0.0185185
7702,54,53,0.0185185
7703,54,53,0.0185185
7705,54,53,0.0185185
7706,54,53,0.0185185
7708,54,53,0.0185185
7710,54,53,0.0185185
7711,54,53,0.0185185
7713,54,53,0.0185185
7715,54,53,0.0185185
7716,54,53,0.0185185
7718,54,53,0.0185185
7720,54,53,0.0185185
7722,54,53,0.0185185
7724,54,53,0.0185185
7726,54,53,0.0185185
7728,54,53,0.0185185
7731,54,53,0.0185185
7732,54,53,0.0185185
7734,54,53,0.0185185
7735,54,53,0.0185185
7737,54,53,0.0185185
7739,54,53,0.0185185
7741,54,53,0.0185185
7742,54,53,0.0185185
7744,54,53,0.0185185
7745,54,53,0.0185185
7747,54,53,0.0185185
7748,54,53,0.0185185
7749,54,53,0.0185185
7751,54,53,0.0185185
7752,54,53,0.0185185
7754,54,53,0.0185185
7755,54,53,0.0185185
7757,54,53,0.0185185
7759,54,53,0.0185185
7761,54,53,0.0185185
7762,54,53,0.0185185
7764,54,53,0.0185185
7766,54,53,0.0185185
7767,54,53,0.0185185
7768,54,53,0.0185185
7770,54,53,0.0185185
7772,54,53,0.0185185
7774,54,53,0.0185185
7776,54,53,0.0185185
7777,54,53,0.0185185
7779,54,53,0.0185185
7780,54,53,0.0185185
7783,54,53,0.0185185
7785,54,53,0.0185185
7787,54,53,0.0185185
7789,54,53,0.0185185
7790,54,53,0.0185185
7792,54,53,0.0185185
7793,54,53,0.0185185
7795,54,53,0.0185185
7797,54,53,0.0185185
7798,54,53,0.0185185
7800,54,53,0.0185185
7801,54,53,0.0185185
7802,54,53,0.0185185
7805,54,53,0.0185185
7806,54,53,0.0185185
7808,54,53,0.0185185
7809,54,53,0.0185185
7811,54,53,0.0185185
7813,54,53,0.0185185
7814,54,53,0.0185185
7815,54,53,0.0185185
7817,54,53,0.0185185
7818,54,53,0.0185185
7820,54,53,0.0185185
7822,54,53,0.0185185
7823,54,53,0.0185185
7825,54,53,0.0185185
7826,54,53,0.0185185
7828,54,53,0.0185185
7829,54,53,0.0185185
7832,54,53,0.0185185
7833,54,53,0.0185185
7834,54,53,0.0185185
7836,54,53,0.0185185
7838,54,53,0.0185185
7839,54,53,0.0185185
7840,54,53,0.0185185
7842,54,53,0.0185185
7843,54,53,0.0185185
7845,54,53,0.0185185
7846,54,53,0.0185185
7848,54,53,0.0185185
7849,54,53,0.0185185
7851,54,53,0.0185185
7853,54,53,0.0185185
7854,54,53,0.0185185
7856,54,53,0.0185185
7857,54,53,0.0185185
7859,54,53,0.0185185
7861,54,53,0.0185185
7862,54,53,0.0185185
7864,54,53,0.0185185
7865,54,53,0.0185185
7866,54,53,0.0185185
7868,54,53,0.0185185
7870,54,53,0.0185185
7871,54,53,0.0185185
7873,54,53,0.0185185
7874,54,53,0.0185185
7876,54,53,0.0185185
7877,54,53,0.0185185
7879,54,53,0.0185185
7880,54,53,0.0185185
7881,54,53,0.0185185
7883,54,53,0.0185185
7884,54,53,0.0185185
7886,54,53,0.0185185
7887,54,53,0.0185185
7889,54,53,0.0185185
7890,54,53,0.0185185
7892,54,53,0.0185185
7893,54,53,0.0185185
7895,54,53,0.0185185
7896,54,53,0.0185185
7898,54,53,0.0185185
7899,54,53,0.0185185
7901,54,53,0.0185185
7903,54,53,0.0185185
7905,54,53,0.0185185
7909,54,53,0.0185185
7910,54,53,0.0185185
7912,54,53,0.0185185
7914,54,53,0.0185185
7916,54,53,0.0185185
7918,54,53,0.0185185
7920,54,53,0.0185185
7921,54,53,0.0185185
7924,54,53,0.0185185
7926,54,53,0.0185185
7928,54,53,0.0185185
7929,54,53,0.0185185
7931,54,53,0.0185185
7933,54,53,0.0185185
7935,54,53,0.0185185
7937,54,53,0.0185185
7938,54,53,0.0185185
7940,54,53,0.0185185
7942,54,53,0.0185185
7944,54,53,0.0185185
7946,54,53,0.0185185
7947,54,53,0.0185185
7949,54,53,0.0185185
7950,54,53,0.0185185
7952,54,53,0.0185185
7954,54,53,0.0185185
7956,54,53,0.0185185
7958,54,53,0.0185185
7960,54,53,0.0185185
7962,54,53,0.0185185
7965,54,53,0.0185185
7966,54,53,0.0185185
7968,54,53,0.0185185
7970,54,53,0.0185185
7972,54,53,0.0185185
7973,54,53,0.0185185
7976,54,53,0.0185185
7977,54,53,0.0185185
7980,54,53,0.0185185
7982,54,53,0.0185185
7983,54,53,0.0185185
7985,54,53,0.0185185
7987,54,53,0.0185185
7990,54,53,0.0185185
7992,54,53,0.0185185
7994,54,53,0.0185185
7996,54,53,0.0185185
7998,54,53,0.0185185
8000,54,53,0.0185185
8002,54,53,0.0185185
8005,54,53,0.0185185
8006,54,53,0.0185185
8008,54,53,0.0185185
8009,54,53,0.0185185
8011,54,53,0.0185185
8012,54,53,0.0185185
8014,54,53,0.0185185
8015,54,53,0.0185185
8017,54,53,0.0185185
8018,54,53,0.0185185
8020,54,53,0.0185185
8022,54,53,0.0185185
8023,54,53,0.0185185
8025,54,53,0.0185185
8027,54,53,0.0185185
8028,54,53,0.0185185
8030,54,53,0.0185185
8033,54,53,0.0185185
8034,54,53,0.0185185
8036,54,53,0.0185185
8038,54,53,0.0185185
8039,54,53,0.0185185
8041,54,53,0.0185185
8042,54,53,0.0185185
8044,54,53,0.0185185
8045,54,53,0.0185185
8047,54,53,0.0185185
8048,54,53,0.0185185
8050,54,53,0.0185185
8052,54,53,0.0185185
8054,54,53,0.0185185
8055,54,53,0.0185185
8057,54,53,0.0185185
8058,54,53,0.0185185
8061,54,53,0.0185185
8063,54,53,0.0185185
8065,54,53,0.0185185
8067,54,53,0.0185185
8069,54,53,0.0185185
8071,54,53,0.0185185
8072,54,53,0.0185185
8074,54,53,0.0185185
8076,54,53,0.0185185
8077,54,53,0.0185185
8079,54,53,0.0185185
8080,54,53,0.0185185
8082,54,53,0.0185185
8084,54,53,0.0185185
8085,54,53,0.0185185
8087,54,53,0.0185185
8089,54,53,0.0185185
8090,54,53,0.0185185
8092,54,53,0.0185185
8094,54,53,0.0185185
8095,54,53,0.0185185
8097,54,53,0.0185185
8098,54,53,0.0185185
8100,54,53,0.0185185
8101,54,53,0.0185185
8103,54,53,0.0185185
8105,54,53,0.0185185
8106,54,53,0.0185185
8108,54,53,0.0185185
8109,54,53,0.0185185
8111,54,53,0.0185185
8112,54,53,0.0185185
8114,54,53,0.0185185
8115,54,53,0.0185185
8117,54,53,0.0185185
8118,54,53,0.0185185
8120,54,53,0.0185185
8121,54,53,0.0185185
8123,54,53,0.0185185
8124,54,53,0.0185185
8126,54,53,0.0185185
8128,54,53,0.0185185
8129,54,53,0.0185185
8131,54,53,0.0185185
8132,54,53,0.0185185
8134,54,53,0.0185185
8136,54,53,0.0185185
8138,54,53,0.0185185
8140,54,53,0.0185185
8141,54,53,0.0185185
8143,54,53,0.0185185
8145,54,53,0.0185185
8146,54,53,0.0185185
8148,54,53,0.0185185
8149,54,53,0.0185185
8151,54,53,0.0185185
8152,54,53,0.0185185
8154,54,53,0.0185185
8155,54,53,0.0185185
8157,54,53,0.0185185
8159,54,53,0.0185185
8160,54,53,0.0185185
8162,54,53,0.0185185
8164,54,53,0.0185185
8166,54,53,0.0185185
8169,54,53,0.0185185
8170,54,53,0.0185185
8174,54,53,0.0185185
8177,54,53,0.0185185
8179,54,53,0.0185185
8180,54,53,0.0185185
8182,54,53,0.0185185
8184,54,53,0.0185185
8185,54,53,0.0185185
8187,54,53,0.0185185
8190,54,53,0.0185185
8192,54,53,0.0185185
8194,54,53,0.0185185
8195,54,53,0.0185185
8197,54,53,0.0185185
8198,54,53,0.0185185
8199,54,53,0.0185185
8201,54,53,0.0185185
8203,54,53,0.0185185
8205,54,53,0.0185185
8207,54,53,0.0185185
8209,54,53,0.0185185
8210,54,53,0.0185185
8213,54,53,0.0185185
8215,54,53,0.0185185
8217,54,53,0.0185185
8219,54,53,0.0185185
8221,54,53,0.0185185
8223,54,53,0.0185185
8225,54,53,0.0185185
8227,54,53,0.0185185
8229,54,53,0.0185185
8231,54,53,0.0185185
8233,54,53,0.0185185
8236,54,53,0.0185185
8238,54,53,0.0185185
8240,54,53,0.0185185
8241,54,53,0.0185185
8243,54,53,0.0185185
8244,54,53,0.0185185
8246,54,53,0.0185185
8248,54,53,0.0185185
8250,54,53,0.0185185
8252,54,53,0.0185185
8254,54,53,0.0185185
8256,54,53,0.0185185
8257,54,53,0.0185185
8259,54,53,0.0185185
8260,54,53,0.0185185
8262,54,53,0.0185185
8264,54,53,0.0185185
8265,54,53,0.0185185
8268,54,53,0.0185185
8271,54,53,0.0185185
8272,54,53,0.0185185
8274,54,53,0.0185185
8276,54,53,0.0185185
8278,54,53,0.0185185
8280,54,53,0.0185185
8281,54,53,0.0185185
8283,54,53,0.0185185
8285,54,53,0.0185185
8286,54,53,0.0185185
8288,54,53,0.0185185
8289,54,53,0.0185185
8291,54,53,0.0185185
8293,54,53,0.0185185
8294,54,53,0.0185185
8296,54,53,0.0185185
8298,54,53,0.0185185
8299,54,53,0.0185185
8301,54,53,0.0185185
8303,54,53,0.0185185
8305,54,53,0.0185185
8307,54,53,0.0185185
8309,54,53,0.0185185
8310,54,53,0.0185185
8312,54,53,0.0185185
8314,54,53,0.0185185
8315,54,53,0.0185185
8317,54,53,0.0185185
8318,54,53,0.0185185
8320,54,53,0.0185185
8322,54,53,0.0185185
8324,54,53,0.0185185
8326,54,53,0.0185185
8328,54,53,0.0185185
8329,54,53,0.0185185
8332,54,53,0.0185185
8334,54,53,0.0185185
8336,54,53,0.0185185
8337,54,53,0.0185185
8339,54,53,0.0185185
8340,54,53,0.0185185
8342,54,53,0.0185185
8343,54,53,0.0185185
8345,54,53,0.0185185
8346,54,53,0.0185185
8348,54,53,0.0185185
8349,54,53,0.0185185
8351,54,53,0.0185185
8353,54,53,0.0185185
8355,54,53,0.0185185
8356,54,53,0.0185185
8359,54,53,0.0185185
8360,54,53,0.0185185
8362,54,53,0.0185185
8363,54,53,0.0185185
8365,54,53,0.0185185
8366,54,53,0.0185185
8368,54,53,0.0185185
8370,54,53,0.0185185
8371,54,53,0.0185185
8374,54,53,0.0185185
8375,54,53,0.0185185
8378,54,53,0.0185185
8379,54,53,0.0185185
8381,54,53,0.0185185
8382,54,53,0.0185185
8384,54,53,0.0185185
8387,54,53,0.0185185
8389,54,53,0.0185185
8390,54,53,0.0185185
8392,54,53,0.0185185
8394,54,53,0.0185185
8396,54,53,0.0185185
8398,54,53,0.0185185
8400,54,53,0.0185185
8401,54,53,0.0185185
8404,54,53,0.0185185
8406,54,53,0.0185185
8407,54,53,0.0185185
8410,54,53,0.0185185
8411,54,53,0.0185185
8413,54,53,0.0185185
8415,54,53,0.0185185
8416,54,53,0.0185185
8418,54,53,0.0185185
8420,54,53,0.0185185
8421,54,53,0.0185185
8424,54,53,0.0185185
8425,54,53,0.0185185
8428,54,53,0.0185185
8430,54,53,0.0185185
8431,54,53,0.0185185
8434,54,53,0.0185185
8435,54,53,0.0185185
8438,54,53,0.0185185
8439,54,53,0.0185185
8441,54,53,0.0185185
8443,54,53,0.0185185
8445,54,53,0.0185185
8446,54,53,0.0185185
8448,54,53,0.0185185
8449,54,53,0.0185185
8451,54,53,0.0185185
8453,54,53,0.0185185
8455,54,53,0.0185185
8457,54,53,0.0185185
8458,54,53,0.0185185
8460,54,53,0.0185185
8461,54,53,0.0185185
8463,54,53,0.0185185
8464,54,53,0.0185185
8466,54,53,0.0185185
8468,54,53,0.0185185
8470,54,53,0.0185185
8472,54,53,0.0185185
8475,54,53,0.0185185
8477,54,53,0.0185185
8479,54,53,0.0185185
8480,54,53,0.0185185
8482,54,53,0.0185185
8484,54,53,0.0185185
8487,54,53,0.0185185
8488,54,53,0.0185185
8491,54,53,0.0185185
8492,54,53,0.0185185
8494,54,53,0.0185185
8496,54,53,0.0185185
8498,54,53,0.0185185
8500,54,53,0.0185185
8504,54,53,0.0185185
8505,54,53,0.0185185
8507,54,53,0.0185185
8509,54,53,0.0185185
8511,54,53,0.0185185
8512,54,53,0.0185185
8514,54,53,0.0185185
8515,54,53,0.0185185
8516,54,53,0.0185185
8518,54,53,0.0185185
8520,54,53,0.0185185
8522,54,53,0.0185185
8523,54,53,0.0185185
8525,54,53,0.0185185
8526,54,53,0.0185185
8528,54,53,0.0185185
8529,54,53,0.0185185
8531,54,53,0.0185185
8532,54,53,0.0185185
8534,54,53,0.0185185
8535,54,53,0.0185185
8537,54,53,0.0185185
8539,54,53,0.0185185
8540,54,53,0.0185185
8542,54,53,0.0185185
8543,54,53,0.0185185
8545,54,53,0.0185185
8547,54,53,0.0185185
8549,54,53,0.0185185
8550,54,53,0.0185185
8552,54,53,0.0185185
8554,54,53,0.0185185
8555,54,53,0.0185185
8557,54,53,0.0185185
8559,54,53,0.0185185
8560,54,53,0.0185185
8562,54,53,0.0185185
8563,54,53,0.0185185
8565,54,53,0.0185185
8566,54,53,0.0185185
8568,54,53,0.0185185
8570,54,53,0.0185185
8571,54,53,0.0185185
8573,54,53,0.0185185
8574,54,53,0.0185185
8576,54,53,0.0185185
8578,54,53,0.0185185
8579,54,53,0.0185185
8581,54,53,0.0185185
8582,54,53,0.0185185
8584,54,53,0.0185185
8585,54,53,0.0185185
8587,54,53,0.0185185
8589,54,53,0.0185185
8591,54,53,0.0185185
8592,54,53,0.0185185
8594,54,53,0.0185185
8595,54,53,0.0185185
8597,54,53,0.0185185
8598,54,53,0.0185185
8599,54,53,0.0185185
8602,54,53,0.0185185
8604,54,53,0.0185185
8605,54,53,0.0185185
8607,54,53,0.0185185
8609,54,53,0.0185185
8611,54,53,0.0185185
8613,54,53,0.0185185
8614,54,53,0.0185185
8616,54,53,0.0185185
8617,54,53,0.0185185
8619,54,53,0.0185185
8620,54,53,0.0185185
8622,54,53,0.0185185
8623,54,53,0.0185185
8625,54,53,0.0185185
8626,54,53,0.0185185
8628,54,53,0.0185185
8629,54,53,0.0185185
8631,54,53,0.0185185
8632,54,53,0.0185185
8635,54,53,0.0185185
8637,54,53,0.0185185
8639,54,53,0.0185185
8641,54,53,0.0185185
8642,54,53,0.0185185
8644,54,53,0.0185185
8645,54,53,0.0185185
8648,54,53,0.0185185
8649,54,53,0.0185185
8651,54,53,0.0185185
8654,54,53,0.0185185
8655,54,53,0.0185185
8657,54,53,0.0185185
8658,54,53,0.0185185
8659,54,53,0.0185185
8661,54,53,0.0185185
8664,54,53,0.0185185
8665,54,53,0.0185185
8666,54,53,0.0185185
8668,54,53,0.0185185
8669,54,53,0.0185185
8671,54,53,0.0185185
8673,54,53,0.0185185
8674,54,53,0.0185185
8676,54,53,0.0185185
8677,54,53,0.0185185
8679,54,53,0.0185185
8680,54,53,0.0185185
8682,54,53,0.0185185
8683,54,53,0.0185185
8685,54,53,0.0185185
8687,54,53,0.0185185
8688,54,53,0.0185185
8690,54,53,0.0185185
8691,54,53,0.0185185
8692,54,53,0.0185185
8694,54,53,0.0185185
8696,54,53,0.0185185
8698,54,53,0.0185185
8700,54,53,0.0185185
8701,54,53,0.0185185
8703,54,53,0.0185185
8704,54,53,0.0185185
8705,54,53,0.0185185
8708,54,53,0.0185185
8709,54,53,0.0185185
8710,54,53,0.0185185
8712,54,53,0.0185185
8714,54,53,0.0185185
8716,54,53,0.0185185
8718,54,53,0.0185185
8720,54,53,0.0185185
8722,54,53,0.0185185
8723,54,53,0.0185185
8725,54,53,0.0185185
8727,54,53,0.0185185
8728,54,53,0.0185185
8730,54,53,0.0185185
8731,54,53,0.0185185
8734,54,53,0.0185185
8736,54,53,0.0185185
8739,54,53,0.0185185
8742,54,53,0.0185185
8743,54,53,0.0185185
8745,54,53,0.0185185
8747,54,53,0.0185185
8748,54,53,0.0185185
8750,54,53,0.0185185
8752,54,53,0.0185185
8754,54,53,0.0185185
8756,54,53,0.0185185
8758,54,53,0.0185185
8759,54,53,0.0185185
8761,54,53,0.0185185
8763,54,53,0.0185185
8764,54,53,0.0185185
8766,54,53,0.0185185
8768,54,53,0.0185185
8770,54,53,0.0185185
8771,54,53,0.0185185
8773,54,53,0.0185185
8776,54,53,0.0185185
8777,54,53,0.0185185
8779,54,53,0.0185185
8781,54,53,0.0185185
8782,54,53,0.0185185
8784,54,53,0.0185185
8786,54,53,0.0185185
8787,54,53,0.0185185
8789,54,53,0.0185185
8791,54,53,0.0185185
8793,54,53,0.0185185
8794,54,53,0.0185185
8796,54,53,0.0185185
8797,54,53,0.0185185
8799,54,53,0.0185185
8800,54,53,0.0185185
8803,54,53,0.0185185
8805,54,53,0.0185185
8807,54,53,0.0185185
8809,54,53,0.0185185
8810,54,53,0.0185185
8812,54,53,0.0185185
8814,54,53,0.0185185
8816,54,53,0.0185185
8818,54,53,0.0185185
8819,54,53,0.0185185
8821,54,53,0.0185185
8822,54,53,0.0185185
8824,54,53,0.0185185
8826,54,53,0.0185185
8827,54,53,0.0185185
8829,54,53,0.0185185
8830,54,53,0.0185185
8833,54,53,0.0185185
8834,54,53,0.0185185
8836,54,53,0.0185185
8837,54,53,0.0185185
8839,54,53,0.0185185
8840,54,53,0.0185185
8843,54,53,0.0185185
8844,54,53,0.0185185
8846,54,53,0.0185185
8847,54,53,0.0185185
8848,54,53,0.0185185
8850,54,53,0.0185185
8851,54,53,0.0185185
8853,54,53,0.0185185
8854,54,53,0.0185185
8856,54,53,0.0185185
8857,54,53,0.0185185
8859,54,53,0.0185185
8860,54,53,0.0185185
8861,54,53,0.0185185
8863,54,53,0.0185185
8865,54,53,0.0185185
8867,54,53,0.0185185
8868,54,53,0.0185185
8870,54,53,0.0185185
8871,54,53,0.0185185
8873,54,53,0.0185185
8874,54,53,0.0185185
8876,54,53,0.0185185
8878,54,53,0.0185185
8879,54,53,0.0185185
8881,54,53,0.0185185
8883,54,53,0.0185185
8885,54,53,0.0185185
8886,54,53,0.0185185
8888,54,53,0.0185185
8889,54,53,0.0185185
8891,54,53,0.0185185
8893,54,53,0.0185185
8894,54,53,0.0185185
8896,54,53,0.0185185
8897,54,53,0.0185185
8899,54,53,0.0185185
8902,54,53,0.0185185
8905,54,53,0.0185185
8908,54,53,0.0185185
8910,54,53,0.0185185
8912,54,53,0.0185185
8914,54,53,0.0185185
8915,54,53,0.0185185
8917,54,53,0.0185185
8918,54,53,0.0185185
8920,54,53,0.0185185
8922,54,53,0.0185185
8925,54,53,0.0185185
8928,54,53,0.0185185
8930,54,53,0.0185185
8932,54,53,0.0185185
8933,54,53,0.0185185
8935,54,53,0.0185185
8937,54,53,0.0185185
8939,54,53,0.0185185
8940,54,53,0.0185185
8940,54,53,0.0185185
8942,54,53,0.0185185
8943,54,53,0.0185185
8945,54,53,0.0185185
8946,54,53,0.0185185
8948,54,53,0.0185185
8950,54,53,0.0185185
8951,54,53,0.0185185
8953,54,53,0.0185185
8955,54,53,0.0185185
8957,54,53,0.0185185
8959,54,53,0.0185185
8960,54,53,0.0185185
8962,54,53,0.0185185
8964,54,53,0.0185185
8966,54,53,0.0185185
8968,54,53,0.0185185
8970,54,53,0.0185185
8972,54,53,0.0185185
8974,54,53,0.0185185
8975,54,53,0.0185185
8977,54,53,0.0185185
8979,54,53,0.0185185
8980,54,53,0.0185185
8982,54,53,0.0185185
8984,54,53,0.0185185
8986,54,53,0.0185185
8988,54,53,0.0185185
8990,54,53,0.0185185
8992,54,53,0.0185185
8993,54,53,0.0185185
8995,54,53,0.0185185
8996,54,53,0.0185185
8999,54,53,0.0185185
9000,54,53,0.0185185
9002,54,53,0.0185185
9004,54,53,0.0185185
9006,54,53,0.0185185
9008,54,53,0.0185185
9009,54,53,0.0185185
9012,54,53,0.0185185
9013,54,53,0.0185185
9015,54,53,0.0185185
9018,54,53,0.0185185
9021,54,53,0.0185185
9023,54,53,0.0185185
9025,54,53,0.0185185
9027,54,53,0.0185185
9029,54,53,0.0185185
9030,54,53,0.0185185
9032,54,53,0.0185185
9034,54,53,0.0185185
9036,54,53,0.0185185
9038,54,53,0.0185185
9039,54,53,0.0185185
9041,54,53,0.0185185
9044,54,53,0.0185185
9045,54,53,0.0185185
9047,54,53,0.0185185
9049,54,53,0.0185185
9051,54,53,0.0185185
9053,54,53,0.0185185
9054,54,53,0.0185185
9056,54,53,0.0185185
9059,54,53,0.0185185
9060,54,53,0.0185185
9062,54,53,0.0185185
9064,54,53,0.0185185
9066,54,53,0.0185185
9068,54,53,0.0185185
9069,54,53,0.0185185
9071,54,53,0.0185185
9073,54,53,0.0185185
9075,54,53,0.0185185
9077,54,53,0.0185185
9079,54,53,0.0185185
9080,54,53,0.0185185
9083,54,53,0.0185185
9085,54,53,0.0185185
9087,54,53,0.0185185
9088,54,53,0.0185185
9090,54,53,0.0185185
9091,54,53,0.0185185
9093,54,53,0.0185185
9094,54,53,0.0185185
9096,54,53,0.0185185
9097,54,53,0.0185185
9099,54,53,0.0185185
9100,54,53,0.0185185
9102,54,53,0.0185185
9104,54,53,0.0185185
9105,54,53,0.0185185
9107,54,53,0.0185185
9109,54,53,0.0185185
9111,54,53,0.0185185
9113,54,53,0.0185185
9114,54,53,0.0185185
9116,54,53,0.0185185
9118,54,53,0.0185185
9120,54,53,0.0185185
9121,54,53,0.0185185
9124,54,53,0.0185185
9125,54,53,0.0185185
9127,54,53,0.0185185
9128,54,53,0.0185185
9130,54,53,0.0185185
9132,54,53,0.0185185
9134,54,53,0.0185185
9136,54,53,0.0185185
9137,54,53,0.0185185
9139,54,53,0.0185185
9141,54,53,0.0185185
9144,54,53,0.0185185
9146,54,53,0.0185185
9147,54,53,0.0185185
9149,54,53,0.0185185
9151,54,53,0.0185185
9153,54,53,0.0185185
9155,54,53,0.0185185
9157,54,53,0.0185185
9158,54,53,0.0185185
9160,54,53,0.0185185
9162,54,53,0.0185185
9164,54,53,0.0185185
9166,54,53,0.0185185
9167,54,53,0.0185185
9169,54,53,0.0185185
9171,54,53,0.0185185
9172,54,53,0.0185185
9174,54,53,0.0185185
9176,54,53,0.0185185
9177,54,53,0.0185185
9179,54,53,0.0185185
9181,54,53,0.0185185
9184,54,53,0.0185185
9186,54,53,0.0185185
9187,54,53,0.0185185
9190,54,53,0.0185185
9191,54,53,0.0185185
9193,54,53,0.0185185
9194,54,53,0.0185185
9196,54,53,0.0185185
9198,54,53,0.0185185
9199,54,53,0.0185185
9201,54,53,0.0185185
9203,54,53,0.0185185
9204,54,53,0.0185185
9206,54,53,0.0185185
9207,54,53,0.0185185
9209,54,53,0.0185185
9211,54,53,0.0185185
9213,54,53,0.0185185
9214,54,53,0.0185185
9216,54,53,0.0185185
9218,54,53,0.0185185
9219,54,53,0.0185185
9221,54,53,0.0185185
9222,54,53,0.0185185
9224,54,53,0.0185185
9226,54,53,0.0185185
9227,54,53,0.0185185
9229,54,53,0.0185185
9230,54,53,0.0185185
9232,54,53,0.0185185
9234,54,53,0.0185185
9236,54,53,0.0185185
9238,54,53,0.0185185
9239,54,53,0.0185185
9241,54,53,0.0185185
9242,54,53,0.0185185
9244,54,53,0.0185185
9247,54,53,0.0185185
9248,54,53,0.0185185
9250,54,53,0.0185185
9251,54,53,0.0185185
9253,54,53,0.0185185
9255,54,53,0.0185185
9256,54,53,0.0185185
9258,54,53,0.0185185
9260,54,53,0.0185185
9262,54,53,0.0185185
9264,54,53,0.0185185
9265,54,53,0.0185185
9267,54,53,0.0185185
9268,54,53,0.0185185
9270,54,53,0.0185185
9271,54,53,0.0185185
9273,54,53,0.0185185
9274,54,53,0.0185185
9276,54,53,0.0185185
9278,54,53,0.0185185
9281,54,53,0.0185185
9282,54,53,0.0185185
9284,54,53,0.0185185
9286,54,53,0.0185185
9287,54,53,0.0185185
9289,54,53,0.0185185
9291,54,53,0.0185185
9293,54,53,0.0185185
9295,54,53,0.0185185
9297,54,53,0.0185185
9298,54,53,0.0185185
9300,54,53,0.0185185
9304,54,53,0.0185185
9306,54,53,0.0185185
9308,54,53,0.0185185
9311,54,53,0.0185185
9313,54,53,0.0185185
9314,54,53,0.0185185
9316,54,53,0.0185185
9318,54,53,0.0185185
9321,54,53,0.0185185
9322,54,53,0.0185185
9324,54,53,0.0185185
9326,54,53,0.0185185
9328,54,53,0.0185185
9330,54,53,0.0185185
9332,54,53,0.0185185
9334,54,53,0.0185185
9336,54,53,0.0185185
9338,54,53,0.0185185
9339,54,53,0.0185185
9342,54,53,0.0185185
9344,54,53,0.0185185
9346,54,53,0.0185185
9348,54,53,0.0185185
9349,54,53,0.0185185
9352,54,53,0.0185185
9354,54,53,0.0185185
9356,54,53,0.0185185
9358,54,53,0.0185185
9359,54,53,0.0185185
9361,54,53,0.0185185
9363,54,53,0.0185185
9365,54,53,0.0185185
9367,54,53,0.0185185
9369,54,53,0.0185185
9371,54,53,0.0185185
9373,54,53,0.0185185
9375,54,53,0.0185185
9376,54,53,0.0185185
9378,54,53,0.0185185
9380,54,53,0.0185185
9381,54,53,0.0185185
9383,54,53,0.0185185
9385,54,53,0.0185185
9386,54,53,0.0185185
9388,54,53,0.0185185
9390,54,53,0.0185185
9392,54,53,0.0185185
9394,54,53,0.0185185
9395,54,53,0.0185185
9397,54,53,0.0185185
9400,54,53,0.0185185
9402,54,53,0.0185185
9404,54,53,0.0185185
9405,54,53,0.0185185
9407,54,53,0.0185185
9409,54,53,0.0185185
9410,54,53,0.0185185
9412,54,53,0.0185185
9414,54,53,0.0185185
9416,54,53,0.0185185
9417,54,53,0.0185185
9419,54,53,0.0185185
9421,54,53,0.0185185
9422,54,53,0.0185185
9424,54,53,0.0185185
9426,54,53,0.0185185
9427,54,53,0.0185185
9429,54,53,0.0185185
9430,54,53,0.0185185
9433,54,53,0.0185185
9434,54,53,0.0185185
9436,54,53,0.0185185
9438,54,53,0.0185185
9440,54,53,0.0185185
9441,54,53,0.0185185
9443,54,53,0.0185185
9445,54,53,0.0185185
9447,54,53,0.0185185
9449,54,53,0.0185185
9451,54,53,0.0185185
9453,54,53,0.0185185
9455,54,53,0.0185185
9456,54,53,0.0185185
9458,54,53,0.0185185
9460,54,53,0.0185185
9462,54,53,0.0185185
9464,54,53,0.0185185
9465,54,53,0.0185185
9467,54,53,0.0185185
9469,54,53,0.0185185
9471,54,53,0.0185185
9473,54,53,0.0185185
9474,54,53,0.0185185
9476,54,53,0.0185185
9478,54,53,0.0185185
9480,54,53,0.0185185
9482,54,53,0.0185185
9483,54,53,0.0185185
9485,54,53,0.0185185
9487,54,53,0.0185185
9489,54,53,0.0185185
9491,54,53,0.0185185
9493,54,53,0.0185185
9496,54,53,0.0185185
9498,54,53,0.0185185
9500,54,53,0.0185185
9502,54,53,0.0185185
9504,54,53,0.0185185
9508,54,53,0.0185185
9510,54,53,0.0185185
9511,54,53,0.0185185
9513,54,53,0.0185185
9514,54,53,0.0185185
9516,54,53,0.0185185
9518,54,53,0.0185185
9520,54,53,0.0185185
9522,54,53,0.0185185
9524,54,53,0.0185185
9527,54,53,0.0185185
9528,54,53,0.0185185
9530,54,53,0.0185185
9532,54,53,0.0185185
9534,54,53,0.0185185
9536,54,53,0.0185185
9538,54,53,0.0185185
9540,54,53,0.0185185
9541,54,53,0.0185185
9543,54,53,0.0185185
9544,54,53,0.0185185
9546,54,53,0.0185185
9548,54,53,0.0185185
9549,54,53,0.0185185
9551,54,53,0.0185185
9554,54,53,0.0185185
9556,54,53,0.0185185
9558,54,53,0.0185185
9560,54,53,0.0185185
9562,54,53,0.0185185
9564,54,53,0.0185185
9565,54,53,0.0185185
9567,54,53,0.0185185
9568,54,53,0.0185185
9571,54,53,0.0185185
9573,54,53,0.0185185
9575,54,53,0.0185185
9577,54,53,0.0185185
9579,54,53,0.0185185
9581,54,53,0.0185185
9582,54,53,0.0185185
9584,54,53,0.0185185
9586,54,53,0.0185185
9588,54,53,0.0185185
9590,54,53,0.0185185
9591,54,53,0.0185185
9593,54,53,0.0185185
9595,54,53,0.0185185
9597,54,53,0.0185185
9599,54,53,0.0185185
9601,54,53,0.0185185
9603,54,53,0.0185185
9605,54,53,0.0185185
9607,54,53,0.0185185
9610,54,53,0.0185185
9612,54,53,0.0185185
9614,54,53,0.0185185
9616,54,53,0.0185185
9617,54,53,0.0185185
9620,54,53,0.0185185
9622,54,53,0.0185185
9624,54,53,0.0185185
9625,54,53,0.0185185
9627,54,53,0.0185185
9629,54,53,0.0185185
9630,54,53,0.0185185
9632,54,53,0.0185185
9635,54,53,0.0185185
9637,54,53,0.0185185
9638,54,53,0.0185185
9640,54,53,0.0185185
9642,54,53,0.0185185
9644,54,53,0.0185185
9646,54,53,0.0185185
9648,54,53,0.0185185
9649,54,53,0.0185185
9651,54,53,0.0185185
9653,54,53,0.0185185
9655,54,53,0.0185185
9656,54,53,0.0185185
9658,54,53,0.0185185
9659,54,53,0.0185185
9661,54,53,0.0185185
9662,54,53,0.0185185
9665,54,53,0.0185185
9666,54,53,0.0185185
9668,54,53,0.0185185
9670,54,53,0.0185185
9671,54,53,0.0185185
9673,54,53,0.0185185
9674,54,53,0.0185185
9676,54,53,0.0185185
9677,54,53,0.0185185
9679,54,53,0.0185185
9680,54,53,0.0185185
9682,54,53,0.0185185
9683,54,53,0.0185185
9685,54,53,0.0185185
9687,54,53,0.0185185
9689,54,53,0.0185185
9690,54,53,0.0185185
9693,54,53,0.0185185
9694,54,53,0.0185185
9696,54,53,0.0185185
9697,54,53,0.0185185
9699,54,53,0.0185185
9701,54,53,0.0185185
9702,54,53,0.0185185
9704,54,53,0.0185185
9706,54,53,0.0185185
9709,54,53,0.0185185
9711,54,53,0.0185185
9712,54,53,0.0185185
9714,54,53,0.0185185
9715,54,53,0.0185185
9717,54,53,0.0185185
9719,54,53,0.0185185
9721,54,53,0.0185185
9723,54,53,0.0185185
9726,54,53,0.0185185
9728,54,53,0.0185185
9730,54,53,0.0185185
9732,54,53,0.0185185
9734,54,53,0.0185185
9736,54,53,0.0185185
9739,54,53,0.0185185
9740,54,53,0.0185185
9741,54,53,0.0185185
9743,54,53,0.0185185
9745,54,53,0.0185185
9747,54,53,0.0185185
9749,54,53,0.0185185
9751,54,53,0.0185185
9753,54,53,0.0185185
9755,54,53,0.0185185
9757,54,53,0.0185185
9758,54,53,0.0185185
9760,54,53,0.0185185
9762,54,53,0.0185185
9764,54,53,0.0185185
9765,54,53,0.0185185
9767,54,53,0.0185185
9769,54,53,0.0185185
9770,54,53,0.0185185
9772,54,53,0.0185185
9774,54,53,0.0185185
9776,54,53,0.0185185
9778,54,53,0.0185185
9780,54,53,0.0185185
9782,54,53,0.0185185
9784,54,53,0.0185185
9786,54,53,0.0185185
9788,54,53,0.0185185
9789,54,53,0.0185185
9791,54,53,0.0185185
9793,54,53,0.0185185
9795,54,53,0.0185185
9797,54,53,0.0185185
9799,54,53,0.0185185
9800,54,53,0.0185185
9802,54,53,0.0185185
9804,54,53,0.0185185
9806,54,53,0.0185185
9807,54,53,0.0185185
9809,54,53,0.0185185
9811,54,53,0.0185185
9813,54,53,0.0185185
9814,54,53,0.0185185
9816,54,53,0.0185185
9818,54,53,0.0185185
9820,54,53,0.0185185
9821,54,53,0.0185185
9823,54,53,0.0185185
9825,54,53,0.0185185
9827,54,53,0.0185185
9828,54,53,0.0185185
9830,54,53,0.0185185
9833,54,53,0.0185185
9834,54,53,0.0185185
9837,54,53,0.0185185
9839,54,53,0.0185185
9841,54,53,0.0185185
9843,54,53,0.0185185
9844,54,53,0.0185185
9846,54,53,0.0185185
9848,54,53,0.0185185
9850,54,53,0.0185185
9852,54,53,0.0185185
9854,54,53,0.0185185
9856,54,53,0.0185185
9858,54,53,0.0185185
9860,54,53,0.0185185
9862,54,53,0.0185185
9864,54,53,0.0185185
9865,54,53,0.0185185
9867,54,53,0.0185185
9869,54,53,0.0185185
9871,54,53,0.0185185
9873,54,53,0.0185185
9875,54,53,0.0185185
9876,54,53,0.0185185
9878,54,53,0.0185185
9880,54,53,0.0185185
9882,54,53,0.0185185
9884,54,53,0.0185185
9885,54,53,0.0185185
9887,54,53,0.0185185
9890,54,53,0.0185185
9892,54,53,0.0185185
9894,54,53,0.0185185
9896,54,53,0.0185185
9897,54,53,0.0185185
9900,54,53,0.0185185
9901,54,53,0.0185185
9903,54,53,0.0185185
9906,54,53,0.0185185
9908,54,53,0.0185185
9910,54,53,0.0185185
9912,54,53,0.0185185
9914,54,53,0.0185185
9916,54,53,0.0185185
9918,54,53,0.0185185
9920,54,53,0.0185185
9922,54,53,0.0185185
9924,54,53,0.0185185
9926,54,53,0.0185185
9929,54,53,0.0185185
9931,54,53,0.0185185
9933,54,53,0.0185185
9935,54,53,0.0185185
9937,54,53,0.0185185
9939,54,53,0.0185185
9941,54,53,0.0185185
9943,54,53,0.0185185
9946,54,53,0.0185185
9948,54,53,0.0185185
9950,54,53,0.0185185
9952,54,53,0.0185185
9955,54,53,0.0185185
9957,54,53,0.0185185
9959,54,53,0.0185185
9961,54,53,0.0185185
9963,54,53,0.0185185
9965,54,53,0.0185185
9966,54,53,0.0185185
9969,54,53,0.0185185
9972,54,53,0.0185185
9973,54,53,0.0185185
9975,54,53,0.0185185
9977,54,53,0.0185185
9979,54,53,0.0185185
9981,54,53,0.0185185
9985,54,53,0.0185185
9987,54,53,0.0185185
9988,54,53,0.0185185
9991,54,53,0.0185185
9993,54,53,0.0185185
9995,54,53,0.0185185
9997,54,53,0.0185185
9999,54,53,0.0185185
10001,54,53,0.0185185
10004,54,53,0.0185185
10006,54,53,0.0185185
10008,54,53,0.0185185
10010,54,53,0.0185185
10011,54,53,0.0185185
10013,54,53,0.0185185
10015,54,53,0.0185185
10017,54,53,0.0185185
10019,54,53,0.0185185
10022,54,53,0.0185185
10024,54,53,0.0185185
10026,54,53,0.0185185
10028,54,53,0.0185185
10030,54,53,0.0185185
10031,54,53,0.0185185
10034,54,53,0.0185185
10036,54,53,0.0185185
10038,54,53,0.0185185
10040,54,53,0.0185185
10042,54,53,0.0185185
10044,54,53,0.0185185
10046,54,53,0.0185185
10048,54,53,0.0185185
10051,54,53,0.0185185
10053,54,53,0.0185185
10055,54,53,0.0185185
10057,54,53,0.0185185
10059,54,53,0.0185185
10061,54,53,0.0185185
10062,54,53,0.0185185
10064,54,53,0.0185185
10066,54,53,0.0185185
10068,54,53,0.0185185
10071,54,53,0.0185185
10072,54,53,0.0185185
10074,54,53,0.0185185
10076,54,53,0.0185185
10078,54,53,0.0185185
10080,54,53,0.0185185
10082,54,53,0.0185185
10085,54,53,0.0185185
10087,54,53,0.0185185
10089,54,53,0.0185185
10091,54,53,0.0185185
10093,54,53,0.0185185
10096,54,53,0.0185185
10097,54,53,0.0185185
10099,54,53,0.0185185
10102,54,53,0.0185185
10103,54,53,0.0185185
10107,54,53,0.0185185
10110,54,53,0.0185185
10112,54,53,0.0185185
10114,54,53,0.0185185
10116,54,53,0.0185185
10118,54,53,0.0185185
10120,54,53,0.0185185
10122,54,53,0.0185185
10124,54,53,0.0185185
10126,54,53,0.0185185
10129,54,53,0.0185185
10131,54,53,0.0185185
10133,54,53,0.0185185
10134,54,53,0.0185185
10138,54,53,0.0185185
10140,54,53,0.0185185
10142,54,53,0.0185185
10144,54,53,0.0185185
10146,54,53,0.0185185
10148,54,53,0.0185185
10150,54,53,0.0185185
10154,54,53,0.0185185
10156,54,53,0.0185185
10158,54,53,0.0185185
10160,54,53,0.0185185
10162,54,53,0.0185185
10164,54,53,0.0185185
10166,54,53,0.0185185
10168,54,53,0.0185185
10170,54,53,0.0185185
10173,54,53,0.0185185
10175,54,53,0.0185185
10177,54,53,0.0185185
10179,54,53,0.0185185
10181,54,53,0.0185185
10183,54,53,0.0185185
10186,54,53,0.0185185
10188,54,53,0.0185185
10190,54,53,0.0185185
10192,54,53,0.0185185
10194,54,53,0.0185185
10197,54,53,0.0185185
10199,54,53,0.0185185
10201,54,53,0.0185185
10203,54,53,0.0185185
10205,54,53,0.0185185
10208,54,53,0.0185185
10210,54,53,0.0185185
10212,54,53,0.0185185
10215,54,53,0.0185185
10218,54,53,0.0185185
10220,54,53,0.0185185
10222,54,53,0.0185185
10225,54,53,0.0185185
10227,54,53,0.0185185
10229,54,53,0.0185185
10231,54,53,0.0185185
10233,54,53,0.0185185
10235,54,53,0.0185185
10238,54,53,0.0185185
10239,54,53,0.0185185
10241,54,53,0.0185185
10243,54,53,0.0185185
10245,54,53,0.0185185
10247,54,53,0.0185185
10249,54,53,0.0185185
10251,54,53,0.0185185
10253,54,53,0.0185185
10255,54,53,0.0185185
10257,54,53,0.0185185
10259,54,53,0.0185185
10261,54,53,0.0185185
10262,54,53,0.0185185
10264,54,53,0.0185185
10266,54,53,0.0185185
10268,54,53,0.0185185
10270,54,53,0.0185185
10273,54,53,0.0185185
10275,54,53,0.0185185
10277,54,53,0.0185185
10279,54,53,0.0185185
10281,54,53,0.0185185
10283,54,53,0.0185185
10285,54,53,0.0185185
10287,54,53,0.0185185
10289,54,53,0.0185185
10290,54,53,0.0185185
10293,54,53,0.0185185
10295,54,53,0.0185185
10297,54,53,0.0185185
10299,54,53,0.0185185
10301,54,53,0.0185185
10302,54,53,0.0185185
10305,54,53,0.0185185
10307,54,53,0.0185185
10309,54,53,0.0185185
10311,54,53,0.0185185
10313,54,53,0.0185185
10315,54,53,0.0185185
10317,54,53,0.0185185
10321,54,53,0.0185185
10323,54,53,0.0185185
10325,54,53,0.0185185
10328,54,53,0.0185185
10330,54,53,0.0185185
10332,54,53,0.0185185
10333,54,53,0.0185185
10335,54,53,0.0185185
10337,54,53,0.0185185
10339,54,53,0.0185185
10341,54,53,0.0185185
10343,54,53,0.0185185
10345,54,53,0.0185185
10347,54,53,0.0185185
10350,54,53,0.0185185
10352,54,53,0.0185185
10354,54,53,0.0185185
10355,54,53,0.0185185
10357,54,53,0.0185185
10360,54,53,0.0185185
10362,54,53,0.0185185
10364,54,53,0.0185185
10366,54,53,0.0185185
10368,54,53,0.0185185
10370,54,53,0.0185185
10372,54,53,0.0185185
10374,54,53,0.0185185
10376,54,53,0.0185185
10378,54,53,0.0185185
10379,54,53,0.0185185
10381,54,53,0.0185185
10383,54,53,0.0185185
10386,54,53,0.0185185
10387,54,53,0.0185185
10389,54,53,0.0185185
10391,54,53,0.0185185
10394,54,53,0.0185185
10396,54,53,0.0185185
10397,54,53,0.0185185
10399,54,53,0.0185185
10401,54,53,0.0185185
10403,54,53,0.0185185
10405,54,53,0.0185185
10407,54,53,0.0185185
10409,54,53,0.0185185
10411,54,53,0.0185185
10412,54,53,0.0185185
10414,54,53,0.0185185
10416,54,53,0.0185185
10418,54,53,0.0185185
10420,54,53,0.0185185
10422,54,53,0.0185185
10424,54,53,0.0185185
10426,54,53,0.0185185
10429,54,53,0.0185185
10432,54,53,0.0185185
10434,54,53,0.0185185
10437,54,53,0.0185185
10439,54,53,0.0185185
10442,54,53,0.0185185
10445,54,53,0.0185185
10448,54,53,0.0185185
10450,54,53,0.0185185
10452,54,53,0.0185185
10455,54,53,0.0185185
10457,54,53,0.0185185
10459,54,53,0.0185185
10461,54,53,0.0185185
10464,54,53,0.0185185
10466,54,53,0.0185185
10468,54,53,0.0185185
10470,54,53,0.0185185
10472,54,53,0.0185185
10475,54,53,0.0185185
10477,54,53,0.0185185
10480,54,53,0.0185185
10482,54,53,0.0185185
10484,54,53,0.0185185
10487,54,53,0.0185185
10489,54,53,0.0185185
10491,54,53,0.0185185
10493,54,53,0.0185185
10496,54,53,0.0185185
10498,54,53,0.0185185
10501,54,53,0.0185185
10503,54,53,0.0185185
10506,54,53,0.0185185
10508,54,53,0.0185185
10510,54,53,0.0185185
10512,54,53,0.0185185
10514,54,53,0.0185185
10516,54,53,0.0185185
10518,54,53,0.0185185
10520,54,53,0.0185185
10522,54,53,0.0185185
10524,54,53,0.0185185
10526,54,53,0.0185185
10528,54,53,0.0185185
10530,54,53,0.0185185
10532,54,53,0.0185185
10534,54,53,0.0185185
10536,54,53,0.0185185
10538,54,53,0.0185185
10540,54,53,0.0185185
10542,54,53,0.0185185
10544,54,53,0.0185185
10546,54,53,0.0185185
10548,54,53,0.0185185
10550,54,53,0.0185185
10552,54,53,0.0185185
10554,54,53,0.0185185
10556,54,53,0.0185185
10558,54,53,0.0185185
10560,54,53,0.0185185
10562,54,53,0.0185185
10564,54,53,0.0185185
10567,54,53,0.0185185
10569,54,53,0.0185185
10571,54,53,0.0185185
10572,54,53,0.0185185
10575,54,53,0.0185185
10577,54,53,0.0185185
10578,54,53,0.0185185
10581,54,53,0.0185185
10583,54,53,0.0185185
10586,54,53,0.0185185
10588,54,53,0.0185185
10590,54,53,0.0185185
10592,54,53,0.0185185
10606,54,53,0.0185185
10609,54,53,0.0185185
10611,54,53,0.0185185
10613,54,53,0.0185185
10616,54,53,0.0185185
10618,54,53,0.0185185
10620,54,53,0.0185185
10622,54,53,0.0185185
10624,54,53,0.0185185
10626,54,53,0.0185185
10628,54,53,0.0185185
10630,54,53,0.0185185
10632,54,53,0.0185185
10634,54,53,0.0185185
10637,54,53,0.0185185
10639,54,53,0.0185185
10641,54,53,0.0185185
10643,54,53,0.0185185
10646,54,53,0.0185185
10648,54,53,0.0185185
10650,54,53,0.0185185
10653,54,53,0.0185185
10655,54,53,0.0185185
10657,54,53,0.0185185
10659,54,53,0.0185185
10661,54,53,0.0185185
10663,54,53,0.0185185
10665,54,53,0.0185185
10667,54,53,0.0185185
10669,54,53,0.0185185
10671,54,53,0.0185185
10673,54,53,0.0185185
10675,54,53,0.0185185
10678,54,53,0.0185185
10680,54,53,0.0185185
10682,54,53,0.0185185
10684,54,53,0.0185185
10686,54,53,0.0185185
10689,54,53,0.0185185
10691,54,53,0.0185185
10693,54,53,0.0185185
10695,54,53,0.0185185
10697,54,53,0.0185185
10699,54,53,0.0185185
10702,54,53,0.0185185
10705,54,53,0.0185185
10707,54,53,0.0185185
10709,54,53,0.0185185
10711,54,53,0.0185185
10713,54,53,0.0185185
10716,54,53,0.0185185
10718,54,53,0.0185185
10722,54,53,0.0185185
10725,54,53,0.0185185
10727,54,53,0.0185185
10728,54,53,0.0185185
10730,54,53,0.0185185
10732,54,53,0.0185185
10734,54,53,0.0185185
10737,54,53,0.0185185
10739,54,53,0.0185185
10741,54,53,0.0185185
10743,54,53,0.0185185
10744,54,53,0.0185185
10747,54,53,0.0185185
10749,54,53,0.0185185
10751,54,53,0.0185185
10753,54,53,0.0185185
10755,54,53,0.0185185
10757,54,53,0.0185185
10759,54,53,0.0185185
10760,54,53,0.0185185
10762,54,53,0.0185185
10765,54,53,0.0185185
10767,54,53,0.0185185
10769,54,53,0.0185185
10771,54,53,0.0185185
10772,54,53,0.0185185
10775,54,53,0.0185185
10778,54,53,0.0185185
10780,54,53,0.0185185
10784,54,53,0.0185185
10786,54,53,0.0185185
10787,54,53,0.0185185
10790,54,53,0.0185185
10792,54,53,0.0185185
10794,54,53,0.0185185
10796,54,53,0.0185185
10798,54,53,0.0185185
10799,54,53,0.0185185
10801,54,53,0.0185185
10803,54,53,0.0185185
10805,54,53,0.0185185
10807,54,53,0.0185185
10809,54,53,0.0185185
10811,54,53,0.0185185
10812,54,53,0.0185185
10814,54,53,0.0185185
10816,54,53,0.0185185
10818,54,53,0.0185185
10820,54,53,0.0185185
10822,54,53,0.0185185
10825,54,53,0.0185185
10827,54,53,0.0185185
10829,54,53,0.0185185
10832,54,53,0.0185185
10834,54,53,0.0185185
10836,54,53,0.0185185
10838,54,53,0.0185185
10840,54,53,0.0185185
10842,54,53,0.0185185
10844,54,53,0.0185185
10846,54,53,0.0185185
10848,54,53,0.0185185
10850,54,53,0.0185185
10853,54,53,0.0185185
10855,54,53,0.0185185
10858,54,53,0.0185185
10860,54,53,0.0185185
10862,54,53,0.0185185
10864,54,53,0.0185185
10866,54,53,0.0185185
10868,54,53,0.0185185
10870,54,53,0.0185185
10873,54,53,0.0185185
10875,54,53,0.0185185
10877,54,53,0.0185185
10880,54,53,0.0185185
10882,54,53,0.0185185
10884,54,53,0.0185185
10886,54,53,0.0185185
10888,54,53,0.0185185
10890,54,53,0.0185185
10892,54,53,0.0185185
10895,54,53,0.0185185
10897,54,53,0.0185185
10899,54,53,0.0185185
10901,54,53,0.0185185
10903,54,53,0.0185185
10905,54,53,0.0185185
10907,54,53,0.0185185
10909,54,53,0.0185185
10912,54,53,0.0185185
10914,54,53,0.0185185
10916,54,53,0.0185185
10918,54,53,0.0185185
10920,54,53,0.0185185
10922,54,53,0.0185185
10924,54,53,0.0185185
10927,54,53,0.0185185
10929,54,53,0.0185185
10931,54,53,0.0185185
10933,54,53,0.0185185
10936,54,53,0.0185185
10938,54,53,0.0185185
10940,54,53,0.0185185
10942,54,53,0.0185185
10945,54,53,0.0185185
10947,54,53,0.0185185
10949,54,53,0.0185185
10952,54,53,0.0185185
10954,54,53,0.0185185
10957,54,53,0.0185185
10959,54,53,0.0185185
10961,54,53,0.0185185
10963,54,53,0.0185185
10966,54,53,0.0185185
10968,54,53,0.0185185
10970,54,53,0.0185185
10972,54,53,0.0185185
10974,54,53,0.0185185
10977,54,53,0.0185185
10979,54,53,0.0185185
10981,54,53,0.0185185
10983,54,53,0.0185185
10986,54,53,0.0185185
10989,54,53,0.0185185
10991,54,53,0.0185185
10993,54,53,0.0185185
10996,54,53,0.0185185
10998,54,53,0.0185185
11001,54,53,0.0185185
11004,54,53,0.0185185
11006,54,53,0.0185185
11008,54,53,0.0185185
11011,54,53,0.0185185
11013,54,53,0.0185185
11015,54,53,0.0185185
11018,54,53,0.0185185
11020,54,53,0.0185185
11022,54,53,0.0185185
11025,54,53,0.0185185
11027,54,53,0.0185185
11030,54,53,0.0185185
11032,54,53,0.0185185
11034,54,53,0.0185185
11037,54,53,0.0185185
11039,54,53,0.0185185
11041,54,53,0.0185185
11044,54,53,0.0185185
11046,54,53,0.0185185
11049,54,53,0.0185185
11051,54,53,0.0185185
11053,54,53,0.0185185
11055,54,53,0.0185185
11058,54,53,0.0185185
11060,54,53,0.0185185
11064,54,53,0.0185185
11066,54,53,0.0185185
11069,54,53,0.0185185
11073,54,53,0.0185185
11076,54,53,0.0185185
11078,54,53,0.0185185
11080,54,53,0.0185185
11082,54,53,0.0185185
11085,54,53,0.0185185
11087,54,53,0.0185185
11090,54,53,0.0185185
11092,54,53,0.0185185
11094,54,53,0.0185185
11097,54,53,0.0185185
11100,54,53,0.0185185
11102,54,53,0.0185185
11104,54,53,0.0185185
11106,54,53,0.0185185
11109,54,53,0.0185185
11111,54,53,0.0185185
11113,54,53,0.0185185
11115,54,53,0.0185185
11118,54,53,0.0185185
11120,54,53,0.0185185
11123,54,53,0.0185185
11125,54,53,0.0185185
11127,54,53,0.0185185
11129,54,53,0.0185185
11131,54,53,0.0185185
11133,54,53,0.0185185
11136,54,53,0.0185185
11138,54,53,0.0185185
11140,54,53,0.0185185
11142,54,53,0.0185185
11144,54,53,0.0185185
11146,54,53,0.0185185
11148,54,53,0.0185185
11151,54,53,0.0185185
11153,54,53,0.0185185
11155,54,53,0.0185185
11157,54,53,0.0185185
11159,54,53,0.0185185
11161,54,53,0.0185185
11164,54,53,0.0185185
11166,54,53,0.0185185
11168,54,53,0.0185185
11170,54,53,0.0185185
11172,54,53,0.0185185
11174,54,53,0.0185185
11176,54,53,0.0185185
11178,54,53,0.0185185
11181,54,53,0.0185185
11183,54,53,0.0185185
11185,54,53,0.0185185
11187,54,53,0.0185185
11189,54,53,0.0185185
11191,54,53,0.0185185
11193,54,53,0.0185185
11195,54,53,0.0185185
11197,54,53,0.0185185
11199,54,53,0.0185185
11201,54,53,0.0185185
11204,54,53,0.0185185
11206,54,53,0.0185185
11208,54,53,0.0185185
11210,54,53,0.0185185
11213,54,53,0.0185185
11215,54,53,0.0185185
11217,54,53,0.0185185
11219,54,53,0.0185185
11222,54,53,0.0185185
11224,54,53,0.0185185
11226,54,53,0.0185185
11229,54,53,0.0185185
11231,54,53,0.0185185
11233,54,53,0.0185185
11236,54,53,0.0185185
11238,54,53,0.0185185
11240,54,53,0.0185185
11242,54,53,0.0185185
11245,54,53,0.0185185
11247,54,53,0.0185185
11249,54,53,0.0185185
11251,54,53,0.0185185
11253,54,53,0.0185185
11255,54,53,0.0185185
11257,54,53,0.0185185
11259,54,53,0.0185185
11261,54,53,0.0185185
11264,54,53,0.0185185
11266,54,53,0.0185185
11268,54,53,0.0185185
11270,54,53,0.0185185
11272,54,53,0.0185185
11274,54,53,0.0185185
11277,54,53,0.0185185
11279,54,53,0.0185185
11281,54,53,0.0185185
11284,54,53,0.0185185
11286,54,53,0.0185185
11288,54,53,0.0185185
11290,54,53,0.0185185
11292,54,53,0.0185185
11294,54,53,0.0185185
11296,54,53,0.0185185
11298,54,53,0.0185185
11300,54,53,0.0185185
11303,54,53,0.0185185
11306,54,53,0.0185185
11308,54,53,0.0185185
11310,54,53,0.0185185
11313,54,53,0.0185185
11315,54,53,0.0185185
11317,54,53,0.0185185
11319,54,53,0.0185185
11321,54,53,0.0185185
11323,54,53,0.0185185
11326,54,53,0.0185185
11328,54,53,0.0185185
11330,54,53,0.0185185
11332,54,53,0.0185185
11334,54,53,0.0185185
11336,54,53,0.0185185
11338,54,53,0.0185185
11341,54,53,0.0185185
11343,54,53,0.0185185
11345,54,53,0.0185185
11347,54,53,0.0185185
11349,54,53,0.0185185
11351,54,53,0.0185185
11354,54,53,0.0185185
11356,54,53,0.0185185
11359,54,53,0.0185185
11361,54,53,0.0185185
11363,54,53,0.0185185
11365,54,53,0.0185185
11367,54,53,0.0185185
11370,54,53,0.0185185
11372,54,53,0.0185185
11374,54,53,0.0185185
11376,54,53,0.0185185
11378,54,53,0.0185185
11380,54,53,0.0185185
11382,54,53,0.0185185
11385,54,53,0.0185185
11387,54,53,0.0185185
11389,54,53,0.0185185
11391,54,53,0.0185185
11393,54,53,0.0185185
11395,54,53,0.0185185
11397,54,53,0.0185185
11399,54,53,0.0185185
11402,54,53,0.0185185
11404,54,53,0.0185185
11406,54,53,0.0185185
11408,54,53,0.0185185
11410,54,53,0.0185185
11413,54,53,0.0185185
11415,54,53,0.0185185
11418,54,53,0.0185185
11420,54,53,0.0185185
11422,54,53,0.0185185
11424,54,53,0.0185185
11426,54,53,0.0185185
11428,54,53,0.0185185
11430,54,53,0.0185185
11432,54,53,0.0185185
11434,54,53,0.0185185
11437,54,53,0.0185185
11439,54,53,0.0185185
11441,54,53,0.0185185
11444,54,53,0.0185185
11446,54,53,0.0185185
11448,54,53,0.0185185
11450,54,53,0.0185185
11452,54,53,0.0185185
11454,54,53,0.0185185
11457,54,53,0.0185185
11459,54,53,0.0185185
11461,54,53,0.0185185
11463,54,53,0.0185185
11465,54,53,0.0185185
11467,54,53,0.0185185
11470,54,53,0.0185185
11473,54,53,0.0185185
11476,54,53,0.0185185
11479,54,53,0.0185185
11481,54,53,0.0185185
11483,54,53,0.0185185
11486,54,53,0.0185185
11488,54,53,0.0185185
11490,54,53,0.0185185
11494,54,53,0.0185185
11496,54,53,0.0185185
11498,54,53,0.0185185
11500,54,53,0.0185185
11504,54,53,0.0185185
11506,54,53,0.0185185
11508,54,53,0.0185185
11510,54,53,0.0185185
11512,54,53,0.0185185
11514,54,53,0.0185185
11517,54,53,0.0185185
11519,54,53,0.0185185
11522,54,53,0.0185185
11525,54,53,0.0185185
11527,54,53,0.0185185
11529,54,53,0.0185185
11531,54,53,0.0185185
11533,54,53,0.0185185
11535,54,53,0.0185185
11538,54,53,0.0185185
11541,54,53,0.0185185
11543,54,53,0.0185185
11545,54,53,0.0185185
11547,54,53,0.0185185
11549,54,53,0.0185185
11551,54,53,0.0185185
11553,54,53,0.0185185
11555,54,53,0.0185185
11558,54,53,0.0185185
11560,54,53,0.0185185
11563,54,53,0.0185185
11565,54,53,0.0185185
11567,54,53,0.0185185
11570,54,53,0.0185185
11573,54,53,0.0185185
11575,54,53,0.0185185
11577,54,53,0.0185185
11580,54,53,0.0185185
11582,54,53,0.0185185
11584,54,53,0.0185185
11587,54,53,0.0185185
11589,54,53,0.0185185
11591,54,53,0.0185185
11594,54,53,0.0185185
11596,54,53,0.0185185
11598,54,53,0.0185185
11601,54,53,0.0185185
11604,54,53,0.0185185
11606,54,53,0.0185185
11608,54,53,0.0185185
11610,54,53,0.0185185
11612,54,53,0.0185185
11614,54,53,0.0185185
11617,54,53,0.0185185
11619,54,53,0.0185185
11621,54,53,0.0185185
11623,54,53,0.0185185
11625,54,53,0.0185185
11627,54,53,0.0185185
11629,54,53,0.0185185
11632,54,53,0.0185185
11634,54,53,0.0185185
11636,54,53,0.0185185
11638,54,53,0.0185185
11641,54,53,0.0185185
11643,54,53,0.0185185
11646,54,53,0.0185185
11648,54,53,0.0185185
11651,54,53,0.0185185
11653,54,53,0.0185185
11655,54,53,0.0185185
11657,54,53,0.0185185
11660,54,53,0.0185185
11662,54,53,0.0185185
11664,54,53,0.0185185
11666,54,53,0.0185185
11668,54,53,0.0185185
11670,54,53,0.0185185
11672,54,53,0.0185185
11674,54,53,0.0185185
11676,54,53,0.0185185
11678,54,53,0.0185185
11680,54,53,0.0185185
11682,54,53,0.0185185
11684,54,53,0.0185185
11686,54,53,0.0185185
11688,54,53,0.0185185
11690,54,53,0.0185185
11692,54,53,0.0185185
11695,54,53,0.0185185
11697,54,53,0.0185185
11699,54,53,0.0185185
11701,54,53,0.0185185
11703,54,53,0.0185185
11705,54,53,0.0185185
11707,54,53,0.0185185
11709,54,53,0.0185185
11711,54,53,0.0185185
11714,54,53,0.0185185
11717,54,53,0.0185185
11719,54,53,0.0185185
11722,54,53,0.0185185
11724,54,53,0.0185185
11726,54,53,0.0185185
11729,54,53,0.0185185
11731,54,53,0.0185185
11733,54,53,0.0185185
11735,54,53,0.0185185
11737,54,53,0.0185185
11739,54,53,0.0185185
11742,54,53,0.0185185
11744,54,53,0.0185185
11746,54,53,0.0185185
11749,54,53,0.0185185
11752,54,53,0.0185185
11754,54,53,0.0185185
11756,54,53,0.0185185
11758,54,53,0.0185185
11761,54,53,0.0185185
11763,54,53,0.0185185
11765,54,53,0.0185185
11767,54,53,0.0185185
11770,54,53,0.0185185
11773,54,53,0.0185185
11776,54,53,0.0185185
11778,54,53,0.0185185
11780,54,53,0.0185185
11782,54,53,0.0185185
11784,54,53,0.0185185
11787,54,53,0.0185185
11789,54,53,0.0185185
11791,54,53,0.0185185
11794,54,53,0.0185185
11797,54,53,0.0185185
11800,54,53,0.0185185
11802,54,53,0.0185185
11804,54,53,0.0185185
11806,54,53,0.0185185
11809,54,53,0.0185185
11811,54,53,0.0185185
11813,54,53,0.0185185
11816,54,53,0.0185185
11819,54,53,0.0185185
11821,54,53,0.0185185
11824,54,53,0.0185185
11826,54,53,0.0185185
11828,54,53,0.0185185
11830,54,53,0.0185185
11833,54,53,0.0185185
11835,54,53,0.0185185
11838,54,53,0.0185185
11840,54,53,0.0185185
11842,54,53,0.0185185
11845,54,53,0.0185185
11847,54,53,0.0185185
11849,54,53,0.0185185
11851,54,53,0.0185185
11854,54,53,0.0185185
11856,54,53,0.0185185
11858,54,53,0.0185185
11861,54,53,0.0185185
11863,54,53,0.0185185
11865,54,53,0.0185185
11867,54,53,0.0185185
11870,54,53,0.0185185
11872,54,53,0.0185185
11874,54,53,0.0185185
11876,54,53,0.0185185
11878,54,53,0.0185185
11881,54,53,0.0185185
11883,54,53,0.0185185
11886,54,53,0.0185185
11888,54,53,0.0185185
11890,54,53,0.0185185
11892,54,53,0.0185185
11894,54,53,0.0185185
11896,54,53,0.0185185
11898,54,53,0.0185185
11901,54,53,0.0185185
11903,54,53,0.0185185
11905,54,53,0.0185185
11907,54,53,0.0185185
11909,54,53,0.0185185
11911,54,53,0.0185185
11913,54,53,0.0185185
11916,54,53,0.0185185
11918,54,53,0.0185185
11920,54,53,0.0185185
11923,54,53,0.0185185
11925,54,53,0.0185185
11927,54,53,0.0185185
11929,54,53,0.0185185
11932,54,53,0.0185185
11934,54,53,0.0185185
11936,54,53,0.0185185
11939,54,53,0.0185185
11942,54,53,0.0185185
11944,54,53,0.0185185
11946,54,53,0.0185185
11948,54,53,0.0185185
11950,54,53,0.0185185
11952,54,53,0.0185185
11954,54,53,0.0185185
11956,54,53,0.0185185
11958,54,53,0.0185185
11960,54,53,0.0185185
11962,54,53,0.0185185
11964,54,53,0.0185185
11966,54,53,0.0185185
11968,54,53,0.0185185
11971,54,53,0.0185185
11974,54,53,0.0185185
11976,54,53,0.0185185
11978,54,53,0.0185185
11980,54,53,0.0185185
11982,54,53,0.0185185
11984,54,53,0.0185185
11986,54,53,0.0185185
11988,54,53,0.0185185
11991,54,53,0.0185185
11993,54,53,0.0185185
11995,54,53,0.0185185
11997,54,53,0.0185185
12000,54,53,0.0185185
12002,54,53,0.0185185
12004,54,53,0.0185185
12007,54,53,0.0185185
12009,54,53,0.0185185
12010,54,53,0.0185185
12013,54,53,0.0185185
12015,54,53,0.0185185
12017,54,53,0.0185185
12020,54,53,0.0185185
12022,54,53,0.0185185
12024,54,53,0.0185185
12026,54,53,0.0185185
12028,54,53,0.0185185
12030,54,53,0.0185185
12032,54,53,0.0185185
12034,54,53,0.0185185
12037,54,53,0.0185185
12039,54,53,0.0185185
12041,54,53,0.0185185
12043,54,53,0.0185185
12045,54,53,0.0185185
12047,54,53,0.0185185
12050,54,53,0.0185185
12052,54,53,0.0185185
12054,54,53,0.0185185
12056,54,53,0.0185185
12058,54,53,0.0185185
12060,54,53,0.0185185
12062,54,53,0.0185185
12064,54,53,0.0185185
12066,54,53,0.0185185
12069,54,53,0.0185185
12071,54,53,0.0185185
12073,54,53,0.0185185
12075,54,53,0.0185185
12077,54,53,0.0185185
12080,54,53,0.0185185
12082,54,53,0.0185185
12084,54,53,0.0185185
12086,54,53,0.0185185
12088,54,53,0.0185185
12090,54,53,0.0185185
12092,54,53,0.0185185
12095,54,53,0.0185185
12097,54,53,0.0185185
12099,54,53,0.0185185
12101,54,53,0.0185185
12103,54,53,0.0185185
12105,54,53,0.0185185
12108,54,53,0.0185185
12110,54,53,0.0185185
12112,54,53,0.0185185
12114,54,53,0.0185185
12116,54,53,0.0185185
12119,54,53,0.0185185
12121,54,53,0.0185185
12123,54,53,0.0185185
12125,54,53,0.0185185
12127,54,53,0.0185185
12129,54,53,0.0185185
12131,54,53,0.0185185
12134,54,53,0.0185185
12136,54,53,0.0185185
12138,54,53,0.0185185
12140,54,53,0.0185185
12142,54,53,0.0185185
12145,54,53,0.0185185
12148,54,53,0.0185185
12150,54,53,0.0185185
12153,54,53,0.0185185
12157,54,53,0.0185185
12160,54,53,0.0185185
12162,54,53,0.0185185
12165,54,53,0.0185185
12168,54,53,0.0185185
12170,54,53,0.0185185
12174,54,53,0.0185185
12176,54,53,0.0185185
12179,54,53,0.0185185
12181,54,53,0.0185185
12184,54,53,0.0185185
12186,54,53,0.0185185
12189,54,53,0.0185185
12192,54,53,0.0185185
12195,54,53,0.0185185
12197,54,53,0.0185185
12201,54,53,0.0185185
12203,54,53,0.0185185
12206,54,53,0.0185185
12209,54,53,0.0185185
12211,54,53,0.0185185
12214,54,53,0.0185185
12216,54,53,0.0185185
12219,54,53,0.0185185
12221,54,53,0.0185185
12224,54,53,0.0185185
12226,54,53,0.0185185
12228,54,53,0.0185185
12231,54,53,0.0185185
12233,54,53,0.0185185
12236,54,53,0.0185185
12240,54,53,0.0185185
12242,54,53,0.0185185
12244,54,53,0.0185185
12246,54,53,0.0185185
12248,54,53,0.0185185
12250,54,53,0.0185185
12253,54,53,0.0185185
12255,54,53,0.0185185
12257,54,53,0.0185185
12259,54,53,0.0185185
12262,54,53,0.0185185
12264,54,53,0.0185185
12266,54,53,0.0185185
12269,54,53,0.0185185
12271,54,53,0.0185185
12273,54,53,0.0185185
12275,54,53,0.0185185
12277,54,53,0.0185185
12279,54,53,0.0185185
12283,54,53,0.0185185
12285,54,53,0.0185185
12287,54,53,0.0185185
12289,54,53,0.0185185
12291,54,53,0.0185185
12293,54,53,0.0185185
12295,54,53,0.0185185
12297,54,53,0.0185185
12300,54,53,0.0185185
12302,54,53,0.0185185
12304,54,53,0.0185185
12306,54,53,0.0185185
12308,54,53,0.0185185
12310,54,53,0.0185185
12313,54,53,0.0185185
12315,54,53,0.0185185
12317,54,53,0.0185185
12320,54,53,0.0185185
12323,54,53,0.0185185
12325,54,53,0.0185185
12327,54,53,0.0185185
12330,54,53,0.0185185
12332,54,53,0.0185185
12335,54,53,0.0185185
12337,54,53,0.0185185
12340,54,53,0.0185185
12342,54,53,0.0185185
12345,54,53,0.0185185
12347,54,53,0.0185185
12350,54,53,0.0185185
12352,54,53,0.0185185
12354,54,53,0.0185185
12356,54,53,0.0185185
12359,54,53,0.0185185
12361,54,53,0.0185185
12363,54,53,0.0185185
12365,54,53,0.0185185
12368,54,53,0.0185185
12371,54,53,0.0185185
12373,54,53,0.0185185
12376,54,53,0.0185185
12378,54,53,0.0185185
12380,54,53,0.0185185
12382,54,53,0.0185185
12385,54,53,0.0185185
12387,54,53,0.0185185
12390,54,53,0.0185185
12392,54,53,0.0185185
12395,54,53,0.0185185
12397,54,53,0.0185185
12399,54,53,0.0185185
12402,54,53,0.0185185
12404,54,53,0.0185185
12407,54,53,0.0185185
12410,54,53,0.0185185
12412,54,53,0.0185185
12414,54,53,0.0185185
12417,54,53,0.0185185
12419,54,53,0.0185185
12423,54,53,0.0185185
12425,54,53,0.0185185
12428,54,53,0.0185185
12430,54,53,0.0185185
12433,54,53,0.0185185
12435,54,53,0.0185185
12438,54,53,0.0185185
12441,54,53,0.0185185
12443,54,53,0.0185185
12446,54,53,0.0185185
12448,54,53,0.0185185
12451,54,53,0.0185185
12453,54,53,0.0185185
12455,54,53,0.0185185
12458,54,53,0.0185185
12460,54,53,0.0185185
12463,54,53,0.0185185
12465,54,53,0.0185185
12468,54,53,0.0185185
12470,54,53,0.0185185
12473,54,53,0.0185185
12475,54,53,0.0185185
12477,54,53,0.0185185
12480,54,53,0.0185185
12483,54,53,0.0185185
12487,54,53,0.0185185
12489,54,53,0.0185185
12492,54,53,0.0185185
12494,54,53,0.0185185
12497,54,53,0.0185185
12499,54,53,0.0185185
12502,54,53,0.0185185
12504,54,53,0.0185185
12506,54,53,0.0185185
12509,54,53,0.0185185
12511,54,53,0.0185185
12513,54,53,0.0185185
12515,54,53,0.0185185
12517,54,53,0.0185185
12519,54,53,0.0185185
12521,54,53,0.0185185
12524,54,53,0.0185185
12526,54,53,0.0185185
12528,54,53,0.0185185
12530,54,53,0.0185185
12533,54,53,0.0185185
12535,54,53,0.0185185
12537,54,53,0.0185185
12539,54,53,0.0185185
12541,54,53,0.0185185
12543,54,53,0.0185185
12545,54,53,0.0185185
12547,54,53,0.0185185
12550,54,53,0.0185185
12552,54,53,0.0185185
12554,54,53,0.0185185
12556,54,53,0.0185185
12558,54,53,0.0185185
12560,54,53,0.0185185
12562,54,53,0.0185185
12564,54,53,0.0185185
12566,54,53,0.0185185
12568,54,53,0.0185185
12570,54,53,0.0185185
12572,54,53,0.0185185
12575,54,53,0.0185185
12577,54,53,0.0185185
12580,54,53,0.0185185
12582,54,53,0.0185185
12584,54,53,0.0185185
12586,54,53,0.0185185
12588,54,53,0.0185185
12590,54,53,0.0185185
12592,54,53,0.0185185
12595,54,53,0.0185185
12597,54,53,0.0185185
12599,54,53,0.0185185
12601,54,53,0.0185185
12604,54,53,0.0185185
12606,54,53,0.0185185
12608,54,53,0.0185185
12610,54,53,0.0185185
12612,54,53,0.0185185
12614,54,53,0.0185185
12616,54,53,0.0185185
12618,54,53,0.0185185
12621,54,53,0.0185185
12623,54,53,0.0185185
12625,54,53,0.0185185
12627,54,53,0.0185185
12629,54,53,0.0185185
12631,54,53,0.0185185
12633,54,53,0.0185185
12635,54,53,0.0185185
12637,54,53,0.0185185
12639,54,53,0.0185185
12642,54,53,0.0185185
12644,54,53,0.0185185
12646,54,53,0.0185185
12648,54,53,0.0185185
12651,54,53,0.0185185
12653,54,53,0.0185185
12655,54,53,0.0185185
12657,54,53,0.0185185
12659,54,53,0.0185185
12661,54,53,0.0185185
12663,54,53,0.0185185
12665,54,53,0.0185185
12667,54,53,0.0185185
12669,54,53,0.0185185
12672,54,53,0.0185185
12674,54,53,0.0185185
12676,54,53,0.0185185
12679,54,53,0.0185185
12681,54,53,0.0185185
12683,54,53,0.0185185
12685,54,53,0.0185185
12687,54,53,0.0185185
12689,54,53,0.0185185
12691,54,53,0.0185185
12693,54,53,0.0185185
12695,54,53,0.0185185
12698,54,53,0.0185185
12700,54,53,0.0185185
12702,54,53,0.0185185
12704,54,53,0.0185185
12706,54,53,0.0185185
12708,54,53,0.0185185
12710,54,53,0.0185185
12713,54,53,0.0185185
12715,54,53,0.0185185
12717,54,53,0.0185185
12719,54,53,0.0185185
12722,54,53,0.0185185
12725,54,53,0.0185185
12728,54,53,0.0185185
12730,54,53,0.0185185
12732,54,53,0.0185185
12735,54,53,0.0185185
12738,54,53,0.0185185
12740,54,53,0.0185185
12743,54,53,0.0185185
12745,54,53,0.0185185
12748,54,53,0.0185185
12750,54,53,0.0185185
12754,54,53,0.0185185
12757,54,53,0.0185185
12759,54,53,0.0185185
12761,54,53,0.0185185
12764,54,53,0.0185185
12766,54,53,0.0185185
12768,54,53,0.0185185
12771,54,53,0.0185185
12773,54,53,0.0185185
12776,54,53,0.0185185
12778,54,53,0.0185185
12780,54,53,0.0185185
12783,54,53,0.0185185
12786,54,53,0.0185185
12788,54,53,0.0185185
12790,54,53,0.0185185
12792,54,53,0.0185185
12795,54,53,0.0185185
12797,54,53,0.0185185
12799,54,53,0.0185185
12802,54,53,0.0185185
12804,54,53,0.0185185
12806,54,53,0.0185185
12808,54,53,0.0185185
12811,54,53,0.0185185
12814,54,53,0.0185185
12816,54,53,0.0185185
12818,54,53,0.0185185
12821,54,53,0.0185185
12823,54,53,0.0185185
12826,54,53,0.0185185
12829,54,53,0.0185185
12831,54,53,0.0185185
12833,54,53,0.0185185
12835,54,53,0.0185185
12837,54,53,0.0185185
12840,54,53,0.0185185
12842,54,53,0.0185185
12844,54,53,0.0185185
12846,54,53,0.0185185
12848,54,53,0.0185185
12851,54,53,0.0185185
12853,54,53,0.0185185
12855,54,53,0.0185185
12857,54,53,0.0185185
12860,54,53,0.0185185
12862,54,53,0.0185185
12865,54,53,0.0185185
12868,54,53,0.0185185
12870,54,53,0.0185185
12872,54,53,0.0185185
12874,54,53,0.0185185
12877,54,53,0.0185185
12879,54,53,0.0185185
12882,54,53,0.0185185
12884,54,53,0.0185185
12886,54,53,0.0185185
12889,54,53,0.0185185
12891,54,53,0.0185185
12893,54,53,0.0185185
12895,54,53,0.0185185
12898,54,53,0.0185185
12900,54,53,0.0185185
12902,54,53,0.0185185
12904,54,53,0.0185185
12906,54,53,0.0185185
12908,54,53,0.0185185
12910,54,53,0.0185185
12913,54,53,0.0185185
12915,54,53,0.0185185
12917,54,53,0.0185185
12920,54,53,0.0185185
12922,54,53,0.0185185
12924,54,53,0.0185185
12926,54,53,0.0185185
12928,54,53,0.0185185
12930,54,53,0.0185185
12932,54,53,0.0185185
12934,54,53,0.0185185
12936,54,53,0.0185185
12938,54,53,0.0185185
12940,54,53,0.0185185
12943,54,53,0.0185185
12945,54,53,0.0185185
12947,54,53,0.0185185
12949,54,53,0.0185185
12951,54,53,0.0185185
12953,54,53,0.0185185
12956,54,53,0.0185185
12958,54,53,0.0185185
12960,54,53,0.0185185
12962,54,53,0.0185185
12964,54,53,0.0185185
12966,54,53,0.0185185
12968,54,53,0.0185185
12971,54,53,0.0185185
12974,54,53,0.0185185
12976,54,53,0.0185185
12978,54,53,0.0185185
12980,54,53,0.0185185
12982,54,53,0.0185185
12984,54,53,0.0185185
12986,54,53,0.0185185
12989,54,53,0.0185185
12991,54,53,0.0185185
12993,54,53,0.0185185
12995,54,53,0.0185185
12997,54,53,0.0185185
13000,54,53,0.0185185
13002,54,53,0.0185185
13004,54,53,0.0185185
13006,54,53,0.0185185
13008,54,53,0.0185185
13011,54,53,0.0185185
13013,54,53,0.0185185
13016,54,53,0.0185185
13018,54,53,0.0185185
13020,54,53,0.0185185
13023,54,53,0.0185185
13025,54,53,0.0185185
13027,54,53,0.0185185
13029,54,53,0.0185185
13031,54,53,0.0185185
13034,54,53,0.0185185
13036,54,53,0.0185185
13039,54,53,0.0185185
13041,54,53,0.0185185
13043,54,53,0.0185185
13045,54,53,0.0185185
13048,54,53,0.0185185
13050,54,53,0.0185185
13052,54,53,0.0185185
13054,54,53,0.0185185
13056,54,53,0.0185185
13058,54,53,0.0185185
13060,54,53,0.0185185
13063,54,53,0.0185185
13065,54,53,0.0185185
13068,54,53,0.0185185
13070,54,53,0.0185185
13072,54,53,0.0185185
13074,54,53,0.0185185
13076,54,53,0.0185185
13078,54,53,0.0185185
13080,54,53,0.0185185
13083,54,53,0.0185185
13085,54,53,0.0185185
13087,54,53,0.0185185
13089,54,53,0.0185185
13091,54,53,0.0185185
13093,54,53,0.0185185
13095,54,53,0.0185185
13098,54,53,0.0185185
13100,54,53,0.0185185
13102,54,53,0.0185185
13105,54,53,0.0185185
13109,54,53,0.0185185
13112,54,53,0.0185185
13114,54,53,0.0185185
13116,54,53,0.0185185
13118,54,53,0.0185185
13120,54,53,0.0185185
13122,54,53,0.0185185
13124,54,53,0.0185185
13126,54,53,0.0185185
13128,54,53,0.0185185
13130,54,53,0.0185185
13133,54,53,0.0185185
13135,54,53,0.0185185
13137,54,53,0.0185185
13139,54,53,0.0185185
13141,54,53,0.0185185
13143,54,53,0.0185185
13145,54,53,0.0185185
13147,54,53,0.0185185
13150,54,53,0.0185185
13152,54,53,0.0185185
13154,54,53,0.0185185
13156,54,53,0.0185185
13158,54,53,0.0185185
13160,54,53,0.0185185
13163,54,53,0.0185185
13166,54,53,0.0185185
13169,54,53,0.0185185
13172,54,53,0.0185185
13174,54,53,0.0185185
13177,54,53,0.0185185
13179,54,53,0.0185185
13181,54,53,0.0185185
13185,54,53,0.0185185
13187,54,53,0.0185185
13190,54,53,0.0185185
13192,54,53,0.0185185
13195,54,53,0.0185185
13197,54,53,0.0185185
13200,54,53,0.0185185
13203,54,53,0.0185185
13205,54,53,0.0185185
13208,54,53,0.0185185
13210,54,53,0.0185185
13212,54,53,0.0185185
13215,54,53,0.0185185
13217,54,53,0.0185185
13220,54,53,0.0185185
13222,54,53,0.0185185
13225,54,53,0.0185185
13227,54,53,0.0185185
13229,54,53,0.0185185
13232,54,53,0.0185185
13234,54,53,0.0185185
13237,54,53,0.0185185
13239,54,53,0.0185185
13241,54,53,0.0185185
13244,54,53,0.0185185
13246,54,53,0.0185185
13249,54,53,0.0185185
13252,54,53,0.0185185
13254,54,53,0.0185185
13256,54,53,0.0185185
13259,54,53,0.0185185
13261,54,53,0.0185185
13264,54,53,0.0185185
13267,54,53,0.0185185
13270,54,53,0.0185185
13272,54,53,0.0185185
13274,54,53,0.0185185
13277,54,53,0.0185185
13279,54,53,0.0185185
13282,54,53,0.0185185
13285,54,53,0.0185185
13287,54,53,0.0185185
13290,54,53,0.0185185
13292,54,53,0.0185185
13295,54,53,0.0185185
13299,54,53,0.0185185
13301,54,53,0.0185185
13305,54,53,0.0185185
13307,54,53,0.0185185
13310,54,53,0.0185185
13313,54,53,0.0185185
13315,54,53,0.0185185
13319,54,53,0.0185185
13321,54,53,0.0185185
13323,54,53,0.0185185
13326,54,53,0.0185185
13328,54,53,0.0185185
13330,54,53,0.0185185
13333,54,53,0.0185185
13336,54,53,0.0185185
13339,54,53,0.0185185
13341,54,53,0.0185185
13343,54,53,0.0185185
13345,54,53,0.0185185
13347,54,53,0.0185185
13350,54,53,0.0185185
13352,54,53,0.0185185
13355,54,53,0.0185185
13359,54,53,0.0185185
13361,54,53,0.0185185
13363,54,53,0.0185185
13365,54,53,0.0185185
13368,54,53,0.0185185
13371,54,53,0.0185185
13373,54,53,0.0185185
13375,54,53,0.0185185
13377,54,53,0.0185185
13380,54,53,0.0185185
13382,54,53,0.0185185
13385,54,53,0.0185185
13388,54,53,0.0185185
13390,54,53,0.0185185
13392,54,53,0.0185185
13394,54,53,0.0185185
13396,54,53,0.0185185
13399,54,53,0.0185185
13401,54,53,0.0185185
13404,54,53,0.0185185
13407,54,53,0.0185185
13409,54,53,0.0185185
13413,54,53,0.0185185
13415,54,53,0.0185185
13417,54,53,0.0185185
13420,54,53,0.0185185
13422,54,53,0.0185185
13424,54,53,0.0185185
13427,54,53,0.0185185
13429,54,53,0.0185185
13433,54,53,0.0185185
13435,54,53,0.0185185
13437,54,53,0.0185185
13440,54,53,0.0185185
13442,54,53,0.0185185
13444,54,53,0.0185185
13447,54,53,0.0185185
13449,54,53,0.0185185
13451,54,53,0.0185185
13453,54,53,0.0185185
13456,54,53,0.0185185
13458,54,53,0.0185185
13460,54,53,0.0185185
13462,54,53,0.0185185
13465,54,53,0.0185185
13467,54,53,0.0185185
13469,54,53,0.0185185
13471,54,53,0.0185185
13475,54,53,0.0185185
13477,54,53,0.0185185
13479,54,53,0.0185185
13481,54,53,0.0185185
13484,54,53,0.0185185
13486,54,53,0.0185185
13488,54,53,0.0185185
13491,54,53,0.0185185
13493,54,53,0.0185185
13496,54,53,0.0185185
13498,54,53,0.0185185
13501,54,53,0.0185185
13504,54,53,0.0185185
13506,54,53,0.0185185
13509,54,53,0.0185185
13511,54,53,0.0185185
13514,54,53,0.0185185
13516,54,53,0.0185185
13518,54,53,0.0185185
13522,54,53,0.0185185
13524,54,53,0.0185185
13526,54,53,0.0185185
13528,54,53,0.0185185
13530,54,53,0.0185185
13533,54,53,0.0185185
13536,54,53,0.0185185
13538,54,53,0.0185185
13540,54,53,0.0185185
13543,54,53,0.0185185
13545,54,53,0.0185185
13547,54,53,0.0185185
13549,54,53,0.0185185
13552,54,53,0.0185185
13554,54,53,0.0185185
13556,54,53,0.0185185
13559,54,53,0.0185185
13561,54,53,0.0185185
13563,54,53,0.0185185
13565,54,53,0.0185185
13567,54,53,0.0185185
13570,54,53,0.0185185
13572,54,53,0.0185185
13574,54,53,0.0185185
13576,54,53,0.0185185
13579,54,53,0.0185185
13581,54,53,0.0185185
13584,54,53,0.0185185
13586,54,53,0.0185185
13588,54,53,0.0185185
13590,54,53,0.0185185
13593,54,53,0.0185185
13595,54,53,0.0185185
13598,54,53,0.0185185
13601,54,53,0.0185185
13604,54,53,0.0185185
13607,54,53,0.0185185
13609,54,53,0.0185185
13611,54,53,0.0185185
13614,54,53,0.0185185
13616,54,53,0.0185185
13620,54,53,0.0185185
13623,54,53,0.0185185
13626,54,53,0.0185185
13629,54,53,0.0185185
13632,54,53,0.0185185
13634,54,53,0.0185185
13637,54,53,0.0185185
13640,54,53,0.0185185
13642,54,53,0.0185185
13645,54,53,0.0185185
13647,54,53,0.0185185
13650,54,53,0.0185185
13652,54,53,0.0185185
13655,54,53,0.0185185
13658,54,53,0.0185185
13660,54,53,0.0185185
13662,54,53,0.0185185
13665,54,53,0.0185185
13667,54,53,0.0185185
13669,54,53,0.0185185
13672,54,53,0.0185185
13674,54,53,0.0185185
13676,54,53,0.0185185
13678,54,53,0.0185185
13681,54,53,0.0185185
13683,54,53,0.0185185
13685,54,53,0.0185185
13688,54,53,0.0185185
13691,54,53,0.0185185
13693,54,53,0.0185185
13696,54,53,0.0185185
13699,54,53,0.0185185
13701,54,53,0.0185185
13704,54,53,0.0185185
13708,54,53,0.0185185
13710,54,53,0.0185185
13712,54,53,0.0185185
13715,54,53,0.0185185
13718,54,53,0.0185185
13721,54,53,0.0185185
13723,54,53,0.0185185
13725,54,53,0.0185185
13728,54,53,0.0185185
13730,54,53,0.0185185
13732,54,53,0.0185185
13734,54,53,0.0185185
13737,54,53,0.0185185
13739,54,53,0.0185185
13741,54,53,0.0185185
13743,54,53,0.0185185
13745,54,53,0.0185185
13748,54,53,0.0185185
13751,54,53,0.0185185
13753,54,53,0.0185185
13755,54,53,0.0185185
13758,54,53,0.0185185
13760,54,53,0.0185185
13763,54,53,0.0185185
13765,54,53,0.0185185
13767,54,53,0.0185185
13770,54,53,0.0185185
13772,54,53,0.0185185
13774,54,53,0.0185185
13777,54,53,0.0185185
13780,54,53,0.0185185
13782,54,53,0.0185185
13784,54,53,0.0185185
13786,54,53,0.0185185
13789,54,53,0.0185185
13791,54,53,0.0185185
13793,54,53,0.0185185
13795,54,53,0.0185185
13797,54,53,0.0185185
13800,54,53,0.0185185
13802,54,53,0.0185185
13804,54,53,0.0185185
13807,54,53,0.0185185
13809,54,53,0.0185185
13811,54,53,0.0185185
13813,54,53,0.0185185
13815,54,53,0.0185185
13818,54,53,0.0185185
13820,54,53,0.0185185
13822,54,53,0.0185185
13824,54,53,0.0185185
13826,54,53,0.0185185
13828,54,53,0.0185185
13831,54,53,0.0185185
13833,54,53,0.0185185
13837,54,53,0.0185185
13839,54,53,0.0185185
13841,54,53,0.0185185
13843,54,53,0.0185185
13846,54,53,0.0185185
13848,54,53,0.0185185
13852,54,53,0.0185185
13855,54,53,0.0185185
13857,54,53,0.0185185
13859,54,53,0.0185185
13861,54,53,0.0185185
13864,54,53,0.0185185
13866,54,53,0.0185185
13869,54,53,0.0185185
13871,54,53,0.0185185
13873,54,53,0.0185185
13875,54,53,0.0185185
13878,54,53,0.0185185
13881,54,53,0.0185185
13883,54,53,0.0185185
13885,54,53,0.0185185
13887,54,53,0.0185185
13889,54,53,0.0185185
13892,54,53,0.0185185
13894,54,53,0.0185185
13896,54,53,0.0185185
13898,54,53,0.0185185
13901,54,53,0.0185185
13903,54,53,0.0185185
13905,54,53,0.0185185
13908,54,53,0.0185185
13912,54,53,0.0185185
13914,54,53,0.0185185
13916,54,53,0.0185185
13918,54,53,0.0185185
13920,54,53,0.0185185
13922,54,53,0.0185185
13925,54,53,0.0185185
13927,54,53,0.0185185
13929,54,53,0.0185185
13931,54,53,0.0185185
13933,54,53,0.0185185
13935,54,53,0.0185185
13937,54,53,0.0185185
13939,54,53,0.0185185
13942,54,53,0.0185185
13944,54,53,0.0185185
13946,54,53,0.0185185
13948,54,53,0.0185185
13951,54,53,0.0185185
13953,54,53,0.0185185
13955,54,53,0.0185185
13957,54,53,0.0185185
13959,54,53,0.0185185
13962,54,53,0.0185185
13964,54,53,0.0185185
13966,54,53,0.0185185
13968,54,53,0.0185185
13971,54,53,0.0185185
13973,54,53,0.0185185
13975,54,53,0.0185185
13977,54,53,0.0185185
13980,54,53,0.0185185
13982,54,53,0.0185185
13984,54,53,0.0185185
13986,54,53,0.0185185
13988,54,53,0.0185185
13990,54,53,0.0185185
13992,54,53,0.0185185
13994,54,53,0.0185185
13997,54,53,0.0185185
13999,54,53,0.0185185
14001,54,53,0.0185185
14003,54,53,0.0185185
14005,54,53,0.0185185
14007,54,53,0.0185185
14009,54,53,0.0185185
14011,54,53,0.0185185
14013,54,53,0.0185185
14015,54,53,0.0185185
14018,54,53,0.0185185
14020,54,53,0.0185185
14022,54,53,0.0185185
14024,54,53,0.0185185
14026,54,53,0.0185185
14028,54,53,0.0185185
14030,54,53,0.0185185
14032,54,53,0.0185185
14035,54,53,0.0185185
14037,54,53,0.0185185
14039,54,53,0.0185185
14041,54,53,0.0185185
14043,54,53,0.0185185
14045,54,53,0.0185185
14047,54,53,0.0185185
14049,54,53,0.0185185
14052,54,53,0.0185185
14054,54,53,0.0185185
14057,54,53,0.0185185
14059,54,53,0.0185185
14063,54,53,0.0185185
14065,54,53,0.0185185
14067,54,53,0.0185185
14070,54,53,0.0185185
14074,54,53,0.0185185
14076,54,53,0.0185185
14079,54,53,0.0185185
14081,54,53,0.0185185
14084,54,53,0.0185185
14086,54,53,0.0185185
14088,54,53,0.0185185
14091,54,53,0.0185185
14095,54,53,0.0185185
14097,54,53,0.0185185
14100,54,53,0.0185185
14103,54,53,0.0185185
14105,54,53,0.0185185
14108,54,53,0.0185185
14110,54,53,0.0185185
14113,54,53,0.0185185
14116,54,53,0.0185185
14118,54,53,0.0185185
14122,54,53,0.0185185
14125,54,53,0.0185185
14127,54,53,0.0185185
14130,54,53,0.0185185
14132,54,53,0.0185185
14135,54,53,0.0185185
14138,54,53,0.0185185
14140,54,53,0.0185185
14143,54,53,0.0185185
14145,54,53,0.0185185
14147,54,53,0.0185185
14149,54,53,0.0185185
14152,54,53,0.0185185
14155,54,53,0.0185185
14157,54,53,0.0185185
14160,54,53,0.0185185
14162,54,53,0.0185185
14165,54,53,0.0185185
14167,54,53,0.0185185
14170,54,53,0.0185185
14173,54,53,0.0185185
14176,54,53,0.0185185
14179,54,53,0.0185185
14182,54,53,0.0185185
14185,54,53,0.0185185
14187,54,53,0.0185185
14189,54,53,0.0185185
14192,54,53,0.0185185
14194,54,53,0.0185185
14197,54,53,0.0185185
14200,54,53,0.0185185
14203,54,53,0.0185185
14206,54,53,0.0185185
14208,54,53,0.0185185
14210,54,53,0.0185185
14213,54,53,0.0185185
14215,54,53,0.0185185
14217,54,53,0.0185185
14220,54,53,0.0185185
14222,54,53,0.0185185
14224,54,53,0.0185185
14227,54,53,0.0185185
14229,54,53,0.0185185
14231,54,53,0.0185185
14234,54,53,0.0185185
14236,54,53,0.0185185
14239,54,53,0.0185185
14241,54,53,0.0185185
14243,54,53,0.0185185
14246,54,53,0.0185185
14248,54,53,0.0185185
14251,54,53,0.0185185
14253,54,53,0.0185185
14256,54,53,0.0185185
14258,54,53,0.0185185
14260,54,53,0.0185185
14262,54,53,0.0185185
14265,54,53,0.0185185
14267,54,53,0.0185185
14269,54,53,0.0185185
14273,54,53,0.0185185
14275,54,53,0.0185185
14278,54,53,0.0185185
14280,54,53,0.0185185
14283,54,53,0.0185185
14285,54,53,0.0185185
14287,54,53,0.0185185
14289,54,53,0.0185185
14292,54,53,0.0185185
14295,54,53,0.0185185
14297,54,53,0.0185185
14299,54,53,0.0185185
14302,54,53,0.0185185
14304,54,53,0.0185185
14306,54,53,0.0185185
14308,54,53,0.0185185
14312,54,53,0.0185185
14314,54,53,0.0185185
14317,54,53,0.0185185
14319,54,53,0.0185185
14321,54,53,0.0185185
14324,54,53,0.0185185
14326,54,53,0.0185185
14328,54,53,0.0185185
14330,54,53,0.0185185
14333,54,53,0.0185185
14336,54,53,0.0185185
14338,54,53,0.0185185
14340,54,53,0.0185185
14343,54,53,0.0185185
14345,54,53,0.0185185
14347,54,53,0.0185185
14349,54,53,0.0185185
14352,54,53,0.0185185
14354,54,53,0.0185185
14356,54,53,0.0185185
14359,54,53,0.0185185
14361,54,53,0.0185185
14363,54,53,0.0185185
14365,54,53,0.0185185
14367,54,53,0.0185185
14370,54,53,0.0185185
14372,54,53,0.0185185
14374,54,53,0.0185185
14377,54,53,0.0185185
14379,54,53,0.0185185
14382,54,53,0.0185185
14384,54,53,0.0185185
14386,54,53,0.0185185
14388,54,53,0.0185185
14390,54,53,0.0185185
14392,54,53,0.0185185
14395,54,53,0.0185185
14397,54,53,0.0185185
14399,54,53,0.0185185
14401,54,53,0.0185185
14403,54,53,0.0185185
14405,54,53,0.0185185
14408,54,53,0.0185185
14410,54,53,0.0185185
14412,54,53,0.0185185
14414,54,53,0.0185185
14416,54,53,0.0185185
14419,54,53,0.0185185
14421,54,53,0.0185185
14423,54,53,0.0185185
14425,54,53,0.0185185
14427,54,53,0.0185185
14429,54,53,0.0185185
14432,54,53,0.0185185
14434,54,53,0.0185185
14437,54,53,0.0185185
14439,54,53,0.0185185
14441,54,53,0.0185185
14444,54,53,0.0185185
14446,54,53,0.0185185
14448,54,53,0.0185185
14451,54,53,0.0185185
14453,54,53,0.0185185
14456,54,53,0.0185185
14458,54,53,0.0185185
14460,54,53,0.0185185
14462,54,53,0.0185185
14465,54,53,0.0185185
14467,54,53,0.0185185
14469,54,53,0.0185185
14471,54,53,0.0185185
14473,54,53,0.0185185
14475,54,53,0.0185185
14478,54,53,0.0185185
14480,54,53,0.0185185
14482,54,53,0.0185185
14484,54,53,0.0185185
14486,54,53,0.0185185
14489,54,53,0.0185185
14491,54,53,0.0185185
14494,54,53,0.0185185
14497,54,53,0.0185185
14499,54,53,0.0185185
14502,54,53,0.0185185
14504,54,53,0.0185185
14507,54,53,0.0185185
14509,54,53,0.0185185
14511,54,53,0.0185185
14514,54,53,0.0185185
14516,54,53,0.0185185
14518,54,53,0.0185185
14521,54,53,0.0185185
14523,54,53,0.0185185
14525,54,53,0.0185185
14527,54,53,0.0185185
14529,54,53,0.0185185
14531,54,53,0.0185185
14534,54,53,0.0185185
14537,54,53,0.0185185
14539,54,53,0.0185185
14541,54,53,0.0185185
14543,54,53,0.0185185
14546,54,53,0.0185185
14549,54,53,0.0185185
14551,54,53,0.0185185
14553,54,53,0.0185185
14556,54,53,0.0185185
14558,54,53,0.0185185
14560,54,53,0.0185185
14563,54,53,0.0185185
14565,54,53,0.0185185
14567,54,53,0.0185185
14570,54,53,0.0185185
14573,54,53,0.0185185
14576,54,53,0.0185185
14579,54,53,0.0185185
14581,54,53,0.0185185
14583,54,53,0.0185185
14585,54,53,0.0185185
14587,54,53,0.0185185
14589,54,53,0.0185185
14592,54,53,0.0185185
14595,54,53,0.0185185
14597,54,53,0.0185185
14599,54,53,0.0185185
14603,54,53,0.0185185
14605,54,53,0.0185185
14608,54,53,0.0185185
14610,54,53,0.0185185
14613,54,53,0.0185185
14615,54,53,0.0185185
14618,54,53,0.0185185
14621,54,53,0.0185185
14623,54,53,0.0185185
14625,54,53,0.0185185
14627,54,53,0.0185185
14629,54,53,0.0185185
14632,54,53,0.0185185
14636,54,53,0.0185185
14638,54,53,0.0185185
14640,54,53,0.0185185
14642,54,53,0.0185185
14645,54,53,0.0185185
14647,54,53,0.0185185
14649,54,53,0.0185185
14652,54,53,0.0185185
14654,54,53,0.0185185
14657,54,53,0.0185185
14659,54,53,0.0185185
14661,54,53,0.0185185
14663,54,53,0.0185185
14666,54,53,0.0185185
14668,54,53,0.0185185
14671,54,53,0.0185185
14673,54,53,0.0185185
14676,54,53,0.0185185
14678,54,53,0.0185185
14681,54,53,0.0185185
14683,54,53,0.0185185
14686,54,53,0.0185185
14688,54,53,0.0185185
14691,54,53,0.0185185
14694,54,53,0.0185185
14696,54,53,0.0185185
14699,54,53,0.0185185
14702,54,53,0.0185185
14705,54,53,0.0185185
14707,54,53,0.0185185
14710,54,53,0.0185185
14713,54,53,0.0185185
14716,54,53,0.0185185
14719,54,53,0.0185185
14721,54,53,0.0185185
14724,54,53,0.0185185
14726,54,53,0.0185185
14729,54,53,0.0185185
14732,54,53,0.0185185
14734,54,53,0.0185185
14738,54,53,0.0185185
14741,54,53,0.0185185
14743,54,53,0.0185185
14746,54,53,0.0185185
14748,54,53,0.0185185
14751,54,53,0.0185185
14754,54,53,0.0185185
14756,54,53,0.0185185
14760,54,53,0.0185185
14762,54,53,0.0185185
14765,54,53,0.0185185
14767,54,53,0.0185185
14770,54,53,0.0185185
14773,54,53,0.0185185
14777,54,53,0.0185185
14779,54,53,0.0185185
14781,54,53,0.0185185
14785,54,53,0.0185185
14788,54,53,0.0185185
14791,54,53,0.0185185
14793,54,53,0.0185185
14795,54,53,0.0185185
14798,54,53,0.0185185
14801,54,53,0.0185185
14803,54,53,0.0185185
14805,54,53,0.0185185
14808,54,53,0.0185185
14810,54,53,0.0185185
14812,54,53,0.0185185
14814,54,53,0.0185185
14817,54,53,0.0185185
14819,54,53,0.0185185
14821,54,53,0.0185185
14823,54,53,0.0185185
14826,54,53,0.0185185
14828,54,53,0.0185185
14830,54,53,0.0185185
14833,54,53,0.0185185
14835,54,53,0.0185185
14837,54,53,0.0185185
14839,54,53,0.0185185
14842,54,53,0.0185185
14844,54,53,0.0185185
14846,54,53,0.0185185
14848,54,53,0.0185185
14851,54,53,0.0185185
14853,54,53,0.0185185
14855,54,53,0.0185185
14858,54,53,0.0185185
14860,54,53,0.0185185
14862,54,53,0.0185185
14864,54,53,0.0185185
14866,54,53,0.0185185
14869,54,53,0.0185185
14871,54,53,0.0185185
14874,54,53,0.0185185
14876,54,53,0.0185185
14879,54,53,0.0185185
14881,54,53,0.0185185
14883,54,53,0.0185185
14886,54,53,0.0185185
14888,54,53,0.0185185
14891,54,53,0.0185185
14893,54,53,0.0185185
14895,54,53,0.0185185
14898,54,53,0.0185185
14901,54,53,0.0185185
14904,54,53,0.0185185
14906,54,53,0.0185185
14909,54,53,0.0185185
14912,54,53,0.0185185
14914,54,53,0.0185185
14916,54,53,0.0185185
14919,54,53,0.0185185
14921,54,53,0.0185185
14924,54,53,0.0185185
14926,54,53,0.0185185
14929,54,53,0.0185185
14932,54,53,0.0185185
14934,54,53,0.0185185
14937,54,53,0.0185185
14939,54,53,0.0185185
14941,54,53,0.0185185
14944,54,53,0.0185185
14946,54,53,0.0185185
14949,54,53,0.0185185
14952,54,53,0.0185185
14954,54,53,0.0185185
14957,54,53,0.0185185
14959,54,53,0.0185185
14961,54,53,0.0185185
14963,54,53,0.0185185
14966,54,53,0.0185185
14968,54,53,0.0185185
14971,54,53,0.0185185
14973,54,53,0.0185185
14975,54,53,0.0185185
14978,54,53,0.0185185
14981,54,53,0.0185185
14984,54,53,0.0185185
14986,54,53,0.0185185
14989,54,53,0.0185185
14991,54,53,0.0185185
14993,54,53,0.0185185
14995,54,53,0.0185185
14998,54,53,0.0185185
15000,54,53,0.0185185
15003,54,53,0.0185185
15005,54,53,0.0185185
15008,54,53,0.0185185
15011,54,53,0.0185185
15014,54,53,0.0185185
15017,54,53,0.0185185
15019,54,53,0.0185185
15023,54,53,0.0185185
15025,54,53,0.0185185
15027,54,53,0.0185185
15029,54,53,0.0185185
15032,54,53,0.0185185
15034,54,53,0.0185185
15037,54,53,0.0185185
15039,54,53,0.0185185
15042,54,53,0.0185185
15044,54,53,0.0185185
15046,54,53,0.0185185
15049,54,53,0.0185185
15051,54,53,0.0185185
15054,54,53,0.0185185
15056,54,53,0.0185185
15058,54,53,0.0185185
15060,54,53,0.0185185
15063,54,53,0.0185185
15065,54,53,0.0185185
15067,54,53,0.0185185
15070,54,53,0.0185185
15072,54,53,0.0185185
15075,54,53,0.0185185
15077,54,53,0.0185185
15079,54,53,0.0185185
15081,54,53,0.0185185
15083,54,53,0.0185185
15086,54,53,0.0185185
15088,54,53,0.0185185
15090,54,53,0.0185185
15092,54,53,0.0185185
15094,54,53,0.0185185
15096,54,53,0.0185185
15099,54,53,0.0185185
15101,54,53,0.0185185
15103,54,53,0.0185185
15106,54,53,0.0185185
15108,54,53,0.0185185
15111,54,53,0.0185185
15114,54,53,0.0185185
15116,54,53,0.0185185
15118,54,53,0.0185185
15121,54,53,0.0185185
15123,54,53,0.0185185
15125,54,53,0.0185185
15127,54,53,0.0185185
15129,54,53,0.0185185
15131,54,53,0.0185185
15133,54,53,0.0185185
15136,54,53,0.0185185
15138,54,53,0.0185185
15142,54,53,0.0185185
15144,54,53,0.0185185
15146,54,53,0.0185185
15148,54,53,0.0185185
15150,54,53,0.0185185
15152,54,53,0.0185185
15155,54,53,0.0185185
15157,54,53,0.0185185
15159,54,53,0.0185185
15161,54,53,0.0185185
15164,54,53,0.0185185
15166,54,53,0.0185185
15168,54,53,0.0185185
15170,54,53,0.0185185
15172,54,53,0.0185185
15174,54,53,0.0185185
15177,54,53,0.0185185
15179,54,53,0.0185185
15181,54,53,0.0185185
15183,54,53,0.0185185
15185,54,53,0.0185185
15188,54,53,0.0185185
15190,54,53,0.0185185
15192,54,53,0.0185185
15194,54,53,0.0185185
15197,54,53,0.0185185
15199,54,53,0.0185185
15202,54,53,0.0185185
15204,54,53,0.0185185
15206,54,53,0.0185185
15209,54,53,0.0185185
15211,54,53,0.0185185
15213,54,53,0.0185185
15216,54,53,0.0185185
15219,54,53,0.0185185
15221,54,53,0.0185185
15224,54,53,0.0185185
15226,54,53,0.0185185
15228,54,53,0.0185185
15231,54,53,0.0185185
15233,54,53,0.0185185
15235,54,53,0.0185185
15237,54,53,0.0185185
15240,54,53,0.0185185
15243,54,53,0.0185185
15245,54,53,0.0185185
15247,54,53,0.0185185
15249,54,53,0.0185185
15252,54,53,0.0185185
15255,54,53,0.0185185
15257,54,53,0.0185185
15260,54,53,0.0185185
15263,54,53,0.0185185
15266,54,53,0.0185185
15268,54,53,0.0185185
15271,54,53,0.0185185
15273,54,53,0.0185185
15275,54,53,0.0185185
15279,54,53,0.0185185
15281,54,53,0.0185185
15283,54,53,0.0185185
15285,54,53,0.0185185
15288,54,53,0.0185185
15290,54,53,0.0185185
15292,54,53,0.0185185
15295,54,53,0.0185185
15297,54,53,0.0185185
15299,54,53,0.0185185
15302,54,53,0.0185185
15305,54,53,0.0185185
15307,54,53,0.0185185
15311,54,53,0.0185185
15313,54,53,0.0185185
15316,54,53,0.0185185
15319,54,53,0.0185185
15322,54,53,0.0185185
15324,54,53,0.0185185
15327,54,53,0.0185185
15329,54,53,0.0185185
15332,54,53,0.0185185
15335,54,53,0.0185185
15337,54,53,0.0185185
15340,54,53,0.0185185
15342,54,53,0.0185185
15345,54,53,0.0185185
15347,54,53,0.0185185
15350,54,53,0.0185185
15352,54,53,0.0185185
15355,54,53,0.0185185
15357,54,53,0.0185185
15360,54,53,0.0185185
15362,54,53,0.0185185
15365,54,53,0.0185185
15367,54,53,0.0185185
15370,54,53,0.0185185
15372,54,53,0.0185185
15375,54,53,0.0185185
15377,54,53,0.0185185
15380,54,53,0.0185185
15382,54,53,0.0185185
15386,54,53,0.0185185
15388,54,53,0.0185185
15391,54,53,0.0185185
15393,54,53,0.0185185
15396,54,53,0.0185185
15398,54,53,0.0185185
15401,54,53,0.0185185
15403,54,53,0.0185185
15406,54,53,0.0185185
15409,54,53,0.0185185
15411,54,53,0.0185185
15415,54,53,0.0185185
15417,54,53,0.0185185
15420,54,53,0.0185185
15423,54,53,0.0185185
15425,54,53,0.0185185
15428,54,53,0.0185185
15430,54,53,0.0185185
15433,54,53,0.0185185
15435,54,53,0.0185185
15439,54,53,0.0185185
15442,54,53,0.0185185
15444,54,53,0.0185185
15446,54,53,0.0185185
15449,54,53,0.0185185
15452,54,53,0.0185185
15454,54,53,0.0185185
15456,54,53,0.0185185
15458,54,53,0.0185185
15461,54,53,0.0185185
15463,54,53,0.0185185
15465,54,53,0.0185185
15469,54,53,0.0185185
15473,54,53,0.0185185
15476,54,53,0.0185185
15478,54,53,0.0185185
15480,54,53,0.0185185
15482,54,53,0.0185185
15485,54,53,0.0185185
15487,54,53,0.0185185
15490,54,53,0.0185185
15492,54,53,0.0185185
15495,54,53,0.0185185
15498,54,53,0.0185185
15501,54,53,0.0185185
15503,54,53,0.0185185
15506,54,53,0.0185185
15508,54,53,0.0185185
15510,54,53,0.0185185
15512,54,53,0.0185185
15515,54,53,0.0185185
15517,54,53,0.0185185
15519,54,53,0.0185185
15521,54,53,0.0185185
15523,54,53,0.0185185
15526,54,53,0.0185185
15529,54,53,0.0185185
15531,54,53,0.0185185
15533,54,53,0.0185185
15535,54,53,0.0185185
15538,54,53,0.0185185
15540,54,53,0.0185185
15542,54,53,0.0185185
15545,54,53,0.0185185
15547,54,53,0.0185185
15550,54,53,0.0185185
15553,54,53,0.0185185
15555,54,53,0.0185185
15557,54,53,0.0185185
15559,54,53,0.0185185
15561,54,53,0.0185185
15564,54,53,0.0185185
15567,54,53,0.0185185
15569,54,53,0.0185185
15571,54,53,0.0185185
15573,54,53,0.0185185
15575,54,53,0.0185185
15577,54,53,0.0185185
15579,54,53,0.0185185
15582,54,53,0.0185185
15584,54,53,0.0185185
15586,54,53,0.0185185
15589,54,53,0.0185185
15591,54,53,0.0185185
15593,54,53,0.0185185
15595,54,53,0.0185185
15599,54,53,0.0185185
15601,54,53,0.0185185
15604,54,53,0.0185185
15606,54,53,0.0185185
15609,54,53,0.0185185
15611,54,53,0.0185185
15614,54,53,0.0185185
15616,54,53,0.0185185
15618,54,53,0.0185185
15620,54,53,0.0185185
15622,54,53,0.0185185
15626,54,53,0.0185185
15628,54,53,0.0185185
15630,54,53,0.0185185
15633,54,53,0.0185185
15635,54,53,0.0185185
15638,54,53,0.0185185
15641,54,53,0.0185185
15643,54,53,0.0185185
15646,54,53,0.0185185
15648,54,53,0.0185185
15651,54,53,0.0185185
15653,54,53,0.0185185
15656,54,53,0.0185185
15658,54,53,0.0185185
15661,54,53,0.0185185
15663,54,53,0.0185185
15666,54,53,0.0185185
15668,54,53,0.0185185
15670,54,53,0.0185185
15672,54,53,0.0185185
15675,54,53,0.0185185
15678,54,53,0.0185185
15680,54,53,0.0185185
15683,54,53,0.0185185
15685,54,53,0.0185185
15688,54,53,0.0185185
15690,54,53,0.0185185
15693,54,53,0.0185185
15696,54,53,0.0185185
15699,54,53,0.0185185
15701,54,53,0.0185185
15704,54,53,0.0185185
15707,54,53,0.0185185
15709,54,53,0.0185185
15711,54,53,0.0185185
15714,54,53,0.0185185
15718,54,53,0.0185185
15720,54,53,0.0185185
15723,54,53,0.0185185
15726,54,53,0.0185185
15728,54,53,0.0185185
15731,54,53,0.0185185
15733,54,53,0.0185185
15736,54,53,0.0185185
15739,54,53,0.0185185
15741,54,53,0.0185185
15744,54,53,0.0185185
15746,54,53,0.0185185
15748,54,53,0.0185185
15752,54,53,0.0185185
15755,54,53,0.0185185
15757,54,53,0.0185185
15759,54,53,0.0185185
15762,54,53,0.0185185
15765,54,53,0.0185185
15767,54,53,0.0185185
15770,54,53,0.0185185
15772,54,53,0.0185185
15774,54,53,0.0185185
15776,54,53,0.0185185
15779,54,53,0.0185185
15781,54,53,0.0185185
15783,54,53,0.0185185
15785,54,53,0.0185185
15788,54,53,0.0185185
15790,54,53,0.0185185
15792,54,53,0.0185185
15794,54,53,0.0185185
15797,54,53,0.0185185
15800,54,53,0.0185185
15802,54,53,0.0185185
15805,54,53,0.0185185
15807,54,53,0.0185185
15809,54,53,0.0185185
15811,54,53,0.0185185
15813,54,53,0.0185185
15815,54,53,0.0185185
15818,54,53,0.0185185
15820,54,53,0.0185185
15822,54,53,0.0185185
15825,54,53,0.0185185
15827,54,53,0.0185185
15829,54,53,0.0185185
15832,54,53,0.0185185
15836,54,53,0.0185185
15839,54,53,0.0185185
15841,54,53,0.0185185
15844,54,53,0.0185185
15847,54,53,0.0185185
15851,54,53,0.0185185
15854,54,53,0.0185185
15856,54,53,0.0185185
15858,54,53,0.0185185
15861,54,53,0.0185185
15863,54,53,0.0185185
15865,54,53,0.0185185
15868,54,53,0.0185185
15870,54,53,0.0185185
15872,54,53,0.0185185
15875,54,53,0.0185185
15877,54,53,0.0185185
15880,54,53,0.0185185
15882,54,53,0.0185185
15885,54,53,0.0185185
15887,54,53,0.0185185
15889,54,53,0.0185185
15891,54,53,0.0185185
15894,54,53,0.0185185
15896,54,53,0.0185185
15899,54,53,0.0185185
15901,54,53,0.0185185
15903,54,53,0.0185185
15905,54,53,0.0185185
15907,54,53,0.0185185
15909,54,53,0.0185185
15912,54,53,0.0185185
15914,54,53,0.0185185
15916,54,53,0.0185185
15919,54,53,0.0185185
15921,54,53,0.0185185
15923,54,53,0.0185185
15925,54,53,0.0185185
15927,54,53,0.0185185
15930,54,53,0.0185185
15932,54,53,0.0185185
15934,54,53,0.0185185
15937,54,53,0.0185185
15940,54,53,0.0185185
15942,54,53,0.0185185
15945,54,53,0.0185185
15947,54,53,0.0185185
15949,54,53,0.0185185
15951,54,53,0.0185185
15954,54,53,0.0185185
15956,54,53,0.0185185
15958,54,53,0.0185185
15961,54,53,0.0185185
15963,54,53,0.0185185
15967,54,53,0.0185185
15970,54,53,0.0185185
15972,54,53,0.0185185
15975,54,53,0.0185185
15978,54,53,0.0185185
15980,54,53,0.0185185
15983,54,53,0.0185185
15986,54,53,0.0185185
15990,54,53,0.0185185
15995,54,53,0.0185185
15998,54,53,0.0185185
16002,54,53,0.0185185
16004,54,53,0.0185185
16006,54,53,0.0185185
16009,54,53,0.0185185
16014,54,53,0.0185185
16017,54,53,0.0185185
16019,54,53,0.0185185
16022,54,53,0.0185185
16024,54,53,0.0185185
16027,54,53,0.0185185
16030,54,53,0.0185185
16032,54,53,0.0185185
16035,54,53,0.0185185
16037,54,53,0.0185185
16040,54,53,0.0185185
16042,54,53,0.0185185
16044,54,53,0.0185185
16047,54,53,0.0185185
16049,54,53,0.0185185
16053,54,53,0.0185185
16055,54,53,0.0185185
16058,54,53,0.0185185
16060,54,53,0.0185185
16063,54,53,0.0185185
16065,54,53,0.0185185
16068,54,53,0.0185185
16071,54,53,0.0185185
16073,54,53,0.0185185
16075,54,53,0.0185185
16078,54,53,0.0185185
16080,54,53,0.0185185
16083,54,53,0.0185185
16085,54,53,0.0185185
16088,54,53,0.0185185
16090,54,53,0.0185185
16092,54,53,0.0185185
16095,54,53,0.0185185
16097,54,53,0.0185185
16099,54,53,0.0185185
16103,54,53,0.0185185
16105,54,53,0.0185185
16107,54,53,0.0185185
16110,54,53,0.0185185
16112,54,53,0.0185185
16114,54,53,0.0185185
16117,54,53,0.0185185
16119,54,53,0.0185185
16122,54,53,0.0185185
16124,54,53,0.0185185
16126,54,53,0.0185185
16129,54,53,0.0185185
16131,54,53,0.0185185
16134,54,53,0.0185185
16136,54,53,0.0185185
16138,54,53,0.0185185
16140,54,53,0.0185185
16144,54,53,0.0185185
16146,54,53,0.0185185
16149,54,53,0.0185185
16151,54,53,0.0185185
16154,54,53,0.0185185
16156,54,53,0.0185185
16158,54,53,0.0185185
16162,54,53,0.0185185
16164,54,53,0.0185185
16166,54,53,0.0185185
16171,54,53,0.0185185
16173,54,53,0.0185185
16175,54,53,0.0185185
16178,54,53,0.0185185
16181,54,53,0.0185185
16183,54,53,0.0185185
16186,54,53,0.0185185
16188,54,53,0.0185185
16191,54,53,0.0185185
16193,54,53,0.0185185
16195,54,53,0.0185185
16197,54,53,0.0185185
16200,54,53,0.0185185
16205,54,53,0.0185185
16207,54,53,0.0185185
16210,54,53,0.0185185
16213,54,53,0.0185185
16216,54,53,0.0185185
16218,54,53,0.0185185
16221,54,53,0.0185185
16223,54,53,0.0185185
16226,54,53,0.0185185
16228,54,53,0.0185185
16231,54,53,0.0185185
16234,54,53,0.0185185
16236,54,53,0.0185185
16239,54,53,0.0185185
16241,54,53,0.0185185
16245,54,53,0.0185185
16247,54,53,0.0185185
16250,54,53,0.0185185
16253,54,53,0.0185185
16255,54,53,0.0185185
16258,54,53,0.0185185
16260,54,53,0.0185185
16262,54,53,0.0185185
16264,54,53,0.0185185
16267,54,53,0.0185185
16269,54,53,0.0185185
16271,54,53,0.0185185
16274,54,53,0.0185185
16276,54,53,0.0185185
16279,54,53,0.0185185
16281,54,53,0.0185185
16284,54,53,0.0185185
16286,54,53,0.0185185
16289,54,53,0.0185185
16291,54,53,0.0185185
16294,54,53,0.0185185
16297,54,53,0.0185185
16299,54,53,0.0185185
16302,54,53,0.0185185
16304,54,53,0.0185185
16306,54,53,0.0185185
16309,54,53,0.0185185
16311,54,53,0.0185185
16315,54,53,0.0185185
16317,54,53,0.0185185
16319,54,53,0.0185185
16322,54,53,0.0185185
16324,54,53,0.0185185
16326,54,53,0.0185185
16328,54,53,0.0185185
16331,54,53,0.0185185
16333,54,53,0.0185185
16335,54,53,0.0185185
16338,54,53,0.0185185
16340,54,53,0.0185185
16342,54,53,0.0185185
16345,54,53,0.0185185
16347,54,53,0.0185185
16349,54,53,0.0185185
16352,54,53,0.0185185
16354,54,53,0.0185185
16356,54,53,0.0185185
16359,54,53,0.0185185
16361,54,53,0.0185185
16363,54,53,0.0185185
16366,54,53,0.0185185
16368,54,53,0.0185185
16371,54,53,0.0185185
16373,54,53,0.0185185
16376,54,53,0.0185185
16378,54,53,0.0185185
16380,54,53,0.0185185
16382,54,53,0.0185185
16386,54,53,0.0185185
16388,54,53,0.0185185
16390,54,53,0.0185185
16392,54,53,0.0185185
16395,54,53,0.0185185
16397,54,53,0.0185185
16400,54,53,0.0185185
16402,54,53,0.0185185
16405,54,53,0.0185185
16407,54,53,0.0185185
16409,54,53,0.0185185
16412,54,53,0.0185185
16414,54,53,0.0185185
16416,54,53,0.0185185
16418,54,53,0.0185185
16420,54,53,0.0185185
16423,54,53,0.0185185
16425,54,53,0.0185185
16427,54,53,0.0185185
16430,54,53,0.0185185
16433,54,53,0.0185185
16435,54,53,0.0185185
16438,54,53,0.0185185
16440,54,53,0.0185185
16442,54,53,0.0185185
16445,54,53,0.0185185
16447,54,53,0.0185185
16449,54,53,0.0185185
16451,54,53,0.0185185
16455,54,53,0.0185185
16458,54,53,0.0185185
16460,54,53,0.0185185
16463,54,53,0.0185185
16465,54,53,0.0185185
16467,54,53,0.0185185
16469,54,53,0.0185185
16472,54,53,0.0185185
16474,54,53,0.0185185
16476,54,53,0.0185185
16478,54,53,0.0185185
16481,54,53,0.0185185
16484,54,53,0.0185185
16486,54,53,0.0185185
16489,54,53,0.0185185
16491,54,53,0.0185185
16494,54,53,0.0185185
16496,54,53,0.0185185
16498,54,53,0.0185185
16501,54,53,0.0185185
16504,54,53,0.0185185
16506,54,53,0.0185185
16509,54,53,0.0185185
16512,54,53,0.0185185
16514,54,53,0.0185185
16516,54,53,0.0185185
16518,54,53,0.0185185
16521,54,53,0.0185185
16523,54,53,0.0185185
16526,54,53,0.0185185
16528,54,53,0.0185185
16530,54,53,0.0185185
16534,54,53,0.0185185
16536,54,53,0.0185185
16539,54,53,0.0185185
16541,54,53,0.0185185
16543,54,53,0.0185185
16545,54,53,0.0185185
16547,54,53,0.0185185
16549,54,53,0.0185185
16551,54,53,0.0185185
16553,54,53,0.0185185
16556,54,53,0.0185185
16558,54,53,0.0185185
16560,54,53,0.0185185
16562,54,53,0.0185185
16564,54,53,0.0185185
16567,54,53,0.0185185
16569,54,53,0.0185185
16572,54,53,0.0185185
16574,54,53,0.0185185
16576,54,53,0.0185185
16579,54,53,0.0185185
16581,54,53,0.0185185
16583,54,53,0.0185185
16585,54,53,0.0185185
16588,54,53,0.0185185
16591,54,53,0.0185185
16593,54,53,0.0185185
16596,54,53,0.0185185
16599,54,53,0.0185185
16601,54,53,0.0185185
16604,54,53,0.0185185
16606,54,53,0.0185185
16609,54,53,0.0185185
16611,54,53,0.0185185
16613,54,53,0.0185185
16615,54,53,0.0185185
16618,54,53,0.0185185
16620,54,53,0.0185185
16622,54,53,0.0185185
16625,54,53,0.0185185
16627,54,53,0.0185185
16629,54,53,0.0185185
16632,54,53,0.0185185
16634,54,53,0.0185185
16636,54,53,0.0185185
16638,54,53,0.0185185
16641,54,53,0.0185185
16643,54,53,0.0185185
16645,54,53,0.0185185
16649,54,53,0.0185185
16651,54,53,0.0185185
16654,54,53,0.0185185
16657,54,53,0.0185185
16659,54,53,0.0185185
16662,54,53,0.0185185
16664,54,53,0.0185185
16667,54,53,0.0185185
16669,54,53,0.0185185
16671,54,53,0.0185185
16674,54,53,0.0185185
16676,54,53,0.0185185
16678,54,53,0.0185185
16681,54,53,0.0185185
16683,54,53,0.0185185
16686,54,53,0.0185185
16688,54,53,0.0185185
16690,54,53,0.0185185
16692,54,53,0.0185185
16695,54,53,0.0185185
16697,54,53,0.0185185
16699,54,53,0.0185185
16701,54,53,0.0185185
16703,54,53,0.0185185
16706,54,53,0.0185185
16709,54,53,0.0185185
16712,54,53,0.0185185
16715,54,53,0.0185185
16717,54,53,0.0185185
16720,54,53,0.0185185
16722,54,53,0.0185185
16724,54,53,0.0185185
16726,54,53,0.0185185
16731,54,53,0.0185185
16734,54,53,0.0185185
16736,54,53,0.0185185
16739,54,53,0.0185185
16741,54,53,0.0185185
16743,54,53,0.0185185
16745,54,53,0.0185185
16748,54,53,0.0185185
16750,54,53,0.0185185
16752,54,53,0.0185185
16754,54,53,0.0185185
16756,54,53,0.0185185
16759,54,53,0.0185185
16761,54,53,0.0185185
16763,54,53,0.0185185
16766,54,53,0.0185185
16768,54,53,0.0185185
16770,54,53,0.0185185
16773,54,53,0.0185185
16775,54,53,0.0185185
16777,54,53,0.0185185
16779,54,53,0.0185185
16782,54,53,0.0185185
16784,54,53,0.0185185
16786,54,53,0.0185185
16788,54,53,0.0185185
16791,54,53,0.0185185
16795,54,53,0.0185185
16797,54,53,0.0185185
16799,54,53,0.0185185
16802,54,53,0.0185185
16804,54,53,0.0185185
16807,54,53,0.0185185
16811,54,53,0.0185185
16814,54,53,0.0185185
16816,54,53,0.0185185
16819,54,53,0.0185185
16822,54,53,0.0185185
16824,54,53,0.0185185
16827,54,53,0.0185185
16829,54,53,0.0185185
16831,54,53,0.0185185
16834,54,53,0.0185185
16836,54,53,0.0185185
16838,54,53,0.0185185
16840,54,53,0.0185185
16843,54,53,0.0185185
16845,54,53,0.0185185
16848,54,53,0.0185185
16850,54,53,0.0185185
16853,54,53,0.0185185
16855,54,53,0.0185185
16857,54,53,0.0185185
16859,54,53,0.0185185
16861,54,53,0.0185185
16863,54,53,0.0185185
16866,54,53,0.0185185
16868,54,53,0.0185185
16870,54,53,0.0185185
16872,54,53,0.0185185
16874,54,53,0.0185185
16877,54,53,0.0185185
16879,54,53,0.0185185
16881,54,53,0.0185185
16884,54,53,0.0185185
16886,54,53,0.0185185
16888,54,53,0.0185185
16891,54,53,0.0185185
16893,54,53,0.0185185
16895,54,53,0.0185185
16898,54,53,0.0185185
16900,54,53,0.0185185
16902,54,53,0.0185185
16905,54,53,0.0185185
16907,54,53,0.0185185
16909,54,53,0.0185185
16912,54,53,0.0185185
16914,54,53,0.0185185
16916,54,53,0.0185185
16919,54,53,0.0185185
16921,54,53,0.0185185
16923,54,53,0.0185185
16926,54,53,0.0185185
16928,54,53,0.0185185
16930,54,53,0.0185185
16933,54,53,0.0185185
16935,54,53,0.0185185
16937,54,53,0.0185185
16940,54,53,0.0185185
16942,54,53,0.0185185
16944,54,53,0.0185185
16947,54,53,0.0185185
16949,54,53,0.0185185
16951,54,53,0.0185185
16954,54,53,0.0185185
16956,54,53,0.0185185
16958,54,53,0.0185185
16960,54,53,0.0185185
16963,54,53,0.0185185
16965,54,53,0.0185185
16968,54,53,0.0185185
16971,54,53,0.0185185
16974,54,53,0.0185185
16976,54,53,0.0185185
16978,54,53,0.0185185
16980,54,53,0.0185185
16983,54,53,0.0185185
16985,54,53,0.0185185
16987,54,53,0.0185185
16990,54,53,0.0185185
16992,54,53,0.0185185
16994,54,53,0.0185185
16997,54,53,0.0185185
16999,54,53,0.0185185
17001,54,53,0.0185185
17004,54,53,0.0185185
17006,54,53,0.0185185
17008,54,53,0.0185185
17010,54,53,0.0185185
17013,54,53,0.0185185
17015,54,53,0.0185185
17017,54,53,0.0185185
17020,54,53,0.0185185
17022,54,53,0.0185185
17025,54,53,0.0185185
17027,54,53,0.0185185
17029,54,53,0.0185185
17031,54,53,0.0185185
17034,54,53,0.0185185
17036,54,53,0.0185185
17039,54,53,0.0185185
17041,54,53,0.0185185
17043,54,53,0.0185185
17045,54,53,0.0185185
17048,54,53,0.0185185
17050,54,53,0.0185185
17052,54,53,0.0185185
17054,54,53,0.0185185
17057,54,53,0.0185185
17060,54,53,0.0185185
17062,54,53,0.0185185
17064,54,53,0.0185185
17067,54,53,0.0185185
17069,54,53,0.0185185
17071,54,53,0.0185185
17074,54,53,0.0185185
17076,54,53,0.0185185
17079,54,53,0.0185185
17081,54,53,0.0185185
17083,54,53,0.0185185
17086,54,53,0.0185185
17088,54,53,0.0185185
17090,54,53,0.0185185
17093,54,53,0.0185185
17095,54,53,0.0185185
17098,54,53,0.0185185
17100,54,53,0.0185185
17103,54,53,0.0185185
17105,54,53,0.0185185
17108,54,53,0.0185185
17110,54,53,0.0185185
17112,54,53,0.0185185
17114,54,53,0.0185185
17117,54,53,0.0185185
17119,54,53,0.0185185
17121,54,53,0.0185185
17124,54,53,0.0185185
17126,54,53,0.0185185
17129,54,53,0.0185185
17131,54,53,0.0185185
17133,54,53,0.0185185
17136,54,53,0.0185185
17138,54,53,0.0185185
17140,54,53,0.0185185
17143,54,53,0.0185185
17145,54,53,0.0185185
17147,54,53,0.0185185
17149,54,53,0.0185185
17152,54,53,0.0185185
17154,54,53,0.0185185
17156,54,53,0.0185185
17159,54,53,0.0185185
17161,54,53,0.0185185
17163,54,53,0.0185185
17165,54,53,0.0185185
17168,54,53,0.0185185
17170,54,53,0.0185185
17172,54,53,0.0185185
17175,54,53,0.0185185
17177,54,53,0.0185185
17179,54,53,0.0185185
17181,54,53,0.0185185
17183,54,53,0.0185185
17186,54,53,0.0185185
17188,54,53,0.0185185
17191,54,53,0.0185185
17193,54,53,0.0185185
17196,54,53,0.0185185
17198,54,53,0.0185185
17200,54,53,0.0185185
17203,54,53,0.0185185
17205,54,53,0.0185185
17207,54,53,0.0185185
17209,54,53,0.0185185
17212,54,53,0.0185185
17214,54,53,0.0185185
17217,54,53,0.0185185
17219,54,53,0.0185185
17221,54,53,0.0185185
17223,54,53,0.0185185
17226,54,53,0.0185185
17229,54,53,0.0185185
17232,54,53,0.0185185
17234,54,53,0.0185185
17237,54,53,0.0185185
17239,54,53,0.0185185
17241,54,53,0.0185185
17244,54,53,0.0185185
17246,54,53,0.0185185
17248,54,53,0.0185185
17251,54,53,0.0185185
17253,54,53,0.0185185
17255,54,53,0.0185185
17258,54,53,0.0185185
17260,54,53,0.0185185
17263,54,53,0.0185185
17265,54,53,0.0185185
17267,54,53,0.0185185
17270,54,53,0.0185185
17272,54,53,0.0185185
17274,54,53,0.0185185
17277,54,53,0.0185185
17279,54,53,0.0185185
17281,54,53,0.0185185
17284,54,53,0.0185185
17286,54,53,0.0185185
17289,54,53,0.0185185
17291,54,53,0.0185185
17293,54,53,0.0185185
17296,54,53,0.0185185
17298,54,53,0.0185185
17300,54,53,0.0185185
17303,54,53,0.0185185
17306,54,53,0.0185185
17309,54,53,0.0185185
17311,54,53,0.0185185
17313,54,53,0.0185185
17315,54,53,0.0185185
17318,54,53,0.0185185
17320,54,53,0.0185185
17322,54,53,0.0185185
17325,54,53,0.0185185
17327,54,53,0.0185185
17329,54,53,0.0185185
17331,54,53,0.0185185
17333,54,53,0.0185185
17336,54,53,0.0185185
17338,54,53,0.0185185
17340,54,53,0.0185185
17342,54,53,0.0185185
17345,54,53,0.0185185
17347,54,53,0.0185185
17350,54,53,0.0185185
17352,54,53,0.0185185
17354,54,53,0.0185185
17358,54,53,0.0185185
17360,54,53,0.0185185
17362,54,53,0.0185185
17365,54,53,0.0185185
17367,54,53,0.0185185
17370,54,53,0.0185185
17373,54,53,0.0185185
17375,54,53,0.0185185
17377,54,53,0.0185185
17380,54,53,0.0185185
17382,54,53,0.0185185
17384,54,53,0.0185185
17387,54,53,0.0185185
17389,54,53,0.0185185
17391,54,53,0.0185185
17394,54,53,0.0185185
17396,54,53,0.0185185
17398,54,53,0.0185185
17401,54,53,0.0185185
17403,54,53,0.0185185
17406,54,53,0.0185185
17408,54,53,0.0185185
17412,54,53,0.0185185
17414,54,53,0.0185185
17416,54,53,0.0185185
17418,54,53,0.0185185
17420,54,53,0.0185185
17422,54,53,0.0185185
17425,54,53,0.0185185
17428,54,53,0.0185185
17430,54,53,0.0185185
17432,54,53,0.0185185
17434,54,53,0.0185185
17437,54,53,0.0185185
17439,54,53,0.0185185
17441,54,53,0.0185185
17444,54,53,0.0185185
17446,54,53,0.0185185
17448,54,53,0.0185185
17450,54,53,0.0185185
17453,54,53,0.0185185
17455,54,53,0.0185185
17457,54,53,0.0185185
17459,54,53,0.0185185
17463,54,53,0.0185185
17466,54,53,0.0185185
17468,54,53,0.0185185
17471,54,53,0.0185185
17473,54,53,0.0185185
17476,54,53,0.0185185
17478,54,53,0.0185185
17480,54,53,0.0185185
17482,54,53,0.0185185
17484,54,53,0.0185185
17487,54,53,0.0185185
17489,54,53,0.0185185
17491,54,53,0.0185185
17493,54,53,0.0185185
17495,54,53,0.0185185
17498,54,53,0.0185185
17500,54,53,0.0185185
17502,54,53,0.0185185
17504,54,53,0.0185185
17508,54,53,0.0185185
17510,54,53,0.0185185
17512,54,53,0.0185185
17514,54,53,0.0185185
17516,54,53,0.0185185
17519,54,53,0.0185185
17521,54,53,0.0185185
17523,54,53,0.0185185
17525,54,53,0.0185185
17528,54,53,0.0185185
17530,54,53,0.0185185
17533,54,53,0.0185185
17535,54,53,0.0185185
17538,54,53,0.0185185
17540,54,53,0.0185185
17543,54,53,0.0185185
17545,54,53,0.0185185
17548,54,53,0.0185185
17550,54,53,0.0185185
17552,54,53,0.0185185
17554,54,53,0.0185185
17558,54,53,0.0185185
17560,54,53,0.0185185
17562,54,53,0.0185185
17564,54,53,0.0185185
17567,54,53,0.0185185
17570,54,53,0.0185185
17573,54,53,0.0185185
17576,54,53,0.0185185
17579,54,53,0.0185185
17581,54,53,0.0185185
17583,54,53,0.0185185
17585,54,53,0.0185185
17588,54,53,0.0185185
17590,54,53,0.0185185
17592,54,53,0.0185185
17594,54,53,0.0185185
17597,54,53,0.0185185
17599,54,53,0.0185185
17602,54,53,0.0185185
17604,54,53,0.0185185
17606,54,53,0.0185185
17608,54,53,0.0185185
17611,54,53,0.0185185
17614,54,53,0.0185185
17616,54,53,0.0185185
17618,54,53,0.0185185
17620,54,53,0.0185185
17622,54,53,0.0185185
17625,54,53,0.0185185
17627,54,53,0.0185185
17629,54,53,0.0185185
17631,54,53,0.0185185
17633,54,53,0.0185185
17636,54,53,0.0185185
17638,54,53,0.0185185
17640,54,53,0.0185185
17642,54,53,0.0185185
17645,54,53,0.0185185
17647,54,53,0.0185185
17649,54,53,0.0185185
17651,54,53,0.0185185
17653,54,53,0.0185185
17656,54,53,0.0185185
17659,54,53,0.0185185
17661,54,53,0.0185185
17663,54,53,0.0185185
17666,54,53,0.0185185
17668,54,53,0.0185185
17670,54,53,0.0185185
17672,54,53,0.0185185
17675,54,53,0.0185185
17677,54,53,0.0185185
17679,54,53,0.0185185
17681,54,53,0.0185185
17683,54,53,0.0185185
17686,54,53,0.0185185
17688,54,53,0.0185185
17690,54,53,0.0185185
17692,54,53,0.0185185
17695,54,53,0.0185185
17697,54,53,0.0185185
17700,54,53,0.0185185
17702,54,53,0.0185185
17704,54,53,0.0185185
17707,54,53,0.0185185
17709,54,53,0.0185185
17711,54,53,0.0185185
17714,54,53,0.0185185
17716,54,53,0.0185185
17719,54,53,0.0185185
17721,54,53,0.0185185
17723,54,53,0.0185185
17725,54,53,0.0185185
17729,54,53,0.0185185
17731,54,53,0.0185185
17734,54,53,0.0185185
17736,54,53,0.0185185
17739,54,53,0.0185185
17741,54,53,0.0185185
17744,54,53,0.0185185
17746,54,53,0.0185185
17749,54,53,0.0185185
17751,54,53,0.0185185
17753,54,53,0.0185185
17756,54,53,0.0185185
17758,54,53,0.0185185
17761,54,53,0.0185185
17763,54,53,0.0185185
17765,54,53,0.0185185
17768,54,53,0.0185185
17771,54,53,0.0185185
17773,54,53,0.0185185
17776,54,53,0.0185185
17778,54,53,0.0185185
17780,54,53,0.0185185
17782,54,53,0.0185185
17785,54,53,0.0185185
17787,54,53,0.0185185
17789,54,53,0.0185185
17792,54,53,0.0185185
17794,54,53,0.0185185
17796,54,53,0.0185185
17798,54,53,0.0185185
17801,54,53,0.0185185
17803,54,53,0.0185185
17806,54,53,0.0185185
17808,54,53,0.0185185
17810,54,53,0.0185185
17813,54,53,0.0185185
17815,54,53,0.0185185
17817,54,53,0.0185185
17819,54,53,0.0185185
17821,54,53,0.0185185
17824,54,53,0.0185185
17826,54,53,0.0185185
17828,54,53,0.0185185
17831,54,53,0.0185185
17834,54,53,0.0185185
17836,54,53,0.0185185
17838,54,53,0.0185185
17840,54,53,0.0185185
17842,54,53,0.0185185
17845,54,53,0.0185185
17847,54,53,0.0185185
17849,54,53,0.0185185
17851,54,53,0.0185185
17854,54,53,0.0185185
17856,54,53,0.0185185
17858,54,53,0.0185185
17860,54,53,0.0185185
17863,54,53,0.0185185
17865,54,53,0.0185185
17867,54,53,0.0185185
17871,54,53,0.0185185
17874,54,53,0.0185185
17876,54,53,0.0185185
17878,54,53,0.0185185
17881,54,53,0.0185185
17883,54,53,0.0185185
17886,54,53,0.0185185
17888,54,53,0.0185185
17891,54,53,0.0185185
17893,54,53,0.0185185
17895,54,53,0.0185185
17897,54,53,0.0185185
17900,54,53,0.0185185
17902,54,53,0.0185185
17904,54,53,0.0185185
17907,54,53,0.0185185
17909,54,53,0.0185185
17912,54,53,0.0185185
17915,54,53,0.0185185
17917,54,53,0.0185185
17920,54,53,0.0185185
17923,54,53,0.0185185
17926,54,53,0.0185185
17928,54,53,0.0185185
17931,54,53,0.0185185
17933,54,53,0.0185185
17936,54,53,0.0185185
17938,54,53,0.0185185
17940,54,53,0.0185185
17943,54,53,0.0185185
17945,54,53,0.0185185
17947,54,53,0.0185185
17950,54,53,0.0185185
17952,54,53,0.0185185
17954,54,53,0.0185185
17957,54,53,0.0185185
17959,54,53,0.0185185
17962,54,53,0.0185185
17964,54,53,0.0185185
17967,54,53,0.0185185
17969,54,53,0.0185185
17971,54,53,0.0185185
17974,54,53,0.0185185
17976,54,53,0.0185185
17978,54,53,0.0185185
17980,54,53,0.0185185
17983,54,53,0.0185185
17985,54,53,0.0185185
17987,54,53,0.0185185
17989,54,53,0.0185185
17992,54,53,0.0185185
17995,54,53,0.0185185
17997,54,53,0.0185185
17999,54,53,0.0185185
18002,54,53,0.0185185
18005,54,53,0.0185185
18008,54,53,0.0185185
18010,54,53,0.0185185
18013,54,53,0.0185185
18015,54,53,0.0185185
18017,54,53,0.0185185
18020,54,53,0.0185185
18022,54,53,0.0185185
18024,54,53,0.0185185
18027,54,53,0.0185185
18029,54,53,0.0185185
18031,54,53,0.0185185
18033,54,53,0.0185185
18036,54,53,0.0185185
18038,54,53,0.0185185
18040,54,53,0.0185185
18043,54,53,0.0185185
18045,54,53,0.0185185
18047,54,53,0.0185185
18049,54,53,0.0185185
18052,54,53,0.0185185
18054,54,53,0.0185185
18056,54,53,0.0185185
18059,54,53,0.0185185
18061,54,53,0.0185185
18063,54,53,0.0185185
18066,54,53,0.0185185
18068,54,53,0.0185185
18070,54,53,0.0185185
18073,54,53,0.0185185
18075,54,53,0.0185185
18078,54,53,0.0185185
18080,54,53,0.0185185
18082,54,53,0.0185185
18085,54,53,0.0185185
18087,54,53,0.0185185
18090,54,53,0.0185185
18093,54,53,0.0185185
18095,54,53,0.0185185
18098,54,53,0.0185185
18100,54,53,0.0185185
18102,54,53,0.0185185
18105,54,53,0.0185185
18107,54,53,0.0185185
18109,54,53,0.0185185
18111,54,53,0.0185185
18114,54,53,0.0185185
18116,54,53,0.0185185
18118,54,53,0.0185185
18121,54,53,0.0185185
18124,54,53,0.0185185
18126,54,53,0.0185185
18128,54,53,0.0185185
18130,54,53,0.0185185
18133,54,53,0.0185185
18135,54,53,0.0185185
18138,54,53,0.0185185
18141,54,53,0.0185185
18143,54,53,0.0185185
18146,54,53,0.0185185
18148,54,53,0.0185185
18150,54,53,0.0185185
18153,54,53,0.0185185
18156,54,53,0.0185185
18158,54,53,0.0185185
18160,54,53,0.0185185
18163,54,53,0.0185185
18165,54,53,0.0185185
18168,54,53,0.0185185
18170,54,53,0.0185185
18172,54,53,0.0185185
18175,54,53,0.0185185
18177,54,53,0.0185185
18180,54,53,0.0185185
18182,54,53,0.0185185
18185,54,53,0.0185185
18187,54,53,0.0185185
18189,54,53,0.0185185
18192,54,53,0.0185185
18194,54,53,0.0185185
18196,54,53,0.0185185
18199,54,53,0.0185185
18201,54,53,0.0185185
18203,54,53,0.0185185
18206,54,53,0.0185185
18209,54,53,0.0185185
18212,54,53,0.0185185
18214,54,53,0.0185185
18217,54,53,0.0185185
18221,54,53,0.0185185
18223,54,53,0.0185185
18225,54,53,0.0185185
18227,54,53,0.0185185
18230,54,53,0.0185185
18232,54,53,0.0185185
18234,54,53,0.0185185
18236,54,53,0.0185185
18239,54,53,0.0185185
18241,54,53,0.0185185
18243,54,53,0.0185185
18246,54,53,0.0185185
18248,54,53,0.0185185
18251,54,53,0.0185185
18253,54,53,0.0185185
18255,54,53,0.0185185
18258,54,53,0.0185185
18260,54,53,0.0185185
18262,54,53,0.0185185
18264,54,53,0.0185185
18267,54,53,0.0185185
18269,54,53,0.0185185
18271,54,53,0.0185185
18274,54,53,0.0185185
18277,54,53,0.0185185
18279,54,53,0.0185185
18282,54,53,0.0185185
18285,54,53,0.0185185
18287,54,53,0.0185185
18289,54,53,0.0185185
18292,54,53,0.0185185
18294,54,53,0.0185185
18297,54,53,0.0185185
18299,54,53,0.0185185
18301,54,53,0.0185185
18304,54,53,0.0185185
18306,54,53,0.0185185
18308,54,53,0.0185185
18311,54,53,0.0185185
18313,54,53,0.0185185
18315,54,53,0.0185185
18317,54,53,0.0185185
18320,54,53,0.0185185
18322,54,53,0.0185185
18324,54,53,0.0185185
18328,54,53,0.0185185
18330,54,53,0.0185185
18333,54,53,0.0185185
18335,54,53,0.0185185
18337,54,53,0.0185185
18340,54,53,0.0185185
18342,54,53,0.0185185
18344,54,53,0.0185185
18347,54,53,0.0185185
18349,54,53,0.0185185
18352,54,53,0.0185185
18354,54,53,0.0185185
18356,54,53,0.0185185
18359,54,53,0.0185185
18361,54,53,0.0185185
18363,54,53,0.0185185
18366,54,53,0.0185185
18368,54,53,0.0185185
18370,54,53,0.0185185
18373,54,53,0.0185185
18375,54,53,0.0185185
18378,54,53,0.0185185
18380,54,53,0.0185185
18383,54,53,0.0185185
18385,54,53,0.0185185
18387,54,53,0.0185185
18390,54,53,0.0185185
18392,54,53,0.0185185
18396,54,53,0.0185185
18398,54,53,0.0185185
18401,54,53,0.0185185
18403,54,53,0.0185185
18405,54,53,0.0185185
18407,54,53,0.0185185
18410,54,53,0.0185185
18412,54,53,0.0185185
18414,54,53,0.0185185
18416,54,53,0.0185185
18419,54,53,0.0185185
18421,54,53,0.0185185
18423,54,53,0.0185185
18425,54,53,0.0185185
18428,54,53,0.0185185
18430,54,53,0.0185185
18432,54,53,0.0185185
18435,54,53,0.0185185
18437,54,53,0.0185185
18439,54,53,0.0185185
18443,54,53,0.0185185
18445,54,53,0.0185185
18448,54,53,0.0185185
18450,54,53,0.0185185
18453,54,53,0.0185185
18456,54,53,0.0185185
18459,54,53,0.0185185
18461,54,53,0.0185185
18463,54,53,0.0185185
18466,54,53,0.0185185
18468,54,53,0.0185185
18472,54,53,0.0185185
18474,54,53,0.0185185
18477,54,53,0.0185185
18480,54,53,0.0185185
18482,54,53,0.0185185
18485,54,53,0.0185185
18487,54,53,0.0185185
18489,54,53,0.0185185
18492,54,53,0.0185185
18494,54,53,0.0185185
18496,54,53,0.0185185
18499,54,53,0.0185185
18501,54,53,0.0185185
18503,54,53,0.0185185
18506,54,53,0.0185185
18508,54,53,0.0185185
18510,54,53,0.0185185
18513,54,53,0.0185185
18515,54,53,0.0185185
18517,54,53,0.0185185
18520,54,53,0.0185185
18522,54,53,0.0185185
18525,54,53,0.0185185
18527,54,53,0.0185185
18529,54,53,0.0185185
18532,54,53,0.0185185
18534,54,53,0.0185185
18536,54,53,0.0185185
18540,54,53,0.0185185
18543,54,53,0.0185185
18546,54,53,0.0185185
18549,54,53,0.0185185
18551,54,53,0.0185185
18553,54,53,0.0185185
18555,54,53,0.0185185
18558,54,53,0.0185185
18560,54,53,0.0185185
18562,54,53,0.0185185
18564,54,53,0.0185185
18567,54,53,0.0185185
18569,54,53,0.0185185
18572,54,53,0.0185185
18574,54,53,0.0185185
18577,54,53,0.0185185
18579,54,53,0.0185185
18581,54,53,0.0185185
18583,54,53,0.0185185
18586,54,53,0.0185185
18588,54,53,0.0185185
18590,54,53,0.0185185
18593,54,53,0.0185185
18595,54,53,0.0185185
18599,54,53,0.0185185
18601,54,53,0.0185185
18603,54,53,0.0185185
18605,54,53,0.0185185
18608,54,53,0.0185185
18610,54,53,0.0185185
18614,54,53,0.0185185
18617,54,53,0.0185185
18619,54,53,0.0185185
18621,54,53,0.0185185
18624,54,53,0.0185185
18626,54,53,0.0185185
18628,54,53,0.0185185
18630,54,53,0.0185185
18633,54,53,0.0185185
18635,54,53,0.0185185
18638,54,53,0.0185185
18640,54,53,0.0185185
18643,54,53,0.0185185
18645,54,53,0.0185185
18648,54,53,0.0185185
18650,54,53,0.0185185
18652,54,53,0.0185185
18655,54,53,0.0185185
18657,54,53,0.0185185
18660,54,53,0.0185185
18662,54,53,0.0185185
18664,54,53,0.0185185
18667,54,53,0.0185185
18669,54,53,0.0185185
18672,54,53,0.0185185
18675,54,53,0.0185185
18677,54,53,0.0185185
18679,54,53,0.0185185
18682,54,53,0.0185185
18684,54,53,0.0185185
18686,54,53,0.0185185
18689,54,53,0.0185185
18691,54,53,0.0185185
18694,54,53,0.0185185
18696,54,53,0.0185185
18698,54,53,0.0185185
18701,54,53,0.0185185
18703,54,53,0.0185185
18705,54,53,0.0185185
18708,54,53,0.0185185
18711,54,53,0.0185185
18713,54,53,0.0185185
18717,54,53,0.0185185
18719,54,53,0.0185185
18721,54,53,0.0185185
18724,54,53,0.0185185
18727,54,53,0.0185185
18729,54,53,0.0185185
18731,54,53,0.0185185
18733,54,53,0.0185185
18736,54,53,0.0185185
18738,54,53,0.0185185
18740,54,53,0.0185185
18742,54,53,0.0185185
18746,54,53,0.0185185
18749,54,53,0.0185185
18751,54,53,0.0185185
18753,54,53,0.0185185
18756,54,53,0.0185185
18759,54,53,0.0185185
18762,54,53,0.0185185
18764,54,53,0.0185185
18767,54,53,0.0185185
18770,54,53,0.0185185
18772,54,53,0.0185185
18775,54,53,0.0185185
18778,54,53,0.0185185
18780,54,53,0.0185185
18783,54,53,0.0185185
18785,54,53,0.0185185
18788,54,53,0.0185185
18792,54,53,0.0185185
18794,54,53,0.0185185
18796,54,53,0.0185185
18798,54,53,0.0185185
18801,54,53,0.0185185
18804,54,53,0.0185185
18807,54,53,0.0185185
18810,54,53,0.0185185
18812,54,53,0.0185185
18815,54,53,0.0185185
18817,54,53,0.0185185
18820,54,53,0.0185185
18822,54,53,0.0185185
18825,54,53,0.0185185
18827,54,53,0.0185185
18830,54,53,0.0185185
18833,54,53,0.0185185
18836,54,53,0.0185185
18838,54,53,0.0185185
18840,54,53,0.0185185
18843,54,53,0.0185185
18845,54,53,0.0185185
18847,54,53,0.0185185
18851,54,53,0.0185185
18854,54,53,0.0185185
18856,54,53,0.0185185
18858,54,53,0.0185185
18861,54,53,0.0185185
18863,54,53,0.0185185
18865,54,53,0.0185185
18868,54,53,0.0185185
18870,54,53,0.0185185
18872,54,53,0.0185185
18875,54,53,0.0185185
18877,54,53,0.0185185
18879,54,53,0.0185185
18881,54,53,0.0185185
18884,54,53,0.0185185
18886,54,53,0.0185185
18889,54,53,0.0185185
18891,54,53,0.0185185
18894,54,53,0.0185185
18896,54,53,0.0185185
18898,54,53,0.0185185
18900,54,53,0.0185185
18903,54,53,0.0185185
18905,54,53,0.0185185
18907,54,53,0.0185185
18910,54,53,0.0185185
18912,54,53,0.0185185
18915,54,53,0.0185185
18919,54,53,0.0185185
18921,54,53,0.0185185
18923,54,53,0.0185185
18926,54,53,0.0185185
18928,54,53,0.0185185
18930,54,53,0.0185185
18933,54,53,0.0185185
18935,54,53,0.0185185
18938,54,53,0.0185185
18940,54,53,0.0185185
18942,54,53,0.0185185
18944,54,53,0.0185185
18947,54,53,0.0185185
18949,54,53,0.0185185
18951,54,53,0.0185185
18955,54,53,0.0185185
18959,54,53,0.0185185
18961,54,53,0.0185185
18963,54,53,0.0185185
18966,54,53,0.0185185
18968,54,53,0.0185185
18971,54,53,0.0185185
18974,54,53,0.0185185
18977,54,53,0.0185185
18980,54,53,0.0185185
18982,54,53,0.0185185
18984,54,53,0.0185185
18988,54,53,0.0185185
18990,54,53,0.0185185
18992,54,53,0.0185185
18994,54,53,0.0185185
18997,54,53,0.0185185
19000,54,53,0.0185185
19003,54,53,0.0185185
19005,54,53,0.0185185
19008,54,53,0.0185185
19010,54,53,0.0185185
19012,54,53,0.0185185
19015,54,53,0.0185185
19018,54,53,0.0185185
19020,54,53,0.0185185
19023,54,53,0.0185185
19026,54,53,0.0185185
19028,54,53,0.0185185
19030,54,53,0.0185185
19033,54,53,0.0185185
19035,54,53,0.0185185
19037,54,53,0.0185185
19040,54,53,0.0185185
19042,54,53,0.0185185
19045,54,53,0.0185185
19047,54,53,0.0185185
19049,54,53,0.0185185
19052,54,53,0.0185185
19054,54,53,0.0185185
19056,54,53,0.0185185
19059,54,53,0.0185185
19061,54,53,0.0185185
19063,54,53,0.0185185
19066,54,53,0.0185185
19068,54,53,0.0185185
19071,54,53,0.0185185
19074,54,53,0.0185185
19076,54,53,0.0185185
19079,54,53,0.0185185
19081,54,53,0.0185185
19083,54,53,0.0185185
19086,54,53,0.0185185
19088,54,53,0.0185185
19091,54,53,0.0185185
19093,54,53,0.0185185
19096,54,53,0.0185185
19099,54,53,0.0185185
19101,54,53,0.0185185
19104,54,53,0.0185185
19106,54,53,0.0185185
19108,54,53,0.0185185
19110,54,53,0.0185185
19113,54,53,0.0185185
19115,54,53,0.0185185
19117,54,53,0.0185185
19119,54,53,0.0185185
19122,54,53,0.0185185
19124,54,53,0.0185185
19127,54,53,0.0185185
19129,54,53,0.0185185
19132,54,53,0.0185185
19134,54,53,0.0185185
19136,54,53,0.0185185
19139,54,53,0.0185185
19141,54,53,0.0185185
19143,54,53,0.0185185
19145,54,53,0.0185185
19148,54,53,0.0185185
19150,54,53,0.0185185
19152,54,53,0.0185185
19156,54,53,0.0185185
19158,54,53,0.0185185
19161,54,53,0.0185185
19163,54,53,0.0185185
19166,54,53,0.0185185
19168,54,53,0.0185185
19170,54,53,0.0185185
19174,54,53,0.0185185
19176,54,53,0.0185185
19178,54,53,0.0185185
19180,54,53,0.0185185
19183,54,53,0.0185185
19185,54,53,0.0185185
19187,54,53,0.0185185
19190,54,53,0.0185185
19192,54,53,0.0185185
19194,54,53,0.0185185
19196,54,53,0.0185185
19198,54,53,0.0185185
19201,54,53,0.0185185
19203,54,53,0.0185185
19205,54,53,0.0185185
19207,54,53,0.0185185
19210,54,53,0.0185185
19212,54,53,0.0185185
19214,54,53,0.0185185
19217,54,53,0.0185185
19220,54,53,0.0185185
19222,54,53,0.0185185
19224,54,53,0.0185185
19227,54,53,0.0185185
19230,54,53,0.0185185
19232,54,53,0.0185185
19234,54,53,0.0185185
19236,54,53,0.0185185
19239,54,53,0.0185185
19241,54,53,0.0185185
19243,54,53,0.0185185
19246,54,53,0.0185185
19248,54,53,0.0185185
19250,54,53,0.0185185
19253,54,53,0.0185185
19255,54,53,0.0185185
19258,54,53,0.0185185
19260,54,53,0.0185185
19262,54,53,0.0185185
19264,54,53,0.0185185
19267,54,53,0.0185185
19269,54,53,0.0185185
19272,54,53,0.0185185
19274,54,53,0.0185185
19276,54,53,0.0185185
19279,54,53,0.0185185
19281,54,53,0.0185185
19283,54,53,0.0185185
19287,54,53,0.0185185
19289,54,53,0.0185185
19291,54,53,0.0185185
19294,54,53,0.0185185
19296,54,53,0.0185185
19298,54,53,0.0185185
19301,54,53,0.0185185
19303,54,53,0.0185185
19305,54,53,0.0185185
19308,54,53,0.0185185
19311,54,53,0.0185185
19313,54,53,0.0185185
19316,54,53,0.0185185
19318,54,53,0.0185185
19320,54,53,0.0185185
19323,54,53,0.0185185
19325,54,53,0.0185185
19328,54,53,0.0185185
19330,54,53,0.0185185
19333,54,53,0.0185185
19335,54,53,0.0185185
19337,54,53,0.0185185
19340,54,53,0.0185185
19342,54,53,0.0185185
19344,54,53,0.0185185
19347,54,53,0.0185185
19349,54,53,0.0185185
19352,54,53,0.0185185
19355,54,53,0.0185185
19357,54,53,0.0185185
19360,54,53,0.0185185
19362,54,53,0.0185185
19364,54,53,0.0185185
19367,54,53,0.0185185
19369,54,53,0.0185185
19371,54,53,0.0185185
19374,54,53,0.0185185
19376,54,53,0.0185185
19378,54,53,0.0185185
19381,54,53,0.0185185
19383,54,53,0.0185185
19386,54,53,0.0185185
19388,54,53,0.0185185
19390,54,53,0.0185185
19393,54,53,0.0185185
19396,54,53,0.0185185
19398,54,53,0.0185185
19401,54,53,0.0185185
19403,54,53,0.0185185
19406,54,53,0.0185185
19408,54,53,0.0185185
19410,54,53,0.0185185
19413,54,53,0.0185185
19415,54,53,0.0185185
19417,54,53,0.0185185
19420,54,53,0.0185185
19422,54,53,0.0185185
19425,54,53,0.0185185
19427,54,53,0.0185185
19430,54,53,0.0185185
19432,54,53,0.0185185
19434,54,53,0.0185185
19436,54,53,0.0185185
19439,54,53,0.0185185
19441,54,53,0.0185185
19443,54,53,0.0185185
19445,54,53,0.0185185
19448,54,53,0.0185185
19450,54,53,0.0185185
19453,54,53,0.0185185
19455,54,53,0.0185185
19458,54,53,0.0185185
19460,54,53,0.0185185
19462,54,53,0.0185185
19464,54,53,0.0185185
19467,54,53,0.0185185
19469,54,53,0.0185185
19473,54,53,0.0185185
19475,54,53,0.0185185
19478,54,53,0.0185185
19481,54,53,0.0185185
19483,54,53,0.0185185
19485,54,53,0.0185185
19488,54,53,0.0185185
19491,54,53,0.0185185
19493,54,53,0.0185185
19496,54,53,0.0185185
19498,54,53,0.0185185
19500,54,53,0.0185185
19502,54,53,0.0185185
19504,54,53,0.0185185
19507,54,53,0.0185185
19509,54,53,0.0185185
19512,54,53,0.0185185
19514,54,53,0.0185185
19516,54,53,0.0185185
19520,54,53,0.0185185
19522,54,53,0.0185185
19524,54,53,0.0185185
19527,54,53,0.0185185
19529,54,53,0.0185185
19531,54,53,0.0185185
19533,54,53,0.0185185
19537,54,53,0.0185185
19539,54,53,0.0185185
19542,54,53,0.0185185
19544,54,53,0.0185185
19547,54,53,0.0185185
19549,54,53,0.0185185
19552,54,53,0.0185185
19554,54,53,0.0185185
19557,54,53,0.0185185
19559,54,53,0.0185185
19561,54,53,0.0185185
19564,54,53,0.0185185
19567,54,53,0.0185185
19571,54,53,0.0185185
19574,54,53,0.0185185
19577,54,53,0.0185185
19581,54,53,0.0185185
19584,54,53,0.0185185
19587,54,53,0.0185185
19589,54,53,0.0185185
19591,54,53,0.0185185
19593,54,53,0.0185185
19596,54,53,0.0185185
19598,54,53,0.0185185
19601,54,53,0.0185185
19603,54,53,0.0185185
19605,54,53,0.0185185
19608,54,53,0.0185185
19610,54,53,0.0185185
19612,54,53,0.0185185
19616,54,53,0.0185185
19618,54,53,0.0185185
19620,54,53,0.0185185
19622,54,53,0.0185185
19625,54,53,0.0185185
19627,54,53,0.0185185
19629,54,53,0.0185185
19632,54,53,0.0185185
19634,54,53,0.0185185
19636,54,53,0.0185185
19638,54,53,0.0185185
19641,54,53,0.0185185
19644,54,53,0.0185185
19647,54,53,0.0185185
19650,54,53,0.0185185
19652,54,53,0.0185185
19654,54,53,0.0185185
19656,54,53,0.0185185
19659,54,53,0.0185185
19661,54,53,0.0185185
19663,54,53,0.0185185
19665,54,53,0.0185185
19667,54,53,0.0185185
19669,54,53,0.0185185
19672,54,53,0.0185185
19674,54,53,0.0185185
19677,54,53,0.0185185
19679,54,53,0.0185185
19681,54,53,0.0185185
19684,54,53,0.0185185
19687,54,53,0.0185185
19690,54,53,0.0185185
19692,54,53,0.0185185
19694,54,53,0.0185185
19696,54,53,0.0185185
19700,54,53,0.0185185
19702,54,53,0.0185185
19704,54,53,0.0185185
19707,54,53,0.0185185
19709,54,53,0.0185185
19711,54,53,0.0185185
19714,54,53,0.0185185
19717,54,53,0.0185185
19719,54,53,0.0185185
19721,54,53,0.0185185
19724,54,53,0.0185185
19727,54,53,0.0185185
19730,54,53,0.0185185
19732,54,53,0.0185185
19735,54,53,0.0185185
19737,54,53,0.0185185
19739,54,53,0.0185185
19742,54,53,0.0185185
19744,54,53,0.0185185
19747,54,53,0.0185185
19749,54,53,0.0185185
19751,54,53,0.0185185
19754,54,53,0.0185185
19756,54,53,0.0185185
19758,54,53,0.0185185
19761,54,53,0.0185185
19763,54,53,0.0185185
19766,54,53,0.0185185
19769,54,53,0.0185185
19771,54,53,0.0185185
19775,54,53,0.0185185
19777,54,53,0.0185185
19779,54,53,0.0185185
19782,54,53,0.0185185
19785,54,53,0.0185185
19788,54,53,0.0185185
19792,54,53,0.0185185
19795,54,53,0.0185185
19799,54,53,0.0185185
19802,54,53,0.0185185
19804,54,53,0.0185185
19807,54,53,0.0185185
19810,54,53,0.0185185
19813,54,53,0.0185185
19815,54,53,0.0185185
19818,54,53,0.0185185
19821,54,53,0.0185185
19823,54,53,0.0185185
19826,54,53,0.0185185
19829,54,53,0.0185185
19831,54,53,0.0185185
19834,54,53,0.0185185
19836,54,53,0.0185185
19839,54,53,0.0185185
19842,54,53,0.0185185
19845,54,53,0.0185185
19849,54,53,0.0185185
19851,54,53,0.0185185
19854,54,53,0.0185185
19858,54,53,0.0185185
19861,54,53,0.0185185
19863,54,53,0.0185185
19866,54,53,0.0185185
19869,54,53,0.0185185
19871,54,53,0.0185185
19874,54,53,0.0185185
19876,54,53,0.0185185
19879,54,53,0.0185185
19882,54,53,0.0185185
19884,54,53,0.0185185
19887,54,53,0.0185185
19889,54,53,0.0185185
19892,54,53,0.0185185
19894,54,53,0.0185185
19896,54,53,0.0185185
19899,54,53,0.0185185
19902,54,53,0.0185185
19904,54,53,0.0185185
19906,54,53,0.0185185
19909,54,53,0.0185185
19911,54,53,0.0185185
19913,54,53,0.0185185
19916,54,53,0.0185185
19918,54,53,0.0185185
19920,54,53,0.0185185
19923,54,53,0.0185185
19925,54,53,0.0185185
19928,54,53,0.0185185
19930,54,53,0.0185185
19932,54,53,0.0185185
19936,54,53,0.0185185
19938,54,53,0.0185185
19942,54,53,0.0185185
19945,54,53,0.0185185
19947,54,53,0.0185185
19950,54,53,0.0185185
19952,54,53,0.0185185
19955,54,53,0.0185185
19957,54,53,0.0185185
19959,54,53,0.0185185
19962,54,53,0.0185185
19964,54,53,0.0185185
19966,54,53,0.0185185
19969,54,53,0.0185185
19971,54,53,0.0185185
19974,54,53,0.0185185
19977,54,53,0.0185185
19980,54,53,0.0185185
19982,54,53,0.0185185
19985,54,53,0.0185185
19987,54,53,0.0185185
19989,54,53,0.0185185
19992,54,53,0.0185185
19995,54,53,0.0185185
19997,54,53,0.0185185
20000,54,53,0.0185185
20002,54,53,0.0185185
20005,54,53,0.0185185
20007,54,53,0.0185185
20009,54,53,0.0185185
20012,54,53,0.0185185
20015,54,53,0.0185185
20017,54,53,0.0185185
20020,54,53,0.0185185
20022,54,53,0.0185185
20025,54,53,0.0185185
20027,54,53,0.0185185
20029,54,53,0.0185185
20031,54,53,0.0185185
20033,54,53,0.0185185
20036,54,53,0.0185185
20038,54,53,0.0185185
20040,54,53,0.0185185
20043,54,53,0.0185185
20046,54,53,0.0185185
20048,54,53,0.0185185
20051,54,53,0.0185185
20054,54,53,0.0185185
20057,54,53,0.0185185
20060,54,53,0.0185185
20062,54,53,0.0185185
20065,54,53,0.0185185
20067,54,53,0.0185185
20069,54,53,0.0185185
20072,54,53,0.0185185
20074,54,53,0.0185185
20077,54,53,0.0185185
20080,54,53,0.0185185
20082,54,53,0.0185185
20084,54,53,0.0185185
20087,54,53,0.0185185
20089,54,53,0.0185185
20092,54,53,0.0185185
20094,54,53,0.0185185
20097,54,53,0.0185185
20099,54,53,0.0185185
20101,54,53,0.0185185
20104,54,53,0.0185185
20107,54,53,0.0185185
20109,54,53,0.0185185
20112,54,53,0.0185185
20114,54,53,0.0185185
20117,54,53,0.0185185
20120,54,53,0.0185185
20123,54,53,0.0185185
20126,54,53,0.0185185
20129,54,53,0.0185185
20132,54,53,0.0185185
20135,54,53,0.0185185
20138,54,53,0.0185185
20140,54,53,0.0185185
20143,54,53,0.0185185
20146,54,53,0.0185185
20148,54,53,0.0185185
20151,54,53,0.0185185
20154,54,53,0.0185185
20157,54,53,0.0185185
20159,54,53,0.0185185
20162,54,53,0.0185185
20165,54,53,0.0185185
20168,54,53,0.0185185
20170,54,53,0.0185185
20173,54,53,0.0185185
20176,54,53,0.0185185
20178,54,53,0.0185185
20182,54,53,0.0185185
20184,54,53,0.0185185
20188,54,53,0.0185185
20191,54,53,0.0185185
20194,54,53,0.0185185
20197,54,53,0.0185185
20200,54,53,0.0185185
20203,54,53,0.0185185
20206,54,53,0.0185185
20208,54,53,0.0185185
20211,54,53,0.0185185
20213,54,53,0.0185185
20216,54,53,0.0185185
20219,54,53,0.0185185
20222,54,53,0.0185185
20224,54,53,0.0185185
20227,54,53,0.0185185
20229,54,53,0.0185185
20232,54,53,0.0185185
20234,54,53,0.0185185
20237,54,53,0.0185185
20239,54,53,0.0185185
20242,54,53,0.0185185
20245,54,53,0.0185185
20248,54,53,0.0185185
20250,54,53,0.0185185
20253,54,53,0.0185185
20256,54,53,0.0185185
20258,54,53,0.0185185
20261,54,53,0.0185185
20264,54,53,0.0185185
20266,54,53,0.0185185
20269,54,53,0.0185185
20272,54,53,0.0185185
20274,54,53,0.0185185
20278,54,53,0.0185185
20280,54,53,0.0185185
20282,54,53,0.0185185
20285,54,53,0.0185185
20287,54,53,0.0185185
20290,54,53,0.0185185
20292,54,53,0.0185185
20295,54,53,0.0185185
20297,54,53,0.0185185
20299,54,53,0.0185185
20302,54,53,0.0185185
20307,54,53,0.0185185
20309,54,53,0.0185185
20312,54,53,0.0185185
20314,54,53,0.0185185
20317,54,53,0.0185185
20320,54,53,0.0185185
20323,54,53,0.0185185
20325,54,53,0.0185185
20327,54,53,0.0185185
20330,54,53,0.0185185
20333,54,53,0.0185185
20335,54,53,0.0185185
20338,54,53,0.0185185
20341,54,53,0.0185185
20343,54,53,0.0185185
20345,54,53,0.0185185
20347,54,53,0.0185185
20350,54,53,0.0185185
20352,54,53,0.0185185
20354,54,53,0.0185185
20357,54,53,0.0185185
20359,54,53,0.0185185
20362,54,53,0.0185185
20364,54,53,0.0185185
20367,54,53,0.0185185
20370,54,53,0.0185185
20372,54,53,0.0185185
20374,54,53,0.0185185
20377,54,53,0.0185185
20379,54,53,0.0185185
20381,54,53,0.0185185
20384,54,53,0.0185185
20386,54,53,0.0185185
20388,54,53,0.0185185
20391,54,53,0.0185185
20393,54,53,0.0185185
20396,54,53,0.0185185
20398,54,53,0.0185185
20400,54,53,0.0185185
20404,54,53,0.0185185
20406,54,53,0.0185185
20409,54,53,0.0185185
20411,54,53,0.0185185
20414,54,53,0.0185185
20416,54,53,0.0185185
20418,54,53,0.0185185
20421,54,53,0.0185185
20424,54,53,0.0185185
20426,54,53,0.0185185
20430,54,53,0.0185185
20432,54,53,0.0185185
20434,54,53,0.0185185
20438,54,53,0.0185185
20440,54,53,0.0185185
20442,54,53,0.0185185
20445,54,53,0.0185185
20447,54,53,0.0185185
20449,54,53,0.0185185
20452,54,53,0.0185185
20454,54,53,0.0185185
20457,54,53,0.0185185
20460,54,53,0.0185185
20462,54,53,0.0185185
20465,54,53,0.0185185
20467,54,53,0.0185185
20469,54,53,0.0185185
20471,54,53,0.0185185
20474,54,53,0.0185185
20477,54,53,0.0185185
20481,54,53,0.0185185
20483,54,53,0.0185185
20487,54,53,0.0185185
20491,54,53,0.0185185
20493,54,53,0.0185185
20496,54,53,0.0185185
20498,54,53,0.0185185
20500,54,53,0.0185185
20503,54,53,0.0185185
20505,54,53,0.0185185
20508,54,53,0.0185185
20511,54,53,0.0185185
20514,54,53,0.0185185
20517,54,53,0.0185185
20520,54,53,0.0185185
20523,54,53,0.0185185
20525,54,53,0.0185185
20527,54,53,0.0185185
20530,54,53,0.0185185
20532,54,53,0.0185185
20534,54,53,0.0185185
20537,54,53,0.0185185
20539,54,53,0.0185185
20541,54,53,0.0185185
20545,54,53,0.0185185
20547,54,53,0.0185185
20550,54,53,0.0185185
20552,54,53,0.0185185
20555,54,53,0.0185185
20557,54,53,0.0185185
20560,54,53,0.0185185
20562,54,53,0.0185185
20565,54,53,0.0185185
20567,54,53,0.0185185
20569,54,53,0.0185185
20572,54,53,0.0185185
20575,54,53,0.0185185
20577,54,53,0.0185185
20579,54,53,0.0185185
20583,54,53,0.0185185
20585,54,53,0.0185185
20587,54,53,0.0185185
20589,54,53,0.0185185
20592,54,53,0.0185185
20594,54,53,0.0185185
20596,54,53,0.0185185
20599,54,53,0.0185185
20601,54,53,0.0185185
20604,54,53,0.0185185
20606,54,53,0.0185185
20609,54,53,0.0185185
20612,54,53,0.0185185
20614,54,53,0.0185185
20617,54,53,0.0185185
20619,54,53,0.0185185
20622,54,53,0.0185185
20624,54,53,0.0185185
20626,54,53,0.0185185
20628,54,53,0.0185185
20630,54,53,0.0185185
20634,54,53,0.0185185
20636,54,53,0.0185185
20638,54,53,0.0185185
20640,54,53,0.0185185
20643,54,53,0.0185185
20645,54,53,0.0185185
20647,54,53,0.0185185
20650,54,53,0.0185185
20652,54,53,0.0185185
20654,54,53,0.0185185
20656,54,53,0.0185185
20659,54,53,0.0185185
20661,54,53,0.0185185
20663,54,53,0.0185185
20666,54,53,0.0185185
20668,54,53,0.0185185
20671,54,53,0.0185185
20673,54,53,0.0185185
20675,54,53,0.0185185
20678,54,53,0.0185185
20681,54,53,0.0185185
20683,54,53,0.0185185
20686,54,53,0.0185185
20688,54,53,0.0185185
20691,54,53,0.0185185
20693,54,53,0.0185185
20696,54,53,0.0185185
20698,54,53,0.0185185
20700,54,53,0.0185185
20702,54,53,0.0185185
20705,54,53,0.0185185
20708,54,53,0.0185185
20711,54,53,0.0185185
20714,54,53,0.0185185
20717,54,53,0.0185185
20720,54,53,0.0185185
20723,54,53,0.0185185
20725,54,53,0.0185185
20727,54,53,0.0185185
20730,54,53,0.0185185
20733,54,53,0.0185185
20735,54,53,0.0185185
20737,54,53,0.0185185
20740,54,53,0.0185185
20743,54,53,0.0185185
20746,54,53,0.0185185
20749,54,53,0.0185185
20751,54,53,0.0185185
20753,54,53,0.0185185
20756,54,53,0.0185185
20759,54,53,0.0185185
20761,54,53,0.0185185
20763,54,53,0.0185185
20765,54,53,0.0185185
20768,54,53,0.0185185
20770,54,53,0.0185185
20772,54,53,0.0185185
20775,54,53,0.0185185
20777,54,53,0.0185185
20780,54,53,0.0185185
20782,54,53,0.0185185
20784,54,53,0.0185185
20787,54,53,0.0185185
20789,54,53,0.0185185
20791,54,53,0.0185185
20795,54,53,0.0185185
20797,54,53,0.0185185
20799,54,53,0.0185185
20803,54,53,0.0185185
20805,54,53,0.0185185
20808,54,53,0.0185185
20811,54,53,0.0185185
20813,54,53,0.0185185
20816,54,53,0.0185185
20818,54,53,0.0185185
20820,54,53,0.0185185
20823,54,53,0.0185185
20825,54,53,0.0185185
20828,54,53,0.0185185
20830,54,53,0.0185185
20832,54,53,0.0185185
20836,54,53,0.0185185
20838,54,53,0.0185185
20841,54,53,0.0185185
20844,54,53,0.0185185
20846,54,53,0.0185185
20848,54,53,0.0185185
20851,54,53,0.0185185
20855,54,53,0.0185185
20857,54,53,0.0185185
20859,54,53,0.0185185
20862,54,53,0.0185185
20864,54,53,0.0185185
20867,54,53,0.0185185
20870,54,53,0.0185185
20872,54,53,0.0185185
20875,54,53,0.0185185
20877,54,53,0.0185185
20880,54,53,0.0185185
20883,54,53,0.0185185
20886,54,53,0.0185185
20888,54,53,0.0185185
20891,54,53,0.0185185
20893,54,53,0.0185185
20895,54,53,0.0185185
20899,54,53,0.0185185
20901,54,53,0.0185185
20904,54,53,0.0185185
20907,54,53,0.0185185
20909,54,53,0.0185185
20912,54,53,0.0185185
20914,54,53,0.0185185
20917,54,53,0.0185185
20919,54,53,0.0185185
20922,54,53,0.0185185
20926,54,53,0.0185185
20929,54,53,0.0185185
20931,54,53,0.0185185
20933,54,53,0.0185185
20936,54,53,0.0185185
20938,54,53,0.0185185
20941,54,53,0.0185185
20943,54,53,0.0185185
20945,54,53,0.0185185
20947,54,53,0.0185185
20951,54,53,0.0185185
20953,54,53,0.0185185
20956,54,53,0.0185185
20958,54,53,0.0185185
20961,54,53,0.0185185
20963,54,53,0.0185185
20966,54,53,0.0185185
20968,54,53,0.0185185
20971,54,53,0.0185185
20973,54,53,0.0185185
20975,54,53,0.0185185
20978,54,53,0.0185185
20980,54,53,0.0185185
20983,54,53,0.0185185
20985,54,53,0.0185185
20987,54,53,0.0185185
20990,54,53,0.0185185
20992,54,53,0.0185185
20994,54,53,0.0185185
20996,54,53,0.0185185
20999,54,53,0.0185185
21001,54,53,0.0185185
21004,54,53,0.0185185
21006,54,53,0.0185185
21008,54,53,0.0185185
21010,54,53,0.0185185
21013,54,53,0.0185185
21016,54,53,0.0185185
21019,54,53,0.0185185
21021,54,53,0.0185185
21024,54,53,0.0185185
21027,54,53,0.0185185
21029,54,53,0.0185185
21032,54,53,0.0185185
21034,54,53,0.0185185
21036,54,53,0.0185185
21039,54,53,0.0185185
21041,54,53,0.0185185
21044,54,53,0.0185185
21046,54,53,0.0185185
21049,54,53,0.0185185
21051,54,53,0.0185185
21054,54,53,0.0185185
21057,54,53,0.0185185
21059,54,53,0.0185185
21061,54,53,0.0185185
21064,54,53,0.0185185
21066,54,53,0.0185185
21068,54,53,0.0185185
21071,54,53,0.0185185
21074,54,53,0.0185185
21076,54,53,0.0185185
21078,54,53,0.0185185
21081,54,53,0.0185185
21083,54,53,0.0185185
21085,54,53,0.0185185
21088,54,53,0.0185185
21090,54,53,0.0185185
21093,54,53,0.0185185
21095,54,53,0.0185185
21097,54,53,0.0185185
21099,54,53,0.0185185
21102,54,53,0.0185185
21104,54,53,0.0185185
21107,54,53,0.0185185
21109,54,53,0.0185185
21111,54,53,0.0185185
21114,54,53,0.0185185
21116,54,53,0.0185185
21118,54,53,0.0185185
21121,54,53,0.0185185
21123,54,53,0.0185185
21126,54,53,0.0185185
21128,54,53,0.0185185
21130,54,53,0.0185185
21132,54,53,0.0185185
21135,54,53,0.0185185
21137,54,53,0.0185185
21139,54,53,0.0185185
21143,54,53,0.0185185
21146,54,53,0.0185185
21148,54,53,0.0185185
21150,54,53,0.0185185
21152,54,53,0.0185185
21155,54,53,0.0185185
21158,54,53,0.0185185
21160,54,53,0.0185185
21162,54,53,0.0185185
21164,54,53,0.0185185
21168,54,53,0.0185185
21170,54,53,0.0185185
21173,54,53,0.0185185
21175,54,53,0.0185185
21177,54,53,0.0185185
21180,54,53,0.0185185
21182,54,53,0.0185185
21184,54,53,0.0185185
21187,54,53,0.0185185
21190,54,53,0.0185185
21192,54,53,0.0185185
21194,54,53,0.0185185
21197,54,53,0.0185185
21200,54,53,0.0185185
21202,54,53,0.0185185
21204,54,53,0.0185185
21207,54,53,0.0185185
21209,54,53,0.0185185
21213,54,53,0.0185185
21215,54,53,0.0185185
21218,54,53,0.0185185
21220,54,53,0.0185185
21222,54,53,0.0185185
21224,54,53,0.0185185
21229,54,53,0.0185185
21231,54,53,0.0185185
21234,54,53,0.0185185
21236,54,53,0.0185185
21238,54,53,0.0185185
21241,54,53,0.0185185
21244,54,53,0.0185185
21246,54,53,0.0185185
21248,54,53,0.0185185
21251,54,53,0.0185185
21253,54,53,0.0185185
21256,54,53,0.0185185
21258,54,53,0.0185185
21260,54,53,0.0185185
21263,54,53,0.0185185
21265,54,53,0.0185185
21267,54,53,0.0185185
21270,54,53,0.0185185
21272,54,53,0.0185185
21275,54,53,0.0185185
21277,54,53,0.0185185
21279,54,53,0.0185185
21282,54,53,0.0185185
21285,54,53,0.0185185
21287,54,53,0.0185185
21289,54,53,0.0185185
21292,54,53,0.0185185
21294,54,53,0.0185185
21296,54,53,0.0185185
21299,54,53,0.0185185
21301,54,53,0.0185185
21304,54,53,0.0185185
21306,54,53,0.0185185
21308,54,53,0.0185185
21311,54,53,0.0185185
21313,54,53,0.0185185
21315,54,53,0.0185185
21318,54,53,0.0185185
21320,54,53,0.0185185
21322,54,53,0.0185185
21325,54,53,0.0185185
21327,54,53,0.0185185
21330,54,53,0.0185185
21332,54,53,0.0185185
21334,54,53,0.0185185
21337,54,53,0.0185185
21339,54,53,0.0185185
21342,54,53,0.0185185
21344,54,53,0.0185185
21346,54,53,0.0185185
21348,54,53,0.0185185
21351,54,53,0.0185185
21353,54,53,0.0185185
21356,54,53,0.0185185
21358,54,53,0.0185185
21361,54,53,0.0185185
21363,54,53,0.0185185
21365,54,53,0.0185185
21368,54,53,0.0185185
21370,54,53,0.0185185
21372,54,53,0.0185185
21375,54,53,0.0185185
21377,54,53,0.0185185
21379,54,53,0.0185185
21382,54,53,0.0185185
21387,54,53,0.0185185
21389,54,53,0.0185185
21391,54,53,0.0185185
21393,54,53,0.0185185
21396,54,53,0.0185185
21398,54,53,0.0185185
21400,54,53,0.0185185
21402,54,53,0.0185185
21405,54,53,0.0185185
21407,54,53,0.0185185
21410,54,53,0.0185185
21412,54,53,0.0185185
21415,54,53,0.0185185
21417,54,53,0.0185185
21419,54,53,0.0185185
21422,54,53,0.0185185
21424,54,53,0.0185185
21429,54,53,0.0185185
21431,54,53,0.0185185
21434,54,53,0.0185185
21437,54,53,0.0185185
21439,54,53,0.0185185
21442,54,53,0.0185185
21445,54,53,0.0185185
21448,54,53,0.0185185
21450,54,53,0.0185185
21452,54,53,0.0185185
21455,54,53,0.0185185
21457,54,53,0.0185185
21459,54,53,0.0185185
21461,54,53,0.0185185
21464,54,53,0.0185185
21466,54,53,0.0185185
21469,54,53,0.0185185
21471,54,53,0.0185185
21475,54,53,0.0185185
21477,54,53,0.0185185
21480,54,53,0.0185185
21482,54,53,0.0185185
21485,54,53,0.0185185
21487,54,53,0.0185185
21489,54,53,0.0185185
21492,54,53,0.0185185
21495,54,53,0.0185185
21497,54,53,0.0185185
21500,54,53,0.0185185
21502,54,53,0.0185185
21504,54,53,0.0185185
21506,54,53,0.0185185
21509,54,53,0.0185185
21511,54,53,0.0185185
21513,54,53,0.0185185
21516,54,53,0.0185185
21518,54,53,0.0185185
21521,54,53,0.0185185
21523,54,53,0.0185185
21526,54,53,0.0185185
21528,54,53,0.0185185
21531,54,53,0.0185185
21533,54,53,0.0185185
21536,54,53,0.0185185
21538,54,53,0.0185185
21541,54,53,0.0185185
21543,54,53,0.0185185
21545,54,53,0.0185185
21548,54,53,0.0185185
21551,54,53,0.0185185
21554,54,53,0.0185185
21558,54,53,0.0185185
21560,54,53,0.0185185
21563,54,53,0.0185185
21565,54,53,0.0185185
21568,54,53,0.0185185
21570,54,53,0.0185185
21572,54,53,0.0185185
21576,54,53,0.0185185
21578,54,53,0.0185185
21581,54,53,0.0185185
21584,54,53,0.0185185
21586,54,53,0.0185185
21588,54,53,0.0185185
21591,54,53,0.0185185
21593,54,53,0.0185185
21595,54,53,0.0185185
21598,54,53,0.0185185
21600,54,53,0.0185185
21602,54,53,0.0185185
21604,54,53,0.0185185
21607,54,53,0.0185185
21609,54,53,0.0185185
21612,54,53,0.0185185
21614,54,53,0.0185185
21616,54,53,0.0185185
21619,54,53,0.0185185
21621,54,53,0.0185185
21623,54,53,0.0185185
21625,54,53,0.0185185
21628,54,53,0.0185185
21630,54,53,0.0185185
21632,54,53,0.0185185
21634,54,53,0.0185185
21637,54,53,0.0185185
21640,54,53,0.0185185
21642,54,53,0.0185185
21644,54,53,0.0185185
21646,54,53,0.0185185
21649,54,53,0.0185185
21651,54,53,0.0185185
21653,54,53,0.0185185
21656,54,53,0.0185185
21658,54,53,0.0185185
21660,54,53,0.0185185
21663,54,53,0.0185185
21666,54,53,0.0185185
21669,54,53,0.0185185
21671,54,53,0.0185185
21673,54,53,0.0185185
21676,54,53,0.0185185
21678,54,53,0.0185185
21681,54,53,0.0185185
21684,54,53,0.0185185
21686,54,53,0.0185185
21688,54,53,0.0185185
21690,54,53,0.0185185
21693,54,53,0.0185185
21696,54,53,0.0185185
21698,54,53,0.0185185
21700,54,53,0.0185185
21703,54,53,0.0185185
21705,54,53,0.0185185
21707,54,53,0.0185185
21710,54,53,0.0185185
21712,54,53,0.0185185
21715,54,53,0.0185185
21718,54,53,0.0185185
21721,54,53,0.0185185
21723,54,53,0.0185185
21726,54,53,0.0185185
21729,54,53,0.0185185
21731,54,53,0.0185185
21734,54,53,0.0185185
21737,54,53,0.0185185
21740,54,53,0.0185185
21743,54,53,0.0185185
21747,54,53,0.0185185
21749,54,53,0.0185185
21752,54,53,0.0185185
21754,54,53,0.0185185
21757,54,53,0.0185185
21760,54,53,0.0185185
21762,54,53,0.0185185
21765,54,53,0.0185185
21767,54,53,0.0185185
21770,54,53,0.0185185
21772,54,53,0.0185185
21774,54,53,0.0185185
21777,54,53,0.0185185
21779,54,53,0.0185185
21781,54,53,0.0185185
21784,54,53,0.0185185
21786,54,53,0.0185185
21788,54,53,0.0185185
21791,54,53,0.0185185
21793,54,53,0.0185185
21795,54,53,0.0185185
21797,54,53,0.0185185
21799,54,53,0.0185185
21802,54,53,0.0185185
21804,54,53,0.0185185
21806,54,53,0.0185185
21809,54,53,0.0185185
21811,54,53,0.0185185
21814,54,53,0.0185185
21816,54,53,0.0185185
21818,54,53,0.0185185
21821,54,53,0.0185185
21824,54,53,0.0185185
21827,54,53,0.0185185
21829,54,53,0.0185185
21831,54,53,0.0185185
21834,54,53,0.0185185
21836,54,53,0.0185185
21839,54,53,0.0185185
21841,54,53,0.0185185
21843,54,53,0.0185185
21846,54,53,0.0185185
21849,54,53,0.0185185
21851,54,53,0.0185185
21853,54,53,0.0185185
21855,54,53,0.0185185
21858,54,53,0.0185185
21861,54,53,0.0185185
21864,54,53,0.0185185
21867,54,53,0.0185185
21869,54,53,0.0185185
21872,54,53,0.0185185
21874,54,53,0.0185185
21876,54,53,0.0185185
21879,54,53,0.0185185
21881,54,53,0.0185185
21884,54,53,0.0185185
21888,54,53,0.0185185
21890,54,53,0.0185185
21892,54,53,0.0185185
21895,54,53,0.0185185
21898,54,53,0.0185185
21900,54,53,0.0185185
21903,54,53,0.0185185
21905,54,53,0.0185185
21907,54,53,0.0185185
21909,54,53,0.0185185
21912,54,53,0.0185185
21914,54,53,0.0185185
21917,54,53,0.0185185
21919,54,53,0.0185185
21921,54,53,0.0185185
21924,54,53,0.0185185
21926,54,53,0.0185185
21928,54,53,0.0185185
21930,54,53,0.0185185
21933,54,53,0.0185185
21935,54,53,0.0185185
21938,54,53,0.0185185
21940,54,53,0.0185185
21944,54,53,0.0185185
21947,54,53,0.0185185
21950,54,53,0.0185185
21953,54,53,0.0185185
21956,54,53,0.0185185
21960,54,53,0.0185185
21963,54,53,0.0185185
21966,54,53,0.0185185
21969,54,53,0.0185185
21971,54,53,0.0185185
21974,54,53,0.0185185
21977,54,53,0.0185185
21979,54,53,0.0185185
21982,54,53,0.0185185
21985,54,53,0.0185185
21987,54,53,0.0185185
21990,54,53,0.0185185
21992,54,53,0.0185185
21995,54,53,0.0185185
21998,54,53,0.0185185
22000,54,53,0.0185185
22003,54,53,0.0185185
22007,54,53,0.0185185
22009,54,53,0.0185185
22012,54,53,0.0185185
22014,54,53,0.0185185
22016,54,53,0.0185185
22019,54,53,0.0185185
22022,54,53,0.0185185
22024,54,53,0.0185185
22027,54,53,0.0185185
22030,54,53,0.0185185
22033,54,53,0.0185185
22036,54,53,0.0185185
22039,54,53,0.0185185
22042,54,53,0.0185185
22044,54,53,0.0185185
22048,54,53,0.0185185
22051,54,53,0.0185185
22053,54,53,0.0185185
22056,54,53,0.0185185
22059,54,53,0.0185185
22062,54,53,0.0185185
22065,54,53,0.0185185
22068,54,53,0.0185185
22071,54,53,0.0185185
22075,54,53,0.0185185
22078,54,53,0.0185185
22080,54,53,0.0185185
22082,54,53,0.0185185
22085,54,53,0.0185185
22089,54,53,0.0185185
22091,54,53,0.0185185
22093,54,53,0.0185185
22096,54,53,0.0185185
22098,54,53,0.0185185
22101,54,53,0.0185185
22105,54,53,0.0185185
22107,54,53,0.0185185
22110,54,53,0.0185185
22112,54,53,0.0185185
22114,54,53,0.0185185
22118,54,53,0.0185185
22120,54,53,0.0185185
22122,54,53,0.0185185
22125,54,53,0.0185185
22128,54,53,0.0185185
22131,54,53,0.0185185
22136,54,53,0.0185185
22138,54,53,0.0185185
22141,54,53,0.0185185
22143,54,53,0.0185185
22145,54,53,0.0185185
22148,54,53,0.0185185
22150,54,53,0.0185185
22152,54,53,0.0185185
22155,54,53,0.0185185
22157,54,53,0.0185185
22160,54,53,0.0185185
22162,54,53,0.0185185
22164,54,53,0.0185185
22167,54,53,0.0185185
22169,54,53,0.0185185
22172,54,53,0.0185185
22175,54,53,0.0185185
22178,54,53,0.0185185
22180,54,53,0.0185185
22182,54,53,0.0185185
22184,54,53,0.0185185
22187,54,53,0.0185185
22189,54,53,0.0185185
22191,54,53,0.0185185
22194,54,53,0.0185185
22196,54,53,0.0185185
22198,54,53,0.0185185
22201,54,53,0.0185185
22203,54,53,0.0185185
22205,54,53,0.0185185
22208,54,53,0.0185185
22210,54,53,0.0185185
22213,54,53,0.0185185
22215,54,53,0.0185185
22217,54,53,0.0185185
22220,54,53,0.0185185
22222,54,53,0.0185185
22224,54,53,0.0185185
22226,54,53,0.0185185
22228,54,53,0.0185185
22232,54,53,0.0185185
22234,54,53,0.0185185
22237,54,53,0.0185185
22239,54,53,0.0185185
22241,54,53,0.0185185
22245,54,53,0.0185185
22247,54,53,0.0185185
22250,54,53,0.0185185
22253,54,53,0.0185185
22256,54,53,0.0185185
22258,54,53,0.0185185
22261,54,53,0.0185185
22263,54,53,0.0185185
22265,54,53,0.0185185
22268,54,53,0.0185185
22270,54,53,0.0185185
22273,54,53,0.0185185
22275,54,53,0.0185185
22277,54,53,0.0185185
22280,54,53,0.0185185
22282,54,53,0.0185185
22285,54,53,0.0185185
22288,54,53,0.0185185
22291,54,53,0.0185185
22293,54,53,0.0185185
22295,54,53,0.0185185
22298,54,53,0.0185185
22300,54,53,0.0185185
22303,54,53,0.0185185
22305,54,53,0.0185185
22308,54,53,0.0185185
22311,54,53,0.0185185
22314,54,53,0.0185185
22316,54,53,0.0185185
22318,54,53,0.0185185
22320,54,53,0.0185185
22323,54,53,0.0185185
22325,54,53,0.0185185
22327,54,53,0.0185185
22330,54,53,0.0185185
22332,54,53,0.0185185
22335,54,53,0.0185185
22337,54,53,0.0185185
22339,54,53,0.0185185
22342,54,53,0.0185185
22344,54,53,0.0185185
22347,54,53,0.0185185
22349,54,53,0.0185185
22351,54,53,0.0185185
22355,54,53,0.0185185
22357,54,53,0.0185185
22359,54,53,0.0185185
22362,54,53,0.0185185
22364,54,53,0.0185185
22366,54,53,0.0185185
22369,54,53,0.0185185
22371,54,53,0.0185185
22373,54,53,0.0185185
22376,54,53,0.0185185
22378,54,53,0.0185185
22381,54,53,0.0185185
22383,54,53,0.0185185
22386,54,53,0.0185185
22389,54,53,0.0185185
22391,54,53,0.0185185
22394,54,53,0.0185185
22396,54,53,0.0185185
22399,54,53,0.0185185
22402,54,53,0.0185185
22404,54,53,0.0185185
22407,54,53,0.0185185
22410,54,53,0.0185185
22414,54,53,0.0185185
22417,54,53,0.0185185
22420,54,53,0.0185185
22424,54,53,0.0185185
22427,54,53,0.0185185
22429,54,53,0.0185185
22432,54,53,0.0185185
22435,54,53,0.0185185
22438,54,53,0.0185185
22440,54,53,0.0185185
22443,54,53,0.0185185
22445,54,53,0.0185185
22448,54,53,0.0185185
22450,54,53,0.0185185
22453,54,53,0.0185185
22455,54,53,0.0185185
22458,54,53,0.0185185
22461,54,53,0.0185185
22463,54,53,0.0185185
22466,54,53,0.0185185
22469,54,53,0.0185185
22471,54,53,0.0185185
22474,54,53,0.0185185
22476,54,53,0.0185185
22479,54,53,0.0185185
22482,54,53,0.0185185
22485,54,53,0.0185185
22489,54,53,0.0185185
22492,54,53,0.0185185
22494,54,53,0.0185185
22498,54,53,0.0185185
22501,54,53,0.0185185
22503,54,53,0.0185185
22506,54,53,0.0185185
22508,54,53,0.0185185
22513,54,53,0.0185185
22516,54,53,0.0185185
22519,54,53,0.0185185
22521,54,53,0.0185185
22526,54,53,0.0185185
22528,54,53,0.0185185
22530,54,53,0.0185185
22533,54,53,0.0185185
22535,54,53,0.0185185
22538,54,53,0.0185185
22540,54,53,0.0185185
22543,54,53,0.0185185
22546,54,53,0.0185185
22548,54,53,0.0185185
22552,54,53,0.0185185
22554,54,53,0.0185185
22556,54,53,0.0185185
22560,54,53,0.0185185
22562,54,53,0.0185185
22565,54,53,0.0185185
22567,54,53,0.0185185
22569,54,53,0.0185185
22573,54,53,0.0185185
22576,54,53,0.0185185
22578,54,53,0.0185185
22580,54,53,0.0185185
22584,54,53,0.0185185
22586,54,53,0.0185185
22589,54,53,0.0185185
22592,54,53,0.0185185
22594,54,53,0.0185185
22597,54,53,0.0185185
22599,54,53,0.0185185
22601,54,53,0.0185185
22604,54,53,0.0185185
22606,54,53,0.0185185
22609,54,53,0.0185185
22612,54,53,0.0185185
22614,54,53,0.0185185
22616,54,53,0.0185185
22618,54,53,0.0185185
22621,54,53,0.0185185
22623,54,53,0.0185185
22626,54,53,0.0185185
22628,54,53,0.0185185
22631,54,53,0.0185185
22633,54,53,0.0185185
22635,54,53,0.0185185
22639,54,53,0.0185185
22641,54,53,0.0185185
22643,54,53,0.0185185
22645,54,53,0.0185185
22647,54,53,0.0185185
22650,54,53,0.0185185
22652,54,53,0.0185185
22657,54,53,0.0185185
22659,54,53,0.0185185
22661,54,53,0.0185185
22664,54,53,0.0185185
22666,54,53,0.0185185
22669,54,53,0.0185185
22671,54,53,0.0185185
22674,54,53,0.0185185
22678,54,53,0.0185185
22682,54,53,0.0185185
22684,54,53,0.0185185
22687,54,53,0.0185185
22689,54,53,0.0185185
22692,54,53,0.0185185
22694,54,53,0.0185185
22696,54,53,0.0185185
22699,54,53,0.0185185
22701,54,53,0.0185185
22703,54,53,0.0185185
22706,54,53,0.0185185
22708,54,53,0.0185185
22710,54,53,0.0185185
22713,54,53,0.0185185
22715,54,53,0.0185185
22718,54,53,0.0185185
22720,54,53,0.0185185
22723,54,53,0.0185185
22726,54,53,0.0185185
22729,54,53,0.0185185
22733,54,53,0.0185185
22735,54,53,0.0185185
22737,54,53,0.0185185
22739,54,53,0.0185185
22742,54,53,0.0185185
22744,54,53,0.0185185
22746,54,53,0.0185185
22749,54,53,0.0185185
22752,54,53,0.0185185
22754,54,53,0.0185185
22757,54,53,0.0185185
22760,54,53,0.0185185
22763,54,53,0.0185185
22765,54,53,0.0185185
22767,54,53,0.0185185
22770,54,53,0.0185185
22773,54,53,0.0185185
22776,54,53,0.0185185
22778,54,53,0.0185185
22780,54,53,0.0185185
22782,54,53,0.0185185
22786,54,53,0.0185185
22788,54,53,0.0185185
22790,54,53,0.0185185
22793,54,53,0.0185185
22795,54,53,0.0185185
22798,54,53,0.0185185
22801,54,53,0.0185185
22803,54,53,0.0185185
22806,54,53,0.0185185
22808,54,53,0.0185185
22811,54,53,0.0185185
22813,54,53,0.0185185
22815,54,53,0.0185185
22818,54,53,0.0185185
22820,54,53,0.0185185
22822,54,53,0.0185185
22825,54,53,0.0185185
22827,54,53,0.0185185
22829,54,53,0.0185185
22832,54,53,0.0185185
22835,54,53,0.0185185
22837,54,53,0.0185185
22839,54,53,0.0185185
22842,54,53,0.0185185
22844,54,53,0.0185185
22846,54,53,0.0185185
22849,54,53,0.0185185
22851,54,53,0.0185185
22853,54,53,0.0185185
22856,54,53,0.0185185
22859,54,53,0.0185185
22861,54,53,0.0185185
22864,54,53,0.0185185
22867,54,53,0.0185185
22869,54,53,0.0185185
22872,54,53,0.0185185
22874,54,53,0.0185185
22876,54,53,0.0185185
22880,54,53,0.0185185
22883,54,53,0.0185185
22887,54,53,0.0185185
22890,54,53,0.0185185
22893,54,53,0.0185185
22896,54,53,0.0185185
22898,54,53,0.0185185
22901,54,53,0.0185185
22903,54,53,0.0185185
22906,54,53,0.0185185
22909,54,53,0.0185185
22911,54,53,0.0185185
22913,54,53,0.0185185
22916,54,53,0.0185185
22918,54,53,0.0185185
22921,54,53,0.0185185
22923,54,53,0.0185185
22926,54,53,0.0185185
22928,54,53,0.0185185
22930,54,53,0.0185185
22933,54,53,0.0185185
22935,54,53,0.0185185
22937,54,53,0.0185185
22940,54,53,0.0185185
22942,54,53,0.0185185
22945,54,53,0.0185185
22947,54,53,0.0185185
22950,54,53,0.0185185
22952,54,53,0.0185185
22955,54,53,0.0185185
22958,54,53,0.0185185
22960,54,53,0.0185185
22962,54,53,0.0185185
22965,54,53,0.0185185
22967,54,53,0.0185185
22971,54,53,0.0185185
22973,54,53,0.0185185
22976,54,53,0.0185185
22978,54,53,0.0185185
22980,54,53,0.0185185
22983,54,53,0.0185185
22985,54,53,0.0185185
22987,54,53,0.0185185
22990,54,53,0.0185185
22992,54,53,0.0185185
22994,54,53,0.0185185
22997,54,53,0.0185185
22999,54,53,0.0185185
23001,54,53,0.0185185
23004,54,53,0.0185185
23006,54,53,0.0185185
23008,54,53,0.0185185
23010,54,53,0.0185185
23013,54,53,0.0185185
23015,54,53,0.0185185
23017,54,53,0.0185185
23019,54,53,0.0185185
23022,54,53,0.0185185
23024,54,53,0.0185185
23027,54,53,0.0185185
23030,54,53,0.0185185
23032,54,53,0.0185185
23034,54,53,0.0185185
23036,54,53,0.0185185
23039,54,53,0.0185185
23041,54,53,0.0185185
23044,54,53,0.0185185
23046,54,53,0.0185185
23049,54,53,0.0185185
23051,54,53,0.0185185
23053,54,53,0.0185185
23056,54,53,0.0185185
23058,54,53,0.0185185
23061,54,53,0.0185185
23063,54,53,0.0185185
23065,54,53,0.0185185
23068,54,53,0.0185185
23071,54,53,0.0185185
23073,54,53,0.0185185
23075,54,53,0.0185185
23077,54,53,0.0185185
23080,54,53,0.0185185
23083,54,53,0.0185185
23085,54,53,0.0185185
23087,54,53,0.0185185
23089,54,53,0.0185185
23092,54,53,0.0185185
23095,54,53,0.0185185
23098,54,53,0.0185185
23100,54,53,0.0185185
23103,54,53,0.0185185
23106,54,53,0.0185185
23108,54,53,0.0185185
23110,54,53,0.0185185
23113,54,53,0.0185185
23116,54,53,0.0185185
23118,54,53,0.0185185
23121,54,53,0.0185185
23126,54,53,0.0185185
23129,54,53,0.0185185
23132,54,53,0.0185185
23136,54,53,0.0185185
23140,54,53,0.0185185
23143,54,53,0.0185185
23145,54,53,0.0185185
23147,54,53,0.0185185
23150,54,53,0.0185185
23152,54,53,0.0185185
23155,54,53,0.0185185
23158,54,53,0.0185185
23160,54,53,0.0185185
23163,54,53,0.0185185
23165,54,53,0.0185185
23168,54,53,0.0185185
23170,54,53,0.0185185
23172,54,53,0.0185185
23175,54,53,0.0185185
23177,54,53,0.0185185
23179,54,53,0.0185185
23181,54,53,0.0185185
23184,54,53,0.0185185
23186,54,53,0.0185185
23188,54,53,0.0185185
23191,54,53,0.0185185
23194,54,53,0.0185185
23196,54,53,0.0185185
23198,54,53,0.0185185
23200,54,53,0.0185185
23203,54,53,0.0185185
23205,54,53,0.0185185
23207,54,53,0.0185185
23210,54,53,0.0185185
23212,54,53,0.0185185
23214,54,53,0.0185185
23216,54,53,0.0185185
23219,54,53,0.0185185
23221,54,53,0.0185185
23223,54,53,0.0185185
23225,54,53,0.0185185
23227,54,53,0.0185185
23230,54,53,0.0185185
23233,54,53,0.0185185
23235,54,53,0.0185185
23237,54,53,0.0185185
23239,54,53,0.0185185
23242,54,53,0.0185185
23244,54,53,0.0185185
23246,54,53,0.0185185
23249,54,53,0.0185185
23251,54,53,0.0185185
23254,54,53,0.0185185
23256,54,53,0.0185185
23258,54,53,0.0185185
23261,54,53,0.0185185
23264,54,53,0.0185185
23266,54,53,0.0185185
23268,54,53,0.0185185
23270,54,53,0.0185185
23273,54,53,0.0185185
23276,54,53,0.0185185
23278,54,53,0.0185185
23282,54,53,0.0185185
23285,54,53,0.0185185
23287,54,53,0.0185185
23290,54,53,0.0185185
23293,54,53,0.0185185
23295,54,53,0.0185185
23297,54,53,0.0185185
23300,54,53,0.0185185
23302,54,53,0.0185185
23304,54,53,0.0185185
23307,54,53,0.0185185
23309,54,53,0.0185185
23311,54,53,0.0185185
23313,54,53,0.0185185
23315,54,53,0.0185185
23318,54,53,0.0185185
23320,54,53,0.0185185
23322,54,53,0.0185185
23324,54,53,0.0185185
23326,54,53,0.0185185
23328,54,53,0.0185185
23331,54,53,0.0185185
23333,54,53,0.0185185
23335,54,53,0.0185185
23337,54,53,0.0185185
23340,54,53,0.0185185
23343,54,53,0.0185185
23346,54,53,0.0185185
23349,54,53,0.0185185
23351,54,53,0.0185185
23353,54,53,0.0185185
23355,54,53,0.0185185
23357,54,53,0.0185185
23359,54,53,0.0185185
23362,54,53,0.0185185
23364,54,53,0.0185185
23366,54,53,0.0185185
23369,54,53,0.0185185
23371,54,53,0.0185185
23373,54,53,0.0185185
23376,54,53,0.0185185
23379,54,53,0.0185185
23381,54,53,0.0185185
23383,54,53,0.0185185
23385,54,53,0.0185185
23388,54,53,0.0185185
23390,54,53,0.0185185
23392,54,53,0.0185185
23394,54,53,0.0185185
23396,54,53,0.0185185
23399,54,53,0.0185185
23401,54,53,0.0185185
23404,54,53,0.0185185
23406,54,53,0.0185185
23409,54,53,0.0185185
23411,54,53,0.0185185
23413,54,53,0.0185185
23415,54,53,0.0185185
23418,54,53,0.0185185
23420,54,53,0.0185185
23422,54,53,0.0185185
23424,54,53,0.0185185
23427,54,53,0.0185185
23429,54,53,0.0185185
23431,54,53,0.0185185
23433,54,53,0.0185185
23436,54,53,0.0185185
23438,54,53,0.0185185
23441,54,53,0.0185185
23443,54,53,0.0185185
23445,54,53,0.0185185
23448,54,53,0.0185185
23451,54,53,0.0185185
23455,54,53,0.0185185
23458,54,53,0.0185185
23460,54,53,0.0185185
23463,54,53,0.0185185
23465,54,53,0.0185185
23468,54,53,0.0185185
23470,54,53,0.0185185
23472,54,53,0.0185185
23475,54,53,0.0185185
23477,54,53,0.0185185
23480,54,53,0.0185185
23482,54,53,0.0185185
23484,54,53,0.0185185
23487,54,53,0.0185185
23490,54,53,0.0185185
23492,54,53,0.0185185
23494,54,53,0.0185185
23497,54,53,0.0185185
23499,54,53,0.0185185
23503,54,53,0.0185185
23506,54,53,0.0185185
23510,54,53,0.0185185
23513,54,53,0.0185185
23515,54,53,0.0185185
23517,54,53,0.0185185
23520,54,53,0.0185185
23522,54,53,0.0185185
23524,54,53,0.0185185
23526,54,53,0.0185185
23530,54,53,0.0185185
23533,54,53,0.0185185
23535,54,53,0.0185185
23537,54,53,0.0185185
23540,54,53,0.0185185
23542,54,53,0.0185185
23544,54,53,0.0185185
23546,54,53,0.0185185
23549,54,53,0.0185185
23551,54,53,0.0185185
23553,54,53,0.0185185
23555,54,53,0.0185185
23558,54,53,0.0185185
23560,54,53,0.0185185
23563,54,53,0.0185185
23565,54,53,0.0185185
23567,54,53,0.0185185
23569,54,53,0.0185185
23572,54,53,0.0185185
23574,54,53,0.0185185
23576,54,53,0.0185185
23578,54,53,0.0185185
23581,54,53,0.0185185
23584,54,53,0.0185185
23587,54,53,0.0185185
23589,54,53,0.0185185
23592,54,53,0.0185185
23594,54,53,0.0185185
23596,54,53,0.0185185
23600,54,53,0.0185185
23602,54,53,0.0185185
23605,54,53,0.0185185
23607,54,53,0.0185185
23610,54,53,0.0185185
23612,54,53,0.0185185
23615,54,53,0.0185185
23617,54,53,0.0185185
23619,54,53,0.0185185
23622,54,53,0.0185185
23624,54,53,0.0185185
23627,54,53,0.0185185
23629,54,53,0.0185185
23631,54,53,0.0185185
23633,54,53,0.0185185
23636,54,53,0.0185185
23638,54,53,0.0185185
23640,54,53,0.0185185
23642,54,53,0.0185185
23645,54,53,0.0185185
23647,54,53,0.0185185
23649,54,53,0.0185185
23651,54,53,0.0185185
23653,54,53,0.0185185
23656,54,53,0.0185185
23658,54,53,0.0185185
23660,54,53,0.0185185
23662,54,53,0.0185185
23665,54,53,0.0185185
23667,54,53,0.0185185
23670,54,53,0.0185185
23672,54,53,0.0185185
23674,54,53,0.0185185
23676,54,53,0.0185185
23679,54,53,0.0185185
23681,54,53,0.0185185
23684,54,53,0.0185185
23686,54,53,0.0185185
23688,54,53,0.0185185
23690,54,53,0.0185185
23692,54,53,0.0185185
23695,54,53,0.0185185
23698,54,53,0.0185185
23700,54,53,0.0185185
23702,54,53,0.0185185
23705,54,53,0.0185185
23708,54,53,0.0185185
23710,54,53,0.0185185
23712,54,53,0.0185185
23715,54,53,0.0185185
23717,54,53,0.0185185
23719,54,53,0.0185185
23722,54,53,0.0185185
23724,54,53,0.0185185
23727,54,53,0.0185185
23729,54,53,0.0185185
23731,54,53,0.0185185
23733,54,53,0.0185185
23736,54,53,0.0185185
23738,54,53,0.0185185
23740,54,53,0.0185185
23743,54,53,0.0185185
23745,54,53,0.0185185
23747,54,53,0.0185185
23750,54,53,0.0185185
23752,54,53,0.0185185
23754,54,53,0.0185185
23756,54,53,0.0185185
23758,54,53,0.0185185
23762,54,53,0.0185185
23764,54,53,0.0185185
23766,54,53,0.0185185
23768,54,53,0.0185185
23771,54,53,0.0185185
23773,54,53,0.0185185
23776,54,53,0.0185185
23778,54,53,0.0185185
23781,54,53,0.0185185
23783,54,53,0.0185185
23786,54,53,0.0185185
23788,54,53,0.0185185
23791,54,53,0.0185185
23794,54,53,0.0185185
23796,54,53,0.0185185
23799,54,53,0.0185185
23801,54,53,0.0185185
23804,54,53,0.0185185
23807,54,53,0.0185185
23810,54,53,0.0185185
23812,54,53,0.0185185
23815,54,53,0.0185185
23817,54,53,0.0185185
23820,54,53,0.0185185
23822,54,53,0.0185185
23824,54,53,0.0185185
23827,54,53,0.0185185
23829,54,53,0.0185185
23831,54,53,0.0185185
23834,54,53,0.0185185
23836,54,53,0.0185185
23838,54,53,0.0185185
23841,54,53,0.0185185
23844,54,53,0.0185185
23846,54,53,0.0185185
23849,54,53,0.0185185
23851,54,53,0.0185185
23853,54,53,0.0185185
23855,54,53,0.0185185
23857,54,53,0.0185185
23860,54,53,0.0185185
23862,54,53,0.0185185
23864,54,53,0.0185185
23866,54,53,0.0185185
23869,54,53,0.0185185
23871,54,53,0.0185185
23873,54,53,0.0185185
23876,54,53,0.0185185
23878,54,53,0.0185185
23880,54,53,0.0185185
23883,54,53,0.0185185
23885,54,53,0.0185185
23887,54,53,0.0185185
23889,54,53,0.0185185
23892,54,53,0.0185185
23894,54,53,0.0185185
23897,54,53,0.0185185
23899,54,53,0.0185185
23902,54,53,0.0185185
23905,54,53,0.0185185
23907,54,53,0.0185185
23909,54,53,0.0185185
23912,54,53,0.0185185
23915,54,53,0.0185185
23917,54,53,0.0185185
23920,54,53,0.0185185
23924,54,53,0.0185185
23926,54,53,0.0185185
23928,54,53,0.0185185
23930,54,53,0.0185185
23933,54,53,0.0185185
23936,54,53,0.0185185
23938,54,53,0.0185185
23941,54,53,0.0185185
23943,54,53,0.0185185
23945,54,53,0.0185185
23947,54,53,0.0185185
23950,54,53,0.0185185
23952,54,53,0.0185185
23954,54,53,0.0185185
23956,54,53,0.0185185
23959,54,53,0.0185185
23961,54,53,0.0185185
23963,54,53,0.0185185
23965,54,53,0.0185185
23968,54,53,0.0185185
23970,54,53,0.0185185
23974,54,53,0.0185185
23978,54,53,0.0185185
23980,54,53,0.0185185
23982,54,53,0.0185185
23986,54,53,0.0185185
23988,54,53,0.0185185
23991,54,53,0.0185185
23993,54,53,0.0185185
23996,54,53,0.0185185
23998,54,53,0.0185185
24003,54,53,0.0185185
24005,54,53,0.0185185
24008,54,53,0.0185185
24010,54,53,0.0185185
24013,54,53,0.0185185
24015,54,53,0.0185185
24018,54,53,0.0185185
24021,54,53,0.0185185
24023,54,53,0.0185185
24026,54,53,0.0185185
24028,54,53,0.0185185
24031,54,53,0.0185185
24033,54,53,0.0185185
24036,54,53,0.0185185
24038,54,53,0.0185185
24041,54,53,0.0185185
24043,54,53,0.0185185
24046,54,53,0.0185185
24048,54,53,0.0185185
24051,54,53,0.0185185
24055,54,53,0.0185185
24058,54,53,0.0185185
24060,54,53,0.0185185
24063,54,53,0.0185185
24065,54,53,0.0185185
24068,54,53,0.0185185
24070,54,53,0.0185185
24073,54,53,0.0185185
24076,54,53,0.0185185
24078,54,53,0.0185185
24081,54,53,0.0185185
24083,54,53,0.0185185
24086,54,53,0.0185185
24088,54,53,0.0185185
24091,54,53,0.0185185
24094,54,53,0.0185185
24097,54,53,0.0185185
24099,54,53,0.0185185
24102,54,53,0.0185185
24104,54,53,0.0185185
24107,54,53,0.0185185
24109,54,53,0.0185185
24111,54,53,0.0185185
24114,54,53,0.0185185
24116,54,53,0.0185185
24118,54,53,0.0185185
24121,54,53,0.0185185
24123,54,53,0.0185185
24126,54,53,0.0185185
24128,54,53,0.0185185
24130,54,53,0.0185185
24132,54,53,0.0185185
24135,54,53,0.0185185
24137,54,53,0.0185185
24140,54,53,0.0185185
24143,54,53,0.0185185
24145,54,53,0.0185185
24148,54,53,0.0185185
24150,54,53,0.0185185
24153,54,53,0.0185185
24155,54,53,0.0185185
24158,54,53,0.0185185
24160,54,53,0.0185185
24162,54,53,0.0185185
24164,54,53,0.0185185
24167,54,53,0.0185185
24169,54,53,0.0185185
24171,54,53,0.0185185
24173,54,53,0.0185185
24176,54,53,0.0185185
24178,54,53,0.0185185
24180,54,53,0.0185185
24183,54,53,0.0185185
24186,54,53,0.0185185
24190,54,53,0.0185185
24192,54,53,0.0185185
24194,54,53,0.0185185
24197,54,53,0.0185185
24200,54,53,0.0185185
24202,54,53,0.0185185
24204,54,53,0.0185185
24207,54,53,0.0185185
24209,54,53,0.0185185
24211,54,53,0.0185185
24214,54,53,0.0185185
24216,54,53,0.0185185
24218,54,53,0.0185185
24220,54,53,0.0185185
24223,54,53,0.0185185
24225,54,53,0.0185185
24228,54,53,0.0185185
24230,54,53,0.0185185
24233,54,53,0.0185185
24236,54,53,0.0185185
24238,54,53,0.0185185
24240,54,53,0.0185185
24243,54,53,0.0185185
24246,54,53,0.0185185
24248,54,53,0.0185185
24252,54,53,0.0185185
24256,54,53,0.0185185
24258,54,53,0.0185185
24261,54,53,0.0185185
24265,54,53,0.0185185
24267,54,53,0.0185185
24270,54,53,0.0185185
24274,54,53,0.0185185
24276,54,53,0.0185185
24279,54,53,0.0185185
24282,54,53,0.0185185
24284,54,53,0.0185185
24288,54,53,0.0185185
24290,54,53,0.0185185
24292,54,53,0.0185185
24294,54,53,0.0185185
24297,54,53,0.0185185
24300,54,53,0.0185185
24303,54,53,0.0185185
24305,54,53,0.0185185
24308,54,53,0.0185185
24312,54,53,0.0185185
24314,54,53,0.0185185
24317,54,53,0.0185185
24319,54,53,0.0185185
24322,54,53,0.0185185
24324,54,53,0.0185185
24326,54,53,0.0185185
24329,54,53,0.0185185
24331,54,53,0.0185185
24333,54,53,0.0185185
24336,54,53,0.0185185
24339,54,53,0.0185185
24341,54,53,0.0185185
24343,54,53,0.0185185
24346,54,53,0.0185185
24348,54,53,0.0185185
24351,54,53,0.0185185
24354,54,53,0.0185185
24356,54,53,0.0185185
24359,54,53,0.0185185
24361,54,53,0.0185185
24363,54,53,0.0185185
24368,54,53,0.0185185
24370,54,53,0.0185185
24372,54,53,0.0185185
24375,54,53,0.0185185
24377,54,53,0.0185185
24380,54,53,0.0185185
24383,54,53,0.0185185
24385,54,53,0.0185185
24388,54,53,0.0185185
24390,54,53,0.0185185
24392,54,53,0.0185185
24394,54,53,0.0185185
24397,54,53,0.0185185
24399,54,53,0.0185185
24401,54,53,0.0185185
24403,54,53,0.0185185
24406,54,53,0.0185185
24409,54,53,0.0185185
24411,54,53,0.0185185
24413,54,53,0.0185185
24416,54,53,0.0185185
24418,54,53,0.0185185
24420,54,53,0.0185185
24422,54,53,0.0185185
24426,54,53,0.0185185
24429,54,53,0.0185185
24431,54,53,0.0185185
24434,54,53,0.0185185
24436,54,53,0.0185185
24439,54,53,0.0185185
24441,54,53,0.0185185
24443,54,53,0.0185185
24446,54,53,0.0185185
24448,54,53,0.0185185
24451,54,53,0.0185185
24454,54,53,0.0185185
24456,54,53,0.0185185
24459,54,53,0.0185185
24461,54,53,0.0185185
24464,54,53,0.0185185
24466,54,53,0.0185185
24468,54,53,0.0185185
24470,54,53,0.0185185
24472,54,53,0.0185185
24475,54,53,0.0185185
24477,54,53,0.0185185
24479,54,53,0.0185185
24482,54,53,0.0185185
24484,54,53,0.0185185
24486,54,53,0.0185185
24489,54,53,0.0185185
24491,54,53,0.0185185
24493,54,53,0.0185185
24496,54,53,0.0185185
24498,54,53,0.0185185
24501,54,53,0.0185185
24504,54,53,0.0185185
24508,54,53,0.0185185
24511,54,53,0.0185185
24513,54,53,0.0185185
24515,54,53,0.0185185
24517,54,53,0.0185185
24520,54,53,0.0185185
24523,54,53,0.0185185
24525,54,53,0.0185185
24527,54,53,0.0185185
24529,54,53,0.0185185
24531,54,53,0.0185185
24534,54,53,0.0185185
24536,54,53,0.0185185
24538,54,53,0.0185185
24540,54,53,0.0185185
24543,54,53,0.0185185
24545,54,53,0.0185185
24548,54,53,0.0185185
24550,54,53,0.0185185
24552,54,53,0.0185185
24555,54,53,0.0185185
24557,54,53,0.0185185
24559,54,53,0.0185185
24561,54,53,0.0185185
24564,54,53,0.0185185
24566,54,53,0.0185185
24568,54,53,0.0185185
24571,54,53,0.0185185
24573,54,53,0.0185185
24577,54,53,0.0185185
24579,54,53,0.0185185
24581,54,53,0.0185185
24584,54,53,0.0185185
24587,54,53,0.0185185
24589,54,53,0.0185185
24591,54,53,0.0185185
24594,54,53,0.0185185
24596,54,53,0.0185185
24598,54,53,0.0185185
24601,54,53,0.0185185
24603,54,53,0.0185185
24605,54,53,0.0185185
24608,54,53,0.0185185
24611,54,53,0.0185185
24613,54,53,0.0185185
24615,54,53,0.0185185
24617,54,53,0.0185185
24620,54,53,0.0185185
24622,54,53,0.0185185
24624,54,53,0.0185185
24626,54,53,0.0185185
24628,54,53,0.0185185
24632,54,53,0.0185185
24635,54,53,0.0185185
24637,54,53,0.0185185
24640,54,53,0.0185185
24642,54,53,0.0185185
24644,54,53,0.0185185
24646,54,53,0.0185185
24649,54,53,0.0185185
24651,54,53,0.0185185
24653,54,53,0.0185185
24655,54,53,0.0185185
24658,54,53,0.0185185
24660,54,53,0.0185185
24663,54,53,0.0185185
24666,54,53,0.0185185
24668,54,53,0.0185185
24670,54,53,0.0185185
24674,54,53,0.0185185
24676,54,53,0.0185185
24678,54,53,0.0185185
24680,54,53,0.0185185
24683,54,53,0.0185185
24685,54,53,0.0185185
24687,54,53,0.0185185
24689,54,53,0.0185185
24692,54,53,0.0185185
24695,54,53,0.0185185
24697,54,53,0.0185185
24699,54,53,0.0185185
24701,54,53,0.0185185
24704,54,53,0.0185185
24706,54,53,0.0185185
24709,54,53,0.0185185
24711,54,53,0.0185185
24713,54,53,0.0185185
24717,54,53,0.0185185
24719,54,53,0.0185185
24721,54,53,0.0185185
24724,54,53,0.0185185
24727,54,53,0.0185185
24729,54,53,0.0185185
24731,54,53,0.0185185
24733,54,53,0.0185185
24736,54,53,0.0185185
24738,54,53,0.0185185
24741,54,53,0.0185185
24744,54,53,0.0185185
24746,54,53,0.0185185
24748,54,53,0.0185185
24751,54,53,0.0185185
24753,54,53,0.0185185
24755,54,53,0.0185185
24758,54,53,0.0185185
24761,54,53,0.0185185
24763,54,53,0.0185185
24765,54,53,0.0185185
24767,54,53,0.0185185
24770,54,53,0.0185185
24772,54,53,0.0185185
24774,54,53,0.0185185
24777,54,53,0.0185185
24779,54,53,0.0185185
24781,54,53,0.0185185
24784,54,53,0.0185185
24786,54,53,0.0185185
24788,54,53,0.0185185
24791,54,53,0.0185185
24793,54,53,0.0185185
24797,54,53,0.0185185
24800,54,53,0.0185185
24803,54,53,0.0185185
24805,54,53,0.0185185
24807,54,53,0.0185185
24810,54,53,0.0185185
24812,54,53,0.0185185
24814,54,53,0.0185185
24816,54,53,0.0185185
24819,54,53,0.0185185
24821,54,53,0.0185185
24823,54,53,0.0185185
24825,54,53,0.0185185
24827,54,53,0.0185185
24830,54,53,0.0185185
24832,54,53,0.0185185
24834,54,53,0.0185185
24837,54,53,0.0185185
24839,54,53,0.0185185
24841,54,53,0.0185185
24844,54,53,0.0185185
24846,54,53,0.0185185
24848,54,53,0.0185185
24851,54,53,0.0185185
24854,54,53,0.0185185
24856,54,53,0.0185185
24858,54,53,0.0185185
24861,54,53,0.0185185
24863,54,53,0.0185185
24865,54,53,0.0185185
24867,54,53,0.0185185
24870,54,53,0.0185185
24872,54,53,0.0185185
24874,54,53,0.0185185
24876,54,53,0.0185185
24878,54,53,0.0185185
24880,54,53,0.0185185
24882,54,53,0.0185185
24885,54,53,0.0185185
24887,54,53,0.0185185
24889,54,53,0.0185185
24893,54,53,0.0185185
24895,54,53,0.0185185
24897,54,53,0.0185185
24899,54,53,0.0185185
24901,54,53,0.0185185
24904,54,53,0.0185185
24906,54,53,0.0185185
24908,54,53,0.0185185
24910,54,53,0.0185185
24914,54,53,0.0185185
24916,54,53,0.0185185
24919,54,53,0.0185185
24921,54,53,0.0185185
24923,54,53,0.0185185
24925,54,53,0.0185185
24927,54,53,0.0185185
24930,54,53,0.0185185
24933,54,53,0.0185185
24938,54,53,0.0185185
24940,54,53,0.0185185
24943,54,53,0.0185185
24945,54,53,0.0185185
24948,54,53,0.0185185
24950,54,53,0.0185185
24954,54,53,0.0185185
24957,54,53,0.0185185
24959,54,53,0.0185185
24961,54,53,0.0185185
24963,54,53,0.0185185
24966,54,53,0.0185185
24968,54,53,0.0185185
24970,54,53,0.0185185
24972,54,53,0.0185185
24975,54,53,0.0185185
24977,54,53,0.0185185
24979,54,53,0.0185185
24982,54,53,0.0185185
24984,54,53,0.0185185
24986,54,53,0.0185185
24989,54,53,0.0185185
24991,54,53,0.0185185
24993,54,53,0.0185185
24996,54,53,0.0185185
24998,54,53,0.0185185
25000,54,53,0.0185185
25003,54,53,0.0185185
25005,54,53,0.0185185
25007,54,53,0.0185185
25009,54,53,0.0185185
25011,54,53,0.0185185
25013,54,53,0.0185185
25016,54,53,0.0185185
25019,54,53,0.0185185
25019,54,53,0.0185185
25020,54,53,0.0185185
25021,54,53,0.0185185
25022,54,53,0.0185185
25023,54,53,0.0185185
25023,54,53,0.0185185
25023,54,53,0.0185185
25024,54,53,0.0185185
25025,54,53,0.0185185
25025,54,53,0.0185185
25026,54,53,0.0185185
25027,54,53,0.0185185
25028,54,53,0.0185185
25029,54,53,0.0185185
25029,54,53,0.0185185
25030,54,53,0.0185185
25031,54,53,0.0185185
25031,54,53,0.0185185
25032,54,53,0.0185185
25033,54,53,0.0185185
25033,54,53,0.0185185
25033,54,53,0.0185185
25034,54,53,0.0185185
25035,54,53,0.0185185
25036,54,53,0.0185185
25037,54,53,0.0185185
25037,54,53,0.0185185
25037,54,53,0.0185185
25038,54,53,0.0185185
25039,54,53,0.0185185
25040,54,53,0.0185185
25042,54,53,0.0185185
25044,54,53,0.0185185
25049,54,53,0.0185185
25049,54,53,0.0185185
25049,54,53,0.0185185
25050,54,53,0.0185185
25050,54,53,0.0185185
25050,54,53,0.0185185
25051,54,53,0.0185185
25052,54,53,0.0185185
25053,54,53,0.0185185
25054,54,53,0.0185185
25056,54,53,0.0185185
25057,54,53,0.0185185
25058,54,53,0.0185185
25058,54,53,0.0185185
25058,54,53,0.0185185
25058,54,53,0.0185185
25059,54,53,0.0185185
25059,54,53,0.0185185
25059,54,53,0.0185185
25060,54,53,0.0185185
25060,54,53,0.0185185
25060,54,53,0.0185185
25061,54,53,0.0185185
25061,54,53,0.0185185
25061,54,53,0.0185185
25061,54,53,0.0185185
25062,54,53,0.0185185
25062,54,53,0.0185185
25062,54,53,0.0185185
25063,54,53,0.0185185
25065,54,53,0.0185185
25065,54,53,0.0185185
25066,54,53,0.0185185
25067,54,53,0.0185185
25068,54,53,0.0185185
25068,54,53,0.0185185
25068,54,53,0.0185185
25069,54,53,0.0185185
25069,54,53,0.0185185
25069,54,53,0.0185185
25070,54,53,0.0185185
25070,54,53,0.0185185
25070,54,53,0.0185185
25071,54,53,0.0185185
25071,54,53,0.0185185
25071,54,53,0.0185185
25072,54,53,0.0185185
25073,54,53,0.0185185
25074,54,53,0.0185185
25075,54,53,0.0185185
25075,54,53,0.0185185
25075,54,53,0.0185185
25075,54,53,0.0185185
25076,54,53,0.0185185
25076,54,53,0.0185185
25076,54,53,0.0185185
25077,54,53,0.0185185
25077,54,53,0.0185185
25079,54,53,0.0185185
25079,54,53,0.0185185
25079,54,53,0.0185185
25080,54,53,0.0185185
25081,54,53,0.0185185
25082,54,53,0.0185185
25083,54,53,0.0185185
25084,54,53,0.0185185
25084,54,53,0.0185185
25084,54,53,0.0185185
25085,54,53,0.0185185
25085,54,53,0.0185185
25087,54,53,0.0185185
25087,54,53,0.0185185
25088,54,53,0.0185185
25088,54,53,0.0185185
25088,54,53,0.0185185
25088,54,53,0.0185185
25090,54,53,0.0185185
25092,54,53,0.0185185
25092,54,53,0.0185185
25093,54,53,0.0185185
25094,54,53,0.0185185
25094,54,53,0.0185185
25094,54,53,0.0185185
25095,54,53,0.0185185
25095,54,53,0.0185185
25095,54,53,0.0185185
25095,54,53,0.0185185
25096,54,53,0.0185185
25096,54,53,0.0185185
25096,54,53,0.0185185
25097,54,53,0.0185185
25097,54,53,0.0185185
25097,54,53,0.0185185
25098,54,53,0.0185185
25098,54,53,0.0185185
25098,54,53,0.0185185
25099,54,53,0.0185185
25099,54,53,0.0185185
25099,54,53,0.0185185
25100,54,53,0.0185185
25100,54,53,0.0185185
25101,54,53,0.0185185
25101,54,53,0.0185185
25103,54,53,0.0185185
25104,54,53,0.0185185
25105,54,53,0.0185185
25105,54,53,0.0185185
25105,54,53,0.0185185
25106,54,53,0.0185185
25106,54,53,0.0185185
25107,54,53,0.0185185
25108,54,53,0.0185185
25108,54,53,0.0185185
25108,54,53,0.0185185
25109,54,53,0.0185185
25114,54,53,0.0185185
25114,54,53,0.0185185
25116,54,53,0.0185185
25116,54,53,0.0185185
25116,54,53,0.0185185
25117,54,53,0.0185185
25118,54,53,0.0185185
25119,54,53,0.0185185
25120,54,53,0.0185185
25120,54,53,0.0185185
25121,54,53,0.0185185
25121,54,53,0.0185185
25121,54,53,0.0185185
25122,54,53,0.0185185
25122,54,53,0.0185185
25122,54,53,0.0185185
25123,54,53,0.0185185
25123,54,53,0.0185185
25123,54,53,0.0185185
25124,54,53,0.0185185
25124,54,53,0.0185185
25125,54,53,0.0185185
25125,54,53,0.0185185
25125,54,53,0.0185185
25126,54,53,0.0185185
25126,54,53,0.0185185
25126,54,53,0.0185185
25128,54,53,0.0185185
25129,54,53,0.0185185
25129,54,53,0.0185185
25130,54,53,0.0185185
25130,54,53,0.0185185
25134,54,53,0.0185185
25134,54,53,0.0185185
25136,54,53,0.0185185
25138,54,53,0.0185185
25139,54,53,0.0185185
25141,54,53,0.0185185
25142,54,53,0.0185185
25143,54,53,0.0185185
25145,54,53,0.0185185
25149,54,53,0.0185185
25150,54,53,0.0185185
25150,54,53,0.0185185
25152,54,53,0.0185185
25154,54,53,0.0185185
25155,54,53,0.0185185
25158,54,53,0.0185185
25160,54,53,0.0185185
25164,54,53,0.0185185
25167,54,53,0.0185185
25169,54,53,0.0185185
25170,54,53,0.0185185
25171,54,53,0.0185185
25173,54,53,0.0185185
25174,54,53,0.0185185
25175,54,53,0.0185185
25177,54,53,0.0185185
25179,54,53,0.0185185
25183,54,53,0.0185185
25184,54,53,0.0185185
25187,54,53,0.0185185
25187,54,53,0.0185185
25187,54,53,0.0185185
25190,54,53,0.0185185
25191,54,53,0.0185185
25192,54,53,0.0185185
25194,54,53,0.0185185
25195,54,53,0.0185185
25196,54,53,0.0185185
25197,54,53,0.0185185
25197,54,53,0.0185185
25200,54,53,0.0185185
25201,54,53,0.0185185
25203,54,53,0.0185185
25205,54,53,0.0185185
25206,54,53,0.0185185
25207,54,53,0.0185185
25207,54,53,0.0185185
25208,54,53,0.0185185
25209,54,53,0.0185185
25209,54,53,0.0185185
25210,54,53,0.0185185
25210,54,53,0.0185185
25210,54,53,0.0185185
25211,54,53,0.0185185
25211,54,53,0.0185185
25211,54,53,0.0185185
25213,54,53,0.0185185
25213,54,53,0.0185185
25213,54,53,0.0185185
25214,54,53,0.0185185
25214,54,53,0.0185185
25216,54,53,0.0185185
25217,54,53,0.0185185
25217,54,53,0.0185185
25218,54,53,0.0185185
25218,54,53,0.0185185
25218,54,53,0.0185185
25219,54,53,0.0185185
25219,54,53,0.0185185
25219,54,53,0.0185185
25220,54,53,0.0185185
25220,54,53,0.0185185
25220,54,53,0.0185185
25221,54,53,0.0185185
25221,54,53,0.0185185
25221,54,53,0.0185185
25222,54,53,0.0185185
25222,54,53,0.0185185
25222,54,53,0.0185185
25222,54,53,0.0185185
25225,54,53,0.0185185
25227,54,53,0.0185185
25227,54,53,0.0185185
25227,54,53,0.0185185
25228,54,53,0.0185185
25228,54,53,0.0185185
25228,54,53,0.0185185
25228,54,53,0.0185185
25229,54,53,0.0185185
25229,54,53,0.0185185
25229,54,53,0.0185185
25230,54,53,0.0185185
25230,54,53,0.0185185
25230,54,53,0.0185185
25231,54,53,0.0185185
25231,54,53,0.0185185
25231,54,53,0.0185185
25232,54,53,0.0185185
25232,54,53,0.0185185
25232,54,53,0.0185185
25233,54,53,0.0185185
25233,54,53,0.0185185
25237,54,53,0.0185185
25238,54,53,0.0185185
25240,54,53,0.0185185
25242,54,53,0.0185185
25244,54,53,0.0185185
25244,54,53,0.0185185
25244,54,53,0.0185185
25244,54,53,0.0185185
25246,54,53,0.0185185
25246,54,53,0.0185185
25247,54,53,0.0185185
25247,54,53,0.0185185
25249,54,53,0.0185185
25249,54,53,0.0185185
25251,54,53,0.0185185
25251,54,53,0.0185185
25251,54,53,0.0185185
25253,54,53,0.0185185
25254,54,53,0.0185185
25254,54,53,0.0185185
25256,54,53,0.0185185
25256,54,53,0.0185185
25256,54,53,0.0185185
25257,54,53,0.0185185
25258,54,53,0.0185185
25259,54,53,0.0185185
25261,54,53,0.0185185
25261,54,53,0.0185185
25261,54,53,0.0185185
25265,54,53,0.0185185
25265,54,53,0.0185185
25266,54,53,0.0185185
25268,54,53,0.0185185
25269,54,53,0.0185185
25271,54,53,0.0185185
25271,54,53,0.0185185
25273,54,53,0.0185185
25273,54,53,0.0185185
25273,54,53,0.0185185
25273,54,53,0.0185185
25275,54,53,0.0185185
25275,54,53,0.0185185
25276,54,53,0.0185185
25277,54,53,0.0185185
25278,54,53,0.0185185
25278,54,53,0.0185185
25278,54,53,0.0185185
25280,54,53,0.0185185
25280,54,53,0.0185185
25282,54,53,0.0185185
25282,54,53,0.0185185
25283,54,53,0.0185185
25286,54,53,0.0185185
25286,54,53,0.0185185
25287,54,53,0.0185185
25287,54,53,0.0185185
25287,54,53,0.0185185
25288,54,53,0.0185185
25288,54,53,0.0185185
25288,54,53,0.0185185
25289,54,53,0.0185185
25289,54,53,0.0185185
25289,54,53,0.0185185
25289,54,53,0.0185185
25290,54,53,0.0185185
25290,54,53,0.0185185
25290,54,53,0.0185185
25291,54,53,0.0185185
25291,54,53,0.0185185
25291,54,53,0.0185185
25292,54,53,0.0185185
25292,54,53,0.0185185
25292,54,53,0.0185185
25293,54,53,0.0185185
25293,54,53,0.0185185
25293,54,53,0.0185185
25296,54,53,0.0185185
25296,54,53,0.0185185
25296,54,53,0.0185185
25297,54,53,0.0185185
25297,54,53,0.0185185
25297,54,53,0.0185185
25298,54,53,0.0185185
25298,54,53,0.0185185
25298,54,53,0.0185185
25299,54,53,0.0185185
25301,54,53,0.0185185
25303,54,53,0.0185185
25305,54,53,0.0185185
25305,54,53,0.0185185
25306,54,53,0.0185185
25306,54,53,0.0185185
25307,54,53,0.0185185
25307,54,53,0.0185185
25307,54,53,0.0185185
25308,54,53,0.0185185
25308,54,53,0.0185185
25308,54,53,0.0185185
25310,54,53,0.0185185
25312,54,53,0.0185185
25312,54,53,0.0185185
25313,54,53,0.0185185
25314,54,53,0.0185185
25316,54,53,0.0185185
25317,54,53,0.0185185
25318,54,53,0.0185185
25319,54,53,0.0185185
25320,54,53,0.0185185
25324,54,53,0.0185185
25328,54,53,0.0185185
25331,54,53,0.0185185
25332,54,53,0.0185185
25335,54,53,0.0185185
25343,54,53,0.0185185
25344,54,53,0.0185185
25346,54,53,0.0185185
25346,54,53,0.0185185
25347,54,53,0.0185185
25347,54,53,0.0185185
25347,54,53,0.0185185
25348,54,53,0.0185185
25348,54,53,0.0185185
25350,54,53,0.0185185
25355,54,53,0.0185185
25360,54,53,0.0185185
25367,54,53,0.0185185
25371,54,53,0.0185185
25372,54,53,0.0185185
25374,54,53,0.0185185
25374,54,53,0.0185185
25381,54,53,0.0185185
25384,54,53,0.0185185
25385,54,53,0.0185185
25387,54,53,0.0185185
25387,54,53,0.0185185
25393,54,53,0.0185185
25396,54,53,0.0185185
25397,54,53,0.0185185
25399,54,53,0.0185185
25401,54,53,0.0185185
25403,54,53,0.0185185
25405,54,53,0.0185185
25408,54,53,0.0185185
25410,54,53,0.0185185
25414,54,53,0.0185185
25416,54,53,0.0185185
25416,54,53,0.0185185
25419,54,53,0.0185185
25421,54,53,0.0185185
25422,54,53,0.0185185
25426,54,53,0.0185185
25428,54,53,0.0185185
25430,54,53,0.0185185
25434,54,53,0.0185185
25436,54,53,0.0185185
25437,54,53,0.0185185
25438,54,53,0.0185185
25438,54,53,0.0185185
25439,54,53,0.0185185
25439,54,53,0.0185185
25439,54,53,0.0185185
25440,54,53,0.0185185
25441,54,53,0.0185185
25441,54,53,0.0185185
25441,54,53,0.0185185
25442,54,53,0.0185185
25445,54,53,0.0185185
25447,54,53,0.0185185
25447,54,53,0.0185185
25449,54,53,0.0185185
25450,54,53,0.0185185
25450,54,53,0.0185185
25450,54,53,0.0185185
25452,54,53,0.0185185
25455,54,53,0.0185185
25456,54,53,0.0185185
25456,54,53,0.0185185
25457,54,53,0.0185185
25460,54,53,0.0185185
25460,54,53,0.0185185
25462,54,53,0.0185185
25462,54,53,0.0185185
25463,54,53,0.0185185
25463,54,53,0.0185185
25464,54,53,0.0185185
25470,54,53,0.0185185
25474,54,53,0.0185185
25476,54,53,0.0185185
25477,54,53,0.0185185
25484,54,53,0.0185185
25489,54,53,0.0185185
25490,54,53,0.0185185
25491,54,53,0.0185185
25493,54,53,0.0185185
25493,54,53,0.0185185
25493,54,53,0.0185185
25496,54,53,0.0185185
25497,54,53,0.0185185
25497,54,53,0.0185185
25500,54,53,0.0185185
25501,54,53,0.0185185
25503,54,53,0.0185185
25503,54,53,0.0185185
25503,54,53,0.0185185
25505,54,53,0.0185185
25509,54,53,0.0185185
25513,54,53,0.0185185
25513,54,53,0.0185185
25515,54,53,0.0185185
25516,54,53,0.0185185
25518,54,53,0.0185185
25520,54,53,0.0185185
25520,54,53,0.0185185
25520,54,53,0.0185185
25524,54,53,0.0185185
25535,54,53,0.0185185
25537,54,53,0.0185185
25539,54,53,0.0185185
25542,54,53,0.0185185
25544,54,53,0.0185185
25547,54,53,0.0185185
25547,54,53,0.0185185
25553,54,53,0.0185185
25557,54,53,0.0185185
25557,54,53,0.0185185
25557,54,53,0.0185185
25562,54,53,0.0185185
25569,54,53,0.0185185
25572,54,53,0.0185185
25574,54,53,0.0185185
25576,54,53,0.0185185
25576,54,53,0.0185185
25578,54,53,0.0185185
25578,54,53,0.0185185
25580,54,53,0.0185185
25583,54,53,0.0185185
25583,54,53,0.0185185
25584,54,53,0.0185185
25584,54,53,0.0185185
25587,54,53,0.0185185
25589,54,53,0.0185185
25593,54,53,0.0185185
25595,54,53,0.0185185
25595,54,53,0.0185185
25597,54,53,0.0185185
25599,54,53,0.0185185
25601,54,53,0.0185185
25601,54,53,0.0185185
25601,54,53,0.0185185
25603,54,53,0.0185185
25608,54,53,0.0185185
25613,54,53,0.0185185
25614,54,53,0.0185185
25616,54,53,0.0185185
25618,54,53,0.0185185
25618,54,53,0.0185185
25619,54,53,0.0185185
25619,54,53,0.0185185
25621,54,53,0.0185185
25626,54,53,0.0185185
25631,54,53,0.0185185
25631,54,53,0.0185185
25635,54,53,0.0185185
25635,54,53,0.0185185
25637,54,53,0.0185185
25643,54,53,0.0185185
25650,54,53,0.0185185
25652,54,53,0.0185185
25654,54,53,0.0185185
25654,54,53,0.0185185
25654,54,53,0.0185185
25655,54,53,0.0185185
25655,54,53,0.0185185
25655,54,53,0.0185185
25656,54,53,0.0185185
25656,54,53,0.0185185
25656,54,53,0.0185185
25658,54,53,0.0185185
25667,54,53,0.0185185
25671,54,53,0.0185185
25671,54,53,0.0185185
25673,54,53,0.0185185
25675,54,53,0.0185185
25678,54,53,0.0185185
25678,54,53,0.0185185
25678,54,53,0.0185185
25679,54,53,0.0185185
25679,54,53,0.0185185
25685,54,53,0.0185185
25692,54,53,0.0185185
25694,54,53,0.0185185
25698,54,53,0.0185185
25702,54,53,0.0185185
25707,54,53,0.0185185
25709,54,53,0.0185185
25709,54,53,0.0185185
25709,54,53,0.0185185
25718,54,53,0.0185185
25723,54,53,0.0185185
25724,54,53,0.0185185
25726,54,53,0.0185185
25733,54,53,0.0185185
25735,54,53,0.0185185
25737,54,53,0.0185185
25737,54,53,0.0185185
25738,54,53,0.0185185
25740,54,53,0.0185185
25740,54,53,0.0185185
25746,54,53,0.0185185
25747,54,53,0.0185185
25747,54,53,0.0185185
25747,54,53,0.0185185
25755,54,53,0.0185185
25758,54,53,0.0185185
25764,54,53,0.0185185
25771,54,53,0.0185185
25774,54,53,0.0185185
25778,54,53,0.0185185
25779,54,53,0.0185185
25779,54,53,0.0185185
25788,54,53,0.0185185
25790,54,53,0.0185185
25793,54,53,0.0185185
25794,54,53,0.0185185
25795,54,53,0.0185185
25795,54,53,0.0185185
25800,54,53,0.0185185
25804,54,53,0.0185185
25808,54,53,0.0185185
25810,54,53,0.0185185
25810,54,53,0.0185185
25811,54,53,0.0185185
25811,54,53,0.0185185
25813,54,53,0.0185185
25817,54,53,0.0185185
25821,54,53,0.0185185
25822,54,53,0.0185185
25825,54,53,0.0185185
25828,54,53,0.0185185
25830,54,53,0.0185185
25833,54,53,0.0185185
25836,54,53,0.0185185
25838,54,53,0.0185185
25840,54,53,0.0185185
25843,54,53,0.0185185
25845,54,53,0.0185185
25847,54,53,0.0185185
25849,54,53,0.0185185
25852,54,53,0.0185185
25854,54,53,0.0185185
25856,54,53,0.0185185
25859,54,53,0.0185185
25861,54,53,0.0185185
25863,54,53,0.0185185
25866,54,53,0.0185185
25869,54,53,0.0185185
25872,54,53,0.0185185
25874,54,53,0.0185185
25876,54,53,0.0185185
25879,54,53,0.0185185
25881,54,53,0.0185185
25883,54,53,0.0185185
25886,54,53,0.0185185
25890,54,53,0.0185185
25892,54,53,0.0185185
25895,54,53,0.0185185
25898,54,53,0.0185185
25900,54,53,0.0185185
25902,54,53,0.0185185
25905,54,53,0.0185185
25908,54,53,0.0185185
25910,54,53,0.0185185
25913,54,53,0.0185185
25916,54,53,0.0185185
25919,54,53,0.0185185
25921,54,53,0.0185185
25923,54,53,0.0185185
25926,54,53,0.0185185
25928,54,53,0.0185185
25931,54,53,0.0185185
25933,54,53,0.0185185
25935,54,53,0.0185185
25938,54,53,0.0185185
25940,54,53,0.0185185
25943,54,53,0.0185185
25945,54,53,0.0185185
25948,54,53,0.0185185
25951,54,53,0.0185185
25954,54,53,0.0185185
25957,54,53,0.0185185
25959,54,53,0.0185185
25961,54,53,0.0185185
25964,54,53,0.0185185
25966,54,53,0.0185185
25969,54,53,0.0185185
25971,54,53,0.0185185
25973,54,53,0.0185185
25975,54,53,0.0185185
25977,54,53,0.0185185
25979,54,53,0.0185185
25982,54,53,0.0185185
25984,54,53,0.0185185
25986,54,53,0.0185185
25989,54,53,0.0185185
25991,54,53,0.0185185
25993,54,53,0.0185185
25997,54,53,0.0185185
25999,54,53,0.0185185
26001,54,53,0.0185185
26004,54,53,0.0185185
26006,54,53,0.0185185
26008,54,53,0.0185185
26010,54,53,0.0185185
26013,54,53,0.0185185
26015,54,53,0.0185185
26017,54,53,0.0185185
26019,54,53,0.0185185
26023,54,53,0.0185185
26025,54,53,0.0185185
26027,54,53,0.0185185
26030,54,53,0.0185185
26033,54,53,0.0185185
26035,54,53,0.0185185
26037,54,53,0.0185185
26040,54,53,0.0185185
26042,54,53,0.0185185
26044,54,53,0.0185185
26046,54,53,0.0185185
26050,54,53,0.0185185
26052,54,53,0.0185185
26054,54,53,0.0185185
26057,54,53,0.0185185
26059,54,53,0.0185185
26062,54,53,0.0185185
26065,54,53,0.0185185
26067,54,53,0.0185185
26069,54,53,0.0185185
26072,54,53,0.0185185
26074,54,53,0.0185185
26076,54,53,0.0185185
26078,54,53,0.0185185
26082,54,53,0.0185185
26084,54,53,0.0185185
26087,54,53,0.0185185
26089,54,53,0.0185185
26091,54,53,0.0185185
26094,54,53,0.0185185
26096,54,53,0.0185185
26099,54,53,0.0185185
26101,54,53,0.0185185
26103,54,53,0.0185185
26106,54,53,0.0185185
26108,54,53,0.0185185
26110,54,53,0.0185185
26113,54,53,0.0185185
26115,54,53,0.0185185
26117,54,53,0.0185185
26120,54,53,0.0185185
26122,54,53,0.0185185
26124,54,53,0.0185185
26126,54,53,0.0185185
26128,54,53,0.0185185
26130,54,53,0.0185185
26134,54,53,0.0185185
26136,54,53,0.0185185
26139,54,53,0.0185185
26141,54,53,0.0185185
26144,54,53,0.0185185
26147,54,53,0.0185185
26149,54,53,0.0185185
26152,54,53,0.0185185
26154,54,53,0.0185185
26156,54,53,0.0185185
26158,54,53,0.0185185
26161,54,53,0.0185185
26164,54,53,0.0185185
26166,54,53,0.0185185
26173,54,53,0.0185185
26175,54,53,0.0185185
26177,54,53,0.0185185
26180,54,53,0.0185185
26182,54,53,0.0185185
26184,54,53,0.0185185
26187,54,53,0.0185185
26189,54,53,0.0185185
26192,54,53,0.0185185
26194,54,53,0.0185185
26196,54,53,0.0185185
26198,54,53,0.0185185
26200,54,53,0.0185185
26202,54,53,0.0185185
26205,54,53,0.0185185
26207,54,53,0.0185185
26209,54,53,0.0185185
26212,54,53,0.0185185
26214,54,53,0.0185185
26216,54,53,0.0185185
26219,54,53,0.0185185
26221,54,53,0.0185185
26223,54,53,0.0185185
26225,54,53,0.0185185
26228,54,53,0.0185185
26230,54,53,0.0185185
26232,54,53,0.0185185
26234,54,53,0.0185185
26236,54,53,0.0185185
26237,54,53,0.0185185
26240,54,53,0.0185185
26242,54,53,0.0185185
26244,54,53,0.0185185
26247,54,53,0.0185185
26249,54,53,0.0185185
26251,54,53,0.0185185
26253,54,53,0.0185185
26255,54,53,0.0185185
26258,54,53,0.0185185
26260,54,53,0.0185185
26262,54,53,0.0185185
26264,54,53,0.0185185
26266,54,53,0.0185185
26269,54,53,0.0185185
26271,54,53,0.0185185
26273,54,53,0.0185185
26275,54,53,0.0185185
26278,54,53,0.0185185
26280,54,53,0.0185185
26282,54,53,0.0185185
26284,54,53,0.0185185
26286,54,53,0.0185185
26288,54,53,0.0185185
26291,54,53,0.0185185
26293,54,53,0.0185185
26295,54,53,0.0185185
26298,54,53,0.0185185
26301,54,53,0.0185185
26303,54,53,0.0185185
26305,54,53,0.0185185
26308,54,53,0.0185185
26311,54,53,0.0185185
26313,54,53,0.0185185
26315,54,53,0.0185185
26318,54,53,0.0185185
26320,54,53,0.0185185
26323,54,53,0.0185185
26325,54,53,0.0185185
26327,54,53,0.0185185
26329,54,53,0.0185185
26333,54,53,0.0185185
26335,54,53,0.0185185
26337,54,53,0.0185185
26339,54,53,0.0185185
26342,54,53,0.0185185
26344,54,53,0.0185185
26347,54,53,0.0185185
26350,54,53,0.0185185
26352,54,53,0.0185185
26354,54,53,0.0185185
26357,54,53,0.0185185
26359,54,53,0.0185185
26361,54,53,0.0185185
26363,54,53,0.0185185
26365,54,53,0.0185185
26367,54,53,0.0185185
26370,54,53,0.0185185
26371,54,53,0.0185185
26373,54,53,0.0185185
26375,54,53,0.0185185
26378,54,53,0.0185185
26380,54,53,0.0185185
26383,54,53,0.0185185
26385,54,53,0.0185185
26387,54,53,0.0185185
26390,54,53,0.0185185
26392,54,53,0.0185185
26394,54,53,0.0185185
26397,54,53,0.0185185
26399,54,53,0.0185185
26401,54,53,0.0185185
26403,54,53,0.0185185
26405,54,53,0.0185185
26407,54,53,0.0185185
26409,54,53,0.0185185
26412,54,53,0.0185185
26414,54,53,0.0185185
26417,54,53,0.0185185
26419,54,53,0.0185185
26421,54,53,0.0185185
26424,54,53,0.0185185
26426,54,53,0.0185185
26429,54,53,0.0185185
26431,54,53,0.0185185
26433,54,53,0.0185185
26435,54,53,0.0185185
26437,54,53,0.0185185
26439,54,53,0.0185185
26442,54,53,0.0185185
26444,54,53,0.0185185
26447,54,53,0.0185185
26449,54,53,0.0185185
26451,54,53,0.0185185
26453,54,53,0.0185185
26455,54,53,0.0185185
26458,54,53,0.0185185
26461,54,53,0.0185185
26463,54,53,0.0185185
26465,54,53,0.0185185
26467,54,53,0.0185185
26470,54,53,0.0185185
26473,54,53,0.0185185
26476,54,53,0.0185185
26478,54,53,0.0185185
26480,54,53,0.0185185
26483,54,53,0.0185185
26485,54,53,0.0185185
26487,54,53,0.0185185
26490,54,53,0.0185185
26492,54,53,0.0185185
26495,54,53,0.0185185
26498,54,53,0.0185185
26500,54,53,0.0185185
26502,54,53,0.0185185
26505,54,53,0.0185185
26507,54,53,0.0185185
26509,54,53,0.0185185
26511,54,53,0.0185185
26513,54,53,0.0185185
26516,54,53,0.0185185
26518,54,53,0.0185185
26520,54,53,0.0185185
26522,54,53,0.0185185
26525,54,53,0.0185185
26527,54,53,0.0185185
26529,54,53,0.0185185
26532,54,53,0.0185185
26534,54,53,0.0185185
26537,54,53,0.0185185
26540,54,53,0.0185185
26542,54,53,0.0185185
26545,54,53,0.0185185
26547,54,53,0.0185185
26550,54,53,0.0185185
26552,54,53,0.0185185
26554,54,53,0.0185185
26556,54,53,0.0185185
26559,54,53,0.0185185
26561,54,53,0.0185185
26564,54,53,0.0185185
26566,54,53,0.0185185
26568,54,53,0.0185185
26571,54,53,0.0185185
26573,54,53,0.0185185
26576,54,53,0.0185185
26578,54,53,0.0185185
26580,54,53,0.0185185
26583,54,53,0.0185185
26585,54,53,0.0185185
26587,54,53,0.0185185
26589,54,53,0.0185185
26592,54,53,0.0185185
26595,54,53,0.0185185
26597,54,53,0.0185185
26599,54,53,0.0185185
26601,54,53,0.0185185
26604,54,53,0.0185185
26606,54,53,0.0185185
26609,54,53,0.0185185
26612,54,53,0.0185185
26614,54,53,0.0185185
26616,54,53,0.0185185
26618,54,53,0.0185185
26620,54,53,0.0185185
26623,54,53,0.0185185
26625,54,53,0.0185185
26627,54,53,0.0185185
26629,54,53,0.0185185
26632,54,53,0.0185185
26634,54,53,0.0185185
26636,54,53,0.0185185
26638,54,53,0.0185185
26640,54,53,0.0185185
26642,54,53,0.0185185
26645,54,53,0.0185185
26647,54,53,0.0185185
26649,54,53,0.0185185
26651,54,53,0.0185185
26654,54,53,0.0185185
26656,54,53,0.0185185
26658,54,53,0.0185185
26661,54,53,0.0185185
26663,54,53,0.0185185
26665,54,53,0.0185185
26667,54,53,0.0185185
26670,54,53,0.0185185
26672,54,53,0.0185185
26674,54,53,0.0185185
26677,54,53,0.0185185
26679,54,53,0.0185185
26681,54,53,0.0185185
26683,54,53,0.0185185
26685,54,53,0.0185185
26687,54,53,0.0185185
26689,54,53,0.0185185
26691,54,53,0.0185185
26694,54,53,0.0185185
26697,54,53,0.0185185
26698,54,53,0.0185185
26701,54,53,0.0185185
26703,54,53,0.0185185
26706,54,53,0.0185185
26708,54,53,0.0185185
26710,54,53,0.0185185
26712,54,53,0.0185185
26714,54,53,0.0185185
26717,54,53,0.0185185
26719,54,53,0.0185185
26721,54,53,0.0185185
26723,54,53,0.0185185
26728,54,53,0.0185185
26730,54,53,0.0185185
26732,54,53,0.0185185
26734,54,53,0.0185185
26736,54,53,0.0185185
26739,54,53,0.0185185
26741,54,53,0.0185185
26746,54,53,0.0185185
26748,54,53,0.0185185
26751,54,53,0.0185185
26756,54,53,0.0185185
26758,54,53,0.0185185
26761,54,53,0.0185185
26763,54,53,0.0185185
26765,54,53,0.0185185
26767,54,53,0.0185185
26769,54,53,0.0185185
26771,54,53,0.0185185
26776,54,53,0.0185185
26779,54,53,0.0185185
26781,54,53,0.0185185
26783,54,53,0.0185185
26785,54,53,0.0185185
26788,54,53,0.0185185
26790,54,53,0.0185185
26792,54,53,0.0185185
26796,54,53,0.0185185
26798,54,53,0.0185185
26800,54,53,0.0185185
26803,54,53,0.0185185
26805,54,53,0.0185185
26807,54,53,0.0185185
26810,54,53,0.0185185
26812,54,53,0.0185185
26814,54,53,0.0185185
26817,54,53,0.0185185
26822,54,53,0.0185185
26824,54,53,0.0185185
26826,54,53,0.0185185
26829,54,53,0.0185185
26833,54,53,0.0185185
26835,54,53,0.0185185
26837,54,53,0.0185185
26840,54,53,0.0185185
26842,54,53,0.0185185
26845,54,53,0.0185185
26847,54,53,0.0185185
26849,54,53,0.0185185
26852,54,53,0.0185185
26856,54,53,0.0185185
26857,54,53,0.0185185
26859,54,53,0.0185185
26865,54,53,0.0185185
26867,54,53,0.0185185
26869,54,53,0.0185185
26872,54,53,0.0185185
26874,54,53,0.0185185
26876,54,53,0.0185185
26879,54,53,0.0185185
26881,54,53,0.0185185
26886,54,53,0.0185185
26888,54,53,0.0185185
26890,54,53,0.0185185
26893,54,53,0.0185185
26895,54,53,0.0185185
26898,54,53,0.0185185
26900,54,53,0.0185185
26902,54,53,0.0185185
26904,54,53,0.0185185
26907,54,53,0.0185185
26909,54,53,0.0185185
26913,54,53,0.0185185
26915,54,53,0.0185185
26917,54,53,0.0185185
26920,54,53,0.0185185
26922,54,53,0.0185185
26925,54,53,0.0185185
26927,54,53,0.0185185
26930,54,53,0.0185185
26933,54,53,0.0185185
26935,54,53,0.0185185
26937,54,53,0.0185185
26940,54,53,0.0185185
26942,54,53,0.0185185
26944,54,53,0.0185185
26949,54,53,0.0185185
26952,54,53,0.0185185
26954,54,53,0.0185185
26957,54,53,0.0185185
26959,54,53,0.0185185
26961,54,53,0.0185185
26965,54,53,0.0185185
26967,54,53,0.0185185
26969,54,53,0.0185185
26971,54,53,0.0185185
26975,54,53,0.0185185
26977,54,53,0.0185185
26980,54,53,0.0185185
26984,54,53,0.0185185
26986,54,53,0.0185185
26988,54,53,0.0185185
26992,54,53,0.0185185
26995,54,53,0.0185185
26998,54,53,0.0185185
27000,54,53,0.0185185
27004,54,53,0.0185185
27006,54,53,0.0185185
27011,54,53,0.0185185
27014,54,53,0.0185185
27016,54,53,0.0185185
27021,54,53,0.0185185
27024,54,53,0.0185185
27026,54,53,0.0185185
27030,54,53,0.0185185
27032,54,53,0.0185185
27035,54,53,0.0185185
27037,54,53,0.0185185
27039,54,53,0.0185185
27041,54,53,0.0185185
27043,54,53,0.0185185
27046,54,53,0.0185185
27048,54,53,0.0185185
27051,54,53,0.0185185
27054,54,53,0.0185185
27058,54,53,0.0185185
27060,54,53,0.0185185
27063,54,53,0.0185185
27065,54,53,0.0185185
27067,54,53,0.0185185
27070,54,53,0.0185185
27072,54,53,0.0185185
27074,54,53,0.0185185
27076,54,53,0.0185185
27078,54,53,0.0185185
27085,54,53,0.0185185
27087,54,53,0.0185185
27091,54,53,0.0185185
27093,54,53,0.0185185
27096,54,53,0.0185185
27098,54,53,0.0185185
27100,54,53,0.0185185
27102,54,53,0.0185185
27104,54,53,0.0185185
27107,54,53,0.0185185
27109,54,53,0.0185185
27111,54,53,0.0185185
27114,54,53,0.0185185
27116,54,53,0.0185185
27118,54,53,0.0185185
27120,54,53,0.0185185
27122,54,53,0.0185185
27125,54,53,0.0185185
27127,54,53,0.0185185
27128,54,53,0.0185185
27131,54,53,0.0185185
27134,54,53,0.0185185
27137,54,53,0.0185185
27139,54,53,0.0185185
27142,54,53,0.0185185
27144,54,53,0.0185185
27147,54,53,0.0185185
27150,54,53,0.0185185
27152,54,53,0.0185185
27155,54,53,0.0185185
27157,54,53,0.0185185
27159,54,53,0.0185185
27162,54,53,0.0185185
27164,54,53,0.0185185
27166,54,53,0.0185185
27168,54,53,0.0185185
27170,54,53,0.0185185
27173,54,53,0.0185185
27175,54,53,0.0185185
27177,54,53,0.0185185
27180,54,53,0.0185185
27182,54,53,0.0185185
27184,54,53,0.0185185
27186,54,53,0.0185185
27191,54,53,0.0185185
27193,54,53,0.0185185
27195,54,53,0.0185185
27197,54,53,0.0185185
27199,54,53,0.0185185
27201,54,53,0.0185185
27204,54,53,0.0185185
27206,54,53,0.0185185
27208,54,53,0.0185185
27210,54,53,0.0185185
27213,54,53,0.0185185
27216,54,53,0.0185185
27219,54,53,0.0185185
27221,54,53,0.0185185
27224,54,53,0.0185185
27226,54,53,0.0185185
27228,54,53,0.0185185
27230,54,53,0.0185185
27232,54,53,0.0185185
27234,54,53,0.0185185
27236,54,53,0.0185185
27238,54,53,0.0185185
27240,54,53,0.0185185
27243,54,53,0.0185185
27245,54,53,0.0185185
27247,54,53,0.0185185
27249,54,53,0.0185185
27251,54,53,0.0185185
27254,54,53,0.0185185
27256,54,53,0.0185185
27258,54,53,0.0185185
27260,54,53,0.0185185
27263,54,53,0.0185185
27268,54,53,0.0185185
27273,54,53,0.0185185
27276,54,53,0.0185185
27278,54,53,0.0185185
27280,54,53,0.0185185
27282,54,53,0.0185185
27284,54,53,0.0185185
27287,54,53,0.0185185
27289,54,53,0.0185185
27291,54,53,0.0185185
27293,54,53,0.0185185
27295,54,53,0.0185185
27297,54,53,0.0185185
27300,54,53,0.0185185
27302,54,53,0.0185185
27304,54,53,0.0185185
27306,54,53,0.0185185
27308,54,53,0.0185185
27310,54,53,0.0185185
27312,54,53,0.0185185
27315,54,53,0.0185185
27317,54,53,0.0185185
27319,54,53,0.0185185
27321,54,53,0.0185185
27326,54,53,0.0185185
27328,54,53,0.0185185
27331,54,53,0.0185185
27333,54,53,0.0185185
27336,54,53,0.0185185
27338,54,53,0.0185185
27341,54,53,0.0185185
27343,54,53,0.0185185
27346,54,53,0.0185185
27348,54,53,0.0185185
27350,54,53,0.0185185
27352,54,53,0.0185185
27357,54,53,0.0185185
27359,54,53,0.0185185
27361,54,53,0.0185185
27364,54,53,0.0185185
27366,54,53,0.0185185
27368,54,53,0.0185185
27370,54,53,0.0185185
27372,54,53,0.0185185
27375,54,53,0.0185185
27378,54,53,0.0185185
27381,54,53,0.0185185
27386,54,53,0.0185185
27389,54,53,0.0185185
27391,54,53,0.0185185
27393,54,53,0.0185185
27396,54,53,0.0185185
27398,54,53,0.0185185
27400,54,53,0.0185185
27402,54,53,0.0185185
27404,54,53,0.0185185
27407,54,53,0.0185185
27410,54,53,0.0185185
27412,54,53,0.0185185
27415,54,53,0.0185185
27417,54,53,0.0185185
27419,54,53,0.0185185
27421,54,53,0.0185185
27423,54,53,0.0185185
27426,54,53,0.0185185
27429,54,53,0.0185185
27431,54,53,0.0185185
27433,54,53,0.0185185
27436,54,53,0.0185185
27438,54,53,0.0185185
27440,54,53,0.0185185
27443,54,53,0.0185185
27445,54,53,0.0185185
27447,54,53,0.0185185
27449,54,53,0.0185185
27452,54,53,0.0185185
27454,54,53,0.0185185
27456,54,53,0.0185185
27460,54,53,0.0185185
27462,54,53,0.0185185
27464,54,53,0.0185185
27466,54,53,0.0185185
27469,54,53,0.0185185
27471,54,53,0.0185185
27474,54,53,0.0185185
27476,54,53,0.0185185
27479,54,53,0.0185185
27482,54,53,0.0185185
27485,54,53,0.0185185
27487,54,53,0.0185185
27489,54,53,0.0185185
27492,54,53,0.0185185
27494,54,53,0.0185185
27496,54,53,0.0185185
27498,54,53,0.0185185
27500,54,53,0.0185185
27503,54,53,0.0185185
27505,54,53,0.0185185
27508,54,53,0.0185185
27510,54,53,0.0185185
27513,54,53,0.0185185
27515,54,53,0.0185185
27517,54,53,0.0185185
27519,54,53,0.0185185
27522,54,53,0.0185185
27524,54,53,0.0185185
27526,54,53,0.0185185
27529,54,53,0.0185185
27531,54,53,0.0185185
27533,54,53,0.0185185
27535,54,53,0.0185185
27537,54,53,0.0185185
27539,54,53,0.0185185
27541,54,53,0.0185185
27544,54,53,0.0185185
27546,54,53,0.0185185
27548,54,53,0.0185185
27551,54,53,0.0185185
27553,54,53,0.0185185
27557,54,53,0.0185185
27560,54,53,0.0185185
27562,54,53,0.0185185
27564,54,53,0.0185185
27567,54,53,0.0185185
27569,54,53,0.0185185
27571,54,53,0.0185185
27575,54,53,0.0185185
27578,54,53,0.0185185
27580,54,53,0.0185185
27582,54,53,0.0185185
27584,54,53,0.0185185
27588,54,53,0.0185185
27590,54,53,0.0185185
27593,54,53,0.0185185
27595,54,53,0.0185185
27598,54,53,0.0185185
27600,54,53,0.0185185
27602,54,53,0.0185185
27604,54,53,0.0185185
27607,54,53,0.0185185
27609,54,53,0.0185185
27611,54,53,0.0185185
27614,54,53,0.0185185
27615,54,53,0.0185185
27619,54,53,0.0185185
27621,54,53,0.0185185
27624,54,53,0.0185185
27626,54,53,0.0185185
27629,54,53,0.0185185
27631,54,53,0.0185185
27633,54,53,0.0185185
27635,54,53,0.0185185
27639,54,53,0.0185185
27641,54,53,0.0185185
27644,54,53,0.0185185
27646,54,53,0.0185185
27648,54,53,0.0185185
27650,54,53,0.0185185
27655,54,53,0.0185185
27657,54,53,0.0185185
27660,54,53,0.0185185
27662,54,53,0.0185185
27664,54,53,0.0185185
27667,54,53,0.0185185
27673,54,53,0.0185185
27675,54,53,0.0185185
27677,54,53,0.0185185
27680,54,53,0.0185185
27682,54,53,0.0185185
27684,54,53,0.0185185
27686,54,53,0.0185185
27688,54,53,0.0185185
27690,54,53,0.0185185
27693,54,53,0.0185185
27696,54,53,0.0185185
27700,54,53,0.0185185
27702,54,53,0.0185185
27704,54,53,0.0185185
27707,54,53,0.0185185
27710,54,53,0.0185185
27712,54,53,0.0185185
27717,54,53,0.0185185
27719,54,53,0.0185185
27721,54,53,0.0185185
27724,54,53,0.0185185
27726,54,53,0.0185185
27728,54,53,0.0185185
27731,54,53,0.0185185
27733,54,53,0.0185185
27735,54,53,0.0185185
27738,54,53,0.0185185
27740,54,53,0.0185185
27742,54,53,0.0185185
27744,54,53,0.0185185
27747,54,53,0.0185185
27748,54,53,0.0185185
27751,54,53,0.0185185
27753,54,53,0.0185185
27755,54,53,0.0185185
27757,54,53,0.0185185
27760,54,53,0.0185185
27762,54,53,0.0185185
27764,54,53,0.0185185
27767,54,53,0.0185185
27769,54,53,0.0185185
27771,54,53,0.0185185
27774,54,53,0.0185185
27776,54,53,0.0185185
27778,54,53,0.0185185
27780,54,53,0.0185185
27784,54,53,0.0185185
27786,54,53,0.0185185
27788,54,53,0.0185185
27790,54,53,0.0185185
27793,54,53,0.0185185
27795,54,53,0.0185185
27798,54,53,0.0185185
27800,54,53,0.0185185
27803,54,53,0.0185185
27805,54,53,0.0185185
27808,54,53,0.0185185
27812,54,53,0.0185185
27815,54,53,0.0185185
27817,54,53,0.0185185
27819,54,53,0.0185185
27822,54,53,0.0185185
27824,54,53,0.0185185
27828,54,53,0.0185185
27830,54,53,0.0185185
27833,54,53,0.0185185
27835,54,53,0.0185185
27837,54,53,0.0185185
27839,54,53,0.0185185
27845,54,53,0.0185185
27849,54,53,0.0185185
27851,54,53,0.0185185
27853,54,53,0.0185185
27856,54,53,0.0185185
27858,54,53,0.0185185
27862,54,53,0.0185185
27864,54,53,0.0185185
27869,54,53,0.0185185
27871,54,53,0.0185185
27873,54,53,0.0185185
27875,54,53,0.0185185
27877,54,53,0.0185185
27880,54,53,0.0185185
27882,54,53,0.0185185
27884,54,53,0.0185185
27887,54,53,0.0185185
27889,54,53,0.0185185
27891,54,53,0.0185185
27894,54,53,0.0185185
27896,54,53,0.0185185
27899,54,53,0.0185185
27901,54,53,0.0185185
27903,54,53,0.0185185
27907,54,53,0.0185185
27909,54,53,0.0185185
27911,54,53,0.0185185
27913,54,53,0.0185185
27915,54,53,0.0185185
27917,54,53,0.0185185
27922,54,53,0.0185185
27924,54,53,0.0185185
27926,54,53,0.0185185
27929,54,53,0.0185185
27931,54,53,0.0185185
27935,54,53,0.0185185
27937,54,53,0.0185185
27940,54,53,0.0185185
27943,54,53,0.0185185
27945,54,53,0.0185185
27948,54,53,0.0185185
27951,54,53,0.0185185
27955,54,53,0.0185185
27960,54,53,0.0185185
27962,54,53,0.0185185
27965,54,53,0.0185185
27967,54,53,0.0185185
27969,54,53,0.0185185
27972,54,53,0.0185185
27975,54,53,0.0185185
27977,54,53,0.0185185
27980,54,53,0.0185185
27983,54,53,0.0185185
27985,54,53,0.0185185
27987,54,53,0.0185185
27989,54,53,0.0185185
27991,54,53,0.0185185
27994,54,53,0.0185185
27996,54,53,0.0185185
27998,54,53,0.0185185
28002,54,53,0.0185185
28004,54,53,0.0185185
28007,54,53,0.0185185
28009,54,53,0.0185185
28011,54,53,0.0185185
28013,54,53,0.0185185
28016,54,53,0.0185185
28019,54,53,0.0185185
28021,54,53,0.0185185
28026,54,53,0.0185185
28030,54,53,0.0185185
28035,54,53,0.0185185
28037,54,53,0.0185185
28040,54,53,0.0185185
28042,54,53,0.0185185
28045,54,53,0.0185185
28047,54,53,0.0185185
28049,54,53,0.0185185
28051,54,53,0.0185185
28053,54,53,0.0185185
28055,54,53,0.0185185
28058,54,53,0.0185185
28060,54,53,0.0185185
28063,54,53,0.0185185
28065,54,53,0.0185185
28067,54,53,0.0185185
28069,54,53,0.0185185
28072,54,53,0.0185185
28074,54,53,0.0185185
28076,54,53,0.0185185
28078,54,53,0.0185185
28082,54,53,0.0185185
28088,54,53,0.0185185
28090,54,53,0.0185185
28092,54,53,0.0185185
28096,54,53,0.0185185
28100,54,53,0.0185185
28102,54,53,0.0185185
28104,54,53,0.0185185
28107,54,53,0.0185185
28109,54,53,0.0185185
28111,54,53,0.0185185
28114,54,53,0.0185185
28116,54,53,0.0185185
28118,54,53,0.0185185
28122,54,53,0.0185185
28124,54,53,0.0185185
28127,54,53,0.0185185
28129,54,53,0.0185185
28133,54,53,0.0185185
28136,54,53,0.0185185
28139,54,53,0.0185185
28141,54,53,0.0185185
28145,54,53,0.0185185
28147,54,53,0.0185185
28149,54,53,0.0185185
28151,54,53,0.0185185
28153,54,53,0.0185185
28156,54,53,0.0185185
28158,54,53,0.0185185
28160,54,53,0.0185185
28162,54,53,0.0185185
28165,54,53,0.0185185
28167,54,53,0.0185185
28168,54,53,0.0185185
28172,54,53,0.0185185
28174,54,53,0.0185185
28177,54,53,0.0185185
28180,54,53,0.0185185
28182,54,53,0.0185185
28184,54,53,0.0185185
28186,54,53,0.0185185
28189,54,53,0.0185185
28194,54,53,0.0185185
28196,54,53,0.0185185
28198,54,53,0.0185185
28200,54,53,0.0185185
28202,54,53,0.0185185
28205,54,53,0.0185185
28207,54,53,0.0185185
28209,54,53,0.0185185
28211,54,53,0.0185185
28215,54,53,0.0185185
28217,54,53,0.0185185
28220,54,53,0.0185185
28222,54,53,0.0185185
28225,54,53,0.0185185
28227,54,53,0.0185185
28229,54,53,0.0185185
28232,54,53,0.0185185
28234,54,53,0.0185185
28236,54,53,0.0185185
28238,54,53,0.0185185
28241,54,53,0.0185185
28243,54,53,0.0185185
28245,54,53,0.0185185
28247,54,53,0.0185185
28250,54,53,0.0185185
28252,54,53,0.0185185
28255,54,53,0.0185185
28257,54,53,0.0185185
28259,54,53,0.0185185
28262,54,53,0.0185185
28266,54,53,0.0185185
28268,54,53,0.0185185
28270,54,53,0.0185185
28274,54,53,0.0185185
28276,54,53,0.0185185
28279,54,53,0.0185185
28285,54,53,0.0185185
28287,54,53,0.0185185
28290,54,53,0.0185185
28293,54,53,0.0185185
28295,54,53,0.0185185
28298,54,53,0.0185185
28300,54,53,0.0185185
28303,54,53,0.0185185
28305,54,53,0.0185185
28307,54,53,0.0185185
28311,54,53,0.0185185
28313,54,53,0.0185185
28316,54,53,0.0185185
28318,54,53,0.0185185
28320,54,53,0.0185185
28323,54,53,0.0185185
28325,54,53,0.0185185
28328,54,53,0.0185185
28330,54,53,0.0185185
28332,54,53,0.0185185
28334,54,53,0.0185185
28337,54,53,0.0185185
28339,54,53,0.0185185
28341,54,53,0.0185185
28344,54,53,0.0185185
28346,54,53,0.0185185
28349,54,53,0.0185185
28351,54,53,0.0185185
28353,54,53,0.0185185
28355,54,53,0.0185185
28358,54,53,0.0185185
28360,54,53,0.0185185
28363,54,53,0.0185185
28365,54,53,0.0185185
28367,54,53,0.0185185
28370,54,53,0.0185185
28373,54,53,0.0185185
28375,54,53,0.0185185
28377,54,53,0.0185185
28380,54,53,0.0185185
28382,54,53,0.0185185
28385,54,53,0.0185185
28388,54,53,0.0185185
28390,54,53,0.0185185
28392,54,53,0.0185185
28394,54,53,0.0185185
28397,54,53,0.0185185
28399,54,53,0.0185185
28402,54,53,0.0185185
28404,54,53,0.0185185
28406,54,53,0.0185185
28409,54,53,0.0185185
28411,54,53,0.0185185
28414,54,53,0.0185185
28416,54,53,0.0185185
28419,54,53,0.0185185
28422,54,53,0.0185185
28424,54,53,0.0185185
28426,54,53,0.0185185
28429,54,53,0.0185185
28431,54,53,0.0185185
28433,54,53,0.0185185
28435,54,53,0.0185185
28438,54,53,0.0185185
28440,54,53,0.0185185
28442,54,53,0.0185185
28445,54,53,0.0185185
28448,54,53,0.0185185
28450,54,53,0.0185185
28452,54,53,0.0185185
28454,54,53,0.0185185
28456,54,53,0.0185185
28459,54,53,0.0185185
28461,54,53,0.0185185
28463,54,53,0.0185185
28465,54,53,0.0185185
28468,54,53,0.0185185
28470,54,53,0.0185185
28472,54,53,0.0185185
28474,54,53,0.0185185
28478,54,53,0.0185185
28480,54,53,0.0185185
28482,54,53,0.0185185
28484,54,53,0.0185185
28487,54,53,0.0185185
28489,54,53,0.0185185
28491,54,53,0.0185185
28494,54,53,0.0185185
28496,54,53,0.0185185
28498,54,53,0.0185185
28500,54,53,0.0185185
28503,54,53,0.0185185
28506,54,53,0.0185185
28508,54,53,0.0185185
28511,54,53,0.0185185
28513,54,53,0.0185185
28515,54,53,0.0185185
28517,54,53,0.0185185
28519,54,53,0.0185185
28522,54,53,0.0185185
28524,54,53,0.0185185
28526,54,53,0.0185185
28528,54,53,0.0185185
28530,54,53,0.0185185
28533,54,53,0.0185185
28538,54,53,0.0185185
28541,54,53,0.0185185
28544,54,53,0.0185185
28546,54,53,0.0185185
28548,54,53,0.0185185
28551,54,53,0.0185185
28554,54,53,0.0185185
28557,54,53,0.0185185
28559,54,53,0.0185185
28563,54,53,0.0185185
28566,54,53,0.0185185
28569,54,53,0.0185185
28572,54,53,0.0185185
28575,54,53,0.0185185
28577,54,53,0.0185185
28580,54,53,0.0185185
28582,54,53,0.0185185
28584,54,53,0.0185185
28586,54,53,0.0185185
28588,54,53,0.0185185
28590,54,53,0.0185185
28593,54,53,0.0185185
28596,54,53,0.0185185
28599,54,53,0.0185185
28603,54,53,0.0185185
28605,54,53,0.0185185
28608,54,53,0.0185185
28610,54,53,0.0185185
28613,54,53,0.0185185
28615,54,53,0.0185185
28617,54,53,0.0185185
28619,54,53,0.0185185
28621,54,53,0.0185185
28623,54,53,0.0185185
28625,54,53,0.0185185
28628,54,53,0.0185185
28630,54,53,0.0185185
28632,54,53,0.0185185
28635,54,53,0.0185185
28638,54,53,0.0185185
28640,54,53,0.0185185
28643,54,53,0.0185185
28646,54,53,0.0185185
28648,54,53,0.0185185
28650,54,53,0.0185185
28652,54,53,0.0185185
28655,54,53,0.0185185
28657,54,53,0.0185185
28662,54,53,0.0185185
28664,54,53,0.0185185
28666,54,53,0.0185185
28669,54,53,0.0185185
28672,54,53,0.0185185
28674,54,53,0.0185185
28676,54,53,0.0185185
28680,54,53,0.0185185
28683,54,53,0.0185185
28685,54,53,0.0185185
28688,54,53,0.0185185
28690,54,53,0.0185185
28692,54,53,0.0185185
28694,54,53,0.0185185
28696,54,53,0.0185185
28698,54,53,0.0185185
28703,54,53,0.0185185
28705,54,53,0.0185185
28708,54,53,0.0185185
28710,54,53,0.0185185
28712,54,53,0.0185185
28715,54,53,0.0185185
28717,54,53,0.0185185
28719,54,53,0.0185185
28722,54,53,0.0185185
28724,54,53,0.0185185
28726,54,53,0.0185185
28728,54,53,0.0185185
28731,54,53,0.0185185
28733,54,53,0.0185185
28736,54,53,0.0185185
28738,54,53,0.0185185
28740,54,53,0.0185185
28742,54,53,0.0185185
28746,54,53,0.0185185
28748,54,53,0.0185185
28750,54,53,0.0185185
28752,54,53,0.0185185
28755,54,53,0.0185185
28758,54,53,0.0185185
28760,54,53,0.0185185
28763,54,53,0.0185185
28766,54,53,0.0185185
28768,54,53,0.0185185
28771,54,53,0.0185185
28773,54,53,0.0185185
28775,54,53,0.0185185
28777,54,53,0.0185185
28779,54,53,0.0185185
28781,54,53,0.0185185
28783,54,53,0.0185185
28786,54,53,0.0185185
28790,54,53,0.0185185
28792,54,53,0.0185185
28795,54,53,0.0185185
28797,54,53,0.0185185
28800,54,53,0.0185185
28802,54,53,0.0185185
28804,54,53,0.0185185
28807,54,53,0.0185185
28809,54,53,0.0185185
28812,54,53,0.0185185
28818,54,53,0.0185185
28820,54,53,0.0185185
28823,54,53,0.0185185
28825,54,53,0.0185185
28827,54,53,0.0185185
28829,54,53,0.0185185
28831,54,53,0.0185185
28834,54,53,0.0185185
28836,54,53,0.0185185
28838,54,53,0.0185185
28840,54,53,0.0185185
28843,54,53,0.0185185
28845,54,53,0.0185185
28847,54,53,0.0185185
28850,54,53,0.0185185
28853,54,53,0.0185185
28855,54,53,0.0185185
28858,54,53,0.0185185
28860,54,53,0.0185185
28867,54,53,0.0185185
28870,54,53,0.0185185
28872,54,53,0.0185185
28874,54,53,0.0185185
28877,54,53,0.0185185
28879,54,53,0.0185185
28881,54,53,0.0185185
28884,54,53,0.0185185
28888,54,53,0.0185185
28890,54,53,0.0185185
28892,54,53,0.0185185
28895,54,53,0.0185185
28897,54,53,0.0185185
28899,54,53,0.0185185
28902,54,53,0.0185185
28904,54,53,0.0185185
28907,54,53,0.0185185
28910,54,53,0.0185185
28912,54,53,0.0185185
28914,54,53,0.0185185
28917,54,53,0.0185185
28919,54,53,0.0185185
28920,54,53,0.0185185
28923,54,53,0.0185185
28925,54,53,0.0185185
28927,54,53,0.0185185
28932,54,53,0.0185185
28934,54,53,0.0185185
28936,54,53,0.0185185
28938,54,53,0.0185185
28940,54,53,0.0185185
28943,54,53,0.0185185
28945,54,53,0.0185185
28949,54,53,0.0185185
28951,54,53,0.0185185
28955,54,53,0.0185185
28955,54,53,0.0185185
28957,54,53,0.0185185
28959,54,53,0.0185185
28961,54,53,0.0185185
28964,54,53,0.0185185
28966,54,53,0.0185185
28969,54,53,0.0185185
28971,54,53,0.0185185
28973,54,53,0.0185185
28975,54,53,0.0185185
28978,54,53,0.0185185
28980,54,53,0.0185185
28982,54,53,0.0185185
28985,54,53,0.0185185
28987,54,53,0.0185185
28989,54,53,0.0185185
28991,54,53,0.0185185
28993,54,53,0.0185185
28995,54,53,0.0185185
28998,54,53,0.0185185
29000,54,53,0.0185185
29003,54,53,0.0185185
29005,54,53,0.0185185
29007,54,53,0.0185185
29009,54,53,0.0185185
29010,54,53,0.0185185
29013,54,53,0.0185185
29015,54,53,0.0185185
29017,54,53,0.0185185
29019,54,53,0.0185185
29021,54,53,0.0185185
29024,54,53,0.0185185
29027,54,53,0.0185185
29029,54,53,0.0185185
29031,54,53,0.0185185
29033,54,53,0.0185185
29036,54,53,0.0185185
29039,54,53,0.0185185
29041,54,53,0.0185185
29043,54,53,0.0185185
29046,54,53,0.0185185
29048,54,53,0.0185185
29050,54,53,0.0185185
29053,54,53,0.0185185
29056,54,53,0.0185185
29058,54,53,0.0185185
29060,54,53,0.0185185
29062,54,53,0.0185185
29064,54,53,0.0185185
29067,54,53,0.0185185
29069,54,53,0.0185185
29071,54,53,0.0185185
29073,54,53,0.0185185
29077,54,53,0.0185185
29079,54,53,0.0185185
29081,54,53,0.0185185
29083,54,53,0.0185185
29085,54,53,0.0185185
29087,54,53,0.0185185
29089,54,53,0.0185185
29091,54,53,0.0185185
29093,54,53,0.0185185
29095,54,53,0.0185185
29097,54,53,0.0185185
29100,54,53,0.0185185
29102,54,53,0.0185185
29104,54,53,0.0185185
29107,54,53,0.0185185
29109,54,53,0.0185185
29111,54,53,0.0185185
29113,54,53,0.0185185
29116,54,53,0.0185185
29119,54,53,0.0185185
29121,54,53,0.0185185
29124,54,53,0.0185185
29126,54,53,0.0185185
29128,54,53,0.0185185
29130,54,53,0.0185185
29133,54,53,0.0185185
29135,54,53,0.0185185
29137,54,53,0.0185185
29139,54,53,0.0185185
29141,54,53,0.0185185
29144,54,53,0.0185185
29146,54,53,0.0185185
29172,54,53,0.0185185
29174,54,53,0.0185185
29176,54,53,0.0185185
29180,54,53,0.0185185
29182,54,53,0.0185185
29185,54,53,0.0185185
29187,54,53,0.0185185
29190,54,53,0.0185185
29193,54,53,0.0185185
29196,54,53,0.0185185
29198,54,53,0.0185185
29200,54,53,0.0185185
29202,54,53,0.0185185
29205,54,53,0.0185185
29207,54,53,0.0185185
29209,54,53,0.0185185
29211,54,53,0.0185185
29214,54,53,0.0185185
29216,54,53,0.0185185
29218,54,53,0.0185185
29220,54,53,0.0185185
29222,54,53,0.0185185
29225,54,53,0.0185185
29227,54,53,0.0185185
29229,54,53,0.0185185
29231,54,53,0.0185185
29234,54,53,0.0185185
29236,54,53,0.0185185
29239,54,53,0.0185185
29241,54,53,0.0185185
29243,54,53,0.0185185
29245,54,53,0.0185185
29247,54,53,0.0185185
29249,54,53,0.0185185
29252,54,53,0.0185185
29254,54,53,0.0185185
29257,54,53,0.0185185
29259,54,53,0.0185185
29262,54,53,0.0185185
29263,54,53,0.0185185
29265,54,53,0.0185185
29268,54,53,0.0185185
29271,54,53,0.0185185
29274,54,53,0.0185185
29276,54,53,0.0185185
29278,54,53,0.0185185
29281,54,53,0.0185185
29282,54,53,0.0185185
29284,54,53,0.0185185
29287,54,53,0.0185185
29290,54,53,0.0185185
29293,54,53,0.0185185
29295,54,53,0.0185185
29297,54,53,0.0185185
29299,54,53,0.0185185
29302,54,53,0.0185185
29304,54,53,0.0185185
29307,54,53,0.0185185
29309,54,53,0.0185185
29311,54,53,0.0185185
29313,54,53,0.0185185
29317,54,53,0.0185185
29321,54,53,0.0185185
29324,54,53,0.0185185
29327,54,53,0.0185185
29330,54,53,0.0185185
29332,54,53,0.0185185
29336,54,53,0.0185185
29339,54,53,0.0185185
29342,54,53,0.0185185
29345,54,53,0.0185185
29348,54,53,0.0185185
29350,54,53,0.0185185
29352,54,53,0.0185185
29354,54,53,0.0185185
29357,54,53,0.0185185
29359,54,53,0.0185185
29361,54,53,0.0185185
29363,54,53,0.0185185
29365,54,53,0.0185185
29368,54,53,0.0185185
29370,54,53,0.0185185
29375,54,53,0.0185185
29377,54,53,0.0185185
29379,54,53,0.0185185
29381,54,53,0.0185185
29384,54,53,0.0185185
29386,54,53,0.0185185
29390,54,53,0.0185185
29392,54,53,0.0185185
29394,54,53,0.0185185
29396,54,53,0.0185185
29400,54,53,0.0185185
29402,54,53,0.0185185
29405,54,53,0.0185185
29408,54,53,0.0185185
29410,54,53,0.0185185
29412,54,53,0.0185185
29415,54,53,0.0185185
29419,54,53,0.0185185
29421,54,53,0.0185185
29423,54,53,0.0185185
29425,54,53,0.0185185
29428,54,53,0.0185185
29430,54,53,0.0185185
29433,54,53,0.0185185
29435,54,53,0.0185185
29437,54,53,0.0185185
29440,54,53,0.0185185
29442,54,53,0.0185185
29445,54,53,0.0185185
29448,54,53,0.0185185
29451,54,53,0.0185185
29453,54,53,0.0185185
29455,54,53,0.0185185
29457,54,53,0.0185185
29460,54,53,0.0185185
29462,54,53,0.0185185
29465,54,53,0.0185185
29467,54,53,0.0185185
29471,54,53,0.0185185
29474,54,53,0.0185185
29476,54,53,0.0185185
29478,54,53,0.0185185
29482,54,53,0.0185185
29484,54,53,0.0185185
29487,54,53,0.0185185
29489,54,53,0.0185185
29491,54,53,0.0185185
29494,54,53,0.0185185
29496,54,53,0.0185185
29499,54,53,0.0185185
29502,54,53,0.0185185
29504,54,53,0.0185185
29506,54,53,0.0185185
29510,54,53,0.0185185
29512,54,53,0.0185185
29515,54,53,0.0185185
29517,54,53,0.0185185
29520,54,53,0.0185185
29522,54,53,0.0185185
29525,54,53,0.0185185
29528,54,53,0.0185185
29530,54,53,0.0185185
29533,54,53,0.0185185
29537,54,53,0.0185185
29540,54,53,0.0185185
29542,54,53,0.0185185
29545,54,53,0.0185185
29547,54,53,0.0185185
29549,54,53,0.0185185
29551,54,53,0.0185185
29556,54,53,0.0185185
29558,54,53,0.0185185
29560,54,53,0.0185185
29563,54,53,0.0185185
29566,54,53,0.0185185
29568,54,53,0.0185185
29570,54,53,0.0185185
29573,54,53,0.0185185
29575,54,53,0.0185185
29578,54,53,0.0185185
29581,54,53,0.0185185
29584,54,53,0.0185185
29586,54,53,0.0185185
29590,54,53,0.0185185
29592,54,53,0.0185185
29595,54,53,0.0185185
29600,54,53,0.0185185
29602,54,53,0.0185185
29604,54,53,0.0185185
29606,54,53,0.0185185
29608,54,53,0.0185185
29611,54,53,0.0185185
29613,54,53,0.0185185
29615,54,53,0.0185185
29618,54,53,0.0185185
29620,54,53,0.0185185
29623,54,53,0.0185185
29625,54,53,0.0185185
29628,54,53,0.0185185
29631,54,53,0.0185185
29633,54,53,0.0185185
29635,54,53,0.0185185
29638,54,53,0.0185185
29640,54,53,0.0185185
29643,54,53,0.0185185
29646,54,53,0.0185185
29649,54,53,0.0185185
29651,54,53,0.0185185
29654,54,53,0.0185185
29657,54,53,0.0185185
29661,54,53,0.0185185
29663,54,53,0.0185185
29665,54,53,0.0185185
29667,54,53,0.0185185
29670,54,53,0.0185185
29676,54,53,0.0185185
29679,54,53,0.0185185
29681,54,53,0.0185185
29684,54,53,0.0185185
29686,54,53,0.0185185
29689,54,53,0.0185185
29691,54,53,0.0185185
29693,54,53,0.0185185
29697,54,53,0.0185185
29699,54,53,0.0185185
29702,54,53,0.0185185
29704,54,53,0.0185185
29706,54,53,0.0185185
29710,54,53,0.0185185
29713,54,53,0.0185185
29715,54,53,0.0185185
29717,54,53,0.0185185
29719,54,53,0.0185185
29722,54,53,0.0185185
29724,54,53,0.0185185
29728,54,53,0.0185185
29730,54,53,0.0185185
29732,54,53,0.0185185
29736,54,53,0.0185185
29738,54,53,0.0185185
29743,54,53,0.0185185
29744,54,53,0.0185185
29747,54,53,0.0185185
29750,54,53,0.0185185
29752,54,53,0.0185185
29754,54,53,0.0185185
29756,54,53,0.0185185
29759,54,53,0.0185185
29761,54,53,0.0185185
29764,54,53,0.0185185
29767,54,53,0.0185185
29772,54,53,0.0185185
29775,54,53,0.0185185
29778,54,53,0.0185185
29781,54,53,0.0185185
29783,54,53,0.0185185
29785,54,53,0.0185185
29788,54,53,0.0185185
29789,54,53,0.0185185
29791,54,53,0.0185185
29793,54,53,0.0185185
29797,54,53,0.0185185
29801,54,53,0.0185185
29804,54,53,0.0185185
29806,54,53,0.0185185
29808,54,53,0.0185185
29811,54,53,0.0185185
29813,54,53,0.0185185
29816,54,53,0.0185185
29818,54,53,0.0185185
29820,54,53,0.0185185
29822,54,53,0.0185185
29825,54,53,0.0185185
29827,54,53,0.0185185
29829,54,53,0.0185185
29832,54,53,0.0185185
29834,54,53,0.0185185
29836,54,53,0.0185185
29838,54,53,0.0185185
29840,54,53,0.0185185
29843,54,53,0.0185185
29846,54,53,0.0185185
29848,54,53,0.0185185
29850,54,53,0.0185185
29852,54,53,0.0185185
29855,54,53,0.0185185
29857,54,53,0.0185185
29859,54,53,0.0185185
29861,54,53,0.0185185
29863,54,53,0.0185185
29866,54,53,0.0185185
29867,54,53,0.0185185
29869,54,53,0.0185185
29872,54,53,0.0185185
29873,54,53,0.0185185
29876,54,53,0.0185185
29878,54,53,0.0185185
29882,54,53,0.0185185
29883,54,53,0.0185185
29886,54,53,0.0185185
29889,54,53,0.0185185
29891,54,53,0.0185185
29894,54,53,0.0185185
29896,54,53,0.0185185
29899,54,53,0.0185185
29901,54,53,0.0185185
29903,54,53,0.0185185
29905,54,53,0.0185185
29910,54,53,0.0185185
29912,54,53,0.0185185
29914,54,53,0.0185185
29916,54,53,0.0185185
29919,54,53,0.0185185
29922,54,53,0.0185185
29924,54,53,0.0185185
29927,54,53,0.0185185
29929,54,53,0.0185185
29931,54,53,0.0185185
29934,54,53,0.0185185
29936,54,53,0.0185185
29938,54,53,0.0185185
29941,54,53,0.0185185
29943,54,53,0.0185185
29946,54,53,0.0185185
29948,54,53,0.0185185
29951,54,53,0.0185185
29953,54,53,0.0185185
29955,54,53,0.0185185
29957,54,53,0.0185185
29961,54,53,0.0185185
29964,54,53,0.0185185
29966,54,53,0.0185185
29969,54,53,0.0185185
29971,54,53,0.0185185
29973,54,53,0.0185185
29977,54,53,0.0185185
29981,54,53,0.0185185
29983,54,53,0.0185185
29985,54,53,0.0185185
29987,54,53,0.0185185
29990,54,53,0.0185185
29992,54,53,0.0185185
29997,54,53,0.0185185
29999,54,53,0.0185185
30001,54,53,0.0185185
30003,54,53,0.0185185
30005,54,53,0.0185185
30007,54,53,0.0185185
30010,54,53,0.0185185
30012,54,53,0.0185185
30014,54,53,0.0185185
30016,54,53,0.0185185
30018,54,53,0.0185185
30021,54,53,0.0185185
30023,54,53,0.0185185
30025,54,53,0.0185185
30027,54,53,0.0185185
30030,54,53,0.0185185
30032,54,53,0.0185185
30035,54,53,0.0185185
30037,54,53,0.0185185
30039,54,53,0.0185185
30041,54,53,0.0185185
30043,54,53,0.0185185
30045,54,53,0.0185185
30048,54,53,0.0185185
30050,54,53,0.0185185
30052,54,53,0.0185185
30054,54,53,0.0185185
30056,54,53,0.0185185
30058,54,53,0.0185185
30060,54,53,0.0185185
30063,54,53,0.0185185
30066,54,53,0.0185185
30067,54,53,0.0185185
30069,54,53,0.0185185
30071,54,53,0.0185185
30073,54,53,0.0185185
30075,54,53,0.0185185
30080,54,53,0.0185185
30082,54,53,0.0185185
30086,54,53,0.0185185
30089,54,53,0.0185185
30091,54,53,0.0185185
30093,54,53,0.0185185
30095,54,53,0.0185185
30098,54,53,0.0185185
30100,54,53,0.0185185
30102,54,53,0.0185185
30104,54,53,0.0185185
30107,54,53,0.0185185
30109,54,53,0.0185185
30111,54,53,0.0185185
30114,54,53,0.0185185
30116,54,53,0.0185185
30118,54,53,0.0185185
30121,54,53,0.0185185
30122,54,53,0.0185185
30129,54,53,0.0185185
30132,54,53,0.0185185
30135,54,53,0.0185185
30138,54,53,0.0185185
30141,54,53,0.0185185
30143,54,53,0.0185185
30145,54,53,0.0185185
30147,54,53,0.0185185
30150,54,53,0.0185185
30153,54,53,0.0185185
30155,54,53,0.0185185
30157,54,53,0.0185185
30159,54,53,0.0185185
30161,54,53,0.0185185
30164,54,53,0.0185185
30166,54,53,0.0185185
30169,54,53,0.0185185
30171,54,53,0.0185185
30176,54,53,0.0185185
30178,54,53,0.0185185
30182,54,53,0.0185185
30184,54,53,0.0185185
30186,54,53,0.0185185
30189,54,53,0.0185185
30191,54,53,0.0185185
30194,54,53,0.0185185
30197,54,53,0.0185185
30200,54,53,0.0185185
30203,54,53,0.0185185
30205,54,53,0.0185185
30208,54,53,0.0185185
30210,54,53,0.0185185
30212,54,53,0.0185185
30214,54,53,0.0185185
30216,54,53,0.0185185
30218,54,53,0.0185185
30221,54,53,0.0185185
30223,54,53,0.0185185
30227,54,53,0.0185185
30229,54,53,0.0185185
30231,54,53,0.0185185
30234,54,53,0.0185185
30237,54,53,0.0185185
30239,54,53,0.0185185
30241,54,53,0.0185185
30243,54,53,0.0185185
30249,54,53,0.0185185
30251,54,53,0.0185185
30256,54,53,0.0185185
30258,54,53,0.0185185
30261,54,53,0.0185185
30265,54,53,0.0185185
30268,54,53,0.0185185
30270,54,53,0.0185185
30272,54,53,0.0185185
30274,54,53,0.0185185
30277,54,53,0.0185185
30279,54,53,0.0185185
30282,54,53,0.0185185
30285,54,53,0.0185185
30289,54,53,0.0185185
30291,54,53,0.0185185
30293,54,53,0.0185185
30295,54,53,0.0185185
30298,54,53,0.0185185
30301,54,53,0.0185185
30303,54,53,0.0185185
30306,54,53,0.0185185
30309,54,53,0.0185185
30311,54,53,0.0185185
30313,54,53,0.0185185
30315,54,53,0.0185185
30317,54,53,0.0185185
30320,54,53,0.0185185
30322,54,53,0.0185185
30324,54,53,0.0185185
30326,54,53,0.0185185
30328,54,53,0.0185185
30331,54,53,0.0185185
30333,54,53,0.0185185
30335,54,53,0.0185185
30337,54,53,0.0185185
30339,54,53,0.0185185
30342,54,53,0.0185185
30345,54,53,0.0185185
30347,54,53,0.0185185
30350,54,53,0.0185185
30353,54,53,0.0185185
30355,54,53,0.0185185
30358,54,53,0.0185185
30360,54,53,0.0185185
30362,54,53,0.0185185
30365,54,53,0.0185185
30367,54,53,0.0185185
30369,54,53,0.0185185
30372,54,53,0.0185185
30375,54,53,0.0185185
30377,54,53,0.0185185
30379,54,53,0.0185185
30381,54,53,0.0185185
30383,54,53,0.0185185
30386,54,53,0.0185185
30388,54,53,0.0185185
30390,54,53,0.0185185
30392,54,53,0.0185185
30394,54,53,0.0185185
30397,54,53,0.0185185
30402,54,53,0.0185185
30405,54,53,0.0185185
30407,54,53,0.0185185
30410,54,53,0.0185185
30412,54,53,0.0185185
30415,54,53,0.0185185
30418,54,53,0.0185185
30422,54,53,0.0185185
30425,54,53,0.0185185
30427,54,53,0.0185185
30430,54,53,0.0185185
30432,54,53,0.0185185
30435,54,53,0.0185185
30438,54,53,0.0185185
30441,54,53,0.0185185
30444,54,53,0.0185185
30447,54,53,0.0185185
30451,54,53,0.0185185
30454,54,53,0.0185185
30457,54,53,0.0185185
30460,54,53,0.0185185
30462,54,53,0.0185185
30468,54,53,0.0185185
30470,54,53,0.0185185
30473,54,53,0.0185185
30475,54,53,0.0185185
30478,54,53,0.0185185
30481,54,53,0.0185185
30486,54,53,0.0185185
30488,54,53,0.0185185
30491,54,53,0.0185185
30493,54,53,0.0185185
30496,54,53,0.0185185
30499,54,53,0.0185185
30501,54,53,0.0185185
30504,54,53,0.0185185
30511,54,53,0.0185185
30514,54,53,0.0185185
30517,54,53,0.0185185
30519,54,53,0.0185185
30523,54,53,0.0185185
30526,54,53,0.0185185
30529,54,53,0.0185185
30531,54,53,0.0185185
30534,54,53,0.0185185
30537,54,53,0.0185185
30541,54,53,0.0185185
30543,54,53,0.0185185
30546,54,53,0.0185185
30549,54,53,0.0185185
30552,54,53,0.0185185
30556,54,53,0.0185185
30558,54,53,0.0185185
30561,54,53,0.0185185
30563,54,53,0.0185185
30565,54,53,0.0185185
30568,54,53,0.0185185
30570,54,53,0.0185185
30573,54,53,0.0185185
30575,54,53,0.0185185
30577,54,53,0.0185185
30580,54,53,0.0185185
30582,54,53,0.0185185
30586,54,53,0.0185185
30589,54,53,0.0185185
30590,54,53,0.0185185
30593,54,53,0.0185185
30596,54,53,0.0185185
30598,54,53,0.0185185
30600,54,53,0.0185185
30603,54,53,0.0185185
30605,54,53,0.0185185
30608,54,53,0.0185185
30610,54,53,0.0185185
30612,54,53,0.0185185
30614,54,53,0.0185185
30616,54,53,0.0185185
30619,54,53,0.0185185
30621,54,53,0.0185185
30623,54,53,0.0185185
30626,54,53,0.0185185
30628,54,53,0.0185185
30632,54,53,0.0185185
30634,54,53,0.0185185
30637,54,53,0.0185185
30639,54,53,0.0185185
30642,54,53,0.0185185
30646,54,53,0.0185185
30648,54,53,0.0185185
30651,54,53,0.0185185
30653,54,53,0.0185185
30655,54,53,0.0185185
30657,54,53,0.0185185
30660,54,53,0.0185185
30662,54,53,0.0185185
30664,54,53,0.0185185
30666,54,53,0.0185185
30668,54,53,0.0185185
30671,54,53,0.0185185
30674,54,53,0.0185185
30676,54,53,0.0185185
30678,54,53,0.0185185
30680,54,53,0.0185185
30684,54,53,0.0185185
30686,54,53,0.0185185
30688,54,53,0.0185185
30691,54,53,0.0185185
30692,54,53,0.0185185
30696,54,53,0.0185185
30698,54,53,0.0185185
30700,54,53,0.0185185
30702,54,53,0.0185185
30705,54,53,0.0185185
30708,54,53,0.0185185
30710,54,53,0.0185185
30713,54,53,0.0185185
30716,54,53,0.0185185
30718,54,53,0.0185185
30721,54,53,0.0185185
30724,54,53,0.0185185
30726,54,53,0.0185185
30729,54,53,0.0185185
30732,54,53,0.0185185
30735,54,53,0.0185185
30739,54,53,0.0185185
30741,54,53,0.0185185
30744,54,53,0.0185185
30746,54,53,0.0185185
30749,54,53,0.0185185
30752,54,53,0.0185185
30755,54,53,0.0185185
30757,54,53,0.0185185
30761,54,53,0.0185185
30763,54,53,0.0185185
30765,54,53,0.0185185
30768,54,53,0.0185185
30772,54,53,0.0185185
30774,54,53,0.0185185
30777,54,53,0.0185185
30781,54,53,0.0185185
30783,54,53,0.0185185
30786,54,53,0.0185185
30789,54,53,0.0185185
30791,54,53,0.0185185
30793,54,53,0.0185185
30795,54,53,0.0185185
30798,54,53,0.0185185
30800,54,53,0.0185185
30805,54,53,0.0185185
30809,54,53,0.0185185
30811,54,53,0.0185185
30814,54,53,0.0185185
30816,54,53,0.0185185
30819,54,53,0.0185185
30821,54,53,0.0185185
30824,54,53,0.0185185
30827,54,53,0.0185185
30829,54,53,0.0185185
30832,54,53,0.0185185
30834,54,53,0.0185185
30837,54,53,0.0185185
30840,54,53,0.0185185
30842,54,53,0.0185185
30845,54,53,0.0185185
30848,54,53,0.0185185
30850,54,53,0.0185185
30853,54,53,0.0185185
30856,54,53,0.0185185
30860,54,53,0.0185185
30862,54,53,0.0185185
30866,54,53,0.0185185
30868,54,53,0.0185185
30870,54,53,0.0185185
30873,54,53,0.0185185
30875,54,53,0.0185185
30877,54,53,0.0185185
30881,54,53,0.0185185
30884,54,53,0.0185185
30888,54,53,0.0185185
30890,54,53,0.0185185
30892,54,53,0.0185185
30894,54,53,0.0185185
30897,54,53,0.0185185
30900,54,53,0.0185185
30902,54,53,0.0185185
30905,54,53,0.0185185
30908,54,53,0.0185185
30911,54,53,0.0185185
30914,54,53,0.0185185
30916,54,53,0.0185185
30919,54,53,0.0185185
30922,54,53,0.0185185
30925,54,53,0.0185185
30928,54,53,0.0185185
30930,54,53,0.0185185
30933,54,53,0.0185185
30935,54,53,0.0185185
30938,54,53,0.0185185
30941,54,53,0.0185185
30944,54,53,0.0185185
30947,54,53,0.0185185
30949,54,53,0.0185185
30952,54,53,0.0185185
30954,54,53,0.0185185
30957,54,53,0.0185185
30959,54,53,0.0185185
30962,54,53,0.0185185
30964,54,53,0.0185185
30966,54,53,0.0185185
30969,54,53,0.0185185
30973,54,53,0.0185185
30975,54,53,0.0185185
30977,54,53,0.0185185
30981,54,53,0.0185185
30983,54,53,0.0185185
30987,54,53,0.0185185
30989,54,53,0.0185185
30992,54,53,0.0185185
30994,54,53,0.0185185
30996,54,53,0.0185185
30999,54,53,0.0185185
31001,54,53,0.0185185
31004,54,53,0.0185185
31007,54,53,0.0185185
31009,54,53,0.0185185
31011,54,53,0.0185185
31014,54,53,0.0185185
31016,54,53,0.0185185
31019,54,53,0.0185185
31022,54,53,0.0185185
31025,54,53,0.0185185
31027,54,53,0.0185185
31030,54,53,0.0185185
31032,54,53,0.0185185
31034,54,53,0.0185185
31036,54,53,0.0185185
31040,54,53,0.0185185
31042,54,53,0.0185185
31044,54,53,0.0185185
31047,54,53,0.0185185
31049,54,53,0.0185185
31051,54,53,0.0185185
31053,54,53,0.0185185
31055,54,53,0.0185185
31058,54,53,0.0185185
31060,54,53,0.0185185
31062,54,53,0.0185185
31065,54,53,0.0185185
31067,54,53,0.0185185
31069,54,53,0.0185185
31072,54,53,0.0185185
31074,54,53,0.0185185
31076,54,53,0.0185185
31078,54,53,0.0185185
31081,54,53,0.0185185
31083,54,53,0.0185185
31085,54,53,0.0185185
31087,54,53,0.0185185
31091,54,53,0.0185185
31093,54,53,0.0185185
31095,54,53,0.0185185
31099,54,53,0.0185185
31101,54,53,0.0185185
31104,54,53,0.0185185
31107,54,53,0.0185185
31109,54,53,0.0185185
31111,54,53,0.0185185
31113,54,53,0.0185185
31118,54,53,0.0185185
31120,54,53,0.0185185
31122,54,53,0.0185185
31125,54,53,0.0185185
31127,54,53,0.0185185
31129,54,53,0.0185185
31132,54,53,0.0185185
31134,54,53,0.0185185
31136,54,53,0.0185185
31138,54,53,0.0185185
31142,54,53,0.0185185
31144,54,53,0.0185185
31146,54,53,0.0185185
31151,54,53,0.0185185
31153,54,53,0.0185185
31155,54,53,0.0185185
31157,54,53,0.0185185
31160,54,53,0.0185185
31162,54,53,0.0185185
31165,54,53,0.0185185
31168,54,53,0.0185185
31170,54,53,0.0185185
31172,54,53,0.0185185
31177,54,53,0.0185185
31180,54,53,0.0185185
31182,54,53,0.0185185
31184,54,53,0.0185185
31186,54,53,0.0185185
31188,54,53,0.0185185
31190,54,53,0.0185185
31192,54,53,0.0185185
31196,54,53,0.0185185
31198,54,53,0.0185185
31200,54,53,0.0185185
31202,54,53,0.0185185
31205,54,53,0.0185185
31205,54,53,0.0185185
31207,54,53,0.0185185
31210,54,53,0.0185185
31212,54,53,0.0185185
31215,54,53,0.0185185
31217,54,53,0.0185185
31219,54,53,0.0185185
31226,54,53,0.0185185
31228,54,53,0.0185185
31230,54,53,0.0185185
31234,54,53,0.0185185
31236,54,53,0.0185185
31238,54,53,0.0185185
31241,54,53,0.0185185
31243,54,53,0.0185185
31245,54,53,0.0185185
31247,54,53,0.0185185
31249,54,53,0.0185185
31252,54,53,0.0185185
31254,54,53,0.0185185
31257,54,53,0.0185185
31260,54,53,0.0185185
31262,54,53,0.0185185
31263,54,53,0.0185185
31266,54,53,0.0185185
31268,54,53,0.0185185
31269,54,53,0.0185185
31271,54,53,0.0185185
31273,54,53,0.0185185
31276,54,53,0.0185185
31278,54,53,0.0185185
31280,54,53,0.0185185
31282,54,53,0.0185185
31285,54,53,0.0185185
31287,54,53,0.0185185
31289,54,53,0.0185185
31294,54,53,0.0185185
31297,54,53,0.0185185
31299,54,53,0.0185185
31302,54,53,0.0185185
31304,54,53,0.0185185
31306,54,53,0.0185185
31315,54,53,0.0185185
31318,54,53,0.0185185
31321,54,53,0.0185185
31323,54,53,0.0185185
31325,54,53,0.0185185
31328,54,53,0.0185185
31330,54,53,0.0185185
31332,54,53,0.0185185
31335,54,53,0.0185185
31338,54,53,0.0185185
31340,54,53,0.0185185
31342,54,53,0.0185185
31345,54,53,0.0185185
31347,54,53,0.0185185
31350,54,53,0.0185185
31353,54,53,0.0185185
31355,54,53,0.0185185
31357,54,53,0.0185185
31361,54,53,0.0185185
31364,54,53,0.0185185
31367,54,53,0.0185185
31369,54,53,0.0185185
31370,54,53,0.0185185
31372,54,53,0.0185185
31374,54,53,0.0185185
31377,54,53,0.0185185
31381,54,53,0.0185185
31384,54,53,0.0185185
31386,54,53,0.0185185
31389,54,53,0.0185185
31391,54,53,0.0185185
31394,54,53,0.0185185
31396,54,53,0.0185185
31399,54,53,0.0185185
31402,54,53,0.0185185
31404,54,53,0.0185185
31407,54,53,0.0185185
31410,54,53,0.0185185
31414,54,53,0.0185185
31417,54,53,0.0185185
31419,54,53,0.0185185
31422,54,53,0.0185185
31424,54,53,0.0185185
31427,54,53,0.0185185
31429,54,53,0.0185185
31432,54,53,0.0185185
31434,54,53,0.0185185
31436,54,53,0.0185185
31439,54,53,0.0185185
31442,54,53,0.0185185
31445,54,53,0.0185185
31447,54,53,0.0185185
31450,54,53,0.0185185
31453,54,53,0.0185185
31455,54,53,0.0185185
31458,54,53,0.0185185
31461,54,53,0.0185185
31464,54,53,0.0185185
31468,54,53,0.0185185
31470,54,53,0.0185185
31474,54,53,0.0185185
31477,54,53,0.0185185
31480,54,53,0.0185185
31483,54,53,0.0185185
31485,54,53,0.0185185
31488,54,53,0.0185185
31490,54,53,0.0185185
31493,54,53,0.0185185
31498,54,53,0.0185185
31501,54,53,0.0185185
31504,54,53,0.0185185
31506,54,53,0.0185185
31509,54,53,0.0185185
31511,54,53,0.0185185
31515,54,53,0.0185185
31518,54,53,0.0185185
31522,54,53,0.0185185
31524,54,53,0.0185185
31526,54,53,0.0185185
31529,54,53,0.0185185
31531,54,53,0.0185185
31534,54,53,0.0185185
31536,54,53,0.0185185
31539,54,53,0.0185185
31541,54,53,0.0185185
31543,54,53,0.0185185
31546,54,53,0.0185185
31548,54,53,0.0185185
31551,54,53,0.0185185
31553,54,53,0.0185185
31555,54,53,0.0185185
31559,54,53,0.0185185
31562,54,53,0.0185185
31564,54,53,0.0185185
31570,54,53,0.0185185
31572,54,53,0.0185185
31575,54,53,0.0185185
31578,54,53,0.0185185
31580,54,53,0.0185185
31583,54,53,0.0185185
31586,54,53,0.0185185
31588,54,53,0.0185185
31590,54,53,0.0185185
31592,54,53,0.0185185
31594,54,53,0.0185185
31596,54,53,0.0185185
31598,54,53,0.0185185
31600,54,53,0.0185185
31603,54,53,0.0185185
31606,54,53,0.0185185
31610,54,53,0.0185185
31612,54,53,0.0185185
31616,54,53,0.0185185
31618,54,53,0.0185185
31623,54,53,0.0185185
31625,54,53,0.0185185
31635,54,53,0.0185185
31638,54,53,0.0185185
31640,54,53,0.0185185
31642,54,53,0.0185185
31645,54,53,0.0185185
31647,54,53,0.0185185
31649,54,53,0.0185185
31653,54,53,0.0185185
31656,54,53,0.0185185
31658,54,53,0.0185185
31660,54,53,0.0185185
31662,54,53,0.0185185
31665,54,53,0.0185185
31668,54,53,0.0185185
31670,54,53,0.0185185
31672,54,53,0.0185185
31675,54,53,0.0185185
31678,54,53,0.0185185
31680,54,53,0.0185185
31682,54,53,0.0185185
31684,54,53,0.0185185
31686,54,53,0.0185185
31689,54,53,0.0185185
31691,54,53,0.0185185
31693,54,53,0.0185185
31695,54,53,0.0185185
31698,54,53,0.0185185
31702,54,53,0.0185185
31707,54,53,0.0185185
31709,54,53,0.0185185
31713,54,53,0.0185185
31716,54,53,0.0185185
31718,54,53,0.0185185
31721,54,53,0.0185185
31724,54,53,0.0185185
31726,54,53,0.0185185
31728,54,53,0.0185185
31730,54,53,0.0185185
31732,54,53,0.0185185
31734,54,53,0.0185185
31737,54,53,0.0185185
31741,54,53,0.0185185
31743,54,53,0.0185185
31745,54,53,0.0185185
31748,54,53,0.0185185
31750,54,53,0.0185185
31752,54,53,0.0185185
31754,54,53,0.0185185
31757,54,53,0.0185185
31759,54,53,0.0185185
31761,54,53,0.0185185
31763,54,53,0.0185185
31766,54,53,0.0185185
31768,54,53,0.0185185
31770,54,53,0.0185185
31773,54,53,0.0185185
31775,54,53,0.0185185
31777,54,53,0.0185185
31779,54,53,0.0185185
31782,54,53,0.0185185
31786,54,53,0.0185185
31790,54,53,0.0185185
31792,54,53,0.0185185
31794,54,53,0.0185185
31796,54,53,0.0185185
31799,54,53,0.0185185
31801,54,53,0.0185185
31803,54,53,0.0185185
31805,54,53,0.0185185
31807,54,53,0.0185185
31810,54,53,0.0185185
31813,54,53,0.0185185
31819,54,53,0.0185185
31823,54,53,0.0185185
31825,54,53,0.0185185
31828,54,53,0.0185185
31830,54,53,0.0185185
31833,54,53,0.0185185
31835,54,53,0.0185185
31838,54,53,0.0185185
31840,54,53,0.0185185
31842,54,53,0.0185185
31844,54,53,0.0185185
31846,54,53,0.0185185
31848,54,53,0.0185185
31851,54,53,0.0185185
31853,54,53,0.0185185
31855,54,53,0.0185185
31858,54,53,0.0185185
31862,54,53,0.0185185
31864,54,53,0.0185185
31866,54,53,0.0185185
31870,54,53,0.0185185
31874,54,53,0.0185185
31876,54,53,0.0185185
31878,54,53,0.0185185
31881,54,53,0.0185185
31883,54,53,0.0185185
31886,54,53,0.0185185
31890,54,53,0.0185185
31894,54,53,0.0185185
31896,54,53,0.0185185
31899,54,53,0.0185185
31908,54,53,0.0185185
31910,54,53,0.0185185
31913,54,53,0.0185185
31917,54,53,0.0185185
31923,54,53,0.0185185
31925,54,53,0.0185185
31929,54,53,0.0185185
31933,54,53,0.0185185
31935,54,53,0.0185185
31937,54,53,0.0185185
31940,54,53,0.0185185
31942,54,53,0.0185185
31944,54,53,0.0185185
31947,54,53,0.0185185
31949,54,53,0.0185185
31952,54,53,0.0185185
31954,54,53,0.0185185
31957,54,53,0.0185185
31960,54,53,0.0185185
31963,54,53,0.0185185
31965,54,53,0.0185185
31971,54,53,0.0185185
31974,54,53,0.0185185
31976,54,53,0.0185185
31979,54,53,0.0185185
31981,54,53,0.0185185
31983,54,53,0.0185185
31986,54,53,0.0185185
31988,54,53,0.0185185
31990,54,53,0.0185185
31993,54,53,0.0185185
32000,54,53,0.0185185
32003,54,53,0.0185185
32005,54,53,0.0185185
32007,54,53,0.0185185
32010,54,53,0.0185185
32012,54,53,0.0185185
32015,54,53,0.0185185
32017,54,53,0.0185185
32020,54,53,0.0185185
32022,54,53,0.0185185
32025,54,53,0.0185185
32027,54,53,0.0185185
32030,54,53,0.0185185
32032,54,53,0.0185185
32034,54,53,0.0185185
32037,54,53,0.0185185
32039,54,53,0.0185185
32043,54,53,0.0185185
32046,54,53,0.0185185
32049,54,53,0.0185185
32051,54,53,0.0185185
32053,54,53,0.0185185
32056,54,53,0.0185185
32058,54,53,0.0185185
32060,54,53,0.0185185
32063,54,53,0.0185185
32069,54,53,0.0185185
32072,54,53,0.0185185
32076,54,53,0.0185185
32078,54,53,0.0185185
32080,54,53,0.0185185
32083,54,53,0.0185185
32085,54,53,0.0185185
32088,54,53,0.0185185
32090,54,53,0.0185185
32092,54,53,0.0185185
32096,54,53,0.0185185
32099,54,53,0.0185185
32103,54,53,0.0185185
32105,54,53,0.0185185
32107,54,53,0.0185185
32109,54,53,0.0185185
32112,54,53,0.0185185
32113,54,53,0.0185185
32115,54,53,0.0185185
32118,54,53,0.0185185
32121,54,53,0.0185185
32123,54,53,0.0185185
32125,54,53,0.0185185
32127,54,53,0.0185185
32130,54,53,0.0185185
32132,54,53,0.0185185
32136,54,53,0.0185185
32138,54,53,0.0185185
32139,54,53,0.0185185
32142,54,53,0.0185185
32144,54,53,0.0185185
32146,54,53,0.0185185
32148,54,53,0.0185185
32150,54,53,0.0185185
32153,54,53,0.0185185
32155,54,53,0.0185185
32158,54,53,0.0185185
32160,54,53,0.0185185
32162,54,53,0.0185185
32164,54,53,0.0185185
32166,54,53,0.0185185
32171,54,53,0.0185185
32174,54,53,0.0185185
32176,54,53,0.0185185
32178,54,53,0.0185185
32181,54,53,0.0185185
32183,54,53,0.0185185
32185,54,53,0.0185185
32188,54,53,0.0185185
32191,54,53,0.0185185
32196,54,53,0.0185185
32198,54,53,0.0185185
32200,54,53,0.0185185
32203,54,53,0.0185185
32205,54,53,0.0185185
32207,54,53,0.0185185
32210,54,53,0.0185185
32212,54,53,0.0185185
32215,54,53,0.0185185
32217,54,53,0.0185185
32219,54,53,0.0185185
32222,54,53,0.0185185
32224,54,53,0.0185185
32226,54,53,0.0185185
32228,54,53,0.0185185
32230,54,53,0.0185185
32231,54,53,0.0185185
32234,54,53,0.0185185
32237,54,53,0.0185185
32239,54,53,0.0185185
32241,54,53,0.0185185
32244,54,53,0.0185185
32247,54,53,0.0185185
32249,54,53,0.0185185
32251,54,53,0.0185185
32252,54,53,0.0185185
32255,54,53,0.0185185
32261,54,53,0.0185185
32263,54,53,0.0185185
32265,54,53,0.0185185
32268,54,53,0.0185185
32270,54,53,0.0185185
32272,54,53,0.0185185
32275,54,53,0.0185185
32279,54,53,0.0185185
32282,54,53,0.0185185
32285,54,53,0.0185185
32287,54,53,0.0185185
32290,54,53,0.0185185
32292,54,53,0.0185185
32295,54,53,0.0185185
32297,54,53,0.0185185
32299,54,53,0.0185185
32301,54,53,0.0185185
32304,54,53,0.0185185
32306,54,53,0.0185185
32308,54,53,0.0185185
32310,54,53,0.0185185
32312,54,53,0.0185185
32315,54,53,0.0185185
32317,54,53,0.0185185
32319,54,53,0.0185185
32322,54,53,0.0185185
32324,54,53,0.0185185
32326,54,53,0.0185185
32328,54,53,0.0185185
32330,54,53,0.0185185
32332,54,53,0.0185185
32334,54,53,0.0185185
32336,54,53,0.0185185
32340,54,53,0.0185185
32343,54,53,0.0185185
32345,54,53,0.0185185
32347,54,53,0.0185185
32352,54,53,0.0185185
32354,54,53,0.0185185
32356,54,53,0.0185185
32358,54,53,0.0185185
32360,54,53,0.0185185
32363,54,53,0.0185185
32365,54,53,0.0185185
32369,54,53,0.0185185
32371,54,53,0.0185185
32374,54,53,0.0185185
32377,54,53,0.0185185
32380,54,53,0.0185185
32382,54,53,0.0185185
32384,54,53,0.0185185
32386,54,53,0.0185185
32390,54,53,0.0185185
32392,54,53,0.0185185
32394,54,53,0.0185185
32397,54,53,0.0185185
32399,54,53,0.0185185
32401,54,53,0.0185185
32403,54,53,0.0185185
32406,54,53,0.0185185
32409,54,53,0.0185185
32411,54,53,0.0185185
32413,54,53,0.0185185
32415,54,53,0.0185185
32418,54,53,0.0185185
32421,54,53,0.0185185
32423,54,53,0.0185185
32426,54,53,0.0185185
32428,54,53,0.0185185
32431,54,53,0.0185185
32433,54,53,0.0185185
32436,54,53,0.0185185
32439,54,53,0.0185185
32443,54,53,0.0185185
32447,54,53,0.0185185
32449,54,53,0.0185185
32453,54,53,0.0185185
32455,54,53,0.0185185
32458,54,53,0.0185185
32461,54,53,0.0185185
32463,54,53,0.0185185
32466,54,53,0.0185185
32468,54,53,0.0185185
32474,54,53,0.0185185
32478,54,53,0.0185185
32479,54,53,0.0185185
32482,54,53,0.0185185
32486,54,53,0.0185185
32489,54,53,0.0185185
32491,54,53,0.0185185
32495,54,53,0.0185185
32498,54,53,0.0185185
32501,54,53,0.0185185
32504,54,53,0.0185185
32506,54,53,0.0185185
32509,54,53,0.0185185
32511,54,53,0.0185185
32514,54,53,0.0185185
32517,54,53,0.0185185
32520,54,53,0.0185185
32523,54,53,0.0185185
32525,54,53,0.0185185
32528,54,53,0.0185185
32531,54,53,0.0185185
32534,54,53,0.0185185
32536,54,53,0.0185185
32538,54,53,0.0185185
32544,54,53,0.0185185
32546,54,53,0.0185185
32549,54,53,0.0185185
32552,54,53,0.0185185
32553,54,53,0.0185185
32557,54,53,0.0185185
32559,54,53,0.0185185
32561,54,53,0.0185185
32564,54,53,0.0185185
32567,54,53,0.0185185
32570,54,53,0.0185185
32573,54,53,0.0185185
32575,54,53,0.0185185
32577,54,53,0.0185185
32580,54,53,0.0185185
32588,54,53,0.0185185
32591,54,53,0.0185185
32593,54,53,0.0185185
32596,54,53,0.0185185
32599,54,53,0.0185185
32602,54,53,0.0185185
32604,54,53,0.0185185
32606,54,53,0.0185185
32609,54,53,0.0185185
32611,54,53,0.0185185
32614,54,53,0.0185185
32616,54,53,0.0185185
32619,54,53,0.0185185
32621,54,53,0.0185185
32624,54,53,0.0185185
32629,54,53,0.0185185
32632,54,53,0.0185185
32634,54,53,0.0185185
32637,54,53,0.0185185
32641,54,53,0.0185185
32643,54,53,0.0185185
32645,54,53,0.0185185
32647,54,53,0.0185185
32652,54,53,0.0185185
32655,54,53,0.0185185
32657,54,53,0.0185185
32660,54,53,0.0185185
32662,54,53,0.0185185
32664,54,53,0.0185185
32666,54,53,0.0185185
32668,54,53,0.0185185
32671,54,53,0.0185185
32673,54,53,0.0185185
32675,54,53,0.0185185
32678,54,53,0.0185185
32680,54,53,0.0185185
32682,54,53,0.0185185
32684,54,53,0.0185185
32687,54,53,0.0185185
32689,54,53,0.0185185
32692,54,53,0.0185185
32694,54,53,0.0185185
32696,54,53,0.0185185
32698,54,53,0.0185185
32701,54,53,0.0185185
32704,54,53,0.0185185
32706,54,53,0.0185185
32709,54,53,0.0185185
32711,54,53,0.0185185
32715,54,53,0.0185185
32718,54,53,0.0185185
32721,54,53,0.0185185
32724,54,53,0.0185185
32726,54,53,0.0185185
32730,54,53,0.0185185
32735,54,53,0.0185185
32737,54,53,0.0185185
32739,54,53,0.0185185
32742,54,53,0.0185185
32744,54,53,0.0185185
32746,54,53,0.0185185
32750,54,53,0.0185185
32752,54,53,0.0185185
32754,54,53,0.0185185
32757,54,53,0.0185185
32760,54,53,0.0185185
32762,54,53,0.0185185
32772,54,53,0.0185185
32774,54,53,0.0185185
32776,54,53,0.0185185
32779,54,53,0.0185185
32781,54,53,0.0185185
32783,54,53,0.0185185
32786,54,53,0.0185185
32788,54,53,0.0185185
32791,54,53,0.0185185
32794,54,53,0.0185185
32798,54,53,0.0185185
32800,54,53,0.0185185
32803,54,53,0.0185185
32805,54,53,0.0185185
32814,54,53,0.0185185
32816,54,53,0.0185185
32821,54,53,0.0185185
32825,54,53,0.0185185
32827,54,53,0.0185185
32831,54,53,0.0185185
32834,54,53,0.0185185
32836,54,53,0.0185185
32839,54,53,0.0185185
32842,54,53,0.0185185
32845,54,53,0.0185185
32847,54,53,0.0185185
32850,54,53,0.0185185
32853,54,53,0.0185185
32855,54,53,0.0185185
32858,54,53,0.0185185
32861,54,53,0.0185185
32863,54,53,0.0185185
32865,54,53,0.0185185
32868,54,53,0.0185185
32870,54,53,0.0185185
32873,54,53,0.0185185
32875,54,53,0.0185185
32878,54,53,0.0185185
32881,54,53,0.0185185
32883,54,53,0.0185185
32888,54,53,0.0185185
32891,54,53,0.0185185
32894,54,53,0.0185185
32896,54,53,0.0185185
32898,54,53,0.0185185
32901,54,53,0.0185185
32903,54,53,0.0185185
32906,54,53,0.0185185
32909,54,53,0.0185185
32911,54,53,0.0185185
32913,54,53,0.0185185
32915,54,53,0.0185185
32918,54,53,0.0185185
32920,54,53,0.0185185
32923,54,53,0.0185185
32925,54,53,0.0185185
32927,54,53,0.0185185
32932,54,53,0.0185185
32935,54,53,0.0185185
32937,54,53,0.0185185
32939,54,53,0.0185185
32942,54,53,0.0185185
32944,54,53,0.0185185
32946,54,53,0.0185185
32949,54,53,0.0185185
32954,54,53,0.0185185
32957,54,53,0.0185185
32960,54,53,0.0185185
32962,54,53,0.0185185
32964,54,53,0.0185185
32968,54,53,0.0185185
32971,54,53,0.0185185
32973,54,53,0.0185185
32975,54,53,0.0185185
32977,54,53,0.0185185
32980,54,53,0.0185185
32982,54,53,0.0185185
32985,54,53,0.0185185
32987,54,53,0.0185185
32989,54,53,0.0185185
32992,54,53,0.0185185
32994,54,53,0.0185185
32996,54,53,0.0185185
32999,54,53,0.0185185
33002,54,53,0.0185185
33004,54,53,0.0185185
33006,54,53,0.0185185
33011,54,53,0.0185185
33014,54,53,0.0185185
33016,54,53,0.0185185
33018,54,53,0.0185185
33020,54,53,0.0185185
33023,54,53,0.0185185
33026,54,53,0.0185185
33028,54,53,0.0185185
33031,54,53,0.0185185
33033,54,53,0.0185185
33035,54,53,0.0185185
33037,54,53,0.0185185
33039,54,53,0.0185185
33042,54,53,0.0185185
33045,54,53,0.0185185
33047,54,53,0.0185185
33049,54,53,0.0185185
33051,54,53,0.0185185
33054,54,53,0.0185185
33056,54,53,0.0185185
33058,54,53,0.0185185
33061,54,53,0.0185185
33063,54,53,0.0185185
33065,54,53,0.0185185
33067,54,53,0.0185185
33069,54,53,0.0185185
33071,54,53,0.0185185
33071,54,53,0.0185185
33074,54,53,0.0185185
33076,54,53,0.0185185
33078,54,53,0.0185185
33080,54,53,0.0185185
33086,54,53,0.0185185
33088,54,53,0.0185185
33090,54,53,0.0185185
33092,54,53,0.0185185
33097,54,53,0.0185185
33099,54,53,0.0185185
33101,54,53,0.0185185
33103,54,53,0.0185185
33105,54,53,0.0185185
33108,54,53,0.0185185
33110,54,53,0.0185185
33112,54,53,0.0185185
33115,54,53,0.0185185
33117,54,53,0.0185185
33119,54,53,0.0185185
33123,54,53,0.0185185
33125,54,53,0.0185185
33127,54,53,0.0185185
33132,54,53,0.0185185
33134,54,53,0.0185185
33136,54,53,0.0185185
33140,54,53,0.0185185
33141,54,53,0.0185185
33143,54,53,0.0185185
33145,54,53,0.0185185
33147,54,53,0.0185185
33150,54,53,0.0185185
33152,54,53,0.0185185
33157,54,53,0.0185185
33159,54,53,0.0185185
33161,54,53,0.0185185
33163,54,53,0.0185185
33168,54,53,0.0185185
33170,54,53,0.0185185
33173,54,53,0.0185185
33175,54,53,0.0185185
33177,54,53,0.0185185
33179,54,53,0.0185185
33182,54,53,0.0185185
33185,54,53,0.0185185
33188,54,53,0.0185185
33190,54,53,0.0185185
33192,54,53,0.0185185
33194,54,53,0.0185185
33196,54,53,0.0185185
33198,54,53,0.0185185
33201,54,53,0.0185185
33203,54,53,0.0185185
33204,54,53,0.0185185
33206,54,53,0.0185185
33208,54,53,0.0185185
33210,54,53,0.0185185
33213,54,53,0.0185185
33215,54,53,0.0185185
33220,54,53,0.0185185
33222,54,53,0.0185185
33224,54,53,0.0185185
33226,54,53,0.0185185
33230,54,53,0.0185185
33232,54,53,0.0185185
33234,54,53,0.0185185
33236,54,53,0.0185185
33238,54,53,0.0185185
33240,54,53,0.0185185
33243,54,53,0.0185185
33245,54,53,0.0185185
33247,54,53,0.0185185
33250,54,53,0.0185185
33254,54,53,0.0185185
33256,54,53,0.0185185
33258,54,53,0.0185185
33260,54,53,0.0185185
33263,54,53,0.0185185
33264,54,53,0.0185185
33267,54,53,0.0185185
33270,54,53,0.0185185
33271,54,53,0.0185185
33274,54,53,0.0185185
33276,54,53,0.0185185
33278,54,53,0.0185185
33280,54,53,0.0185185
33282,54,53,0.0185185
33284,54,53,0.0185185
33287,54,53,0.0185185
33289,54,53,0.0185185
33291,54,53,0.0185185
33293,54,53,0.0185185
33296,54,53,0.0185185
33298,54,53,0.0185185
33300,54,53,0.0185185
33302,54,53,0.0185185
33305,54,53,0.0185185
33307,54,53,0.0185185
33309,54,53,0.0185185
33311,54,53,0.0185185
33314,54,53,0.0185185
33316,54,53,0.0185185
33318,54,53,0.0185185
33322,54,53,0.0185185
33324,54,53,0.0185185
33326,54,53,0.0185185
33328,54,53,0.0185185
33330,54,53,0.0185185
33332,54,53,0.0185185
33334,54,53,0.0185185
33336,54,53,0.0185185
33339,54,53,0.0185185
33340,54,53,0.0185185
33343,54,53,0.0185185
33345,54,53,0.0185185
33348,54,53,0.0185185
33350,54,53,0.0185185
33352,54,53,0.0185185
33354,54,53,0.0185185
33356,54,53,0.0185185
33359,54,53,0.0185185
33360,54,53,0.0185185
33362,54,53,0.0185185
33364,54,53,0.0185185
33366,54,53,0.0185185
33368,54,53,0.0185185
33370,54,53,0.0185185
33372,54,53,0.0185185
33375,54,53,0.0185185
33376,54,53,0.0185185
33379,54,53,0.0185185
33382,54,53,0.0185185
33384,54,53,0.0185185
33389,54,53,0.0185185
33392,54,53,0.0185185
33394,54,53,0.0185185
33396,54,53,0.0185185
33402,54,53,0.0185185
33404,54,53,0.0185185
33407,54,53,0.0185185
33410,54,53,0.0185185
33412,54,53,0.0185185
33415,54,53,0.0185185
33417,54,53,0.0185185
33419,54,53,0.0185185
33422,54,53,0.0185185
33424,54,53,0.0185185
33426,54,53,0.0185185
33428,54,53,0.0185185
33429,54,53,0.0185185
33431,54,53,0.0185185
33434,54,53,0.0185185
33437,54,53,0.0185185
33439,54,53,0.0185185
33442,54,53,0.0185185
33444,54,53,0.0185185
33446,54,53,0.0185185
33450,54,53,0.0185185
33452,54,53,0.0185185
33455,54,53,0.0185185
33458,54,53,0.0185185
33461,54,53,0.0185185
33462,54,53,0.0185185
33465,54,53,0.0185185
33468,54,53,0.0185185
33470,54,53,0.0185185
33472,54,53,0.0185185
33475,54,53,0.0185185
33478,54,53,0.0185185
33480,54,53,0.0185185
33483,54,53,0.0185185
33485,54,53,0.0185185
33488,54,53,0.0185185
33491,54,53,0.0185185
33498,54,53,0.0185185
33501,54,53,0.0185185
33503,54,53,0.0185185
33508,54,53,0.0185185
33511,54,53,0.0185185
33514,54,53,0.0185185
33516,54,53,0.0185185
33522,54,53,0.0185185
33524,54,53,0.0185185
33527,54,53,0.0185185
33529,54,53,0.0185185
33532,54,53,0.0185185
33535,54,53,0.0185185
33538,54,53,0.0185185
33540,54,53,0.0185185
33543,54,53,0.0185185
33545,54,53,0.0185185
33548,54,53,0.0185185
33552,54,53,0.0185185
33555,54,53,0.0185185
33559,54,53,0.0185185
33561,54,53,0.0185185
33564,54,53,0.0185185
33567,54,53,0.0185185
33569,54,53,0.0185185
33572,54,53,0.0185185
33577,54,53,0.0185185
33579,54,53,0.0185185
33582,54,53,0.0185185
33584,54,53,0.0185185
33588,54,53,0.0185185
33590,54,53,0.0185185
33593,54,53,0.0185185
33595,54,53,0.0185185
33597,54,53,0.0185185
33599,54,53,0.0185185
33602,54,53,0.0185185
33604,54,53,0.0185185
33607,54,53,0.0185185
33609,54,53,0.0185185
33611,54,53,0.0185185
33614,54,53,0.0185185
33616,54,53,0.0185185
33619,54,53,0.0185185
33621,54,53,0.0185185
33624,54,53,0.0185185
33626,54,53,0.0185185
33632,54,53,0.0185185
33634,54,53,0.0185185
33637,54,53,0.0185185
33639,54,53,0.0185185
33643,54,53,0.0185185
33645,54,53,0.0185185
33647,54,53,0.0185185
33651,54,53,0.0185185
33653,54,53,0.0185185
33655,54,53,0.0185185
33657,54,53,0.0185185
33660,54,53,0.0185185
33662,54,53,0.0185185
33664,54,53,0.0185185
33667,54,53,0.0185185
33669,54,53,0.0185185
33671,54,53,0.0185185
33673,54,53,0.0185185
33675,54,53,0.0185185
33679,54,53,0.0185185
33681,54,53,0.0185185
33683,54,53,0.0185185
33685,54,53,0.0185185
33689,54,53,0.0185185
33691,54,53,0.0185185
33693,54,53,0.0185185
33696,54,53,0.0185185
33698,54,53,0.0185185
33700,54,53,0.0185185
33703,54,53,0.0185185
33708,54,53,0.0185185
33710,54,53,0.0185185
33712,54,53,0.0185185
33715,54,53,0.0185185
33717,54,53,0.0185185
33719,54,53,0.0185185
33722,54,53,0.0185185
33726,54,53,0.0185185
33729,54,53,0.0185185
33731,54,53,0.0185185
33734,54,53,0.0185185
33736,54,53,0.0185185
33739,54,53,0.0185185
33741,54,53,0.0185185
33744,54,53,0.0185185
33746,54,53,0.0185185
33749,54,53,0.0185185
33751,54,53,0.0185185
33754,54,53,0.0185185
33756,54,53,0.0185185
33758,54,53,0.0185185
33761,54,53,0.0185185
33764,54,53,0.0185185
33766,54,53,0.0185185
33773,54,53,0.0185185
33776,54,53,0.0185185
33778,54,53,0.0185185
33780,54,53,0.0185185
33784,54,53,0.0185185
33787,54,53,0.0185185
33789,54,53,0.0185185
33791,54,53,0.0185185
33793,54,53,0.0185185
33796,54,53,0.0185185
33798,54,53,0.0185185
33801,54,53,0.0185185
33803,54,53,0.0185185
33806,54,53,0.0185185
33808,54,53,0.0185185
33810,54,53,0.0185185
33813,54,53,0.0185185
33815,54,53,0.0185185
33818,54,53,0.0185185
33820,54,53,0.0185185
33824,54,53,0.0185185
33826,54,53,0.0185185
33830,54,53,0.0185185
33833,54,53,0.0185185
33835,54,53,0.0185185
33839,54,53,0.0185185
33841,54,53,0.0185185
33844,54,53,0.0185185
33846,54,53,0.0185185
33848,54,53,0.0185185
33850,54,53,0.0185185
33853,54,53,0.0185185
33855,54,53,0.0185185
33857,54,53,0.0185185
33860,54,53,0.0185185
33862,54,53,0.0185185
33864,54,53,0.0185185
33867,54,53,0.0185185
33869,54,53,0.0185185
33871,54,53,0.0185185
33874,54,53,0.0185185
33876,54,53,0.0185185
33878,54,53,0.0185185
33881,54,53,0.0185185
33883,54,53,0.0185185
33885,54,53,0.0185185
33888,54,53,0.0185185
33890,54,53,0.0185185
33893,54,53,0.0185185
33895,54,53,0.0185185
33898,54,53,0.0185185
33900,54,53,0.0185185
33902,54,53,0.0185185
33905,54,53,0.0185185
33909,54,53,0.0185185
33911,54,53,0.0185185
33913,54,53,0.0185185
33916,54,53,0.0185185
33919,54,53,0.0185185
33921,54,53,0.0185185
33924,54,53,0.0185185
33926,54,53,0.0185185
33930,54,53,0.0185185
33933,54,53,0.0185185
33936,54,53,0.0185185
33938,54,53,0.0185185
33940,54,53,0.0185185
33943,54,53,0.0185185
33945,54,53,0.0185185
33947,54,53,0.0185185
33951,54,53,0.0185185
33954,54,53,0.0185185
33956,54,53,0.0185185
33959,54,53,0.0185185
33961,54,53,0.0185185
33963,54,53,0.0185185
33965,54,53,0.0185185
33968,54,53,0.0185185
33970,54,53,0.0185185
33973,54,53,0.0185185
33975,54,53,0.0185185
33980,54,53,0.0185185
33983,54,53,0.0185185
33985,54,53,0.0185185
33988,54,53,0.0185185
33990,54,53,0.0185185
33993,54,53,0.0185185
33996,54,53,0.0185185
33998,54,53,0.0185185
34002,54,53,0.0185185
34005,54,53,0.0185185
34007,54,53,0.0185185
34009,54,53,0.0185185
34013,54,53,0.0185185
34015,54,53,0.0185185
34017,54,53,0.0185185
34019,54,53,0.0185185
34023,54,53,0.0185185
34025,54,53,0.0185185
34027,54,53,0.0185185
34029,54,53,0.0185185
34031,54,53,0.0185185
34034,54,53,0.0185185
34037,54,53,0.0185185
34039,54,53,0.0185185
34041,54,53,0.0185185
34043,54,53,0.0185185
34047,54,53,0.0185185
34051,54,53,0.0185185
34053,54,53,0.0185185
34055,54,53,0.0185185
34057,54,53,0.0185185
34059,54,53,0.0185185
34062,54,53,0.0185185
34064,54,53,0.0185185
34066,54,53,0.0185185
34069,54,53,0.0185185
34071,54,53,0.0185185
34073,54,53,0.0185185
34075,54,53,0.0185185
34078,54,53,0.0185185
34081,54,53,0.0185185
34083,54,53,0.0185185
34085,54,53,0.0185185
34088,54,53,0.0185185
34091,54,53,0.0185185
34093,54,53,0.0185185
34096,54,53,0.0185185
34098,54,53,0.0185185
34100,54,53,0.0185185
34102,54,53,0.0185185
34104,54,53,0.0185185
34107,54,53,0.0185185
34109,54,53,0.0185185
34111,54,53,0.0185185
34113,54,53,0.0185185
34116,54,53,0.0185185
34119,54,53,0.0185185
34122,54,53,0.0185185
34124,54,53,0.0185185
34127,54,53,0.0185185
34129,54,53,0.0185185
34132,54,53,0.0185185
34134,54,53,0.0185185
34136,54,53,0.0185185
34138,54,53,0.0185185
34141,54,53,0.0185185
34143,54,53,0.0185185
34147,54,53,0.0185185
34153,54,53,0.0185185
34156,54,53,0.0185185
34158,54,53,0.0185185
34161,54,53,0.0185185
34167,54,53,0.0185185
34169,54,53,0.0185185
34178,54,53,0.0185185
34180,54,53,0.0185185
34184,54,53,0.0185185
34186,54,53,0.0185185
34188,54,53,0.0185185
34190,54,53,0.0185185
34193,54,53,0.0185185
34195,54,53,0.0185185
34197,54,53,0.0185185
34199,54,53,0.0185185
34202,54,53,0.0185185
34204,54,53,0.0185185
34206,54,53,0.0185185
34209,54,53,0.0185185
34211,54,53,0.0185185
34215,54,53,0.0185185
34218,54,53,0.0185185
34220,54,53,0.0185185
34222,54,53,0.0185185
34224,54,53,0.0185185
34226,54,53,0.0185185
34228,54,53,0.0185185
34231,54,53,0.0185185
34234,54,53,0.0185185
34236,54,53,0.0185185
34238,54,53,0.0185185
34241,54,53,0.0185185
34244,54,53,0.0185185
34253,54,53,0.0185185
34256,54,53,0.0185185
34258,54,53,0.0185185
34261,54,53,0.0185185
34263,54,53,0.0185185
34270,54,53,0.0185185
34273,54,53,0.0185185
34276,54,53,0.0185185
34278,54,53,0.0185185
34281,54,53,0.0185185
34283,54,53,0.0185185
34286,54,53,0.0185185
34288,54,53,0.0185185
34291,54,53,0.0185185
34293,54,53,0.0185185
34296,54,53,0.0185185
34299,54,53,0.0185185
34302,54,53,0.0185185
34305,54,53,0.0185185
34307,54,53,0.0185185
34313,54,53,0.0185185
34316,54,53,0.0185185
34322,54,53,0.0185185
34324,54,53,0.0185185
34327,54,53,0.0185185
34329,54,53,0.0185185
34331,54,53,0.0185185
34334,54,53,0.0185185
34337,54,53,0.0185185
34339,54,53,0.0185185
34343,54,53,0.0185185
34345,54,53,0.0185185
34348,54,53,0.0185185
34350,54,53,0.0185185
34353,54,53,0.0185185
34356,54,53,0.0185185
34358,54,53,0.0185185
34362,54,53,0.0185185
34365,54,53,0.0185185
34368,54,53,0.0185185
34374,54,53,0.0185185
34376,54,53,0.0185185
34378,54,53,0.0185185
34380,54,53,0.0185185
34383,54,53,0.0185185
34385,54,53,0.0185185
34387,54,53,0.0185185
34390,54,53,0.0185185
34392,54,53,0.0185185
34395,54,53,0.0185185
34398,54,53,0.0185185
34400,54,53,0.0185185
34402,54,53,0.0185185
34405,54,53,0.0185185
34408,54,53,0.0185185
34410,54,53,0.0185185
34412,54,53,0.0185185
34415,54,53,0.0185185
34418,54,53,0.0185185
34420,54,53,0.0185185
34422,54,53,0.0185185
34425,54,53,0.0185185
34427,54,53,0.0185185
34429,54,53,0.0185185
34432,54,53,0.0185185
34434,54,53,0.0185185
34436,54,53,0.0185185
34439,54,53,0.0185185
34441,54,53,0.0185185
34443,54,53,0.0185185
34445,54,53,0.0185185
34448,54,53,0.0185185
34451,54,53,0.0185185
34453,54,53,0.0185185
34455,54,53,0.0185185
34457,54,53,0.0185185
34460,54,53,0.0185185
34462,54,53,0.0185185
34464,54,53,0.0185185
34466,54,53,0.0185185
34468,54,53,0.0185185
34471,54,53,0.0185185
34474,54,53,0.0185185
34478,54,53,0.0185185
34482,54,53,0.0185185
34484,54,53,0.0185185
34487,54,53,0.0185185
34490,54,53,0.0185185
34491,54,53,0.0185185
34494,54,53,0.0185185
34497,54,53,0.0185185
34500,54,53,0.0185185
34503,54,53,0.0185185
34506,54,53,0.0185185
34509,54,53,0.0185185
34511,54,53,0.0185185
34514,54,53,0.0185185
34516,54,53,0.0185185
34518,54,53,0.0185185
34520,54,53,0.0185185
34523,54,53,0.0185185
34525,54,53,0.0185185
34527,54,53,0.0185185
34529,54,53,0.0185185
34532,54,53,0.0185185
34534,54,53,0.0185185
34537,54,53,0.0185185
34539,54,53,0.0185185
34541,54,53,0.0185185
34543,54,53,0.0185185
34546,54,53,0.0185185
34548,54,53,0.0185185
34551,54,53,0.0185185
34553,54,53,0.0185185
34555,54,53,0.0185185
34558,54,53,0.0185185
34561,54,53,0.0185185
34562,54,53,0.0185185
34566,54,53,0.0185185
34568,54,53,0.0185185
34571,54,53,0.0185185
34574,54,53,0.0185185
34576,54,53,0.0185185
34579,54,53,0.0185185
34581,54,53,0.0185185
34584,54,53,0.0185185
34586,54,53,0.0185185
34589,54,53,0.0185185
34591,54,53,0.0185185
34594,54,53,0.0185185
34596,54,53,0.0185185
34599,54,53,0.0185185
34600,54,53,0.0185185
34610,54,53,0.0185185
34624,54,53,0.0185185
34626,54,53,0.0185185
34628,54,53,0.0185185
34631,54,53,0.0185185
34633,54,53,0.0185185
34636,54,53,0.0185185
34639,54,53,0.0185185
34643,54,53,0.0185185
34646,54,53,0.0185185
34649,54,53,0.0185185
34652,54,53,0.0185185
34655,54,53,0.0185185
34657,54,53,0.0185185
34659,54,53,0.0185185
34662,54,53,0.0185185
34664,54,53,0.0185185
34666,54,53,0.0185185
34669,54,53,0.0185185
34672,54,53,0.0185185
34674,54,53,0.0185185
34677,54,53,0.0185185
34686,54,53,0.0185185
34687,54,53,0.0185185
34689,54,53,0.0185185
34693,54,53,0.0185185
34696,54,53,0.0185185
34698,54,53,0.0185185
34700,54,53,0.0185185
34703,54,53,0.0185185
34706,54,53,0.0185185
34709,54,53,0.0185185
34712,54,53,0.0185185
34715,54,53,0.0185185
34719,54,53,0.0185185
34723,54,53,0.0185185
34726,54,53,0.0185185
34728,54,53,0.0185185
34733,54,53,0.0185185
34736,54,53,0.0185185
34738,54,53,0.0185185
34740,54,53,0.0185185
34743,54,53,0.0185185
34745,54,53,0.0185185
34747,54,53,0.0185185
34750,54,53,0.0185185
34753,54,53,0.0185185
34758,54,53,0.0185185
34761,54,53,0.0185185
34763,54,53,0.0185185
34766,54,53,0.0185185
34768,54,53,0.0185185
34771,54,53,0.0185185
34774,54,53,0.0185185
34776,54,53,0.0185185
34778,54,53,0.0185185
34780,54,53,0.0185185
34781,54,53,0.0185185
34783,54,53,0.0185185
34786,54,53,0.0185185
34789,54,53,0.0185185
34790,54,53,0.0185185
34793,54,53,0.0185185
34796,54,53,0.0185185
34798,54,53,0.0185185
34800,54,53,0.0185185
34802,54,53,0.0185185
34805,54,53,0.0185185
34807,54,53,0.0185185
34809,54,53,0.0185185
34812,54,53,0.0185185
34814,54,53,0.0185185
34816,54,53,0.0185185
34818,54,53,0.0185185
34821,54,53,0.0185185
34823,54,53,0.0185185
34826,54,53,0.0185185
34828,54,53,0.0185185
34831,54,53,0.0185185
34833,54,53,0.0185185
34836,54,53,0.0185185
34838,54,53,0.0185185
34841,54,53,0.0185185
34844,54,53,0.0185185
34846,54,53,0.0185185
34848,54,53,0.0185185
34851,54,53,0.0185185
34853,54,53,0.0185185
34856,54,53,0.0185185
34858,54,53,0.0185185
34860,54,53,0.0185185
34862,54,53,0.0185185
34864,54,53,0.0185185
34867,54,53,0.0185185
34871,54,53,0.0185185
34873,54,53,0.0185185
34876,54,53,0.0185185
34880,54,53,0.0185185
34882,54,53,0.0185185
34884,54,53,0.0185185
34887,54,53,0.0185185
34889,54,53,0.0185185
34891,54,53,0.0185185
34894,54,53,0.0185185
34898,54,53,0.0185185
34901,54,53,0.0185185
34904,54,53,0.0185185
34906,54,53,0.0185185
34908,54,53,0.0185185
34911,54,53,0.0185185
34914,54,53,0.0185185
34916,54,53,0.0185185
34919,54,53,0.0185185
34921,54,53,0.0185185
34923,54,53,0.0185185
34926,54,53,0.0185185
34928,54,53,0.0185185
34930,54,53,0.0185185
34933,54,53,0.0185185
34935,54,53,0.0185185
34937,54,53,0.0185185
34940,54,53,0.0185185
34942,54,53,0.0185185
34944,54,53,0.0185185
34946,54,53,0.0185185
34948,54,53,0.0185185
34949,54,53,0.0185185
34952,54,53,0.0185185
34954,54,53,0.0185185
34956,54,53,0.0185185
34960,54,53,0.0185185
34962,54,53,0.0185185
34966,54,53,0.0185185
34971,54,53,0.0185185
34973,54,53,0.0185185
34975,54,53,0.0185185
34978,54,53,0.0185185
34980,54,53,0.0185185
34983,54,53,0.0185185
34988,54,53,0.0185185
34991,54,53,0.0185185
34993,54,53,0.0185185
34995,54,53,0.0185185
34998,54,53,0.0185185
35000,54,53,0.0185185
35003,54,53,0.0185185
35005,54,53,0.0185185
35007,54,53,0.0185185
35009,54,53,0.0185185
35014,54,53,0.0185185
35017,54,53,0.0185185
35019,54,53,0.0185185
35021,54,53,0.0185185
35025,54,53,0.0185185
35028,54,53,0.0185185
35030,54,53,0.0185185
35033,54,53,0.0185185
35036,54,53,0.0185185
35040,54,53,0.0185185
35042,54,53,0.0185185
35045,54,53,0.0185185
35048,54,53,0.0185185
35051,54,53,0.0185185
35053,54,53,0.0185185
35057,54,53,0.0185185
35059,54,53,0.0185185
35062,54,53,0.0185185
35066,54,53,0.0185185
35069,54,53,0.0185185
35071,54,53,0.0185185
35074,54,53,0.0185185
35077,54,53,0.0185185
35079,54,53,0.0185185
35082,54,53,0.0185185
35085,54,53,0.0185185
35087,54,53,0.0185185
35090,54,53,0.0185185
35092,54,53,0.0185185
35096,54,53,0.0185185
35098,54,53,0.0185185
35102,54,53,0.0185185
35104,54,53,0.0185185
35107,54,53,0.0185185
35110,54,53,0.0185185
35112,54,53,0.0185185
35115,54,53,0.0185185
35118,54,53,0.0185185
35122,54,53,0.0185185
35124,54,53,0.0185185
35127,54,53,0.0185185
35130,54,53,0.0185185
35132,54,53,0.0185185
35135,54,53,0.0185185
35138,54,53,0.0185185
35141,54,53,0.0185185
35143,54,53,0.0185185
35146,54,53,0.0185185
35149,54,53,0.0185185
35152,54,53,0.0185185
35155,54,53,0.0185185
35157,54,53,0.0185185
35160,54,53,0.0185185
35163,54,53,0.0185185
35170,54,53,0.0185185
35172,54,53,0.0185185
35175,54,53,0.0185185
35177,54,53,0.0185185
35179,54,53,0.0185185
35181,54,53,0.0185185
35184,54,53,0.0185185
35188,54,53,0.0185185
35191,54,53,0.0185185
35194,54,53,0.0185185
35198,54,53,0.0185185
35200,54,53,0.0185185
35207,54,53,0.0185185
35210,54,53,0.0185185
35213,54,53,0.0185185
35215,54,53,0.0185185
35218,54,53,0.0185185
35221,54,53,0.0185185
35224,54,53,0.0185185
35226,54,53,0.0185185
35229,54,53,0.0185185
35234,54,53,0.0185185
35237,54,53,0.0185185
35239,54,53,0.0185185
35242,54,53,0.0185185
35245,54,53,0.0185185
35247,54,53,0.0185185
35250,54,53,0.0185185
35253,54,53,0.0185185
35258,54,53,0.0185185
35259,54,53,0.0185185
35263,54,53,0.0185185
35265,54,53,0.0185185
35267,54,53,0.0185185
35271,54,53,0.0185185
35273,54,53,0.0185185
35279,54,53,0.0185185
35282,54,53,0.0185185
35286,54,53,0.0185185
35289,54,53,0.0185185
35292,54,53,0.0185185
35295,54,53,0.0185185
35297,54,53,0.0185185
35302,54,53,0.0185185
35305,54,53,0.0185185
35310,54,53,0.0185185
35312,54,53,0.0185185
35315,54,53,0.0185185
35319,54,53,0.0185185
35321,54,53,0.0185185
35324,54,53,0.0185185
35326,54,53,0.0185185
35329,54,53,0.0185185
35333,54,53,0.0185185
35336,54,53,0.0185185
35338,54,53,0.0185185
35341,54,53,0.0185185
35346,54,53,0.0185185
35348,54,53,0.0185185
35351,54,53,0.0185185
35354,54,53,0.0185185
35358,54,53,0.0185185
35360,54,53,0.0185185
35363,54,53,0.0185185
35366,54,53,0.0185185
35369,54,53,0.0185185
35373,54,53,0.0185185
35375,54,53,0.0185185
35378,54,53,0.0185185
35381,54,53,0.0185185
35384,54,53,0.0185185
35387,54,53,0.0185185
35390,54,53,0.0185185
35393,54,53,0.0185185
35396,54,53,0.0185185
35400,54,53,0.0185185
35403,54,53,0.0185185
35406,54,53,0.0185185
35408,54,53,0.0185185
35411,54,53,0.0185185
35414,54,53,0.0185185
35417,54,53,0.0185185
35420,54,53,0.0185185
35422,54,53,0.0185185
35425,54,53,0.0185185
35428,54,53,0.0185185
35430,54,53,0.0185185
35433,54,53,0.0185185
35436,54,53,0.0185185
35439,54,53,0.0185185
35442,54,53,0.0185185
35445,54,53,0.0185185
35447,54,53,0.0185185
35450,54,53,0.0185185
35453,54,53,0.0185185
35455,54,53,0.0185185
35458,54,53,0.0185185
35461,54,53,0.0185185
35464,54,53,0.0185185
35465,54,53,0.0185185
35468,54,53,0.0185185
35471,54,53,0.0185185
35474,54,53,0.0185185
35476,54,53,0.0185185
35479,54,53,0.0185185
35482,54,53,0.0185185
35485,54,53,0.0185185
35490,54,53,0.0185185
35492,54,53,0.0185185
35495,54,53,0.0185185
35498,54,53,0.0185185
35502,54,53,0.0185185
35505,54,53,0.0185185
35507,54,53,0.0185185
35510,54,53,0.0185185
35513,54,53,0.0185185
35515,54,53,0.0185185
35517,54,53,0.0185185
35520,54,53,0.0185185
35523,54,53,0.0185185
35525,54,53,0.0185185
35528,54,53,0.0185185
35531,54,53,0.0185185
35533,54,53,0.0185185
35535,54,53,0.0185185
35539,54,53,0.0185185
35542,54,53,0.0185185
35544,54,53,0.0185185
35550,54,53,0.0185185
35554,54,53,0.0185185
35557,54,53,0.0185185
35562,54,53,0.0185185
35564,54,53,0.0185185
35567,54,53,0.0185185
35571,54,53,0.0185185
35573,54,53,0.0185185
35575,54,53,0.0185185
35578,54,53,0.0185185
35581,54,53,0.0185185
35583,54,53,0.0185185
35585,54,53,0.0185185
35587,54,53,0.0185185
35590,54,53,0.0185185
35592,54,53,0.0185185
35595,54,53,0.0185185
35598,54,53,0.0185185
35601,54,53,0.0185185
35605,54,53,0.0185185
35609,54,53,0.0185185
35611,54,53,0.0185185
35613,54,53,0.0185185
35616,54,53,0.0185185
35619,54,53,0.0185185
35621,54,53,0.0185185
35624,54,53,0.0185185
35626,54,53,0.0185185
35629,54,53,0.0185185
35631,54,53,0.0185185
35634,54,53,0.0185185
35636,54,53,0.0185185
35638,54,53,0.0185185
35640,54,53,0.0185185
35643,54,53,0.0185185
35646,54,53,0.0185185
35648,54,53,0.0185185
35651,54,53,0.0185185
35658,54,53,0.0185185
35662,54,53,0.0185185
35665,54,53,0.0185185
35668,54,53,0.0185185
35670,54,53,0.0185185
35672,54,53,0.0185185
35674,54,53,0.0185185
35677,54,53,0.0185185
35681,54,53,0.0185185
35688,54,53,0.0185185
35690,54,53,0.0185185
35692,54,53,0.0185185
35699,54,53,0.0185185
35701,54,53,0.0185185
35704,54,53,0.0185185
35707,54,53,0.0185185
35710,54,53,0.0185185
35712,54,53,0.0185185
35715,54,53,0.0185185
35724,54,53,0.0185185
35728,54,53,0.0185185
35730,54,53,0.0185185
35733,54,53,0.0185185
35736,54,53,0.0185185
35738,54,53,0.0185185
35742,54,53,0.0185185
35744,54,53,0.0185185
35746,54,53,0.0185185
35751,54,53,0.0185185
35754,54,53,0.0185185
35758,54,53,0.0185185
35760,54,53,0.0185185
35763,54,53,0.0185185
35766,54,53,0.0185185
35771,54,53,0.0185185
35773,54,53,0.0185185
35776,54,53,0.0185185
35779,54,53,0.0185185
35781,54,53,0.0185185
35784,54,53,0.0185185
35788,54,53,0.0185185
35791,54,53,0.0185185
35793,54,53,0.0185185
35797,54,53,0.0185185
35800,54,53,0.0185185
35803,54,53,0.0185185
35805,54,53,0.0185185
35808,54,53,0.0185185
35811,54,53,0.0185185
35814,54,53,0.0185185
35817,54,53,0.0185185
35820,54,53,0.0185185
35822,54,53,0.0185185
35826,54,53,0.0185185
35829,54,53,0.0185185
35831,54,53,0.0185185
35837,54,53,0.0185185
35839,54,53,0.0185185
35848,54,53,0.0185185
35850,54,53,0.0185185
35854,54,53,0.0185185
35856,54,53,0.0185185
35859,54,53,0.0185185
35863,54,53,0.0185185
35866,54,53,0.0185185
35868,54,53,0.0185185
35871,54,53,0.0185185
35873,54,53,0.0185185
35875,54,53,0.0185185
35878,54,53,0.0185185
35885,54,53,0.0185185
35888,54,53,0.0185185
35891,54,53,0.0185185
35894,54,53,0.0185185
35897,54,53,0.0185185
35899,54,53,0.0185185
35907,54,53,0.0185185
35909,54,53,0.0185185
35912,54,53,0.0185185
35915,54,53,0.0185185
35918,54,53,0.0185185
35920,54,53,0.0185185
35923,54,53,0.0185185
35929,54,53,0.0185185
35932,54,53,0.0185185
35934,54,53,0.0185185
35937,54,53,0.0185185
35939,54,53,0.0185185
35942,54,53,0.0185185
35944,54,53,0.0185185
35947,54,53,0.0185185
35950,54,53,0.0185185
35953,54,53,0.0185185
35957,54,53,0.0185185
35959,54,53,0.0185185
35962,54,53,0.0185185
35964,54,53,0.0185185
35967,54,53,0.0185185
35970,54,53,0.0185185
35972,54,53,0.0185185
35975,54,53,0.0185185
35977,54,53,0.0185185
35979,54,53,0.0185185
35982,54,53,0.0185185
35984,54,53,0.0185185
35987,54,53,0.0185185
35990,54,53,0.0185185
35992,54,53,0.0185185
35995,54,53,0.0185185
35997,54,53,0.0185185
36000,54,53,0.0185185
36002,54,53,0.0185185
36005,54,53,0.0185185
36007,54,53,0.0185185
36010,54,53,0.0185185
36013,54,53,0.0185185
36015,54,53,0.0185185
36018,54,53,0.0185185
36020,54,53,0.0185185
36024,54,53,0.0185185
36026,54,53,0.0185185
36028,54,53,0.0185185
36031,54,53,0.0185185
36034,54,53,0.0185185
36037,54,53,0.0185185
36041,54,53,0.0185185
36043,54,53,0.0185185
36046,54,53,0.0185185
36049,54,53,0.0185185
36051,54,53,0.0185185
36056,54,53,0.0185185
36059,54,53,0.0185185
36062,54,53,0.0185185
36065,54,53,0.0185185
36067,54,53,0.0185185
36070,54,53,0.0185185
36073,54,53,0.0185185
36075,54,53,0.0185185
36078,54,53,0.0185185
36080,54,53,0.0185185
36083,54,53,0.0185185
36086,54,53,0.0185185
36088,54,53,0.0185185
36091,54,53,0.0185185
36091,54,53,0.0185185
36093,54,53,0.0185185
36097,54,53,0.0185185
36100,54,53,0.0185185
36102,54,53,0.0185185
36107,54,53,0.0185185
36109,54,53,0.0185185
36111,54,53,0.0185185
36115,54,53,0.0185185
36123,54,53,0.0185185
36126,54,53,0.0185185
36128,54,53,0.0185185
36130,54,53,0.0185185
36132,54,53,0.0185185
36135,54,53,0.0185185
36137,54,53,0.0185185
36140,54,53,0.0185185
36143,54,53,0.0185185
36148,54,53,0.0185185
36151,54,53,0.0185185
36153,54,53,0.0185185
36156,54,53,0.0185185
36158,54,53,0.0185185
36160,54,53,0.0185185
36163,54,53,0.0185185
36165,54,53,0.0185185
36168,54,53,0.0185185
36170,54,53,0.0185185
36173,54,53,0.0185185
36176,54,53,0.0185185
36182,54,53,0.0185185
36184,54,53,0.0185185
36187,54,53,0.0185185
36189,54,53,0.0185185
36191,54,53,0.0185185
36194,54,53,0.0185185
36196,54,53,0.0185185
36199,54,53,0.0185185
36201,54,53,0.0185185
36203,54,53,0.0185185
36206,54,53,0.0185185
36208,54,53,0.0185185
36214,54,53,0.0185185
36219,54,53,0.0185185
36221,54,53,0.0185185
36223,54,53,0.0185185
36226,54,53,0.0185185
36228,54,53,0.0185185
36232,54,53,0.0185185
36236,54,53,0.0185185
36238,54,53,0.0185185
36240,54,53,0.0185185
36243,54,53,0.0185185
36245,54,53,0.0185185
36248,54,53,0.0185185
36251,54,53,0.0185185
36254,54,53,0.0185185
36256,54,53,0.0185185
36259,54,53,0.0185185
36262,54,53,0.0185185
36264,54,53,0.0185185
36267,54,53,0.0185185
36269,54,53,0.0185185
36272,54,53,0.0185185
36275,54,53,0.0185185
36278,54,53,0.0185185
36281,54,53,0.0185185
36283,54,53,0.0185185
36285,54,53,0.0185185
36287,54,53,0.0185185
36290,54,53,0.0185185
36292,54,53,0.0185185
36295,54,53,0.0185185
36297,54,53,0.0185185
36300,54,53,0.0185185
36302,54,53,0.0185185
36304,54,53,0.0185185
36307,54,53,0.0185185
36310,54,53,0.0185185
36312,54,53,0.0185185
36315,54,53,0.0185185
36318,54,53,0.0185185
36320,54,53,0.0185185
36323,54,53,0.0185185
36326,54,53,0.0185185
36327,54,53,0.0185185
36330,54,53,0.0185185
36333,54,53,0.0185185
36336,54,53,0.0185185
36339,54,53,0.0185185
36342,54,53,0.0185185
36345,54,53,0.0185185
36347,54,53,0.0185185
36351,54,53,0.0185185
36354,54,53,0.0185185
36357,54,53,0.0185185
36360,54,53,0.0185185
36364,54,53,0.0185185
36366,54,53,0.0185185
36370,54,53,0.0185185
36374,54,53,0.0185185
36376,54,53,0.0185185
36379,54,53,0.0185185
36381,54,53,0.0185185
36384,54,53,0.0185185
36386,54,53,0.0185185
36389,54,53,0.0185185
36392,54,53,0.0185185
36394,54,53,0.0185185
36401,54,53,0.0185185
36403,54,53,0.0185185
36406,54,53,0.0185185
36410,54,53,0.0185185
36413,54,53,0.0185185
36416,54,53,0.0185185
36418,54,53,0.0185185
36421,54,53,0.0185185
36424,54,53,0.0185185
36426,54,53,0.0185185
36429,54,53,0.0185185
36431,54,53,0.0185185
36434,54,53,0.0185185
36436,54,53,0.0185185
36438,54,53,0.0185185
36442,54,53,0.0185185
36444,54,53,0.0185185
36446,54,53,0.0185185
36449,54,53,0.0185185
36451,54,53,0.0185185
36454,54,53,0.0185185
36456,54,53,0.0185185
36459,54,53,0.0185185
36461,54,53,0.0185185
36464,54,53,0.0185185
36466,54,53,0.0185185
36468,54,53,0.0185185
36471,54,53,0.0185185
36473,54,53,0.0185185
36477,54,53,0.0185185
36479,54,53,0.0185185
36482,54,53,0.0185185
36484,54,53,0.0185185
36487,54,53,0.0185185
36490,54,53,0.0185185
36492,54,53,0.0185185
36495,54,53,0.0185185
36500,54,53,0.0185185
36503,54,53,0.0185185
36506,54,53,0.0185185
36508,54,53,0.0185185
36511,54,53,0.0185185
36513,54,53,0.0185185
36515,54,53,0.0185185
36518,54,53,0.0185185
36520,54,53,0.0185185
36522,54,53,0.0185185
36525,54,53,0.0185185
36528,54,53,0.0185185
36530,54,53,0.0185185
36533,54,53,0.0185185
36536,54,53,0.0185185
36538,54,53,0.0185185
36541,54,53,0.0185185
36543,54,53,0.0185185
36545,54,53,0.0185185
36548,54,53,0.0185185
36551,54,53,0.0185185
36554,54,53,0.0185185
36557,54,53,0.0185185
36560,54,53,0.0185185
36563,54,53,0.0185185
36566,54,53,0.0185185
36569,54,53,0.0185185
36572,54,53,0.0185185
36574,54,53,0.0185185
36577,54,53,0.0185185
36580,54,53,0.0185185
36583,54,53,0.0185185
36587,54,53,0.0185185
36590,54,53,0.0185185
36594,54,53,0.0185185
36597,54,53,0.0185185
36600,54,53,0.0185185
36603,54,53,0.0185185
36605,54,53,0.0185185
36609,54,53,0.0185185
36612,54,53,0.0185185
36614,54,53,0.0185185
36618,54,53,0.0185185
36621,54,53,0.0185185
36624,54,53,0.0185185
36627,54,53,0.0185185
36630,54,53,0.0185185
36632,54,53,0.0185185
36635,54,53,0.0185185
36639,54,53,0.0185185
36642,54,53,0.0185185
36645,54,53,0.0185185
36647,54,53,0.0185185
36650,54,53,0.0185185
36653,54,53,0.0185185
36656,54,53,0.0185185
36660,54,53,0.0185185
36662,54,53,0.0185185
36665,54,53,0.0185185
36667,54,53,0.0185185
36670,54,53,0.0185185
36673,54,53,0.0185185
36677,54,53,0.0185185
36679,54,53,0.0185185
36682,54,53,0.0185185
36685,54,53,0.0185185
36688,54,53,0.0185185
36691,54,53,0.0185185
36694,54,53,0.0185185
36696,54,53,0.0185185
36699,54,53,0.0185185
36703,54,53,0.0185185
36705,54,53,0.0185185
36708,54,53,0.0185185
36711,54,53,0.0185185
36714,54,53,0.0185185
36719,54,53,0.0185185
36723,54,53,0.0185185
36726,54,53,0.0185185
36731,54,53,0.0185185
36735,54,53,0.0185185
36740,54,53,0.0185185
36742,54,53,0.0185185
36746,54,53,0.0185185
36749,54,53,0.0185185
36752,54,53,0.0185185
36755,54,53,0.0185185
36758,54,53,0.0185185
36761,54,53,0.0185185
36765,54,53,0.0185185
36768,54,53,0.0185185
36772,54,53,0.0185185
36774,54,53,0.0185185
36777,54,53,0.0185185
36779,54,53,0.0185185
36783,54,53,0.0185185
36791,54,53,0.0185185
36793,54,53,0.0185185
36796,54,53,0.0185185
36799,54,53,0.0185185
36802,54,53,0.0185185
36805,54,53,0.0185185
36809,54,53,0.0185185
36811,54,53,0.0185185
36815,54,53,0.0185185
36817,54,53,0.0185185
36820,54,53,0.0185185
36823,54,53,0.0185185
36825,54,53,0.0185185
36829,54,53,0.0185185
36831,54,53,0.0185185
36834,54,53,0.0185185
36836,54,53,0.0185185
36839,54,53,0.0185185
36841,54,53,0.0185185
36844,54,53,0.0185185
36847,54,53,0.0185185
36849,54,53,0.0185185
36852,54,53,0.0185185
36854,54,53,0.0185185
36857,54,53,0.0185185
36859,54,53,0.0185185
36864,54,53,0.0185185
36866,54,53,0.0185185
36869,54,53,0.0185185
36871,54,53,0.0185185
36875,54,53,0.0185185
36877,54,53,0.0185185
36880,54,53,0.0185185
36883,54,53,0.0185185
36885,54,53,0.0185185
36888,54,53,0.0185185
36890,54,53,0.0185185
36892,54,53,0.0185185
36895,54,53,0.0185185
36897,54,53,0.0185185
36900,54,53,0.0185185
36902,54,53,0.0185185
36905,54,53,0.0185185
36907,54,53,0.0185185
36910,54,53,0.0185185
36912,54,53,0.0185185
36915,54,53,0.0185185
36917,54,53,0.0185185
36920,54,53,0.0185185
36922,54,53,0.0185185
36925,54,53,0.0185185
36928,54,53,0.0185185
36930,54,53,0.0185185
36932,54,53,0.0185185
36936,54,53,0.0185185
36940,54,53,0.0185185
36942,54,53,0.0185185
36945,54,53,0.0185185
36948,54,53,0.0185185
36950,54,53,0.0185185
36953,54,53,0.0185185
36956,54,53,0.0185185
36959,54,53,0.0185185
36961,54,53,0.0185185
36963,54,53,0.0185185
36966,54,53,0.0185185
36970,54,53,0.0185185
36972,54,53,0.0185185
36975,54,53,0.0185185
36977,54,53,0.0185185
36980,54,53,0.0185185
36982,54,53,0.0185185
36985,54,53,0.0185185
36987,54,53,0.0185185
36989,54,53,0.0185185
36992,54,53,0.0185185
36994,54,53,0.0185185
36997,54,53,0.0185185
36999,54,53,0.0185185
37001,54,53,0.0185185
37006,54,53,0.0185185
37009,54,53,0.0185185
37011,54,53,0.0185185
37014,54,53,0.0185185
37016,54,53,0.0185185
37019,54,53,0.0185185
37022,54,53,0.0185185
37024,54,53,0.0185185
37027,54,53,0.0185185
37030,54,53,0.0185185
37032,54,53,0.0185185
37034,54,53,0.0185185
37037,54,53,0.0185185
37039,54,53,0.0185185
37041,54,53,0.0185185
37044,54,53,0.0185185
37046,54,53,0.0185185
37048,54,53,0.0185185
37052,54,53,0.0185185
37054,54,53,0.0185185
37057,54,53,0.0185185
37059,54,53,0.0185185
37061,54,53,0.0185185
37067,54,53,0.0185185
37070,54,53,0.0185185
37072,54,53,0.0185185
37074,54,53,0.0185185
37077,54,53,0.0185185
37080,54,53,0.0185185
37082,54,53,0.0185185
37084,54,53,0.0185185
37087,54,53,0.0185185
37089,54,53,0.0185185
37091,54,53,0.0185185
37093,54,53,0.0185185
37096,54,53,0.0185185
37098,54,53,0.0185185
37100,54,53,0.0185185
37103,54,53,0.0185185
37105,54,53,0.0185185
37107,54,53,0.0185185
37110,54,53,0.0185185
37112,54,53,0.0185185
37115,54,53,0.0185185
37119,54,53,0.0185185
37121,54,53,0.0185185
37124,54,53,0.0185185
37128,54,53,0.0185185
37130,54,53,0.0185185
37132,54,53,0.0185185
37135,54,53,0.0185185
37137,54,53,0.0185185
37140,54,53,0.0185185
37142,54,53,0.0185185
37146,54,53,0.0185185
37148,54,53,0.0185185
37151,54,53,0.0185185
37153,54,53,0.0185185
37155,54,53,0.0185185
37157,54,53,0.0185185
37160,54,53,0.0185185
37162,54,53,0.0185185
37166,54,53,0.0185185
37168,54,53,0.0185185
37172,54,53,0.0185185
37175,54,53,0.0185185
37178,54,53,0.0185185
37180,54,53,0.0185185
37183,54,53,0.0185185
37186,54,53,0.0185185
37189,54,53,0.0185185
37192,54,53,0.0185185
37195,54,53,0.0185185
37198,54,53,0.0185185
37200,54,53,0.0185185
37203,54,53,0.0185185
37205,54,53,0.0185185
37208,54,53,0.0185185
37210,54,53,0.0185185
37214,54,53,0.0185185
37216,54,53,0.0185185
37220,54,53,0.0185185
37223,54,53,0.0185185
37225,54,53,0.0185185
37227,54,53,0.0185185
37230,54,53,0.0185185
37232,54,53,0.0185185
37236,54,53,0.0185185
37238,54,53,0.0185185
37241,54,53,0.0185185
37244,54,53,0.0185185
37247,54,53,0.0185185
37249,54,53,0.0185185
37251,54,53,0.0185185
37254,54,53,0.0185185
37256,54,53,0.0185185
37258,54,53,0.0185185
37261,54,53,0.0185185
37263,54,53,0.0185185
37267,54,53,0.0185185
37271,54,53,0.0185185
37273,54,53,0.0185185
37275,54,53,0.0185185
37279,54,53,0.0185185
37282,54,53,0.0185185
37284,54,53,0.0185185
37286,54,53,0.0185185
37290,54,53,0.0185185
37294,54,53,0.0185185
37296,54,53,0.0185185
37299,54,53,0.0185185
37302,54,53,0.0185185
37304,54,53,0.0185185
37307,54,53,0.0185185
37309,54,53,0.0185185
37311,54,53,0.0185185
37314,54,53,0.0185185
37316,54,53,0.0185185
37318,54,53,0.0185185
37321,54,53,0.0185185
37324,54,53,0.0185185
37327,54,53,0.0185185
37329,54,53,0.0185185
37331,54,53,0.0185185
37334,54,53,0.0185185
37337,54,53,0.0185185
37340,54,53,0.0185185
37342,54,53,0.0185185
37345,54,53,0.0185185
37347,54,53,0.0185185
37350,54,53,0.0185185
37352,54,53,0.0185185
37355,54,53,0.0185185
37357,54,53,0.0185185
37359,54,53,0.0185185
37361,54,53,0.0185185
37364,54,53,0.0185185
37366,54,53,0.0185185
37369,54,53,0.0185185
37371,54,53,0.0185185
37373,54,53,0.0185185
37375,54,53,0.0185185
37378,54,53,0.0185185
37380,54,53,0.0185185
37383,54,53,0.0185185
37386,54,53,0.0185185
37388,54,53,0.0185185
37391,54,53,0.0185185
37393,54,53,0.0185185
37396,54,53,0.0185185
37398,54,53,0.0185185
37401,54,53,0.0185185
37404,54,53,0.0185185
37406,54,53,0.0185185
37409,54,53,0.0185185
37414,54,53,0.0185185
37416,54,53,0.0185185
37420,54,53,0.0185185
37423,54,53,0.0185185
37426,54,53,0.0185185
37429,54,53,0.0185185
37432,54,53,0.0185185
37435,54,53,0.0185185
37438,54,53,0.0185185
37441,54,53,0.0185185
37444,54,53,0.0185185
37447,54,53,0.0185185
37449,54,53,0.0185185
37452,54,53,0.0185185
37454,54,53,0.0185185
37457,54,53,0.0185185
37459,54,53,0.0185185
37463,54,53,0.0185185
37468,54,53,0.0185185
37470,54,53,0.0185185
37473,54,53,0.0185185
37475,54,53,0.0185185
37478,54,53,0.0185185
37480,54,53,0.0185185
37483,54,53,0.0185185
37486,54,53,0.0185185
37489,54,53,0.0185185
37491,54,53,0.0185185
37494,54,53,0.0185185
37496,54,53,0.0185185
37500,54,53,0.0185185
37503,54,53,0.0185185
37506,54,53,0.0185185
37509,54,53,0.0185185
37512,54,53,0.0185185
37514,54,53,0.0185185
37516,54,53,0.0185185
37519,54,53,0.0185185
37523,54,53,0.0185185
37525,54,53,0.0185185
37529,54,53,0.0185185
37534,54,53,0.0185185
37536,54,53,0.0185185
37539,54,53,0.0185185
37542,54,53,0.0185185
37545,54,53,0.0185185
37549,54,53,0.0185185
37552,54,53,0.0185185
37554,54,53,0.0185185
37557,54,53,0.0185185
37560,54,53,0.0185185
37562,54,53,0.0185185
37565,54,53,0.0185185
37567,54,53,0.0185185
37570,54,53,0.0185185
37572,54,53,0.0185185
37575,54,53,0.0185185
37577,54,53,0.0185185
37580,54,53,0.0185185
37582,54,53,0.0185185
37587,54,53,0.0185185
37590,54,53,0.0185185
37593,54,53,0.0185185
37596,54,53,0.0185185
37601,54,53,0.0185185
37603,54,53,0.0185185
37608,54,53,0.0185185
37610,54,53,0.0185185
37613,54,53,0.0185185
37615,54,53,0.0185185
37619,54,53,0.0185185
37621,54,53,0.0185185
37625,54,53,0.0185185
37627,54,53,0.0185185
37630,54,53,0.0185185
37632,54,53,0.0185185
37634,54,53,0.0185185
37637,54,53,0.0185185
37640,54,53,0.0185185
37642,54,53,0.0185185
37646,54,53,0.0185185
37649,54,53,0.0185185
37651,54,53,0.0185185
37653,54,53,0.0185185
37655,54,53,0.0185185
37658,54,53,0.0185185
37661,54,53,0.0185185
37663,54,53,0.0185185
37667,54,53,0.0185185
37669,54,53,0.0185185
37671,54,53,0.0185185
37674,54,53,0.0185185
37676,54,53,0.0185185
37678,54,53,0.0185185
37680,54,53,0.0185185
37683,54,53,0.0185185
37686,54,53,0.0185185
37688,54,53,0.0185185
37693,54,53,0.0185185
37696,54,53,0.0185185
37698,54,53,0.0185185
37700,54,53,0.0185185
37702,54,53,0.0185185
37705,54,53,0.0185185
37708,54,53,0.0185185
37710,54,53,0.0185185
37712,54,53,0.0185185
37714,54,53,0.0185185
37717,54,53,0.0185185
37720,54,53,0.0185185
37722,54,53,0.0185185
37725,54,53,0.0185185
37728,54,53,0.0185185
37731,54,53,0.0185185
37735,54,53,0.0185185
37738,54,53,0.0185185
37740,54,53,0.0185185
37743,54,53,0.0185185
37745,54,53,0.0185185
37747,54,53,0.0185185
37750,54,53,0.0185185
37752,54,53,0.0185185
37754,54,53,0.0185185
37757,54,53,0.0185185
37759,54,53,0.0185185
37761,54,53,0.0185185
37765,54,53,0.0185185
37769,54,53,0.0185185
37771,54,53,0.0185185
37773,54,53,0.0185185
37776,54,53,0.0185185
37778,54,53,0.0185185
37782,54,53,0.0185185
37784,54,53,0.0185185
37788,54,53,0.0185185
37790,54,53,0.0185185
37793,54,53,0.0185185
37795,54,53,0.0185185
37797,54,53,0.0185185
37800,54,53,0.0185185
37802,54,53,0.0185185
37805,54,53,0.0185185
37807,54,53,0.0185185
37810,54,53,0.0185185
37812,54,53,0.0185185
37816,54,53,0.0185185
37818,54,53,0.0185185
37820,54,53,0.0185185
37823,54,53,0.0185185
37827,54,53,0.0185185
37829,54,53,0.0185185
37832,54,53,0.0185185
37834,54,53,0.0185185
37837,54,53,0.0185185
37839,54,53,0.0185185
37842,54,53,0.0185185
37844,54,53,0.0185185
37846,54,53,0.0185185
37850,54,53,0.0185185
37853,54,53,0.0185185
37856,54,53,0.0185185
37858,54,53,0.0185185
37860,54,53,0.0185185
37863,54,53,0.0185185
37865,54,53,0.0185185
37868,54,53,0.0185185
37872,54,53,0.0185185
37875,54,53,0.0185185
37877,54,53,0.0185185
37879,54,53,0.0185185
37881,54,53,0.0185185
37885,54,53,0.0185185
37887,54,53,0.0185185
37889,54,53,0.0185185
37892,54,53,0.0185185
37896,54,53,0.0185185
37898,54,53,0.0185185
37901,54,53,0.0185185
37903,54,53,0.0185185
37906,54,53,0.0185185
37908,54,53,0.0185185
37910,54,53,0.0185185
37913,54,53,0.0185185
37916,54,53,0.0185185
37919,54,53,0.0185185
37922,54,53,0.0185185
37924,54,53,0.0185185
37931,54,53,0.0185185
37933,54,53,0.0185185
37936,54,53,0.0185185
37939,54,53,0.0185185
37942,54,53,0.0185185
37944,54,53,0.0185185
37947,54,53,0.0185185
37949,54,53,0.0185185
37952,54,53,0.0185185
37954,54,53,0.0185185
37956,54,53,0.0185185
37959,54,53,0.0185185
37961,54,53,0.0185185
37965,54,53,0.0185185
37967,54,53,0.0185185
37970,54,53,0.0185185
37973,54,53,0.0185185
37976,54,53,0.0185185
37978,54,53,0.0185185
37980,54,53,0.0185185
37983,54,53,0.0185185
37987,54,53,0.0185185
37989,54,53,0.0185185
37991,54,53,0.0185185
37993,54,53,0.0185185
37996,54,53,0.0185185
37999,54,53,0.0185185
38002,54,53,0.0185185
38004,54,53,0.0185185
38007,54,53,0.0185185
38009,54,53,0.0185185
38011,54,53,0.0185185
38014,54,53,0.0185185
38016,54,53,0.0185185
38018,54,53,0.0185185
38021,54,53,0.0185185
38024,54,53,0.0185185
38026,54,53,0.0185185
38029,54,53,0.0185185
38031,54,53,0.0185185
38033,54,53,0.0185185
38036,54,53,0.0185185
38038,54,53,0.0185185
38040,54,53,0.0185185
38042,54,53,0.0185185
38044,54,53,0.0185185
38046,54,53,0.0185185
38049,54,53,0.0185185
38051,54,53,0.0185185
38054,54,53,0.0185185
38057,54,53,0.0185185
38059,54,53,0.0185185
38062,54,53,0.0185185
38064,54,53,0.0185185
38066,54,53,0.0185185
38069,54,53,0.0185185
38071,54,53,0.0185185
38074,54,53,0.0185185
38077,54,53,0.0185185
38079,54,53,0.0185185
38082,54,53,0.0185185
38084,54,53,0.0185185
38086,54,53,0.0185185
38089,54,53,0.0185185
38094,54,53,0.0185185
38096,54,53,0.0185185
38099,54,53,0.0185185
38102,54,53,0.0185185
38104,54,53,0.0185185
38106,54,53,0.0185185
38110,54,53,0.0185185
38112,54,53,0.0185185
38114,54,53,0.0185185
38118,54,53,0.0185185
38120,54,53,0.0185185
38122,54,53,0.0185185
38124,54,53,0.0185185
38127,54,53,0.0185185
38129,54,53,0.0185185
38133,54,53,0.0185185
38135,54,53,0.0185185
38137,54,53,0.0185185
38140,54,53,0.0185185
38142,54,53,0.0185185
38144,54,53,0.0185185
38148,54,53,0.0185185
38150,54,53,0.0185185
38152,54,53,0.0185185
38155,54,53,0.0185185
38157,54,53,0.0185185
38159,54,53,0.0185185
38162,54,53,0.0185185
38164,54,53,0.0185185
38166,54,53,0.0185185
38168,54,53,0.0185185
38171,54,53,0.0185185
38173,54,53,0.0185185
38176,54,53,0.0185185
38178,54,53,0.0185185
38181,54,53,0.0185185
38184,54,53,0.0185185
38186,54,53,0.0185185
38190,54,53,0.0185185
38193,54,53,0.0185185
38195,54,53,0.0185185
38197,54,53,0.0185185
38201,54,53,0.0185185
38204,54,53,0.0185185
38206,54,53,0.0185185
38209,54,53,0.0185185
38212,54,53,0.0185185
38215,54,53,0.0185185
38217,54,53,0.0185185
38219,54,53,0.0185185
38222,54,53,0.0185185
38224,54,53,0.0185185
38226,54,53,0.0185185
38229,54,53,0.0185185
38232,54,53,0.0185185
38235,54,53,0.0185185
38238,54,53,0.0185185
38240,54,53,0.0185185
38242,54,53,0.0185185
38244,54,53,0.0185185
38246,54,53,0.0185185
38249,54,53,0.0185185
38251,54,53,0.0185185
38253,54,53,0.0185185
38257,54,53,0.0185185
38259,54,53,0.0185185
38261,54,53,0.0185185
38265,54,53,0.0185185
38268,54,53,0.0185185
38270,54,53,0.0185185
38273,54,53,0.0185185
38275,54,53,0.0185185
38278,54,53,0.0185185
38280,54,53,0.0185185
38282,54,53,0.0185185
38285,54,53,0.0185185
38287,54,53,0.0185185
38289,54,53,0.0185185
38292,54,53,0.0185185
38294,54,53,0.0185185
38296,54,53,0.0185185
38299,54,53,0.0185185
38301,54,53,0.0185185
38305,54,53,0.0185185
38307,54,53,0.0185185
38310,54,53,0.0185185
38312,54,53,0.0185185
38314,54,53,0.0185185
38317,54,53,0.0185185
38320,54,53,0.0185185
38322,54,53,0.0185185
38325,54,53,0.0185185
38327,54,53,0.0185185
38330,54,53,0.0185185
38332,54,53,0.0185185
38334,54,53,0.0185185
38338,54,53,0.0185185
38339,54,53,0.0185185
38343,54,53,0.0185185
38345,54,53,0.0185185
38348,54,53,0.0185185
38353,54,53,0.0185185
38355,54,53,0.0185185
38358,54,53,0.0185185
38363,54,53,0.0185185
38366,54,53,0.0185185
38368,54,53,0.0185185
38370,54,53,0.0185185
38373,54,53,0.0185185
38377,54,53,0.0185185
38380,54,53,0.0185185
38382,54,53,0.0185185
38385,54,53,0.0185185
38388,54,53,0.0185185
38392,54,53,0.0185185
38394,54,53,0.0185185
38397,54,53,0.0185185
38399,54,53,0.0185185
38402,54,53,0.0185185
38404,54,53,0.0185185
38406,54,53,0.0185185
38409,54,53,0.0185185
38411,54,53,0.0185185
38414,54,53,0.0185185
38416,54,53,0.0185185
38418,54,53,0.0185185
38420,54,53,0.0185185
38423,54,53,0.0185185
38425,54,53,0.0185185
38427,54,53,0.0185185
38431,54,53,0.0185185
38433,54,53,0.0185185
38436,54,53,0.0185185
38439,54,53,0.0185185
38442,54,53,0.0185185
38444,54,53,0.0185185
38447,54,53,0.0185185
38450,54,53,0.0185185
38452,54,53,0.0185185
38454,54,53,0.0185185
38457,54,53,0.0185185
38459,54,53,0.0185185
38461,54,53,0.0185185
38467,54,53,0.0185185
38469,54,53,0.0185185
38471,54,53,0.0185185
38474,54,53,0.0185185
38476,54,53,0.0185185
38480,54,53,0.0185185
38483,54,53,0.0185185
38485,54,53,0.0185185
38487,54,53,0.0185185
38491,54,53,0.0185185
38493,54,53,0.0185185
38495,54,53,0.0185185
38498,54,53,0.0185185
38500,54,53,0.0185185
38503,54,53,0.0185185
38505,54,53,0.0185185
38508,54,53,0.0185185
38510,54,53,0.0185185
38512,54,53,0.0185185
38515,54,53,0.0185185
38517,54,53,0.0185185
38521,54,53,0.0185185
38525,54,53,0.0185185
38528,54,53,0.0185185
38530,54,53,0.0185185
38534,54,53,0.0185185
38536,54,53,0.0185185
38538,54,53,0.0185185
38541,54,53,0.0185185
38543,54,53,0.0185185
38545,54,53,0.0185185
38547,54,53,0.0185185
38550,54,53,0.0185185
38553,54,53,0.0185185
38556,54,53,0.0185185
38558,54,53,0.0185185
38560,54,53,0.0185185
38563,54,53,0.0185185
38565,54,53,0.0185185
38568,54,53,0.0185185
38570,54,53,0.0185185
38575,54,53,0.0185185
38579,54,53,0.0185185
38582,54,53,0.0185185
38584,54,53,0.0185185
38588,54,53,0.0185185
38590,54,53,0.0185185
38592,54,53,0.0185185
38597,54,53,0.0185185
38599,54,53,0.0185185
38601,54,53,0.0185185
38604,54,53,0.0185185
38606,54,53,0.0185185
38608,54,53,0.0185185
38610,54,53,0.0185185
38613,54,53,0.0185185
38615,54,53,0.0185185
38617,54,53,0.0185185
38621,54,53,0.0185185
38623,54,53,0.0185185
38625,54,53,0.0185185
38629,54,53,0.0185185
38632,54,53,0.0185185
38634,54,53,0.0185185
38636,54,53,0.0185185
38638,54,53,0.0185185
38641,54,53,0.0185185
38644,54,53,0.0185185
38647,54,53,0.0185185
38650,54,53,0.0185185
38652,54,53,0.0185185
38655,54,53,0.0185185
38657,54,53,0.0185185
38660,54,53,0.0185185
38662,54,53,0.0185185
38666,54,53,0.0185185
38669,54,53,0.0185185
38671,54,53,0.0185185
38675,54,53,0.0185185
38677,54,53,0.0185185
38679,54,53,0.0185185
38681,54,53,0.0185185
38685,54,53,0.0185185
38688,54,53,0.0185185
38691,54,53,0.0185185
38694,54,53,0.0185185
38697,54,53,0.0185185
38699,54,53,0.0185185
38701,54,53,0.0185185
38705,54,53,0.0185185
38707,54,53,0.0185185
38710,54,53,0.0185185
38714,54,53,0.0185185
38717,54,53,0.0185185
38720,54,53,0.0185185
38723,54,53,0.0185185
38726,54,53,0.0185185
38728,54,53,0.0185185
38731,54,53,0.0185185
38733,54,53,0.0185185
38737,54,53,0.0185185
38740,54,53,0.0185185
38742,54,53,0.0185185
38745,54,53,0.0185185
38747,54,53,0.0185185
38749,54,53,0.0185185
38752,54,53,0.0185185
38754,54,53,0.0185185
38757,54,53,0.0185185
38759,54,53,0.0185185
38764,54,53,0.0185185
38766,54,53,0.0185185
38769,54,53,0.0185185
38771,54,53,0.0185185
38773,54,53,0.0185185
38775,54,53,0.0185185
38778,54,53,0.0185185
38780,54,53,0.0185185
38784,54,53,0.0185185
38787,54,53,0.0185185
38789,54,53,0.0185185
38791,54,53,0.0185185
38794,54,53,0.0185185
38796,54,53,0.0185185
38798,54,53,0.0185185
38801,54,53,0.0185185
38805,54,53,0.0185185
38807,54,53,0.0185185
38809,54,53,0.0185185
38812,54,53,0.0185185
38814,54,53,0.0185185
38816,54,53,0.0185185
38818,54,53,0.0185185
38820,54,53,0.0185185
38823,54,53,0.0185185
38825,54,53,0.0185185
38827,54,53,0.0185185
38830,54,53,0.0185185
38832,54,53,0.0185185
38835,54,53,0.0185185
38837,54,53,0.0185185
38839,54,53,0.0185185
38842,54,53,0.0185185
38844,54,53,0.0185185
38847,54,53,0.0185185
38850,54,53,0.0185185
38852,54,53,0.0185185
38855,54,53,0.0185185
38857,54,53,0.0185185
38859,54,53,0.0185185
38862,54,53,0.0185185
38865,54,53,0.0185185
38867,54,53,0.0185185
38869,54,53,0.0185185
38872,54,53,0.0185185
38874,54,53,0.0185185
38877,54,53,0.0185185
38879,54,53,0.0185185
38881,54,53,0.0185185
38884,54,53,0.0185185
38887,54,53,0.0185185
38890,54,53,0.0185185
38895,54,53,0.0185185
38898,54,53,0.0185185
38900,54,53,0.0185185
38903,54,53,0.0185185
38905,54,53,0.0185185
38907,54,53,0.0185185
38910,54,53,0.0185185
38912,54,53,0.0185185
38914,54,53,0.0185185
38918,54,53,0.0185185
38920,54,53,0.0185185
38924,54,53,0.0185185
38926,54,53,0.0185185
38929,54,53,0.0185185
38933,54,53,0.0185185
38935,54,53,0.0185185
38939,54,53,0.0185185
38941,54,53,0.0185185
38943,54,53,0.0185185
38946,54,53,0.0185185
38949,54,53,0.0185185
38952,54,53,0.0185185
38955,54,53,0.0185185
38958,54,53,0.0185185
38960,54,53,0.0185185
38962,54,53,0.0185185
38965,54,53,0.0185185
38967,54,53,0.0185185
38970,54,53,0.0185185
38974,54,53,0.0185185
38976,54,53,0.0185185
38978,54,53,0.0185185
38980,54,53,0.0185185
38983,54,53,0.0185185
38986,54,53,0.0185185
38989,54,53,0.0185185
38993,54,53,0.0185185
38996,54,53,0.0185185
38998,54,53,0.0185185
39000,54,53,0.0185185
39003,54,53,0.0185185
39005,54,53,0.0185185
39007,54,53,0.0185185
39010,54,53,0.0185185
39012,54,53,0.0185185
39014,54,53,0.0185185
39017,54,53,0.0185185
39019,54,53,0.0185185
39022,54,53,0.0185185
39024,54,53,0.0185185
39027,54,53,0.0185185
39030,54,53,0.0185185
39033,54,53,0.0185185
39035,54,53,0.0185185
39040,54,53,0.0185185
39042,54,53,0.0185185
39044,54,53,0.0185185
39047,54,53,0.0185185
39049,54,53,0.0185185
39051,54,53,0.0185185
39054,54,53,0.0185185
39059,54,53,0.0185185
39061,54,53,0.0185185
39064,54,53,0.0185185
39067,54,53,0.0185185
39071,54,53,0.0185185
39074,54,53,0.0185185
39076,54,53,0.0185185
39080,54,53,0.0185185
39083,54,53,0.0185185
39086,54,53,0.0185185
39089,54,53,0.0185185
39091,54,53,0.0185185
39094,54,53,0.0185185
39099,54,53,0.0185185
39103,54,53,0.0185185
39105,54,53,0.0185185
39108,54,53,0.0185185
39110,54,53,0.0185185
39113,54,53,0.0185185
39115,54,53,0.0185185
39117,54,53,0.0185185
39120,54,53,0.0185185
39123,54,53,0.0185185
39125,54,53,0.0185185
39127,54,53,0.0185185
39131,54,53,0.0185185
39133,54,53,0.0185185
39135,54,53,0.0185185
39138,54,53,0.0185185
39140,54,53,0.0185185
39143,54,53,0.0185185
39145,54,53,0.0185185
39149,54,53,0.0185185
39151,54,53,0.0185185
39154,54,53,0.0185185
39156,54,53,0.0185185
39159,54,53,0.0185185
39161,54,53,0.0185185
39163,54,53,0.0185185
39166,54,53,0.0185185
39168,54,53,0.0185185
39171,54,53,0.0185185
39173,54,53,0.0185185
39176,54,53,0.0185185
39179,54,53,0.0185185
39183,54,53,0.0185185
39185,54,53,0.0185185
39188,54,53,0.0185185
39192,54,53,0.0185185
39195,54,53,0.0185185
39197,54,53,0.0185185
39200,54,53,0.0185185
39204,54,53,0.0185185
39207,54,53,0.0185185
39210,54,53,0.0185185
39212,54,53,0.0185185
39214,54,53,0.0185185
39217,54,53,0.0185185
39220,54,53,0.0185185
39223,54,53,0.0185185
39227,54,53,0.0185185
39229,54,53,0.0185185
39232,54,53,0.0185185
39237,54,53,0.0185185
39239,54,53,0.0185185
39242,54,53,0.0185185
39245,54,53,0.0185185
39247,54,53,0.0185185
39250,54,53,0.0185185
39254,54,53,0.0185185
39257,54,53,0.0185185
39259,54,53,0.0185185
39262,54,53,0.0185185
39265,54,53,0.0185185
39267,54,53,0.0185185
39270,54,53,0.0185185
39273,54,53,0.0185185
39282,54,53,0.0185185
39285,54,53,0.0185185
39289,54,53,0.0185185
39292,54,53,0.0185185
39295,54,53,0.0185185
39297,54,53,0.0185185
39300,54,53,0.0185185
39303,54,53,0.0185185
39307,54,53,0.0185185
39310,54,53,0.0185185
39313,54,53,0.0185185
39315,54,53,0.0185185
39318,54,53,0.0185185
39321,54,53,0.0185185
39324,54,53,0.0185185
39326,54,53,0.0185185
39328,54,53,0.0185185
39333,54,53,0.0185185
39336,54,53,0.0185185
39338,54,53,0.0185185
39341,54,53,0.0185185
39344,54,53,0.0185185
39346,54,53,0.0185185
39348,54,53,0.0185185
39351,54,53,0.0185185
39354,54,53,0.0185185
39356,54,53,0.0185185
39359,54,53,0.0185185
39361,54,53,0.0185185
39366,54,53,0.0185185
39368,54,53,0.0185185
39371,54,53,0.0185185
39374,54,53,0.0185185
39377,54,53,0.0185185
39380,54,53,0.0185185
39382,54,53,0.0185185
39384,54,53,0.0185185
39386,54,53,0.0185185
39389,54,53,0.0185185
39392,54,53,0.0185185
39396,54,53,0.0185185
39398,54,53,0.0185185
39400,54,53,0.0185185
39404,54,53,0.0185185
39406,54,53,0.0185185
39408,54,53,0.0185185
39411,54,53,0.0185185
39413,54,53,0.0185185
39416,54,53,0.0185185
39419,54,53,0.0185185
39421,54,53,0.0185185
39426,54,53,0.0185185
39428,54,53,0.0185185
39431,54,53,0.0185185
39434,54,53,0.0185185
39437,54,53,0.0185185
39441,54,53,0.0185185
39444,54,53,0.0185185
39446,54,53,0.0185185
39450,54,53,0.0185185
39453,54,53,0.0185185
39456,54,53,0.0185185
39460,54,53,0.0185185
39463,54,53,0.0185185
39467,54,53,0.0185185
39470,54,53,0.0185185
39475,54,53,0.0185185
39477,54,53,0.0185185
39480,54,53,0.0185185
39485,54,53,0.0185185
39488,54,53,0.0185185
39492,54,53,0.0185185
39495,54,53,0.0185185
39499,54,53,0.0185185
39502,54,53,0.0185185
39507,54,53,0.0185185
39508,54,53,0.0185185
39512,54,53,0.0185185
39515,54,53,0.0185185
39517,54,53,0.0185185
39520,54,53,0.0185185
39525,54,53,0.0185185
39527,54,53,0.0185185
39530,54,53,0.0185185
39533,54,53,0.0185185
39536,54,53,0.0185185
39539,54,53,0.0185185
39542,54,53,0.0185185
39545,54,53,0.0185185
39548,54,53,0.0185185
39551,54,53,0.0185185
39553,54,53,0.0185185
39556,54,53,0.0185185
39559,54,53,0.0185185
39563,54,53,0.0185185
39566,54,53,0.0185185
39569,54,53,0.0185185
39571,54,53,0.0185185
39574,54,53,0.0185185
39577,54,53,0.0185185
39580,54,53,0.0185185
39582,54,53,0.0185185
39585,54,53,0.0185185
39587,54,53,0.0185185
39590,54,53,0.0185185
39592,54,53,0.0185185
39596,54,53,0.0185185
39598,54,53,0.0185185
39601,54,53,0.0185185
39604,54,53,0.0185185
39607,54,53,0.0185185
39610,54,53,0.0185185
39612,54,53,0.0185185
39615,54,53,0.0185185
39617,54,53,0.0185185
39620,54,53,0.0185185
39622,54,53,0.0185185
39625,54,53,0.0185185
39628,54,53,0.0185185
39630,54,53,0.0185185
39633,54,53,0.0185185
39636,54,53,0.0185185
39638,54,53,0.0185185
39640,54,53,0.0185185
39643,54,53,0.0185185
39645,54,53,0.0185185
39648,54,53,0.0185185
39651,54,53,0.0185185
39655,54,53,0.0185185
39662,54,53,0.0185185
39664,54,53,0.0185185
39667,54,53,0.0185185
39670,54,53,0.0185185
39672,54,53,0.0185185
39675,54,53,0.0185185
39677,54,53,0.0185185
39680,54,53,0.0185185
39683,54,53,0.0185185
39686,54,53,0.0185185
39688,54,53,0.0185185
39690,54,53,0.0185185
39694,54,53,0.0185185
39696,54,53,0.0185185
39699,54,53,0.0185185
39701,54,53,0.0185185
39704,54,53,0.0185185
39708,54,53,0.0185185
39712,54,53,0.0185185
39716,54,53,0.0185185
39723,54,53,0.0185185
39725,54,53,0.0185185
39727,54,53,0.0185185
39730,54,53,0.0185185
39732,54,53,0.0185185
39735,54,53,0.0185185
39737,54,53,0.0185185
39740,54,53,0.0185185
39742,54,53,0.0185185
39745,54,53,0.0185185
39747,54,53,0.0185185
39752,54,53,0.0185185
39756,54,53,0.0185185
39758,54,53,0.0185185
39762,54,53,0.0185185
39764,54,53,0.0185185
39772,54,53,0.0185185
39774,54,53,0.0185185
39777,54,53,0.0185185
39779,54,53,0.0185185
39782,54,53,0.0185185
39788,54,53,0.0185185
39792,54,53,0.0185185
39796,54,53,0.0185185
39799,54,53,0.0185185
39803,54,53,0.0185185
39807,54,53,0.0185185
39811,54,53,0.0185185
39813,54,53,0.0185185
39816,54,53,0.0185185
39819,54,53,0.0185185
39822,54,53,0.0185185
39824,54,53,0.0185185
39827,54,53,0.0185185
39830,54,53,0.0185185
39832,54,53,0.0185185
39835,54,53,0.0185185
39838,54,53,0.0185185
39844,54,53,0.0185185
39846,54,53,0.0185185
39849,54,53,0.0185185
39852,54,53,0.0185185
39855,54,53,0.0185185
39857,54,53,0.0185185
39860,54,53,0.0185185
39863,54,53,0.0185185
39866,54,53,0.0185185
39869,54,53,0.0185185
39871,54,53,0.0185185
39874,54,53,0.0185185
39877,54,53,0.0185185
39881,54,53,0.0185185
39889,54,53,0.0185185
39891,54,53,0.0185185
39894,54,53,0.0185185
39898,54,53,0.0185185
39902,54,53,0.0185185
39905,54,53,0.0185185
39907,54,53,0.0185185
39910,54,53,0.0185185
39914,54,53,0.0185185
39918,54,53,0.0185185
39920,54,53,0.0185185
39923,54,53,0.0185185
39925,54,53,0.0185185
39928,54,53,0.0185185
39931,54,53,0.0185185
39933,54,53,0.0185185
39936,54,53,0.0185185
39939,54,53,0.0185185
39942,54,53,0.0185185
39944,54,53,0.0185185
39947,54,53,0.0185185
39949,54,53,0.0185185
39952,54,53,0.0185185
39954,54,53,0.0185185
39958,54,53,0.0185185
39960,54,53,0.0185185
39962,54,53,0.0185185
39964,54,53,0.0185185
39967,54,53,0.0185185
39970,54,53,0.0185185
39973,54,53,0.0185185
39976,54,53,0.0185185
39978,54,53,0.0185185
39982,54,53,0.0185185
39985,54,53,0.0185185
39987,54,53,0.0185185
39990,54,53,0.0185185
39993,54,53,0.0185185
39996,54,53,0.0185185
39998,54,53,0.0185185
40004,54,53,0.0185185
40007,54,53,0.0185185
40010,54,53,0.0185185
40012,54,53,0.0185185
40015,54,53,0.0185185
40017,54,53,0.0185185
40020,54,53,0.0185185
40022,54,53,0.0185185
40025,54,53,0.0185185
40027,54,53,0.0185185
40030,54,53,0.0185185
40033,54,53,0.0185185
40036,54,53,0.0185185
40039,54,53,0.0185185
40043,54,53,0.0185185
40045,54,53,0.0185185
40051,54,53,0.0185185
40055,54,53,0.0185185
40061,54,53,0.0185185
40063,54,53,0.0185185
40066,54,53,0.0185185
40069,54,53,0.0185185
40071,54,53,0.0185185
40074,54,53,0.0185185
40077,54,53,0.0185185
40081,54,53,0.0185185
40083,54,53,0.0185185
40086,54,53,0.0185185
40089,54,53,0.0185185
40092,54,53,0.0185185
40094,54,53,0.0185185
40097,54,53,0.0185185
40100,54,53,0.0185185
40104,54,53,0.0185185
40107,54,53,0.0185185
40109,54,53,0.0185185
40112,54,53,0.0185185
40115,54,53,0.0185185
40118,54,53,0.0185185
40121,54,53,0.0185185
40123,54,53,0.0185185
40126,54,53,0.0185185
40129,54,53,0.0185185
40134,54,53,0.0185185
40137,54,53,0.0185185
40140,54,53,0.0185185
40143,54,53,0.0185185
40145,54,53,0.0185185
40148,54,53,0.0185185
40153,54,53,0.0185185
40156,54,53,0.0185185
40160,54,53,0.0185185
40163,54,53,0.0185185
40167,54,53,0.0185185
40170,54,53,0.0185185
40173,54,53,0.0185185
40176,54,53,0.0185185
40179,54,53,0.0185185
40181,54,53,0.0185185
40184,54,53,0.0185185
40187,54,53,0.0185185
40190,54,53,0.0185185
40194,54,53,0.0185185
40197,54,53,0.0185185
40200,54,53,0.0185185
40203,54,53,0.0185185
40206,54,53,0.0185185
40208,54,53,0.0185185
40213,54,53,0.0185185
40216,54,53,0.0185185
40224,54,53,0.0185185
40228,54,53,0.0185185
40232,54,53,0.0185185
40235,54,53,0.0185185
40238,54,53,0.0185185
40241,54,53,0.0185185
40244,54,53,0.0185185
40246,54,53,0.0185185
40249,54,53,0.0185185
40252,54,53,0.0185185
40256,54,53,0.0185185
40259,54,53,0.0185185
40262,54,53,0.0185185
40266,54,53,0.0185185
40269,54,53,0.0185185
40271,54,53,0.0185185
40274,54,53,0.0185185
40277,54,53,0.0185185
40280,54,53,0.0185185
40283,54,53,0.0185185
40286,54,53,0.0185185
40289,54,53,0.0185185
40292,54,53,0.0185185
40294,54,53,0.0185185
40297,54,53,0.0185185
40300,54,53,0.0185185
40303,54,53,0.0185185
40306,54,53,0.0185185
40309,54,53,0.0185185
40313,54,53,0.0185185
40319,54,53,0.0185185
40322,54,53,0.0185185
40325,54,53,0.0185185
40327,54,53,0.0185185
40330,54,53,0.0185185
40333,54,53,0.0185185
40336,54,53,0.0185185
40339,54,53,0.0185185
40341,54,53,0.0185185
40344,54,53,0.0185185
40347,54,53,0.0185185
40352,54,53,0.0185185
40354,54,53,0.0185185
40358,54,53,0.0185185
40361,54,53,0.0185185
40364,54,53,0.0185185
40369,54,53,0.0185185
40372,54,53,0.0185185
40374,54,53,0.0185185
40377,54,53,0.0185185
40380,54,53,0.0185185
40384,54,53,0.0185185
40387,54,53,0.0185185
40390,54,53,0.0185185
40393,54,53,0.0185185
40395,54,53,0.0185185
40399,54,53,0.0185185
40402,54,53,0.0185185
40406,54,53,0.0185185
40409,54,53,0.0185185
40412,54,53,0.0185185
40415,54,53,0.0185185
40418,54,53,0.0185185
40421,54,53,0.0185185
40423,54,53,0.0185185
40426,54,53,0.0185185
40429,54,53,0.0185185
40432,54,53,0.0185185
40435,54,53,0.0185185
40438,54,53,0.0185185
40441,54,53,0.0185185
40444,54,53,0.0185185
40447,54,53,0.0185185
40450,54,53,0.0185185
40455,54,53,0.0185185
40457,54,53,0.0185185
40460,54,53,0.0185185
40462,54,53,0.0185185
40466,54,53,0.0185185
40468,54,53,0.0185185
40471,54,53,0.0185185
40473,54,53,0.0185185
40476,54,53,0.0185185
40478,54,53,0.0185185
40481,54,53,0.0185185
40483,54,53,0.0185185
40487,54,53,0.0185185
40489,54,53,0.0185185
40495,54,53,0.0185185
40498,54,53,0.0185185
40502,54,53,0.0185185
40507,54,53,0.0185185
40510,54,53,0.0185185
40513,54,53,0.0185185
40515,54,53,0.0185185
40518,54,53,0.0185185
40520,54,53,0.0185185
40524,54,53,0.0185185
40528,54,53,0.0185185
40530,54,53,0.0185185
40532,54,53,0.0185185
40535,54,53,0.0185185
40537,54,53,0.0185185
40540,54,53,0.0185185
40543,54,53,0.0185185
40546,54,53,0.0185185
40548,54,53,0.0185185
40551,54,53,0.0185185
40554,54,53,0.0185185
40557,54,53,0.0185185
40561,54,53,0.0185185
40564,54,53,0.0185185
40568,54,53,0.0185185
40571,54,53,0.0185185
40574,54,53,0.0185185
40577,54,53,0.0185185
40579,54,53,0.0185185
40584,54,53,0.0185185
40587,54,53,0.0185185
40589,54,53,0.0185185
40592,54,53,0.0185185
40596,54,53,0.0185185
40599,54,53,0.0185185
40602,54,53,0.0185185
40605,54,53,0.0185185
40607,54,53,0.0185185
40610,54,53,0.0185185
40615,54,53,0.0185185
40620,54,53,0.0185185
40623,54,53,0.0185185
40625,54,53,0.0185185
40628,54,53,0.0185185
40631,54,53,0.0185185
40634,54,53,0.0185185
40638,54,53,0.0185185
40641,54,53,0.0185185
40644,54,53,0.0185185
40646,54,53,0.0185185
40649,54,53,0.0185185
40651,54,53,0.0185185
40655,54,53,0.0185185
40658,54,53,0.0185185
40661,54,53,0.0185185
40664,54,53,0.0185185
40666,54,53,0.0185185
40669,54,53,0.0185185
40674,54,53,0.0185185
40677,54,53,0.0185185
40679,54,53,0.0185185
40679,54,53,0.0185185
40682,54,53,0.0185185
40684,54,53,0.0185185
40687,54,53,0.0185185
40690,54,53,0.0185185
40692,54,53,0.0185185
40696,54,53,0.0185185
40699,54,53,0.0185185
40701,54,53,0.0185185
40704,54,53,0.0185185
40707,54,53,0.0185185
40709,54,53,0.0185185
40712,54,53,0.0185185
40714,54,53,0.0185185
40720,54,53,0.0185185
40723,54,53,0.0185185
40727,54,53,0.0185185
40730,54,53,0.0185185
40733,54,53,0.0185185
40738,54,53,0.0185185
40740,54,53,0.0185185
40743,54,53,0.0185185
40745,54,53,0.0185185
40748,54,53,0.0185185
40751,54,53,0.0185185
40754,54,53,0.0185185
40756,54,53,0.0185185
40759,54,53,0.0185185
40761,54,53,0.0185185
40764,54,53,0.0185185
40768,54,53,0.0185185
40771,54,53,0.0185185
40774,54,53,0.0185185
40776,54,53,0.0185185
40781,54,53,0.0185185
40784,54,53,0.0185185
40787,54,53,0.0185185
40789,54,53,0.0185185
40792,54,53,0.0185185
40794,54,53,0.0185185
40798,54,53,0.0185185
40800,54,53,0.0185185
40804,54,53,0.0185185
40807,54,53,0.0185185
40810,54,53,0.0185185
40812,54,53,0.0185185
40815,54,53,0.0185185
40817,54,53,0.0185185
40820,54,53,0.0185185
40824,54,53,0.0185185
40826,54,53,0.0185185
40831,54,53,0.0185185
40833,54,53,0.0185185
40836,54,53,0.0185185
40838,54,53,0.0185185
40842,54,53,0.0185185
40846,54,53,0.0185185
40848,54,53,0.0185185
40850,54,53,0.0185185
40856,54,53,0.0185185
40858,54,53,0.0185185
40861,54,53,0.0185185
40863,54,53,0.0185185
40866,54,53,0.0185185
40869,54,53,0.0185185
40871,54,53,0.0185185
40874,54,53,0.0185185
40876,54,53,0.0185185
40878,54,53,0.0185185
40883,54,53,0.0185185
40886,54,53,0.0185185
40889,54,53,0.0185185
40891,54,53,0.0185185
40893,54,53,0.0185185
40897,54,53,0.0185185
40899,54,53,0.0185185
40902,54,53,0.0185185
40904,54,53,0.0185185
40907,54,53,0.0185185
40909,54,53,0.0185185
40912,54,53,0.0185185
40914,54,53,0.0185185
40916,54,53,0.0185185
40919,54,53,0.0185185
40921,54,53,0.0185185
40924,54,53,0.0185185
40928,54,53,0.0185185
40930,54,53,0.0185185
40933,54,53,0.0185185
40935,54,53,0.0185185
40938,54,53,0.0185185
40941,54,53,0.0185185
40944,54,53,0.0185185
40946,54,53,0.0185185
40949,54,53,0.0185185
40951,54,53,0.0185185
40954,54,53,0.0185185
40956,54,53,0.0185185
40958,54,53,0.0185185
40961,54,53,0.0185185
40964,54,53,0.0185185
40968,54,53,0.0185185
40970,54,53,0.0185185
40972,54,53,0.0185185
40975,54,53,0.0185185
40977,54,53,0.0185185
40980,54,53,0.0185185
40986,54,53,0.0185185
40988,54,53,0.0185185
40991,54,53,0.0185185
40993,54,53,0.0185185
40995,54,53,0.0185185
40998,54,53,0.0185185
41001,54,53,0.0185185
41003,54,53,0.0185185
41007,54,53,0.0185185
41009,54,53,0.0185185
41013,54,53,0.0185185
41016,54,53,0.0185185
41018,54,53,0.0185185
41020,54,53,0.0185185
41023,54,53,0.0185185
41027,54,53,0.0185185
41030,54,53,0.0185185
41033,54,53,0.0185185
41036,54,53,0.0185185
41038,54,53,0.0185185
41043,54,53,0.0185185
41046,54,53,0.0185185
41048,54,53,0.0185185
41051,54,53,0.0185185
41053,54,53,0.0185185
41055,54,53,0.0185185
41058,54,53,0.0185185
41060,54,53,0.0185185
41063,54,53,0.0185185
41065,54,53,0.0185185
41068,54,53,0.0185185
41071,54,53,0.0185185
41074,54,53,0.0185185
41078,54,53,0.0185185
41081,54,53,0.0185185
41087,54,53,0.0185185
41091,54,53,0.0185185
41094,54,53,0.0185185
41096,54,53,0.0185185
41099,54,53,0.0185185
41104,54,53,0.0185185
41106,54,53,0.0185185
41110,54,53,0.0185185
41112,54,53,0.0185185
41116,54,53,0.0185185
41120,54,53,0.0185185
41123,54,53,0.0185185
41126,54,53,0.0185185
41131,54,53,0.0185185
41133,54,53,0.0185185
41136,54,53,0.0185185
41140,54,53,0.0185185
41142,54,53,0.0185185
41147,54,53,0.0185185
41149,54,53,0.0185185
41152,54,53,0.0185185
41155,54,53,0.0185185
41157,54,53,0.0185185
41160,54,53,0.0185185
41162,54,53,0.0185185
41165,54,53,0.0185185
41170,54,53,0.0185185
41172,54,53,0.0185185
41175,54,53,0.0185185
41177,54,53,0.0185185
41180,54,53,0.0185185
41182,54,53,0.0185185
41184,54,53,0.0185185
41186,54,53,0.0185185
41189,54,53,0.0185185
41191,54,53,0.0185185
41194,54,53,0.0185185
41197,54,53,0.0185185
41199,54,53,0.0185185
41202,54,53,0.0185185
41204,54,53,0.0185185
41208,54,53,0.0185185
41211,54,53,0.0185185
41213,54,53,0.0185185
41216,54,53,0.0185185
41219,54,53,0.0185185
41222,54,53,0.0185185
41225,54,53,0.0185185
41227,54,53,0.0185185
41230,54,53,0.0185185
41234,54,53,0.0185185
41237,54,53,0.0185185
41239,54,53,0.0185185
41241,54,53,0.0185185
41244,54,53,0.0185185
41246,54,53,0.0185185
41248,54,53,0.0185185
41251,54,53,0.0185185
41253,54,53,0.0185185
41255,54,53,0.0185185
41261,54,53,0.0185185
41263,54,53,0.0185185
41266,54,53,0.0185185
41269,54,53,0.0185185
41271,54,53,0.0185185
41274,54,53,0.0185185
41277,54,53,0.0185185
41280,54,53,0.0185185
41282,54,53,0.0185185
41285,54,53,0.0185185
41287,54,53,0.0185185
41289,54,53,0.0185185
41292,54,53,0.0185185
41295,54,53,0.0185185
41298,54,53,0.0185185
41299,54,53,0.0185185
41303,54,53,0.0185185
41305,54,53,0.0185185
41308,54,53,0.0185185
41310,54,53,0.0185185
41313,54,53,0.0185185
41315,54,53,0.0185185
41317,54,53,0.0185185
41322,54,53,0.0185185
41324,54,53,0.0185185
41329,54,53,0.0185185
41332,54,53,0.0185185
41335,54,53,0.0185185
41338,54,53,0.0185185
41340,54,53,0.0185185
41343,54,53,0.0185185
41348,54,53,0.0185185
41350,54,53,0.0185185
41353,54,53,0.0185185
41358,54,53,0.0185185
41360,54,53,0.0185185
41363,54,53,0.0185185
41366,54,53,0.0185185
41371,54,53,0.0185185
41374,54,53,0.0185185
41378,54,53,0.0185185
41381,54,53,0.0185185
41383,54,53,0.0185185
41387,54,53,0.0185185
41389,54,53,0.0185185
41394,54,53,0.0185185
41398,54,53,0.0185185
41401,54,53,0.0185185
41405,54,53,0.0185185
41407,54,53,0.0185185
41410,54,53,0.0185185
41413,54,53,0.0185185
41416,54,53,0.0185185
41419,54,53,0.0185185
41423,54,53,0.0185185
41426,54,53,0.0185185
41429,54,53,0.0185185
41431,54,53,0.0185185
41441,54,53,0.0185185
41443,54,53,0.0185185
41446,54,53,0.0185185
41448,54,53,0.0185185
41451,54,53,0.0185185
41454,54,53,0.0185185
41456,54,53,0.0185185
41458,54,53,0.0185185
41461,54,53,0.0185185
41463,54,53,0.0185185
41467,54,53,0.0185185
41470,54,53,0.0185185
41473,54,53,0.0185185
41476,54,53,0.0185185
41479,54,53,0.0185185
41481,54,53,0.0185185
41483,54,53,0.0185185
41486,54,53,0.0185185
41490,54,53,0.0185185
41494,54,53,0.0185185
41496,54,53,0.0185185
41500,54,53,0.0185185
41503,54,53,0.0185185
41506,54,53,0.0185185
41509,54,53,0.0185185
41511,54,53,0.0185185
41515,54,53,0.0185185
41517,54,53,0.0185185
41520,54,53,0.0185185
41522,54,53,0.0185185
41525,54,53,0.0185185
41527,54,53,0.0185185
41529,54,53,0.0185185
41532,54,53,0.0185185
41534,54,53,0.0185185
41537,54,53,0.0185185
41539,54,53,0.0185185
41542,54,53,0.0185185
41544,54,53,0.0185185
41546,54,53,0.0185185
41549,54,53,0.0185185
41551,54,53,0.0185185
41554,54,53,0.0185185
41556,54,53,0.0185185
41560,54,53,0.0185185
41562,54,53,0.0185185
41566,54,53,0.0185185
41569,54,53,0.0185185
41571,54,53,0.0185185
41575,54,53,0.0185185
41578,54,53,0.0185185
41580,54,53,0.0185185
41583,54,53,0.0185185
41586,54,53,0.0185185
41593,54,53,0.0185185
41595,54,53,0.0185185
41598,54,53,0.0185185
41600,54,53,0.0185185
41604,54,53,0.0185185
41606,54,53,0.0185185
41615,54,53,0.0185185
41617,54,53,0.0185185
41620,54,53,0.0185185
41623,54,53,0.0185185
41625,54,53,0.0185185
41628,54,53,0.0185185
41632,54,53,0.0185185
41636,54,53,0.0185185
41639,54,53,0.0185185
41643,54,53,0.0185185
41646,54,53,0.0185185
41648,54,53,0.0185185
41651,54,53,0.0185185
41653,54,53,0.0185185
41656,54,53,0.0185185
41657,54,53,0.0185185
41660,54,53,0.0185185
41663,54,53,0.0185185
41667,54,53,0.0185185
41670,54,53,0.0185185
41672,54,53,0.0185185
41676,54,53,0.0185185
41678,54,53,0.0185185
41681,54,53,0.0185185
41683,54,53,0.0185185
41686,54,53,0.0185185
41689,54,53,0.0185185
41691,54,53,0.0185185
41694,54,53,0.0185185
41697,54,53,0.0185185
41700,54,53,0.0185185
41703,54,53,0.0185185
41708,54,53,0.0185185
41710,54,53,0.0185185
41713,54,53,0.0185185
41715,54,53,0.0185185
41719,54,53,0.0185185
41722,54,53,0.0185185
41725,54,53,0.0185185
41727,54,53,0.0185185
41730,54,53,0.0185185
41732,54,53,0.0185185
41735,54,53,0.0185185
41738,54,53,0.0185185
41742,54,53,0.0185185
41745,54,53,0.0185185
41747,54,53,0.0185185
41750,54,53,0.0185185
41753,54,53,0.0185185
41755,54,53,0.0185185
41758,54,53,0.0185185
41760,54,53,0.0185185
41763,54,53,0.0185185
41765,54,53,0.0185185
41768,54,53,0.0185185
41771,54,53,0.0185185
41773,54,53,0.0185185
41776,54,53,0.0185185
41778,54,53,0.0185185
41781,54,53,0.0185185
41783,54,53,0.0185185
41786,54,53,0.0185185
41788,54,53,0.0185185
41790,54,53,0.0185185
41793,54,53,0.0185185
41795,54,53,0.0185185
41798,54,53,0.0185185
41800,54,53,0.0185185
41802,54,53,0.0185185
41806,54,53,0.0185185
41808,54,53,0.0185185
41810,54,53,0.0185185
41813,54,53,0.0185185
41815,54,53,0.0185185
41818,54,53,0.0185185
41821,54,53,0.0185185
41823,54,53,0.0185185
41826,54,53,0.0185185
41828,54,53,0.0185185
41831,54,53,0.0185185
41833,54,53,0.0185185
41838,54,53,0.0185185
41841,54,53,0.0185185
41843,54,53,0.0185185
41846,54,53,0.0185185
41849,54,53,0.0185185
41851,54,53,0.0185185
41855,54,53,0.0185185
41857,54,53,0.0185185
41860,54,53,0.0185185
41864,54,53,0.0185185
41867,54,53,0.0185185
41869,54,53,0.0185185
41871,54,53,0.0185185
41873,54,53,0.0185185
41877,54,53,0.0185185
41879,54,53,0.0185185
41882,54,53,0.0185185
41884,54,53,0.0185185
41886,54,53,0.0185185
41889,54,53,0.0185185
41892,54,53,0.0185185
41895,54,53,0.0185185
41898,54,53,0.0185185
41901,54,53,0.0185185
41903,54,53,0.0185185
41905,54,53,0.0185185
41908,54,53,0.0185185
41914,54,53,0.0185185
41917,54,53,0.0185185
41919,54,53,0.0185185
41922,54,53,0.0185185
41925,54,53,0.0185185
41929,54,53,0.0185185
41931,54,53,0.0185185
41934,54,53,0.0185185
41943,54,53,0.0185185
41945,54,53,0.0185185
41948,54,53,0.0185185
41950,54,53,0.0185185
41952,54,53,0.0185185
41955,54,53,0.0185185
41959,54,53,0.0185185
41962,54,53,0.0185185
41964,54,53,0.0185185
41966,54,53,0.0185185
41968,54,53,0.0185185
41971,54,53,0.0185185
41973,54,53,0.0185185
41975,54,53,0.0185185
41978,54,53,0.0185185
41980,54,53,0.0185185
41982,54,53,0.0185185
41984,54,53,0.0185185
41986,54,53,0.0185185
41989,54,53,0.0185185
41993,54,53,0.0185185
41995,54,53,0.0185185
41997,54,53,0.0185185
41999,54,53,0.0185185
42005,54,53,0.0185185
42008,54,53,0.0185185
42010,54,53,0.0185185
42013,54,53,0.0185185
42018,54,53,0.0185185
42021,54,53,0.0185185
42023,54,53,0.0185185
42026,54,53,0.0185185
42028,54,53,0.0185185
42034,54,53,0.0185185
42036,54,53,0.0185185
42038,54,53,0.0185185
42041,54,53,0.0185185
42043,54,53,0.0185185
42046,54,53,0.0185185
42049,54,53,0.0185185
42052,54,53,0.0185185
42055,54,53,0.0185185
42057,54,53,0.0185185
42060,54,53,0.0185185
42062,54,53,0.0185185
42064,54,53,0.0185185
42067,54,53,0.0185185
42070,54,53,0.0185185
42074,54,53,0.0185185
42076,54,53,0.0185185
42079,54,53,0.0185185
42082,54,53,0.0185185
42084,54,53,0.0185185
42087,54,53,0.0185185
42089,54,53,0.0185185
42092,54,53,0.0185185
42094,54,53,0.0185185
42097,54,53,0.0185185
42099,54,53,0.0185185
42101,54,53,0.0185185
42103,54,53,0.0185185
42106,54,53,0.0185185
42109,54,53,0.0185185
42112,54,53,0.0185185
42115,54,53,0.0185185
42117,54,53,0.0185185
42120,54,53,0.0185185
42123,54,53,0.0185185
42125,54,53,0.0185185
42128,54,53,0.0185185
42130,54,53,0.0185185
42133,54,53,0.0185185
42135,54,53,0.0185185
42137,54,53,0.0185185
42140,54,53,0.0185185
42142,54,53,0.0185185
42144,54,53,0.0185185
42147,54,53,0.0185185
42153,54,53,0.0185185
42155,54,53,0.0185185
42158,54,53,0.0185185
42160,54,53,0.0185185
42166,54,53,0.0185185
42169,54,53,0.0185185
42172,54,53,0.0185185
42175,54,53,0.0185185
42178,54,53,0.0185185
42181,54,53,0.0185185
42184,54,53,0.0185185
42187,54,53,0.0185185
42189,54,53,0.0185185
42193,54,53,0.0185185
42200,54,53,0.0185185
42205,54,53,0.0185185
42208,54,53,0.0185185
42212,54,53,0.0185185
42215,54,53,0.0185185
42219,54,53,0.0185185
42222,54,53,0.0185185
42225,54,53,0.0185185
42229,54,53,0.0185185
42231,54,53,0.0185185
42234,54,53,0.0185185
42236,54,53,0.0185185
42239,54,53,0.0185185
42241,54,53,0.0185185
42244,54,53,0.0185185
42246,54,53,0.0185185
42249,54,53,0.0185185
42252,54,53,0.0185185
42254,54,53,0.0185185
42256,54,53,0.0185185
42259,54,53,0.0185185
42261,54,53,0.0185185
42264,54,53,0.0185185
42266,54,53,0.0185185
42271,54,53,0.0185185
42273,54,53,0.0185185
42274,54,53,0.0185185
42277,54,53,0.0185185
42279,54,53,0.0185185
42282,54,53,0.0185185
42285,54,53,0.0185185
42288,54,53,0.0185185
42291,54,53,0.0185185
42293,54,53,0.0185185
42295,54,53,0.0185185
42299,54,53,0.0185185
42303,54,53,0.0185185
42307,54,53,0.0185185
42309,54,53,0.0185185
42312,54,53,0.0185185
42315,54,53,0.0185185
42317,54,53,0.0185185
42319,54,53,0.0185185
42321,54,53,0.0185185
42325,54,53,0.0185185
42329,54,53,0.0185185
42332,54,53,0.0185185
42334,54,53,0.0185185
42337,54,53,0.0185185
42340,54,53,0.0185185
42342,54,53,0.0185185
42345,54,53,0.0185185
42348,54,53,0.0185185
42350,54,53,0.0185185
42353,54,53,0.0185185
42356,54,53,0.0185185
42359,54,53,0.0185185
42362,54,53,0.0185185
42364,54,53,0.0185185
42368,54,53,0.0185185
42371,54,53,0.0185185
42374,54,53,0.0185185
42377,54,53,0.0185185
42379,54,53,0.0185185
42382,54,53,0.0185185
42384,54,53,0.0185185
42388,54,53,0.0185185
42391,54,53,0.0185185
42395,54,53,0.0185185
42397,54,53,0.0185185
42401,54,53,0.0185185
42405,54,53,0.0185185
42407,54,53,0.0185185
42410,54,53,0.0185185
42416,54,53,0.0185185
42421,54,53,0.0185185
42424,54,53,0.0185185
42426,54,53,0.0185185
42429,54,53,0.0185185
42432,54,53,0.0185185
42437,54,53,0.0185185
42439,54,53,0.0185185
42442,54,53,0.0185185
42445,54,53,0.0185185
42456,54,53,0.0185185
42459,54,53,0.0185185
42461,54,53,0.0185185
42464,54,53,0.0185185
42469,54,53,0.0185185
42472,54,53,0.0185185
42474,54,53,0.0185185
42477,54,53,0.0185185
42480,54,53,0.0185185
42482,54,53,0.0185185
42486,54,53,0.0185185
42488,54,53,0.0185185
42491,54,53,0.0185185
42494,54,53,0.0185185
42497,54,53,0.0185185
42501,54,53,0.0185185
42504,54,53,0.0185185
42509,54,53,0.0185185
42513,54,53,0.0185185
42515,54,53,0.0185185
42517,54,53,0.0185185
42520,54,53,0.0185185
42523,54,53,0.0185185
42526,54,53,0.0185185
42529,54,53,0.0185185
42533,54,53,0.0185185
42535,54,53,0.0185185
42538,54,53,0.0185185
42540,54,53,0.0185185
42544,54,53,0.0185185
42546,54,53,0.0185185
42549,54,53,0.0185185
42551,54,53,0.0185185
42554,54,53,0.0185185
42556,54,53,0.0185185
42558,54,53,0.0185185
42562,54,53,0.0185185
42564,54,53,0.0185185
42566,54,53,0.0185185
42569,54,53,0.0185185
42571,54,53,0.0185185
42573,54,53,0.0185185
42575,54,53,0.0185185
42577,54,53,0.0185185
42579,54,53,0.0185185
42582,54,53,0.0185185
42584,54,53,0.0185185
42588,54,53,0.0185185
42590,54,53,0.0185185
42593,54,53,0.0185185
42595,54,53,0.0185185
42598,54,53,0.0185185
42601,54,53,0.0185185
42604,54,53,0.0185185
42606,54,53,0.0185185
42609,54,53,0.0185185
42613,54,53,0.0185185
42615,54,53,0.0185185
42618,54,53,0.0185185
42622,54,53,0.0185185
42624,54,53,0.0185185
42626,54,53,0.0185185
42628,54,53,0.0185185
42630,54,53,0.0185185
42632,54,53,0.0185185
42635,54,53,0.0185185
42638,54,53,0.0185185
42640,54,53,0.0185185
42643,54,53,0.0185185
42645,54,53,0.0185185
42648,54,53,0.0185185
42651,54,53,0.0185185
42653,54,53,0.0185185
42656,54,53,0.0185185
42658,54,53,0.0185185
42664,54,53,0.0185185
42668,54,53,0.0185185
42672,54,53,0.0185185
42674,54,53,0.0185185
42678,54,53,0.0185185
42683,54,53,0.0185185
42685,54,53,0.0185185
42687,54,53,0.0185185
42690,54,53,0.0185185
42692,54,53,0.0185185
42695,54,53,0.0185185
42697,54,53,0.0185185
42699,54,53,0.0185185
42702,54,53,0.0185185
42706,54,53,0.0185185
42708,54,53,0.0185185
42711,54,53,0.0185185
42713,54,53,0.0185185
42715,54,53,0.0185185
42718,54,53,0.0185185
42721,54,53,0.0185185
42723,54,53,0.0185185
42727,54,53,0.0185185
42730,54,53,0.0185185
42734,54,53,0.0185185
42737,54,53,0.0185185
42740,54,53,0.0185185
42742,54,53,0.0185185
42744,54,53,0.0185185
42747,54,53,0.0185185
42749,54,53,0.0185185
42752,54,53,0.0185185
42754,54,53,0.0185185
42756,54,53,0.0185185
42759,54,53,0.0185185
42763,54,53,0.0185185
42765,54,53,0.0185185
42771,54,53,0.0185185
42773,54,53,0.0185185
42776,54,53,0.0185185
42778,54,53,0.0185185
42781,54,53,0.0185185
42783,54,53,0.0185185
42786,54,53,0.0185185
42788,54,53,0.0185185
42791,54,53,0.0185185
42793,54,53,0.0185185
42795,54,53,0.0185185
42798,54,53,0.0185185
42801,54,53,0.0185185
42804,54,53,0.0185185
42806,54,53,0.0185185
42810,54,53,0.0185185
42813,54,53,0.0185185
42816,54,53,0.0185185
42818,54,53,0.0185185
42821,54,53,0.0185185
42825,54,53,0.0185185
42827,54,53,0.0185185
42830,54,53,0.0185185
42832,54,53,0.0185185
42834,54,53,0.0185185
42836,54,53,0.0185185
42839,54,53,0.0185185
42844,54,53,0.0185185
42846,54,53,0.0185185
42848,54,53,0.0185185
42850,54,53,0.0185185
42853,54,53,0.0185185
42855,54,53,0.0185185
42858,54,53,0.0185185
42860,54,53,0.0185185
42863,54,53,0.0185185
42865,54,53,0.0185185
42868,54,53,0.0185185
42871,54,53,0.0185185
42874,54,53,0.0185185
42877,54,53,0.0185185
42879,54,53,0.0185185
42881,54,53,0.0185185
42882,54,53,0.0185185
42884,54,53,0.0185185
42887,54,53,0.0185185
42889,54,53,0.0185185
42891,54,53,0.0185185
42894,54,53,0.0185185
42896,54,53,0.0185185
42899,54,53,0.0185185
42901,54,53,0.0185185
42903,54,53,0.0185185
42906,54,53,0.0185185
42912,54,53,0.0185185
42915,54,53,0.0185185
42917,54,53,0.0185185
42919,54,53,0.0185185
42921,54,53,0.0185185
42926,54,53,0.0185185
42928,54,53,0.0185185
42934,54,53,0.0185185
42936,54,53,0.0185185
42939,54,53,0.0185185
42942,54,53,0.0185185
42944,54,53,0.0185185
42947,54,53,0.0185185
42949,54,53,0.0185185
42953,54,53,0.0185185
42955,54,53,0.0185185
42958,54,53,0.0185185
42960,54,53,0.0185185
42962,54,53,0.0185185
42966,54,53,0.0185185
42968,54,53,0.0185185
42970,54,53,0.0185185
42971,54,53,0.0185185
42974,54,53,0.0185185
42978,54,53,0.0185185
42981,54,53,0.0185185
42983,54,53,0.0185185
42986,54,53,0.0185185
42988,54,53,0.0185185
42990,54,53,0.0185185
42993,54,53,0.0185185
42997,54,53,0.0185185
42999,54,53,0.0185185
43004,54,53,0.0185185
43006,54,53,0.0185185
43010,54,53,0.0185185
43012,54,53,0.0185185
43015,54,53,0.0185185
43017,54,53,0.0185185
43022,54,53,0.0185185
43024,54,53,0.0185185
43026,54,53,0.0185185
43030,54,53,0.0185185
43032,54,53,0.0185185
43035,54,53,0.0185185
43037,54,53,0.0185185
43040,54,53,0.0185185
43042,54,53,0.0185185
43045,54,53,0.0185185
43047,54,53,0.0185185
43050,54,53,0.0185185
43053,54,53,0.0185185
43055,54,53,0.0185185
43057,54,53,0.0185185
43060,54,53,0.0185185
43062,54,53,0.0185185
43066,54,53,0.0185185
43068,54,53,0.0185185
43071,54,53,0.0185185
43073,54,53,0.0185185
43076,54,53,0.0185185
43078,54,53,0.0185185
43080,54,53,0.0185185
43082,54,53,0.0185185
43086,54,53,0.0185185
43088,54,53,0.0185185
43091,54,53,0.0185185
43093,54,53,0.0185185
43097,54,53,0.0185185
43099,54,53,0.0185185
43101,54,53,0.0185185
43103,54,53,0.0185185
43105,54,53,0.0185185
43107,54,53,0.0185185
43109,54,53,0.0185185
43113,54,53,0.0185185
43116,54,53,0.0185185
43118,54,53,0.0185185
43124,54,53,0.0185185
43127,54,53,0.0185185
43129,54,53,0.0185185
43131,54,53,0.0185185
43135,54,53,0.0185185
43138,54,53,0.0185185
43142,54,53,0.0185185
43144,54,53,0.0185185
43146,54,53,0.0185185
43149,54,53,0.0185185
43154,54,53,0.0185185
43157,54,53,0.0185185
43160,54,53,0.0185185
43163,54,53,0.0185185
43165,54,53,0.0185185
43167,54,53,0.0185185
43169,54,53,0.0185185
43172,54,53,0.0185185
43176,54,53,0.0185185
43178,54,53,0.0185185
43181,54,53,0.0185185
43183,54,53,0.0185185
43185,54,53,0.0185185
43188,54,53,0.0185185
43197,54,53,0.0185185
43199,54,53,0.0185185
43200,54,53,0.0185185
43202,54,53,0.0185185
43205,54,53,0.0185185
43207,54,53,0.0185185
43209,54,53,0.0185185
43212,54,53,0.0185185
43214,54,53,0.0185185
43217,54,53,0.0185185
43220,54,53,0.0185185
43222,54,53,0.0185185
43225,54,53,0.0185185
43228,54,53,0.0185185
43230,54,53,0.0185185
43233,54,53,0.0185185
43236,54,53,0.0185185
43241,54,53,0.0185185
43244,54,53,0.0185185
43246,54,53,0.0185185
43249,54,53,0.0185185
43254,54,53,0.0185185
43257,54,53,0.0185185
43259,54,53,0.0185185
43262,54,53,0.0185185
43266,54,53,0.0185185
43268,54,53,0.0185185
43271,54,53,0.0185185
43273,54,53,0.0185185
43276,54,53,0.0185185
43278,54,53,0.0185185
43281,54,53,0.0185185
43284,54,53,0.0185185
43288,54,53,0.0185185
43290,54,53,0.0185185
43294,54,53,0.0185185
43296,54,53,0.0185185
43298,54,53,0.0185185
43301,54,53,0.0185185
43304,54,53,0.0185185
43308,54,53,0.0185185
43316,54,53,0.0185185
43318,54,53,0.0185185
43320,54,53,0.0185185
43322,54,53,0.0185185
43325,54,53,0.0185185
43328,54,53,0.0185185
43330,54,53,0.0185185
43332,54,53,0.0185185
43334,54,53,0.0185185
43337,54,53,0.0185185
43339,54,53,0.0185185
43343,54,53,0.0185185
43347,54,53,0.0185185
43349,54,53,0.0185185
43352,54,53,0.0185185
43354,54,53,0.0185185
43357,54,53,0.0185185
43360,54,53,0.0185185
43363,54,53,0.0185185
43366,54,53,0.0185185
43369,54,53,0.0185185
43374,54,53,0.0185185
43377,54,53,0.0185185
43379,54,53,0.0185185
43387,54,53,0.0185185
43390,54,53,0.0185185
43392,54,53,0.0185185
43395,54,53,0.0185185
43401,54,53,0.0185185
43404,54,53,0.0185185
43410,54,53,0.0185185
43414,54,53,0.0185185
43417,54,53,0.0185185
43420,54,53,0.0185185
43424,54,53,0.0185185
43427,54,53,0.0185185
43431,54,53,0.0185185
43434,54,53,0.0185185
43437,54,53,0.0185185
43440,54,53,0.0185185
43443,54,53,0.0185185
43445,54,53,0.0185185
43448,54,53,0.0185185
43452,54,53,0.0185185
43454,54,53,0.0185185
43457,54,53,0.0185185
43459,54,53,0.0185185
43462,54,53,0.0185185
43466,54,53,0.0185185
43471,54,53,0.0185185
43474,54,53,0.0185185
43476,54,53,0.0185185
43479,54,53,0.0185185
43482,54,53,0.0185185
43485,54,53,0.0185185
43488,54,53,0.0185185
43490,54,53,0.0185185
43494,54,53,0.0185185
43498,54,53,0.0185185
43501,54,53,0.0185185
43504,54,53,0.0185185
43507,54,53,0.0185185
43509,54,53,0.0185185
43514,54,53,0.0185185
43516,54,53,0.0185185
43519,54,53,0.0185185
43522,54,53,0.0185185
43524,54,53,0.0185185
43526,54,53,0.0185185
43529,54,53,0.0185185
43532,54,53,0.0185185
43535,54,53,0.0185185
43538,54,53,0.0185185
43542,54,53,0.0185185
43544,54,53,0.0185185
43547,54,53,0.0185185
43551,54,53,0.0185185
43554,54,53,0.0185185
43557,54,53,0.0185185
43559,54,53,0.0185185
43562,54,53,0.0185185
43564,54,53,0.0185185
43570,54,53,0.0185185
43572,54,53,0.0185185
43574,54,53,0.0185185
43576,54,53,0.0185185
43579,54,53,0.0185185
43582,54,53,0.0185185
43585,54,53,0.0185185
43587,54,53,0.0185185
43590,54,53,0.0185185
43594,54,53,0.0185185
43596,54,53,0.0185185
43598,54,53,0.0185185
43601,54,53,0.0185185
43605,54,53,0.0185185
43607,54,53,0.0185185
43609,54,53,0.0185185
43612,54,53,0.0185185
43614,54,53,0.0185185
43617,54,53,0.0185185
43619,54,53,0.0185185
43622,54,53,0.0185185
43625,54,53,0.0185185
43629,54,53,0.0185185
43632,54,53,0.0185185
43634,54,53,0.0185185
43637,54,53,0.0185185
43641,54,53,0.0185185
43643,54,53,0.0185185
43645,54,53,0.0185185
43648,54,53,0.0185185
43651,54,53,0.0185185
43654,54,53,0.0185185
43656,54,53,0.0185185
43661,54,53,0.0185185
43663,54,53,0.0185185
43666,54,53,0.0185185
43668,54,53,0.0185185
43671,54,53,0.0185185
43674,54,53,0.0185185
43677,54,53,0.0185185
43679,54,53,0.0185185
43682,54,53,0.0185185
43685,54,53,0.0185185
43688,54,53,0.0185185
43690,54,53,0.0185185
43693,54,53,0.0185185
43696,54,53,0.0185185
43698,54,53,0.0185185
43701,54,53,0.0185185
43704,54,53,0.0185185
43707,54,53,0.0185185
43709,54,53,0.0185185
43713,54,53,0.0185185
43716,54,53,0.0185185
43719,54,53,0.0185185
43722,54,53,0.0185185
43725,54,53,0.0185185
43728,54,53,0.0185185
43730,54,53,0.0185185
43733,54,53,0.0185185
43738,54,53,0.0185185
43749,54,53,0.0185185
43751,54,53,0.0185185
43759,54,53,0.0185185
43763,54,53,0.0185185
43765,54,53,0.0185185
43768,54,53,0.0185185
43771,54,53,0.0185185
43774,54,53,0.0185185
43776,54,53,0.0185185
43779,54,53,0.0185185
43784,54,53,0.0185185
43788,54,53,0.0185185
43791,54,53,0.0185185
43794,54,53,0.0185185
43797,54,53,0.0185185
43800,54,53,0.0185185
43804,54,53,0.0185185
43807,54,53,0.0185185
43810,54,53,0.0185185
43812,54,53,0.0185185
43815,54,53,0.0185185
43818,54,53,0.0185185
43822,54,53,0.0185185
43824,54,53,0.0185185
43827,54,53,0.0185185
43829,54,53,0.0185185
43831,54,53,0.0185185
43834,54,53,0.0185185
43836,54,53,0.0185185
43839,54,53,0.0185185
43841,54,53,0.0185185
43844,54,53,0.0185185
43848,54,53,0.0185185
43850,54,53,0.0185185
43852,54,53,0.0185185
43855,54,53,0.0185185
43857,54,53,0.0185185
43859,54,53,0.0185185
43862,54,53,0.0185185
43864,54,53,0.0185185
43866,54,53,0.0185185
43869,54,53,0.0185185
43871,54,53,0.0185185
43874,54,53,0.0185185
43877,54,53,0.0185185
43880,54,53,0.0185185
43884,54,53,0.0185185
43887,54,53,0.0185185
43889,54,53,0.0185185
43891,54,53,0.0185185
43894,54,53,0.0185185
43896,54,53,0.0185185
43899,54,53,0.0185185
43901,54,53,0.0185185
43904,54,53,0.0185185
43907,54,53,0.0185185
43910,54,53,0.0185185
43912,54,53,0.0185185
43915,54,53,0.0185185
43917,54,53,0.0185185
43919,54,53,0.0185185
43922,54,53,0.0185185
43924,54,53,0.0185185
43926,54,53,0.0185185
43931,54,53,0.0185185
43933,54,53,0.0185185
43936,54,53,0.0185185
43938,54,53,0.0185185
43941,54,53,0.0185185
43943,54,53,0.0185185
43945,54,53,0.0185185
43948,54,53,0.0185185
43955,54,53,0.0185185
43958,54,53,0.0185185
43960,54,53,0.0185185
43963,54,53,0.0185185
43965,54,53,0.0185185
43967,54,53,0.0185185
43970,54,53,0.0185185
43975,54,53,0.0185185
43979,54,53,0.0185185
43982,54,53,0.0185185
43985,54,53,0.0185185
43987,54,53,0.0185185
43989,54,53,0.0185185
43992,54,53,0.0185185
43994,54,53,0.0185185
43997,54,53,0.0185185
43999,54,53,0.0185185
44001,54,53,0.0185185
44003,54,53,0.0185185
44006,54,53,0.0185185
44008,54,53,0.0185185
44011,54,53,0.0185185
44013,54,53,0.0185185
44016,54,53,0.0185185
44018,54,53,0.0185185
44020,54,53,0.0185185
44023,54,53,0.0185185
44025,54,53,0.0185185
44027,54,53,0.0185185
44031,54,53,0.0185185
44033,54,53,0.0185185
44036,54,53,0.0185185
44039,54,53,0.0185185
44042,54,53,0.0185185
44044,54,53,0.0185185
44047,54,53,0.0185185
44050,54,53,0.0185185
44053,54,53,0.0185185
44056,54,53,0.0185185
44059,54,53,0.0185185
44063,54,53,0.0185185
44066,54,53,0.0185185
44068,54,53,0.0185185
44071,54,53,0.0185185
44073,54,53,0.0185185
44076,54,53,0.0185185
44079,54,53,0.0185185
44082,54,53,0.0185185
44087,54,53,0.0185185
44092,54,53,0.0185185
44094,54,53,0.0185185
44097,54,53,0.0185185
44104,54,53,0.0185185
44106,54,53,0.0185185
44111,54,53,0.0185185
44115,54,53,0.0185185
44118,54,53,0.0185185
44123,54,53,0.0185185
44125,54,53,0.0185185
44128,54,53,0.0185185
44130,54,53,0.0185185
44135,54,53,0.0185185
44137,54,53,0.0185185
44140,54,53,0.0185185
44143,54,53,0.0185185
44145,54,53,0.0185185
44151,54,53,0.0185185
44154,54,53,0.0185185
44156,54,53,0.0185185
44161,54,53,0.0185185
44164,54,53,0.0185185
44168,54,53,0.0185185
44171,54,53,0.0185185
44174,54,53,0.0185185
44178,54,53,0.0185185
44181,54,53,0.0185185
44184,54,53,0.0185185
44189,54,53,0.0185185
44194,54,53,0.0185185
44195,54,53,0.0185185
44199,54,53,0.0185185
44201,54,53,0.0185185
44204,54,53,0.0185185
44207,54,53,0.0185185
44211,54,53,0.0185185
44215,54,53,0.0185185
44217,54,53,0.0185185
44221,54,53,0.0185185
44225,54,53,0.0185185
44227,54,53,0.0185185
44230,54,53,0.0185185
44232,54,53,0.0185185
44235,54,53,0.0185185
44237,54,53,0.0185185
44240,54,53,0.0185185
44243,54,53,0.0185185
44245,54,53,0.0185185
44248,54,53,0.0185185
44252,54,53,0.0185185
44254,54,53,0.0185185
44258,54,53,0.0185185
44260,54,53,0.0185185
44263,54,53,0.0185185
44266,54,53,0.0185185
44268,54,53,0.0185185
44271,54,53,0.0185185
44274,54,53,0.0185185
44276,54,53,0.0185185
44279,54,53,0.0185185
44281,54,53,0.0185185
44284,54,53,0.0185185
44286,54,53,0.0185185
44290,54,53,0.0185185
44293,54,53,0.0185185
44295,54,53,0.0185185
44297,54,53,0.0185185
44300,54,53,0.0185185
44302,54,53,0.0185185
44305,54,53,0.0185185
44308,54,53,0.0185185
44310,54,53,0.0185185
44313,54,53,0.0185185
44316,54,53,0.0185185
44318,54,53,0.0185185
44321,54,53,0.0185185
44324,54,53,0.0185185
44327,54,53,0.0185185
44329,54,53,0.0185185
44331,54,53,0.0185185
44334,54,53,0.0185185
44338,54,53,0.0185185
44341,54,53,0.0185185
44343,54,53,0.0185185
44346,54,53,0.0185185
44349,54,53,0.0185185
44352,54,53,0.0185185
44356,54,53,0.0185185
44358,54,53,0.0185185
44361,54,53,0.0185185
44363,54,53,0.0185185
44366,54,53,0.0185185
44368,54,53,0.0185185
44371,54,53,0.0185185
44375,54,53,0.0185185
44378,54,53,0.0185185
44382,54,53,0.0185185
44385,54,53,0.0185185
44388,54,53,0.0185185
44391,54,53,0.0185185
44394,54,53,0.0185185
44397,54,53,0.0185185
44401,54,53,0.0185185
44403,54,53,0.0185185
44406,54,53,0.0185185
44409,54,53,0.0185185
44411,54,53,0.0185185
44413,54,53,0.0185185
44417,54,53,0.0185185
44421,54,53,0.0185185
44423,54,53,0.0185185
44426,54,53,0.0185185
44429,54,53,0.0185185
44431,54,53,0.0185185
44434,54,53,0.0185185
44437,54,53,0.0185185
44439,54,53,0.0185185
44442,54,53,0.0185185
44445,54,53,0.0185185
44448,54,53,0.0185185
44451,54,53,0.0185185
44454,54,53,0.0185185
44457,54,53,0.0185185
44460,54,53,0.0185185
44462,54,53,0.0185185
44465,54,53,0.0185185
44468,54,53,0.0185185
44471,54,53,0.0185185
44473,54,53,0.0185185
44476,54,53,0.0185185
44479,54,53,0.0185185
44481,54,53,0.0185185
44484,54,53,0.0185185
44487,54,53,0.0185185
44490,54,53,0.0185185
44493,54,53,0.0185185
44498,54,53,0.0185185
44501,54,53,0.0185185
44504,54,53,0.0185185
44506,54,53,0.0185185
44510,54,53,0.0185185
44513,54,53,0.0185185
44516,54,53,0.0185185
44519,54,53,0.0185185
44522,54,53,0.0185185
44524,54,53,0.0185185
44527,54,53,0.0185185
44531,54,53,0.0185185
44533,54,53,0.0185185
44538,54,53,0.0185185
44542,54,53,0.0185185
44545,54,53,0.0185185
44547,54,53,0.0185185
44550,54,53,0.0185185
44552,54,53,0.0185185
44555,54,53,0.0185185
44558,54,53,0.0185185
44560,54,53,0.0185185
44563,54,53,0.0185185
44565,54,53,0.0185185
44571,54,53,0.0185185
44574,54,53,0.0185185
44578,54,53,0.0185185
44581,54,53,0.0185185
44584,54,53,0.0185185
44586,54,53,0.0185185
44589,54,53,0.0185185
44593,54,53,0.0185185
44596,54,53,0.0185185
44598,54,53,0.0185185
44601,54,53,0.0185185
44603,54,53,0.0185185
44606,54,53,0.0185185
44611,54,53,0.0185185
44614,54,53,0.0185185
44617,54,53,0.0185185
44620,54,53,0.0185185
44622,54,53,0.0185185
44626,54,53,0.0185185
44629,54,53,0.0185185
44632,54,53,0.0185185
44635,54,53,0.0185185
44638,54,53,0.0185185
44642,54,53,0.0185185
44646,54,53,0.0185185
44651,54,53,0.0185185
44655,54,53,0.0185185
44658,54,53,0.0185185
44662,54,53,0.0185185
44664,54,53,0.0185185
44668,54,53,0.0185185
44671,54,53,0.0185185
44674,54,53,0.0185185
44676,54,53,0.0185185
44679,54,53,0.0185185
44681,54,53,0.0185185
44684,54,53,0.0185185
44689,54,53,0.0185185
44693,54,53,0.0185185
44698,54,53,0.0185185
44700,54,53,0.0185185
44704,54,53,0.0185185
44707,54,53,0.0185185
44709,54,53,0.0185185
44712,54,53,0.0185185
44715,54,53,0.0185185
44718,54,53,0.0185185
44721,54,53,0.0185185
44724,54,53,0.0185185
44726,54,53,0.0185185
44728,54,53,0.0185185
44731,54,53,0.0185185
44734,54,53,0.0185185
44737,54,53,0.0185185
44739,54,53,0.0185185
44742,54,53,0.0185185
44744,54,53,0.0185185
44747,54,53,0.0185185
44750,54,53,0.0185185
44754,54,53,0.0185185
44757,54,53,0.0185185
44761,54,53,0.0185185
44764,54,53,0.0185185
44766,54,53,0.0185185
44769,54,53,0.0185185
44773,54,53,0.0185185
44778,54,53,0.0185185
44780,54,53,0.0185185
44784,54,53,0.0185185
44787,54,53,0.0185185
44790,54,53,0.0185185
44793,54,53,0.0185185
44796,54,53,0.0185185
44798,54,53,0.0185185
44801,54,53,0.0185185
44805,54,53,0.0185185
44809,54,53,0.0185185
44811,54,53,0.0185185
44814,54,53,0.0185185
44816,54,53,0.0185185
44819,54,53,0.0185185
44821,54,53,0.0185185
44824,54,53,0.0185185
44826,54,53,0.0185185
44829,54,53,0.0185185
44832,54,53,0.0185185
44834,54,53,0.0185185
44838,54,53,0.0185185
44840,54,53,0.0185185
44842,54,53,0.0185185
44845,54,53,0.0185185
44847,54,53,0.0185185
44850,54,53,0.0185185
44852,54,53,0.0185185
44854,54,53,0.0185185
44857,54,53,0.0185185
44859,54,53,0.0185185
44862,54,53,0.0185185
44864,54,53,0.0185185
44868,54,53,0.0185185
44871,54,53,0.0185185
44873,54,53,0.0185185
44876,54,53,0.0185185
44879,54,53,0.0185185
44882,54,53,0.0185185
44884,54,53,0.0185185
44887,54,53,0.0185185
44889,54,53,0.0185185
44892,54,53,0.0185185
44895,54,53,0.0185185
44897,54,53,0.0185185
44900,54,53,0.0185185
44902,54,53,0.0185185
44905,54,53,0.0185185
44907,54,53,0.0185185
44910,54,53,0.0185185
44912,54,53,0.0185185
44915,54,53,0.0185185
44917,54,53,0.0185185
44920,54,53,0.0185185
44922,54,53,0.0185185
44924,54,53,0.0185185
44927,54,53,0.0185185
44929,54,53,0.0185185
44932,54,53,0.0185185
44934,54,53,0.0185185
44937,54,53,0.0185185
44939,54,53,0.0185185
44942,54,53,0.0185185
44945,54,53,0.0185185
44947,54,53,0.0185185
44950,54,53,0.0185185
44952,54,53,0.0185185
44955,54,53,0.0185185
44957,54,53,0.0185185
44961,54,53,0.0185185
44963,54,53,0.0185185
44966,54,53,0.0185185
44969,54,53,0.0185185
44971,54,53,0.0185185
44976,54,53,0.0185185
44978,54,53,0.0185185
44980,54,53,0.0185185
44983,54,53,0.0185185
44985,54,53,0.0185185
44988,54,53,0.0185185
44990,54,53,0.0185185
44994,54,53,0.0185185
44997,54,53,0.0185185
45000,54,53,0.0185185
45002,54,53,0.0185185
45004,54,53,0.0185185
45008,54,53,0.0185185
45010,54,53,0.0185185
45013,54,53,0.0185185
45015,54,53,0.0185185
45018,54,53,0.0185185
45020,54,53,0.0185185
45023,54,53,0.0185185
45025,54,53,0.0185185
45027,54,53,0.0185185
45030,54,53,0.0185185
45033,54,53,0.0185185
45035,54,53,0.0185185
45037,54,53,0.0185185
45040,54,53,0.0185185
45042,54,53,0.0185185
45046,54,53,0.0185185
45050,54,53,0.0185185
45052,54,53,0.0185185
45054,54,53,0.0185185
45057,54,53,0.0185185
45059,54,53,0.0185185
45063,54,53,0.0185185
45065,54,53,0.0185185
45068,54,53,0.0185185
45072,54,53,0.0185185
45074,54,53,0.0185185
45077,54,53,0.0185185
45080,54,53,0.0185185
45082,54,53,0.0185185
45084,54,53,0.0185185
45088,54,53,0.0185185
45091,54,53,0.0185185
45093,54,53,0.0185185
45096,54,53,0.0185185
45098,54,53,0.0185185
45102,54,53,0.0185185
45105,54,53,0.0185185
45107,54,53,0.0185185
45110,54,53,0.0185185
45112,54,53,0.0185185
45114,54,53,0.0185185
45117,54,53,0.0185185
45119,54,53,0.0185185
45122,54,53,0.0185185
45125,54,53,0.0185185
45128,54,53,0.0185185
45132,54,53,0.0185185
45136,54,53,0.0185185
45139,54,53,0.0185185
45143,54,53,0.0185185
45145,54,53,0.0185185
45148,54,53,0.0185185
45150,54,53,0.0185185
45152,54,53,0.0185185
45155,54,53,0.0185185
45157,54,53,0.0185185
45160,54,53,0.0185185
45162,54,53,0.0185185
45164,54,53,0.0185185
45167,54,53,0.0185185
45169,54,53,0.0185185
45172,54,53,0.0185185
45174,54,53,0.0185185
45177,54,53,0.0185185
45179,54,53,0.0185185
45182,54,53,0.0185185
45184,54,53,0.0185185
45187,54,53,0.0185185
45190,54,53,0.0185185
45193,54,53,0.0185185
45195,54,53,0.0185185
45198,54,53,0.0185185
45202,54,53,0.0185185
45204,54,53,0.0185185
45207,54,53,0.0185185
45210,54,53,0.0185185
45214,54,53,0.0185185
45217,54,53,0.0185185
45219,54,53,0.0185185
45221,54,53,0.0185185
45224,54,53,0.0185185
45226,54,53,0.0185185
45229,54,53,0.0185185
45231,54,53,0.0185185
45234,54,53,0.0185185
45236,54,53,0.0185185
45239,54,53,0.0185185
45241,54,53,0.0185185
45243,54,53,0.0185185
45247,54,53,0.0185185
45249,54,53,0.0185185
45252,54,53,0.0185185
45254,54,53,0.0185185
45258,54,53,0.0185185
45261,54,53,0.0185185
45264,54,53,0.0185185
45266,54,53,0.0185185
45268,54,53,0.0185185
45271,54,53,0.0185185
45273,54,53,0.0185185
45277,54,53,0.0185185
45279,54,53,0.0185185
45281,54,53,0.0185185
45285,54,53,0.0185185
45291,54,53,0.0185185
45293,54,53,0.0185185
45296,54,53,0.0185185
45298,54,53,0.0185185
45301,54,53,0.0185185
45303,54,53,0.0185185
45306,54,53,0.0185185
45308,54,53,0.0185185
45311,54,53,0.0185185
45313,54,53,0.0185185
45316,54,53,0.0185185
45318,54,53,0.0185185
45320,54,53,0.0185185
45323,54,53,0.0185185
45326,54,53,0.0185185
45329,54,53,0.0185185
45332,54,53,0.0185185
45334,54,53,0.0185185
45337,54,53,0.0185185
45341,54,53,0.0185185
45343,54,53,0.0185185
45346,54,53,0.0185185
45348,54,53,0.0185185
45351,54,53,0.0185185
45353,54,53,0.0185185
45356,54,53,0.0185185
45359,54,53,0.0185185
45362,54,53,0.0185185
45364,54,53,0.0185185
45367,54,53,0.0185185
45369,54,53,0.0185185
45372,54,53,0.0185185
45374,54,53,0.0185185
45376,54,53,0.0185185
45379,54,53,0.0185185
45381,54,53,0.0185185
45384,54,53,0.0185185
45386,54,53,0.0185185
45388,54,53,0.0185185
45391,54,53,0.0185185
45393,54,53,0.0185185
45399,54,53,0.0185185
45401,54,53,0.0185185
45404,54,53,0.0185185
45406,54,53,0.0185185
45411,54,53,0.0185185
45415,54,53,0.0185185
45417,54,53,0.0185185
45419,54,53,0.0185185
45422,54,53,0.0185185
45425,54,53,0.0185185
45427,54,53,0.0185185
45430,54,53,0.0185185
45433,54,53,0.0185185
45435,54,53,0.0185185
45438,54,53,0.0185185
45440,54,53,0.0185185
45443,54,53,0.0185185
45445,54,53,0.0185185
45449,54,53,0.0185185
45451,54,53,0.0185185
45454,54,53,0.0185185
45456,54,53,0.0185185
45459,54,53,0.0185185
45461,54,53,0.0185185
45464,54,53,0.0185185
45466,54,53,0.0185185
45468,54,53,0.0185185
45471,54,53,0.0185185
45474,54,53,0.0185185
45477,54,53,0.0185185
45479,54,53,0.0185185
45483,54,53,0.0185185
45486,54,53,0.0185185
45488,54,53,0.0185185
45491,54,53,0.0185185
45493,54,53,0.0185185
45495,54,53,0.0185185
45498,54,53,0.0185185
45500,54,53,0.0185185
45503,54,53,0.0185185
45507,54,53,0.0185185
45514,54,53,0.0185185
45517,54,53,0.0185185
45520,54,53,0.0185185
45523,54,53,0.0185185
45526,54,53,0.0185185
45529,54,53,0.0185185
45534,54,53,0.0185185
45537,54,53,0.0185185
45540,54,53,0.0185185
45544,54,53,0.0185185
45546,54,53,0.0185185
45549,54,53,0.0185185
45551,54,53,0.0185185
45555,54,53,0.0185185
45559,54,53,0.0185185
45562,54,53,0.0185185
45564,54,53,0.0185185
45567,54,53,0.0185185
45570,54,53,0.0185185
45573,54,53,0.0185185
45577,54,53,0.0185185
45580,54,53,0.0185185
45582,54,53,0.0185185
45586,54,53,0.0185185
45589,54,53,0.0185185
45591,54,53,0.0185185
45594,54,53,0.0185185
45596,54,53,0.0185185
45599,54,53,0.0185185
45601,54,53,0.0185185
45605,54,53,0.0185185
45609,54,53,0.0185185
45611,54,53,0.0185185
45614,54,53,0.0185185
45617,54,53,0.0185185
45620,54,53,0.0185185
45622,54,53,0.0185185
45628,54,53,0.0185185
45630,54,53,0.0185185
45636,54,53,0.0185185
45638,54,53,0.0185185
45640,54,53,0.0185185
45644,54,53,0.0185185
45647,54,53,0.0185185
45649,54,53,0.0185185
45653,54,53,0.0185185
45659,54,53,0.0185185
45662,54,53,0.0185185
45664,54,53,0.0185185
45667,54,53,0.0185185
45670,54,53,0.0185185
45672,54,53,0.0185185
45675,54,53,0.0185185
45677,54,53,0.0185185
45680,54,53,0.0185185
45682,54,53,0.0185185
45685,54,53,0.0185185
45687,54,53,0.0185185
45691,54,53,0.0185185
45693,54,53,0.0185185
45696,54,53,0.0185185
45700,54,53,0.0185185
45702,54,53,0.0185185
45705,54,53,0.0185185
45708,54,53,0.0185185
45710,54,53,0.0185185
45713,54,53,0.0185185
45716,54,53,0.0185185
45719,54,53,0.0185185
45722,54,53,0.0185185
45726,54,53,0.0185185
45728,54,53,0.0185185
45731,54,53,0.0185185
45733,54,53,0.0185185
45735,54,53,0.0185185
45740,54,53,0.0185185
45743,54,53,0.0185185
45745,54,53,0.0185185
45748,54,53,0.0185185
45750,54,53,0.0185185
45753,54,53,0.0185185
45755,54,53,0.0185185
45758,54,53,0.0185185
45762,54,53,0.0185185
45765,54,53,0.0185185
45767,54,53,0.0185185
45771,54,53,0.0185185
45773,54,53,0.0185185
45776,54,53,0.0185185
45778,54,53,0.0185185
45780,54,53,0.0185185
45783,54,53,0.0185185
45785,54,53,0.0185185
45789,54,53,0.0185185
45792,54,53,0.0185185
45795,54,53,0.0185185
45799,54,53,0.0185185
45801,54,53,0.0185185
45805,54,53,0.0185185
45808,54,53,0.0185185
45811,54,53,0.0185185
45813,54,53,0.0185185
45816,54,53,0.0185185
45820,54,53,0.0185185
45826,54,53,0.0185185
45829,54,53,0.0185185
45832,54,53,0.0185185
45835,54,53,0.0185185
45838,54,53,0.0185185
45840,54,53,0.0185185
45842,54,53,0.0185185
45845,54,53,0.0185185
45847,54,53,0.0185185
45850,54,53,0.0185185
45853,54,53,0.0185185
45856,54,53,0.0185185
45858,54,53,0.0185185
45863,54,53,0.0185185
45866,54,53,0.0185185
45868,54,53,0.0185185
45871,54,53,0.0185185
45874,54,53,0.0185185
45876,54,53,0.0185185
45879,54,53,0.0185185
45883,54,53,0.0185185
45886,54,53,0.0185185
45888,54,53,0.0185185
45890,54,53,0.0185185
45893,54,53,0.0185185
45895,54,53,0.0185185
45897,54,53,0.0185185
45900,54,53,0.0185185
45903,54,53,0.0185185
45906,54,53,0.0185185
45908,54,53,0.0185185
45911,54,53,0.0185185
45913,54,53,0.0185185
45916,54,53,0.0185185
45918,54,53,0.0185185
45921,54,53,0.0185185
45923,54,53,0.0185185
45926,54,53,0.0185185
45928,54,53,0.0185185
45931,54,53,0.0185185
45934,54,53,0.0185185
45937,54,53,0.0185185
45942,54,53,0.0185185
45944,54,53,0.0185185
45947,54,53,0.0185185
45949,54,53,0.0185185
45951,54,53,0.0185185
45954,54,53,0.0185185
45956,54,53,0.0185185
45959,54,53,0.0185185
45961,54,53,0.0185185
45964,54,53,0.0185185
45966,54,53,0.0185185
45970,54,53,0.0185185
45972,54,53,0.0185185
45974,54,53,0.0185185
45977,54,53,0.0185185
45979,54,53,0.0185185
45982,54,53,0.0185185
45984,54,53,0.0185185
45987,54,53,0.0185185
45989,54,53,0.0185185
45993,54,53,0.0185185
45995,54,53,0.0185185
45997,54,53,0.0185185
46000,54,53,0.0185185
46003,54,53,0.0185185
46006,54,53,0.0185185
46008,54,53,0.0185185
46011,54,53,0.0185185
46013,54,53,0.0185185
46016,54,53,0.0185185
46021,54,53,0.0185185
46024,54,53,0.0185185
46027,54,53,0.0185185
46030,54,53,0.0185185
46033,54,53,0.0185185
46036,54,53,0.0185185
46040,54,53,0.0185185
46043,54,53,0.0185185
46046,54,53,0.0185185
46048,54,53,0.0185185
46053,54,53,0.0185185
46056,54,53,0.0185185
46059,54,53,0.0185185
46062,54,53,0.0185185
46066,54,53,0.0185185
46069,54,53,0.0185185
46072,54,53,0.0185185
46075,54,53,0.0185185
46078,54,53,0.0185185
46080,54,53,0.0185185
46083,54,53,0.0185185
46086,54,53,0.0185185
46088,54,53,0.0185185
46091,54,53,0.0185185
46093,54,53,0.0185185
46096,54,53,0.0185185
46099,54,53,0.0185185
46101,54,53,0.0185185
46104,54,53,0.0185185
46106,54,53,0.0185185
46109,54,53,0.0185185
46111,54,53,0.0185185
46117,54,53,0.0185185
46120,54,53,0.0185185
46122,54,53,0.0185185
46125,54,53,0.0185185
46127,54,53,0.0185185
46131,54,53,0.0185185
46134,54,53,0.0185185
46136,54,53,0.0185185
46139,54,53,0.0185185
46142,54,53,0.0185185
46146,54,53,0.0185185
46148,54,53,0.0185185
46151,54,53,0.0185185
46153,54,53,0.0185185
46158,54,53,0.0185185
46161,54,53,0.0185185
46164,54,53,0.0185185
46168,54,53,0.0185185
46170,54,53,0.0185185
46173,54,53,0.0185185
46175,54,53,0.0185185
46178,54,53,0.0185185
46180,54,53,0.0185185
46183,54,53,0.0185185
46186,54,53,0.0185185
46189,54,53,0.0185185
46193,54,53,0.0185185
46195,54,53,0.0185185
46198,54,53,0.0185185
46200,54,53,0.0185185
46203,54,53,0.0185185
46205,54,53,0.0185185
46208,54,53,0.0185185
46210,54,53,0.0185185
46213,54,53,0.0185185
46215,54,53,0.0185185
46218,54,53,0.0185185
46220,54,53,0.0185185
46223,54,53,0.0185185
46225,54,53,0.0185185
46228,54,53,0.0185185
46230,54,53,0.0185185
46233,54,53,0.0185185
46235,54,53,0.0185185
46238,54,53,0.0185185
46243,54,53,0.0185185
46245,54,53,0.0185185
46250,54,53,0.0185185
46253,54,53,0.0185185
46257,54,53,0.0185185
46261,54,53,0.0185185
46264,54,53,0.0185185
46268,54,53,0.0185185
46273,54,53,0.0185185
46276,54,53,0.0185185
46278,54,53,0.0185185
46281,54,53,0.0185185
46284,54,53,0.0185185
46288,54,53,0.0185185
46291,54,53,0.0185185
46294,54,53,0.0185185
46297,54,53,0.0185185
46300,54,53,0.0185185
46305,54,53,0.0185185
46308,54,53,0.0185185
46311,54,53,0.0185185
46314,54,53,0.0185185
46317,54,53,0.0185185
46320,54,53,0.0185185
46324,54,53,0.0185185
46327,54,53,0.0185185
46333,54,53,0.0185185
46336,54,53,0.0185185
46339,54,53,0.0185185
46342,54,53,0.0185185
46344,54,53,0.0185185
46348,54,53,0.0185185
46351,54,53,0.0185185
46354,54,53,0.0185185
46359,54,53,0.0185185
46363,54,53,0.0185185
46366,54,53,0.0185185
46369,54,53,0.0185185
46372,54,53,0.0185185
46375,54,53,0.0185185
46378,54,53,0.0185185
46382,54,53,0.0185185
46385,54,53,0.0185185
46388,54,53,0.0185185
46392,54,53,0.0185185
46397,54,53,0.0185185
46399,54,53,0.0185185
46402,54,53,0.0185185
46405,54,53,0.0185185
46408,54,53,0.0185185
46411,54,53,0.0185185
46414,54,53,0.0185185
46418,54,53,0.0185185
46422,54,53,0.0185185
46425,54,53,0.0185185
46427,54,53,0.0185185
46430,54,53,0.0185185
46433,54,53,0.0185185
46436,54,53,0.0185185
46438,54,53,0.0185185
46443,54,53,0.0185185
46446,54,53,0.0185185
46448,54,53,0.0185185
46451,54,53,0.0185185
46454,54,53,0.0185185
46457,54,53,0.0185185
46460,54,53,0.0185185
46462,54,53,0.0185185
46465,54,53,0.0185185
46468,54,53,0.0185185
46471,54,53,0.0185185
46474,54,53,0.0185185
46477,54,53,0.0185185
46479,54,53,0.0185185
46482,54,53,0.0185185
46486,54,53,0.0185185
46489,54,53,0.0185185
46493,54,53,0.0185185
46496,54,53,0.0185185
46500,54,53,0.0185185
46503,54,53,0.0185185
46508,54,53,0.0185185
46510,54,53,0.0185185
46514,54,53,0.0185185
46517,54,53,0.0185185
46520,54,53,0.0185185
46523,54,53,0.0185185
46525,54,53,0.0185185
46528,54,53,0.0185185
46533,54,53,0.0185185
46536,54,53,0.0185185
46540,54,53,0.0185185
46543,54,53,0.0185185
46546,54,53,0.0185185
46548,54,53,0.0185185
46552,54,53,0.0185185
46556,54,53,0.0185185
46559,54,53,0.0185185
46561,54,53,0.0185185
46563,54,53,0.0185185
46566,54,53,0.0185185
46568,54,53,0.0185185
46571,54,53,0.0185185
46573,54,53,0.0185185
46576,54,53,0.0185185
46578,54,53,0.0185185
46580,54,53,0.0185185
46583,54,53,0.0185185
46587,54,53,0.0185185
46590,54,53,0.0185185
46592,54,53,0.0185185
46595,54,53,0.0185185
46598,54,53,0.0185185
46600,54,53,0.0185185
46603,54,53,0.0185185
46606,54,53,0.0185185
46609,54,53,0.0185185
46611,54,53,0.0185185
46614,54,53,0.0185185
46621,54,53,0.0185185
46624,54,53,0.0185185
46627,54,53,0.0185185
46630,54,53,0.0185185
46633,54,53,0.0185185
46635,54,53,0.0185185
46638,54,53,0.0185185
46641,54,53,0.0185185
46644,54,53,0.0185185
46646,54,53,0.0185185
46651,54,53,0.0185185
46654,54,53,0.0185185
46657,54,53,0.0185185
46659,54,53,0.0185185
46662,54,53,0.0185185
46666,54,53,0.0185185
46671,54,53,0.0185185
46673,54,53,0.0185185
46676,54,53,0.0185185
46678,54,53,0.0185185
46682,54,53,0.0185185
46685,54,53,0.0185185
46687,54,53,0.0185185
46690,54,53,0.0185185
46693,54,53,0.0185185
46695,54,53,0.0185185
46698,54,53,0.0185185
46701,54,53,0.0185185
46704,54,53,0.0185185
46707,54,53,0.0185185
46709,54,53,0.0185185
46713,54,53,0.0185185
46716,54,53,0.0185185
46719,54,53,0.0185185
46726,54,53,0.0185185
46729,54,53,0.0185185
46731,54,53,0.0185185
46734,54,53,0.0185185
46737,54,53,0.0185185
46742,54,53,0.0185185
46745,54,53,0.0185185
46748,54,53,0.0185185
46751,54,53,0.0185185
46755,54,53,0.0185185
46758,54,53,0.0185185
46760,54,53,0.0185185
46764,54,53,0.0185185
46766,54,53,0.0185185
46769,54,53,0.0185185
46773,54,53,0.0185185
46777,54,53,0.0185185
46781,54,53,0.0185185
46786,54,53,0.0185185
46789,54,53,0.0185185
46793,54,53,0.0185185
46795,54,53,0.0185185
46798,54,53,0.0185185
46801,54,53,0.0185185
46803,54,53,0.0185185
46806,54,53,0.0185185
46808,54,53,0.0185185
46811,54,53,0.0185185
46813,54,53,0.0185185
46817,54,53,0.0185185
46820,54,53,0.0185185
46822,54,53,0.0185185
46825,54,53,0.0185185
46827,54,53,0.0185185
46829,54,53,0.0185185
46832,54,53,0.0185185
46835,54,53,0.0185185
46839,54,53,0.0185185
46842,54,53,0.0185185
46844,54,53,0.0185185
46847,54,53,0.0185185
46849,54,53,0.0185185
46851,54,53,0.0185185
46854,54,53,0.0185185
46858,54,53,0.0185185
46861,54,53,0.0185185
46863,54,53,0.0185185
46867,54,53,0.0185185
46869,54,53,0.0185185
46872,54,53,0.0185185
46874,54,53,0.0185185
46877,54,53,0.0185185
46880,54,53,0.0185185
46882,54,53,0.0185185
46885,54,53,0.0185185
46887,54,53,0.0185185
46890,54,53,0.0185185
46893,54,53,0.0185185
46896,54,53,0.0185185
46899,54,53,0.0185185
46901,54,53,0.0185185
46904,54,53,0.0185185
46906,54,53,0.0185185
46909,54,53,0.0185185
46913,54,53,0.0185185
46916,54,53,0.0185185
46918,54,53,0.0185185
46920,54,53,0.0185185
46923,54,53,0.0185185
46925,54,53,0.0185185
46928,54,53,0.0185185
46931,54,53,0.0185185
46936,54,53,0.0185185
46939,54,53,0.0185185
46941,54,53,0.0185185
46943,54,53,0.0185185
46946,54,53,0.0185185
46948,54,53,0.0185185
46951,54,53,0.0185185
46954,54,53,0.0185185
46957,54,53,0.0185185
46959,54,53,0.0185185
46962,54,53,0.0185185
46964,54,53,0.0185185
46966,54,53,0.0185185
46969,54,53,0.0185185
46971,54,53,0.0185185
46974,54,53,0.0185185
46976,54,53,0.0185185
46979,54,53,0.0185185
46981,54,53,0.0185185
46984,54,53,0.0185185
46986,54,53,0.0185185
46989,54,53,0.0185185
46991,54,53,0.0185185
46994,54,53,0.0185185
46997,54,53,0.0185185
46999,54,53,0.0185185
47002,54,53,0.0185185
47004,54,53,0.0185185
47007,54,53,0.0185185
47009,54,53,0.0185185
47012,54,53,0.0185185
47014,54,53,0.0185185
47017,54,53,0.0185185
47020,54,53,0.0185185
47022,54,53,0.0185185
47027,54,53,0.0185185
47030,54,53,0.0185185
47034,54,53,0.0185185
47037,54,53,0.0185185
47040,54,53,0.0185185
47042,54,53,0.0185185
47045,54,53,0.0185185
47049,54,53,0.0185185
47051,54,53,0.0185185
47055,54,53,0.0185185
47059,54,53,0.0185185
47062,54,53,0.0185185
47064,54,53,0.0185185
47067,54,53,0.0185185
47072,54,53,0.0185185
47074,54,53,0.0185185
47077,54,53,0.0185185
47082,54,53,0.0185185
47085,54,53,0.0185185
47088,54,53,0.0185185
47091,54,53,0.0185185
47094,54,53,0.0185185
47097,54,53,0.0185185
47100,54,53,0.0185185
47103,54,53,0.0185185
47106,54,53,0.0185185
47109,54,53,0.0185185
47112,54,53,0.0185185
47115,54,53,0.0185185
47117,54,53,0.0185185
47122,54,53,0.0185185
47125,54,53,0.0185185
47128,54,53,0.0185185
47131,54,53,0.0185185
47133,54,53,0.0185185
47138,54,53,0.0185185
47141,54,53,0.0185185
47144,54,53,0.0185185
47146,54,53,0.0185185
47149,54,53,0.0185185
47152,54,53,0.0185185
47155,54,53,0.0185185
47158,54,53,0.0185185
47161,54,53,0.0185185
47164,54,53,0.0185185
47167,54,53,0.0185185
47172,54,53,0.0185185
47175,54,53,0.0185185
47178,54,53,0.0185185
47180,54,53,0.0185185
47184,54,53,0.0185185
47187,54,53,0.0185185
47190,54,53,0.0185185
47193,54,53,0.0185185
47195,54,53,0.0185185
47198,54,53,0.0185185
47201,54,53,0.0185185
47203,54,53,0.0185185
47205,54,53,0.0185185
47210,54,53,0.0185185
47213,54,53,0.0185185
47216,54,53,0.0185185
47219,54,53,0.0185185
47222,54,53,0.0185185
47225,54,53,0.0185185
47227,54,53,0.0185185
47230,54,53,0.0185185
47234,54,53,0.0185185
47237,54,53,0.0185185
47239,54,53,0.0185185
47242,54,53,0.0185185
47246,54,53,0.0185185
47250,54,53,0.0185185
47253,54,53,0.0185185
47255,54,53,0.0185185
47259,54,53,0.0185185
47264,54,53,0.0185185
47267,54,53,0.0185185
47270,54,53,0.0185185
47273,54,53,0.0185185
47276,54,53,0.0185185
47280,54,53,0.0185185
47283,54,53,0.0185185
47285,54,53,0.0185185
47288,54,53,0.0185185
47291,54,53,0.0185185
47294,54,53,0.0185185
47297,54,53,0.0185185
47299,54,53,0.0185185
47302,54,53,0.0185185
47305,54,53,0.0185185
47308,54,53,0.0185185
47312,54,53,0.0185185
47315,54,53,0.0185185
47320,54,53,0.0185185
47323,54,53,0.0185185
47325,54,53,0.0185185
47328,54,53,0.0185185
47331,54,53,0.0185185
47333,54,53,0.0185185
47336,54,53,0.0185185
47339,54,53,0.0185185
47342,54,53,0.0185185
47344,54,53,0.0185185
47347,54,53,0.0185185
47350,54,53,0.0185185
47353,54,53,0.0185185
47356,54,53,0.0185185
47359,54,53,0.0185185
47362,54,53,0.0185185
47364,54,53,0.0185185
47367,54,53,0.0185185
47370,54,53,0.0185185
47374,54,53,0.0185185
47378,54,53,0.0185185
47382,54,53,0.0185185
47385,54,53,0.0185185
47387,54,53,0.0185185
47391,54,53,0.0185185
47394,54,53,0.0185185
47397,54,53,0.0185185
47402,54,53,0.0185185
47404,54,53,0.0185185
47407,54,53,0.0185185
47409,54,53,0.0185185
47412,54,53,0.0185185
47415,54,53,0.0185185
47418,54,53,0.0185185
47421,54,53,0.0185185
47423,54,53,0.0185185
47426,54,53,0.0185185
47429,54,53,0.0185185
47432,54,53,0.0185185
47435,54,53,0.0185185
47437,54,53,0.0185185
47440,54,53,0.0185185
47443,54,53,0.0185185
47445,54,53,0.0185185
47448,54,53,0.0185185
47451,54,53,0.0185185
47454,54,53,0.0185185
47456,54,53,0.0185185
47459,54,53,0.0185185
47461,54,53,0.0185185
47465,54,53,0.0185185
47468,54,53,0.0185185
47472,54,53,0.0185185
47475,54,53,0.0185185
47488,54,53,0.0185185
47494,54,53,0.0185185
47497,54,53,0.0185185
47500,54,53,0.0185185
47503,54,53,0.0185185
47505,54,53,0.0185185
47508,54,53,0.0185185
47511,54,53,0.0185185
47514,54,53,0.0185185
47518,54,53,0.0185185
47520,54,53,0.0185185
47523,54,53,0.0185185
47527,54,53,0.0185185
47530,54,53,0.0185185
47534,54,53,0.0185185
47536,54,53,0.0185185
47539,54,53,0.0185185
47542,54,53,0.0185185
47544,54,53,0.0185185
47547,54,53,0.0185185
47549,54,53,0.0185185
47552,54,53,0.0185185
47554,54,53,0.0185185
47557,54,53,0.0185185
47560,54,53,0.0185185
47562,54,53,0.0185185
47565,54,53,0.0185185
47567,54,53,0.0185185
47570,54,53,0.0185185
47574,54,53,0.0185185
47578,54,53,0.0185185
47580,54,53,0.0185185
47583,54,53,0.0185185
47585,54,53,0.0185185
47588,54,53,0.0185185
47590,54,53,0.0185185
47594,54,53,0.0185185
47597,54,53,0.0185185
47600,54,53,0.0185185
47603,54,53,0.0185185
47605,54,53,0.0185185
47608,54,53,0.0185185
47610,54,53,0.0185185
47615,54,53,0.0185185
47617,54,53,0.0185185
47620,54,53,0.0185185
47622,54,53,0.0185185
47625,54,53,0.0185185
47627,54,53,0.0185185
47631,54,53,0.0185185
47633,54,53,0.0185185
47636,54,53,0.0185185
47638,54,53,0.0185185
47641,54,53,0.0185185
47643,54,53,0.0185185
47645,54,53,0.0185185
47648,54,53,0.0185185
47650,54,53,0.0185185
47653,54,53,0.0185185
47655,54,53,0.0185185
47658,54,53,0.0185185
47660,54,53,0.0185185
47664,54,53,0.0185185
47667,54,53,0.0185185
47669,54,53,0.0185185
47672,54,53,0.0185185
47674,54,53,0.0185185
47677,54,53,0.0185185
47679,54,53,0.0185185
47683,54,53,0.0185185
47685,54,53,0.0185185
47689,54,53,0.0185185
47691,54,53,0.0185185
47696,54,53,0.0185185
47698,54,53,0.0185185
47701,54,53,0.0185185
47705,54,53,0.0185185
47708,54,53,0.0185185
47711,54,53,0.0185185
47714,54,53,0.0185185
47716,54,53,0.0185185
47719,54,53,0.0185185
47721,54,53,0.0185185
47724,54,53,0.0185185
47726,54,53,0.0185185
47729,54,53,0.0185185
47733,54,53,0.0185185
47736,54,53,0.0185185
47739,54,53,0.0185185
47744,54,53,0.0185185
47747,54,53,0.0185185
47754,54,53,0.0185185
47757,54,53,0.0185185
47761,54,53,0.0185185
47764,54,53,0.0185185
47767,54,53,0.0185185
47772,54,53,0.0185185
47775,54,53,0.0185185
47779,54,53,0.0185185
47781,54,53,0.0185185
47784,54,53,0.0185185
47787,54,53,0.0185185
47790,54,53,0.0185185
47793,54,53,0.0185185
47796,54,53,0.0185185
47799,54,53,0.0185185
47802,54,53,0.0185185
47805,54,53,0.0185185
47808,54,53,0.0185185
47811,54,53,0.0185185
47815,54,53,0.0185185
47819,54,53,0.0185185
47825,54,53,0.0185185
47828,54,53,0.0185185
47831,54,53,0.0185185
47834,54,53,0.0185185
47837,54,53,0.0185185
47842,54,53,0.0185185
47845,54,53,0.0185185
47848,54,53,0.0185185
47851,54,53,0.0185185
47855,54,53,0.0185185
47857,54,53,0.0185185
47861,54,53,0.0185185
47864,54,53,0.0185185
47866,54,53,0.0185185
47871,54,53,0.0185185
47874,54,53,0.0185185
47877,54,53,0.0185185
47880,54,53,0.0185185
47883,54,53,0.0185185
47885,54,53,0.0185185
47888,54,53,0.0185185
47891,54,53,0.0185185
47893,54,53,0.0185185
47896,54,53,0.0185185
47899,54,53,0.0185185
47904,54,53,0.0185185
47906,54,53,0.0185185
47909,54,53,0.0185185
47913,54,53,0.0185185
47916,54,53,0.0185185
47918,54,53,0.0185185
47921,54,53,0.0185185
47923,54,53,0.0185185
47926,54,53,0.0185185
47930,54,53,0.0185185
47934,54,53,0.0185185
47938,54,53,0.0185185
47941,54,53,0.0185185
47944,54,53,0.0185185
47946,54,53,0.0185185
47949,54,53,0.0185185
47953,54,53,0.0185185
47956,54,53,0.0185185
47958,54,53,0.0185185
47961,54,53,0.0185185
47964,54,53,0.0185185
47967,54,53,0.0185185
47970,54,53,0.0185185
47973,54,53,0.0185185
47975,54,53,0.0185185
47979,54,53,0.0185185
47982,54,53,0.0185185
47985,54,53,0.0185185
47987,54,53,0.0185185
47990,54,53,0.0185185
47993,54,53,0.0185185
47997,54,53,0.0185185
48003,54,53,0.0185185
48006,54,53,0.0185185
48009,54,53,0.0185185
48011,54,53,0.0185185
48014,54,53,0.0185185
48017,54,53,0.0185185
48021,54,53,0.0185185
48025,54,53,0.0185185
48028,54,53,0.0185185
48031,54,53,0.0185185
48033,54,53,0.0185185
48038,54,53,0.0185185
48041,54,53,0.0185185
48044,54,53,0.0185185
48047,54,53,0.0185185
48050,54,53,0.0185185
48053,54,53,0.0185185
48057,54,53,0.0185185
48059,54,53,0.0185185
48062,54,53,0.0185185
48065,54,53,0.0185185
48068,54,53,0.0185185
48071,54,53,0.0185185
48074,54,53,0.0185185
48077,54,53,0.0185185
48079,54,53,0.0185185
48082,54,53,0.0185185
48085,54,53,0.0185185
48088,54,53,0.0185185
48091,54,53,0.0185185
48094,54,53,0.0185185
48096,54,53,0.0185185
48102,54,53,0.0185185
48105,54,53,0.0185185
48107,54,53,0.0185185
48110,54,53,0.0185185
48113,54,53,0.0185185
48115,54,53,0.0185185
48118,54,53,0.0185185
48120,54,53,0.0185185
48123,54,53,0.0185185
48126,54,53,0.0185185
48128,54,53,0.0185185
48131,54,53,0.0185185
48134,54,53,0.0185185
48138,54,53,0.0185185
48140,54,53,0.0185185
48143,54,53,0.0185185
48146,54,53,0.0185185
48149,54,53,0.0185185
48153,54,53,0.0185185
48156,54,53,0.0185185
48158,54,53,0.0185185
48161,54,53,0.0185185
48164,54,53,0.0185185
48168,54,53,0.0185185
48170,54,53,0.0185185
48173,54,53,0.0185185
48175,54,53,0.0185185
48179,54,53,0.0185185
48184,54,53,0.0185185
48186,54,53,0.0185185
48188,54,53,0.0185185
48191,54,53,0.0185185
48193,54,53,0.0185185
48196,54,53,0.0185185
48198,54,53,0.0185185
48201,54,53,0.0185185
48203,54,53,0.0185185
48207,54,53,0.0185185
48210,54,53,0.0185185
48214,54,53,0.0185185
48216,54,53,0.0185185
48219,54,53,0.0185185
48222,54,53,0.0185185
48225,54,53,0.0185185
48227,54,53,0.0185185
48231,54,53,0.0185185
48234,54,53,0.0185185
48236,54,53,0.0185185
48239,54,53,0.0185185
48242,54,53,0.0185185
48244,54,53,0.0185185
48247,54,53,0.0185185
48249,54,53,0.0185185
48252,54,53,0.0185185
48256,54,53,0.0185185
48258,54,53,0.0185185
48261,54,53,0.0185185
48265,54,53,0.0185185
48267,54,53,0.0185185
48270,54,53,0.0185185
48272,54,53,0.0185185
48275,54,53,0.0185185
48277,54,53,0.0185185
48280,54,53,0.0185185
48283,54,53,0.0185185
48285,54,53,0.0185185
48288,54,53,0.0185185
48290,54,53,0.0185185
48293,54,53,0.0185185
48295,54,53,0.0185185
48298,54,53,0.0185185
48300,54,53,0.0185185
48303,54,53,0.0185185
48305,54,53,0.0185185
48308,54,53,0.0185185
48310,54,53,0.0185185
48313,54,53,0.0185185
48315,54,53,0.0185185
48318,54,53,0.0185185
48322,54,53,0.0185185
48325,54,53,0.0185185
48328,54,53,0.0185185
48331,54,53,0.0185185
48334,54,53,0.0185185
48338,54,53,0.0185185
48342,54,53,0.0185185
48347,54,53,0.0185185
48350,54,53,0.0185185
48352,54,53,0.0185185
48355,54,53,0.0185185
48357,54,53,0.0185185
48360,54,53,0.0185185
48362,54,53,0.0185185
48365,54,53,0.0185185
48368,54,53,0.0185185
48370,54,53,0.0185185
48373,54,53,0.0185185
48376,54,53,0.0185185
48379,54,53,0.0185185
48382,54,53,0.0185185
48384,54,53,0.0185185
48387,54,53,0.0185185
48392,54,53,0.0185185
48394,54,53,0.0185185
48397,54,53,0.0185185
48400,54,53,0.0185185
48403,54,53,0.0185185
48406,54,53,0.0185185
48408,54,53,0.0185185
48411,54,53,0.0185185
48413,54,53,0.0185185
48416,54,53,0.0185185
48421,54,53,0.0185185
48423,54,53,0.0185185
48426,54,53,0.0185185
48431,54,53,0.0185185
48434,54,53,0.0185185
48437,54,53,0.0185185
48439,54,53,0.0185185
48442,54,53,0.0185185
48444,54,53,0.0185185
48447,54,53,0.0185185
48450,54,53,0.0185185
48453,54,53,0.0185185
48455,54,53,0.0185185
48458,54,53,0.0185185
48461,54,53,0.0185185
48464,54,53,0.0185185
48466,54,53,0.0185185
48469,54,53,0.0185185
48472,54,53,0.0185185
48475,54,53,0.0185185
48478,54,53,0.0185185
48482,54,53,0.0185185
48488,54,53,0.0185185
48493,54,53,0.0185185
48496,54,53,0.0185185
48499,54,53,0.0185185
48502,54,53,0.0185185
48506,54,53,0.0185185
48509,54,53,0.0185185
48512,54,53,0.0185185
48515,54,53,0.0185185
48519,54,53,0.0185185
48525,54,53,0.0185185
48528,54,53,0.0185185
48531,54,53,0.0185185
48537,54,53,0.0185185
48540,54,53,0.0185185
48543,54,53,0.0185185
48546,54,53,0.0185185
48549,54,53,0.0185185
48553,54,53,0.0185185
48555,54,53,0.0185185
48558,54,53,0.0185185
48562,54,53,0.0185185
48565,54,53,0.0185185
48568,54,53,0.0185185
48573,54,53,0.0185185
48576,54,53,0.0185185
48579,54,53,0.0185185
48582,54,53,0.0185185
48584,54,53,0.0185185
48587,54,53,0.0185185
48590,54,53,0.0185185
48595,54,53,0.0185185
48597,54,53,0.0185185
48600,54,53,0.0185185
48603,54,53,0.0185185
48606,54,53,0.0185185
48608,54,53,0.0185185
48611,54,53,0.0185185
48614,54,53,0.0185185
48617,54,53,0.0185185
48619,54,53,0.0185185
48622,54,53,0.0185185
48625,54,53,0.0185185
48628,54,53,0.0185185
48630,54,53,0.0185185
48634,54,53,0.0185185
48637,54,53,0.0185185
48640,54,53,0.0185185
48643,54,53,0.0185185
48646,54,53,0.0185185
48649,54,53,0.0185185
48651,54,53,0.0185185
48654,54,53,0.0185185
48657,54,53,0.0185185
48660,54,53,0.0185185
48663,54,53,0.0185185
48665,54,53,0.0185185
48669,54,53,0.0185185
48672,54,53,0.0185185
48675,54,53,0.0185185
48678,54,53,0.0185185
48682,54,53,0.0185185
48686,54,53,0.0185185
48688,54,53,0.0185185
48691,54,53,0.0185185
48694,54,53,0.0185185
48698,54,53,0.0185185
48701,54,53,0.0185185
48704,54,53,0.0185185
48707,54,53,0.0185185
48710,54,53,0.0185185
48713,54,53,0.0185185
48716,54,53,0.0185185
48720,54,53,0.0185185
48722,54,53,0.0185185
48725,54,53,0.0185185
48728,54,53,0.0185185
48730,54,53,0.0185185
48735,54,53,0.0185185
48739,54,53,0.0185185
48741,54,53,0.0185185
48744,54,53,0.0185185
48747,54,53,0.0185185
48750,54,53,0.0185185
48753,54,53,0.0185185
48757,54,53,0.0185185
48760,54,53,0.0185185
48762,54,53,0.0185185
48765,54,53,0.0185185
48767,54,53,0.0185185
48770,54,53,0.0185185
48773,54,53,0.0185185
48775,54,53,0.0185185
48778,54,53,0.0185185
48781,54,53,0.0185185
48784,54,53,0.0185185
48787,54,53,0.0185185
48790,54,53,0.0185185
48794,54,53,0.0185185
48798,54,53,0.0185185
48800,54,53,0.0185185
48803,54,53,0.0185185
48806,54,53,0.0185185
48811,54,53,0.0185185
48814,54,53,0.0185185
48816,54,53,0.0185185
48819,54,53,0.0185185
48822,54,53,0.0185185
48824,54,53,0.0185185
48827,54,53,0.0185185
48829,54,53,0.0185185
48832,54,53,0.0185185
48835,54,53,0.0185185
48838,54,53,0.0185185
48841,54,53,0.0185185
48844,54,53,0.0185185
48846,54,53,0.0185185
48849,54,53,0.0185185
48852,54,53,0.0185185
48855,54,53,0.0185185
48857,54,53,0.0185185
48861,54,53,0.0185185
48863,54,53,0.0185185
48866,54,53,0.0185185
48868,54,53,0.0185185
48872,54,53,0.0185185
48874,54,53,0.0185185
48877,54,53,0.0185185
48880,54,53,0.0185185
48883,54,53,0.0185185
48885,54,53,0.0185185
48888,54,53,0.0185185
48890,54,53,0.0185185
48893,54,53,0.0185185
48895,54,53,0.0185185
48898,54,53,0.0185185
48900,54,53,0.0185185
48904,54,53,0.0185185
48908,54,53,0.0185185
48910,54,53,0.0185185
48914,54,53,0.0185185
48916,54,53,0.0185185
48920,54,53,0.0185185
48923,54,53,0.0185185
48926,54,53,0.0185185
48928,54,53,0.0185185
48932,54,53,0.0185185
48935,54,53,0.0185185
48939,54,53,0.0185185
48941,54,53,0.0185185
48944,54,53,0.0185185
48946,54,53,0.0185185
48951,54,53,0.0185185
48953,54,53,0.0185185
48957,54,53,0.0185185
48960,54,53,0.0185185
48962,54,53,0.0185185
48965,54,53,0.0185185
48968,54,53,0.0185185
48970,54,53,0.0185185
48973,54,53,0.0185185
48975,54,53,0.0185185
48978,54,53,0.0185185
48981,54,53,0.0185185
48983,54,53,0.0185185
48986,54,53,0.0185185
48990,54,53,0.0185185
48993,54,53,0.0185185
48995,54,53,0.0185185
48998,54,53,0.0185185
49000,54,53,0.0185185
49003,54,53,0.0185185
49006,54,53,0.0185185
49010,54,53,0.0185185
49012,54,53,0.0185185
49016,54,53,0.0185185
49018,54,53,0.0185185
49021,54,53,0.0185185
49023,54,53,0.0185185
49027,54,53,0.0185185
49029,54,53,0.0185185
49032,54,53,0.0185185
49034,54,53,0.0185185
49038,54,53,0.0185185
49041,54,53,0.0185185
49044,54,53,0.0185185
49046,54,53,0.0185185
49049,54,53,0.0185185
49052,54,53,0.0185185
49054,54,53,0.0185185
49057,54,53,0.0185185
49059,54,53,0.0185185
49061,54,53,0.0185185
49064,54,53,0.0185185
49066,54,53,0.0185185
49069,54,53,0.0185185
49074,54,53,0.0185185
49076,54,53,0.0185185
49078,54,53,0.0185185
49081,54,53,0.0185185
49084,54,53,0.0185185
49087,54,53,0.0185185
49091,54,53,0.0185185
49094,54,53,0.0185185
49099,54,53,0.0185185
49102,54,53,0.0185185
49105,54,53,0.0185185
49111,54,53,0.0185185
49113,54,53,0.0185185
49116,54,53,0.0185185
49119,54,53,0.0185185
49123,54,53,0.0185185
49126,54,53,0.0185185
49129,54,53,0.0185185
49133,54,53,0.0185185
49136,54,53,0.0185185
49139,54,53,0.0185185
49142,54,53,0.0185185
49144,54,53,0.0185185
49147,54,53,0.0185185
49150,54,53,0.0185185
49155,54,53,0.0185185
49160,54,53,0.0185185
49164,54,53,0.0185185
49168,54,53,0.0185185
49171,54,53,0.0185185
49173,54,53,0.0185185
49176,54,53,0.0185185
49179,54,53,0.0185185
49181,54,53,0.0185185
49184,54,53,0.0185185
49187,54,53,0.0185185
49190,54,53,0.0185185
49192,54,53,0.0185185
49196,54,53,0.0185185
49199,54,53,0.0185185
49201,54,53,0.0185185
49204,54,53,0.0185185
49207,54,53,0.0185185
49210,54,53,0.0185185
49212,54,53,0.0185185
49215,54,53,0.0185185
49217,54,53,0.0185185
49220,54,53,0.0185185
49223,54,53,0.0185185
49226,54,53,0.0185185
49228,54,53,0.0185185
49231,54,53,0.0185185
49233,54,53,0.0185185
49237,54,53,0.0185185
49240,54,53,0.0185185
49244,54,53,0.0185185
49246,54,53,0.0185185
49249,54,53,0.0185185
49251,54,53,0.0185185
49254,54,53,0.0185185
49257,54,53,0.0185185
49260,54,53,0.0185185
49263,54,53,0.0185185
49265,54,53,0.0185185
49268,54,53,0.0185185
49271,54,53,0.0185185
49273,54,53,0.0185185
49277,54,53,0.0185185
49280,54,53,0.0185185
49282,54,53,0.0185185
49285,54,53,0.0185185
49289,54,53,0.0185185
49292,54,53,0.0185185
49294,54,53,0.0185185
49299,54,53,0.0185185
49302,54,53,0.0185185
49304,54,53,0.0185185
49308,54,53,0.0185185
49310,54,53,0.0185185
49313,54,53,0.0185185
49316,54,53,0.0185185
49318,54,53,0.0185185
49322,54,53,0.0185185
49324,54,53,0.0185185
49327,54,53,0.0185185
49330,54,53,0.0185185
49332,54,53,0.0185185
49335,54,53,0.0185185
49340,54,53,0.0185185
49344,54,53,0.0185185
49346,54,53,0.0185185
49351,54,53,0.0185185
49353,54,53,0.0185185
49356,54,53,0.0185185
49358,54,53,0.0185185
49362,54,53,0.0185185
49364,54,53,0.0185185
49367,54,53,0.0185185
49369,54,53,0.0185185
49371,54,53,0.0185185
49374,54,53,0.0185185
49377,54,53,0.0185185
49381,54,53,0.0185185
49386,54,53,0.0185185
49388,54,53,0.0185185
49391,54,53,0.0185185
49393,54,53,0.0185185
49397,54,53,0.0185185
49401,54,53,0.0185185
49405,54,53,0.0185185
49407,54,53,0.0185185
49410,54,53,0.0185185
49413,54,53,0.0185185
49416,54,53,0.0185185
49419,54,53,0.0185185
49423,54,53,0.0185185
49426,54,53,0.0185185
49430,54,53,0.0185185
49433,54,53,0.0185185
49436,54,53,0.0185185
49439,54,53,0.0185185
49441,54,53,0.0185185
49444,54,53,0.0185185
49446,54,53,0.0185185
49449,54,53,0.0185185
49452,54,53,0.0185185
49454,54,53,0.0185185
49457,54,53,0.0185185
49460,54,53,0.0185185
49462,54,53,0.0185185
49465,54,53,0.0185185
49468,54,53,0.0185185
49470,54,53,0.0185185
49473,54,53,0.0185185
49475,54,53,0.0185185
49478,54,53,0.0185185
49480,54,53,0.0185185
49482,54,53,0.0185185
49485,54,53,0.0185185
49489,54,53,0.0185185
49492,54,53,0.0185185
49495,54,53,0.0185185
49497,54,53,0.0185185
49500,54,53,0.0185185
49503,54,53,0.0185185
49506,54,53,0.0185185
49509,54,53,0.0185185
49512,54,53,0.0185185
49515,54,53,0.0185185
49519,54,53,0.0185185
49522,54,53,0.0185185
49526,54,53,0.0185185
49530,54,53,0.0185185
49532,54,53,0.0185185
49537,54,53,0.0185185
49540,54,53,0.0185185
49543,54,53,0.0185185
49547,54,53,0.0185185
49553,54,53,0.0185185
49557,54,53,0.0185185
49560,54,53,0.0185185
49562,54,53,0.0185185
49565,54,53,0.0185185
49567,54,53,0.0185185
49570,54,53,0.0185185
49573,54,53,0.0185185
49575,54,53,0.0185185
49578,54,53,0.0185185
49580,54,53,0.0185185
49583,54,53,0.0185185
49586,54,53,0.0185185
49588,54,53,0.0185185
49592,54,53,0.0185185
49594,54,53,0.0185185
49598,54,53,0.0185185
49600,54,53,0.0185185
49603,54,53,0.0185185
49605,54,53,0.0185185
49609,54,53,0.0185185
49611,54,53,0.0185185
49614,54,53,0.0185185
49616,54,53,0.0185185
49619,54,53,0.0185185
49621,54,53,0.0185185
49624,54,53,0.0185185
49628,54,53,0.0185185
49630,54,53,0.0185185
49633,54,53,0.0185185
49636,54,53,0.0185185
49638,54,53,0.0185185
49641,54,53,0.0185185
49643,54,53,0.0185185
49646,54,53,0.0185185
49648,54,53,0.0185185
49651,54,53,0.0185185
49654,54,53,0.0185185
49657,54,53,0.0185185
49660,54,53,0.0185185
49663,54,53,0.0185185
49666,54,53,0.0185185
49670,54,53,0.0185185
49676,54,53,0.0185185
49678,54,53,0.0185185
49680,54,53,0.0185185
49684,54,53,0.0185185
49686,54,53,0.0185185
49689,54,53,0.0185185
49692,54,53,0.0185185
49694,54,53,0.0185185
49697,54,53,0.0185185
49701,54,53,0.0185185
49703,54,53,0.0185185
49708,54,53,0.0185185
49710,54,53,0.0185185
49713,54,53,0.0185185
49718,54,53,0.0185185
49721,54,53,0.0185185
49724,54,53,0.0185185
49727,54,53,0.0185185
49730,54,53,0.0185185
49732,54,53,0.0185185
49735,54,53,0.0185185
49737,54,53,0.0185185
49740,54,53,0.0185185
49742,54,53,0.0185185
49745,54,53,0.0185185
49747,54,53,0.0185185
49750,54,53,0.0185185
49753,54,53,0.0185185
49757,54,53,0.0185185
49760,54,53,0.0185185
49762,54,53,0.0185185
49766,54,53,0.0185185
49768,54,53,0.0185185
49770,54,53,0.0185185
49773,54,53,0.0185185
49777,54,53,0.0185185
49780,54,53,0.0185185
49784,54,53,0.0185185
49787,54,53,0.0185185
49790,54,53,0.0185185
49793,54,53,0.0185185
49796,54,53,0.0185185
49799,54,53,0.0185185
49801,54,53,0.0185185
49804,54,53,0.0185185
49806,54,53,0.0185185
49809,54,53,0.0185185
49811,54,53,0.0185185
49814,54,53,0.0185185
49816,54,53,0.0185185
49819,54,53,0.0185185
49821,54,53,0.0185185
49824,54,53,0.0185185
49828,54,53,0.0185185
49830,54,53,0.0185185
49832,54,53,0.0185185
49836,54,53,0.0185185
49840,54,53,0.0185185
49843,54,53,0.0185185
49845,54,53,0.0185185
49848,54,53,0.0185185
49850,54,53,0.0185185
49855,54,53,0.0185185
49857,54,53,0.0185185
49862,54,53,0.0185185
49865,54,53,0.0185185
49869,54,53,0.0185185
49872,54,53,0.0185185
49875,54,53,0.0185185
49877,54,53,0.0185185
49880,54,53,0.0185185
49882,54,53,0.0185185
49885,54,53,0.0185185
49888,54,53,0.0185185
49890,54,53,0.0185185
49893,54,53,0.0185185
49897,54,53,0.0185185
49902,54,53,0.0185185
49905,54,53,0.0185185
49908,54,53,0.0185185
49911,54,53,0.0185185
49916,54,53,0.0185185
49919,54,53,0.0185185
49921,54,53,0.0185185
49924,54,53,0.0185185
49927,54,53,0.0185185
49931,54,53,0.0185185
49935,54,53,0.0185185
49939,54,53,0.0185185
49941,54,53,0.0185185
49944,54,53,0.0185185
49947,54,53,0.0185185
49950,54,53,0.0185185
49953,54,53,0.0185185
49955,54,53,0.0185185
49960,54,53,0.0185185
49964,54,53,0.0185185
49968,54,53,0.0185185
49974,54,53,0.0185185
49976,54,53,0.0185185
49979,54,53,0.0185185
49982,54,53,0.0185185
49985,54,53,0.0185185
49987,54,53,0.0185185
49993,54,53,0.0185185
49995,54,53,0.0185185
49998,54,53,0.0185185
50003,54,53,0.0185185
50006,54,53,0.0185185
50010,54,53,0.0185185
50013,54,53,0.0185185
50015,54,53,0.0185185
50018,54,53,0.0185185
50023,54,53,0.0185185
50026,54,53,0.0185185
50029,54,53,0.0185185
50031,54,53,0.0185185
50034,54,53,0.0185185
50038,54,53,0.0185185
50041,54,53,0.0185185
50044,54,53,0.0185185
50047,54,53,0.0185185
50049,54,53,0.0185185
50053,54,53,0.0185185
50056,54,53,0.0185185
50060,54,53,0.0185185
50065,54,53,0.0185185
50068,54,53,0.0185185
50072,54,53,0.0185185
50074,54,53,0.0185185
50077,54,53,0.0185185
50080,54,53,0.0185185
50085,54,53,0.0185185
50087,54,53,0.0185185
50090,54,53,0.0185185
50093,54,53,0.0185185
50096,54,53,0.0185185
50098,54,53,0.0185185
50102,54,53,0.0185185
50105,54,53,0.0185185
50108,54,53,0.0185185
50110,54,53,0.0185185
50113,54,53,0.0185185
50116,54,53,0.0185185
50119,54,53,0.0185185
50121,54,53,0.0185185
50124,54,53,0.0185185
50127,54,53,0.0185185
50132,54,53,0.0185185
50135,54,53,0.0185185
50137,54,53,0.0185185
50140,54,53,0.0185185
50143,54,53,0.0185185
50148,54,53,0.0185185
50151,54,53,0.0185185
50154,54,53,0.0185185
50158,54,53,0.0185185
50160,54,53,0.0185185
50163,54,53,0.0185185
50166,54,53,0.0185185
50169,54,53,0.0185185
50172,54,53,0.0185185
50174,54,53,0.0185185
50177,54,53,0.0185185
50179,54,53,0.0185185
50182,54,53,0.0185185
50185,54,53,0.0185185
50187,54,53,0.0185185
50190,54,53,0.0185185
50192,54,53,0.0185185
50195,54,53,0.0185185
50198,54,53,0.0185185
50200,54,53,0.0185185
50204,54,53,0.0185185
50206,54,53,0.0185185
50209,54,53,0.0185185
50212,54,53,0.0185185
50215,54,53,0.0185185
50218,54,53,0.0185185
50221,54,53,0.0185185
50225,54,53,0.0185185
50229,54,53,0.0185185
50232,54,53,0.0185185
50234,54,53,0.0185185
50238,54,53,0.0185185
50240,54,53,0.0185185
50243,54,53,0.0185185
50245,54,53,0.0185185
50248,54,53,0.0185185
50251,54,53,0.0185185
50253,54,53,0.0185185
50256,54,53,0.0185185
50259,54,53,0.0185185
50264,54,53,0.0185185
50269,54,53,0.0185185
50273,54,53,0.0185185
50277,54,53,0.0185185
50280,54,53,0.0185185
50284,54,53,0.0185185
50287,54,53,0.0185185
50289,54,53,0.0185185
50292,54,53,0.0185185
50294,54,53,0.0185185
50299,54,53,0.0185185
50301,54,53,0.0185185
50306,54,53,0.0185185
50309,54,53,0.0185185
50311,54,53,0.0185185
50315,54,53,0.0185185
50320,54,53,0.0185185
50322,54,53,0.0185185
50325,54,53,0.0185185
50328,54,53,0.0185185
50330,54,53,0.0185185
50333,54,53,0.0185185
50336,54,53,0.0185185
50338,54,53,0.0185185
50341,54,53,0.0185185
50344,54,53,0.0185185
50346,54,53,0.0185185
50349,54,53,0.0185185
50352,54,53,0.0185185
50354,54,53,0.0185185
50359,54,53,0.0185185
50362,54,53,0.0185185
50366,54,53,0.0185185
50369,54,53,0.0185185
50371,54,53,0.0185185
50374,54,53,0.0185185
50377,54,53,0.0185185
50379,54,53,0.0185185
50382,54,53,0.0185185
50385,54,53,0.0185185
50387,54,53,0.0185185
50390,54,53,0.0185185
50394,54,53,0.0185185
50397,54,53,0.0185185
50399,54,53,0.0185185
50402,54,53,0.0185185
50404,54,53,0.0185185
50408,54,53,0.0185185
50410,54,53,0.0185185
50413,54,53,0.0185185
50416,54,53,0.0185185
50418,54,53,0.0185185
50421,54,53,0.0185185
50424,54,53,0.0185185
50427,54,53,0.0185185
50430,54,53,0.0185185
50432,54,53,0.0185185
50435,54,53,0.0185185
50437,54,53,0.0185185
50440,54,53,0.0185185
50442,54,53,0.0185185
50446,54,53,0.0185185
50448,54,53,0.0185185
50453,54,53,0.0185185
50457,54,53,0.0185185
50461,54,53,0.0185185
50464,54,53,0.0185185
50467,54,53,0.0185185
50471,54,53,0.0185185
50474,54,53,0.0185185
50476,54,53,0.0185185
50479,54,53,0.0185185
50482,54,53,0.0185185
50484,54,53,0.0185185
50487,54,53,0.0185185
50489,54,53,0.0185185
50492,54,53,0.0185185
50494,54,53,0.0185185
50498,54,53,0.0185185
50500,54,53,0.0185185
50503,54,53,0.0185185
50508,54,53,0.0185185
50511,54,53,0.0185185
50513,54,53,0.0185185
50516,54,53,0.0185185
50518,54,53,0.0185185
50521,54,53,0.0185185
50523,54,53,0.0185185
50526,54,53,0.0185185
50528,54,53,0.0185185
50531,54,53,0.0185185
50533,54,53,0.0185185
50538,54,53,0.0185185
50542,54,53,0.0185185
50545,54,53,0.0185185
50548,54,53,0.0185185
50551,54,53,0.0185185
50554,54,53,0.0185185
50558,54,53,0.0185185
50563,54,53,0.0185185
50567,54,53,0.0185185
50570,54,53,0.0185185
50572,54,53,0.0185185
50575,54,53,0.0185185
50577,54,53,0.0185185
50580,54,53,0.0185185
50582,54,53,0.0185185
50585,54,53,0.0185185
50588,54,53,0.0185185
50591,54,53,0.0185185
50595,54,53,0.0185185
50598,54,53,0.0185185
50601,54,53,0.0185185
50603,54,53,0.0185185
50606,54,53,0.0185185
50609,54,53,0.0185185
50611,54,53,0.0185185
50614,54,53,0.0185185
50616,54,53,0.0185185
50619,54,53,0.0185185
50622,54,53,0.0185185
50624,54,53,0.0185185
50627,54,53,0.0185185
50631,54,53,0.0185185
50633,54,53,0.0185185
50636,54,53,0.0185185
50638,54,53,0.0185185
50641,54,53,0.0185185
50644,54,53,0.0185185
50647,54,53,0.0185185
50650,54,53,0.0185185
50652,54,53,0.0185185
50655,54,53,0.0185185
50657,54,53,0.0185185
50661,54,53,0.0185185
50665,54,53,0.0185185
50667,54,53,0.0185185
50670,54,53,0.0185185
50672,54,53,0.0185185
50675,54,53,0.0185185
50678,54,53,0.0185185
50680,54,53,0.0185185
50683,54,53,0.0185185
50686,54,53,0.0185185
50689,54,53,0.0185185
50691,54,53,0.0185185
50694,54,53,0.0185185
50696,54,53,0.0185185
50699,54,53,0.0185185
50701,54,53,0.0185185
50704,54,53,0.0185185
50706,54,53,0.0185185
50709,54,53,0.0185185
50712,54,53,0.0185185
50716,54,53,0.0185185
50719,54,53,0.0185185
50722,54,53,0.0185185
50724,54,53,0.0185185
50727,54,53,0.0185185
50729,54,53,0.0185185
50733,54,53,0.0185185
50737,54,53,0.0185185
50741,54,53,0.0185185
50743,54,53,0.0185185
50746,54,53,0.0185185
50748,54,53,0.0185185
50751,54,53,0.0185185
50756,54,53,0.0185185
50759,54,53,0.0185185
50763,54,53,0.0185185
50765,54,53,0.0185185
50768,54,53,0.0185185
50770,54,53,0.0185185
50773,54,53,0.0185185
50775,54,53,0.0185185
50778,54,53,0.0185185
50780,54,53,0.0185185
50783,54,53,0.0185185
50787,54,53,0.0185185
50790,54,53,0.0185185
50794,54,53,0.0185185
50797,54,53,0.0185185
50799,54,53,0.0185185
50802,54,53,0.0185185
50807,54,53,0.0185185
50811,54,53,0.0185185
50814,54,53,0.0185185
50817,54,53,0.0185185
50819,54,53,0.0185185
50823,54,53,0.0185185
50827,54,53,0.0185185
50830,54,53,0.0185185
50834,54,53,0.0185185
50836,54,53,0.0185185
50839,54,53,0.0185185
50841,54,53,0.0185185
50844,54,53,0.0185185
50847,54,53,0.0185185
50850,54,53,0.0185185
50853,54,53,0.0185185
50855,54,53,0.0185185
50858,54,53,0.0185185
50860,54,53,0.0185185
50864,54,53,0.0185185
50867,54,53,0.0185185
50869,54,53,0.0185185
50872,54,53,0.0185185
50876,54,53,0.0185185
50878,54,53,0.0185185
50882,54,53,0.0185185
50885,54,53,0.0185185
50888,54,53,0.0185185
50890,54,53,0.0185185
50894,54,53,0.0185185
50897,54,53,0.0185185
50901,54,53,0.0185185
50903,54,53,0.0185185
50906,54,53,0.0185185
50908,54,53,0.0185185
50911,54,53,0.0185185
50913,54,53,0.0185185
50916,54,53,0.0185185
50918,54,53,0.0185185
50921,54,53,0.0185185
50923,54,53,0.0185185
50925,54,53,0.0185185
50931,54,53,0.0185185
50933,54,53,0.0185185
50936,54,53,0.0185185
50939,54,53,0.0185185
50942,54,53,0.0185185
50944,54,53,0.0185185
50947,54,53,0.0185185
50949,54,53,0.0185185
50951,54,53,0.0185185
50954,54,53,0.0185185
50957,54,53,0.0185185
50961,54,53,0.0185185
50963,54,53,0.0185185
50965,54,53,0.0185185
50968,54,53,0.0185185
50970,54,53,0.0185185
50974,54,53,0.0185185
50976,54,53,0.0185185
50979,54,53,0.0185185
50982,54,53,0.0185185
50985,54,53,0.0185185
50988,54,53,0.0185185
50991,54,53,0.0185185
50994,54,53,0.0185185
50997,54,53,0.0185185
50999,54,53,0.0185185
51003,54,53,0.0185185
51006,54,53,0.0185185
51008,54,53,0.0185185
51011,54,53,0.0185185
51014,54,53,0.0185185
51016,54,53,0.0185185
51018,54,53,0.0185185
51022,54,53,0.0185185
51024,54,53,0.0185185
51027,54,53,0.0185185
51029,54,53,0.0185185
51032,54,53,0.0185185
51034,54,53,0.0185185
51037,54,53,0.0185185
51039,54,53,0.0185185
51042,54,53,0.0185185
51044,54,53,0.0185185
51047,54,53,0.0185185
51050,54,53,0.0185185
51053,54,53,0.0185185
51057,54,53,0.0185185
51060,54,53,0.0185185
51062,54,53,0.0185185
51066,54,53,0.0185185
51069,54,53,0.0185185
51071,54,53,0.0185185
51074,54,53,0.0185185
51076,54,53,0.0185185
51080,54,53,0.0185185
51083,54,53,0.0185185
51085,54,53,0.0185185
51088,54,53,0.0185185
51090,54,53,0.0185185
51094,54,53,0.0185185
51097,54,53,0.0185185
51099,54,53,0.0185185
51101,54,53,0.0185185
51105,54,53,0.0185185
51107,54,53,0.0185185
51110,54,53,0.0185185
51112,54,53,0.0185185
51116,54,53,0.0185185
51118,54,53,0.0185185
51121,54,53,0.0185185
51124,54,53,0.0185185
51128,54,53,0.0185185
51130,54,53,0.0185185
51133,54,53,0.0185185
51135,54,53,0.0185185
51139,54,53,0.0185185
51142,54,53,0.0185185
51145,54,53,0.0185185
51148,54,53,0.0185185
51150,54,53,0.0185185
51153,54,53,0.0185185
51155,54,53,0.0185185
51159,54,53,0.0185185
51162,54,53,0.0185185
51166,54,53,0.0185185
51169,54,53,0.0185185
51172,54,53,0.0185185
51175,54,53,0.0185185
51177,54,53,0.0185185
51180,54,53,0.0185185
51182,54,53,0.0185185
51185,54,53,0.0185185
51187,54,53,0.0185185
51190,54,53,0.0185185
51192,54,53,0.0185185
51195,54,53,0.0185185
51198,54,53,0.0185185
51200,54,53,0.0185185
51204,54,53,0.0185185
51207,54,53,0.0185185
51211,54,53,0.0185185
51213,54,53,0.0185185
51216,54,53,0.0185185
51218,54,53,0.0185185
51221,54,53,0.0185185
51223,54,53,0.0185185
51225,54,53,0.0185185
51229,54,53,0.0185185
51231,54,53,0.0185185
51233,54,53,0.0185185
51236,54,53,0.0185185
51239,54,53,0.0185185
51241,54,53,0.0185185
51244,54,53,0.0185185
51246,54,53,0.0185185
51249,54,53,0.0185185
51252,54,53,0.0185185
51255,54,53,0.0185185
51259,54,53,0.0185185
51261,54,53,0.0185185
51264,54,53,0.0185185
51267,54,53,0.0185185
51269,54,53,0.0185185
51273,54,53,0.0185185
51275,54,53,0.0185185
51279,54,53,0.0185185
51283,54,53,0.0185185
51285,54,53,0.0185185
51287,54,53,0.0185185
51290,54,53,0.0185185
51292,54,53,0.0185185
51295,54,53,0.0185185
51297,54,53,0.0185185
51301,54,53,0.0185185
51303,54,53,0.0185185
51307,54,53,0.0185185
51310,54,53,0.0185185
51313,54,53,0.0185185
51315,54,53,0.0185185
51319,54,53,0.0185185
51321,54,53,0.0185185
51325,54,53,0.0185185
51327,54,53,0.0185185
51330,54,53,0.0185185
51333,54,53,0.0185185
51335,54,53,0.0185185
51338,54,53,0.0185185
51340,54,53,0.0185185
51343,54,53,0.0185185
51345,54,53,0.0185185
51347,54,53,0.0185185
51350,54,53,0.0185185
51353,54,53,0.0185185
51355,54,53,0.0185185
51358,54,53,0.0185185
51361,54,53,0.0185185
51363,54,53,0.0185185
51366,54,53,0.0185185
51368,54,53,0.0185185
51371,54,53,0.0185185
51374,54,53,0.0185185
51376,54,53,0.0185185
51379,54,53,0.0185185
51382,54,53,0.0185185
51385,54,53,0.0185185
51388,54,53,0.0185185
51390,54,53,0.0185185
51393,54,53,0.0185185
51395,54,53,0.0185185
51400,54,53,0.0185185
51404,54,53,0.0185185
51407,54,53,0.0185185
51410,54,53,0.0185185
51412,54,53,0.0185185
51415,54,53,0.0185185
51417,54,53,0.0185185
51422,54,53,0.0185185
51425,54,53,0.0185185
51427,54,53,0.0185185
51431,54,53,0.0185185
51435,54,53,0.0185185
51439,54,53,0.0185185
51441,54,53,0.0185185
51444,54,53,0.0185185
51446,54,53,0.0185185
51449,54,53,0.0185185
51451,54,53,0.0185185
51454,54,53,0.0185185
51456,54,53,0.0185185
51458,54,53,0.0185185
51461,54,53,0.0185185
51463,54,53,0.0185185
51466,54,53,0.0185185
51469,54,53,0.0185185
51472,54,53,0.0185185
51475,54,53,0.0185185
51477,54,53,0.0185185
51479,54,53,0.0185185
51482,54,53,0.0185185
51484,54,53,0.0185185
51488,54,53,0.0185185
51490,54,53,0.0185185
51493,54,53,0.0185185
51497,54,53,0.0185185
51499,54,53,0.0185185
51501,54,53,0.0185185
51505,54,53,0.0185185
51507,54,53,0.0185185
51510,54,53,0.0185185
51514,54,53,0.0185185
51516,54,53,0.0185185
51519,54,53,0.0185185
51523,54,53,0.0185185
51526,54,53,0.0185185
51528,54,53,0.0185185
51531,54,53,0.0185185
51533,54,53,0.0185185
51536,54,53,0.0185185
51538,54,53,0.0185185
51541,54,53,0.0185185
51545,54,53,0.0185185
51548,54,53,0.0185185
51552,54,53,0.0185185
51557,54,53,0.0185185
51561,54,53,0.0185185
51565,54,53,0.0185185
51569,54,53,0.0185185
51572,54,53,0.0185185
51574,54,53,0.0185185
51577,54,53,0.0185185
51579,54,53,0.0185185
51581,54,53,0.0185185
51584,54,53,0.0185185
51586,54,53,0.0185185
51588,54,53,0.0185185
51592,54,53,0.0185185
51594,54,53,0.0185185
51597,54,53,0.0185185
51600,54,53,0.0185185
51602,54,53,0.0185185
51604,54,53,0.0185185
51607,54,53,0.0185185
51611,54,53,0.0185185
51613,54,53,0.0185185
51616,54,53,0.0185185
51618,54,53,0.0185185
51621,54,53,0.0185185
51623,54,53,0.0185185
51626,54,53,0.0185185
51629,54,53,0.0185185
51631,54,53,0.0185185
51635,54,53,0.0185185
51637,54,53,0.0185185
51641,54,53,0.0185185
51644,54,53,0.0185185
51647,54,53,0.0185185
51651,54,53,0.0185185
51653,54,53,0.0185185
51657,54,53,0.0185185
51660,54,53,0.0185185
51663,54,53,0.0185185
51665,54,53,0.0185185
51668,54,53,0.0185185
51671,54,53,0.0185185
51673,54,53,0.0185185
51677,54,53,0.0185185
51680,54,53,0.0185185
51682,54,53,0.0185185
51685,54,53,0.0185185
51687,54,53,0.0185185
51690,54,53,0.0185185
51692,54,53,0.0185185
51695,54,53,0.0185185
51699,54,53,0.0185185
51701,54,53,0.0185185
51705,54,53,0.0185185
51710,54,53,0.0185185
51714,54,53,0.0185185
51716,54,53,0.0185185
51719,54,53,0.0185185
51721,54,53,0.0185185
51724,54,53,0.0185185
51726,54,53,0.0185185
51729,54,53,0.0185185
51731,54,53,0.0185185
51734,54,53,0.0185185
51737,54,53,0.0185185
51740,54,53,0.0185185
51742,54,53,0.0185185
51745,54,53,0.0185185
51747,54,53,0.0185185
51750,54,53,0.0185185
51752,54,53,0.0185185
51757,54,53,0.0185185
51759,54,53,0.0185185
51762,54,53,0.0185185
51764,54,53,0.0185185
51768,54,53,0.0185185
51770,54,53,0.0185185
51773,54,53,0.0185185
51775,54,53,0.0185185
51778,54,53,0.0185185
51780,54,53,0.0185185
51783,54,53,0.0185185
51786,54,53,0.0185185
51788,54,53,0.0185185
51792,54,53,0.0185185
51794,54,53,0.0185185
51798,54,53,0.0185185
51800,54,53,0.0185185
51804,54,53,0.0185185
51808,54,53,0.0185185
51811,54,53,0.0185185
51814,54,53,0.0185185
51817,54,53,0.0185185
51819,54,53,0.0185185
51821,54,53,0.0185185
51826,54,53,0.0185185
51830,54,53,0.0185185
51833,54,53,0.0185185
51836,54,53,0.0185185
51838,54,53,0.0185185
51843,54,53,0.0185185
51845,54,53,0.0185185
51848,54,53,0.0185185
51850,54,53,0.0185185
51853,54,53,0.0185185
51855,54,53,0.0185185
51858,54,53,0.0185185
51860,54,53,0.0185185
51863,54,53,0.0185185
51867,54,53,0.0185185
51869,54,53,0.0185185
51872,54,53,0.0185185
51876,54,53,0.0185185
51879,54,53,0.0185185
51884,54,53,0.0185185
51891,54,53,0.0185185
51894,54,53,0.0185185
51897,54,53,0.0185185
51899,54,53,0.0185185
51902,54,53,0.0185185
51904,54,53,0.0185185
51907,54,53,0.0185185
51911,54,53,0.0185185
51914,54,53,0.0185185
51917,54,53,0.0185185
51920,54,53,0.0185185
51922,54,53,0.0185185
51926,54,53,0.0185185
51929,54,53,0.0185185
51931,54,53,0.0185185
51934,54,53,0.0185185
51936,54,53,0.0185185
51940,54,53,0.0185185
51943,54,53,0.0185185
51946,54,53,0.0185185
51949,54,53,0.0185185
51951,54,53,0.0185185
51955,54,53,0.0185185
51959,54,53,0.0185185
51961,54,53,0.0185185
51964,54,53,0.0185185
51966,54,53,0.0185185
51969,54,53,0.0185185
51972,54,53,0.0185185
51974,54,53,0.0185185
51976,54,53,0.0185185
51979,54,53,0.0185185
51982,54,53,0.0185185
51985,54,53,0.0185185
51989,54,53,0.0185185
51991,54,53,0.0185185
51995,54,53,0.0185185
51997,54,53,0.0185185
52000,54,53,0.0185185
52002,54,53,0.0185185
52005,54,53,0.0185185
52007,54,53,0.0185185
52010,54,53,0.0185185
52012,54,53,0.0185185
52015,54,53,0.0185185
52018,54,53,0.0185185
52021,54,53,0.0185185
52024,54,53,0.0185185
52026,54,53,0.0185185
52030,54,53,0.0185185
52033,54,53,0.0185185
52035,54,53,0.0185185
52040,54,53,0.0185185
52042,54,53,0.0185185
52045,54,53,0.0185185
52048,54,53,0.0185185
52051,54,53,0.0185185
52053,54,53,0.0185185
52056,54,53,0.0185185
52058,54,53,0.0185185
52060,54,53,0.0185185
52063,54,53,0.0185185
52065,54,53,0.0185185
52067,54,53,0.0185185
52071,54,53,0.0185185
52074,54,53,0.0185185
52077,54,53,0.0185185
52079,54,53,0.0185185
52082,54,53,0.0185185
52085,54,53,0.0185185
52087,54,53,0.0185185
52090,54,53,0.0185185
52093,54,53,0.0185185
52095,54,53,0.0185185
52099,54,53,0.0185185
52102,54,53,0.0185185
52106,54,53,0.0185185
52108,54,53,0.0185185
52112,54,53,0.0185185
52114,54,53,0.0185185
52116,54,53,0.0185185
52120,54,53,0.0185185
52122,54,53,0.0185185
52125,54,53,0.0185185
52128,54,53,0.0185185
52130,54,53,0.0185185
52133,54,53,0.0185185
52135,54,53,0.0185185
52138,54,53,0.0185185
52140,54,53,0.0185185
52143,54,53,0.0185185
52145,54,53,0.0185185
52148,54,53,0.0185185
52150,54,53,0.0185185
52153,54,53,0.0185185
52155,54,53,0.0185185
52158,54,53,0.0185185
52162,54,53,0.0185185
52164,54,53,0.0185185
52167,54,53,0.0185185
52169,54,53,0.0185185
52172,54,53,0.0185185
52174,54,53,0.0185185
52178,54,53,0.0185185
52181,54,53,0.0185185
52183,54,53,0.0185185
52186,54,53,0.0185185
52188,54,53,0.0185185
52190,54,53,0.0185185
52193,54,53,0.0185185
52195,54,53,0.0185185
52198,54,53,0.0185185
52201,54,53,0.0185185
52203,54,53,0.0185185
52206,54,53,0.0185185
52208,54,53,0.0185185
52211,54,53,0.0185185
52213,54,53,0.0185185
52215,54,53,0.0185185
52218,54,53,0.0185185
52220,54,53,0.0185185
52224,54,53,0.0185185
52226,54,53,0.0185185
52231,54,53,0.0185185
52233,54,53,0.0185185
52237,54,53,0.0185185
52241,54,53,0.0185185
52243,54,53,0.0185185
52246,54,53,0.0185185
52248,54,53,0.0185185
52252,54,53,0.0185185
52257,54,53,0.0185185
52259,54,53,0.0185185
52261,54,53,0.0185185
52264,54,53,0.0185185
52266,54,53,0.0185185
52269,54,53,0.0185185
52274,54,53,0.0185185
52277,54,53,0.0185185
52280,54,53,0.0185185
52283,54,53,0.0185185
52287,54,53,0.0185185
52289,54,53,0.0185185
52292,54,53,0.0185185
52294,54,53,0.0185185
52297,54,53,0.0185185
52300,54,53,0.0185185
52302,54,53,0.0185185
52305,54,53,0.0185185
52307,54,53,0.0185185
52310,54,53,0.0185185
52312,54,53,0.0185185
52315,54,53,0.0185185
52317,54,53,0.0185185
52320,54,53,0.0185185
52322,54,53,0.0185185
52325,54,53,0.0185185
52327,54,53,0.0185185
52330,54,53,0.0185185
52332,54,53,0.0185185
52335,54,53,0.0185185
52338,54,53,0.0185185
52340,54,53,0.0185185
52343,54,53,0.0185185
52347,54,53,0.0185185
52350,54,53,0.0185185
52352,54,53,0.0185185
52358,54,53,0.0185185
52362,54,53,0.0185185
52365,54,53,0.0185185
52367,54,53,0.0185185
52370,54,53,0.0185185
52373,54,53,0.0185185
52377,54,53,0.0185185
52380,54,53,0.0185185
52382,54,53,0.0185185
52384,54,53,0.0185185
52388,54,53,0.0185185
52391,54,53,0.0185185
52394,54,53,0.0185185
52396,54,53,0.0185185
52399,54,53,0.0185185
52402,54,53,0.0185185
52405,54,53,0.0185185
52407,54,53,0.0185185
52410,54,53,0.0185185
52413,54,53,0.0185185
52415,54,53,0.0185185
52417,54,53,0.0185185
52422,54,53,0.0185185
52425,54,53,0.0185185
52429,54,53,0.0185185
52431,54,53,0.0185185
52434,54,53,0.0185185
52437,54,53,0.0185185
52439,54,53,0.0185185
52442,54,53,0.0185185
52445,54,53,0.0185185
52448,54,53,0.0185185
52451,54,53,0.0185185
52453,54,53,0.0185185
52456,54,53,0.0185185
52458,54,53,0.0185185
52462,54,53,0.0185185
52464,54,53,0.0185185
52467,54,53,0.0185185
52469,54,53,0.0185185
52474,54,53,0.0185185
52477,54,53,0.0185185
52480,54,53,0.0185185
52482,54,53,0.0185185
52485,54,53,0.0185185
52487,54,53,0.0185185
52490,54,53,0.0185185
52494,54,53,0.0185185
52497,54,53,0.0185185
52499,54,53,0.0185185
52502,54,53,0.0185185
52504,54,53,0.0185185
52509,54,53,0.0185185
52512,54,53,0.0185185
52516,54,53,0.0185185
52518,54,53,0.0185185
52521,54,53,0.0185185
52525,54,53,0.0185185
52528,54,53,0.0185185
52531,54,53,0.0185185
52535,54,53,0.0185185
52538,54,53,0.0185185
52542,54,53,0.0185185
52545,54,53,0.0185185
52549,54,53,0.0185185
52552,54,53,0.0185185
52554,54,53,0.0185185
52557,54,53,0.0185185
52561,54,53,0.0185185
52564,54,53,0.0185185
52566,54,53,0.0185185
52569,54,53,0.0185185
52572,54,53,0.0185185
52575,54,53,0.0185185
52577,54,53,0.0185185
52580,54,53,0.0185185
52583,54,53,0.0185185
52585,54,53,0.0185185
52588,54,53,0.0185185
52590,54,53,0.0185185
52593,54,53,0.0185185
52595,54,53,0.0185185
52597,54,53,0.0185185
52600,54,53,0.0185185
52603,54,53,0.0185185
52605,54,53,0.0185185
52607,54,53,0.0185185
52613,54,53,0.0185185
52616,54,53,0.0185185
52618,54,53,0.0185185
52620,54,53,0.0185185
52624,54,53,0.0185185
52628,54,53,0.0185185
52631,54,53,0.0185185
52633,54,53,0.0185185
52637,54,53,0.0185185
52640,54,53,0.0185185
52643,54,53,0.0185185
52646,54,53,0.0185185
52648,54,53,0.0185185
52651,54,53,0.0185185
52653,54,53,0.0185185
52657,54,53,0.0185185
52659,54,53,0.0185185
52663,54,53,0.0185185
52666,54,53,0.0185185
52669,54,53,0.0185185
52672,54,53,0.0185185
52675,54,53,0.0185185
52678,54,53,0.0185185
52682,54,53,0.0185185
52684,54,53,0.0185185
52686,54,53,0.0185185
52689,54,53,0.0185185
52691,54,53,0.0185185
52695,54,53,0.0185185
52697,54,53,0.0185185
52700,54,53,0.0185185
52702,54,53,0.0185185
52705,54,53,0.0185185
52708,54,53,0.0185185
52711,54,53,0.0185185
52713,54,53,0.0185185
52718,54,53,0.0185185
52720,54,53,0.0185185
52723,54,53,0.0185185
52728,54,53,0.0185185
52731,54,53,0.0185185
52733,54,53,0.0185185
52736,54,53,0.0185185
52742,54,53,0.0185185
52745,54,53,0.0185185
52747,54,53,0.0185185
52750,54,53,0.0185185
52752,54,53,0.0185185
52754,54,53,0.0185185
52757,54,53,0.0185185
52760,54,53,0.0185185
52762,54,53,0.0185185
52765,54,53,0.0185185
52767,54,53,0.0185185
52771,54,53,0.0185185
52774,54,53,0.0185185
52777,54,53,0.0185185
52779,54,53,0.0185185
52782,54,53,0.0185185
52784,54,53,0.0185185
52787,54,53,0.0185185
52790,54,53,0.0185185
52793,54,53,0.0185185
52796,54,53,0.0185185
52801,54,53,0.0185185
52805,54,53,0.0185185
52809,54,53,0.0185185
52811,54,53,0.0185185
52813,54,53,0.0185185
52816,54,53,0.0185185
52819,54,53,0.0185185
52821,54,53,0.0185185
52824,54,53,0.0185185
52827,54,53,0.0185185
52829,54,53,0.0185185
52832,54,53,0.0185185
52834,54,53,0.0185185
52837,54,53,0.0185185
52841,54,53,0.0185185
52843,54,53,0.0185185
52846,54,53,0.0185185
52850,54,53,0.0185185
52852,54,53,0.0185185
52856,54,53,0.0185185
52858,54,53,0.0185185
52861,54,53,0.0185185
52863,54,53,0.0185185
52866,54,53,0.0185185
52868,54,53,0.0185185
52871,54,53,0.0185185
52874,54,53,0.0185185
52877,54,53,0.0185185
52879,54,53,0.0185185
52881,54,53,0.0185185
52884,54,53,0.0185185
52886,54,53,0.0185185
52889,54,53,0.0185185
52891,54,53,0.0185185
52894,54,53,0.0185185
52896,54,53,0.0185185
52898,54,53,0.0185185
52901,54,53,0.0185185
52903,54,53,0.0185185
52906,54,53,0.0185185
52908,54,53,0.0185185
52911,54,53,0.0185185
52914,54,53,0.0185185
52917,54,53,0.0185185
52919,54,53,0.0185185
52922,54,53,0.0185185
52925,54,53,0.0185185
52929,54,53,0.0185185
52931,54,53,0.0185185
52937,54,53,0.0185185
52939,54,53,0.0185185
52942,54,53,0.0185185
52946,54,53,0.0185185
52950,54,53,0.0185185
52952,54,53,0.0185185
52955,54,53,0.0185185
52957,54,53,0.0185185
52960,54,53,0.0185185
52962,54,53,0.0185185
52964,54,53,0.0185185
52967,54,53,0.0185185
52970,54,53,0.0185185
52972,54,53,0.0185185
52975,54,53,0.0185185
52978,54,53,0.0185185
52981,54,53,0.0185185
52983,54,53,0.0185185
52986,54,53,0.0185185
52988,54,53,0.0185185
52990,54,53,0.0185185
52993,54,53,0.0185185
52995,54,53,0.0185185
52998,54,53,0.0185185
53002,54,53,0.0185185
53005,54,53,0.0185185
53007,54,53,0.0185185
53010,54,53,0.0185185
53014,54,53,0.0185185
53016,54,53,0.0185185
53020,54,53,0.0185185
53023,54,53,0.0185185
53027,54,53,0.0185185
53029,54,53,0.0185185
53032,54,53,0.0185185
53036,54,53,0.0185185
53038,54,53,0.0185185
53042,54,53,0.0185185
53044,54,53,0.0185185
53047,54,53,0.0185185
53050,54,53,0.0185185
53053,54,53,0.0185185
53055,54,53,0.0185185
53058,54,53,0.0185185
53061,54,53,0.0185185
53066,54,53,0.0185185
53068,54,53,0.0185185
53071,54,53,0.0185185
53073,54,53,0.0185185
53075,54,53,0.0185185
53078,54,53,0.0185185
53081,54,53,0.0185185
53083,54,53,0.0185185
53086,54,53,0.0185185
53088,54,53,0.0185185
53090,54,53,0.0185185
53093,54,53,0.0185185
53095,54,53,0.0185185
53098,54,53,0.0185185
53100,54,53,0.0185185
53103,54,53,0.0185185
53107,54,53,0.0185185
53109,54,53,0.0185185
53112,54,53,0.0185185
53114,54,53,0.0185185
53118,54,53,0.0185185
53120,54,53,0.0185185
53123,54,53,0.0185185
53126,54,53,0.0185185
53130,54,53,0.0185185
53132,54,53,0.0185185
53135,54,53,0.0185185
53137,54,53,0.0185185
53140,54,53,0.0185185
53144,54,53,0.0185185
53146,54,53,0.0185185
53149,54,53,0.0185185
53151,54,53,0.0185185
53154,54,53,0.0185185
53157,54,53,0.0185185
53159,54,53,0.0185185
53161,54,53,0.0185185
53164,54,53,0.0185185
53166,54,53,0.0185185
53169,54,53,0.0185185
53171,54,53,0.0185185
53173,54,53,0.0185185
53177,54,53,0.0185185
53180,54,53,0.0185185
53182,54,53,0.0185185
53185,54,53,0.0185185
53189,54,53,0.0185185
53192,54,53,0.0185185
53195,54,53,0.0185185
53198,54,53,0.0185185
53200,54,53,0.0185185
53203,54,53,0.0185185
53205,54,53,0.0185185
53208,54,53,0.0185185
53210,54,53,0.0185185
53213,54,53,0.0185185
53215,54,53,0.0185185
53219,54,53,0.0185185
53222,54,53,0.0185185
53224,54,53,0.0185185
53226,54,53,0.0185185
53229,54,53,0.0185185
53231,54,53,0.0185185
53234,54,53,0.0185185
53236,54,53,0.0185185
53239,54,53,0.0185185
53241,54,53,0.0185185
53243,54,53,0.0185185
53247,54,53,0.0185185
53249,54,53,0.0185185
53252,54,53,0.0185185
53255,54,53,0.0185185
53258,54,53,0.0185185
53260,54,53,0.0185185
53262,54,53,0.0185185
53265,54,53,0.0185185
53269,54,53,0.0185185
53272,54,53,0.0185185
53275,54,53,0.0185185
53278,54,53,0.0185185
53280,54,53,0.0185185
53284,54,53,0.0185185
53287,54,53,0.0185185
53290,54,53,0.0185185
53292,54,53,0.0185185
53295,54,53,0.0185185
53298,54,53,0.0185185
53301,54,53,0.0185185
53303,54,53,0.0185185
53306,54,53,0.0185185
53308,54,53,0.0185185
53310,54,53,0.0185185
53313,54,53,0.0185185
53315,54,53,0.0185185
53318,54,53,0.0185185
53322,54,53,0.0185185
53324,54,53,0.0185185
53327,54,53,0.0185185
53330,54,53,0.0185185
53332,54,53,0.0185185
53336,54,53,0.0185185
53339,54,53,0.0185185
53341,54,53,0.0185185
53345,54,53,0.0185185
53349,54,53,0.0185185
53353,54,53,0.0185185
53357,54,53,0.0185185
53359,54,53,0.0185185
53362,54,53,0.0185185
53364,54,53,0.0185185
53367,54,53,0.0185185
53371,54,53,0.0185185
53373,54,53,0.0185185
53376,54,53,0.0185185
53378,54,53,0.0185185
53381,54,53,0.0185185
53383,54,53,0.0185185
53386,54,53,0.0185185
53388,54,53,0.0185185
53391,54,53,0.0185185
53393,54,53,0.0185185
53396,54,53,0.0185185
53398,54,53,0.0185185
53401,54,53,0.0185185
53403,54,53,0.0185185
53406,54,53,0.0185185
53408,54,53,0.0185185
53411,54,53,0.0185185
53413,54,53,0.0185185
53417,54,53,0.0185185
53419,54,53,0.0185185
53422,54,53,0.0185185
53424,54,53,0.0185185
53426,54,53,0.0185185
53430,54,53,0.0185185
53433,54,53,0.0185185
53436,54,53,0.0185185
53438,54,53,0.0185185
53441,54,53,0.0185185
53443,54,53,0.0185185
53446,54,53,0.0185185
53448,54,53,0.0185185
53451,54,53,0.0185185
53453,54,53,0.0185185
53456,54,53,0.0185185
53459,54,53,0.0185185
53462,54,53,0.0185185
53464,54,53,0.0185185
53467,54,53,0.0185185
53470,54,53,0.0185185
53474,54,53,0.0185185
53476,54,53,0.0185185
53478,54,53,0.0185185
53483,54,53,0.0185185
53485,54,53,0.0185185
53489,54,53,0.0185185
53492,54,53,0.0185185
53494,54,53,0.0185185
53497,54,53,0.0185185
53499,54,53,0.0185185
53502,54,53,0.0185185
53507,54,53,0.0185185
53510,54,53,0.0185185
53512,54,53,0.0185185
53514,54,53,0.0185185
53518,54,53,0.0185185
53520,54,53,0.0185185
53523,54,53,0.0185185
53525,54,53,0.0185185
53529,54,53,0.0185185
53531,54,53,0.0185185
53533,54,53,0.0185185
53537,54,53,0.0185185
53539,54,53,0.0185185
53544,54,53,0.0185185
53548,54,53,0.0185185
53552,54,53,0.0185185
53556,54,53,0.0185185
53560,54,53,0.0185185
53564,54,53,0.0185185
53567,54,53,0.0185185
53571,54,53,0.0185185
53574,54,53,0.0185185
53577,54,53,0.0185185
53580,54,53,0.0185185
53582,54,53,0.0185185
53585,54,53,0.0185185
53587,54,53,0.0185185
53590,54,53,0.0185185
53592,54,53,0.0185185
53595,54,53,0.0185185
53597,54,53,0.0185185
53602,54,53,0.0185185
53604,54,53,0.0185185
53606,54,53,0.0185185
53609,54,53,0.0185185
53612,54,53,0.0185185
53615,54,53,0.0185185
53618,54,53,0.0185185
53621,54,53,0.0185185
53623,54,53,0.0185185
53625,54,53,0.0185185
53628,54,53,0.0185185
53630,54,53,0.0185185
53632,54,53,0.0185185
53635,54,53,0.0185185
53637,54,53,0.0185185
53639,54,53,0.0185185
53642,54,53,0.0185185
53644,54,53,0.0185185
53646,54,53,0.0185185
53649,54,53,0.0185185
53651,54,53,0.0185185
53654,54,53,0.0185185
53656,54,53,0.0185185
53659,54,53,0.0185185
53661,54,53,0.0185185
53664,54,53,0.0185185
53667,54,53,0.0185185
53669,54,53,0.0185185
53672,54,53,0.0185185
53674,54,53,0.0185185
53677,54,53,0.0185185
53679,54,53,0.0185185
53683,54,53,0.0185185
53685,54,53,0.0185185
53687,54,53,0.0185185
53691,54,53,0.0185185
53693,54,53,0.0185185
53696,54,53,0.0185185
53700,54,53,0.0185185
53702,54,53,0.0185185
53706,54,53,0.0185185
53708,54,53,0.0185185
53711,54,53,0.0185185
53714,54,53,0.0185185
53717,54,53,0.0185185
53719,54,53,0.0185185
53721,54,53,0.0185185
53726,54,53,0.0185185
53730,54,53,0.0185185
53732,54,53,0.0185185
53737,54,53,0.0185185
53740,54,53,0.0185185
53742,54,53,0.0185185
53745,54,53,0.0185185
53747,54,53,0.0185185
53750,54,53,0.0185185
53752,54,53,0.0185185
53755,54,53,0.0185185
53758,54,53,0.0185185
53761,54,53,0.0185185
53763,54,53,0.0185185
53767,54,53,0.0185185
53770,54,53,0.0185185
53772,54,53,0.0185185
53774,54,53,0.0185185
53777,54,53,0.0185185
53779,54,53,0.0185185
53782,54,53,0.0185185
53784,54,53,0.0185185
53788,54,53,0.0185185
53792,54,53,0.0185185
53794,54,53,0.0185185
53797,54,53,0.0185185
53799,54,53,0.0185185
53802,54,53,0.0185185
53805,54,53,0.0185185
53809,54,53,0.0185185
53812,54,53,0.0185185
53814,54,53,0.0185185
53817,54,53,0.0185185
53820,54,53,0.0185185
53823,54,53,0.0185185
53825,54,53,0.0185185
53828,54,53,0.0185185
53831,54,53,0.0185185
53834,54,53,0.0185185
53836,54,53,0.0185185
53839,54,53,0.0185185
53842,54,53,0.0185185
53844,54,53,0.0185185
53847,54,53,0.0185185
53849,54,53,0.0185185
53852,54,53,0.0185185
53855,54,53,0.0185185
53857,54,53,0.0185185
53860,54,53,0.0185185
53863,54,53,0.0185185
53865,54,53,0.0185185
53868,54,53,0.0185185
53870,54,53,0.0185185
53873,54,53,0.0185185
53878,54,53,0.0185185
53880,54,53,0.0185185
53884,54,53,0.0185185
53888,54,53,0.0185185
53890,54,53,0.0185185
53893,54,53,0.0185185
53895,54,53,0.0185185
53898,54,53,0.0185185
53900,54,53,0.0185185
53903,54,53,0.0185185
53907,54,53,0.0185185
53911,54,53,0.0185185
53913,54,53,0.0185185
53916,54,53,0.0185185
53922,54,53,0.0185185
53924,54,53,0.0185185
53927,54,53,0.0185185
53929,54,53,0.0185185
53931,54,53,0.0185185
53934,54,53,0.0185185
53936,54,53,0.0185185
53939,54,53,0.0185185
53943,54,53,0.0185185
53946,54,53,0.0185185
53949,54,53,0.0185185
53951,54,53,0.0185185
53953,54,53,0.0185185
53956,54,53,0.0185185
53960,54,53,0.0185185
53962,54,53,0.0185185
53965,54,53,0.0185185
53968,54,53,0.0185185
53971,54,53,0.0185185
53974,54,53,0.0185185
53977,54,53,0.0185185
53980,54,53,0.0185185
53983,54,53,0.0185185
53986,54,53,0.0185185
53988,54,53,0.0185185
53990,54,53,0.0185185
53993,54,53,0.0185185
53995,54,53,0.0185185
54002,54,53,0.0185185
54004,54,53,0.0185185
54006,54,53,0.0185185
54009,54,53,0.0185185
54011,54,53,0.0185185
54014,54,53,0.0185185
54018,54,53,0.0185185
54020,54,53,0.0185185
54023,54,53,0.0185185
54025,54,53,0.0185185
54029,54,53,0.0185185
54031,54,53,0.0185185
54034,54,53,0.0185185
54036,54,53,0.0185185
54038,54,53,0.0185185
54041,54,53,0.0185185
54043,54,53,0.0185185
54046,54,53,0.0185185
54050,54,53,0.0185185
54052,54,53,0.0185185
54055,54,53,0.0185185
54057,54,53,0.0185185
54061,54,53,0.0185185
54063,54,53,0.0185185
54067,54,53,0.0185185
54070,54,53,0.0185185
54072,54,53,0.0185185
54075,54,53,0.0185185
54077,54,53,0.0185185
54080,54,53,0.0185185
54082,54,53,0.0185185
54085,54,53,0.0185185
54087,54,53,0.0185185
54090,54,53,0.0185185
54092,54,53,0.0185185
54095,54,53,0.0185185
54097,54,53,0.0185185
54099,54,53,0.0185185
54102,54,53,0.0185185
54105,54,53,0.0185185
54107,54,53,0.0185185
54110,54,53,0.0185185
54112,54,53,0.0185185
54115,54,53,0.0185185
54117,54,53,0.0185185
54119,54,53,0.0185185
54123,54,53,0.0185185
54125,54,53,0.0185185
54128,54,53,0.0185185
54131,54,53,0.0185185
54134,54,53,0.0185185
54137,54,53,0.0185185
54139,54,53,0.0185185
54142,54,53,0.0185185
54144,54,53,0.0185185
54149,54,53,0.0185185
54153,54,53,0.0185185
54155,54,53,0.0185185
54158,54,53,0.0185185
54161,54,53,0.0185185
54165,54,53,0.0185185
54167,54,53,0.0185185
54170,54,53,0.0185185
54172,54,53,0.0185185
54175,54,53,0.0185185
54177,54,53,0.0185185
54181,54,53,0.0185185
54186,54,53,0.0185185
54189,54,53,0.0185185
54191,54,53,0.0185185
54194,54,53,0.0185185
54196,54,53,0.0185185
54199,54,53,0.0185185
54201,54,53,0.0185185
54204,54,53,0.0185185
54207,54,53,0.0185185
54211,54,53,0.0185185
54213,54,53,0.0185185
54216,54,53,0.0185185
54218,54,53,0.0185185
54221,54,53,0.0185185
54223,54,53,0.0185185
54226,54,53,0.0185185
54228,54,53,0.0185185
54233,54,53,0.0185185
54235,54,53,0.0185185
54238,54,53,0.0185185
54240,54,53,0.0185185
54243,54,53,0.0185185
54245,54,53,0.0185185
54247,54,53,0.0185185
54250,54,53,0.0185185
54253,54,53,0.0185185
54255,54,53,0.0185185
54257,54,53,0.0185185
54260,54,53,0.0185185
54262,54,53,0.0185185
54264,54,53,0.0185185
54267,54,53,0.0185185
54269,54,53,0.0185185
54272,54,53,0.0185185
54274,54,53,0.0185185
54277,54,53,0.0185185
54279,54,53,0.0185185
54281,54,53,0.0185185
54284,54,53,0.0185185
54286,54,53,0.0185185
54289,54,53,0.0185185
54291,54,53,0.0185185
54295,54,53,0.0185185
54297,54,53,0.0185185
54300,54,53,0.0185185
54302,54,53,0.0185185
54305,54,53,0.0185185
54307,54,53,0.0185185
54310,54,53,0.0185185
54312,54,53,0.0185185
54314,54,53,0.0185185
54317,54,53,0.0185185
54319,54,53,0.0185185
54325,54,53,0.0185185
54328,54,53,0.0185185
54330,54,53,0.0185185
54333,54,53,0.0185185
54336,54,53,0.0185185
54338,54,53,0.0185185
54342,54,53,0.0185185
54345,54,53,0.0185185
54347,54,53,0.0185185
54350,54,53,0.0185185
54355,54,53,0.0185185
54358,54,53,0.0185185
54360,54,53,0.0185185
54362,54,53,0.0185185
54365,54,53,0.0185185
54367,54,53,0.0185185
54370,54,53,0.0185185
54372,54,53,0.0185185
54378,54,53,0.0185185
54380,54,53,0.0185185
54382,54,53,0.0185185
54386,54,53,0.0185185
54389,54,53,0.0185185
54391,54,53,0.0185185
54394,54,53,0.0185185
54397,54,53,0.0185185
54399,54,53,0.0185185
54402,54,53,0.0185185
54404,54,53,0.0185185
54407,54,53,0.0185185
54409,54,53,0.0185185
54411,54,53,0.0185185
54414,54,53,0.0185185
54417,54,53,0.0185185
54420,54,53,0.0185185
54422,54,53,0.0185185
54424,54,53,0.0185185
54427,54,53,0.0185185
54429,54,53,0.0185185
54432,54,53,0.0185185
54434,54,53,0.0185185
54437,54,53,0.0185185
54439,54,53,0.0185185
54442,54,53,0.0185185
54444,54,53,0.0185185
54447,54,53,0.0185185
54450,54,53,0.0185185
54452,54,53,0.0185185
54455,54,53,0.0185185
54457,54,53,0.0185185
54459,54,53,0.0185185
54463,54,53,0.0185185
54466,54,53,0.0185185
54469,54,53,0.0185185
54472,54,53,0.0185185
54477,54,53,0.0185185
54479,54,53,0.0185185
54482,54,53,0.0185185
54485,54,53,0.0185185
54487,54,53,0.0185185
54490,54,53,0.0185185
54492,54,53,0.0185185
54497,54,53,0.0185185
54499,54,53,0.0185185
54502,54,53,0.0185185
54504,54,53,0.0185185
54507,54,53,0.0185185
54509,54,53,0.0185185
54512,54,53,0.0185185
54514,54,53,0.0185185
54518,54,53,0.0185185
54520,54,53,0.0185185
54523,54,53,0.0185185
54527,54,53,0.0185185
54529,54,53,0.0185185
54533,54,53,0.0185185
54536,54,53,0.0185185
54539,54,53,0.0185185
54543,54,53,0.0185185
54545,54,53,0.0185185
54552,54,53,0.0185185
54554,54,53,0.0185185
54559,54,53,0.0185185
54561,54,53,0.0185185
54564,54,53,0.0185185
54566,54,53,0.0185185
54571,54,53,0.0185185
54575,54,53,0.0185185
54578,54,53,0.0185185
54581,54,53,0.0185185
54583,54,53,0.0185185
54586,54,53,0.0185185
54590,54,53,0.0185185
54593,54,53,0.0185185
54596,54,53,0.0185185
54598,54,53,0.0185185
54600,54,53,0.0185185
54603,54,53,0.0185185
54605,54,53,0.0185185
54608,54,53,0.0185185
54610,54,53,0.0185185
54613,54,53,0.0185185
54616,54,53,0.0185185
54618,54,53,0.0185185
54621,54,53,0.0185185
54623,54,53,0.0185185
54627,54,53,0.0185185
54630,54,53,0.0185185
54633,54,53,0.0185185
54635,54,53,0.0185185
54638,54,53,0.0185185
54640,54,53,0.0185185
54644,54,53,0.0185185
54647,54,53,0.0185185
54650,54,53,0.0185185
54653,54,53,0.0185185
54655,54,53,0.0185185
54658,54,53,0.0185185
54660,54,53,0.0185185
54663,54,53,0.0185185
54666,54,53,0.0185185
54670,54,53,0.0185185
54672,54,53,0.0185185
54675,54,53,0.0185185
54677,54,53,0.0185185
54680,54,53,0.0185185
54682,54,53,0.0185185
54685,54,53,0.0185185
54687,54,53,0.0185185
54690,54,53,0.0185185
54692,54,53,0.0185185
54695,54,53,0.0185185
54697,54,53,0.0185185
54700,54,53,0.0185185
54703,54,53,0.0185185
54706,54,53,0.0185185
54708,54,53,0.0185185
54712,54,53,0.0185185
54714,54,53,0.0185185
54717,54,53,0.0185185
54719,54,53,0.0185185
54721,54,53,0.0185185
54724,54,53,0.0185185
54727,54,53,0.0185185
54729,54,53,0.0185185
54731,54,53,0.0185185
54734,54,53,0.0185185
54736,54,53,0.0185185
54738,54,53,0.0185185
54742,54,53,0.0185185
54745,54,53,0.0185185
54747,54,53,0.0185185
54749,54,53,0.0185185
54752,54,53,0.0185185
54754,54,53,0.0185185
54757,54,53,0.0185185
54759,54,53,0.0185185
54763,54,53,0.0185185
54768,54,53,0.0185185
54772,54,53,0.0185185
54775,54,53,0.0185185
54777,54,53,0.0185185
54780,54,53,0.0185185
54782,54,53,0.0185185
54785,54,53,0.0185185
54788,54,53,0.0185185
54790,54,53,0.0185185
54793,54,53,0.0185185
54795,54,53,0.0185185
54798,54,53,0.0185185
54800,54,53,0.0185185
54803,54,53,0.0185185
54808,54,53,0.0185185
54812,54,53,0.0185185
54815,54,53,0.0185185
54817,54,53,0.0185185
54820,54,53,0.0185185
54825,54,53,0.0185185
54827,54,53,0.0185185
54830,54,53,0.0185185
54832,54,53,0.0185185
54835,54,53,0.0185185
54838,54,53,0.0185185
54840,54,53,0.0185185
54846,54,53,0.0185185
54848,54,53,0.0185185
54851,54,53,0.0185185
54853,54,53,0.0185185
54856,54,53,0.0185185
54858,54,53,0.0185185
54861,54,53,0.0185185
54863,54,53,0.0185185
54865,54,53,0.0185185
54869,54,53,0.0185185
54872,54,53,0.0185185
54875,54,53,0.0185185
54877,54,53,0.0185185
54881,54,53,0.0185185
54885,54,53,0.0185185
54889,54,53,0.0185185
54893,54,53,0.0185185
54895,54,53,0.0185185
54898,54,53,0.0185185
54900,54,53,0.0185185
54902,54,53,0.0185185
54906,54,53,0.0185185
54908,54,53,0.0185185
54911,54,53,0.0185185
54913,54,53,0.0185185
54916,54,53,0.0185185
54919,54,53,0.0185185
54923,54,53,0.0185185
54926,54,53,0.0185185
54928,54,53,0.0185185
54931,54,53,0.0185185
54933,54,53,0.0185185
54936,54,53,0.0185185
54939,54,53,0.0185185
54942,54,53,0.0185185
54944,54,53,0.0185185
54947,54,53,0.0185185
54949,54,53,0.0185185
54952,54,53,0.0185185
54956,54,53,0.0185185
54958,54,53,0.0185185
54961,54,53,0.0185185
54963,54,53,0.0185185
54967,54,53,0.0185185
54970,54,53,0.0185185
54974,54,53,0.0185185
54978,54,53,0.0185185
54980,54,53,0.0185185
54983,54,53,0.0185185
54989,54,53,0.0185185
54991,54,53,0.0185185
54993,54,53,0.0185185
54998,54,53,0.0185185
55001,54,53,0.0185185
55004,54,53,0.0185185
55009,54,53,0.0185185
55011,54,53,0.0185185
55015,54,53,0.0185185
55017,54,53,0.0185185
55020,54,53,0.0185185
55022,54,53,0.0185185
55025,54,53,0.0185185
55027,54,53,0.0185185
55030,54,53,0.0185185
55033,54,53,0.0185185
55035,54,53,0.0185185
55037,54,53,0.0185185
55040,54,53,0.0185185
55043,54,53,0.0185185
55045,54,53,0.0185185
55049,54,53,0.0185185
55051,54,53,0.0185185
55055,54,53,0.0185185
55058,54,53,0.0185185
55060,54,53,0.0185185
55062,54,53,0.0185185
55065,54,53,0.0185185
55068,54,53,0.0185185
55071,54,53,0.0185185
55074,54,53,0.0185185
55077,54,53,0.0185185
55079,54,53,0.0185185
55081,54,53,0.0185185
55085,54,53,0.0185185
55089,54,53,0.0185185
55091,54,53,0.0185185
55094,54,53,0.0185185
55096,54,53,0.0185185
55100,54,53,0.0185185
55103,54,53,0.0185185
55105,54,53,0.0185185
55107,54,53,0.0185185
55110,54,53,0.0185185
55113,54,53,0.0185185
55115,54,53,0.0185185
55118,54,53,0.0185185
55120,54,53,0.0185185
55123,54,53,0.0185185
55125,54,53,0.0185185
55128,54,53,0.0185185
55130,54,53,0.0185185
55133,54,53,0.0185185
55135,54,53,0.0185185
55138,54,53,0.0185185
55140,54,53,0.0185185
55143,54,53,0.0185185
55148,54,53,0.0185185
55150,54,53,0.0185185
55153,54,53,0.0185185
55156,54,53,0.0185185
55160,54,53,0.0185185
55164,54,53,0.0185185
55169,54,53,0.0185185
55171,54,53,0.0185185
55175,54,53,0.0185185
55178,54,53,0.0185185
55180,54,53,0.0185185
55183,54,53,0.0185185
55185,54,53,0.0185185
55188,54,53,0.0185185
55192,54,53,0.0185185
55194,54,53,0.0185185
55197,54,53,0.0185185
55199,54,53,0.0185185
55202,54,53,0.0185185
55206,54,53,0.0185185
55210,54,53,0.0185185
55212,54,53,0.0185185
55214,54,53,0.0185185
55217,54,53,0.0185185
55219,54,53,0.0185185
55222,54,53,0.0185185
55224,54,53,0.0185185
55226,54,53,0.0185185
55229,54,53,0.0185185
55231,54,53,0.0185185
55235,54,53,0.0185185
55239,54,53,0.0185185
55241,54,53,0.0185185
55244,54,53,0.0185185
55246,54,53,0.0185185
55248,54,53,0.0185185
55251,54,53,0.0185185
55254,54,53,0.0185185
55256,54,53,0.0185185
55258,54,53,0.0185185
55262,54,53,0.0185185
55266,54,53,0.0185185
55268,54,53,0.0185185
55271,54,53,0.0185185
55273,54,53,0.0185185
55276,54,53,0.0185185
55278,54,53,0.0185185
55281,54,53,0.0185185
55283,54,53,0.0185185
55286,54,53,0.0185185
55288,54,53,0.0185185
55291,54,53,0.0185185
55293,54,53,0.0185185
55296,54,53,0.0185185
55299,54,53,0.0185185
55302,54,53,0.0185185
55304,54,53,0.0185185
55308,54,53,0.0185185
55311,54,53,0.0185185
55313,54,53,0.0185185
55316,54,53,0.0185185
55318,54,53,0.0185185
55320,54,53,0.0185185
55325,54,53,0.0185185
55327,54,53,0.0185185
55331,54,53,0.0185185
55333,54,53,0.0185185
55335,54,53,0.0185185
55338,54,53,0.0185185
55342,54,53,0.0185185
55346,54,53,0.0185185
55348,54,53,0.0185185
55351,54,53,0.0185185
55355,54,53,0.0185185
55357,54,53,0.0185185
55360,54,53,0.0185185
55362,54,53,0.0185185
55365,54,53,0.0185185
55367,54,53,0.0185185
55370,54,53,0.0185185
55372,54,53,0.0185185
55374,54,53,0.0185185
55377,54,53,0.0185185
55379,54,53,0.0185185
55382,54,53,0.0185185
55385,54,53,0.0185185
55387,54,53,0.0185185
55392,54,53,0.0185185
55394,54,53,0.0185185
55398,54,53,0.0185185
55402,54,53,0.0185185
55406,54,53,0.0185185
55408,54,53,0.0185185
55411,54,53,0.0185185
55413,54,53,0.0185185
55416,54,53,0.0185185
55420,54,53,0.0185185
55424,54,53,0.0185185
55426,54,53,0.0185185
55429,54,53,0.0185185
55432,54,53,0.0185185
55434,54,53,0.0185185
55437,54,53,0.0185185
55439,54,53,0.0185185
55442,54,53,0.0185185
55445,54,53,0.0185185
55447,54,53,0.0185185
55450,54,53,0.0185185
55452,54,53,0.0185185
55455,54,53,0.0185185
55458,54,53,0.0185185
55460,54,53,0.0185185
55463,54,53,0.0185185
55465,54,53,0.0185185
55469,54,53,0.0185185
55472,54,53,0.0185185
55475,54,53,0.0185185
55477,54,53,0.0185185
55480,54,53,0.0185185
55483,54,53,0.0185185
55485,54,53,0.0185185
55488,54,53,0.0185185
55490,54,53,0.0185185
55493,54,53,0.0185185
55495,54,53,0.0185185
55498,54,53,0.0185185
55502,54,53,0.0185185
55505,54,53,0.0185185
55509,54,53,0.0185185
55511,54,53,0.0185185
55514,54,53,0.0185185
55516,54,53,0.0185185
55520,54,53,0.0185185
55524,54,53,0.0185185
55527,54,53,0.0185185
55529,54,53,0.0185185
55532,54,53,0.0185185
55534,54,53,0.0185185
55536,54,53,0.0185185
55539,54,53,0.0185185
55542,54,53,0.0185185
55545,54,53,0.0185185
55550,54,53,0.0185185
55554,54,53,0.0185185
55557,54,53,0.0185185
55559,54,53,0.0185185
55562,54,53,0.0185185
55564,54,53,0.0185185
55568,54,53,0.0185185
55570,54,53,0.0185185
55572,54,53,0.0185185
55575,54,53,0.0185185
55577,54,53,0.0185185
55580,54,53,0.0185185
55583,54,53,0.0185185
55586,54,53,0.0185185
55590,54,53,0.0185185
55593,54,53,0.0185185
55595,54,53,0.0185185
55598,54,53,0.0185185
55600,54,53,0.0185185
55603,54,53,0.0185185
55607,54,53,0.0185185
55612,54,53,0.0185185
55616,54,53,0.0185185
55619,54,53,0.0185185
55622,54,53,0.0185185
55624,54,53,0.0185185
55627,54,53,0.0185185
55629,54,53,0.0185185
55632,54,53,0.0185185
55635,54,53,0.0185185
55637,54,53,0.0185185
55640,54,53,0.0185185
55643,54,53,0.0185185
55646,54,53,0.0185185
55649,54,53,0.0185185
55653,54,53,0.0185185
55656,54,53,0.0185185
55659,54,53,0.0185185
55663,54,53,0.0185185
55667,54,53,0.0185185
55669,54,53,0.0185185
55673,54,53,0.0185185
55676,54,53,0.0185185
55678,54,53,0.0185185
55680,54,53,0.0185185
55684,54,53,0.0185185
55686,54,53,0.0185185
55689,54,53,0.0185185
55692,54,53,0.0185185
55695,54,53,0.0185185
55697,54,53,0.0185185
55700,54,53,0.0185185
55702,54,53,0.0185185
55705,54,53,0.0185185
55707,54,53,0.0185185
55709,54,53,0.0185185
55712,54,53,0.0185185
55714,54,53,0.0185185
55717,54,53,0.0185185
55719,54,53,0.0185185
55722,54,53,0.0185185
55724,54,53,0.0185185
55727,54,53,0.0185185
55730,54,53,0.0185185
55732,54,53,0.0185185
55735,54,53,0.0185185
55737,54,53,0.0185185
55741,54,53,0.0185185
55743,54,53,0.0185185
55745,54,53,0.0185185
55748,54,53,0.0185185
55750,54,53,0.0185185
55754,54,53,0.0185185
55757,54,53,0.0185185
55760,54,53,0.0185185
55763,54,53,0.0185185
55765,54,53,0.0185185
55768,54,53,0.0185185
55771,54,53,0.0185185
55773,54,53,0.0185185
55776,54,53,0.0185185
55779,54,53,0.0185185
55782,54,53,0.0185185
55786,54,53,0.0185185
55788,54,53,0.0185185
55791,54,53,0.0185185
55793,54,53,0.0185185
55798,54,53,0.0185185
55800,54,53,0.0185185
55802,54,53,0.0185185
55805,54,53,0.0185185
55807,54,53,0.0185185
55810,54,53,0.0185185
55813,54,53,0.0185185
55815,54,53,0.0185185
55818,54,53,0.0185185
55821,54,53,0.0185185
55823,54,53,0.0185185
55825,54,53,0.0185185
55828,54,53,0.0185185
55832,54,53,0.0185185
55835,54,53,0.0185185
55837,54,53,0.0185185
55839,54,53,0.0185185
55843,54,53,0.0185185
55845,54,53,0.0185185
55847,54,53,0.0185185
55850,54,53,0.0185185
55853,54,53,0.0185185
55855,54,53,0.0185185
55857,54,53,0.0185185
55860,54,53,0.0185185
55863,54,53,0.0185185
55865,54,53,0.0185185
55868,54,53,0.0185185
55870,54,53,0.0185185
55875,54,53,0.0185185
55879,54,53,0.0185185
55881,54,53,0.0185185
55884,54,53,0.0185185
55886,54,53,0.0185185
55891,54,53,0.0185185
55893,54,53,0.0185185
55895,54,53,0.0185185
55899,54,53,0.0185185
55902,54,53,0.0185185
55905,54,53,0.0185185
55907,54,53,0.0185185
55909,54,53,0.0185185
55912,54,53,0.0185185
55916,54,53,0.0185185
55919,54,53,0.0185185
55921,54,53,0.0185185
55924,54,53,0.0185185
55927,54,53,0.0185185
55929,54,53,0.0185185
55932,54,53,0.0185185
55934,54,53,0.0185185
55937,54,53,0.0185185
55939,54,53,0.0185185
55942,54,53,0.0185185
55944,54,53,0.0185185
55946,54,53,0.0185185
55950,54,53,0.0185185
55952,54,53,0.0185185
55954,54,53,0.0185185
55957,54,53,0.0185185
55959,54,53,0.0185185
55964,54,53,0.0185185
55966,54,53,0.0185185
55969,54,53,0.0185185
55971,54,53,0.0185185
55974,54,53,0.0185185
55976,54,53,0.0185185
55979,54,53,0.0185185
55982,54,53,0.0185185
55984,54,53,0.0185185
55987,54,53,0.0185185
55989,54,53,0.0185185
55992,54,53,0.0185185
55996,54,53,0.0185185
55998,54,53,0.0185185
56001,54,53,0.0185185
56003,54,53,0.0185185
56006,54,53,0.0185185
56009,54,53,0.0185185
56011,54,53,0.0185185
56014,54,53,0.0185185
56017,54,53,0.0185185
56020,54,53,0.0185185
56022,54,53,0.0185185
56025,54,53,0.0185185
56029,54,53,0.0185185
56032,54,53,0.0185185
56034,54,53,0.0185185
56036,54,53,0.0185185
56041,54,53,0.0185185
56043,54,53,0.0185185
56048,54,53,0.0185185
56050,54,53,0.0185185
56054,54,53,0.0185185
56056,54,53,0.0185185
56060,54,53,0.0185185
56062,54,53,0.0185185
56066,54,53,0.0185185
56068,54,53,0.0185185
56071,54,53,0.0185185
56073,54,53,0.0185185
56077,54,53,0.0185185
56079,54,53,0.0185185
56082,54,53,0.0185185
56084,54,53,0.0185185
56087,54,53,0.0185185
56091,54,53,0.0185185
56093,54,53,0.0185185
56096,54,53,0.0185185
56098,54,53,0.0185185
56102,54,53,0.0185185
56104,54,53,0.0185185
56108,54,53,0.0185185
56111,54,53,0.0185185
56113,54,53,0.0185185
56117,54,53,0.0185185
56119,54,53,0.0185185
56124,54,53,0.0185185
56126,54,53,0.0185185
56130,54,53,0.0185185
56132,54,53,0.0185185
56134,54,53,0.0185185
56137,54,53,0.0185185
56139,54,53,0.0185185
56142,54,53,0.0185185
56144,54,53,0.0185185
56149,54,53,0.0185185
56152,54,53,0.0185185
56154,54,53,0.0185185
56158,54,53,0.0185185
56163,54,53,0.0185185
56165,54,53,0.0185185
56168,54,53,0.0185185
56170,54,53,0.0185185
56173,54,53,0.0185185
56175,54,53,0.0185185
56178,54,53,0.0185185
56181,54,53,0.0185185
56184,54,53,0.0185185
56186,54,53,0.0185185
56189,54,53,0.0185185
56192,54,53,0.0185185
56195,54,53,0.0185185
56197,54,53,0.0185185
56201,54,53,0.0185185
56206,54,53,0.0185185
56208,54,53,0.0185185
56211,54,53,0.0185185
56214,54,53,0.0185185
56218,54,53,0.0185185
56220,54,53,0.0185185
56224,54,53,0.0185185
56227,54,53,0.0185185
56230,54,53,0.0185185
56234,54,53,0.0185185
56236,54,53,0.0185185
56239,54,53,0.0185185
56242,54,53,0.0185185
56245,54,53,0.0185185
56248,54,53,0.0185185
56252,54,53,0.0185185
56255,54,53,0.0185185
56257,54,53,0.0185185
56260,54,53,0.0185185
56264,54,53,0.0185185
56267,54,53,0.0185185
56269,54,53,0.0185185
56272,54,53,0.0185185
56274,54,53,0.0185185
56277,54,53,0.0185185
56279,54,53,0.0185185
56283,54,53,0.0185185
56285,54,53,0.0185185
56287,54,53,0.0185185
56290,54,53,0.0185185
56294,54,53,0.0185185
56297,54,53,0.0185185
56299,54,53,0.0185185
56302,54,53,0.0185185
56304,54,53,0.0185185
56307,54,53,0.0185185
56309,54,53,0.0185185
56313,54,53,0.0185185
56315,54,53,0.0185185
56320,54,53,0.0185185
56322,54,53,0.0185185
56326,54,53,0.0185185
56328,54,53,0.0185185
56331,54,53,0.0185185
56333,54,53,0.0185185
56336,54,53,0.0185185
56339,54,53,0.0185185
56342,54,53,0.0185185
56344,54,53,0.0185185
56347,54,53,0.0185185
56349,54,53,0.0185185
56352,54,53,0.0185185
56354,54,53,0.0185185
56357,54,53,0.0185185
56359,54,53,0.0185185
56362,54,53,0.0185185
56364,54,53,0.0185185
56368,54,53,0.0185185
56370,54,53,0.0185185
56376,54,53,0.0185185
56378,54,53,0.0185185
56381,54,53,0.0185185
56383,54,53,0.0185185
56385,54,53,0.0185185
56389,54,53,0.0185185
56391,54,53,0.0185185
56394,54,53,0.0185185
56396,54,53,0.0185185
56399,54,53,0.0185185
56405,54,53,0.0185185
56407,54,53,0.0185185
56411,54,53,0.0185185
56413,54,53,0.0185185
56416,54,53,0.0185185
56421,54,53,0.0185185
56423,54,53,0.0185185
56426,54,53,0.0185185
56432,54,53,0.0185185
56437,54,53,0.0185185
56440,54,53,0.0185185
56443,54,53,0.0185185
56445,54,53,0.0185185
56448,54,53,0.0185185
56450,54,53,0.0185185
56453,54,53,0.0185185
56458,54,53,0.0185185
56461,54,53,0.0185185
56463,54,53,0.0185185
56468,54,53,0.0185185
56470,54,53,0.0185185
56473,54,53,0.0185185
56475,54,53,0.0185185
56478,54,53,0.0185185
56482,54,53,0.0185185
56484,54,53,0.0185185
56488,54,53,0.0185185
56490,54,53,0.0185185
56493,54,53,0.0185185
56495,54,53,0.0185185
56499,54,53,0.0185185
56501,54,53,0.0185185
56504,54,53,0.0185185
56506,54,53,0.0185185
56509,54,53,0.0185185
56512,54,53,0.0185185
56517,54,53,0.0185185
56522,54,53,0.0185185
56529,54,53,0.0185185
56531,54,53,0.0185185
56534,54,53,0.0185185
56536,54,53,0.0185185
56539,54,53,0.0185185
56541,54,53,0.0185185
56544,54,53,0.0185185
56552,54,53,0.0185185
56555,54,53,0.0185185
56561,54,53,0.0185185
56564,54,53,0.0185185
56568,54,53,0.0185185
56572,54,53,0.0185185
56575,54,53,0.0185185
56578,54,53,0.0185185
56581,54,53,0.0185185
56583,54,53,0.0185185
56586,54,53,0.0185185
56590,54,53,0.0185185
56594,54,53,0.0185185
56597,54,53,0.0185185
56599,54,53,0.0185185
56604,54,53,0.0185185
56606,54,53,0.0185185
56608,54,53,0.0185185
56611,54,53,0.0185185
56613,54,53,0.0185185
56616,54,53,0.0185185
56618,54,53,0.0185185
56622,54,53,0.0185185
56626,54,53,0.0185185
56628,54,53,0.0185185
56631,54,53,0.0185185
56633,54,53,0.0185185
56636,54,53,0.0185185
56638,54,53,0.0185185
56641,54,53,0.0185185
56643,54,53,0.0185185
56646,54,53,0.0185185
56648,54,53,0.0185185
56651,54,53,0.0185185
56654,54,53,0.0185185
56658,54,53,0.0185185
56660,54,53,0.0185185
56663,54,53,0.0185185
56667,54,53,0.0185185
56670,54,53,0.0185185
56672,54,53,0.0185185
56675,54,53,0.0185185
56678,54,53,0.0185185
56682,54,53,0.0185185
56686,54,53,0.0185185
56689,54,53,0.0185185
56691,54,53,0.0185185
56694,54,53,0.0185185
56696,54,53,0.0185185
56699,54,53,0.0185185
56701,54,53,0.0185185
56704,54,53,0.0185185
56706,54,53,0.0185185
56709,54,53,0.0185185
56711,54,53,0.0185185
56714,54,53,0.0185185
56717,54,53,0.0185185
56720,54,53,0.0185185
56722,54,53,0.0185185
56725,54,53,0.0185185
56727,54,53,0.0185185
56729,54,53,0.0185185
56732,54,53,0.0185185
56734,54,53,0.0185185
56737,54,53,0.0185185
56739,54,53,0.0185185
56742,54,53,0.0185185
56745,54,53,0.0185185
56747,54,53,0.0185185
56751,54,53,0.0185185
56753,54,53,0.0185185
56756,54,53,0.0185185
56758,54,53,0.0185185
56760,54,53,0.0185185
56763,54,53,0.0185185
56765,54,53,0.0185185
56768,54,53,0.0185185
56770,54,53,0.0185185
56773,54,53,0.0185185
56775,54,53,0.0185185
56778,54,53,0.0185185
56780,54,53,0.0185185
56783,54,53,0.0185185
56786,54,53,0.0185185
56789,54,53,0.0185185
56792,54,53,0.0185185
56794,54,53,0.0185185
56797,54,53,0.0185185
56799,54,53,0.0185185
56804,54,53,0.0185185
56806,54,53,0.0185185
56809,54,53,0.0185185
56811,54,53,0.0185185
56814,54,53,0.0185185
56816,54,53,0.0185185
56819,54,53,0.0185185
56821,54,53,0.0185185
56824,54,53,0.0185185
56826,54,53,0.0185185
56830,54,53,0.0185185
56832,54,53,0.0185185
56836,54,53,0.0185185
56839,54,53,0.0185185
56842,54,53,0.0185185
56844,54,53,0.0185185
56848,54,53,0.0185185
56850,54,53,0.0185185
56852,54,53,0.0185185
56855,54,53,0.0185185
56857,54,53,0.0185185
56860,54,53,0.0185185
56862,54,53,0.0185185
56865,54,53,0.0185185
56868,54,53,0.0185185
56872,54,53,0.0185185
56876,54,53,0.0185185
56878,54,53,0.0185185
56881,54,53,0.0185185
56885,54,53,0.0185185
56888,54,53,0.0185185
56890,54,53,0.0185185
56893,54,53,0.0185185
56899,54,53,0.0185185
56901,54,53,0.0185185
56905,54,53,0.0185185
56908,54,53,0.0185185
56911,54,53,0.0185185
56914,54,53,0.0185185
56916,54,53,0.0185185
56920,54,53,0.0185185
56922,54,53,0.0185185
56925,54,53,0.0185185
56927,54,53,0.0185185
56930,54,53,0.0185185
56933,54,53,0.0185185
56937,54,53,0.0185185
56939,54,53,0.0185185
56942,54,53,0.0185185
56944,54,53,0.0185185
56948,54,53,0.0185185
56950,54,53,0.0185185
56953,54,53,0.0185185
56955,54,53,0.0185185
56958,54,53,0.0185185
56960,54,53,0.0185185
56963,54,53,0.0185185
56966,54,53,0.0185185
56968,54,53,0.0185185
56971,54,53,0.0185185
56973,54,53,0.0185185
56976,54,53,0.0185185
56978,54,53,0.0185185
56985,54,53,0.0185185
56987,54,53,0.0185185
56990,54,53,0.0185185
56993,54,53,0.0185185
56995,54,53,0.0185185
56998,54,53,0.0185185
57002,54,53,0.0185185
57004,54,53,0.0185185
57007,54,53,0.0185185
57009,54,53,0.0185185
57012,54,53,0.0185185
57015,54,53,0.0185185
57018,54,53,0.0185185
57021,54,53,0.0185185
57024,54,53,0.0185185
57026,54,53,0.0185185
57029,54,53,0.0185185
57031,54,53,0.0185185
57034,54,53,0.0185185
57037,54,53,0.0185185
57040,54,53,0.0185185
57043,54,53,0.0185185
57045,54,53,0.0185185
57048,54,53,0.0185185
57052,54,53,0.0185185
57055,54,53,0.0185185
57057,54,53,0.0185185
57060,54,53,0.0185185
57065,54,53,0.0185185
57067,54,53,0.0185185
57070,54,53,0.0185185
57072,54,53,0.0185185
57074,54,53,0.0185185
57077,54,53,0.0185185
57079,54,53,0.0185185
57082,54,53,0.0185185
57084,54,53,0.0185185
57087,54,53,0.0185185
57090,54,53,0.0185185
57092,54,53,0.0185185
57097,54,53,0.0185185
57099,54,53,0.0185185
57102,54,53,0.0185185
57104,54,53,0.0185185
57107,54,53,0.0185185
57109,54,53,0.0185185
57113,54,53,0.0185185
57116,54,53,0.0185185
57118,54,53,0.0185185
57124,54,53,0.0185185
57126,54,53,0.0185185
57129,54,53,0.0185185
57132,54,53,0.0185185
57135,54,53,0.0185185
57138,54,53,0.0185185
57140,54,53,0.0185185
57143,54,53,0.0185185
57146,54,53,0.0185185
57151,54,53,0.0185185
57153,54,53,0.0185185
57157,54,53,0.0185185
57160,54,53,0.0185185
57162,54,53,0.0185185
57165,54,53,0.0185185
57167,54,53,0.0185185
57170,54,53,0.0185185
57173,54,53,0.0185185
57176,54,53,0.0185185
57178,54,53,0.0185185
57181,54,53,0.0185185
57183,54,53,0.0185185
57186,54,53,0.0185185
57188,54,53,0.0185185
57191,54,53,0.0185185
57194,54,53,0.0185185
57197,54,53,0.0185185
57200,54,53,0.0185185
57203,54,53,0.0185185
57206,54,53,0.0185185
57210,54,53,0.0185185
57212,54,53,0.0185185
57215,54,53,0.0185185
57218,54,53,0.0185185
57221,54,53,0.0185185
57225,54,53,0.0185185
57230,54,53,0.0185185
57233,54,53,0.0185185
57235,54,53,0.0185185
57237,54,53,0.0185185
57240,54,53,0.0185185
57243,54,53,0.0185185
57245,54,53,0.0185185
57248,54,53,0.0185185
57253,54,53,0.0185185
57255,54,53,0.0185185
57257,54,53,0.0185185
57260,54,53,0.0185185
57263,54,53,0.0185185
57265,54,53,0.0185185
57270,54,53,0.0185185
57274,54,53,0.0185185
57277,54,53,0.0185185
57279,54,53,0.0185185
57281,54,53,0.0185185
57284,54,53,0.0185185
57286,54,53,0.0185185
57289,54,53,0.0185185
57292,54,53,0.0185185
57294,54,53,0.0185185
57297,54,53,0.0185185
57299,54,53,0.0185185
57303,54,53,0.0185185
57306,54,53,0.0185185
57308,54,53,0.0185185
57311,54,53,0.0185185
57313,54,53,0.0185185
57316,54,53,0.0185185
57318,54,53,0.0185185
57321,54,53,0.0185185
57324,54,53,0.0185185
57327,54,53,0.0185185
57329,54,53,0.0185185
57332,54,53,0.0185185
57335,54,53,0.0185185
57337,54,53,0.0185185
57340,54,53,0.0185185
57342,54,53,0.0185185
57346,54,53,0.0185185
57348,54,53,0.0185185
57352,54,53,0.0185185
57355,54,53,0.0185185
57358,54,53,0.0185185
57360,54,53,0.0185185
57363,54,53,0.0185185
57367,54,53,0.0185185
57370,54,53,0.0185185
57373,54,53,0.0185185
57375,54,53,0.0185185
57378,54,53,0.0185185
57382,54,53,0.0185185
57384,54,53,0.0185185
57387,54,53,0.0185185
57391,54,53,0.0185185
57395,54,53,0.0185185
57398,54,53,0.0185185
57400,54,53,0.0185185
57403,54,53,0.0185185
57407,54,53,0.0185185
57409,54,53,0.0185185
57412,54,53,0.0185185
57414,54,53,0.0185185
57417,54,53,0.0185185
57420,54,53,0.0185185
57423,54,53,0.0185185
57425,54,53,0.0185185
57428,54,53,0.0185185
57430,54,53,0.0185185
57434,54,53,0.0185185
57436,54,53,0.0185185
57438,54,53,0.0185185
57441,54,53,0.0185185
57444,54,53,0.0185185
57446,54,53,0.0185185
57449,54,53,0.0185185
57451,54,53,0.0185185
57454,54,53,0.0185185
57457,54,53,0.0185185
57460,54,53,0.0185185
57462,54,53,0.0185185
57465,54,53,0.0185185
57467,54,53,0.0185185
57470,54,53,0.0185185
57472,54,53,0.0185185
57474,54,53,0.0185185
57479,54,53,0.0185185
57481,54,53,0.0185185
57484,54,53,0.0185185
57486,54,53,0.0185185
57489,54,53,0.0185185
57491,54,53,0.0185185
57493,54,53,0.0185185
57496,54,53,0.0185185
57498,54,53,0.0185185
57501,54,53,0.0185185
57503,54,53,0.0185185
57506,54,53,0.0185185
57508,54,53,0.0185185
57511,54,53,0.0185185
57513,54,53,0.0185185
57515,54,53,0.0185185
57519,54,53,0.0185185
57522,54,53,0.0185185
57524,54,53,0.0185185
57526,54,53,0.0185185
57529,54,53,0.0185185
57532,54,53,0.0185185
57535,54,53,0.0185185
57538,54,53,0.0185185
57540,54,53,0.0185185
57542,54,53,0.0185185
57545,54,53,0.0185185
57547,54,53,0.0185185
57550,54,53,0.0185185
57552,54,53,0.0185185
57555,54,53,0.0185185
57558,54,53,0.0185185
57560,54,53,0.0185185
57564,54,53,0.0185185
57566,54,53,0.0185185
57569,54,53,0.0185185
57572,54,53,0.0185185
57575,54,53,0.0185185
57578,54,53,0.0185185
57581,54,53,0.0185185
57584,54,53,0.0185185
57586,54,53,0.0185185
57589,54,53,0.0185185
57592,54,53,0.0185185
57598,54,53,0.0185185
57600,54,53,0.0185185
57603,54,53,0.0185185
57606,54,53,0.0185185
57608,54,53,0.0185185
57611,54,53,0.0185185
57613,54,53,0.0185185
57620,54,53,0.0185185
57622,54,53,0.0185185
57625,54,53,0.0185185
57627,54,53,0.0185185
57630,54,53,0.0185185
57632,54,53,0.0185185
57635,54,53,0.0185185
57637,54,53,0.0185185
57640,54,53,0.0185185
57643,54,53,0.0185185
57645,54,53,0.0185185
57647,54,53,0.0185185
57652,54,53,0.0185185
57654,54,53,0.0185185
57656,54,53,0.0185185
57659,54,53,0.0185185
57661,54,53,0.0185185
57665,54,53,0.0185185
57667,54,53,0.0185185
57670,54,53,0.0185185
57675,54,53,0.0185185
57678,54,53,0.0185185
57681,54,53,0.0185185
57683,54,53,0.0185185
57686,54,53,0.0185185
57689,54,53,0.0185185
57691,54,53,0.0185185
57693,54,53,0.0185185
57697,54,53,0.0185185
57700,54,53,0.0185185
57702,54,53,0.0185185
57706,54,53,0.0185185
57709,54,53,0.0185185
57713,54,53,0.0185185
57715,54,53,0.0185185
57718,54,53,0.0185185
57720,54,53,0.0185185
57723,54,53,0.0185185
57725,54,53,0.0185185
57728,54,53,0.0185185
57732,54,53,0.0185185
57735,54,53,0.0185185
57741,54,53,0.0185185
57744,54,53,0.0185185
57747,54,53,0.0185185
57750,54,53,0.0185185
57754,54,53,0.0185185
57756,54,53,0.0185185
57759,54,53,0.0185185
57761,54,53,0.0185185
57765,54,53,0.0185185
57769,54,53,0.0185185
57771,54,53,0.0185185
57774,54,53,0.0185185
57777,54,53,0.0185185
57779,54,53,0.0185185
57783,54,53,0.0185185
57786,54,53,0.0185185
57788,54,53,0.0185185
57791,54,53,0.0185185
57793,54,53,0.0185185
57796,54,53,0.0185185
57799,54,53,0.0185185
57802,54,53,0.0185185
57804,54,53,0.0185185
57807,54,53,0.0185185
57809,54,53,0.0185185
57813,54,53,0.0185185
57815,54,53,0.0185185
57820,54,53,0.0185185
57823,54,53,0.0185185
57825,54,53,0.0185185
57828,54,53,0.0185185
57831,54,53,0.0185185
57833,54,53,0.0185185
57835,54,53,0.0185185
57838,54,53,0.0185185
57841,54,53,0.0185185
57843,54,53,0.0185185
57846,54,53,0.0185185
57848,54,53,0.0185185
57850,54,53,0.0185185
57854,54,53,0.0185185
57856,54,53,0.0185185
57859,54,53,0.0185185
57862,54,53,0.0185185
57865,54,53,0.0185185
57870,54,53,0.0185185
57872,54,53,0.0185185
57875,54,53,0.0185185
57877,54,53,0.0185185
57880,54,53,0.0185185
57882,54,53,0.0185185
57885,54,53,0.0185185
57888,54,53,0.0185185
57891,54,53,0.0185185
57894,54,53,0.0185185
57897,54,53,0.0185185
57900,54,53,0.0185185
57903,54,53,0.0185185
57908,54,53,0.0185185
57910,54,53,0.0185185
57913,54,53,0.0185185
57915,54,53,0.0185185
57919,54,53,0.0185185
57923,54,53,0.0185185
57927,54,53,0.0185185
57929,54,53,0.0185185
57932,54,53,0.0185185
57935,54,53,0.0185185
57938,54,53,0.0185185
57941,54,53,0.0185185
57943,54,53,0.0185185
57948,54,53,0.0185185
57951,54,53,0.0185185
57953,54,53,0.0185185
57956,54,53,0.0185185
57958,54,53,0.0185185
57961,54,53,0.0185185
57964,54,53,0.0185185
57967,54,53,0.0185185
57970,54,53,0.0185185
57973,54,53,0.0185185
57975,54,53,0.0185185
57978,54,53,0.0185185
57980,54,53,0.0185185
57983,54,53,0.0185185
57987,54,53,0.0185185
57990,54,53,0.0185185
57992,54,53,0.0185185
57995,54,53,0.0185185
57999,54,53,0.0185185
58003,54,53,0.0185185
58006,54,53,0.0185185
58009,54,53,0.0185185
58011,54,53,0.0185185
58014,54,53,0.0185185
58016,54,53,0.0185185
58019,54,53,0.0185185
58022,54,53,0.0185185
58024,54,53,0.0185185
58027,54,53,0.0185185
58029,54,53,0.0185185
58032,54,53,0.0185185
58036,54,53,0.0185185
58041,54,53,0.0185185
58043,54,53,0.0185185
58047,54,53,0.0185185
58052,54,53,0.0185185
58054,54,53,0.0185185
58059,54,53,0.0185185
58062,54,53,0.0185185
58065,54,53,0.0185185
58068,54,53,0.0185185
58070,54,53,0.0185185
58073,54,53,0.0185185
58075,54,53,0.0185185
58078,54,53,0.0185185
58081,54,53,0.0185185
58083,54,53,0.0185185
58086,54,53,0.0185185
58088,54,53,0.0185185
58091,54,53,0.0185185
58093,54,53,0.0185185
58096,54,53,0.0185185
58100,54,53,0.0185185
58103,54,53,0.0185185
58107,54,53,0.0185185
58110,54,53,0.0185185
58112,54,53,0.0185185
58117,54,53,0.0185185
58119,54,53,0.0185185
58122,54,53,0.0185185
58125,54,53,0.0185185
58127,54,53,0.0185185
58131,54,53,0.0185185
58134,54,53,0.0185185
58137,54,53,0.0185185
58139,54,53,0.0185185
58144,54,53,0.0185185
58146,54,53,0.0185185
58148,54,53,0.0185185
58151,54,53,0.0185185
58153,54,53,0.0185185
58156,54,53,0.0185185
58158,54,53,0.0185185
58161,54,53,0.0185185
58165,54,53,0.0185185
58167,54,53,0.0185185
58171,54,53,0.0185185
58174,54,53,0.0185185
58176,54,53,0.0185185
58179,54,53,0.0185185
58183,54,53,0.0185185
58186,54,53,0.0185185
58190,54,53,0.0185185
58194,54,53,0.0185185
58197,54,53,0.0185185
58199,54,53,0.0185185
58201,54,53,0.0185185
58204,54,53,0.0185185
58206,54,53,0.0185185
58211,54,53,0.0185185
58213,54,53,0.0185185
58216,54,53,0.0185185
58219,54,53,0.0185185
58221,54,53,0.0185185
58224,54,53,0.0185185
58226,54,53,0.0185185
58229,54,53,0.0185185
58232,54,53,0.0185185
58234,54,53,0.0185185
58237,54,53,0.0185185
58241,54,53,0.0185185
58243,54,53,0.0185185
58245,54,53,0.0185185
58248,54,53,0.0185185
58250,54,53,0.0185185
58253,54,53,0.0185185
58256,54,53,0.0185185
58260,54,53,0.0185185
58263,54,53,0.0185185
58266,54,53,0.0185185
58269,54,53,0.0185185
58271,54,53,0.0185185
58274,54,53,0.0185185
58276,54,53,0.0185185
58279,54,53,0.0185185
58281,54,53,0.0185185
58284,54,53,0.0185185
58286,54,53,0.0185185
58289,54,53,0.0185185
58291,54,53,0.0185185
58293,54,53,0.0185185
58296,54,53,0.0185185
58298,54,53,0.0185185
58301,54,53,0.0185185
58303,54,53,0.0185185
58306,54,53,0.0185185
58309,54,53,0.0185185
58313,54,53,0.0185185
58316,54,53,0.0185185
58318,54,53,0.0185185
58321,54,53,0.0185185
58323,54,53,0.0185185
58326,54,53,0.0185185
58328,54,53,0.0185185
58333,54,53,0.0185185
58336,54,53,0.0185185
58338,54,53,0.0185185
58343,54,53,0.0185185
58345,54,53,0.0185185
58347,54,53,0.0185185
58350,54,53,0.0185185
58352,54,53,0.0185185
58356,54,53,0.0185185
58358,54,53,0.0185185
58361,54,53,0.0185185
58364,54,53,0.0185185
58367,54,53,0.0185185
58372,54,53,0.0185185
58374,54,53,0.0185185
58377,54,53,0.0185185
58379,54,53,0.0185185
58382,54,53,0.0185185
58384,54,53,0.0185185
58387,54,53,0.0185185
58389,54,53,0.0185185
58392,54,53,0.0185185
58396,54,53,0.0185185
58400,54,53,0.0185185
58402,54,53,0.0185185
58405,54,53,0.0185185
58408,54,53,0.0185185
58411,54,53,0.0185185
58414,54,53,0.0185185
58417,54,53,0.0185185
58419,54,53,0.0185185
58422,54,53,0.0185185
58424,54,53,0.0185185
58427,54,53,0.0185185
58430,54,53,0.0185185
58432,54,53,0.0185185
58435,54,53,0.0185185
58439,54,53,0.0185185
58441,54,53,0.0185185
58443,54,53,0.0185185
58446,54,53,0.0185185
58448,54,53,0.0185185
58451,54,53,0.0185185
58455,54,53,0.0185185
58457,54,53,0.0185185
58462,54,53,0.0185185
58464,54,53,0.0185185
58466,54,53,0.0185185
58471,54,53,0.0185185
58473,54,53,0.0185185
58476,54,53,0.0185185
58479,54,53,0.0185185
58481,54,53,0.0185185
58484,54,53,0.0185185
58486,54,53,0.0185185
58491,54,53,0.0185185
58494,54,53,0.0185185
58496,54,53,0.0185185
58499,54,53,0.0185185
58501,54,53,0.0185185
58504,54,53,0.0185185
58506,54,53,0.0185185
58509,54,53,0.0185185
58512,54,53,0.0185185
58514,54,53,0.0185185
58517,54,53,0.0185185
58519,54,53,0.0185185
58522,54,53,0.0185185
58526,54,53,0.0185185
58528,54,53,0.0185185
58531,54,53,0.0185185
58535,54,53,0.0185185
58537,54,53,0.0185185
58539,54,53,0.0185185
58542,54,53,0.0185185
58546,54,53,0.0185185
58549,54,53,0.0185185
58552,54,53,0.0185185
58554,54,53,0.0185185
58557,54,53,0.0185185
58560,54,53,0.0185185
58563,54,53,0.0185185
58566,54,53,0.0185185
58569,54,53,0.0185185
58572,54,53,0.0185185
58575,54,53,0.0185185
58578,54,53,0.0185185
58582,54,53,0.0185185
58584,54,53,0.0185185
58586,54,53,0.0185185
58589,54,53,0.0185185
58591,54,53,0.0185185
58594,54,53,0.0185185
58597,54,53,0.0185185
58599,54,53,0.0185185
58602,54,53,0.0185185
58605,54,53,0.0185185
58607,54,53,0.0185185
58609,54,53,0.0185185
58612,54,53,0.0185185
58614,54,53,0.0185185
58617,54,53,0.0185185
58619,54,53,0.0185185
58621,54,53,0.0185185
58625,54,53,0.0185185
58627,54,53,0.0185185
58631,54,53,0.0185185
58633,54,53,0.0185185
58636,54,53,0.0185185
58638,54,53,0.0185185
58642,54,53,0.0185185
58644,54,53,0.0185185
58649,54,53,0.0185185
58652,54,53,0.0185185
58656,54,53,0.0185185
58658,54,53,0.0185185
58660,54,53,0.0185185
58663,54,53,0.0185185
58666,54,53,0.0185185
58668,54,53,0.0185185
58671,54,53,0.0185185
58675,54,53,0.0185185
58679,54,53,0.0185185
58681,54,53,0.0185185
58686,54,53,0.0185185
58688,54,53,0.0185185
58690,54,53,0.0185185
58693,54,53,0.0185185
58697,54,53,0.0185185
58700,54,53,0.0185185
58702,54,53,0.0185185
58705,54,53,0.0185185
58709,54,53,0.0185185
58711,54,53,0.0185185
58713,54,53,0.0185185
58716,54,53,0.0185185
58718,54,53,0.0185185
58721,54,53,0.0185185
58723,54,53,0.0185185
58725,54,53,0.0185185
58728,54,53,0.0185185
58731,54,53,0.0185185
58733,54,53,0.0185185
58738,54,53,0.0185185
58740,54,53,0.0185185
58743,54,53,0.0185185
58745,54,53,0.0185185
58749,54,53,0.0185185
58752,54,53,0.0185185
58754,54,53,0.0185185
58757,54,53,0.0185185
58760,54,53,0.0185185
58763,54,53,0.0185185
58765,54,53,0.0185185
58767,54,53,0.0185185
58770,54,53,0.0185185
58773,54,53,0.0185185
58776,54,53,0.0185185
58779,54,53,0.0185185
58781,54,53,0.0185185
58784,54,53,0.0185185
58787,54,53,0.0185185
58791,54,53,0.0185185
58793,54,53,0.0185185
58797,54,53,0.0185185
58800,54,53,0.0185185
58803,54,53,0.0185185
58805,54,53,0.0185185
58808,54,53,0.0185185
58810,54,53,0.0185185
58813,54,53,0.0185185
58815,54,53,0.0185185
58818,54,53,0.0185185
58821,54,53,0.0185185
58824,54,53,0.0185185
58826,54,53,0.0185185
58829,54,53,0.0185185
58832,54,53,0.0185185
58834,54,53,0.0185185
58837,54,53,0.0185185
58839,54,53,0.0185185
58842,54,53,0.0185185
58845,54,53,0.0185185
58847,54,53,0.0185185
58850,54,53,0.0185185
58852,54,53,0.0185185
58855,54,53,0.0185185
58857,54,53,0.0185185
58861,54,53,0.0185185
58863,54,53,0.0185185
58866,54,53,0.0185185
58868,54,53,0.0185185
58872,54,53,0.0185185
58874,54,53,0.0185185
58877,54,53,0.0185185
58880,54,53,0.0185185
58882,54,53,0.0185185
58884,54,53,0.0185185
58888,54,53,0.0185185
58891,54,53,0.0185185
58895,54,53,0.0185185
58899,54,53,0.0185185
58901,54,53,0.0185185
58903,54,53,0.0185185
58907,54,53,0.0185185
58909,54,53,0.0185185
58912,54,53,0.0185185
58915,54,53,0.0185185
58918,54,53,0.0185185
58920,54,53,0.0185185
58922,54,53,0.0185185
58927,54,53,0.0185185
58929,54,53,0.0185185
58932,54,53,0.0185185
58934,54,53,0.0185185
58938,54,53,0.0185185
58942,54,53,0.0185185
58944,54,53,0.0185185
58948,54,53,0.0185185
58952,54,53,0.0185185
58955,54,53,0.0185185
58959,54,53,0.0185185
58962,54,53,0.0185185
58967,54,53,0.0185185
58969,54,53,0.0185185
58972,54,53,0.0185185
58974,54,53,0.0185185
58977,54,53,0.0185185
58980,54,53,0.0185185
58982,54,53,0.0185185
58985,54,53,0.0185185
58987,54,53,0.0185185
58990,54,53,0.0185185
58992,54,53,0.0185185
58995,54,53,0.0185185
58997,54,53,0.0185185
59000,54,53,0.0185185
59002,54,53,0.0185185
59005,54,53,0.0185185
59010,54,53,0.0185185
59013,54,53,0.0185185
59015,54,53,0.0185185
59018,54,53,0.0185185
59023,54,53,0.0185185
59025,54,53,0.0185185
59028,54,53,0.0185185
59030,54,53,0.0185185
59033,54,53,0.0185185
59035,54,53,0.0185185
59038,54,53,0.0185185
59040,54,53,0.0185185
59043,54,53,0.0185185
59045,54,53,0.0185185
59047,54,53,0.0185185
59051,54,53,0.0185185
59053,54,53,0.0185185
59057,54,53,0.0185185
59059,54,53,0.0185185
59062,54,53,0.0185185
59065,54,53,0.0185185
59067,54,53,0.0185185
59069,54,53,0.0185185
59072,54,53,0.0185185
59074,54,53,0.0185185
59077,54,53,0.0185185
59081,54,53,0.0185185
59085,54,53,0.0185185
59088,54,53,0.0185185
59090,54,53,0.0185185
59093,54,53,0.0185185
59095,54,53,0.0185185
59098,54,53,0.0185185
59100,54,53,0.0185185
59103,54,53,0.0185185
59105,54,53,0.0185185
59109,54,53,0.0185185
59112,54,53,0.0185185
59114,54,53,0.0185185
59117,54,53,0.0185185
59119,54,53,0.0185185
59121,54,53,0.0185185
59125,54,53,0.0185185
59128,54,53,0.0185185
59131,54,53,0.0185185
59134,54,53,0.0185185
59137,54,53,0.0185185
59140,54,53,0.0185185
59143,54,53,0.0185185
59145,54,53,0.0185185
59148,54,53,0.0185185
59150,54,53,0.0185185
59153,54,53,0.0185185
59157,54,53,0.0185185
59159,54,53,0.0185185
59161,54,53,0.0185185
59164,54,53,0.0185185
59166,54,53,0.0185185
59169,54,53,0.0185185
59171,54,53,0.0185185
59175,54,53,0.0185185
59177,54,53,0.0185185
59180,54,53,0.0185185
59182,54,53,0.0185185
59185,54,53,0.0185185
59189,54,53,0.0185185
59192,54,53,0.0185185
59196,54,53,0.0185185
59198,54,53,0.0185185
59201,54,53,0.0185185
59203,54,53,0.0185185
59206,54,53,0.0185185
59208,54,53,0.0185185
59211,54,53,0.0185185
59213,54,53,0.0185185
59216,54,53,0.0185185
59218,54,53,0.0185185
59221,54,53,0.0185185
59223,54,53,0.0185185
59226,54,53,0.0185185
59228,54,53,0.0185185
59232,54,53,0.0185185
59235,54,53,0.0185185
59237,54,53,0.0185185
59240,54,53,0.0185185
59243,54,53,0.0185185
59246,54,53,0.0185185
59248,54,53,0.0185185
59251,54,53,0.0185185
59253,54,53,0.0185185
59257,54,53,0.0185185
59259,54,53,0.0185185
59262,54,53,0.0185185
59264,54,53,0.0185185
59267,54,53,0.0185185
59269,54,53,0.0185185
59272,54,53,0.0185185
59274,54,53,0.0185185
59277,54,53,0.0185185
59279,54,53,0.0185185
59283,54,53,0.0185185
59286,54,53,0.0185185
59288,54,53,0.0185185
59291,54,53,0.0185185
59294,54,53,0.0185185
59296,54,53,0.0185185
59299,54,53,0.0185185
59301,54,53,0.0185185
59304,54,53,0.0185185
59306,54,53,0.0185185
59309,54,53,0.0185185
59313,54,53,0.0185185
59316,54,53,0.0185185
59319,54,53,0.0185185
59321,54,53,0.0185185
59324,54,53,0.0185185
59326,54,53,0.0185185
59329,54,53,0.0185185
59331,54,53,0.0185185
59334,54,53,0.0185185
59336,54,53,0.0185185
59339,54,53,0.0185185
59341,54,53,0.0185185
59344,54,53,0.0185185
59346,54,53,0.0185185
59349,54,53,0.0185185
59351,54,53,0.0185185
59354,54,53,0.0185185
59356,54,53,0.0185185
59359,54,53,0.0185185
59362,54,53,0.0185185
59365,54,53,0.0185185
59367,54,53,0.0185185
59371,54,53,0.0185185
59373,54,53,0.0185185
59375,54,53,0.0185185
59378,54,53,0.0185185
59381,54,53,0.0185185
59383,54,53,0.0185185
59385,54,53,0.0185185
59388,54,53,0.0185185
59390,54,53,0.0185185
59393,54,53,0.0185185
59395,54,53,0.0185185
59397,54,53,0.0185185
59400,54,53,0.0185185
59402,54,53,0.0185185
59405,54,53,0.0185185
59407,54,53,0.0185185
59410,54,53,0.0185185
59412,54,53,0.0185185
59415,54,53,0.0185185
59417,54,53,0.0185185
59421,54,53,0.0185185
59423,54,53,0.0185185
59426,54,53,0.0185185
59429,54,53,0.0185185
59432,54,53,0.0185185
59434,54,53,0.0185185
59437,54,53,0.0185185
59441,54,53,0.0185185
59445,54,53,0.0185185
59448,54,53,0.0185185
59450,54,53,0.0185185
59453,54,53,0.0185185
59455,54,53,0.0185185
59459,54,53,0.0185185
59462,54,53,0.0185185
59464,54,53,0.0185185
59466,54,53,0.0185185
59469,54,53,0.0185185
59471,54,53,0.0185185
59474,54,53,0.0185185
59476,54,53,0.0185185
59479,54,53,0.0185185
59483,54,53,0.0185185
59486,54,53,0.0185185
59489,54,53,0.0185185
59491,54,53,0.0185185
59494,54,53,0.0185185
59497,54,53,0.0185185
59500,54,53,0.0185185
59502,54,53,0.0185185
59508,54,53,0.0185185
59513,54,53,0.0185185
59516,54,53,0.0185185
59518,54,53,0.0185185
59522,54,53,0.0185185
59525,54,53,0.0185185
59528,54,53,0.0185185
59530,54,53,0.0185185
59532,54,53,0.0185185
59535,54,53,0.0185185
59538,54,53,0.0185185
59540,54,53,0.0185185
59544,54,53,0.0185185
59547,54,53,0.0185185
59549,54,53,0.0185185
59552,54,53,0.0185185
59554,54,53,0.0185185
59556,54,53,0.0185185
59561,54,53,0.0185185
59564,54,53,0.0185185
59570,54,53,0.0185185
59572,54,53,0.0185185
59575,54,53,0.0185185
59577,54,53,0.0185185
59580,54,53,0.0185185
59582,54,53,0.0185185
59585,54,53,0.0185185
59587,54,53,0.0185185
59590,54,53,0.0185185
59592,54,53,0.0185185
59595,54,53,0.0185185
59597,54,53,0.0185185
59600,54,53,0.0185185
59602,54,53,0.0185185
59605,54,53,0.0185185
59607,54,53,0.0185185
59610,54,53,0.0185185
59612,54,53,0.0185185
59618,54,53,0.0185185
59621,54,53,0.0185185
59623,54,53,0.0185185
59626,54,53,0.0185185
59629,54,53,0.0185185
59632,54,53,0.0185185
59636,54,53,0.0185185
59639,54,53,0.0185185
59641,54,53,0.0185185
59644,54,53,0.0185185
59646,54,53,0.0185185
59649,54,53,0.0185185
59651,54,53,0.0185185
59654,54,53,0.0185185
59657,54,53,0.0185185
59661,54,53,0.0185185
59663,54,53,0.0185185
59666,54,53,0.0185185
59669,54,53,0.0185185
59671,54,53,0.0185185
59674,54,53,0.0185185
59677,54,53,0.0185185
59680,54,53,0.0185185
59684,54,53,0.0185185
59689,54,53,0.0185185
59691,54,53,0.0185185
59694,54,53,0.0185185
59696,54,53,0.0185185
59699,54,53,0.0185185
59702,54,53,0.0185185
59705,54,53,0.0185185
59707,54,53,0.0185185
59710,54,53,0.0185185
59713,54,53,0.0185185
59716,54,53,0.0185185
59718,54,53,0.0185185
59721,54,53,0.0185185
59723,54,53,0.0185185
59726,54,53,0.0185185
59728,54,53,0.0185185
59731,54,53,0.0185185
59734,54,53,0.0185185
59736,54,53,0.0185185
59738,54,53,0.0185185
59741,54,53,0.0185185
59743,54,53,0.0185185
59746,54,53,0.0185185
59748,54,53,0.0185185
59751,54,53,0.0185185
59754,54,53,0.0185185
59756,54,53,0.0185185
59759,54,53,0.0185185
59763,54,53,0.0185185
59765,54,53,0.0185185
59768,54,53,0.0185185
59772,54,53,0.0185185
59775,54,53,0.0185185
59777,54,53,0.0185185
59780,54,53,0.0185185
59782,54,53,0.0185185
59785,54,53,0.0185185
59787,54,53,0.0185185
59790,54,53,0.0185185
59793,54,53,0.0185185
59796,54,53,0.0185185
59798,54,53,0.0185185
59801,54,53,0.0185185
59805,54,53,0.0185185
59808,54,53,0.0185185
59812,54,53,0.0185185
59815,54,53,0.0185185
59820,54,53,0.0185185
59822,54,53,0.0185185
59827,54,53,0.0185185
59830,54,53,0.0185185
59832,54,53,0.0185185
59835,54,53,0.0185185
59837,54,53,0.0185185
59839,54,53,0.0185185
59843,54,53,0.0185185
59846,54,53,0.0185185
59848,54,53,0.0185185
59853,54,53,0.0185185
59856,54,53,0.0185185
59858,54,53,0.0185185
59861,54,53,0.0185185
59863,54,53,0.0185185
59866,54,53,0.0185185
59868,54,53,0.0185185
59870,54,53,0.0185185
59873,54,53,0.0185185
59876,54,53,0.0185185
59878,54,53,0.0185185
59881,54,53,0.0185185
59883,54,53,0.0185185
59887,54,53,0.0185185
59889,54,53,0.0185185
59892,54,53,0.0185185
59894,54,53,0.0185185
59897,54,53,0.0185185
59899,54,53,0.0185185
59902,54,53,0.0185185
59904,54,53,0.0185185
59907,54,53,0.0185185
59911,54,53,0.0185185
59915,54,53,0.0185185
59919,54,53,0.0185185
59922,54,53,0.0185185
59925,54,53,0.0185185
59927,54,53,0.0185185
59930,54,53,0.0185185
59932,54,53,0.0185185
59935,54,53,0.0185185
59937,54,53,0.0185185
59940,54,53,0.0185185
59942,54,53,0.0185185
59945,54,53,0.0185185
59947,54,53,0.0185185
59950,54,53,0.0185185
59952,54,53,0.0185185
59955,54,53,0.0185185
59958,54,53,0.0185185
59960,54,53,0.0185185
59963,54,53,0.0185185
59965,54,53,0.0185185
59968,54,53,0.0185185
59972,54,53,0.0185185
59974,54,53,0.0185185
59977,54,53,0.0185185
59979,54,53,0.0185185
59982,54,53,0.0185185
59985,54,53,0.0185185
59987,54,53,0.0185185
59990,54,53,0.0185185
59992,54,53,0.0185185
59995,54,53,0.0185185
60000,54,53,0.0185185
60413,54,53,0.0185185
