time_ms,ub,lb,gap
17,,133,
18,,133,
18,139,133,0.0431655
18,139,133,0.0431655
18,139,133,0.0431655
19,139,133,0.0431655
20,139,133,0.0431655
20,139,133,0.0431655
21,139,133,0.0431655
22,139,133,0.0431655
22,139,133,0.0431655
23,139,133,0.0431655
24,139,133,0.0431655
24,139,133,0.0431655
25,139,133,0.0431655
26,139,133,0.0431655
26,139,133,0.0431655
27,139,133,0.0431655
27,139,133,0.0431655
28,139,133,0.0431655
29,139,133,0.0431655
29,139,133,0.0431655
30,139,133,0.0431655
31,139,133,0.0431655
31,139,133,0.0431655
32,139,133,0.0431655
33,139,133,0.0431655
33,139,133,0.0431655
34,139,133,0.0431655
35,139,133,0.0431655
36,139,133,0.0431655
37,139,133,0.0431655
37,139,133,0.0431655
38,139,133,0.0431655
39,139,133,0.0431655
40,139,133,0.0431655
40,139,133,0.0431655
41,139,133,0.0431655
42,139,133,0.0431655
43,139,133,0.0431655
44,139,133,0.0431655
44,139,133,0.0431655
45,139,133,0.0431655
46,139,133,0.0431655
47,139,133,0.0431655
48,139,133,0.0431655
49,139,133,0.0431655
50,139,133,0.0431655
50,139,133,0.0431655
51,139,133,0.0431655
52,139,133,0.0431655
53,139,133,0.0431655
54,139,133,0.0431655
54,138,133,0.0362319
55,138,133,0.0362319
55,138,133,0.0362319
56,138,133,0.0362319
56,138,133,0.0362319
56,138,133,0.0362319
57,138,133,0.0362319
57,138,133,0.0362319
57,138,133,0.0362319
57,138,133,0.0362319
57,138,133,0.0362319
58,138,133,0.0362319
58,138,133,0.0362319
59,138,133,0.0362319
60,138,133,0.0362319
60,138,133,0.0362319
61,138,133,0.0362319
62,138,133,0.0362319
63,138,133,0.0362319
63,138,133,0.0362319
64,138,133,0.0362319
65,138,133,0.0362319
66,138,133,0.0362319
67,138,133,0.0362319
68,138,133,0.0362319
69,138,133,0.0362319
69,138,133,0.0362319
70,138,133,0.0362319
72,138,133,0.0362319
73,138,133,0.0362319
74,138,133,0.0362319
75,138,133,0.0362319
76,138,133,0.0362319
77,138,133,0.0362319
78,138,133,0.0362319
79,138,133,0.0362319
80,138,133,0.0362319
81,138,133,0.0362319
82,138,133,0.0362319
83,138,133,0.0362319
84,138,133,0.0362319
85,138,133,0.0362319
86,138,133,0.0362319
86,138,133,0.0362319
87,138,133,0.0362319
88,138,133,0.0362319
89,138,133,0.0362319
90,138,133,0.0362319
91,138,133,0.0362319
92,138,133,0.0362319
93,138,133,0.0362319
94,138,133,0.0362319
95,138,133,0.0362319
96,138,133,0.0362319
98,138,133,0.0362319
99,138,133,0.0362319
100,138,133,0.0362319
101,138,133,0.0362319
102,138,133,0.0362319
103,138,133,0.0362319
104,138,133,0.0362319
105,138,133,0.0362319
106,138,133,0.0362319
107,138,133,0.0362319
108,138,133,0.0362319
109,138,133,0.0362319
110,138,133,0.0362319
111,138,133,0.0362319
113,138,133,0.0362319
114,138,133,0.0362319
115,138,133,0.0362319
116,138,133,0.0362319
117,138,133,0.0362319
119,138,133,0.0362319
120,138,133,0.0362319
121,138,133,0.0362319
122,138,133,0.0362319
123,138,133,0.0362319
124,138,133,0.0362319
125,138,133,0.0362319
126,138,133,0.0362319
128,138,133,0.0362319
129,138,133,0.0362319
130,138,133,0.0362319
131,138,133,0.0362319
132,138,133,0.0362319
133,138,133,0.0362319
135,138,133,0.0362319
136,138,133,0.0362319
137,138,133,0.0362319
137,138,133,0.0362319
138,138,133,0.0362319
138,138,133,0.0362319
138,138,133,0.0362319
139,138,133,0.0362319
139,138,133,0.0362319
139,138,133,0.0362319
140,138,133,0.0362319
140,138,133,0.0362319
141,138,133,0.0362319
141,138,133,0.0362319
141,138,133,0.0362319
141,138,133,0.0362319
142,138,133,0.0362319
142,138,133,0.0362319
142,138,133,0.0362319
143,138,133,0.0362319
144,138,133,0.0362319
145,138,133,0.0362319
146,138,133,0.0362319
148,138,133,0.0362319
149,138,133,0.0362319
150,138,133,0.0362319
151,138,133,0.0362319
152,138,133,0.0362319
153,138,133,0.0362319
154,138,133,0.0362319
156,138,133,0.0362319
157,138,133,0.0362319
158,138,133,0.0362319
159,138,133,0.0362319
160,138,133,0.0362319
162,138,133,0.0362319
163,138,133,0.0362319
164,138,133,0.0362319
165,138,133,0.0362319
166,138,133,0.0362319
168,138,133,0.0362319
169,138,133,0.0362319
170,138,133,0.0362319
171,138,133,0.0362319
172,138,133,0.0362319
173,138,133,0.0362319
175,138,133,0.0362319
176,138,133,0.0362319
177,138,133,0.0362319
178,138,133,0.0362319
180,138,133,0.0362319
181,138,133,0.0362319
182,138,133,0.0362319
183,138,133,0.0362319
184,138,133,0.0362319
186,138,133,0.0362319
187,138,133,0.0362319
188,138,133,0.0362319
189,138,133,0.0362319
191,138,133,0.0362319
192,138,133,0.0362319
193,138,133,0.0362319
194,138,133,0.0362319
196,138,133,0.0362319
197,138,133,0.0362319
198,138,133,0.0362319
200,138,133,0.0362319
201,138,133,0.0362319
202,138,133,0.0362319
203,138,133,0.0362319
205,138,133,0.0362319
206,138,133,0.0362319
207,138,133,0.0362319
209,138,133,0.0362319
210,138,133,0.0362319
211,138,133,0.0362319
213,138,133,0.0362319
214,138,133,0.0362319
216,138,133,0.0362319
217,138,133,0.0362319
218,138,133,0.0362319
220,138,133,0.0362319
221,138,133,0.0362319
222,138,133,0.0362319
224,138,133,0.0362319
225,138,133,0.0362319
226,138,133,0.0362319
228,138,133,0.0362319
229,138,133,0.0362319
231,138,133,0.0362319
232,138,133,0.0362319
234,138,133,0.0362319
235,138,133,0.0362319
237,138,133,0.0362319
238,138,133,0.0362319
240,138,133,0.0362319
241,138,133,0.0362319
243,137,133,0.0291971
244,137,133,0.0291971
246,137,133,0.0291971
248,137,133,0.0291971
249,137,133,0.0291971
251,137,133,0.0291971
252,137,133,0.0291971
254,137,133,0.0291971
255,137,133,0.0291971
256,137,133,0.0291971
256,137,133,0.0291971
257,137,133,0.0291971
257,137,133,0.0291971
258,137,133,0.0291971
258,137,133,0.0291971
258,137,133,0.0291971
258,137,133,0.0291971
259,137,133,0.0291971
260,137,133,0.0291971
262,137,133,0.0291971
263,137,133,0.0291971
263,137,133,0.0291971
264,137,133,0.0291971
264,137,133,0.0291971
265,137,133,0.0291971
266,137,133,0.0291971
267,137,133,0.0291971
267,137,133,0.0291971
268,137,133,0.0291971
269,137,133,0.0291971
270,137,133,0.0291971
270,137,133,0.0291971
271,137,133,0.0291971
273,137,133,0.0291971
274,137,133,0.0291971
275,137,133,0.0291971
276,137,133,0.0291971
277,137,133,0.0291971
278,137,133,0.0291971
279,137,133,0.0291971
280,137,133,0.0291971
281,137,133,0.0291971
282,137,133,0.0291971
282,137,133,0.0291971
284,137,133,0.0291971
285,137,133,0.0291971
286,137,133,0.0291971
287,137,133,0.0291971
288,137,133,0.0291971
289,137,133,0.0291971
290,137,133,0.0291971
291,137,133,0.0291971
292,137,133,0.0291971
293,137,133,0.0291971
294,137,133,0.0291971
295,137,133,0.0291971
296,137,133,0.0291971
297,137,133,0.0291971
298,137,133,0.0291971
299,137,133,0.0291971
300,137,133,0.0291971
301,137,133,0.0291971
302,137,133,0.0291971
304,137,133,0.0291971
305,137,133,0.0291971
306,137,133,0.0291971
307,137,133,0.0291971
308,137,133,0.0291971
309,137,133,0.0291971
310,137,133,0.0291971
312,137,133,0.0291971
313,137,133,0.0291971
314,137,133,0.0291971
315,137,133,0.0291971
316,137,133,0.0291971
317,137,133,0.0291971
317,137,133,0.0291971
317,137,133,0.0291971
317,137,133,0.0291971
318,137,133,0.0291971
320,137,133,0.0291971
321,137,133,0.0291971
322,137,133,0.0291971
323,137,133,0.0291971
324,137,133,0.0291971
325,137,133,0.0291971
327,137,133,0.0291971
328,137,133,0.0291971
329,137,133,0.0291971
330,137,133,0.0291971
331,137,133,0.0291971
333,137,133,0.0291971
334,137,133,0.0291971
335,137,133,0.0291971
336,137,133,0.0291971
336,136,133,0.0220588
337,136,133,0.0220588
338,136,133,0.0220588
338,136,133,0.0220588
339,136,133,0.0220588
339,136,133,0.0220588
340,136,133,0.0220588
340,136,133,0.0220588
341,136,133,0.0220588
342,136,133,0.0220588
344,136,133,0.0220588
345,136,133,0.0220588
346,136,133,0.0220588
347,136,133,0.0220588
347,136,133,0.0220588
348,136,133,0.0220588
348,136,133,0.0220588
349,136,133,0.0220588
350,136,133,0.0220588
350,136,133,0.0220588
351,136,133,0.0220588
351,136,133,0.0220588
351,136,133,0.0220588
351,136,133,0.0220588
352,136,133,0.0220588
352,136,133,0.0220588
353,136,133,0.0220588
354,136,133,0.0220588
355,136,133,0.0220588
355,136,133,0.0220588
356,136,133,0.0220588
357,136,133,0.0220588
357,136,133,0.0220588
358,136,133,0.0220588
359,136,133,0.0220588
360,136,133,0.0220588
360,136,133,0.0220588
361,136,133,0.0220588
362,136,133,0.0220588
363,136,133,0.0220588
363,136,133,0.0220588
364,136,133,0.0220588
365,136,133,0.0220588
366,136,133,0.0220588
366,136,133,0.0220588
367,136,133,0.0220588
368,136,133,0.0220588
369,136,133,0.0220588
369,136,133,0.0220588
370,136,133,0.0220588
371,136,133,0.0220588
372,136,133,0.0220588
372,136,133,0.0220588
373,136,133,0.0220588
374,136,133,0.0220588
375,136,133,0.0220588
375,136,133,0.0220588
376,136,133,0.0220588
377,136,133,0.0220588
378,136,133,0.0220588
379,136,133,0.0220588
380,136,133,0.0220588
380,136,133,0.0220588
381,136,133,0.0220588
382,136,133,0.0220588
383,136,133,0.0220588
384,136,133,0.0220588
385,136,133,0.0220588
386,136,133,0.0220588
386,136,133,0.0220588
388,136,133,0.0220588
388,136,133,0.0220588
389,136,133,0.0220588
390,136,133,0.0220588
391,136,133,0.0220588
392,136,133,0.0220588
393,136,133,0.0220588
394,136,133,0.0220588
395,136,133,0.0220588
396,136,133,0.0220588
397,136,133,0.0220588
398,136,133,0.0220588
398,136,133,0.0220588
399,136,133,0.0220588
400,136,133,0.0220588
401,136,133,0.0220588
402,136,133,0.0220588
403,136,133,0.0220588
404,136,133,0.0220588
405,136,133,0.0220588
406,136,133,0.0220588
407,136,133,0.0220588
408,136,133,0.0220588
409,136,133,0.0220588
410,136,133,0.0220588
411,136,133,0.0220588
412,136,133,0.0220588
413,136,133,0.0220588
414,136,133,0.0220588
415,136,133,0.0220588
416,136,133,0.0220588
417,136,133,0.0220588
418,136,133,0.0220588
419,136,133,0.0220588
420,136,133,0.0220588
421,136,133,0.0220588
422,136,133,0.0220588
423,136,133,0.0220588
424,136,133,0.0220588
425,136,133,0.0220588
426,136,133,0.0220588
427,136,133,0.0220588
428,136,133,0.0220588
429,136,133,0.0220588
430,136,133,0.0220588
432,136,133,0.0220588
433,136,133,0.0220588
434,136,133,0.0220588
435,136,133,0.0220588
436,136,133,0.0220588
437,136,133,0.0220588
438,136,133,0.0220588
439,136,133,0.0220588
440,136,133,0.0220588
441,136,133,0.0220588
443,136,133,0.0220588
444,136,133,0.0220588
445,136,133,0.0220588
446,136,133,0.0220588
447,136,133,0.0220588
448,136,133,0.0220588
449,136,133,0.0220588
450,136,133,0.0220588
451,136,133,0.0220588
452,136,133,0.0220588
453,136,133,0.0220588
454,136,133,0.0220588
456,136,133,0.0220588
457,136,133,0.0220588
458,136,133,0.0220588
459,136,133,0.0220588
460,136,133,0.0220588
461,136,133,0.0220588
462,136,133,0.0220588
464,136,133,0.0220588
465,136,133,0.0220588
466,136,133,0.0220588
467,136,133,0.0220588
468,136,133,0.0220588
470,136,133,0.0220588
471,136,133,0.0220588
472,136,133,0.0220588
473,136,133,0.0220588
474,136,133,0.0220588
475,136,133,0.0220588
477,136,133,0.0220588
478,136,133,0.0220588
479,136,133,0.0220588
480,136,133,0.0220588
481,136,133,0.0220588
482,136,133,0.0220588
484,136,133,0.0220588
485,136,133,0.0220588
486,136,133,0.0220588
487,136,133,0.0220588
488,136,133,0.0220588
489,136,133,0.0220588
490,136,133,0.0220588
492,136,133,0.0220588
493,136,133,0.0220588
494,136,133,0.0220588
495,136,133,0.0220588
497,136,133,0.0220588
498,136,133,0.0220588
499,136,133,0.0220588
500,136,133,0.0220588
501,136,133,0.0220588
503,136,133,0.0220588
504,136,133,0.0220588
505,136,133,0.0220588
506,136,133,0.0220588
507,136,133,0.0220588
509,136,133,0.0220588
510,136,133,0.0220588
511,136,133,0.0220588
512,136,133,0.0220588
514,136,133,0.0220588
515,136,133,0.0220588
516,136,133,0.0220588
518,136,133,0.0220588
519,136,133,0.0220588
520,136,133,0.0220588
521,136,133,0.0220588
523,136,133,0.0220588
524,136,133,0.0220588
525,136,133,0.0220588
527,136,133,0.0220588
528,136,133,0.0220588
529,136,133,0.0220588
530,136,133,0.0220588
532,136,133,0.0220588
533,136,133,0.0220588
534,136,133,0.0220588
536,136,133,0.0220588
537,136,133,0.0220588
538,136,133,0.0220588
540,136,133,0.0220588
541,136,133,0.0220588
542,136,133,0.0220588
543,136,133,0.0220588
545,136,133,0.0220588
546,136,133,0.0220588
547,136,133,0.0220588
549,136,133,0.0220588
550,136,133,0.0220588
552,136,133,0.0220588
553,136,133,0.0220588
554,136,133,0.0220588
556,136,133,0.0220588
557,136,133,0.0220588
559,136,133,0.0220588
560,136,133,0.0220588
561,136,133,0.0220588
563,136,133,0.0220588
564,136,133,0.0220588
566,136,133,0.0220588
567,136,133,0.0220588
569,136,133,0.0220588
570,136,133,0.0220588
571,136,133,0.0220588
573,136,133,0.0220588
574,136,133,0.0220588
575,136,133,0.0220588
577,136,133,0.0220588
578,136,133,0.0220588
580,136,133,0.0220588
581,136,133,0.0220588
583,136,133,0.0220588
585,136,133,0.0220588
586,136,133,0.0220588
588,136,133,0.0220588
589,136,133,0.0220588
590,136,133,0.0220588
592,136,133,0.0220588
593,136,133,0.0220588
595,136,133,0.0220588
597,136,133,0.0220588
598,136,133,0.0220588
600,136,133,0.0220588
601,136,133,0.0220588
603,136,133,0.0220588
604,136,133,0.0220588
606,136,133,0.0220588
607,136,133,0.0220588
609,136,133,0.0220588
611,136,133,0.0220588
612,136,133,0.0220588
614,136,133,0.0220588
615,136,133,0.0220588
617,136,133,0.0220588
619,136,133,0.0220588
620,136,133,0.0220588
622,136,133,0.0220588
623,136,133,0.0220588
625,136,133,0.0220588
627,136,133,0.0220588
628,136,133,0.0220588
630,136,133,0.0220588
632,136,133,0.0220588
634,136,133,0.0220588
635,136,133,0.0220588
637,136,133,0.0220588
638,136,133,0.0220588
640,136,133,0.0220588
642,136,133,0.0220588
643,136,133,0.0220588
645,136,133,0.0220588
647,136,133,0.0220588
649,136,133,0.0220588
650,136,133,0.0220588
652,136,133,0.0220588
654,136,133,0.0220588
655,136,133,0.0220588
657,136,133,0.0220588
659,136,133,0.0220588
660,136,133,0.0220588
662,136,133,0.0220588
663,136,133,0.0220588
665,136,133,0.0220588
666,136,133,0.0220588
668,136,133,0.0220588
670,136,133,0.0220588
671,136,133,0.0220588
673,136,133,0.0220588
675,136,133,0.0220588
677,136,133,0.0220588
678,136,133,0.0220588
680,136,133,0.0220588
682,136,133,0.0220588
683,136,133,0.0220588
685,136,133,0.0220588
686,136,133,0.0220588
688,136,133,0.0220588
691,136,133,0.0220588
693,136,133,0.0220588
695,136,133,0.0220588
696,136,133,0.0220588
698,136,133,0.0220588
700,136,133,0.0220588
702,136,133,0.0220588
704,136,133,0.0220588
706,136,133,0.0220588
708,136,133,0.0220588
710,136,133,0.0220588
712,136,133,0.0220588
714,136,133,0.0220588
716,136,133,0.0220588
718,136,133,0.0220588
720,136,133,0.0220588
723,136,133,0.0220588
725,136,133,0.0220588
727,136,133,0.0220588
730,136,133,0.0220588
732,136,133,0.0220588
735,136,133,0.0220588
737,136,133,0.0220588
739,136,133,0.0220588
742,136,133,0.0220588
744,136,133,0.0220588
746,136,133,0.0220588
749,136,133,0.0220588
752,136,133,0.0220588
754,136,133,0.0220588
756,136,133,0.0220588
759,136,133,0.0220588
762,136,133,0.0220588
764,136,133,0.0220588
767,136,133,0.0220588
770,136,133,0.0220588
773,136,133,0.0220588
776,136,133,0.0220588
778,136,133,0.0220588
781,136,133,0.0220588
783,136,133,0.0220588
786,136,133,0.0220588
789,136,133,0.0220588
791,136,133,0.0220588
794,136,133,0.0220588
797,136,133,0.0220588
799,136,133,0.0220588
802,136,133,0.0220588
805,136,133,0.0220588
808,136,133,0.0220588
811,136,133,0.0220588
814,136,133,0.0220588
817,136,133,0.0220588
820,136,133,0.0220588
823,136,133,0.0220588
825,136,133,0.0220588
828,136,133,0.0220588
830,136,133,0.0220588
833,136,133,0.0220588
836,136,133,0.0220588
839,136,133,0.0220588
842,136,133,0.0220588
845,136,133,0.0220588
848,136,133,0.0220588
851,136,133,0.0220588
854,136,133,0.0220588
857,136,133,0.0220588
861,136,133,0.0220588
864,136,133,0.0220588
867,136,133,0.0220588
870,136,133,0.0220588
873,136,133,0.0220588
877,136,133,0.0220588
880,136,133,0.0220588
882,136,133,0.0220588
885,136,133,0.0220588
889,136,133,0.0220588
892,136,133,0.0220588
895,136,133,0.0220588
899,136,133,0.0220588
902,136,133,0.0220588
905,136,133,0.0220588
908,136,133,0.0220588
911,136,133,0.0220588
914,136,133,0.0220588
918,136,133,0.0220588
921,136,133,0.0220588
924,136,133,0.0220588
927,136,133,0.0220588
930,136,133,0.0220588
934,136,133,0.0220588
937,136,133,0.0220588
941,136,133,0.0220588
944,136,133,0.0220588
948,136,133,0.0220588
952,136,133,0.0220588
956,136,133,0.0220588
959,136,133,0.0220588
962,136,133,0.0220588
966,136,133,0.0220588
969,136,133,0.0220588
972,136,133,0.0220588
976,136,133,0.0220588
979,136,133,0.0220588
983,136,133,0.0220588
985,136,133,0.0220588
989,136,133,0.0220588
992,136,133,0.0220588
996,136,133,0.0220588
999,136,133,0.0220588
1003,136,133,0.0220588
1006,136,133,0.0220588
1009,136,133,0.0220588
1013,136,133,0.0220588
1017,136,133,0.0220588
1021,136,133,0.0220588
1024,136,133,0.0220588
1027,136,133,0.0220588
1031,136,133,0.0220588
1035,136,133,0.0220588
1039,136,133,0.0220588
1042,136,133,0.0220588
1046,136,133,0.0220588
1050,136,133,0.0220588
1055,136,133,0.0220588
1059,136,133,0.0220588
1063,136,133,0.0220588
1068,136,133,0.0220588
1071,136,133,0.0220588
1075,136,133,0.0220588
1079,136,133,0.0220588
1083,136,133,0.0220588
1087,136,133,0.0220588
1091,136,133,0.0220588
1096,136,133,0.0220588
1099,136,133,0.0220588
1104,136,133,0.0220588
1108,136,133,0.0220588
1112,136,133,0.0220588
1116,136,133,0.0220588
1120,136,133,0.0220588
1124,136,133,0.0220588
1128,136,133,0.0220588
1133,136,133,0.0220588
1136,136,133,0.0220588
1140,136,133,0.0220588
1145,136,133,0.0220588
1149,136,133,0.0220588
1153,136,133,0.0220588
1158,136,133,0.0220588
1162,136,133,0.0220588
1166,136,133,0.0220588
1171,136,133,0.0220588
1175,136,133,0.0220588
1179,136,133,0.0220588
1183,136,133,0.0220588
1188,136,133,0.0220588
1193,136,133,0.0220588
1198,136,133,0.0220588
1202,136,133,0.0220588
1207,136,133,0.0220588
1210,136,133,0.0220588
1215,136,133,0.0220588
1219,136,133,0.0220588
1224,136,133,0.0220588
1228,136,133,0.0220588
1233,136,133,0.0220588
1238,136,133,0.0220588
1241,136,133,0.0220588
1246,136,133,0.0220588
1251,136,133,0.0220588
1256,136,133,0.0220588
1259,136,133,0.0220588
1263,136,133,0.0220588
1269,136,133,0.0220588
1274,136,133,0.0220588
1279,136,133,0.0220588
1282,136,133,0.0220588
1287,136,133,0.0220588
1291,136,133,0.0220588
1297,136,133,0.0220588
1301,136,133,0.0220588
1306,136,133,0.0220588
1310,136,133,0.0220588
1314,136,133,0.0220588
1319,136,133,0.0220588
1324,136,133,0.0220588
1328,136,133,0.0220588
1334,136,133,0.0220588
1338,136,133,0.0220588
1344,136,133,0.0220588
1351,136,133,0.0220588
1355,136,133,0.0220588
1361,136,133,0.0220588
1365,136,133,0.0220588
1369,136,133,0.0220588
1373,136,133,0.0220588
1378,136,133,0.0220588
1383,136,133,0.0220588
1388,136,133,0.0220588
1392,136,133,0.0220588
1398,136,133,0.0220588
1402,136,133,0.0220588
1407,136,133,0.0220588
1412,136,133,0.0220588
1418,136,133,0.0220588
1422,136,133,0.0220588
1427,136,133,0.0220588
1431,136,133,0.0220588
1437,136,133,0.0220588
1443,136,133,0.0220588
1447,136,133,0.0220588
1453,136,133,0.0220588
1457,136,133,0.0220588
1461,136,133,0.0220588
1466,136,133,0.0220588
1471,136,133,0.0220588
1476,136,133,0.0220588
1483,136,133,0.0220588
1487,136,133,0.0220588
1492,136,133,0.0220588
1498,136,133,0.0220588
1503,136,133,0.0220588
1508,136,133,0.0220588
1513,136,133,0.0220588
1517,136,133,0.0220588
1521,136,133,0.0220588
1526,136,133,0.0220588
1531,136,133,0.0220588
1536,136,133,0.0220588
1540,136,133,0.0220588
1546,136,133,0.0220588
1551,136,133,0.0220588
1556,136,133,0.0220588
1561,136,133,0.0220588
1565,136,133,0.0220588
1570,136,133,0.0220588
1575,136,133,0.0220588
1581,136,133,0.0220588
1587,136,133,0.0220588
1591,136,133,0.0220588
1597,136,133,0.0220588
1602,136,133,0.0220588
1607,136,133,0.0220588
1613,136,133,0.0220588
1618,136,133,0.0220588
1623,136,133,0.0220588
1629,136,133,0.0220588
1635,136,133,0.0220588
1639,136,133,0.0220588
1646,136,133,0.0220588
1651,136,133,0.0220588
1655,136,133,0.0220588
1662,136,133,0.0220588
1667,136,133,0.0220588
1672,136,133,0.0220588
1678,136,133,0.0220588
1683,136,133,0.0220588
1689,136,133,0.0220588
1695,136,133,0.0220588
1702,136,133,0.0220588
1707,136,133,0.0220588
1713,136,133,0.0220588
1719,136,133,0.0220588
1724,136,133,0.0220588
1730,136,133,0.0220588
1736,136,133,0.0220588
1742,136,133,0.0220588
1747,136,133,0.0220588
1754,136,133,0.0220588
1760,136,133,0.0220588
1766,136,133,0.0220588
1771,136,133,0.0220588
1779,136,133,0.0220588
1784,136,133,0.0220588
1790,136,133,0.0220588
1796,136,133,0.0220588
1800,136,133,0.0220588
1807,136,133,0.0220588
1814,136,133,0.0220588
1820,136,133,0.0220588
1827,136,133,0.0220588
1833,136,133,0.0220588
1839,136,133,0.0220588
1845,136,133,0.0220588
1850,136,133,0.0220588
1855,136,133,0.0220588
1860,136,133,0.0220588
1865,136,133,0.0220588
1872,136,133,0.0220588
1877,136,133,0.0220588
1883,136,133,0.0220588
1888,136,133,0.0220588
1895,136,133,0.0220588
1901,136,133,0.0220588
1908,136,133,0.0220588
1914,136,133,0.0220588
1921,136,133,0.0220588
1926,136,133,0.0220588
1933,136,133,0.0220588
1942,136,133,0.0220588
1949,136,133,0.0220588
1955,136,133,0.0220588
1963,136,133,0.0220588
1969,136,133,0.0220588
1976,136,133,0.0220588
1983,136,133,0.0220588
1988,136,133,0.0220588
1995,136,133,0.0220588
2001,136,133,0.0220588
2008,136,133,0.0220588
2014,136,133,0.0220588
2019,136,133,0.0220588
2027,136,133,0.0220588
2032,136,133,0.0220588
2039,136,133,0.0220588
2046,136,133,0.0220588
2053,136,133,0.0220588
2061,136,133,0.0220588
2068,136,133,0.0220588
2074,136,133,0.0220588
2080,136,133,0.0220588
2087,136,133,0.0220588
2093,136,133,0.0220588
2100,136,133,0.0220588
2108,136,133,0.0220588
2115,136,133,0.0220588
2120,136,133,0.0220588
2126,136,133,0.0220588
2134,136,133,0.0220588
2142,136,133,0.0220588
2150,136,133,0.0220588
2157,136,133,0.0220588
2166,136,133,0.0220588
2172,136,133,0.0220588
2181,136,133,0.0220588
2189,136,133,0.0220588
2197,136,133,0.0220588
2205,136,133,0.0220588
2212,136,133,0.0220588
2220,136,133,0.0220588
2227,136,133,0.0220588
2236,136,133,0.0220588
2244,136,133,0.0220588
2251,136,133,0.0220588
2259,136,133,0.0220588
2266,136,133,0.0220588
2273,136,133,0.0220588
2281,136,133,0.0220588
2289,136,133,0.0220588
2296,136,133,0.0220588
2303,136,133,0.0220588
2312,136,133,0.0220588
2320,136,133,0.0220588
2327,136,133,0.0220588
2334,136,133,0.0220588
2342,136,133,0.0220588
2348,136,133,0.0220588
2357,136,133,0.0220588
2365,136,133,0.0220588
2372,136,133,0.0220588
2380,136,133,0.0220588
2388,136,133,0.0220588
2395,136,133,0.0220588
2402,136,133,0.0220588
2410,136,133,0.0220588
2418,136,133,0.0220588
2427,136,133,0.0220588
2437,136,133,0.0220588
2446,136,133,0.0220588
2455,136,133,0.0220588
2461,136,133,0.0220588
2466,136,133,0.0220588
2473,136,133,0.0220588
2480,136,133,0.0220588
2489,136,133,0.0220588
2497,136,133,0.0220588
2504,136,133,0.0220588
2513,136,133,0.0220588
2520,136,133,0.0220588
2528,136,133,0.0220588
2537,136,133,0.0220588
2546,136,133,0.0220588
2556,136,133,0.0220588
2565,136,133,0.0220588
2576,136,133,0.0220588
2584,136,133,0.0220588
2592,136,133,0.0220588
2601,136,133,0.0220588
2610,136,133,0.0220588
2619,136,133,0.0220588
2624,136,133,0.0220588
2632,136,133,0.0220588
2641,136,133,0.0220588
2650,136,133,0.0220588
2659,136,133,0.0220588
2668,136,133,0.0220588
2677,136,133,0.0220588
2685,136,133,0.0220588
2694,136,133,0.0220588
2703,136,133,0.0220588
2710,136,133,0.0220588
2718,136,133,0.0220588
2726,136,133,0.0220588
2734,136,133,0.0220588
2743,136,133,0.0220588
2751,136,133,0.0220588
2760,136,133,0.0220588
2768,136,133,0.0220588
2776,136,133,0.0220588
2784,136,133,0.0220588
2792,136,133,0.0220588
2801,136,133,0.0220588
2811,136,133,0.0220588
2818,136,133,0.0220588
2828,136,133,0.0220588
2838,136,133,0.0220588
2845,136,133,0.0220588
2854,136,133,0.0220588
2861,136,133,0.0220588
2869,136,133,0.0220588
2878,136,133,0.0220588
2888,136,133,0.0220588
2897,136,133,0.0220588
2907,136,133,0.0220588
2918,136,133,0.0220588
2927,136,133,0.0220588
2936,136,133,0.0220588
2946,136,133,0.0220588
2955,136,133,0.0220588
2963,136,133,0.0220588
2972,136,133,0.0220588
2982,136,133,0.0220588
2992,136,133,0.0220588
3000,136,133,0.0220588
3010,136,133,0.0220588
3020,136,133,0.0220588
3029,136,133,0.0220588
3036,136,133,0.0220588
3049,135,133,0.0148148
3063,135,133,0.0148148
3075,135,133,0.0148148
3086,135,133,0.0148148
3098,135,133,0.0148148
3110,135,133,0.0148148
3121,135,133,0.0148148
3133,135,133,0.0148148
3144,135,133,0.0148148
3155,135,133,0.0148148
3167,135,133,0.0148148
3178,135,133,0.0148148
3190,135,133,0.0148148
3201,135,133,0.0148148
3213,135,133,0.0148148
3224,135,133,0.0148148
3234,135,133,0.0148148
3246,135,133,0.0148148
3259,135,133,0.0148148
3269,135,133,0.0148148
3280,135,133,0.0148148
3291,135,133,0.0148148
3302,135,133,0.0148148
3313,135,133,0.0148148
3323,135,133,0.0148148
3334,135,133,0.0148148
3343,135,133,0.0148148
3353,135,133,0.0148148
3363,135,133,0.0148148
3372,135,133,0.0148148
3381,135,133,0.0148148
3390,135,133,0.0148148
3399,135,133,0.0148148
3408,135,133,0.0148148
3417,135,133,0.0148148
3427,135,133,0.0148148
3435,135,133,0.0148148
3444,135,133,0.0148148
3452,135,133,0.0148148
3460,135,133,0.0148148
3469,135,133,0.0148148
3477,135,133,0.0148148
3485,135,133,0.0148148
3494,135,133,0.0148148
3502,135,133,0.0148148
3511,135,133,0.0148148
3519,135,133,0.0148148
3527,135,133,0.0148148
3535,135,133,0.0148148
3543,135,133,0.0148148
3551,135,133,0.0148148
3560,135,133,0.0148148
3568,135,133,0.0148148
3576,135,133,0.0148148
3584,135,133,0.0148148
3592,135,133,0.0148148
3599,135,133,0.0148148
3607,135,133,0.0148148
3615,135,133,0.0148148
3622,135,133,0.0148148
3630,135,133,0.0148148
3637,135,133,0.0148148
3645,135,133,0.0148148
3652,135,133,0.0148148
3660,135,133,0.0148148
3667,135,133,0.0148148
3674,135,133,0.0148148
3682,135,133,0.0148148
3689,135,133,0.0148148
3696,135,133,0.0148148
3703,135,133,0.0148148
3709,135,133,0.0148148
3716,135,133,0.0148148
3723,135,133,0.0148148
3729,135,133,0.0148148
3736,135,133,0.0148148
3743,135,133,0.0148148
3749,135,133,0.0148148
3755,135,133,0.0148148
3762,135,133,0.0148148
3768,135,133,0.0148148
3774,135,133,0.0148148
3780,135,133,0.0148148
3786,135,133,0.0148148
3792,135,133,0.0148148
3798,135,133,0.0148148
3804,135,133,0.0148148
3810,135,133,0.0148148
3815,135,133,0.0148148
3821,135,133,0.0148148
3827,135,133,0.0148148
3832,135,133,0.0148148
3837,135,133,0.0148148
3842,135,133,0.0148148
3847,135,133,0.0148148
3852,135,133,0.0148148
3857,135,133,0.0148148
3861,135,133,0.0148148
3866,135,133,0.0148148
3870,135,133,0.0148148
3875,135,133,0.0148148
3879,135,133,0.0148148
3883,135,133,0.0148148
3888,135,133,0.0148148
3893,135,133,0.0148148
3897,135,133,0.0148148
3901,135,133,0.0148148
3906,135,133,0.0148148
3910,135,133,0.0148148
3914,135,133,0.0148148
3917,135,133,0.0148148
3921,135,133,0.0148148
3925,135,133,0.0148148
3930,135,133,0.0148148
3934,135,133,0.0148148
3937,135,133,0.0148148
3941,135,133,0.0148148
3944,135,133,0.0148148
3948,135,133,0.0148148
3951,135,133,0.0148148
3955,135,133,0.0148148
3958,135,133,0.0148148
3961,135,133,0.0148148
3966,135,133,0.0148148
3970,135,133,0.0148148
3973,135,133,0.0148148
3976,135,133,0.0148148
3978,135,133,0.0148148
3981,135,133,0.0148148
3984,135,133,0.0148148
3986,135,133,0.0148148
3989,135,133,0.0148148
3991,135,133,0.0148148
3993,135,133,0.0148148
3995,135,133,0.0148148
3998,135,133,0.0148148
4000,135,133,0.0148148
4002,135,133,0.0148148
4004,135,133,0.0148148
4006,135,133,0.0148148
4007,135,133,0.0148148
4009,135,133,0.0148148
4011,135,133,0.0148148
4013,135,133,0.0148148
4015,135,133,0.0148148
4016,135,133,0.0148148
4018,135,133,0.0148148
4020,135,133,0.0148148
4021,135,133,0.0148148
4024,135,133,0.0148148
4025,135,133,0.0148148
4026,135,133,0.0148148
4027,135,133,0.0148148
4028,135,133,0.0148148
4028,135,133,0.0148148
4029,135,133,0.0148148
4030,135,133,0.0148148
4031,135,133,0.0148148
4031,135,133,0.0148148
4032,135,133,0.0148148
4032,135,133,0.0148148
4032,135,133,0.0148148
4033,135,133,0.0148148
4034,135,133,0.0148148
4034,135,133,0.0148148
4035,135,133,0.0148148
4035,135,133,0.0148148
4036,135,133,0.0148148
4036,135,133,0.0148148
4036,135,133,0.0148148
4036,135,133,0.0148148
4037,135,133,0.0148148
4037,135,133,0.0148148
4038,135,133,0.0148148
4039,135,133,0.0148148
4039,135,133,0.0148148
4040,135,133,0.0148148
4040,135,133,0.0148148
4041,135,133,0.0148148
4042,135,133,0.0148148
4042,135,133,0.0148148
4043,135,133,0.0148148
4043,135,133,0.0148148
4044,135,133,0.0148148
4045,135,133,0.0148148
4045,135,133,0.0148148
4046,135,133,0.0148148
4047,135,133,0.0148148
4048,135,133,0.0148148
4048,135,133,0.0148148
4049,135,133,0.0148148
4050,135,133,0.0148148
4050,135,133,0.0148148
4051,135,133,0.0148148
4051,135,133,0.0148148
4052,135,133,0.0148148
4053,135,133,0.0148148
4054,135,133,0.0148148
4054,135,133,0.0148148
4055,135,133,0.0148148
4056,135,133,0.0148148
4057,135,133,0.0148148
4057,135,133,0.0148148
4058,135,133,0.0148148
4059,135,133,0.0148148
4060,135,133,0.0148148
4061,135,133,0.0148148
4061,135,133,0.0148148
4062,135,133,0.0148148
4063,135,133,0.0148148
4064,135,133,0.0148148
4064,135,133,0.0148148
4065,135,133,0.0148148
4065,135,133,0.0148148
4066,135,133,0.0148148
4066,135,133,0.0148148
4067,135,133,0.0148148
4068,135,133,0.0148148
4069,135,133,0.0148148
4070,135,133,0.0148148
4070,135,133,0.0148148
4071,135,133,0.0148148
4072,135,133,0.0148148
4073,135,133,0.0148148
4074,135,133,0.0148148
4075,135,133,0.0148148
4076,135,133,0.0148148
4077,135,133,0.0148148
4077,135,133,0.0148148
4078,135,133,0.0148148
4079,135,133,0.0148148
4080,135,133,0.0148148
4081,135,133,0.0148148
4082,135,133,0.0148148
4083,135,133,0.0148148
4084,135,133,0.0148148
4085,135,133,0.0148148
4086,135,133,0.0148148
4087,135,133,0.0148148
4088,135,133,0.0148148
4089,135,133,0.0148148
4089,135,133,0.0148148
4090,135,133,0.0148148
4091,135,133,0.0148148
4092,135,133,0.0148148
4093,135,133,0.0148148
4094,135,133,0.0148148
4095,135,133,0.0148148
4096,135,133,0.0148148
4097,135,133,0.0148148
4099,135,133,0.0148148
4099,135,133,0.0148148
4101,135,133,0.0148148
4101,135,133,0.0148148
4102,135,133,0.0148148
4103,135,133,0.0148148
4104,135,133,0.0148148
4105,135,133,0.0148148
4106,135,133,0.0148148
4107,135,133,0.0148148
4108,135,133,0.0148148
4109,135,133,0.0148148
4110,135,133,0.0148148
4111,135,133,0.0148148
4112,135,133,0.0148148
4113,135,133,0.0148148
4114,135,133,0.0148148
4115,135,133,0.0148148
4117,135,133,0.0148148
4118,135,133,0.0148148
4119,135,133,0.0148148
4120,135,133,0.0148148
4121,135,133,0.0148148
4122,135,133,0.0148148
4124,135,133,0.0148148
4125,135,133,0.0148148
4126,135,133,0.0148148
4127,135,133,0.0148148
4129,135,133,0.0148148
4130,135,133,0.0148148
4131,135,133,0.0148148
4132,135,133,0.0148148
4134,135,133,0.0148148
4135,135,133,0.0148148
4136,135,133,0.0148148
4137,135,133,0.0148148
4139,135,133,0.0148148
4140,135,133,0.0148148
4141,135,133,0.0148148
4143,135,133,0.0148148
4144,135,133,0.0148148
4145,135,133,0.0148148
4147,135,133,0.0148148
4148,135,133,0.0148148
4149,135,133,0.0148148
4151,135,133,0.0148148
4152,135,133,0.0148148
4154,135,133,0.0148148
4155,135,133,0.0148148
4157,135,133,0.0148148
4158,135,133,0.0148148
4159,135,133,0.0148148
4161,135,133,0.0148148
4162,135,133,0.0148148
4164,135,133,0.0148148
4165,135,133,0.0148148
4166,135,133,0.0148148
4168,135,133,0.0148148
4169,135,133,0.0148148
4171,135,133,0.0148148
4172,135,133,0.0148148
4174,135,133,0.0148148
4175,135,133,0.0148148
4177,135,133,0.0148148
4179,135,133,0.0148148
4180,135,133,0.0148148
4182,135,133,0.0148148
4183,135,133,0.0148148
4185,135,133,0.0148148
4186,135,133,0.0148148
4188,135,133,0.0148148
4190,135,133,0.0148148
4191,135,133,0.0148148
4193,135,133,0.0148148
4194,135,133,0.0148148
4196,135,133,0.0148148
4198,135,133,0.0148148
4199,135,133,0.0148148
4201,135,133,0.0148148
4203,135,133,0.0148148
4204,135,133,0.0148148
4206,135,133,0.0148148
4208,135,133,0.0148148
4210,135,133,0.0148148
4211,135,133,0.0148148
4213,135,133,0.0148148
4215,135,133,0.0148148
4217,135,133,0.0148148
4218,135,133,0.0148148
4220,135,133,0.0148148
4222,135,133,0.0148148
4223,135,133,0.0148148
4225,135,133,0.0148148
4227,135,133,0.0148148
4229,135,133,0.0148148
4231,135,133,0.0148148
4232,135,133,0.0148148
4235,135,133,0.0148148
4236,135,133,0.0148148
4238,135,133,0.0148148
4240,135,133,0.0148148
4243,135,133,0.0148148
4244,135,133,0.0148148
4246,135,133,0.0148148
4248,135,133,0.0148148
4251,135,133,0.0148148
4253,135,133,0.0148148
4255,135,133,0.0148148
4257,135,133,0.0148148
4259,135,133,0.0148148
4261,135,133,0.0148148
4263,135,133,0.0148148
4266,135,133,0.0148148
4269,135,133,0.0148148
4271,135,133,0.0148148
4273,135,133,0.0148148
4275,135,133,0.0148148
4277,135,133,0.0148148
4277,135,133,0.0148148
4278,135,133,0.0148148
4278,135,133,0.0148148
4278,135,133,0.0148148
4279,135,133,0.0148148
4279,135,133,0.0148148
4279,135,133,0.0148148
4280,135,133,0.0148148
4280,135,133,0.0148148
4281,135,133,0.0148148
4281,135,133,0.0148148
4281,135,133,0.0148148
4282,135,133,0.0148148
4282,135,133,0.0148148
4282,135,133,0.0148148
4283,135,133,0.0148148
4283,135,133,0.0148148
4284,135,133,0.0148148
4284,135,133,0.0148148
4284,135,133,0.0148148
4285,135,133,0.0148148
4285,135,133,0.0148148
4286,135,133,0.0148148
4286,135,133,0.0148148
4286,135,133,0.0148148
4287,135,133,0.0148148
4287,135,133,0.0148148
4288,135,133,0.0148148
4288,135,133,0.0148148
4288,135,133,0.0148148
4289,135,133,0.0148148
4289,135,133,0.0148148
4290,135,133,0.0148148
4290,135,133,0.0148148
4291,135,133,0.0148148
4291,135,133,0.0148148
4292,135,133,0.0148148
4292,135,133,0.0148148
4293,135,133,0.0148148
4293,135,133,0.0148148
4294,135,133,0.0148148
4294,135,133,0.0148148
4295,135,133,0.0148148
4295,135,133,0.0148148
4295,135,133,0.0148148
4296,135,133,0.0148148
4296,135,133,0.0148148
4297,135,133,0.0148148
4297,135,133,0.0148148
4298,135,133,0.0148148
4298,135,133,0.0148148
4299,135,133,0.0148148
4299,135,133,0.0148148
4300,135,133,0.0148148
4300,135,133,0.0148148
4301,135,133,0.0148148
4301,135,133,0.0148148
4302,135,133,0.0148148
4302,135,133,0.0148148
4302,135,133,0.0148148
4303,135,133,0.0148148
4303,135,133,0.0148148
4304,135,133,0.0148148
4304,135,133,0.0148148
4305,135,133,0.0148148
4305,135,133,0.0148148
4306,135,133,0.0148148
4306,135,133,0.0148148
4307,135,133,0.0148148
4309,135,133,0.0148148
4311,135,133,0.0148148
4314,135,133,0.0148148
4315,135,133,0.0148148
4317,135,133,0.0148148
4319,135,133,0.0148148
4321,135,133,0.0148148
4324,135,133,0.0148148
4325,135,133,0.0148148
4328,134,133,0.00746269
4330,134,133,0.00746269
4332,134,133,0.00746269
4334,134,133,0.00746269
4336,134,133,0.00746269
4338,134,133,0.00746269
4340,134,133,0.00746269
4342,134,133,0.00746269
4344,134,133,0.00746269
4346,134,133,0.00746269
4347,134,133,0.00746269
4349,134,133,0.00746269
4350,134,133,0.00746269
4352,134,133,0.00746269
4353,134,133,0.00746269
4355,134,133,0.00746269
4356,134,133,0.00746269
4357,134,133,0.00746269
4358,134,133,0.00746269
4359,134,133,0.00746269
4360,134,133,0.00746269
4361,134,133,0.00746269
4361,134,133,0.00746269
4362,134,133,0.00746269
4363,134,133,0.00746269
4363,134,133,0.00746269
4364,134,133,0.00746269
4364,134,133,0.00746269
4365,134,133,0.00746269
4365,134,133,0.00746269
4365,134,133,0.00746269
4366,134,133,0.00746269
4366,134,133,0.00746269
4366,134,133,0.00746269
4368,134,133,0.00746269
4369,134,133,0.00746269
4370,134,133,0.00746269
4372,134,133,0.00746269
4374,134,133,0.00746269
4375,134,133,0.00746269
4376,134,133,0.00746269
4377,134,133,0.00746269
4378,134,133,0.00746269
4378,134,133,0.00746269
4379,134,133,0.00746269
4379,134,133,0.00746269
4380,134,133,0.00746269
4381,134,133,0.00746269
4381,134,133,0.00746269
4381,134,133,0.00746269
4382,134,133,0.00746269
4382,134,133,0.00746269
4382,134,133,0.00746269
4382,134,133,0.00746269
4382,134,133,0.00746269
4383,134,133,0.00746269
4383,134,133,0.00746269
4384,134,133,0.00746269
4384,134,133,0.00746269
4384,134,133,0.00746269
4384,134,133,0.00746269
4384,134,133,0.00746269
4385,134,133,0.00746269
4386,134,133,0.00746269
4386,134,133,0.00746269
4387,134,133,0.00746269
4388,134,133,0.00746269
4388,134,133,0.00746269
4389,134,133,0.00746269
4390,134,133,0.00746269
4391,134,133,0.00746269
4392,134,133,0.00746269
4392,134,133,0.00746269
4393,134,133,0.00746269
4394,134,133,0.00746269
4394,134,133,0.00746269
4395,134,133,0.00746269
4396,134,133,0.00746269
4397,134,133,0.00746269
4397,134,133,0.00746269
4398,134,133,0.00746269
4399,134,133,0.00746269
4400,134,133,0.00746269
4401,134,133,0.00746269
4402,134,133,0.00746269
4403,134,133,0.00746269
4404,134,133,0.00746269
4404,134,133,0.00746269
4405,134,133,0.00746269
4406,134,133,0.00746269
4407,134,133,0.00746269
4408,134,133,0.00746269
4408,134,133,0.00746269
4409,134,133,0.00746269
4410,134,133,0.00746269
4411,134,133,0.00746269
4412,134,133,0.00746269
4413,134,133,0.00746269
4414,134,133,0.00746269
4415,134,133,0.00746269
4416,134,133,0.00746269
4417,134,133,0.00746269
4418,134,133,0.00746269
4419,134,133,0.00746269
4420,134,133,0.00746269
4421,134,133,0.00746269
4422,134,133,0.00746269
4423,134,133,0.00746269
4424,134,133,0.00746269
4425,134,133,0.00746269
4426,134,133,0.00746269
4427,134,133,0.00746269
4429,134,133,0.00746269
4430,134,133,0.00746269
4431,134,133,0.00746269
4432,134,133,0.00746269
4433,134,133,0.00746269
4434,134,133,0.00746269
4435,134,133,0.00746269
4436,134,133,0.00746269
4438,134,133,0.00746269
4439,134,133,0.00746269
4440,134,133,0.00746269
4441,134,133,0.00746269
4442,134,133,0.00746269
4443,134,133,0.00746269
4444,134,133,0.00746269
4445,134,133,0.00746269
4446,134,133,0.00746269
4448,134,133,0.00746269
4449,134,133,0.00746269
4450,134,133,0.00746269
4451,134,133,0.00746269
4452,134,133,0.00746269
4453,134,133,0.00746269
4454,134,133,0.00746269
4454,134,133,0.00746269
4455,134,133,0.00746269
4455,134,133,0.00746269
4455,134,133,0.00746269
4456,134,133,0.00746269
4456,134,133,0.00746269
4457,134,133,0.00746269
4457,134,133,0.00746269
4458,134,133,0.00746269
4458,134,133,0.00746269
4459,134,133,0.00746269
4460,134,133,0.00746269
4460,134,133,0.00746269
4461,134,133,0.00746269
4461,134,133,0.00746269
4462,134,133,0.00746269
4462,134,133,0.00746269
4463,134,133,0.00746269
4464,134,133,0.00746269
4465,134,133,0.00746269
4466,134,133,0.00746269
4467,134,133,0.00746269
4468,134,133,0.00746269
4469,134,133,0.00746269
4470,134,133,0.00746269
4471,134,133,0.00746269
4472,134,133,0.00746269
4473,134,133,0.00746269
4474,134,133,0.00746269
4476,134,133,0.00746269
4477,134,133,0.00746269
4478,134,133,0.00746269
4479,134,133,0.00746269
4481,134,133,0.00746269
4482,134,133,0.00746269
4483,134,133,0.00746269
4484,134,133,0.00746269
4486,134,133,0.00746269
4487,134,133,0.00746269
4489,134,133,0.00746269
4490,134,133,0.00746269
4491,134,133,0.00746269
4492,134,133,0.00746269
4493,134,133,0.00746269
4495,134,133,0.00746269
4496,134,133,0.00746269
4497,134,133,0.00746269
4499,134,133,0.00746269
4500,134,133,0.00746269
4501,134,133,0.00746269
4503,134,133,0.00746269
4504,134,133,0.00746269
4506,134,133,0.00746269
4507,134,133,0.00746269
4509,134,133,0.00746269
4510,134,133,0.00746269
4512,134,133,0.00746269
4513,134,133,0.00746269
4515,134,133,0.00746269
4517,134,133,0.00746269
4518,134,133,0.00746269
4520,134,133,0.00746269
4522,134,133,0.00746269
4523,134,133,0.00746269
4525,134,133,0.00746269
4526,134,133,0.00746269
4528,134,133,0.00746269
4530,134,133,0.00746269
4531,134,133,0.00746269
4533,134,133,0.00746269
4535,134,133,0.00746269
4536,134,133,0.00746269
4538,134,133,0.00746269
4540,134,133,0.00746269
4542,134,133,0.00746269
4544,134,133,0.00746269
4546,134,133,0.00746269
4548,134,133,0.00746269
4549,134,133,0.00746269
4551,134,133,0.00746269
4553,134,133,0.00746269
4555,134,133,0.00746269
4557,134,133,0.00746269
4560,134,133,0.00746269
4562,134,133,0.00746269
4564,134,133,0.00746269
4566,134,133,0.00746269
4568,134,133,0.00746269
4570,134,133,0.00746269
4572,134,133,0.00746269
4574,134,133,0.00746269
4576,134,133,0.00746269
4578,134,133,0.00746269
4580,134,133,0.00746269
4582,134,133,0.00746269
4584,134,133,0.00746269
4587,134,133,0.00746269
4589,134,133,0.00746269
4591,134,133,0.00746269
4593,134,133,0.00746269
4594,134,133,0.00746269
4596,134,133,0.00746269
4598,134,133,0.00746269
4600,134,133,0.00746269
4601,134,133,0.00746269
4603,134,133,0.00746269
4605,134,133,0.00746269
4607,134,133,0.00746269
4608,134,133,0.00746269
4610,134,133,0.00746269
4612,134,133,0.00746269
4614,134,133,0.00746269
4615,134,133,0.00746269
4617,134,133,0.00746269
4619,134,133,0.00746269
4622,134,133,0.00746269
4624,134,133,0.00746269
4626,134,133,0.00746269
4628,134,133,0.00746269
4630,134,133,0.00746269
4632,134,133,0.00746269
4634,134,133,0.00746269
4637,134,133,0.00746269
4639,134,133,0.00746269
4641,134,133,0.00746269
4644,134,133,0.00746269
4646,134,133,0.00746269
4648,134,133,0.00746269
4650,134,133,0.00746269
4652,134,133,0.00746269
4655,134,133,0.00746269
4657,134,133,0.00746269
4659,134,133,0.00746269
4662,134,133,0.00746269
4664,134,133,0.00746269
4667,134,133,0.00746269
4669,134,133,0.00746269
4671,134,133,0.00746269
4674,134,133,0.00746269
4676,134,133,0.00746269
4679,134,133,0.00746269
4681,134,133,0.00746269
4684,134,133,0.00746269
4686,134,133,0.00746269
4688,134,133,0.00746269
4691,134,133,0.00746269
4694,134,133,0.00746269
4696,134,133,0.00746269
4699,134,133,0.00746269
4701,134,133,0.00746269
4704,134,133,0.00746269
4707,134,133,0.00746269
4709,134,133,0.00746269
4712,134,133,0.00746269
4715,134,133,0.00746269
4717,134,133,0.00746269
4720,134,133,0.00746269
4723,134,133,0.00746269
4725,134,133,0.00746269
4728,134,133,0.00746269
4730,134,133,0.00746269
4733,134,133,0.00746269
4736,134,133,0.00746269
4739,134,133,0.00746269
4741,134,133,0.00746269
4744,134,133,0.00746269
4746,134,133,0.00746269
4748,134,133,0.00746269
4750,134,133,0.00746269
4753,134,133,0.00746269
4756,134,133,0.00746269
4759,134,133,0.00746269
4762,134,133,0.00746269
4764,134,133,0.00746269
4767,134,133,0.00746269
4770,134,133,0.00746269
4773,134,133,0.00746269
4776,134,133,0.00746269
4779,134,133,0.00746269
4782,134,133,0.00746269
4785,134,133,0.00746269
4787,134,133,0.00746269
4790,134,133,0.00746269
4793,134,133,0.00746269
4796,134,133,0.00746269
4799,134,133,0.00746269
4802,134,133,0.00746269
4805,134,133,0.00746269
4808,134,133,0.00746269
4811,134,133,0.00746269
4814,134,133,0.00746269
4818,134,133,0.00746269
4821,134,133,0.00746269
4824,134,133,0.00746269
4827,134,133,0.00746269
4830,134,133,0.00746269
4833,134,133,0.00746269
4836,134,133,0.00746269
4839,134,133,0.00746269
4842,134,133,0.00746269
4845,134,133,0.00746269
4849,134,133,0.00746269
4851,134,133,0.00746269
4854,134,133,0.00746269
4857,134,133,0.00746269
4860,134,133,0.00746269
4863,134,133,0.00746269
4866,134,133,0.00746269
4870,134,133,0.00746269
4873,134,133,0.00746269
4876,134,133,0.00746269
4879,134,133,0.00746269
4882,134,133,0.00746269
4885,134,133,0.00746269
4889,134,133,0.00746269
4892,134,133,0.00746269
4896,134,133,0.00746269
4899,134,133,0.00746269
4902,134,133,0.00746269
4906,134,133,0.00746269
4909,134,133,0.00746269
4912,134,133,0.00746269
4916,134,133,0.00746269
4919,134,133,0.00746269
4923,134,133,0.00746269
4926,134,133,0.00746269
4930,134,133,0.00746269
4934,134,133,0.00746269
4937,134,133,0.00746269
4941,134,133,0.00746269
4944,134,133,0.00746269
4948,134,133,0.00746269
4951,134,133,0.00746269
4954,134,133,0.00746269
4958,134,133,0.00746269
4961,134,133,0.00746269
4965,134,133,0.00746269
4968,134,133,0.00746269
4972,134,133,0.00746269
4975,134,133,0.00746269
4978,134,133,0.00746269
4982,134,133,0.00746269
4985,134,133,0.00746269
4989,134,133,0.00746269
4991,134,133,0.00746269
4995,134,133,0.00746269
4998,134,133,0.00746269
5002,134,133,0.00746269
5006,134,133,0.00746269
5009,134,133,0.00746269
5011,134,133,0.00746269
5015,134,133,0.00746269
5019,134,133,0.00746269
5022,134,133,0.00746269
5025,134,133,0.00746269
5029,134,133,0.00746269
5032,134,133,0.00746269
5036,134,133,0.00746269
5039,134,133,0.00746269
5042,134,133,0.00746269
5046,134,133,0.00746269
5049,134,133,0.00746269
5053,134,133,0.00746269
5056,134,133,0.00746269
5061,134,133,0.00746269
5066,134,133,0.00746269
5070,134,133,0.00746269
5074,134,133,0.00746269
5078,134,133,0.00746269
5082,134,133,0.00746269
5086,134,133,0.00746269
5089,134,133,0.00746269
5092,134,133,0.00746269
5096,134,133,0.00746269
5101,134,133,0.00746269
5104,134,133,0.00746269
5108,134,133,0.00746269
5111,134,133,0.00746269
5114,134,133,0.00746269
5118,134,133,0.00746269
5122,134,133,0.00746269
5125,134,133,0.00746269
5129,134,133,0.00746269
5132,134,133,0.00746269
5136,134,133,0.00746269
5140,134,133,0.00746269
5144,134,133,0.00746269
5148,134,133,0.00746269
5151,134,133,0.00746269
5154,134,133,0.00746269
5158,134,133,0.00746269
5162,134,133,0.00746269
5166,134,133,0.00746269
5169,134,133,0.00746269
5173,134,133,0.00746269
5177,134,133,0.00746269
5179,134,133,0.00746269
5182,134,133,0.00746269
5186,134,133,0.00746269
5190,134,133,0.00746269
5194,134,133,0.00746269
5197,134,133,0.00746269
5201,134,133,0.00746269
5205,134,133,0.00746269
5209,134,133,0.00746269
5214,134,133,0.00746269
5215,134,133,0.00746269
5218,134,133,0.00746269
5222,134,133,0.00746269
5224,134,133,0.00746269
5228,134,133,0.00746269
5228,134,133,0.00746269
5232,134,133,0.00746269
5235,134,133,0.00746269
5239,134,133,0.00746269
5242,134,133,0.00746269
5245,134,133,0.00746269
5248,134,133,0.00746269
5252,134,133,0.00746269
5255,134,133,0.00746269
5260,134,133,0.00746269
5264,134,133,0.00746269
5266,134,133,0.00746269
5270,134,133,0.00746269
5273,134,133,0.00746269
5277,134,133,0.00746269
5282,134,133,0.00746269
5285,134,133,0.00746269
5290,134,133,0.00746269
5294,134,133,0.00746269
5298,134,133,0.00746269
5301,134,133,0.00746269
5305,134,133,0.00746269
5309,134,133,0.00746269
5312,134,133,0.00746269
5316,134,133,0.00746269
5320,134,133,0.00746269
5324,134,133,0.00746269
5328,134,133,0.00746269
5331,134,133,0.00746269
5336,134,133,0.00746269
5340,134,133,0.00746269
5344,134,133,0.00746269
5348,134,133,0.00746269
5353,134,133,0.00746269
5357,134,133,0.00746269
5361,134,133,0.00746269
5365,134,133,0.00746269
5369,134,133,0.00746269
5373,134,133,0.00746269
5377,134,133,0.00746269
5381,134,133,0.00746269
5385,134,133,0.00746269
5390,134,133,0.00746269
5394,134,133,0.00746269
5398,134,133,0.00746269
5402,134,133,0.00746269
5407,134,133,0.00746269
5410,134,133,0.00746269
5414,134,133,0.00746269
5418,134,133,0.00746269
5422,134,133,0.00746269
5426,134,133,0.00746269
5431,134,133,0.00746269
5435,134,133,0.00746269
5439,134,133,0.00746269
5443,134,133,0.00746269
5448,134,133,0.00746269
5452,134,133,0.00746269
5457,134,133,0.00746269
5461,134,133,0.00746269
5465,134,133,0.00746269
5470,134,133,0.00746269
5474,134,133,0.00746269
5478,134,133,0.00746269
5482,134,133,0.00746269
5487,134,133,0.00746269
5491,134,133,0.00746269
5495,134,133,0.00746269
5499,134,133,0.00746269
5504,134,133,0.00746269
5508,134,133,0.00746269
5512,134,133,0.00746269
5516,134,133,0.00746269
5520,134,133,0.00746269
5524,134,133,0.00746269
5528,134,133,0.00746269
5532,134,133,0.00746269
5536,134,133,0.00746269
5541,134,133,0.00746269
5545,134,133,0.00746269
5549,134,133,0.00746269
5553,134,133,0.00746269
5558,134,133,0.00746269
5562,134,133,0.00746269
5567,134,133,0.00746269
5571,134,133,0.00746269
5575,134,133,0.00746269
5579,134,133,0.00746269
5584,134,133,0.00746269
5589,134,133,0.00746269
5593,134,133,0.00746269
5597,134,133,0.00746269
5602,134,133,0.00746269
5606,134,133,0.00746269
5610,134,133,0.00746269
5614,134,133,0.00746269
5618,134,133,0.00746269
5622,134,133,0.00746269
5626,134,133,0.00746269
5630,134,133,0.00746269
5634,134,133,0.00746269
5637,134,133,0.00746269
5642,134,133,0.00746269
5645,134,133,0.00746269
5648,134,133,0.00746269
5653,134,133,0.00746269
5658,134,133,0.00746269
5662,134,133,0.00746269
5665,134,133,0.00746269
5669,134,133,0.00746269
5673,134,133,0.00746269
5677,134,133,0.00746269
5682,134,133,0.00746269
5685,134,133,0.00746269
5690,134,133,0.00746269
5694,134,133,0.00746269
5699,134,133,0.00746269
5703,134,133,0.00746269
5707,134,133,0.00746269
5712,134,133,0.00746269
5716,134,133,0.00746269
5720,134,133,0.00746269
5724,134,133,0.00746269
5728,134,133,0.00746269
5732,134,133,0.00746269
5737,134,133,0.00746269
5739,134,133,0.00746269
5743,134,133,0.00746269
5747,134,133,0.00746269
5751,134,133,0.00746269
5756,134,133,0.00746269
5761,134,133,0.00746269
5765,134,133,0.00746269
5767,134,133,0.00746269
5771,134,133,0.00746269
5776,134,133,0.00746269
5781,134,133,0.00746269
5785,134,133,0.00746269
5788,134,133,0.00746269
5792,134,133,0.00746269
5796,134,133,0.00746269
5800,134,133,0.00746269
5804,134,133,0.00746269
5808,134,133,0.00746269
5812,134,133,0.00746269
5817,134,133,0.00746269
5821,134,133,0.00746269
5825,134,133,0.00746269
5830,134,133,0.00746269
5834,134,133,0.00746269
5839,134,133,0.00746269
5843,134,133,0.00746269
5848,134,133,0.00746269
5852,134,133,0.00746269
5857,134,133,0.00746269
5860,134,133,0.00746269
5864,134,133,0.00746269
5868,134,133,0.00746269
5873,134,133,0.00746269
5877,134,133,0.00746269
5881,134,133,0.00746269
5886,134,133,0.00746269
5890,134,133,0.00746269
5895,134,133,0.00746269
5899,134,133,0.00746269
5904,134,133,0.00746269
5908,134,133,0.00746269
5912,134,133,0.00746269
5916,134,133,0.00746269
5920,134,133,0.00746269
5924,134,133,0.00746269
5928,134,133,0.00746269
5932,134,133,0.00746269
5935,134,133,0.00746269
5940,134,133,0.00746269
5943,134,133,0.00746269
5947,134,133,0.00746269
5951,134,133,0.00746269
5956,134,133,0.00746269
5960,134,133,0.00746269
5965,134,133,0.00746269
5969,134,133,0.00746269
5973,134,133,0.00746269
5978,134,133,0.00746269
5982,134,133,0.00746269
5987,134,133,0.00746269
5991,134,133,0.00746269
5994,134,133,0.00746269
5999,134,133,0.00746269
6003,134,133,0.00746269
6008,134,133,0.00746269
6012,134,133,0.00746269
6017,134,133,0.00746269
6021,134,133,0.00746269
6025,134,133,0.00746269
6030,134,133,0.00746269
6034,134,133,0.00746269
6039,134,133,0.00746269
6043,134,133,0.00746269
6048,134,133,0.00746269
6053,134,133,0.00746269
6058,134,133,0.00746269
6063,134,133,0.00746269
6067,134,133,0.00746269
6071,134,133,0.00746269
6076,134,133,0.00746269
6081,134,133,0.00746269
6085,134,133,0.00746269
6089,134,133,0.00746269
6094,134,133,0.00746269
6099,134,133,0.00746269
6104,134,133,0.00746269
6109,134,133,0.00746269
6113,134,133,0.00746269
6118,134,133,0.00746269
6122,134,133,0.00746269
6127,134,133,0.00746269
6132,134,133,0.00746269
6137,134,133,0.00746269
6142,134,133,0.00746269
6147,134,133,0.00746269
6151,134,133,0.00746269
6156,134,133,0.00746269
6161,134,133,0.00746269
6166,134,133,0.00746269
6171,134,133,0.00746269
6176,134,133,0.00746269
6181,134,133,0.00746269
6186,134,133,0.00746269
6191,134,133,0.00746269
6196,134,133,0.00746269
6201,134,133,0.00746269
6207,134,133,0.00746269
6212,134,133,0.00746269
6217,134,133,0.00746269
6222,134,133,0.00746269
6227,134,133,0.00746269
6233,134,133,0.00746269
6239,134,133,0.00746269
6244,134,133,0.00746269
6249,134,133,0.00746269
6255,134,133,0.00746269
6259,134,133,0.00746269
6264,134,133,0.00746269
6269,134,133,0.00746269
6273,134,133,0.00746269
6279,134,133,0.00746269
6284,134,133,0.00746269
6289,134,133,0.00746269
6294,134,133,0.00746269
6299,134,133,0.00746269
6304,134,133,0.00746269
6309,134,133,0.00746269
6313,134,133,0.00746269
6318,134,133,0.00746269
6324,134,133,0.00746269
6329,134,133,0.00746269
6333,134,133,0.00746269
6339,134,133,0.00746269
6344,134,133,0.00746269
6350,134,133,0.00746269
6354,134,133,0.00746269
6360,134,133,0.00746269
6365,134,133,0.00746269
6370,134,133,0.00746269
6375,134,133,0.00746269
6381,134,133,0.00746269
6385,134,133,0.00746269
6390,134,133,0.00746269
6396,134,133,0.00746269
6400,134,133,0.00746269
6405,134,133,0.00746269
6410,134,133,0.00746269
6415,134,133,0.00746269
6418,134,133,0.00746269
6424,134,133,0.00746269
6429,134,133,0.00746269
6433,134,133,0.00746269
6438,134,133,0.00746269
6443,134,133,0.00746269
6448,134,133,0.00746269
6453,134,133,0.00746269
6458,134,133,0.00746269
6464,134,133,0.00746269
6468,134,133,0.00746269
6473,134,133,0.00746269
6477,134,133,0.00746269
6482,134,133,0.00746269
6487,134,133,0.00746269
6492,134,133,0.00746269
6497,134,133,0.00746269
6503,134,133,0.00746269
6508,134,133,0.00746269
6513,134,133,0.00746269
6518,134,133,0.00746269
6523,134,133,0.00746269
6528,134,133,0.00746269
6534,134,133,0.00746269
6539,134,133,0.00746269
6544,134,133,0.00746269
6549,134,133,0.00746269
6554,134,133,0.00746269
6560,134,133,0.00746269
6565,134,133,0.00746269
6570,134,133,0.00746269
6576,134,133,0.00746269
6581,134,133,0.00746269
6586,134,133,0.00746269
6592,134,133,0.00746269
6597,134,133,0.00746269
6602,134,133,0.00746269
6606,134,133,0.00746269
6612,134,133,0.00746269
6617,134,133,0.00746269
6622,134,133,0.00746269
6626,134,133,0.00746269
6632,134,133,0.00746269
6637,134,133,0.00746269
6642,134,133,0.00746269
6647,134,133,0.00746269
6653,134,133,0.00746269
6658,134,133,0.00746269
6663,134,133,0.00746269
6669,134,133,0.00746269
6674,134,133,0.00746269
6679,134,133,0.00746269
6685,134,133,0.00746269
6690,134,133,0.00746269
6695,134,133,0.00746269
6700,134,133,0.00746269
6706,134,133,0.00746269
6711,134,133,0.00746269
6716,134,133,0.00746269
6721,134,133,0.00746269
6726,134,133,0.00746269
6732,134,133,0.00746269
6737,134,133,0.00746269
6743,134,133,0.00746269
6749,134,133,0.00746269
6754,134,133,0.00746269
6760,134,133,0.00746269
6765,134,133,0.00746269
6771,134,133,0.00746269
6777,134,133,0.00746269
6782,134,133,0.00746269
6788,134,133,0.00746269
6793,134,133,0.00746269
6799,134,133,0.00746269
6804,134,133,0.00746269
6810,134,133,0.00746269
6815,134,133,0.00746269
6820,134,133,0.00746269
6826,134,133,0.00746269
6832,134,133,0.00746269
6837,134,133,0.00746269
6843,134,133,0.00746269
6849,134,133,0.00746269
6854,134,133,0.00746269
6859,134,133,0.00746269
6865,134,133,0.00746269
6871,134,133,0.00746269
6876,134,133,0.00746269
6880,134,133,0.00746269
6885,134,133,0.00746269
6891,134,133,0.00746269
6896,134,133,0.00746269
6902,134,133,0.00746269
6907,134,133,0.00746269
6912,134,133,0.00746269
6917,134,133,0.00746269
6921,134,133,0.00746269
6927,134,133,0.00746269
6932,134,133,0.00746269
6938,134,133,0.00746269
6944,134,133,0.00746269
6950,134,133,0.00746269
6956,134,133,0.00746269
6962,134,133,0.00746269
6967,134,133,0.00746269
6973,134,133,0.00746269
6978,134,133,0.00746269
6984,134,133,0.00746269
6990,134,133,0.00746269
6995,134,133,0.00746269
7000,134,133,0.00746269
7006,134,133,0.00746269
7011,134,133,0.00746269
7017,134,133,0.00746269
7023,134,133,0.00746269
7028,134,133,0.00746269
7033,134,133,0.00746269
7038,134,133,0.00746269
7044,134,133,0.00746269
7049,134,133,0.00746269
7056,134,133,0.00746269
7061,134,133,0.00746269
7068,134,133,0.00746269
7075,134,133,0.00746269
7081,134,133,0.00746269
7087,134,133,0.00746269
7092,134,133,0.00746269
7098,134,133,0.00746269
7104,134,133,0.00746269
7109,134,133,0.00746269
7115,134,133,0.00746269
7121,134,133,0.00746269
7127,134,133,0.00746269
7133,134,133,0.00746269
7138,134,133,0.00746269
7144,134,133,0.00746269
7150,134,133,0.00746269
7156,134,133,0.00746269
7162,134,133,0.00746269
7168,134,133,0.00746269
7173,134,133,0.00746269
7178,134,133,0.00746269
7184,134,133,0.00746269
7189,134,133,0.00746269
7195,134,133,0.00746269
7200,134,133,0.00746269
7206,134,133,0.00746269
7212,134,133,0.00746269
7218,134,133,0.00746269
7225,134,133,0.00746269
7230,134,133,0.00746269
7236,134,133,0.00746269
7242,134,133,0.00746269
7247,134,133,0.00746269
7252,134,133,0.00746269
7258,134,133,0.00746269
7264,134,133,0.00746269
7270,134,133,0.00746269
7275,134,133,0.00746269
7282,134,133,0.00746269
7289,134,133,0.00746269
7294,134,133,0.00746269
7300,134,133,0.00746269
7307,134,133,0.00746269
7313,134,133,0.00746269
7319,134,133,0.00746269
7325,134,133,0.00746269
7330,134,133,0.00746269
7336,134,133,0.00746269
7341,134,133,0.00746269
7346,134,133,0.00746269
7353,134,133,0.00746269
7359,134,133,0.00746269
7365,134,133,0.00746269
7371,134,133,0.00746269
7377,134,133,0.00746269
7384,134,133,0.00746269
7390,134,133,0.00746269
7396,134,133,0.00746269
7402,134,133,0.00746269
7409,134,133,0.00746269
7415,134,133,0.00746269
7421,134,133,0.00746269
7427,134,133,0.00746269
7432,134,133,0.00746269
7437,134,133,0.00746269
7443,134,133,0.00746269
7448,134,133,0.00746269
7454,134,133,0.00746269
7459,134,133,0.00746269
7465,134,133,0.00746269
7471,134,133,0.00746269
7477,134,133,0.00746269
7483,134,133,0.00746269
7489,134,133,0.00746269
7496,134,133,0.00746269
7502,134,133,0.00746269
7508,134,133,0.00746269
7514,134,133,0.00746269
7520,134,133,0.00746269
7526,134,133,0.00746269
7532,134,133,0.00746269
7538,134,133,0.00746269
7544,134,133,0.00746269
7550,134,133,0.00746269
7555,134,133,0.00746269
7561,134,133,0.00746269
7567,134,133,0.00746269
7573,134,133,0.00746269
7580,134,133,0.00746269
7586,134,133,0.00746269
7592,134,133,0.00746269
7598,134,133,0.00746269
7603,134,133,0.00746269
7609,134,133,0.00746269
7615,134,133,0.00746269
7620,134,133,0.00746269
7626,134,133,0.00746269
7631,134,133,0.00746269
7637,134,133,0.00746269
7641,134,133,0.00746269
7648,134,133,0.00746269
7654,134,133,0.00746269
7659,134,133,0.00746269
7666,134,133,0.00746269
7672,134,133,0.00746269
7678,134,133,0.00746269
7685,134,133,0.00746269
7691,134,133,0.00746269
7697,134,133,0.00746269
7702,134,133,0.00746269
7707,134,133,0.00746269
7713,134,133,0.00746269
7719,134,133,0.00746269
7725,134,133,0.00746269
7732,134,133,0.00746269
7739,134,133,0.00746269
7745,134,133,0.00746269
7752,134,133,0.00746269
7758,134,133,0.00746269
7764,134,133,0.00746269
7770,134,133,0.00746269
7776,134,133,0.00746269
7782,134,133,0.00746269
7788,134,133,0.00746269
7793,134,133,0.00746269
7799,134,133,0.00746269
7805,134,133,0.00746269
7811,134,133,0.00746269
7817,134,133,0.00746269
7823,134,133,0.00746269
7829,134,133,0.00746269
7835,134,133,0.00746269
7840,134,133,0.00746269
7846,134,133,0.00746269
7852,134,133,0.00746269
7858,134,133,0.00746269
7864,134,133,0.00746269
7870,134,133,0.00746269
7876,134,133,0.00746269
7883,134,133,0.00746269
7888,134,133,0.00746269
7895,134,133,0.00746269
7901,134,133,0.00746269
7907,134,133,0.00746269
7913,134,133,0.00746269
7920,134,133,0.00746269
7926,134,133,0.00746269
7932,134,133,0.00746269
7939,134,133,0.00746269
7948,134,133,0.00746269
7954,134,133,0.00746269
7960,134,133,0.00746269
7966,134,133,0.00746269
7973,134,133,0.00746269
7978,134,133,0.00746269
7985,134,133,0.00746269
7992,134,133,0.00746269
7997,134,133,0.00746269
8003,134,133,0.00746269
8009,134,133,0.00746269
8015,134,133,0.00746269
8020,134,133,0.00746269
8027,134,133,0.00746269
8033,134,133,0.00746269
8039,134,133,0.00746269
8045,134,133,0.00746269
8051,134,133,0.00746269
8057,134,133,0.00746269
8063,134,133,0.00746269
8069,134,133,0.00746269
8075,134,133,0.00746269
8081,134,133,0.00746269
8086,134,133,0.00746269
8092,134,133,0.00746269
8097,134,133,0.00746269
8103,134,133,0.00746269
8110,134,133,0.00746269
8114,134,133,0.00746269
8120,134,133,0.00746269
8127,134,133,0.00746269
8133,134,133,0.00746269
8139,134,133,0.00746269
8146,134,133,0.00746269
8152,134,133,0.00746269
8158,134,133,0.00746269
8164,134,133,0.00746269
8170,134,133,0.00746269
8176,134,133,0.00746269
8182,134,133,0.00746269
8189,134,133,0.00746269
8195,134,133,0.00746269
8201,134,133,0.00746269
8207,134,133,0.00746269
8213,134,133,0.00746269
8220,134,133,0.00746269
8226,134,133,0.00746269
8232,134,133,0.00746269
8238,134,133,0.00746269
8245,134,133,0.00746269
8251,134,133,0.00746269
8258,134,133,0.00746269
8264,134,133,0.00746269
8271,134,133,0.00746269
8278,134,133,0.00746269
8284,134,133,0.00746269
8290,134,133,0.00746269
8297,134,133,0.00746269
8303,134,133,0.00746269
8309,134,133,0.00746269
8315,134,133,0.00746269
8322,134,133,0.00746269
8326,134,133,0.00746269
8332,134,133,0.00746269
8338,134,133,0.00746269
8344,134,133,0.00746269
8349,134,133,0.00746269
8356,134,133,0.00746269
8360,134,133,0.00746269
8366,134,133,0.00746269
8373,134,133,0.00746269
8380,134,133,0.00746269
8386,134,133,0.00746269
8393,134,133,0.00746269
8400,134,133,0.00746269
8406,134,133,0.00746269
8412,134,133,0.00746269
8418,134,133,0.00746269
8424,134,133,0.00746269
8432,134,133,0.00746269
8438,134,133,0.00746269
8444,134,133,0.00746269
8451,134,133,0.00746269
8457,134,133,0.00746269
8464,134,133,0.00746269
8471,134,133,0.00746269
8478,134,133,0.00746269
8484,134,133,0.00746269
8490,134,133,0.00746269
8496,134,133,0.00746269
8502,134,133,0.00746269
8507,134,133,0.00746269
8512,134,133,0.00746269
8519,134,133,0.00746269
8525,134,133,0.00746269
8531,134,133,0.00746269
8537,134,133,0.00746269
8543,134,133,0.00746269
8549,134,133,0.00746269
8555,134,133,0.00746269
8561,134,133,0.00746269
8568,134,133,0.00746269
8575,134,133,0.00746269
8581,134,133,0.00746269
8588,134,133,0.00746269
8596,134,133,0.00746269
8602,134,133,0.00746269
8608,134,133,0.00746269
8614,134,133,0.00746269
8621,134,133,0.00746269
8628,134,133,0.00746269
8635,134,133,0.00746269
8640,134,133,0.00746269
8647,134,133,0.00746269
8652,134,133,0.00746269
8659,134,133,0.00746269
8666,134,133,0.00746269
8673,134,133,0.00746269
8678,134,133,0.00746269
8684,134,133,0.00746269
8691,134,133,0.00746269
8698,134,133,0.00746269
8704,134,133,0.00746269
8710,134,133,0.00746269
8716,134,133,0.00746269
8722,134,133,0.00746269
8729,134,133,0.00746269
8736,134,133,0.00746269
8741,134,133,0.00746269
8749,134,133,0.00746269
8756,134,133,0.00746269
8763,134,133,0.00746269
8770,134,133,0.00746269
8776,134,133,0.00746269
8783,134,133,0.00746269
8790,134,133,0.00746269
8797,134,133,0.00746269
8803,134,133,0.00746269
8809,134,133,0.00746269
8815,134,133,0.00746269
8821,134,133,0.00746269
8828,134,133,0.00746269
8835,134,133,0.00746269
8842,134,133,0.00746269
8848,134,133,0.00746269
8854,134,133,0.00746269
8859,134,133,0.00746269
8866,134,133,0.00746269
8872,134,133,0.00746269
8878,134,133,0.00746269
8884,134,133,0.00746269
8890,134,133,0.00746269
8895,134,133,0.00746269
8901,134,133,0.00746269
8908,134,133,0.00746269
8914,134,133,0.00746269
8920,134,133,0.00746269
8926,134,133,0.00746269
8932,134,133,0.00746269
8939,134,133,0.00746269
8945,134,133,0.00746269
8952,134,133,0.00746269
8957,134,133,0.00746269
8964,134,133,0.00746269
8970,134,133,0.00746269
8976,134,133,0.00746269
8982,134,133,0.00746269
8988,134,133,0.00746269
8993,134,133,0.00746269
8999,134,133,0.00746269
9005,134,133,0.00746269
9012,134,133,0.00746269
9017,134,133,0.00746269
9023,134,133,0.00746269
9029,134,133,0.00746269
9035,134,133,0.00746269
9042,134,133,0.00746269
9048,134,133,0.00746269
9055,134,133,0.00746269
9063,134,133,0.00746269
9070,134,133,0.00746269
9076,134,133,0.00746269
9082,134,133,0.00746269
9089,134,133,0.00746269
9096,134,133,0.00746269
9102,134,133,0.00746269
9108,134,133,0.00746269
9115,134,133,0.00746269
9119,134,133,0.00746269
9126,134,133,0.00746269
9133,134,133,0.00746269
9139,134,133,0.00746269
9146,134,133,0.00746269
9153,134,133,0.00746269
9158,134,133,0.00746269
9164,134,133,0.00746269
9171,134,133,0.00746269
9177,134,133,0.00746269
9183,134,133,0.00746269
9189,134,133,0.00746269
9196,134,133,0.00746269
9201,134,133,0.00746269
9208,134,133,0.00746269
9214,134,133,0.00746269
9221,134,133,0.00746269
9228,134,133,0.00746269
9234,134,133,0.00746269
9241,134,133,0.00746269
9248,134,133,0.00746269
9255,134,133,0.00746269
9263,134,133,0.00746269
9271,134,133,0.00746269
9277,134,133,0.00746269
9284,134,133,0.00746269
9291,134,133,0.00746269
9297,134,133,0.00746269
9304,134,133,0.00746269
9310,134,133,0.00746269
9316,134,133,0.00746269
9323,134,133,0.00746269
9329,134,133,0.00746269
9336,134,133,0.00746269
9343,134,133,0.00746269
9349,134,133,0.00746269
9356,134,133,0.00746269
9363,134,133,0.00746269
9368,134,133,0.00746269
9375,134,133,0.00746269
9381,134,133,0.00746269
9388,134,133,0.00746269
9394,134,133,0.00746269
9401,134,133,0.00746269
9406,134,133,0.00746269
9413,134,133,0.00746269
9419,134,133,0.00746269
9426,134,133,0.00746269
9432,134,133,0.00746269
9439,134,133,0.00746269
9445,134,133,0.00746269
9452,134,133,0.00746269
9459,134,133,0.00746269
9465,134,133,0.00746269
9470,134,133,0.00746269
9478,134,133,0.00746269
9486,134,133,0.00746269
9492,134,133,0.00746269
9499,134,133,0.00746269
9506,134,133,0.00746269
9513,134,133,0.00746269
9520,134,133,0.00746269
9527,134,133,0.00746269
9534,134,133,0.00746269
9541,134,133,0.00746269
9548,134,133,0.00746269
9554,134,133,0.00746269
9561,134,133,0.00746269
9568,134,133,0.00746269
9575,134,133,0.00746269
9582,134,133,0.00746269
9589,134,133,0.00746269
9596,134,133,0.00746269
9603,134,133,0.00746269
9608,134,133,0.00746269
9615,134,133,0.00746269
9622,134,133,0.00746269
9629,134,133,0.00746269
9635,134,133,0.00746269
9642,134,133,0.00746269
9648,134,133,0.00746269
9656,134,133,0.00746269
9663,134,133,0.00746269
9671,134,133,0.00746269
9676,134,133,0.00746269
9684,134,133,0.00746269
9691,134,133,0.00746269
9697,134,133,0.00746269
9704,134,133,0.00746269
9710,134,133,0.00746269
9717,134,133,0.00746269
9723,134,133,0.00746269
9730,134,133,0.00746269
9738,134,133,0.00746269
9744,134,133,0.00746269
9751,134,133,0.00746269
9758,134,133,0.00746269
9765,134,133,0.00746269
9772,134,133,0.00746269
9779,134,133,0.00746269
9786,134,133,0.00746269
9794,134,133,0.00746269
9800,134,133,0.00746269
9807,134,133,0.00746269
9814,134,133,0.00746269
9820,134,133,0.00746269
9827,134,133,0.00746269
9834,134,133,0.00746269
9840,134,133,0.00746269
9846,134,133,0.00746269
9852,134,133,0.00746269
9860,134,133,0.00746269
9867,134,133,0.00746269
9873,134,133,0.00746269
9877,134,133,0.00746269
9883,134,133,0.00746269
9890,134,133,0.00746269
9896,134,133,0.00746269
9903,134,133,0.00746269
9910,134,133,0.00746269
9917,134,133,0.00746269
9924,134,133,0.00746269
9931,134,133,0.00746269
9937,134,133,0.00746269
9942,134,133,0.00746269
9950,134,133,0.00746269
9957,134,133,0.00746269
9963,134,133,0.00746269
9969,134,133,0.00746269
9976,134,133,0.00746269
9983,134,133,0.00746269
9991,134,133,0.00746269
9999,134,133,0.00746269
10005,134,133,0.00746269
10013,134,133,0.00746269
10020,134,133,0.00746269
10027,134,133,0.00746269
10034,134,133,0.00746269
10041,134,133,0.00746269
10049,134,133,0.00746269
10057,134,133,0.00746269
10062,134,133,0.00746269
10069,134,133,0.00746269
10076,134,133,0.00746269
10084,134,133,0.00746269
10091,134,133,0.00746269
10099,134,133,0.00746269
10106,134,133,0.00746269
10112,134,133,0.00746269
10119,134,133,0.00746269
10126,134,133,0.00746269
10134,134,133,0.00746269
10140,134,133,0.00746269
10147,134,133,0.00746269
10155,134,133,0.00746269
10162,134,133,0.00746269
10167,134,133,0.00746269
10174,134,133,0.00746269
10182,134,133,0.00746269
10189,134,133,0.00746269
10196,134,133,0.00746269
10204,134,133,0.00746269
10212,134,133,0.00746269
10219,134,133,0.00746269
10226,134,133,0.00746269
10233,134,133,0.00746269
10239,134,133,0.00746269
10247,134,133,0.00746269
10255,134,133,0.00746269
10262,134,133,0.00746269
10269,134,133,0.00746269
10276,134,133,0.00746269
10282,134,133,0.00746269
10289,134,133,0.00746269
10296,134,133,0.00746269
10302,134,133,0.00746269
10309,134,133,0.00746269
10316,134,133,0.00746269
10323,134,133,0.00746269
10331,134,133,0.00746269
10338,134,133,0.00746269
10344,134,133,0.00746269
10352,134,133,0.00746269
10359,134,133,0.00746269
10364,134,133,0.00746269
10370,134,133,0.00746269
10377,134,133,0.00746269
10382,134,133,0.00746269
10387,134,133,0.00746269
10391,134,133,0.00746269
10398,134,133,0.00746269
10403,134,133,0.00746269
10409,134,133,0.00746269
10414,134,133,0.00746269
10420,134,133,0.00746269
10427,134,133,0.00746269
10434,134,133,0.00746269
10442,134,133,0.00746269
10448,134,133,0.00746269
10456,134,133,0.00746269
10463,134,133,0.00746269
10470,134,133,0.00746269
10476,134,133,0.00746269
10481,134,133,0.00746269
10485,134,133,0.00746269
10493,134,133,0.00746269
10500,134,133,0.00746269
10507,134,133,0.00746269
10515,134,133,0.00746269
10521,134,133,0.00746269
10528,134,133,0.00746269
10533,134,133,0.00746269
10540,134,133,0.00746269
10547,134,133,0.00746269
10551,134,133,0.00746269
10558,134,133,0.00746269
10564,134,133,0.00746269
10572,134,133,0.00746269
10577,134,133,0.00746269
10584,134,133,0.00746269
10592,134,133,0.00746269
10598,134,133,0.00746269
10605,134,133,0.00746269
10612,134,133,0.00746269
10619,134,133,0.00746269
10624,134,133,0.00746269
10631,134,133,0.00746269
10639,134,133,0.00746269
10646,134,133,0.00746269
10654,134,133,0.00746269
10661,134,133,0.00746269
10669,134,133,0.00746269
10676,134,133,0.00746269
10681,134,133,0.00746269
10688,134,133,0.00746269
10695,134,133,0.00746269
10701,134,133,0.00746269
10709,134,133,0.00746269
10716,134,133,0.00746269
10722,134,133,0.00746269
10729,134,133,0.00746269
10736,134,133,0.00746269
10742,134,133,0.00746269
10749,134,133,0.00746269
10757,134,133,0.00746269
10762,134,133,0.00746269
10769,134,133,0.00746269
10774,134,133,0.00746269
10779,134,133,0.00746269
10787,134,133,0.00746269
10794,134,133,0.00746269
10800,134,133,0.00746269
10807,134,133,0.00746269
10814,134,133,0.00746269
10819,134,133,0.00746269
10824,134,133,0.00746269
10831,134,133,0.00746269
10839,134,133,0.00746269
10846,134,133,0.00746269
10852,134,133,0.00746269
10859,134,133,0.00746269
10866,134,133,0.00746269
10872,134,133,0.00746269
10879,134,133,0.00746269
10887,134,133,0.00746269
10894,134,133,0.00746269
10902,134,133,0.00746269
10909,134,133,0.00746269
10917,134,133,0.00746269
10925,134,133,0.00746269
10932,134,133,0.00746269
10939,134,133,0.00746269
10944,134,133,0.00746269
10950,134,133,0.00746269
10958,134,133,0.00746269
10965,134,133,0.00746269
10970,134,133,0.00746269
10978,134,133,0.00746269
10987,134,133,0.00746269
10995,134,133,0.00746269
11002,134,133,0.00746269
11009,134,133,0.00746269
11016,134,133,0.00746269
11022,134,133,0.00746269
11029,134,133,0.00746269
11037,134,133,0.00746269
11041,134,133,0.00746269
11048,134,133,0.00746269
11055,134,133,0.00746269
11061,134,133,0.00746269
11067,134,133,0.00746269
11074,134,133,0.00746269
11078,134,133,0.00746269
11084,134,133,0.00746269
11092,134,133,0.00746269
11100,134,133,0.00746269
11106,134,133,0.00746269
11113,134,133,0.00746269
11121,134,133,0.00746269
11127,134,133,0.00746269
11135,134,133,0.00746269
11142,134,133,0.00746269
11147,134,133,0.00746269
11153,134,133,0.00746269
11159,134,133,0.00746269
11167,134,133,0.00746269
11173,134,133,0.00746269
11179,134,133,0.00746269
11185,134,133,0.00746269
11193,134,133,0.00746269
11199,134,133,0.00746269
11205,134,133,0.00746269
11212,134,133,0.00746269
11217,134,133,0.00746269
11221,134,133,0.00746269
11223,134,133,0.00746269
11230,134,133,0.00746269
11237,134,133,0.00746269
11245,134,133,0.00746269
11251,134,133,0.00746269
11253,134,133,0.00746269
11258,134,133,0.00746269
11266,134,133,0.00746269
11270,134,133,0.00746269
11274,134,133,0.00746269
11281,134,133,0.00746269
11289,134,133,0.00746269
11297,134,133,0.00746269
11304,134,133,0.00746269
11310,134,133,0.00746269
11316,134,133,0.00746269
11322,134,133,0.00746269
11330,134,133,0.00746269
11334,134,133,0.00746269
11339,134,133,0.00746269
11347,134,133,0.00746269
11355,134,133,0.00746269
11361,134,133,0.00746269
11369,134,133,0.00746269
11375,134,133,0.00746269
11383,134,133,0.00746269
11391,134,133,0.00746269
11399,134,133,0.00746269
11405,134,133,0.00746269
11413,134,133,0.00746269
11419,134,133,0.00746269
11426,134,133,0.00746269
11434,134,133,0.00746269
11440,134,133,0.00746269
11447,134,133,0.00746269
11454,134,133,0.00746269
11462,134,133,0.00746269
11470,134,133,0.00746269
11478,134,133,0.00746269
11486,134,133,0.00746269
11494,134,133,0.00746269
11500,134,133,0.00746269
11506,134,133,0.00746269
11511,134,133,0.00746269
11518,134,133,0.00746269
11523,134,133,0.00746269
11529,134,133,0.00746269
11537,134,133,0.00746269
11544,134,133,0.00746269
11552,134,133,0.00746269
11556,134,133,0.00746269
11564,134,133,0.00746269
11571,134,133,0.00746269
11580,134,133,0.00746269
11587,134,133,0.00746269
11593,134,133,0.00746269
11601,134,133,0.00746269
11609,134,133,0.00746269
11617,134,133,0.00746269
11623,134,133,0.00746269
11631,134,133,0.00746269
11639,134,133,0.00746269
11647,134,133,0.00746269
11651,134,133,0.00746269
11658,134,133,0.00746269
11667,134,133,0.00746269
11674,134,133,0.00746269
11682,134,133,0.00746269
11690,134,133,0.00746269
11698,134,133,0.00746269
11705,134,133,0.00746269
11710,134,133,0.00746269
11718,134,133,0.00746269
11724,134,133,0.00746269
11731,134,133,0.00746269
11736,134,133,0.00746269
11744,134,133,0.00746269
11752,134,133,0.00746269
11759,134,133,0.00746269
11765,134,133,0.00746269
11773,134,133,0.00746269
11779,134,133,0.00746269
11787,134,133,0.00746269
11795,134,133,0.00746269
11803,134,133,0.00746269
11808,134,133,0.00746269
11816,134,133,0.00746269
11824,134,133,0.00746269
11830,134,133,0.00746269
11838,134,133,0.00746269
11846,134,133,0.00746269
11854,134,133,0.00746269
11862,134,133,0.00746269
11870,134,133,0.00746269
11877,134,133,0.00746269
11882,134,133,0.00746269
11889,134,133,0.00746269
11895,134,133,0.00746269
11903,134,133,0.00746269
11910,134,133,0.00746269
11917,134,133,0.00746269
11921,134,133,0.00746269
11929,134,133,0.00746269
11937,134,133,0.00746269
11945,134,133,0.00746269
11953,134,133,0.00746269
11961,134,133,0.00746269
11968,134,133,0.00746269
11976,134,133,0.00746269
11985,134,133,0.00746269
11991,134,133,0.00746269
11999,134,133,0.00746269
12006,134,133,0.00746269
12013,134,133,0.00746269
12019,134,133,0.00746269
12026,134,133,0.00746269
12033,134,133,0.00746269
12041,134,133,0.00746269
12048,134,133,0.00746269
12056,134,133,0.00746269
12064,134,133,0.00746269
12073,134,133,0.00746269
12082,134,133,0.00746269
12090,134,133,0.00746269
12098,134,133,0.00746269
12106,134,133,0.00746269
12113,134,133,0.00746269
12121,134,133,0.00746269
12126,134,133,0.00746269
12132,134,133,0.00746269
12140,134,133,0.00746269
12149,134,133,0.00746269
12153,134,133,0.00746269
12160,134,133,0.00746269
12168,134,133,0.00746269
12175,134,133,0.00746269
12181,134,133,0.00746269
12188,134,133,0.00746269
12196,134,133,0.00746269
12203,134,133,0.00746269
12211,134,133,0.00746269
12220,134,133,0.00746269
12227,134,133,0.00746269
12235,134,133,0.00746269
12243,134,133,0.00746269
12249,134,133,0.00746269
12254,134,133,0.00746269
12262,134,133,0.00746269
12269,134,133,0.00746269
12278,134,133,0.00746269
12284,134,133,0.00746269
12291,134,133,0.00746269
12299,134,133,0.00746269
12307,134,133,0.00746269
12313,134,133,0.00746269
12321,134,133,0.00746269
12329,134,133,0.00746269
12336,134,133,0.00746269
12344,134,133,0.00746269
12351,134,133,0.00746269
12359,134,133,0.00746269
12367,134,133,0.00746269
12375,134,133,0.00746269
12381,134,133,0.00746269
12389,134,133,0.00746269
12396,134,133,0.00746269
12402,134,133,0.00746269
12410,134,133,0.00746269
12417,134,133,0.00746269
12426,134,133,0.00746269
12433,134,133,0.00746269
12438,134,133,0.00746269
12445,134,133,0.00746269
12453,134,133,0.00746269
12461,134,133,0.00746269
12469,134,133,0.00746269
12477,134,133,0.00746269
12484,134,133,0.00746269
12493,134,133,0.00746269
12499,134,133,0.00746269
12506,134,133,0.00746269
12513,134,133,0.00746269
12519,134,133,0.00746269
12524,134,133,0.00746269
12532,134,133,0.00746269
12539,134,133,0.00746269
12547,134,133,0.00746269
12554,134,133,0.00746269
12562,134,133,0.00746269
12570,134,133,0.00746269
12578,134,133,0.00746269
12586,134,133,0.00746269
12593,134,133,0.00746269
12601,134,133,0.00746269
12609,134,133,0.00746269
12616,134,133,0.00746269
12624,134,133,0.00746269
12632,134,133,0.00746269
12640,134,133,0.00746269
12645,134,133,0.00746269
12653,134,133,0.00746269
12661,134,133,0.00746269
12669,134,133,0.00746269
12675,134,133,0.00746269
12683,134,133,0.00746269
12691,134,133,0.00746269
12700,134,133,0.00746269
12705,134,133,0.00746269
12712,134,133,0.00746269
12718,134,133,0.00746269
12726,134,133,0.00746269
12734,134,133,0.00746269
12742,134,133,0.00746269
12750,134,133,0.00746269
12757,134,133,0.00746269
12764,134,133,0.00746269
12772,134,133,0.00746269
12779,134,133,0.00746269
12787,134,133,0.00746269
12795,134,133,0.00746269
12803,134,133,0.00746269
12811,134,133,0.00746269
12819,134,133,0.00746269
12825,134,133,0.00746269
12832,134,133,0.00746269
12840,134,133,0.00746269
12848,134,133,0.00746269
12855,134,133,0.00746269
12864,134,133,0.00746269
12870,134,133,0.00746269
12879,134,133,0.00746269
12885,134,133,0.00746269
12892,134,133,0.00746269
12900,134,133,0.00746269
12908,134,133,0.00746269
12917,134,133,0.00746269
12923,134,133,0.00746269
12931,134,133,0.00746269
12939,134,133,0.00746269
12947,134,133,0.00746269
12954,134,133,0.00746269
12962,134,133,0.00746269
12969,134,133,0.00746269
12977,134,133,0.00746269
12985,134,133,0.00746269
12993,134,133,0.00746269
12999,134,133,0.00746269
13007,134,133,0.00746269
13012,134,133,0.00746269
13019,134,133,0.00746269
13027,134,133,0.00746269
13034,134,133,0.00746269
13043,134,133,0.00746269
13051,134,133,0.00746269
13059,134,133,0.00746269
13065,134,133,0.00746269
13074,134,133,0.00746269
13083,134,133,0.00746269
13091,134,133,0.00746269
13097,134,133,0.00746269
13104,134,133,0.00746269
13113,134,133,0.00746269
13120,134,133,0.00746269
13128,134,133,0.00746269
13136,134,133,0.00746269
13144,134,133,0.00746269
13153,134,133,0.00746269
13161,134,133,0.00746269
13169,134,133,0.00746269
13177,134,133,0.00746269
13186,134,133,0.00746269
13194,134,133,0.00746269
13202,134,133,0.00746269
13209,134,133,0.00746269
13216,134,133,0.00746269
13224,134,133,0.00746269
13232,134,133,0.00746269
13240,134,133,0.00746269
13248,134,133,0.00746269
13256,134,133,0.00746269
13265,134,133,0.00746269
13274,134,133,0.00746269
13283,134,133,0.00746269
13290,134,133,0.00746269
13298,134,133,0.00746269
13306,134,133,0.00746269
13315,134,133,0.00746269
13322,134,133,0.00746269
13329,134,133,0.00746269
13338,134,133,0.00746269
13344,134,133,0.00746269
13351,134,133,0.00746269
13359,134,133,0.00746269
13371,134,133,0.00746269
13379,134,133,0.00746269
13387,134,133,0.00746269
13396,134,133,0.00746269
13403,134,133,0.00746269
13412,134,133,0.00746269
13419,134,133,0.00746269
13427,134,133,0.00746269
13435,134,133,0.00746269
13440,134,133,0.00746269
13448,134,133,0.00746269
13456,134,133,0.00746269
13464,134,133,0.00746269
13471,134,133,0.00746269
13480,134,133,0.00746269
13488,134,133,0.00746269
13496,134,133,0.00746269
13504,134,133,0.00746269
13512,134,133,0.00746269
13520,134,133,0.00746269
13527,134,133,0.00746269
13535,134,133,0.00746269
13541,134,133,0.00746269
13549,134,133,0.00746269
13557,134,133,0.00746269
13565,134,133,0.00746269
13571,134,133,0.00746269
13579,134,133,0.00746269
13586,134,133,0.00746269
13593,134,133,0.00746269
13600,134,133,0.00746269
13608,134,133,0.00746269
13614,134,133,0.00746269
13622,134,133,0.00746269
13628,134,133,0.00746269
13634,134,133,0.00746269
13643,134,133,0.00746269
13650,134,133,0.00746269
13659,134,133,0.00746269
13667,134,133,0.00746269
13673,134,133,0.00746269
13683,134,133,0.00746269
13691,134,133,0.00746269
13698,134,133,0.00746269
13707,134,133,0.00746269
13715,134,133,0.00746269
13723,134,133,0.00746269
13730,134,133,0.00746269
13737,134,133,0.00746269
13746,134,133,0.00746269
13754,134,133,0.00746269
13762,134,133,0.00746269
13768,134,133,0.00746269
13776,134,133,0.00746269
13784,134,133,0.00746269
13792,134,133,0.00746269
13801,134,133,0.00746269
13808,134,133,0.00746269
13816,134,133,0.00746269
13824,134,133,0.00746269
13832,134,133,0.00746269
13840,134,133,0.00746269
13848,134,133,0.00746269
13856,134,133,0.00746269
13864,134,133,0.00746269
13869,134,133,0.00746269
13875,134,133,0.00746269
13883,134,133,0.00746269
13891,134,133,0.00746269
13898,134,133,0.00746269
13906,134,133,0.00746269
13913,134,133,0.00746269
13921,134,133,0.00746269
13929,134,133,0.00746269
13935,134,133,0.00746269
13944,134,133,0.00746269
13951,134,133,0.00746269
13959,134,133,0.00746269
13968,134,133,0.00746269
13975,134,133,0.00746269
13982,134,133,0.00746269
13990,134,133,0.00746269
13998,134,133,0.00746269
14006,134,133,0.00746269
14015,134,133,0.00746269
14020,134,133,0.00746269
14028,134,133,0.00746269
14036,134,133,0.00746269
14044,134,133,0.00746269
14052,134,133,0.00746269
14060,134,133,0.00746269
14070,134,133,0.00746269
14078,134,133,0.00746269
14084,134,133,0.00746269
14091,134,133,0.00746269
14098,134,133,0.00746269
14106,134,133,0.00746269
14114,134,133,0.00746269
14123,134,133,0.00746269
14130,134,133,0.00746269
14138,134,133,0.00746269
14144,134,133,0.00746269
14152,134,133,0.00746269
14158,134,133,0.00746269
14166,134,133,0.00746269
14174,134,133,0.00746269
14182,134,133,0.00746269
14191,134,133,0.00746269
14198,134,133,0.00746269
14206,134,133,0.00746269
14213,134,133,0.00746269
14222,134,133,0.00746269
14230,134,133,0.00746269
14235,134,133,0.00746269
14241,134,133,0.00746269
14249,134,133,0.00746269
14257,134,133,0.00746269
14264,134,133,0.00746269
14271,134,133,0.00746269
14282,134,133,0.00746269
14290,134,133,0.00746269
14298,134,133,0.00746269
14306,134,133,0.00746269
14313,134,133,0.00746269
14320,134,133,0.00746269
14326,134,133,0.00746269
14333,134,133,0.00746269
14341,134,133,0.00746269
14349,134,133,0.00746269
14357,134,133,0.00746269
14362,134,133,0.00746269
14370,134,133,0.00746269
14377,134,133,0.00746269
14385,134,133,0.00746269
14392,134,133,0.00746269
14401,134,133,0.00746269
14407,134,133,0.00746269
14412,134,133,0.00746269
14419,134,133,0.00746269
14425,134,133,0.00746269
14433,134,133,0.00746269
14440,134,133,0.00746269
14449,134,133,0.00746269
14452,134,133,0.00746269
14457,134,133,0.00746269
14464,134,133,0.00746269
14473,134,133,0.00746269
14479,134,133,0.00746269
14487,134,133,0.00746269
14494,134,133,0.00746269
14501,134,133,0.00746269
14509,134,133,0.00746269
14515,134,133,0.00746269
14519,134,133,0.00746269
14524,134,133,0.00746269
14532,134,133,0.00746269
14537,134,133,0.00746269
14545,134,133,0.00746269
14554,134,133,0.00746269
14562,134,133,0.00746269
14568,134,133,0.00746269
14574,134,133,0.00746269
14581,134,133,0.00746269
14590,134,133,0.00746269
14595,134,133,0.00746269
14601,134,133,0.00746269
14609,134,133,0.00746269
14615,134,133,0.00746269
14623,134,133,0.00746269
14630,134,133,0.00746269
14637,134,133,0.00746269
14646,134,133,0.00746269
14653,134,133,0.00746269
14660,134,133,0.00746269
14669,134,133,0.00746269
14675,134,133,0.00746269
14684,134,133,0.00746269
14693,134,133,0.00746269
14700,134,133,0.00746269
14708,134,133,0.00746269
14715,134,133,0.00746269
14724,134,133,0.00746269
14726,134,133,0.00746269
14732,134,133,0.00746269
14739,134,133,0.00746269
14742,134,133,0.00746269
14745,134,133,0.00746269
14751,134,133,0.00746269
14759,134,133,0.00746269
14767,134,133,0.00746269
14775,134,133,0.00746269
14784,134,133,0.00746269
14792,134,133,0.00746269
14800,134,133,0.00746269
14808,134,133,0.00746269
14817,134,133,0.00746269
14825,134,133,0.00746269
14833,134,133,0.00746269
14841,134,133,0.00746269
14849,134,133,0.00746269
14858,134,133,0.00746269
14864,134,133,0.00746269
14871,134,133,0.00746269
14880,134,133,0.00746269
14889,134,133,0.00746269
14896,134,133,0.00746269
14903,134,133,0.00746269
14912,134,133,0.00746269
14919,134,133,0.00746269
14926,134,133,0.00746269
14932,134,133,0.00746269
14940,134,133,0.00746269
14948,134,133,0.00746269
14957,134,133,0.00746269
14965,134,133,0.00746269
14974,134,133,0.00746269
14984,134,133,0.00746269
14992,134,133,0.00746269
15001,134,133,0.00746269
15007,134,133,0.00746269
15014,134,133,0.00746269
15023,134,133,0.00746269
15029,134,133,0.00746269
15035,134,133,0.00746269
15042,134,133,0.00746269
15051,134,133,0.00746269
15060,134,133,0.00746269
15068,134,133,0.00746269
15077,134,133,0.00746269
15086,134,133,0.00746269
15095,134,133,0.00746269
15103,134,133,0.00746269
15110,134,133,0.00746269
15117,134,133,0.00746269
15125,134,133,0.00746269
15133,134,133,0.00746269
15141,134,133,0.00746269
15149,134,133,0.00746269
15157,134,133,0.00746269
15165,134,133,0.00746269
15172,134,133,0.00746269
15179,134,133,0.00746269
15188,134,133,0.00746269
15196,134,133,0.00746269
15203,134,133,0.00746269
15211,134,133,0.00746269
15219,134,133,0.00746269
15226,134,133,0.00746269
15234,134,133,0.00746269
15243,134,133,0.00746269
15250,134,133,0.00746269
15259,134,133,0.00746269
15267,134,133,0.00746269
15275,134,133,0.00746269
15282,134,133,0.00746269
15290,134,133,0.00746269
15298,134,133,0.00746269
15307,134,133,0.00746269
15315,134,133,0.00746269
15324,134,133,0.00746269
15332,134,133,0.00746269
15340,134,133,0.00746269
15349,134,133,0.00746269
15357,134,133,0.00746269
15366,134,133,0.00746269
15374,134,133,0.00746269
15382,134,133,0.00746269
15391,134,133,0.00746269
15400,134,133,0.00746269
15408,134,133,0.00746269
15415,134,133,0.00746269
15424,134,133,0.00746269
15432,134,133,0.00746269
15440,134,133,0.00746269
15449,134,133,0.00746269
15457,134,133,0.00746269
15466,134,133,0.00746269
15475,134,133,0.00746269
15482,134,133,0.00746269
15490,134,133,0.00746269
15499,134,133,0.00746269
15508,134,133,0.00746269
15516,134,133,0.00746269
15525,134,133,0.00746269
15533,134,133,0.00746269
15541,134,133,0.00746269
15548,134,133,0.00746269
15554,134,133,0.00746269
15563,134,133,0.00746269
15571,134,133,0.00746269
15579,134,133,0.00746269
15588,134,133,0.00746269
15597,134,133,0.00746269
15606,134,133,0.00746269
15615,134,133,0.00746269
15623,134,133,0.00746269
15632,134,133,0.00746269
15639,134,133,0.00746269
15647,134,133,0.00746269
15655,134,133,0.00746269
15663,134,133,0.00746269
15672,134,133,0.00746269
15678,134,133,0.00746269
15686,134,133,0.00746269
15694,134,133,0.00746269
15702,134,133,0.00746269
15710,134,133,0.00746269
15719,134,133,0.00746269
15727,134,133,0.00746269
15735,134,133,0.00746269
15744,134,133,0.00746269
15753,134,133,0.00746269
15760,134,133,0.00746269
15768,134,133,0.00746269
15777,134,133,0.00746269
15785,134,133,0.00746269
15793,134,133,0.00746269
15801,134,133,0.00746269
15809,134,133,0.00746269
15817,134,133,0.00746269
15825,134,133,0.00746269
15833,134,133,0.00746269
15841,134,133,0.00746269
15849,134,133,0.00746269
15857,134,133,0.00746269
15865,134,133,0.00746269
15872,134,133,0.00746269
15880,134,133,0.00746269
15888,134,133,0.00746269
15896,134,133,0.00746269
15905,134,133,0.00746269
15912,134,133,0.00746269
15921,134,133,0.00746269
15929,134,133,0.00746269
15936,134,133,0.00746269
15943,134,133,0.00746269
15951,134,133,0.00746269
15959,134,133,0.00746269
15967,134,133,0.00746269
15976,134,133,0.00746269
15985,134,133,0.00746269
15994,134,133,0.00746269
16003,134,133,0.00746269
16013,134,133,0.00746269
16021,134,133,0.00746269
16029,134,133,0.00746269
16037,134,133,0.00746269
16046,134,133,0.00746269
16055,134,133,0.00746269
16063,134,133,0.00746269
16072,134,133,0.00746269
16080,134,133,0.00746269
16088,134,133,0.00746269
16095,134,133,0.00746269
16103,134,133,0.00746269
16110,134,133,0.00746269
16119,134,133,0.00746269
16127,134,133,0.00746269
16135,134,133,0.00746269
16143,134,133,0.00746269
16151,134,133,0.00746269
16159,134,133,0.00746269
16168,134,133,0.00746269
16177,134,133,0.00746269
16185,134,133,0.00746269
16193,134,133,0.00746269
16200,134,133,0.00746269
16209,134,133,0.00746269
16217,134,133,0.00746269
16226,134,133,0.00746269
16234,134,133,0.00746269
16243,134,133,0.00746269
16250,134,133,0.00746269
16259,134,133,0.00746269
16267,134,133,0.00746269
16276,134,133,0.00746269
16284,134,133,0.00746269
16293,134,133,0.00746269
16302,134,133,0.00746269
16310,134,133,0.00746269
16319,134,133,0.00746269
16327,134,133,0.00746269
16335,134,133,0.00746269
16343,134,133,0.00746269
16352,134,133,0.00746269
16361,134,133,0.00746269
16368,134,133,0.00746269
16377,134,133,0.00746269
16385,134,133,0.00746269
16395,134,133,0.00746269
16403,134,133,0.00746269
16412,134,133,0.00746269
16421,134,133,0.00746269
16429,134,133,0.00746269
16439,134,133,0.00746269
16445,134,133,0.00746269
16452,134,133,0.00746269
16461,134,133,0.00746269
16470,134,133,0.00746269
16479,134,133,0.00746269
16488,134,133,0.00746269
16496,134,133,0.00746269
16505,134,133,0.00746269
16511,134,133,0.00746269
16519,134,133,0.00746269
16528,134,133,0.00746269
16534,134,133,0.00746269
16543,134,133,0.00746269
16552,134,133,0.00746269
16559,134,133,0.00746269
16567,134,133,0.00746269
16577,134,133,0.00746269
16585,134,133,0.00746269
16593,134,133,0.00746269
16600,134,133,0.00746269
16608,134,133,0.00746269
16616,134,133,0.00746269
16625,134,133,0.00746269
16633,134,133,0.00746269
16641,134,133,0.00746269
16650,134,133,0.00746269
16659,134,133,0.00746269
16668,134,133,0.00746269
16676,134,133,0.00746269
16685,134,133,0.00746269
16693,134,133,0.00746269
16702,134,133,0.00746269
16711,134,133,0.00746269
16719,134,133,0.00746269
16727,134,133,0.00746269
16735,134,133,0.00746269
16744,134,133,0.00746269
16752,134,133,0.00746269
16761,134,133,0.00746269
16767,134,133,0.00746269
16776,134,133,0.00746269
16785,134,133,0.00746269
16794,134,133,0.00746269
16803,134,133,0.00746269
16811,134,133,0.00746269
16820,134,133,0.00746269
16827,134,133,0.00746269
16836,134,133,0.00746269
16845,134,133,0.00746269
16852,134,133,0.00746269
16860,134,133,0.00746269
16869,134,133,0.00746269
16877,134,133,0.00746269
16885,134,133,0.00746269
16894,134,133,0.00746269
16903,134,133,0.00746269
16911,134,133,0.00746269
16920,134,133,0.00746269
16927,134,133,0.00746269
16936,134,133,0.00746269
16944,134,133,0.00746269
16952,134,133,0.00746269
16959,134,133,0.00746269
16968,134,133,0.00746269
16976,134,133,0.00746269
16984,134,133,0.00746269
16992,134,133,0.00746269
17002,134,133,0.00746269
17015,134,133,0.00746269
17022,134,133,0.00746269
17031,134,133,0.00746269
17040,134,133,0.00746269
17048,134,133,0.00746269
17057,134,133,0.00746269
17066,134,133,0.00746269
17075,134,133,0.00746269
17080,134,133,0.00746269
17090,134,133,0.00746269
17099,134,133,0.00746269
17108,134,133,0.00746269
17117,134,133,0.00746269
17124,134,133,0.00746269
17133,134,133,0.00746269
17140,134,133,0.00746269
17149,134,133,0.00746269
17156,134,133,0.00746269
17164,134,133,0.00746269
17173,134,133,0.00746269
17181,134,133,0.00746269
17189,134,133,0.00746269
17198,134,133,0.00746269
17207,134,133,0.00746269
17216,134,133,0.00746269
17224,134,133,0.00746269
17234,134,133,0.00746269
17242,134,133,0.00746269
17251,134,133,0.00746269
17260,134,133,0.00746269
17269,134,133,0.00746269
17280,134,133,0.00746269
17288,134,133,0.00746269
17296,134,133,0.00746269
17303,134,133,0.00746269
17312,134,133,0.00746269
17321,134,133,0.00746269
17330,134,133,0.00746269
17339,134,133,0.00746269
17348,134,133,0.00746269
17356,134,133,0.00746269
17364,134,133,0.00746269
17373,134,133,0.00746269
17382,134,133,0.00746269
17391,134,133,0.00746269
17397,134,133,0.00746269
17406,134,133,0.00746269
17415,134,133,0.00746269
17424,134,133,0.00746269
17432,134,133,0.00746269
17441,134,133,0.00746269
17450,134,133,0.00746269
17461,134,133,0.00746269
17469,134,133,0.00746269
17477,134,133,0.00746269
17486,134,133,0.00746269
17495,134,133,0.00746269
17504,134,133,0.00746269
17513,134,133,0.00746269
17522,134,133,0.00746269
17531,134,133,0.00746269
17539,134,133,0.00746269
17548,134,133,0.00746269
17557,134,133,0.00746269
17565,134,133,0.00746269
17574,134,133,0.00746269
17583,134,133,0.00746269
17592,134,133,0.00746269
17600,134,133,0.00746269
17608,134,133,0.00746269
17616,134,133,0.00746269
17624,134,133,0.00746269
17632,134,133,0.00746269
17639,134,133,0.00746269
17647,134,133,0.00746269
17654,134,133,0.00746269
17662,134,133,0.00746269
17671,134,133,0.00746269
17679,134,133,0.00746269
17687,134,133,0.00746269
17695,134,133,0.00746269
17704,134,133,0.00746269
17712,134,133,0.00746269
17719,134,133,0.00746269
17728,134,133,0.00746269
17736,134,133,0.00746269
17745,134,133,0.00746269
17753,134,133,0.00746269
17761,134,133,0.00746269
17769,134,133,0.00746269
17778,134,133,0.00746269
17786,134,133,0.00746269
17794,134,133,0.00746269
17801,134,133,0.00746269
17808,134,133,0.00746269
17816,134,133,0.00746269
17823,134,133,0.00746269
17831,134,133,0.00746269
17839,134,133,0.00746269
17848,134,133,0.00746269
17856,134,133,0.00746269
17864,134,133,0.00746269
17872,134,133,0.00746269
17881,134,133,0.00746269
17888,134,133,0.00746269
17897,134,133,0.00746269
17905,134,133,0.00746269
17914,134,133,0.00746269
17920,134,133,0.00746269
17929,134,133,0.00746269
17937,134,133,0.00746269
17944,134,133,0.00746269
17953,134,133,0.00746269
17961,134,133,0.00746269
17970,134,133,0.00746269
17978,134,133,0.00746269
17987,134,133,0.00746269
17995,134,133,0.00746269
18003,134,133,0.00746269
18012,134,133,0.00746269
18023,134,133,0.00746269
18031,134,133,0.00746269
18038,134,133,0.00746269
18047,134,133,0.00746269
18056,134,133,0.00746269
18065,134,133,0.00746269
18074,134,133,0.00746269
18082,134,133,0.00746269
18092,134,133,0.00746269
18101,134,133,0.00746269
18110,134,133,0.00746269
18118,134,133,0.00746269
18127,134,133,0.00746269
18136,134,133,0.00746269
18145,134,133,0.00746269
18154,134,133,0.00746269
18164,134,133,0.00746269
18173,134,133,0.00746269
18182,134,133,0.00746269
18191,134,133,0.00746269
18200,134,133,0.00746269
18208,134,133,0.00746269
18217,134,133,0.00746269
18225,134,133,0.00746269
18234,134,133,0.00746269
18243,134,133,0.00746269
18253,134,133,0.00746269
18263,134,133,0.00746269
18272,134,133,0.00746269
18281,134,133,0.00746269
18288,134,133,0.00746269
18297,134,133,0.00746269
18307,134,133,0.00746269
18315,134,133,0.00746269
18324,134,133,0.00746269
18332,134,133,0.00746269
18341,134,133,0.00746269
18349,134,133,0.00746269
18358,134,133,0.00746269
18367,134,133,0.00746269
18376,134,133,0.00746269
18384,134,133,0.00746269
18394,134,133,0.00746269
18401,134,133,0.00746269
18409,134,133,0.00746269
18418,134,133,0.00746269
18426,134,133,0.00746269
18434,134,133,0.00746269
18444,134,133,0.00746269
18452,134,133,0.00746269
18461,134,133,0.00746269
18470,134,133,0.00746269
18479,134,133,0.00746269
18489,134,133,0.00746269
18497,134,133,0.00746269
18506,134,133,0.00746269
18515,134,133,0.00746269
18523,134,133,0.00746269
18532,134,133,0.00746269
18539,134,133,0.00746269
18549,134,133,0.00746269
18558,134,133,0.00746269
18565,134,133,0.00746269
18573,134,133,0.00746269
18583,134,133,0.00746269
18592,134,133,0.00746269
18602,134,133,0.00746269
18609,134,133,0.00746269
18617,134,133,0.00746269
18626,134,133,0.00746269
18634,134,133,0.00746269
18643,134,133,0.00746269
18652,134,133,0.00746269
18660,134,133,0.00746269
18670,134,133,0.00746269
18679,134,133,0.00746269
18688,134,133,0.00746269
18697,134,133,0.00746269
18706,134,133,0.00746269
18716,134,133,0.00746269
18725,134,133,0.00746269
18734,134,133,0.00746269
18743,134,133,0.00746269
18752,134,133,0.00746269
18761,134,133,0.00746269
18770,134,133,0.00746269
18779,134,133,0.00746269
18788,134,133,0.00746269
18797,134,133,0.00746269
18806,134,133,0.00746269
18814,134,133,0.00746269
18823,134,133,0.00746269
18832,134,133,0.00746269
18840,134,133,0.00746269
18850,134,133,0.00746269
18858,134,133,0.00746269
18868,134,133,0.00746269
18876,134,133,0.00746269
18885,134,133,0.00746269
18894,134,133,0.00746269
18902,134,133,0.00746269
18911,134,133,0.00746269
18920,134,133,0.00746269
18929,134,133,0.00746269
18937,134,133,0.00746269
18947,134,133,0.00746269
18956,134,133,0.00746269
18962,134,133,0.00746269
18971,134,133,0.00746269
18980,134,133,0.00746269
18988,134,133,0.00746269
18997,134,133,0.00746269
19006,134,133,0.00746269
19017,134,133,0.00746269
19026,134,133,0.00746269
19035,134,133,0.00746269
19044,134,133,0.00746269
19052,134,133,0.00746269
19061,134,133,0.00746269
19070,134,133,0.00746269
19079,134,133,0.00746269
19088,134,133,0.00746269
19098,134,133,0.00746269
19106,134,133,0.00746269
19116,134,133,0.00746269
19124,134,133,0.00746269
19133,134,133,0.00746269
19141,134,133,0.00746269
19150,134,133,0.00746269
19159,134,133,0.00746269
19168,134,133,0.00746269
19177,134,133,0.00746269
19187,134,133,0.00746269
19195,134,133,0.00746269
19204,134,133,0.00746269
19211,134,133,0.00746269
19219,134,133,0.00746269
19228,134,133,0.00746269
19237,134,133,0.00746269
19246,134,133,0.00746269
19256,134,133,0.00746269
19264,134,133,0.00746269
19273,134,133,0.00746269
19282,134,133,0.00746269
19291,134,133,0.00746269
19300,134,133,0.00746269
19309,134,133,0.00746269
19317,134,133,0.00746269
19325,134,133,0.00746269
19331,134,133,0.00746269
19340,134,133,0.00746269
19349,134,133,0.00746269
19358,134,133,0.00746269
19367,134,133,0.00746269
19376,134,133,0.00746269
19385,134,133,0.00746269
19393,134,133,0.00746269
19402,134,133,0.00746269
19411,134,133,0.00746269
19419,134,133,0.00746269
19428,134,133,0.00746269
19437,134,133,0.00746269
19445,134,133,0.00746269
19455,134,133,0.00746269
19463,134,133,0.00746269
19472,134,133,0.00746269
19481,134,133,0.00746269
19489,134,133,0.00746269
19498,134,133,0.00746269
19508,134,133,0.00746269
19517,134,133,0.00746269
19526,134,133,0.00746269
19533,134,133,0.00746269
19542,134,133,0.00746269
19551,134,133,0.00746269
19560,134,133,0.00746269
19570,134,133,0.00746269
19579,134,133,0.00746269
19587,134,133,0.00746269
19596,134,133,0.00746269
19606,134,133,0.00746269
19615,134,133,0.00746269
19623,134,133,0.00746269
19631,134,133,0.00746269
19640,134,133,0.00746269
19650,134,133,0.00746269
19658,134,133,0.00746269
19667,134,133,0.00746269
19676,134,133,0.00746269
19685,134,133,0.00746269
19694,134,133,0.00746269
19703,134,133,0.00746269
19712,134,133,0.00746269
19721,134,133,0.00746269
19730,134,133,0.00746269
19738,134,133,0.00746269
19748,134,133,0.00746269
19757,134,133,0.00746269
19765,134,133,0.00746269
19773,134,133,0.00746269
19783,134,133,0.00746269
19792,134,133,0.00746269
19800,134,133,0.00746269
19810,134,133,0.00746269
19818,134,133,0.00746269
19825,134,133,0.00746269
19834,134,133,0.00746269
19843,134,133,0.00746269
19852,134,133,0.00746269
19862,134,133,0.00746269
19871,134,133,0.00746269
19880,134,133,0.00746269
19889,134,133,0.00746269
19898,134,133,0.00746269
19907,134,133,0.00746269
19916,134,133,0.00746269
19924,134,133,0.00746269
19933,134,133,0.00746269
19942,134,133,0.00746269
19951,134,133,0.00746269
19960,134,133,0.00746269
19970,134,133,0.00746269
19979,134,133,0.00746269
19988,134,133,0.00746269
19996,134,133,0.00746269
20005,134,133,0.00746269
20013,134,133,0.00746269
20022,134,133,0.00746269
20031,134,133,0.00746269
20040,134,133,0.00746269
20049,134,133,0.00746269
20060,134,133,0.00746269
20069,134,133,0.00746269
20078,134,133,0.00746269
20086,134,133,0.00746269
20096,134,133,0.00746269
20104,134,133,0.00746269
20113,134,133,0.00746269
20122,134,133,0.00746269
20131,134,133,0.00746269
20139,134,133,0.00746269
20149,134,133,0.00746269
20158,134,133,0.00746269
20167,134,133,0.00746269
20177,134,133,0.00746269
20186,134,133,0.00746269
20195,134,133,0.00746269
20204,134,133,0.00746269
20213,134,133,0.00746269
20222,134,133,0.00746269
20231,134,133,0.00746269
20240,134,133,0.00746269
20249,134,133,0.00746269
20259,134,133,0.00746269
20270,134,133,0.00746269
20280,134,133,0.00746269
20289,134,133,0.00746269
20298,134,133,0.00746269
20307,134,133,0.00746269
20316,134,133,0.00746269
20326,134,133,0.00746269
20334,134,133,0.00746269
20343,134,133,0.00746269
20352,134,133,0.00746269
20362,134,133,0.00746269
20371,134,133,0.00746269
20380,134,133,0.00746269
20389,134,133,0.00746269
20399,134,133,0.00746269
20408,134,133,0.00746269
20417,134,133,0.00746269
20426,134,133,0.00746269
20434,134,133,0.00746269
20444,134,133,0.00746269
20453,134,133,0.00746269
20463,134,133,0.00746269
20472,134,133,0.00746269
20482,134,133,0.00746269
20491,134,133,0.00746269
20500,134,133,0.00746269
20509,134,133,0.00746269
20518,134,133,0.00746269
20527,134,133,0.00746269
20535,134,133,0.00746269
20545,134,133,0.00746269
20555,134,133,0.00746269
20564,134,133,0.00746269
20574,134,133,0.00746269
20583,134,133,0.00746269
20593,134,133,0.00746269
20602,134,133,0.00746269
20611,134,133,0.00746269
20617,134,133,0.00746269
20626,134,133,0.00746269
20635,134,133,0.00746269
20643,134,133,0.00746269
20653,134,133,0.00746269
20662,134,133,0.00746269
20671,134,133,0.00746269
20680,134,133,0.00746269
20690,134,133,0.00746269
20699,134,133,0.00746269
20708,134,133,0.00746269
20716,134,133,0.00746269
20725,134,133,0.00746269
20734,134,133,0.00746269
20740,134,133,0.00746269
20749,134,133,0.00746269
20758,134,133,0.00746269
20767,134,133,0.00746269
20776,134,133,0.00746269
20786,134,133,0.00746269
20795,134,133,0.00746269
20805,134,133,0.00746269
20813,134,133,0.00746269
20823,134,133,0.00746269
20832,134,133,0.00746269
20841,134,133,0.00746269
20851,134,133,0.00746269
20860,134,133,0.00746269
20867,134,133,0.00746269
20876,134,133,0.00746269
20885,134,133,0.00746269
20895,134,133,0.00746269
20904,134,133,0.00746269
20914,134,133,0.00746269
20923,134,133,0.00746269
20932,134,133,0.00746269
20940,134,133,0.00746269
20949,134,133,0.00746269
20958,134,133,0.00746269
20968,134,133,0.00746269
20977,134,133,0.00746269
20987,134,133,0.00746269
20995,134,133,0.00746269
21005,134,133,0.00746269
21014,134,133,0.00746269
21023,134,133,0.00746269
21030,134,133,0.00746269
21039,134,133,0.00746269
21049,134,133,0.00746269
21059,134,133,0.00746269
21068,134,133,0.00746269
21078,134,133,0.00746269
21088,134,133,0.00746269
21096,134,133,0.00746269
21105,134,133,0.00746269
21115,134,133,0.00746269
21124,134,133,0.00746269
21133,134,133,0.00746269
21142,134,133,0.00746269
21151,134,133,0.00746269
21160,134,133,0.00746269
21169,134,133,0.00746269
21178,134,133,0.00746269
21186,134,133,0.00746269
21197,134,133,0.00746269
21206,134,133,0.00746269
21215,134,133,0.00746269
21227,134,133,0.00746269
21237,134,133,0.00746269
21245,134,133,0.00746269
21254,134,133,0.00746269
21264,134,133,0.00746269
21273,134,133,0.00746269
21283,134,133,0.00746269
21294,134,133,0.00746269
21303,134,133,0.00746269
21312,134,133,0.00746269
21320,134,133,0.00746269
21331,134,133,0.00746269
21340,134,133,0.00746269
21349,134,133,0.00746269
21358,134,133,0.00746269
21368,134,133,0.00746269
21377,134,133,0.00746269
21387,134,133,0.00746269
21396,134,133,0.00746269
21406,134,133,0.00746269
21415,134,133,0.00746269
21423,134,133,0.00746269
21433,134,133,0.00746269
21441,134,133,0.00746269
21451,134,133,0.00746269
21460,134,133,0.00746269
21470,134,133,0.00746269
21479,134,133,0.00746269
21488,134,133,0.00746269
21498,134,133,0.00746269
21507,134,133,0.00746269
21516,134,133,0.00746269
21526,134,133,0.00746269
21535,134,133,0.00746269
21545,134,133,0.00746269
21555,134,133,0.00746269
21564,134,133,0.00746269
21574,134,133,0.00746269
21584,134,133,0.00746269
21594,134,133,0.00746269
21604,134,133,0.00746269
21613,134,133,0.00746269
21622,134,133,0.00746269
21632,134,133,0.00746269
21640,134,133,0.00746269
21651,134,133,0.00746269
21660,134,133,0.00746269
21671,134,133,0.00746269
21680,134,133,0.00746269
21690,134,133,0.00746269
21699,134,133,0.00746269
21709,134,133,0.00746269
21719,134,133,0.00746269
21728,134,133,0.00746269
21737,134,133,0.00746269
21747,134,133,0.00746269
21756,134,133,0.00746269
21765,134,133,0.00746269
21775,134,133,0.00746269
21785,134,133,0.00746269
21794,134,133,0.00746269
21802,134,133,0.00746269
21811,134,133,0.00746269
21820,134,133,0.00746269
21830,134,133,0.00746269
21839,134,133,0.00746269
21849,134,133,0.00746269
21859,134,133,0.00746269
21869,134,133,0.00746269
21879,134,133,0.00746269
21888,134,133,0.00746269
21897,134,133,0.00746269
21906,134,133,0.00746269
21916,134,133,0.00746269
21925,134,133,0.00746269
21935,134,133,0.00746269
21944,134,133,0.00746269
21954,134,133,0.00746269
21963,134,133,0.00746269
21972,134,133,0.00746269
21982,134,133,0.00746269
21992,134,133,0.00746269
22002,134,133,0.00746269
22011,134,133,0.00746269
22020,134,133,0.00746269
22030,134,133,0.00746269
22039,134,133,0.00746269
22049,134,133,0.00746269
22059,134,133,0.00746269
22071,134,133,0.00746269
22081,134,133,0.00746269
22090,134,133,0.00746269
22100,134,133,0.00746269
22110,134,133,0.00746269
22119,134,133,0.00746269
22130,134,133,0.00746269
22139,134,133,0.00746269
22150,134,133,0.00746269
22159,134,133,0.00746269
22169,134,133,0.00746269
22179,134,133,0.00746269
22189,134,133,0.00746269
22199,134,133,0.00746269
22208,134,133,0.00746269
22218,134,133,0.00746269
22226,134,133,0.00746269
22235,134,133,0.00746269
22245,134,133,0.00746269
22255,134,133,0.00746269
22265,134,133,0.00746269
22276,134,133,0.00746269
22287,134,133,0.00746269
22296,134,133,0.00746269
22306,134,133,0.00746269
22316,134,133,0.00746269
22326,134,133,0.00746269
22335,134,133,0.00746269
22345,134,133,0.00746269
22355,134,133,0.00746269
22365,134,133,0.00746269
22375,134,133,0.00746269
22385,134,133,0.00746269
22395,134,133,0.00746269
22404,134,133,0.00746269
22413,134,133,0.00746269
22423,134,133,0.00746269
22433,134,133,0.00746269
22442,134,133,0.00746269
22453,134,133,0.00746269
22462,134,133,0.00746269
22472,134,133,0.00746269
22482,134,133,0.00746269
22492,134,133,0.00746269
22501,134,133,0.00746269
22511,134,133,0.00746269
22521,134,133,0.00746269
22531,134,133,0.00746269
22541,134,133,0.00746269
22552,134,133,0.00746269
22562,134,133,0.00746269
22572,134,133,0.00746269
22583,134,133,0.00746269
22593,134,133,0.00746269
22604,134,133,0.00746269
22613,134,133,0.00746269
22623,134,133,0.00746269
22631,134,133,0.00746269
22642,134,133,0.00746269
22652,134,133,0.00746269
22663,134,133,0.00746269
22673,134,133,0.00746269
22683,134,133,0.00746269
22694,134,133,0.00746269
22703,134,133,0.00746269
22713,134,133,0.00746269
22723,134,133,0.00746269
22733,134,133,0.00746269
22744,134,133,0.00746269
22754,134,133,0.00746269
22764,134,133,0.00746269
22774,134,133,0.00746269
22784,134,133,0.00746269
22795,134,133,0.00746269
22805,134,133,0.00746269
22814,134,133,0.00746269
22823,134,133,0.00746269
22833,134,133,0.00746269
22842,134,133,0.00746269
22852,134,133,0.00746269
22862,134,133,0.00746269
22873,134,133,0.00746269
22883,134,133,0.00746269
22892,134,133,0.00746269
22901,134,133,0.00746269
22910,134,133,0.00746269
22920,134,133,0.00746269
22929,134,133,0.00746269
22939,134,133,0.00746269
22949,134,133,0.00746269
22959,134,133,0.00746269
22969,134,133,0.00746269
22979,134,133,0.00746269
22992,134,133,0.00746269
23002,134,133,0.00746269
23012,134,133,0.00746269
23023,134,133,0.00746269
23033,134,133,0.00746269
23043,134,133,0.00746269
23053,134,133,0.00746269
23063,134,133,0.00746269
23074,134,133,0.00746269
23083,134,133,0.00746269
23094,134,133,0.00746269
23103,134,133,0.00746269
23112,134,133,0.00746269
23122,134,133,0.00746269
23132,134,133,0.00746269
23142,134,133,0.00746269
23152,134,133,0.00746269
23163,134,133,0.00746269
23173,134,133,0.00746269
23183,134,133,0.00746269
23194,134,133,0.00746269
23204,134,133,0.00746269
23214,134,133,0.00746269
23225,134,133,0.00746269
23234,134,133,0.00746269
23244,134,133,0.00746269
23255,134,133,0.00746269
23265,134,133,0.00746269
23277,134,133,0.00746269
23287,134,133,0.00746269
23297,134,133,0.00746269
23307,134,133,0.00746269
23317,134,133,0.00746269
23327,134,133,0.00746269
23337,134,133,0.00746269
23347,134,133,0.00746269
23357,134,133,0.00746269
23366,134,133,0.00746269
23376,134,133,0.00746269
23386,134,133,0.00746269
23396,134,133,0.00746269
23406,134,133,0.00746269
23416,134,133,0.00746269
23426,134,133,0.00746269
23435,134,133,0.00746269
23446,134,133,0.00746269
23456,134,133,0.00746269
23467,134,133,0.00746269
23477,134,133,0.00746269
23488,134,133,0.00746269
23498,134,133,0.00746269
23507,134,133,0.00746269
23518,134,133,0.00746269
23528,134,133,0.00746269
23537,134,133,0.00746269
23547,134,133,0.00746269
23557,134,133,0.00746269
23567,134,133,0.00746269
23578,134,133,0.00746269
23589,134,133,0.00746269
23599,134,133,0.00746269
23609,134,133,0.00746269
23618,134,133,0.00746269
23628,134,133,0.00746269
23638,134,133,0.00746269
23649,134,133,0.00746269
23659,134,133,0.00746269
23670,134,133,0.00746269
23679,134,133,0.00746269
23690,134,133,0.00746269
23699,134,133,0.00746269
23709,134,133,0.00746269
23719,134,133,0.00746269
23730,134,133,0.00746269
23740,134,133,0.00746269
23750,134,133,0.00746269
23760,134,133,0.00746269
23770,134,133,0.00746269
23780,134,133,0.00746269
23790,134,133,0.00746269
23800,134,133,0.00746269
23811,134,133,0.00746269
23821,134,133,0.00746269
23828,134,133,0.00746269
23838,134,133,0.00746269
23847,134,133,0.00746269
23858,134,133,0.00746269
23867,134,133,0.00746269
23877,134,133,0.00746269
23887,134,133,0.00746269
23897,134,133,0.00746269
23907,134,133,0.00746269
23917,134,133,0.00746269
23927,134,133,0.00746269
23937,134,133,0.00746269
23947,134,133,0.00746269
23957,134,133,0.00746269
23966,134,133,0.00746269
23976,134,133,0.00746269
23988,134,133,0.00746269
23999,134,133,0.00746269
24009,134,133,0.00746269
24018,134,133,0.00746269
24029,134,133,0.00746269
24039,134,133,0.00746269
24049,134,133,0.00746269
24060,134,133,0.00746269
24069,134,133,0.00746269
24079,134,133,0.00746269
24089,134,133,0.00746269
24099,134,133,0.00746269
24110,134,133,0.00746269
24120,134,133,0.00746269
24131,134,133,0.00746269
24140,134,133,0.00746269
24150,134,133,0.00746269
24158,134,133,0.00746269
24168,134,133,0.00746269
24178,134,133,0.00746269
24189,134,133,0.00746269
24199,134,133,0.00746269
24209,134,133,0.00746269
24218,134,133,0.00746269
24228,134,133,0.00746269
24238,134,133,0.00746269
24248,134,133,0.00746269
24259,134,133,0.00746269
24270,134,133,0.00746269
24281,134,133,0.00746269
24293,134,133,0.00746269
24304,134,133,0.00746269
24315,134,133,0.00746269
24325,134,133,0.00746269
24334,134,133,0.00746269
24344,134,133,0.00746269
24354,134,133,0.00746269
24365,134,133,0.00746269
24374,134,133,0.00746269
24385,134,133,0.00746269
24395,134,133,0.00746269
24406,134,133,0.00746269
24416,134,133,0.00746269
24425,134,133,0.00746269
24435,134,133,0.00746269
24446,134,133,0.00746269
24456,134,133,0.00746269
24467,134,133,0.00746269
24476,134,133,0.00746269
24486,134,133,0.00746269
24496,134,133,0.00746269
24507,134,133,0.00746269
24518,134,133,0.00746269
24528,134,133,0.00746269
24538,134,133,0.00746269
24550,134,133,0.00746269
24561,134,133,0.00746269
24571,134,133,0.00746269
24581,134,133,0.00746269
24591,134,133,0.00746269
24601,134,133,0.00746269
24612,134,133,0.00746269
24623,134,133,0.00746269
24632,134,133,0.00746269
24642,134,133,0.00746269
24652,134,133,0.00746269
24663,134,133,0.00746269
24673,134,133,0.00746269
24684,134,133,0.00746269
24695,134,133,0.00746269
24705,134,133,0.00746269
24715,134,133,0.00746269
24724,134,133,0.00746269
24735,134,133,0.00746269
24744,134,133,0.00746269
24755,134,133,0.00746269
24765,134,133,0.00746269
24776,134,133,0.00746269
24788,134,133,0.00746269
24799,134,133,0.00746269
24810,134,133,0.00746269
24820,134,133,0.00746269
24830,134,133,0.00746269
24841,134,133,0.00746269
24851,134,133,0.00746269
24860,134,133,0.00746269
24870,134,133,0.00746269
24881,134,133,0.00746269
24891,134,133,0.00746269
24902,134,133,0.00746269
24912,134,133,0.00746269
24922,134,133,0.00746269
24932,134,133,0.00746269
24943,134,133,0.00746269
24953,134,133,0.00746269
24964,134,133,0.00746269
24975,134,133,0.00746269
24986,134,133,0.00746269
24999,134,133,0.00746269
25010,134,133,0.00746269
25019,134,133,0.00746269
25030,134,133,0.00746269
25041,134,133,0.00746269
25052,134,133,0.00746269
25063,134,133,0.00746269
25073,134,133,0.00746269
25084,134,133,0.00746269
25094,134,133,0.00746269
25105,134,133,0.00746269
25115,134,133,0.00746269
25125,134,133,0.00746269
25135,134,133,0.00746269
25146,134,133,0.00746269
25157,134,133,0.00746269
25168,134,133,0.00746269
25178,134,133,0.00746269
25189,134,133,0.00746269
25199,134,133,0.00746269
25209,134,133,0.00746269
25219,134,133,0.00746269
25229,134,133,0.00746269
25239,134,133,0.00746269
25250,134,133,0.00746269
25260,134,133,0.00746269
25272,134,133,0.00746269
25284,134,133,0.00746269
25294,134,133,0.00746269
25305,134,133,0.00746269
25316,134,133,0.00746269
25325,134,133,0.00746269
25335,134,133,0.00746269
25346,134,133,0.00746269
25357,134,133,0.00746269
25367,134,133,0.00746269
25379,134,133,0.00746269
25389,134,133,0.00746269
25399,134,133,0.00746269
25410,134,133,0.00746269
25420,134,133,0.00746269
25431,134,133,0.00746269
25441,134,133,0.00746269
25452,134,133,0.00746269
25462,134,133,0.00746269
25473,134,133,0.00746269
25481,134,133,0.00746269
25490,134,133,0.00746269
25501,134,133,0.00746269
25511,134,133,0.00746269
25522,134,133,0.00746269
25532,134,133,0.00746269
25543,134,133,0.00746269
25554,134,133,0.00746269
25565,134,133,0.00746269
25575,134,133,0.00746269
25586,134,133,0.00746269
25597,134,133,0.00746269
25607,134,133,0.00746269
25617,134,133,0.00746269
25628,134,133,0.00746269
25638,134,133,0.00746269
25648,134,133,0.00746269
25658,134,133,0.00746269
25669,134,133,0.00746269
25680,134,133,0.00746269
25691,134,133,0.00746269
25702,134,133,0.00746269
25712,134,133,0.00746269
25722,134,133,0.00746269
25732,134,133,0.00746269
25742,134,133,0.00746269
25753,134,133,0.00746269
25763,134,133,0.00746269
25775,134,133,0.00746269
25785,134,133,0.00746269
25796,134,133,0.00746269
25807,134,133,0.00746269
25817,134,133,0.00746269
25828,134,133,0.00746269
25838,134,133,0.00746269
25848,134,133,0.00746269
25859,134,133,0.00746269
25870,134,133,0.00746269
25880,134,133,0.00746269
25891,134,133,0.00746269
25901,134,133,0.00746269
25912,134,133,0.00746269
25923,134,133,0.00746269
25933,134,133,0.00746269
25940,134,133,0.00746269
25950,134,133,0.00746269
25960,134,133,0.00746269
25971,134,133,0.00746269
25982,134,133,0.00746269
25994,134,133,0.00746269
26005,134,133,0.00746269
26014,134,133,0.00746269
26025,134,133,0.00746269
26035,134,133,0.00746269
26046,134,133,0.00746269
26057,134,133,0.00746269
26067,134,133,0.00746269
26078,134,133,0.00746269
26089,134,133,0.00746269
26099,134,133,0.00746269
26109,134,133,0.00746269
26120,134,133,0.00746269
26131,134,133,0.00746269
26142,134,133,0.00746269
26152,134,133,0.00746269
26163,134,133,0.00746269
26174,134,133,0.00746269
26185,134,133,0.00746269
26196,134,133,0.00746269
26207,134,133,0.00746269
26217,134,133,0.00746269
26227,134,133,0.00746269
26237,134,133,0.00746269
26247,134,133,0.00746269
26258,134,133,0.00746269
26271,134,133,0.00746269
26281,134,133,0.00746269
26291,134,133,0.00746269
26302,134,133,0.00746269
26314,134,133,0.00746269
26323,134,133,0.00746269
26333,134,133,0.00746269
26343,134,133,0.00746269
26354,134,133,0.00746269
26365,134,133,0.00746269
26377,134,133,0.00746269
26387,134,133,0.00746269
26398,134,133,0.00746269
26408,134,133,0.00746269
26419,134,133,0.00746269
26428,134,133,0.00746269
26439,134,133,0.00746269
26448,134,133,0.00746269
26458,134,133,0.00746269
26468,134,133,0.00746269
26476,134,133,0.00746269
26487,134,133,0.00746269
26497,134,133,0.00746269
26508,134,133,0.00746269
26519,134,133,0.00746269
26530,134,133,0.00746269
26540,134,133,0.00746269
26551,134,133,0.00746269
26562,134,133,0.00746269
26574,134,133,0.00746269
26584,134,133,0.00746269
26594,134,133,0.00746269
26605,134,133,0.00746269
26616,134,133,0.00746269
26627,134,133,0.00746269
26638,134,133,0.00746269
26648,134,133,0.00746269
26657,134,133,0.00746269
26668,134,133,0.00746269
26679,134,133,0.00746269
26690,134,133,0.00746269
26699,134,133,0.00746269
26710,134,133,0.00746269
26719,134,133,0.00746269
26729,134,133,0.00746269
26740,134,133,0.00746269
26751,134,133,0.00746269
26762,134,133,0.00746269
26773,134,133,0.00746269
26785,134,133,0.00746269
26795,134,133,0.00746269
26806,134,133,0.00746269
26816,134,133,0.00746269
26825,134,133,0.00746269
26836,134,133,0.00746269
26847,134,133,0.00746269
26858,134,133,0.00746269
26869,134,133,0.00746269
26880,134,133,0.00746269
26891,134,133,0.00746269
26900,134,133,0.00746269
26911,134,133,0.00746269
26922,134,133,0.00746269
26932,134,133,0.00746269
26941,134,133,0.00746269
26952,134,133,0.00746269
26963,134,133,0.00746269
26974,134,133,0.00746269
26984,134,133,0.00746269
26995,134,133,0.00746269
27006,134,133,0.00746269
27016,134,133,0.00746269
27027,134,133,0.00746269
27038,134,133,0.00746269
27050,134,133,0.00746269
27062,134,133,0.00746269
27073,134,133,0.00746269
27084,134,133,0.00746269
27094,134,133,0.00746269
27106,134,133,0.00746269
27117,134,133,0.00746269
27127,134,133,0.00746269
27137,134,133,0.00746269
27148,134,133,0.00746269
27159,134,133,0.00746269
27170,134,133,0.00746269
27181,134,133,0.00746269
27191,134,133,0.00746269
27201,134,133,0.00746269
27212,134,133,0.00746269
27221,134,133,0.00746269
27232,134,133,0.00746269
27242,134,133,0.00746269
27255,134,133,0.00746269
27266,134,133,0.00746269
27277,134,133,0.00746269
27287,134,133,0.00746269
27299,134,133,0.00746269
27310,134,133,0.00746269
27321,134,133,0.00746269
27331,134,133,0.00746269
27342,134,133,0.00746269
27353,134,133,0.00746269
27363,134,133,0.00746269
27374,134,133,0.00746269
27385,134,133,0.00746269
27395,134,133,0.00746269
27406,134,133,0.00746269
27416,134,133,0.00746269
27427,134,133,0.00746269
27437,134,133,0.00746269
27447,134,133,0.00746269
27457,134,133,0.00746269
27468,134,133,0.00746269
27478,134,133,0.00746269
27487,134,133,0.00746269
27498,134,133,0.00746269
27508,134,133,0.00746269
27518,134,133,0.00746269
27528,134,133,0.00746269
27539,134,133,0.00746269
27550,134,133,0.00746269
27560,134,133,0.00746269
27571,134,133,0.00746269
27582,134,133,0.00746269
27592,134,133,0.00746269
27603,134,133,0.00746269
27614,134,133,0.00746269
27624,134,133,0.00746269
27634,134,133,0.00746269
27645,134,133,0.00746269
27655,134,133,0.00746269
27666,134,133,0.00746269
27677,134,133,0.00746269
27687,134,133,0.00746269
27698,134,133,0.00746269
27709,134,133,0.00746269
27720,134,133,0.00746269
27731,134,133,0.00746269
27742,134,133,0.00746269
27753,134,133,0.00746269
27764,134,133,0.00746269
27775,134,133,0.00746269
27785,134,133,0.00746269
27797,134,133,0.00746269
27807,134,133,0.00746269
27818,134,133,0.00746269
27829,134,133,0.00746269
27839,134,133,0.00746269
27849,134,133,0.00746269
27861,134,133,0.00746269
27872,134,133,0.00746269
27883,134,133,0.00746269
27894,134,133,0.00746269
27904,134,133,0.00746269
27916,134,133,0.00746269
27925,134,133,0.00746269
27936,134,133,0.00746269
27946,134,133,0.00746269
27957,134,133,0.00746269
27968,134,133,0.00746269
27979,134,133,0.00746269
27989,134,133,0.00746269
28000,134,133,0.00746269
28010,134,133,0.00746269
28021,134,133,0.00746269
28032,134,133,0.00746269
28043,134,133,0.00746269
28054,134,133,0.00746269
28065,134,133,0.00746269
28075,134,133,0.00746269
28086,134,133,0.00746269
28099,134,133,0.00746269
28112,134,133,0.00746269
28123,134,133,0.00746269
28134,134,133,0.00746269
28145,134,133,0.00746269
28156,134,133,0.00746269
28166,134,133,0.00746269
28177,134,133,0.00746269
28188,134,133,0.00746269
28199,134,133,0.00746269
28210,134,133,0.00746269
28220,134,133,0.00746269
28232,134,133,0.00746269
28243,134,133,0.00746269
28255,134,133,0.00746269
28269,134,133,0.00746269
28280,134,133,0.00746269
28289,134,133,0.00746269
28298,134,133,0.00746269
28309,134,133,0.00746269
28320,134,133,0.00746269
28331,134,133,0.00746269
28342,134,133,0.00746269
28353,134,133,0.00746269
28364,134,133,0.00746269
28375,134,133,0.00746269
28386,134,133,0.00746269
28397,134,133,0.00746269
28409,134,133,0.00746269
28420,134,133,0.00746269
28431,134,133,0.00746269
28442,134,133,0.00746269
28453,134,133,0.00746269
28464,134,133,0.00746269
28475,134,133,0.00746269
28486,134,133,0.00746269
28497,134,133,0.00746269
28508,134,133,0.00746269
28519,134,133,0.00746269
28530,134,133,0.00746269
28541,134,133,0.00746269
28552,134,133,0.00746269
28563,134,133,0.00746269
28574,134,133,0.00746269
28585,134,133,0.00746269
28596,134,133,0.00746269
28607,134,133,0.00746269
28618,134,133,0.00746269
28628,134,133,0.00746269
28639,134,133,0.00746269
28650,134,133,0.00746269
28660,134,133,0.00746269
28671,134,133,0.00746269
28683,134,133,0.00746269
28693,134,133,0.00746269
28705,134,133,0.00746269
28716,134,133,0.00746269
28727,134,133,0.00746269
28738,134,133,0.00746269
28749,134,133,0.00746269
28759,134,133,0.00746269
28770,134,133,0.00746269
28781,134,133,0.00746269
28792,134,133,0.00746269
28801,134,133,0.00746269
28812,134,133,0.00746269
28822,134,133,0.00746269
28833,134,133,0.00746269
28843,134,133,0.00746269
28855,134,133,0.00746269
28865,134,133,0.00746269
28875,134,133,0.00746269
28886,134,133,0.00746269
28897,134,133,0.00746269
28908,134,133,0.00746269
28919,134,133,0.00746269
28929,134,133,0.00746269
28940,134,133,0.00746269
28951,134,133,0.00746269
28962,134,133,0.00746269
28973,134,133,0.00746269
28985,134,133,0.00746269
28995,134,133,0.00746269
29006,134,133,0.00746269
29016,134,133,0.00746269
29027,134,133,0.00746269
29038,134,133,0.00746269
29049,134,133,0.00746269
29062,134,133,0.00746269
29073,134,133,0.00746269
29080,134,133,0.00746269
29091,134,133,0.00746269
29102,134,133,0.00746269
29113,134,133,0.00746269
29124,134,133,0.00746269
29135,134,133,0.00746269
29145,134,133,0.00746269
29156,134,133,0.00746269
29166,134,133,0.00746269
29177,134,133,0.00746269
29189,134,133,0.00746269
29200,134,133,0.00746269
29211,134,133,0.00746269
29223,134,133,0.00746269
29234,134,133,0.00746269
29244,134,133,0.00746269
29255,134,133,0.00746269
29267,134,133,0.00746269
29280,134,133,0.00746269
29291,134,133,0.00746269
29302,134,133,0.00746269
29312,134,133,0.00746269
29323,134,133,0.00746269
29334,134,133,0.00746269
29343,134,133,0.00746269
29354,134,133,0.00746269
29365,134,133,0.00746269
29375,134,133,0.00746269
29385,134,133,0.00746269
29395,134,133,0.00746269
29405,134,133,0.00746269
29416,134,133,0.00746269
29426,134,133,0.00746269
29437,134,133,0.00746269
29448,134,133,0.00746269
29459,134,133,0.00746269
29469,134,133,0.00746269
29479,134,133,0.00746269
29490,134,133,0.00746269
29500,134,133,0.00746269
29511,134,133,0.00746269
29522,134,133,0.00746269
29532,134,133,0.00746269
29542,134,133,0.00746269
29553,134,133,0.00746269
29564,134,133,0.00746269
29575,134,133,0.00746269
29585,134,133,0.00746269
29596,134,133,0.00746269
29607,134,133,0.00746269
29618,134,133,0.00746269
29629,134,133,0.00746269
29640,134,133,0.00746269
29651,134,133,0.00746269
29661,134,133,0.00746269
29672,134,133,0.00746269
29682,134,133,0.00746269
29693,134,133,0.00746269
29703,134,133,0.00746269
29715,134,133,0.00746269
29726,134,133,0.00746269
29736,134,133,0.00746269
29747,134,133,0.00746269
29758,134,133,0.00746269
29769,134,133,0.00746269
29780,134,133,0.00746269
29790,134,133,0.00746269
29801,134,133,0.00746269
29811,134,133,0.00746269
29823,134,133,0.00746269
29834,134,133,0.00746269
29846,134,133,0.00746269
29857,134,133,0.00746269
29868,134,133,0.00746269
29879,134,133,0.00746269
29890,134,133,0.00746269
29900,134,133,0.00746269
29911,134,133,0.00746269
29922,134,133,0.00746269
29931,134,133,0.00746269
29943,134,133,0.00746269
29954,134,133,0.00746269
29964,134,133,0.00746269
29975,134,133,0.00746269
29986,134,133,0.00746269
29996,134,133,0.00746269
30006,134,133,0.00746269
30016,134,133,0.00746269
30027,134,133,0.00746269
30039,134,133,0.00746269
30050,134,133,0.00746269
30064,134,133,0.00746269
30075,134,133,0.00746269
30086,134,133,0.00746269
30097,134,133,0.00746269
30108,134,133,0.00746269
30119,134,133,0.00746269
30131,134,133,0.00746269
30142,134,133,0.00746269
30153,134,133,0.00746269
30163,134,133,0.00746269
30174,134,133,0.00746269
30185,134,133,0.00746269
30196,134,133,0.00746269
30207,134,133,0.00746269
30218,134,133,0.00746269
30231,134,133,0.00746269
30243,134,133,0.00746269
30253,134,133,0.00746269
30264,134,133,0.00746269
30274,134,133,0.00746269
30285,134,133,0.00746269
30296,134,133,0.00746269
30307,134,133,0.00746269
30318,134,133,0.00746269
30330,134,133,0.00746269
30341,134,133,0.00746269
30353,134,133,0.00746269
30364,134,133,0.00746269
30375,134,133,0.00746269
30387,134,133,0.00746269
30398,134,133,0.00746269
30410,134,133,0.00746269
30422,134,133,0.00746269
30433,134,133,0.00746269
30445,134,133,0.00746269
30457,134,133,0.00746269
30469,134,133,0.00746269
30480,134,133,0.00746269
30491,134,133,0.00746269
30503,134,133,0.00746269
30513,134,133,0.00746269
30524,134,133,0.00746269
30536,134,133,0.00746269
30547,134,133,0.00746269
30559,134,133,0.00746269
30571,134,133,0.00746269
30583,134,133,0.00746269
30594,134,133,0.00746269
30604,134,133,0.00746269
30615,134,133,0.00746269
30627,134,133,0.00746269
30639,134,133,0.00746269
30650,134,133,0.00746269
30661,134,133,0.00746269
30672,134,133,0.00746269
30683,134,133,0.00746269
30694,134,133,0.00746269
30704,134,133,0.00746269
30716,134,133,0.00746269
30727,134,133,0.00746269
30738,134,133,0.00746269
30750,134,133,0.00746269
30762,134,133,0.00746269
30773,134,133,0.00746269
30784,134,133,0.00746269
30795,134,133,0.00746269
30806,134,133,0.00746269
30818,134,133,0.00746269
30830,134,133,0.00746269
30842,134,133,0.00746269
30855,134,133,0.00746269
30867,134,133,0.00746269
30879,134,133,0.00746269
30892,134,133,0.00746269
30904,134,133,0.00746269
30916,134,133,0.00746269
30927,134,133,0.00746269
30939,134,133,0.00746269
30951,134,133,0.00746269
30962,134,133,0.00746269
30974,134,133,0.00746269
30988,134,133,0.00746269
30997,134,133,0.00746269
31009,134,133,0.00746269
31019,134,133,0.00746269
31030,134,133,0.00746269
31042,134,133,0.00746269
31053,134,133,0.00746269
31065,134,133,0.00746269
31075,134,133,0.00746269
31087,134,133,0.00746269
31096,134,133,0.00746269
31108,134,133,0.00746269
31118,134,133,0.00746269
31129,134,133,0.00746269
31140,134,133,0.00746269
31151,134,133,0.00746269
31163,134,133,0.00746269
31173,134,133,0.00746269
31185,134,133,0.00746269
31197,134,133,0.00746269
31209,134,133,0.00746269
31221,134,133,0.00746269
31232,134,133,0.00746269
31245,134,133,0.00746269
31258,134,133,0.00746269
31268,134,133,0.00746269
31279,134,133,0.00746269
31290,134,133,0.00746269
31301,134,133,0.00746269
31312,134,133,0.00746269
31324,134,133,0.00746269
31336,134,133,0.00746269
31346,134,133,0.00746269
31357,134,133,0.00746269
31368,134,133,0.00746269
31379,134,133,0.00746269
31390,134,133,0.00746269
31401,134,133,0.00746269
31413,134,133,0.00746269
31424,134,133,0.00746269
31436,134,133,0.00746269
31447,134,133,0.00746269
31459,134,133,0.00746269
31470,134,133,0.00746269
31482,134,133,0.00746269
31494,134,133,0.00746269
31505,134,133,0.00746269
31516,134,133,0.00746269
31526,134,133,0.00746269
31538,134,133,0.00746269
31549,134,133,0.00746269
31560,134,133,0.00746269
31571,134,133,0.00746269
31582,134,133,0.00746269
31593,134,133,0.00746269
31604,134,133,0.00746269
31615,134,133,0.00746269
31627,134,133,0.00746269
31636,134,133,0.00746269
31648,134,133,0.00746269
31659,134,133,0.00746269
31669,134,133,0.00746269
31681,134,133,0.00746269
31692,134,133,0.00746269
31703,134,133,0.00746269
31713,134,133,0.00746269
31725,134,133,0.00746269
31736,134,133,0.00746269
31747,134,133,0.00746269
31759,134,133,0.00746269
31769,134,133,0.00746269
31781,134,133,0.00746269
31792,134,133,0.00746269
31804,134,133,0.00746269
31816,134,133,0.00746269
31827,134,133,0.00746269
31840,134,133,0.00746269
31853,134,133,0.00746269
31866,134,133,0.00746269
31877,134,133,0.00746269
31890,134,133,0.00746269
31901,134,133,0.00746269
31912,134,133,0.00746269
31924,134,133,0.00746269
31934,134,133,0.00746269
31945,134,133,0.00746269
31957,134,133,0.00746269
31969,134,133,0.00746269
31981,134,133,0.00746269
31993,134,133,0.00746269
32004,134,133,0.00746269
32016,134,133,0.00746269
32027,134,133,0.00746269
32039,134,133,0.00746269
32050,134,133,0.00746269
32063,134,133,0.00746269
32076,134,133,0.00746269
32087,134,133,0.00746269
32099,134,133,0.00746269
32111,134,133,0.00746269
32122,134,133,0.00746269
32134,134,133,0.00746269
32146,134,133,0.00746269
32157,134,133,0.00746269
32169,134,133,0.00746269
32181,134,133,0.00746269
32192,134,133,0.00746269
32205,134,133,0.00746269
32215,134,133,0.00746269
32227,134,133,0.00746269
32238,134,133,0.00746269
32250,134,133,0.00746269
32264,134,133,0.00746269
32276,134,133,0.00746269
32288,134,133,0.00746269
32300,134,133,0.00746269
32311,134,133,0.00746269
32323,134,133,0.00746269
32334,134,133,0.00746269
32346,134,133,0.00746269
32357,134,133,0.00746269
32369,134,133,0.00746269
32381,134,133,0.00746269
32393,134,133,0.00746269
32405,134,133,0.00746269
32416,134,133,0.00746269
32425,134,133,0.00746269
32437,134,133,0.00746269
32448,134,133,0.00746269
32460,134,133,0.00746269
32471,134,133,0.00746269
32483,134,133,0.00746269
32494,134,133,0.00746269
32506,134,133,0.00746269
32517,134,133,0.00746269
32529,134,133,0.00746269
32540,134,133,0.00746269
32552,134,133,0.00746269
32561,134,133,0.00746269
32572,134,133,0.00746269
32582,134,133,0.00746269
32594,134,133,0.00746269
32605,134,133,0.00746269
32616,134,133,0.00746269
32628,134,133,0.00746269
32639,134,133,0.00746269
32651,134,133,0.00746269
32662,134,133,0.00746269
32674,134,133,0.00746269
32686,134,133,0.00746269
32697,134,133,0.00746269
32709,134,133,0.00746269
32721,134,133,0.00746269
32731,134,133,0.00746269
32744,134,133,0.00746269
32754,134,133,0.00746269
32764,134,133,0.00746269
32776,134,133,0.00746269
32787,134,133,0.00746269
32799,134,133,0.00746269
32811,134,133,0.00746269
32823,134,133,0.00746269
32836,134,133,0.00746269
32849,134,133,0.00746269
32860,134,133,0.00746269
32869,134,133,0.00746269
32879,134,133,0.00746269
32891,134,133,0.00746269
32902,134,133,0.00746269
32914,134,133,0.00746269
32926,134,133,0.00746269
32938,134,133,0.00746269
32950,134,133,0.00746269
32960,134,133,0.00746269
32972,134,133,0.00746269
32983,134,133,0.00746269
32995,134,133,0.00746269
33007,134,133,0.00746269
33018,134,133,0.00746269
33030,134,133,0.00746269
33041,134,133,0.00746269
33054,134,133,0.00746269
33068,134,133,0.00746269
33080,134,133,0.00746269
33092,134,133,0.00746269
33104,134,133,0.00746269
33116,134,133,0.00746269
33127,134,133,0.00746269
33139,134,133,0.00746269
33151,134,133,0.00746269
33162,134,133,0.00746269
33174,134,133,0.00746269
33186,134,133,0.00746269
33197,134,133,0.00746269
33209,134,133,0.00746269
33221,134,133,0.00746269
33233,134,133,0.00746269
33244,134,133,0.00746269
33256,134,133,0.00746269
33269,134,133,0.00746269
33283,134,133,0.00746269
33294,134,133,0.00746269
33305,134,133,0.00746269
33317,134,133,0.00746269
33328,134,133,0.00746269
33339,134,133,0.00746269
33351,134,133,0.00746269
33362,134,133,0.00746269
33374,134,133,0.00746269
33385,134,133,0.00746269
33397,134,133,0.00746269
33408,134,133,0.00746269
33419,134,133,0.00746269
33431,134,133,0.00746269
33442,134,133,0.00746269
33454,134,133,0.00746269
33466,134,133,0.00746269
33477,134,133,0.00746269
33489,134,133,0.00746269
33501,134,133,0.00746269
33513,134,133,0.00746269
33524,134,133,0.00746269
33535,134,133,0.00746269
33546,134,133,0.00746269
33558,134,133,0.00746269
33569,134,133,0.00746269
33581,134,133,0.00746269
33592,134,133,0.00746269
33604,134,133,0.00746269
33616,134,133,0.00746269
33627,134,133,0.00746269
33639,134,133,0.00746269
33651,134,133,0.00746269
33662,134,133,0.00746269
33674,134,133,0.00746269
33686,134,133,0.00746269
33697,134,133,0.00746269
33709,134,133,0.00746269
33721,134,133,0.00746269
33732,134,133,0.00746269
33744,134,133,0.00746269
33756,134,133,0.00746269
33766,134,133,0.00746269
33777,134,133,0.00746269
33789,134,133,0.00746269
33801,134,133,0.00746269
33812,134,133,0.00746269
33824,134,133,0.00746269
33835,134,133,0.00746269
33847,134,133,0.00746269
33857,134,133,0.00746269
33870,134,133,0.00746269
33881,134,133,0.00746269
33894,134,133,0.00746269
33906,134,133,0.00746269
33917,134,133,0.00746269
33929,134,133,0.00746269
33941,134,133,0.00746269
33953,134,133,0.00746269
33966,134,133,0.00746269
33978,134,133,0.00746269
33988,134,133,0.00746269
33999,134,133,0.00746269
34009,134,133,0.00746269
34021,134,133,0.00746269
34033,134,133,0.00746269
34045,134,133,0.00746269
34059,134,133,0.00746269
34069,134,133,0.00746269
34082,134,133,0.00746269
34093,134,133,0.00746269
34106,134,133,0.00746269
34118,134,133,0.00746269
34129,134,133,0.00746269
34141,134,133,0.00746269
34152,134,133,0.00746269
34164,134,133,0.00746269
34177,134,133,0.00746269
34188,134,133,0.00746269
34200,134,133,0.00746269
34212,134,133,0.00746269
34224,134,133,0.00746269
34234,134,133,0.00746269
34247,134,133,0.00746269
34259,134,133,0.00746269
34273,134,133,0.00746269
34284,134,133,0.00746269
34296,134,133,0.00746269
34308,134,133,0.00746269
34320,134,133,0.00746269
34331,134,133,0.00746269
34343,134,133,0.00746269
34356,134,133,0.00746269
34368,134,133,0.00746269
34380,134,133,0.00746269
34392,134,133,0.00746269
34404,134,133,0.00746269
34416,134,133,0.00746269
34428,134,133,0.00746269
34440,134,133,0.00746269
34452,134,133,0.00746269
34463,134,133,0.00746269
34475,134,133,0.00746269
34487,134,133,0.00746269
34499,134,133,0.00746269
34511,134,133,0.00746269
34523,134,133,0.00746269
34535,134,133,0.00746269
34547,134,133,0.00746269
34559,134,133,0.00746269
34571,134,133,0.00746269
34583,134,133,0.00746269
34594,134,133,0.00746269
34606,134,133,0.00746269
34618,134,133,0.00746269
34630,134,133,0.00746269
34641,134,133,0.00746269
34653,134,133,0.00746269
34665,134,133,0.00746269
34677,134,133,0.00746269
34689,134,133,0.00746269
34700,134,133,0.00746269
34712,134,133,0.00746269
34724,134,133,0.00746269
34736,134,133,0.00746269
34748,134,133,0.00746269
34760,134,133,0.00746269
34772,134,133,0.00746269
34784,134,133,0.00746269
34795,134,133,0.00746269
34807,134,133,0.00746269
34819,134,133,0.00746269
34831,134,133,0.00746269
34843,134,133,0.00746269
34855,134,133,0.00746269
34868,134,133,0.00746269
34880,134,133,0.00746269
34891,134,133,0.00746269
34903,134,133,0.00746269
34915,134,133,0.00746269
34927,134,133,0.00746269
34939,134,133,0.00746269
34950,134,133,0.00746269
34963,134,133,0.00746269
34973,134,133,0.00746269
34985,134,133,0.00746269
34996,134,133,0.00746269
35008,134,133,0.00746269
35020,134,133,0.00746269
35030,134,133,0.00746269
35043,134,133,0.00746269
35057,134,133,0.00746269
35070,134,133,0.00746269
35082,134,133,0.00746269
35094,134,133,0.00746269
35106,134,133,0.00746269
35116,134,133,0.00746269
35128,134,133,0.00746269
35139,134,133,0.00746269
35151,134,133,0.00746269
35162,134,133,0.00746269
35174,134,133,0.00746269
35185,134,133,0.00746269
35199,134,133,0.00746269
35212,134,133,0.00746269
35224,134,133,0.00746269
35236,134,133,0.00746269
35248,134,133,0.00746269
35260,134,133,0.00746269
35272,134,133,0.00746269
35284,134,133,0.00746269
35296,134,133,0.00746269
35307,134,133,0.00746269
35319,134,133,0.00746269
35331,134,133,0.00746269
35342,134,133,0.00746269
35354,134,133,0.00746269
35365,134,133,0.00746269
35377,134,133,0.00746269
35388,134,133,0.00746269
35400,134,133,0.00746269
35417,134,133,0.00746269
35430,134,133,0.00746269
35442,134,133,0.00746269
35454,134,133,0.00746269
35466,134,133,0.00746269
35478,134,133,0.00746269
35490,134,133,0.00746269
35501,134,133,0.00746269
35513,134,133,0.00746269
35525,134,133,0.00746269
35538,134,133,0.00746269
35548,134,133,0.00746269
35561,134,133,0.00746269
35573,134,133,0.00746269
35584,134,133,0.00746269
35596,134,133,0.00746269
35608,134,133,0.00746269
35618,134,133,0.00746269
35630,134,133,0.00746269
35642,134,133,0.00746269
35654,134,133,0.00746269
35664,134,133,0.00746269
35676,134,133,0.00746269
35689,134,133,0.00746269
35701,134,133,0.00746269
35713,134,133,0.00746269
35726,134,133,0.00746269
35737,134,133,0.00746269
35750,134,133,0.00746269
35762,134,133,0.00746269
35774,134,133,0.00746269
35786,134,133,0.00746269
35797,134,133,0.00746269
35809,134,133,0.00746269
35821,134,133,0.00746269
35833,134,133,0.00746269
35845,134,133,0.00746269
35857,134,133,0.00746269
35868,134,133,0.00746269
35880,134,133,0.00746269
35892,134,133,0.00746269
35905,134,133,0.00746269
35918,134,133,0.00746269
35930,134,133,0.00746269
35942,134,133,0.00746269
35954,134,133,0.00746269
35967,134,133,0.00746269
35979,134,133,0.00746269
35991,134,133,0.00746269
36004,134,133,0.00746269
36016,134,133,0.00746269
36027,134,133,0.00746269
36039,134,133,0.00746269
36053,134,133,0.00746269
36067,134,133,0.00746269
36080,134,133,0.00746269
36091,134,133,0.00746269
36103,134,133,0.00746269
36116,134,133,0.00746269
36127,134,133,0.00746269
36140,134,133,0.00746269
36152,134,133,0.00746269
36164,134,133,0.00746269
36177,134,133,0.00746269
36189,134,133,0.00746269
36201,134,133,0.00746269
36213,134,133,0.00746269
36225,134,133,0.00746269
36238,134,133,0.00746269
36253,134,133,0.00746269
36265,134,133,0.00746269
36277,134,133,0.00746269
36290,134,133,0.00746269
36302,134,133,0.00746269
36315,134,133,0.00746269
36328,134,133,0.00746269
36339,134,133,0.00746269
36351,134,133,0.00746269
36363,134,133,0.00746269
36375,134,133,0.00746269
36388,134,133,0.00746269
36400,134,133,0.00746269
36413,134,133,0.00746269
36425,134,133,0.00746269
36437,134,133,0.00746269
36449,134,133,0.00746269
36461,134,133,0.00746269
36474,134,133,0.00746269
36485,134,133,0.00746269
36497,134,133,0.00746269
36510,134,133,0.00746269
36522,134,133,0.00746269
36535,134,133,0.00746269
36547,134,133,0.00746269
36559,134,133,0.00746269
36572,134,133,0.00746269
36584,134,133,0.00746269
36596,134,133,0.00746269
36608,134,133,0.00746269
36620,134,133,0.00746269
36632,134,133,0.00746269
36644,134,133,0.00746269
36657,134,133,0.00746269
36668,134,133,0.00746269
36681,134,133,0.00746269
36693,134,133,0.00746269
36706,134,133,0.00746269
36716,134,133,0.00746269
36729,134,133,0.00746269
36741,134,133,0.00746269
36753,134,133,0.00746269
36765,134,133,0.00746269
36777,134,133,0.00746269
36790,134,133,0.00746269
36802,134,133,0.00746269
36812,134,133,0.00746269
36825,134,133,0.00746269
36837,134,133,0.00746269
36850,134,133,0.00746269
36862,134,133,0.00746269
36874,134,133,0.00746269
36886,134,133,0.00746269
36899,134,133,0.00746269
36911,134,133,0.00746269
36923,134,133,0.00746269
36933,134,133,0.00746269
36945,134,133,0.00746269
36957,134,133,0.00746269
36970,134,133,0.00746269
36983,134,133,0.00746269
36995,134,133,0.00746269
37007,134,133,0.00746269
37019,134,133,0.00746269
37031,134,133,0.00746269
37044,134,133,0.00746269
37058,134,133,0.00746269
37071,134,133,0.00746269
37083,134,133,0.00746269
37094,134,133,0.00746269
37107,134,133,0.00746269
37118,134,133,0.00746269
37130,134,133,0.00746269
37141,134,133,0.00746269
37153,134,133,0.00746269
37165,134,133,0.00746269
37178,134,133,0.00746269
37190,134,133,0.00746269
37202,134,133,0.00746269
37215,134,133,0.00746269
37227,134,133,0.00746269
37239,134,133,0.00746269
37253,134,133,0.00746269
37267,134,133,0.00746269
37278,134,133,0.00746269
37291,134,133,0.00746269
37304,134,133,0.00746269
37314,134,133,0.00746269
37327,134,133,0.00746269
37339,134,133,0.00746269
37352,134,133,0.00746269
37365,134,133,0.00746269
37376,134,133,0.00746269
37389,134,133,0.00746269
37401,134,133,0.00746269
37414,134,133,0.00746269
37426,134,133,0.00746269
37438,134,133,0.00746269
37450,134,133,0.00746269
37462,134,133,0.00746269
37474,134,133,0.00746269
37487,134,133,0.00746269
37499,134,133,0.00746269
37512,134,133,0.00746269
37524,134,133,0.00746269
37536,134,133,0.00746269
37548,134,133,0.00746269
37561,134,133,0.00746269
37574,134,133,0.00746269
37586,134,133,0.00746269
37598,134,133,0.00746269
37611,134,133,0.00746269
37623,134,133,0.00746269
37635,134,133,0.00746269
37648,134,133,0.00746269
37660,134,133,0.00746269
37673,134,133,0.00746269
37685,134,133,0.00746269
37697,134,133,0.00746269
37709,134,133,0.00746269
37721,134,133,0.00746269
37733,134,133,0.00746269
37745,134,133,0.00746269
37757,134,133,0.00746269
37769,134,133,0.00746269
37782,134,133,0.00746269
37794,134,133,0.00746269
37807,134,133,0.00746269
37819,134,133,0.00746269
37831,134,133,0.00746269
37844,134,133,0.00746269
37856,134,133,0.00746269
37868,134,133,0.00746269
37881,134,133,0.00746269
37894,134,133,0.00746269
37907,134,133,0.00746269
37919,134,133,0.00746269
37932,134,133,0.00746269
37942,134,133,0.00746269
37954,134,133,0.00746269
37965,134,133,0.00746269
37977,134,133,0.00746269
37989,134,133,0.00746269
38002,134,133,0.00746269
38012,134,133,0.00746269
38025,134,133,0.00746269
38036,134,133,0.00746269
38049,134,133,0.00746269
38061,134,133,0.00746269
38075,134,133,0.00746269
38088,134,133,0.00746269
38100,134,133,0.00746269
38111,134,133,0.00746269
38124,134,133,0.00746269
38136,134,133,0.00746269
38148,134,133,0.00746269
38160,134,133,0.00746269
38172,134,133,0.00746269
38183,134,133,0.00746269
38195,134,133,0.00746269
38206,134,133,0.00746269
38219,134,133,0.00746269
38231,134,133,0.00746269
38243,134,133,0.00746269
38258,134,133,0.00746269
38270,134,133,0.00746269
38283,134,133,0.00746269
38295,134,133,0.00746269
38307,134,133,0.00746269
38319,134,133,0.00746269
38331,134,133,0.00746269
38343,134,133,0.00746269
38355,134,133,0.00746269
38367,134,133,0.00746269
38379,134,133,0.00746269
38392,134,133,0.00746269
38404,134,133,0.00746269
38416,134,133,0.00746269
38429,134,133,0.00746269
38441,134,133,0.00746269
38454,134,133,0.00746269
38465,134,133,0.00746269
38477,134,133,0.00746269
38489,134,133,0.00746269
38501,134,133,0.00746269
38513,134,133,0.00746269
38526,134,133,0.00746269
38538,134,133,0.00746269
38551,134,133,0.00746269
38563,134,133,0.00746269
38575,134,133,0.00746269
38587,134,133,0.00746269
38598,134,133,0.00746269
38610,134,133,0.00746269
38622,134,133,0.00746269
38633,134,133,0.00746269
38646,134,133,0.00746269
38658,134,133,0.00746269
38670,134,133,0.00746269
38682,134,133,0.00746269
38695,134,133,0.00746269
38707,134,133,0.00746269
38720,134,133,0.00746269
38732,134,133,0.00746269
38745,134,133,0.00746269
38755,134,133,0.00746269
38767,134,133,0.00746269
38780,134,133,0.00746269
38792,134,133,0.00746269
38804,134,133,0.00746269
38817,134,133,0.00746269
38829,134,133,0.00746269
38841,134,133,0.00746269
38853,134,133,0.00746269
38864,134,133,0.00746269
38877,134,133,0.00746269
38889,134,133,0.00746269
38901,134,133,0.00746269
38914,134,133,0.00746269
38926,134,133,0.00746269
38937,134,133,0.00746269
38950,134,133,0.00746269
38962,134,133,0.00746269
38973,134,133,0.00746269
38985,134,133,0.00746269
38998,134,133,0.00746269
39010,134,133,0.00746269
39022,134,133,0.00746269
39035,134,133,0.00746269
39048,134,133,0.00746269
39063,134,133,0.00746269
39076,134,133,0.00746269
39088,134,133,0.00746269
39101,134,133,0.00746269
39113,134,133,0.00746269
39126,134,133,0.00746269
39139,134,133,0.00746269
39152,134,133,0.00746269
39163,134,133,0.00746269
39176,134,133,0.00746269
39188,134,133,0.00746269
39200,134,133,0.00746269
39213,134,133,0.00746269
39225,134,133,0.00746269
39238,134,133,0.00746269
39251,134,133,0.00746269
39265,134,133,0.00746269
39278,134,133,0.00746269
39290,134,133,0.00746269
39303,134,133,0.00746269
39314,134,133,0.00746269
39327,134,133,0.00746269
39339,134,133,0.00746269
39352,134,133,0.00746269
39364,134,133,0.00746269
39377,134,133,0.00746269
39390,134,133,0.00746269
39402,134,133,0.00746269
39414,134,133,0.00746269
39427,134,133,0.00746269
39439,134,133,0.00746269
39452,134,133,0.00746269
39464,134,133,0.00746269
39477,134,133,0.00746269
39490,134,133,0.00746269
39503,134,133,0.00746269
39516,134,133,0.00746269
39528,134,133,0.00746269
39541,134,133,0.00746269
39552,134,133,0.00746269
39564,134,133,0.00746269
39578,134,133,0.00746269
39590,134,133,0.00746269
39603,134,133,0.00746269
39615,134,133,0.00746269
39628,134,133,0.00746269
39641,134,133,0.00746269
39654,134,133,0.00746269
39668,134,133,0.00746269
39678,134,133,0.00746269
39691,134,133,0.00746269
39704,134,133,0.00746269
39717,134,133,0.00746269
39729,134,133,0.00746269
39741,134,133,0.00746269
39755,134,133,0.00746269
39768,134,133,0.00746269
39781,134,133,0.00746269
39794,134,133,0.00746269
39806,134,133,0.00746269
39820,134,133,0.00746269
39833,134,133,0.00746269
39846,134,133,0.00746269
39859,134,133,0.00746269
39872,134,133,0.00746269
39884,134,133,0.00746269
39897,134,133,0.00746269
39910,134,133,0.00746269
39923,134,133,0.00746269
39935,134,133,0.00746269
39947,134,133,0.00746269
39960,134,133,0.00746269
39974,134,133,0.00746269
39984,134,133,0.00746269
39999,134,133,0.00746269
40012,134,133,0.00746269
40025,134,133,0.00746269
40038,134,133,0.00746269
40051,134,133,0.00746269
40062,134,133,0.00746269
40074,134,133,0.00746269
40087,134,133,0.00746269
40100,134,133,0.00746269
40113,134,133,0.00746269
40126,134,133,0.00746269
40138,134,133,0.00746269
40152,134,133,0.00746269
40165,134,133,0.00746269
40178,134,133,0.00746269
40190,134,133,0.00746269
40204,134,133,0.00746269
40218,134,133,0.00746269
40230,134,133,0.00746269
40243,134,133,0.00746269
40257,134,133,0.00746269
40269,134,133,0.00746269
40282,134,133,0.00746269
40295,134,133,0.00746269
40307,134,133,0.00746269
40319,134,133,0.00746269
40332,134,133,0.00746269
40345,134,133,0.00746269
40358,134,133,0.00746269
40371,134,133,0.00746269
40384,134,133,0.00746269
40397,134,133,0.00746269
40410,134,133,0.00746269
40423,134,133,0.00746269
40436,134,133,0.00746269
40449,134,133,0.00746269
40463,134,133,0.00746269
40476,134,133,0.00746269
40489,134,133,0.00746269
40502,134,133,0.00746269
40515,134,133,0.00746269
40528,134,133,0.00746269
40541,134,133,0.00746269
40555,134,133,0.00746269
40568,134,133,0.00746269
40581,134,133,0.00746269
40594,134,133,0.00746269
40606,134,133,0.00746269
40620,134,133,0.00746269
40633,134,133,0.00746269
40645,134,133,0.00746269
40658,134,133,0.00746269
40671,134,133,0.00746269
40685,134,133,0.00746269
40697,134,133,0.00746269
40710,134,133,0.00746269
40722,134,133,0.00746269
40736,134,133,0.00746269
40749,134,133,0.00746269
40762,134,133,0.00746269
40775,134,133,0.00746269
40788,134,133,0.00746269
40802,134,133,0.00746269
40813,134,133,0.00746269
40827,134,133,0.00746269
40839,134,133,0.00746269
40851,134,133,0.00746269
40863,134,133,0.00746269
40874,134,133,0.00746269
40887,134,133,0.00746269
40901,134,133,0.00746269
40914,134,133,0.00746269
40927,134,133,0.00746269
40940,134,133,0.00746269
40953,134,133,0.00746269
40966,134,133,0.00746269
40980,134,133,0.00746269
40993,134,133,0.00746269
41006,134,133,0.00746269
41020,134,133,0.00746269
41032,134,133,0.00746269
41046,134,133,0.00746269
41061,134,133,0.00746269
41074,134,133,0.00746269
41088,134,133,0.00746269
41101,134,133,0.00746269
41113,134,133,0.00746269
41126,134,133,0.00746269
41140,134,133,0.00746269
41153,134,133,0.00746269
41166,134,133,0.00746269
41179,134,133,0.00746269
41193,134,133,0.00746269
41205,134,133,0.00746269
41219,134,133,0.00746269
41229,134,133,0.00746269
41242,134,133,0.00746269
41255,134,133,0.00746269
41269,134,133,0.00746269
41284,134,133,0.00746269
41297,134,133,0.00746269
41309,134,133,0.00746269
41323,134,133,0.00746269
41334,134,133,0.00746269
41348,134,133,0.00746269
41361,134,133,0.00746269
41374,134,133,0.00746269
41387,134,133,0.00746269
41401,134,133,0.00746269
41413,134,133,0.00746269
41427,134,133,0.00746269
41441,134,133,0.00746269
41454,134,133,0.00746269
41467,134,133,0.00746269
41480,134,133,0.00746269
41494,134,133,0.00746269
41507,134,133,0.00746269
41521,134,133,0.00746269
41535,134,133,0.00746269
41548,134,133,0.00746269
41559,134,133,0.00746269
41572,134,133,0.00746269
41583,134,133,0.00746269
41596,134,133,0.00746269
41609,134,133,0.00746269
41622,134,133,0.00746269
41636,134,133,0.00746269
41647,134,133,0.00746269
41661,134,133,0.00746269
41674,134,133,0.00746269
41687,134,133,0.00746269
41700,134,133,0.00746269
41714,134,133,0.00746269
41726,134,133,0.00746269
41739,134,133,0.00746269
41753,134,133,0.00746269
41766,134,133,0.00746269
41779,134,133,0.00746269
41793,134,133,0.00746269
41806,134,133,0.00746269
41819,134,133,0.00746269
41832,134,133,0.00746269
41846,134,133,0.00746269
41858,134,133,0.00746269
41872,134,133,0.00746269
41885,134,133,0.00746269
41894,134,133,0.00746269
41907,134,133,0.00746269
41920,134,133,0.00746269
41933,134,133,0.00746269
41945,134,133,0.00746269
41959,134,133,0.00746269
41972,134,133,0.00746269
41984,134,133,0.00746269
41997,134,133,0.00746269
42010,134,133,0.00746269
42023,134,133,0.00746269
42036,134,133,0.00746269
42048,134,133,0.00746269
42063,134,133,0.00746269
42076,134,133,0.00746269
42090,134,133,0.00746269
42103,134,133,0.00746269
42117,134,133,0.00746269
42127,134,133,0.00746269
42140,134,133,0.00746269
42153,134,133,0.00746269
42166,134,133,0.00746269
42180,134,133,0.00746269
42192,134,133,0.00746269
42205,134,133,0.00746269
42218,134,133,0.00746269
42231,134,133,0.00746269
42244,134,133,0.00746269
42258,134,133,0.00746269
42272,134,133,0.00746269
42285,134,133,0.00746269
42298,134,133,0.00746269
42310,134,133,0.00746269
42323,134,133,0.00746269
42336,134,133,0.00746269
42349,134,133,0.00746269
42362,134,133,0.00746269
42376,134,133,0.00746269
42389,134,133,0.00746269
42403,134,133,0.00746269
42416,134,133,0.00746269
42429,134,133,0.00746269
42442,134,133,0.00746269
42455,134,133,0.00746269
42468,134,133,0.00746269
42483,134,133,0.00746269
42496,134,133,0.00746269
42510,134,133,0.00746269
42523,134,133,0.00746269
42536,134,133,0.00746269
42550,134,133,0.00746269
42563,134,133,0.00746269
42576,134,133,0.00746269
42588,134,133,0.00746269
42601,134,133,0.00746269
42615,134,133,0.00746269
42628,134,133,0.00746269
42642,134,133,0.00746269
42656,134,133,0.00746269
42668,134,133,0.00746269
42682,134,133,0.00746269
42695,134,133,0.00746269
42708,134,133,0.00746269
42721,134,133,0.00746269
42735,134,133,0.00746269
42748,134,133,0.00746269
42761,134,133,0.00746269
42774,134,133,0.00746269
42788,134,133,0.00746269
42801,134,133,0.00746269
42813,134,133,0.00746269
42826,134,133,0.00746269
42839,134,133,0.00746269
42853,134,133,0.00746269
42865,134,133,0.00746269
42878,134,133,0.00746269
42891,134,133,0.00746269
42904,134,133,0.00746269
42918,134,133,0.00746269
42931,134,133,0.00746269
42944,134,133,0.00746269
42959,134,133,0.00746269
42970,134,133,0.00746269
42983,134,133,0.00746269
42997,134,133,0.00746269
43009,134,133,0.00746269
43022,134,133,0.00746269
43036,134,133,0.00746269
43050,134,133,0.00746269
43061,134,133,0.00746269
43074,134,133,0.00746269
43087,134,133,0.00746269
43100,134,133,0.00746269
43113,134,133,0.00746269
43127,134,133,0.00746269
43139,134,133,0.00746269
43153,134,133,0.00746269
43166,134,133,0.00746269
43179,134,133,0.00746269
43192,134,133,0.00746269
43205,134,133,0.00746269
43218,134,133,0.00746269
43232,134,133,0.00746269
43244,134,133,0.00746269
43257,134,133,0.00746269
43273,134,133,0.00746269
43287,134,133,0.00746269
43301,134,133,0.00746269
43312,134,133,0.00746269
43326,134,133,0.00746269
43339,134,133,0.00746269
43351,134,133,0.00746269
43365,134,133,0.00746269
43378,134,133,0.00746269
43392,134,133,0.00746269
43405,134,133,0.00746269
43418,134,133,0.00746269
43431,134,133,0.00746269
43445,134,133,0.00746269
43457,134,133,0.00746269
43471,134,133,0.00746269
43484,134,133,0.00746269
43498,134,133,0.00746269
43511,134,133,0.00746269
43523,134,133,0.00746269
43536,134,133,0.00746269
43549,134,133,0.00746269
43562,134,133,0.00746269
43572,134,133,0.00746269
43584,134,133,0.00746269
43597,134,133,0.00746269
43609,134,133,0.00746269
43622,134,133,0.00746269
43635,134,133,0.00746269
43649,134,133,0.00746269
43662,134,133,0.00746269
43675,134,133,0.00746269
43687,134,133,0.00746269
43700,134,133,0.00746269
43712,134,133,0.00746269
43725,134,133,0.00746269
43738,134,133,0.00746269
43751,134,133,0.00746269
43763,134,133,0.00746269
43776,134,133,0.00746269
43791,134,133,0.00746269
43804,134,133,0.00746269
43818,134,133,0.00746269
43831,134,133,0.00746269
43840,134,133,0.00746269
43852,134,133,0.00746269
43866,134,133,0.00746269
43879,134,133,0.00746269
43891,134,133,0.00746269
43905,134,133,0.00746269
43917,134,133,0.00746269
43930,134,133,0.00746269
43943,134,133,0.00746269
43954,134,133,0.00746269
43968,134,133,0.00746269
43982,134,133,0.00746269
43997,134,133,0.00746269
44011,134,133,0.00746269
44024,134,133,0.00746269
44038,134,133,0.00746269
44052,134,133,0.00746269
44065,134,133,0.00746269
44078,134,133,0.00746269
44092,134,133,0.00746269
44104,134,133,0.00746269
44118,134,133,0.00746269
44130,134,133,0.00746269
44143,134,133,0.00746269
44157,134,133,0.00746269
44170,134,133,0.00746269
44184,134,133,0.00746269
44197,134,133,0.00746269
44210,134,133,0.00746269
44223,134,133,0.00746269
44237,134,133,0.00746269
44251,134,133,0.00746269
44265,134,133,0.00746269
44279,134,133,0.00746269
44291,134,133,0.00746269
44305,134,133,0.00746269
44318,134,133,0.00746269
44331,134,133,0.00746269
44344,134,133,0.00746269
44358,134,133,0.00746269
44370,134,133,0.00746269
44384,134,133,0.00746269
44398,134,133,0.00746269
44409,134,133,0.00746269
44422,134,133,0.00746269
44436,134,133,0.00746269
44448,134,133,0.00746269
44462,134,133,0.00746269
44477,134,133,0.00746269
44490,134,133,0.00746269
44503,134,133,0.00746269
44516,134,133,0.00746269
44530,134,133,0.00746269
44543,134,133,0.00746269
44556,134,133,0.00746269
44570,134,133,0.00746269
44584,134,133,0.00746269
44598,134,133,0.00746269
44612,134,133,0.00746269
44625,134,133,0.00746269
44638,134,133,0.00746269
44650,134,133,0.00746269
44664,134,133,0.00746269
44677,134,133,0.00746269
44689,134,133,0.00746269
44703,134,133,0.00746269
44715,134,133,0.00746269
44728,134,133,0.00746269
44741,134,133,0.00746269
44754,134,133,0.00746269
44768,134,133,0.00746269
44782,134,133,0.00746269
44796,134,133,0.00746269
44809,134,133,0.00746269
44822,134,133,0.00746269
44836,134,133,0.00746269
44849,134,133,0.00746269
44862,134,133,0.00746269
44876,134,133,0.00746269
44889,134,133,0.00746269
44903,134,133,0.00746269
44916,134,133,0.00746269
44929,134,133,0.00746269
44942,134,133,0.00746269
44956,134,133,0.00746269
44968,134,133,0.00746269
44981,134,133,0.00746269
44995,134,133,0.00746269
45008,134,133,0.00746269
45022,134,133,0.00746269
45036,134,133,0.00746269
45049,134,133,0.00746269
45063,134,133,0.00746269
45077,134,133,0.00746269
45090,134,133,0.00746269
45104,134,133,0.00746269
45117,134,133,0.00746269
45131,134,133,0.00746269
45144,134,133,0.00746269
45157,134,133,0.00746269
45171,134,133,0.00746269
45185,134,133,0.00746269
45197,134,133,0.00746269
45211,134,133,0.00746269
45225,134,133,0.00746269
45236,134,133,0.00746269
45249,134,133,0.00746269
45263,134,133,0.00746269
45278,134,133,0.00746269
45291,134,133,0.00746269
45305,134,133,0.00746269
45319,134,133,0.00746269
45331,134,133,0.00746269
45344,134,133,0.00746269
45358,134,133,0.00746269
45372,134,133,0.00746269
45386,134,133,0.00746269
45400,134,133,0.00746269
45414,134,133,0.00746269
45426,134,133,0.00746269
45439,134,133,0.00746269
45453,134,133,0.00746269
45466,134,133,0.00746269
45480,134,133,0.00746269
45494,134,133,0.00746269
45507,134,133,0.00746269
45520,134,133,0.00746269
45533,134,133,0.00746269
45546,134,133,0.00746269
45560,134,133,0.00746269
45573,134,133,0.00746269
45586,134,133,0.00746269
45599,134,133,0.00746269
45612,134,133,0.00746269
45625,134,133,0.00746269
45638,134,133,0.00746269
45652,134,133,0.00746269
45666,134,133,0.00746269
45680,134,133,0.00746269
45692,134,133,0.00746269
45706,134,133,0.00746269
45716,134,133,0.00746269
45729,134,133,0.00746269
45742,134,133,0.00746269
45755,134,133,0.00746269
45768,134,133,0.00746269
45782,134,133,0.00746269
45795,134,133,0.00746269
45808,134,133,0.00746269
45821,134,133,0.00746269
45835,134,133,0.00746269
45850,134,133,0.00746269
45862,134,133,0.00746269
45876,134,133,0.00746269
45890,134,133,0.00746269
45903,134,133,0.00746269
45917,134,133,0.00746269
45930,134,133,0.00746269
45943,134,133,0.00746269
45957,134,133,0.00746269
45970,134,133,0.00746269
45984,134,133,0.00746269
45997,134,133,0.00746269
46011,134,133,0.00746269
46024,134,133,0.00746269
46038,134,133,0.00746269
46051,134,133,0.00746269
46065,134,133,0.00746269
46077,134,133,0.00746269
46091,134,133,0.00746269
46104,134,133,0.00746269
46118,134,133,0.00746269
46131,134,133,0.00746269
46145,134,133,0.00746269
46159,134,133,0.00746269
46172,134,133,0.00746269
46186,134,133,0.00746269
46200,134,133,0.00746269
46213,134,133,0.00746269
46224,134,133,0.00746269
46238,134,133,0.00746269
46250,134,133,0.00746269
46265,134,133,0.00746269
46279,134,133,0.00746269
46293,134,133,0.00746269
46306,134,133,0.00746269
46320,134,133,0.00746269
46334,134,133,0.00746269
46347,134,133,0.00746269
46361,134,133,0.00746269
46374,134,133,0.00746269
46388,134,133,0.00746269
46402,134,133,0.00746269
46415,134,133,0.00746269
46427,134,133,0.00746269
46441,134,133,0.00746269
46455,134,133,0.00746269
46468,134,133,0.00746269
46483,134,133,0.00746269
46496,134,133,0.00746269
46508,134,133,0.00746269
46522,134,133,0.00746269
46536,134,133,0.00746269
46549,134,133,0.00746269
46564,134,133,0.00746269
46578,134,133,0.00746269
46591,134,133,0.00746269
46605,134,133,0.00746269
46618,134,133,0.00746269
46632,134,133,0.00746269
46645,134,133,0.00746269
46659,134,133,0.00746269
46673,134,133,0.00746269
46687,134,133,0.00746269
46699,134,133,0.00746269
46711,134,133,0.00746269
46724,134,133,0.00746269
46737,134,133,0.00746269
46751,134,133,0.00746269
46764,134,133,0.00746269
46778,134,133,0.00746269
46792,134,133,0.00746269
46804,134,133,0.00746269
46818,134,133,0.00746269
46831,134,133,0.00746269
46845,134,133,0.00746269
46857,134,133,0.00746269
46871,134,133,0.00746269
46884,134,133,0.00746269
46897,134,133,0.00746269
46910,134,133,0.00746269
46924,134,133,0.00746269
46937,134,133,0.00746269
46951,134,133,0.00746269
46965,134,133,0.00746269
46978,134,133,0.00746269
46992,134,133,0.00746269
47005,134,133,0.00746269
47018,134,133,0.00746269
47032,134,133,0.00746269
47046,134,133,0.00746269
47060,134,133,0.00746269
47075,134,133,0.00746269
47090,134,133,0.00746269
47103,134,133,0.00746269
47117,134,133,0.00746269
47131,134,133,0.00746269
47144,134,133,0.00746269
47158,134,133,0.00746269
47172,134,133,0.00746269
47186,134,133,0.00746269
47200,134,133,0.00746269
47213,134,133,0.00746269
47227,134,133,0.00746269
47240,134,133,0.00746269
47255,134,133,0.00746269
47271,134,133,0.00746269
47284,134,133,0.00746269
47298,134,133,0.00746269
47312,134,133,0.00746269
47326,134,133,0.00746269
47339,134,133,0.00746269
47353,134,133,0.00746269
47366,134,133,0.00746269
47381,134,133,0.00746269
47395,134,133,0.00746269
47408,134,133,0.00746269
47422,134,133,0.00746269
47435,134,133,0.00746269
47448,134,133,0.00746269
47460,134,133,0.00746269
47475,134,133,0.00746269
47489,134,133,0.00746269
47502,134,133,0.00746269
47516,134,133,0.00746269
47530,134,133,0.00746269
47540,134,133,0.00746269
47555,134,133,0.00746269
47569,134,133,0.00746269
47583,134,133,0.00746269
47596,134,133,0.00746269
47610,134,133,0.00746269
47623,134,133,0.00746269
47637,134,133,0.00746269
47650,134,133,0.00746269
47665,134,133,0.00746269
47677,134,133,0.00746269
47691,134,133,0.00746269
47705,134,133,0.00746269
47719,134,133,0.00746269
47733,134,133,0.00746269
47745,134,133,0.00746269
47758,134,133,0.00746269
47772,134,133,0.00746269
47786,134,133,0.00746269
47800,134,133,0.00746269
47815,134,133,0.00746269
47829,134,133,0.00746269
47843,134,133,0.00746269
47857,134,133,0.00746269
47882,134,133,0.00746269
47896,134,133,0.00746269
47909,134,133,0.00746269
47924,134,133,0.00746269
47937,134,133,0.00746269
47951,134,133,0.00746269
47964,134,133,0.00746269
47980,134,133,0.00746269
47995,134,133,0.00746269
48008,134,133,0.00746269
48022,134,133,0.00746269
48035,134,133,0.00746269
48050,134,133,0.00746269
48064,134,133,0.00746269
48075,134,133,0.00746269
48088,134,133,0.00746269
48102,134,133,0.00746269
48115,134,133,0.00746269
48129,134,133,0.00746269
48143,134,133,0.00746269
48157,134,133,0.00746269
48171,134,133,0.00746269
48185,134,133,0.00746269
48198,134,133,0.00746269
48212,134,133,0.00746269
48226,134,133,0.00746269
48238,134,133,0.00746269
48253,134,133,0.00746269
48270,134,133,0.00746269
48282,134,133,0.00746269
48296,134,133,0.00746269
48310,134,133,0.00746269
48324,134,133,0.00746269
48338,134,133,0.00746269
48353,134,133,0.00746269
48367,134,133,0.00746269
48381,134,133,0.00746269
48393,134,133,0.00746269
48407,134,133,0.00746269
48420,134,133,0.00746269
48434,134,133,0.00746269
48445,134,133,0.00746269
48458,134,133,0.00746269
48471,134,133,0.00746269
48485,134,133,0.00746269
48499,134,133,0.00746269
48513,134,133,0.00746269
48526,134,133,0.00746269
48539,134,133,0.00746269
48553,134,133,0.00746269
48567,134,133,0.00746269
48581,134,133,0.00746269
48596,134,133,0.00746269
48609,134,133,0.00746269
48623,134,133,0.00746269
48636,134,133,0.00746269
48650,134,133,0.00746269
48664,134,133,0.00746269
48678,134,133,0.00746269
48692,134,133,0.00746269
48706,134,133,0.00746269
48721,134,133,0.00746269
48734,134,133,0.00746269
48748,134,133,0.00746269
48762,134,133,0.00746269
48776,134,133,0.00746269
48790,134,133,0.00746269
48805,134,133,0.00746269
48819,134,133,0.00746269
48833,134,133,0.00746269
48847,134,133,0.00746269
48861,134,133,0.00746269
48875,134,133,0.00746269
48889,134,133,0.00746269
48901,134,133,0.00746269
48915,134,133,0.00746269
48929,134,133,0.00746269
48943,134,133,0.00746269
48958,134,133,0.00746269
48972,134,133,0.00746269
48986,134,133,0.00746269
49000,134,133,0.00746269
49014,134,133,0.00746269
49027,134,133,0.00746269
49041,134,133,0.00746269
49055,134,133,0.00746269
49070,134,133,0.00746269
49084,134,133,0.00746269
49098,134,133,0.00746269
49112,134,133,0.00746269
49125,134,133,0.00746269
49140,134,133,0.00746269
49154,134,133,0.00746269
49167,134,133,0.00746269
49182,134,133,0.00746269
49197,134,133,0.00746269
49210,134,133,0.00746269
49224,134,133,0.00746269
49239,134,133,0.00746269
49253,134,133,0.00746269
49269,134,133,0.00746269
49283,134,133,0.00746269
49298,134,133,0.00746269
49309,134,133,0.00746269
49323,134,133,0.00746269
49337,134,133,0.00746269
49351,134,133,0.00746269
49366,134,133,0.00746269
49379,134,133,0.00746269
49393,134,133,0.00746269
49407,134,133,0.00746269
49420,134,133,0.00746269
49430,134,133,0.00746269
49445,134,133,0.00746269
49459,134,133,0.00746269
49474,134,133,0.00746269
49488,134,133,0.00746269
49501,134,133,0.00746269
49516,134,133,0.00746269
49529,134,133,0.00746269
49543,134,133,0.00746269
49557,134,133,0.00746269
49571,134,133,0.00746269
49584,134,133,0.00746269
49598,134,133,0.00746269
49612,134,133,0.00746269
49625,134,133,0.00746269
49638,134,133,0.00746269
49652,134,133,0.00746269
49667,134,133,0.00746269
49680,134,133,0.00746269
49694,134,133,0.00746269
49708,134,133,0.00746269
49722,134,133,0.00746269
49736,134,133,0.00746269
49750,134,133,0.00746269
49764,134,133,0.00746269
49777,134,133,0.00746269
49790,134,133,0.00746269
49804,134,133,0.00746269
49818,134,133,0.00746269
49832,134,133,0.00746269
49847,134,133,0.00746269
49862,134,133,0.00746269
49875,134,133,0.00746269
49889,134,133,0.00746269
49903,134,133,0.00746269
49916,134,133,0.00746269
49929,134,133,0.00746269
49944,134,133,0.00746269
49958,134,133,0.00746269
49970,134,133,0.00746269
49984,134,133,0.00746269
49998,134,133,0.00746269
50012,134,133,0.00746269
50026,134,133,0.00746269
50039,134,133,0.00746269
50054,134,133,0.00746269
50071,134,133,0.00746269
50085,134,133,0.00746269
50099,134,133,0.00746269
50114,134,133,0.00746269
50127,134,133,0.00746269
50141,134,133,0.00746269
50155,134,133,0.00746269
50168,134,133,0.00746269
50182,134,133,0.00746269
50197,134,133,0.00746269
50213,134,133,0.00746269
50227,134,133,0.00746269
50242,134,133,0.00746269
50256,134,133,0.00746269
50270,134,133,0.00746269
50284,134,133,0.00746269
50297,134,133,0.00746269
50311,134,133,0.00746269
50326,134,133,0.00746269
50339,134,133,0.00746269
50354,134,133,0.00746269
50367,134,133,0.00746269
50381,134,133,0.00746269
50396,134,133,0.00746269
50409,134,133,0.00746269
50423,134,133,0.00746269
50437,134,133,0.00746269
50451,134,133,0.00746269
50465,134,133,0.00746269
50480,134,133,0.00746269
50494,134,133,0.00746269
50508,134,133,0.00746269
50521,134,133,0.00746269
50536,134,133,0.00746269
50550,134,133,0.00746269
50563,134,133,0.00746269
50577,134,133,0.00746269
50591,134,133,0.00746269
50605,134,133,0.00746269
50619,134,133,0.00746269
50633,134,133,0.00746269
50647,134,133,0.00746269
50661,134,133,0.00746269
50676,134,133,0.00746269
50690,134,133,0.00746269
50703,134,133,0.00746269
50718,134,133,0.00746269
50732,134,133,0.00746269
50746,134,133,0.00746269
50759,134,133,0.00746269
50773,134,133,0.00746269
50787,134,133,0.00746269
50801,134,133,0.00746269
50815,134,133,0.00746269
50829,134,133,0.00746269
50843,134,133,0.00746269
50857,134,133,0.00746269
50871,134,133,0.00746269
50886,134,133,0.00746269
50900,134,133,0.00746269
50914,134,133,0.00746269
50927,134,133,0.00746269
50941,134,133,0.00746269
50955,134,133,0.00746269
50969,134,133,0.00746269
50984,134,133,0.00746269
50998,134,133,0.00746269
51011,134,133,0.00746269
51025,134,133,0.00746269
51038,134,133,0.00746269
51053,134,133,0.00746269
51069,134,133,0.00746269
51081,134,133,0.00746269
51096,134,133,0.00746269
51110,134,133,0.00746269
51124,134,133,0.00746269
51138,134,133,0.00746269
51152,134,133,0.00746269
51167,134,133,0.00746269
51180,134,133,0.00746269
51195,134,133,0.00746269
51209,134,133,0.00746269
51222,134,133,0.00746269
51237,134,133,0.00746269
51252,134,133,0.00746269
51267,134,133,0.00746269
51281,134,133,0.00746269
51296,134,133,0.00746269
51310,134,133,0.00746269
51324,134,133,0.00746269
51338,134,133,0.00746269
51352,134,133,0.00746269
51366,134,133,0.00746269
51381,134,133,0.00746269
51393,134,133,0.00746269
51407,134,133,0.00746269
51421,134,133,0.00746269
51432,134,133,0.00746269
51447,134,133,0.00746269
51460,134,133,0.00746269
51474,134,133,0.00746269
51489,134,133,0.00746269
51503,134,133,0.00746269
51517,134,133,0.00746269
51531,134,133,0.00746269
51545,134,133,0.00746269
51560,134,133,0.00746269
51574,134,133,0.00746269
51587,134,133,0.00746269
51601,134,133,0.00746269
51615,134,133,0.00746269
51630,134,133,0.00746269
51644,134,133,0.00746269
51658,134,133,0.00746269
51671,134,133,0.00746269
51686,134,133,0.00746269
51700,134,133,0.00746269
51714,134,133,0.00746269
51728,134,133,0.00746269
51742,134,133,0.00746269
51756,134,133,0.00746269
51770,134,133,0.00746269
51784,134,133,0.00746269
51799,134,133,0.00746269
51813,134,133,0.00746269
51826,134,133,0.00746269
51840,134,133,0.00746269
51854,134,133,0.00746269
51868,134,133,0.00746269
51882,134,133,0.00746269
51896,134,133,0.00746269
51910,134,133,0.00746269
51924,134,133,0.00746269
51938,134,133,0.00746269
51952,134,133,0.00746269
51966,134,133,0.00746269
51981,134,133,0.00746269
51995,134,133,0.00746269
52009,134,133,0.00746269
52023,134,133,0.00746269
52034,134,133,0.00746269
52049,134,133,0.00746269
52064,134,133,0.00746269
52079,134,133,0.00746269
52093,134,133,0.00746269
52106,134,133,0.00746269
52120,134,133,0.00746269
52134,134,133,0.00746269
52148,134,133,0.00746269
52162,134,133,0.00746269
52176,134,133,0.00746269
52190,134,133,0.00746269
52204,134,133,0.00746269
52218,134,133,0.00746269
52232,134,133,0.00746269
52244,134,133,0.00746269
52260,134,133,0.00746269
52276,134,133,0.00746269
52290,134,133,0.00746269
52304,134,133,0.00746269
52318,134,133,0.00746269
52331,134,133,0.00746269
52346,134,133,0.00746269
52359,134,133,0.00746269
52373,134,133,0.00746269
52388,134,133,0.00746269
52401,134,133,0.00746269
52416,134,133,0.00746269
52430,134,133,0.00746269
52443,134,133,0.00746269
52457,134,133,0.00746269
52471,134,133,0.00746269
52485,134,133,0.00746269
52500,134,133,0.00746269
52513,134,133,0.00746269
52527,134,133,0.00746269
52541,134,133,0.00746269
52556,134,133,0.00746269
52571,134,133,0.00746269
52586,134,133,0.00746269
52600,134,133,0.00746269
52614,134,133,0.00746269
52628,134,133,0.00746269
52642,134,133,0.00746269
52655,134,133,0.00746269
52670,134,133,0.00746269
52684,134,133,0.00746269
52698,134,133,0.00746269
52712,134,133,0.00746269
52725,134,133,0.00746269
52740,134,133,0.00746269
52753,134,133,0.00746269
52768,134,133,0.00746269
52783,134,133,0.00746269
52797,134,133,0.00746269
52811,134,133,0.00746269
52825,134,133,0.00746269
52839,134,133,0.00746269
52852,134,133,0.00746269
52866,134,133,0.00746269
52878,134,133,0.00746269
52892,134,133,0.00746269
52906,134,133,0.00746269
52921,134,133,0.00746269
52936,134,133,0.00746269
52950,134,133,0.00746269
52965,134,133,0.00746269
52979,134,133,0.00746269
52995,134,133,0.00746269
53009,134,133,0.00746269
53023,134,133,0.00746269
53037,134,133,0.00746269
53048,134,133,0.00746269
53061,134,133,0.00746269
53076,134,133,0.00746269
53090,134,133,0.00746269
53104,134,133,0.00746269
53119,134,133,0.00746269
53133,134,133,0.00746269
53147,134,133,0.00746269
53160,134,133,0.00746269
53175,134,133,0.00746269
53189,134,133,0.00746269
53203,134,133,0.00746269
53215,134,133,0.00746269
53229,134,133,0.00746269
53244,134,133,0.00746269
53255,134,133,0.00746269
53272,134,133,0.00746269
53286,134,133,0.00746269
53300,134,133,0.00746269
53314,134,133,0.00746269
53328,134,133,0.00746269
53342,134,133,0.00746269
53353,134,133,0.00746269
53367,134,133,0.00746269
53379,134,133,0.00746269
53393,134,133,0.00746269
53407,134,133,0.00746269
53420,134,133,0.00746269
53434,134,133,0.00746269
53449,134,133,0.00746269
53461,134,133,0.00746269
53475,134,133,0.00746269
53486,134,133,0.00746269
53500,134,133,0.00746269
53514,134,133,0.00746269
53527,134,133,0.00746269
53541,134,133,0.00746269
53555,134,133,0.00746269
53567,134,133,0.00746269
53582,134,133,0.00746269
53595,134,133,0.00746269
53610,134,133,0.00746269
53624,134,133,0.00746269
53638,134,133,0.00746269
53652,134,133,0.00746269
53666,134,133,0.00746269
53680,134,133,0.00746269
53694,134,133,0.00746269
53708,134,133,0.00746269
53722,134,133,0.00746269
53736,134,133,0.00746269
53750,134,133,0.00746269
53764,134,133,0.00746269
53777,134,133,0.00746269
53791,134,133,0.00746269
53805,134,133,0.00746269
53819,134,133,0.00746269
53834,134,133,0.00746269
53848,134,133,0.00746269
53862,134,133,0.00746269
53875,134,133,0.00746269
53890,134,133,0.00746269
53905,134,133,0.00746269
53919,134,133,0.00746269
53933,134,133,0.00746269
53948,134,133,0.00746269
53961,134,133,0.00746269
53977,134,133,0.00746269
53991,134,133,0.00746269
54005,134,133,0.00746269
54019,134,133,0.00746269
54033,134,133,0.00746269
54049,134,133,0.00746269
54063,134,133,0.00746269
54078,134,133,0.00746269
54093,134,133,0.00746269
54107,134,133,0.00746269
54118,134,133,0.00746269
54132,134,133,0.00746269
54146,134,133,0.00746269
54161,134,133,0.00746269
54176,134,133,0.00746269
54190,134,133,0.00746269
54204,134,133,0.00746269
54218,134,133,0.00746269
54232,134,133,0.00746269
54245,134,133,0.00746269
54260,134,133,0.00746269
54276,134,133,0.00746269
54290,134,133,0.00746269
54304,134,133,0.00746269
54318,134,133,0.00746269
54333,134,133,0.00746269
54347,134,133,0.00746269
54361,134,133,0.00746269
54377,134,133,0.00746269
54391,134,133,0.00746269
54405,134,133,0.00746269
54418,134,133,0.00746269
54432,134,133,0.00746269
54447,134,133,0.00746269
54461,134,133,0.00746269
54475,134,133,0.00746269
54489,134,133,0.00746269
54504,134,133,0.00746269
54517,134,133,0.00746269
54532,134,133,0.00746269
54546,134,133,0.00746269
54561,134,133,0.00746269
54575,134,133,0.00746269
54588,134,133,0.00746269
54602,134,133,0.00746269
54615,134,133,0.00746269
54630,134,133,0.00746269
54645,134,133,0.00746269
54659,134,133,0.00746269
54672,134,133,0.00746269
54686,134,133,0.00746269
54700,134,133,0.00746269
54712,134,133,0.00746269
54726,134,133,0.00746269
54740,134,133,0.00746269
54754,134,133,0.00746269
54769,134,133,0.00746269
54781,134,133,0.00746269
54795,134,133,0.00746269
54809,134,133,0.00746269
54823,134,133,0.00746269
54837,134,133,0.00746269
54851,134,133,0.00746269
54865,134,133,0.00746269
54879,134,133,0.00746269
54893,134,133,0.00746269
54905,134,133,0.00746269
54917,134,133,0.00746269
54932,134,133,0.00746269
54946,134,133,0.00746269
54959,134,133,0.00746269
54974,134,133,0.00746269
54991,134,133,0.00746269
55005,134,133,0.00746269
55020,134,133,0.00746269
55034,134,133,0.00746269
55049,134,133,0.00746269
55062,134,133,0.00746269
55077,134,133,0.00746269
55092,134,133,0.00746269
55106,134,133,0.00746269
55120,134,133,0.00746269
55133,134,133,0.00746269
55147,134,133,0.00746269
55161,134,133,0.00746269
55175,134,133,0.00746269
55190,134,133,0.00746269
55204,134,133,0.00746269
55219,134,133,0.00746269
55233,134,133,0.00746269
55248,134,133,0.00746269
55263,134,133,0.00746269
55278,134,133,0.00746269
55293,134,133,0.00746269
55307,134,133,0.00746269
55321,134,133,0.00746269
55336,134,133,0.00746269
55350,134,133,0.00746269
55364,134,133,0.00746269
55379,134,133,0.00746269
55393,134,133,0.00746269
55406,134,133,0.00746269
55421,134,133,0.00746269
55435,134,133,0.00746269
55448,134,133,0.00746269
55463,134,133,0.00746269
55478,134,133,0.00746269
55492,134,133,0.00746269
55505,134,133,0.00746269
55520,134,133,0.00746269
55534,134,133,0.00746269
55548,134,133,0.00746269
55563,134,133,0.00746269
55577,134,133,0.00746269
55592,134,133,0.00746269
55607,134,133,0.00746269
55620,134,133,0.00746269
55634,134,133,0.00746269
55649,134,133,0.00746269
55664,134,133,0.00746269
55679,134,133,0.00746269
55693,134,133,0.00746269
55707,134,133,0.00746269
55721,134,133,0.00746269
55735,134,133,0.00746269
55750,134,133,0.00746269
55764,134,133,0.00746269
55779,134,133,0.00746269
55793,134,133,0.00746269
55808,134,133,0.00746269
55822,134,133,0.00746269
55837,134,133,0.00746269
55852,134,133,0.00746269
55865,134,133,0.00746269
55880,134,133,0.00746269
55894,134,133,0.00746269
55908,134,133,0.00746269
55923,134,133,0.00746269
55937,134,133,0.00746269
55952,134,133,0.00746269
55967,134,133,0.00746269
55982,134,133,0.00746269
55996,134,133,0.00746269
56010,134,133,0.00746269
56024,134,133,0.00746269
56038,134,133,0.00746269
56053,134,133,0.00746269
56070,134,133,0.00746269
56085,134,133,0.00746269
56098,134,133,0.00746269
56113,134,133,0.00746269
56127,134,133,0.00746269
56142,134,133,0.00746269
56156,134,133,0.00746269
56171,134,133,0.00746269
56185,134,133,0.00746269
56200,134,133,0.00746269
56213,134,133,0.00746269
56227,134,133,0.00746269
56242,134,133,0.00746269
56257,134,133,0.00746269
56273,134,133,0.00746269
56288,134,133,0.00746269
56303,134,133,0.00746269
56317,134,133,0.00746269
56330,134,133,0.00746269
56345,134,133,0.00746269
56359,134,133,0.00746269
56374,134,133,0.00746269
56389,134,133,0.00746269
56404,134,133,0.00746269
56418,134,133,0.00746269
56432,134,133,0.00746269
56447,134,133,0.00746269
56461,134,133,0.00746269
56476,134,133,0.00746269
56491,134,133,0.00746269
56505,134,133,0.00746269
56520,134,133,0.00746269
56534,134,133,0.00746269
56548,134,133,0.00746269
56563,134,133,0.00746269
56577,134,133,0.00746269
56592,134,133,0.00746269
56606,134,133,0.00746269
56620,134,133,0.00746269
56634,134,133,0.00746269
56649,134,133,0.00746269
56664,134,133,0.00746269
56677,134,133,0.00746269
56691,134,133,0.00746269
56706,134,133,0.00746269
56718,134,133,0.00746269
56733,134,133,0.00746269
56747,134,133,0.00746269
56761,134,133,0.00746269
56775,134,133,0.00746269
56790,134,133,0.00746269
56804,134,133,0.00746269
56817,134,133,0.00746269
56831,134,133,0.00746269
56846,134,133,0.00746269
56860,134,133,0.00746269
56875,134,133,0.00746269
56889,134,133,0.00746269
56904,134,133,0.00746269
56918,134,133,0.00746269
56932,134,133,0.00746269
56946,134,133,0.00746269
56961,134,133,0.00746269
56976,134,133,0.00746269
56991,134,133,0.00746269
57005,134,133,0.00746269
57019,134,133,0.00746269
57034,134,133,0.00746269
57048,134,133,0.00746269
57063,134,133,0.00746269
57079,134,133,0.00746269
57095,134,133,0.00746269
57110,134,133,0.00746269
57124,134,133,0.00746269
57139,134,133,0.00746269
57154,134,133,0.00746269
57168,134,133,0.00746269
57182,134,133,0.00746269
57198,134,133,0.00746269
57212,134,133,0.00746269
57227,134,133,0.00746269
57241,134,133,0.00746269
57256,134,133,0.00746269
57272,134,133,0.00746269
57287,134,133,0.00746269
57302,134,133,0.00746269
57316,134,133,0.00746269
57331,134,133,0.00746269
57345,134,133,0.00746269
57360,134,133,0.00746269
57375,134,133,0.00746269
57390,134,133,0.00746269
57404,134,133,0.00746269
57418,134,133,0.00746269
57433,134,133,0.00746269
57447,134,133,0.00746269
57462,134,133,0.00746269
57476,134,133,0.00746269
57490,134,133,0.00746269
57505,134,133,0.00746269
57520,134,133,0.00746269
57534,134,133,0.00746269
57547,134,133,0.00746269
57561,134,133,0.00746269
57576,134,133,0.00746269
57590,134,133,0.00746269
57605,134,133,0.00746269
57619,134,133,0.00746269
57633,134,133,0.00746269
57648,134,133,0.00746269
57662,134,133,0.00746269
57677,134,133,0.00746269
57691,134,133,0.00746269
57706,134,133,0.00746269
57720,134,133,0.00746269
57734,134,133,0.00746269
57748,134,133,0.00746269
57761,134,133,0.00746269
57776,134,133,0.00746269
57789,134,133,0.00746269
57803,134,133,0.00746269
57817,134,133,0.00746269
57831,134,133,0.00746269
57844,134,133,0.00746269
57858,134,133,0.00746269
57872,134,133,0.00746269
57884,134,133,0.00746269
57898,134,133,0.00746269
57912,134,133,0.00746269
57926,134,133,0.00746269
57940,134,133,0.00746269
57954,134,133,0.00746269
57968,134,133,0.00746269
57982,134,133,0.00746269
57997,134,133,0.00746269
58011,134,133,0.00746269
58026,134,133,0.00746269
58040,134,133,0.00746269
58055,134,133,0.00746269
58070,134,133,0.00746269
58086,134,133,0.00746269
58100,134,133,0.00746269
58115,134,133,0.00746269
58130,134,133,0.00746269
58144,134,133,0.00746269
58159,134,133,0.00746269
58173,134,133,0.00746269
58189,134,133,0.00746269
58203,134,133,0.00746269
58216,134,133,0.00746269
58230,134,133,0.00746269
58245,134,133,0.00746269
58260,134,133,0.00746269
58276,134,133,0.00746269
58292,134,133,0.00746269
58305,134,133,0.00746269
58320,134,133,0.00746269
58334,134,133,0.00746269
58350,134,133,0.00746269
58365,134,133,0.00746269
58379,134,133,0.00746269
58394,134,133,0.00746269
58408,134,133,0.00746269
58423,134,133,0.00746269
58438,134,133,0.00746269
58452,134,133,0.00746269
58466,134,133,0.00746269
58481,134,133,0.00746269
58496,134,133,0.00746269
58510,134,133,0.00746269
58523,134,133,0.00746269
58538,134,133,0.00746269
58553,134,133,0.00746269
58568,134,133,0.00746269
58582,134,133,0.00746269
58598,134,133,0.00746269
58612,134,133,0.00746269
58627,134,133,0.00746269
58640,134,133,0.00746269
58655,134,133,0.00746269
58670,134,133,0.00746269
58684,134,133,0.00746269
58699,134,133,0.00746269
58713,134,133,0.00746269
58728,134,133,0.00746269
58742,134,133,0.00746269
58754,134,133,0.00746269
58768,134,133,0.00746269
58782,134,133,0.00746269
58797,134,133,0.00746269
58810,134,133,0.00746269
58825,134,133,0.00746269
58838,134,133,0.00746269
58853,134,133,0.00746269
58867,134,133,0.00746269
58882,134,133,0.00746269
58897,134,133,0.00746269
58911,134,133,0.00746269
58926,134,133,0.00746269
58940,134,133,0.00746269
58954,134,133,0.00746269
58969,134,133,0.00746269
58983,134,133,0.00746269
58998,134,133,0.00746269
59012,134,133,0.00746269
59026,134,133,0.00746269
59038,134,133,0.00746269
59053,134,133,0.00746269
59068,134,133,0.00746269
59084,134,133,0.00746269
59099,134,133,0.00746269
59113,134,133,0.00746269
59128,134,133,0.00746269
59143,134,133,0.00746269
59157,134,133,0.00746269
59172,134,133,0.00746269
59187,134,133,0.00746269
59201,134,133,0.00746269
59215,134,133,0.00746269
59229,134,133,0.00746269
59243,134,133,0.00746269
59259,134,133,0.00746269
59275,134,133,0.00746269
59290,134,133,0.00746269
59304,134,133,0.00746269
59319,134,133,0.00746269
59333,134,133,0.00746269
59348,134,133,0.00746269
59362,134,133,0.00746269
59376,134,133,0.00746269
59391,134,133,0.00746269
59406,134,133,0.00746269
59421,134,133,0.00746269
59435,134,133,0.00746269
59449,134,133,0.00746269
59464,134,133,0.00746269
59479,134,133,0.00746269
59494,134,133,0.00746269
59508,134,133,0.00746269
59522,134,133,0.00746269
59537,134,133,0.00746269
59551,134,133,0.00746269
59566,134,133,0.00746269
59581,134,133,0.00746269
59595,134,133,0.00746269
59609,134,133,0.00746269
59623,134,133,0.00746269
59637,134,133,0.00746269
59650,134,133,0.00746269
59665,134,133,0.00746269
59680,134,133,0.00746269
59694,134,133,0.00746269
59709,134,133,0.00746269
59723,134,133,0.00746269
59738,134,133,0.00746269
59754,134,133,0.00746269
59767,134,133,0.00746269
59782,134,133,0.00746269
59796,134,133,0.00746269
59811,134,133,0.00746269
59825,134,133,0.00746269
59839,134,133,0.00746269
59854,134,133,0.00746269
59868,134,133,0.00746269
59882,134,133,0.00746269
59898,134,133,0.00746269
59912,134,133,0.00746269
59927,134,133,0.00746269
59942,134,133,0.00746269
59957,134,133,0.00746269
59971,134,133,0.00746269
59986,134,133,0.00746269
60102,134,133,0.00746269
