time_ms,ub,lb,gap
5,54,51,0.0555556
5,54,51,0.0555556
5,54,51,0.0555556
6,54,51,0.0555556
6,54,51,0.0555556
7,54,51,0.0555556
7,54,51,0.0555556
8,54,51,0.0555556
8,54,51,0.0555556
9,54,51,0.0555556
9,54,51,0.0555556
10,54,51,0.0555556
10,54,51,0.0555556
11,54,51,0.0555556
11,53,51,0.0377358
11,53,51,0.0377358
11,53,51,0.0377358
11,53,51,0.0377358
11,53,51,0.0377358
12,53,51,0.0377358
12,53,51,0.0377358
12,53,51,0.0377358
13,53,51,0.0377358
13,53,51,0.0377358
14,53,51,0.0377358
14,53,51,0.0377358
15,53,51,0.0377358
15,53,51,0.0377358
16,53,51,0.0377358
16,52,51,0.0192308
16,52,51,0.0192308
16,52,51,0.0192308
16,52,51,0.0192308
16,52,51,0.0192308
16,52,51,0.0192308
17,52,51,0.0192308
17,52,51,0.0192308
17,52,51,0.0192308
18,52,51,0.0192308
18,52,51,0.0192308
19,52,51,0.0192308
19,52,51,0.0192308
19,52,51,0.0192308
20,52,51,0.0192308
20,52,51,0.0192308
21,52,51,0.0192308
21,52,51,0.0192308
21,52,51,0.0192308
22,52,51,0.0192308
22,52,51,0.0192308
23,52,51,0.0192308
23,52,51,0.0192308
24,52,51,0.0192308
24,52,51,0.0192308
25,52,51,0.0192308
25,52,51,0.0192308
26,52,51,0.0192308
26,52,51,0.0192308
27,52,51,0.0192308
27,52,51,0.0192308
27,52,51,0.0192308
28,52,51,0.0192308
28,52,51,0.0192308
29,52,51,0.0192308
29,52,51,0.0192308
30,52,51,0.0192308
30,52,51,0.0192308
30,52,51,0.0192308
31,52,51,0.0192308
31,52,51,0.0192308
32,52,51,0.0192308
32,52,51,0.0192308
33,52,51,0.0192308
33,52,51,0.0192308
34,52,51,0.0192308
34,52,51,0.0192308
35,52,51,0.0192308
35,52,51,0.0192308
36,52,51,0.0192308
36,52,51,0.0192308
37,52,51,0.0192308
37,52,51,0.0192308
38,52,51,0.0192308
38,52,51,0.0192308
39,52,51,0.0192308
39,52,51,0.0192308
40,52,51,0.0192308
40,52,51,0.0192308
41,52,51,0.0192308
41,52,51,0.0192308
42,52,51,0.0192308
42,52,51,0.0192308
43,52,51,0.0192308
43,52,51,0.0192308
44,52,51,0.0192308
44,52,51,0.0192308
45,52,51,0.0192308
45,52,51,0.0192308
46,52,51,0.0192308
47,52,51,0.0192308
47,52,51,0.0192308
48,52,51,0.0192308
48,52,51,0.0192308
49,52,51,0.0192308
49,52,51,0.0192308
50,52,51,0.0192308
51,52,51,0.0192308
51,52,51,0.0192308
52,52,51,0.0192308
52,52,51,0.0192308
53,52,51,0.0192308
53,52,51,0.0192308
54,52,51,0.0192308
54,52,51,0.0192308
55,52,51,0.0192308
55,52,51,0.0192308
56,52,51,0.0192308
56,52,51,0.0192308
57,52,51,0.0192308
57,52,51,0.0192308
58,52,51,0.0192308
58,52,51,0.0192308
59,52,51,0.0192308
59,52,51,0.0192308
60,52,51,0.0192308
60,52,51,0.0192308
61,52,51,0.0192308
61,52,51,0.0192308
62,52,51,0.0192308
62,52,51,0.0192308
63,52,51,0.0192308
63,52,51,0.0192308
64,52,51,0.0192308
65,52,51,0.0192308
65,52,51,0.0192308
66,52,51,0.0192308
66,52,51,0.0192308
67,52,51,0.0192308
68,52,51,0.0192308
68,52,51,0.0192308
69,52,51,0.0192308
70,52,51,0.0192308
71,52,51,0.0192308
71,52,51,0.0192308
72,52,51,0.0192308
73,52,51,0.0192308
73,52,51,0.0192308
74,52,51,0.0192308
75,52,51,0.0192308
75,52,51,0.0192308
76,52,51,0.0192308
77,52,51,0.0192308
78,52,51,0.0192308
79,52,51,0.0192308
79,52,51,0.0192308
80,52,51,0.0192308
81,52,51,0.0192308
82,52,51,0.0192308
82,52,51,0.0192308
83,52,51,0.0192308
84,52,51,0.0192308
85,52,51,0.0192308
86,52,51,0.0192308
87,52,51,0.0192308
87,52,51,0.0192308
88,52,51,0.0192308
89,52,51,0.0192308
90,52,51,0.0192308
91,52,51,0.0192308
92,52,51,0.0192308
93,52,51,0.0192308
93,52,51,0.0192308
94,52,51,0.0192308
95,52,51,0.0192308
95,52,51,0.0192308
96,52,51,0.0192308
97,52,51,0.0192308
97,52,51,0.0192308
98,52,51,0.0192308
99,52,51,0.0192308
99,52,51,0.0192308
100,52,51,0.0192308
101,52,51,0.0192308
101,52,51,0.0192308
102,52,51,0.0192308
103,52,51,0.0192308
104,52,51,0.0192308
104,52,51,0.0192308
105,52,51,0.0192308
106,52,51,0.0192308
106,52,51,0.0192308
107,52,51,0.0192308
108,52,51,0.0192308
109,52,51,0.0192308
110,52,51,0.0192308
110,52,51,0.0192308
111,52,51,0.0192308
112,52,51,0.0192308
113,52,51,0.0192308
113,52,51,0.0192308
114,52,51,0.0192308
115,52,51,0.0192308
116,52,51,0.0192308
117,52,51,0.0192308
117,52,51,0.0192308
118,52,51,0.0192308
119,52,51,0.0192308
120,52,51,0.0192308
120,52,51,0.0192308
121,52,51,0.0192308
122,52,51,0.0192308
123,52,51,0.0192308
124,52,51,0.0192308
124,52,51,0.0192308
125,52,51,0.0192308
126,52,51,0.0192308
127,52,51,0.0192308
128,52,51,0.0192308
128,52,51,0.0192308
129,52,51,0.0192308
130,52,51,0.0192308
131,52,51,0.0192308
132,52,51,0.0192308
133,52,51,0.0192308
133,52,51,0.0192308
134,52,51,0.0192308
135,52,51,0.0192308
136,52,51,0.0192308
137,52,51,0.0192308
138,52,51,0.0192308
139,52,51,0.0192308
140,52,51,0.0192308
141,52,51,0.0192308
141,52,51,0.0192308
142,52,51,0.0192308
143,52,51,0.0192308
144,52,51,0.0192308
145,52,51,0.0192308
145,52,51,0.0192308
146,52,51,0.0192308
147,52,51,0.0192308
147,52,51,0.0192308
148,52,51,0.0192308
149,52,51,0.0192308
150,52,51,0.0192308
150,52,51,0.0192308
151,52,51,0.0192308
152,52,51,0.0192308
153,52,51,0.0192308
153,52,51,0.0192308
154,52,51,0.0192308
155,52,51,0.0192308
155,52,51,0.0192308
156,52,51,0.0192308
157,52,51,0.0192308
158,52,51,0.0192308
159,52,51,0.0192308
159,52,51,0.0192308
160,52,51,0.0192308
161,52,51,0.0192308
161,52,51,0.0192308
162,52,51,0.0192308
163,52,51,0.0192308
163,52,51,0.0192308
164,52,51,0.0192308
165,52,51,0.0192308
166,52,51,0.0192308
167,52,51,0.0192308
168,52,51,0.0192308
169,52,51,0.0192308
170,52,51,0.0192308
170,52,51,0.0192308
171,52,51,0.0192308
173,52,51,0.0192308
173,52,51,0.0192308
175,52,51,0.0192308
175,52,51,0.0192308
177,52,51,0.0192308
177,52,51,0.0192308
178,52,51,0.0192308
179,52,51,0.0192308
180,52,51,0.0192308
181,52,51,0.0192308
182,52,51,0.0192308
183,52,51,0.0192308
184,52,51,0.0192308
185,52,51,0.0192308
186,52,51,0.0192308
187,52,51,0.0192308
188,52,51,0.0192308
189,52,51,0.0192308
190,52,51,0.0192308
191,52,51,0.0192308
192,52,51,0.0192308
193,52,51,0.0192308
194,52,51,0.0192308
195,52,51,0.0192308
196,52,51,0.0192308
197,52,51,0.0192308
198,52,51,0.0192308
199,52,51,0.0192308
199,52,51,0.0192308
201,52,51,0.0192308
202,52,51,0.0192308
203,52,51,0.0192308
204,52,51,0.0192308
205,52,51,0.0192308
206,52,51,0.0192308
207,52,51,0.0192308
208,52,51,0.0192308
209,52,51,0.0192308
210,52,51,0.0192308
211,52,51,0.0192308
212,52,51,0.0192308
214,52,51,0.0192308
215,52,51,0.0192308
217,52,51,0.0192308
218,52,51,0.0192308
219,52,51,0.0192308
220,52,51,0.0192308
221,52,51,0.0192308
222,52,51,0.0192308
223,52,51,0.0192308
224,52,51,0.0192308
225,52,51,0.0192308
226,52,51,0.0192308
227,52,51,0.0192308
228,52,51,0.0192308
229,52,51,0.0192308
231,52,51,0.0192308
231,52,51,0.0192308
232,52,51,0.0192308
234,52,51,0.0192308
235,52,51,0.0192308
235,52,51,0.0192308
236,52,51,0.0192308
238,52,51,0.0192308
239,52,51,0.0192308
240,52,51,0.0192308
241,52,51,0.0192308
243,52,51,0.0192308
244,52,51,0.0192308
245,52,51,0.0192308
246,52,51,0.0192308
247,52,51,0.0192308
248,52,51,0.0192308
250,52,51,0.0192308
251,52,51,0.0192308
252,52,51,0.0192308
253,52,51,0.0192308
254,52,51,0.0192308
255,52,51,0.0192308
256,52,51,0.0192308
257,52,51,0.0192308
258,52,51,0.0192308
259,52,51,0.0192308
260,52,51,0.0192308
261,52,51,0.0192308
262,52,51,0.0192308
263,52,51,0.0192308
264,52,51,0.0192308
265,52,51,0.0192308
266,52,51,0.0192308
268,52,51,0.0192308
270,52,51,0.0192308
271,52,51,0.0192308
272,52,51,0.0192308
273,52,51,0.0192308
274,52,51,0.0192308
275,52,51,0.0192308
277,52,51,0.0192308
278,52,51,0.0192308
280,52,51,0.0192308
281,52,51,0.0192308
283,52,51,0.0192308
284,52,51,0.0192308
286,52,51,0.0192308
288,52,51,0.0192308
289,52,51,0.0192308
291,52,51,0.0192308
292,52,51,0.0192308
293,52,51,0.0192308
295,52,51,0.0192308
296,52,51,0.0192308
298,52,51,0.0192308
299,52,51,0.0192308
301,52,51,0.0192308
303,52,51,0.0192308
304,52,51,0.0192308
304,52,51,0.0192308
305,52,51,0.0192308
306,52,51,0.0192308
307,52,51,0.0192308
309,52,51,0.0192308
310,52,51,0.0192308
310,52,51,0.0192308
311,52,51,0.0192308
313,52,51,0.0192308
314,52,51,0.0192308
315,52,51,0.0192308
316,52,51,0.0192308
317,52,51,0.0192308
318,52,51,0.0192308
319,52,51,0.0192308
321,52,51,0.0192308
322,52,51,0.0192308
324,52,51,0.0192308
325,52,51,0.0192308
327,52,51,0.0192308
328,52,51,0.0192308
330,52,51,0.0192308
332,52,51,0.0192308
333,52,51,0.0192308
335,52,51,0.0192308
336,52,51,0.0192308
337,52,51,0.0192308
339,52,51,0.0192308
341,52,51,0.0192308
342,52,51,0.0192308
343,52,51,0.0192308
344,52,51,0.0192308
345,52,51,0.0192308
346,52,51,0.0192308
348,52,51,0.0192308
348,52,51,0.0192308
349,52,51,0.0192308
349,52,51,0.0192308
350,52,51,0.0192308
350,52,51,0.0192308
351,52,51,0.0192308
351,52,51,0.0192308
351,52,51,0.0192308
352,52,51,0.0192308
352,52,51,0.0192308
353,52,51,0.0192308
353,52,51,0.0192308
354,52,51,0.0192308
354,52,51,0.0192308
355,52,51,0.0192308
356,52,51,0.0192308
358,52,51,0.0192308
359,52,51,0.0192308
361,52,51,0.0192308
362,52,51,0.0192308
364,52,51,0.0192308
365,52,51,0.0192308
367,52,51,0.0192308
369,52,51,0.0192308
370,52,51,0.0192308
372,52,51,0.0192308
373,52,51,0.0192308
375,52,51,0.0192308
376,52,51,0.0192308
378,52,51,0.0192308
379,52,51,0.0192308
381,52,51,0.0192308
382,52,51,0.0192308
384,52,51,0.0192308
386,52,51,0.0192308
387,52,51,0.0192308
389,52,51,0.0192308
391,52,51,0.0192308
392,52,51,0.0192308
394,52,51,0.0192308
396,52,51,0.0192308
398,52,51,0.0192308
400,52,51,0.0192308
402,52,51,0.0192308
404,52,51,0.0192308
406,52,51,0.0192308
408,52,51,0.0192308
411,52,51,0.0192308
412,52,51,0.0192308
414,52,51,0.0192308
417,52,51,0.0192308
419,52,51,0.0192308
420,52,51,0.0192308
422,52,51,0.0192308
424,52,51,0.0192308
426,52,51,0.0192308
428,52,51,0.0192308
430,52,51,0.0192308
431,52,51,0.0192308
432,52,51,0.0192308
434,52,51,0.0192308
437,52,51,0.0192308
439,52,51,0.0192308
441,52,51,0.0192308
443,52,51,0.0192308
445,52,51,0.0192308
447,52,51,0.0192308
448,52,51,0.0192308
450,52,51,0.0192308
452,52,51,0.0192308
454,52,51,0.0192308
456,52,51,0.0192308
459,52,51,0.0192308
461,52,51,0.0192308
464,52,51,0.0192308
467,52,51,0.0192308
469,52,51,0.0192308
472,52,51,0.0192308
475,52,51,0.0192308
478,52,51,0.0192308
480,52,51,0.0192308
483,52,51,0.0192308
486,52,51,0.0192308
488,52,51,0.0192308
491,52,51,0.0192308
493,52,51,0.0192308
496,52,51,0.0192308
498,52,51,0.0192308
501,52,51,0.0192308
503,52,51,0.0192308
506,52,51,0.0192308
509,52,51,0.0192308
512,52,51,0.0192308
515,52,51,0.0192308
518,52,51,0.0192308
520,52,51,0.0192308
523,52,51,0.0192308
526,52,51,0.0192308
528,52,51,0.0192308
530,52,51,0.0192308
532,52,51,0.0192308
535,52,51,0.0192308
538,52,51,0.0192308
540,52,51,0.0192308
543,52,51,0.0192308
545,52,51,0.0192308
547,52,51,0.0192308
549,52,51,0.0192308
552,52,51,0.0192308
554,52,51,0.0192308
556,52,51,0.0192308
559,52,51,0.0192308
561,52,51,0.0192308
564,52,51,0.0192308
567,52,51,0.0192308
569,52,51,0.0192308
571,52,51,0.0192308
574,52,51,0.0192308
577,52,51,0.0192308
579,52,51,0.0192308
581,52,51,0.0192308
583,52,51,0.0192308
585,52,51,0.0192308
588,52,51,0.0192308
590,52,51,0.0192308
593,52,51,0.0192308
594,52,51,0.0192308
597,52,51,0.0192308
599,52,51,0.0192308
601,52,51,0.0192308
602,52,51,0.0192308
604,52,51,0.0192308
606,52,51,0.0192308
608,52,51,0.0192308
610,52,51,0.0192308
611,52,51,0.0192308
612,52,51,0.0192308
614,52,51,0.0192308
615,52,51,0.0192308
617,52,51,0.0192308
619,52,51,0.0192308
621,52,51,0.0192308
622,52,51,0.0192308
624,52,51,0.0192308
626,52,51,0.0192308
627,52,51,0.0192308
629,52,51,0.0192308
630,52,51,0.0192308
631,52,51,0.0192308
632,52,51,0.0192308
633,52,51,0.0192308
635,52,51,0.0192308
636,52,51,0.0192308
637,52,51,0.0192308
638,52,51,0.0192308
639,52,51,0.0192308
640,52,51,0.0192308
641,52,51,0.0192308
642,52,51,0.0192308
644,52,51,0.0192308
645,52,51,0.0192308
646,52,51,0.0192308
647,52,51,0.0192308
648,52,51,0.0192308
649,52,51,0.0192308
651,52,51,0.0192308
652,52,51,0.0192308
654,52,51,0.0192308
656,52,51,0.0192308
657,52,51,0.0192308
659,52,51,0.0192308
660,52,51,0.0192308
661,52,51,0.0192308
662,52,51,0.0192308
663,52,51,0.0192308
664,52,51,0.0192308
666,52,51,0.0192308
667,52,51,0.0192308
669,52,51,0.0192308
670,52,51,0.0192308
672,52,51,0.0192308
673,52,51,0.0192308
675,52,51,0.0192308
676,52,51,0.0192308
678,52,51,0.0192308
679,52,51,0.0192308
680,52,51,0.0192308
681,52,51,0.0192308
682,52,51,0.0192308
683,52,51,0.0192308
685,52,51,0.0192308
685,52,51,0.0192308
687,52,51,0.0192308
688,52,51,0.0192308
689,52,51,0.0192308
690,52,51,0.0192308
691,52,51,0.0192308
692,52,51,0.0192308
693,52,51,0.0192308
695,52,51,0.0192308
695,52,51,0.0192308
697,52,51,0.0192308
698,52,51,0.0192308
699,52,51,0.0192308
700,52,51,0.0192308
701,52,51,0.0192308
702,52,51,0.0192308
704,52,51,0.0192308
706,52,51,0.0192308
707,52,51,0.0192308
708,52,51,0.0192308
709,52,51,0.0192308
710,52,51,0.0192308
712,52,51,0.0192308
713,52,51,0.0192308
714,52,51,0.0192308
716,52,51,0.0192308
718,52,51,0.0192308
719,52,51,0.0192308
720,52,51,0.0192308
722,52,51,0.0192308
723,52,51,0.0192308
724,52,51,0.0192308
726,52,51,0.0192308
727,52,51,0.0192308
728,52,51,0.0192308
729,52,51,0.0192308
730,52,51,0.0192308
732,52,51,0.0192308
733,52,51,0.0192308
734,52,51,0.0192308
735,52,51,0.0192308
736,52,51,0.0192308
737,52,51,0.0192308
738,52,51,0.0192308
739,52,51,0.0192308
740,52,51,0.0192308
742,52,51,0.0192308
743,52,51,0.0192308
744,52,51,0.0192308
745,52,51,0.0192308
746,52,51,0.0192308
747,52,51,0.0192308
749,52,51,0.0192308
750,52,51,0.0192308
751,52,51,0.0192308
752,52,51,0.0192308
754,52,51,0.0192308
755,52,51,0.0192308
756,52,51,0.0192308
757,52,51,0.0192308
758,52,51,0.0192308
760,52,51,0.0192308
761,52,51,0.0192308
762,52,51,0.0192308
763,52,51,0.0192308
764,52,51,0.0192308
766,52,51,0.0192308
767,52,51,0.0192308
769,52,51,0.0192308
771,52,51,0.0192308
773,52,51,0.0192308
774,52,51,0.0192308
775,52,51,0.0192308
777,52,51,0.0192308
778,52,51,0.0192308
780,52,51,0.0192308
781,52,51,0.0192308
782,52,51,0.0192308
784,52,51,0.0192308
785,52,51,0.0192308
787,52,51,0.0192308
788,52,51,0.0192308
790,52,51,0.0192308
791,52,51,0.0192308
794,52,51,0.0192308
796,52,51,0.0192308
797,52,51,0.0192308
799,52,51,0.0192308
800,52,51,0.0192308
801,52,51,0.0192308
802,52,51,0.0192308
805,52,51,0.0192308
806,52,51,0.0192308
808,52,51,0.0192308
810,52,51,0.0192308
811,52,51,0.0192308
813,52,51,0.0192308
814,52,51,0.0192308
816,52,51,0.0192308
818,52,51,0.0192308
819,52,51,0.0192308
820,52,51,0.0192308
821,52,51,0.0192308
823,52,51,0.0192308
825,52,51,0.0192308
826,52,51,0.0192308
828,52,51,0.0192308
828,52,51,0.0192308
830,52,51,0.0192308
831,52,51,0.0192308
833,52,51,0.0192308
835,52,51,0.0192308
836,52,51,0.0192308
837,52,51,0.0192308
839,52,51,0.0192308
840,52,51,0.0192308
842,52,51,0.0192308
844,52,51,0.0192308
846,52,51,0.0192308
848,52,51,0.0192308
851,52,51,0.0192308
854,52,51,0.0192308
856,52,51,0.0192308
860,52,51,0.0192308
862,52,51,0.0192308
864,52,51,0.0192308
867,52,51,0.0192308
869,52,51,0.0192308
871,52,51,0.0192308
873,52,51,0.0192308
876,52,51,0.0192308
879,52,51,0.0192308
882,52,51,0.0192308
886,52,51,0.0192308
888,52,51,0.0192308
890,52,51,0.0192308
892,52,51,0.0192308
895,52,51,0.0192308
898,52,51,0.0192308
900,52,51,0.0192308
903,52,51,0.0192308
904,52,51,0.0192308
907,52,51,0.0192308
909,52,51,0.0192308
913,52,51,0.0192308
915,52,51,0.0192308
918,52,51,0.0192308
920,52,51,0.0192308
922,52,51,0.0192308
924,52,51,0.0192308
926,52,51,0.0192308
928,52,51,0.0192308
932,52,51,0.0192308
935,52,51,0.0192308
936,52,51,0.0192308
939,52,51,0.0192308
942,52,51,0.0192308
943,52,51,0.0192308
945,52,51,0.0192308
948,52,51,0.0192308
951,52,51,0.0192308
954,52,51,0.0192308
956,52,51,0.0192308
959,52,51,0.0192308
961,52,51,0.0192308
963,52,51,0.0192308
965,52,51,0.0192308
967,52,51,0.0192308
970,52,51,0.0192308
974,52,51,0.0192308
977,52,51,0.0192308
979,52,51,0.0192308
982,52,51,0.0192308
985,52,51,0.0192308
987,52,51,0.0192308
990,52,51,0.0192308
993,52,51,0.0192308
995,52,51,0.0192308
997,52,51,0.0192308
1000,52,51,0.0192308
1004,52,51,0.0192308
1006,52,51,0.0192308
1009,52,51,0.0192308
1012,52,51,0.0192308
1015,52,51,0.0192308
1017,52,51,0.0192308
1020,52,51,0.0192308
1022,52,51,0.0192308
1025,52,51,0.0192308
1026,52,51,0.0192308
1028,52,51,0.0192308
1030,52,51,0.0192308
1032,52,51,0.0192308
1033,52,51,0.0192308
1035,52,51,0.0192308
1039,52,51,0.0192308
1042,52,51,0.0192308
1046,52,51,0.0192308
1049,52,51,0.0192308
1052,52,51,0.0192308
1054,52,51,0.0192308
1058,52,51,0.0192308
1062,52,51,0.0192308
1064,52,51,0.0192308
1067,52,51,0.0192308
1070,52,51,0.0192308
1072,52,51,0.0192308
1075,52,51,0.0192308
1077,52,51,0.0192308
1080,52,51,0.0192308
1082,52,51,0.0192308
1085,52,51,0.0192308
1087,52,51,0.0192308
1089,52,51,0.0192308
1091,52,51,0.0192308
1093,52,51,0.0192308
1096,52,51,0.0192308
1099,52,51,0.0192308
1101,52,51,0.0192308
1103,52,51,0.0192308
1106,52,51,0.0192308
1109,52,51,0.0192308
1111,52,51,0.0192308
1113,52,51,0.0192308
1116,52,51,0.0192308
1118,52,51,0.0192308
1121,52,51,0.0192308
1123,52,51,0.0192308
1126,52,51,0.0192308
1128,52,51,0.0192308
1130,52,51,0.0192308
1133,52,51,0.0192308
1136,52,51,0.0192308
1139,52,51,0.0192308
1141,52,51,0.0192308
1142,52,51,0.0192308
1145,52,51,0.0192308
1148,52,51,0.0192308
1150,52,51,0.0192308
1153,52,51,0.0192308
1157,52,51,0.0192308
1164,52,51,0.0192308
1169,52,51,0.0192308
1175,52,51,0.0192308
1181,52,51,0.0192308
1187,52,51,0.0192308
1191,52,51,0.0192308
1195,52,51,0.0192308
1199,52,51,0.0192308
1203,52,51,0.0192308
1207,52,51,0.0192308
1210,52,51,0.0192308
1214,52,51,0.0192308
1219,52,51,0.0192308
1224,52,51,0.0192308
1230,52,51,0.0192308
1234,52,51,0.0192308
1238,52,51,0.0192308
1243,52,51,0.0192308
1247,52,51,0.0192308
1252,52,51,0.0192308
1257,52,51,0.0192308
1261,52,51,0.0192308
1265,52,51,0.0192308
1269,52,51,0.0192308
1273,52,51,0.0192308
1278,52,51,0.0192308
1280,52,51,0.0192308
1283,52,51,0.0192308
1288,52,51,0.0192308
1291,52,51,0.0192308
1296,52,51,0.0192308
1299,52,51,0.0192308
1301,52,51,0.0192308
1304,52,51,0.0192308
1306,52,51,0.0192308
1309,52,51,0.0192308
1312,52,51,0.0192308
1316,52,51,0.0192308
1317,52,51,0.0192308
1320,52,51,0.0192308
1321,52,51,0.0192308
1323,52,51,0.0192308
1326,52,51,0.0192308
1328,52,51,0.0192308
1330,52,51,0.0192308
1331,52,51,0.0192308
1333,52,51,0.0192308
1335,52,51,0.0192308
1336,52,51,0.0192308
1337,52,51,0.0192308
1340,52,51,0.0192308
1342,52,51,0.0192308
1345,52,51,0.0192308
1348,52,51,0.0192308
1349,52,51,0.0192308
1352,52,51,0.0192308
1354,52,51,0.0192308
1358,52,51,0.0192308
1363,52,51,0.0192308
1366,52,51,0.0192308
1375,52,51,0.0192308
1379,52,51,0.0192308
1382,52,51,0.0192308
1386,52,51,0.0192308
1389,52,51,0.0192308
1393,52,51,0.0192308
1396,52,51,0.0192308
1398,52,51,0.0192308
1402,52,51,0.0192308
1406,52,51,0.0192308
1409,52,51,0.0192308
1411,52,51,0.0192308
1414,52,51,0.0192308
1416,52,51,0.0192308
1419,52,51,0.0192308
1421,52,51,0.0192308
1426,52,51,0.0192308
1429,52,51,0.0192308
1432,52,51,0.0192308
1435,52,51,0.0192308
1439,52,51,0.0192308
1442,52,51,0.0192308
1446,52,51,0.0192308
1449,52,51,0.0192308
1453,52,51,0.0192308
1457,52,51,0.0192308
1460,52,51,0.0192308
1464,52,51,0.0192308
1466,52,51,0.0192308
1469,52,51,0.0192308
1472,52,51,0.0192308
1475,52,51,0.0192308
1478,52,51,0.0192308
1480,52,51,0.0192308
1482,52,51,0.0192308
1485,52,51,0.0192308
1489,52,51,0.0192308
1491,52,51,0.0192308
1494,52,51,0.0192308
1497,52,51,0.0192308
1499,52,51,0.0192308
1502,52,51,0.0192308
1504,52,51,0.0192308
1508,52,51,0.0192308
1511,52,51,0.0192308
1513,52,51,0.0192308
1515,52,51,0.0192308
1517,52,51,0.0192308
1518,52,51,0.0192308
1520,52,51,0.0192308
1524,52,51,0.0192308
1528,52,51,0.0192308
1529,52,51,0.0192308
1533,52,51,0.0192308
1536,52,51,0.0192308
1539,52,51,0.0192308
1542,52,51,0.0192308
1544,52,51,0.0192308
1548,52,51,0.0192308
1550,52,51,0.0192308
1554,52,51,0.0192308
1558,52,51,0.0192308
1560,52,51,0.0192308
1562,52,51,0.0192308
1565,52,51,0.0192308
1567,52,51,0.0192308
1569,52,51,0.0192308
1572,52,51,0.0192308
1574,52,51,0.0192308
1578,52,51,0.0192308
1580,52,51,0.0192308
1583,52,51,0.0192308
1585,52,51,0.0192308
1588,52,51,0.0192308
1590,52,51,0.0192308
1593,52,51,0.0192308
1595,52,51,0.0192308
1597,52,51,0.0192308
1599,52,51,0.0192308
1601,52,51,0.0192308
1603,52,51,0.0192308
1606,52,51,0.0192308
1609,52,51,0.0192308
1612,52,51,0.0192308
1614,52,51,0.0192308
1616,52,51,0.0192308
1618,52,51,0.0192308
1622,52,51,0.0192308
1625,52,51,0.0192308
1628,52,51,0.0192308
1629,52,51,0.0192308
1632,52,51,0.0192308
1634,52,51,0.0192308
1636,52,51,0.0192308
1639,52,51,0.0192308
1641,52,51,0.0192308
1644,52,51,0.0192308
1646,52,51,0.0192308
1648,52,51,0.0192308
1651,52,51,0.0192308
1653,52,51,0.0192308
1656,52,51,0.0192308
1657,52,51,0.0192308
1660,52,51,0.0192308
1662,52,51,0.0192308
1665,52,51,0.0192308
1667,52,51,0.0192308
1670,52,51,0.0192308
1673,52,51,0.0192308
1677,52,51,0.0192308
1680,52,51,0.0192308
1684,52,51,0.0192308
1687,52,51,0.0192308
1695,52,51,0.0192308
1700,52,51,0.0192308
1705,52,51,0.0192308
1710,52,51,0.0192308
1716,52,51,0.0192308
1721,52,51,0.0192308
1724,52,51,0.0192308
1728,52,51,0.0192308
1731,52,51,0.0192308
1735,52,51,0.0192308
1741,52,51,0.0192308
1746,52,51,0.0192308
1751,52,51,0.0192308
1756,52,51,0.0192308
1762,52,51,0.0192308
1768,52,51,0.0192308
1773,52,51,0.0192308
1779,52,51,0.0192308
1784,52,51,0.0192308
1789,52,51,0.0192308
1794,52,51,0.0192308
1800,52,51,0.0192308
1804,52,51,0.0192308
1810,52,51,0.0192308
1815,52,51,0.0192308
1820,52,51,0.0192308
1824,52,51,0.0192308
1827,52,51,0.0192308
1832,52,51,0.0192308
1838,52,51,0.0192308
1843,52,51,0.0192308
1850,52,51,0.0192308
1855,52,51,0.0192308
1859,52,51,0.0192308
1863,52,51,0.0192308
1869,52,51,0.0192308
1875,52,51,0.0192308
1878,52,51,0.0192308
1883,52,51,0.0192308
1889,52,51,0.0192308
1898,52,51,0.0192308
1903,52,51,0.0192308
1908,52,51,0.0192308
1913,52,51,0.0192308
1917,52,51,0.0192308
1922,52,51,0.0192308
1926,52,51,0.0192308
1932,52,51,0.0192308
1936,52,51,0.0192308
1942,52,51,0.0192308
1948,52,51,0.0192308
1953,52,51,0.0192308
1956,52,51,0.0192308
1962,52,51,0.0192308
1967,52,51,0.0192308
1972,52,51,0.0192308
1975,52,51,0.0192308
1979,52,51,0.0192308
1983,52,51,0.0192308
1988,52,51,0.0192308
1995,52,51,0.0192308
2001,52,51,0.0192308
2005,52,51,0.0192308
2009,52,51,0.0192308
2014,52,51,0.0192308
2019,52,51,0.0192308
2023,52,51,0.0192308
2028,52,51,0.0192308
2033,52,51,0.0192308
2039,52,51,0.0192308
2043,52,51,0.0192308
2047,52,51,0.0192308
2051,52,51,0.0192308
2057,52,51,0.0192308
2065,52,51,0.0192308
2069,52,51,0.0192308
2072,52,51,0.0192308
2076,52,51,0.0192308
2079,52,51,0.0192308
2081,52,51,0.0192308
2087,52,51,0.0192308
2091,52,51,0.0192308
2097,52,51,0.0192308
2104,52,51,0.0192308
2109,52,51,0.0192308
2114,52,51,0.0192308
2118,52,51,0.0192308
2122,52,51,0.0192308
2127,52,51,0.0192308
2131,52,51,0.0192308
2136,52,51,0.0192308
2141,52,51,0.0192308
2146,52,51,0.0192308
2151,52,51,0.0192308
2157,52,51,0.0192308
2163,52,51,0.0192308
2170,52,51,0.0192308
2181,52,51,0.0192308
2192,52,51,0.0192308
2201,52,51,0.0192308
2211,52,51,0.0192308
2219,52,51,0.0192308
2230,52,51,0.0192308
2239,52,51,0.0192308
2246,52,51,0.0192308
2256,52,51,0.0192308
2269,52,51,0.0192308
2284,52,51,0.0192308
2293,52,51,0.0192308
2302,52,51,0.0192308
2312,52,51,0.0192308
2319,52,51,0.0192308
2327,52,51,0.0192308
2334,52,51,0.0192308
2346,52,51,0.0192308
2354,52,51,0.0192308
2366,52,51,0.0192308
2374,52,51,0.0192308
2385,52,51,0.0192308
2395,52,51,0.0192308
2403,52,51,0.0192308
2408,52,51,0.0192308
2417,52,51,0.0192308
2423,52,51,0.0192308
2429,52,51,0.0192308
2439,52,51,0.0192308
2449,52,51,0.0192308
2458,52,51,0.0192308
2466,52,51,0.0192308
2477,52,51,0.0192308
2486,52,51,0.0192308
2494,52,51,0.0192308
2502,52,51,0.0192308
2513,52,51,0.0192308
2522,52,51,0.0192308
2530,52,51,0.0192308
2538,52,51,0.0192308
2546,52,51,0.0192308
2557,52,51,0.0192308
2573,52,51,0.0192308
2586,52,51,0.0192308
2596,52,51,0.0192308
2603,52,51,0.0192308
2616,52,51,0.0192308
2628,52,51,0.0192308
2640,52,51,0.0192308
2651,52,51,0.0192308
2660,52,51,0.0192308
2668,52,51,0.0192308
2682,52,51,0.0192308
2692,52,51,0.0192308
2699,52,51,0.0192308
2708,52,51,0.0192308
2717,52,51,0.0192308
2723,52,51,0.0192308
2733,52,51,0.0192308
2744,52,51,0.0192308
2751,52,51,0.0192308
2762,52,51,0.0192308
2770,52,51,0.0192308
2781,52,51,0.0192308
2791,52,51,0.0192308
2799,52,51,0.0192308
2814,52,51,0.0192308
2820,52,51,0.0192308
2828,52,51,0.0192308
2836,52,51,0.0192308
2843,52,51,0.0192308
2848,52,51,0.0192308
2855,52,51,0.0192308
2862,52,51,0.0192308
2867,52,51,0.0192308
2872,52,51,0.0192308
2879,52,51,0.0192308
2886,52,51,0.0192308
2893,52,51,0.0192308
2898,52,51,0.0192308
2902,52,51,0.0192308
2911,52,51,0.0192308
2917,52,51,0.0192308
2927,52,51,0.0192308
2934,52,51,0.0192308
2943,52,51,0.0192308
2949,52,51,0.0192308
2958,52,51,0.0192308
2965,52,51,0.0192308
2976,52,51,0.0192308
2984,52,51,0.0192308
2993,52,51,0.0192308
3005,52,51,0.0192308
3015,52,51,0.0192308
3027,52,51,0.0192308
3036,52,51,0.0192308
3053,52,51,0.0192308
3066,52,51,0.0192308
3080,52,51,0.0192308
3086,52,51,0.0192308
3093,52,51,0.0192308
3101,52,51,0.0192308
3113,52,51,0.0192308
3118,52,51,0.0192308
3124,52,51,0.0192308
3132,52,51,0.0192308
3138,52,51,0.0192308
3143,52,51,0.0192308
3149,52,51,0.0192308
3154,52,51,0.0192308
3160,52,51,0.0192308
3167,52,51,0.0192308
3172,52,51,0.0192308
3179,52,51,0.0192308
3189,52,51,0.0192308
3198,52,51,0.0192308
3208,52,51,0.0192308
3216,52,51,0.0192308
3225,52,51,0.0192308
3232,52,51,0.0192308
3237,52,51,0.0192308
3245,52,51,0.0192308
3254,52,51,0.0192308
3262,52,51,0.0192308
3268,52,51,0.0192308
3278,52,51,0.0192308
3289,52,51,0.0192308
3298,52,51,0.0192308
3307,52,51,0.0192308
3315,52,51,0.0192308
3324,52,51,0.0192308
3330,52,51,0.0192308
3335,52,51,0.0192308
3341,52,51,0.0192308
3346,52,51,0.0192308
3351,52,51,0.0192308
3357,52,51,0.0192308
3362,52,51,0.0192308
3368,52,51,0.0192308
3375,52,51,0.0192308
3381,52,51,0.0192308
3388,52,51,0.0192308
3397,52,51,0.0192308
3401,52,51,0.0192308
3408,52,51,0.0192308
3415,52,51,0.0192308
3423,52,51,0.0192308
3428,52,51,0.0192308
3433,52,51,0.0192308
3440,52,51,0.0192308
3451,52,51,0.0192308
3459,52,51,0.0192308
3465,52,51,0.0192308
3471,52,51,0.0192308
3475,52,51,0.0192308
3481,52,51,0.0192308
3485,52,51,0.0192308
3493,52,51,0.0192308
3498,52,51,0.0192308
3504,52,51,0.0192308
3514,52,51,0.0192308
3520,52,51,0.0192308
3526,52,51,0.0192308
3531,52,51,0.0192308
3537,52,51,0.0192308
3544,52,51,0.0192308
3551,52,51,0.0192308
3556,52,51,0.0192308
3563,52,51,0.0192308
3567,52,51,0.0192308
3573,52,51,0.0192308
3578,52,51,0.0192308
3583,52,51,0.0192308
3590,52,51,0.0192308
3596,52,51,0.0192308
3605,52,51,0.0192308
3612,52,51,0.0192308
3619,52,51,0.0192308
3628,52,51,0.0192308
3633,52,51,0.0192308
3641,52,51,0.0192308
3651,52,51,0.0192308
3661,52,51,0.0192308
3669,52,51,0.0192308
3680,52,51,0.0192308
3690,52,51,0.0192308
3697,52,51,0.0192308
3707,52,51,0.0192308
3716,52,51,0.0192308
3727,52,51,0.0192308
3734,52,51,0.0192308
3744,52,51,0.0192308
3751,52,51,0.0192308
3758,52,51,0.0192308
3765,52,51,0.0192308
3776,52,51,0.0192308
3791,52,51,0.0192308
3801,52,51,0.0192308
3813,52,51,0.0192308
3826,52,51,0.0192308
3839,52,51,0.0192308
3850,52,51,0.0192308
3865,52,51,0.0192308
3880,52,51,0.0192308
3895,52,51,0.0192308
3908,52,51,0.0192308
3924,52,51,0.0192308
3937,52,51,0.0192308
3950,52,51,0.0192308
3961,52,51,0.0192308
3971,52,51,0.0192308
3980,52,51,0.0192308
3989,52,51,0.0192308
3997,52,51,0.0192308
4008,52,51,0.0192308
4019,52,51,0.0192308
4030,52,51,0.0192308
4043,52,51,0.0192308
4054,52,51,0.0192308
4068,52,51,0.0192308
4080,52,51,0.0192308
4088,52,51,0.0192308
4095,52,51,0.0192308
4102,52,51,0.0192308
4110,52,51,0.0192308
4117,52,51,0.0192308
4126,52,51,0.0192308
4134,52,51,0.0192308
4143,52,51,0.0192308
4149,52,51,0.0192308
4160,52,51,0.0192308
4171,52,51,0.0192308
4180,52,51,0.0192308
4194,52,51,0.0192308
4207,52,51,0.0192308
4226,52,51,0.0192308
4244,52,51,0.0192308
4260,52,51,0.0192308
4281,52,51,0.0192308
4297,52,51,0.0192308
4314,52,51,0.0192308
4331,52,51,0.0192308
4342,52,51,0.0192308
4356,52,51,0.0192308
4367,52,51,0.0192308
4381,52,51,0.0192308
4393,52,51,0.0192308
4402,52,51,0.0192308
4410,52,51,0.0192308
4417,52,51,0.0192308
4429,52,51,0.0192308
4438,52,51,0.0192308
4446,52,51,0.0192308
4454,52,51,0.0192308
4466,52,51,0.0192308
4473,52,51,0.0192308
4483,52,51,0.0192308
4494,52,51,0.0192308
4503,52,51,0.0192308
4509,52,51,0.0192308
4518,52,51,0.0192308
4529,52,51,0.0192308
4537,52,51,0.0192308
4546,52,51,0.0192308
4558,52,51,0.0192308
4578,52,51,0.0192308
4593,52,51,0.0192308
4606,52,51,0.0192308
4621,52,51,0.0192308
4634,52,51,0.0192308
4642,52,51,0.0192308
4656,52,51,0.0192308
4664,52,51,0.0192308
4676,52,51,0.0192308
4687,52,51,0.0192308
4701,52,51,0.0192308
4709,52,51,0.0192308
4723,52,51,0.0192308
4736,52,51,0.0192308
4750,52,51,0.0192308
4764,52,51,0.0192308
4776,52,51,0.0192308
4792,52,51,0.0192308
4805,52,51,0.0192308
4815,52,51,0.0192308
4825,52,51,0.0192308
4832,52,51,0.0192308
4840,52,51,0.0192308
4849,52,51,0.0192308
4856,52,51,0.0192308
4865,52,51,0.0192308
4875,52,51,0.0192308
4886,52,51,0.0192308
4896,52,51,0.0192308
4904,52,51,0.0192308
4914,52,51,0.0192308
4923,52,51,0.0192308
4936,52,51,0.0192308
4944,52,51,0.0192308
4952,52,51,0.0192308
4960,52,51,0.0192308
4968,52,51,0.0192308
4977,52,51,0.0192308
4985,52,51,0.0192308
4992,52,51,0.0192308
5001,52,51,0.0192308
5008,52,51,0.0192308
5017,52,51,0.0192308
5030,52,51,0.0192308
5040,52,51,0.0192308
5054,52,51,0.0192308
5071,52,51,0.0192308
5089,52,51,0.0192308
5098,52,51,0.0192308
5110,52,51,0.0192308
5119,52,51,0.0192308
5132,52,51,0.0192308
5142,52,51,0.0192308
5157,52,51,0.0192308
5164,52,51,0.0192308
5177,52,51,0.0192308
5191,52,51,0.0192308
5203,52,51,0.0192308
5212,52,51,0.0192308
5224,52,51,0.0192308
5231,52,51,0.0192308
5241,52,51,0.0192308
5251,52,51,0.0192308
5257,52,51,0.0192308
5264,52,51,0.0192308
5273,52,51,0.0192308
5282,52,51,0.0192308
5290,52,51,0.0192308
5299,52,51,0.0192308
5308,52,51,0.0192308
5319,52,51,0.0192308
5327,52,51,0.0192308
5338,52,51,0.0192308
5348,52,51,0.0192308
5358,52,51,0.0192308
5369,52,51,0.0192308
5377,52,51,0.0192308
5385,52,51,0.0192308
5395,52,51,0.0192308
5403,52,51,0.0192308
5408,52,51,0.0192308
5416,52,51,0.0192308
5426,52,51,0.0192308
5437,52,51,0.0192308
5444,52,51,0.0192308
5450,52,51,0.0192308
5456,52,51,0.0192308
5468,52,51,0.0192308
5473,52,51,0.0192308
5480,52,51,0.0192308
5485,52,51,0.0192308
5490,52,51,0.0192308
5497,52,51,0.0192308
5502,52,51,0.0192308
5507,52,51,0.0192308
5512,52,51,0.0192308
5518,52,51,0.0192308
5524,52,51,0.0192308
5529,52,51,0.0192308
5535,52,51,0.0192308
5539,52,51,0.0192308
5547,52,51,0.0192308
5553,52,51,0.0192308
5560,52,51,0.0192308
5569,52,51,0.0192308
5578,52,51,0.0192308
5590,52,51,0.0192308
5601,52,51,0.0192308
5611,52,51,0.0192308
5619,52,51,0.0192308
5630,52,51,0.0192308
5647,52,51,0.0192308
5656,52,51,0.0192308
5666,52,51,0.0192308
5679,52,51,0.0192308
5693,52,51,0.0192308
5712,52,51,0.0192308
5730,52,51,0.0192308
5757,52,51,0.0192308
5772,52,51,0.0192308
5790,52,51,0.0192308
5807,52,51,0.0192308
5822,52,51,0.0192308
5843,52,51,0.0192308
5857,52,51,0.0192308
5869,52,51,0.0192308
5880,52,51,0.0192308
5894,52,51,0.0192308
5902,52,51,0.0192308
5918,52,51,0.0192308
5933,52,51,0.0192308
5951,52,51,0.0192308
5972,52,51,0.0192308
5990,52,51,0.0192308
6012,52,51,0.0192308
6034,52,51,0.0192308
6062,52,51,0.0192308
6088,52,51,0.0192308
6111,52,51,0.0192308
6131,52,51,0.0192308
6146,52,51,0.0192308
6160,52,51,0.0192308
6177,52,51,0.0192308
6188,52,51,0.0192308
6201,52,51,0.0192308
6217,52,51,0.0192308
6232,52,51,0.0192308
6240,52,51,0.0192308
6251,52,51,0.0192308
6264,52,51,0.0192308
6274,52,51,0.0192308
6284,52,51,0.0192308
6293,52,51,0.0192308
6306,52,51,0.0192308
6315,52,51,0.0192308
6326,52,51,0.0192308
6333,52,51,0.0192308
6343,52,51,0.0192308
6356,52,51,0.0192308
6371,52,51,0.0192308
6386,52,51,0.0192308
6403,52,51,0.0192308
6423,52,51,0.0192308
6442,52,51,0.0192308
6463,52,51,0.0192308
6483,52,51,0.0192308
6503,52,51,0.0192308
6530,52,51,0.0192308
6551,52,51,0.0192308
6571,52,51,0.0192308
6586,52,51,0.0192308
6594,52,51,0.0192308
6605,52,51,0.0192308
6618,52,51,0.0192308
6632,52,51,0.0192308
6640,52,51,0.0192308
6651,52,51,0.0192308
6662,52,51,0.0192308
6670,52,51,0.0192308
6680,52,51,0.0192308
6689,52,51,0.0192308
6697,52,51,0.0192308
6706,52,51,0.0192308
6715,52,51,0.0192308
6725,52,51,0.0192308
6737,52,51,0.0192308
6747,52,51,0.0192308
6758,52,51,0.0192308
6769,52,51,0.0192308
6784,52,51,0.0192308
6795,52,51,0.0192308
6809,52,51,0.0192308
6821,52,51,0.0192308
6836,52,51,0.0192308
6846,52,51,0.0192308
6857,52,51,0.0192308
6870,52,51,0.0192308
6888,52,51,0.0192308
6904,52,51,0.0192308
6917,52,51,0.0192308
6929,52,51,0.0192308
6944,52,51,0.0192308
6956,52,51,0.0192308
6969,52,51,0.0192308
6982,52,51,0.0192308
6998,52,51,0.0192308
7006,52,51,0.0192308
7017,52,51,0.0192308
7026,52,51,0.0192308
7040,52,51,0.0192308
7048,52,51,0.0192308
7060,52,51,0.0192308
7069,52,51,0.0192308
7083,52,51,0.0192308
7094,52,51,0.0192308
7103,52,51,0.0192308
7111,52,51,0.0192308
7118,52,51,0.0192308
7124,52,51,0.0192308
7132,52,51,0.0192308
7137,52,51,0.0192308
7141,52,51,0.0192308
7146,52,51,0.0192308
7156,52,51,0.0192308
7165,52,51,0.0192308
7175,52,51,0.0192308
7187,52,51,0.0192308
7201,52,51,0.0192308
7212,52,51,0.0192308
7222,52,51,0.0192308
7229,52,51,0.0192308
7237,52,51,0.0192308
7246,52,51,0.0192308
7251,52,51,0.0192308
7257,52,51,0.0192308
7267,52,51,0.0192308
7273,52,51,0.0192308
7279,52,51,0.0192308
7288,52,51,0.0192308
7296,52,51,0.0192308
7301,52,51,0.0192308
7306,52,51,0.0192308
7311,52,51,0.0192308
7316,52,51,0.0192308
7327,52,51,0.0192308
7335,52,51,0.0192308
7342,52,51,0.0192308
7348,52,51,0.0192308
7358,52,51,0.0192308
7365,52,51,0.0192308
7372,52,51,0.0192308
7382,52,51,0.0192308
7391,52,51,0.0192308
7396,52,51,0.0192308
7406,52,51,0.0192308
7414,52,51,0.0192308
7421,52,51,0.0192308
7431,52,51,0.0192308
7437,52,51,0.0192308
7449,52,51,0.0192308
7458,52,51,0.0192308
7465,52,51,0.0192308
7473,52,51,0.0192308
7482,52,51,0.0192308
7489,52,51,0.0192308
7497,52,51,0.0192308
7506,52,51,0.0192308
7514,52,51,0.0192308
7519,52,51,0.0192308
7525,52,51,0.0192308
7534,52,51,0.0192308
7539,52,51,0.0192308
7550,52,51,0.0192308
7557,52,51,0.0192308
7564,52,51,0.0192308
7570,52,51,0.0192308
7575,52,51,0.0192308
7582,52,51,0.0192308
7589,52,51,0.0192308
7597,52,51,0.0192308
7605,52,51,0.0192308
7615,52,51,0.0192308
7623,52,51,0.0192308
7631,52,51,0.0192308
7644,52,51,0.0192308
7654,52,51,0.0192308
7663,52,51,0.0192308
7671,52,51,0.0192308
7675,52,51,0.0192308
7680,52,51,0.0192308
7687,52,51,0.0192308
7693,52,51,0.0192308
7697,52,51,0.0192308
7706,52,51,0.0192308
7711,52,51,0.0192308
7718,52,51,0.0192308
7726,52,51,0.0192308
7731,52,51,0.0192308
7742,52,51,0.0192308
7753,52,51,0.0192308
7763,52,51,0.0192308
7777,52,51,0.0192308
7787,52,51,0.0192308
7796,52,51,0.0192308
7805,52,51,0.0192308
7819,52,51,0.0192308
7832,52,51,0.0192308
7842,52,51,0.0192308
7852,52,51,0.0192308
7862,52,51,0.0192308
7871,52,51,0.0192308
7883,52,51,0.0192308
7895,52,51,0.0192308
7909,52,51,0.0192308
7925,52,51,0.0192308
7937,52,51,0.0192308
7949,52,51,0.0192308
7962,52,51,0.0192308
7976,52,51,0.0192308
7982,52,51,0.0192308
7990,52,51,0.0192308
7996,52,51,0.0192308
8001,52,51,0.0192308
8009,52,51,0.0192308
8016,52,51,0.0192308
8022,52,51,0.0192308
8030,52,51,0.0192308
8037,52,51,0.0192308
8042,52,51,0.0192308
8048,52,51,0.0192308
8060,52,51,0.0192308
8071,52,51,0.0192308
8078,52,51,0.0192308
8084,52,51,0.0192308
8090,52,51,0.0192308
8096,52,51,0.0192308
8102,52,51,0.0192308
8107,52,51,0.0192308
8112,52,51,0.0192308
8117,52,51,0.0192308
8123,52,51,0.0192308
8129,52,51,0.0192308
8135,52,51,0.0192308
8142,52,51,0.0192308
8148,52,51,0.0192308
8153,52,51,0.0192308
8163,52,51,0.0192308
8173,52,51,0.0192308
8182,52,51,0.0192308
8190,52,51,0.0192308
8198,52,51,0.0192308
8206,52,51,0.0192308
8213,52,51,0.0192308
8221,52,51,0.0192308
8227,52,51,0.0192308
8235,52,51,0.0192308
8242,52,51,0.0192308
8247,52,51,0.0192308
8256,52,51,0.0192308
8264,52,51,0.0192308
8279,52,51,0.0192308
8293,52,51,0.0192308
8301,52,51,0.0192308
8311,52,51,0.0192308
8324,52,51,0.0192308
8336,52,51,0.0192308
8348,52,51,0.0192308
8365,52,51,0.0192308
8376,52,51,0.0192308
8385,52,51,0.0192308
8395,52,51,0.0192308
8402,52,51,0.0192308
8411,52,51,0.0192308
8419,52,51,0.0192308
8429,52,51,0.0192308
8436,52,51,0.0192308
8443,52,51,0.0192308
8448,52,51,0.0192308
8453,52,51,0.0192308
8461,52,51,0.0192308
8467,52,51,0.0192308
8473,52,51,0.0192308
8478,52,51,0.0192308
8483,52,51,0.0192308
8487,52,51,0.0192308
8491,52,51,0.0192308
8499,52,51,0.0192308
8505,52,51,0.0192308
8511,52,51,0.0192308
8516,52,51,0.0192308
8523,52,51,0.0192308
8529,52,51,0.0192308
8539,52,51,0.0192308
8546,52,51,0.0192308
8553,52,51,0.0192308
8556,52,51,0.0192308
8563,52,51,0.0192308
8571,52,51,0.0192308
8581,52,51,0.0192308
8590,52,51,0.0192308
8597,52,51,0.0192308
8605,52,51,0.0192308
8614,52,51,0.0192308
8620,52,51,0.0192308
8628,52,51,0.0192308
8634,52,51,0.0192308
8641,52,51,0.0192308
8648,52,51,0.0192308
8656,52,51,0.0192308
8663,52,51,0.0192308
8670,52,51,0.0192308
8677,52,51,0.0192308
8683,52,51,0.0192308
8689,52,51,0.0192308
8699,52,51,0.0192308
8707,52,51,0.0192308
8713,52,51,0.0192308
8720,52,51,0.0192308
8726,52,51,0.0192308
8731,52,51,0.0192308
8736,52,51,0.0192308
8744,52,51,0.0192308
8749,52,51,0.0192308
8755,52,51,0.0192308
8760,52,51,0.0192308
8767,52,51,0.0192308
8772,52,51,0.0192308
8779,52,51,0.0192308
8783,52,51,0.0192308
8791,52,51,0.0192308
8798,52,51,0.0192308
8801,52,51,0.0192308
8806,52,51,0.0192308
8810,52,51,0.0192308
8813,52,51,0.0192308
8818,52,51,0.0192308
8823,52,51,0.0192308
8828,52,51,0.0192308
8832,52,51,0.0192308
8837,52,51,0.0192308
8840,52,51,0.0192308
8844,52,51,0.0192308
8848,52,51,0.0192308
8851,52,51,0.0192308
8858,52,51,0.0192308
8864,52,51,0.0192308
8868,52,51,0.0192308
8872,52,51,0.0192308
8875,52,51,0.0192308
8881,52,51,0.0192308
8885,52,51,0.0192308
8889,52,51,0.0192308
8891,52,51,0.0192308
8895,52,51,0.0192308
8898,52,51,0.0192308
8901,52,51,0.0192308
8904,52,51,0.0192308
8907,52,51,0.0192308
8911,52,51,0.0192308
8914,52,51,0.0192308
8918,52,51,0.0192308
8922,52,51,0.0192308
8924,52,51,0.0192308
8926,52,51,0.0192308
8927,52,51,0.0192308
8931,52,51,0.0192308
8934,52,51,0.0192308
8936,52,51,0.0192308
8938,52,51,0.0192308
8941,52,51,0.0192308
8944,52,51,0.0192308
8946,52,51,0.0192308
8951,52,51,0.0192308
8953,52,51,0.0192308
8956,52,51,0.0192308
8958,52,51,0.0192308
8962,52,51,0.0192308
8965,52,51,0.0192308
8969,52,51,0.0192308
8972,52,51,0.0192308
8975,52,51,0.0192308
8980,52,51,0.0192308
8983,52,51,0.0192308
8988,52,51,0.0192308
8992,52,51,0.0192308
8994,52,51,0.0192308
8997,52,51,0.0192308
8999,52,51,0.0192308
9002,52,51,0.0192308
9006,52,51,0.0192308
9010,52,51,0.0192308
9012,52,51,0.0192308
9016,52,51,0.0192308
9023,52,51,0.0192308
9028,52,51,0.0192308
9032,52,51,0.0192308
9037,52,51,0.0192308
9043,52,51,0.0192308
9047,52,51,0.0192308
9052,52,51,0.0192308
9054,52,51,0.0192308
9059,52,51,0.0192308
9063,52,51,0.0192308
9068,52,51,0.0192308
9074,52,51,0.0192308
9078,52,51,0.0192308
9083,52,51,0.0192308
9088,52,51,0.0192308
9093,52,51,0.0192308
9098,52,51,0.0192308
9103,52,51,0.0192308
9108,52,51,0.0192308
9112,52,51,0.0192308
9117,52,51,0.0192308
9123,52,51,0.0192308
9130,52,51,0.0192308
9136,52,51,0.0192308
9143,52,51,0.0192308
9149,52,51,0.0192308
9154,52,51,0.0192308
9157,52,51,0.0192308
9164,52,51,0.0192308
9170,52,51,0.0192308
9178,52,51,0.0192308
9182,52,51,0.0192308
9187,52,51,0.0192308
9192,52,51,0.0192308
9197,52,51,0.0192308
9203,52,51,0.0192308
9208,52,51,0.0192308
9214,52,51,0.0192308
9220,52,51,0.0192308
9223,52,51,0.0192308
9228,52,51,0.0192308
9233,52,51,0.0192308
9239,52,51,0.0192308
9244,52,51,0.0192308
9251,52,51,0.0192308
9256,52,51,0.0192308
9266,52,51,0.0192308
9271,52,51,0.0192308
9274,52,51,0.0192308
9279,52,51,0.0192308
9284,52,51,0.0192308
9286,52,51,0.0192308
9292,52,51,0.0192308
9299,52,51,0.0192308
9303,52,51,0.0192308
9308,52,51,0.0192308
9314,52,51,0.0192308
9321,52,51,0.0192308
9325,52,51,0.0192308
9328,52,51,0.0192308
9332,52,51,0.0192308
9336,52,51,0.0192308
9343,52,51,0.0192308
9350,52,51,0.0192308
9354,52,51,0.0192308
9359,52,51,0.0192308
9363,52,51,0.0192308
9367,52,51,0.0192308
9371,52,51,0.0192308
9376,52,51,0.0192308
9379,52,51,0.0192308
9383,52,51,0.0192308
9386,52,51,0.0192308
9390,52,51,0.0192308
9396,52,51,0.0192308
9400,52,51,0.0192308
9403,52,51,0.0192308
9407,52,51,0.0192308
9411,52,51,0.0192308
9416,52,51,0.0192308
9421,52,51,0.0192308
9426,52,51,0.0192308
9431,52,51,0.0192308
9435,52,51,0.0192308
9439,52,51,0.0192308
9442,52,51,0.0192308
9445,52,51,0.0192308
9451,52,51,0.0192308
9454,52,51,0.0192308
9459,52,51,0.0192308
9461,52,51,0.0192308
9466,52,51,0.0192308
9469,52,51,0.0192308
9471,52,51,0.0192308
9473,52,51,0.0192308
9476,52,51,0.0192308
9478,52,51,0.0192308
9481,52,51,0.0192308
9484,52,51,0.0192308
9487,52,51,0.0192308
9491,52,51,0.0192308
9494,52,51,0.0192308
9499,52,51,0.0192308
9503,52,51,0.0192308
9507,52,51,0.0192308
9509,52,51,0.0192308
9513,52,51,0.0192308
9516,52,51,0.0192308
9519,52,51,0.0192308
9522,52,51,0.0192308
9525,52,51,0.0192308
9526,52,51,0.0192308
9529,52,51,0.0192308
9532,52,51,0.0192308
9534,52,51,0.0192308
9540,52,51,0.0192308
9541,52,51,0.0192308
9544,52,51,0.0192308
9546,52,51,0.0192308
9548,52,51,0.0192308
9550,52,51,0.0192308
9553,52,51,0.0192308
9556,52,51,0.0192308
9558,52,51,0.0192308
9560,52,51,0.0192308
9562,52,51,0.0192308
9564,52,51,0.0192308
9566,52,51,0.0192308
9571,52,51,0.0192308
9574,52,51,0.0192308
9577,52,51,0.0192308
9580,52,51,0.0192308
9582,52,51,0.0192308
9585,52,51,0.0192308
9588,52,51,0.0192308
9592,52,51,0.0192308
9595,52,51,0.0192308
9597,52,51,0.0192308
9602,52,51,0.0192308
9606,52,51,0.0192308
9610,52,51,0.0192308
9613,52,51,0.0192308
9617,52,51,0.0192308
9621,52,51,0.0192308
9624,52,51,0.0192308
9627,52,51,0.0192308
9631,52,51,0.0192308
9633,52,51,0.0192308
9638,52,51,0.0192308
9642,52,51,0.0192308
9645,52,51,0.0192308
9651,52,51,0.0192308
9656,52,51,0.0192308
9659,52,51,0.0192308
9663,52,51,0.0192308
9667,52,51,0.0192308
9670,52,51,0.0192308
9673,52,51,0.0192308
9675,52,51,0.0192308
9678,52,51,0.0192308
9680,52,51,0.0192308
9683,52,51,0.0192308
9685,52,51,0.0192308
9688,52,51,0.0192308
9691,52,51,0.0192308
9695,52,51,0.0192308
9697,52,51,0.0192308
9700,52,51,0.0192308
9702,52,51,0.0192308
9706,52,51,0.0192308
9710,52,51,0.0192308
9712,52,51,0.0192308
9714,52,51,0.0192308
9718,52,51,0.0192308
9720,52,51,0.0192308
9722,52,51,0.0192308
9727,52,51,0.0192308
9729,52,51,0.0192308
9732,52,51,0.0192308
9735,52,51,0.0192308
9737,52,51,0.0192308
9741,52,51,0.0192308
9743,52,51,0.0192308
9746,52,51,0.0192308
9750,52,51,0.0192308
9753,52,51,0.0192308
9756,52,51,0.0192308
9760,52,51,0.0192308
9764,52,51,0.0192308
9768,52,51,0.0192308
9772,52,51,0.0192308
9775,52,51,0.0192308
9779,52,51,0.0192308
9781,52,51,0.0192308
9783,52,51,0.0192308
9785,52,51,0.0192308
9788,52,51,0.0192308
9792,52,51,0.0192308
9797,52,51,0.0192308
9802,52,51,0.0192308
9807,52,51,0.0192308
9810,52,51,0.0192308
9813,52,51,0.0192308
9816,52,51,0.0192308
9822,52,51,0.0192308
9826,52,51,0.0192308
9829,52,51,0.0192308
9833,52,51,0.0192308
9836,52,51,0.0192308
9841,52,51,0.0192308
9843,52,51,0.0192308
9847,52,51,0.0192308
9849,52,51,0.0192308
9853,52,51,0.0192308
9858,52,51,0.0192308
9861,52,51,0.0192308
9864,52,51,0.0192308
9868,52,51,0.0192308
9873,52,51,0.0192308
9876,52,51,0.0192308
9879,52,51,0.0192308
9882,52,51,0.0192308
9885,52,51,0.0192308
9889,52,51,0.0192308
9895,52,51,0.0192308
9898,52,51,0.0192308
9903,52,51,0.0192308
9907,52,51,0.0192308
9911,52,51,0.0192308
9916,52,51,0.0192308
9920,52,51,0.0192308
9923,52,51,0.0192308
9927,52,51,0.0192308
9933,52,51,0.0192308
9937,52,51,0.0192308
9941,52,51,0.0192308
9946,52,51,0.0192308
9952,52,51,0.0192308
9955,52,51,0.0192308
9958,52,51,0.0192308
9964,52,51,0.0192308
9968,52,51,0.0192308
9972,52,51,0.0192308
9977,52,51,0.0192308
9980,52,51,0.0192308
9983,52,51,0.0192308
9987,52,51,0.0192308
9992,52,51,0.0192308
9995,52,51,0.0192308
9999,52,51,0.0192308
10005,52,51,0.0192308
10010,52,51,0.0192308
10013,52,51,0.0192308
10016,52,51,0.0192308
10020,52,51,0.0192308
10023,52,51,0.0192308
10026,52,51,0.0192308
10028,52,51,0.0192308
10032,52,51,0.0192308
10035,52,51,0.0192308
10037,52,51,0.0192308
10041,52,51,0.0192308
10045,52,51,0.0192308
10048,52,51,0.0192308
10051,52,51,0.0192308
10055,52,51,0.0192308
10060,52,51,0.0192308
10063,52,51,0.0192308
10068,52,51,0.0192308
10071,52,51,0.0192308
10074,52,51,0.0192308
10077,52,51,0.0192308
10080,52,51,0.0192308
10084,52,51,0.0192308
10089,52,51,0.0192308
10093,52,51,0.0192308
10096,52,51,0.0192308
10101,52,51,0.0192308
10103,52,51,0.0192308
10108,52,51,0.0192308
10113,52,51,0.0192308
10119,52,51,0.0192308
10126,52,51,0.0192308
10131,52,51,0.0192308
10134,52,51,0.0192308
10137,52,51,0.0192308
10141,52,51,0.0192308
10145,52,51,0.0192308
10148,52,51,0.0192308
10151,52,51,0.0192308
10153,52,51,0.0192308
10157,52,51,0.0192308
10160,52,51,0.0192308
10164,52,51,0.0192308
10167,52,51,0.0192308
10171,52,51,0.0192308
10174,52,51,0.0192308
10176,52,51,0.0192308
10180,52,51,0.0192308
10183,52,51,0.0192308
10186,52,51,0.0192308
10190,52,51,0.0192308
10194,52,51,0.0192308
10196,52,51,0.0192308
10202,52,51,0.0192308
10207,52,51,0.0192308
10210,52,51,0.0192308
10216,52,51,0.0192308
10222,52,51,0.0192308
10227,52,51,0.0192308
10232,52,51,0.0192308
10239,52,51,0.0192308
10244,52,51,0.0192308
10249,52,51,0.0192308
10256,52,51,0.0192308
10263,52,51,0.0192308
10272,52,51,0.0192308
10284,52,51,0.0192308
10286,52,51,0.0192308
10294,52,51,0.0192308
10302,52,51,0.0192308
10306,52,51,0.0192308
10310,52,51,0.0192308
10315,52,51,0.0192308
10318,52,51,0.0192308
10323,52,51,0.0192308
10330,52,51,0.0192308
10334,52,51,0.0192308
10341,52,51,0.0192308
10346,52,51,0.0192308
10352,52,51,0.0192308
10356,52,51,0.0192308
10361,52,51,0.0192308
10364,52,51,0.0192308
10369,52,51,0.0192308
10371,52,51,0.0192308
10374,52,51,0.0192308
10378,52,51,0.0192308
10381,52,51,0.0192308
10387,52,51,0.0192308
10390,52,51,0.0192308
10393,52,51,0.0192308
10396,52,51,0.0192308
10399,52,51,0.0192308
10403,52,51,0.0192308
10407,52,51,0.0192308
10410,52,51,0.0192308
10415,52,51,0.0192308
10421,52,51,0.0192308
10423,52,51,0.0192308
10427,52,51,0.0192308
10430,52,51,0.0192308
10436,52,51,0.0192308
10443,52,51,0.0192308
10446,52,51,0.0192308
10450,52,51,0.0192308
10455,52,51,0.0192308
10460,52,51,0.0192308
10465,52,51,0.0192308
10470,52,51,0.0192308
10475,52,51,0.0192308
10481,52,51,0.0192308
10483,52,51,0.0192308
10490,52,51,0.0192308
10494,52,51,0.0192308
10497,52,51,0.0192308
10503,52,51,0.0192308
10507,52,51,0.0192308
10511,52,51,0.0192308
10515,52,51,0.0192308
10521,52,51,0.0192308
10526,52,51,0.0192308
10531,52,51,0.0192308
10535,52,51,0.0192308
10539,52,51,0.0192308
10545,52,51,0.0192308
10554,52,51,0.0192308
10559,52,51,0.0192308
10563,52,51,0.0192308
10568,52,51,0.0192308
10577,52,51,0.0192308
10582,52,51,0.0192308
10589,52,51,0.0192308
10596,52,51,0.0192308
10601,52,51,0.0192308
10609,52,51,0.0192308
10613,52,51,0.0192308
10619,52,51,0.0192308
10625,52,51,0.0192308
10630,52,51,0.0192308
10634,52,51,0.0192308
10640,52,51,0.0192308
10645,52,51,0.0192308
10654,52,51,0.0192308
10660,52,51,0.0192308
10665,52,51,0.0192308
10670,52,51,0.0192308
10673,52,51,0.0192308
10676,52,51,0.0192308
10679,52,51,0.0192308
10683,52,51,0.0192308
10687,52,51,0.0192308
10691,52,51,0.0192308
10695,52,51,0.0192308
10699,52,51,0.0192308
10702,52,51,0.0192308
10712,52,51,0.0192308
10717,52,51,0.0192308
10721,52,51,0.0192308
10724,52,51,0.0192308
10728,52,51,0.0192308
10732,52,51,0.0192308
10736,52,51,0.0192308
10740,52,51,0.0192308
10744,52,51,0.0192308
10746,52,51,0.0192308
10749,52,51,0.0192308
10753,52,51,0.0192308
10755,52,51,0.0192308
10760,52,51,0.0192308
10763,52,51,0.0192308
10766,52,51,0.0192308
10768,52,51,0.0192308
10771,52,51,0.0192308
10775,52,51,0.0192308
10778,52,51,0.0192308
10781,52,51,0.0192308
10784,52,51,0.0192308
10786,52,51,0.0192308
10791,52,51,0.0192308
10796,52,51,0.0192308
10799,52,51,0.0192308
10804,52,51,0.0192308
10807,52,51,0.0192308
10810,52,51,0.0192308
10815,52,51,0.0192308
10820,52,51,0.0192308
10828,52,51,0.0192308
10831,52,51,0.0192308
10835,52,51,0.0192308
10839,52,51,0.0192308
10842,52,51,0.0192308
10847,52,51,0.0192308
10850,52,51,0.0192308
10852,52,51,0.0192308
10856,52,51,0.0192308
10860,52,51,0.0192308
10867,52,51,0.0192308
10872,52,51,0.0192308
10878,52,51,0.0192308
10882,52,51,0.0192308
10885,52,51,0.0192308
10892,52,51,0.0192308
10896,52,51,0.0192308
10899,52,51,0.0192308
10904,52,51,0.0192308
10909,52,51,0.0192308
10915,52,51,0.0192308
10920,52,51,0.0192308
10925,52,51,0.0192308
10931,52,51,0.0192308
10935,52,51,0.0192308
10938,52,51,0.0192308
10944,52,51,0.0192308
10950,52,51,0.0192308
10956,52,51,0.0192308
10963,52,51,0.0192308
10968,52,51,0.0192308
10975,52,51,0.0192308
10982,52,51,0.0192308
10987,52,51,0.0192308
10996,52,51,0.0192308
11004,52,51,0.0192308
11005,52,51,0.0192308
11009,52,51,0.0192308
11012,52,51,0.0192308
11017,52,51,0.0192308
11020,52,51,0.0192308
11024,52,51,0.0192308
11028,52,51,0.0192308
11033,52,51,0.0192308
11039,52,51,0.0192308
11042,52,51,0.0192308
11046,52,51,0.0192308
11048,52,51,0.0192308
11051,52,51,0.0192308
11055,52,51,0.0192308
11059,52,51,0.0192308
11064,52,51,0.0192308
11068,52,51,0.0192308
11072,52,51,0.0192308
11078,52,51,0.0192308
11081,52,51,0.0192308
11084,52,51,0.0192308
11087,52,51,0.0192308
11090,52,51,0.0192308
11094,52,51,0.0192308
11096,52,51,0.0192308
11099,52,51,0.0192308
11102,52,51,0.0192308
11104,52,51,0.0192308
11106,52,51,0.0192308
11110,52,51,0.0192308
11115,52,51,0.0192308
11118,52,51,0.0192308
11122,52,51,0.0192308
11126,52,51,0.0192308
11131,52,51,0.0192308
11135,52,51,0.0192308
11138,52,51,0.0192308
11143,52,51,0.0192308
11146,52,51,0.0192308
11148,52,51,0.0192308
11150,52,51,0.0192308
11154,52,51,0.0192308
11158,52,51,0.0192308
11161,52,51,0.0192308
11164,52,51,0.0192308
11169,52,51,0.0192308
11174,52,51,0.0192308
11178,52,51,0.0192308
11181,52,51,0.0192308
11186,52,51,0.0192308
11189,52,51,0.0192308
11193,52,51,0.0192308
11196,52,51,0.0192308
11199,52,51,0.0192308
11202,52,51,0.0192308
11204,52,51,0.0192308
11207,52,51,0.0192308
11211,52,51,0.0192308
11214,52,51,0.0192308
11219,52,51,0.0192308
11223,52,51,0.0192308
11228,52,51,0.0192308
11232,52,51,0.0192308
11235,52,51,0.0192308
11238,52,51,0.0192308
11241,52,51,0.0192308
11244,52,51,0.0192308
11249,52,51,0.0192308
11253,52,51,0.0192308
11259,52,51,0.0192308
11263,52,51,0.0192308
11266,52,51,0.0192308
11269,52,51,0.0192308
11273,52,51,0.0192308
11276,52,51,0.0192308
11280,52,51,0.0192308
11284,52,51,0.0192308
11290,52,51,0.0192308
11294,52,51,0.0192308
11298,52,51,0.0192308
11305,52,51,0.0192308
11314,52,51,0.0192308
11321,52,51,0.0192308
11328,52,51,0.0192308
11335,52,51,0.0192308
11343,52,51,0.0192308
11349,52,51,0.0192308
11360,52,51,0.0192308
11365,52,51,0.0192308
11375,52,51,0.0192308
11381,52,51,0.0192308
11392,52,51,0.0192308
11396,52,51,0.0192308
11402,52,51,0.0192308
11406,52,51,0.0192308
11409,52,51,0.0192308
11415,52,51,0.0192308
11421,52,51,0.0192308
11425,52,51,0.0192308
11429,52,51,0.0192308
11435,52,51,0.0192308
11442,52,51,0.0192308
11451,52,51,0.0192308
11458,52,51,0.0192308
11465,52,51,0.0192308
11471,52,51,0.0192308
11478,52,51,0.0192308
11485,52,51,0.0192308
11494,52,51,0.0192308
11498,52,51,0.0192308
11505,52,51,0.0192308
11512,52,51,0.0192308
11522,52,51,0.0192308
11530,52,51,0.0192308
11541,52,51,0.0192308
11554,52,51,0.0192308
11561,52,51,0.0192308
11567,52,51,0.0192308
11575,52,51,0.0192308
11585,52,51,0.0192308
11595,52,51,0.0192308
11600,52,51,0.0192308
11604,52,51,0.0192308
11613,52,51,0.0192308
11624,52,51,0.0192308
11631,52,51,0.0192308
11636,52,51,0.0192308
11642,52,51,0.0192308
11649,52,51,0.0192308
11657,52,51,0.0192308
11665,52,51,0.0192308
11669,52,51,0.0192308
11674,52,51,0.0192308
11681,52,51,0.0192308
11687,52,51,0.0192308
11694,52,51,0.0192308
11696,52,51,0.0192308
11702,52,51,0.0192308
11713,52,51,0.0192308
11720,52,51,0.0192308
11723,52,51,0.0192308
11729,52,51,0.0192308
11731,52,51,0.0192308
11736,52,51,0.0192308
11741,52,51,0.0192308
11746,52,51,0.0192308
11752,52,51,0.0192308
11761,52,51,0.0192308
11767,52,51,0.0192308
11773,52,51,0.0192308
11779,52,51,0.0192308
11787,52,51,0.0192308
11793,52,51,0.0192308
11798,52,51,0.0192308
11804,52,51,0.0192308
11812,52,51,0.0192308
11818,52,51,0.0192308
11824,52,51,0.0192308
11830,52,51,0.0192308
11840,52,51,0.0192308
11848,52,51,0.0192308
11853,52,51,0.0192308
11860,52,51,0.0192308
11866,52,51,0.0192308
11876,52,51,0.0192308
11883,52,51,0.0192308
11889,52,51,0.0192308
11898,52,51,0.0192308
11906,52,51,0.0192308
11913,52,51,0.0192308
11919,52,51,0.0192308
11922,52,51,0.0192308
11928,52,51,0.0192308
11933,52,51,0.0192308
11942,52,51,0.0192308
11949,52,51,0.0192308
11954,52,51,0.0192308
11961,52,51,0.0192308
11965,52,51,0.0192308
11971,52,51,0.0192308
11980,52,51,0.0192308
11985,52,51,0.0192308
11989,52,51,0.0192308
11995,52,51,0.0192308
11999,52,51,0.0192308
12005,52,51,0.0192308
12013,52,51,0.0192308
12017,52,51,0.0192308
12022,52,51,0.0192308
12026,52,51,0.0192308
12032,52,51,0.0192308
12041,52,51,0.0192308
12047,52,51,0.0192308
12053,52,51,0.0192308
12059,52,51,0.0192308
12068,52,51,0.0192308
12074,52,51,0.0192308
12083,52,51,0.0192308
12088,52,51,0.0192308
12093,52,51,0.0192308
12097,52,51,0.0192308
12102,52,51,0.0192308
12104,52,51,0.0192308
12110,52,51,0.0192308
12114,52,51,0.0192308
12119,52,51,0.0192308
12123,52,51,0.0192308
12126,52,51,0.0192308
12133,52,51,0.0192308
12137,52,51,0.0192308
12142,52,51,0.0192308
12145,52,51,0.0192308
12148,52,51,0.0192308
12153,52,51,0.0192308
12157,52,51,0.0192308
12166,52,51,0.0192308
12173,52,51,0.0192308
12181,52,51,0.0192308
12184,52,51,0.0192308
12188,52,51,0.0192308
12194,52,51,0.0192308
12198,52,51,0.0192308
12204,52,51,0.0192308
12207,52,51,0.0192308
12211,52,51,0.0192308
12215,52,51,0.0192308
12219,52,51,0.0192308
12223,52,51,0.0192308
12228,52,51,0.0192308
12233,52,51,0.0192308
12241,52,51,0.0192308
12244,52,51,0.0192308
12250,52,51,0.0192308
12256,52,51,0.0192308
12261,52,51,0.0192308
12268,52,51,0.0192308
12269,52,51,0.0192308
12272,52,51,0.0192308
12276,52,51,0.0192308
12283,52,51,0.0192308
12288,52,51,0.0192308
12294,52,51,0.0192308
12298,52,51,0.0192308
12304,52,51,0.0192308
12310,52,51,0.0192308
12315,52,51,0.0192308
12325,52,51,0.0192308
12334,52,51,0.0192308
12338,52,51,0.0192308
12345,52,51,0.0192308
12351,52,51,0.0192308
12359,52,51,0.0192308
12364,52,51,0.0192308
12372,52,51,0.0192308
12374,52,51,0.0192308
12382,52,51,0.0192308
12389,52,51,0.0192308
12394,52,51,0.0192308
12400,52,51,0.0192308
12404,52,51,0.0192308
12410,52,51,0.0192308
12414,52,51,0.0192308
12420,52,51,0.0192308
12426,52,51,0.0192308
12430,52,51,0.0192308
12434,52,51,0.0192308
12440,52,51,0.0192308
12444,52,51,0.0192308
12446,52,51,0.0192308
12452,52,51,0.0192308
12461,52,51,0.0192308
12466,52,51,0.0192308
12468,52,51,0.0192308
12474,52,51,0.0192308
12478,52,51,0.0192308
12482,52,51,0.0192308
12490,52,51,0.0192308
12495,52,51,0.0192308
12501,52,51,0.0192308
12511,52,51,0.0192308
12520,52,51,0.0192308
12524,52,51,0.0192308
12531,52,51,0.0192308
12537,52,51,0.0192308
12542,52,51,0.0192308
12545,52,51,0.0192308
12548,52,51,0.0192308
12552,52,51,0.0192308
12556,52,51,0.0192308
12559,52,51,0.0192308
12561,52,51,0.0192308
12565,52,51,0.0192308
12568,52,51,0.0192308
12570,52,51,0.0192308
12572,52,51,0.0192308
12578,52,51,0.0192308
12580,52,51,0.0192308
12585,52,51,0.0192308
12592,52,51,0.0192308
12596,52,51,0.0192308
12603,52,51,0.0192308
12608,52,51,0.0192308
12613,52,51,0.0192308
12619,52,51,0.0192308
12626,52,51,0.0192308
12639,52,51,0.0192308
12646,52,51,0.0192308
12651,52,51,0.0192308
12654,52,51,0.0192308
12664,52,51,0.0192308
12669,52,51,0.0192308
12675,52,51,0.0192308
12679,52,51,0.0192308
12685,52,51,0.0192308
12691,52,51,0.0192308
12697,52,51,0.0192308
12703,52,51,0.0192308
12714,52,51,0.0192308
12721,52,51,0.0192308
12727,52,51,0.0192308
12733,52,51,0.0192308
12742,52,51,0.0192308
12748,52,51,0.0192308
12753,52,51,0.0192308
12760,52,51,0.0192308
12765,52,51,0.0192308
12770,52,51,0.0192308
12779,52,51,0.0192308
12790,52,51,0.0192308
12798,52,51,0.0192308
12806,52,51,0.0192308
12811,52,51,0.0192308
12822,52,51,0.0192308
12830,52,51,0.0192308
12837,52,51,0.0192308
12850,52,51,0.0192308
12856,52,51,0.0192308
12861,52,51,0.0192308
12868,52,51,0.0192308
12874,52,51,0.0192308
12883,52,51,0.0192308
12890,52,51,0.0192308
12899,52,51,0.0192308
12906,52,51,0.0192308
12911,52,51,0.0192308
12916,52,51,0.0192308
12921,52,51,0.0192308
12926,52,51,0.0192308
12931,52,51,0.0192308
12936,52,51,0.0192308
12942,52,51,0.0192308
12945,52,51,0.0192308
12950,52,51,0.0192308
12956,52,51,0.0192308
12962,52,51,0.0192308
12967,52,51,0.0192308
12974,52,51,0.0192308
12981,52,51,0.0192308
12989,52,51,0.0192308
12995,52,51,0.0192308
13001,52,51,0.0192308
13009,52,51,0.0192308
13016,52,51,0.0192308
13025,52,51,0.0192308
13030,52,51,0.0192308
13035,52,51,0.0192308
13044,52,51,0.0192308
13054,52,51,0.0192308
13065,52,51,0.0192308
13073,52,51,0.0192308
13080,52,51,0.0192308
13086,52,51,0.0192308
13090,52,51,0.0192308
13095,52,51,0.0192308
13100,52,51,0.0192308
13108,52,51,0.0192308
13115,52,51,0.0192308
13121,52,51,0.0192308
13124,52,51,0.0192308
13130,52,51,0.0192308
13138,52,51,0.0192308
13145,52,51,0.0192308
13150,52,51,0.0192308
13158,52,51,0.0192308
13166,52,51,0.0192308
13170,52,51,0.0192308
13175,52,51,0.0192308
13185,52,51,0.0192308
13190,52,51,0.0192308
13197,52,51,0.0192308
13201,52,51,0.0192308
13210,52,51,0.0192308
13213,52,51,0.0192308
13220,52,51,0.0192308
13226,52,51,0.0192308
13234,52,51,0.0192308
13239,52,51,0.0192308
13245,52,51,0.0192308
13251,52,51,0.0192308
13255,52,51,0.0192308
13259,52,51,0.0192308
13264,52,51,0.0192308
13268,52,51,0.0192308
13277,52,51,0.0192308
13284,52,51,0.0192308
13289,52,51,0.0192308
13293,52,51,0.0192308
13298,52,51,0.0192308
13305,52,51,0.0192308
13309,52,51,0.0192308
13313,52,51,0.0192308
13317,52,51,0.0192308
13325,52,51,0.0192308
13330,52,51,0.0192308
13334,52,51,0.0192308
13339,52,51,0.0192308
13346,52,51,0.0192308
13349,52,51,0.0192308
13357,52,51,0.0192308
13359,52,51,0.0192308
13363,52,51,0.0192308
13365,52,51,0.0192308
13369,52,51,0.0192308
13375,52,51,0.0192308
13382,52,51,0.0192308
13391,52,51,0.0192308
13399,52,51,0.0192308
13407,52,51,0.0192308
13415,52,51,0.0192308
13427,52,51,0.0192308
13435,52,51,0.0192308
13445,52,51,0.0192308
13457,52,51,0.0192308
13465,52,51,0.0192308
13478,52,51,0.0192308
13485,52,51,0.0192308
13495,52,51,0.0192308
13508,52,51,0.0192308
13512,52,51,0.0192308
13524,52,51,0.0192308
13530,52,51,0.0192308
13538,52,51,0.0192308
13547,52,51,0.0192308
13561,52,51,0.0192308
13571,52,51,0.0192308
13581,52,51,0.0192308
13590,52,51,0.0192308
13600,52,51,0.0192308
13611,52,51,0.0192308
13620,52,51,0.0192308
13631,52,51,0.0192308
13638,52,51,0.0192308
13649,52,51,0.0192308
13657,52,51,0.0192308
13662,52,51,0.0192308
13669,52,51,0.0192308
13676,52,51,0.0192308
13681,52,51,0.0192308
13687,52,51,0.0192308
13695,52,51,0.0192308
13701,52,51,0.0192308
13708,52,51,0.0192308
13714,52,51,0.0192308
13718,52,51,0.0192308
13720,52,51,0.0192308
13725,52,51,0.0192308
13731,52,51,0.0192308
13742,52,51,0.0192308
13747,52,51,0.0192308
13757,52,51,0.0192308
13762,52,51,0.0192308
13769,52,51,0.0192308
13774,52,51,0.0192308
13777,52,51,0.0192308
13785,52,51,0.0192308
13790,52,51,0.0192308
13798,52,51,0.0192308
13807,52,51,0.0192308
13811,52,51,0.0192308
13818,52,51,0.0192308
13825,52,51,0.0192308
13835,52,51,0.0192308
13845,52,51,0.0192308
13849,52,51,0.0192308
13856,52,51,0.0192308
13863,52,51,0.0192308
13871,52,51,0.0192308
13880,52,51,0.0192308
13898,52,51,0.0192308
13905,52,51,0.0192308
13914,52,51,0.0192308
13924,52,51,0.0192308
13930,52,51,0.0192308
13936,52,51,0.0192308
13947,52,51,0.0192308
13954,52,51,0.0192308
13962,52,51,0.0192308
13964,52,51,0.0192308
13968,52,51,0.0192308
13975,52,51,0.0192308
13985,52,51,0.0192308
13993,52,51,0.0192308
13999,52,51,0.0192308
14005,52,51,0.0192308
14012,52,51,0.0192308
14016,52,51,0.0192308
14022,52,51,0.0192308
14027,52,51,0.0192308
14032,52,51,0.0192308
14039,52,51,0.0192308
14045,52,51,0.0192308
14047,52,51,0.0192308
14053,52,51,0.0192308
14057,52,51,0.0192308
14068,52,51,0.0192308
14079,52,51,0.0192308
14085,52,51,0.0192308
14092,52,51,0.0192308
14100,52,51,0.0192308
14104,52,51,0.0192308
14112,52,51,0.0192308
14120,52,51,0.0192308
14126,52,51,0.0192308
14131,52,51,0.0192308
14140,52,51,0.0192308
14145,52,51,0.0192308
14151,52,51,0.0192308
14164,52,51,0.0192308
14171,52,51,0.0192308
14178,52,51,0.0192308
14186,52,51,0.0192308
14195,52,51,0.0192308
14203,52,51,0.0192308
14210,52,51,0.0192308
14220,52,51,0.0192308
14228,52,51,0.0192308
14232,52,51,0.0192308
14238,52,51,0.0192308
14248,52,51,0.0192308
14253,52,51,0.0192308
14258,52,51,0.0192308
14265,52,51,0.0192308
14270,52,51,0.0192308
14276,52,51,0.0192308
14281,52,51,0.0192308
14288,52,51,0.0192308
14293,52,51,0.0192308
14298,52,51,0.0192308
14306,52,51,0.0192308
14315,52,51,0.0192308
14323,52,51,0.0192308
14328,52,51,0.0192308
14339,52,51,0.0192308
14346,52,51,0.0192308
14351,52,51,0.0192308
14355,52,51,0.0192308
14362,52,51,0.0192308
14368,52,51,0.0192308
14371,52,51,0.0192308
14376,52,51,0.0192308
14383,52,51,0.0192308
14389,52,51,0.0192308
14393,52,51,0.0192308
14399,52,51,0.0192308
14405,52,51,0.0192308
14411,52,51,0.0192308
14418,52,51,0.0192308
14425,52,51,0.0192308
14433,52,51,0.0192308
14439,52,51,0.0192308
14445,52,51,0.0192308
14451,52,51,0.0192308
14456,52,51,0.0192308
14463,52,51,0.0192308
14467,52,51,0.0192308
14474,52,51,0.0192308
14481,52,51,0.0192308
14486,52,51,0.0192308
14492,52,51,0.0192308
14498,52,51,0.0192308
14500,52,51,0.0192308
14506,52,51,0.0192308
14513,52,51,0.0192308
14517,52,51,0.0192308
14525,52,51,0.0192308
14531,52,51,0.0192308
14535,52,51,0.0192308
14537,52,51,0.0192308
14541,52,51,0.0192308
14544,52,51,0.0192308
14547,52,51,0.0192308
14552,52,51,0.0192308
14556,52,51,0.0192308
14560,52,51,0.0192308
14562,52,51,0.0192308
14567,52,51,0.0192308
14571,52,51,0.0192308
14573,52,51,0.0192308
14577,52,51,0.0192308
14580,52,51,0.0192308
14583,52,51,0.0192308
14587,52,51,0.0192308
14590,52,51,0.0192308
14595,52,51,0.0192308
14601,52,51,0.0192308
14604,52,51,0.0192308
14610,52,51,0.0192308
14612,52,51,0.0192308
14615,52,51,0.0192308
14619,52,51,0.0192308
14623,52,51,0.0192308
14627,52,51,0.0192308
14630,52,51,0.0192308
14632,52,51,0.0192308
14635,52,51,0.0192308
14639,52,51,0.0192308
14642,52,51,0.0192308
14645,52,51,0.0192308
14648,52,51,0.0192308
14651,52,51,0.0192308
14654,52,51,0.0192308
14658,52,51,0.0192308
14659,52,51,0.0192308
14663,52,51,0.0192308
14666,52,51,0.0192308
14669,52,51,0.0192308
14673,52,51,0.0192308
14674,52,51,0.0192308
14678,52,51,0.0192308
14681,52,51,0.0192308
14685,52,51,0.0192308
14688,52,51,0.0192308
14691,52,51,0.0192308
14693,52,51,0.0192308
14695,52,51,0.0192308
14698,52,51,0.0192308
14701,52,51,0.0192308
14703,52,51,0.0192308
14707,52,51,0.0192308
14713,52,51,0.0192308
14719,52,51,0.0192308
14722,52,51,0.0192308
14725,52,51,0.0192308
14728,52,51,0.0192308
14730,52,51,0.0192308
14734,52,51,0.0192308
14736,52,51,0.0192308
14739,52,51,0.0192308
14741,52,51,0.0192308
14746,52,51,0.0192308
14750,52,51,0.0192308
14752,52,51,0.0192308
14755,52,51,0.0192308
14758,52,51,0.0192308
14762,52,51,0.0192308
14765,52,51,0.0192308
14769,52,51,0.0192308
14772,52,51,0.0192308
14775,52,51,0.0192308
14777,52,51,0.0192308
14781,52,51,0.0192308
14787,52,51,0.0192308
14791,52,51,0.0192308
14794,52,51,0.0192308
14798,52,51,0.0192308
14800,52,51,0.0192308
14801,52,51,0.0192308
14805,52,51,0.0192308
14810,52,51,0.0192308
14813,52,51,0.0192308
14815,52,51,0.0192308
14818,52,51,0.0192308
14821,52,51,0.0192308
14825,52,51,0.0192308
14828,52,51,0.0192308
14831,52,51,0.0192308
14834,52,51,0.0192308
14838,52,51,0.0192308
14841,52,51,0.0192308
14844,52,51,0.0192308
14849,52,51,0.0192308
14851,52,51,0.0192308
14855,52,51,0.0192308
14860,52,51,0.0192308
14863,52,51,0.0192308
14866,52,51,0.0192308
14868,52,51,0.0192308
14873,52,51,0.0192308
14876,52,51,0.0192308
14878,52,51,0.0192308
14882,52,51,0.0192308
14887,52,51,0.0192308
14890,52,51,0.0192308
14892,52,51,0.0192308
14894,52,51,0.0192308
14899,52,51,0.0192308
14904,52,51,0.0192308
14908,52,51,0.0192308
14913,52,51,0.0192308
14917,52,51,0.0192308
14921,52,51,0.0192308
14924,52,51,0.0192308
14931,52,51,0.0192308
14937,52,51,0.0192308
14940,52,51,0.0192308
14948,52,51,0.0192308
14950,52,51,0.0192308
14952,52,51,0.0192308
14954,52,51,0.0192308
14961,52,51,0.0192308
14965,52,51,0.0192308
14967,52,51,0.0192308
14970,52,51,0.0192308
14972,52,51,0.0192308
14977,52,51,0.0192308
14982,52,51,0.0192308
14984,52,51,0.0192308
14986,52,51,0.0192308
14990,52,51,0.0192308
14996,52,51,0.0192308
14999,52,51,0.0192308
15003,52,51,0.0192308
15007,52,51,0.0192308
15011,52,51,0.0192308
15015,52,51,0.0192308
15018,52,51,0.0192308
15023,52,51,0.0192308
15026,52,51,0.0192308
15032,52,51,0.0192308
15036,52,51,0.0192308
15044,52,51,0.0192308
15049,52,51,0.0192308
15058,52,51,0.0192308
15062,52,51,0.0192308
15069,52,51,0.0192308
15076,52,51,0.0192308
15080,52,51,0.0192308
15088,52,51,0.0192308
15095,52,51,0.0192308
15098,52,51,0.0192308
15101,52,51,0.0192308
15104,52,51,0.0192308
15107,52,51,0.0192308
15110,52,51,0.0192308
15113,52,51,0.0192308
15116,52,51,0.0192308
15120,52,51,0.0192308
15126,52,51,0.0192308
15128,52,51,0.0192308
15133,52,51,0.0192308
15136,52,51,0.0192308
15140,52,51,0.0192308
15144,52,51,0.0192308
15149,52,51,0.0192308
15153,52,51,0.0192308
15159,52,51,0.0192308
15164,52,51,0.0192308
15169,52,51,0.0192308
15173,52,51,0.0192308
15178,52,51,0.0192308
15183,52,51,0.0192308
15184,52,51,0.0192308
15188,52,51,0.0192308
15191,52,51,0.0192308
15196,52,51,0.0192308
15199,52,51,0.0192308
15204,52,51,0.0192308
15210,52,51,0.0192308
15214,52,51,0.0192308
15216,52,51,0.0192308
15221,52,51,0.0192308
15225,52,51,0.0192308
15228,52,51,0.0192308
15232,52,51,0.0192308
15235,52,51,0.0192308
15238,52,51,0.0192308
15241,52,51,0.0192308
15243,52,51,0.0192308
15247,52,51,0.0192308
15250,52,51,0.0192308
15253,52,51,0.0192308
15257,52,51,0.0192308
15260,52,51,0.0192308
15263,52,51,0.0192308
15269,52,51,0.0192308
15273,52,51,0.0192308
15277,52,51,0.0192308
15280,52,51,0.0192308
15283,52,51,0.0192308
15286,52,51,0.0192308
15290,52,51,0.0192308
15295,52,51,0.0192308
15297,52,51,0.0192308
15301,52,51,0.0192308
15303,52,51,0.0192308
15306,52,51,0.0192308
15310,52,51,0.0192308
15315,52,51,0.0192308
15321,52,51,0.0192308
15325,52,51,0.0192308
15332,52,51,0.0192308
15335,52,51,0.0192308
15341,52,51,0.0192308
15343,52,51,0.0192308
15348,52,51,0.0192308
15352,52,51,0.0192308
15354,52,51,0.0192308
15358,52,51,0.0192308
15361,52,51,0.0192308
15368,52,51,0.0192308
15372,52,51,0.0192308
15375,52,51,0.0192308
15381,52,51,0.0192308
15386,52,51,0.0192308
15399,52,51,0.0192308
15405,52,51,0.0192308
15409,52,51,0.0192308
15416,52,51,0.0192308
15423,52,51,0.0192308
15426,52,51,0.0192308
15429,52,51,0.0192308
15433,52,51,0.0192308
15438,52,51,0.0192308
15443,52,51,0.0192308
15451,52,51,0.0192308
15459,52,51,0.0192308
15464,52,51,0.0192308
15473,52,51,0.0192308
15479,52,51,0.0192308
15486,52,51,0.0192308
15490,52,51,0.0192308
15498,52,51,0.0192308
15502,52,51,0.0192308
15509,52,51,0.0192308
15513,52,51,0.0192308
15521,52,51,0.0192308
15526,52,51,0.0192308
15530,52,51,0.0192308
15538,52,51,0.0192308
15546,52,51,0.0192308
15549,52,51,0.0192308
15552,52,51,0.0192308
15557,52,51,0.0192308
15562,52,51,0.0192308
15567,52,51,0.0192308
15571,52,51,0.0192308
15577,52,51,0.0192308
15582,52,51,0.0192308
15587,52,51,0.0192308
15591,52,51,0.0192308
15595,52,51,0.0192308
15600,52,51,0.0192308
15608,52,51,0.0192308
15612,52,51,0.0192308
15619,52,51,0.0192308
15624,52,51,0.0192308
15628,52,51,0.0192308
15634,52,51,0.0192308
15638,52,51,0.0192308
15647,52,51,0.0192308
15653,52,51,0.0192308
15661,52,51,0.0192308
15666,52,51,0.0192308
15669,52,51,0.0192308
15673,52,51,0.0192308
15678,52,51,0.0192308
15683,52,51,0.0192308
15688,52,51,0.0192308
15697,52,51,0.0192308
15704,52,51,0.0192308
15712,52,51,0.0192308
15718,52,51,0.0192308
15724,52,51,0.0192308
15728,52,51,0.0192308
15738,52,51,0.0192308
15744,52,51,0.0192308
15748,52,51,0.0192308
15754,52,51,0.0192308
15757,52,51,0.0192308
15761,52,51,0.0192308
15764,52,51,0.0192308
15768,52,51,0.0192308
15775,52,51,0.0192308
15783,52,51,0.0192308
15787,52,51,0.0192308
15793,52,51,0.0192308
15798,52,51,0.0192308
15805,52,51,0.0192308
15810,52,51,0.0192308
15815,52,51,0.0192308
15820,52,51,0.0192308
15828,52,51,0.0192308
15832,52,51,0.0192308
15845,52,51,0.0192308
15850,52,51,0.0192308
15860,52,51,0.0192308
15865,52,51,0.0192308
15868,52,51,0.0192308
15872,52,51,0.0192308
15879,52,51,0.0192308
15888,52,51,0.0192308
15895,52,51,0.0192308
15898,52,51,0.0192308
15901,52,51,0.0192308
15905,52,51,0.0192308
15908,52,51,0.0192308
15913,52,51,0.0192308
15918,52,51,0.0192308
15921,52,51,0.0192308
15927,52,51,0.0192308
15930,52,51,0.0192308
15936,52,51,0.0192308
15940,52,51,0.0192308
15946,52,51,0.0192308
15952,52,51,0.0192308
15956,52,51,0.0192308
15960,52,51,0.0192308
15966,52,51,0.0192308
15968,52,51,0.0192308
15970,52,51,0.0192308
15974,52,51,0.0192308
15979,52,51,0.0192308
15980,52,51,0.0192308
15983,52,51,0.0192308
15987,52,51,0.0192308
15992,52,51,0.0192308
15997,52,51,0.0192308
16001,52,51,0.0192308
16005,52,51,0.0192308
16010,52,51,0.0192308
16014,52,51,0.0192308
16017,52,51,0.0192308
16021,52,51,0.0192308
16026,52,51,0.0192308
16030,52,51,0.0192308
16035,52,51,0.0192308
16037,52,51,0.0192308
16041,52,51,0.0192308
16044,52,51,0.0192308
16049,52,51,0.0192308
16053,52,51,0.0192308
16057,52,51,0.0192308
16060,52,51,0.0192308
16065,52,51,0.0192308
16068,52,51,0.0192308
16071,52,51,0.0192308
16074,52,51,0.0192308
16079,52,51,0.0192308
16083,52,51,0.0192308
16089,52,51,0.0192308
16091,52,51,0.0192308
16099,52,51,0.0192308
16105,52,51,0.0192308
16107,52,51,0.0192308
16110,52,51,0.0192308
16112,52,51,0.0192308
16116,52,51,0.0192308
16122,52,51,0.0192308
16129,52,51,0.0192308
16135,52,51,0.0192308
16146,52,51,0.0192308
16151,52,51,0.0192308
16157,52,51,0.0192308
16160,52,51,0.0192308
16163,52,51,0.0192308
16167,52,51,0.0192308
16171,52,51,0.0192308
16177,52,51,0.0192308
16181,52,51,0.0192308
16184,52,51,0.0192308
16188,52,51,0.0192308
16192,52,51,0.0192308
16195,52,51,0.0192308
16201,52,51,0.0192308
16204,52,51,0.0192308
16206,52,51,0.0192308
16211,52,51,0.0192308
16215,52,51,0.0192308
16220,52,51,0.0192308
16225,52,51,0.0192308
16230,52,51,0.0192308
16235,52,51,0.0192308
16238,52,51,0.0192308
16244,52,51,0.0192308
16251,52,51,0.0192308
16256,52,51,0.0192308
16258,52,51,0.0192308
16262,52,51,0.0192308
16265,52,51,0.0192308
16269,52,51,0.0192308
16271,52,51,0.0192308
16275,52,51,0.0192308
16281,52,51,0.0192308
16287,52,51,0.0192308
16294,52,51,0.0192308
16300,52,51,0.0192308
16304,52,51,0.0192308
16307,52,51,0.0192308
16310,52,51,0.0192308
16314,52,51,0.0192308
16318,52,51,0.0192308
16323,52,51,0.0192308
16329,52,51,0.0192308
16333,52,51,0.0192308
16337,52,51,0.0192308
16340,52,51,0.0192308
16344,52,51,0.0192308
16349,52,51,0.0192308
16354,52,51,0.0192308
16358,52,51,0.0192308
16362,52,51,0.0192308
16368,52,51,0.0192308
16370,52,51,0.0192308
16374,52,51,0.0192308
16376,52,51,0.0192308
16381,52,51,0.0192308
16383,52,51,0.0192308
16386,52,51,0.0192308
16391,52,51,0.0192308
16394,52,51,0.0192308
16399,52,51,0.0192308
16402,52,51,0.0192308
16405,52,51,0.0192308
16410,52,51,0.0192308
16416,52,51,0.0192308
16419,52,51,0.0192308
16423,52,51,0.0192308
16428,52,51,0.0192308
16431,52,51,0.0192308
16437,52,51,0.0192308
16442,52,51,0.0192308
16446,52,51,0.0192308
16449,52,51,0.0192308
16453,52,51,0.0192308
16455,52,51,0.0192308
16461,52,51,0.0192308
16464,52,51,0.0192308
16469,52,51,0.0192308
16473,52,51,0.0192308
16475,52,51,0.0192308
16479,52,51,0.0192308
16483,52,51,0.0192308
16487,52,51,0.0192308
16489,52,51,0.0192308
16491,52,51,0.0192308
16494,52,51,0.0192308
16498,52,51,0.0192308
16502,52,51,0.0192308
16506,52,51,0.0192308
16508,52,51,0.0192308
16510,52,51,0.0192308
16515,52,51,0.0192308
16521,52,51,0.0192308
16526,52,51,0.0192308
16529,52,51,0.0192308
16532,52,51,0.0192308
16535,52,51,0.0192308
16540,52,51,0.0192308
16548,52,51,0.0192308
16552,52,51,0.0192308
16555,52,51,0.0192308
16557,52,51,0.0192308
16562,52,51,0.0192308
16566,52,51,0.0192308
16569,52,51,0.0192308
16571,52,51,0.0192308
16576,52,51,0.0192308
16578,52,51,0.0192308
16583,52,51,0.0192308
16586,52,51,0.0192308
16589,52,51,0.0192308
16596,52,51,0.0192308
16600,52,51,0.0192308
16606,52,51,0.0192308
16611,52,51,0.0192308
16614,52,51,0.0192308
16617,52,51,0.0192308
16620,52,51,0.0192308
16623,52,51,0.0192308
16625,52,51,0.0192308
16629,52,51,0.0192308
16631,52,51,0.0192308
16637,52,51,0.0192308
16639,52,51,0.0192308
16644,52,51,0.0192308
16647,52,51,0.0192308
16651,52,51,0.0192308
16655,52,51,0.0192308
16659,52,51,0.0192308
16665,52,51,0.0192308
16670,52,51,0.0192308
16674,52,51,0.0192308
16676,52,51,0.0192308
16679,52,51,0.0192308
16681,52,51,0.0192308
16685,52,51,0.0192308
16689,52,51,0.0192308
16692,52,51,0.0192308
16694,52,51,0.0192308
16698,52,51,0.0192308
16701,52,51,0.0192308
16704,52,51,0.0192308
16711,52,51,0.0192308
16718,52,51,0.0192308
16723,52,51,0.0192308
16728,52,51,0.0192308
16733,52,51,0.0192308
16736,52,51,0.0192308
16738,52,51,0.0192308
16742,52,51,0.0192308
16746,52,51,0.0192308
16753,52,51,0.0192308
16758,52,51,0.0192308
16763,52,51,0.0192308
16768,52,51,0.0192308
16773,52,51,0.0192308
16777,52,51,0.0192308
16782,52,51,0.0192308
16787,52,51,0.0192308
16790,52,51,0.0192308
16793,52,51,0.0192308
16796,52,51,0.0192308
16801,52,51,0.0192308
16805,52,51,0.0192308
16810,52,51,0.0192308
16813,52,51,0.0192308
16817,52,51,0.0192308
16826,52,51,0.0192308
16828,52,51,0.0192308
16833,52,51,0.0192308
16837,52,51,0.0192308
16842,52,51,0.0192308
16848,52,51,0.0192308
16853,52,51,0.0192308
16860,52,51,0.0192308
16866,52,51,0.0192308
16870,52,51,0.0192308
16874,52,51,0.0192308
16877,52,51,0.0192308
16883,52,51,0.0192308
16886,52,51,0.0192308
16889,52,51,0.0192308
16895,52,51,0.0192308
16898,52,51,0.0192308
16903,52,51,0.0192308
16909,52,51,0.0192308
16914,52,51,0.0192308
16918,52,51,0.0192308
16921,52,51,0.0192308
16926,52,51,0.0192308
16931,52,51,0.0192308
16935,52,51,0.0192308
16940,52,51,0.0192308
16944,52,51,0.0192308
16948,52,51,0.0192308
16951,52,51,0.0192308
16954,52,51,0.0192308
16958,52,51,0.0192308
16963,52,51,0.0192308
16966,52,51,0.0192308
16976,52,51,0.0192308
16981,52,51,0.0192308
16987,52,51,0.0192308
16990,52,51,0.0192308
16995,52,51,0.0192308
17002,52,51,0.0192308
17004,52,51,0.0192308
17009,52,51,0.0192308
17013,52,51,0.0192308
17017,52,51,0.0192308
17021,52,51,0.0192308
17028,52,51,0.0192308
17033,52,51,0.0192308
17035,52,51,0.0192308
17038,52,51,0.0192308
17044,52,51,0.0192308
17050,52,51,0.0192308
17053,52,51,0.0192308
17057,52,51,0.0192308
17062,52,51,0.0192308
17065,52,51,0.0192308
17069,52,51,0.0192308
17074,52,51,0.0192308
17080,52,51,0.0192308
17086,52,51,0.0192308
17090,52,51,0.0192308
17096,52,51,0.0192308
17100,52,51,0.0192308
17107,52,51,0.0192308
17115,52,51,0.0192308
17122,52,51,0.0192308
17125,52,51,0.0192308
17132,52,51,0.0192308
17136,52,51,0.0192308
17143,52,51,0.0192308
17154,52,51,0.0192308
17157,52,51,0.0192308
17162,52,51,0.0192308
17164,52,51,0.0192308
17168,52,51,0.0192308
17172,52,51,0.0192308
17175,52,51,0.0192308
17181,52,51,0.0192308
17188,52,51,0.0192308
17192,52,51,0.0192308
17195,52,51,0.0192308
17198,52,51,0.0192308
17200,52,51,0.0192308
17203,52,51,0.0192308
17207,52,51,0.0192308
17209,52,51,0.0192308
17215,52,51,0.0192308
17220,52,51,0.0192308
17223,52,51,0.0192308
17227,52,51,0.0192308
17230,52,51,0.0192308
17233,52,51,0.0192308
17238,52,51,0.0192308
17241,52,51,0.0192308
17245,52,51,0.0192308
17250,52,51,0.0192308
17254,52,51,0.0192308
17257,52,51,0.0192308
17262,52,51,0.0192308
17265,52,51,0.0192308
17274,52,51,0.0192308
17279,52,51,0.0192308
17285,52,51,0.0192308
17288,52,51,0.0192308
17294,52,51,0.0192308
17298,52,51,0.0192308
17301,52,51,0.0192308
17308,52,51,0.0192308
17312,52,51,0.0192308
17317,52,51,0.0192308
17321,52,51,0.0192308
17326,52,51,0.0192308
17331,52,51,0.0192308
17336,52,51,0.0192308
17339,52,51,0.0192308
17342,52,51,0.0192308
17348,52,51,0.0192308
17352,52,51,0.0192308
17360,52,51,0.0192308
17362,52,51,0.0192308
17367,52,51,0.0192308
17374,52,51,0.0192308
17379,52,51,0.0192308
17383,52,51,0.0192308
17388,52,51,0.0192308
17393,52,51,0.0192308
17397,52,51,0.0192308
17400,52,51,0.0192308
17403,52,51,0.0192308
17408,52,51,0.0192308
17412,52,51,0.0192308
17417,52,51,0.0192308
17422,52,51,0.0192308
17427,52,51,0.0192308
17431,52,51,0.0192308
17435,52,51,0.0192308
17440,52,51,0.0192308
17444,52,51,0.0192308
17446,52,51,0.0192308
17450,52,51,0.0192308
17453,52,51,0.0192308
17456,52,51,0.0192308
17459,52,51,0.0192308
17463,52,51,0.0192308
17465,52,51,0.0192308
17469,52,51,0.0192308
17477,52,51,0.0192308
17484,52,51,0.0192308
17488,52,51,0.0192308
17491,52,51,0.0192308
17495,52,51,0.0192308
17499,52,51,0.0192308
17504,52,51,0.0192308
17506,52,51,0.0192308
17511,52,51,0.0192308
17516,52,51,0.0192308
17518,52,51,0.0192308
17522,52,51,0.0192308
17525,52,51,0.0192308
17528,52,51,0.0192308
17532,52,51,0.0192308
17535,52,51,0.0192308
17539,52,51,0.0192308
17543,52,51,0.0192308
17546,52,51,0.0192308
17550,52,51,0.0192308
17553,52,51,0.0192308
17556,52,51,0.0192308
17561,52,51,0.0192308
17565,52,51,0.0192308
17568,52,51,0.0192308
17570,52,51,0.0192308
17573,52,51,0.0192308
17578,52,51,0.0192308
17582,52,51,0.0192308
17586,52,51,0.0192308
17595,52,51,0.0192308
17600,52,51,0.0192308
17605,52,51,0.0192308
17610,52,51,0.0192308
17616,52,51,0.0192308
17619,52,51,0.0192308
17623,52,51,0.0192308
17627,52,51,0.0192308
17631,52,51,0.0192308
17633,52,51,0.0192308
17637,52,51,0.0192308
17640,52,51,0.0192308
17647,52,51,0.0192308
17653,52,51,0.0192308
17657,52,51,0.0192308
17661,52,51,0.0192308
17663,52,51,0.0192308
17670,52,51,0.0192308
17672,52,51,0.0192308
17678,52,51,0.0192308
17683,52,51,0.0192308
17686,52,51,0.0192308
17692,52,51,0.0192308
17696,52,51,0.0192308
17700,52,51,0.0192308
17703,52,51,0.0192308
17705,52,51,0.0192308
17708,52,51,0.0192308
17711,52,51,0.0192308
17715,52,51,0.0192308
17720,52,51,0.0192308
17724,52,51,0.0192308
17728,52,51,0.0192308
17731,52,51,0.0192308
17735,52,51,0.0192308
17737,52,51,0.0192308
17741,52,51,0.0192308
17744,52,51,0.0192308
17746,52,51,0.0192308
17751,52,51,0.0192308
17755,52,51,0.0192308
17760,52,51,0.0192308
17768,52,51,0.0192308
17771,52,51,0.0192308
17777,52,51,0.0192308
17782,52,51,0.0192308
17787,52,51,0.0192308
17793,52,51,0.0192308
17798,52,51,0.0192308
17806,52,51,0.0192308
17813,52,51,0.0192308
17820,52,51,0.0192308
17826,52,51,0.0192308
17836,52,51,0.0192308
17841,52,51,0.0192308
17845,52,51,0.0192308
17850,52,51,0.0192308
17853,52,51,0.0192308
17858,52,51,0.0192308
17862,52,51,0.0192308
17866,52,51,0.0192308
17872,52,51,0.0192308
17876,52,51,0.0192308
17880,52,51,0.0192308
17886,52,51,0.0192308
17891,52,51,0.0192308
17896,52,51,0.0192308
17900,52,51,0.0192308
17904,52,51,0.0192308
17907,52,51,0.0192308
17912,52,51,0.0192308
17915,52,51,0.0192308
17919,52,51,0.0192308
17924,52,51,0.0192308
17930,52,51,0.0192308
17933,52,51,0.0192308
17935,52,51,0.0192308
17939,52,51,0.0192308
17943,52,51,0.0192308
17946,52,51,0.0192308
17951,52,51,0.0192308
17953,52,51,0.0192308
17955,52,51,0.0192308
17958,52,51,0.0192308
17966,52,51,0.0192308
17969,52,51,0.0192308
17972,52,51,0.0192308
17975,52,51,0.0192308
17978,52,51,0.0192308
17982,52,51,0.0192308
17986,52,51,0.0192308
17991,52,51,0.0192308
17993,52,51,0.0192308
17996,52,51,0.0192308
18003,52,51,0.0192308
18006,52,51,0.0192308
18011,52,51,0.0192308
18013,52,51,0.0192308
18015,52,51,0.0192308
18017,52,51,0.0192308
18021,52,51,0.0192308
18025,52,51,0.0192308
18032,52,51,0.0192308
18037,52,51,0.0192308
18041,52,51,0.0192308
18045,52,51,0.0192308
18049,52,51,0.0192308
18053,52,51,0.0192308
18059,52,51,0.0192308
18066,52,51,0.0192308
18071,52,51,0.0192308
18077,52,51,0.0192308
18082,52,51,0.0192308
18088,52,51,0.0192308
18096,52,51,0.0192308
18098,52,51,0.0192308
18102,52,51,0.0192308
18111,52,51,0.0192308
18115,52,51,0.0192308
18121,52,51,0.0192308
18128,52,51,0.0192308
18136,52,51,0.0192308
18145,52,51,0.0192308
18148,52,51,0.0192308
18154,52,51,0.0192308
18162,52,51,0.0192308
18170,52,51,0.0192308
18174,52,51,0.0192308
18179,52,51,0.0192308
18189,52,51,0.0192308
18191,52,51,0.0192308
18195,52,51,0.0192308
18199,52,51,0.0192308
18209,52,51,0.0192308
18212,52,51,0.0192308
18215,52,51,0.0192308
18221,52,51,0.0192308
18227,52,51,0.0192308
18230,52,51,0.0192308
18235,52,51,0.0192308
18241,52,51,0.0192308
18248,52,51,0.0192308
18259,52,51,0.0192308
18264,52,51,0.0192308
18268,52,51,0.0192308
18271,52,51,0.0192308
18277,52,51,0.0192308
18284,52,51,0.0192308
18289,52,51,0.0192308
18293,52,51,0.0192308
18296,52,51,0.0192308
18301,52,51,0.0192308
18303,52,51,0.0192308
18306,52,51,0.0192308
18312,52,51,0.0192308
18316,52,51,0.0192308
18321,52,51,0.0192308
18325,52,51,0.0192308
18331,52,51,0.0192308
18334,52,51,0.0192308
18337,52,51,0.0192308
18341,52,51,0.0192308
18343,52,51,0.0192308
18347,52,51,0.0192308
18349,52,51,0.0192308
18352,52,51,0.0192308
18356,52,51,0.0192308
18359,52,51,0.0192308
18363,52,51,0.0192308
18367,52,51,0.0192308
18371,52,51,0.0192308
18375,52,51,0.0192308
18382,52,51,0.0192308
18386,52,51,0.0192308
18390,52,51,0.0192308
18396,52,51,0.0192308
18400,52,51,0.0192308
18404,52,51,0.0192308
18410,52,51,0.0192308
18414,52,51,0.0192308
18421,52,51,0.0192308
18425,52,51,0.0192308
18432,52,51,0.0192308
18437,52,51,0.0192308
18441,52,51,0.0192308
18445,52,51,0.0192308
18451,52,51,0.0192308
18456,52,51,0.0192308
18460,52,51,0.0192308
18465,52,51,0.0192308
18469,52,51,0.0192308
18475,52,51,0.0192308
18480,52,51,0.0192308
18482,52,51,0.0192308
18489,52,51,0.0192308
18495,52,51,0.0192308
18501,52,51,0.0192308
18507,52,51,0.0192308
18512,52,51,0.0192308
18516,52,51,0.0192308
18521,52,51,0.0192308
18527,52,51,0.0192308
18530,52,51,0.0192308
18537,52,51,0.0192308
18540,52,51,0.0192308
18545,52,51,0.0192308
18552,52,51,0.0192308
18556,52,51,0.0192308
18559,52,51,0.0192308
18562,52,51,0.0192308
18566,52,51,0.0192308
18572,52,51,0.0192308
18577,52,51,0.0192308
18581,52,51,0.0192308
18584,52,51,0.0192308
18590,52,51,0.0192308
18600,52,51,0.0192308
18609,52,51,0.0192308
18616,52,51,0.0192308
18624,52,51,0.0192308
18628,52,51,0.0192308
18632,52,51,0.0192308
18634,52,51,0.0192308
18637,52,51,0.0192308
18641,52,51,0.0192308
18643,52,51,0.0192308
18645,52,51,0.0192308
18649,52,51,0.0192308
18654,52,51,0.0192308
18658,52,51,0.0192308
18665,52,51,0.0192308
18669,52,51,0.0192308
18674,52,51,0.0192308
18679,52,51,0.0192308
18681,52,51,0.0192308
18686,52,51,0.0192308
18693,52,51,0.0192308
18701,52,51,0.0192308
18708,52,51,0.0192308
18714,52,51,0.0192308
18719,52,51,0.0192308
18726,52,51,0.0192308
18729,52,51,0.0192308
18731,52,51,0.0192308
18736,52,51,0.0192308
18743,52,51,0.0192308
18747,52,51,0.0192308
18750,52,51,0.0192308
18757,52,51,0.0192308
18763,52,51,0.0192308
18767,52,51,0.0192308
18770,52,51,0.0192308
18776,52,51,0.0192308
18781,52,51,0.0192308
18785,52,51,0.0192308
18789,52,51,0.0192308
18796,52,51,0.0192308
18801,52,51,0.0192308
18807,52,51,0.0192308
18812,52,51,0.0192308
18820,52,51,0.0192308
18824,52,51,0.0192308
18829,52,51,0.0192308
18833,52,51,0.0192308
18839,52,51,0.0192308
18843,52,51,0.0192308
18847,52,51,0.0192308
18852,52,51,0.0192308
18857,52,51,0.0192308
18862,52,51,0.0192308
18869,52,51,0.0192308
18873,52,51,0.0192308
18880,52,51,0.0192308
18889,52,51,0.0192308
18892,52,51,0.0192308
18897,52,51,0.0192308
18900,52,51,0.0192308
18906,52,51,0.0192308
18913,52,51,0.0192308
18919,52,51,0.0192308
18926,52,51,0.0192308
18933,52,51,0.0192308
18938,52,51,0.0192308
18943,52,51,0.0192308
18948,52,51,0.0192308
18956,52,51,0.0192308
18963,52,51,0.0192308
18966,52,51,0.0192308
18970,52,51,0.0192308
18974,52,51,0.0192308
18978,52,51,0.0192308
18983,52,51,0.0192308
18987,52,51,0.0192308
18993,52,51,0.0192308
18996,52,51,0.0192308
19001,52,51,0.0192308
19005,52,51,0.0192308
19010,52,51,0.0192308
19016,52,51,0.0192308
19023,52,51,0.0192308
19031,52,51,0.0192308
19036,52,51,0.0192308
19039,52,51,0.0192308
19046,52,51,0.0192308
19055,52,51,0.0192308
19066,52,51,0.0192308
19070,52,51,0.0192308
19078,52,51,0.0192308
19081,52,51,0.0192308
19086,52,51,0.0192308
19090,52,51,0.0192308
19094,52,51,0.0192308
19099,52,51,0.0192308
19104,52,51,0.0192308
19108,52,51,0.0192308
19111,52,51,0.0192308
19117,52,51,0.0192308
19120,52,51,0.0192308
19124,52,51,0.0192308
19127,52,51,0.0192308
19130,52,51,0.0192308
19134,52,51,0.0192308
19138,52,51,0.0192308
19140,52,51,0.0192308
19142,52,51,0.0192308
19146,52,51,0.0192308
19152,52,51,0.0192308
19157,52,51,0.0192308
19160,52,51,0.0192308
19166,52,51,0.0192308
19169,52,51,0.0192308
19174,52,51,0.0192308
19181,52,51,0.0192308
19185,52,51,0.0192308
19193,52,51,0.0192308
19199,52,51,0.0192308
19202,52,51,0.0192308
19212,52,51,0.0192308
19216,52,51,0.0192308
19218,52,51,0.0192308
19222,52,51,0.0192308
19226,52,51,0.0192308
19230,52,51,0.0192308
19236,52,51,0.0192308
19242,52,51,0.0192308
19249,52,51,0.0192308
19255,52,51,0.0192308
19260,52,51,0.0192308
19266,52,51,0.0192308
19271,52,51,0.0192308
19276,52,51,0.0192308
19281,52,51,0.0192308
19288,52,51,0.0192308
19293,52,51,0.0192308
19297,52,51,0.0192308
19301,52,51,0.0192308
19307,52,51,0.0192308
19316,52,51,0.0192308
19322,52,51,0.0192308
19329,52,51,0.0192308
19333,52,51,0.0192308
19341,52,51,0.0192308
19348,52,51,0.0192308
19352,52,51,0.0192308
19357,52,51,0.0192308
19360,52,51,0.0192308
19369,52,51,0.0192308
19374,52,51,0.0192308
19377,52,51,0.0192308
19382,52,51,0.0192308
19386,52,51,0.0192308
19392,52,51,0.0192308
19398,52,51,0.0192308
19404,52,51,0.0192308
19412,52,51,0.0192308
19418,52,51,0.0192308
19419,52,51,0.0192308
19423,52,51,0.0192308
19428,52,51,0.0192308
19434,52,51,0.0192308
19440,52,51,0.0192308
19445,52,51,0.0192308
19452,52,51,0.0192308
19457,52,51,0.0192308
19463,52,51,0.0192308
19469,52,51,0.0192308
19472,52,51,0.0192308
19478,52,51,0.0192308
19481,52,51,0.0192308
19486,52,51,0.0192308
19493,52,51,0.0192308
19498,52,51,0.0192308
19504,52,51,0.0192308
19508,52,51,0.0192308
19514,52,51,0.0192308
19518,52,51,0.0192308
19527,52,51,0.0192308
19531,52,51,0.0192308
19539,52,51,0.0192308
19545,52,51,0.0192308
19549,52,51,0.0192308
19552,52,51,0.0192308
19558,52,51,0.0192308
19564,52,51,0.0192308
19571,52,51,0.0192308
19577,52,51,0.0192308
19581,52,51,0.0192308
19585,52,51,0.0192308
19593,52,51,0.0192308
19599,52,51,0.0192308
19609,52,51,0.0192308
19618,52,51,0.0192308
19622,52,51,0.0192308
19627,52,51,0.0192308
19639,52,51,0.0192308
19649,52,51,0.0192308
19657,52,51,0.0192308
19663,52,51,0.0192308
19671,52,51,0.0192308
19680,52,51,0.0192308
19688,52,51,0.0192308
19695,52,51,0.0192308
19701,52,51,0.0192308
19708,52,51,0.0192308
19714,52,51,0.0192308
19718,52,51,0.0192308
19726,52,51,0.0192308
19730,52,51,0.0192308
19739,52,51,0.0192308
19745,52,51,0.0192308
19757,52,51,0.0192308
19764,52,51,0.0192308
19775,52,51,0.0192308
19785,52,51,0.0192308
19793,52,51,0.0192308
19798,52,51,0.0192308
19805,52,51,0.0192308
19813,52,51,0.0192308
19818,52,51,0.0192308
19826,52,51,0.0192308
19833,52,51,0.0192308
19842,52,51,0.0192308
19850,52,51,0.0192308
19856,52,51,0.0192308
19862,52,51,0.0192308
19869,52,51,0.0192308
19875,52,51,0.0192308
19880,52,51,0.0192308
19887,52,51,0.0192308
19894,52,51,0.0192308
19898,52,51,0.0192308
19903,52,51,0.0192308
19912,52,51,0.0192308
19918,52,51,0.0192308
19923,52,51,0.0192308
19930,52,51,0.0192308
19937,52,51,0.0192308
19944,52,51,0.0192308
19949,52,51,0.0192308
19956,52,51,0.0192308
19961,52,51,0.0192308
19966,52,51,0.0192308
19969,52,51,0.0192308
19973,52,51,0.0192308
19977,52,51,0.0192308
19982,52,51,0.0192308
19988,52,51,0.0192308
19991,52,51,0.0192308
19997,52,51,0.0192308
20006,52,51,0.0192308
20012,52,51,0.0192308
20016,52,51,0.0192308
20020,52,51,0.0192308
20026,52,51,0.0192308
20033,52,51,0.0192308
20038,52,51,0.0192308
20047,52,51,0.0192308
20056,52,51,0.0192308
20062,52,51,0.0192308
20070,52,51,0.0192308
20073,52,51,0.0192308
20082,52,51,0.0192308
20089,52,51,0.0192308
20096,52,51,0.0192308
20099,52,51,0.0192308
20104,52,51,0.0192308
20113,52,51,0.0192308
20115,52,51,0.0192308
20122,52,51,0.0192308
20130,52,51,0.0192308
20137,52,51,0.0192308
20145,52,51,0.0192308
20151,52,51,0.0192308
20159,52,51,0.0192308
20167,52,51,0.0192308
20170,52,51,0.0192308
20176,52,51,0.0192308
20181,52,51,0.0192308
20188,52,51,0.0192308
20196,52,51,0.0192308
20201,52,51,0.0192308
20207,52,51,0.0192308
20211,52,51,0.0192308
20216,52,51,0.0192308
20223,52,51,0.0192308
20230,52,51,0.0192308
20234,52,51,0.0192308
20240,52,51,0.0192308
20245,52,51,0.0192308
20250,52,51,0.0192308
20257,52,51,0.0192308
20261,52,51,0.0192308
20267,52,51,0.0192308
20271,52,51,0.0192308
20282,52,51,0.0192308
20288,52,51,0.0192308
20294,52,51,0.0192308
20300,52,51,0.0192308
20306,52,51,0.0192308
20313,52,51,0.0192308
20319,52,51,0.0192308
20326,52,51,0.0192308
20332,52,51,0.0192308
20337,52,51,0.0192308
20343,52,51,0.0192308
20347,52,51,0.0192308
20349,52,51,0.0192308
20357,52,51,0.0192308
20364,52,51,0.0192308
20368,52,51,0.0192308
20375,52,51,0.0192308
20380,52,51,0.0192308
20384,52,51,0.0192308
20391,52,51,0.0192308
20397,52,51,0.0192308
20401,52,51,0.0192308
20407,52,51,0.0192308
20410,52,51,0.0192308
20416,52,51,0.0192308
20419,52,51,0.0192308
20422,52,51,0.0192308
20426,52,51,0.0192308
20432,52,51,0.0192308
20440,52,51,0.0192308
20446,52,51,0.0192308
20451,52,51,0.0192308
20457,52,51,0.0192308
20464,52,51,0.0192308
20470,52,51,0.0192308
20474,52,51,0.0192308
20484,52,51,0.0192308
20488,52,51,0.0192308
20493,52,51,0.0192308
20500,52,51,0.0192308
20503,52,51,0.0192308
20508,52,51,0.0192308
20513,52,51,0.0192308
20515,52,51,0.0192308
20521,52,51,0.0192308
20526,52,51,0.0192308
20529,52,51,0.0192308
20534,52,51,0.0192308
20539,52,51,0.0192308
20544,52,51,0.0192308
20549,52,51,0.0192308
20554,52,51,0.0192308
20557,52,51,0.0192308
20561,52,51,0.0192308
20565,52,51,0.0192308
20572,52,51,0.0192308
20579,52,51,0.0192308
20583,52,51,0.0192308
20588,52,51,0.0192308
20591,52,51,0.0192308
20597,52,51,0.0192308
20603,52,51,0.0192308
20607,52,51,0.0192308
20610,52,51,0.0192308
20614,52,51,0.0192308
20620,52,51,0.0192308
20628,52,51,0.0192308
20633,52,51,0.0192308
20639,52,51,0.0192308
20644,52,51,0.0192308
20653,52,51,0.0192308
20658,52,51,0.0192308
20664,52,51,0.0192308
20668,52,51,0.0192308
20674,52,51,0.0192308
20681,52,51,0.0192308
20685,52,51,0.0192308
20688,52,51,0.0192308
20691,52,51,0.0192308
20698,52,51,0.0192308
20703,52,51,0.0192308
20705,52,51,0.0192308
20709,52,51,0.0192308
20714,52,51,0.0192308
20717,52,51,0.0192308
20725,52,51,0.0192308
20729,52,51,0.0192308
20733,52,51,0.0192308
20738,52,51,0.0192308
20741,52,51,0.0192308
20746,52,51,0.0192308
20752,52,51,0.0192308
20756,52,51,0.0192308
20761,52,51,0.0192308
20767,52,51,0.0192308
20769,52,51,0.0192308
20775,52,51,0.0192308
20783,52,51,0.0192308
20788,52,51,0.0192308
20794,52,51,0.0192308
20800,52,51,0.0192308
20805,52,51,0.0192308
20809,52,51,0.0192308
20811,52,51,0.0192308
20814,52,51,0.0192308
20819,52,51,0.0192308
20823,52,51,0.0192308
20828,52,51,0.0192308
20832,52,51,0.0192308
20837,52,51,0.0192308
20841,52,51,0.0192308
20845,52,51,0.0192308
20849,52,51,0.0192308
20852,52,51,0.0192308
20858,52,51,0.0192308
20863,52,51,0.0192308
20867,52,51,0.0192308
20873,52,51,0.0192308
20876,52,51,0.0192308
20880,52,51,0.0192308
20883,52,51,0.0192308
20887,52,51,0.0192308
20890,52,51,0.0192308
20895,52,51,0.0192308
20901,52,51,0.0192308
20906,52,51,0.0192308
20913,52,51,0.0192308
20917,52,51,0.0192308
20923,52,51,0.0192308
20927,52,51,0.0192308
20933,52,51,0.0192308
20937,52,51,0.0192308
20942,52,51,0.0192308
20948,52,51,0.0192308
20953,52,51,0.0192308
20961,52,51,0.0192308
20965,52,51,0.0192308
20972,52,51,0.0192308
20976,52,51,0.0192308
20982,52,51,0.0192308
20988,52,51,0.0192308
20992,52,51,0.0192308
20998,52,51,0.0192308
21004,52,51,0.0192308
21010,52,51,0.0192308
21014,52,51,0.0192308
21020,52,51,0.0192308
21028,52,51,0.0192308
21033,52,51,0.0192308
21039,52,51,0.0192308
21045,52,51,0.0192308
21053,52,51,0.0192308
21058,52,51,0.0192308
21065,52,51,0.0192308
21072,52,51,0.0192308
21079,52,51,0.0192308
21086,52,51,0.0192308
21090,52,51,0.0192308
21096,52,51,0.0192308
21102,52,51,0.0192308
21110,52,51,0.0192308
21115,52,51,0.0192308
21121,52,51,0.0192308
21125,52,51,0.0192308
21132,52,51,0.0192308
21140,52,51,0.0192308
21147,52,51,0.0192308
21157,52,51,0.0192308
21162,52,51,0.0192308
21167,52,51,0.0192308
21177,52,51,0.0192308
21183,52,51,0.0192308
21187,52,51,0.0192308
21190,52,51,0.0192308
21196,52,51,0.0192308
21205,52,51,0.0192308
21212,52,51,0.0192308
21220,52,51,0.0192308
21229,52,51,0.0192308
21233,52,51,0.0192308
21238,52,51,0.0192308
21245,52,51,0.0192308
21252,52,51,0.0192308
21257,52,51,0.0192308
21261,52,51,0.0192308
21270,52,51,0.0192308
21275,52,51,0.0192308
21281,52,51,0.0192308
21289,52,51,0.0192308
21296,52,51,0.0192308
21303,52,51,0.0192308
21312,52,51,0.0192308
21323,52,51,0.0192308
21330,52,51,0.0192308
21341,52,51,0.0192308
21347,52,51,0.0192308
21353,52,51,0.0192308
21359,52,51,0.0192308
21371,52,51,0.0192308
21381,52,51,0.0192308
21388,52,51,0.0192308
21397,52,51,0.0192308
21404,52,51,0.0192308
21408,52,51,0.0192308
21412,52,51,0.0192308
21417,52,51,0.0192308
21427,52,51,0.0192308
21433,52,51,0.0192308
21442,52,51,0.0192308
21449,52,51,0.0192308
21454,52,51,0.0192308
21462,52,51,0.0192308
21470,52,51,0.0192308
21474,52,51,0.0192308
21483,52,51,0.0192308
21490,52,51,0.0192308
21502,52,51,0.0192308
21511,52,51,0.0192308
21517,52,51,0.0192308
21527,52,51,0.0192308
21535,52,51,0.0192308
21545,52,51,0.0192308
21556,52,51,0.0192308
21562,52,51,0.0192308
21574,52,51,0.0192308
21581,52,51,0.0192308
21591,52,51,0.0192308
21597,52,51,0.0192308
21603,52,51,0.0192308
21610,52,51,0.0192308
21621,52,51,0.0192308
21627,52,51,0.0192308
21633,52,51,0.0192308
21644,52,51,0.0192308
21650,52,51,0.0192308
21654,52,51,0.0192308
21660,52,51,0.0192308
21664,52,51,0.0192308
21668,52,51,0.0192308
21676,52,51,0.0192308
21684,52,51,0.0192308
21693,52,51,0.0192308
21699,52,51,0.0192308
21705,52,51,0.0192308
21715,52,51,0.0192308
21720,52,51,0.0192308
21724,52,51,0.0192308
21729,52,51,0.0192308
21736,52,51,0.0192308
21744,52,51,0.0192308
21751,52,51,0.0192308
21755,52,51,0.0192308
21759,52,51,0.0192308
21761,52,51,0.0192308
21765,52,51,0.0192308
21771,52,51,0.0192308
21775,52,51,0.0192308
21780,52,51,0.0192308
21785,52,51,0.0192308
21793,52,51,0.0192308
21799,52,51,0.0192308
21810,52,51,0.0192308
21816,52,51,0.0192308
21823,52,51,0.0192308
21828,52,51,0.0192308
21834,52,51,0.0192308
21841,52,51,0.0192308
21849,52,51,0.0192308
21859,52,51,0.0192308
21864,52,51,0.0192308
21873,52,51,0.0192308
21879,52,51,0.0192308
21885,52,51,0.0192308
21891,52,51,0.0192308
21897,52,51,0.0192308
21903,52,51,0.0192308
21912,52,51,0.0192308
21921,52,51,0.0192308
21925,52,51,0.0192308
21932,52,51,0.0192308
21941,52,51,0.0192308
21947,52,51,0.0192308
21952,52,51,0.0192308
21961,52,51,0.0192308
21966,52,51,0.0192308
21971,52,51,0.0192308
21980,52,51,0.0192308
21987,52,51,0.0192308
21995,52,51,0.0192308
22000,52,51,0.0192308
22006,52,51,0.0192308
22012,52,51,0.0192308
22017,52,51,0.0192308
22024,52,51,0.0192308
22033,52,51,0.0192308
22039,52,51,0.0192308
22045,52,51,0.0192308
22053,52,51,0.0192308
22057,52,51,0.0192308
22066,52,51,0.0192308
22076,52,51,0.0192308
22088,52,51,0.0192308
22095,52,51,0.0192308
22101,52,51,0.0192308
22113,52,51,0.0192308
22121,52,51,0.0192308
22130,52,51,0.0192308
22137,52,51,0.0192308
22143,52,51,0.0192308
22151,52,51,0.0192308
22158,52,51,0.0192308
22161,52,51,0.0192308
22166,52,51,0.0192308
22173,52,51,0.0192308
22179,52,51,0.0192308
22183,52,51,0.0192308
22189,52,51,0.0192308
22193,52,51,0.0192308
22201,52,51,0.0192308
22205,52,51,0.0192308
22212,52,51,0.0192308
22217,52,51,0.0192308
22221,52,51,0.0192308
22225,52,51,0.0192308
22228,52,51,0.0192308
22234,52,51,0.0192308
22238,52,51,0.0192308
22245,52,51,0.0192308
22248,52,51,0.0192308
22251,52,51,0.0192308
22255,52,51,0.0192308
22259,52,51,0.0192308
22270,52,51,0.0192308
22285,52,51,0.0192308
22298,52,51,0.0192308
22307,52,51,0.0192308
22320,52,51,0.0192308
22328,52,51,0.0192308
22339,52,51,0.0192308
22347,52,51,0.0192308
22358,52,51,0.0192308
22367,52,51,0.0192308
22383,52,51,0.0192308
22391,52,51,0.0192308
22399,52,51,0.0192308
22410,52,51,0.0192308
22421,52,51,0.0192308
22433,52,51,0.0192308
22439,52,51,0.0192308
22447,52,51,0.0192308
22453,52,51,0.0192308
22458,52,51,0.0192308
22466,52,51,0.0192308
22474,52,51,0.0192308
22482,52,51,0.0192308
22491,52,51,0.0192308
22498,52,51,0.0192308
22506,52,51,0.0192308
22511,52,51,0.0192308
22518,52,51,0.0192308
22528,52,51,0.0192308
22536,52,51,0.0192308
22544,52,51,0.0192308
22550,52,51,0.0192308
22557,52,51,0.0192308
22565,52,51,0.0192308
22570,52,51,0.0192308
22574,52,51,0.0192308
22581,52,51,0.0192308
22587,52,51,0.0192308
22593,52,51,0.0192308
22604,52,51,0.0192308
22614,52,51,0.0192308
22624,52,51,0.0192308
22631,52,51,0.0192308
22642,52,51,0.0192308
22649,52,51,0.0192308
22656,52,51,0.0192308
22662,52,51,0.0192308
22670,52,51,0.0192308
22681,52,51,0.0192308
22691,52,51,0.0192308
22696,52,51,0.0192308
22704,52,51,0.0192308
22714,52,51,0.0192308
22725,52,51,0.0192308
22732,52,51,0.0192308
22738,52,51,0.0192308
22745,52,51,0.0192308
22754,52,51,0.0192308
22768,52,51,0.0192308
22777,52,51,0.0192308
22781,52,51,0.0192308
22797,52,51,0.0192308
22804,52,51,0.0192308
22813,52,51,0.0192308
22822,52,51,0.0192308
22830,52,51,0.0192308
22834,52,51,0.0192308
22842,52,51,0.0192308
22846,52,51,0.0192308
22855,52,51,0.0192308
22862,52,51,0.0192308
22868,52,51,0.0192308
22874,52,51,0.0192308
22883,52,51,0.0192308
22889,52,51,0.0192308
22898,52,51,0.0192308
22904,52,51,0.0192308
22908,52,51,0.0192308
22913,52,51,0.0192308
22921,52,51,0.0192308
22925,52,51,0.0192308
22930,52,51,0.0192308
22940,52,51,0.0192308
22946,52,51,0.0192308
22952,52,51,0.0192308
22959,52,51,0.0192308
22967,52,51,0.0192308
22980,52,51,0.0192308
22989,52,51,0.0192308
22995,52,51,0.0192308
22999,52,51,0.0192308
23007,52,51,0.0192308
23012,52,51,0.0192308
23020,52,51,0.0192308
23031,52,51,0.0192308
23034,52,51,0.0192308
23045,52,51,0.0192308
23050,52,51,0.0192308
23059,52,51,0.0192308
23069,52,51,0.0192308
23078,52,51,0.0192308
23085,52,51,0.0192308
23092,52,51,0.0192308
23099,52,51,0.0192308
23104,52,51,0.0192308
23110,52,51,0.0192308
23121,52,51,0.0192308
23127,52,51,0.0192308
23135,52,51,0.0192308
23142,52,51,0.0192308
23149,52,51,0.0192308
23156,52,51,0.0192308
23165,52,51,0.0192308
23174,52,51,0.0192308
23180,52,51,0.0192308
23185,52,51,0.0192308
23193,52,51,0.0192308
23200,52,51,0.0192308
23207,52,51,0.0192308
23215,52,51,0.0192308
23222,52,51,0.0192308
23228,52,51,0.0192308
23234,52,51,0.0192308
23239,52,51,0.0192308
23244,52,51,0.0192308
23249,52,51,0.0192308
23255,52,51,0.0192308
23262,52,51,0.0192308
23267,52,51,0.0192308
23272,52,51,0.0192308
23277,52,51,0.0192308
23286,52,51,0.0192308
23292,52,51,0.0192308
23300,52,51,0.0192308
23307,52,51,0.0192308
23312,52,51,0.0192308
23321,52,51,0.0192308
23325,52,51,0.0192308
23331,52,51,0.0192308
23340,52,51,0.0192308
23346,52,51,0.0192308
23350,52,51,0.0192308
23354,52,51,0.0192308
23361,52,51,0.0192308
23365,52,51,0.0192308
23371,52,51,0.0192308
23374,52,51,0.0192308
23379,52,51,0.0192308
23386,52,51,0.0192308
23390,52,51,0.0192308
23397,52,51,0.0192308
23402,52,51,0.0192308
23407,52,51,0.0192308
23417,52,51,0.0192308
23422,52,51,0.0192308
23430,52,51,0.0192308
23438,52,51,0.0192308
23445,52,51,0.0192308
23454,52,51,0.0192308
23459,52,51,0.0192308
23463,52,51,0.0192308
23468,52,51,0.0192308
23472,52,51,0.0192308
23479,52,51,0.0192308
23484,52,51,0.0192308
23490,52,51,0.0192308
23499,52,51,0.0192308
23503,52,51,0.0192308
23508,52,51,0.0192308
23513,52,51,0.0192308
23519,52,51,0.0192308
23523,52,51,0.0192308
23527,52,51,0.0192308
23532,52,51,0.0192308
23536,52,51,0.0192308
23542,52,51,0.0192308
23553,52,51,0.0192308
23558,52,51,0.0192308
23565,52,51,0.0192308
23572,52,51,0.0192308
23578,52,51,0.0192308
23586,52,51,0.0192308
23595,52,51,0.0192308
23598,52,51,0.0192308
23604,52,51,0.0192308
23608,52,51,0.0192308
23618,52,51,0.0192308
23623,52,51,0.0192308
23629,52,51,0.0192308
23636,52,51,0.0192308
23644,52,51,0.0192308
23651,52,51,0.0192308
23656,52,51,0.0192308
23661,52,51,0.0192308
23669,52,51,0.0192308
23677,52,51,0.0192308
23684,52,51,0.0192308
23690,52,51,0.0192308
23696,52,51,0.0192308
23701,52,51,0.0192308
23710,52,51,0.0192308
23715,52,51,0.0192308
23723,52,51,0.0192308
23726,52,51,0.0192308
23730,52,51,0.0192308
23736,52,51,0.0192308
23742,52,51,0.0192308
23748,52,51,0.0192308
23754,52,51,0.0192308
23761,52,51,0.0192308
23771,52,51,0.0192308
23782,52,51,0.0192308
23790,52,51,0.0192308
23795,52,51,0.0192308
23801,52,51,0.0192308
23810,52,51,0.0192308
23816,52,51,0.0192308
23825,52,51,0.0192308
23835,52,51,0.0192308
23840,52,51,0.0192308
23845,52,51,0.0192308
23854,52,51,0.0192308
23860,52,51,0.0192308
23868,52,51,0.0192308
23875,52,51,0.0192308
23883,52,51,0.0192308
23889,52,51,0.0192308
23894,52,51,0.0192308
23904,52,51,0.0192308
23912,52,51,0.0192308
23921,52,51,0.0192308
23928,52,51,0.0192308
23933,52,51,0.0192308
23942,52,51,0.0192308
23953,52,51,0.0192308
23964,52,51,0.0192308
23977,52,51,0.0192308
23986,52,51,0.0192308
23997,52,51,0.0192308
24002,52,51,0.0192308
24011,52,51,0.0192308
24020,52,51,0.0192308
24032,52,51,0.0192308
24039,52,51,0.0192308
24045,52,51,0.0192308
24055,52,51,0.0192308
24065,52,51,0.0192308
24074,52,51,0.0192308
24082,52,51,0.0192308
24089,52,51,0.0192308
24096,52,51,0.0192308
24102,52,51,0.0192308
24110,52,51,0.0192308
24115,52,51,0.0192308
24124,52,51,0.0192308
24132,52,51,0.0192308
24137,52,51,0.0192308
24143,52,51,0.0192308
24150,52,51,0.0192308
24160,52,51,0.0192308
24166,52,51,0.0192308
24176,52,51,0.0192308
24185,52,51,0.0192308
24197,52,51,0.0192308
24204,52,51,0.0192308
24211,52,51,0.0192308
24218,52,51,0.0192308
24226,52,51,0.0192308
24230,52,51,0.0192308
24239,52,51,0.0192308
24244,52,51,0.0192308
24251,52,51,0.0192308
24258,52,51,0.0192308
24263,52,51,0.0192308
24267,52,51,0.0192308
24272,52,51,0.0192308
24281,52,51,0.0192308
24289,52,51,0.0192308
24294,52,51,0.0192308
24298,52,51,0.0192308
24305,52,51,0.0192308
24309,52,51,0.0192308
24317,52,51,0.0192308
24324,52,51,0.0192308
24329,52,51,0.0192308
24335,52,51,0.0192308
24346,52,51,0.0192308
24351,52,51,0.0192308
24361,52,51,0.0192308
24369,52,51,0.0192308
24375,52,51,0.0192308
24385,52,51,0.0192308
24392,52,51,0.0192308
24399,52,51,0.0192308
24406,52,51,0.0192308
24412,52,51,0.0192308
24424,52,51,0.0192308
24432,52,51,0.0192308
24438,52,51,0.0192308
24443,52,51,0.0192308
24453,52,51,0.0192308
24460,52,51,0.0192308
24468,52,51,0.0192308
24473,52,51,0.0192308
24481,52,51,0.0192308
24486,52,51,0.0192308
24493,52,51,0.0192308
24500,52,51,0.0192308
24507,52,51,0.0192308
24514,52,51,0.0192308
24520,52,51,0.0192308
24525,52,51,0.0192308
24533,52,51,0.0192308
24544,52,51,0.0192308
24551,52,51,0.0192308
24557,52,51,0.0192308
24563,52,51,0.0192308
24567,52,51,0.0192308
24575,52,51,0.0192308
24584,52,51,0.0192308
24593,52,51,0.0192308
24601,52,51,0.0192308
24607,52,51,0.0192308
24616,52,51,0.0192308
24623,52,51,0.0192308
24629,52,51,0.0192308
24635,52,51,0.0192308
24642,52,51,0.0192308
24646,52,51,0.0192308
24656,52,51,0.0192308
24660,52,51,0.0192308
24667,52,51,0.0192308
24678,52,51,0.0192308
24684,52,51,0.0192308
24691,52,51,0.0192308
24697,52,51,0.0192308
24701,52,51,0.0192308
24705,52,51,0.0192308
24713,52,51,0.0192308
24719,52,51,0.0192308
24725,52,51,0.0192308
24730,52,51,0.0192308
24733,52,51,0.0192308
24741,52,51,0.0192308
24744,52,51,0.0192308
24749,52,51,0.0192308
24756,52,51,0.0192308
24767,52,51,0.0192308
24770,52,51,0.0192308
24775,52,51,0.0192308
24780,52,51,0.0192308
24787,52,51,0.0192308
24796,52,51,0.0192308
24803,52,51,0.0192308
24808,52,51,0.0192308
24816,52,51,0.0192308
24821,52,51,0.0192308
24831,52,51,0.0192308
24836,52,51,0.0192308
24844,52,51,0.0192308
24851,52,51,0.0192308
24860,52,51,0.0192308
24865,52,51,0.0192308
24871,52,51,0.0192308
24879,52,51,0.0192308
24886,52,51,0.0192308
24892,52,51,0.0192308
24899,52,51,0.0192308
24904,52,51,0.0192308
24909,52,51,0.0192308
24915,52,51,0.0192308
24920,52,51,0.0192308
24927,52,51,0.0192308
24936,52,51,0.0192308
24943,52,51,0.0192308
24950,52,51,0.0192308
24956,52,51,0.0192308
24966,52,51,0.0192308
24974,52,51,0.0192308
24982,52,51,0.0192308
24996,52,51,0.0192308
25002,52,51,0.0192308
25008,52,51,0.0192308
25015,52,51,0.0192308
25021,52,51,0.0192308
25027,52,51,0.0192308
25034,52,51,0.0192308
25042,52,51,0.0192308
25046,52,51,0.0192308
25053,52,51,0.0192308
25057,52,51,0.0192308
25061,52,51,0.0192308
25065,52,51,0.0192308
25070,52,51,0.0192308
25074,52,51,0.0192308
25082,52,51,0.0192308
25088,52,51,0.0192308
25094,52,51,0.0192308
25107,52,51,0.0192308
25118,52,51,0.0192308
25127,52,51,0.0192308
25137,52,51,0.0192308
25146,52,51,0.0192308
25151,52,51,0.0192308
25158,52,51,0.0192308
25165,52,51,0.0192308
25174,52,51,0.0192308
25186,52,51,0.0192308
25193,52,51,0.0192308
25201,52,51,0.0192308
25208,52,51,0.0192308
25215,52,51,0.0192308
25224,52,51,0.0192308
25234,52,51,0.0192308
25239,52,51,0.0192308
25246,52,51,0.0192308
25252,52,51,0.0192308
25259,52,51,0.0192308
25265,52,51,0.0192308
25276,52,51,0.0192308
25282,52,51,0.0192308
25292,52,51,0.0192308
25304,52,51,0.0192308
25309,52,51,0.0192308
25314,52,51,0.0192308
25324,52,51,0.0192308
25331,52,51,0.0192308
25347,52,51,0.0192308
25356,52,51,0.0192308
25368,52,51,0.0192308
25381,52,51,0.0192308
25388,52,51,0.0192308
25398,52,51,0.0192308
25408,52,51,0.0192308
25414,52,51,0.0192308
25420,52,51,0.0192308
25424,52,51,0.0192308
25430,52,51,0.0192308
25437,52,51,0.0192308
25444,52,51,0.0192308
25452,52,51,0.0192308
25460,52,51,0.0192308
25466,52,51,0.0192308
25473,52,51,0.0192308
25481,52,51,0.0192308
25488,52,51,0.0192308
25497,52,51,0.0192308
25510,52,51,0.0192308
25521,52,51,0.0192308
25528,52,51,0.0192308
25536,52,51,0.0192308
25544,52,51,0.0192308
25549,52,51,0.0192308
25555,52,51,0.0192308
25569,52,51,0.0192308
25573,52,51,0.0192308
25581,52,51,0.0192308
25589,52,51,0.0192308
25598,52,51,0.0192308
25608,52,51,0.0192308
25618,52,51,0.0192308
25628,52,51,0.0192308
25640,52,51,0.0192308
25651,52,51,0.0192308
25659,52,51,0.0192308
25668,52,51,0.0192308
25673,52,51,0.0192308
25682,52,51,0.0192308
25695,52,51,0.0192308
25700,52,51,0.0192308
25706,52,51,0.0192308
25715,52,51,0.0192308
25724,52,51,0.0192308
25735,52,51,0.0192308
25745,52,51,0.0192308
25752,52,51,0.0192308
25761,52,51,0.0192308
25768,52,51,0.0192308
25773,52,51,0.0192308
25785,52,51,0.0192308
25794,52,51,0.0192308
25799,52,51,0.0192308
25806,52,51,0.0192308
25813,52,51,0.0192308
25820,52,51,0.0192308
25826,52,51,0.0192308
25831,52,51,0.0192308
25839,52,51,0.0192308
25844,52,51,0.0192308
25853,52,51,0.0192308
25859,52,51,0.0192308
25865,52,51,0.0192308
25875,52,51,0.0192308
25881,52,51,0.0192308
25897,52,51,0.0192308
25907,52,51,0.0192308
25914,52,51,0.0192308
25923,52,51,0.0192308
25929,52,51,0.0192308
25937,52,51,0.0192308
25946,52,51,0.0192308
25954,52,51,0.0192308
25962,52,51,0.0192308
25971,52,51,0.0192308
25981,52,51,0.0192308
25985,52,51,0.0192308
25994,52,51,0.0192308
26006,52,51,0.0192308
26011,52,51,0.0192308
26018,52,51,0.0192308
26025,52,51,0.0192308
26030,52,51,0.0192308
26041,52,51,0.0192308
26050,52,51,0.0192308
26057,52,51,0.0192308
26065,52,51,0.0192308
26074,52,51,0.0192308
26083,52,51,0.0192308
26095,52,51,0.0192308
26103,52,51,0.0192308
26114,52,51,0.0192308
26121,52,51,0.0192308
26130,52,51,0.0192308
26138,52,51,0.0192308
26145,52,51,0.0192308
26153,52,51,0.0192308
26159,52,51,0.0192308
26168,52,51,0.0192308
26174,52,51,0.0192308
26187,52,51,0.0192308
26193,52,51,0.0192308
26201,52,51,0.0192308
26207,52,51,0.0192308
26215,52,51,0.0192308
26223,52,51,0.0192308
26227,52,51,0.0192308
26239,52,51,0.0192308
26243,52,51,0.0192308
26249,52,51,0.0192308
26262,52,51,0.0192308
26273,52,51,0.0192308
26284,52,51,0.0192308
26294,52,51,0.0192308
26304,52,51,0.0192308
26311,52,51,0.0192308
26321,52,51,0.0192308
26327,52,51,0.0192308
26333,52,51,0.0192308
26338,52,51,0.0192308
26343,52,51,0.0192308
26350,52,51,0.0192308
26358,52,51,0.0192308
26364,52,51,0.0192308
26370,52,51,0.0192308
26379,52,51,0.0192308
26387,52,51,0.0192308
26400,52,51,0.0192308
26411,52,51,0.0192308
26417,52,51,0.0192308
26425,52,51,0.0192308
26433,52,51,0.0192308
26440,52,51,0.0192308
26451,52,51,0.0192308
26460,52,51,0.0192308
26467,52,51,0.0192308
26476,52,51,0.0192308
26482,52,51,0.0192308
26496,52,51,0.0192308
26510,52,51,0.0192308
26527,52,51,0.0192308
26536,52,51,0.0192308
26553,52,51,0.0192308
26560,52,51,0.0192308
26576,52,51,0.0192308
26589,52,51,0.0192308
26601,52,51,0.0192308
26615,52,51,0.0192308
26625,52,51,0.0192308
26630,52,51,0.0192308
26640,52,51,0.0192308
26648,52,51,0.0192308
26654,52,51,0.0192308
26659,52,51,0.0192308
26670,52,51,0.0192308
26680,52,51,0.0192308
26684,52,51,0.0192308
26690,52,51,0.0192308
26697,52,51,0.0192308
26704,52,51,0.0192308
26711,52,51,0.0192308
26718,52,51,0.0192308
26725,52,51,0.0192308
26732,52,51,0.0192308
26738,52,51,0.0192308
26748,52,51,0.0192308
26753,52,51,0.0192308
26760,52,51,0.0192308
26766,52,51,0.0192308
26773,52,51,0.0192308
26778,52,51,0.0192308
26785,52,51,0.0192308
26791,52,51,0.0192308
26801,52,51,0.0192308
26808,52,51,0.0192308
26815,52,51,0.0192308
26823,52,51,0.0192308
26831,52,51,0.0192308
26844,52,51,0.0192308
26854,52,51,0.0192308
26861,52,51,0.0192308
26868,52,51,0.0192308
26878,52,51,0.0192308
26883,52,51,0.0192308
26890,52,51,0.0192308
26898,52,51,0.0192308
26908,52,51,0.0192308
26919,52,51,0.0192308
26932,52,51,0.0192308
26945,52,51,0.0192308
26955,52,51,0.0192308
26964,52,51,0.0192308
26972,52,51,0.0192308
26983,52,51,0.0192308
26989,52,51,0.0192308
27002,52,51,0.0192308
27009,52,51,0.0192308
27015,52,51,0.0192308
27025,52,51,0.0192308
27035,52,51,0.0192308
27044,52,51,0.0192308
27049,52,51,0.0192308
27057,52,51,0.0192308
27071,52,51,0.0192308
27080,52,51,0.0192308
27086,52,51,0.0192308
27092,52,51,0.0192308
27100,52,51,0.0192308
27105,52,51,0.0192308
27115,52,51,0.0192308
27124,52,51,0.0192308
27132,52,51,0.0192308
27136,52,51,0.0192308
27139,52,51,0.0192308
27146,52,51,0.0192308
27153,52,51,0.0192308
27160,52,51,0.0192308
27170,52,51,0.0192308
27176,52,51,0.0192308
27188,52,51,0.0192308
27196,52,51,0.0192308
27203,52,51,0.0192308
27208,52,51,0.0192308
27217,52,51,0.0192308
27228,52,51,0.0192308
27238,52,51,0.0192308
27249,52,51,0.0192308
27257,52,51,0.0192308
27262,52,51,0.0192308
27268,52,51,0.0192308
27275,52,51,0.0192308
27284,52,51,0.0192308
27298,52,51,0.0192308
27306,52,51,0.0192308
27312,52,51,0.0192308
27320,52,51,0.0192308
27328,52,51,0.0192308
27339,52,51,0.0192308
27349,52,51,0.0192308
27358,52,51,0.0192308
27368,52,51,0.0192308
27375,52,51,0.0192308
27386,52,51,0.0192308
27394,52,51,0.0192308
27400,52,51,0.0192308
27407,52,51,0.0192308
27415,52,51,0.0192308
27422,52,51,0.0192308
27429,52,51,0.0192308
27436,52,51,0.0192308
27441,52,51,0.0192308
27446,52,51,0.0192308
27455,52,51,0.0192308
27458,52,51,0.0192308
27468,52,51,0.0192308
27477,52,51,0.0192308
27486,52,51,0.0192308
27492,52,51,0.0192308
27497,52,51,0.0192308
27500,52,51,0.0192308
27507,52,51,0.0192308
27515,52,51,0.0192308
27522,52,51,0.0192308
27529,52,51,0.0192308
27536,52,51,0.0192308
27543,52,51,0.0192308
27547,52,51,0.0192308
27553,52,51,0.0192308
27558,52,51,0.0192308
27565,52,51,0.0192308
27572,52,51,0.0192308
27580,52,51,0.0192308
27587,52,51,0.0192308
27592,52,51,0.0192308
27602,52,51,0.0192308
27607,52,51,0.0192308
27615,52,51,0.0192308
27621,52,51,0.0192308
27627,52,51,0.0192308
27634,52,51,0.0192308
27642,52,51,0.0192308
27645,52,51,0.0192308
27652,52,51,0.0192308
27658,52,51,0.0192308
27664,52,51,0.0192308
27670,52,51,0.0192308
27676,52,51,0.0192308
27682,52,51,0.0192308
27694,52,51,0.0192308
27698,52,51,0.0192308
27707,52,51,0.0192308
27713,52,51,0.0192308
27718,52,51,0.0192308
27723,52,51,0.0192308
27729,52,51,0.0192308
27736,52,51,0.0192308
27743,52,51,0.0192308
27748,52,51,0.0192308
27753,52,51,0.0192308
27758,52,51,0.0192308
27762,52,51,0.0192308
27768,52,51,0.0192308
27775,52,51,0.0192308
27785,52,51,0.0192308
27789,52,51,0.0192308
27796,52,51,0.0192308
27801,52,51,0.0192308
27809,52,51,0.0192308
27812,52,51,0.0192308
27820,52,51,0.0192308
27828,52,51,0.0192308
27835,52,51,0.0192308
27840,52,51,0.0192308
27846,52,51,0.0192308
27855,52,51,0.0192308
27859,52,51,0.0192308
27864,52,51,0.0192308
27871,52,51,0.0192308
27881,52,51,0.0192308
27886,52,51,0.0192308
27893,52,51,0.0192308
27900,52,51,0.0192308
27907,52,51,0.0192308
27912,52,51,0.0192308
27919,52,51,0.0192308
27926,52,51,0.0192308
27932,52,51,0.0192308
27936,52,51,0.0192308
27941,52,51,0.0192308
27944,52,51,0.0192308
27949,52,51,0.0192308
27955,52,51,0.0192308
27958,52,51,0.0192308
27968,52,51,0.0192308
27975,52,51,0.0192308
27981,52,51,0.0192308
27986,52,51,0.0192308
27991,52,51,0.0192308
27997,52,51,0.0192308
28003,52,51,0.0192308
28008,52,51,0.0192308
28013,52,51,0.0192308
28016,52,51,0.0192308
28025,52,51,0.0192308
28032,52,51,0.0192308
28038,52,51,0.0192308
28042,52,51,0.0192308
28045,52,51,0.0192308
28052,52,51,0.0192308
28057,52,51,0.0192308
28061,52,51,0.0192308
28069,52,51,0.0192308
28075,52,51,0.0192308
28084,52,51,0.0192308
28089,52,51,0.0192308
28096,52,51,0.0192308
28101,52,51,0.0192308
28110,52,51,0.0192308
28115,52,51,0.0192308
28121,52,51,0.0192308
28127,52,51,0.0192308
28137,52,51,0.0192308
28143,52,51,0.0192308
28150,52,51,0.0192308
28156,52,51,0.0192308
28166,52,51,0.0192308
28170,52,51,0.0192308
28179,52,51,0.0192308
28187,52,51,0.0192308
28192,52,51,0.0192308
28200,52,51,0.0192308
28206,52,51,0.0192308
28213,52,51,0.0192308
28217,52,51,0.0192308
28225,52,51,0.0192308
28230,52,51,0.0192308
28236,52,51,0.0192308
28241,52,51,0.0192308
28247,52,51,0.0192308
28254,52,51,0.0192308
28262,52,51,0.0192308
28264,52,51,0.0192308
28269,52,51,0.0192308
28277,52,51,0.0192308
28281,52,51,0.0192308
28291,52,51,0.0192308
28299,52,51,0.0192308
28305,52,51,0.0192308
28312,52,51,0.0192308
28317,52,51,0.0192308
28327,52,51,0.0192308
28335,52,51,0.0192308
28344,52,51,0.0192308
28352,52,51,0.0192308
28358,52,51,0.0192308
28364,52,51,0.0192308
28372,52,51,0.0192308
28378,52,51,0.0192308
28384,52,51,0.0192308
28390,52,51,0.0192308
28398,52,51,0.0192308
28404,52,51,0.0192308
28410,52,51,0.0192308
28414,52,51,0.0192308
28419,52,51,0.0192308
28425,52,51,0.0192308
28431,52,51,0.0192308
28440,52,51,0.0192308
28443,52,51,0.0192308
28449,52,51,0.0192308
28459,52,51,0.0192308
28462,52,51,0.0192308
28468,52,51,0.0192308
28477,52,51,0.0192308
28482,52,51,0.0192308
28487,52,51,0.0192308
28492,52,51,0.0192308
28500,52,51,0.0192308
28509,52,51,0.0192308
28520,52,51,0.0192308
28528,52,51,0.0192308
28533,52,51,0.0192308
28535,52,51,0.0192308
28543,52,51,0.0192308
28549,52,51,0.0192308
28557,52,51,0.0192308
28564,52,51,0.0192308
28571,52,51,0.0192308
28575,52,51,0.0192308
28579,52,51,0.0192308
28584,52,51,0.0192308
28589,52,51,0.0192308
28595,52,51,0.0192308
28603,52,51,0.0192308
28610,52,51,0.0192308
28618,52,51,0.0192308
28623,52,51,0.0192308
28630,52,51,0.0192308
28635,52,51,0.0192308
28639,52,51,0.0192308
28646,52,51,0.0192308
28656,52,51,0.0192308
28660,52,51,0.0192308
28665,52,51,0.0192308
28673,52,51,0.0192308
28678,52,51,0.0192308
28684,52,51,0.0192308
28690,52,51,0.0192308
28696,52,51,0.0192308
28702,52,51,0.0192308
28708,52,51,0.0192308
28713,52,51,0.0192308
28717,52,51,0.0192308
28723,52,51,0.0192308
28729,52,51,0.0192308
28735,52,51,0.0192308
28743,52,51,0.0192308
28748,52,51,0.0192308
28752,52,51,0.0192308
28759,52,51,0.0192308
28768,52,51,0.0192308
28775,52,51,0.0192308
28781,52,51,0.0192308
28787,52,51,0.0192308
28794,52,51,0.0192308
28806,52,51,0.0192308
28813,52,51,0.0192308
28823,52,51,0.0192308
28830,52,51,0.0192308
28840,52,51,0.0192308
28847,52,51,0.0192308
28857,52,51,0.0192308
28861,52,51,0.0192308
28867,52,51,0.0192308
28875,52,51,0.0192308
28881,52,51,0.0192308
28890,52,51,0.0192308
28899,52,51,0.0192308
28909,52,51,0.0192308
28916,52,51,0.0192308
28922,52,51,0.0192308
28931,52,51,0.0192308
28939,52,51,0.0192308
28943,52,51,0.0192308
28950,52,51,0.0192308
28954,52,51,0.0192308
28962,52,51,0.0192308
28968,52,51,0.0192308
28974,52,51,0.0192308
28981,52,51,0.0192308
28989,52,51,0.0192308
28993,52,51,0.0192308
29000,52,51,0.0192308
29006,52,51,0.0192308
29011,52,51,0.0192308
29018,52,51,0.0192308
29026,52,51,0.0192308
29034,52,51,0.0192308
29043,52,51,0.0192308
29051,52,51,0.0192308
29061,52,51,0.0192308
29072,52,51,0.0192308
29078,52,51,0.0192308
29084,52,51,0.0192308
29092,52,51,0.0192308
29101,52,51,0.0192308
29106,52,51,0.0192308
29112,52,51,0.0192308
29117,52,51,0.0192308
29125,52,51,0.0192308
29134,52,51,0.0192308
29138,52,51,0.0192308
29146,52,51,0.0192308
29153,52,51,0.0192308
29161,52,51,0.0192308
29175,52,51,0.0192308
29181,52,51,0.0192308
29190,52,51,0.0192308
29198,52,51,0.0192308
29204,52,51,0.0192308
29211,52,51,0.0192308
29220,52,51,0.0192308
29227,52,51,0.0192308
29231,52,51,0.0192308
29237,52,51,0.0192308
29240,52,51,0.0192308
29246,52,51,0.0192308
29251,52,51,0.0192308
29259,52,51,0.0192308
29269,52,51,0.0192308
29275,52,51,0.0192308
29284,52,51,0.0192308
29292,52,51,0.0192308
29299,52,51,0.0192308
29306,52,51,0.0192308
29315,52,51,0.0192308
29322,52,51,0.0192308
29326,52,51,0.0192308
29334,52,51,0.0192308
29339,52,51,0.0192308
29348,52,51,0.0192308
29355,52,51,0.0192308
29358,52,51,0.0192308
29364,52,51,0.0192308
29371,52,51,0.0192308
29376,52,51,0.0192308
29384,52,51,0.0192308
29394,52,51,0.0192308
29399,52,51,0.0192308
29404,52,51,0.0192308
29409,52,51,0.0192308
29416,52,51,0.0192308
29422,52,51,0.0192308
29431,52,51,0.0192308
29438,52,51,0.0192308
29444,52,51,0.0192308
29451,52,51,0.0192308
29458,52,51,0.0192308
29465,52,51,0.0192308
29471,52,51,0.0192308
29475,52,51,0.0192308
29479,52,51,0.0192308
29487,52,51,0.0192308
29495,52,51,0.0192308
29505,52,51,0.0192308
29511,52,51,0.0192308
29517,52,51,0.0192308
29523,52,51,0.0192308
29529,52,51,0.0192308
29537,52,51,0.0192308
29543,52,51,0.0192308
29549,52,51,0.0192308
29555,52,51,0.0192308
29564,52,51,0.0192308
29571,52,51,0.0192308
29576,52,51,0.0192308
29588,52,51,0.0192308
29598,52,51,0.0192308
29604,52,51,0.0192308
29609,52,51,0.0192308
29619,52,51,0.0192308
29629,52,51,0.0192308
29636,52,51,0.0192308
29645,52,51,0.0192308
29658,52,51,0.0192308
29666,52,51,0.0192308
29673,52,51,0.0192308
29679,52,51,0.0192308
29686,52,51,0.0192308
29692,52,51,0.0192308
29698,52,51,0.0192308
29705,52,51,0.0192308
29714,52,51,0.0192308
29719,52,51,0.0192308
29727,52,51,0.0192308
29735,52,51,0.0192308
29746,52,51,0.0192308
29754,52,51,0.0192308
29761,52,51,0.0192308
29770,52,51,0.0192308
29775,52,51,0.0192308
29784,52,51,0.0192308
29792,52,51,0.0192308
29799,52,51,0.0192308
29807,52,51,0.0192308
29813,52,51,0.0192308
29818,52,51,0.0192308
29824,52,51,0.0192308
29831,52,51,0.0192308
29838,52,51,0.0192308
29843,52,51,0.0192308
29851,52,51,0.0192308
29857,52,51,0.0192308
29863,52,51,0.0192308
29867,52,51,0.0192308
29872,52,51,0.0192308
29877,52,51,0.0192308
29885,52,51,0.0192308
29895,52,51,0.0192308
29903,52,51,0.0192308
29913,52,51,0.0192308
29924,52,51,0.0192308
29933,52,51,0.0192308
29944,52,51,0.0192308
29957,52,51,0.0192308
29961,52,51,0.0192308
29973,52,51,0.0192308
29981,52,51,0.0192308
29993,52,51,0.0192308
30004,52,51,0.0192308
30011,52,51,0.0192308
30015,52,51,0.0192308
30026,52,51,0.0192308
30034,52,51,0.0192308
30045,52,51,0.0192308
30053,52,51,0.0192308
30069,52,51,0.0192308
30078,52,51,0.0192308
30093,52,51,0.0192308
30107,52,51,0.0192308
30115,52,51,0.0192308
30124,52,51,0.0192308
30136,52,51,0.0192308
30149,52,51,0.0192308
30159,52,51,0.0192308
30166,52,51,0.0192308
30178,52,51,0.0192308
30184,52,51,0.0192308
30191,52,51,0.0192308
30200,52,51,0.0192308
30207,52,51,0.0192308
30216,52,51,0.0192308
30223,52,51,0.0192308
30230,52,51,0.0192308
30237,52,51,0.0192308
30244,52,51,0.0192308
30251,52,51,0.0192308
30261,52,51,0.0192308
30272,52,51,0.0192308
30282,52,51,0.0192308
30290,52,51,0.0192308
30302,52,51,0.0192308
30311,52,51,0.0192308
30322,52,51,0.0192308
30334,52,51,0.0192308
30345,52,51,0.0192308
30353,52,51,0.0192308
30360,52,51,0.0192308
30369,52,51,0.0192308
30379,52,51,0.0192308
30383,52,51,0.0192308
30393,52,51,0.0192308
30402,52,51,0.0192308
30413,52,51,0.0192308
30423,52,51,0.0192308
30434,52,51,0.0192308
30443,52,51,0.0192308
30449,52,51,0.0192308
30459,52,51,0.0192308
30470,52,51,0.0192308
30479,52,51,0.0192308
30492,52,51,0.0192308
30502,52,51,0.0192308
30511,52,51,0.0192308
30522,52,51,0.0192308
30529,52,51,0.0192308
30536,52,51,0.0192308
30549,52,51,0.0192308
30560,52,51,0.0192308
30567,52,51,0.0192308
30579,52,51,0.0192308
30591,52,51,0.0192308
30599,52,51,0.0192308
30605,52,51,0.0192308
30615,52,51,0.0192308
30623,52,51,0.0192308
30631,52,51,0.0192308
30638,52,51,0.0192308
30648,52,51,0.0192308
30659,52,51,0.0192308
30669,52,51,0.0192308
30677,52,51,0.0192308
30685,52,51,0.0192308
30696,52,51,0.0192308
30704,52,51,0.0192308
30710,52,51,0.0192308
30718,52,51,0.0192308
30725,52,51,0.0192308
30734,52,51,0.0192308
30742,52,51,0.0192308
30749,52,51,0.0192308
30758,52,51,0.0192308
30769,52,51,0.0192308
30777,52,51,0.0192308
30784,52,51,0.0192308
30796,52,51,0.0192308
30807,52,51,0.0192308
30814,52,51,0.0192308
30820,52,51,0.0192308
30829,52,51,0.0192308
30834,52,51,0.0192308
30842,52,51,0.0192308
30847,52,51,0.0192308
30854,52,51,0.0192308
30860,52,51,0.0192308
30871,52,51,0.0192308
30880,52,51,0.0192308
30891,52,51,0.0192308
30904,52,51,0.0192308
30914,52,51,0.0192308
30923,52,51,0.0192308
30930,52,51,0.0192308
30941,52,51,0.0192308
30946,52,51,0.0192308
30952,52,51,0.0192308
30961,52,51,0.0192308
30969,52,51,0.0192308
30979,52,51,0.0192308
30988,52,51,0.0192308
30992,52,51,0.0192308
31000,52,51,0.0192308
31008,52,51,0.0192308
31017,52,51,0.0192308
31026,52,51,0.0192308
31033,52,51,0.0192308
31042,52,51,0.0192308
31052,52,51,0.0192308
31059,52,51,0.0192308
31067,52,51,0.0192308
31077,52,51,0.0192308
31085,52,51,0.0192308
31095,52,51,0.0192308
31105,52,51,0.0192308
31113,52,51,0.0192308
31118,52,51,0.0192308
31124,52,51,0.0192308
31130,52,51,0.0192308
31136,52,51,0.0192308
31145,52,51,0.0192308
31154,52,51,0.0192308
31164,52,51,0.0192308
31172,52,51,0.0192308
31182,52,51,0.0192308
31191,52,51,0.0192308
31199,52,51,0.0192308
31208,52,51,0.0192308
31216,52,51,0.0192308
31223,52,51,0.0192308
31232,52,51,0.0192308
31239,52,51,0.0192308
31244,52,51,0.0192308
31251,52,51,0.0192308
31257,52,51,0.0192308
31268,52,51,0.0192308
31280,52,51,0.0192308
31288,52,51,0.0192308
31295,52,51,0.0192308
31301,52,51,0.0192308
31312,52,51,0.0192308
31320,52,51,0.0192308
31329,52,51,0.0192308
31335,52,51,0.0192308
31346,52,51,0.0192308
31354,52,51,0.0192308
31366,52,51,0.0192308
31375,52,51,0.0192308
31385,52,51,0.0192308
31393,52,51,0.0192308
31401,52,51,0.0192308
31408,52,51,0.0192308
31415,52,51,0.0192308
31425,52,51,0.0192308
31430,52,51,0.0192308
31438,52,51,0.0192308
31442,52,51,0.0192308
31452,52,51,0.0192308
31456,52,51,0.0192308
31465,52,51,0.0192308
31470,52,51,0.0192308
31474,52,51,0.0192308
31481,52,51,0.0192308
31492,52,51,0.0192308
31501,52,51,0.0192308
31508,52,51,0.0192308
31519,52,51,0.0192308
31535,52,51,0.0192308
31545,52,51,0.0192308
31553,52,51,0.0192308
31561,52,51,0.0192308
31570,52,51,0.0192308
31580,52,51,0.0192308
31588,52,51,0.0192308
31595,52,51,0.0192308
31604,52,51,0.0192308
31614,52,51,0.0192308
31624,52,51,0.0192308
31634,52,51,0.0192308
31649,52,51,0.0192308
31661,52,51,0.0192308
31668,52,51,0.0192308
31676,52,51,0.0192308
31691,52,51,0.0192308
31704,52,51,0.0192308
31715,52,51,0.0192308
31726,52,51,0.0192308
31743,52,51,0.0192308
31754,52,51,0.0192308
31766,52,51,0.0192308
31778,52,51,0.0192308
31792,52,51,0.0192308
31804,52,51,0.0192308
31818,52,51,0.0192308
31826,52,51,0.0192308
31837,52,51,0.0192308
31845,52,51,0.0192308
31856,52,51,0.0192308
31878,52,51,0.0192308
31888,52,51,0.0192308
31899,52,51,0.0192308
31909,52,51,0.0192308
31916,52,51,0.0192308
31930,52,51,0.0192308
31937,52,51,0.0192308
31945,52,51,0.0192308
31956,52,51,0.0192308
31962,52,51,0.0192308
31974,52,51,0.0192308
31982,52,51,0.0192308
31993,52,51,0.0192308
32000,52,51,0.0192308
32005,52,51,0.0192308
32013,52,51,0.0192308
32021,52,51,0.0192308
32031,52,51,0.0192308
32038,52,51,0.0192308
32046,52,51,0.0192308
32051,52,51,0.0192308
32057,52,51,0.0192308
32067,52,51,0.0192308
32076,52,51,0.0192308
32087,52,51,0.0192308
32098,52,51,0.0192308
32106,52,51,0.0192308
32114,52,51,0.0192308
32124,52,51,0.0192308
32131,52,51,0.0192308
32143,52,51,0.0192308
32152,52,51,0.0192308
32162,52,51,0.0192308
32171,52,51,0.0192308
32180,52,51,0.0192308
32193,52,51,0.0192308
32199,52,51,0.0192308
32209,52,51,0.0192308
32218,52,51,0.0192308
32227,52,51,0.0192308
32235,52,51,0.0192308
32239,52,51,0.0192308
32248,52,51,0.0192308
32258,52,51,0.0192308
32264,52,51,0.0192308
32275,52,51,0.0192308
32284,52,51,0.0192308
32295,52,51,0.0192308
32307,52,51,0.0192308
32321,52,51,0.0192308
32329,52,51,0.0192308
32336,52,51,0.0192308
32344,52,51,0.0192308
32356,52,51,0.0192308
32362,52,51,0.0192308
32369,52,51,0.0192308
32374,52,51,0.0192308
32380,52,51,0.0192308
32386,52,51,0.0192308
32397,52,51,0.0192308
32410,52,51,0.0192308
32421,52,51,0.0192308
32426,52,51,0.0192308
32435,52,51,0.0192308
32444,52,51,0.0192308
32453,52,51,0.0192308
32461,52,51,0.0192308
32472,52,51,0.0192308
32480,52,51,0.0192308
32489,52,51,0.0192308
32500,52,51,0.0192308
32507,52,51,0.0192308
32518,52,51,0.0192308
32531,52,51,0.0192308
32542,52,51,0.0192308
32550,52,51,0.0192308
32559,52,51,0.0192308
32567,52,51,0.0192308
32573,52,51,0.0192308
32579,52,51,0.0192308
32588,52,51,0.0192308
32598,52,51,0.0192308
32608,52,51,0.0192308
32616,52,51,0.0192308
32624,52,51,0.0192308
32636,52,51,0.0192308
32643,52,51,0.0192308
32651,52,51,0.0192308
32660,52,51,0.0192308
32673,52,51,0.0192308
32681,52,51,0.0192308
32688,52,51,0.0192308
32694,52,51,0.0192308
32704,52,51,0.0192308
32716,52,51,0.0192308
32724,52,51,0.0192308
32733,52,51,0.0192308
32745,52,51,0.0192308
32752,52,51,0.0192308
32757,52,51,0.0192308
32767,52,51,0.0192308
32775,52,51,0.0192308
32781,52,51,0.0192308
32786,52,51,0.0192308
32792,52,51,0.0192308
32798,52,51,0.0192308
32803,52,51,0.0192308
32812,52,51,0.0192308
32821,52,51,0.0192308
32829,52,51,0.0192308
32837,52,51,0.0192308
32844,52,51,0.0192308
32852,52,51,0.0192308
32860,52,51,0.0192308
32871,52,51,0.0192308
32879,52,51,0.0192308
32887,52,51,0.0192308
32897,52,51,0.0192308
32904,52,51,0.0192308
32911,52,51,0.0192308
32917,52,51,0.0192308
32924,52,51,0.0192308
32930,52,51,0.0192308
32937,52,51,0.0192308
32946,52,51,0.0192308
32953,52,51,0.0192308
32962,52,51,0.0192308
32967,52,51,0.0192308
32974,52,51,0.0192308
32981,52,51,0.0192308
32988,52,51,0.0192308
32995,52,51,0.0192308
33008,52,51,0.0192308
33016,52,51,0.0192308
33024,52,51,0.0192308
33031,52,51,0.0192308
33042,52,51,0.0192308
33050,52,51,0.0192308
33057,52,51,0.0192308
33065,52,51,0.0192308
33073,52,51,0.0192308
33081,52,51,0.0192308
33089,52,51,0.0192308
33096,52,51,0.0192308
33102,52,51,0.0192308
33111,52,51,0.0192308
33120,52,51,0.0192308
33127,52,51,0.0192308
33137,52,51,0.0192308
33143,52,51,0.0192308
33149,52,51,0.0192308
33154,52,51,0.0192308
33161,52,51,0.0192308
33168,52,51,0.0192308
33176,52,51,0.0192308
33184,52,51,0.0192308
33193,52,51,0.0192308
33199,52,51,0.0192308
33210,52,51,0.0192308
33218,52,51,0.0192308
33229,52,51,0.0192308
33240,52,51,0.0192308
33250,52,51,0.0192308
33258,52,51,0.0192308
33266,52,51,0.0192308
33272,52,51,0.0192308
33279,52,51,0.0192308
33287,52,51,0.0192308
33293,52,51,0.0192308
33300,52,51,0.0192308
33310,52,51,0.0192308
33319,52,51,0.0192308
33328,52,51,0.0192308
33337,52,51,0.0192308
33346,52,51,0.0192308
33357,52,51,0.0192308
33370,52,51,0.0192308
33380,52,51,0.0192308
33387,52,51,0.0192308
33396,52,51,0.0192308
33404,52,51,0.0192308
33410,52,51,0.0192308
33422,52,51,0.0192308
33431,52,51,0.0192308
33441,52,51,0.0192308
33447,52,51,0.0192308
33457,52,51,0.0192308
33466,52,51,0.0192308
33478,52,51,0.0192308
33486,52,51,0.0192308
33496,52,51,0.0192308
33502,52,51,0.0192308
33510,52,51,0.0192308
33522,52,51,0.0192308
33529,52,51,0.0192308
33537,52,51,0.0192308
33543,52,51,0.0192308
33555,52,51,0.0192308
33567,52,51,0.0192308
33575,52,51,0.0192308
33584,52,51,0.0192308
33590,52,51,0.0192308
33598,52,51,0.0192308
33614,52,51,0.0192308
33626,52,51,0.0192308
33634,52,51,0.0192308
33641,52,51,0.0192308
33648,52,51,0.0192308
33661,52,51,0.0192308
33674,52,51,0.0192308
33684,52,51,0.0192308
33689,52,51,0.0192308
33699,52,51,0.0192308
33709,52,51,0.0192308
33721,52,51,0.0192308
33728,52,51,0.0192308
33734,52,51,0.0192308
33742,52,51,0.0192308
33750,52,51,0.0192308
33763,52,51,0.0192308
33772,52,51,0.0192308
33786,52,51,0.0192308
33796,52,51,0.0192308
33809,52,51,0.0192308
33817,52,51,0.0192308
33829,52,51,0.0192308
33839,52,51,0.0192308
33849,52,51,0.0192308
33856,52,51,0.0192308
33866,52,51,0.0192308
33872,52,51,0.0192308
33882,52,51,0.0192308
33895,52,51,0.0192308
33908,52,51,0.0192308
33912,52,51,0.0192308
33920,52,51,0.0192308
33929,52,51,0.0192308
33934,52,51,0.0192308
33943,52,51,0.0192308
33953,52,51,0.0192308
33963,52,51,0.0192308
33971,52,51,0.0192308
33977,52,51,0.0192308
33987,52,51,0.0192308
33997,52,51,0.0192308
34008,52,51,0.0192308
34018,52,51,0.0192308
34023,52,51,0.0192308
34027,52,51,0.0192308
34035,52,51,0.0192308
34046,52,51,0.0192308
34054,52,51,0.0192308
34058,52,51,0.0192308
34070,52,51,0.0192308
34078,52,51,0.0192308
34089,52,51,0.0192308
34095,52,51,0.0192308
34103,52,51,0.0192308
34109,52,51,0.0192308
34119,52,51,0.0192308
34129,52,51,0.0192308
34136,52,51,0.0192308
34142,52,51,0.0192308
34149,52,51,0.0192308
34156,52,51,0.0192308
34162,52,51,0.0192308
34169,52,51,0.0192308
34180,52,51,0.0192308
34185,52,51,0.0192308
34196,52,51,0.0192308
34203,52,51,0.0192308
34211,52,51,0.0192308
34219,52,51,0.0192308
34227,52,51,0.0192308
34233,52,51,0.0192308
34241,52,51,0.0192308
34252,52,51,0.0192308
34260,52,51,0.0192308
34265,52,51,0.0192308
34275,52,51,0.0192308
34280,52,51,0.0192308
34292,52,51,0.0192308
34302,52,51,0.0192308
34311,52,51,0.0192308
34319,52,51,0.0192308
34329,52,51,0.0192308
34332,52,51,0.0192308
34338,52,51,0.0192308
34344,52,51,0.0192308
34351,52,51,0.0192308
34357,52,51,0.0192308
34363,52,51,0.0192308
34369,52,51,0.0192308
34378,52,51,0.0192308
34385,52,51,0.0192308
34391,52,51,0.0192308
34398,52,51,0.0192308
34404,52,51,0.0192308
34409,52,51,0.0192308
34414,52,51,0.0192308
34425,52,51,0.0192308
34433,52,51,0.0192308
34442,52,51,0.0192308
34450,52,51,0.0192308
34459,52,51,0.0192308
34467,52,51,0.0192308
34476,52,51,0.0192308
34485,52,51,0.0192308
34493,52,51,0.0192308
34505,52,51,0.0192308
34509,52,51,0.0192308
34515,52,51,0.0192308
34522,52,51,0.0192308
34528,52,51,0.0192308
34535,52,51,0.0192308
34542,52,51,0.0192308
34549,52,51,0.0192308
34560,52,51,0.0192308
34570,52,51,0.0192308
34578,52,51,0.0192308
34586,52,51,0.0192308
34591,52,51,0.0192308
34599,52,51,0.0192308
34608,52,51,0.0192308
34618,52,51,0.0192308
34624,52,51,0.0192308
34634,52,51,0.0192308
34642,52,51,0.0192308
34648,52,51,0.0192308
34657,52,51,0.0192308
34669,52,51,0.0192308
34677,52,51,0.0192308
34688,52,51,0.0192308
34696,52,51,0.0192308
34706,52,51,0.0192308
34713,52,51,0.0192308
34719,52,51,0.0192308
34730,52,51,0.0192308
34740,52,51,0.0192308
34753,52,51,0.0192308
34761,52,51,0.0192308
34776,52,51,0.0192308
34785,52,51,0.0192308
34791,52,51,0.0192308
34796,52,51,0.0192308
34805,52,51,0.0192308
34820,52,51,0.0192308
34829,52,51,0.0192308
34840,52,51,0.0192308
34845,52,51,0.0192308
34856,52,51,0.0192308
34866,52,51,0.0192308
34874,52,51,0.0192308
34890,52,51,0.0192308
34903,52,51,0.0192308
34917,52,51,0.0192308
34937,52,51,0.0192308
34945,52,51,0.0192308
34952,52,51,0.0192308
34960,52,51,0.0192308
34969,52,51,0.0192308
34983,52,51,0.0192308
34993,52,51,0.0192308
35003,52,51,0.0192308
35012,52,51,0.0192308
35021,52,51,0.0192308
35029,52,51,0.0192308
35041,52,51,0.0192308
35048,52,51,0.0192308
35058,52,51,0.0192308
35069,52,51,0.0192308
35078,52,51,0.0192308
35095,52,51,0.0192308
35098,52,51,0.0192308
35105,52,51,0.0192308
35112,52,51,0.0192308
35118,52,51,0.0192308
35125,52,51,0.0192308
35135,52,51,0.0192308
35143,52,51,0.0192308
35150,52,51,0.0192308
35156,52,51,0.0192308
35162,52,51,0.0192308
35172,52,51,0.0192308
35183,52,51,0.0192308
35194,52,51,0.0192308
35205,52,51,0.0192308
35212,52,51,0.0192308
35219,52,51,0.0192308
35229,52,51,0.0192308
35237,52,51,0.0192308
35247,52,51,0.0192308
35254,52,51,0.0192308
35263,52,51,0.0192308
35272,52,51,0.0192308
35282,52,51,0.0192308
35288,52,51,0.0192308
35295,52,51,0.0192308
35302,52,51,0.0192308
35313,52,51,0.0192308
35320,52,51,0.0192308
35331,52,51,0.0192308
35337,52,51,0.0192308
35346,52,51,0.0192308
35356,52,51,0.0192308
35365,52,51,0.0192308
35371,52,51,0.0192308
35378,52,51,0.0192308
35383,52,51,0.0192308
35394,52,51,0.0192308
35403,52,51,0.0192308
35409,52,51,0.0192308
35416,52,51,0.0192308
35424,52,51,0.0192308
35434,52,51,0.0192308
35442,52,51,0.0192308
35450,52,51,0.0192308
35456,52,51,0.0192308
35464,52,51,0.0192308
35476,52,51,0.0192308
35483,52,51,0.0192308
35489,52,51,0.0192308
35496,52,51,0.0192308
35502,52,51,0.0192308
35509,52,51,0.0192308
35516,52,51,0.0192308
35522,52,51,0.0192308
35528,52,51,0.0192308
35534,52,51,0.0192308
35539,52,51,0.0192308
35546,52,51,0.0192308
35554,52,51,0.0192308
35567,52,51,0.0192308
35572,52,51,0.0192308
35579,52,51,0.0192308
35586,52,51,0.0192308
35594,52,51,0.0192308
35605,52,51,0.0192308
35611,52,51,0.0192308
35615,52,51,0.0192308
35623,52,51,0.0192308
35631,52,51,0.0192308
35639,52,51,0.0192308
35649,52,51,0.0192308
35659,52,51,0.0192308
35669,52,51,0.0192308
35676,52,51,0.0192308
35686,52,51,0.0192308
35690,52,51,0.0192308
35699,52,51,0.0192308
35709,52,51,0.0192308
35716,52,51,0.0192308
35729,52,51,0.0192308
35741,52,51,0.0192308
35751,52,51,0.0192308
35763,52,51,0.0192308
35779,52,51,0.0192308
35786,52,51,0.0192308
35800,52,51,0.0192308
35810,52,51,0.0192308
35819,52,51,0.0192308
35830,52,51,0.0192308
35837,52,51,0.0192308
35848,52,51,0.0192308
35860,52,51,0.0192308
35869,52,51,0.0192308
35876,52,51,0.0192308
35887,52,51,0.0192308
35898,52,51,0.0192308
35905,52,51,0.0192308
35916,52,51,0.0192308
35927,52,51,0.0192308
35938,52,51,0.0192308
35948,52,51,0.0192308
35959,52,51,0.0192308
35971,52,51,0.0192308
35982,52,51,0.0192308
35991,52,51,0.0192308
36001,52,51,0.0192308
36012,52,51,0.0192308
36021,52,51,0.0192308
36034,52,51,0.0192308
36044,52,51,0.0192308
36047,52,51,0.0192308
36060,52,51,0.0192308
36066,52,51,0.0192308
36073,52,51,0.0192308
36081,52,51,0.0192308
36089,52,51,0.0192308
36099,52,51,0.0192308
36109,52,51,0.0192308
36122,52,51,0.0192308
36130,52,51,0.0192308
36137,52,51,0.0192308
36146,52,51,0.0192308
36160,52,51,0.0192308
36170,52,51,0.0192308
36178,52,51,0.0192308
36188,52,51,0.0192308
36195,52,51,0.0192308
36206,52,51,0.0192308
36213,52,51,0.0192308
36217,52,51,0.0192308
36223,52,51,0.0192308
36232,52,51,0.0192308
36236,52,51,0.0192308
36246,52,51,0.0192308
36259,52,51,0.0192308
36269,52,51,0.0192308
36276,52,51,0.0192308
36286,52,51,0.0192308
36296,52,51,0.0192308
36310,52,51,0.0192308
36316,52,51,0.0192308
36325,52,51,0.0192308
36336,52,51,0.0192308
36343,52,51,0.0192308
36352,52,51,0.0192308
36360,52,51,0.0192308
36369,52,51,0.0192308
36375,52,51,0.0192308
36382,52,51,0.0192308
36390,52,51,0.0192308
36396,52,51,0.0192308
36405,52,51,0.0192308
36413,52,51,0.0192308
36417,52,51,0.0192308
36423,52,51,0.0192308
36431,52,51,0.0192308
36440,52,51,0.0192308
36450,52,51,0.0192308
36460,52,51,0.0192308
36466,52,51,0.0192308
36474,52,51,0.0192308
36485,52,51,0.0192308
36492,52,51,0.0192308
36502,52,51,0.0192308
36508,52,51,0.0192308
36513,52,51,0.0192308
36521,52,51,0.0192308
36532,52,51,0.0192308
36539,52,51,0.0192308
36548,52,51,0.0192308
36554,52,51,0.0192308
36567,52,51,0.0192308
36575,52,51,0.0192308
36580,52,51,0.0192308
36589,52,51,0.0192308
36598,52,51,0.0192308
36604,52,51,0.0192308
36615,52,51,0.0192308
36624,52,51,0.0192308
36634,52,51,0.0192308
36640,52,51,0.0192308
36649,52,51,0.0192308
36658,52,51,0.0192308
36664,52,51,0.0192308
36672,52,51,0.0192308
36680,52,51,0.0192308
36687,52,51,0.0192308
36699,52,51,0.0192308
36705,52,51,0.0192308
36717,52,51,0.0192308
36723,52,51,0.0192308
36731,52,51,0.0192308
36736,52,51,0.0192308
36743,52,51,0.0192308
36750,52,51,0.0192308
36756,52,51,0.0192308
36766,52,51,0.0192308
36776,52,51,0.0192308
36785,52,51,0.0192308
36791,52,51,0.0192308
36802,52,51,0.0192308
36808,52,51,0.0192308
36816,52,51,0.0192308
36821,52,51,0.0192308
36831,52,51,0.0192308
36840,52,51,0.0192308
36846,52,51,0.0192308
36856,52,51,0.0192308
36864,52,51,0.0192308
36872,52,51,0.0192308
36880,52,51,0.0192308
36891,52,51,0.0192308
36897,52,51,0.0192308
36907,52,51,0.0192308
36915,52,51,0.0192308
36923,52,51,0.0192308
36934,52,51,0.0192308
36943,52,51,0.0192308
36953,52,51,0.0192308
36958,52,51,0.0192308
36966,52,51,0.0192308
36972,52,51,0.0192308
36981,52,51,0.0192308
36987,52,51,0.0192308
36995,52,51,0.0192308
37004,52,51,0.0192308
37012,52,51,0.0192308
37019,52,51,0.0192308
37026,52,51,0.0192308
37030,52,51,0.0192308
37045,52,51,0.0192308
37054,52,51,0.0192308
37063,52,51,0.0192308
37069,52,51,0.0192308
37080,52,51,0.0192308
37090,52,51,0.0192308
37098,52,51,0.0192308
37107,52,51,0.0192308
37117,52,51,0.0192308
37122,52,51,0.0192308
37132,52,51,0.0192308
37145,52,51,0.0192308
37151,52,51,0.0192308
37161,52,51,0.0192308
37168,52,51,0.0192308
37175,52,51,0.0192308
37189,52,51,0.0192308
37198,52,51,0.0192308
37206,52,51,0.0192308
37213,52,51,0.0192308
37221,52,51,0.0192308
37238,52,51,0.0192308
37252,52,51,0.0192308
37260,52,51,0.0192308
37269,52,51,0.0192308
37276,52,51,0.0192308
37284,52,51,0.0192308
37293,52,51,0.0192308
37306,52,51,0.0192308
37313,52,51,0.0192308
37320,52,51,0.0192308
37329,52,51,0.0192308
37336,52,51,0.0192308
37346,52,51,0.0192308
37356,52,51,0.0192308
37365,52,51,0.0192308
37375,52,51,0.0192308
37382,52,51,0.0192308
37387,52,51,0.0192308
37397,52,51,0.0192308
37408,52,51,0.0192308
37415,52,51,0.0192308
37428,52,51,0.0192308
37437,52,51,0.0192308
37445,52,51,0.0192308
37455,52,51,0.0192308
37463,52,51,0.0192308
37471,52,51,0.0192308
37479,52,51,0.0192308
37489,52,51,0.0192308
37498,52,51,0.0192308
37508,52,51,0.0192308
37517,52,51,0.0192308
37524,52,51,0.0192308
37534,52,51,0.0192308
37543,52,51,0.0192308
37551,52,51,0.0192308
37555,52,51,0.0192308
37563,52,51,0.0192308
37575,52,51,0.0192308
37588,52,51,0.0192308
37598,52,51,0.0192308
37606,52,51,0.0192308
37618,52,51,0.0192308
37626,52,51,0.0192308
37634,52,51,0.0192308
37644,52,51,0.0192308
37658,52,51,0.0192308
37666,52,51,0.0192308
37672,52,51,0.0192308
37683,52,51,0.0192308
37689,52,51,0.0192308
37696,52,51,0.0192308
37706,52,51,0.0192308
37710,52,51,0.0192308
37717,52,51,0.0192308
37722,52,51,0.0192308
37734,52,51,0.0192308
37743,52,51,0.0192308
37750,52,51,0.0192308
37762,52,51,0.0192308
37769,52,51,0.0192308
37780,52,51,0.0192308
37791,52,51,0.0192308
37802,52,51,0.0192308
37808,52,51,0.0192308
37818,52,51,0.0192308
37832,52,51,0.0192308
37840,52,51,0.0192308
37847,52,51,0.0192308
37858,52,51,0.0192308
37867,52,51,0.0192308
37876,52,51,0.0192308
37883,52,51,0.0192308
37890,52,51,0.0192308
37897,52,51,0.0192308
37913,52,51,0.0192308
37919,52,51,0.0192308
37929,52,51,0.0192308
37941,52,51,0.0192308
37954,52,51,0.0192308
37963,52,51,0.0192308
37981,52,51,0.0192308
37991,52,51,0.0192308
37999,52,51,0.0192308
38010,52,51,0.0192308
38025,52,51,0.0192308
38047,52,51,0.0192308
38060,52,51,0.0192308
38075,52,51,0.0192308
38087,52,51,0.0192308
38097,52,51,0.0192308
38111,52,51,0.0192308
38122,52,51,0.0192308
38135,52,51,0.0192308
38146,52,51,0.0192308
38155,52,51,0.0192308
38163,52,51,0.0192308
38175,52,51,0.0192308
38186,52,51,0.0192308
38193,52,51,0.0192308
38203,52,51,0.0192308
38215,52,51,0.0192308
38229,52,51,0.0192308
38239,52,51,0.0192308
38258,52,51,0.0192308
38273,52,51,0.0192308
38290,52,51,0.0192308
38300,52,51,0.0192308
38314,52,51,0.0192308
38324,52,51,0.0192308
38337,52,51,0.0192308
38347,52,51,0.0192308
38363,52,51,0.0192308
38375,52,51,0.0192308
38384,52,51,0.0192308
38401,52,51,0.0192308
38409,52,51,0.0192308
38422,52,51,0.0192308
38434,52,51,0.0192308
38441,52,51,0.0192308
38454,52,51,0.0192308
38461,52,51,0.0192308
38471,52,51,0.0192308
38484,52,51,0.0192308
38495,52,51,0.0192308
38509,52,51,0.0192308
38522,52,51,0.0192308
38529,52,51,0.0192308
38545,52,51,0.0192308
38554,52,51,0.0192308
38565,52,51,0.0192308
38574,52,51,0.0192308
38588,52,51,0.0192308
38602,52,51,0.0192308
38612,52,51,0.0192308
38622,52,51,0.0192308
38636,52,51,0.0192308
38647,52,51,0.0192308
38652,52,51,0.0192308
38669,52,51,0.0192308
38680,52,51,0.0192308
38689,52,51,0.0192308
38702,52,51,0.0192308
38714,52,51,0.0192308
38731,52,51,0.0192308
38737,52,51,0.0192308
38749,52,51,0.0192308
38762,52,51,0.0192308
38775,52,51,0.0192308
38787,52,51,0.0192308
38802,52,51,0.0192308
38815,52,51,0.0192308
38825,52,51,0.0192308
38833,52,51,0.0192308
38843,52,51,0.0192308
38856,52,51,0.0192308
38864,52,51,0.0192308
38872,52,51,0.0192308
38877,52,51,0.0192308
38892,52,51,0.0192308
38905,52,51,0.0192308
38918,52,51,0.0192308
38930,52,51,0.0192308
38944,52,51,0.0192308
38955,52,51,0.0192308
38969,52,51,0.0192308
38982,52,51,0.0192308
38993,52,51,0.0192308
39002,52,51,0.0192308
39012,52,51,0.0192308
39021,52,51,0.0192308
39038,52,51,0.0192308
39049,52,51,0.0192308
39060,52,51,0.0192308
39072,52,51,0.0192308
39088,52,51,0.0192308
39102,52,51,0.0192308
39112,52,51,0.0192308
39123,52,51,0.0192308
39134,52,51,0.0192308
39140,52,51,0.0192308
39146,52,51,0.0192308
39156,52,51,0.0192308
39165,52,51,0.0192308
39172,52,51,0.0192308
39181,52,51,0.0192308
39193,52,51,0.0192308
39198,52,51,0.0192308
39205,52,51,0.0192308
39211,52,51,0.0192308
39221,52,51,0.0192308
39232,52,51,0.0192308
39244,52,51,0.0192308
39259,52,51,0.0192308
39274,52,51,0.0192308
39296,52,51,0.0192308
39307,52,51,0.0192308
39328,52,51,0.0192308
39343,52,51,0.0192308
39352,52,51,0.0192308
39363,52,51,0.0192308
39383,52,51,0.0192308
39393,52,51,0.0192308
39410,52,51,0.0192308
39417,52,51,0.0192308
39430,52,51,0.0192308
39441,52,51,0.0192308
39452,52,51,0.0192308
39467,52,51,0.0192308
39480,52,51,0.0192308
39497,52,51,0.0192308
39508,52,51,0.0192308
39518,52,51,0.0192308
39531,52,51,0.0192308
39547,52,51,0.0192308
39560,52,51,0.0192308
39569,52,51,0.0192308
39582,52,51,0.0192308
39594,52,51,0.0192308
39607,52,51,0.0192308
39619,52,51,0.0192308
39629,52,51,0.0192308
39640,52,51,0.0192308
39655,52,51,0.0192308
39662,52,51,0.0192308
39676,52,51,0.0192308
39689,52,51,0.0192308
39695,52,51,0.0192308
39699,52,51,0.0192308
39707,52,51,0.0192308
39721,52,51,0.0192308
39732,52,51,0.0192308
39744,52,51,0.0192308
39758,52,51,0.0192308
39773,52,51,0.0192308
39784,52,51,0.0192308
39794,52,51,0.0192308
39804,52,51,0.0192308
39819,52,51,0.0192308
39837,52,51,0.0192308
39849,52,51,0.0192308
39865,52,51,0.0192308
39879,52,51,0.0192308
39891,52,51,0.0192308
39903,52,51,0.0192308
39914,52,51,0.0192308
39927,52,51,0.0192308
39938,52,51,0.0192308
39949,52,51,0.0192308
39961,52,51,0.0192308
39968,52,51,0.0192308
39980,52,51,0.0192308
39986,52,51,0.0192308
39993,52,51,0.0192308
40009,52,51,0.0192308
40020,52,51,0.0192308
40028,52,51,0.0192308
40047,52,51,0.0192308
40055,52,51,0.0192308
40064,52,51,0.0192308
40073,52,51,0.0192308
40086,52,51,0.0192308
40102,52,51,0.0192308
40114,52,51,0.0192308
40126,52,51,0.0192308
40136,52,51,0.0192308
40147,52,51,0.0192308
40159,52,51,0.0192308
40174,52,51,0.0192308
40180,52,51,0.0192308
40192,52,51,0.0192308
40205,52,51,0.0192308
40215,52,51,0.0192308
40228,52,51,0.0192308
40241,52,51,0.0192308
40253,52,51,0.0192308
40269,52,51,0.0192308
40278,52,51,0.0192308
40296,52,51,0.0192308
40304,52,51,0.0192308
40319,52,51,0.0192308
40332,52,51,0.0192308
40341,52,51,0.0192308
40352,52,51,0.0192308
40365,52,51,0.0192308
40374,52,51,0.0192308
40383,52,51,0.0192308
40392,52,51,0.0192308
40399,52,51,0.0192308
40413,52,51,0.0192308
40424,52,51,0.0192308
40443,52,51,0.0192308
40463,52,51,0.0192308
40478,52,51,0.0192308
40501,52,51,0.0192308
40519,52,51,0.0192308
40541,52,51,0.0192308
40554,52,51,0.0192308
40565,52,51,0.0192308
40579,52,51,0.0192308
40591,52,51,0.0192308
40600,52,51,0.0192308
40612,52,51,0.0192308
40627,52,51,0.0192308
40644,52,51,0.0192308
40653,52,51,0.0192308
40664,52,51,0.0192308
40677,52,51,0.0192308
40689,52,51,0.0192308
40698,52,51,0.0192308
40705,52,51,0.0192308
40716,52,51,0.0192308
40725,52,51,0.0192308
40735,52,51,0.0192308
40743,52,51,0.0192308
40752,52,51,0.0192308
40768,52,51,0.0192308
40780,52,51,0.0192308
40796,52,51,0.0192308
40812,52,51,0.0192308
40826,52,51,0.0192308
40838,52,51,0.0192308
40859,52,51,0.0192308
40877,52,51,0.0192308
40888,52,51,0.0192308
40910,52,51,0.0192308
40934,52,51,0.0192308
40953,52,51,0.0192308
40970,52,51,0.0192308
40977,52,51,0.0192308
40997,52,51,0.0192308
41010,52,51,0.0192308
41018,52,51,0.0192308
41038,52,51,0.0192308
41053,52,51,0.0192308
41073,52,51,0.0192308
41081,52,51,0.0192308
41093,52,51,0.0192308
41102,52,51,0.0192308
41112,52,51,0.0192308
41124,52,51,0.0192308
41133,52,51,0.0192308
41140,52,51,0.0192308
41148,52,51,0.0192308
41157,52,51,0.0192308
41163,52,51,0.0192308
41176,52,51,0.0192308
41183,52,51,0.0192308
41192,52,51,0.0192308
41199,52,51,0.0192308
41212,52,51,0.0192308
41221,52,51,0.0192308
41230,52,51,0.0192308
41255,52,51,0.0192308
41268,52,51,0.0192308
41284,52,51,0.0192308
41302,52,51,0.0192308
41321,52,51,0.0192308
41328,52,51,0.0192308
41336,52,51,0.0192308
41352,52,51,0.0192308
41365,52,51,0.0192308
41381,52,51,0.0192308
41398,52,51,0.0192308
41411,52,51,0.0192308
41427,52,51,0.0192308
41441,52,51,0.0192308
41453,52,51,0.0192308
41465,52,51,0.0192308
41478,52,51,0.0192308
41488,52,51,0.0192308
41496,52,51,0.0192308
41503,52,51,0.0192308
41514,52,51,0.0192308
41522,52,51,0.0192308
41531,52,51,0.0192308
41538,52,51,0.0192308
41547,52,51,0.0192308
41556,52,51,0.0192308
41567,52,51,0.0192308
41574,52,51,0.0192308
41589,52,51,0.0192308
41598,52,51,0.0192308
41605,52,51,0.0192308
41612,52,51,0.0192308
41620,52,51,0.0192308
41633,52,51,0.0192308
41650,52,51,0.0192308
41662,52,51,0.0192308
41678,52,51,0.0192308
41693,52,51,0.0192308
41707,52,51,0.0192308
41719,52,51,0.0192308
41730,52,51,0.0192308
41741,52,51,0.0192308
41760,52,51,0.0192308
41774,52,51,0.0192308
41788,52,51,0.0192308
41807,52,51,0.0192308
41814,52,51,0.0192308
41827,52,51,0.0192308
41842,52,51,0.0192308
41858,52,51,0.0192308
41873,52,51,0.0192308
41882,52,51,0.0192308
41901,52,51,0.0192308
41914,52,51,0.0192308
41924,52,51,0.0192308
41943,52,51,0.0192308
41958,52,51,0.0192308
41966,52,51,0.0192308
41981,52,51,0.0192308
41992,52,51,0.0192308
42004,52,51,0.0192308
42015,52,51,0.0192308
42027,52,51,0.0192308
42037,52,51,0.0192308
42059,52,51,0.0192308
42068,52,51,0.0192308
42088,52,51,0.0192308
42098,52,51,0.0192308
42109,52,51,0.0192308
42126,52,51,0.0192308
42143,52,51,0.0192308
42156,52,51,0.0192308
42176,52,51,0.0192308
42183,52,51,0.0192308
42196,52,51,0.0192308
42209,52,51,0.0192308
42215,52,51,0.0192308
42223,52,51,0.0192308
42233,52,51,0.0192308
42243,52,51,0.0192308
42251,52,51,0.0192308
42264,52,51,0.0192308
42270,52,51,0.0192308
42279,52,51,0.0192308
42292,52,51,0.0192308
42309,52,51,0.0192308
42320,52,51,0.0192308
42330,52,51,0.0192308
42349,52,51,0.0192308
42366,52,51,0.0192308
42379,52,51,0.0192308
42394,52,51,0.0192308
42408,52,51,0.0192308
42416,52,51,0.0192308
42433,52,51,0.0192308
42440,52,51,0.0192308
42452,52,51,0.0192308
42463,52,51,0.0192308
42476,52,51,0.0192308
42489,52,51,0.0192308
42501,52,51,0.0192308
42518,52,51,0.0192308
42531,52,51,0.0192308
42542,52,51,0.0192308
42561,52,51,0.0192308
42579,52,51,0.0192308
42592,52,51,0.0192308
42608,52,51,0.0192308
42617,52,51,0.0192308
42626,52,51,0.0192308
42635,52,51,0.0192308
42651,52,51,0.0192308
42658,52,51,0.0192308
42671,52,51,0.0192308
42678,52,51,0.0192308
42691,52,51,0.0192308
42701,52,51,0.0192308
42712,52,51,0.0192308
42720,52,51,0.0192308
42735,52,51,0.0192308
42742,52,51,0.0192308
42754,52,51,0.0192308
42764,52,51,0.0192308
42775,52,51,0.0192308
42784,52,51,0.0192308
42795,52,51,0.0192308
42809,52,51,0.0192308
42819,52,51,0.0192308
42830,52,51,0.0192308
42841,52,51,0.0192308
42854,52,51,0.0192308
42861,52,51,0.0192308
42865,52,51,0.0192308
42879,52,51,0.0192308
42891,52,51,0.0192308
42901,52,51,0.0192308
42923,52,51,0.0192308
42935,52,51,0.0192308
42950,52,51,0.0192308
42961,52,51,0.0192308
42984,52,51,0.0192308
43002,52,51,0.0192308
43015,52,51,0.0192308
43033,52,51,0.0192308
43049,52,51,0.0192308
43067,52,51,0.0192308
43082,52,51,0.0192308
43101,52,51,0.0192308
43119,52,51,0.0192308
43137,52,51,0.0192308
43153,52,51,0.0192308
43170,52,51,0.0192308
43176,52,51,0.0192308
43182,52,51,0.0192308
43194,52,51,0.0192308
43203,52,51,0.0192308
43210,52,51,0.0192308
43220,52,51,0.0192308
43232,52,51,0.0192308
43245,52,51,0.0192308
43255,52,51,0.0192308
43270,52,51,0.0192308
43288,52,51,0.0192308
43297,52,51,0.0192308
43309,52,51,0.0192308
43320,52,51,0.0192308
43334,52,51,0.0192308
43343,52,51,0.0192308
43355,52,51,0.0192308
43366,52,51,0.0192308
43382,52,51,0.0192308
43393,52,51,0.0192308
43405,52,51,0.0192308
43414,52,51,0.0192308
43426,52,51,0.0192308
43437,52,51,0.0192308
43446,52,51,0.0192308
43454,52,51,0.0192308
43467,52,51,0.0192308
43478,52,51,0.0192308
43493,52,51,0.0192308
43502,52,51,0.0192308
43512,52,51,0.0192308
43524,52,51,0.0192308
43537,52,51,0.0192308
43544,52,51,0.0192308
43553,52,51,0.0192308
43561,52,51,0.0192308
43571,52,51,0.0192308
43577,52,51,0.0192308
43583,52,51,0.0192308
43593,52,51,0.0192308
43602,52,51,0.0192308
43611,52,51,0.0192308
43625,52,51,0.0192308
43639,52,51,0.0192308
43649,52,51,0.0192308
43658,52,51,0.0192308
43669,52,51,0.0192308
43682,52,51,0.0192308
43690,52,51,0.0192308
43703,52,51,0.0192308
43716,52,51,0.0192308
43736,52,51,0.0192308
43746,52,51,0.0192308
43759,52,51,0.0192308
43781,52,51,0.0192308
43795,52,51,0.0192308
43810,52,51,0.0192308
43820,52,51,0.0192308
43834,52,51,0.0192308
43842,52,51,0.0192308
43855,52,51,0.0192308
43867,52,51,0.0192308
43880,52,51,0.0192308
43890,52,51,0.0192308
43903,52,51,0.0192308
43918,52,51,0.0192308
43928,52,51,0.0192308
43939,52,51,0.0192308
43949,52,51,0.0192308
43958,52,51,0.0192308
43970,52,51,0.0192308
43981,52,51,0.0192308
43993,52,51,0.0192308
44004,52,51,0.0192308
44020,52,51,0.0192308
44031,52,51,0.0192308
44041,52,51,0.0192308
44057,52,51,0.0192308
44067,52,51,0.0192308
44077,52,51,0.0192308
44087,52,51,0.0192308
44105,52,51,0.0192308
44115,52,51,0.0192308
44124,52,51,0.0192308
44134,52,51,0.0192308
44145,52,51,0.0192308
44161,52,51,0.0192308
44172,52,51,0.0192308
44185,52,51,0.0192308
44200,52,51,0.0192308
44211,52,51,0.0192308
44231,52,51,0.0192308
44249,52,51,0.0192308
44268,52,51,0.0192308
44290,52,51,0.0192308
44302,52,51,0.0192308
44308,52,51,0.0192308
44320,52,51,0.0192308
44331,52,51,0.0192308
44343,52,51,0.0192308
44349,52,51,0.0192308
44357,52,51,0.0192308
44367,52,51,0.0192308
44376,52,51,0.0192308
44385,52,51,0.0192308
44400,52,51,0.0192308
44407,52,51,0.0192308
44421,52,51,0.0192308
44431,52,51,0.0192308
44444,52,51,0.0192308
44456,52,51,0.0192308
44469,52,51,0.0192308
44480,52,51,0.0192308
44489,52,51,0.0192308
44501,52,51,0.0192308
44513,52,51,0.0192308
44524,52,51,0.0192308
44536,52,51,0.0192308
44545,52,51,0.0192308
44557,52,51,0.0192308
44567,52,51,0.0192308
44577,52,51,0.0192308
44590,52,51,0.0192308
44600,52,51,0.0192308
44611,52,51,0.0192308
44621,52,51,0.0192308
44632,52,51,0.0192308
44644,52,51,0.0192308
44665,52,51,0.0192308
44688,52,51,0.0192308
44703,52,51,0.0192308
44719,52,51,0.0192308
44736,52,51,0.0192308
44749,52,51,0.0192308
44766,52,51,0.0192308
44779,52,51,0.0192308
44791,52,51,0.0192308
44808,52,51,0.0192308
44825,52,51,0.0192308
44838,52,51,0.0192308
44859,52,51,0.0192308
44872,52,51,0.0192308
44886,52,51,0.0192308
44895,52,51,0.0192308
44905,52,51,0.0192308
44919,52,51,0.0192308
44932,52,51,0.0192308
44945,52,51,0.0192308
44955,52,51,0.0192308
44973,52,51,0.0192308
44988,52,51,0.0192308
45000,52,51,0.0192308
45014,52,51,0.0192308
45029,52,51,0.0192308
45039,52,51,0.0192308
45051,52,51,0.0192308
45067,52,51,0.0192308
45081,52,51,0.0192308
45095,52,51,0.0192308
45111,52,51,0.0192308
45120,52,51,0.0192308
45130,52,51,0.0192308
45142,52,51,0.0192308
45152,52,51,0.0192308
45171,52,51,0.0192308
45183,52,51,0.0192308
45192,52,51,0.0192308
45200,52,51,0.0192308
45217,52,51,0.0192308
45230,52,51,0.0192308
45241,52,51,0.0192308
45251,52,51,0.0192308
45260,52,51,0.0192308
45265,52,51,0.0192308
45276,52,51,0.0192308
45285,52,51,0.0192308
45294,52,51,0.0192308
45309,52,51,0.0192308
45323,52,51,0.0192308
45334,52,51,0.0192308
45344,52,51,0.0192308
45354,52,51,0.0192308
45363,52,51,0.0192308
45370,52,51,0.0192308
45383,52,51,0.0192308
45390,52,51,0.0192308
45402,52,51,0.0192308
45410,52,51,0.0192308
45419,52,51,0.0192308
45440,52,51,0.0192308
45449,52,51,0.0192308
45459,52,51,0.0192308
45471,52,51,0.0192308
45482,52,51,0.0192308
45494,52,51,0.0192308
45505,52,51,0.0192308
45521,52,51,0.0192308
45536,52,51,0.0192308
45551,52,51,0.0192308
45569,52,51,0.0192308
45587,52,51,0.0192308
45595,52,51,0.0192308
45610,52,51,0.0192308
45623,52,51,0.0192308
45636,52,51,0.0192308
45645,52,51,0.0192308
45655,52,51,0.0192308
45668,52,51,0.0192308
45679,52,51,0.0192308
45688,52,51,0.0192308
45696,52,51,0.0192308
45711,52,51,0.0192308
45730,52,51,0.0192308
45739,52,51,0.0192308
45746,52,51,0.0192308
45759,52,51,0.0192308
45773,52,51,0.0192308
45785,52,51,0.0192308
45794,52,51,0.0192308
45808,52,51,0.0192308
45826,52,51,0.0192308
45836,52,51,0.0192308
45849,52,51,0.0192308
45862,52,51,0.0192308
45878,52,51,0.0192308
45893,52,51,0.0192308
45906,52,51,0.0192308
45920,52,51,0.0192308
45934,52,51,0.0192308
45951,52,51,0.0192308
45960,52,51,0.0192308
45980,52,51,0.0192308
45994,52,51,0.0192308
46002,52,51,0.0192308
46013,52,51,0.0192308
46026,52,51,0.0192308
46037,52,51,0.0192308
46055,52,51,0.0192308
46069,52,51,0.0192308
46081,52,51,0.0192308
46096,52,51,0.0192308
46106,52,51,0.0192308
46115,52,51,0.0192308
46124,52,51,0.0192308
46139,52,51,0.0192308
46157,52,51,0.0192308
46165,52,51,0.0192308
46177,52,51,0.0192308
46186,52,51,0.0192308
46197,52,51,0.0192308
46212,52,51,0.0192308
46222,52,51,0.0192308
46235,52,51,0.0192308
46248,52,51,0.0192308
46258,52,51,0.0192308
46268,52,51,0.0192308
46281,52,51,0.0192308
46299,52,51,0.0192308
46310,52,51,0.0192308
46320,52,51,0.0192308
46332,52,51,0.0192308
46342,52,51,0.0192308
46362,52,51,0.0192308
46378,52,51,0.0192308
46397,52,51,0.0192308
46423,52,51,0.0192308
46434,52,51,0.0192308
46446,52,51,0.0192308
46459,52,51,0.0192308
46466,52,51,0.0192308
46480,52,51,0.0192308
46497,52,51,0.0192308
46515,52,51,0.0192308
46526,52,51,0.0192308
46537,52,51,0.0192308
46551,52,51,0.0192308
46563,52,51,0.0192308
46570,52,51,0.0192308
46581,52,51,0.0192308
46593,52,51,0.0192308
46613,52,51,0.0192308
46623,52,51,0.0192308
46636,52,51,0.0192308
46648,52,51,0.0192308
46662,52,51,0.0192308
46674,52,51,0.0192308
46691,52,51,0.0192308
46703,52,51,0.0192308
46725,52,51,0.0192308
46741,52,51,0.0192308
46765,52,51,0.0192308
46778,52,51,0.0192308
46791,52,51,0.0192308
46802,52,51,0.0192308
46826,52,51,0.0192308
46838,52,51,0.0192308
46855,52,51,0.0192308
46864,52,51,0.0192308
46878,52,51,0.0192308
46888,52,51,0.0192308
46900,52,51,0.0192308
46910,52,51,0.0192308
46927,52,51,0.0192308
46934,52,51,0.0192308
46952,52,51,0.0192308
46965,52,51,0.0192308
46980,52,51,0.0192308
46998,52,51,0.0192308
47011,52,51,0.0192308
47029,52,51,0.0192308
47051,52,51,0.0192308
47082,52,51,0.0192308
47102,52,51,0.0192308
47123,52,51,0.0192308
47141,52,51,0.0192308
47151,52,51,0.0192308
47165,52,51,0.0192308
47177,52,51,0.0192308
47190,52,51,0.0192308
47201,52,51,0.0192308
47214,52,51,0.0192308
47226,52,51,0.0192308
47234,52,51,0.0192308
47242,52,51,0.0192308
47256,52,51,0.0192308
47265,52,51,0.0192308
47280,52,51,0.0192308
47293,52,51,0.0192308
47316,52,51,0.0192308
47339,52,51,0.0192308
47353,52,51,0.0192308
47370,52,51,0.0192308
47386,52,51,0.0192308
47399,52,51,0.0192308
47413,52,51,0.0192308
47424,52,51,0.0192308
47437,52,51,0.0192308
47446,52,51,0.0192308
47463,52,51,0.0192308
47478,52,51,0.0192308
47494,52,51,0.0192308
47512,52,51,0.0192308
47531,52,51,0.0192308
47549,52,51,0.0192308
47565,52,51,0.0192308
47586,52,51,0.0192308
47599,52,51,0.0192308
47617,52,51,0.0192308
47632,52,51,0.0192308
47648,52,51,0.0192308
47671,52,51,0.0192308
47687,52,51,0.0192308
47704,52,51,0.0192308
47713,52,51,0.0192308
47727,52,51,0.0192308
47738,52,51,0.0192308
47753,52,51,0.0192308
47770,52,51,0.0192308
47788,52,51,0.0192308
47802,52,51,0.0192308
47823,52,51,0.0192308
47837,52,51,0.0192308
47849,52,51,0.0192308
47867,52,51,0.0192308
47884,52,51,0.0192308
47892,52,51,0.0192308
47906,52,51,0.0192308
47920,52,51,0.0192308
47934,52,51,0.0192308
47948,52,51,0.0192308
47968,52,51,0.0192308
47986,52,51,0.0192308
48004,52,51,0.0192308
48013,52,51,0.0192308
48032,52,51,0.0192308
48043,52,51,0.0192308
48056,52,51,0.0192308
48073,52,51,0.0192308
48087,52,51,0.0192308
48098,52,51,0.0192308
48108,52,51,0.0192308
48118,52,51,0.0192308
48125,52,51,0.0192308
48139,52,51,0.0192308
48157,52,51,0.0192308
48169,52,51,0.0192308
48175,52,51,0.0192308
48190,52,51,0.0192308
48207,52,51,0.0192308
48223,52,51,0.0192308
48244,52,51,0.0192308
48266,52,51,0.0192308
48293,52,51,0.0192308
48310,52,51,0.0192308
48326,52,51,0.0192308
48340,52,51,0.0192308
48354,52,51,0.0192308
48363,52,51,0.0192308
48377,52,51,0.0192308
48386,52,51,0.0192308
48397,52,51,0.0192308
48407,52,51,0.0192308
48417,52,51,0.0192308
48433,52,51,0.0192308
48447,52,51,0.0192308
48457,52,51,0.0192308
48477,52,51,0.0192308
48493,52,51,0.0192308
48508,52,51,0.0192308
48530,52,51,0.0192308
48546,52,51,0.0192308
48561,52,51,0.0192308
48571,52,51,0.0192308
48586,52,51,0.0192308
48594,52,51,0.0192308
48601,52,51,0.0192308
48608,52,51,0.0192308
48618,52,51,0.0192308
48629,52,51,0.0192308
48643,52,51,0.0192308
48660,52,51,0.0192308
48673,52,51,0.0192308
48690,52,51,0.0192308
48706,52,51,0.0192308
48717,52,51,0.0192308
48730,52,51,0.0192308
48742,52,51,0.0192308
48754,52,51,0.0192308
48775,52,51,0.0192308
48785,52,51,0.0192308
48796,52,51,0.0192308
48820,52,51,0.0192308
48837,52,51,0.0192308
48854,52,51,0.0192308
48872,52,51,0.0192308
48889,52,51,0.0192308
48901,52,51,0.0192308
48914,52,51,0.0192308
48929,52,51,0.0192308
48943,52,51,0.0192308
48962,52,51,0.0192308
48977,52,51,0.0192308
48990,52,51,0.0192308
49000,52,51,0.0192308
49011,52,51,0.0192308
49031,52,51,0.0192308
49045,52,51,0.0192308
49061,52,51,0.0192308
49075,52,51,0.0192308
49093,52,51,0.0192308
49102,52,51,0.0192308
49114,52,51,0.0192308
49128,52,51,0.0192308
49134,52,51,0.0192308
49153,52,51,0.0192308
49164,52,51,0.0192308
49188,52,51,0.0192308
49200,52,51,0.0192308
49211,52,51,0.0192308
49226,52,51,0.0192308
49241,52,51,0.0192308
49256,52,51,0.0192308
49271,52,51,0.0192308
49292,52,51,0.0192308
49305,52,51,0.0192308
49319,52,51,0.0192308
49330,52,51,0.0192308
49342,52,51,0.0192308
49352,52,51,0.0192308
49363,52,51,0.0192308
49372,52,51,0.0192308
49381,52,51,0.0192308
49393,52,51,0.0192308
49401,52,51,0.0192308
49414,52,51,0.0192308
49429,52,51,0.0192308
49444,52,51,0.0192308
49452,52,51,0.0192308
49461,52,51,0.0192308
49475,52,51,0.0192308
49491,52,51,0.0192308
49503,52,51,0.0192308
49518,52,51,0.0192308
49530,52,51,0.0192308
49542,52,51,0.0192308
49555,52,51,0.0192308
49570,52,51,0.0192308
49586,52,51,0.0192308
49603,52,51,0.0192308
49613,52,51,0.0192308
49629,52,51,0.0192308
49641,52,51,0.0192308
49660,52,51,0.0192308
49674,52,51,0.0192308
49693,52,51,0.0192308
49712,52,51,0.0192308
49724,52,51,0.0192308
49733,52,51,0.0192308
49745,52,51,0.0192308
49756,52,51,0.0192308
49764,52,51,0.0192308
49775,52,51,0.0192308
49786,52,51,0.0192308
49794,52,51,0.0192308
49802,52,51,0.0192308
49814,52,51,0.0192308
49826,52,51,0.0192308
49840,52,51,0.0192308
49852,52,51,0.0192308
49864,52,51,0.0192308
49881,52,51,0.0192308
49896,52,51,0.0192308
49913,52,51,0.0192308
49929,52,51,0.0192308
49944,52,51,0.0192308
49960,52,51,0.0192308
49974,52,51,0.0192308
49985,52,51,0.0192308
50001,52,51,0.0192308
50020,52,51,0.0192308
50039,52,51,0.0192308
50061,52,51,0.0192308
50074,52,51,0.0192308
50089,52,51,0.0192308
50104,52,51,0.0192308
50119,52,51,0.0192308
50128,52,51,0.0192308
50140,52,51,0.0192308
50150,52,51,0.0192308
50164,52,51,0.0192308
50174,52,51,0.0192308
50183,52,51,0.0192308
50194,52,51,0.0192308
50203,52,51,0.0192308
50219,52,51,0.0192308
50234,52,51,0.0192308
50245,52,51,0.0192308
50261,52,51,0.0192308
50272,52,51,0.0192308
50290,52,51,0.0192308
50307,52,51,0.0192308
50322,52,51,0.0192308
50333,52,51,0.0192308
50345,52,51,0.0192308
50359,52,51,0.0192308
50376,52,51,0.0192308
50391,52,51,0.0192308
50402,52,51,0.0192308
50416,52,51,0.0192308
50431,52,51,0.0192308
50443,52,51,0.0192308
50460,52,51,0.0192308
50475,52,51,0.0192308
50486,52,51,0.0192308
50500,52,51,0.0192308
50511,52,51,0.0192308
50522,52,51,0.0192308
50532,52,51,0.0192308
50543,52,51,0.0192308
50550,52,51,0.0192308
50559,52,51,0.0192308
50578,52,51,0.0192308
50602,52,51,0.0192308
50630,52,51,0.0192308
50647,52,51,0.0192308
50665,52,51,0.0192308
50674,52,51,0.0192308
50687,52,51,0.0192308
50703,52,51,0.0192308
50715,52,51,0.0192308
50727,52,51,0.0192308
50743,52,51,0.0192308
50758,52,51,0.0192308
50764,52,51,0.0192308
50778,52,51,0.0192308
50787,52,51,0.0192308
50801,52,51,0.0192308
50811,52,51,0.0192308
50821,52,51,0.0192308
50830,52,51,0.0192308
50850,52,51,0.0192308
50869,52,51,0.0192308
50887,52,51,0.0192308
50904,52,51,0.0192308
50919,52,51,0.0192308
50940,52,51,0.0192308
50954,52,51,0.0192308
50976,52,51,0.0192308
50992,52,51,0.0192308
51017,52,51,0.0192308
51033,52,51,0.0192308
51055,52,51,0.0192308
51077,52,51,0.0192308
51096,52,51,0.0192308
51119,52,51,0.0192308
51142,52,51,0.0192308
51169,52,51,0.0192308
51188,52,51,0.0192308
51210,52,51,0.0192308
51226,52,51,0.0192308
51239,52,51,0.0192308
51254,52,51,0.0192308
51266,52,51,0.0192308
51302,52,51,0.0192308
51436,52,51,0.0192308
51490,52,51,0.0192308
51536,52,51,0.0192308
51554,52,51,0.0192308
51574,52,51,0.0192308
51594,52,51,0.0192308
51609,52,51,0.0192308
51621,52,51,0.0192308
51640,52,51,0.0192308
51656,52,51,0.0192308
51671,52,51,0.0192308
51686,52,51,0.0192308
51700,52,51,0.0192308
51725,52,51,0.0192308
51742,52,51,0.0192308
51758,52,51,0.0192308
51772,52,51,0.0192308
51797,52,51,0.0192308
51824,52,51,0.0192308
51837,52,51,0.0192308
51856,52,51,0.0192308
51882,52,51,0.0192308
51903,52,51,0.0192308
51924,52,51,0.0192308
51988,52,51,0.0192308
52072,52,51,0.0192308
52088,52,51,0.0192308
52104,52,51,0.0192308
52116,52,51,0.0192308
52131,52,51,0.0192308
52144,52,51,0.0192308
52155,52,51,0.0192308
52167,52,51,0.0192308
52180,52,51,0.0192308
52196,52,51,0.0192308
52207,52,51,0.0192308
52218,52,51,0.0192308
52232,52,51,0.0192308
52255,52,51,0.0192308
52264,52,51,0.0192308
52278,52,51,0.0192308
52290,52,51,0.0192308
52300,52,51,0.0192308
52310,52,51,0.0192308
52317,52,51,0.0192308
52325,52,51,0.0192308
52337,52,51,0.0192308
52348,52,51,0.0192308
52359,52,51,0.0192308
52365,52,51,0.0192308
52375,52,51,0.0192308
52390,52,51,0.0192308
52399,52,51,0.0192308
52405,52,51,0.0192308
52411,52,51,0.0192308
52423,52,51,0.0192308
52433,52,51,0.0192308
52440,52,51,0.0192308
52450,52,51,0.0192308
52462,52,51,0.0192308
52469,52,51,0.0192308
52479,52,51,0.0192308
52492,52,51,0.0192308
52506,52,51,0.0192308
52516,52,51,0.0192308
52532,52,51,0.0192308
52544,52,51,0.0192308
52553,52,51,0.0192308
52562,52,51,0.0192308
52576,52,51,0.0192308
52585,52,51,0.0192308
52592,52,51,0.0192308
52611,52,51,0.0192308
52635,52,51,0.0192308
52653,52,51,0.0192308
52670,52,51,0.0192308
52688,52,51,0.0192308
52704,52,51,0.0192308
52717,52,51,0.0192308
52726,52,51,0.0192308
52737,52,51,0.0192308
52758,52,51,0.0192308
52771,52,51,0.0192308
52782,52,51,0.0192308
52798,52,51,0.0192308
52813,52,51,0.0192308
52826,52,51,0.0192308
52840,52,51,0.0192308
52854,52,51,0.0192308
52866,52,51,0.0192308
52881,52,51,0.0192308
52891,52,51,0.0192308
52910,52,51,0.0192308
52921,52,51,0.0192308
52945,52,51,0.0192308
52961,52,51,0.0192308
52977,52,51,0.0192308
52992,52,51,0.0192308
53013,52,51,0.0192308
53033,52,51,0.0192308
53044,52,51,0.0192308
53063,52,51,0.0192308
53085,52,51,0.0192308
53110,52,51,0.0192308
53125,52,51,0.0192308
53140,52,51,0.0192308
53153,52,51,0.0192308
53166,52,51,0.0192308
53177,52,51,0.0192308
53187,52,51,0.0192308
53205,52,51,0.0192308
53217,52,51,0.0192308
53237,52,51,0.0192308
53254,52,51,0.0192308
53270,52,51,0.0192308
53283,52,51,0.0192308
53295,52,51,0.0192308
53303,52,51,0.0192308
53315,52,51,0.0192308
53324,52,51,0.0192308
53332,52,51,0.0192308
53348,52,51,0.0192308
53364,52,51,0.0192308
53373,52,51,0.0192308
53381,52,51,0.0192308
53391,52,51,0.0192308
53402,52,51,0.0192308
53410,52,51,0.0192308
53417,52,51,0.0192308
53428,52,51,0.0192308
53438,52,51,0.0192308
53452,52,51,0.0192308
53464,52,51,0.0192308
53472,52,51,0.0192308
53483,52,51,0.0192308
53495,52,51,0.0192308
53516,52,51,0.0192308
53528,52,51,0.0192308
53545,52,51,0.0192308
53567,52,51,0.0192308
53578,52,51,0.0192308
53597,52,51,0.0192308
53615,52,51,0.0192308
53627,52,51,0.0192308
53633,52,51,0.0192308
53651,52,51,0.0192308
53667,52,51,0.0192308
53681,52,51,0.0192308
53699,52,51,0.0192308
53714,52,51,0.0192308
53736,52,51,0.0192308
53749,52,51,0.0192308
53764,52,51,0.0192308
53779,52,51,0.0192308
53788,52,51,0.0192308
53796,52,51,0.0192308
53809,52,51,0.0192308
53814,52,51,0.0192308
53827,52,51,0.0192308
53839,52,51,0.0192308
53851,52,51,0.0192308
53861,52,51,0.0192308
53874,52,51,0.0192308
53888,52,51,0.0192308
53901,52,51,0.0192308
53915,52,51,0.0192308
53927,52,51,0.0192308
53941,52,51,0.0192308
53953,52,51,0.0192308
53968,52,51,0.0192308
53977,52,51,0.0192308
53987,52,51,0.0192308
53999,52,51,0.0192308
54013,52,51,0.0192308
54089,52,51,0.0192308
54127,52,51,0.0192308
54146,52,51,0.0192308
54168,52,51,0.0192308
54188,52,51,0.0192308
54199,52,51,0.0192308
54213,52,51,0.0192308
54234,52,51,0.0192308
54248,52,51,0.0192308
54263,52,51,0.0192308
54282,52,51,0.0192308
54301,52,51,0.0192308
54312,52,51,0.0192308
54330,52,51,0.0192308
54351,52,51,0.0192308
54363,52,51,0.0192308
54378,52,51,0.0192308
54398,52,51,0.0192308
54412,52,51,0.0192308
54423,52,51,0.0192308
54436,52,51,0.0192308
54450,52,51,0.0192308
54462,52,51,0.0192308
54471,52,51,0.0192308
54482,52,51,0.0192308
54493,52,51,0.0192308
54508,52,51,0.0192308
54524,52,51,0.0192308
54538,52,51,0.0192308
54555,52,51,0.0192308
54566,52,51,0.0192308
54573,52,51,0.0192308
54587,52,51,0.0192308
54603,52,51,0.0192308
54613,52,51,0.0192308
54629,52,51,0.0192308
54640,52,51,0.0192308
54649,52,51,0.0192308
54662,52,51,0.0192308
54673,52,51,0.0192308
54686,52,51,0.0192308
54697,52,51,0.0192308
54707,52,51,0.0192308
54716,52,51,0.0192308
54728,52,51,0.0192308
54736,52,51,0.0192308
54745,52,51,0.0192308
54757,52,51,0.0192308
54770,52,51,0.0192308
54779,52,51,0.0192308
54790,52,51,0.0192308
54799,52,51,0.0192308
54812,52,51,0.0192308
54822,52,51,0.0192308
54836,52,51,0.0192308
54846,52,51,0.0192308
54859,52,51,0.0192308
54871,52,51,0.0192308
54881,52,51,0.0192308
54894,52,51,0.0192308
54906,52,51,0.0192308
54916,52,51,0.0192308
54929,52,51,0.0192308
54941,52,51,0.0192308
54953,52,51,0.0192308
54965,52,51,0.0192308
54978,52,51,0.0192308
54987,52,51,0.0192308
54995,52,51,0.0192308
55004,52,51,0.0192308
55014,52,51,0.0192308
55027,52,51,0.0192308
55038,52,51,0.0192308
55047,52,51,0.0192308
55057,52,51,0.0192308
55069,52,51,0.0192308
55078,52,51,0.0192308
55085,52,51,0.0192308
55097,52,51,0.0192308
55110,52,51,0.0192308
55118,52,51,0.0192308
55130,52,51,0.0192308
55143,52,51,0.0192308
55155,52,51,0.0192308
55168,52,51,0.0192308
55182,52,51,0.0192308
55195,52,51,0.0192308
55206,52,51,0.0192308
55217,52,51,0.0192308
55228,52,51,0.0192308
55237,52,51,0.0192308
55247,52,51,0.0192308
55261,52,51,0.0192308
55274,52,51,0.0192308
55288,52,51,0.0192308
55300,52,51,0.0192308
55310,52,51,0.0192308
55321,52,51,0.0192308
55336,52,51,0.0192308
55345,52,51,0.0192308
55354,52,51,0.0192308
55363,52,51,0.0192308
55370,52,51,0.0192308
55383,52,51,0.0192308
55399,52,51,0.0192308
55410,52,51,0.0192308
55426,52,51,0.0192308
55438,52,51,0.0192308
55447,52,51,0.0192308
55455,52,51,0.0192308
55471,52,51,0.0192308
55483,52,51,0.0192308
55494,52,51,0.0192308
55503,52,51,0.0192308
55513,52,51,0.0192308
55525,52,51,0.0192308
55535,52,51,0.0192308
55549,52,51,0.0192308
55559,52,51,0.0192308
55571,52,51,0.0192308
55577,52,51,0.0192308
55592,52,51,0.0192308
55605,52,51,0.0192308
55613,52,51,0.0192308
55629,52,51,0.0192308
55637,52,51,0.0192308
55646,52,51,0.0192308
55657,52,51,0.0192308
55666,52,51,0.0192308
55681,52,51,0.0192308
55693,52,51,0.0192308
55709,52,51,0.0192308
55720,52,51,0.0192308
55728,52,51,0.0192308
55740,52,51,0.0192308
55749,52,51,0.0192308
55762,52,51,0.0192308
55776,52,51,0.0192308
55784,52,51,0.0192308
55795,52,51,0.0192308
55808,52,51,0.0192308
55821,52,51,0.0192308
55829,52,51,0.0192308
55842,52,51,0.0192308
55854,52,51,0.0192308
55870,52,51,0.0192308
55880,52,51,0.0192308
55894,52,51,0.0192308
55905,52,51,0.0192308
55919,52,51,0.0192308
55931,52,51,0.0192308
55945,52,51,0.0192308
55958,52,51,0.0192308
55976,52,51,0.0192308
55994,52,51,0.0192308
56013,52,51,0.0192308
56028,52,51,0.0192308
56044,52,51,0.0192308
56069,52,51,0.0192308
56082,52,51,0.0192308
56096,52,51,0.0192308
56106,52,51,0.0192308
56123,52,51,0.0192308
56136,52,51,0.0192308
56152,52,51,0.0192308
56161,52,51,0.0192308
56176,52,51,0.0192308
56186,52,51,0.0192308
56199,52,51,0.0192308
56209,52,51,0.0192308
56216,52,51,0.0192308
56227,52,51,0.0192308
56235,52,51,0.0192308
56243,52,51,0.0192308
56253,52,51,0.0192308
56265,52,51,0.0192308
56278,52,51,0.0192308
56286,52,51,0.0192308
56296,52,51,0.0192308
56306,52,51,0.0192308
56313,52,51,0.0192308
56326,52,51,0.0192308
56336,52,51,0.0192308
56350,52,51,0.0192308
56361,52,51,0.0192308
56371,52,51,0.0192308
56384,52,51,0.0192308
56398,52,51,0.0192308
56410,52,51,0.0192308
56425,52,51,0.0192308
56437,52,51,0.0192308
56454,52,51,0.0192308
56475,52,51,0.0192308
56482,52,51,0.0192308
56495,52,51,0.0192308
56505,52,51,0.0192308
56518,52,51,0.0192308
56528,52,51,0.0192308
56540,52,51,0.0192308
56558,52,51,0.0192308
56574,52,51,0.0192308
56587,52,51,0.0192308
56592,52,51,0.0192308
56604,52,51,0.0192308
56616,52,51,0.0192308
56631,52,51,0.0192308
56643,52,51,0.0192308
56659,52,51,0.0192308
56670,52,51,0.0192308
56680,52,51,0.0192308
56693,52,51,0.0192308
56702,52,51,0.0192308
56711,52,51,0.0192308
56720,52,51,0.0192308
56736,52,51,0.0192308
56748,52,51,0.0192308
56759,52,51,0.0192308
56773,52,51,0.0192308
56782,52,51,0.0192308
56788,52,51,0.0192308
56796,52,51,0.0192308
56805,52,51,0.0192308
56820,52,51,0.0192308
56836,52,51,0.0192308
56847,52,51,0.0192308
56853,52,51,0.0192308
56858,52,51,0.0192308
56866,52,51,0.0192308
56879,52,51,0.0192308
56890,52,51,0.0192308
56900,52,51,0.0192308
56912,52,51,0.0192308
56924,52,51,0.0192308
56941,52,51,0.0192308
56955,52,51,0.0192308
56966,52,51,0.0192308
56982,52,51,0.0192308
56996,52,51,0.0192308
57008,52,51,0.0192308
57023,52,51,0.0192308
57039,52,51,0.0192308
57050,52,51,0.0192308
57067,52,51,0.0192308
57080,52,51,0.0192308
57094,52,51,0.0192308
57108,52,51,0.0192308
57118,52,51,0.0192308
57129,52,51,0.0192308
57142,52,51,0.0192308
57156,52,51,0.0192308
57177,52,51,0.0192308
57194,52,51,0.0192308
57206,52,51,0.0192308
57215,52,51,0.0192308
57227,52,51,0.0192308
57240,52,51,0.0192308
57249,52,51,0.0192308
57263,52,51,0.0192308
57275,52,51,0.0192308
57290,52,51,0.0192308
57302,52,51,0.0192308
57316,52,51,0.0192308
57327,52,51,0.0192308
57336,52,51,0.0192308
57348,52,51,0.0192308
57367,52,51,0.0192308
57379,52,51,0.0192308
57390,52,51,0.0192308
57405,52,51,0.0192308
57413,52,51,0.0192308
57421,52,51,0.0192308
57434,52,51,0.0192308
57443,52,51,0.0192308
57457,52,51,0.0192308
57468,52,51,0.0192308
57487,52,51,0.0192308
57499,52,51,0.0192308
57511,52,51,0.0192308
57525,52,51,0.0192308
57537,52,51,0.0192308
57549,52,51,0.0192308
57562,52,51,0.0192308
57584,52,51,0.0192308
57599,52,51,0.0192308
57613,52,51,0.0192308
57626,52,51,0.0192308
57632,52,51,0.0192308
57644,52,51,0.0192308
57659,52,51,0.0192308
57667,52,51,0.0192308
57677,52,51,0.0192308
57687,52,51,0.0192308
57696,52,51,0.0192308
57713,52,51,0.0192308
57722,52,51,0.0192308
57740,52,51,0.0192308
57747,52,51,0.0192308
57761,52,51,0.0192308
57775,52,51,0.0192308
57791,52,51,0.0192308
57803,52,51,0.0192308
57814,52,51,0.0192308
57820,52,51,0.0192308
57832,52,51,0.0192308
57845,52,51,0.0192308
57861,52,51,0.0192308
57872,52,51,0.0192308
57888,52,51,0.0192308
57900,52,51,0.0192308
57913,52,51,0.0192308
57921,52,51,0.0192308
57927,52,51,0.0192308
57942,52,51,0.0192308
57954,52,51,0.0192308
57960,52,51,0.0192308
57968,52,51,0.0192308
57985,52,51,0.0192308
57995,52,51,0.0192308
58008,52,51,0.0192308
58015,52,51,0.0192308
58029,52,51,0.0192308
58047,52,51,0.0192308
58061,52,51,0.0192308
58072,52,51,0.0192308
58082,52,51,0.0192308
58094,52,51,0.0192308
58104,52,51,0.0192308
58113,52,51,0.0192308
58123,52,51,0.0192308
58134,52,51,0.0192308
58146,52,51,0.0192308
58159,52,51,0.0192308
58171,52,51,0.0192308
58179,52,51,0.0192308
58192,52,51,0.0192308
58201,52,51,0.0192308
58216,52,51,0.0192308
58231,52,51,0.0192308
58237,52,51,0.0192308
58250,52,51,0.0192308
58262,52,51,0.0192308
58276,52,51,0.0192308
58293,52,51,0.0192308
58305,52,51,0.0192308
58316,52,51,0.0192308
58335,52,51,0.0192308
58344,52,51,0.0192308
58352,52,51,0.0192308
58363,52,51,0.0192308
58375,52,51,0.0192308
58385,52,51,0.0192308
58396,52,51,0.0192308
58405,52,51,0.0192308
58417,52,51,0.0192308
58431,52,51,0.0192308
58440,52,51,0.0192308
58454,52,51,0.0192308
58461,52,51,0.0192308
58470,52,51,0.0192308
58480,52,51,0.0192308
58489,52,51,0.0192308
58498,52,51,0.0192308
58507,52,51,0.0192308
58518,52,51,0.0192308
58529,52,51,0.0192308
58538,52,51,0.0192308
58553,52,51,0.0192308
58564,52,51,0.0192308
58578,52,51,0.0192308
58592,52,51,0.0192308
58599,52,51,0.0192308
58615,52,51,0.0192308
58628,52,51,0.0192308
58645,52,51,0.0192308
58663,52,51,0.0192308
58676,52,51,0.0192308
58690,52,51,0.0192308
58709,52,51,0.0192308
58722,52,51,0.0192308
58737,52,51,0.0192308
58743,52,51,0.0192308
58752,52,51,0.0192308
58765,52,51,0.0192308
58777,52,51,0.0192308
58788,52,51,0.0192308
58797,52,51,0.0192308
58809,52,51,0.0192308
58818,52,51,0.0192308
58826,52,51,0.0192308
58841,52,51,0.0192308
58849,52,51,0.0192308
58859,52,51,0.0192308
58871,52,51,0.0192308
58887,52,51,0.0192308
58898,52,51,0.0192308
58907,52,51,0.0192308
58918,52,51,0.0192308
58926,52,51,0.0192308
58939,52,51,0.0192308
58950,52,51,0.0192308
58962,52,51,0.0192308
58976,52,51,0.0192308
58991,52,51,0.0192308
59001,52,51,0.0192308
59014,52,51,0.0192308
59026,52,51,0.0192308
59040,52,51,0.0192308
59056,52,51,0.0192308
59067,52,51,0.0192308
59073,52,51,0.0192308
59090,52,51,0.0192308
59095,52,51,0.0192308
59107,52,51,0.0192308
59121,52,51,0.0192308
59133,52,51,0.0192308
59144,52,51,0.0192308
59161,52,51,0.0192308
59172,52,51,0.0192308
59188,52,51,0.0192308
59202,52,51,0.0192308
59228,52,51,0.0192308
59247,52,51,0.0192308
59269,52,51,0.0192308
59284,52,51,0.0192308
59304,52,51,0.0192308
59312,52,51,0.0192308
59327,52,51,0.0192308
59337,52,51,0.0192308
59349,52,51,0.0192308
59363,52,51,0.0192308
59372,52,51,0.0192308
59381,52,51,0.0192308
59393,52,51,0.0192308
59406,52,51,0.0192308
59418,52,51,0.0192308
59435,52,51,0.0192308
59448,52,51,0.0192308
59469,52,51,0.0192308
59482,52,51,0.0192308
59496,52,51,0.0192308
59519,52,51,0.0192308
59534,52,51,0.0192308
59550,52,51,0.0192308
59565,52,51,0.0192308
59579,52,51,0.0192308
59590,52,51,0.0192308
59604,52,51,0.0192308
59623,52,51,0.0192308
59637,52,51,0.0192308
59648,52,51,0.0192308
59657,52,51,0.0192308
59670,52,51,0.0192308
59679,52,51,0.0192308
59688,52,51,0.0192308
59707,52,51,0.0192308
59716,52,51,0.0192308
59724,52,51,0.0192308
59735,52,51,0.0192308
59751,52,51,0.0192308
59763,52,51,0.0192308
59775,52,51,0.0192308
59792,52,51,0.0192308
59804,52,51,0.0192308
59815,52,51,0.0192308
59830,52,51,0.0192308
59839,52,51,0.0192308
59857,52,51,0.0192308
59865,52,51,0.0192308
59875,52,51,0.0192308
59887,52,51,0.0192308
59902,52,51,0.0192308
59915,52,51,0.0192308
59930,52,51,0.0192308
59939,52,51,0.0192308
59954,52,51,0.0192308
59965,52,51,0.0192308
59979,52,51,0.0192308
59994,52,51,0.0192308
60171,52,51,0.0192308
