time_ms,ub,lb,gap
17,,146,
18,,146,
18,154,146,0.0519481
18,154,146,0.0519481
18,154,146,0.0519481
19,154,146,0.0519481
20,154,146,0.0519481
20,154,146,0.0519481
21,154,146,0.0519481
22,154,146,0.0519481
22,154,146,0.0519481
23,154,146,0.0519481
24,154,146,0.0519481
24,154,146,0.0519481
25,154,146,0.0519481
26,154,146,0.0519481
26,154,146,0.0519481
27,154,146,0.0519481
28,154,146,0.0519481
29,154,146,0.0519481
29,154,146,0.0519481
30,154,146,0.0519481
31,154,146,0.0519481
32,154,146,0.0519481
33,154,146,0.0519481
34,154,146,0.0519481
34,154,146,0.0519481
35,154,146,0.0519481
36,154,146,0.0519481
37,154,146,0.0519481
38,154,146,0.0519481
39,154,146,0.0519481
40,154,146,0.0519481
41,154,146,0.0519481
42,154,146,0.0519481
43,154,146,0.0519481
44,154,146,0.0519481
45,154,146,0.0519481
46,154,146,0.0519481
47,154,146,0.0519481
48,154,146,0.0519481
49,154,146,0.0519481
50,154,146,0.0519481
51,154,146,0.0519481
52,154,146,0.0519481
53,154,146,0.0519481
55,154,146,0.0519481
56,154,146,0.0519481
57,154,146,0.0519481
58,154,146,0.0519481
59,154,146,0.0519481
60,154,146,0.0519481
61,154,146,0.0519481
63,154,146,0.0519481
64,154,146,0.0519481
65,154,146,0.0519481
66,154,146,0.0519481
67,154,146,0.0519481
69,154,146,0.0519481
70,154,146,0.0519481
71,154,146,0.0519481
72,154,146,0.0519481
73,154,146,0.0519481
74,153,146,0.0457516
75,153,146,0.0457516
75,153,146,0.0457516
76,153,146,0.0457516
76,153,146,0.0457516
77,153,146,0.0457516
77,153,146,0.0457516
77,153,146,0.0457516
77,153,146,0.0457516
77,153,146,0.0457516
78,153,146,0.0457516
78,153,146,0.0457516
79,153,146,0.0457516
79,153,146,0.0457516
80,153,146,0.0457516
81,153,146,0.0457516
82,153,146,0.0457516
83,153,146,0.0457516
84,153,146,0.0457516
84,153,146,0.0457516
85,153,146,0.0457516
86,153,146,0.0457516
87,153,146,0.0457516
88,153,146,0.0457516
89,153,146,0.0457516
90,153,146,0.0457516
92,153,146,0.0457516
93,153,146,0.0457516
94,153,146,0.0457516
95,153,146,0.0457516
96,153,146,0.0457516
97,153,146,0.0457516
98,153,146,0.0457516
99,153,146,0.0457516
100,153,146,0.0457516
101,153,146,0.0457516
102,153,146,0.0457516
103,153,146,0.0457516
104,153,146,0.0457516
106,153,146,0.0457516
107,153,146,0.0457516
108,153,146,0.0457516
109,153,146,0.0457516
110,153,146,0.0457516
112,153,146,0.0457516
113,153,146,0.0457516
114,153,146,0.0457516
115,153,146,0.0457516
117,153,146,0.0457516
118,153,146,0.0457516
119,153,146,0.0457516
120,153,146,0.0457516
122,153,146,0.0457516
123,153,146,0.0457516
124,153,146,0.0457516
126,153,146,0.0457516
127,153,146,0.0457516
128,153,146,0.0457516
129,153,146,0.0457516
131,153,146,0.0457516
132,153,146,0.0457516
133,153,146,0.0457516
135,153,146,0.0457516
136,153,146,0.0457516
138,153,146,0.0457516
139,153,146,0.0457516
141,153,146,0.0457516
142,153,146,0.0457516
144,153,146,0.0457516
145,153,146,0.0457516
147,153,146,0.0457516
148,153,146,0.0457516
150,153,146,0.0457516
151,153,146,0.0457516
153,153,146,0.0457516
154,153,146,0.0457516
155,153,146,0.0457516
157,153,146,0.0457516
159,153,146,0.0457516
160,153,146,0.0457516
161,153,146,0.0457516
163,153,146,0.0457516
165,153,146,0.0457516
166,153,146,0.0457516
168,153,146,0.0457516
170,153,146,0.0457516
171,153,146,0.0457516
173,153,146,0.0457516
174,153,146,0.0457516
176,153,146,0.0457516
178,153,146,0.0457516
179,153,146,0.0457516
181,153,146,0.0457516
183,153,146,0.0457516
184,153,146,0.0457516
186,153,146,0.0457516
187,153,146,0.0457516
189,153,146,0.0457516
191,153,146,0.0457516
192,153,146,0.0457516
194,153,146,0.0457516
196,153,146,0.0457516
197,153,146,0.0457516
199,153,146,0.0457516
201,153,146,0.0457516
203,153,146,0.0457516
204,153,146,0.0457516
206,153,146,0.0457516
208,153,146,0.0457516
210,153,146,0.0457516
212,153,146,0.0457516
214,153,146,0.0457516
215,153,146,0.0457516
217,153,146,0.0457516
219,153,146,0.0457516
221,153,146,0.0457516
223,153,146,0.0457516
225,153,146,0.0457516
227,153,146,0.0457516
229,153,146,0.0457516
231,153,146,0.0457516
233,153,146,0.0457516
235,153,146,0.0457516
237,153,146,0.0457516
239,153,146,0.0457516
241,153,146,0.0457516
243,153,146,0.0457516
246,153,146,0.0457516
248,153,146,0.0457516
249,153,146,0.0457516
252,153,146,0.0457516
254,153,146,0.0457516
256,153,146,0.0457516
258,153,146,0.0457516
260,153,146,0.0457516
262,153,146,0.0457516
264,153,146,0.0457516
266,153,146,0.0457516
269,153,146,0.0457516
271,153,146,0.0457516
273,153,146,0.0457516
275,153,146,0.0457516
277,153,146,0.0457516
279,153,146,0.0457516
281,153,146,0.0457516
284,153,146,0.0457516
286,153,146,0.0457516
288,153,146,0.0457516
290,153,146,0.0457516
292,153,146,0.0457516
294,153,146,0.0457516
297,153,146,0.0457516
299,153,146,0.0457516
301,153,146,0.0457516
303,153,146,0.0457516
305,152,146,0.0394737
306,152,146,0.0394737
307,152,146,0.0394737
308,152,146,0.0394737
309,152,146,0.0394737
310,152,146,0.0394737
311,152,146,0.0394737
312,152,146,0.0394737
313,152,146,0.0394737
313,152,146,0.0394737
314,152,146,0.0394737
315,152,146,0.0394737
315,152,146,0.0394737
315,152,146,0.0394737
316,152,146,0.0394737
316,152,146,0.0394737
316,152,146,0.0394737
318,152,146,0.0394737
319,152,146,0.0394737
320,152,146,0.0394737
320,152,146,0.0394737
321,152,146,0.0394737
323,152,146,0.0394737
324,152,146,0.0394737
326,152,146,0.0394737
327,152,146,0.0394737
329,152,146,0.0394737
330,152,146,0.0394737
332,152,146,0.0394737
334,152,146,0.0394737
336,152,146,0.0394737
337,152,146,0.0394737
338,152,146,0.0394737
340,152,146,0.0394737
342,152,146,0.0394737
343,152,146,0.0394737
345,152,146,0.0394737
347,152,146,0.0394737
348,152,146,0.0394737
350,152,146,0.0394737
351,152,146,0.0394737
353,152,146,0.0394737
356,152,146,0.0394737
357,152,146,0.0394737
359,152,146,0.0394737
361,152,146,0.0394737
363,152,146,0.0394737
366,152,146,0.0394737
368,152,146,0.0394737
370,152,146,0.0394737
372,152,146,0.0394737
373,152,146,0.0394737
375,152,146,0.0394737
377,152,146,0.0394737
380,152,146,0.0394737
382,152,146,0.0394737
384,152,146,0.0394737
386,152,146,0.0394737
388,152,146,0.0394737
390,152,146,0.0394737
392,152,146,0.0394737
395,152,146,0.0394737
397,152,146,0.0394737
399,152,146,0.0394737
401,152,146,0.0394737
403,152,146,0.0394737
405,152,146,0.0394737
407,152,146,0.0394737
409,152,146,0.0394737
411,152,146,0.0394737
413,152,146,0.0394737
415,152,146,0.0394737
417,152,146,0.0394737
419,152,146,0.0394737
421,152,146,0.0394737
423,152,146,0.0394737
425,152,146,0.0394737
427,152,146,0.0394737
429,152,146,0.0394737
432,152,146,0.0394737
434,152,146,0.0394737
436,152,146,0.0394737
438,152,146,0.0394737
440,152,146,0.0394737
443,152,146,0.0394737
445,152,146,0.0394737
447,152,146,0.0394737
450,152,146,0.0394737
452,152,146,0.0394737
453,152,146,0.0394737
455,152,146,0.0394737
457,152,146,0.0394737
459,152,146,0.0394737
461,152,146,0.0394737
464,152,146,0.0394737
466,152,146,0.0394737
468,152,146,0.0394737
470,152,146,0.0394737
473,152,146,0.0394737
475,152,146,0.0394737
477,152,146,0.0394737
479,152,146,0.0394737
481,152,146,0.0394737
484,152,146,0.0394737
486,152,146,0.0394737
488,152,146,0.0394737
491,152,146,0.0394737
493,152,146,0.0394737
495,152,146,0.0394737
497,152,146,0.0394737
499,152,146,0.0394737
502,152,146,0.0394737
504,152,146,0.0394737
506,152,146,0.0394737
509,152,146,0.0394737
511,152,146,0.0394737
513,152,146,0.0394737
515,152,146,0.0394737
517,152,146,0.0394737
519,152,146,0.0394737
521,152,146,0.0394737
523,152,146,0.0394737
526,152,146,0.0394737
528,152,146,0.0394737
531,152,146,0.0394737
532,152,146,0.0394737
534,152,146,0.0394737
537,152,146,0.0394737
540,152,146,0.0394737
542,152,146,0.0394737
544,152,146,0.0394737
546,152,146,0.0394737
549,152,146,0.0394737
551,152,146,0.0394737
554,152,146,0.0394737
557,152,146,0.0394737
561,152,146,0.0394737
563,152,146,0.0394737
565,152,146,0.0394737
568,152,146,0.0394737
570,152,146,0.0394737
573,152,146,0.0394737
575,152,146,0.0394737
578,152,146,0.0394737
580,152,146,0.0394737
583,152,146,0.0394737
585,152,146,0.0394737
588,152,146,0.0394737
591,152,146,0.0394737
593,152,146,0.0394737
596,152,146,0.0394737
599,152,146,0.0394737
602,152,146,0.0394737
604,152,146,0.0394737
607,152,146,0.0394737
610,152,146,0.0394737
613,152,146,0.0394737
615,152,146,0.0394737
618,152,146,0.0394737
621,152,146,0.0394737
624,152,146,0.0394737
627,152,146,0.0394737
630,152,146,0.0394737
633,152,146,0.0394737
636,152,146,0.0394737
638,152,146,0.0394737
641,152,146,0.0394737
644,152,146,0.0394737
647,152,146,0.0394737
650,152,146,0.0394737
653,152,146,0.0394737
656,152,146,0.0394737
659,152,146,0.0394737
662,152,146,0.0394737
665,152,146,0.0394737
667,152,146,0.0394737
670,152,146,0.0394737
673,152,146,0.0394737
677,152,146,0.0394737
679,152,146,0.0394737
682,152,146,0.0394737
685,152,146,0.0394737
688,152,146,0.0394737
690,152,146,0.0394737
693,152,146,0.0394737
696,152,146,0.0394737
699,152,146,0.0394737
702,152,146,0.0394737
705,152,146,0.0394737
708,152,146,0.0394737
711,152,146,0.0394737
714,152,146,0.0394737
718,152,146,0.0394737
720,152,146,0.0394737
723,152,146,0.0394737
727,152,146,0.0394737
730,152,146,0.0394737
733,152,146,0.0394737
736,152,146,0.0394737
739,152,146,0.0394737
742,152,146,0.0394737
745,152,146,0.0394737
748,152,146,0.0394737
752,152,146,0.0394737
755,152,146,0.0394737
759,152,146,0.0394737
762,152,146,0.0394737
765,152,146,0.0394737
768,152,146,0.0394737
772,152,146,0.0394737
775,152,146,0.0394737
779,152,146,0.0394737
782,152,146,0.0394737
785,152,146,0.0394737
788,152,146,0.0394737
792,152,146,0.0394737
795,152,146,0.0394737
799,152,146,0.0394737
803,152,146,0.0394737
806,152,146,0.0394737
809,152,146,0.0394737
813,152,146,0.0394737
816,152,146,0.0394737
820,152,146,0.0394737
824,152,146,0.0394737
827,152,146,0.0394737
831,152,146,0.0394737
835,152,146,0.0394737
839,152,146,0.0394737
843,152,146,0.0394737
847,152,146,0.0394737
851,152,146,0.0394737
855,152,146,0.0394737
859,152,146,0.0394737
862,152,146,0.0394737
866,152,146,0.0394737
869,152,146,0.0394737
873,152,146,0.0394737
876,152,146,0.0394737
879,152,146,0.0394737
883,152,146,0.0394737
886,152,146,0.0394737
888,152,146,0.0394737
892,152,146,0.0394737
895,152,146,0.0394737
899,152,146,0.0394737
903,152,146,0.0394737
906,152,146,0.0394737
910,152,146,0.0394737
913,152,146,0.0394737
916,152,146,0.0394737
920,152,146,0.0394737
924,152,146,0.0394737
928,152,146,0.0394737
932,152,146,0.0394737
936,152,146,0.0394737
940,152,146,0.0394737
943,152,146,0.0394737
947,152,146,0.0394737
951,152,146,0.0394737
956,152,146,0.0394737
960,152,146,0.0394737
964,152,146,0.0394737
967,152,146,0.0394737
971,152,146,0.0394737
974,152,146,0.0394737
978,152,146,0.0394737
982,152,146,0.0394737
985,152,146,0.0394737
989,152,146,0.0394737
992,152,146,0.0394737
996,152,146,0.0394737
1000,152,146,0.0394737
1003,152,146,0.0394737
1007,152,146,0.0394737
1011,152,146,0.0394737
1015,152,146,0.0394737
1019,152,146,0.0394737
1023,152,146,0.0394737
1027,152,146,0.0394737
1030,152,146,0.0394737
1035,152,146,0.0394737
1039,152,146,0.0394737
1043,152,146,0.0394737
1046,152,146,0.0394737
1050,152,146,0.0394737
1055,152,146,0.0394737
1059,152,146,0.0394737
1063,152,146,0.0394737
1067,152,146,0.0394737
1071,152,146,0.0394737
1075,152,146,0.0394737
1078,152,146,0.0394737
1082,152,146,0.0394737
1085,152,146,0.0394737
1089,152,146,0.0394737
1093,152,146,0.0394737
1097,152,146,0.0394737
1101,152,146,0.0394737
1106,152,146,0.0394737
1110,152,146,0.0394737
1114,152,146,0.0394737
1118,152,146,0.0394737
1122,152,146,0.0394737
1126,152,146,0.0394737
1129,152,146,0.0394737
1133,152,146,0.0394737
1137,152,146,0.0394737
1141,152,146,0.0394737
1145,152,146,0.0394737
1149,152,146,0.0394737
1154,152,146,0.0394737
1157,152,146,0.0394737
1161,152,146,0.0394737
1165,152,146,0.0394737
1168,152,146,0.0394737
1172,152,146,0.0394737
1175,152,146,0.0394737
1179,152,146,0.0394737
1183,152,146,0.0394737
1187,152,146,0.0394737
1191,152,146,0.0394737
1195,152,146,0.0394737
1200,152,146,0.0394737
1204,152,146,0.0394737
1208,152,146,0.0394737
1212,152,146,0.0394737
1217,152,146,0.0394737
1221,152,146,0.0394737
1225,152,146,0.0394737
1229,152,146,0.0394737
1234,152,146,0.0394737
1238,152,146,0.0394737
1243,152,146,0.0394737
1247,152,146,0.0394737
1251,152,146,0.0394737
1256,152,146,0.0394737
1260,152,146,0.0394737
1265,152,146,0.0394737
1269,152,146,0.0394737
1273,152,146,0.0394737
1277,152,146,0.0394737
1282,152,146,0.0394737
1286,152,146,0.0394737
1290,152,146,0.0394737
1294,152,146,0.0394737
1299,152,146,0.0394737
1302,152,146,0.0394737
1305,151,146,0.0331126
1307,151,146,0.0331126
1309,151,146,0.0331126
1311,151,146,0.0331126
1312,151,146,0.0331126
1314,151,146,0.0331126
1316,151,146,0.0331126
1318,151,146,0.0331126
1320,151,146,0.0331126
1321,151,146,0.0331126
1323,151,146,0.0331126
1324,151,146,0.0331126
1325,151,146,0.0331126
1326,151,146,0.0331126
1327,151,146,0.0331126
1328,151,146,0.0331126
1329,151,146,0.0331126
1329,151,146,0.0331126
1330,151,146,0.0331126
1331,151,146,0.0331126
1332,151,146,0.0331126
1332,151,146,0.0331126
1333,151,146,0.0331126
1333,151,146,0.0331126
1333,151,146,0.0331126
1333,151,146,0.0331126
1335,151,146,0.0331126
1337,151,146,0.0331126
1339,151,146,0.0331126
1341,151,146,0.0331126
1343,151,146,0.0331126
1345,151,146,0.0331126
1347,151,146,0.0331126
1350,151,146,0.0331126
1351,151,146,0.0331126
1354,151,146,0.0331126
1355,151,146,0.0331126
1357,151,146,0.0331126
1358,151,146,0.0331126
1361,151,146,0.0331126
1363,151,146,0.0331126
1364,151,146,0.0331126
1366,151,146,0.0331126
1369,151,146,0.0331126
1371,151,146,0.0331126
1374,151,146,0.0331126
1378,151,146,0.0331126
1381,151,146,0.0331126
1385,151,146,0.0331126
1389,151,146,0.0331126
1390,151,146,0.0331126
1393,151,146,0.0331126
1395,151,146,0.0331126
1399,151,146,0.0331126
1401,151,146,0.0331126
1403,151,146,0.0331126
1407,151,146,0.0331126
1411,151,146,0.0331126
1415,151,146,0.0331126
1418,151,146,0.0331126
1422,151,146,0.0331126
1426,151,146,0.0331126
1431,151,146,0.0331126
1435,151,146,0.0331126
1438,151,146,0.0331126
1442,151,146,0.0331126
1446,151,146,0.0331126
1450,151,146,0.0331126
1455,151,146,0.0331126
1459,151,146,0.0331126
1464,151,146,0.0331126
1467,151,146,0.0331126
1472,151,146,0.0331126
1475,151,146,0.0331126
1479,151,146,0.0331126
1484,151,146,0.0331126
1488,151,146,0.0331126
1492,151,146,0.0331126
1496,151,146,0.0331126
1501,151,146,0.0331126
1505,151,146,0.0331126
1508,151,146,0.0331126
1511,151,146,0.0331126
1514,151,146,0.0331126
1517,151,146,0.0331126
1521,151,146,0.0331126
1523,151,146,0.0331126
1528,151,146,0.0331126
1532,151,146,0.0331126
1535,151,146,0.0331126
1539,151,146,0.0331126
1543,151,146,0.0331126
1548,151,146,0.0331126
1552,151,146,0.0331126
1556,151,146,0.0331126
1559,151,146,0.0331126
1562,151,146,0.0331126
1564,151,146,0.0331126
1568,151,146,0.0331126
1573,151,146,0.0331126
1575,151,146,0.0331126
1580,151,146,0.0331126
1583,151,146,0.0331126
1585,151,146,0.0331126
1590,151,146,0.0331126
1593,151,146,0.0331126
1598,151,146,0.0331126
1602,151,146,0.0331126
1604,151,146,0.0331126
1608,151,146,0.0331126
1613,151,146,0.0331126
1617,151,146,0.0331126
1621,151,146,0.0331126
1625,151,146,0.0331126
1629,151,146,0.0331126
1632,151,146,0.0331126
1635,151,146,0.0331126
1639,151,146,0.0331126
1644,151,146,0.0331126
1648,151,146,0.0331126
1652,151,146,0.0331126
1656,151,146,0.0331126
1659,151,146,0.0331126
1663,151,146,0.0331126
1667,151,146,0.0331126
1671,151,146,0.0331126
1676,151,146,0.0331126
1680,151,146,0.0331126
1683,151,146,0.0331126
1687,151,146,0.0331126
1692,151,146,0.0331126
1696,151,146,0.0331126
1698,151,146,0.0331126
1702,151,146,0.0331126
1706,151,146,0.0331126
1710,151,146,0.0331126
1714,151,146,0.0331126
1718,151,146,0.0331126
1722,151,146,0.0331126
1727,151,146,0.0331126
1731,151,146,0.0331126
1734,151,146,0.0331126
1738,151,146,0.0331126
1742,151,146,0.0331126
1746,151,146,0.0331126
1750,151,146,0.0331126
1753,151,146,0.0331126
1756,151,146,0.0331126
1760,151,146,0.0331126
1764,151,146,0.0331126
1766,151,146,0.0331126
1771,151,146,0.0331126
1774,151,146,0.0331126
1777,151,146,0.0331126
1780,151,146,0.0331126
1784,151,146,0.0331126
1788,151,146,0.0331126
1793,151,146,0.0331126
1796,151,146,0.0331126
1799,151,146,0.0331126
1802,151,146,0.0331126
1806,151,146,0.0331126
1809,151,146,0.0331126
1812,151,146,0.0331126
1816,151,146,0.0331126
1820,151,146,0.0331126
1824,151,146,0.0331126
1828,151,146,0.0331126
1832,151,146,0.0331126
1837,151,146,0.0331126
1841,151,146,0.0331126
1845,151,146,0.0331126
1848,151,146,0.0331126
1853,151,146,0.0331126
1858,151,146,0.0331126
1862,151,146,0.0331126
1866,151,146,0.0331126
1869,151,146,0.0331126
1872,151,146,0.0331126
1876,151,146,0.0331126
1880,151,146,0.0331126
1883,151,146,0.0331126
1887,151,146,0.0331126
1891,151,146,0.0331126
1894,151,146,0.0331126
1898,151,146,0.0331126
1902,151,146,0.0331126
1907,151,146,0.0331126
1910,151,146,0.0331126
1914,151,146,0.0331126
1918,151,146,0.0331126
1920,151,146,0.0331126
1924,151,146,0.0331126
1927,151,146,0.0331126
1930,151,146,0.0331126
1933,151,146,0.0331126
1936,151,146,0.0331126
1940,151,146,0.0331126
1943,151,146,0.0331126
1945,151,146,0.0331126
1948,151,146,0.0331126
1951,151,146,0.0331126
1955,151,146,0.0331126
1958,151,146,0.0331126
1961,151,146,0.0331126
1965,151,146,0.0331126
1969,151,146,0.0331126
1971,151,146,0.0331126
1974,151,146,0.0331126
1979,151,146,0.0331126
1982,151,146,0.0331126
1986,151,146,0.0331126
1990,151,146,0.0331126
1993,151,146,0.0331126
1996,151,146,0.0331126
1999,151,146,0.0331126
2002,151,146,0.0331126
2006,151,146,0.0331126
2010,151,146,0.0331126
2012,151,146,0.0331126
2014,151,146,0.0331126
2017,151,146,0.0331126
2020,151,146,0.0331126
2023,151,146,0.0331126
2025,151,146,0.0331126
2029,151,146,0.0331126
2033,151,146,0.0331126
2036,151,146,0.0331126
2039,151,146,0.0331126
2043,151,146,0.0331126
2046,151,146,0.0331126
2049,151,146,0.0331126
2051,151,146,0.0331126
2055,151,146,0.0331126
2057,151,146,0.0331126
2061,151,146,0.0331126
2063,151,146,0.0331126
2067,151,146,0.0331126
2070,151,146,0.0331126
2073,151,146,0.0331126
2075,151,146,0.0331126
2079,151,146,0.0331126
2082,151,146,0.0331126
2086,151,146,0.0331126
2090,151,146,0.0331126
2092,151,146,0.0331126
2096,151,146,0.0331126
2100,151,146,0.0331126
2104,151,146,0.0331126
2108,151,146,0.0331126
2111,151,146,0.0331126
2114,151,146,0.0331126
2118,151,146,0.0331126
2121,151,146,0.0331126
2125,151,146,0.0331126
2128,151,146,0.0331126
2132,151,146,0.0331126
2134,151,146,0.0331126
2138,151,146,0.0331126
2141,151,146,0.0331126
2144,151,146,0.0331126
2147,151,146,0.0331126
2151,151,146,0.0331126
2154,151,146,0.0331126
2158,151,146,0.0331126
2161,151,146,0.0331126
2165,151,146,0.0331126
2168,151,146,0.0331126
2172,151,146,0.0331126
2175,151,146,0.0331126
2178,151,146,0.0331126
2182,151,146,0.0331126
2185,151,146,0.0331126
2188,151,146,0.0331126
2191,151,146,0.0331126
2193,151,146,0.0331126
2197,151,146,0.0331126
2200,151,146,0.0331126
2202,151,146,0.0331126
2207,151,146,0.0331126
2212,151,146,0.0331126
2214,151,146,0.0331126
2219,151,146,0.0331126
2223,151,146,0.0331126
2226,151,146,0.0331126
2229,151,146,0.0331126
2233,151,146,0.0331126
2236,151,146,0.0331126
2239,151,146,0.0331126
2242,151,146,0.0331126
2245,151,146,0.0331126
2248,151,146,0.0331126
2252,151,146,0.0331126
2255,151,146,0.0331126
2258,151,146,0.0331126
2260,151,146,0.0331126
2263,151,146,0.0331126
2266,151,146,0.0331126
2270,151,146,0.0331126
2273,151,146,0.0331126
2275,151,146,0.0331126
2279,151,146,0.0331126
2282,151,146,0.0331126
2286,151,146,0.0331126
2289,151,146,0.0331126
2293,151,146,0.0331126
2296,151,146,0.0331126
2299,151,146,0.0331126
2302,151,146,0.0331126
2305,151,146,0.0331126
2308,151,146,0.0331126
2312,151,146,0.0331126
2315,151,146,0.0331126
2318,151,146,0.0331126
2322,151,146,0.0331126
2325,151,146,0.0331126
2328,151,146,0.0331126
2331,151,146,0.0331126
2335,151,146,0.0331126
2339,151,146,0.0331126
2343,151,146,0.0331126
2346,151,146,0.0331126
2350,151,146,0.0331126
2353,151,146,0.0331126
2357,151,146,0.0331126
2361,151,146,0.0331126
2365,151,146,0.0331126
2369,151,146,0.0331126
2372,151,146,0.0331126
2376,151,146,0.0331126
2380,151,146,0.0331126
2383,151,146,0.0331126
2386,151,146,0.0331126
2389,151,146,0.0331126
2393,151,146,0.0331126
2396,151,146,0.0331126
2400,151,146,0.0331126
2403,151,146,0.0331126
2407,151,146,0.0331126
2410,151,146,0.0331126
2413,151,146,0.0331126
2417,151,146,0.0331126
2421,151,146,0.0331126
2424,151,146,0.0331126
2428,151,146,0.0331126
2432,151,146,0.0331126
2436,151,146,0.0331126
2440,151,146,0.0331126
2443,151,146,0.0331126
2448,151,146,0.0331126
2451,151,146,0.0331126
2454,151,146,0.0331126
2458,151,146,0.0331126
2461,151,146,0.0331126
2465,151,146,0.0331126
2469,151,146,0.0331126
2472,151,146,0.0331126
2476,151,146,0.0331126
2481,151,146,0.0331126
2484,151,146,0.0331126
2487,151,146,0.0331126
2491,151,146,0.0331126
2494,151,146,0.0331126
2498,151,146,0.0331126
2502,151,146,0.0331126
2506,151,146,0.0331126
2509,151,146,0.0331126
2513,151,146,0.0331126
2517,151,146,0.0331126
2521,151,146,0.0331126
2525,151,146,0.0331126
2529,151,146,0.0331126
2533,151,146,0.0331126
2536,151,146,0.0331126
2540,151,146,0.0331126
2545,151,146,0.0331126
2548,151,146,0.0331126
2552,151,146,0.0331126
2556,151,146,0.0331126
2560,151,146,0.0331126
2563,151,146,0.0331126
2566,151,146,0.0331126
2570,151,146,0.0331126
2573,151,146,0.0331126
2577,151,146,0.0331126
2582,151,146,0.0331126
2585,151,146,0.0331126
2589,151,146,0.0331126
2593,151,146,0.0331126
2596,151,146,0.0331126
2601,151,146,0.0331126
2606,151,146,0.0331126
2608,151,146,0.0331126
2613,151,146,0.0331126
2617,151,146,0.0331126
2620,151,146,0.0331126
2625,151,146,0.0331126
2629,151,146,0.0331126
2633,151,146,0.0331126
2637,151,146,0.0331126
2642,151,146,0.0331126
2647,151,146,0.0331126
2651,151,146,0.0331126
2655,151,146,0.0331126
2659,151,146,0.0331126
2662,151,146,0.0331126
2665,151,146,0.0331126
2670,151,146,0.0331126
2674,151,146,0.0331126
2678,151,146,0.0331126
2681,151,146,0.0331126
2684,151,146,0.0331126
2688,151,146,0.0331126
2693,151,146,0.0331126
2697,151,146,0.0331126
2700,151,146,0.0331126
2705,151,146,0.0331126
2709,151,146,0.0331126
2713,151,146,0.0331126
2717,151,146,0.0331126
2721,151,146,0.0331126
2725,151,146,0.0331126
2729,151,146,0.0331126
2732,151,146,0.0331126
2736,151,146,0.0331126
2740,151,146,0.0331126
2744,151,146,0.0331126
2748,151,146,0.0331126
2750,151,146,0.0331126
2754,151,146,0.0331126
2759,151,146,0.0331126
2763,151,146,0.0331126
2766,150,146,0.0266667
2769,150,146,0.0266667
2770,150,146,0.0266667
2772,150,146,0.0266667
2774,150,146,0.0266667
2776,150,146,0.0266667
2778,150,146,0.0266667
2779,150,146,0.0266667
2781,150,146,0.0266667
2783,150,146,0.0266667
2784,150,146,0.0266667
2785,150,146,0.0266667
2787,150,146,0.0266667
2788,150,146,0.0266667
2789,150,146,0.0266667
2790,150,146,0.0266667
2791,150,146,0.0266667
2792,150,146,0.0266667
2793,150,146,0.0266667
2794,150,146,0.0266667
2794,150,146,0.0266667
2795,150,146,0.0266667
2796,150,146,0.0266667
2796,150,146,0.0266667
2796,150,146,0.0266667
2797,150,146,0.0266667
2797,150,146,0.0266667
2797,150,146,0.0266667
2798,150,146,0.0266667
2798,150,146,0.0266667
2798,150,146,0.0266667
2799,150,146,0.0266667
2801,150,146,0.0266667
2802,150,146,0.0266667
2803,150,146,0.0266667
2803,150,146,0.0266667
2804,150,146,0.0266667
2805,150,146,0.0266667
2806,150,146,0.0266667
2807,150,146,0.0266667
2807,150,146,0.0266667
2808,150,146,0.0266667
2809,150,146,0.0266667
2809,150,146,0.0266667
2810,150,146,0.0266667
2812,150,146,0.0266667
2813,150,146,0.0266667
2814,150,146,0.0266667
2814,150,146,0.0266667
2814,150,146,0.0266667
2817,150,146,0.0266667
2820,150,146,0.0266667
2822,150,146,0.0266667
2828,150,146,0.0266667
2835,150,146,0.0266667
2841,150,146,0.0266667
2846,150,146,0.0266667
2854,150,146,0.0266667
2861,150,146,0.0266667
2865,150,146,0.0266667
2868,150,146,0.0266667
2875,150,146,0.0266667
2880,150,146,0.0266667
2885,150,146,0.0266667
2888,150,146,0.0266667
2894,150,146,0.0266667
2900,150,146,0.0266667
2906,150,146,0.0266667
2911,150,146,0.0266667
2915,150,146,0.0266667
2918,150,146,0.0266667
2922,150,146,0.0266667
2928,150,146,0.0266667
2931,150,146,0.0266667
2935,150,146,0.0266667
2939,150,146,0.0266667
2943,150,146,0.0266667
2949,150,146,0.0266667
2954,150,146,0.0266667
2959,150,146,0.0266667
2965,150,146,0.0266667
2970,150,146,0.0266667
2975,150,146,0.0266667
2979,150,146,0.0266667
2984,150,146,0.0266667
2989,150,146,0.0266667
2992,150,146,0.0266667
2996,150,146,0.0266667
2999,150,146,0.0266667
3003,150,146,0.0266667
3008,150,146,0.0266667
3013,150,146,0.0266667
3017,150,146,0.0266667
3021,150,146,0.0266667
3023,150,146,0.0266667
3028,150,146,0.0266667
3032,150,146,0.0266667
3035,150,146,0.0266667
3040,150,146,0.0266667
3043,150,146,0.0266667
3047,150,146,0.0266667
3052,150,146,0.0266667
3055,150,146,0.0266667
3057,150,146,0.0266667
3061,150,146,0.0266667
3064,150,146,0.0266667
3068,150,146,0.0266667
3072,150,146,0.0266667
3076,150,146,0.0266667
3079,150,146,0.0266667
3083,150,146,0.0266667
3086,150,146,0.0266667
3089,150,146,0.0266667
3093,150,146,0.0266667
3096,150,146,0.0266667
3099,150,146,0.0266667
3102,150,146,0.0266667
3106,150,146,0.0266667
3110,150,146,0.0266667
3113,150,146,0.0266667
3115,150,146,0.0266667
3118,150,146,0.0266667
3123,150,146,0.0266667
3128,150,146,0.0266667
3130,150,146,0.0266667
3133,150,146,0.0266667
3137,150,146,0.0266667
3141,150,146,0.0266667
3143,150,146,0.0266667
3146,150,146,0.0266667
3149,150,146,0.0266667
3153,150,146,0.0266667
3157,150,146,0.0266667
3162,150,146,0.0266667
3165,150,146,0.0266667
3168,150,146,0.0266667
3170,150,146,0.0266667
3173,150,146,0.0266667
3176,150,146,0.0266667
3181,150,146,0.0266667
3184,150,146,0.0266667
3187,150,146,0.0266667
3190,150,146,0.0266667
3194,150,146,0.0266667
3195,150,146,0.0266667
3198,150,146,0.0266667
3201,150,146,0.0266667
3204,150,146,0.0266667
3207,150,146,0.0266667
3211,150,146,0.0266667
3214,150,146,0.0266667
3218,150,146,0.0266667
3221,150,146,0.0266667
3225,150,146,0.0266667
3229,150,146,0.0266667
3232,150,146,0.0266667
3236,150,146,0.0266667
3239,150,146,0.0266667
3242,150,146,0.0266667
3245,150,146,0.0266667
3248,150,146,0.0266667
3251,150,146,0.0266667
3255,150,146,0.0266667
3258,150,146,0.0266667
3262,150,146,0.0266667
3265,150,146,0.0266667
3268,150,146,0.0266667
3271,150,146,0.0266667
3275,150,146,0.0266667
3278,150,146,0.0266667
3282,150,146,0.0266667
3285,150,146,0.0266667
3289,150,146,0.0266667
3293,150,146,0.0266667
3296,150,146,0.0266667
3299,150,146,0.0266667
3302,150,146,0.0266667
3305,150,146,0.0266667
3308,150,146,0.0266667
3312,150,146,0.0266667
3315,150,146,0.0266667
3318,150,146,0.0266667
3321,150,146,0.0266667
3324,150,146,0.0266667
3328,150,146,0.0266667
3333,150,146,0.0266667
3336,150,146,0.0266667
3339,150,146,0.0266667
3343,150,146,0.0266667
3347,150,146,0.0266667
3351,150,146,0.0266667
3355,150,146,0.0266667
3359,150,146,0.0266667
3362,150,146,0.0266667
3364,150,146,0.0266667
3367,150,146,0.0266667
3369,150,146,0.0266667
3371,150,146,0.0266667
3374,150,146,0.0266667
3378,150,146,0.0266667
3382,150,146,0.0266667
3384,150,146,0.0266667
3388,150,146,0.0266667
3391,150,146,0.0266667
3394,150,146,0.0266667
3398,150,146,0.0266667
3401,150,146,0.0266667
3405,150,146,0.0266667
3407,150,146,0.0266667
3411,150,146,0.0266667
3414,150,146,0.0266667
3417,150,146,0.0266667
3420,150,146,0.0266667
3423,150,146,0.0266667
3426,150,146,0.0266667
3429,150,146,0.0266667
3433,150,146,0.0266667
3436,150,146,0.0266667
3440,150,146,0.0266667
3444,150,146,0.0266667
3448,150,146,0.0266667
3451,150,146,0.0266667
3455,150,146,0.0266667
3460,150,146,0.0266667
3463,150,146,0.0266667
3466,150,146,0.0266667
3470,150,146,0.0266667
3473,150,146,0.0266667
3477,150,146,0.0266667
3481,150,146,0.0266667
3485,150,146,0.0266667
3489,150,146,0.0266667
3492,150,146,0.0266667
3496,150,146,0.0266667
3498,150,146,0.0266667
3502,150,146,0.0266667
3504,150,146,0.0266667
3508,150,146,0.0266667
3512,150,146,0.0266667
3515,150,146,0.0266667
3518,150,146,0.0266667
3522,150,146,0.0266667
3526,150,146,0.0266667
3529,150,146,0.0266667
3532,150,146,0.0266667
3537,150,146,0.0266667
3540,150,146,0.0266667
3544,150,146,0.0266667
3548,150,146,0.0266667
3553,150,146,0.0266667
3557,150,146,0.0266667
3560,150,146,0.0266667
3564,150,146,0.0266667
3567,150,146,0.0266667
3572,150,146,0.0266667
3575,150,146,0.0266667
3579,150,146,0.0266667
3583,150,146,0.0266667
3587,150,146,0.0266667
3590,150,146,0.0266667
3594,150,146,0.0266667
3597,150,146,0.0266667
3600,150,146,0.0266667
3603,150,146,0.0266667
3607,150,146,0.0266667
3610,150,146,0.0266667
3612,150,146,0.0266667
3615,150,146,0.0266667
3619,150,146,0.0266667
3622,150,146,0.0266667
3626,150,146,0.0266667
3630,150,146,0.0266667
3634,150,146,0.0266667
3638,150,146,0.0266667
3644,150,146,0.0266667
3647,150,146,0.0266667
3652,150,146,0.0266667
3655,150,146,0.0266667
3658,150,146,0.0266667
3661,150,146,0.0266667
3665,150,146,0.0266667
3669,150,146,0.0266667
3672,150,146,0.0266667
3676,150,146,0.0266667
3679,150,146,0.0266667
3682,150,146,0.0266667
3686,150,146,0.0266667
3689,150,146,0.0266667
3692,150,146,0.0266667
3695,150,146,0.0266667
3698,150,146,0.0266667
3701,150,146,0.0266667
3704,150,146,0.0266667
3707,150,146,0.0266667
3710,150,146,0.0266667
3713,150,146,0.0266667
3717,150,146,0.0266667
3720,150,146,0.0266667
3723,150,146,0.0266667
3726,150,146,0.0266667
3730,150,146,0.0266667
3733,150,146,0.0266667
3738,150,146,0.0266667
3740,150,146,0.0266667
3744,150,146,0.0266667
3747,150,146,0.0266667
3752,150,146,0.0266667
3755,150,146,0.0266667
3758,150,146,0.0266667
3760,150,146,0.0266667
3763,150,146,0.0266667
3767,150,146,0.0266667
3770,150,146,0.0266667
3772,150,146,0.0266667
3776,150,146,0.0266667
3780,150,146,0.0266667
3784,150,146,0.0266667
3787,150,146,0.0266667
3790,150,146,0.0266667
3793,150,146,0.0266667
3796,150,146,0.0266667
3798,150,146,0.0266667
3801,150,146,0.0266667
3804,150,146,0.0266667
3807,150,146,0.0266667
3810,150,146,0.0266667
3813,150,146,0.0266667
3816,150,146,0.0266667
3819,150,146,0.0266667
3822,150,146,0.0266667
3824,150,146,0.0266667
3827,150,146,0.0266667
3830,150,146,0.0266667
3832,150,146,0.0266667
3836,150,146,0.0266667
3838,150,146,0.0266667
3841,150,146,0.0266667
3846,150,146,0.0266667
3850,150,146,0.0266667
3855,150,146,0.0266667
3857,150,146,0.0266667
3860,150,146,0.0266667
3863,150,146,0.0266667
3867,150,146,0.0266667
3869,150,146,0.0266667
3872,150,146,0.0266667
3876,150,146,0.0266667
3879,150,146,0.0266667
3883,150,146,0.0266667
3886,150,146,0.0266667
3888,150,146,0.0266667
3891,150,146,0.0266667
3895,150,146,0.0266667
3899,150,146,0.0266667
3901,150,146,0.0266667
3904,150,146,0.0266667
3907,150,146,0.0266667
3911,150,146,0.0266667
3915,150,146,0.0266667
3919,150,146,0.0266667
3923,150,146,0.0266667
3928,150,146,0.0266667
3932,150,146,0.0266667
3936,150,146,0.0266667
3939,150,146,0.0266667
3944,150,146,0.0266667
3946,150,146,0.0266667
3949,150,146,0.0266667
3953,150,146,0.0266667
3957,150,146,0.0266667
3961,150,146,0.0266667
3964,150,146,0.0266667
3968,150,146,0.0266667
3972,150,146,0.0266667
3974,150,146,0.0266667
3979,150,146,0.0266667
3981,150,146,0.0266667
3984,150,146,0.0266667
3988,150,146,0.0266667
3992,150,146,0.0266667
3995,150,146,0.0266667
3997,150,146,0.0266667
4001,150,146,0.0266667
4005,150,146,0.0266667
4008,150,146,0.0266667
4012,150,146,0.0266667
4015,150,146,0.0266667
4018,150,146,0.0266667
4022,150,146,0.0266667
4026,150,146,0.0266667
4030,150,146,0.0266667
4033,150,146,0.0266667
4038,150,146,0.0266667
4041,150,146,0.0266667
4043,150,146,0.0266667
4046,150,146,0.0266667
4050,150,146,0.0266667
4052,150,146,0.0266667
4056,150,146,0.0266667
4059,150,146,0.0266667
4062,150,146,0.0266667
4065,150,146,0.0266667
4068,150,146,0.0266667
4071,150,146,0.0266667
4075,150,146,0.0266667
4079,150,146,0.0266667
4084,150,146,0.0266667
4087,150,146,0.0266667
4090,150,146,0.0266667
4093,150,146,0.0266667
4098,150,146,0.0266667
4101,150,146,0.0266667
4105,150,146,0.0266667
4108,150,146,0.0266667
4111,150,146,0.0266667
4115,150,146,0.0266667
4118,150,146,0.0266667
4123,150,146,0.0266667
4126,150,146,0.0266667
4129,150,146,0.0266667
4133,150,146,0.0266667
4137,150,146,0.0266667
4141,150,146,0.0266667
4144,150,146,0.0266667
4148,150,146,0.0266667
4152,150,146,0.0266667
4156,150,146,0.0266667
4160,150,146,0.0266667
4164,150,146,0.0266667
4167,150,146,0.0266667
4170,150,146,0.0266667
4173,150,146,0.0266667
4177,150,146,0.0266667
4182,150,146,0.0266667
4185,150,146,0.0266667
4189,150,146,0.0266667
4193,150,146,0.0266667
4196,150,146,0.0266667
4198,150,146,0.0266667
4203,150,146,0.0266667
4207,150,146,0.0266667
4211,150,146,0.0266667
4214,150,146,0.0266667
4219,150,146,0.0266667
4222,150,146,0.0266667
4226,150,146,0.0266667
4229,150,146,0.0266667
4233,150,146,0.0266667
4236,150,146,0.0266667
4240,150,146,0.0266667
4243,150,146,0.0266667
4245,150,146,0.0266667
4249,150,146,0.0266667
4253,150,146,0.0266667
4256,150,146,0.0266667
4260,150,146,0.0266667
4263,150,146,0.0266667
4267,150,146,0.0266667
4271,150,146,0.0266667
4274,150,146,0.0266667
4278,150,146,0.0266667
4280,150,146,0.0266667
4282,150,146,0.0266667
4287,150,146,0.0266667
4290,150,146,0.0266667
4294,150,146,0.0266667
4298,150,146,0.0266667
4301,150,146,0.0266667
4304,150,146,0.0266667
4308,150,146,0.0266667
4313,150,146,0.0266667
4318,150,146,0.0266667
4321,150,146,0.0266667
4326,150,146,0.0266667
4329,150,146,0.0266667
4333,150,146,0.0266667
4337,150,146,0.0266667
4340,150,146,0.0266667
4344,150,146,0.0266667
4347,150,146,0.0266667
4350,150,146,0.0266667
4354,150,146,0.0266667
4357,150,146,0.0266667
4360,150,146,0.0266667
4364,150,146,0.0266667
4368,150,146,0.0266667
4372,150,146,0.0266667
4376,150,146,0.0266667
4379,150,146,0.0266667
4384,150,146,0.0266667
4388,150,146,0.0266667
4391,150,146,0.0266667
4396,150,146,0.0266667
4399,150,146,0.0266667
4402,150,146,0.0266667
4407,150,146,0.0266667
4410,150,146,0.0266667
4414,150,146,0.0266667
4417,150,146,0.0266667
4421,150,146,0.0266667
4424,150,146,0.0266667
4427,150,146,0.0266667
4431,150,146,0.0266667
4434,150,146,0.0266667
4438,150,146,0.0266667
4442,150,146,0.0266667
4447,150,146,0.0266667
4450,150,146,0.0266667
4454,150,146,0.0266667
4457,150,146,0.0266667
4459,150,146,0.0266667
4463,150,146,0.0266667
4466,150,146,0.0266667
4471,150,146,0.0266667
4474,150,146,0.0266667
4477,150,146,0.0266667
4480,150,146,0.0266667
4483,150,146,0.0266667
4487,150,146,0.0266667
4490,150,146,0.0266667
4493,150,146,0.0266667
4498,150,146,0.0266667
4502,150,146,0.0266667
4506,150,146,0.0266667
4509,150,146,0.0266667
4512,150,146,0.0266667
4514,150,146,0.0266667
4519,150,146,0.0266667
4523,150,146,0.0266667
4526,150,146,0.0266667
4530,150,146,0.0266667
4534,150,146,0.0266667
4539,150,146,0.0266667
4543,150,146,0.0266667
4547,150,146,0.0266667
4551,150,146,0.0266667
4555,150,146,0.0266667
4560,150,146,0.0266667
4563,150,146,0.0266667
4566,150,146,0.0266667
4570,150,146,0.0266667
4573,150,146,0.0266667
4577,150,146,0.0266667
4580,150,146,0.0266667
4583,150,146,0.0266667
4587,150,146,0.0266667
4591,150,146,0.0266667
4594,150,146,0.0266667
4599,150,146,0.0266667
4601,150,146,0.0266667
4604,150,146,0.0266667
4608,150,146,0.0266667
4611,150,146,0.0266667
4617,150,146,0.0266667
4619,150,146,0.0266667
4624,150,146,0.0266667
4627,150,146,0.0266667
4630,150,146,0.0266667
4634,150,146,0.0266667
4639,150,146,0.0266667
4642,150,146,0.0266667
4644,150,146,0.0266667
4649,150,146,0.0266667
4653,150,146,0.0266667
4656,150,146,0.0266667
4659,150,146,0.0266667
4661,150,146,0.0266667
4666,150,146,0.0266667
4670,150,146,0.0266667
4672,150,146,0.0266667
4675,150,146,0.0266667
4678,150,146,0.0266667
4682,150,146,0.0266667
4686,150,146,0.0266667
4689,150,146,0.0266667
4693,150,146,0.0266667
4696,150,146,0.0266667
4701,150,146,0.0266667
4705,150,146,0.0266667
4708,150,146,0.0266667
4711,150,146,0.0266667
4715,150,146,0.0266667
4718,150,146,0.0266667
4721,150,146,0.0266667
4724,150,146,0.0266667
4728,150,146,0.0266667
4732,150,146,0.0266667
4735,150,146,0.0266667
4740,150,146,0.0266667
4742,150,146,0.0266667
4745,150,146,0.0266667
4749,150,146,0.0266667
4753,150,146,0.0266667
4757,150,146,0.0266667
4759,150,146,0.0266667
4764,150,146,0.0266667
4766,150,146,0.0266667
4771,150,146,0.0266667
4776,150,146,0.0266667
4779,150,146,0.0266667
4782,150,146,0.0266667
4787,150,146,0.0266667
4790,150,146,0.0266667
4794,150,146,0.0266667
4797,150,146,0.0266667
4800,150,146,0.0266667
4804,150,146,0.0266667
4806,150,146,0.0266667
4811,150,146,0.0266667
4814,150,146,0.0266667
4818,150,146,0.0266667
4822,150,146,0.0266667
4826,150,146,0.0266667
4831,150,146,0.0266667
4835,150,146,0.0266667
4839,150,146,0.0266667
4842,150,146,0.0266667
4846,150,146,0.0266667
4851,150,146,0.0266667
4855,150,146,0.0266667
4860,150,146,0.0266667
4864,150,146,0.0266667
4867,150,146,0.0266667
4870,150,146,0.0266667
4874,150,146,0.0266667
4878,150,146,0.0266667
4882,150,146,0.0266667
4885,150,146,0.0266667
4887,150,146,0.0266667
4891,150,146,0.0266667
4895,150,146,0.0266667
4898,150,146,0.0266667
4902,150,146,0.0266667
4904,150,146,0.0266667
4909,150,146,0.0266667
4911,150,146,0.0266667
4915,150,146,0.0266667
4920,150,146,0.0266667
4925,150,146,0.0266667
4929,150,146,0.0266667
4932,150,146,0.0266667
4936,150,146,0.0266667
4940,150,146,0.0266667
4944,150,146,0.0266667
4948,150,146,0.0266667
4951,150,146,0.0266667
4953,150,146,0.0266667
4958,150,146,0.0266667
4963,150,146,0.0266667
4966,150,146,0.0266667
4970,150,146,0.0266667
4974,150,146,0.0266667
4978,150,146,0.0266667
4982,150,146,0.0266667
4986,150,146,0.0266667
4989,150,146,0.0266667
4992,150,146,0.0266667
4995,150,146,0.0266667
5000,150,146,0.0266667
5003,150,146,0.0266667
5005,150,146,0.0266667
5009,150,146,0.0266667
5015,150,146,0.0266667
5018,150,146,0.0266667
5023,150,146,0.0266667
5027,150,146,0.0266667
5030,150,146,0.0266667
5036,150,146,0.0266667
5039,150,146,0.0266667
5041,150,146,0.0266667
5045,150,146,0.0266667
5049,150,146,0.0266667
5053,150,146,0.0266667
5059,150,146,0.0266667
5063,150,146,0.0266667
5067,150,146,0.0266667
5069,150,146,0.0266667
5072,150,146,0.0266667
5075,150,146,0.0266667
5077,150,146,0.0266667
5080,150,146,0.0266667
5084,150,146,0.0266667
5088,150,146,0.0266667
5093,150,146,0.0266667
5096,150,146,0.0266667
5101,150,146,0.0266667
5106,150,146,0.0266667
5109,150,146,0.0266667
5113,150,146,0.0266667
5116,150,146,0.0266667
5120,150,146,0.0266667
5124,150,146,0.0266667
5129,150,146,0.0266667
5131,150,146,0.0266667
5134,150,146,0.0266667
5138,150,146,0.0266667
5142,150,146,0.0266667
5145,150,146,0.0266667
5149,150,146,0.0266667
5153,150,146,0.0266667
5156,150,146,0.0266667
5161,150,146,0.0266667
5164,150,146,0.0266667
5167,150,146,0.0266667
5170,150,146,0.0266667
5174,150,146,0.0266667
5178,150,146,0.0266667
5181,150,146,0.0266667
5183,150,146,0.0266667
5188,150,146,0.0266667
5194,150,146,0.0266667
5198,150,146,0.0266667
5202,150,146,0.0266667
5206,150,146,0.0266667
5209,150,146,0.0266667
5214,150,146,0.0266667
5218,150,146,0.0266667
5222,150,146,0.0266667
5225,150,146,0.0266667
5228,150,146,0.0266667
5232,150,146,0.0266667
5236,150,146,0.0266667
5240,150,146,0.0266667
5244,150,146,0.0266667
5249,150,146,0.0266667
5252,150,146,0.0266667
5256,150,146,0.0266667
5259,150,146,0.0266667
5263,150,146,0.0266667
5267,150,146,0.0266667
5271,150,146,0.0266667
5274,150,146,0.0266667
5278,150,146,0.0266667
5283,150,146,0.0266667
5288,150,146,0.0266667
5292,150,146,0.0266667
5295,150,146,0.0266667
5299,150,146,0.0266667
5304,150,146,0.0266667
5308,150,146,0.0266667
5312,150,146,0.0266667
5316,150,146,0.0266667
5320,150,146,0.0266667
5324,150,146,0.0266667
5327,150,146,0.0266667
5331,150,146,0.0266667
5334,150,146,0.0266667
5337,150,146,0.0266667
5342,150,146,0.0266667
5347,150,146,0.0266667
5353,150,146,0.0266667
5359,150,146,0.0266667
5363,150,146,0.0266667
5366,150,146,0.0266667
5372,150,146,0.0266667
5376,150,146,0.0266667
5380,150,146,0.0266667
5385,150,146,0.0266667
5389,150,146,0.0266667
5392,150,146,0.0266667
5397,150,146,0.0266667
5400,150,146,0.0266667
5403,150,146,0.0266667
5407,150,146,0.0266667
5410,150,146,0.0266667
5415,150,146,0.0266667
5418,150,146,0.0266667
5422,150,146,0.0266667
5425,150,146,0.0266667
5429,150,146,0.0266667
5433,150,146,0.0266667
5438,150,146,0.0266667
5441,150,146,0.0266667
5445,150,146,0.0266667
5449,150,146,0.0266667
5452,150,146,0.0266667
5455,150,146,0.0266667
5459,150,146,0.0266667
5464,150,146,0.0266667
5466,150,146,0.0266667
5471,150,146,0.0266667
5473,150,146,0.0266667
5477,150,146,0.0266667
5480,150,146,0.0266667
5484,150,146,0.0266667
5487,150,146,0.0266667
5490,150,146,0.0266667
5495,150,146,0.0266667
5499,150,146,0.0266667
5504,150,146,0.0266667
5508,150,146,0.0266667
5513,150,146,0.0266667
5518,150,146,0.0266667
5522,150,146,0.0266667
5527,150,146,0.0266667
5530,150,146,0.0266667
5534,150,146,0.0266667
5539,150,146,0.0266667
5541,150,146,0.0266667
5546,150,146,0.0266667
5550,150,146,0.0266667
5554,150,146,0.0266667
5556,150,146,0.0266667
5560,150,146,0.0266667
5564,150,146,0.0266667
5567,150,146,0.0266667
5571,150,146,0.0266667
5574,150,146,0.0266667
5580,150,146,0.0266667
5583,150,146,0.0266667
5587,150,146,0.0266667
5591,150,146,0.0266667
5595,150,146,0.0266667
5598,150,146,0.0266667
5602,150,146,0.0266667
5606,150,146,0.0266667
5609,150,146,0.0266667
5612,150,146,0.0266667
5616,150,146,0.0266667
5619,150,146,0.0266667
5623,150,146,0.0266667
5626,150,146,0.0266667
5631,150,146,0.0266667
5634,150,146,0.0266667
5640,150,146,0.0266667
5643,150,146,0.0266667
5646,150,146,0.0266667
5650,150,146,0.0266667
5655,150,146,0.0266667
5659,150,146,0.0266667
5664,150,146,0.0266667
5669,150,146,0.0266667
5673,150,146,0.0266667
5677,150,146,0.0266667
5682,150,146,0.0266667
5686,150,146,0.0266667
5689,150,146,0.0266667
5693,150,146,0.0266667
5697,150,146,0.0266667
5702,150,146,0.0266667
5707,150,146,0.0266667
5712,150,146,0.0266667
5715,150,146,0.0266667
5720,150,146,0.0266667
5724,150,146,0.0266667
5727,150,146,0.0266667
5729,150,146,0.0266667
5733,150,146,0.0266667
5738,150,146,0.0266667
5741,150,146,0.0266667
5745,150,146,0.0266667
5748,150,146,0.0266667
5752,150,146,0.0266667
5755,150,146,0.0266667
5759,150,146,0.0266667
5761,150,146,0.0266667
5765,150,146,0.0266667
5769,150,146,0.0266667
5772,150,146,0.0266667
5777,150,146,0.0266667
5780,150,146,0.0266667
5784,150,146,0.0266667
5788,150,146,0.0266667
5792,150,146,0.0266667
5796,150,146,0.0266667
5800,150,146,0.0266667
5804,150,146,0.0266667
5807,150,146,0.0266667
5810,150,146,0.0266667
5814,150,146,0.0266667
5818,150,146,0.0266667
5821,150,146,0.0266667
5824,150,146,0.0266667
5828,150,146,0.0266667
5833,150,146,0.0266667
5836,150,146,0.0266667
5839,150,146,0.0266667
5843,150,146,0.0266667
5846,150,146,0.0266667
5851,150,146,0.0266667
5856,150,146,0.0266667
5861,150,146,0.0266667
5866,150,146,0.0266667
5868,150,146,0.0266667
5872,150,146,0.0266667
5875,150,146,0.0266667
5880,150,146,0.0266667
5884,150,146,0.0266667
5888,150,146,0.0266667
5890,150,146,0.0266667
5892,150,146,0.0266667
5896,150,146,0.0266667
5899,150,146,0.0266667
5903,150,146,0.0266667
5906,150,146,0.0266667
5910,150,146,0.0266667
5912,150,146,0.0266667
5917,150,146,0.0266667
5921,150,146,0.0266667
5924,150,146,0.0266667
5929,150,146,0.0266667
5934,150,146,0.0266667
5938,150,146,0.0266667
5940,150,146,0.0266667
5944,150,146,0.0266667
5948,150,146,0.0266667
5952,150,146,0.0266667
5955,150,146,0.0266667
5959,150,146,0.0266667
5962,150,146,0.0266667
5968,150,146,0.0266667
5971,150,146,0.0266667
5974,150,146,0.0266667
5978,150,146,0.0266667
5982,150,146,0.0266667
5987,150,146,0.0266667
5990,150,146,0.0266667
5994,150,146,0.0266667
5998,150,146,0.0266667
6002,150,146,0.0266667
6006,150,146,0.0266667
6010,150,146,0.0266667
6013,150,146,0.0266667
6017,150,146,0.0266667
6020,150,146,0.0266667
6024,150,146,0.0266667
6028,150,146,0.0266667
6034,150,146,0.0266667
6036,150,146,0.0266667
6040,150,146,0.0266667
6042,150,146,0.0266667
6045,150,146,0.0266667
6048,150,146,0.0266667
6054,150,146,0.0266667
6059,150,146,0.0266667
6064,150,146,0.0266667
6067,150,146,0.0266667
6070,150,146,0.0266667
6074,150,146,0.0266667
6077,150,146,0.0266667
6080,150,146,0.0266667
6083,150,146,0.0266667
6087,150,146,0.0266667
6091,150,146,0.0266667
6095,150,146,0.0266667
6099,150,146,0.0266667
6103,150,146,0.0266667
6108,150,146,0.0266667
6112,150,146,0.0266667
6116,150,146,0.0266667
6119,150,146,0.0266667
6124,150,146,0.0266667
6129,150,146,0.0266667
6132,150,146,0.0266667
6138,150,146,0.0266667
6141,150,146,0.0266667
6146,150,146,0.0266667
6150,150,146,0.0266667
6153,150,146,0.0266667
6157,150,146,0.0266667
6162,150,146,0.0266667
6165,150,146,0.0266667
6168,150,146,0.0266667
6170,150,146,0.0266667
6172,150,146,0.0266667
6175,150,146,0.0266667
6178,150,146,0.0266667
6181,150,146,0.0266667
6186,150,146,0.0266667
6189,150,146,0.0266667
6192,150,146,0.0266667
6196,150,146,0.0266667
6200,150,146,0.0266667
6202,150,146,0.0266667
6206,150,146,0.0266667
6210,150,146,0.0266667
6213,150,146,0.0266667
6218,150,146,0.0266667
6220,150,146,0.0266667
6225,150,146,0.0266667
6227,150,146,0.0266667
6231,150,146,0.0266667
6237,150,146,0.0266667
6241,150,146,0.0266667
6244,150,146,0.0266667
6248,150,146,0.0266667
6251,150,146,0.0266667
6257,150,146,0.0266667
6262,150,146,0.0266667
6267,150,146,0.0266667
6271,150,146,0.0266667
6276,150,146,0.0266667
6279,150,146,0.0266667
6282,150,146,0.0266667
6287,150,146,0.0266667
6292,150,146,0.0266667
6297,150,146,0.0266667
6300,150,146,0.0266667
6304,150,146,0.0266667
6306,150,146,0.0266667
6311,150,146,0.0266667
6315,150,146,0.0266667
6320,150,146,0.0266667
6325,150,146,0.0266667
6328,150,146,0.0266667
6334,150,146,0.0266667
6337,150,146,0.0266667
6341,150,146,0.0266667
6346,150,146,0.0266667
6350,150,146,0.0266667
6355,150,146,0.0266667
6357,150,146,0.0266667
6361,150,146,0.0266667
6364,150,146,0.0266667
6368,150,146,0.0266667
6372,150,146,0.0266667
6377,150,146,0.0266667
6381,150,146,0.0266667
6384,150,146,0.0266667
6388,150,146,0.0266667
6392,150,146,0.0266667
6396,150,146,0.0266667
6399,150,146,0.0266667
6403,150,146,0.0266667
6408,150,146,0.0266667
6412,150,146,0.0266667
6416,150,146,0.0266667
6418,150,146,0.0266667
6421,150,146,0.0266667
6425,150,146,0.0266667
6429,150,146,0.0266667
6432,150,146,0.0266667
6436,150,146,0.0266667
6441,150,146,0.0266667
6444,150,146,0.0266667
6449,150,146,0.0266667
6453,150,146,0.0266667
6458,150,146,0.0266667
6461,150,146,0.0266667
6466,150,146,0.0266667
6470,150,146,0.0266667
6475,150,146,0.0266667
6478,150,146,0.0266667
6482,150,146,0.0266667
6485,150,146,0.0266667
6490,150,146,0.0266667
6493,150,146,0.0266667
6497,150,146,0.0266667
6503,150,146,0.0266667
6507,150,146,0.0266667
6513,150,146,0.0266667
6516,150,146,0.0266667
6521,150,146,0.0266667
6525,150,146,0.0266667
6529,150,146,0.0266667
6533,150,146,0.0266667
6536,150,146,0.0266667
6542,150,146,0.0266667
6546,150,146,0.0266667
6550,150,146,0.0266667
6553,150,146,0.0266667
6556,150,146,0.0266667
6561,150,146,0.0266667
6564,150,146,0.0266667
6568,150,146,0.0266667
6571,150,146,0.0266667
6574,150,146,0.0266667
6578,150,146,0.0266667
6582,150,146,0.0266667
6587,150,146,0.0266667
6592,150,146,0.0266667
6594,150,146,0.0266667
6598,150,146,0.0266667
6602,150,146,0.0266667
6607,150,146,0.0266667
6612,150,146,0.0266667
6616,150,146,0.0266667
6619,150,146,0.0266667
6623,150,146,0.0266667
6628,150,146,0.0266667
6632,150,146,0.0266667
6639,150,146,0.0266667
6643,150,146,0.0266667
6645,150,146,0.0266667
6649,150,146,0.0266667
6653,150,146,0.0266667
6656,150,146,0.0266667
6659,150,146,0.0266667
6665,150,146,0.0266667
6670,150,146,0.0266667
6674,150,146,0.0266667
6679,150,146,0.0266667
6684,150,146,0.0266667
6687,150,146,0.0266667
6690,150,146,0.0266667
6696,150,146,0.0266667
6699,150,146,0.0266667
6704,150,146,0.0266667
6707,150,146,0.0266667
6711,150,146,0.0266667
6714,150,146,0.0266667
6720,150,146,0.0266667
6724,150,146,0.0266667
6728,150,146,0.0266667
6732,150,146,0.0266667
6736,150,146,0.0266667
6741,150,146,0.0266667
6747,150,146,0.0266667
6750,150,146,0.0266667
6755,150,146,0.0266667
6759,150,146,0.0266667
6764,150,146,0.0266667
6768,150,146,0.0266667
6773,150,146,0.0266667
6778,150,146,0.0266667
6782,150,146,0.0266667
6785,150,146,0.0266667
6788,150,146,0.0266667
6792,150,146,0.0266667
6795,150,146,0.0266667
6799,150,146,0.0266667
6803,150,146,0.0266667
6807,150,146,0.0266667
6812,150,146,0.0266667
6816,150,146,0.0266667
6819,150,146,0.0266667
6826,150,146,0.0266667
6830,150,146,0.0266667
6834,150,146,0.0266667
6838,150,146,0.0266667
6843,150,146,0.0266667
6848,150,146,0.0266667
6853,150,146,0.0266667
6857,150,146,0.0266667
6861,150,146,0.0266667
6866,150,146,0.0266667
6871,150,146,0.0266667
6874,150,146,0.0266667
6879,150,146,0.0266667
6883,150,146,0.0266667
6889,150,146,0.0266667
6893,150,146,0.0266667
6896,150,146,0.0266667
6901,150,146,0.0266667
6905,150,146,0.0266667
6911,150,146,0.0266667
6916,150,146,0.0266667
6919,150,146,0.0266667
6924,150,146,0.0266667
6928,150,146,0.0266667
6933,150,146,0.0266667
6938,150,146,0.0266667
6945,150,146,0.0266667
6949,150,146,0.0266667
6954,150,146,0.0266667
6958,150,146,0.0266667
6964,150,146,0.0266667
6967,150,146,0.0266667
6972,150,146,0.0266667
6976,150,146,0.0266667
6979,150,146,0.0266667
6984,150,146,0.0266667
6989,150,146,0.0266667
6994,150,146,0.0266667
6996,150,146,0.0266667
7000,150,146,0.0266667
7004,150,146,0.0266667
7009,150,146,0.0266667
7012,150,146,0.0266667
7015,150,146,0.0266667
7020,150,146,0.0266667
7023,150,146,0.0266667
7026,150,146,0.0266667
7031,150,146,0.0266667
7035,150,146,0.0266667
7041,150,146,0.0266667
7045,150,146,0.0266667
7049,150,146,0.0266667
7053,150,146,0.0266667
7058,150,146,0.0266667
7061,150,146,0.0266667
7065,150,146,0.0266667
7070,150,146,0.0266667
7074,150,146,0.0266667
7077,150,146,0.0266667
7081,150,146,0.0266667
7085,150,146,0.0266667
7088,150,146,0.0266667
7091,150,146,0.0266667
7094,150,146,0.0266667
7099,150,146,0.0266667
7103,150,146,0.0266667
7107,150,146,0.0266667
7111,150,146,0.0266667
7117,150,146,0.0266667
7121,150,146,0.0266667
7126,150,146,0.0266667
7130,150,146,0.0266667
7134,150,146,0.0266667
7139,150,146,0.0266667
7143,150,146,0.0266667
7147,150,146,0.0266667
7151,150,146,0.0266667
7154,150,146,0.0266667
7160,150,146,0.0266667
7164,150,146,0.0266667
7169,150,146,0.0266667
7173,150,146,0.0266667
7178,150,146,0.0266667
7182,150,146,0.0266667
7187,150,146,0.0266667
7191,150,146,0.0266667
7195,150,146,0.0266667
7199,150,146,0.0266667
7202,150,146,0.0266667
7206,150,146,0.0266667
7209,150,146,0.0266667
7213,150,146,0.0266667
7216,150,146,0.0266667
7220,150,146,0.0266667
7223,150,146,0.0266667
7227,150,146,0.0266667
7232,150,146,0.0266667
7236,150,146,0.0266667
7240,150,146,0.0266667
7244,150,146,0.0266667
7248,150,146,0.0266667
7252,150,146,0.0266667
7255,150,146,0.0266667
7258,150,146,0.0266667
7264,150,146,0.0266667
7269,150,146,0.0266667
7272,150,146,0.0266667
7276,150,146,0.0266667
7280,150,146,0.0266667
7284,150,146,0.0266667
7289,150,146,0.0266667
7293,150,146,0.0266667
7296,150,146,0.0266667
7299,150,146,0.0266667
7302,150,146,0.0266667
7306,150,146,0.0266667
7309,150,146,0.0266667
7316,150,146,0.0266667
7321,150,146,0.0266667
7326,150,146,0.0266667
7332,150,146,0.0266667
7337,150,146,0.0266667
7339,150,146,0.0266667
7343,150,146,0.0266667
7347,150,146,0.0266667
7352,150,146,0.0266667
7356,150,146,0.0266667
7359,150,146,0.0266667
7362,150,146,0.0266667
7368,150,146,0.0266667
7374,150,146,0.0266667
7378,150,146,0.0266667
7382,150,146,0.0266667
7386,150,146,0.0266667
7390,150,146,0.0266667
7394,150,146,0.0266667
7400,150,146,0.0266667
7404,150,146,0.0266667
7407,150,146,0.0266667
7412,150,146,0.0266667
7416,150,146,0.0266667
7419,150,146,0.0266667
7427,150,146,0.0266667
7432,150,146,0.0266667
7437,150,146,0.0266667
7443,150,146,0.0266667
7447,150,146,0.0266667
7451,150,146,0.0266667
7455,150,146,0.0266667
7459,150,146,0.0266667
7463,150,146,0.0266667
7467,150,146,0.0266667
7472,150,146,0.0266667
7477,150,146,0.0266667
7481,150,146,0.0266667
7483,150,146,0.0266667
7488,150,146,0.0266667
7492,150,146,0.0266667
7495,150,146,0.0266667
7498,150,146,0.0266667
7503,150,146,0.0266667
7508,150,146,0.0266667
7513,150,146,0.0266667
7517,150,146,0.0266667
7522,150,146,0.0266667
7526,150,146,0.0266667
7532,150,146,0.0266667
7536,150,146,0.0266667
7539,150,146,0.0266667
7543,150,146,0.0266667
7546,150,146,0.0266667
7551,150,146,0.0266667
7555,150,146,0.0266667
7559,150,146,0.0266667
7563,150,146,0.0266667
7567,150,146,0.0266667
7570,150,146,0.0266667
7574,150,146,0.0266667
7578,150,146,0.0266667
7581,150,146,0.0266667
7585,150,146,0.0266667
7588,150,146,0.0266667
7591,150,146,0.0266667
7594,150,146,0.0266667
7597,150,146,0.0266667
7602,150,146,0.0266667
7604,150,146,0.0266667
7609,150,146,0.0266667
7612,150,146,0.0266667
7616,150,146,0.0266667
7621,150,146,0.0266667
7625,150,146,0.0266667
7628,150,146,0.0266667
7631,150,146,0.0266667
7636,150,146,0.0266667
7642,150,146,0.0266667
7647,150,146,0.0266667
7651,150,146,0.0266667
7655,150,146,0.0266667
7661,150,146,0.0266667
7663,150,146,0.0266667
7667,150,146,0.0266667
7672,150,146,0.0266667
7676,150,146,0.0266667
7680,150,146,0.0266667
7684,150,146,0.0266667
7688,150,146,0.0266667
7694,150,146,0.0266667
7699,150,146,0.0266667
7704,150,146,0.0266667
7709,150,146,0.0266667
7712,150,146,0.0266667
7718,150,146,0.0266667
7723,150,146,0.0266667
7727,150,146,0.0266667
7731,150,146,0.0266667
7735,150,146,0.0266667
7739,150,146,0.0266667
7746,150,146,0.0266667
7749,150,146,0.0266667
7753,150,146,0.0266667
7757,150,146,0.0266667
7762,150,146,0.0266667
7766,150,146,0.0266667
7770,150,146,0.0266667
7776,150,146,0.0266667
7783,150,146,0.0266667
7787,150,146,0.0266667
7792,150,146,0.0266667
7797,150,146,0.0266667
7801,150,146,0.0266667
7805,150,146,0.0266667
7810,150,146,0.0266667
7813,150,146,0.0266667
7818,150,146,0.0266667
7821,150,146,0.0266667
7825,150,146,0.0266667
7832,150,146,0.0266667
7837,150,146,0.0266667
7843,150,146,0.0266667
7848,150,146,0.0266667
7853,150,146,0.0266667
7857,150,146,0.0266667
7861,150,146,0.0266667
7866,150,146,0.0266667
7870,150,146,0.0266667
7874,150,146,0.0266667
7878,150,146,0.0266667
7881,150,146,0.0266667
7887,150,146,0.0266667
7891,150,146,0.0266667
7893,150,146,0.0266667
7897,150,146,0.0266667
7900,150,146,0.0266667
7904,150,146,0.0266667
7908,150,146,0.0266667
7912,150,146,0.0266667
7914,150,146,0.0266667
7918,150,146,0.0266667
7921,150,146,0.0266667
7923,150,146,0.0266667
7929,150,146,0.0266667
7934,150,146,0.0266667
7937,150,146,0.0266667
7941,150,146,0.0266667
7946,150,146,0.0266667
7950,150,146,0.0266667
7952,150,146,0.0266667
7957,150,146,0.0266667
7960,150,146,0.0266667
7964,150,146,0.0266667
7967,150,146,0.0266667
7969,150,146,0.0266667
7971,150,146,0.0266667
7972,150,146,0.0266667
7974,150,146,0.0266667
7976,150,146,0.0266667
7978,150,146,0.0266667
7979,150,146,0.0266667
7980,150,146,0.0266667
7982,150,146,0.0266667
7983,150,146,0.0266667
7985,150,146,0.0266667
7986,150,146,0.0266667
7988,150,146,0.0266667
7990,150,146,0.0266667
7991,150,146,0.0266667
7993,150,146,0.0266667
7995,150,146,0.0266667
7997,150,146,0.0266667
7999,150,146,0.0266667
8001,150,146,0.0266667
8003,150,146,0.0266667
8005,150,146,0.0266667
8007,150,146,0.0266667
8009,150,146,0.0266667
8011,150,146,0.0266667
8014,150,146,0.0266667
8016,150,146,0.0266667
8018,150,146,0.0266667
8021,150,146,0.0266667
8023,150,146,0.0266667
8025,150,146,0.0266667
8028,150,146,0.0266667
8030,150,146,0.0266667
8033,150,146,0.0266667
8035,150,146,0.0266667
8038,150,146,0.0266667
8040,150,146,0.0266667
8043,150,146,0.0266667
8045,150,146,0.0266667
8048,150,146,0.0266667
8051,150,146,0.0266667
8054,150,146,0.0266667
8056,150,146,0.0266667
8059,150,146,0.0266667
8062,150,146,0.0266667
8065,150,146,0.0266667
8068,150,146,0.0266667
8071,150,146,0.0266667
8075,150,146,0.0266667
8078,150,146,0.0266667
8081,150,146,0.0266667
8084,150,146,0.0266667
8088,150,146,0.0266667
8091,150,146,0.0266667
8094,150,146,0.0266667
8098,150,146,0.0266667
8101,150,146,0.0266667
8105,150,146,0.0266667
8108,150,146,0.0266667
8112,150,146,0.0266667
8115,150,146,0.0266667
8119,150,146,0.0266667
8123,150,146,0.0266667
8127,150,146,0.0266667
8131,150,146,0.0266667
8135,150,146,0.0266667
8139,150,146,0.0266667
8143,150,146,0.0266667
8147,150,146,0.0266667
8151,150,146,0.0266667
8156,150,146,0.0266667
8160,150,146,0.0266667
8164,150,146,0.0266667
8168,150,146,0.0266667
8172,150,146,0.0266667
8176,150,146,0.0266667
8180,150,146,0.0266667
8185,150,146,0.0266667
8189,150,146,0.0266667
8193,150,146,0.0266667
8198,150,146,0.0266667
8202,150,146,0.0266667
8206,150,146,0.0266667
8210,150,146,0.0266667
8215,150,146,0.0266667
8219,150,146,0.0266667
8224,150,146,0.0266667
8229,150,146,0.0266667
8233,150,146,0.0266667
8238,150,146,0.0266667
8243,150,146,0.0266667
8248,150,146,0.0266667
8253,150,146,0.0266667
8257,150,146,0.0266667
8261,150,146,0.0266667
8266,150,146,0.0266667
8271,150,146,0.0266667
8275,150,146,0.0266667
8280,150,146,0.0266667
8284,150,146,0.0266667
8289,150,146,0.0266667
8293,150,146,0.0266667
8298,150,146,0.0266667
8302,150,146,0.0266667
8307,150,146,0.0266667
8312,150,146,0.0266667
8317,150,146,0.0266667
8321,150,146,0.0266667
8327,150,146,0.0266667
8331,150,146,0.0266667
8336,150,146,0.0266667
8341,150,146,0.0266667
8346,150,146,0.0266667
8352,150,146,0.0266667
8357,150,146,0.0266667
8363,150,146,0.0266667
8370,150,146,0.0266667
8375,150,146,0.0266667
8379,150,146,0.0266667
8384,150,146,0.0266667
8389,150,146,0.0266667
8394,150,146,0.0266667
8399,150,146,0.0266667
8404,150,146,0.0266667
8409,150,146,0.0266667
8415,150,146,0.0266667
8421,150,146,0.0266667
8427,150,146,0.0266667
8433,150,146,0.0266667
8439,150,146,0.0266667
8445,150,146,0.0266667
8451,150,146,0.0266667
8456,150,146,0.0266667
8463,150,146,0.0266667
8469,150,146,0.0266667
8474,150,146,0.0266667
8480,150,146,0.0266667
8487,150,146,0.0266667
8493,150,146,0.0266667
8499,150,146,0.0266667
8504,150,146,0.0266667
8509,150,146,0.0266667
8514,150,146,0.0266667
8521,150,146,0.0266667
8527,150,146,0.0266667
8531,150,146,0.0266667
8537,150,146,0.0266667
8543,150,146,0.0266667
8549,150,146,0.0266667
8556,150,146,0.0266667
8562,150,146,0.0266667
8569,150,146,0.0266667
8575,150,146,0.0266667
8580,150,146,0.0266667
8588,150,146,0.0266667
8595,150,146,0.0266667
8601,150,146,0.0266667
8607,150,146,0.0266667
8613,150,146,0.0266667
8619,150,146,0.0266667
8627,150,146,0.0266667
8633,149,146,0.0201342
8639,149,146,0.0201342
8645,149,146,0.0201342
8651,149,146,0.0201342
8658,149,146,0.0201342
8664,149,146,0.0201342
8669,149,146,0.0201342
8674,149,146,0.0201342
8679,149,146,0.0201342
8684,149,146,0.0201342
8689,149,146,0.0201342
8694,149,146,0.0201342
8699,149,146,0.0201342
8703,149,146,0.0201342
8708,149,146,0.0201342
8712,149,146,0.0201342
8716,149,146,0.0201342
8720,149,146,0.0201342
8724,149,146,0.0201342
8730,149,146,0.0201342
8734,149,146,0.0201342
8738,149,146,0.0201342
8742,149,146,0.0201342
8746,149,146,0.0201342
8750,149,146,0.0201342
8754,149,146,0.0201342
8757,149,146,0.0201342
8762,149,146,0.0201342
8766,149,146,0.0201342
8769,149,146,0.0201342
8773,149,146,0.0201342
8776,149,146,0.0201342
8780,149,146,0.0201342
8785,149,146,0.0201342
8788,149,146,0.0201342
8792,149,146,0.0201342
8795,149,146,0.0201342
8798,149,146,0.0201342
8802,149,146,0.0201342
8805,149,146,0.0201342
8808,149,146,0.0201342
8811,149,146,0.0201342
8813,149,146,0.0201342
8816,149,146,0.0201342
8819,149,146,0.0201342
8821,149,146,0.0201342
8824,149,146,0.0201342
8826,149,146,0.0201342
8828,149,146,0.0201342
8831,149,146,0.0201342
8833,149,146,0.0201342
8835,149,146,0.0201342
8838,149,146,0.0201342
8840,149,146,0.0201342
8843,149,146,0.0201342
8845,149,146,0.0201342
8846,149,146,0.0201342
8848,149,146,0.0201342
8850,149,146,0.0201342
8851,149,146,0.0201342
8852,149,146,0.0201342
8854,149,146,0.0201342
8855,149,146,0.0201342
8856,149,146,0.0201342
8858,149,146,0.0201342
8859,149,146,0.0201342
8859,149,146,0.0201342
8860,149,146,0.0201342
8862,149,146,0.0201342
8863,149,146,0.0201342
8864,149,146,0.0201342
8865,149,146,0.0201342
8865,149,146,0.0201342
8866,149,146,0.0201342
8866,149,146,0.0201342
8867,149,146,0.0201342
8867,149,146,0.0201342
8867,149,146,0.0201342
8869,149,146,0.0201342
8871,149,146,0.0201342
8873,149,146,0.0201342
8875,149,146,0.0201342
8876,149,146,0.0201342
8878,149,146,0.0201342
8879,149,146,0.0201342
8881,149,146,0.0201342
8882,149,146,0.0201342
8883,149,146,0.0201342
8884,149,146,0.0201342
8885,149,146,0.0201342
8886,149,146,0.0201342
8887,149,146,0.0201342
8888,149,146,0.0201342
8889,149,146,0.0201342
8890,149,146,0.0201342
8890,149,146,0.0201342
8891,149,146,0.0201342
8892,149,146,0.0201342
8892,149,146,0.0201342
8892,149,146,0.0201342
8893,149,146,0.0201342
8893,149,146,0.0201342
8896,149,146,0.0201342
8904,149,146,0.0201342
8911,149,146,0.0201342
8919,149,146,0.0201342
8925,149,146,0.0201342
8925,149,146,0.0201342
8926,149,146,0.0201342
8927,149,146,0.0201342
8927,149,146,0.0201342
8928,149,146,0.0201342
8928,149,146,0.0201342
8928,149,146,0.0201342
8928,149,146,0.0201342
8928,149,146,0.0201342
8933,149,146,0.0201342
8941,149,146,0.0201342
8949,149,146,0.0201342
8956,149,146,0.0201342
8964,149,146,0.0201342
8971,149,146,0.0201342
8978,149,146,0.0201342
8986,149,146,0.0201342
8993,149,146,0.0201342
9000,149,146,0.0201342
9007,149,146,0.0201342
9014,149,146,0.0201342
9021,149,146,0.0201342
9027,149,146,0.0201342
9034,149,146,0.0201342
9041,149,146,0.0201342
9047,149,146,0.0201342
9054,149,146,0.0201342
9060,149,146,0.0201342
9067,149,146,0.0201342
9074,149,146,0.0201342
9080,149,146,0.0201342
9086,149,146,0.0201342
9092,149,146,0.0201342
9098,149,146,0.0201342
9104,149,146,0.0201342
9110,149,146,0.0201342
9115,149,146,0.0201342
9121,149,146,0.0201342
9127,149,146,0.0201342
9132,149,146,0.0201342
9137,149,146,0.0201342
9142,149,146,0.0201342
9147,149,146,0.0201342
9152,149,146,0.0201342
9157,149,146,0.0201342
9162,149,146,0.0201342
9166,149,146,0.0201342
9171,149,146,0.0201342
9175,149,146,0.0201342
9179,149,146,0.0201342
9184,149,146,0.0201342
9188,149,146,0.0201342
9192,149,146,0.0201342
9197,149,146,0.0201342
9201,149,146,0.0201342
9205,149,146,0.0201342
9209,149,146,0.0201342
9213,149,146,0.0201342
9217,149,146,0.0201342
9221,149,146,0.0201342
9225,149,146,0.0201342
9229,149,146,0.0201342
9233,149,146,0.0201342
9236,149,146,0.0201342
9240,149,146,0.0201342
9243,149,146,0.0201342
9247,149,146,0.0201342
9250,149,146,0.0201342
9254,149,146,0.0201342
9257,149,146,0.0201342
9261,149,146,0.0201342
9264,149,146,0.0201342
9267,149,146,0.0201342
9270,149,146,0.0201342
9273,149,146,0.0201342
9276,149,146,0.0201342
9278,149,146,0.0201342
9281,149,146,0.0201342
9283,149,146,0.0201342
9286,149,146,0.0201342
9288,149,146,0.0201342
9291,149,146,0.0201342
9293,149,146,0.0201342
9295,149,146,0.0201342
9297,149,146,0.0201342
9299,149,146,0.0201342
9302,149,146,0.0201342
9304,149,146,0.0201342
9305,149,146,0.0201342
9308,149,146,0.0201342
9310,149,146,0.0201342
9311,149,146,0.0201342
9313,149,146,0.0201342
9315,149,146,0.0201342
9316,149,146,0.0201342
9318,149,146,0.0201342
9320,149,146,0.0201342
9322,149,146,0.0201342
9324,149,146,0.0201342
9325,149,146,0.0201342
9327,149,146,0.0201342
9328,149,146,0.0201342
9329,149,146,0.0201342
9331,149,146,0.0201342
9333,149,146,0.0201342
9336,149,146,0.0201342
9338,149,146,0.0201342
9340,149,146,0.0201342
9341,149,146,0.0201342
9343,149,146,0.0201342
9346,149,146,0.0201342
9348,149,146,0.0201342
9350,149,146,0.0201342
9352,149,146,0.0201342
9354,149,146,0.0201342
9356,149,146,0.0201342
9357,149,146,0.0201342
9360,149,146,0.0201342
9361,149,146,0.0201342
9363,149,146,0.0201342
9363,149,146,0.0201342
9364,149,146,0.0201342
9364,149,146,0.0201342
9365,149,146,0.0201342
9367,149,146,0.0201342
9368,149,146,0.0201342
9370,149,146,0.0201342
9372,149,146,0.0201342
9375,149,146,0.0201342
9376,149,146,0.0201342
9377,149,146,0.0201342
9380,149,146,0.0201342
9380,149,146,0.0201342
9383,149,146,0.0201342
9385,149,146,0.0201342
9387,149,146,0.0201342
9389,149,146,0.0201342
9390,149,146,0.0201342
9391,149,146,0.0201342
9391,149,146,0.0201342
9392,149,146,0.0201342
9393,149,146,0.0201342
9394,149,146,0.0201342
9395,149,146,0.0201342
9396,149,146,0.0201342
9397,149,146,0.0201342
9397,149,146,0.0201342
9399,149,146,0.0201342
9400,149,146,0.0201342
9401,149,146,0.0201342
9402,149,146,0.0201342
9403,149,146,0.0201342
9404,149,146,0.0201342
9406,149,146,0.0201342
9407,149,146,0.0201342
9408,149,146,0.0201342
9410,149,146,0.0201342
9411,149,146,0.0201342
9412,149,146,0.0201342
9414,149,146,0.0201342
9415,149,146,0.0201342
9417,149,146,0.0201342
9418,149,146,0.0201342
9420,149,146,0.0201342
9422,149,146,0.0201342
9423,149,146,0.0201342
9425,149,146,0.0201342
9427,149,146,0.0201342
9429,149,146,0.0201342
9431,149,146,0.0201342
9433,149,146,0.0201342
9435,149,146,0.0201342
9437,149,146,0.0201342
9439,149,146,0.0201342
9441,149,146,0.0201342
9443,149,146,0.0201342
9445,149,146,0.0201342
9447,149,146,0.0201342
9449,149,146,0.0201342
9451,149,146,0.0201342
9453,149,146,0.0201342
9455,148,146,0.0135135
9458,148,146,0.0135135
9460,148,146,0.0135135
9463,148,146,0.0135135
9465,148,146,0.0135135
9466,148,146,0.0135135
9468,148,146,0.0135135
9469,148,146,0.0135135
9470,148,146,0.0135135
9472,148,146,0.0135135
9473,148,146,0.0135135
9475,148,146,0.0135135
9476,148,146,0.0135135
9477,148,146,0.0135135
9477,148,146,0.0135135
9478,148,146,0.0135135
9479,148,146,0.0135135
9479,148,146,0.0135135
9480,148,146,0.0135135
9480,148,146,0.0135135
9481,148,146,0.0135135
9481,148,146,0.0135135
9481,148,146,0.0135135
9481,148,146,0.0135135
9481,148,146,0.0135135
9482,148,146,0.0135135
9482,148,146,0.0135135
9483,148,146,0.0135135
9483,148,146,0.0135135
9483,148,146,0.0135135
9484,148,146,0.0135135
9484,148,146,0.0135135
9486,148,146,0.0135135
9489,148,146,0.0135135
9491,148,146,0.0135135
9494,148,146,0.0135135
9496,148,146,0.0135135
9499,148,146,0.0135135
9501,148,146,0.0135135
9503,148,146,0.0135135
9505,148,146,0.0135135
9506,148,146,0.0135135
9508,148,146,0.0135135
9510,148,146,0.0135135
9511,148,146,0.0135135
9513,148,146,0.0135135
9514,148,146,0.0135135
9515,148,146,0.0135135
9517,148,146,0.0135135
9518,148,146,0.0135135
9519,148,146,0.0135135
9519,148,146,0.0135135
9520,148,146,0.0135135
9521,148,146,0.0135135
9521,148,146,0.0135135
9522,148,146,0.0135135
9523,148,146,0.0135135
9524,148,146,0.0135135
9524,148,146,0.0135135
9525,148,146,0.0135135
9526,148,146,0.0135135
9527,148,146,0.0135135
9528,148,146,0.0135135
9529,148,146,0.0135135
9530,148,146,0.0135135
9531,148,146,0.0135135
9532,148,146,0.0135135
9533,148,146,0.0135135
9534,148,146,0.0135135
9536,148,146,0.0135135
9537,148,146,0.0135135
9538,148,146,0.0135135
9539,148,146,0.0135135
9540,148,146,0.0135135
9542,148,146,0.0135135
9543,148,146,0.0135135
9544,148,146,0.0135135
9545,148,146,0.0135135
9546,148,146,0.0135135
9548,148,146,0.0135135
9549,148,146,0.0135135
9550,148,146,0.0135135
9551,148,146,0.0135135
9553,148,146,0.0135135
9554,148,146,0.0135135
9555,148,146,0.0135135
9556,148,146,0.0135135
9558,148,146,0.0135135
9559,148,146,0.0135135
9561,148,146,0.0135135
9562,148,146,0.0135135
9564,148,146,0.0135135
9566,148,146,0.0135135
9568,148,146,0.0135135
9570,148,146,0.0135135
9572,148,146,0.0135135
9574,148,146,0.0135135
9576,148,146,0.0135135
9578,148,146,0.0135135
9580,148,146,0.0135135
9582,148,146,0.0135135
9584,148,146,0.0135135
9586,148,146,0.0135135
9589,148,146,0.0135135
9591,148,146,0.0135135
9593,148,146,0.0135135
9596,148,146,0.0135135
9598,148,146,0.0135135
9600,148,146,0.0135135
9603,148,146,0.0135135
9606,148,146,0.0135135
9608,148,146,0.0135135
9610,148,146,0.0135135
9613,148,146,0.0135135
9615,148,146,0.0135135
9618,148,146,0.0135135
9620,148,146,0.0135135
9623,148,146,0.0135135
9626,148,146,0.0135135
9628,148,146,0.0135135
9631,148,146,0.0135135
9634,148,146,0.0135135
9637,148,146,0.0135135
9640,148,146,0.0135135
9643,148,146,0.0135135
9646,148,146,0.0135135
9650,148,146,0.0135135
9654,148,146,0.0135135
9658,148,146,0.0135135
9661,148,146,0.0135135
9664,148,146,0.0135135
9668,148,146,0.0135135
9671,148,146,0.0135135
9675,148,146,0.0135135
9679,148,146,0.0135135
9682,148,146,0.0135135
9685,148,146,0.0135135
9688,148,146,0.0135135
9692,148,146,0.0135135
9695,148,146,0.0135135
9699,148,146,0.0135135
9703,148,146,0.0135135
9706,148,146,0.0135135
9709,148,146,0.0135135
9713,148,146,0.0135135
9716,148,146,0.0135135
9720,148,146,0.0135135
9723,148,146,0.0135135
9726,148,146,0.0135135
9728,148,146,0.0135135
9731,148,146,0.0135135
9733,148,146,0.0135135
9736,148,146,0.0135135
9740,148,146,0.0135135
9744,148,146,0.0135135
9746,148,146,0.0135135
9747,148,146,0.0135135
9749,148,146,0.0135135
9753,148,146,0.0135135
9757,148,146,0.0135135
9760,148,146,0.0135135
9763,148,146,0.0135135
9767,148,146,0.0135135
9771,148,146,0.0135135
9774,148,146,0.0135135
9775,148,146,0.0135135
9778,148,146,0.0135135
9781,148,146,0.0135135
9785,148,146,0.0135135
9789,148,146,0.0135135
9792,148,146,0.0135135
9794,148,146,0.0135135
9795,148,146,0.0135135
9798,148,146,0.0135135
9802,148,146,0.0135135
9805,148,146,0.0135135
9808,148,146,0.0135135
9811,148,146,0.0135135
9815,148,146,0.0135135
9819,148,146,0.0135135
9823,148,146,0.0135135
9826,148,146,0.0135135
9828,148,146,0.0135135
9831,148,146,0.0135135
9837,148,146,0.0135135
9842,148,146,0.0135135
9846,148,146,0.0135135
9851,148,146,0.0135135
9854,148,146,0.0135135
9857,148,146,0.0135135
9859,148,146,0.0135135
9861,148,146,0.0135135
9864,148,146,0.0135135
9869,148,146,0.0135135
9872,148,146,0.0135135
9876,148,146,0.0135135
9879,148,146,0.0135135
9883,148,146,0.0135135
9887,148,146,0.0135135
9891,148,146,0.0135135
9895,148,146,0.0135135
9898,148,146,0.0135135
9902,148,146,0.0135135
9906,148,146,0.0135135
9910,148,146,0.0135135
9914,148,146,0.0135135
9918,148,146,0.0135135
9921,148,146,0.0135135
9925,148,146,0.0135135
9928,148,146,0.0135135
9932,148,146,0.0135135
9935,148,146,0.0135135
9938,148,146,0.0135135
9942,148,146,0.0135135
9945,148,146,0.0135135
9947,148,146,0.0135135
9949,148,146,0.0135135
9954,148,146,0.0135135
9958,148,146,0.0135135
9963,148,146,0.0135135
9967,148,146,0.0135135
9971,148,146,0.0135135
9975,148,146,0.0135135
9978,148,146,0.0135135
9983,148,146,0.0135135
9987,148,146,0.0135135
9991,148,146,0.0135135
9995,148,146,0.0135135
10000,148,146,0.0135135
10005,148,146,0.0135135
10010,148,146,0.0135135
10014,148,146,0.0135135
10018,148,146,0.0135135
10021,148,146,0.0135135
10026,148,146,0.0135135
10028,148,146,0.0135135
10032,148,146,0.0135135
10034,148,146,0.0135135
10036,148,146,0.0135135
10040,148,146,0.0135135
10044,148,146,0.0135135
10048,148,146,0.0135135
10052,148,146,0.0135135
10057,148,146,0.0135135
10062,148,146,0.0135135
10068,148,146,0.0135135
10072,148,146,0.0135135
10077,148,146,0.0135135
10081,148,146,0.0135135
10086,148,146,0.0135135
10089,148,146,0.0135135
10094,148,146,0.0135135
10099,148,146,0.0135135
10104,148,146,0.0135135
10109,148,146,0.0135135
10114,148,146,0.0135135
10120,148,146,0.0135135
10125,148,146,0.0135135
10130,148,146,0.0135135
10136,148,146,0.0135135
10141,148,146,0.0135135
10145,148,146,0.0135135
10151,148,146,0.0135135
10156,148,146,0.0135135
10161,148,146,0.0135135
10165,148,146,0.0135135
10169,148,146,0.0135135
10175,148,146,0.0135135
10179,148,146,0.0135135
10185,148,146,0.0135135
10189,148,146,0.0135135
10193,148,146,0.0135135
10199,148,146,0.0135135
10203,148,146,0.0135135
10207,148,146,0.0135135
10211,148,146,0.0135135
10216,148,146,0.0135135
10219,148,146,0.0135135
10225,148,146,0.0135135
10230,148,146,0.0135135
10234,148,146,0.0135135
10239,148,146,0.0135135
10244,148,146,0.0135135
10251,148,146,0.0135135
10255,148,146,0.0135135
10260,148,146,0.0135135
10265,148,146,0.0135135
10272,148,146,0.0135135
10276,148,146,0.0135135
10281,148,146,0.0135135
10285,148,146,0.0135135
10291,148,146,0.0135135
10295,148,146,0.0135135
10301,148,146,0.0135135
10307,148,146,0.0135135
10312,148,146,0.0135135
10317,148,146,0.0135135
10322,148,146,0.0135135
10327,148,146,0.0135135
10330,148,146,0.0135135
10335,148,146,0.0135135
10339,148,146,0.0135135
10345,148,146,0.0135135
10348,148,146,0.0135135
10354,148,146,0.0135135
10360,148,146,0.0135135
10365,148,146,0.0135135
10369,148,146,0.0135135
10375,148,146,0.0135135
10380,148,146,0.0135135
10386,148,146,0.0135135
10391,148,146,0.0135135
10397,148,146,0.0135135
10400,148,146,0.0135135
10404,148,146,0.0135135
10411,148,146,0.0135135
10417,148,146,0.0135135
10423,148,146,0.0135135
10429,148,146,0.0135135
10435,148,146,0.0135135
10439,148,146,0.0135135
10441,148,146,0.0135135
10445,148,146,0.0135135
10451,148,146,0.0135135
10456,148,146,0.0135135
10463,148,146,0.0135135
10468,148,146,0.0135135
10473,148,146,0.0135135
10479,148,146,0.0135135
10483,148,146,0.0135135
10486,148,146,0.0135135
10491,148,146,0.0135135
10494,148,146,0.0135135
10499,148,146,0.0135135
10504,148,146,0.0135135
10510,148,146,0.0135135
10515,148,146,0.0135135
10518,148,146,0.0135135
10520,148,146,0.0135135
10525,148,146,0.0135135
10530,148,146,0.0135135
10535,148,146,0.0135135
10541,148,146,0.0135135
10548,148,146,0.0135135
10553,148,146,0.0135135
10556,148,146,0.0135135
10561,148,146,0.0135135
10567,148,146,0.0135135
10570,148,146,0.0135135
10578,148,146,0.0135135
10585,148,146,0.0135135
10591,148,146,0.0135135
10595,148,146,0.0135135
10600,148,146,0.0135135
10604,148,146,0.0135135
10608,148,146,0.0135135
10613,148,146,0.0135135
10618,148,146,0.0135135
10625,148,146,0.0135135
10630,148,146,0.0135135
10635,148,146,0.0135135
10639,148,146,0.0135135
10647,148,146,0.0135135
10653,148,146,0.0135135
10658,148,146,0.0135135
10665,148,146,0.0135135
10672,148,146,0.0135135
10676,148,146,0.0135135
10681,148,146,0.0135135
10686,148,146,0.0135135
10692,148,146,0.0135135
10693,148,146,0.0135135
10693,148,146,0.0135135
10697,148,146,0.0135135
10704,148,146,0.0135135
10706,148,146,0.0135135
10711,148,146,0.0135135
10715,148,146,0.0135135
10717,148,146,0.0135135
10721,148,146,0.0135135
10724,148,146,0.0135135
10725,148,146,0.0135135
10730,148,146,0.0135135
10733,148,146,0.0135135
10734,148,146,0.0135135
10734,148,146,0.0135135
10735,148,146,0.0135135
10736,148,146,0.0135135
10736,148,146,0.0135135
10737,148,146,0.0135135
10745,148,146,0.0135135
10749,148,146,0.0135135
10751,148,146,0.0135135
10755,148,146,0.0135135
10758,148,146,0.0135135
10764,148,146,0.0135135
10770,148,146,0.0135135
10774,148,146,0.0135135
10775,148,146,0.0135135
10776,148,146,0.0135135
10781,148,146,0.0135135
10785,148,146,0.0135135
10787,148,146,0.0135135
10789,148,146,0.0135135
10791,148,146,0.0135135
10792,148,146,0.0135135
10795,148,146,0.0135135
10800,148,146,0.0135135
10802,148,146,0.0135135
10805,148,146,0.0135135
10808,148,146,0.0135135
10813,148,146,0.0135135
10819,148,146,0.0135135
10823,148,146,0.0135135
10829,148,146,0.0135135
10833,148,146,0.0135135
10841,148,146,0.0135135
10846,148,146,0.0135135
10849,148,146,0.0135135
10852,148,146,0.0135135
10853,148,146,0.0135135
10856,148,146,0.0135135
10860,148,146,0.0135135
10863,148,146,0.0135135
10866,148,146,0.0135135
10873,148,146,0.0135135
10880,148,146,0.0135135
10885,148,146,0.0135135
10891,148,146,0.0135135
10893,148,146,0.0135135
10894,148,146,0.0135135
10895,148,146,0.0135135
10896,148,146,0.0135135
10898,148,146,0.0135135
10899,148,146,0.0135135
10900,148,146,0.0135135
10902,148,146,0.0135135
10903,148,146,0.0135135
10904,148,146,0.0135135
10906,148,146,0.0135135
10907,148,146,0.0135135
10909,148,146,0.0135135
10910,148,146,0.0135135
10912,148,146,0.0135135
10913,148,146,0.0135135
10915,148,146,0.0135135
10917,148,146,0.0135135
10919,148,146,0.0135135
10920,148,146,0.0135135
10922,148,146,0.0135135
10924,148,146,0.0135135
10926,148,146,0.0135135
10928,148,146,0.0135135
10930,148,146,0.0135135
10933,148,146,0.0135135
10935,148,146,0.0135135
10937,148,146,0.0135135
10939,148,146,0.0135135
10941,148,146,0.0135135
10944,148,146,0.0135135
10946,148,146,0.0135135
10948,148,146,0.0135135
10951,148,146,0.0135135
10953,148,146,0.0135135
10956,148,146,0.0135135
10958,148,146,0.0135135
10961,148,146,0.0135135
10963,148,146,0.0135135
10966,148,146,0.0135135
10968,148,146,0.0135135
10971,148,146,0.0135135
10973,148,146,0.0135135
10976,148,146,0.0135135
10978,148,146,0.0135135
10981,148,146,0.0135135
10983,148,146,0.0135135
10986,148,146,0.0135135
10989,148,146,0.0135135
10992,148,146,0.0135135
10994,148,146,0.0135135
10997,148,146,0.0135135
11000,148,146,0.0135135
11003,148,146,0.0135135
11006,148,146,0.0135135
11009,148,146,0.0135135
11012,148,146,0.0135135
11015,148,146,0.0135135
11018,148,146,0.0135135
11021,148,146,0.0135135
11025,148,146,0.0135135
11028,147,146,0.00680272
11030,147,146,0.00680272
11033,147,146,0.00680272
11036,147,146,0.00680272
11039,147,146,0.00680272
11042,147,146,0.00680272
11044,147,146,0.00680272
11046,147,146,0.00680272
11048,147,146,0.00680272
11050,147,146,0.00680272
11052,147,146,0.00680272
11054,147,146,0.00680272
11056,147,146,0.00680272
11058,147,146,0.00680272
11060,147,146,0.00680272
11061,147,146,0.00680272
11063,147,146,0.00680272
11065,147,146,0.00680272
11066,147,146,0.00680272
11068,147,146,0.00680272
11069,147,146,0.00680272
11070,147,146,0.00680272
11071,147,146,0.00680272
11073,147,146,0.00680272
11074,147,146,0.00680272
11075,147,146,0.00680272
11075,147,146,0.00680272
11076,147,146,0.00680272
11077,147,146,0.00680272
11078,147,146,0.00680272
11078,147,146,0.00680272
11079,147,146,0.00680272
11080,147,146,0.00680272
11080,147,146,0.00680272
11080,147,146,0.00680272
11081,147,146,0.00680272
11081,147,146,0.00680272
11081,147,146,0.00680272
11081,147,146,0.00680272
11082,147,146,0.00680272
11082,147,146,0.00680272
11082,147,146,0.00680272
11082,147,146,0.00680272
11083,147,146,0.00680272
11084,147,146,0.00680272
11086,147,146,0.00680272
11087,147,146,0.00680272
11089,147,146,0.00680272
11090,147,146,0.00680272
11090,147,146,0.00680272
11092,147,146,0.00680272
11092,147,146,0.00680272
11093,147,146,0.00680272
11094,147,146,0.00680272
11094,147,146,0.00680272
11095,147,146,0.00680272
11095,147,146,0.00680272
11095,147,146,0.00680272
11096,147,146,0.00680272
11096,147,146,0.00680272
11096,147,146,0.00680272
11096,147,146,0.00680272
11097,147,146,0.00680272
11098,147,146,0.00680272
11098,147,146,0.00680272
11099,147,146,0.00680272
11100,147,146,0.00680272
11100,147,146,0.00680272
11101,147,146,0.00680272
11102,147,146,0.00680272
11103,147,146,0.00680272
11103,147,146,0.00680272
11104,147,146,0.00680272
11105,147,146,0.00680272
11106,147,146,0.00680272
11107,147,146,0.00680272
11108,147,146,0.00680272
11109,147,146,0.00680272
11110,147,146,0.00680272
11111,147,146,0.00680272
11112,147,146,0.00680272
11112,147,146,0.00680272
11118,147,146,0.00680272
11126,147,146,0.00680272
11133,147,146,0.00680272
11140,147,146,0.00680272
11147,147,146,0.00680272
11154,147,146,0.00680272
11161,147,146,0.00680272
11167,147,146,0.00680272
11174,147,146,0.00680272
11181,147,146,0.00680272
11187,147,146,0.00680272
11194,147,146,0.00680272
11200,147,146,0.00680272
11206,147,146,0.00680272
11213,147,146,0.00680272
11219,147,146,0.00680272
11225,147,146,0.00680272
11231,147,146,0.00680272
11237,147,146,0.00680272
11243,147,146,0.00680272
11248,147,146,0.00680272
11254,147,146,0.00680272
11259,147,146,0.00680272
11265,147,146,0.00680272
11270,147,146,0.00680272
11275,147,146,0.00680272
11280,147,146,0.00680272
11285,147,146,0.00680272
11290,147,146,0.00680272
11295,147,146,0.00680272
11299,147,146,0.00680272
11304,147,146,0.00680272
11308,147,146,0.00680272
11313,147,146,0.00680272
11317,147,146,0.00680272
11321,147,146,0.00680272
11325,147,146,0.00680272
11329,147,146,0.00680272
11333,147,146,0.00680272
11337,147,146,0.00680272
11341,147,146,0.00680272
11345,147,146,0.00680272
11349,147,146,0.00680272
11353,147,146,0.00680272
11357,147,146,0.00680272
11360,147,146,0.00680272
11364,147,146,0.00680272
11368,147,146,0.00680272
11371,147,146,0.00680272
11375,147,146,0.00680272
11378,147,146,0.00680272
11383,147,146,0.00680272
11386,147,146,0.00680272
11389,147,146,0.00680272
11393,147,146,0.00680272
11396,147,146,0.00680272
11399,147,146,0.00680272
11402,147,146,0.00680272
11405,147,146,0.00680272
11407,147,146,0.00680272
11410,147,146,0.00680272
11413,147,146,0.00680272
11415,147,146,0.00680272
11418,147,146,0.00680272
11421,147,146,0.00680272
11424,147,146,0.00680272
11425,147,146,0.00680272
11427,147,146,0.00680272
11429,147,146,0.00680272
11432,147,146,0.00680272
11434,147,146,0.00680272
11436,147,146,0.00680272
11438,147,146,0.00680272
11440,147,146,0.00680272
11442,147,146,0.00680272
11444,147,146,0.00680272
11446,147,146,0.00680272
11448,147,146,0.00680272
11450,147,146,0.00680272
11451,147,146,0.00680272
11453,147,146,0.00680272
11455,147,146,0.00680272
11457,147,146,0.00680272
11459,147,146,0.00680272
11461,147,146,0.00680272
11463,147,146,0.00680272
11465,147,146,0.00680272
11468,147,146,0.00680272
11470,147,146,0.00680272
11472,147,146,0.00680272
11474,147,146,0.00680272
11477,147,146,0.00680272
11479,147,146,0.00680272
11481,147,146,0.00680272
11483,147,146,0.00680272
11485,147,146,0.00680272
11487,147,146,0.00680272
11489,147,146,0.00680272
11492,147,146,0.00680272
11493,147,146,0.00680272
11496,147,146,0.00680272
11498,147,146,0.00680272
11500,147,146,0.00680272
11503,147,146,0.00680272
11505,147,146,0.00680272
11507,147,146,0.00680272
11509,147,146,0.00680272
11511,147,146,0.00680272
11514,147,146,0.00680272
11515,147,146,0.00680272
11517,147,146,0.00680272
11520,147,146,0.00680272
11523,147,146,0.00680272
11525,147,146,0.00680272
11528,147,146,0.00680272
11530,147,146,0.00680272
11532,147,146,0.00680272
11535,147,146,0.00680272
11538,147,146,0.00680272
11539,147,146,0.00680272
11540,147,146,0.00680272
11541,147,146,0.00680272
11544,147,146,0.00680272
11546,147,146,0.00680272
11549,147,146,0.00680272
11551,147,146,0.00680272
11554,147,146,0.00680272
11557,147,146,0.00680272
11560,147,146,0.00680272
11562,147,146,0.00680272
11565,147,146,0.00680272
11568,147,146,0.00680272
11571,147,146,0.00680272
11573,147,146,0.00680272
11576,147,146,0.00680272
11579,147,146,0.00680272
11581,147,146,0.00680272
11584,147,146,0.00680272
11587,147,146,0.00680272
11590,147,146,0.00680272
11593,147,146,0.00680272
11596,147,146,0.00680272
11599,147,146,0.00680272
11602,147,146,0.00680272
11605,147,146,0.00680272
11608,147,146,0.00680272
11611,147,146,0.00680272
11614,147,146,0.00680272
11617,147,146,0.00680272
11620,147,146,0.00680272
11623,147,146,0.00680272
11626,147,146,0.00680272
11629,147,146,0.00680272
11632,147,146,0.00680272
11636,147,146,0.00680272
11639,147,146,0.00680272
11642,147,146,0.00680272
11645,147,146,0.00680272
11649,147,146,0.00680272
11652,147,146,0.00680272
11655,147,146,0.00680272
11659,147,146,0.00680272
11662,147,146,0.00680272
11666,147,146,0.00680272
11670,147,146,0.00680272
11673,147,146,0.00680272
11677,147,146,0.00680272
11680,147,146,0.00680272
11684,147,146,0.00680272
11687,147,146,0.00680272
11691,147,146,0.00680272
11694,147,146,0.00680272
11697,147,146,0.00680272
11701,147,146,0.00680272
11705,147,146,0.00680272
11708,147,146,0.00680272
11712,147,146,0.00680272
11715,147,146,0.00680272
11718,147,146,0.00680272
11723,147,146,0.00680272
11726,147,146,0.00680272
11729,147,146,0.00680272
11732,147,146,0.00680272
11736,147,146,0.00680272
11740,147,146,0.00680272
11743,147,146,0.00680272
11747,147,146,0.00680272
11751,147,146,0.00680272
11755,147,146,0.00680272
11759,147,146,0.00680272
11760,147,146,0.00680272
11763,147,146,0.00680272
11767,147,146,0.00680272
11771,147,146,0.00680272
11775,147,146,0.00680272
11779,147,146,0.00680272
11783,147,146,0.00680272
11785,147,146,0.00680272
11789,147,146,0.00680272
11792,147,146,0.00680272
11796,147,146,0.00680272
11800,147,146,0.00680272
11803,147,146,0.00680272
11807,147,146,0.00680272
11811,147,146,0.00680272
11814,147,146,0.00680272
11818,147,146,0.00680272
11823,147,146,0.00680272
11826,147,146,0.00680272
11829,147,146,0.00680272
11833,147,146,0.00680272
11836,147,146,0.00680272
11840,147,146,0.00680272
11844,147,146,0.00680272
11848,147,146,0.00680272
11851,147,146,0.00680272
11855,147,146,0.00680272
11859,147,146,0.00680272
11862,147,146,0.00680272
11863,147,146,0.00680272
11867,147,146,0.00680272
11871,147,146,0.00680272
11875,147,146,0.00680272
11878,147,146,0.00680272
11882,147,146,0.00680272
11886,147,146,0.00680272
11888,147,146,0.00680272
11892,147,146,0.00680272
11896,147,146,0.00680272
11899,147,146,0.00680272
11902,147,146,0.00680272
11906,147,146,0.00680272
11910,147,146,0.00680272
11913,147,146,0.00680272
11916,147,146,0.00680272
11921,147,146,0.00680272
11924,147,146,0.00680272
11928,147,146,0.00680272
11933,147,146,0.00680272
11936,147,146,0.00680272
11938,147,146,0.00680272
11942,147,146,0.00680272
11946,147,146,0.00680272
11950,147,146,0.00680272
11953,147,146,0.00680272
11957,147,146,0.00680272
11962,147,146,0.00680272
11965,147,146,0.00680272
11969,147,146,0.00680272
11973,147,146,0.00680272
11977,147,146,0.00680272
11981,147,146,0.00680272
11985,147,146,0.00680272
11990,147,146,0.00680272
11993,147,146,0.00680272
11997,147,146,0.00680272
12001,147,146,0.00680272
12005,147,146,0.00680272
12008,147,146,0.00680272
12011,147,146,0.00680272
12015,147,146,0.00680272
12018,147,146,0.00680272
12021,147,146,0.00680272
12024,147,146,0.00680272
12027,147,146,0.00680272
12029,147,146,0.00680272
12032,147,146,0.00680272
12036,147,146,0.00680272
12039,147,146,0.00680272
12043,147,146,0.00680272
12045,147,146,0.00680272
12050,147,146,0.00680272
12053,147,146,0.00680272
12057,147,146,0.00680272
12061,147,146,0.00680272
12065,147,146,0.00680272
12069,147,146,0.00680272
12071,147,146,0.00680272
12075,147,146,0.00680272
12079,147,146,0.00680272
12083,147,146,0.00680272
12086,147,146,0.00680272
12090,147,146,0.00680272
12094,147,146,0.00680272
12097,147,146,0.00680272
12101,147,146,0.00680272
12106,147,146,0.00680272
12110,147,146,0.00680272
12114,147,146,0.00680272
12118,147,146,0.00680272
12122,147,146,0.00680272
12127,147,146,0.00680272
12131,147,146,0.00680272
12136,147,146,0.00680272
12140,147,146,0.00680272
12144,147,146,0.00680272
12148,147,146,0.00680272
12151,147,146,0.00680272
12155,147,146,0.00680272
12158,147,146,0.00680272
12163,147,146,0.00680272
12167,147,146,0.00680272
12171,147,146,0.00680272
12174,147,146,0.00680272
12178,147,146,0.00680272
12182,147,146,0.00680272
12187,147,146,0.00680272
12190,147,146,0.00680272
12194,147,146,0.00680272
12198,147,146,0.00680272
12202,147,146,0.00680272
12205,147,146,0.00680272
12208,147,146,0.00680272
12212,147,146,0.00680272
12216,147,146,0.00680272
12220,147,146,0.00680272
12224,147,146,0.00680272
12227,147,146,0.00680272
12231,147,146,0.00680272
12234,147,146,0.00680272
12237,147,146,0.00680272
12241,147,146,0.00680272
12245,147,146,0.00680272
12250,147,146,0.00680272
12254,147,146,0.00680272
12258,147,146,0.00680272
12263,147,146,0.00680272
12266,147,146,0.00680272
12271,147,146,0.00680272
12275,147,146,0.00680272
12278,147,146,0.00680272
12283,147,146,0.00680272
12286,147,146,0.00680272
12289,147,146,0.00680272
12293,147,146,0.00680272
12296,147,146,0.00680272
12300,147,146,0.00680272
12303,147,146,0.00680272
12306,147,146,0.00680272
12311,147,146,0.00680272
12315,147,146,0.00680272
12319,147,146,0.00680272
12323,147,146,0.00680272
12328,147,146,0.00680272
12331,147,146,0.00680272
12336,147,146,0.00680272
12340,147,146,0.00680272
12344,147,146,0.00680272
12348,147,146,0.00680272
12352,147,146,0.00680272
12357,147,146,0.00680272
12361,147,146,0.00680272
12364,147,146,0.00680272
12369,147,146,0.00680272
12372,147,146,0.00680272
12377,147,146,0.00680272
12381,147,146,0.00680272
12385,147,146,0.00680272
12388,147,146,0.00680272
12392,147,146,0.00680272
12395,147,146,0.00680272
12400,147,146,0.00680272
12404,147,146,0.00680272
12407,147,146,0.00680272
12411,147,146,0.00680272
12415,147,146,0.00680272
12420,147,146,0.00680272
12424,147,146,0.00680272
12429,147,146,0.00680272
12433,147,146,0.00680272
12438,147,146,0.00680272
12442,147,146,0.00680272
12447,147,146,0.00680272
12451,147,146,0.00680272
12455,147,146,0.00680272
12459,147,146,0.00680272
12464,147,146,0.00680272
12468,147,146,0.00680272
12473,147,146,0.00680272
12476,147,146,0.00680272
12481,147,146,0.00680272
12485,147,146,0.00680272
12489,147,146,0.00680272
12494,147,146,0.00680272
12498,147,146,0.00680272
12503,147,146,0.00680272
12507,147,146,0.00680272
12512,147,146,0.00680272
12517,147,146,0.00680272
12521,147,146,0.00680272
12526,147,146,0.00680272
12529,147,146,0.00680272
12533,147,146,0.00680272
12537,147,146,0.00680272
12541,147,146,0.00680272
12546,147,146,0.00680272
12551,147,146,0.00680272
12554,147,146,0.00680272
12559,147,146,0.00680272
12564,147,146,0.00680272
12569,147,146,0.00680272
12573,147,146,0.00680272
12574,147,146,0.00680272
12579,147,146,0.00680272
12584,147,146,0.00680272
12588,147,146,0.00680272
12592,147,146,0.00680272
12596,147,146,0.00680272
12600,147,146,0.00680272
12603,147,146,0.00680272
12607,147,146,0.00680272
12611,147,146,0.00680272
12616,147,146,0.00680272
12621,147,146,0.00680272
12626,147,146,0.00680272
12629,147,146,0.00680272
12633,147,146,0.00680272
12637,147,146,0.00680272
12640,147,146,0.00680272
12644,147,146,0.00680272
12648,147,146,0.00680272
12653,147,146,0.00680272
12657,147,146,0.00680272
12662,147,146,0.00680272
12667,147,146,0.00680272
12672,147,146,0.00680272
12675,147,146,0.00680272
12680,147,146,0.00680272
12685,147,146,0.00680272
12690,147,146,0.00680272
12693,147,146,0.00680272
12698,147,146,0.00680272
12703,147,146,0.00680272
12709,147,146,0.00680272
12714,147,146,0.00680272
12719,147,146,0.00680272
12723,147,146,0.00680272
12729,147,146,0.00680272
12733,147,146,0.00680272
12738,147,146,0.00680272
12741,147,146,0.00680272
12746,147,146,0.00680272
12751,147,146,0.00680272
12756,147,146,0.00680272
12759,147,146,0.00680272
12763,147,146,0.00680272
12767,147,146,0.00680272
12771,147,146,0.00680272
12776,147,146,0.00680272
12780,147,146,0.00680272
12786,147,146,0.00680272
12789,147,146,0.00680272
12793,147,146,0.00680272
12797,147,146,0.00680272
12802,147,146,0.00680272
12805,147,146,0.00680272
12810,147,146,0.00680272
12815,147,146,0.00680272
12821,147,146,0.00680272
12826,147,146,0.00680272
12830,147,146,0.00680272
12835,147,146,0.00680272
12842,147,146,0.00680272
12846,147,146,0.00680272
12850,147,146,0.00680272
12856,147,146,0.00680272
12860,147,146,0.00680272
12865,147,146,0.00680272
12871,147,146,0.00680272
12875,147,146,0.00680272
12880,147,146,0.00680272
12884,147,146,0.00680272
12890,147,146,0.00680272
12894,147,146,0.00680272
12899,147,146,0.00680272
12903,147,146,0.00680272
12909,147,146,0.00680272
12914,147,146,0.00680272
12919,147,146,0.00680272
12924,147,146,0.00680272
12930,147,146,0.00680272
12933,147,146,0.00680272
12939,147,146,0.00680272
12943,147,146,0.00680272
12946,147,146,0.00680272
12948,147,146,0.00680272
12954,147,146,0.00680272
12959,147,146,0.00680272
12963,147,146,0.00680272
12969,147,146,0.00680272
12974,147,146,0.00680272
12977,147,146,0.00680272
12983,147,146,0.00680272
12988,147,146,0.00680272
12993,147,146,0.00680272
12997,147,146,0.00680272
13002,147,146,0.00680272
13006,147,146,0.00680272
13011,147,146,0.00680272
13016,147,146,0.00680272
13020,147,146,0.00680272
13026,147,146,0.00680272
13031,147,146,0.00680272
13037,147,146,0.00680272
13040,147,146,0.00680272
13044,147,146,0.00680272
13049,147,146,0.00680272
13054,147,146,0.00680272
13059,147,146,0.00680272
13064,147,146,0.00680272
13068,147,146,0.00680272
13073,147,146,0.00680272
13078,147,146,0.00680272
13082,147,146,0.00680272
13086,147,146,0.00680272
13092,147,146,0.00680272
13097,147,146,0.00680272
13102,147,146,0.00680272
13107,147,146,0.00680272
13112,147,146,0.00680272
13117,147,146,0.00680272
13122,147,146,0.00680272
13128,147,146,0.00680272
13132,147,146,0.00680272
13134,147,146,0.00680272
13140,147,146,0.00680272
13145,147,146,0.00680272
13149,147,146,0.00680272
13154,147,146,0.00680272
13160,147,146,0.00680272
13163,147,146,0.00680272
13168,147,146,0.00680272
13173,147,146,0.00680272
13178,147,146,0.00680272
13184,147,146,0.00680272
13189,147,146,0.00680272
13194,147,146,0.00680272
13198,147,146,0.00680272
13203,147,146,0.00680272
13208,147,146,0.00680272
13213,147,146,0.00680272
13218,147,146,0.00680272
13223,147,146,0.00680272
13228,147,146,0.00680272
13233,147,146,0.00680272
13239,147,146,0.00680272
13241,147,146,0.00680272
13247,147,146,0.00680272
13252,147,146,0.00680272
13257,147,146,0.00680272
13263,147,146,0.00680272
13268,147,146,0.00680272
13273,147,146,0.00680272
13278,147,146,0.00680272
13284,147,146,0.00680272
13289,147,146,0.00680272
13294,147,146,0.00680272
13299,147,146,0.00680272
13305,147,146,0.00680272
13310,147,146,0.00680272
13314,147,146,0.00680272
13320,147,146,0.00680272
13325,147,146,0.00680272
13327,147,146,0.00680272
13332,147,146,0.00680272
13337,147,146,0.00680272
13338,147,146,0.00680272
13343,147,146,0.00680272
13349,147,146,0.00680272
13352,147,146,0.00680272
13357,147,146,0.00680272
13361,147,146,0.00680272
13367,147,146,0.00680272
13372,147,146,0.00680272
13377,147,146,0.00680272
13384,147,146,0.00680272
13390,147,146,0.00680272
13394,147,146,0.00680272
13399,147,146,0.00680272
13403,147,146,0.00680272
13407,147,146,0.00680272
13412,147,146,0.00680272
13418,147,146,0.00680272
13422,147,146,0.00680272
13428,147,146,0.00680272
13431,147,146,0.00680272
13438,147,146,0.00680272
13443,147,146,0.00680272
13448,147,146,0.00680272
13453,147,146,0.00680272
13458,147,146,0.00680272
13461,147,146,0.00680272
13467,147,146,0.00680272
13472,147,146,0.00680272
13477,147,146,0.00680272
13482,147,146,0.00680272
13487,147,146,0.00680272
13492,147,146,0.00680272
13498,147,146,0.00680272
13504,147,146,0.00680272
13508,147,146,0.00680272
13513,147,146,0.00680272
13520,147,146,0.00680272
13525,147,146,0.00680272
13529,147,146,0.00680272
13533,147,146,0.00680272
13538,147,146,0.00680272
13544,147,146,0.00680272
13550,147,146,0.00680272
13556,147,146,0.00680272
13561,147,146,0.00680272
13567,147,146,0.00680272
13571,147,146,0.00680272
13577,147,146,0.00680272
13583,147,146,0.00680272
13587,147,146,0.00680272
13592,147,146,0.00680272
13597,147,146,0.00680272
13603,147,146,0.00680272
13609,147,146,0.00680272
13615,147,146,0.00680272
13622,147,146,0.00680272
13627,147,146,0.00680272
13633,147,146,0.00680272
13641,147,146,0.00680272
13647,147,146,0.00680272
13652,147,146,0.00680272
13656,147,146,0.00680272
13662,147,146,0.00680272
13667,147,146,0.00680272
13673,147,146,0.00680272
13678,147,146,0.00680272
13685,147,146,0.00680272
13691,147,146,0.00680272
13696,147,146,0.00680272
13701,147,146,0.00680272
13707,147,146,0.00680272
13713,147,146,0.00680272
13720,147,146,0.00680272
13726,147,146,0.00680272
13732,147,146,0.00680272
13739,147,146,0.00680272
13744,147,146,0.00680272
13750,147,146,0.00680272
13755,147,146,0.00680272
13761,147,146,0.00680272
13768,147,146,0.00680272
13772,147,146,0.00680272
13779,147,146,0.00680272
13786,147,146,0.00680272
13793,147,146,0.00680272
13798,147,146,0.00680272
13803,147,146,0.00680272
13809,147,146,0.00680272
13814,147,146,0.00680272
13819,147,146,0.00680272
13825,147,146,0.00680272
13828,147,146,0.00680272
13834,147,146,0.00680272
13840,147,146,0.00680272
13846,147,146,0.00680272
13851,147,146,0.00680272
13858,147,146,0.00680272
13864,147,146,0.00680272
13869,147,146,0.00680272
13876,147,146,0.00680272
13882,147,146,0.00680272
13887,147,146,0.00680272
13892,147,146,0.00680272
13896,147,146,0.00680272
13903,147,146,0.00680272
13908,147,146,0.00680272
13914,147,146,0.00680272
13920,147,146,0.00680272
13927,147,146,0.00680272
13933,147,146,0.00680272
13938,147,146,0.00680272
13944,147,146,0.00680272
13950,147,146,0.00680272
13955,147,146,0.00680272
13961,147,146,0.00680272
13965,147,146,0.00680272
13971,147,146,0.00680272
13976,147,146,0.00680272
13982,147,146,0.00680272
13988,147,146,0.00680272
13993,147,146,0.00680272
13998,147,146,0.00680272
14005,147,146,0.00680272
14010,147,146,0.00680272
14014,147,146,0.00680272
14021,147,146,0.00680272
14027,147,146,0.00680272
14033,147,146,0.00680272
14039,147,146,0.00680272
14043,147,146,0.00680272
14050,147,146,0.00680272
14056,147,146,0.00680272
14062,147,146,0.00680272
14067,147,146,0.00680272
14073,147,146,0.00680272
14079,147,146,0.00680272
14084,147,146,0.00680272
14091,147,146,0.00680272
14097,147,146,0.00680272
14102,147,146,0.00680272
14107,147,146,0.00680272
14113,147,146,0.00680272
14119,147,146,0.00680272
14123,147,146,0.00680272
14127,147,146,0.00680272
14132,147,146,0.00680272
14135,147,146,0.00680272
14139,147,146,0.00680272
14143,147,146,0.00680272
14147,147,146,0.00680272
14153,147,146,0.00680272
14159,147,146,0.00680272
14164,147,146,0.00680272
14168,147,146,0.00680272
14172,147,146,0.00680272
14179,147,146,0.00680272
14186,147,146,0.00680272
14192,147,146,0.00680272
14199,147,146,0.00680272
14206,147,146,0.00680272
14211,147,146,0.00680272
14217,147,146,0.00680272
14225,147,146,0.00680272
14231,147,146,0.00680272
14236,147,146,0.00680272
14242,147,146,0.00680272
14248,147,146,0.00680272
14255,147,146,0.00680272
14260,147,146,0.00680272
14267,147,146,0.00680272
14271,147,146,0.00680272
14274,147,146,0.00680272
14280,147,146,0.00680272
14284,147,146,0.00680272
14291,147,146,0.00680272
14296,147,146,0.00680272
14303,147,146,0.00680272
14308,147,146,0.00680272
14315,147,146,0.00680272
14320,147,146,0.00680272
14322,147,146,0.00680272
14326,147,146,0.00680272
14332,147,146,0.00680272
14338,147,146,0.00680272
14344,147,146,0.00680272
14350,147,146,0.00680272
14357,147,146,0.00680272
14362,147,146,0.00680272
14368,147,146,0.00680272
14373,147,146,0.00680272
14380,147,146,0.00680272
14386,147,146,0.00680272
14392,147,146,0.00680272
14398,147,146,0.00680272
14405,147,146,0.00680272
14410,147,146,0.00680272
14416,147,146,0.00680272
14423,147,146,0.00680272
14429,147,146,0.00680272
14434,147,146,0.00680272
14440,147,146,0.00680272
14446,147,146,0.00680272
14451,147,146,0.00680272
14457,147,146,0.00680272
14463,147,146,0.00680272
14470,147,146,0.00680272
14476,147,146,0.00680272
14482,147,146,0.00680272
14489,147,146,0.00680272
14494,147,146,0.00680272
14499,147,146,0.00680272
14505,147,146,0.00680272
14510,147,146,0.00680272
14515,147,146,0.00680272
14520,147,146,0.00680272
14527,147,146,0.00680272
14532,147,146,0.00680272
14538,147,146,0.00680272
14544,147,146,0.00680272
14550,147,146,0.00680272
14556,147,146,0.00680272
14563,147,146,0.00680272
14569,147,146,0.00680272
14576,147,146,0.00680272
14581,147,146,0.00680272
14587,147,146,0.00680272
14592,147,146,0.00680272
14599,147,146,0.00680272
14606,147,146,0.00680272
14612,147,146,0.00680272
14617,147,146,0.00680272
14624,147,146,0.00680272
14631,147,146,0.00680272
14637,147,146,0.00680272
14643,147,146,0.00680272
14651,147,146,0.00680272
14657,147,146,0.00680272
14664,147,146,0.00680272
14670,147,146,0.00680272
14676,147,146,0.00680272
14683,147,146,0.00680272
14688,147,146,0.00680272
14694,147,146,0.00680272
14700,147,146,0.00680272
14704,147,146,0.00680272
14710,147,146,0.00680272
14716,147,146,0.00680272
14722,147,146,0.00680272
14729,147,146,0.00680272
14735,147,146,0.00680272
14741,147,146,0.00680272
14747,147,146,0.00680272
14754,147,146,0.00680272
14761,147,146,0.00680272
14767,147,146,0.00680272
14773,147,146,0.00680272
14779,147,146,0.00680272
14786,147,146,0.00680272
14791,147,146,0.00680272
14798,147,146,0.00680272
14805,147,146,0.00680272
14811,147,146,0.00680272
14817,147,146,0.00680272
14823,147,146,0.00680272
14830,147,146,0.00680272
14838,147,146,0.00680272
14845,147,146,0.00680272
14853,147,146,0.00680272
14859,147,146,0.00680272
14865,147,146,0.00680272
14872,147,146,0.00680272
14879,147,146,0.00680272
14885,147,146,0.00680272
14890,147,146,0.00680272
14895,147,146,0.00680272
14902,147,146,0.00680272
14908,147,146,0.00680272
14915,147,146,0.00680272
14921,147,146,0.00680272
14927,147,146,0.00680272
14933,147,146,0.00680272
14940,147,146,0.00680272
14947,147,146,0.00680272
14953,147,146,0.00680272
14961,147,146,0.00680272
14966,147,146,0.00680272
14973,147,146,0.00680272
14977,147,146,0.00680272
14982,147,146,0.00680272
14988,147,146,0.00680272
14995,147,146,0.00680272
14999,147,146,0.00680272
15004,147,146,0.00680272
15010,147,146,0.00680272
15017,147,146,0.00680272
15024,147,146,0.00680272
15031,147,146,0.00680272
15037,147,146,0.00680272
15042,147,146,0.00680272
15048,147,146,0.00680272
15054,147,146,0.00680272
15059,147,146,0.00680272
15065,147,146,0.00680272
15072,147,146,0.00680272
15077,147,146,0.00680272
15083,147,146,0.00680272
15089,147,146,0.00680272
15094,147,146,0.00680272
15101,147,146,0.00680272
15108,147,146,0.00680272
15114,147,146,0.00680272
15121,147,146,0.00680272
15128,147,146,0.00680272
15134,147,146,0.00680272
15140,147,146,0.00680272
15146,147,146,0.00680272
15151,147,146,0.00680272
15158,147,146,0.00680272
15165,147,146,0.00680272
15172,147,146,0.00680272
15177,147,146,0.00680272
15184,147,146,0.00680272
15189,147,146,0.00680272
15196,147,146,0.00680272
15203,147,146,0.00680272
15209,147,146,0.00680272
15215,147,146,0.00680272
15221,147,146,0.00680272
15227,147,146,0.00680272
15232,147,146,0.00680272
15237,147,146,0.00680272
15243,147,146,0.00680272
15249,147,146,0.00680272
15255,147,146,0.00680272
15261,147,146,0.00680272
15267,147,146,0.00680272
15273,147,146,0.00680272
15280,147,146,0.00680272
15286,147,146,0.00680272
15292,147,146,0.00680272
15299,147,146,0.00680272
15305,147,146,0.00680272
15310,147,146,0.00680272
15317,147,146,0.00680272
15325,147,146,0.00680272
15332,147,146,0.00680272
15339,147,146,0.00680272
15345,147,146,0.00680272
15351,147,146,0.00680272
15359,147,146,0.00680272
15365,147,146,0.00680272
15371,147,146,0.00680272
15377,147,146,0.00680272
15383,147,146,0.00680272
15390,147,146,0.00680272
15397,147,146,0.00680272
15403,147,146,0.00680272
15410,147,146,0.00680272
15417,147,146,0.00680272
15423,147,146,0.00680272
15430,147,146,0.00680272
15437,147,146,0.00680272
15441,147,146,0.00680272
15448,147,146,0.00680272
15454,147,146,0.00680272
15460,147,146,0.00680272
15466,147,146,0.00680272
15473,147,146,0.00680272
15479,147,146,0.00680272
15485,147,146,0.00680272
15492,147,146,0.00680272
15499,147,146,0.00680272
15506,147,146,0.00680272
15513,147,146,0.00680272
15520,147,146,0.00680272
15527,147,146,0.00680272
15534,147,146,0.00680272
15540,147,146,0.00680272
15546,147,146,0.00680272
15553,147,146,0.00680272
15560,147,146,0.00680272
15567,147,146,0.00680272
15574,147,146,0.00680272
15581,147,146,0.00680272
15589,147,146,0.00680272
15595,147,146,0.00680272
15601,147,146,0.00680272
15607,147,146,0.00680272
15612,147,146,0.00680272
15618,147,146,0.00680272
15625,147,146,0.00680272
15632,147,146,0.00680272
15639,147,146,0.00680272
15645,147,146,0.00680272
15651,147,146,0.00680272
15658,147,146,0.00680272
15664,147,146,0.00680272
15670,147,146,0.00680272
15676,147,146,0.00680272
15683,147,146,0.00680272
15690,147,146,0.00680272
15696,147,146,0.00680272
15704,147,146,0.00680272
15709,147,146,0.00680272
15717,147,146,0.00680272
15724,147,146,0.00680272
15732,147,146,0.00680272
15739,147,146,0.00680272
15747,147,146,0.00680272
15752,147,146,0.00680272
15758,147,146,0.00680272
15766,147,146,0.00680272
15773,147,146,0.00680272
15780,147,146,0.00680272
15787,147,146,0.00680272
15794,147,146,0.00680272
15800,147,146,0.00680272
15806,147,146,0.00680272
15811,147,146,0.00680272
15821,147,146,0.00680272
15828,147,146,0.00680272
15835,147,146,0.00680272
15842,147,146,0.00680272
15849,147,146,0.00680272
15856,147,146,0.00680272
15862,147,146,0.00680272
15870,147,146,0.00680272
15877,147,146,0.00680272
15884,147,146,0.00680272
15891,147,146,0.00680272
15898,147,146,0.00680272
15904,147,146,0.00680272
15910,147,146,0.00680272
15917,147,146,0.00680272
15924,147,146,0.00680272
15933,147,146,0.00680272
15939,147,146,0.00680272
15945,147,146,0.00680272
15952,147,146,0.00680272
15959,147,146,0.00680272
15966,147,146,0.00680272
15974,147,146,0.00680272
15978,147,146,0.00680272
15984,147,146,0.00680272
15991,147,146,0.00680272
15996,147,146,0.00680272
16003,147,146,0.00680272
16007,147,146,0.00680272
16015,147,146,0.00680272
16022,147,146,0.00680272
16027,147,146,0.00680272
16035,147,146,0.00680272
16042,147,146,0.00680272
16049,147,146,0.00680272
16057,147,146,0.00680272
16064,147,146,0.00680272
16073,147,146,0.00680272
16078,147,146,0.00680272
16084,147,146,0.00680272
16091,147,146,0.00680272
16097,147,146,0.00680272
16105,147,146,0.00680272
16113,147,146,0.00680272
16118,147,146,0.00680272
16125,147,146,0.00680272
16132,147,146,0.00680272
16139,147,146,0.00680272
16146,147,146,0.00680272
16152,147,146,0.00680272
16159,147,146,0.00680272
16166,147,146,0.00680272
16174,147,146,0.00680272
16180,147,146,0.00680272
16185,147,146,0.00680272
16192,147,146,0.00680272
16199,147,146,0.00680272
16207,147,146,0.00680272
16214,147,146,0.00680272
16220,147,146,0.00680272
16227,147,146,0.00680272
16235,147,146,0.00680272
16241,147,146,0.00680272
16246,147,146,0.00680272
16253,147,146,0.00680272
16260,147,146,0.00680272
16266,147,146,0.00680272
16273,147,146,0.00680272
16280,147,146,0.00680272
16288,147,146,0.00680272
16293,147,146,0.00680272
16300,147,146,0.00680272
16307,147,146,0.00680272
16314,147,146,0.00680272
16320,147,146,0.00680272
16327,147,146,0.00680272
16335,147,146,0.00680272
16342,147,146,0.00680272
16349,147,146,0.00680272
16355,147,146,0.00680272
16361,147,146,0.00680272
16366,147,146,0.00680272
16373,147,146,0.00680272
16378,147,146,0.00680272
16384,147,146,0.00680272
16391,147,146,0.00680272
16398,147,146,0.00680272
16405,147,146,0.00680272
16411,147,146,0.00680272
16417,147,146,0.00680272
16423,147,146,0.00680272
16429,147,146,0.00680272
16436,147,146,0.00680272
16443,147,146,0.00680272
16450,147,146,0.00680272
16455,147,146,0.00680272
16463,147,146,0.00680272
16470,147,146,0.00680272
16477,147,146,0.00680272
16483,147,146,0.00680272
16490,147,146,0.00680272
16497,147,146,0.00680272
16504,147,146,0.00680272
16511,147,146,0.00680272
16519,147,146,0.00680272
16526,147,146,0.00680272
16532,147,146,0.00680272
16539,147,146,0.00680272
16545,147,146,0.00680272
16552,147,146,0.00680272
16560,147,146,0.00680272
16566,147,146,0.00680272
16572,147,146,0.00680272
16579,147,146,0.00680272
16585,147,146,0.00680272
16591,147,146,0.00680272
16597,147,146,0.00680272
16603,147,146,0.00680272
16609,147,146,0.00680272
16615,147,146,0.00680272
16619,147,146,0.00680272
16625,147,146,0.00680272
16633,147,146,0.00680272
16640,147,146,0.00680272
16648,147,146,0.00680272
16657,147,146,0.00680272
16665,147,146,0.00680272
16672,147,146,0.00680272
16679,147,146,0.00680272
16687,147,146,0.00680272
16691,147,146,0.00680272
16692,147,146,0.00680272
16698,147,146,0.00680272
16704,147,146,0.00680272
16712,147,146,0.00680272
16718,147,146,0.00680272
16726,147,146,0.00680272
16733,147,146,0.00680272
16739,147,146,0.00680272
16745,147,146,0.00680272
16751,147,146,0.00680272
16760,147,146,0.00680272
16767,147,146,0.00680272
16771,147,146,0.00680272
16774,147,146,0.00680272
16777,147,146,0.00680272
16783,147,146,0.00680272
16789,147,146,0.00680272
16796,147,146,0.00680272
16802,147,146,0.00680272
16808,147,146,0.00680272
16815,147,146,0.00680272
16822,147,146,0.00680272
16828,147,146,0.00680272
16830,147,146,0.00680272
16835,147,146,0.00680272
16840,147,146,0.00680272
16848,147,146,0.00680272
16856,147,146,0.00680272
16864,147,146,0.00680272
16872,147,146,0.00680272
16879,147,146,0.00680272
16885,147,146,0.00680272
16892,147,146,0.00680272
16896,147,146,0.00680272
16900,147,146,0.00680272
16903,147,146,0.00680272
16910,147,146,0.00680272
16917,147,146,0.00680272
16926,147,146,0.00680272
16930,147,146,0.00680272
16938,147,146,0.00680272
16946,147,146,0.00680272
16954,147,146,0.00680272
16962,147,146,0.00680272
16969,147,146,0.00680272
16977,147,146,0.00680272
16980,147,146,0.00680272
16986,147,146,0.00680272
16995,147,146,0.00680272
17003,147,146,0.00680272
17012,147,146,0.00680272
17019,147,146,0.00680272
17024,147,146,0.00680272
17031,147,146,0.00680272
17037,147,146,0.00680272
17044,147,146,0.00680272
17051,147,146,0.00680272
17059,147,146,0.00680272
17068,147,146,0.00680272
17075,147,146,0.00680272
17080,147,146,0.00680272
17087,147,146,0.00680272
17094,147,146,0.00680272
17101,147,146,0.00680272
17108,147,146,0.00680272
17114,147,146,0.00680272
17122,147,146,0.00680272
17131,147,146,0.00680272
17138,147,146,0.00680272
17144,147,146,0.00680272
17151,147,146,0.00680272
17158,147,146,0.00680272
17166,147,146,0.00680272
17172,147,146,0.00680272
17178,147,146,0.00680272
17183,147,146,0.00680272
17190,147,146,0.00680272
17197,147,146,0.00680272
17204,147,146,0.00680272
17212,147,146,0.00680272
17218,147,146,0.00680272
17226,147,146,0.00680272
17232,147,146,0.00680272
17240,147,146,0.00680272
17245,147,146,0.00680272
17253,147,146,0.00680272
17260,147,146,0.00680272
17268,147,146,0.00680272
17275,147,146,0.00680272
17282,147,146,0.00680272
17289,147,146,0.00680272
17295,147,146,0.00680272
17301,147,146,0.00680272
17307,147,146,0.00680272
17311,147,146,0.00680272
17317,147,146,0.00680272
17325,147,146,0.00680272
17331,147,146,0.00680272
17339,147,146,0.00680272
17344,147,146,0.00680272
17353,147,146,0.00680272
17361,147,146,0.00680272
17367,147,146,0.00680272
17370,147,146,0.00680272
17373,147,146,0.00680272
17376,147,146,0.00680272
17376,147,146,0.00680272
17383,147,146,0.00680272
17390,147,146,0.00680272
17397,147,146,0.00680272
17404,147,146,0.00680272
17411,147,146,0.00680272
17415,147,146,0.00680272
17417,147,146,0.00680272
17419,147,146,0.00680272
17427,147,146,0.00680272
17433,147,146,0.00680272
17438,147,146,0.00680272
17445,147,146,0.00680272
17453,147,146,0.00680272
17461,147,146,0.00680272
17468,147,146,0.00680272
17475,147,146,0.00680272
17480,147,146,0.00680272
17486,147,146,0.00680272
17491,147,146,0.00680272
17497,147,146,0.00680272
17503,147,146,0.00680272
17510,147,146,0.00680272
17517,147,146,0.00680272
17524,147,146,0.00680272
17530,147,146,0.00680272
17538,147,146,0.00680272
17545,147,146,0.00680272
17551,147,146,0.00680272
17560,147,146,0.00680272
17567,147,146,0.00680272
17574,147,146,0.00680272
17580,147,146,0.00680272
17586,147,146,0.00680272
17594,147,146,0.00680272
17601,147,146,0.00680272
17607,147,146,0.00680272
17615,147,146,0.00680272
17623,147,146,0.00680272
17631,147,146,0.00680272
17640,147,146,0.00680272
17647,147,146,0.00680272
17654,147,146,0.00680272
17661,147,146,0.00680272
17667,147,146,0.00680272
17673,147,146,0.00680272
17680,147,146,0.00680272
17688,147,146,0.00680272
17695,147,146,0.00680272
17701,147,146,0.00680272
17708,147,146,0.00680272
17714,147,146,0.00680272
17723,147,146,0.00680272
17728,147,146,0.00680272
17734,147,146,0.00680272
17742,147,146,0.00680272
17750,147,146,0.00680272
17757,147,146,0.00680272
17763,147,146,0.00680272
17769,147,146,0.00680272
17771,147,146,0.00680272
17774,147,146,0.00680272
17777,147,146,0.00680272
17784,147,146,0.00680272
17791,147,146,0.00680272
17798,147,146,0.00680272
17803,147,146,0.00680272
17809,147,146,0.00680272
17816,147,146,0.00680272
17821,147,146,0.00680272
17827,147,146,0.00680272
17834,147,146,0.00680272
17839,147,146,0.00680272
17846,147,146,0.00680272
17853,147,146,0.00680272
17860,147,146,0.00680272
17867,147,146,0.00680272
17875,147,146,0.00680272
17880,147,146,0.00680272
17885,147,146,0.00680272
17892,147,146,0.00680272
17897,147,146,0.00680272
17903,147,146,0.00680272
17911,147,146,0.00680272
17919,147,146,0.00680272
17926,147,146,0.00680272
17933,147,146,0.00680272
17942,147,146,0.00680272
17950,147,146,0.00680272
17958,147,146,0.00680272
17966,147,146,0.00680272
17973,147,146,0.00680272
17981,147,146,0.00680272
17989,147,146,0.00680272
17996,147,146,0.00680272
18003,147,146,0.00680272
18010,147,146,0.00680272
18017,147,146,0.00680272
18025,147,146,0.00680272
18034,147,146,0.00680272
18039,147,146,0.00680272
18044,147,146,0.00680272
18052,147,146,0.00680272
18060,147,146,0.00680272
18068,147,146,0.00680272
18074,147,146,0.00680272
18078,147,146,0.00680272
18083,147,146,0.00680272
18089,147,146,0.00680272
18096,147,146,0.00680272
18104,147,146,0.00680272
18110,147,146,0.00680272
18119,147,146,0.00680272
18124,147,146,0.00680272
18132,147,146,0.00680272
18139,147,146,0.00680272
18146,147,146,0.00680272
18147,147,146,0.00680272
18153,147,146,0.00680272
18161,147,146,0.00680272
18168,147,146,0.00680272
18174,147,146,0.00680272
18181,147,146,0.00680272
18188,147,146,0.00680272
18190,147,146,0.00680272
18192,147,146,0.00680272
18194,147,146,0.00680272
18201,147,146,0.00680272
18208,147,146,0.00680272
18213,147,146,0.00680272
18221,147,146,0.00680272
18228,147,146,0.00680272
18233,147,146,0.00680272
18239,147,146,0.00680272
18245,147,146,0.00680272
18252,147,146,0.00680272
18259,147,146,0.00680272
18265,147,146,0.00680272
18271,147,146,0.00680272
18279,147,146,0.00680272
18288,147,146,0.00680272
18296,147,146,0.00680272
18302,147,146,0.00680272
18309,147,146,0.00680272
18315,147,146,0.00680272
18322,147,146,0.00680272
18328,147,146,0.00680272
18335,147,146,0.00680272
18343,147,146,0.00680272
18350,147,146,0.00680272
18358,147,146,0.00680272
18365,147,146,0.00680272
18373,147,146,0.00680272
18381,147,146,0.00680272
18389,147,146,0.00680272
18396,147,146,0.00680272
18403,147,146,0.00680272
18410,147,146,0.00680272
18417,147,146,0.00680272
18424,147,146,0.00680272
18431,147,146,0.00680272
18437,147,146,0.00680272
18445,147,146,0.00680272
18452,147,146,0.00680272
18459,147,146,0.00680272
18466,147,146,0.00680272
18469,147,146,0.00680272
18474,147,146,0.00680272
18481,147,146,0.00680272
18488,147,146,0.00680272
18493,147,146,0.00680272
18500,147,146,0.00680272
18507,147,146,0.00680272
18515,147,146,0.00680272
18521,147,146,0.00680272
18530,147,146,0.00680272
18539,147,146,0.00680272
18545,147,146,0.00680272
18553,147,146,0.00680272
18560,147,146,0.00680272
18568,147,146,0.00680272
18575,147,146,0.00680272
18582,147,146,0.00680272
18589,147,146,0.00680272
18592,147,146,0.00680272
18593,147,146,0.00680272
18595,147,146,0.00680272
18601,147,146,0.00680272
18609,147,146,0.00680272
18616,147,146,0.00680272
18623,147,146,0.00680272
18630,147,146,0.00680272
18637,147,146,0.00680272
18639,147,146,0.00680272
18646,147,146,0.00680272
18654,147,146,0.00680272
18661,147,146,0.00680272
18669,147,146,0.00680272
18677,147,146,0.00680272
18685,147,146,0.00680272
18691,147,146,0.00680272
18695,147,146,0.00680272
18700,147,146,0.00680272
18707,147,146,0.00680272
18714,147,146,0.00680272
18722,147,146,0.00680272
18729,147,146,0.00680272
18735,147,146,0.00680272
18743,147,146,0.00680272
18750,147,146,0.00680272
18757,147,146,0.00680272
18764,147,146,0.00680272
18773,147,146,0.00680272
18779,147,146,0.00680272
18788,147,146,0.00680272
18795,147,146,0.00680272
18800,147,146,0.00680272
18807,147,146,0.00680272
18815,147,146,0.00680272
18822,147,146,0.00680272
18827,147,146,0.00680272
18834,147,146,0.00680272
18842,147,146,0.00680272
18851,147,146,0.00680272
18857,147,146,0.00680272
18863,147,146,0.00680272
18868,147,146,0.00680272
18875,147,146,0.00680272
18881,147,146,0.00680272
18888,147,146,0.00680272
18895,147,146,0.00680272
18901,147,146,0.00680272
18908,147,146,0.00680272
18916,147,146,0.00680272
18922,147,146,0.00680272
18929,147,146,0.00680272
18935,147,146,0.00680272
18941,147,146,0.00680272
18950,147,146,0.00680272
18958,147,146,0.00680272
18965,147,146,0.00680272
18973,147,146,0.00680272
18981,147,146,0.00680272
18987,147,146,0.00680272
18993,147,146,0.00680272
19000,147,146,0.00680272
19006,147,146,0.00680272
19013,147,146,0.00680272
19021,147,146,0.00680272
19029,147,146,0.00680272
19035,147,146,0.00680272
19042,147,146,0.00680272
19049,147,146,0.00680272
19055,147,146,0.00680272
19063,147,146,0.00680272
19070,147,146,0.00680272
19077,147,146,0.00680272
19085,147,146,0.00680272
19092,147,146,0.00680272
19099,147,146,0.00680272
19104,147,146,0.00680272
19112,147,146,0.00680272
19119,147,146,0.00680272
19124,147,146,0.00680272
19132,147,146,0.00680272
19139,147,146,0.00680272
19146,147,146,0.00680272
19154,147,146,0.00680272
19162,147,146,0.00680272
19169,147,146,0.00680272
19176,147,146,0.00680272
19183,147,146,0.00680272
19191,147,146,0.00680272
19197,147,146,0.00680272
19204,147,146,0.00680272
19211,147,146,0.00680272
19218,147,146,0.00680272
19225,147,146,0.00680272
19234,147,146,0.00680272
19241,147,146,0.00680272
19248,147,146,0.00680272
19252,147,146,0.00680272
19259,147,146,0.00680272
19267,147,146,0.00680272
19273,147,146,0.00680272
19280,147,146,0.00680272
19286,147,146,0.00680272
19294,147,146,0.00680272
19302,147,146,0.00680272
19308,147,146,0.00680272
19316,147,146,0.00680272
19321,147,146,0.00680272
19328,147,146,0.00680272
19336,147,146,0.00680272
19342,147,146,0.00680272
19349,147,146,0.00680272
19355,147,146,0.00680272
19363,147,146,0.00680272
19371,147,146,0.00680272
19377,147,146,0.00680272
19385,147,146,0.00680272
19389,147,146,0.00680272
19394,147,146,0.00680272
19400,147,146,0.00680272
19407,147,146,0.00680272
19415,147,146,0.00680272
19421,147,146,0.00680272
19428,147,146,0.00680272
19435,147,146,0.00680272
19443,147,146,0.00680272
19450,147,146,0.00680272
19455,147,146,0.00680272
19462,147,146,0.00680272
19470,147,146,0.00680272
19476,147,146,0.00680272
19483,147,146,0.00680272
19489,147,146,0.00680272
19494,147,146,0.00680272
19502,147,146,0.00680272
19508,147,146,0.00680272
19517,147,146,0.00680272
19525,147,146,0.00680272
19532,147,146,0.00680272
19539,147,146,0.00680272
19546,147,146,0.00680272
19552,147,146,0.00680272
19560,147,146,0.00680272
19566,147,146,0.00680272
19573,147,146,0.00680272
19581,147,146,0.00680272
19587,147,146,0.00680272
19593,147,146,0.00680272
19600,147,146,0.00680272
19605,147,146,0.00680272
19614,147,146,0.00680272
19619,147,146,0.00680272
19625,147,146,0.00680272
19632,147,146,0.00680272
19639,147,146,0.00680272
19644,147,146,0.00680272
19653,147,146,0.00680272
19660,147,146,0.00680272
19668,147,146,0.00680272
19675,147,146,0.00680272
19682,147,146,0.00680272
19686,147,146,0.00680272
19693,147,146,0.00680272
19700,147,146,0.00680272
19707,147,146,0.00680272
19714,147,146,0.00680272
19723,147,146,0.00680272
19729,147,146,0.00680272
19739,147,146,0.00680272
19744,147,146,0.00680272
19751,147,146,0.00680272
19759,147,146,0.00680272
19767,147,146,0.00680272
19775,147,146,0.00680272
19782,147,146,0.00680272
19790,147,146,0.00680272
19798,147,146,0.00680272
19805,147,146,0.00680272
19813,147,146,0.00680272
19822,147,146,0.00680272
19826,147,146,0.00680272
19832,147,146,0.00680272
19840,147,146,0.00680272
19845,147,146,0.00680272
19851,147,146,0.00680272
19859,147,146,0.00680272
19864,147,146,0.00680272
19872,147,146,0.00680272
19877,147,146,0.00680272
19884,147,146,0.00680272
19892,147,146,0.00680272
19899,147,146,0.00680272
19906,147,146,0.00680272
19914,147,146,0.00680272
19922,147,146,0.00680272
19929,147,146,0.00680272
19935,147,146,0.00680272
19943,147,146,0.00680272
19951,147,146,0.00680272
19957,147,146,0.00680272
19965,147,146,0.00680272
19971,147,146,0.00680272
19978,147,146,0.00680272
19984,147,146,0.00680272
19991,147,146,0.00680272
19999,147,146,0.00680272
20007,147,146,0.00680272
20015,147,146,0.00680272
20023,147,146,0.00680272
20030,147,146,0.00680272
20037,147,146,0.00680272
20045,147,146,0.00680272
20052,147,146,0.00680272
20060,147,146,0.00680272
20069,147,146,0.00680272
20075,147,146,0.00680272
20082,147,146,0.00680272
20089,147,146,0.00680272
20094,147,146,0.00680272
20100,147,146,0.00680272
20106,147,146,0.00680272
20111,147,146,0.00680272
20120,147,146,0.00680272
20126,147,146,0.00680272
20134,147,146,0.00680272
20142,147,146,0.00680272
20150,147,146,0.00680272
20157,147,146,0.00680272
20163,147,146,0.00680272
20170,147,146,0.00680272
20178,147,146,0.00680272
20185,147,146,0.00680272
20193,147,146,0.00680272
20201,147,146,0.00680272
20209,147,146,0.00680272
20217,147,146,0.00680272
20225,147,146,0.00680272
20233,147,146,0.00680272
20241,147,146,0.00680272
20249,147,146,0.00680272
20257,147,146,0.00680272
20265,147,146,0.00680272
20271,147,146,0.00680272
20277,147,146,0.00680272
20286,147,146,0.00680272
20294,147,146,0.00680272
20301,147,146,0.00680272
20307,147,146,0.00680272
20313,147,146,0.00680272
20321,147,146,0.00680272
20329,147,146,0.00680272
20339,147,146,0.00680272
20346,147,146,0.00680272
20353,147,146,0.00680272
20362,147,146,0.00680272
20368,147,146,0.00680272
20376,147,146,0.00680272
20382,147,146,0.00680272
20387,147,146,0.00680272
20393,147,146,0.00680272
20401,147,146,0.00680272
20409,147,146,0.00680272
20415,147,146,0.00680272
20421,147,146,0.00680272
20429,147,146,0.00680272
20434,147,146,0.00680272
20442,147,146,0.00680272
20449,147,146,0.00680272
20456,147,146,0.00680272
20463,147,146,0.00680272
20471,147,146,0.00680272
20477,147,146,0.00680272
20483,147,146,0.00680272
20491,147,146,0.00680272
20498,147,146,0.00680272
20505,147,146,0.00680272
20514,147,146,0.00680272
20522,147,146,0.00680272
20529,147,146,0.00680272
20536,147,146,0.00680272
20546,147,146,0.00680272
20553,147,146,0.00680272
20558,147,146,0.00680272
20567,147,146,0.00680272
20574,147,146,0.00680272
20582,147,146,0.00680272
20588,147,146,0.00680272
20596,147,146,0.00680272
20603,147,146,0.00680272
20612,147,146,0.00680272
20617,147,146,0.00680272
20624,147,146,0.00680272
20632,147,146,0.00680272
20640,147,146,0.00680272
20650,147,146,0.00680272
20656,147,146,0.00680272
20664,147,146,0.00680272
20673,147,146,0.00680272
20681,147,146,0.00680272
20687,147,146,0.00680272
20693,147,146,0.00680272
20700,147,146,0.00680272
20706,147,146,0.00680272
20714,147,146,0.00680272
20723,147,146,0.00680272
20728,147,146,0.00680272
20737,147,146,0.00680272
20745,147,146,0.00680272
20753,147,146,0.00680272
20760,147,146,0.00680272
20769,147,146,0.00680272
20776,147,146,0.00680272
20783,147,146,0.00680272
20790,147,146,0.00680272
20797,147,146,0.00680272
20806,147,146,0.00680272
20810,147,146,0.00680272
20814,147,146,0.00680272
20820,147,146,0.00680272
20828,147,146,0.00680272
20835,147,146,0.00680272
20842,147,146,0.00680272
20851,147,146,0.00680272
20859,147,146,0.00680272
20868,147,146,0.00680272
20876,147,146,0.00680272
20884,147,146,0.00680272
20886,147,146,0.00680272
20894,147,146,0.00680272
20902,147,146,0.00680272
20909,147,146,0.00680272
20915,147,146,0.00680272
20922,147,146,0.00680272
20930,147,146,0.00680272
20939,147,146,0.00680272
20945,147,146,0.00680272
20951,147,146,0.00680272
20957,147,146,0.00680272
20966,147,146,0.00680272
20973,147,146,0.00680272
20979,147,146,0.00680272
20988,147,146,0.00680272
20994,147,146,0.00680272
21002,147,146,0.00680272
21009,147,146,0.00680272
21017,147,146,0.00680272
21026,147,146,0.00680272
21034,147,146,0.00680272
21042,147,146,0.00680272
21047,147,146,0.00680272
21056,147,146,0.00680272
21059,147,146,0.00680272
21066,147,146,0.00680272
21075,147,146,0.00680272
21085,147,146,0.00680272
21092,147,146,0.00680272
21100,147,146,0.00680272
21104,147,146,0.00680272
21110,147,146,0.00680272
21118,147,146,0.00680272
21128,147,146,0.00680272
21132,147,146,0.00680272
21137,147,146,0.00680272
21144,147,146,0.00680272
21152,147,146,0.00680272
21160,147,146,0.00680272
21167,147,146,0.00680272
21175,147,146,0.00680272
21181,147,146,0.00680272
21188,147,146,0.00680272
21192,147,146,0.00680272
21196,147,146,0.00680272
21202,147,146,0.00680272
21212,147,146,0.00680272
21218,147,146,0.00680272
21226,147,146,0.00680272
21232,147,146,0.00680272
21240,147,146,0.00680272
21248,147,146,0.00680272
21253,147,146,0.00680272
21255,147,146,0.00680272
21256,147,146,0.00680272
21262,147,146,0.00680272
21271,147,146,0.00680272
21277,147,146,0.00680272
21285,147,146,0.00680272
21294,147,146,0.00680272
21302,147,146,0.00680272
21308,147,146,0.00680272
21315,147,146,0.00680272
21323,147,146,0.00680272
21330,147,146,0.00680272
21336,147,146,0.00680272
21342,147,146,0.00680272
21348,147,146,0.00680272
21348,147,146,0.00680272
21353,147,146,0.00680272
21361,147,146,0.00680272
21369,147,146,0.00680272
21375,147,146,0.00680272
21383,147,146,0.00680272
21389,147,146,0.00680272
21396,147,146,0.00680272
21404,147,146,0.00680272
21413,147,146,0.00680272
21422,147,146,0.00680272
21431,147,146,0.00680272
21440,147,146,0.00680272
21448,147,146,0.00680272
21456,147,146,0.00680272
21464,147,146,0.00680272
21470,147,146,0.00680272
21479,147,146,0.00680272
21486,147,146,0.00680272
21492,147,146,0.00680272
21499,147,146,0.00680272
21506,147,146,0.00680272
21514,147,146,0.00680272
21521,147,146,0.00680272
21530,147,146,0.00680272
21537,147,146,0.00680272
21545,147,146,0.00680272
21552,147,146,0.00680272
21563,147,146,0.00680272
21568,147,146,0.00680272
21575,147,146,0.00680272
21585,147,146,0.00680272
21590,147,146,0.00680272
21594,147,146,0.00680272
21603,147,146,0.00680272
21611,147,146,0.00680272
21619,147,146,0.00680272
21627,147,146,0.00680272
21634,147,146,0.00680272
21642,147,146,0.00680272
21649,147,146,0.00680272
21653,147,146,0.00680272
21653,147,146,0.00680272
21657,147,146,0.00680272
21666,147,146,0.00680272
21676,147,146,0.00680272
21682,147,146,0.00680272
21688,147,146,0.00680272
21696,147,146,0.00680272
21704,147,146,0.00680272
21709,147,146,0.00680272
21719,147,146,0.00680272
21727,147,146,0.00680272
21733,147,146,0.00680272
21740,147,146,0.00680272
21749,147,146,0.00680272
21759,147,146,0.00680272
21765,147,146,0.00680272
21773,147,146,0.00680272
21773,147,146,0.00680272
21774,147,146,0.00680272
21778,147,146,0.00680272
21786,147,146,0.00680272
21792,147,146,0.00680272
21800,147,146,0.00680272
21805,147,146,0.00680272
21812,147,146,0.00680272
21820,147,146,0.00680272
21825,147,146,0.00680272
21836,147,146,0.00680272
21843,147,146,0.00680272
21850,147,146,0.00680272
21854,147,146,0.00680272
21862,147,146,0.00680272
21871,147,146,0.00680272
21877,147,146,0.00680272
21886,147,146,0.00680272
21895,147,146,0.00680272
21903,147,146,0.00680272
21910,147,146,0.00680272
21918,147,146,0.00680272
21927,147,146,0.00680272
21936,147,146,0.00680272
21944,147,146,0.00680272
21950,147,146,0.00680272
21959,147,146,0.00680272
21967,147,146,0.00680272
21974,147,146,0.00680272
21982,147,146,0.00680272
21990,147,146,0.00680272
21997,147,146,0.00680272
22005,147,146,0.00680272
22013,147,146,0.00680272
22020,147,146,0.00680272
22028,147,146,0.00680272
22035,147,146,0.00680272
22044,147,146,0.00680272
22051,147,146,0.00680272
22059,147,146,0.00680272
22069,147,146,0.00680272
22077,147,146,0.00680272
22085,147,146,0.00680272
22094,147,146,0.00680272
22102,147,146,0.00680272
22111,147,146,0.00680272
22117,147,146,0.00680272
22125,147,146,0.00680272
22134,147,146,0.00680272
22140,147,146,0.00680272
22148,147,146,0.00680272
22156,147,146,0.00680272
22164,147,146,0.00680272
22172,147,146,0.00680272
22182,147,146,0.00680272
22190,147,146,0.00680272
22198,147,146,0.00680272
22205,147,146,0.00680272
22214,147,146,0.00680272
22222,147,146,0.00680272
22230,147,146,0.00680272
22237,147,146,0.00680272
22246,147,146,0.00680272
22253,147,146,0.00680272
22260,147,146,0.00680272
22269,147,146,0.00680272
22277,147,146,0.00680272
22285,147,146,0.00680272
22294,147,146,0.00680272
22303,147,146,0.00680272
22312,147,146,0.00680272
22320,147,146,0.00680272
22329,147,146,0.00680272
22338,147,146,0.00680272
22343,147,146,0.00680272
22351,147,146,0.00680272
22358,147,146,0.00680272
22365,147,146,0.00680272
22373,147,146,0.00680272
22377,147,146,0.00680272
22385,147,146,0.00680272
22393,147,146,0.00680272
22400,147,146,0.00680272
22408,147,146,0.00680272
22416,147,146,0.00680272
22425,147,146,0.00680272
22435,147,146,0.00680272
22442,147,146,0.00680272
22450,147,146,0.00680272
22459,147,146,0.00680272
22467,147,146,0.00680272
22473,147,146,0.00680272
22479,147,146,0.00680272
22486,147,146,0.00680272
22493,147,146,0.00680272
22501,147,146,0.00680272
22506,147,146,0.00680272
22514,147,146,0.00680272
22522,147,146,0.00680272
22530,147,146,0.00680272
22537,147,146,0.00680272
22546,147,146,0.00680272
22555,147,146,0.00680272
22564,147,146,0.00680272
22572,147,146,0.00680272
22581,147,146,0.00680272
22588,147,146,0.00680272
22596,147,146,0.00680272
22605,147,146,0.00680272
22613,147,146,0.00680272
22623,147,146,0.00680272
22631,147,146,0.00680272
22640,147,146,0.00680272
22649,147,146,0.00680272
22659,147,146,0.00680272
22668,147,146,0.00680272
22674,147,146,0.00680272
22679,147,146,0.00680272
22690,147,146,0.00680272
22698,147,146,0.00680272
22708,147,146,0.00680272
22715,147,146,0.00680272
22724,147,146,0.00680272
22731,147,146,0.00680272
22740,147,146,0.00680272
22748,147,146,0.00680272
22755,147,146,0.00680272
22762,147,146,0.00680272
22770,147,146,0.00680272
22777,147,146,0.00680272
22784,147,146,0.00680272
22793,147,146,0.00680272
22802,147,146,0.00680272
22811,147,146,0.00680272
22821,147,146,0.00680272
22828,147,146,0.00680272
22838,147,146,0.00680272
22845,147,146,0.00680272
22852,147,146,0.00680272
22858,147,146,0.00680272
22866,147,146,0.00680272
22875,147,146,0.00680272
22884,147,146,0.00680272
22892,147,146,0.00680272
22898,147,146,0.00680272
22906,147,146,0.00680272
22914,147,146,0.00680272
22923,147,146,0.00680272
22929,147,146,0.00680272
22939,147,146,0.00680272
22948,147,146,0.00680272
22956,147,146,0.00680272
22964,147,146,0.00680272
22973,147,146,0.00680272
22982,147,146,0.00680272
22991,147,146,0.00680272
23000,147,146,0.00680272
23007,147,146,0.00680272
23014,147,146,0.00680272
23022,147,146,0.00680272
23032,147,146,0.00680272
23040,147,146,0.00680272
23048,147,146,0.00680272
23056,147,146,0.00680272
23065,147,146,0.00680272
23074,147,146,0.00680272
23081,147,146,0.00680272
23084,147,146,0.00680272
23093,147,146,0.00680272
23100,147,146,0.00680272
23107,147,146,0.00680272
23112,147,146,0.00680272
23120,147,146,0.00680272
23129,147,146,0.00680272
23138,147,146,0.00680272
23147,147,146,0.00680272
23156,147,146,0.00680272
23164,147,146,0.00680272
23171,147,146,0.00680272
23178,147,146,0.00680272
23187,147,146,0.00680272
23193,147,146,0.00680272
23200,147,146,0.00680272
23208,147,146,0.00680272
23216,147,146,0.00680272
23223,147,146,0.00680272
23230,147,146,0.00680272
23237,147,146,0.00680272
23247,147,146,0.00680272
23255,147,146,0.00680272
23262,147,146,0.00680272
23271,147,146,0.00680272
23282,147,146,0.00680272
23288,147,146,0.00680272
23295,147,146,0.00680272
23301,147,146,0.00680272
23307,147,146,0.00680272
23315,147,146,0.00680272
23325,147,146,0.00680272
23334,147,146,0.00680272
23343,147,146,0.00680272
23350,147,146,0.00680272
23358,147,146,0.00680272
23365,147,146,0.00680272
23373,147,146,0.00680272
23381,147,146,0.00680272
23391,147,146,0.00680272
23399,147,146,0.00680272
23404,147,146,0.00680272
23412,147,146,0.00680272
23419,147,146,0.00680272
23427,147,146,0.00680272
23435,147,146,0.00680272
23443,147,146,0.00680272
23451,147,146,0.00680272
23460,147,146,0.00680272
23469,147,146,0.00680272
23475,147,146,0.00680272
23483,147,146,0.00680272
23496,147,146,0.00680272
23506,147,146,0.00680272
23519,147,146,0.00680272
23527,147,146,0.00680272
23537,147,146,0.00680272
23546,147,146,0.00680272
23556,147,146,0.00680272
23566,147,146,0.00680272
23574,147,146,0.00680272
23585,147,146,0.00680272
23597,147,146,0.00680272
23610,147,146,0.00680272
23619,147,146,0.00680272
23629,147,146,0.00680272
23636,147,146,0.00680272
23643,147,146,0.00680272
23650,147,146,0.00680272
23658,147,146,0.00680272
23665,147,146,0.00680272
23675,147,146,0.00680272
23683,147,146,0.00680272
23692,147,146,0.00680272
23701,147,146,0.00680272
23711,147,146,0.00680272
23723,147,146,0.00680272
23735,147,146,0.00680272
23745,147,146,0.00680272
23752,147,146,0.00680272
23761,147,146,0.00680272
23769,147,146,0.00680272
23778,147,146,0.00680272
23784,147,146,0.00680272
23791,147,146,0.00680272
23799,147,146,0.00680272
23806,147,146,0.00680272
23810,147,146,0.00680272
23818,147,146,0.00680272
23827,147,146,0.00680272
23838,147,146,0.00680272
23846,147,146,0.00680272
23857,147,146,0.00680272
23865,147,146,0.00680272
23875,147,146,0.00680272
23884,147,146,0.00680272
23892,147,146,0.00680272
23901,147,146,0.00680272
23909,147,146,0.00680272
23916,147,146,0.00680272
23926,147,146,0.00680272
23936,147,146,0.00680272
23942,147,146,0.00680272
23949,147,146,0.00680272
23955,147,146,0.00680272
23963,147,146,0.00680272
23971,147,146,0.00680272
23977,147,146,0.00680272
23986,147,146,0.00680272
23994,147,146,0.00680272
24001,147,146,0.00680272
24011,147,146,0.00680272
24018,147,146,0.00680272
24026,147,146,0.00680272
24033,147,146,0.00680272
24043,147,146,0.00680272
24053,147,146,0.00680272
24062,147,146,0.00680272
24071,147,146,0.00680272
24081,147,146,0.00680272
24091,147,146,0.00680272
24100,147,146,0.00680272
24108,147,146,0.00680272
24113,147,146,0.00680272
24122,147,146,0.00680272
24132,147,146,0.00680272
24142,147,146,0.00680272
24150,147,146,0.00680272
24158,147,146,0.00680272
24167,147,146,0.00680272
24176,147,146,0.00680272
24183,147,146,0.00680272
24193,147,146,0.00680272
24201,147,146,0.00680272
24210,147,146,0.00680272
24216,147,146,0.00680272
24223,147,146,0.00680272
24232,147,146,0.00680272
24240,147,146,0.00680272
24246,147,146,0.00680272
24254,147,146,0.00680272
24263,147,146,0.00680272
24270,147,146,0.00680272
24280,147,146,0.00680272
24289,147,146,0.00680272
24297,147,146,0.00680272
24305,147,146,0.00680272
24313,147,146,0.00680272
24320,147,146,0.00680272
24327,147,146,0.00680272
24336,147,146,0.00680272
24345,147,146,0.00680272
24353,147,146,0.00680272
24360,147,146,0.00680272
24368,147,146,0.00680272
24375,147,146,0.00680272
24382,147,146,0.00680272
24389,147,146,0.00680272
24397,147,146,0.00680272
24404,147,146,0.00680272
24411,147,146,0.00680272
24420,147,146,0.00680272
24429,147,146,0.00680272
24439,147,146,0.00680272
24447,147,146,0.00680272
24454,147,146,0.00680272
24461,147,146,0.00680272
24470,147,146,0.00680272
24478,147,146,0.00680272
24486,147,146,0.00680272
24494,147,146,0.00680272
24503,147,146,0.00680272
24511,147,146,0.00680272
24518,147,146,0.00680272
24526,147,146,0.00680272
24535,147,146,0.00680272
24543,147,146,0.00680272
24552,147,146,0.00680272
24559,147,146,0.00680272
24568,147,146,0.00680272
24576,147,146,0.00680272
24585,147,146,0.00680272
24596,147,146,0.00680272
24604,147,146,0.00680272
24612,147,146,0.00680272
24618,147,146,0.00680272
24628,147,146,0.00680272
24635,147,146,0.00680272
24645,147,146,0.00680272
24656,147,146,0.00680272
24666,147,146,0.00680272
24675,147,146,0.00680272
24682,147,146,0.00680272
24691,147,146,0.00680272
24699,147,146,0.00680272
24707,147,146,0.00680272
24714,147,146,0.00680272
24722,147,146,0.00680272
24733,147,146,0.00680272
24742,147,146,0.00680272
24751,147,146,0.00680272
24759,147,146,0.00680272
24767,147,146,0.00680272
24775,147,146,0.00680272
24783,147,146,0.00680272
24793,147,146,0.00680272
24802,147,146,0.00680272
24810,147,146,0.00680272
24821,147,146,0.00680272
24826,147,146,0.00680272
24834,147,146,0.00680272
24844,147,146,0.00680272
24853,147,146,0.00680272
24862,147,146,0.00680272
24871,147,146,0.00680272
24881,147,146,0.00680272
24888,147,146,0.00680272
24897,147,146,0.00680272
24907,147,146,0.00680272
24914,147,146,0.00680272
24922,147,146,0.00680272
24931,147,146,0.00680272
24940,147,146,0.00680272
24950,147,146,0.00680272
24959,147,146,0.00680272
24970,147,146,0.00680272
24979,147,146,0.00680272
24985,147,146,0.00680272
24993,147,146,0.00680272
25001,147,146,0.00680272
25007,147,146,0.00680272
25017,147,146,0.00680272
25025,147,146,0.00680272
25036,147,146,0.00680272
25045,147,146,0.00680272
25054,147,146,0.00680272
25062,147,146,0.00680272
25070,147,146,0.00680272
25079,147,146,0.00680272
25087,147,146,0.00680272
25096,147,146,0.00680272
25104,147,146,0.00680272
25113,147,146,0.00680272
25121,147,146,0.00680272
25131,147,146,0.00680272
25142,147,146,0.00680272
25151,147,146,0.00680272
25157,147,146,0.00680272
25167,147,146,0.00680272
25177,147,146,0.00680272
25187,147,146,0.00680272
25196,147,146,0.00680272
25207,147,146,0.00680272
25216,147,146,0.00680272
25226,147,146,0.00680272
25234,147,146,0.00680272
25241,147,146,0.00680272
25250,147,146,0.00680272
25257,147,146,0.00680272
25264,147,146,0.00680272
25273,147,146,0.00680272
25283,147,146,0.00680272
25292,147,146,0.00680272
25300,147,146,0.00680272
25310,147,146,0.00680272
25317,147,146,0.00680272
25323,147,146,0.00680272
25331,147,146,0.00680272
25340,147,146,0.00680272
25348,147,146,0.00680272
25358,147,146,0.00680272
25365,147,146,0.00680272
25374,147,146,0.00680272
25381,147,146,0.00680272
25390,147,146,0.00680272
25398,147,146,0.00680272
25408,147,146,0.00680272
25416,147,146,0.00680272
25424,147,146,0.00680272
25434,147,146,0.00680272
25442,147,146,0.00680272
25447,147,146,0.00680272
25457,147,146,0.00680272
25465,147,146,0.00680272
25474,147,146,0.00680272
25484,147,146,0.00680272
25493,147,146,0.00680272
25501,147,146,0.00680272
25509,147,146,0.00680272
25518,147,146,0.00680272
25522,147,146,0.00680272
25532,147,146,0.00680272
25542,147,146,0.00680272
25549,147,146,0.00680272
25558,147,146,0.00680272
25566,147,146,0.00680272
25573,147,146,0.00680272
25580,147,146,0.00680272
25588,147,146,0.00680272
25596,147,146,0.00680272
25603,147,146,0.00680272
25611,147,146,0.00680272
25621,147,146,0.00680272
25630,147,146,0.00680272
25642,147,146,0.00680272
25652,147,146,0.00680272
25660,147,146,0.00680272
25669,147,146,0.00680272
25675,147,146,0.00680272
25683,147,146,0.00680272
25693,147,146,0.00680272
25704,147,146,0.00680272
25713,147,146,0.00680272
25723,147,146,0.00680272
25731,147,146,0.00680272
25741,147,146,0.00680272
25748,147,146,0.00680272
25759,147,146,0.00680272
25768,147,146,0.00680272
25778,147,146,0.00680272
25786,147,146,0.00680272
25795,147,146,0.00680272
25805,147,146,0.00680272
25816,147,146,0.00680272
25825,147,146,0.00680272
25836,147,146,0.00680272
25844,147,146,0.00680272
25853,147,146,0.00680272
25862,147,146,0.00680272
25874,147,146,0.00680272
25884,147,146,0.00680272
25893,147,146,0.00680272
25902,147,146,0.00680272
25909,147,146,0.00680272
25920,147,146,0.00680272
25927,147,146,0.00680272
25936,147,146,0.00680272
25945,147,146,0.00680272
25954,147,146,0.00680272
25961,147,146,0.00680272
25969,147,146,0.00680272
25978,147,146,0.00680272
25987,147,146,0.00680272
25995,147,146,0.00680272
26004,147,146,0.00680272
26011,147,146,0.00680272
26019,147,146,0.00680272
26030,147,146,0.00680272
26039,147,146,0.00680272
26046,147,146,0.00680272
26054,147,146,0.00680272
26062,147,146,0.00680272
26073,147,146,0.00680272
26082,147,146,0.00680272
26093,147,146,0.00680272
26103,147,146,0.00680272
26112,147,146,0.00680272
26120,147,146,0.00680272
26128,147,146,0.00680272
26137,147,146,0.00680272
26145,147,146,0.00680272
26152,147,146,0.00680272
26163,147,146,0.00680272
26170,147,146,0.00680272
26178,147,146,0.00680272
26189,147,146,0.00680272
26198,147,146,0.00680272
26206,147,146,0.00680272
26216,147,146,0.00680272
26227,147,146,0.00680272
26235,147,146,0.00680272
26244,147,146,0.00680272
26253,147,146,0.00680272
26264,147,146,0.00680272
26271,147,146,0.00680272
26282,147,146,0.00680272
26289,147,146,0.00680272
26298,147,146,0.00680272
26306,147,146,0.00680272
26317,147,146,0.00680272
26326,147,146,0.00680272
26333,147,146,0.00680272
26342,147,146,0.00680272
26352,147,146,0.00680272
26362,147,146,0.00680272
26371,147,146,0.00680272
26377,147,146,0.00680272
26384,147,146,0.00680272
26392,147,146,0.00680272
26401,147,146,0.00680272
26411,147,146,0.00680272
26420,147,146,0.00680272
26429,147,146,0.00680272
26436,147,146,0.00680272
26444,147,146,0.00680272
26453,147,146,0.00680272
26462,147,146,0.00680272
26471,147,146,0.00680272
26481,147,146,0.00680272
26490,147,146,0.00680272
26497,147,146,0.00680272
26506,147,146,0.00680272
26516,147,146,0.00680272
26527,147,146,0.00680272
26535,147,146,0.00680272
26545,147,146,0.00680272
26553,147,146,0.00680272
26562,147,146,0.00680272
26573,147,146,0.00680272
26583,147,146,0.00680272
26591,147,146,0.00680272
26602,147,146,0.00680272
26611,147,146,0.00680272
26618,147,146,0.00680272
26628,147,146,0.00680272
26637,147,146,0.00680272
26648,147,146,0.00680272
26656,147,146,0.00680272
26665,147,146,0.00680272
26673,147,146,0.00680272
26680,147,146,0.00680272
26690,147,146,0.00680272
26698,147,146,0.00680272
26708,147,146,0.00680272
26717,147,146,0.00680272
26725,147,146,0.00680272
26732,147,146,0.00680272
26739,147,146,0.00680272
26748,147,146,0.00680272
26756,147,146,0.00680272
26765,147,146,0.00680272
26776,147,146,0.00680272
26783,147,146,0.00680272
26792,147,146,0.00680272
26802,147,146,0.00680272
26813,147,146,0.00680272
26823,147,146,0.00680272
26830,147,146,0.00680272
26837,147,146,0.00680272
26848,147,146,0.00680272
26854,147,146,0.00680272
26861,147,146,0.00680272
26870,147,146,0.00680272
26877,147,146,0.00680272
26886,147,146,0.00680272
26893,147,146,0.00680272
26904,147,146,0.00680272
26910,147,146,0.00680272
26919,147,146,0.00680272
26929,147,146,0.00680272
26939,147,146,0.00680272
26948,147,146,0.00680272
26956,147,146,0.00680272
26966,147,146,0.00680272
26972,147,146,0.00680272
26980,147,146,0.00680272
26990,147,146,0.00680272
26998,147,146,0.00680272
27009,147,146,0.00680272
27020,147,146,0.00680272
27030,147,146,0.00680272
27040,147,146,0.00680272
27047,147,146,0.00680272
27056,147,146,0.00680272
27067,147,146,0.00680272
27075,147,146,0.00680272
27082,147,146,0.00680272
27093,147,146,0.00680272
27099,147,146,0.00680272
27106,147,146,0.00680272
27117,147,146,0.00680272
27125,147,146,0.00680272
27133,147,146,0.00680272
27139,147,146,0.00680272
27147,147,146,0.00680272
27158,147,146,0.00680272
27166,147,146,0.00680272
27174,147,146,0.00680272
27183,147,146,0.00680272
27194,147,146,0.00680272
27201,147,146,0.00680272
27211,147,146,0.00680272
27217,147,146,0.00680272
27227,147,146,0.00680272
27238,147,146,0.00680272
27247,147,146,0.00680272
27257,147,146,0.00680272
27264,147,146,0.00680272
27273,147,146,0.00680272
27281,147,146,0.00680272
27289,147,146,0.00680272
27296,147,146,0.00680272
27307,147,146,0.00680272
27315,147,146,0.00680272
27323,147,146,0.00680272
27332,147,146,0.00680272
27340,147,146,0.00680272
27348,147,146,0.00680272
27356,147,146,0.00680272
27367,147,146,0.00680272
27377,147,146,0.00680272
27387,147,146,0.00680272
27396,147,146,0.00680272
27406,147,146,0.00680272
27414,147,146,0.00680272
27424,147,146,0.00680272
27433,147,146,0.00680272
27443,147,146,0.00680272
27453,147,146,0.00680272
27462,147,146,0.00680272
27471,147,146,0.00680272
27479,147,146,0.00680272
27488,147,146,0.00680272
27498,147,146,0.00680272
27505,147,146,0.00680272
27512,147,146,0.00680272
27519,147,146,0.00680272
27527,147,146,0.00680272
27535,147,146,0.00680272
27544,147,146,0.00680272
27556,147,146,0.00680272
27564,147,146,0.00680272
27573,147,146,0.00680272
27582,147,146,0.00680272
27592,147,146,0.00680272
27602,147,146,0.00680272
27611,147,146,0.00680272
27620,147,146,0.00680272
27630,147,146,0.00680272
27639,147,146,0.00680272
27650,147,146,0.00680272
27659,147,146,0.00680272
27667,147,146,0.00680272
27676,147,146,0.00680272
27686,147,146,0.00680272
27696,147,146,0.00680272
27706,147,146,0.00680272
27716,147,146,0.00680272
27724,147,146,0.00680272
27732,147,146,0.00680272
27742,147,146,0.00680272
27751,147,146,0.00680272
27761,147,146,0.00680272
27770,147,146,0.00680272
27781,147,146,0.00680272
27787,147,146,0.00680272
27795,147,146,0.00680272
27804,147,146,0.00680272
27814,147,146,0.00680272
27822,147,146,0.00680272
27832,147,146,0.00680272
27844,147,146,0.00680272
27852,147,146,0.00680272
27860,147,146,0.00680272
27869,147,146,0.00680272
27880,147,146,0.00680272
27890,147,146,0.00680272
27900,147,146,0.00680272
27910,147,146,0.00680272
27917,147,146,0.00680272
27926,147,146,0.00680272
27935,147,146,0.00680272
27945,147,146,0.00680272
27956,147,146,0.00680272
27964,147,146,0.00680272
27975,147,146,0.00680272
27983,147,146,0.00680272
27991,147,146,0.00680272
27997,147,146,0.00680272
28006,147,146,0.00680272
28014,147,146,0.00680272
28024,147,146,0.00680272
28033,147,146,0.00680272
28039,147,146,0.00680272
28048,147,146,0.00680272
28058,147,146,0.00680272
28068,147,146,0.00680272
28077,147,146,0.00680272
28088,147,146,0.00680272
28099,147,146,0.00680272
28108,147,146,0.00680272
28115,147,146,0.00680272
28126,147,146,0.00680272
28135,147,146,0.00680272
28145,147,146,0.00680272
28155,147,146,0.00680272
28164,147,146,0.00680272
28175,147,146,0.00680272
28185,147,146,0.00680272
28196,147,146,0.00680272
28204,147,146,0.00680272
28215,147,146,0.00680272
28222,147,146,0.00680272
28231,147,146,0.00680272
28241,147,146,0.00680272
28253,147,146,0.00680272
28262,147,146,0.00680272
28274,147,146,0.00680272
28282,147,146,0.00680272
28293,147,146,0.00680272
28301,147,146,0.00680272
28309,147,146,0.00680272
28318,147,146,0.00680272
28327,147,146,0.00680272
28336,147,146,0.00680272
28345,147,146,0.00680272
28357,147,146,0.00680272
28368,147,146,0.00680272
28376,147,146,0.00680272
28386,147,146,0.00680272
28397,147,146,0.00680272
28405,147,146,0.00680272
28413,147,146,0.00680272
28424,147,146,0.00680272
28434,147,146,0.00680272
28444,147,146,0.00680272
28453,147,146,0.00680272
28462,147,146,0.00680272
28468,147,146,0.00680272
28479,147,146,0.00680272
28489,147,146,0.00680272
28500,147,146,0.00680272
28510,147,146,0.00680272
28519,147,146,0.00680272
28531,147,146,0.00680272
28539,147,146,0.00680272
28551,147,146,0.00680272
28562,147,146,0.00680272
28572,147,146,0.00680272
28583,147,146,0.00680272
28590,147,146,0.00680272
28599,147,146,0.00680272
28610,147,146,0.00680272
28620,147,146,0.00680272
28630,147,146,0.00680272
28641,147,146,0.00680272
28650,147,146,0.00680272
28664,147,146,0.00680272
28674,147,146,0.00680272
28685,147,146,0.00680272
28694,147,146,0.00680272
28705,147,146,0.00680272
28716,147,146,0.00680272
28726,147,146,0.00680272
28737,147,146,0.00680272
28747,147,146,0.00680272
28757,147,146,0.00680272
28764,147,146,0.00680272
28774,147,146,0.00680272
28782,147,146,0.00680272
28793,147,146,0.00680272
28803,147,146,0.00680272
28817,147,146,0.00680272
28827,147,146,0.00680272
28838,147,146,0.00680272
28848,147,146,0.00680272
28857,147,146,0.00680272
28867,147,146,0.00680272
28874,147,146,0.00680272
28885,147,146,0.00680272
28894,147,146,0.00680272
28904,147,146,0.00680272
28915,147,146,0.00680272
28926,147,146,0.00680272
28938,147,146,0.00680272
28946,147,146,0.00680272
28957,147,146,0.00680272
28969,147,146,0.00680272
28978,147,146,0.00680272
28987,147,146,0.00680272
28997,147,146,0.00680272
29008,147,146,0.00680272
29018,147,146,0.00680272
29026,147,146,0.00680272
29035,147,146,0.00680272
29043,147,146,0.00680272
29052,147,146,0.00680272
29061,147,146,0.00680272
29071,147,146,0.00680272
29080,147,146,0.00680272
29089,147,146,0.00680272
29097,147,146,0.00680272
29108,147,146,0.00680272
29118,147,146,0.00680272
29128,147,146,0.00680272
29138,147,146,0.00680272
29148,147,146,0.00680272
29157,147,146,0.00680272
29166,147,146,0.00680272
29176,147,146,0.00680272
29188,147,146,0.00680272
29197,147,146,0.00680272
29210,147,146,0.00680272
29221,147,146,0.00680272
29233,147,146,0.00680272
29242,147,146,0.00680272
29254,147,146,0.00680272
29264,147,146,0.00680272
29274,147,146,0.00680272
29282,147,146,0.00680272
29292,147,146,0.00680272
29302,147,146,0.00680272
29311,147,146,0.00680272
29322,147,146,0.00680272
29332,147,146,0.00680272
29340,147,146,0.00680272
29350,147,146,0.00680272
29359,147,146,0.00680272
29368,147,146,0.00680272
29378,147,146,0.00680272
29388,147,146,0.00680272
29399,147,146,0.00680272
29409,147,146,0.00680272
29418,147,146,0.00680272
29428,147,146,0.00680272
29438,147,146,0.00680272
29446,147,146,0.00680272
29455,147,146,0.00680272
29464,147,146,0.00680272
29474,147,146,0.00680272
29486,147,146,0.00680272
29497,147,146,0.00680272
29506,147,146,0.00680272
29515,147,146,0.00680272
29525,147,146,0.00680272
29535,147,146,0.00680272
29545,147,146,0.00680272
29555,147,146,0.00680272
29560,147,146,0.00680272
29568,147,146,0.00680272
29579,147,146,0.00680272
29589,147,146,0.00680272
29600,147,146,0.00680272
29610,147,146,0.00680272
29620,147,146,0.00680272
29631,147,146,0.00680272
29643,147,146,0.00680272
29655,147,146,0.00680272
29665,147,146,0.00680272
29675,147,146,0.00680272
29686,147,146,0.00680272
29697,147,146,0.00680272
29709,147,146,0.00680272
29720,147,146,0.00680272
29730,147,146,0.00680272
29740,147,146,0.00680272
29750,147,146,0.00680272
29763,147,146,0.00680272
29772,147,146,0.00680272
29781,147,146,0.00680272
29791,147,146,0.00680272
29800,147,146,0.00680272
29810,147,146,0.00680272
29823,147,146,0.00680272
29834,147,146,0.00680272
29843,147,146,0.00680272
29853,147,146,0.00680272
29863,147,146,0.00680272
29871,147,146,0.00680272
29881,147,146,0.00680272
29889,147,146,0.00680272
29898,147,146,0.00680272
29909,147,146,0.00680272
29919,147,146,0.00680272
29927,147,146,0.00680272
29938,147,146,0.00680272
29949,147,146,0.00680272
29958,147,146,0.00680272
29968,147,146,0.00680272
29977,147,146,0.00680272
29989,147,146,0.00680272
29997,147,146,0.00680272
30008,147,146,0.00680272
30014,147,146,0.00680272
30026,147,146,0.00680272
30036,147,146,0.00680272
30046,147,146,0.00680272
30056,147,146,0.00680272
30066,147,146,0.00680272
30077,147,146,0.00680272
30085,147,146,0.00680272
30095,147,146,0.00680272
30105,147,146,0.00680272
30115,147,146,0.00680272
30127,147,146,0.00680272
30137,147,146,0.00680272
30148,147,146,0.00680272
30159,147,146,0.00680272
30167,147,146,0.00680272
30178,147,146,0.00680272
30191,147,146,0.00680272
30200,147,146,0.00680272
30211,147,146,0.00680272
30222,147,146,0.00680272
30233,147,146,0.00680272
30245,147,146,0.00680272
30255,147,146,0.00680272
30266,147,146,0.00680272
30277,147,146,0.00680272
30287,147,146,0.00680272
30296,147,146,0.00680272
30306,147,146,0.00680272
30315,147,146,0.00680272
30324,147,146,0.00680272
30333,147,146,0.00680272
30342,147,146,0.00680272
30350,147,146,0.00680272
30363,147,146,0.00680272
30372,147,146,0.00680272
30382,147,146,0.00680272
30393,147,146,0.00680272
30400,147,146,0.00680272
30408,147,146,0.00680272
30417,147,146,0.00680272
30427,147,146,0.00680272
30437,147,146,0.00680272
30447,147,146,0.00680272
30458,147,146,0.00680272
30471,147,146,0.00680272
30479,147,146,0.00680272
30489,147,146,0.00680272
30499,147,146,0.00680272
30509,147,146,0.00680272
30516,147,146,0.00680272
30525,147,146,0.00680272
30536,147,146,0.00680272
30544,147,146,0.00680272
30554,147,146,0.00680272
30564,147,146,0.00680272
30575,147,146,0.00680272
30583,147,146,0.00680272
30592,147,146,0.00680272
30603,147,146,0.00680272
30616,147,146,0.00680272
30625,147,146,0.00680272
30639,147,146,0.00680272
30652,147,146,0.00680272
30660,147,146,0.00680272
30665,147,146,0.00680272
30675,147,146,0.00680272
30684,147,146,0.00680272
30691,147,146,0.00680272
30701,147,146,0.00680272
30711,147,146,0.00680272
30721,147,146,0.00680272
30731,147,146,0.00680272
30740,147,146,0.00680272
30748,147,146,0.00680272
30755,147,146,0.00680272
30765,147,146,0.00680272
30776,147,146,0.00680272
30786,147,146,0.00680272
30796,147,146,0.00680272
30806,147,146,0.00680272
30817,147,146,0.00680272
30827,147,146,0.00680272
30836,147,146,0.00680272
30847,147,146,0.00680272
30858,147,146,0.00680272
30870,147,146,0.00680272
30879,147,146,0.00680272
30890,147,146,0.00680272
30900,147,146,0.00680272
30909,147,146,0.00680272
30918,147,146,0.00680272
30928,147,146,0.00680272
30938,147,146,0.00680272
30947,147,146,0.00680272
30958,147,146,0.00680272
30970,147,146,0.00680272
30980,147,146,0.00680272
30989,147,146,0.00680272
30999,147,146,0.00680272
31008,147,146,0.00680272
31016,147,146,0.00680272
31025,147,146,0.00680272
31037,147,146,0.00680272
31045,147,146,0.00680272
31055,147,146,0.00680272
31064,147,146,0.00680272
31075,147,146,0.00680272
31087,147,146,0.00680272
31096,147,146,0.00680272
31105,147,146,0.00680272
31113,147,146,0.00680272
31124,147,146,0.00680272
31134,147,146,0.00680272
31146,147,146,0.00680272
31156,147,146,0.00680272
31166,147,146,0.00680272
31175,147,146,0.00680272
31184,147,146,0.00680272
31193,147,146,0.00680272
31201,147,146,0.00680272
31212,147,146,0.00680272
31222,147,146,0.00680272
31228,147,146,0.00680272
31234,147,146,0.00680272
31246,147,146,0.00680272
31256,147,146,0.00680272
31266,147,146,0.00680272
31274,147,146,0.00680272
31285,147,146,0.00680272
31294,147,146,0.00680272
31306,147,146,0.00680272
31315,147,146,0.00680272
31325,147,146,0.00680272
31336,147,146,0.00680272
31346,147,146,0.00680272
31359,147,146,0.00680272
31369,147,146,0.00680272
31379,147,146,0.00680272
31390,147,146,0.00680272
31401,147,146,0.00680272
31410,147,146,0.00680272
31419,147,146,0.00680272
31427,147,146,0.00680272
31439,147,146,0.00680272
31450,147,146,0.00680272
31458,147,146,0.00680272
31468,147,146,0.00680272
31477,147,146,0.00680272
31488,147,146,0.00680272
31496,147,146,0.00680272
31507,147,146,0.00680272
31517,147,146,0.00680272
31527,147,146,0.00680272
31540,147,146,0.00680272
31552,147,146,0.00680272
31563,147,146,0.00680272
31573,147,146,0.00680272
31586,147,146,0.00680272
31595,147,146,0.00680272
31604,147,146,0.00680272
31614,147,146,0.00680272
31623,147,146,0.00680272
31637,147,146,0.00680272
31649,147,146,0.00680272
31658,147,146,0.00680272
31669,147,146,0.00680272
31677,147,146,0.00680272
31688,147,146,0.00680272
31696,147,146,0.00680272
31706,147,146,0.00680272
31718,147,146,0.00680272
31727,147,146,0.00680272
31738,147,146,0.00680272
31749,147,146,0.00680272
31760,147,146,0.00680272
31768,147,146,0.00680272
31778,147,146,0.00680272
31788,147,146,0.00680272
31797,147,146,0.00680272
31808,147,146,0.00680272
31818,147,146,0.00680272
31831,147,146,0.00680272
31842,147,146,0.00680272
31853,147,146,0.00680272
31864,147,146,0.00680272
31873,147,146,0.00680272
31882,147,146,0.00680272
31893,147,146,0.00680272
31901,147,146,0.00680272
31911,147,146,0.00680272
31920,147,146,0.00680272
31931,147,146,0.00680272
31942,147,146,0.00680272
31952,147,146,0.00680272
31964,147,146,0.00680272
31976,147,146,0.00680272
31986,147,146,0.00680272
31994,147,146,0.00680272
32006,147,146,0.00680272
32017,147,146,0.00680272
32029,147,146,0.00680272
32038,147,146,0.00680272
32049,147,146,0.00680272
32057,147,146,0.00680272
32066,147,146,0.00680272
32076,147,146,0.00680272
32085,147,146,0.00680272
32095,147,146,0.00680272
32103,147,146,0.00680272
32112,147,146,0.00680272
32123,147,146,0.00680272
32133,147,146,0.00680272
32144,147,146,0.00680272
32154,147,146,0.00680272
32164,147,146,0.00680272
32175,147,146,0.00680272
32185,147,146,0.00680272
32192,147,146,0.00680272
32202,147,146,0.00680272
32211,147,146,0.00680272
32221,147,146,0.00680272
32228,147,146,0.00680272
32237,147,146,0.00680272
32246,147,146,0.00680272
32254,147,146,0.00680272
32263,147,146,0.00680272
32273,147,146,0.00680272
32282,147,146,0.00680272
32290,147,146,0.00680272
32300,147,146,0.00680272
32308,147,146,0.00680272
32319,147,146,0.00680272
32328,147,146,0.00680272
32338,147,146,0.00680272
32348,147,146,0.00680272
32357,147,146,0.00680272
32365,147,146,0.00680272
32374,147,146,0.00680272
32383,147,146,0.00680272
32391,147,146,0.00680272
32400,147,146,0.00680272
32410,147,146,0.00680272
32421,147,146,0.00680272
32430,147,146,0.00680272
32440,147,146,0.00680272
32450,147,146,0.00680272
32461,147,146,0.00680272
32471,147,146,0.00680272
32481,147,146,0.00680272
32491,147,146,0.00680272
32501,147,146,0.00680272
32510,147,146,0.00680272
32521,147,146,0.00680272
32531,147,146,0.00680272
32542,147,146,0.00680272
32552,147,146,0.00680272
32563,147,146,0.00680272
32574,147,146,0.00680272
32584,147,146,0.00680272
32593,147,146,0.00680272
32602,147,146,0.00680272
32612,147,146,0.00680272
32619,147,146,0.00680272
32629,147,146,0.00680272
32636,147,146,0.00680272
32648,147,146,0.00680272
32657,147,146,0.00680272
32669,147,146,0.00680272
32680,147,146,0.00680272
32691,147,146,0.00680272
32701,147,146,0.00680272
32710,147,146,0.00680272
32719,147,146,0.00680272
32731,147,146,0.00680272
32741,147,146,0.00680272
32752,147,146,0.00680272
32757,147,146,0.00680272
32769,147,146,0.00680272
32780,147,146,0.00680272
32786,147,146,0.00680272
32796,147,146,0.00680272
32802,147,146,0.00680272
32808,147,146,0.00680272
32820,147,146,0.00680272
32832,147,146,0.00680272
32841,147,146,0.00680272
32854,147,146,0.00680272
32866,147,146,0.00680272
32877,147,146,0.00680272
32887,147,146,0.00680272
32898,147,146,0.00680272
32909,147,146,0.00680272
32921,147,146,0.00680272
32931,147,146,0.00680272
32941,147,146,0.00680272
32951,147,146,0.00680272
32962,147,146,0.00680272
32971,147,146,0.00680272
32980,147,146,0.00680272
32991,147,146,0.00680272
32999,147,146,0.00680272
33011,147,146,0.00680272
33019,147,146,0.00680272
33030,147,146,0.00680272
33042,147,146,0.00680272
33052,147,146,0.00680272
33062,147,146,0.00680272
33073,147,146,0.00680272
33083,147,146,0.00680272
33092,147,146,0.00680272
33105,147,146,0.00680272
33116,147,146,0.00680272
33126,147,146,0.00680272
33135,147,146,0.00680272
33147,147,146,0.00680272
33158,147,146,0.00680272
33170,147,146,0.00680272
33179,147,146,0.00680272
33185,147,146,0.00680272
33195,147,146,0.00680272
33203,147,146,0.00680272
33216,147,146,0.00680272
33228,147,146,0.00680272
33237,147,146,0.00680272
33246,147,146,0.00680272
33259,147,146,0.00680272
33268,147,146,0.00680272
33277,147,146,0.00680272
33286,147,146,0.00680272
33297,147,146,0.00680272
33306,147,146,0.00680272
33314,147,146,0.00680272
33321,147,146,0.00680272
33326,147,146,0.00680272
33337,147,146,0.00680272
33347,147,146,0.00680272
33354,147,146,0.00680272
33358,147,146,0.00680272
33369,147,146,0.00680272
33383,147,146,0.00680272
33392,147,146,0.00680272
33401,147,146,0.00680272
33410,147,146,0.00680272
33422,147,146,0.00680272
33434,147,146,0.00680272
33444,147,146,0.00680272
33455,147,146,0.00680272
33466,147,146,0.00680272
33475,147,146,0.00680272
33486,147,146,0.00680272
33493,147,146,0.00680272
33504,147,146,0.00680272
33514,147,146,0.00680272
33526,147,146,0.00680272
33536,147,146,0.00680272
33541,147,146,0.00680272
33550,147,146,0.00680272
33557,147,146,0.00680272
33568,147,146,0.00680272
33580,147,146,0.00680272
33590,147,146,0.00680272
33601,147,146,0.00680272
33610,147,146,0.00680272
33619,147,146,0.00680272
33628,147,146,0.00680272
33641,147,146,0.00680272
33651,147,146,0.00680272
33657,147,146,0.00680272
33666,147,146,0.00680272
33676,147,146,0.00680272
33686,147,146,0.00680272
33699,147,146,0.00680272
33708,147,146,0.00680272
33718,147,146,0.00680272
33729,147,146,0.00680272
33740,147,146,0.00680272
33751,147,146,0.00680272
33762,147,146,0.00680272
33770,147,146,0.00680272
33778,147,146,0.00680272
33786,147,146,0.00680272
33792,147,146,0.00680272
33803,147,146,0.00680272
33812,147,146,0.00680272
33820,147,146,0.00680272
33828,147,146,0.00680272
33834,147,146,0.00680272
33840,147,146,0.00680272
33849,147,146,0.00680272
33857,147,146,0.00680272
33867,147,146,0.00680272
33873,147,146,0.00680272
33882,147,146,0.00680272
33890,147,146,0.00680272
33898,147,146,0.00680272
33903,147,146,0.00680272
33910,147,146,0.00680272
33917,147,146,0.00680272
33926,147,146,0.00680272
33935,147,146,0.00680272
33943,147,146,0.00680272
33958,147,146,0.00680272
33968,147,146,0.00680272
33977,147,146,0.00680272
33990,147,146,0.00680272
33998,147,146,0.00680272
34007,147,146,0.00680272
34017,147,146,0.00680272
34027,147,146,0.00680272
34039,147,146,0.00680272
34048,147,146,0.00680272
34057,147,146,0.00680272
34068,147,146,0.00680272
34078,147,146,0.00680272
34087,147,146,0.00680272
34099,147,146,0.00680272
34111,147,146,0.00680272
34124,147,146,0.00680272
34135,147,146,0.00680272
34146,147,146,0.00680272
34156,147,146,0.00680272
34166,147,146,0.00680272
34176,147,146,0.00680272
34183,147,146,0.00680272
34194,147,146,0.00680272
34205,147,146,0.00680272
34215,147,146,0.00680272
34225,147,146,0.00680272
34234,147,146,0.00680272
34244,147,146,0.00680272
34255,147,146,0.00680272
34266,147,146,0.00680272
34278,147,146,0.00680272
34286,147,146,0.00680272
34292,147,146,0.00680272
34304,147,146,0.00680272
34314,147,146,0.00680272
34324,147,146,0.00680272
34334,147,146,0.00680272
34344,147,146,0.00680272
34352,147,146,0.00680272
34364,147,146,0.00680272
34370,147,146,0.00680272
34382,147,146,0.00680272
34392,147,146,0.00680272
34401,147,146,0.00680272
34409,147,146,0.00680272
34421,147,146,0.00680272
34429,147,146,0.00680272
34437,147,146,0.00680272
34446,147,146,0.00680272
34455,147,146,0.00680272
34465,147,146,0.00680272
34473,147,146,0.00680272
34481,147,146,0.00680272
34492,147,146,0.00680272
34498,147,146,0.00680272
34508,147,146,0.00680272
34518,147,146,0.00680272
34522,147,146,0.00680272
34532,147,146,0.00680272
34540,147,146,0.00680272
34549,147,146,0.00680272
34558,147,146,0.00680272
34565,147,146,0.00680272
34572,147,146,0.00680272
34580,147,146,0.00680272
34591,147,146,0.00680272
34603,147,146,0.00680272
34613,147,146,0.00680272
34621,147,146,0.00680272
34628,147,146,0.00680272
34636,147,146,0.00680272
34642,147,146,0.00680272
34654,147,146,0.00680272
34662,147,146,0.00680272
34673,147,146,0.00680272
34682,147,146,0.00680272
34694,147,146,0.00680272
34701,147,146,0.00680272
34712,147,146,0.00680272
34723,147,146,0.00680272
34733,147,146,0.00680272
34740,147,146,0.00680272
34749,147,146,0.00680272
34757,147,146,0.00680272
34771,147,146,0.00680272
34781,147,146,0.00680272
34794,147,146,0.00680272
34806,147,146,0.00680272
34818,147,146,0.00680272
34831,147,146,0.00680272
34841,147,146,0.00680272
34852,147,146,0.00680272
34862,147,146,0.00680272
34866,147,146,0.00680272
34873,147,146,0.00680272
34882,147,146,0.00680272
34894,147,146,0.00680272
34904,147,146,0.00680272
34914,147,146,0.00680272
34925,147,146,0.00680272
34935,147,146,0.00680272
34948,147,146,0.00680272
34960,147,146,0.00680272
34972,147,146,0.00680272
34985,147,146,0.00680272
34995,147,146,0.00680272
35003,147,146,0.00680272
35015,147,146,0.00680272
35025,147,146,0.00680272
35034,147,146,0.00680272
35044,147,146,0.00680272
35052,147,146,0.00680272
35063,147,146,0.00680272
35074,147,146,0.00680272
35085,147,146,0.00680272
35096,147,146,0.00680272
35103,147,146,0.00680272
35113,147,146,0.00680272
35123,147,146,0.00680272
35133,147,146,0.00680272
35140,147,146,0.00680272
35149,147,146,0.00680272
35156,147,146,0.00680272
35162,147,146,0.00680272
35170,147,146,0.00680272
35181,147,146,0.00680272
35187,147,146,0.00680272
35194,147,146,0.00680272
35201,147,146,0.00680272
35212,147,146,0.00680272
35218,147,146,0.00680272
35225,147,146,0.00680272
35236,147,146,0.00680272
35243,147,146,0.00680272
35250,147,146,0.00680272
35258,147,146,0.00680272
35268,147,146,0.00680272
35275,147,146,0.00680272
35283,147,146,0.00680272
35290,147,146,0.00680272
35299,147,146,0.00680272
35307,147,146,0.00680272
35315,147,146,0.00680272
35327,147,146,0.00680272
35337,147,146,0.00680272
35345,147,146,0.00680272
35356,147,146,0.00680272
35366,147,146,0.00680272
35377,147,146,0.00680272
35385,147,146,0.00680272
35393,147,146,0.00680272
35400,147,146,0.00680272
35412,147,146,0.00680272
35418,147,146,0.00680272
35426,147,146,0.00680272
35439,147,146,0.00680272
35447,147,146,0.00680272
35458,147,146,0.00680272
35467,147,146,0.00680272
35479,147,146,0.00680272
35489,147,146,0.00680272
35500,147,146,0.00680272
35511,147,146,0.00680272
35522,147,146,0.00680272
35532,147,146,0.00680272
35542,147,146,0.00680272
35553,147,146,0.00680272
35564,147,146,0.00680272
35573,147,146,0.00680272
35584,147,146,0.00680272
35596,147,146,0.00680272
35606,147,146,0.00680272
35615,147,146,0.00680272
35628,147,146,0.00680272
35641,147,146,0.00680272
35653,147,146,0.00680272
35663,147,146,0.00680272
35675,147,146,0.00680272
35688,147,146,0.00680272
35698,147,146,0.00680272
35708,147,146,0.00680272
35718,147,146,0.00680272
35729,147,146,0.00680272
35736,147,146,0.00680272
35746,147,146,0.00680272
35756,147,146,0.00680272
35767,147,146,0.00680272
35774,147,146,0.00680272
35780,147,146,0.00680272
35790,147,146,0.00680272
35798,147,146,0.00680272
35806,147,146,0.00680272
35814,147,146,0.00680272
35822,147,146,0.00680272
35829,147,146,0.00680272
35836,147,146,0.00680272
35846,147,146,0.00680272
35855,147,146,0.00680272
35867,147,146,0.00680272
35875,147,146,0.00680272
35884,147,146,0.00680272
35891,147,146,0.00680272
35901,147,146,0.00680272
35907,147,146,0.00680272
35912,147,146,0.00680272
35917,147,146,0.00680272
35925,147,146,0.00680272
35934,147,146,0.00680272
35946,147,146,0.00680272
35954,147,146,0.00680272
35962,147,146,0.00680272
35973,147,146,0.00680272
35984,147,146,0.00680272
35997,147,146,0.00680272
36004,147,146,0.00680272
36012,147,146,0.00680272
36021,147,146,0.00680272
36030,147,146,0.00680272
36042,147,146,0.00680272
36053,147,146,0.00680272
36063,147,146,0.00680272
36074,147,146,0.00680272
36085,147,146,0.00680272
36093,147,146,0.00680272
36104,147,146,0.00680272
36116,147,146,0.00680272
36123,147,146,0.00680272
36134,147,146,0.00680272
36143,147,146,0.00680272
36151,147,146,0.00680272
36162,147,146,0.00680272
36173,147,146,0.00680272
36182,147,146,0.00680272
36192,147,146,0.00680272
36201,147,146,0.00680272
36213,147,146,0.00680272
36224,147,146,0.00680272
36230,147,146,0.00680272
36238,147,146,0.00680272
36250,147,146,0.00680272
36260,147,146,0.00680272
36271,147,146,0.00680272
36280,147,146,0.00680272
36291,147,146,0.00680272
36302,147,146,0.00680272
36312,147,146,0.00680272
36324,147,146,0.00680272
36332,147,146,0.00680272
36336,147,146,0.00680272
36346,147,146,0.00680272
36355,147,146,0.00680272
36363,147,146,0.00680272
36368,147,146,0.00680272
36379,147,146,0.00680272
36391,147,146,0.00680272
36401,147,146,0.00680272
36413,147,146,0.00680272
36422,147,146,0.00680272
36434,147,146,0.00680272
36444,147,146,0.00680272
36453,147,146,0.00680272
36465,147,146,0.00680272
36476,147,146,0.00680272
36483,147,146,0.00680272
36495,147,146,0.00680272
36506,147,146,0.00680272
36514,147,146,0.00680272
36521,147,146,0.00680272
36528,147,146,0.00680272
36537,147,146,0.00680272
36546,147,146,0.00680272
36555,147,146,0.00680272
36563,147,146,0.00680272
36572,147,146,0.00680272
36581,147,146,0.00680272
36593,147,146,0.00680272
36601,147,146,0.00680272
36610,147,146,0.00680272
36619,147,146,0.00680272
36629,147,146,0.00680272
36637,147,146,0.00680272
36646,147,146,0.00680272
36657,147,146,0.00680272
36666,147,146,0.00680272
36674,147,146,0.00680272
36683,147,146,0.00680272
36693,147,146,0.00680272
36703,147,146,0.00680272
36714,147,146,0.00680272
36723,147,146,0.00680272
36733,147,146,0.00680272
36745,147,146,0.00680272
36756,147,146,0.00680272
36763,147,146,0.00680272
36774,147,146,0.00680272
36784,147,146,0.00680272
36795,147,146,0.00680272
36808,147,146,0.00680272
36817,147,146,0.00680272
36831,147,146,0.00680272
36845,147,146,0.00680272
36855,147,146,0.00680272
36866,147,146,0.00680272
36873,147,146,0.00680272
36886,147,146,0.00680272
36896,147,146,0.00680272
36902,147,146,0.00680272
36912,147,146,0.00680272
36921,147,146,0.00680272
36932,147,146,0.00680272
36943,147,146,0.00680272
36953,147,146,0.00680272
36964,147,146,0.00680272
36973,147,146,0.00680272
36983,147,146,0.00680272
36993,147,146,0.00680272
37004,147,146,0.00680272
37016,147,146,0.00680272
37028,147,146,0.00680272
37039,147,146,0.00680272
37047,147,146,0.00680272
37057,147,146,0.00680272
37066,147,146,0.00680272
37071,147,146,0.00680272
37083,147,146,0.00680272
37094,147,146,0.00680272
37105,147,146,0.00680272
37114,147,146,0.00680272
37124,147,146,0.00680272
37137,147,146,0.00680272
37147,147,146,0.00680272
37155,147,146,0.00680272
37160,147,146,0.00680272
37170,147,146,0.00680272
37178,147,146,0.00680272
37187,147,146,0.00680272
37195,147,146,0.00680272
37205,147,146,0.00680272
37216,147,146,0.00680272
37226,147,146,0.00680272
37236,147,146,0.00680272
37247,147,146,0.00680272
37258,147,146,0.00680272
37270,147,146,0.00680272
37280,147,146,0.00680272
37289,147,146,0.00680272
37296,147,146,0.00680272
37305,147,146,0.00680272
37313,147,146,0.00680272
37324,147,146,0.00680272
37335,147,146,0.00680272
37342,147,146,0.00680272
37350,147,146,0.00680272
37359,147,146,0.00680272
37371,147,146,0.00680272
37383,147,146,0.00680272
37394,147,146,0.00680272
37406,147,146,0.00680272
37415,147,146,0.00680272
37427,147,146,0.00680272
37438,147,146,0.00680272
37450,147,146,0.00680272
37458,147,146,0.00680272
37468,147,146,0.00680272
37478,147,146,0.00680272
37486,147,146,0.00680272
37498,147,146,0.00680272
37507,147,146,0.00680272
37516,147,146,0.00680272
37526,147,146,0.00680272
37536,147,146,0.00680272
37545,147,146,0.00680272
37554,147,146,0.00680272
37565,147,146,0.00680272
37575,147,146,0.00680272
37584,147,146,0.00680272
37596,147,146,0.00680272
37605,147,146,0.00680272
37614,147,146,0.00680272
37627,147,146,0.00680272
37639,147,146,0.00680272
37645,147,146,0.00680272
37658,147,146,0.00680272
37669,147,146,0.00680272
37679,147,146,0.00680272
37687,147,146,0.00680272
37697,147,146,0.00680272
37709,147,146,0.00680272
37719,147,146,0.00680272
37729,147,146,0.00680272
37740,147,146,0.00680272
37753,147,146,0.00680272
37764,147,146,0.00680272
37774,147,146,0.00680272
37785,147,146,0.00680272
37795,147,146,0.00680272
37805,147,146,0.00680272
37816,147,146,0.00680272
37826,147,146,0.00680272
37837,147,146,0.00680272
37848,147,146,0.00680272
37859,147,146,0.00680272
37870,147,146,0.00680272
37878,147,146,0.00680272
37889,147,146,0.00680272
37896,147,146,0.00680272
37907,147,146,0.00680272
37916,147,146,0.00680272
37927,147,146,0.00680272
37933,147,146,0.00680272
37945,147,146,0.00680272
37954,147,146,0.00680272
37962,147,146,0.00680272
37970,147,146,0.00680272
37979,147,146,0.00680272
37987,147,146,0.00680272
37992,147,146,0.00680272
38000,147,146,0.00680272
38010,147,146,0.00680272
38021,147,146,0.00680272
38032,147,146,0.00680272
38043,147,146,0.00680272
38053,147,146,0.00680272
38062,147,146,0.00680272
38070,147,146,0.00680272
38083,147,146,0.00680272
38093,147,146,0.00680272
38100,147,146,0.00680272
38113,147,146,0.00680272
38122,147,146,0.00680272
38132,147,146,0.00680272
38140,147,146,0.00680272
38147,147,146,0.00680272
38160,147,146,0.00680272
38171,147,146,0.00680272
38178,147,146,0.00680272
38191,147,146,0.00680272
38200,147,146,0.00680272
38211,147,146,0.00680272
38223,147,146,0.00680272
38235,147,146,0.00680272
38248,147,146,0.00680272
38261,147,146,0.00680272
38270,147,146,0.00680272
38281,147,146,0.00680272
38289,147,146,0.00680272
38295,147,146,0.00680272
38305,147,146,0.00680272
38312,147,146,0.00680272
38319,147,146,0.00680272
38333,147,146,0.00680272
38344,147,146,0.00680272
38353,147,146,0.00680272
38365,147,146,0.00680272
38376,147,146,0.00680272
38386,147,146,0.00680272
38397,147,146,0.00680272
38406,147,146,0.00680272
38418,147,146,0.00680272
38427,147,146,0.00680272
38441,147,146,0.00680272
38448,147,146,0.00680272
38459,147,146,0.00680272
38465,147,146,0.00680272
38472,147,146,0.00680272
38483,147,146,0.00680272
38491,147,146,0.00680272
38499,147,146,0.00680272
38505,147,146,0.00680272
38513,147,146,0.00680272
38520,147,146,0.00680272
38529,147,146,0.00680272
38540,147,146,0.00680272
38549,147,146,0.00680272
38559,147,146,0.00680272
38569,147,146,0.00680272
38580,147,146,0.00680272
38590,147,146,0.00680272
38603,147,146,0.00680272
38612,147,146,0.00680272
38623,147,146,0.00680272
38633,147,146,0.00680272
38645,147,146,0.00680272
38656,147,146,0.00680272
38666,147,146,0.00680272
38677,147,146,0.00680272
38685,147,146,0.00680272
38693,147,146,0.00680272
38701,147,146,0.00680272
38711,147,146,0.00680272
38722,147,146,0.00680272
38730,147,146,0.00680272
38738,147,146,0.00680272
38746,147,146,0.00680272
38753,147,146,0.00680272
38763,147,146,0.00680272
38772,147,146,0.00680272
38784,147,146,0.00680272
38797,147,146,0.00680272
38804,147,146,0.00680272
38814,147,146,0.00680272
38825,147,146,0.00680272
38838,147,146,0.00680272
38852,147,146,0.00680272
38865,147,146,0.00680272
38873,147,146,0.00680272
38882,147,146,0.00680272
38891,147,146,0.00680272
38902,147,146,0.00680272
38913,147,146,0.00680272
38923,147,146,0.00680272
38933,147,146,0.00680272
38945,147,146,0.00680272
38954,147,146,0.00680272
38963,147,146,0.00680272
38970,147,146,0.00680272
38979,147,146,0.00680272
38989,147,146,0.00680272
39000,147,146,0.00680272
39005,147,146,0.00680272
39012,147,146,0.00680272
39017,147,146,0.00680272
39024,147,146,0.00680272
39035,147,146,0.00680272
39042,147,146,0.00680272
39052,147,146,0.00680272
39059,147,146,0.00680272
39065,147,146,0.00680272
39076,147,146,0.00680272
39086,147,146,0.00680272
39097,147,146,0.00680272
39106,147,146,0.00680272
39117,147,146,0.00680272
39124,147,146,0.00680272
39131,147,146,0.00680272
39140,147,146,0.00680272
39148,147,146,0.00680272
39154,147,146,0.00680272
39165,147,146,0.00680272
39170,147,146,0.00680272
39177,147,146,0.00680272
39182,147,146,0.00680272
39191,147,146,0.00680272
39199,147,146,0.00680272
39208,147,146,0.00680272
39219,147,146,0.00680272
39226,147,146,0.00680272
39232,147,146,0.00680272
39241,147,146,0.00680272
39248,147,146,0.00680272
39256,147,146,0.00680272
39262,147,146,0.00680272
39271,147,146,0.00680272
39276,147,146,0.00680272
39282,147,146,0.00680272
39291,147,146,0.00680272
39301,147,146,0.00680272
39312,147,146,0.00680272
39319,147,146,0.00680272
39332,147,146,0.00680272
39341,147,146,0.00680272
39352,147,146,0.00680272
39362,147,146,0.00680272
39371,147,146,0.00680272
39380,147,146,0.00680272
39389,147,146,0.00680272
39400,147,146,0.00680272
39410,147,146,0.00680272
39420,147,146,0.00680272
39433,147,146,0.00680272
39444,147,146,0.00680272
39454,147,146,0.00680272
39465,147,146,0.00680272
39477,147,146,0.00680272
39485,147,146,0.00680272
39497,147,146,0.00680272
39506,147,146,0.00680272
39515,147,146,0.00680272
39523,147,146,0.00680272
39533,147,146,0.00680272
39545,147,146,0.00680272
39556,147,146,0.00680272
39567,147,146,0.00680272
39575,147,146,0.00680272
39584,147,146,0.00680272
39596,147,146,0.00680272
39607,147,146,0.00680272
39623,147,146,0.00680272
39632,147,146,0.00680272
39642,147,146,0.00680272
39652,147,146,0.00680272
39659,147,146,0.00680272
39663,147,146,0.00680272
39670,147,146,0.00680272
39683,147,146,0.00680272
39690,147,146,0.00680272
39696,147,146,0.00680272
39703,147,146,0.00680272
39710,147,146,0.00680272
39719,147,146,0.00680272
39723,147,146,0.00680272
39733,147,146,0.00680272
39738,147,146,0.00680272
39748,147,146,0.00680272
39754,147,146,0.00680272
39758,147,146,0.00680272
39770,147,146,0.00680272
39776,147,146,0.00680272
39784,147,146,0.00680272
39792,147,146,0.00680272
39808,147,146,0.00680272
39818,147,146,0.00680272
39828,147,146,0.00680272
39841,147,146,0.00680272
39852,147,146,0.00680272
39865,147,146,0.00680272
39875,147,146,0.00680272
39886,147,146,0.00680272
39894,147,146,0.00680272
39904,147,146,0.00680272
39915,147,146,0.00680272
39929,147,146,0.00680272
39940,147,146,0.00680272
39949,147,146,0.00680272
39959,147,146,0.00680272
39968,147,146,0.00680272
39979,147,146,0.00680272
39989,147,146,0.00680272
39998,147,146,0.00680272
40009,147,146,0.00680272
40018,147,146,0.00680272
40030,147,146,0.00680272
40040,147,146,0.00680272
40052,147,146,0.00680272
40061,147,146,0.00680272
40073,147,146,0.00680272
40083,147,146,0.00680272
40092,147,146,0.00680272
40100,147,146,0.00680272
40106,147,146,0.00680272
40115,147,146,0.00680272
40125,147,146,0.00680272
40137,147,146,0.00680272
40148,147,146,0.00680272
40160,147,146,0.00680272
40173,147,146,0.00680272
40184,147,146,0.00680272
40194,147,146,0.00680272
40205,147,146,0.00680272
40215,147,146,0.00680272
40225,147,146,0.00680272
40235,147,146,0.00680272
40243,147,146,0.00680272
40254,147,146,0.00680272
40264,147,146,0.00680272
40276,147,146,0.00680272
40284,147,146,0.00680272
40296,147,146,0.00680272
40307,147,146,0.00680272
40314,147,146,0.00680272
40326,147,146,0.00680272
40333,147,146,0.00680272
40339,147,146,0.00680272
40349,147,146,0.00680272
40360,147,146,0.00680272
40372,147,146,0.00680272
40383,147,146,0.00680272
40394,147,146,0.00680272
40405,147,146,0.00680272
40415,147,146,0.00680272
40426,147,146,0.00680272
40436,147,146,0.00680272
40445,147,146,0.00680272
40455,147,146,0.00680272
40465,147,146,0.00680272
40477,147,146,0.00680272
40488,147,146,0.00680272
40498,147,146,0.00680272
40507,147,146,0.00680272
40518,147,146,0.00680272
40530,147,146,0.00680272
40542,147,146,0.00680272
40548,147,146,0.00680272
40562,147,146,0.00680272
40574,147,146,0.00680272
40584,147,146,0.00680272
40596,147,146,0.00680272
40608,147,146,0.00680272
40616,147,146,0.00680272
40626,147,146,0.00680272
40635,147,146,0.00680272
40647,147,146,0.00680272
40657,147,146,0.00680272
40671,147,146,0.00680272
40682,147,146,0.00680272
40693,147,146,0.00680272
40705,147,146,0.00680272
40714,147,146,0.00680272
40724,147,146,0.00680272
40734,147,146,0.00680272
40747,147,146,0.00680272
40758,147,146,0.00680272
40771,147,146,0.00680272
40781,147,146,0.00680272
40791,147,146,0.00680272
40803,147,146,0.00680272
40815,147,146,0.00680272
40828,147,146,0.00680272
40837,147,146,0.00680272
40847,147,146,0.00680272
40857,147,146,0.00680272
40868,147,146,0.00680272
40877,147,146,0.00680272
40886,147,146,0.00680272
40895,147,146,0.00680272
40905,147,146,0.00680272
40915,147,146,0.00680272
40927,147,146,0.00680272
40939,147,146,0.00680272
40949,147,146,0.00680272
40957,147,146,0.00680272
40970,147,146,0.00680272
40979,147,146,0.00680272
40989,147,146,0.00680272
40999,147,146,0.00680272
41012,147,146,0.00680272
41021,147,146,0.00680272
41032,147,146,0.00680272
41043,147,146,0.00680272
41056,147,146,0.00680272
41065,147,146,0.00680272
41075,147,146,0.00680272
41084,147,146,0.00680272
41092,147,146,0.00680272
41102,147,146,0.00680272
41112,147,146,0.00680272
41122,147,146,0.00680272
41129,147,146,0.00680272
41140,147,146,0.00680272
41149,147,146,0.00680272
41160,147,146,0.00680272
41171,147,146,0.00680272
41181,147,146,0.00680272
41190,147,146,0.00680272
41202,147,146,0.00680272
41213,147,146,0.00680272
41227,147,146,0.00680272
41239,147,146,0.00680272
41248,147,146,0.00680272
41258,147,146,0.00680272
41269,147,146,0.00680272
41280,147,146,0.00680272
41293,147,146,0.00680272
41305,147,146,0.00680272
41317,147,146,0.00680272
41327,147,146,0.00680272
41339,147,146,0.00680272
41350,147,146,0.00680272
41360,147,146,0.00680272
41369,147,146,0.00680272
41381,147,146,0.00680272
41391,147,146,0.00680272
41398,147,146,0.00680272
41403,147,146,0.00680272
41412,147,146,0.00680272
41421,147,146,0.00680272
41432,147,146,0.00680272
41443,147,146,0.00680272
41453,147,146,0.00680272
41461,147,146,0.00680272
41470,147,146,0.00680272
41481,147,146,0.00680272
41490,147,146,0.00680272
41500,147,146,0.00680272
41511,147,146,0.00680272
41519,147,146,0.00680272
41530,147,146,0.00680272
41542,147,146,0.00680272
41553,147,146,0.00680272
41565,147,146,0.00680272
41575,147,146,0.00680272
41586,147,146,0.00680272
41598,147,146,0.00680272
41611,147,146,0.00680272
41622,147,146,0.00680272
41635,147,146,0.00680272
41649,147,146,0.00680272
41662,147,146,0.00680272
41674,147,146,0.00680272
41687,147,146,0.00680272
41700,147,146,0.00680272
41712,147,146,0.00680272
41724,147,146,0.00680272
41737,147,146,0.00680272
41745,147,146,0.00680272
41752,147,146,0.00680272
41762,147,146,0.00680272
41773,147,146,0.00680272
41785,147,146,0.00680272
41797,147,146,0.00680272
41804,147,146,0.00680272
41816,147,146,0.00680272
41828,147,146,0.00680272
41842,147,146,0.00680272
41854,147,146,0.00680272
41865,147,146,0.00680272
41873,147,146,0.00680272
41884,147,146,0.00680272
41895,147,146,0.00680272
41908,147,146,0.00680272
41916,147,146,0.00680272
41928,147,146,0.00680272
41939,147,146,0.00680272
41950,147,146,0.00680272
41962,147,146,0.00680272
41972,147,146,0.00680272
41984,147,146,0.00680272
41993,147,146,0.00680272
42003,147,146,0.00680272
42012,147,146,0.00680272
42025,147,146,0.00680272
42037,147,146,0.00680272
42051,147,146,0.00680272
42060,147,146,0.00680272
42072,147,146,0.00680272
42079,147,146,0.00680272
42091,147,146,0.00680272
42103,147,146,0.00680272
42116,147,146,0.00680272
42125,147,146,0.00680272
42137,147,146,0.00680272
42147,147,146,0.00680272
42158,147,146,0.00680272
42166,147,146,0.00680272
42175,147,146,0.00680272
42182,147,146,0.00680272
42192,147,146,0.00680272
42200,147,146,0.00680272
42208,147,146,0.00680272
42218,147,146,0.00680272
42226,147,146,0.00680272
42237,147,146,0.00680272
42245,147,146,0.00680272
42254,147,146,0.00680272
42266,147,146,0.00680272
42277,147,146,0.00680272
42285,147,146,0.00680272
42295,147,146,0.00680272
42302,147,146,0.00680272
42311,147,146,0.00680272
42322,147,146,0.00680272
42330,147,146,0.00680272
42340,147,146,0.00680272
42344,147,146,0.00680272
42353,147,146,0.00680272
42358,147,146,0.00680272
42366,147,146,0.00680272
42380,147,146,0.00680272
42389,147,146,0.00680272
42398,147,146,0.00680272
42408,147,146,0.00680272
42420,147,146,0.00680272
42426,147,146,0.00680272
42435,147,146,0.00680272
42446,147,146,0.00680272
42455,147,146,0.00680272
42464,147,146,0.00680272
42475,147,146,0.00680272
42481,147,146,0.00680272
42494,147,146,0.00680272
42501,147,146,0.00680272
42510,147,146,0.00680272
42516,147,146,0.00680272
42526,147,146,0.00680272
42536,147,146,0.00680272
42541,147,146,0.00680272
42549,147,146,0.00680272
42555,147,146,0.00680272
42567,147,146,0.00680272
42575,147,146,0.00680272
42584,147,146,0.00680272
42591,147,146,0.00680272
42604,147,146,0.00680272
42615,147,146,0.00680272
42625,147,146,0.00680272
42637,147,146,0.00680272
42647,147,146,0.00680272
42659,147,146,0.00680272
42669,147,146,0.00680272
42681,147,146,0.00680272
42690,147,146,0.00680272
42696,147,146,0.00680272
42706,147,146,0.00680272
42714,147,146,0.00680272
42726,147,146,0.00680272
42735,147,146,0.00680272
42747,147,146,0.00680272
42760,147,146,0.00680272
42772,147,146,0.00680272
42782,147,146,0.00680272
42795,147,146,0.00680272
42805,147,146,0.00680272
42817,147,146,0.00680272
42827,147,146,0.00680272
42838,147,146,0.00680272
42848,147,146,0.00680272
42858,147,146,0.00680272
42871,147,146,0.00680272
42881,147,146,0.00680272
42894,147,146,0.00680272
42906,147,146,0.00680272
42918,147,146,0.00680272
42931,147,146,0.00680272
42942,147,146,0.00680272
42954,147,146,0.00680272
42967,147,146,0.00680272
42980,147,146,0.00680272
42992,147,146,0.00680272
43002,147,146,0.00680272
43013,147,146,0.00680272
43027,147,146,0.00680272
43037,147,146,0.00680272
43049,147,146,0.00680272
43060,147,146,0.00680272
43075,147,146,0.00680272
43086,147,146,0.00680272
43097,147,146,0.00680272
43110,147,146,0.00680272
43120,147,146,0.00680272
43129,147,146,0.00680272
43141,147,146,0.00680272
43155,147,146,0.00680272
43167,147,146,0.00680272
43178,147,146,0.00680272
43188,147,146,0.00680272
43199,147,146,0.00680272
43208,147,146,0.00680272
43220,147,146,0.00680272
43230,147,146,0.00680272
43241,147,146,0.00680272
43252,147,146,0.00680272
43264,147,146,0.00680272
43274,147,146,0.00680272
43285,147,146,0.00680272
43293,147,146,0.00680272
43304,147,146,0.00680272
43312,147,146,0.00680272
43324,147,146,0.00680272
43332,147,146,0.00680272
43344,147,146,0.00680272
43355,147,146,0.00680272
43366,147,146,0.00680272
43372,147,146,0.00680272
43383,147,146,0.00680272
43396,147,146,0.00680272
43406,147,146,0.00680272
43416,147,146,0.00680272
43426,147,146,0.00680272
43438,147,146,0.00680272
43448,147,146,0.00680272
43455,147,146,0.00680272
43466,147,146,0.00680272
43479,147,146,0.00680272
43492,147,146,0.00680272
43505,147,146,0.00680272
43518,147,146,0.00680272
43531,147,146,0.00680272
43542,147,146,0.00680272
43551,147,146,0.00680272
43560,147,146,0.00680272
43570,147,146,0.00680272
43579,147,146,0.00680272
43590,147,146,0.00680272
43599,147,146,0.00680272
43610,147,146,0.00680272
43622,147,146,0.00680272
43631,147,146,0.00680272
43644,147,146,0.00680272
43658,147,146,0.00680272
43669,147,146,0.00680272
43680,147,146,0.00680272
43692,147,146,0.00680272
43702,147,146,0.00680272
43713,147,146,0.00680272
43721,147,146,0.00680272
43733,147,146,0.00680272
43747,147,146,0.00680272
43758,147,146,0.00680272
43767,147,146,0.00680272
43779,147,146,0.00680272
43789,147,146,0.00680272
43802,147,146,0.00680272
43813,147,146,0.00680272
43826,147,146,0.00680272
43835,147,146,0.00680272
43842,147,146,0.00680272
43856,147,146,0.00680272
43866,147,146,0.00680272
43876,147,146,0.00680272
43884,147,146,0.00680272
43891,147,146,0.00680272
43903,147,146,0.00680272
43913,147,146,0.00680272
43923,147,146,0.00680272
43934,147,146,0.00680272
43945,147,146,0.00680272
43954,147,146,0.00680272
43966,147,146,0.00680272
43978,147,146,0.00680272
43989,147,146,0.00680272
43998,147,146,0.00680272
44009,147,146,0.00680272
44024,147,146,0.00680272
44031,147,146,0.00680272
44039,147,146,0.00680272
44050,147,146,0.00680272
44061,147,146,0.00680272
44073,147,146,0.00680272
44080,147,146,0.00680272
44090,147,146,0.00680272
44099,147,146,0.00680272
44108,147,146,0.00680272
44119,147,146,0.00680272
44130,147,146,0.00680272
44144,147,146,0.00680272
44155,147,146,0.00680272
44165,147,146,0.00680272
44175,147,146,0.00680272
44184,147,146,0.00680272
44196,147,146,0.00680272
44209,147,146,0.00680272
44221,147,146,0.00680272
44231,147,146,0.00680272
44243,147,146,0.00680272
44254,147,146,0.00680272
44263,147,146,0.00680272
44276,147,146,0.00680272
44283,147,146,0.00680272
44295,147,146,0.00680272
44309,147,146,0.00680272
44321,147,146,0.00680272
44334,147,146,0.00680272
44346,147,146,0.00680272
44359,147,146,0.00680272
44367,147,146,0.00680272
44376,147,146,0.00680272
44387,147,146,0.00680272
44394,147,146,0.00680272
44403,147,146,0.00680272
44415,147,146,0.00680272
44426,147,146,0.00680272
44438,147,146,0.00680272
44451,147,146,0.00680272
44460,147,146,0.00680272
44472,147,146,0.00680272
44482,147,146,0.00680272
44491,147,146,0.00680272
44500,147,146,0.00680272
44513,147,146,0.00680272
44523,147,146,0.00680272
44536,147,146,0.00680272
44548,147,146,0.00680272
44562,147,146,0.00680272
44572,147,146,0.00680272
44581,147,146,0.00680272
44592,147,146,0.00680272
44603,147,146,0.00680272
44614,147,146,0.00680272
44625,147,146,0.00680272
44637,147,146,0.00680272
44647,147,146,0.00680272
44658,147,146,0.00680272
44668,147,146,0.00680272
44674,147,146,0.00680272
44686,147,146,0.00680272
44693,147,146,0.00680272
44701,147,146,0.00680272
44709,147,146,0.00680272
44716,147,146,0.00680272
44728,147,146,0.00680272
44737,147,146,0.00680272
44745,147,146,0.00680272
44754,147,146,0.00680272
44763,147,146,0.00680272
44773,147,146,0.00680272
44783,147,146,0.00680272
44793,147,146,0.00680272
44805,147,146,0.00680272
44815,147,146,0.00680272
44822,147,146,0.00680272
44832,147,146,0.00680272
44842,147,146,0.00680272
44851,147,146,0.00680272
44855,147,146,0.00680272
44860,147,146,0.00680272
44872,147,146,0.00680272
44880,147,146,0.00680272
44891,147,146,0.00680272
44901,147,146,0.00680272
44910,147,146,0.00680272
44922,147,146,0.00680272
44932,147,146,0.00680272
44943,147,146,0.00680272
44955,147,146,0.00680272
44966,147,146,0.00680272
44973,147,146,0.00680272
44979,147,146,0.00680272
44987,147,146,0.00680272
44999,147,146,0.00680272
45010,147,146,0.00680272
45022,147,146,0.00680272
45033,147,146,0.00680272
45041,147,146,0.00680272
45053,147,146,0.00680272
45062,147,146,0.00680272
45073,147,146,0.00680272
45087,147,146,0.00680272
45098,147,146,0.00680272
45106,147,146,0.00680272
45117,147,146,0.00680272
45126,147,146,0.00680272
45138,147,146,0.00680272
45150,147,146,0.00680272
45163,147,146,0.00680272
45174,147,146,0.00680272
45186,147,146,0.00680272
45196,147,146,0.00680272
45209,147,146,0.00680272
45222,147,146,0.00680272
45234,147,146,0.00680272
45244,147,146,0.00680272
45253,147,146,0.00680272
45265,147,146,0.00680272
45274,147,146,0.00680272
45286,147,146,0.00680272
45292,147,146,0.00680272
45297,147,146,0.00680272
45302,147,146,0.00680272
45310,147,146,0.00680272
45322,147,146,0.00680272
45328,147,146,0.00680272
45336,147,146,0.00680272
45341,147,146,0.00680272
45350,147,146,0.00680272
45360,147,146,0.00680272
45371,147,146,0.00680272
45381,147,146,0.00680272
45389,147,146,0.00680272
45397,147,146,0.00680272
45407,147,146,0.00680272
45418,147,146,0.00680272
45429,147,146,0.00680272
45436,147,146,0.00680272
45446,147,146,0.00680272
45455,147,146,0.00680272
45465,147,146,0.00680272
45475,147,146,0.00680272
45489,147,146,0.00680272
45500,147,146,0.00680272
45513,147,146,0.00680272
45525,147,146,0.00680272
45533,147,146,0.00680272
45541,147,146,0.00680272
45551,147,146,0.00680272
45564,147,146,0.00680272
45575,147,146,0.00680272
45584,147,146,0.00680272
45595,147,146,0.00680272
45608,147,146,0.00680272
45619,147,146,0.00680272
45631,147,146,0.00680272
45643,147,146,0.00680272
45656,147,146,0.00680272
45669,147,146,0.00680272
45680,147,146,0.00680272
45692,147,146,0.00680272
45702,147,146,0.00680272
45713,147,146,0.00680272
45725,147,146,0.00680272
45738,147,146,0.00680272
45749,147,146,0.00680272
45758,147,146,0.00680272
45768,147,146,0.00680272
45778,147,146,0.00680272
45786,147,146,0.00680272
45795,147,146,0.00680272
45804,147,146,0.00680272
45812,147,146,0.00680272
45821,147,146,0.00680272
45828,147,146,0.00680272
45842,147,146,0.00680272
45850,147,146,0.00680272
45861,147,146,0.00680272
45868,147,146,0.00680272
45873,147,146,0.00680272
45878,147,146,0.00680272
45886,147,146,0.00680272
45893,147,146,0.00680272
45902,147,146,0.00680272
45915,147,146,0.00680272
45924,147,146,0.00680272
45932,147,146,0.00680272
45944,147,146,0.00680272
45951,147,146,0.00680272
45960,147,146,0.00680272
45969,147,146,0.00680272
45982,147,146,0.00680272
45991,147,146,0.00680272
46000,147,146,0.00680272
46008,147,146,0.00680272
46016,147,146,0.00680272
46027,147,146,0.00680272
46038,147,146,0.00680272
46049,147,146,0.00680272
46058,147,146,0.00680272
46066,147,146,0.00680272
46077,147,146,0.00680272
46091,147,146,0.00680272
46099,147,146,0.00680272
46110,147,146,0.00680272
46119,147,146,0.00680272
46132,147,146,0.00680272
46145,147,146,0.00680272
46156,147,146,0.00680272
46167,147,146,0.00680272
46177,147,146,0.00680272
46188,147,146,0.00680272
46196,147,146,0.00680272
46203,147,146,0.00680272
46215,147,146,0.00680272
46228,147,146,0.00680272
46239,147,146,0.00680272
46251,147,146,0.00680272
46262,147,146,0.00680272
46275,147,146,0.00680272
46286,147,146,0.00680272
46299,147,146,0.00680272
46308,147,146,0.00680272
46320,147,146,0.00680272
46332,147,146,0.00680272
46345,147,146,0.00680272
46357,147,146,0.00680272
46371,147,146,0.00680272
46379,147,146,0.00680272
46391,147,146,0.00680272
46400,147,146,0.00680272
46409,147,146,0.00680272
46421,147,146,0.00680272
46435,147,146,0.00680272
46450,147,146,0.00680272
46460,147,146,0.00680272
46470,147,146,0.00680272
46483,147,146,0.00680272
46495,147,146,0.00680272
46506,147,146,0.00680272
46517,147,146,0.00680272
46525,147,146,0.00680272
46538,147,146,0.00680272
46546,147,146,0.00680272
46556,147,146,0.00680272
46569,147,146,0.00680272
46579,147,146,0.00680272
46590,147,146,0.00680272
46600,147,146,0.00680272
46608,147,146,0.00680272
46618,147,146,0.00680272
46631,147,146,0.00680272
46637,147,146,0.00680272
46648,147,146,0.00680272
46662,147,146,0.00680272
46675,147,146,0.00680272
46685,147,146,0.00680272
46699,147,146,0.00680272
46709,147,146,0.00680272
46719,147,146,0.00680272
46730,147,146,0.00680272
46741,147,146,0.00680272
46754,147,146,0.00680272
46765,147,146,0.00680272
46776,147,146,0.00680272
46785,147,146,0.00680272
46797,147,146,0.00680272
46809,147,146,0.00680272
46821,147,146,0.00680272
46836,147,146,0.00680272
46849,147,146,0.00680272
46859,147,146,0.00680272
46874,147,146,0.00680272
46883,147,146,0.00680272
46895,147,146,0.00680272
46905,147,146,0.00680272
46912,147,146,0.00680272
46924,147,146,0.00680272
46937,147,146,0.00680272
46949,147,146,0.00680272
46962,147,146,0.00680272
46974,147,146,0.00680272
46983,147,146,0.00680272
46992,147,146,0.00680272
47004,147,146,0.00680272
47016,147,146,0.00680272
47028,147,146,0.00680272
47039,147,146,0.00680272
47052,147,146,0.00680272
47063,147,146,0.00680272
47074,147,146,0.00680272
47085,147,146,0.00680272
47098,147,146,0.00680272
47108,147,146,0.00680272
47121,147,146,0.00680272
47132,147,146,0.00680272
47142,147,146,0.00680272
47152,147,146,0.00680272
47166,147,146,0.00680272
47176,147,146,0.00680272
47188,147,146,0.00680272
47202,147,146,0.00680272
47215,147,146,0.00680272
47230,147,146,0.00680272
47242,147,146,0.00680272
47256,147,146,0.00680272
47271,147,146,0.00680272
47285,147,146,0.00680272
47296,147,146,0.00680272
47307,147,146,0.00680272
47319,147,146,0.00680272
47332,147,146,0.00680272
47344,147,146,0.00680272
47354,147,146,0.00680272
47365,147,146,0.00680272
47377,147,146,0.00680272
47390,147,146,0.00680272
47398,147,146,0.00680272
47411,147,146,0.00680272
47424,147,146,0.00680272
47437,147,146,0.00680272
47451,147,146,0.00680272
47461,147,146,0.00680272
47473,147,146,0.00680272
47482,147,146,0.00680272
47493,147,146,0.00680272
47506,147,146,0.00680272
47516,147,146,0.00680272
47529,147,146,0.00680272
47544,147,146,0.00680272
47557,147,146,0.00680272
47565,147,146,0.00680272
47574,147,146,0.00680272
47583,147,146,0.00680272
47595,147,146,0.00680272
47606,147,146,0.00680272
47618,147,146,0.00680272
47630,147,146,0.00680272
47641,147,146,0.00680272
47653,147,146,0.00680272
47665,147,146,0.00680272
47675,147,146,0.00680272
47688,147,146,0.00680272
47700,147,146,0.00680272
47707,147,146,0.00680272
47718,147,146,0.00680272
47726,147,146,0.00680272
47737,147,146,0.00680272
47749,147,146,0.00680272
47756,147,146,0.00680272
47765,147,146,0.00680272
47777,147,146,0.00680272
47789,147,146,0.00680272
47799,147,146,0.00680272
47808,147,146,0.00680272
47817,147,146,0.00680272
47828,147,146,0.00680272
47842,147,146,0.00680272
47854,147,146,0.00680272
47865,147,146,0.00680272
47874,147,146,0.00680272
47886,147,146,0.00680272
47895,147,146,0.00680272
47906,147,146,0.00680272
47920,147,146,0.00680272
47935,147,146,0.00680272
47946,147,146,0.00680272
47959,147,146,0.00680272
47972,147,146,0.00680272
47983,147,146,0.00680272
47995,147,146,0.00680272
48008,147,146,0.00680272
48021,147,146,0.00680272
48028,147,146,0.00680272
48037,147,146,0.00680272
48049,147,146,0.00680272
48062,147,146,0.00680272
48076,147,146,0.00680272
48086,147,146,0.00680272
48094,147,146,0.00680272
48104,147,146,0.00680272
48116,147,146,0.00680272
48128,147,146,0.00680272
48139,147,146,0.00680272
48153,147,146,0.00680272
48165,147,146,0.00680272
48176,147,146,0.00680272
48191,147,146,0.00680272
48199,147,146,0.00680272
48206,147,146,0.00680272
48215,147,146,0.00680272
48227,147,146,0.00680272
48238,147,146,0.00680272
48247,147,146,0.00680272
48258,147,146,0.00680272
48270,147,146,0.00680272
48282,147,146,0.00680272
48293,147,146,0.00680272
48303,147,146,0.00680272
48316,147,146,0.00680272
48327,147,146,0.00680272
48339,147,146,0.00680272
48350,147,146,0.00680272
48360,147,146,0.00680272
48371,147,146,0.00680272
48383,147,146,0.00680272
48396,147,146,0.00680272
48407,147,146,0.00680272
48419,147,146,0.00680272
48432,147,146,0.00680272
48441,147,146,0.00680272
48453,147,146,0.00680272
48462,147,146,0.00680272
48473,147,146,0.00680272
48480,147,146,0.00680272
48488,147,146,0.00680272
48499,147,146,0.00680272
48510,147,146,0.00680272
48518,147,146,0.00680272
48530,147,146,0.00680272
48539,147,146,0.00680272
48550,147,146,0.00680272
48558,147,146,0.00680272
48567,147,146,0.00680272
48574,147,146,0.00680272
48583,147,146,0.00680272
48590,147,146,0.00680272
48602,147,146,0.00680272
48610,147,146,0.00680272
48619,147,146,0.00680272
48626,147,146,0.00680272
48634,147,146,0.00680272
48645,147,146,0.00680272
48657,147,146,0.00680272
48664,147,146,0.00680272
48675,147,146,0.00680272
48685,147,146,0.00680272
48697,147,146,0.00680272
48710,147,146,0.00680272
48723,147,146,0.00680272
48733,147,146,0.00680272
48746,147,146,0.00680272
48761,147,146,0.00680272
48770,147,146,0.00680272
48782,147,146,0.00680272
48791,147,146,0.00680272
48796,147,146,0.00680272
48805,147,146,0.00680272
48818,147,146,0.00680272
48831,147,146,0.00680272
48843,147,146,0.00680272
48857,147,146,0.00680272
48867,147,146,0.00680272
48874,147,146,0.00680272
48886,147,146,0.00680272
48897,147,146,0.00680272
48909,147,146,0.00680272
48921,147,146,0.00680272
48931,147,146,0.00680272
48942,147,146,0.00680272
48953,147,146,0.00680272
48968,147,146,0.00680272
48976,147,146,0.00680272
48989,147,146,0.00680272
48999,147,146,0.00680272
49009,147,146,0.00680272
49021,147,146,0.00680272
49029,147,146,0.00680272
49040,147,146,0.00680272
49053,147,146,0.00680272
49066,147,146,0.00680272
49077,147,146,0.00680272
49091,147,146,0.00680272
49101,147,146,0.00680272
49113,147,146,0.00680272
49122,147,146,0.00680272
49135,147,146,0.00680272
49147,147,146,0.00680272
49159,147,146,0.00680272
49171,147,146,0.00680272
49181,147,146,0.00680272
49188,147,146,0.00680272
49196,147,146,0.00680272
49206,147,146,0.00680272
49216,147,146,0.00680272
49227,147,146,0.00680272
49241,147,146,0.00680272
49254,147,146,0.00680272
49264,147,146,0.00680272
49275,147,146,0.00680272
49286,147,146,0.00680272
49294,147,146,0.00680272
49301,147,146,0.00680272
49310,147,146,0.00680272
49325,147,146,0.00680272
49336,147,146,0.00680272
49351,147,146,0.00680272
49366,147,146,0.00680272
49377,147,146,0.00680272
49388,147,146,0.00680272
49401,147,146,0.00680272
49412,147,146,0.00680272
49424,147,146,0.00680272
49436,147,146,0.00680272
49445,147,146,0.00680272
49455,147,146,0.00680272
49466,147,146,0.00680272
49478,147,146,0.00680272
49490,147,146,0.00680272
49501,147,146,0.00680272
49511,147,146,0.00680272
49521,147,146,0.00680272
49531,147,146,0.00680272
49541,147,146,0.00680272
49554,147,146,0.00680272
49564,147,146,0.00680272
49573,147,146,0.00680272
49583,147,146,0.00680272
49595,147,146,0.00680272
49605,147,146,0.00680272
49614,147,146,0.00680272
49622,147,146,0.00680272
49632,147,146,0.00680272
49637,147,146,0.00680272
49647,147,146,0.00680272
49659,147,146,0.00680272
49668,147,146,0.00680272
49678,147,146,0.00680272
49687,147,146,0.00680272
49695,147,146,0.00680272
49706,147,146,0.00680272
49716,147,146,0.00680272
49725,147,146,0.00680272
49735,147,146,0.00680272
49747,147,146,0.00680272
49755,147,146,0.00680272
49766,147,146,0.00680272
49772,147,146,0.00680272
49780,147,146,0.00680272
49791,147,146,0.00680272
49801,147,146,0.00680272
49813,147,146,0.00680272
49825,147,146,0.00680272
49834,147,146,0.00680272
49849,147,146,0.00680272
49860,147,146,0.00680272
49872,147,146,0.00680272
49882,147,146,0.00680272
49895,147,146,0.00680272
49903,147,146,0.00680272
49913,147,146,0.00680272
49927,147,146,0.00680272
49936,147,146,0.00680272
49951,147,146,0.00680272
49961,147,146,0.00680272
49977,147,146,0.00680272
49990,147,146,0.00680272
50002,147,146,0.00680272
50013,147,146,0.00680272
50025,147,146,0.00680272
50036,147,146,0.00680272
50047,147,146,0.00680272
50058,147,146,0.00680272
50069,147,146,0.00680272
50082,147,146,0.00680272
50093,147,146,0.00680272
50105,147,146,0.00680272
50116,147,146,0.00680272
50126,147,146,0.00680272
50137,147,146,0.00680272
50149,147,146,0.00680272
50159,147,146,0.00680272
50169,147,146,0.00680272
50183,147,146,0.00680272
50195,147,146,0.00680272
50208,147,146,0.00680272
50221,147,146,0.00680272
50233,147,146,0.00680272
50246,147,146,0.00680272
50257,147,146,0.00680272
50270,147,146,0.00680272
50285,147,146,0.00680272
50297,147,146,0.00680272
50309,147,146,0.00680272
50323,147,146,0.00680272
50339,147,146,0.00680272
50351,147,146,0.00680272
50360,147,146,0.00680272
50373,147,146,0.00680272
50381,147,146,0.00680272
50391,147,146,0.00680272
50396,147,146,0.00680272
50407,147,146,0.00680272
50418,147,146,0.00680272
50426,147,146,0.00680272
50433,147,146,0.00680272
50444,147,146,0.00680272
50453,147,146,0.00680272
50460,147,146,0.00680272
50470,147,146,0.00680272
50484,147,146,0.00680272
50493,147,146,0.00680272
50503,147,146,0.00680272
50516,147,146,0.00680272
50528,147,146,0.00680272
50540,147,146,0.00680272
50553,147,146,0.00680272
50564,147,146,0.00680272
50573,147,146,0.00680272
50584,147,146,0.00680272
50597,147,146,0.00680272
50612,147,146,0.00680272
50622,147,146,0.00680272
50633,147,146,0.00680272
50647,147,146,0.00680272
50660,147,146,0.00680272
50673,147,146,0.00680272
50685,147,146,0.00680272
50697,147,146,0.00680272
50708,147,146,0.00680272
50720,147,146,0.00680272
50733,147,146,0.00680272
50748,147,146,0.00680272
50759,147,146,0.00680272
50773,147,146,0.00680272
50786,147,146,0.00680272
50799,147,146,0.00680272
50810,147,146,0.00680272
50825,147,146,0.00680272
50837,147,146,0.00680272
50851,147,146,0.00680272
50861,147,146,0.00680272
50872,147,146,0.00680272
50883,147,146,0.00680272
50896,147,146,0.00680272
50910,147,146,0.00680272
50924,147,146,0.00680272
50935,147,146,0.00680272
50947,147,146,0.00680272
50960,147,146,0.00680272
50968,147,146,0.00680272
50980,147,146,0.00680272
50988,147,146,0.00680272
50995,147,146,0.00680272
51003,147,146,0.00680272
51012,147,146,0.00680272
51023,147,146,0.00680272
51033,147,146,0.00680272
51042,147,146,0.00680272
51048,147,146,0.00680272
51055,147,146,0.00680272
51067,147,146,0.00680272
51078,147,146,0.00680272
51086,147,146,0.00680272
51098,147,146,0.00680272
51104,147,146,0.00680272
51114,147,146,0.00680272
51121,147,146,0.00680272
51135,147,146,0.00680272
51146,147,146,0.00680272
51157,147,146,0.00680272
51164,147,146,0.00680272
51176,147,146,0.00680272
51188,147,146,0.00680272
51201,147,146,0.00680272
51212,147,146,0.00680272
51225,147,146,0.00680272
51237,147,146,0.00680272
51251,147,146,0.00680272
51263,147,146,0.00680272
51277,147,146,0.00680272
51289,147,146,0.00680272
51301,147,146,0.00680272
51314,147,146,0.00680272
51326,147,146,0.00680272
51336,147,146,0.00680272
51348,147,146,0.00680272
51360,147,146,0.00680272
51372,147,146,0.00680272
51385,147,146,0.00680272
51398,147,146,0.00680272
51408,147,146,0.00680272
51419,147,146,0.00680272
51429,147,146,0.00680272
51440,147,146,0.00680272
51450,147,146,0.00680272
51459,147,146,0.00680272
51470,147,146,0.00680272
51479,147,146,0.00680272
51489,147,146,0.00680272
51500,147,146,0.00680272
51511,147,146,0.00680272
51519,147,146,0.00680272
51530,147,146,0.00680272
51541,147,146,0.00680272
51553,147,146,0.00680272
51566,147,146,0.00680272
51577,147,146,0.00680272
51588,147,146,0.00680272
51599,147,146,0.00680272
51610,147,146,0.00680272
51621,147,146,0.00680272
51634,147,146,0.00680272
51646,147,146,0.00680272
51658,147,146,0.00680272
51672,147,146,0.00680272
51683,147,146,0.00680272
51691,147,146,0.00680272
51702,147,146,0.00680272
51710,147,146,0.00680272
51720,147,146,0.00680272
51731,147,146,0.00680272
51744,147,146,0.00680272
51756,147,146,0.00680272
51768,147,146,0.00680272
51780,147,146,0.00680272
51793,147,146,0.00680272
51803,147,146,0.00680272
51815,147,146,0.00680272
51831,147,146,0.00680272
51845,147,146,0.00680272
51859,147,146,0.00680272
51866,147,146,0.00680272
51880,147,146,0.00680272
51894,147,146,0.00680272
51905,147,146,0.00680272
51917,147,146,0.00680272
51930,147,146,0.00680272
51941,147,146,0.00680272
51954,147,146,0.00680272
51965,147,146,0.00680272
51974,147,146,0.00680272
51985,147,146,0.00680272
51996,147,146,0.00680272
52005,147,146,0.00680272
52016,147,146,0.00680272
52025,147,146,0.00680272
52036,147,146,0.00680272
52046,147,146,0.00680272
52058,147,146,0.00680272
52070,147,146,0.00680272
52080,147,146,0.00680272
52091,147,146,0.00680272
52100,147,146,0.00680272
52110,147,146,0.00680272
52123,147,146,0.00680272
52137,147,146,0.00680272
52150,147,146,0.00680272
52160,147,146,0.00680272
52169,147,146,0.00680272
52179,147,146,0.00680272
52191,147,146,0.00680272
52202,147,146,0.00680272
52215,147,146,0.00680272
52229,147,146,0.00680272
52240,147,146,0.00680272
52252,147,146,0.00680272
52263,147,146,0.00680272
52272,147,146,0.00680272
52285,147,146,0.00680272
52297,147,146,0.00680272
52306,147,146,0.00680272
52318,147,146,0.00680272
52331,147,146,0.00680272
52343,147,146,0.00680272
52354,147,146,0.00680272
52367,147,146,0.00680272
52380,147,146,0.00680272
52392,147,146,0.00680272
52403,147,146,0.00680272
52411,147,146,0.00680272
52425,147,146,0.00680272
52438,147,146,0.00680272
52450,147,146,0.00680272
52463,147,146,0.00680272
52475,147,146,0.00680272
52486,147,146,0.00680272
52497,147,146,0.00680272
52507,147,146,0.00680272
52518,147,146,0.00680272
52532,147,146,0.00680272
52543,147,146,0.00680272
52558,147,146,0.00680272
52571,147,146,0.00680272
52585,147,146,0.00680272
52596,147,146,0.00680272
52608,147,146,0.00680272
52618,147,146,0.00680272
52631,147,146,0.00680272
52642,147,146,0.00680272
52654,147,146,0.00680272
52663,147,146,0.00680272
52672,147,146,0.00680272
52685,147,146,0.00680272
52693,147,146,0.00680272
52704,147,146,0.00680272
52716,147,146,0.00680272
52726,147,146,0.00680272
52734,147,146,0.00680272
52745,147,146,0.00680272
52757,147,146,0.00680272
52769,147,146,0.00680272
52783,147,146,0.00680272
52793,147,146,0.00680272
52803,147,146,0.00680272
52815,147,146,0.00680272
52826,147,146,0.00680272
52837,147,146,0.00680272
52849,147,146,0.00680272
52861,147,146,0.00680272
52872,147,146,0.00680272
52885,147,146,0.00680272
52895,147,146,0.00680272
52906,147,146,0.00680272
52919,147,146,0.00680272
52934,147,146,0.00680272
52943,147,146,0.00680272
52956,147,146,0.00680272
52969,147,146,0.00680272
52979,147,146,0.00680272
52990,147,146,0.00680272
53001,147,146,0.00680272
53010,147,146,0.00680272
53021,147,146,0.00680272
53033,147,146,0.00680272
53045,147,146,0.00680272
53058,147,146,0.00680272
53069,147,146,0.00680272
53081,147,146,0.00680272
53095,147,146,0.00680272
53104,147,146,0.00680272
53115,147,146,0.00680272
53131,147,146,0.00680272
53145,147,146,0.00680272
53156,147,146,0.00680272
53167,147,146,0.00680272
53178,147,146,0.00680272
53189,147,146,0.00680272
53203,147,146,0.00680272
53216,147,146,0.00680272
53228,147,146,0.00680272
53241,147,146,0.00680272
53254,147,146,0.00680272
53268,147,146,0.00680272
53280,147,146,0.00680272
53294,147,146,0.00680272
53305,147,146,0.00680272
53317,147,146,0.00680272
53330,147,146,0.00680272
53338,147,146,0.00680272
53345,147,146,0.00680272
53359,147,146,0.00680272
53371,147,146,0.00680272
53383,147,146,0.00680272
53396,147,146,0.00680272
53409,147,146,0.00680272
53420,147,146,0.00680272
53429,147,146,0.00680272
53441,147,146,0.00680272
53451,147,146,0.00680272
53458,147,146,0.00680272
53469,147,146,0.00680272
53481,147,146,0.00680272
53492,147,146,0.00680272
53503,147,146,0.00680272
53517,147,146,0.00680272
53526,147,146,0.00680272
53536,147,146,0.00680272
53548,147,146,0.00680272
53563,147,146,0.00680272
53576,147,146,0.00680272
53589,147,146,0.00680272
53601,147,146,0.00680272
53608,147,146,0.00680272
53621,147,146,0.00680272
53633,147,146,0.00680272
53647,147,146,0.00680272
53658,147,146,0.00680272
53669,147,146,0.00680272
53681,147,146,0.00680272
53693,147,146,0.00680272
53704,147,146,0.00680272
53716,147,146,0.00680272
53725,147,146,0.00680272
53737,147,146,0.00680272
53749,147,146,0.00680272
53762,147,146,0.00680272
53776,147,146,0.00680272
53788,147,146,0.00680272
53802,147,146,0.00680272
53815,147,146,0.00680272
53828,147,146,0.00680272
53842,147,146,0.00680272
53857,147,146,0.00680272
53872,147,146,0.00680272
53883,147,146,0.00680272
53895,147,146,0.00680272
53908,147,146,0.00680272
53920,147,146,0.00680272
53934,147,146,0.00680272
53947,147,146,0.00680272
53956,147,146,0.00680272
53969,147,146,0.00680272
53979,147,146,0.00680272
53991,147,146,0.00680272
54002,147,146,0.00680272
54014,147,146,0.00680272
54027,147,146,0.00680272
54039,147,146,0.00680272
54048,147,146,0.00680272
54058,147,146,0.00680272
54069,147,146,0.00680272
54081,147,146,0.00680272
54090,147,146,0.00680272
54101,147,146,0.00680272
54114,147,146,0.00680272
54128,147,146,0.00680272
54140,147,146,0.00680272
54155,147,146,0.00680272
54167,147,146,0.00680272
54178,147,146,0.00680272
54184,147,146,0.00680272
54193,147,146,0.00680272
54205,147,146,0.00680272
54219,147,146,0.00680272
54230,147,146,0.00680272
54243,147,146,0.00680272
54257,147,146,0.00680272
54266,147,146,0.00680272
54277,147,146,0.00680272
54286,147,146,0.00680272
54298,147,146,0.00680272
54310,147,146,0.00680272
54321,147,146,0.00680272
54333,147,146,0.00680272
54346,147,146,0.00680272
54359,147,146,0.00680272
54370,147,146,0.00680272
54382,147,146,0.00680272
54396,147,146,0.00680272
54408,147,146,0.00680272
54422,147,146,0.00680272
54437,147,146,0.00680272
54450,147,146,0.00680272
54460,147,146,0.00680272
54469,147,146,0.00680272
54480,147,146,0.00680272
54493,147,146,0.00680272
54505,147,146,0.00680272
54514,147,146,0.00680272
54522,147,146,0.00680272
54534,147,146,0.00680272
54545,147,146,0.00680272
54559,147,146,0.00680272
54572,147,146,0.00680272
54582,147,146,0.00680272
54596,147,146,0.00680272
54610,147,146,0.00680272
54621,147,146,0.00680272
54636,147,146,0.00680272
54649,147,146,0.00680272
54663,147,146,0.00680272
54676,147,146,0.00680272
54688,147,146,0.00680272
54699,147,146,0.00680272
54710,147,146,0.00680272
54718,147,146,0.00680272
54729,147,146,0.00680272
54739,147,146,0.00680272
54747,147,146,0.00680272
54759,147,146,0.00680272
54774,147,146,0.00680272
54786,147,146,0.00680272
54797,147,146,0.00680272
54803,147,146,0.00680272
54816,147,146,0.00680272
54828,147,146,0.00680272
54841,147,146,0.00680272
54853,147,146,0.00680272
54862,147,146,0.00680272
54874,147,146,0.00680272
54885,147,146,0.00680272
54897,147,146,0.00680272
54909,147,146,0.00680272
54923,147,146,0.00680272
54936,147,146,0.00680272
54947,147,146,0.00680272
54960,147,146,0.00680272
54967,147,146,0.00680272
54980,147,146,0.00680272
54993,147,146,0.00680272
55004,147,146,0.00680272
55017,147,146,0.00680272
55028,147,146,0.00680272
55038,147,146,0.00680272
55051,147,146,0.00680272
55065,147,146,0.00680272
55078,147,146,0.00680272
55091,147,146,0.00680272
55103,147,146,0.00680272
55115,147,146,0.00680272
55128,147,146,0.00680272
55138,147,146,0.00680272
55151,147,146,0.00680272
55163,147,146,0.00680272
55175,147,146,0.00680272
55189,147,146,0.00680272
55203,147,146,0.00680272
55214,147,146,0.00680272
55223,147,146,0.00680272
55239,147,146,0.00680272
55252,147,146,0.00680272
55264,147,146,0.00680272
55277,147,146,0.00680272
55285,147,146,0.00680272
55295,147,146,0.00680272
55308,147,146,0.00680272
55321,147,146,0.00680272
55335,147,146,0.00680272
55348,147,146,0.00680272
55358,147,146,0.00680272
55370,147,146,0.00680272
55383,147,146,0.00680272
55393,147,146,0.00680272
55406,147,146,0.00680272
55420,147,146,0.00680272
55433,147,146,0.00680272
55448,147,146,0.00680272
55458,147,146,0.00680272
55469,147,146,0.00680272
55481,147,146,0.00680272
55494,147,146,0.00680272
55504,147,146,0.00680272
55515,147,146,0.00680272
55529,147,146,0.00680272
55541,147,146,0.00680272
55554,147,146,0.00680272
55568,147,146,0.00680272
55579,147,146,0.00680272
55590,147,146,0.00680272
55600,147,146,0.00680272
55612,147,146,0.00680272
55623,147,146,0.00680272
55632,147,146,0.00680272
55646,147,146,0.00680272
55660,147,146,0.00680272
55674,147,146,0.00680272
55684,147,146,0.00680272
55697,147,146,0.00680272
55710,147,146,0.00680272
55725,147,146,0.00680272
55739,147,146,0.00680272
55752,147,146,0.00680272
55766,147,146,0.00680272
55776,147,146,0.00680272
55790,147,146,0.00680272
55802,147,146,0.00680272
55817,147,146,0.00680272
55828,147,146,0.00680272
55841,147,146,0.00680272
55856,147,146,0.00680272
55870,147,146,0.00680272
55883,147,146,0.00680272
55896,147,146,0.00680272
55909,147,146,0.00680272
55919,147,146,0.00680272
55929,147,146,0.00680272
55942,147,146,0.00680272
55951,147,146,0.00680272
55964,147,146,0.00680272
55976,147,146,0.00680272
55988,147,146,0.00680272
55995,147,146,0.00680272
56005,147,146,0.00680272
56016,147,146,0.00680272
56027,147,146,0.00680272
56043,147,146,0.00680272
56055,147,146,0.00680272
56061,147,146,0.00680272
56073,147,146,0.00680272
56086,147,146,0.00680272
56099,147,146,0.00680272
56112,147,146,0.00680272
56123,147,146,0.00680272
56135,147,146,0.00680272
56147,147,146,0.00680272
56160,147,146,0.00680272
56171,147,146,0.00680272
56185,147,146,0.00680272
56197,147,146,0.00680272
56211,147,146,0.00680272
56219,147,146,0.00680272
56230,147,146,0.00680272
56243,147,146,0.00680272
56256,147,146,0.00680272
56271,147,146,0.00680272
56283,147,146,0.00680272
56294,147,146,0.00680272
56305,147,146,0.00680272
56319,147,146,0.00680272
56329,147,146,0.00680272
56344,147,146,0.00680272
56355,147,146,0.00680272
56367,147,146,0.00680272
56378,147,146,0.00680272
56390,147,146,0.00680272
56400,147,146,0.00680272
56413,147,146,0.00680272
56426,147,146,0.00680272
56439,147,146,0.00680272
56450,147,146,0.00680272
56458,147,146,0.00680272
56466,147,146,0.00680272
56478,147,146,0.00680272
56489,147,146,0.00680272
56501,147,146,0.00680272
56514,147,146,0.00680272
56526,147,146,0.00680272
56538,147,146,0.00680272
56550,147,146,0.00680272
56565,147,146,0.00680272
56576,147,146,0.00680272
56584,147,146,0.00680272
56599,147,146,0.00680272
56608,147,146,0.00680272
56620,147,146,0.00680272
56630,147,146,0.00680272
56642,147,146,0.00680272
56655,147,146,0.00680272
56668,147,146,0.00680272
56681,147,146,0.00680272
56695,147,146,0.00680272
56707,147,146,0.00680272
56720,147,146,0.00680272
56730,147,146,0.00680272
56742,147,146,0.00680272
56756,147,146,0.00680272
56769,147,146,0.00680272
56783,147,146,0.00680272
56794,147,146,0.00680272
56806,147,146,0.00680272
56820,147,146,0.00680272
56829,147,146,0.00680272
56835,147,146,0.00680272
56844,147,146,0.00680272
56858,147,146,0.00680272
56870,147,146,0.00680272
56884,147,146,0.00680272
56897,147,146,0.00680272
56907,147,146,0.00680272
56918,147,146,0.00680272
56931,147,146,0.00680272
56942,147,146,0.00680272
56955,147,146,0.00680272
56968,147,146,0.00680272
56982,147,146,0.00680272
56996,147,146,0.00680272
57007,147,146,0.00680272
57019,147,146,0.00680272
57033,147,146,0.00680272
57045,147,146,0.00680272
57060,147,146,0.00680272
57074,147,146,0.00680272
57088,147,146,0.00680272
57102,147,146,0.00680272
57117,147,146,0.00680272
57127,147,146,0.00680272
57140,147,146,0.00680272
57153,147,146,0.00680272
57163,147,146,0.00680272
57176,147,146,0.00680272
57185,147,146,0.00680272
57198,147,146,0.00680272
57210,147,146,0.00680272
57221,147,146,0.00680272
57234,147,146,0.00680272
57249,147,146,0.00680272
57263,147,146,0.00680272
57275,147,146,0.00680272
57288,147,146,0.00680272
57295,147,146,0.00680272
57306,147,146,0.00680272
57319,147,146,0.00680272
57329,147,146,0.00680272
57340,147,146,0.00680272
57354,147,146,0.00680272
57366,147,146,0.00680272
57378,147,146,0.00680272
57391,147,146,0.00680272
57402,147,146,0.00680272
57414,147,146,0.00680272
57428,147,146,0.00680272
57441,147,146,0.00680272
57452,147,146,0.00680272
57465,147,146,0.00680272
57480,147,146,0.00680272
57490,147,146,0.00680272
57503,147,146,0.00680272
57517,147,146,0.00680272
57531,147,146,0.00680272
57546,147,146,0.00680272
57556,147,146,0.00680272
57571,147,146,0.00680272
57583,147,146,0.00680272
57594,147,146,0.00680272
57605,147,146,0.00680272
57620,147,146,0.00680272
57635,147,146,0.00680272
57653,147,146,0.00680272
57664,147,146,0.00680272
57676,147,146,0.00680272
57690,147,146,0.00680272
57702,147,146,0.00680272
57711,147,146,0.00680272
57724,147,146,0.00680272
57739,147,146,0.00680272
57751,147,146,0.00680272
57765,147,146,0.00680272
57778,147,146,0.00680272
57791,147,146,0.00680272
57800,147,146,0.00680272
57814,147,146,0.00680272
57825,147,146,0.00680272
57841,147,146,0.00680272
57854,147,146,0.00680272
57868,147,146,0.00680272
57883,147,146,0.00680272
57897,147,146,0.00680272
57905,147,146,0.00680272
57921,147,146,0.00680272
57932,147,146,0.00680272
57944,147,146,0.00680272
57959,147,146,0.00680272
57972,147,146,0.00680272
57987,147,146,0.00680272
57997,147,146,0.00680272
58010,147,146,0.00680272
58024,147,146,0.00680272
58040,147,146,0.00680272
58047,147,146,0.00680272
58055,147,146,0.00680272
58069,147,146,0.00680272
58083,147,146,0.00680272
58092,147,146,0.00680272
58103,147,146,0.00680272
58116,147,146,0.00680272
58128,147,146,0.00680272
58136,147,146,0.00680272
58147,147,146,0.00680272
58161,147,146,0.00680272
58175,147,146,0.00680272
58186,147,146,0.00680272
58201,147,146,0.00680272
58208,147,146,0.00680272
58220,147,146,0.00680272
58231,147,146,0.00680272
58242,147,146,0.00680272
58256,147,146,0.00680272
58266,147,146,0.00680272
58280,147,146,0.00680272
58292,147,146,0.00680272
58304,147,146,0.00680272
58317,147,146,0.00680272
58331,147,146,0.00680272
58344,147,146,0.00680272
58359,147,146,0.00680272
58372,147,146,0.00680272
58388,147,146,0.00680272
58399,147,146,0.00680272
58413,147,146,0.00680272
58419,147,146,0.00680272
58427,147,146,0.00680272
58439,147,146,0.00680272
58452,147,146,0.00680272
58464,147,146,0.00680272
58478,147,146,0.00680272
58485,147,146,0.00680272
58500,147,146,0.00680272
58512,147,146,0.00680272
58520,147,146,0.00680272
58534,147,146,0.00680272
58547,147,146,0.00680272
58560,147,146,0.00680272
58574,147,146,0.00680272
58585,147,146,0.00680272
58600,147,146,0.00680272
58613,147,146,0.00680272
58628,147,146,0.00680272
58640,147,146,0.00680272
58655,147,146,0.00680272
58670,147,146,0.00680272
58681,147,146,0.00680272
58693,147,146,0.00680272
58704,147,146,0.00680272
58717,147,146,0.00680272
58729,147,146,0.00680272
58741,147,146,0.00680272
58754,147,146,0.00680272
58769,147,146,0.00680272
58779,147,146,0.00680272
58794,147,146,0.00680272
58799,147,146,0.00680272
58809,147,146,0.00680272
58821,147,146,0.00680272
58835,147,146,0.00680272
58848,147,146,0.00680272
58859,147,146,0.00680272
58872,147,146,0.00680272
58884,147,146,0.00680272
58894,147,146,0.00680272
58906,147,146,0.00680272
58920,147,146,0.00680272
58929,147,146,0.00680272
58940,147,146,0.00680272
58952,147,146,0.00680272
58966,147,146,0.00680272
58981,147,146,0.00680272
58992,147,146,0.00680272
59005,147,146,0.00680272
59014,147,146,0.00680272
59028,147,146,0.00680272
59044,147,146,0.00680272
59059,147,146,0.00680272
59070,147,146,0.00680272
59082,147,146,0.00680272
59097,147,146,0.00680272
59110,147,146,0.00680272
59124,147,146,0.00680272
59136,147,146,0.00680272
59144,147,146,0.00680272
59157,147,146,0.00680272
59170,147,146,0.00680272
59184,147,146,0.00680272
59199,147,146,0.00680272
59210,147,146,0.00680272
59224,147,146,0.00680272
59239,147,146,0.00680272
59247,147,146,0.00680272
59255,147,146,0.00680272
59264,147,146,0.00680272
59276,147,146,0.00680272
59287,147,146,0.00680272
59298,147,146,0.00680272
59311,147,146,0.00680272
59324,147,146,0.00680272
59336,147,146,0.00680272
59348,147,146,0.00680272
59364,147,146,0.00680272
59373,147,146,0.00680272
59382,147,146,0.00680272
59394,147,146,0.00680272
59406,147,146,0.00680272
59421,147,146,0.00680272
59436,147,146,0.00680272
59447,147,146,0.00680272
59460,147,146,0.00680272
59474,147,146,0.00680272
59484,147,146,0.00680272
59498,147,146,0.00680272
59513,147,146,0.00680272
59527,147,146,0.00680272
59540,147,146,0.00680272
59551,147,146,0.00680272
59565,147,146,0.00680272
59576,147,146,0.00680272
59590,147,146,0.00680272
59600,147,146,0.00680272
59612,147,146,0.00680272
59622,147,146,0.00680272
59626,147,146,0.00680272
59639,147,146,0.00680272
59653,147,146,0.00680272
59665,147,146,0.00680272
59679,147,146,0.00680272
59692,147,146,0.00680272
59705,147,146,0.00680272
59716,147,146,0.00680272
59723,147,146,0.00680272
59736,147,146,0.00680272
59749,147,146,0.00680272
59762,147,146,0.00680272
59778,147,146,0.00680272
59794,147,146,0.00680272
59808,147,146,0.00680272
59821,147,146,0.00680272
59835,147,146,0.00680272
59846,147,146,0.00680272
59858,147,146,0.00680272
59872,147,146,0.00680272
59887,147,146,0.00680272
59898,147,146,0.00680272
59907,147,146,0.00680272
59914,147,146,0.00680272
59925,147,146,0.00680272
59934,147,146,0.00680272
59943,147,146,0.00680272
59956,147,146,0.00680272
59967,147,146,0.00680272
59979,147,146,0.00680272
59991,147,146,0.00680272
60000,147,146,0.00680272
60136,147,146,0.00680272
