time_ms,ub,lb,gap
6,,54,
6,68,54,0.205882
7,68,54,0.205882
8,68,54,0.205882
8,68,54,0.205882
9,68,54,0.205882
10,68,54,0.205882
10,68,54,0.205882
11,68,54,0.205882
12,68,54,0.205882
13,68,54,0.205882
13,68,54,0.205882
14,68,54,0.205882
15,68,54,0.205882
16,68,54,0.205882
16,68,54,0.205882
17,68,54,0.205882
18,68,54,0.205882
19,68,54,0.205882
19,68,54,0.205882
20,68,54,0.205882
21,68,54,0.205882
22,68,54,0.205882
22,68,54,0.205882
23,68,54,0.205882
24,68,54,0.205882
24,68,54,0.205882
25,68,54,0.205882
26,68,54,0.205882
27,68,54,0.205882
28,68,54,0.205882
29,68,54,0.205882
29,68,54,0.205882
30,68,54,0.205882
31,68,54,0.205882
32,68,54,0.205882
34,68,54,0.205882
35,68,54,0.205882
35,68,54,0.205882
36,68,54,0.205882
37,68,54,0.205882
38,68,54,0.205882
39,68,54,0.205882
39,68,54,0.205882
40,68,54,0.205882
41,68,54,0.205882
42,68,54,0.205882
43,68,54,0.205882
44,68,54,0.205882
44,68,54,0.205882
45,68,54,0.205882
46,68,54,0.205882
47,68,54,0.205882
48,68,54,0.205882
49,68,54,0.205882
50,68,54,0.205882
51,68,54,0.205882
52,68,54,0.205882
53,68,54,0.205882
54,68,54,0.205882
54,68,54,0.205882
55,68,54,0.205882
57,68,54,0.205882
58,68,54,0.205882
58,68,54,0.205882
59,68,54,0.205882
60,68,54,0.205882
61,68,54,0.205882
62,68,54,0.205882
64,68,54,0.205882
65,68,54,0.205882
66,68,54,0.205882
67,68,54,0.205882
68,68,54,0.205882
69,68,54,0.205882
70,68,54,0.205882
71,68,54,0.205882
73,68,54,0.205882
74,68,54,0.205882
75,68,54,0.205882
76,68,54,0.205882
77,68,54,0.205882
78,68,54,0.205882
79,68,54,0.205882
80,68,54,0.205882
81,68,54,0.205882
83,68,54,0.205882
84,68,54,0.205882
85,68,54,0.205882
86,68,54,0.205882
87,68,54,0.205882
88,68,54,0.205882
90,68,54,0.205882
91,68,54,0.205882
92,68,54,0.205882
93,68,54,0.205882
94,68,54,0.205882
96,68,54,0.205882
97,68,54,0.205882
98,68,54,0.205882
99,68,54,0.205882
100,68,54,0.205882
102,68,54,0.205882
103,68,54,0.205882
104,68,54,0.205882
105,68,54,0.205882
107,68,54,0.205882
108,68,54,0.205882
109,68,54,0.205882
110,68,54,0.205882
112,68,54,0.205882
113,68,54,0.205882
114,68,54,0.205882
116,68,54,0.205882
117,68,54,0.205882
118,68,54,0.205882
120,68,54,0.205882
121,68,54,0.205882
122,68,54,0.205882
124,68,54,0.205882
125,68,54,0.205882
126,68,54,0.205882
128,68,54,0.205882
129,68,54,0.205882
131,68,54,0.205882
132,68,54,0.205882
133,68,54,0.205882
135,68,54,0.205882
136,68,54,0.205882
138,68,54,0.205882
139,68,54,0.205882
140,68,54,0.205882
142,68,54,0.205882
143,68,54,0.205882
145,68,54,0.205882
146,68,54,0.205882
147,68,54,0.205882
149,68,54,0.205882
150,68,54,0.205882
152,68,54,0.205882
153,68,54,0.205882
155,68,54,0.205882
156,68,54,0.205882
158,68,54,0.205882
159,68,54,0.205882
161,68,54,0.205882
162,68,54,0.205882
164,68,54,0.205882
165,68,54,0.205882
167,68,54,0.205882
168,68,54,0.205882
170,68,54,0.205882
171,68,54,0.205882
173,68,54,0.205882
174,68,54,0.205882
176,68,54,0.205882
177,68,54,0.205882
179,68,54,0.205882
180,68,54,0.205882
182,68,54,0.205882
183,68,54,0.205882
185,68,54,0.205882
187,68,54,0.205882
188,68,54,0.205882
190,68,54,0.205882
192,68,54,0.205882
194,68,54,0.205882
196,68,54,0.205882
197,68,54,0.205882
199,68,54,0.205882
200,68,54,0.205882
202,68,54,0.205882
204,68,54,0.205882
206,68,54,0.205882
208,68,54,0.205882
209,68,54,0.205882
211,68,54,0.205882
213,68,54,0.205882
214,68,54,0.205882
216,68,54,0.205882
218,68,54,0.205882
219,68,54,0.205882
221,68,54,0.205882
223,68,54,0.205882
225,68,54,0.205882
227,68,54,0.205882
228,68,54,0.205882
230,68,54,0.205882
232,68,54,0.205882
233,68,54,0.205882
235,68,54,0.205882
237,68,54,0.205882
239,68,54,0.205882
240,68,54,0.205882
242,68,54,0.205882
244,68,54,0.205882
246,68,54,0.205882
248,68,54,0.205882
250,68,54,0.205882
252,68,54,0.205882
253,68,54,0.205882
255,68,54,0.205882
257,68,54,0.205882
259,68,54,0.205882
261,68,54,0.205882
263,68,54,0.205882
265,68,54,0.205882
266,68,54,0.205882
268,68,54,0.205882
270,68,54,0.205882
272,68,54,0.205882
274,68,54,0.205882
276,68,54,0.205882
278,68,54,0.205882
280,68,54,0.205882
282,68,54,0.205882
284,68,54,0.205882
286,68,54,0.205882
288,68,54,0.205882
290,68,54,0.205882
292,68,54,0.205882
294,68,54,0.205882
296,68,54,0.205882
298,68,54,0.205882
300,68,54,0.205882
302,68,54,0.205882
304,68,54,0.205882
306,68,54,0.205882
308,68,54,0.205882
310,68,54,0.205882
312,68,54,0.205882
314,68,54,0.205882
316,68,54,0.205882
318,68,54,0.205882
320,68,54,0.205882
322,68,54,0.205882
324,68,54,0.205882
326,68,54,0.205882
328,68,54,0.205882
330,68,54,0.205882
332,68,54,0.205882
334,68,54,0.205882
336,68,54,0.205882
338,68,54,0.205882
340,68,54,0.205882
342,68,54,0.205882
344,68,54,0.205882
346,68,54,0.205882
348,68,54,0.205882
350,68,54,0.205882
352,68,54,0.205882
354,68,54,0.205882
356,68,54,0.205882
358,68,54,0.205882
360,68,54,0.205882
362,68,54,0.205882
364,68,54,0.205882
367,68,54,0.205882
369,68,54,0.205882
371,68,54,0.205882
373,68,54,0.205882
375,68,54,0.205882
377,68,54,0.205882
379,68,54,0.205882
381,68,54,0.205882
383,68,54,0.205882
385,68,54,0.205882
387,68,54,0.205882
389,68,54,0.205882
392,68,54,0.205882
394,68,54,0.205882
396,68,54,0.205882
398,68,54,0.205882
400,68,54,0.205882
402,67,54,0.19403
404,67,54,0.19403
406,67,54,0.19403
408,67,54,0.19403
410,67,54,0.19403
412,67,54,0.19403
413,67,54,0.19403
414,67,54,0.19403
415,67,54,0.19403
416,67,54,0.19403
416,67,54,0.19403
417,67,54,0.19403
417,67,54,0.19403
417,67,54,0.19403
418,67,54,0.19403
418,67,54,0.19403
418,67,54,0.19403
420,67,54,0.19403
422,67,54,0.19403
424,67,54,0.19403
425,67,54,0.19403
427,67,54,0.19403
429,67,54,0.19403
431,67,54,0.19403
433,67,54,0.19403
435,67,54,0.19403
437,67,54,0.19403
439,67,54,0.19403
440,67,54,0.19403
442,67,54,0.19403
444,67,54,0.19403
446,67,54,0.19403
447,67,54,0.19403
449,67,54,0.19403
451,67,54,0.19403
452,67,54,0.19403
454,67,54,0.19403
456,67,54,0.19403
457,67,54,0.19403
459,67,54,0.19403
461,67,54,0.19403
462,67,54,0.19403
464,67,54,0.19403
466,67,54,0.19403
467,67,54,0.19403
469,67,54,0.19403
470,67,54,0.19403
472,67,54,0.19403
474,67,54,0.19403
475,67,54,0.19403
477,67,54,0.19403
478,67,54,0.19403
480,67,54,0.19403
481,67,54,0.19403
482,67,54,0.19403
484,67,54,0.19403
485,67,54,0.19403
487,67,54,0.19403
489,67,54,0.19403
490,67,54,0.19403
492,67,54,0.19403
493,67,54,0.19403
494,67,54,0.19403
496,67,54,0.19403
497,67,54,0.19403
499,67,54,0.19403
500,67,54,0.19403
502,67,54,0.19403
503,67,54,0.19403
504,67,54,0.19403
506,67,54,0.19403
507,67,54,0.19403
509,67,54,0.19403
510,67,54,0.19403
511,67,54,0.19403
513,67,54,0.19403
514,67,54,0.19403
516,67,54,0.19403
517,67,54,0.19403
518,67,54,0.19403
520,67,54,0.19403
521,67,54,0.19403
523,67,54,0.19403
524,67,54,0.19403
526,67,54,0.19403
527,67,54,0.19403
529,67,54,0.19403
530,67,54,0.19403
531,67,54,0.19403
533,67,54,0.19403
535,67,54,0.19403
536,67,54,0.19403
537,67,54,0.19403
539,67,54,0.19403
540,67,54,0.19403
542,67,54,0.19403
543,67,54,0.19403
545,67,54,0.19403
547,67,54,0.19403
548,67,54,0.19403
550,67,54,0.19403
552,67,54,0.19403
553,67,54,0.19403
554,67,54,0.19403
556,67,54,0.19403
557,66,54,0.181818
558,66,54,0.181818
560,66,54,0.181818
561,66,54,0.181818
561,66,54,0.181818
562,66,54,0.181818
563,66,54,0.181818
564,66,54,0.181818
565,66,54,0.181818
565,66,54,0.181818
566,66,54,0.181818
567,66,54,0.181818
567,66,54,0.181818
568,66,54,0.181818
568,66,54,0.181818
569,66,54,0.181818
570,66,54,0.181818
571,66,54,0.181818
572,66,54,0.181818
573,66,54,0.181818
574,66,54,0.181818
575,66,54,0.181818
576,66,54,0.181818
577,66,54,0.181818
578,66,54,0.181818
579,66,54,0.181818
580,66,54,0.181818
581,66,54,0.181818
582,66,54,0.181818
583,66,54,0.181818
585,66,54,0.181818
586,66,54,0.181818
587,66,54,0.181818
589,66,54,0.181818
590,66,54,0.181818
592,66,54,0.181818
593,66,54,0.181818
595,66,54,0.181818
596,66,54,0.181818
597,66,54,0.181818
599,66,54,0.181818
600,66,54,0.181818
601,66,54,0.181818
603,66,54,0.181818
604,66,54,0.181818
606,66,54,0.181818
607,66,54,0.181818
608,66,54,0.181818
610,66,54,0.181818
611,66,54,0.181818
612,66,54,0.181818
614,66,54,0.181818
615,66,54,0.181818
616,66,54,0.181818
618,66,54,0.181818
619,66,54,0.181818
621,66,54,0.181818
622,66,54,0.181818
623,66,54,0.181818
625,66,54,0.181818
626,66,54,0.181818
628,66,54,0.181818
629,66,54,0.181818
630,66,54,0.181818
632,66,54,0.181818
633,66,54,0.181818
635,66,54,0.181818
636,66,54,0.181818
638,66,54,0.181818
639,66,54,0.181818
641,66,54,0.181818
643,66,54,0.181818
644,66,54,0.181818
646,66,54,0.181818
647,66,54,0.181818
649,66,54,0.181818
651,66,54,0.181818
653,66,54,0.181818
654,66,54,0.181818
656,66,54,0.181818
658,66,54,0.181818
659,66,54,0.181818
661,66,54,0.181818
663,66,54,0.181818
665,66,54,0.181818
666,66,54,0.181818
668,66,54,0.181818
670,66,54,0.181818
671,65,54,0.169231
672,65,54,0.169231
673,65,54,0.169231
674,65,54,0.169231
674,65,54,0.169231
676,65,54,0.169231
678,65,54,0.169231
680,65,54,0.169231
681,65,54,0.169231
683,65,54,0.169231
685,65,54,0.169231
686,65,54,0.169231
687,65,54,0.169231
689,65,54,0.169231
690,65,54,0.169231
691,65,54,0.169231
692,65,54,0.169231
694,65,54,0.169231
695,65,54,0.169231
697,65,54,0.169231
698,65,54,0.169231
700,65,54,0.169231
701,65,54,0.169231
702,65,54,0.169231
704,65,54,0.169231
705,65,54,0.169231
707,65,54,0.169231
708,65,54,0.169231
709,65,54,0.169231
711,65,54,0.169231
712,65,54,0.169231
714,65,54,0.169231
715,65,54,0.169231
717,65,54,0.169231
718,65,54,0.169231
720,65,54,0.169231
721,65,54,0.169231
723,65,54,0.169231
724,65,54,0.169231
726,65,54,0.169231
727,64,54,0.15625
727,64,54,0.15625
728,64,54,0.15625
728,64,54,0.15625
729,64,54,0.15625
729,64,54,0.15625
729,64,54,0.15625
730,64,54,0.15625
732,64,54,0.15625
733,64,54,0.15625
734,64,54,0.15625
735,64,54,0.15625
736,64,54,0.15625
737,64,54,0.15625
738,64,54,0.15625
740,64,54,0.15625
741,64,54,0.15625
742,64,54,0.15625
743,64,54,0.15625
745,64,54,0.15625
746,64,54,0.15625
747,64,54,0.15625
748,64,54,0.15625
750,64,54,0.15625
751,64,54,0.15625
752,64,54,0.15625
753,64,54,0.15625
754,64,54,0.15625
756,64,54,0.15625
757,64,54,0.15625
758,64,54,0.15625
759,64,54,0.15625
760,64,54,0.15625
762,64,54,0.15625
763,64,54,0.15625
764,64,54,0.15625
765,64,54,0.15625
767,64,54,0.15625
768,64,54,0.15625
769,64,54,0.15625
770,64,54,0.15625
772,64,54,0.15625
773,64,54,0.15625
774,64,54,0.15625
776,64,54,0.15625
777,64,54,0.15625
778,64,54,0.15625
779,64,54,0.15625
781,64,54,0.15625
782,64,54,0.15625
783,64,54,0.15625
784,64,54,0.15625
785,64,54,0.15625
787,64,54,0.15625
788,64,54,0.15625
789,64,54,0.15625
791,64,54,0.15625
792,64,54,0.15625
793,64,54,0.15625
794,64,54,0.15625
795,64,54,0.15625
797,64,54,0.15625
798,64,54,0.15625
800,64,54,0.15625
801,64,54,0.15625
802,64,54,0.15625
804,64,54,0.15625
805,64,54,0.15625
806,64,54,0.15625
807,64,54,0.15625
809,64,54,0.15625
810,64,54,0.15625
811,64,54,0.15625
813,64,54,0.15625
814,64,54,0.15625
816,64,54,0.15625
817,64,54,0.15625
818,64,54,0.15625
820,64,54,0.15625
821,64,54,0.15625
822,64,54,0.15625
824,64,54,0.15625
825,64,54,0.15625
827,64,54,0.15625
828,64,54,0.15625
829,64,54,0.15625
831,64,54,0.15625
832,64,54,0.15625
834,64,54,0.15625
835,64,54,0.15625
836,64,54,0.15625
838,64,54,0.15625
839,64,54,0.15625
841,64,54,0.15625
843,64,54,0.15625
844,64,54,0.15625
845,64,54,0.15625
847,64,54,0.15625
849,64,54,0.15625
850,64,54,0.15625
852,64,54,0.15625
853,64,54,0.15625
855,64,54,0.15625
856,64,54,0.15625
858,64,54,0.15625
860,64,54,0.15625
861,64,54,0.15625
863,64,54,0.15625
865,64,54,0.15625
866,64,54,0.15625
868,64,54,0.15625
870,64,54,0.15625
871,64,54,0.15625
873,64,54,0.15625
875,64,54,0.15625
876,64,54,0.15625
878,64,54,0.15625
879,63,54,0.142857
880,63,54,0.142857
881,63,54,0.142857
882,63,54,0.142857
883,63,54,0.142857
883,63,54,0.142857
884,63,54,0.142857
884,63,54,0.142857
885,63,54,0.142857
886,63,54,0.142857
888,63,54,0.142857
889,63,54,0.142857
890,63,54,0.142857
891,63,54,0.142857
892,63,54,0.142857
894,63,54,0.142857
895,63,54,0.142857
896,63,54,0.142857
897,63,54,0.142857
898,63,54,0.142857
899,63,54,0.142857
900,63,54,0.142857
901,63,54,0.142857
902,63,54,0.142857
904,63,54,0.142857
905,63,54,0.142857
906,63,54,0.142857
907,63,54,0.142857
908,63,54,0.142857
909,63,54,0.142857
910,63,54,0.142857
912,63,54,0.142857
913,63,54,0.142857
914,63,54,0.142857
915,63,54,0.142857
916,63,54,0.142857
917,63,54,0.142857
918,63,54,0.142857
920,63,54,0.142857
921,63,54,0.142857
922,63,54,0.142857
923,63,54,0.142857
924,63,54,0.142857
926,63,54,0.142857
927,63,54,0.142857
928,63,54,0.142857
929,63,54,0.142857
930,63,54,0.142857
931,63,54,0.142857
932,63,54,0.142857
934,63,54,0.142857
935,63,54,0.142857
936,63,54,0.142857
938,63,54,0.142857
939,63,54,0.142857
940,63,54,0.142857
942,63,54,0.142857
943,63,54,0.142857
944,63,54,0.142857
945,63,54,0.142857
947,63,54,0.142857
948,63,54,0.142857
949,63,54,0.142857
951,63,54,0.142857
952,63,54,0.142857
953,63,54,0.142857
955,63,54,0.142857
956,63,54,0.142857
957,63,54,0.142857
959,63,54,0.142857
960,63,54,0.142857
961,63,54,0.142857
963,63,54,0.142857
964,63,54,0.142857
965,63,54,0.142857
966,63,54,0.142857
968,63,54,0.142857
969,63,54,0.142857
970,63,54,0.142857
971,63,54,0.142857
973,63,54,0.142857
974,63,54,0.142857
975,63,54,0.142857
977,63,54,0.142857
978,63,54,0.142857
979,63,54,0.142857
980,63,54,0.142857
982,63,54,0.142857
983,63,54,0.142857
984,63,54,0.142857
986,63,54,0.142857
987,63,54,0.142857
988,63,54,0.142857
990,63,54,0.142857
991,63,54,0.142857
992,63,54,0.142857
994,63,54,0.142857
995,63,54,0.142857
997,63,54,0.142857
998,63,54,0.142857
999,63,54,0.142857
1001,63,54,0.142857
1002,63,54,0.142857
1004,63,54,0.142857
1005,63,54,0.142857
1007,63,54,0.142857
1008,63,54,0.142857
1009,63,54,0.142857
1011,63,54,0.142857
1012,63,54,0.142857
1014,63,54,0.142857
1015,63,54,0.142857
1017,63,54,0.142857
1018,63,54,0.142857
1020,63,54,0.142857
1021,63,54,0.142857
1023,63,54,0.142857
1024,63,54,0.142857
1026,63,54,0.142857
1027,63,54,0.142857
1029,63,54,0.142857
1031,63,54,0.142857
1032,63,54,0.142857
1034,63,54,0.142857
1035,63,54,0.142857
1037,63,54,0.142857
1039,63,54,0.142857
1040,63,54,0.142857
1042,63,54,0.142857
1044,63,54,0.142857
1045,63,54,0.142857
1047,63,54,0.142857
1049,63,54,0.142857
1050,63,54,0.142857
1052,63,54,0.142857
1053,63,54,0.142857
1055,63,54,0.142857
1057,63,54,0.142857
1059,63,54,0.142857
1061,63,54,0.142857
1062,63,54,0.142857
1064,63,54,0.142857
1066,63,54,0.142857
1067,63,54,0.142857
1069,63,54,0.142857
1071,63,54,0.142857
1073,63,54,0.142857
1074,63,54,0.142857
1076,63,54,0.142857
1078,63,54,0.142857
1080,63,54,0.142857
1082,63,54,0.142857
1083,63,54,0.142857
1085,63,54,0.142857
1087,63,54,0.142857
1089,63,54,0.142857
1090,63,54,0.142857
1092,63,54,0.142857
1094,63,54,0.142857
1096,63,54,0.142857
1097,63,54,0.142857
1099,63,54,0.142857
1101,63,54,0.142857
1103,63,54,0.142857
1104,63,54,0.142857
1106,63,54,0.142857
1108,63,54,0.142857
1110,63,54,0.142857
1112,63,54,0.142857
1115,63,54,0.142857
1116,63,54,0.142857
1118,63,54,0.142857
1120,63,54,0.142857
1121,63,54,0.142857
1123,63,54,0.142857
1125,63,54,0.142857
1127,63,54,0.142857
1129,63,54,0.142857
1131,63,54,0.142857
1133,63,54,0.142857
1135,63,54,0.142857
1137,63,54,0.142857
1140,63,54,0.142857
1142,63,54,0.142857
1144,63,54,0.142857
1146,63,54,0.142857
1147,63,54,0.142857
1149,63,54,0.142857
1151,63,54,0.142857
1153,63,54,0.142857
1155,63,54,0.142857
1157,63,54,0.142857
1159,63,54,0.142857
1161,63,54,0.142857
1163,63,54,0.142857
1165,63,54,0.142857
1167,63,54,0.142857
1170,63,54,0.142857
1172,63,54,0.142857
1174,63,54,0.142857
1176,63,54,0.142857
1178,63,54,0.142857
1180,63,54,0.142857
1182,63,54,0.142857
1184,63,54,0.142857
1187,63,54,0.142857
1189,63,54,0.142857
1191,63,54,0.142857
1194,63,54,0.142857
1196,63,54,0.142857
1198,63,54,0.142857
1200,63,54,0.142857
1203,63,54,0.142857
1205,63,54,0.142857
1207,63,54,0.142857
1210,63,54,0.142857
1212,63,54,0.142857
1215,63,54,0.142857
1216,63,54,0.142857
1219,63,54,0.142857
1221,63,54,0.142857
1224,63,54,0.142857
1226,63,54,0.142857
1229,63,54,0.142857
1231,63,54,0.142857
1233,63,54,0.142857
1235,63,54,0.142857
1237,63,54,0.142857
1240,63,54,0.142857
1242,63,54,0.142857
1245,63,54,0.142857
1247,63,54,0.142857
1249,63,54,0.142857
1252,63,54,0.142857
1254,63,54,0.142857
1256,63,54,0.142857
1259,63,54,0.142857
1262,63,54,0.142857
1264,63,54,0.142857
1267,63,54,0.142857
1269,63,54,0.142857
1272,63,54,0.142857
1275,63,54,0.142857
1277,63,54,0.142857
1279,63,54,0.142857
1282,63,54,0.142857
1285,62,54,0.129032
1288,62,54,0.129032
1291,62,54,0.129032
1293,62,54,0.129032
1296,62,54,0.129032
1299,62,54,0.129032
1301,62,54,0.129032
1304,62,54,0.129032
1306,62,54,0.129032
1308,62,54,0.129032
1310,62,54,0.129032
1313,62,54,0.129032
1315,62,54,0.129032
1317,62,54,0.129032
1319,62,54,0.129032
1321,62,54,0.129032
1322,62,54,0.129032
1324,62,54,0.129032
1326,62,54,0.129032
1328,62,54,0.129032
1329,62,54,0.129032
1331,62,54,0.129032
1332,62,54,0.129032
1334,62,54,0.129032
1335,62,54,0.129032
1336,62,54,0.129032
1337,62,54,0.129032
1338,62,54,0.129032
1339,62,54,0.129032
1340,62,54,0.129032
1340,62,54,0.129032
1342,62,54,0.129032
1343,62,54,0.129032
1344,62,54,0.129032
1345,62,54,0.129032
1347,62,54,0.129032
1348,62,54,0.129032
1349,62,54,0.129032
1351,62,54,0.129032
1352,62,54,0.129032
1354,62,54,0.129032
1355,62,54,0.129032
1356,62,54,0.129032
1357,62,54,0.129032
1358,62,54,0.129032
1359,62,54,0.129032
1360,62,54,0.129032
1361,62,54,0.129032
1362,62,54,0.129032
1364,62,54,0.129032
1365,62,54,0.129032
1367,62,54,0.129032
1368,62,54,0.129032
1369,62,54,0.129032
1370,62,54,0.129032
1372,62,54,0.129032
1373,62,54,0.129032
1374,62,54,0.129032
1375,62,54,0.129032
1376,62,54,0.129032
1378,62,54,0.129032
1379,62,54,0.129032
1380,62,54,0.129032
1381,62,54,0.129032
1382,62,54,0.129032
1384,62,54,0.129032
1385,62,54,0.129032
1386,62,54,0.129032
1387,62,54,0.129032
1388,62,54,0.129032
1389,62,54,0.129032
1390,62,54,0.129032
1392,62,54,0.129032
1393,62,54,0.129032
1394,62,54,0.129032
1395,62,54,0.129032
1396,62,54,0.129032
1397,62,54,0.129032
1399,62,54,0.129032
1400,62,54,0.129032
1401,62,54,0.129032
1402,62,54,0.129032
1403,62,54,0.129032
1404,62,54,0.129032
1405,62,54,0.129032
1406,62,54,0.129032
1407,62,54,0.129032
1408,62,54,0.129032
1410,62,54,0.129032
1411,62,54,0.129032
1412,62,54,0.129032
1413,62,54,0.129032
1414,62,54,0.129032
1415,62,54,0.129032
1416,62,54,0.129032
1418,62,54,0.129032
1419,62,54,0.129032
1420,62,54,0.129032
1421,62,54,0.129032
1423,62,54,0.129032
1424,62,54,0.129032
1425,62,54,0.129032
1426,62,54,0.129032
1427,62,54,0.129032
1429,62,54,0.129032
1430,62,54,0.129032
1431,62,54,0.129032
1432,61,54,0.114754
1433,61,54,0.114754
1434,61,54,0.114754
1434,61,54,0.114754
1435,61,54,0.114754
1435,61,54,0.114754
1436,61,54,0.114754
1436,61,54,0.114754
1437,61,54,0.114754
1438,61,54,0.114754
1439,61,54,0.114754
1439,61,54,0.114754
1440,61,54,0.114754
1441,61,54,0.114754
1442,61,54,0.114754
1443,61,54,0.114754
1444,61,54,0.114754
1445,61,54,0.114754
1445,61,54,0.114754
1446,61,54,0.114754
1447,61,54,0.114754
1448,61,54,0.114754
1448,61,54,0.114754
1449,61,54,0.114754
1450,61,54,0.114754
1450,61,54,0.114754
1451,61,54,0.114754
1452,61,54,0.114754
1453,61,54,0.114754
1453,61,54,0.114754
1454,61,54,0.114754
1455,61,54,0.114754
1455,61,54,0.114754
1456,61,54,0.114754
1457,61,54,0.114754
1457,61,54,0.114754
1458,61,54,0.114754
1459,61,54,0.114754
1460,61,54,0.114754
1460,61,54,0.114754
1461,61,54,0.114754
1462,61,54,0.114754
1463,61,54,0.114754
1463,61,54,0.114754
1464,61,54,0.114754
1465,61,54,0.114754
1466,61,54,0.114754
1466,61,54,0.114754
1467,61,54,0.114754
1468,61,54,0.114754
1468,61,54,0.114754
1469,61,54,0.114754
1470,61,54,0.114754
1471,61,54,0.114754
1471,61,54,0.114754
1472,61,54,0.114754
1473,61,54,0.114754
1474,61,54,0.114754
1474,61,54,0.114754
1475,61,54,0.114754
1476,61,54,0.114754
1476,61,54,0.114754
1477,61,54,0.114754
1478,61,54,0.114754
1478,61,54,0.114754
1479,61,54,0.114754
1480,61,54,0.114754
1481,61,54,0.114754
1481,61,54,0.114754
1482,61,54,0.114754
1483,61,54,0.114754
1483,61,54,0.114754
1484,61,54,0.114754
1485,61,54,0.114754
1486,61,54,0.114754
1486,61,54,0.114754
1487,61,54,0.114754
1487,61,54,0.114754
1488,61,54,0.114754
1489,61,54,0.114754
1489,61,54,0.114754
1490,61,54,0.114754
1491,61,54,0.114754
1491,61,54,0.114754
1492,61,54,0.114754
1493,61,54,0.114754
1494,61,54,0.114754
1494,61,54,0.114754
1495,61,54,0.114754
1496,61,54,0.114754
1497,61,54,0.114754
1497,61,54,0.114754
1498,61,54,0.114754
1499,61,54,0.114754
1500,61,54,0.114754
1500,61,54,0.114754
1501,61,54,0.114754
1502,61,54,0.114754
1503,61,54,0.114754
1503,61,54,0.114754
1504,61,54,0.114754
1505,61,54,0.114754
1505,61,54,0.114754
1506,61,54,0.114754
1507,61,54,0.114754
1508,61,54,0.114754
1509,61,54,0.114754
1510,61,54,0.114754
1511,61,54,0.114754
1512,61,54,0.114754
1512,61,54,0.114754
1513,61,54,0.114754
1514,61,54,0.114754
1515,61,54,0.114754
1516,61,54,0.114754
1516,61,54,0.114754
1517,61,54,0.114754
1518,61,54,0.114754
1519,61,54,0.114754
1520,61,54,0.114754
1520,61,54,0.114754
1521,61,54,0.114754
1522,61,54,0.114754
1523,61,54,0.114754
1524,61,54,0.114754
1524,61,54,0.114754
1525,61,54,0.114754
1526,61,54,0.114754
1527,61,54,0.114754
1528,61,54,0.114754
1529,61,54,0.114754
1529,61,54,0.114754
1530,61,54,0.114754
1531,61,54,0.114754
1532,61,54,0.114754
1533,61,54,0.114754
1534,61,54,0.114754
1534,61,54,0.114754
1535,61,54,0.114754
1536,61,54,0.114754
1537,61,54,0.114754
1538,61,54,0.114754
1539,61,54,0.114754
1540,61,54,0.114754
1540,61,54,0.114754
1541,61,54,0.114754
1542,61,54,0.114754
1543,61,54,0.114754
1544,61,54,0.114754
1544,61,54,0.114754
1545,61,54,0.114754
1546,61,54,0.114754
1547,61,54,0.114754
1548,61,54,0.114754
1549,61,54,0.114754
1550,61,54,0.114754
1551,61,54,0.114754
1552,61,54,0.114754
1552,61,54,0.114754
1553,61,54,0.114754
1554,61,54,0.114754
1555,61,54,0.114754
1556,61,54,0.114754
1557,61,54,0.114754
1558,61,54,0.114754
1559,61,54,0.114754
1560,61,54,0.114754
1560,61,54,0.114754
1561,61,54,0.114754
1562,61,54,0.114754
1563,61,54,0.114754
1564,61,54,0.114754
1565,61,54,0.114754
1566,61,54,0.114754
1567,61,54,0.114754
1568,61,54,0.114754
1568,61,54,0.114754
1569,61,54,0.114754
1570,61,54,0.114754
1571,61,54,0.114754
1572,61,54,0.114754
1573,61,54,0.114754
1574,61,54,0.114754
1575,61,54,0.114754
1576,61,54,0.114754
1577,61,54,0.114754
1578,61,54,0.114754
1579,61,54,0.114754
1580,61,54,0.114754
1581,61,54,0.114754
1582,61,54,0.114754
1583,61,54,0.114754
1584,61,54,0.114754
1585,61,54,0.114754
1586,61,54,0.114754
1587,61,54,0.114754
1588,61,54,0.114754
1589,61,54,0.114754
1590,61,54,0.114754
1591,61,54,0.114754
1592,61,54,0.114754
1593,61,54,0.114754
1594,61,54,0.114754
1595,61,54,0.114754
1596,61,54,0.114754
1597,61,54,0.114754
1598,61,54,0.114754
1599,61,54,0.114754
1600,61,54,0.114754
1601,61,54,0.114754
1602,61,54,0.114754
1603,61,54,0.114754
1604,61,54,0.114754
1605,61,54,0.114754
1606,61,54,0.114754
1607,61,54,0.114754
1608,61,54,0.114754
1609,61,54,0.114754
1610,61,54,0.114754
1611,61,54,0.114754
1612,61,54,0.114754
1613,61,54,0.114754
1614,61,54,0.114754
1616,61,54,0.114754
1617,61,54,0.114754
1618,61,54,0.114754
1619,61,54,0.114754
1620,61,54,0.114754
1621,61,54,0.114754
1622,61,54,0.114754
1623,61,54,0.114754
1624,61,54,0.114754
1625,61,54,0.114754
1626,61,54,0.114754
1627,61,54,0.114754
1628,61,54,0.114754
1629,61,54,0.114754
1630,61,54,0.114754
1631,61,54,0.114754
1632,61,54,0.114754
1634,61,54,0.114754
1635,61,54,0.114754
1636,61,54,0.114754
1637,61,54,0.114754
1638,61,54,0.114754
1639,61,54,0.114754
1640,61,54,0.114754
1642,61,54,0.114754
1643,61,54,0.114754
1644,61,54,0.114754
1645,61,54,0.114754
1646,61,54,0.114754
1648,61,54,0.114754
1649,61,54,0.114754
1650,61,54,0.114754
1651,61,54,0.114754
1653,61,54,0.114754
1654,61,54,0.114754
1655,61,54,0.114754
1657,61,54,0.114754
1658,61,54,0.114754
1660,61,54,0.114754
1661,61,54,0.114754
1662,60,54,0.1
1663,60,54,0.1
1664,60,54,0.1
1665,60,54,0.1
1666,60,54,0.1
1667,60,54,0.1
1668,60,54,0.1
1669,60,54,0.1
1669,60,54,0.1
1670,60,54,0.1
1670,60,54,0.1
1670,60,54,0.1
1671,60,54,0.1
1671,60,54,0.1
1672,60,54,0.1
1673,60,54,0.1
1673,60,54,0.1
1673,60,54,0.1
1674,60,54,0.1
1675,60,54,0.1
1675,60,54,0.1
1675,60,54,0.1
1675,60,54,0.1
1676,60,54,0.1
1677,60,54,0.1
1678,60,54,0.1
1678,60,54,0.1
1679,60,54,0.1
1679,60,54,0.1
1680,60,54,0.1
1681,60,54,0.1
1681,60,54,0.1
1682,60,54,0.1
1682,60,54,0.1
1683,60,54,0.1
1683,60,54,0.1
1684,60,54,0.1
1685,60,54,0.1
1685,60,54,0.1
1686,60,54,0.1
1686,60,54,0.1
1687,60,54,0.1
1687,60,54,0.1
1688,60,54,0.1
1688,60,54,0.1
1689,60,54,0.1
1689,60,54,0.1
1690,60,54,0.1
1690,60,54,0.1
1691,60,54,0.1
1692,60,54,0.1
1692,60,54,0.1
1693,60,54,0.1
1693,60,54,0.1
1694,60,54,0.1
1694,60,54,0.1
1695,60,54,0.1
1695,60,54,0.1
1696,60,54,0.1
1696,60,54,0.1
1697,60,54,0.1
1698,60,54,0.1
1698,60,54,0.1
1699,60,54,0.1
1699,60,54,0.1
1700,60,54,0.1
1700,60,54,0.1
1701,60,54,0.1
1702,60,54,0.1
1702,60,54,0.1
1703,60,54,0.1
1703,60,54,0.1
1704,60,54,0.1
1705,60,54,0.1
1705,60,54,0.1
1706,60,54,0.1
1706,60,54,0.1
1707,60,54,0.1
1708,60,54,0.1
1708,60,54,0.1
1709,60,54,0.1
1709,60,54,0.1
1710,60,54,0.1
1710,60,54,0.1
1711,60,54,0.1
1712,60,54,0.1
1712,60,54,0.1
1713,60,54,0.1
1713,60,54,0.1
1714,60,54,0.1
1715,60,54,0.1
1715,60,54,0.1
1716,60,54,0.1
1717,60,54,0.1
1717,60,54,0.1
1718,60,54,0.1
1719,60,54,0.1
1719,60,54,0.1
1720,60,54,0.1
1720,60,54,0.1
1721,60,54,0.1
1722,60,54,0.1
1722,60,54,0.1
1723,60,54,0.1
1724,60,54,0.1
1724,60,54,0.1
1725,60,54,0.1
1725,60,54,0.1
1726,60,54,0.1
1727,60,54,0.1
1728,60,54,0.1
1728,60,54,0.1
1729,60,54,0.1
1729,60,54,0.1
1730,60,54,0.1
1731,60,54,0.1
1732,60,54,0.1
1732,60,54,0.1
1733,60,54,0.1
1734,60,54,0.1
1735,60,54,0.1
1735,60,54,0.1
1736,60,54,0.1
1737,60,54,0.1
1737,60,54,0.1
1738,60,54,0.1
1739,60,54,0.1
1740,60,54,0.1
1740,60,54,0.1
1741,60,54,0.1
1742,60,54,0.1
1743,60,54,0.1
1744,60,54,0.1
1744,60,54,0.1
1745,60,54,0.1
1746,60,54,0.1
1747,60,54,0.1
1747,60,54,0.1
1748,60,54,0.1
1750,60,54,0.1
1750,60,54,0.1
1751,60,54,0.1
1752,60,54,0.1
1753,60,54,0.1
1754,60,54,0.1
1755,60,54,0.1
1756,60,54,0.1
1757,60,54,0.1
1758,59,54,0.0847458
1759,59,54,0.0847458
1760,59,54,0.0847458
1760,59,54,0.0847458
1761,59,54,0.0847458
1762,59,54,0.0847458
1762,59,54,0.0847458
1762,59,54,0.0847458
1762,59,54,0.0847458
1763,59,54,0.0847458
1763,59,54,0.0847458
1763,59,54,0.0847458
1764,59,54,0.0847458
1764,59,54,0.0847458
1764,59,54,0.0847458
1765,59,54,0.0847458
1765,59,54,0.0847458
1766,59,54,0.0847458
1766,59,54,0.0847458
1767,59,54,0.0847458
1767,59,54,0.0847458
1768,59,54,0.0847458
1768,59,54,0.0847458
1768,59,54,0.0847458
1769,59,54,0.0847458
1769,59,54,0.0847458
1770,59,54,0.0847458
1770,59,54,0.0847458
1771,59,54,0.0847458
1771,59,54,0.0847458
1772,59,54,0.0847458
1772,59,54,0.0847458
1773,59,54,0.0847458
1773,59,54,0.0847458
1774,59,54,0.0847458
1774,59,54,0.0847458
1774,59,54,0.0847458
1775,59,54,0.0847458
1775,59,54,0.0847458
1776,59,54,0.0847458
1776,59,54,0.0847458
1777,59,54,0.0847458
1777,59,54,0.0847458
1778,59,54,0.0847458
1778,59,54,0.0847458
1779,59,54,0.0847458
1780,59,54,0.0847458
1780,59,54,0.0847458
1781,59,54,0.0847458
1781,59,54,0.0847458
1782,59,54,0.0847458
1783,59,54,0.0847458
1783,59,54,0.0847458
1784,59,54,0.0847458
1784,59,54,0.0847458
1785,59,54,0.0847458
1786,59,54,0.0847458
1786,59,54,0.0847458
1787,59,54,0.0847458
1787,59,54,0.0847458
1788,59,54,0.0847458
1788,59,54,0.0847458
1789,59,54,0.0847458
1789,59,54,0.0847458
1790,59,54,0.0847458
1790,59,54,0.0847458
1791,59,54,0.0847458
1791,59,54,0.0847458
1792,59,54,0.0847458
1793,59,54,0.0847458
1793,59,54,0.0847458
1794,59,54,0.0847458
1794,59,54,0.0847458
1794,59,54,0.0847458
1795,59,54,0.0847458
1795,59,54,0.0847458
1796,59,54,0.0847458
1797,59,54,0.0847458
1798,59,54,0.0847458
1798,59,54,0.0847458
1799,59,54,0.0847458
1799,59,54,0.0847458
1800,59,54,0.0847458
1800,59,54,0.0847458
1801,59,54,0.0847458
1802,59,54,0.0847458
1802,59,54,0.0847458
1803,59,54,0.0847458
1803,59,54,0.0847458
1804,59,54,0.0847458
1804,59,54,0.0847458
1805,59,54,0.0847458
1805,59,54,0.0847458
1806,59,54,0.0847458
1806,59,54,0.0847458
1807,59,54,0.0847458
1808,59,54,0.0847458
1808,59,54,0.0847458
1809,59,54,0.0847458
1809,59,54,0.0847458
1810,59,54,0.0847458
1810,59,54,0.0847458
1811,59,54,0.0847458
1811,59,54,0.0847458
1812,59,54,0.0847458
1812,59,54,0.0847458
1813,59,54,0.0847458
1813,59,54,0.0847458
1814,59,54,0.0847458
1814,59,54,0.0847458
1815,59,54,0.0847458
1816,59,54,0.0847458
1816,59,54,0.0847458
1817,59,54,0.0847458
1817,59,54,0.0847458
1818,59,54,0.0847458
1818,59,54,0.0847458
1819,59,54,0.0847458
1819,59,54,0.0847458
1820,59,54,0.0847458
1820,59,54,0.0847458
1821,59,54,0.0847458
1822,59,54,0.0847458
1822,59,54,0.0847458
1823,59,54,0.0847458
1823,59,54,0.0847458
1824,59,54,0.0847458
1825,59,54,0.0847458
1825,59,54,0.0847458
1826,59,54,0.0847458
1826,59,54,0.0847458
1827,59,54,0.0847458
1828,59,54,0.0847458
1828,59,54,0.0847458
1829,59,54,0.0847458
1829,59,54,0.0847458
1830,59,54,0.0847458
1831,59,54,0.0847458
1831,59,54,0.0847458
1832,59,54,0.0847458
1832,59,54,0.0847458
1833,59,54,0.0847458
1834,59,54,0.0847458
1834,59,54,0.0847458
1835,59,54,0.0847458
1835,59,54,0.0847458
1836,59,54,0.0847458
1837,59,54,0.0847458
1838,59,54,0.0847458
1838,59,54,0.0847458
1839,59,54,0.0847458
1839,59,54,0.0847458
1840,59,54,0.0847458
1841,59,54,0.0847458
1841,59,54,0.0847458
1842,59,54,0.0847458
1843,59,54,0.0847458
1843,59,54,0.0847458
1844,59,54,0.0847458
1845,59,54,0.0847458
1845,59,54,0.0847458
1846,59,54,0.0847458
1847,59,54,0.0847458
1848,59,54,0.0847458
1848,59,54,0.0847458
1849,59,54,0.0847458
1850,59,54,0.0847458
1851,59,54,0.0847458
1851,59,54,0.0847458
1852,59,54,0.0847458
1853,59,54,0.0847458
1853,59,54,0.0847458
1854,59,54,0.0847458
1855,59,54,0.0847458
1856,59,54,0.0847458
1856,59,54,0.0847458
1857,59,54,0.0847458
1858,59,54,0.0847458
1858,59,54,0.0847458
1859,59,54,0.0847458
1860,59,54,0.0847458
1861,59,54,0.0847458
1861,59,54,0.0847458
1862,59,54,0.0847458
1863,59,54,0.0847458
1864,59,54,0.0847458
1864,59,54,0.0847458
1865,59,54,0.0847458
1866,59,54,0.0847458
1866,59,54,0.0847458
1867,59,54,0.0847458
1868,59,54,0.0847458
1869,59,54,0.0847458
1870,59,54,0.0847458
1870,59,54,0.0847458
1871,59,54,0.0847458
1872,59,54,0.0847458
1873,59,54,0.0847458
1873,59,54,0.0847458
1874,59,54,0.0847458
1875,59,54,0.0847458
1876,59,54,0.0847458
1877,59,54,0.0847458
1878,59,54,0.0847458
1878,59,54,0.0847458
1879,59,54,0.0847458
1880,59,54,0.0847458
1881,59,54,0.0847458
1882,59,54,0.0847458
1882,59,54,0.0847458
1883,59,54,0.0847458
1884,59,54,0.0847458
1885,59,54,0.0847458
1886,59,54,0.0847458
1887,59,54,0.0847458
1888,59,54,0.0847458
1888,59,54,0.0847458
1889,59,54,0.0847458
1890,59,54,0.0847458
1891,59,54,0.0847458
1892,59,54,0.0847458
1893,59,54,0.0847458
1894,59,54,0.0847458
1894,59,54,0.0847458
1895,59,54,0.0847458
1896,59,54,0.0847458
1897,59,54,0.0847458
1898,59,54,0.0847458
1898,59,54,0.0847458
1899,59,54,0.0847458
1900,59,54,0.0847458
1901,59,54,0.0847458
1902,59,54,0.0847458
1903,59,54,0.0847458
1903,59,54,0.0847458
1904,59,54,0.0847458
1905,59,54,0.0847458
1906,59,54,0.0847458
1907,59,54,0.0847458
1908,59,54,0.0847458
1909,59,54,0.0847458
1910,59,54,0.0847458
1911,59,54,0.0847458
1912,59,54,0.0847458
1913,59,54,0.0847458
1914,59,54,0.0847458
1915,59,54,0.0847458
1916,59,54,0.0847458
1917,59,54,0.0847458
1918,59,54,0.0847458
1918,59,54,0.0847458
1919,59,54,0.0847458
1920,59,54,0.0847458
1921,59,54,0.0847458
1922,59,54,0.0847458
1923,59,54,0.0847458
1924,59,54,0.0847458
1925,59,54,0.0847458
1926,59,54,0.0847458
1927,59,54,0.0847458
1928,59,54,0.0847458
1929,59,54,0.0847458
1930,59,54,0.0847458
1931,59,54,0.0847458
1932,59,54,0.0847458
1933,59,54,0.0847458
1934,59,54,0.0847458
1935,59,54,0.0847458
1936,59,54,0.0847458
1937,59,54,0.0847458
1938,59,54,0.0847458
1939,59,54,0.0847458
1940,59,54,0.0847458
1941,59,54,0.0847458
1942,59,54,0.0847458
1943,59,54,0.0847458
1944,59,54,0.0847458
1945,59,54,0.0847458
1946,59,54,0.0847458
1947,59,54,0.0847458
1948,59,54,0.0847458
1949,59,54,0.0847458
1951,59,54,0.0847458
1952,59,54,0.0847458
1953,59,54,0.0847458
1954,59,54,0.0847458
1955,59,54,0.0847458
1956,59,54,0.0847458
1957,59,54,0.0847458
1958,59,54,0.0847458
1959,59,54,0.0847458
1960,59,54,0.0847458
1961,59,54,0.0847458
1962,59,54,0.0847458
1963,59,54,0.0847458
1964,59,54,0.0847458
1965,59,54,0.0847458
1966,59,54,0.0847458
1967,59,54,0.0847458
1968,59,54,0.0847458
1969,59,54,0.0847458
1970,59,54,0.0847458
1971,59,54,0.0847458
1972,59,54,0.0847458
1973,59,54,0.0847458
1974,59,54,0.0847458
1976,59,54,0.0847458
1977,59,54,0.0847458
1977,59,54,0.0847458
1978,59,54,0.0847458
1979,59,54,0.0847458
1980,59,54,0.0847458
1982,59,54,0.0847458
1983,59,54,0.0847458
1984,59,54,0.0847458
1985,59,54,0.0847458
1986,59,54,0.0847458
1987,59,54,0.0847458
1988,59,54,0.0847458
1989,59,54,0.0847458
1990,59,54,0.0847458
1991,59,54,0.0847458
1992,59,54,0.0847458
1993,59,54,0.0847458
1994,59,54,0.0847458
1995,59,54,0.0847458
1997,59,54,0.0847458
1998,59,54,0.0847458
1999,59,54,0.0847458
2000,59,54,0.0847458
2001,59,54,0.0847458
2002,59,54,0.0847458
2003,59,54,0.0847458
2004,59,54,0.0847458
2005,59,54,0.0847458
2006,59,54,0.0847458
2007,59,54,0.0847458
2008,59,54,0.0847458
2009,59,54,0.0847458
2010,59,54,0.0847458
2011,59,54,0.0847458
2012,59,54,0.0847458
2013,59,54,0.0847458
2014,59,54,0.0847458
2015,59,54,0.0847458
2017,59,54,0.0847458
2018,59,54,0.0847458
2019,59,54,0.0847458
2020,59,54,0.0847458
2021,59,54,0.0847458
2022,59,54,0.0847458
2024,59,54,0.0847458
2025,59,54,0.0847458
2026,59,54,0.0847458
2027,59,54,0.0847458
2028,59,54,0.0847458
2029,59,54,0.0847458
2030,59,54,0.0847458
2031,59,54,0.0847458
2032,59,54,0.0847458
2033,59,54,0.0847458
2034,59,54,0.0847458
2035,59,54,0.0847458
2036,59,54,0.0847458
2037,59,54,0.0847458
2038,59,54,0.0847458
2039,59,54,0.0847458
2040,59,54,0.0847458
2041,59,54,0.0847458
2042,59,54,0.0847458
2043,59,54,0.0847458
2044,59,54,0.0847458
2045,59,54,0.0847458
2046,59,54,0.0847458
2048,59,54,0.0847458
2050,59,54,0.0847458
2051,59,54,0.0847458
2052,59,54,0.0847458
2054,59,54,0.0847458
2055,59,54,0.0847458
2056,59,54,0.0847458
2057,59,54,0.0847458
2058,59,54,0.0847458
2059,59,54,0.0847458
2060,59,54,0.0847458
2062,59,54,0.0847458
2063,59,54,0.0847458
2064,59,54,0.0847458
2065,59,54,0.0847458
2066,59,54,0.0847458
2067,59,54,0.0847458
2069,59,54,0.0847458
2070,59,54,0.0847458
2071,59,54,0.0847458
2072,59,54,0.0847458
2074,59,54,0.0847458
2075,59,54,0.0847458
2076,59,54,0.0847458
2077,59,54,0.0847458
2078,59,54,0.0847458
2080,59,54,0.0847458
2081,59,54,0.0847458
2082,59,54,0.0847458
2083,59,54,0.0847458
2085,59,54,0.0847458
2086,59,54,0.0847458
2088,59,54,0.0847458
2089,59,54,0.0847458
2091,59,54,0.0847458
2092,59,54,0.0847458
2094,59,54,0.0847458
2095,59,54,0.0847458
2097,59,54,0.0847458
2098,59,54,0.0847458
2100,59,54,0.0847458
2101,59,54,0.0847458
2103,59,54,0.0847458
2105,59,54,0.0847458
2107,59,54,0.0847458
2109,59,54,0.0847458
2110,59,54,0.0847458
2112,59,54,0.0847458
2114,59,54,0.0847458
2116,59,54,0.0847458
2118,59,54,0.0847458
2120,59,54,0.0847458
2122,59,54,0.0847458
2124,59,54,0.0847458
2126,59,54,0.0847458
2128,59,54,0.0847458
2130,59,54,0.0847458
2132,59,54,0.0847458
2135,59,54,0.0847458
2137,59,54,0.0847458
2140,59,54,0.0847458
2142,59,54,0.0847458
2144,59,54,0.0847458
2146,59,54,0.0847458
2148,59,54,0.0847458
2150,59,54,0.0847458
2153,59,54,0.0847458
2155,59,54,0.0847458
2157,59,54,0.0847458
2160,59,54,0.0847458
2162,59,54,0.0847458
2165,59,54,0.0847458
2167,59,54,0.0847458
2169,58,54,0.0689655
2171,58,54,0.0689655
2173,58,54,0.0689655
2175,58,54,0.0689655
2177,58,54,0.0689655
2179,58,54,0.0689655
2180,58,54,0.0689655
2182,58,54,0.0689655
2183,58,54,0.0689655
2185,58,54,0.0689655
2186,58,54,0.0689655
2187,58,54,0.0689655
2188,58,54,0.0689655
2189,58,54,0.0689655
2191,58,54,0.0689655
2192,58,54,0.0689655
2193,58,54,0.0689655
2194,58,54,0.0689655
2195,58,54,0.0689655
2196,58,54,0.0689655
2196,58,54,0.0689655
2197,58,54,0.0689655
2197,58,54,0.0689655
2197,58,54,0.0689655
2198,58,54,0.0689655
2199,58,54,0.0689655
2200,58,54,0.0689655
2201,58,54,0.0689655
2202,58,54,0.0689655
2202,58,54,0.0689655
2203,58,54,0.0689655
2204,58,54,0.0689655
2204,58,54,0.0689655
2205,58,54,0.0689655
2206,58,54,0.0689655
2206,58,54,0.0689655
2207,58,54,0.0689655
2207,58,54,0.0689655
2208,58,54,0.0689655
2208,58,54,0.0689655
2209,58,54,0.0689655
2209,58,54,0.0689655
2210,58,54,0.0689655
2210,58,54,0.0689655
2211,58,54,0.0689655
2211,58,54,0.0689655
2212,58,54,0.0689655
2212,58,54,0.0689655
2213,58,54,0.0689655
2213,58,54,0.0689655
2214,58,54,0.0689655
2214,58,54,0.0689655
2215,58,54,0.0689655
2215,58,54,0.0689655
2216,58,54,0.0689655
2216,58,54,0.0689655
2217,58,54,0.0689655
2217,58,54,0.0689655
2218,58,54,0.0689655
2218,58,54,0.0689655
2219,58,54,0.0689655
2219,58,54,0.0689655
2220,58,54,0.0689655
2220,58,54,0.0689655
2221,58,54,0.0689655
2221,58,54,0.0689655
2222,58,54,0.0689655
2222,58,54,0.0689655
2223,58,54,0.0689655
2223,58,54,0.0689655
2224,58,54,0.0689655
2224,58,54,0.0689655
2225,58,54,0.0689655
2225,58,54,0.0689655
2226,58,54,0.0689655
2226,58,54,0.0689655
2227,58,54,0.0689655
2227,58,54,0.0689655
2228,58,54,0.0689655
2228,58,54,0.0689655
2229,58,54,0.0689655
2229,58,54,0.0689655
2230,58,54,0.0689655
2230,58,54,0.0689655
2231,58,54,0.0689655
2232,58,54,0.0689655
2232,58,54,0.0689655
2233,58,54,0.0689655
2233,58,54,0.0689655
2234,58,54,0.0689655
2234,58,54,0.0689655
2235,58,54,0.0689655
2235,58,54,0.0689655
2236,58,54,0.0689655
2236,58,54,0.0689655
2237,58,54,0.0689655
2238,58,54,0.0689655
2238,58,54,0.0689655
2239,58,54,0.0689655
2239,58,54,0.0689655
2240,58,54,0.0689655
2240,58,54,0.0689655
2241,58,54,0.0689655
2241,58,54,0.0689655
2242,58,54,0.0689655
2243,58,54,0.0689655
2243,58,54,0.0689655
2244,58,54,0.0689655
2244,58,54,0.0689655
2245,58,54,0.0689655
2245,58,54,0.0689655
2246,58,54,0.0689655
2246,58,54,0.0689655
2247,58,54,0.0689655
2248,58,54,0.0689655
2248,58,54,0.0689655
2249,58,54,0.0689655
2249,58,54,0.0689655
2250,58,54,0.0689655
2251,58,54,0.0689655
2251,58,54,0.0689655
2252,58,54,0.0689655
2252,58,54,0.0689655
2253,58,54,0.0689655
2254,58,54,0.0689655
2254,58,54,0.0689655
2255,58,54,0.0689655
2255,58,54,0.0689655
2256,58,54,0.0689655
2257,58,54,0.0689655
2257,58,54,0.0689655
2258,58,54,0.0689655
2259,58,54,0.0689655
2259,58,54,0.0689655
2260,58,54,0.0689655
2260,58,54,0.0689655
2261,58,54,0.0689655
2262,58,54,0.0689655
2262,58,54,0.0689655
2263,58,54,0.0689655
2264,58,54,0.0689655
2264,58,54,0.0689655
2265,58,54,0.0689655
2266,58,54,0.0689655
2266,58,54,0.0689655
2267,58,54,0.0689655
2267,58,54,0.0689655
2268,58,54,0.0689655
2269,58,54,0.0689655
2269,58,54,0.0689655
2270,58,54,0.0689655
2270,58,54,0.0689655
2271,58,54,0.0689655
2272,58,54,0.0689655
2272,58,54,0.0689655
2273,58,54,0.0689655
2274,58,54,0.0689655
2274,58,54,0.0689655
2275,58,54,0.0689655
2275,58,54,0.0689655
2276,58,54,0.0689655
2277,58,54,0.0689655
2277,58,54,0.0689655
2278,58,54,0.0689655
2279,58,54,0.0689655
2279,58,54,0.0689655
2280,58,54,0.0689655
2281,58,54,0.0689655
2281,58,54,0.0689655
2282,58,54,0.0689655
2283,58,54,0.0689655
2283,58,54,0.0689655
2284,58,54,0.0689655
2285,58,54,0.0689655
2285,58,54,0.0689655
2286,58,54,0.0689655
2287,58,54,0.0689655
2287,58,54,0.0689655
2288,58,54,0.0689655
2289,58,54,0.0689655
2289,58,54,0.0689655
2290,58,54,0.0689655
2291,58,54,0.0689655
2291,58,54,0.0689655
2292,58,54,0.0689655
2293,58,54,0.0689655
2293,58,54,0.0689655
2294,58,54,0.0689655
2295,58,54,0.0689655
2296,58,54,0.0689655
2296,58,54,0.0689655
2297,58,54,0.0689655
2298,58,54,0.0689655
2299,58,54,0.0689655
2299,58,54,0.0689655
2300,58,54,0.0689655
2301,58,54,0.0689655
2301,58,54,0.0689655
2302,58,54,0.0689655
2303,58,54,0.0689655
2304,58,54,0.0689655
2304,58,54,0.0689655
2305,58,54,0.0689655
2306,58,54,0.0689655
2307,58,54,0.0689655
2307,58,54,0.0689655
2308,58,54,0.0689655
2309,58,54,0.0689655
2309,58,54,0.0689655
2310,58,54,0.0689655
2311,58,54,0.0689655
2312,58,54,0.0689655
2312,58,54,0.0689655
2313,58,54,0.0689655
2314,58,54,0.0689655
2315,58,54,0.0689655
2315,58,54,0.0689655
2316,58,54,0.0689655
2317,58,54,0.0689655
2318,58,54,0.0689655
2318,58,54,0.0689655
2319,58,54,0.0689655
2320,58,54,0.0689655
2321,58,54,0.0689655
2321,58,54,0.0689655
2322,58,54,0.0689655
2323,58,54,0.0689655
2324,58,54,0.0689655
2324,58,54,0.0689655
2325,58,54,0.0689655
2326,58,54,0.0689655
2327,58,54,0.0689655
2327,58,54,0.0689655
2328,58,54,0.0689655
2329,58,54,0.0689655
2330,58,54,0.0689655
2330,58,54,0.0689655
2331,58,54,0.0689655
2332,58,54,0.0689655
2333,58,54,0.0689655
2333,58,54,0.0689655
2334,58,54,0.0689655
2335,58,54,0.0689655
2336,58,54,0.0689655
2337,58,54,0.0689655
2337,58,54,0.0689655
2338,58,54,0.0689655
2339,58,54,0.0689655
2340,58,54,0.0689655
2340,58,54,0.0689655
2341,58,54,0.0689655
2342,58,54,0.0689655
2342,58,54,0.0689655
2343,58,54,0.0689655
2344,58,54,0.0689655
2345,58,54,0.0689655
2346,58,54,0.0689655
2346,58,54,0.0689655
2347,58,54,0.0689655
2348,58,54,0.0689655
2349,58,54,0.0689655
2350,58,54,0.0689655
2350,58,54,0.0689655
2351,58,54,0.0689655
2352,58,54,0.0689655
2353,58,54,0.0689655
2353,58,54,0.0689655
2354,58,54,0.0689655
2355,58,54,0.0689655
2356,58,54,0.0689655
2357,58,54,0.0689655
2357,58,54,0.0689655
2358,58,54,0.0689655
2359,58,54,0.0689655
2360,58,54,0.0689655
2360,58,54,0.0689655
2361,58,54,0.0689655
2362,58,54,0.0689655
2363,58,54,0.0689655
2363,58,54,0.0689655
2364,58,54,0.0689655
2365,58,54,0.0689655
2366,58,54,0.0689655
2367,58,54,0.0689655
2367,58,54,0.0689655
2368,58,54,0.0689655
2369,58,54,0.0689655
2370,58,54,0.0689655
2370,58,54,0.0689655
2371,58,54,0.0689655
2372,58,54,0.0689655
2373,58,54,0.0689655
2374,58,54,0.0689655
2374,58,54,0.0689655
2375,58,54,0.0689655
2376,58,54,0.0689655
2377,58,54,0.0689655
2378,58,54,0.0689655
2378,58,54,0.0689655
2379,58,54,0.0689655
2380,58,54,0.0689655
2381,58,54,0.0689655
2382,58,54,0.0689655
2383,58,54,0.0689655
2384,58,54,0.0689655
2384,58,54,0.0689655
2385,58,54,0.0689655
2386,58,54,0.0689655
2387,58,54,0.0689655
2388,58,54,0.0689655
2389,58,54,0.0689655
2390,58,54,0.0689655
2390,58,54,0.0689655
2391,58,54,0.0689655
2392,58,54,0.0689655
2393,58,54,0.0689655
2393,58,54,0.0689655
2394,58,54,0.0689655
2395,58,54,0.0689655
2396,58,54,0.0689655
2397,58,54,0.0689655
2398,58,54,0.0689655
2399,58,54,0.0689655
2400,58,54,0.0689655
2400,58,54,0.0689655
2401,58,54,0.0689655
2402,58,54,0.0689655
2403,58,54,0.0689655
2404,58,54,0.0689655
2405,58,54,0.0689655
2406,58,54,0.0689655
2407,58,54,0.0689655
2407,58,54,0.0689655
2408,58,54,0.0689655
2409,58,54,0.0689655
2410,58,54,0.0689655
2411,58,54,0.0689655
2411,58,54,0.0689655
2412,58,54,0.0689655
2413,58,54,0.0689655
2414,58,54,0.0689655
2415,58,54,0.0689655
2416,58,54,0.0689655
2417,58,54,0.0689655
2417,58,54,0.0689655
2418,58,54,0.0689655
2419,58,54,0.0689655
2420,58,54,0.0689655
2421,58,54,0.0689655
2421,58,54,0.0689655
2422,58,54,0.0689655
2423,58,54,0.0689655
2424,58,54,0.0689655
2425,58,54,0.0689655
2426,58,54,0.0689655
2427,58,54,0.0689655
2427,58,54,0.0689655
2428,58,54,0.0689655
2429,58,54,0.0689655
2430,58,54,0.0689655
2431,58,54,0.0689655
2432,58,54,0.0689655
2433,58,54,0.0689655
2434,58,54,0.0689655
2434,58,54,0.0689655
2435,58,54,0.0689655
2436,58,54,0.0689655
2437,58,54,0.0689655
2438,58,54,0.0689655
2439,58,54,0.0689655
2440,58,54,0.0689655
2441,58,54,0.0689655
2441,58,54,0.0689655
2442,58,54,0.0689655
2443,58,54,0.0689655
2444,58,54,0.0689655
2445,58,54,0.0689655
2446,58,54,0.0689655
2447,58,54,0.0689655
2447,58,54,0.0689655
2448,58,54,0.0689655
2449,58,54,0.0689655
2450,58,54,0.0689655
2451,58,54,0.0689655
2452,58,54,0.0689655
2453,58,54,0.0689655
2454,58,54,0.0689655
2454,58,54,0.0689655
2455,58,54,0.0689655
2456,58,54,0.0689655
2457,58,54,0.0689655
2458,58,54,0.0689655
2459,58,54,0.0689655
2460,58,54,0.0689655
2461,58,54,0.0689655
2462,58,54,0.0689655
2462,58,54,0.0689655
2463,58,54,0.0689655
2464,58,54,0.0689655
2465,58,54,0.0689655
2466,58,54,0.0689655
2467,58,54,0.0689655
2468,58,54,0.0689655
2469,58,54,0.0689655
2470,58,54,0.0689655
2471,58,54,0.0689655
2472,58,54,0.0689655
2473,58,54,0.0689655
2474,58,54,0.0689655
2474,58,54,0.0689655
2475,58,54,0.0689655
2476,58,54,0.0689655
2477,58,54,0.0689655
2478,58,54,0.0689655
2479,58,54,0.0689655
2480,58,54,0.0689655
2481,58,54,0.0689655
2482,58,54,0.0689655
2483,58,54,0.0689655
2484,58,54,0.0689655
2485,58,54,0.0689655
2486,58,54,0.0689655
2487,58,54,0.0689655
2487,58,54,0.0689655
2488,58,54,0.0689655
2489,58,54,0.0689655
2490,58,54,0.0689655
2491,58,54,0.0689655
2492,58,54,0.0689655
2493,58,54,0.0689655
2494,58,54,0.0689655
2495,58,54,0.0689655
2496,58,54,0.0689655
2497,58,54,0.0689655
2498,58,54,0.0689655
2499,58,54,0.0689655
2500,58,54,0.0689655
2501,58,54,0.0689655
2502,58,54,0.0689655
2503,58,54,0.0689655
2504,58,54,0.0689655
2504,58,54,0.0689655
2505,58,54,0.0689655
2506,58,54,0.0689655
2507,58,54,0.0689655
2508,58,54,0.0689655
2509,58,54,0.0689655
2510,58,54,0.0689655
2511,58,54,0.0689655
2512,58,54,0.0689655
2513,58,54,0.0689655
2514,58,54,0.0689655
2515,58,54,0.0689655
2516,58,54,0.0689655
2517,58,54,0.0689655
2518,58,54,0.0689655
2519,58,54,0.0689655
2520,58,54,0.0689655
2521,58,54,0.0689655
2522,58,54,0.0689655
2523,58,54,0.0689655
2524,58,54,0.0689655
2525,58,54,0.0689655
2526,58,54,0.0689655
2527,58,54,0.0689655
2528,58,54,0.0689655
2529,58,54,0.0689655
2530,58,54,0.0689655
2531,58,54,0.0689655
2532,58,54,0.0689655
2533,58,54,0.0689655
2534,58,54,0.0689655
2535,58,54,0.0689655
2536,58,54,0.0689655
2536,58,54,0.0689655
2538,58,54,0.0689655
2539,58,54,0.0689655
2540,58,54,0.0689655
2541,58,54,0.0689655
2542,58,54,0.0689655
2543,58,54,0.0689655
2544,58,54,0.0689655
2545,58,54,0.0689655
2546,58,54,0.0689655
2547,58,54,0.0689655
2548,58,54,0.0689655
2549,58,54,0.0689655
2550,58,54,0.0689655
2551,58,54,0.0689655
2552,58,54,0.0689655
2553,58,54,0.0689655
2554,58,54,0.0689655
2554,58,54,0.0689655
2556,58,54,0.0689655
2557,58,54,0.0689655
2558,58,54,0.0689655
2559,58,54,0.0689655
2560,58,54,0.0689655
2561,58,54,0.0689655
2562,58,54,0.0689655
2563,58,54,0.0689655
2564,58,54,0.0689655
2565,58,54,0.0689655
2566,58,54,0.0689655
2567,58,54,0.0689655
2568,58,54,0.0689655
2569,58,54,0.0689655
2570,58,54,0.0689655
2571,58,54,0.0689655
2572,58,54,0.0689655
2573,58,54,0.0689655
2574,58,54,0.0689655
2576,58,54,0.0689655
2577,58,54,0.0689655
2578,58,54,0.0689655
2579,58,54,0.0689655
2580,58,54,0.0689655
2581,58,54,0.0689655
2582,58,54,0.0689655
2583,58,54,0.0689655
2584,58,54,0.0689655
2585,58,54,0.0689655
2586,58,54,0.0689655
2587,58,54,0.0689655
2589,58,54,0.0689655
2590,58,54,0.0689655
2591,58,54,0.0689655
2592,58,54,0.0689655
2593,58,54,0.0689655
2594,58,54,0.0689655
2595,58,54,0.0689655
2597,58,54,0.0689655
2598,58,54,0.0689655
2599,58,54,0.0689655
2600,58,54,0.0689655
2601,58,54,0.0689655
2602,58,54,0.0689655
2603,58,54,0.0689655
2604,58,54,0.0689655
2606,58,54,0.0689655
2607,58,54,0.0689655
2608,58,54,0.0689655
2609,58,54,0.0689655
2610,58,54,0.0689655
2611,58,54,0.0689655
2612,58,54,0.0689655
2614,58,54,0.0689655
2615,58,54,0.0689655
2616,58,54,0.0689655
2617,58,54,0.0689655
2618,58,54,0.0689655
2619,58,54,0.0689655
2620,58,54,0.0689655
2621,58,54,0.0689655
2622,58,54,0.0689655
2624,58,54,0.0689655
2625,58,54,0.0689655
2626,58,54,0.0689655
2627,58,54,0.0689655
2628,58,54,0.0689655
2630,58,54,0.0689655
2631,58,54,0.0689655
2632,58,54,0.0689655
2633,58,54,0.0689655
2635,58,54,0.0689655
2636,58,54,0.0689655
2637,58,54,0.0689655
2638,58,54,0.0689655
2639,58,54,0.0689655
2640,58,54,0.0689655
2642,58,54,0.0689655
2643,58,54,0.0689655
2644,58,54,0.0689655
2645,58,54,0.0689655
2646,58,54,0.0689655
2648,58,54,0.0689655
2649,58,54,0.0689655
2650,58,54,0.0689655
2651,58,54,0.0689655
2652,58,54,0.0689655
2654,58,54,0.0689655
2655,58,54,0.0689655
2656,58,54,0.0689655
2657,58,54,0.0689655
2658,58,54,0.0689655
2660,58,54,0.0689655
2661,58,54,0.0689655
2662,58,54,0.0689655
2663,58,54,0.0689655
2664,58,54,0.0689655
2665,58,54,0.0689655
2667,58,54,0.0689655
2668,58,54,0.0689655
2669,58,54,0.0689655
2670,58,54,0.0689655
2671,58,54,0.0689655
2673,58,54,0.0689655
2674,58,54,0.0689655
2675,58,54,0.0689655
2676,58,54,0.0689655
2677,58,54,0.0689655
2679,58,54,0.0689655
2680,58,54,0.0689655
2681,58,54,0.0689655
2682,58,54,0.0689655
2683,58,54,0.0689655
2684,58,54,0.0689655
2686,58,54,0.0689655
2687,58,54,0.0689655
2688,58,54,0.0689655
2689,58,54,0.0689655
2690,58,54,0.0689655
2692,58,54,0.0689655
2693,58,54,0.0689655
2694,58,54,0.0689655
2695,58,54,0.0689655
2697,58,54,0.0689655
2698,58,54,0.0689655
2699,58,54,0.0689655
2700,58,54,0.0689655
2701,58,54,0.0689655
2702,58,54,0.0689655
2704,58,54,0.0689655
2705,58,54,0.0689655
2706,58,54,0.0689655
2707,58,54,0.0689655
2709,58,54,0.0689655
2710,58,54,0.0689655
2711,58,54,0.0689655
2712,58,54,0.0689655
2713,58,54,0.0689655
2715,58,54,0.0689655
2716,58,54,0.0689655
2717,58,54,0.0689655
2718,58,54,0.0689655
2720,58,54,0.0689655
2721,58,54,0.0689655
2722,58,54,0.0689655
2723,58,54,0.0689655
2725,58,54,0.0689655
2726,58,54,0.0689655
2727,58,54,0.0689655
2728,58,54,0.0689655
2729,58,54,0.0689655
2731,58,54,0.0689655
2732,58,54,0.0689655
2733,58,54,0.0689655
2734,58,54,0.0689655
2736,58,54,0.0689655
2737,58,54,0.0689655
2738,58,54,0.0689655
2739,58,54,0.0689655
2740,58,54,0.0689655
2742,58,54,0.0689655
2743,58,54,0.0689655
2744,58,54,0.0689655
2745,58,54,0.0689655
2746,58,54,0.0689655
2747,58,54,0.0689655
2749,58,54,0.0689655
2750,58,54,0.0689655
2751,58,54,0.0689655
2752,58,54,0.0689655
2754,58,54,0.0689655
2755,58,54,0.0689655
2756,58,54,0.0689655
2757,58,54,0.0689655
2758,58,54,0.0689655
2760,58,54,0.0689655
2761,58,54,0.0689655
2762,58,54,0.0689655
2763,58,54,0.0689655
2765,58,54,0.0689655
2766,58,54,0.0689655
2768,58,54,0.0689655
2769,58,54,0.0689655
2770,58,54,0.0689655
2771,58,54,0.0689655
2773,58,54,0.0689655
2774,58,54,0.0689655
2775,58,54,0.0689655
2776,58,54,0.0689655
2777,58,54,0.0689655
2779,58,54,0.0689655
2780,58,54,0.0689655
2781,58,54,0.0689655
2783,58,54,0.0689655
2784,58,54,0.0689655
2785,58,54,0.0689655
2786,58,54,0.0689655
2788,58,54,0.0689655
2789,58,54,0.0689655
2790,58,54,0.0689655
2791,58,54,0.0689655
2793,58,54,0.0689655
2794,58,54,0.0689655
2795,58,54,0.0689655
2796,58,54,0.0689655
2797,58,54,0.0689655
2799,58,54,0.0689655
2800,58,54,0.0689655
2801,58,54,0.0689655
2803,58,54,0.0689655
2804,58,54,0.0689655
2805,58,54,0.0689655
2806,58,54,0.0689655
2808,58,54,0.0689655
2809,58,54,0.0689655
2810,58,54,0.0689655
2811,58,54,0.0689655
2813,58,54,0.0689655
2814,58,54,0.0689655
2815,58,54,0.0689655
2817,58,54,0.0689655
2818,58,54,0.0689655
2819,58,54,0.0689655
2820,58,54,0.0689655
2822,58,54,0.0689655
2823,58,54,0.0689655
2824,58,54,0.0689655
2825,58,54,0.0689655
2827,58,54,0.0689655
2828,58,54,0.0689655
2829,58,54,0.0689655
2830,58,54,0.0689655
2832,58,54,0.0689655
2833,58,54,0.0689655
2834,58,54,0.0689655
2836,58,54,0.0689655
2837,58,54,0.0689655
2838,58,54,0.0689655
2839,58,54,0.0689655
2840,58,54,0.0689655
2842,58,54,0.0689655
2843,58,54,0.0689655
2844,58,54,0.0689655
2845,58,54,0.0689655
2847,58,54,0.0689655
2848,58,54,0.0689655
2849,58,54,0.0689655
2850,58,54,0.0689655
2851,58,54,0.0689655
2853,58,54,0.0689655
2854,58,54,0.0689655
2855,58,54,0.0689655
2856,58,54,0.0689655
2858,58,54,0.0689655
2859,58,54,0.0689655
2860,58,54,0.0689655
2861,58,54,0.0689655
2863,58,54,0.0689655
2864,58,54,0.0689655
2865,58,54,0.0689655
2867,58,54,0.0689655
2868,58,54,0.0689655
2869,58,54,0.0689655
2870,58,54,0.0689655
2872,58,54,0.0689655
2873,58,54,0.0689655
2874,58,54,0.0689655
2876,58,54,0.0689655
2877,58,54,0.0689655
2878,58,54,0.0689655
2880,58,54,0.0689655
2881,58,54,0.0689655
2882,58,54,0.0689655
2883,58,54,0.0689655
2885,58,54,0.0689655
2886,58,54,0.0689655
2887,58,54,0.0689655
2888,58,54,0.0689655
2889,58,54,0.0689655
2891,58,54,0.0689655
2892,58,54,0.0689655
2893,58,54,0.0689655
2895,58,54,0.0689655
2896,58,54,0.0689655
2897,58,54,0.0689655
2899,58,54,0.0689655
2900,58,54,0.0689655
2901,58,54,0.0689655
2903,58,54,0.0689655
2904,58,54,0.0689655
2906,58,54,0.0689655
2907,58,54,0.0689655
2908,58,54,0.0689655
2909,58,54,0.0689655
2911,58,54,0.0689655
2912,58,54,0.0689655
2914,58,54,0.0689655
2915,58,54,0.0689655
2916,58,54,0.0689655
2918,58,54,0.0689655
2919,58,54,0.0689655
2920,58,54,0.0689655
2922,58,54,0.0689655
2923,58,54,0.0689655
2924,58,54,0.0689655
2926,58,54,0.0689655
2927,58,54,0.0689655
2928,58,54,0.0689655
2930,58,54,0.0689655
2931,58,54,0.0689655
2932,58,54,0.0689655
2934,58,54,0.0689655
2935,58,54,0.0689655
2937,58,54,0.0689655
2938,58,54,0.0689655
2939,58,54,0.0689655
2941,58,54,0.0689655
2942,58,54,0.0689655
2944,58,54,0.0689655
2945,58,54,0.0689655
2946,58,54,0.0689655
2948,58,54,0.0689655
2949,58,54,0.0689655
2951,58,54,0.0689655
2952,58,54,0.0689655
2953,58,54,0.0689655
2955,58,54,0.0689655
2956,58,54,0.0689655
2957,58,54,0.0689655
2959,58,54,0.0689655
2960,58,54,0.0689655
2962,58,54,0.0689655
2963,58,54,0.0689655
2965,58,54,0.0689655
2966,58,54,0.0689655
2967,58,54,0.0689655
2969,58,54,0.0689655
2970,58,54,0.0689655
2971,58,54,0.0689655
2973,58,54,0.0689655
2974,58,54,0.0689655
2976,58,54,0.0689655
2977,58,54,0.0689655
2979,58,54,0.0689655
2980,58,54,0.0689655
2982,58,54,0.0689655
2983,58,54,0.0689655
2984,58,54,0.0689655
2986,58,54,0.0689655
2987,58,54,0.0689655
2989,58,54,0.0689655
2990,58,54,0.0689655
2991,58,54,0.0689655
2993,58,54,0.0689655
2995,58,54,0.0689655
2996,58,54,0.0689655
2997,58,54,0.0689655
2999,58,54,0.0689655
3000,58,54,0.0689655
3002,58,54,0.0689655
3003,58,54,0.0689655
3005,58,54,0.0689655
3006,58,54,0.0689655
3008,58,54,0.0689655
3009,58,54,0.0689655
3011,58,54,0.0689655
3012,58,54,0.0689655
3013,58,54,0.0689655
3015,58,54,0.0689655
3016,58,54,0.0689655
3018,58,54,0.0689655
3019,58,54,0.0689655
3021,58,54,0.0689655
3022,58,54,0.0689655
3024,58,54,0.0689655
3025,58,54,0.0689655
3027,58,54,0.0689655
3028,58,54,0.0689655
3030,58,54,0.0689655
3031,58,54,0.0689655
3033,58,54,0.0689655
3034,58,54,0.0689655
3036,58,54,0.0689655
3037,58,54,0.0689655
3039,58,54,0.0689655
3040,58,54,0.0689655
3042,58,54,0.0689655
3043,58,54,0.0689655
3045,58,54,0.0689655
3046,58,54,0.0689655
3048,58,54,0.0689655
3049,58,54,0.0689655
3051,58,54,0.0689655
3052,58,54,0.0689655
3054,58,54,0.0689655
3056,58,54,0.0689655
3057,58,54,0.0689655
3059,58,54,0.0689655
3061,58,54,0.0689655
3062,58,54,0.0689655
3064,58,54,0.0689655
3065,58,54,0.0689655
3067,58,54,0.0689655
3069,58,54,0.0689655
3070,58,54,0.0689655
3072,58,54,0.0689655
3073,58,54,0.0689655
3075,58,54,0.0689655
3077,58,54,0.0689655
3078,58,54,0.0689655
3080,58,54,0.0689655
3081,58,54,0.0689655
3083,58,54,0.0689655
3085,58,54,0.0689655
3086,58,54,0.0689655
3088,58,54,0.0689655
3090,58,54,0.0689655
3091,58,54,0.0689655
3093,58,54,0.0689655
3094,58,54,0.0689655
3096,58,54,0.0689655
3097,58,54,0.0689655
3099,58,54,0.0689655
3101,58,54,0.0689655
3102,58,54,0.0689655
3103,58,54,0.0689655
3105,58,54,0.0689655
3106,58,54,0.0689655
3108,58,54,0.0689655
3110,58,54,0.0689655
3111,58,54,0.0689655
3113,58,54,0.0689655
3115,58,54,0.0689655
3116,58,54,0.0689655
3118,58,54,0.0689655
3120,58,54,0.0689655
3121,58,54,0.0689655
3123,58,54,0.0689655
3125,58,54,0.0689655
3126,58,54,0.0689655
3128,58,54,0.0689655
3129,58,54,0.0689655
3131,58,54,0.0689655
3133,58,54,0.0689655
3134,58,54,0.0689655
3136,58,54,0.0689655
3138,58,54,0.0689655
3139,58,54,0.0689655
3141,58,54,0.0689655
3142,58,54,0.0689655
3144,58,54,0.0689655
3145,58,54,0.0689655
3147,58,54,0.0689655
3149,58,54,0.0689655
3151,58,54,0.0689655
3152,58,54,0.0689655
3154,58,54,0.0689655
3155,58,54,0.0689655
3157,58,54,0.0689655
3159,58,54,0.0689655
3160,58,54,0.0689655
3162,58,54,0.0689655
3163,58,54,0.0689655
3165,58,54,0.0689655
3167,58,54,0.0689655
3168,58,54,0.0689655
3170,58,54,0.0689655
3172,58,54,0.0689655
3173,58,54,0.0689655
3175,58,54,0.0689655
3177,58,54,0.0689655
3179,58,54,0.0689655
3180,58,54,0.0689655
3182,58,54,0.0689655
3184,58,54,0.0689655
3185,58,54,0.0689655
3187,58,54,0.0689655
3189,58,54,0.0689655
3190,58,54,0.0689655
3192,58,54,0.0689655
3193,58,54,0.0689655
3195,58,54,0.0689655
3197,58,54,0.0689655
3199,58,54,0.0689655
3200,58,54,0.0689655
3202,58,54,0.0689655
3203,58,54,0.0689655
3205,58,54,0.0689655
3206,58,54,0.0689655
3208,58,54,0.0689655
3210,58,54,0.0689655
3211,58,54,0.0689655
3213,58,54,0.0689655
3215,58,54,0.0689655
3216,58,54,0.0689655
3218,58,54,0.0689655
3220,58,54,0.0689655
3221,58,54,0.0689655
3223,58,54,0.0689655
3225,58,54,0.0689655
3226,58,54,0.0689655
3228,58,54,0.0689655
3229,58,54,0.0689655
3231,58,54,0.0689655
3233,58,54,0.0689655
3234,58,54,0.0689655
3236,58,54,0.0689655
3237,58,54,0.0689655
3239,58,54,0.0689655
3241,58,54,0.0689655
3243,58,54,0.0689655
3244,58,54,0.0689655
3246,58,54,0.0689655
3248,58,54,0.0689655
3249,58,54,0.0689655
3251,58,54,0.0689655
3252,58,54,0.0689655
3254,58,54,0.0689655
3256,58,54,0.0689655
3258,58,54,0.0689655
3259,58,54,0.0689655
3261,58,54,0.0689655
3263,58,54,0.0689655
3264,58,54,0.0689655
3266,58,54,0.0689655
3268,58,54,0.0689655
3270,58,54,0.0689655
3271,58,54,0.0689655
3273,58,54,0.0689655
3275,58,54,0.0689655
3276,58,54,0.0689655
3278,58,54,0.0689655
3279,58,54,0.0689655
3281,58,54,0.0689655
3283,58,54,0.0689655
3284,58,54,0.0689655
3286,58,54,0.0689655
3288,58,54,0.0689655
3289,58,54,0.0689655
3291,58,54,0.0689655
3293,58,54,0.0689655
3294,58,54,0.0689655
3296,58,54,0.0689655
3298,58,54,0.0689655
3299,58,54,0.0689655
3301,58,54,0.0689655
3303,58,54,0.0689655
3304,58,54,0.0689655
3306,58,54,0.0689655
3307,58,54,0.0689655
3309,58,54,0.0689655
3311,58,54,0.0689655
3312,58,54,0.0689655
3314,58,54,0.0689655
3315,58,54,0.0689655
3317,58,54,0.0689655
3318,58,54,0.0689655
3320,58,54,0.0689655
3322,58,54,0.0689655
3323,58,54,0.0689655
3325,58,54,0.0689655
3327,58,54,0.0689655
3328,58,54,0.0689655
3330,58,54,0.0689655
3332,58,54,0.0689655
3333,58,54,0.0689655
3335,58,54,0.0689655
3336,58,54,0.0689655
3338,58,54,0.0689655
3340,58,54,0.0689655
3342,58,54,0.0689655
3343,58,54,0.0689655
3345,58,54,0.0689655
3347,58,54,0.0689655
3349,58,54,0.0689655
3350,58,54,0.0689655
3352,58,54,0.0689655
3354,58,54,0.0689655
3355,58,54,0.0689655
3357,58,54,0.0689655
3359,58,54,0.0689655
3361,58,54,0.0689655
3362,58,54,0.0689655
3364,58,54,0.0689655
3366,58,54,0.0689655
3368,58,54,0.0689655
3370,58,54,0.0689655
3371,58,54,0.0689655
3373,58,54,0.0689655
3375,58,54,0.0689655
3377,58,54,0.0689655
3378,58,54,0.0689655
3380,58,54,0.0689655
3381,58,54,0.0689655
3383,58,54,0.0689655
3384,58,54,0.0689655
3386,58,54,0.0689655
3388,58,54,0.0689655
3390,58,54,0.0689655
3392,58,54,0.0689655
3393,58,54,0.0689655
3395,58,54,0.0689655
3397,58,54,0.0689655
3399,58,54,0.0689655
3400,58,54,0.0689655
3402,58,54,0.0689655
3404,58,54,0.0689655
3406,58,54,0.0689655
3407,58,54,0.0689655
3409,58,54,0.0689655
3411,58,54,0.0689655
3413,58,54,0.0689655
3414,58,54,0.0689655
3416,58,54,0.0689655
3418,58,54,0.0689655
3420,58,54,0.0689655
3422,58,54,0.0689655
3423,58,54,0.0689655
3425,58,54,0.0689655
3427,58,54,0.0689655
3428,58,54,0.0689655
3430,58,54,0.0689655
3432,58,54,0.0689655
3433,58,54,0.0689655
3435,58,54,0.0689655
3437,58,54,0.0689655
3439,58,54,0.0689655
3440,58,54,0.0689655
3442,58,54,0.0689655
3444,58,54,0.0689655
3446,58,54,0.0689655
3448,58,54,0.0689655
3449,58,54,0.0689655
3451,58,54,0.0689655
3453,58,54,0.0689655
3454,58,54,0.0689655
3456,58,54,0.0689655
3458,58,54,0.0689655
3460,58,54,0.0689655
3461,58,54,0.0689655
3463,58,54,0.0689655
3465,58,54,0.0689655
3466,58,54,0.0689655
3468,58,54,0.0689655
3470,58,54,0.0689655
3472,58,54,0.0689655
3473,58,54,0.0689655
3475,58,54,0.0689655
3477,58,54,0.0689655
3479,58,54,0.0689655
3481,58,54,0.0689655
3482,58,54,0.0689655
3484,58,54,0.0689655
3486,58,54,0.0689655
3488,58,54,0.0689655
3489,58,54,0.0689655
3491,58,54,0.0689655
3493,58,54,0.0689655
3494,58,54,0.0689655
3497,58,54,0.0689655
3498,58,54,0.0689655
3500,58,54,0.0689655
3502,58,54,0.0689655
3503,58,54,0.0689655
3505,58,54,0.0689655
3507,58,54,0.0689655
3509,58,54,0.0689655
3510,58,54,0.0689655
3512,58,54,0.0689655
3514,58,54,0.0689655
3516,58,54,0.0689655
3517,58,54,0.0689655
3519,58,54,0.0689655
3521,58,54,0.0689655
3522,58,54,0.0689655
3524,58,54,0.0689655
3526,58,54,0.0689655
3528,58,54,0.0689655
3529,58,54,0.0689655
3531,58,54,0.0689655
3533,58,54,0.0689655
3535,58,54,0.0689655
3536,58,54,0.0689655
3538,58,54,0.0689655
3540,58,54,0.0689655
3542,58,54,0.0689655
3544,58,54,0.0689655
3545,58,54,0.0689655
3547,58,54,0.0689655
3549,58,54,0.0689655
3551,58,54,0.0689655
3552,58,54,0.0689655
3554,58,54,0.0689655
3555,58,54,0.0689655
3557,58,54,0.0689655
3559,58,54,0.0689655
3560,58,54,0.0689655
3562,58,54,0.0689655
3564,58,54,0.0689655
3566,58,54,0.0689655
3568,58,54,0.0689655
3570,58,54,0.0689655
3572,58,54,0.0689655
3574,58,54,0.0689655
3576,58,54,0.0689655
3577,58,54,0.0689655
3579,58,54,0.0689655
3581,58,54,0.0689655
3583,58,54,0.0689655
3584,58,54,0.0689655
3586,58,54,0.0689655
3588,58,54,0.0689655
3590,58,54,0.0689655
3592,58,54,0.0689655
3593,58,54,0.0689655
3595,58,54,0.0689655
3597,58,54,0.0689655
3599,58,54,0.0689655
3600,58,54,0.0689655
3602,58,54,0.0689655
3604,58,54,0.0689655
3606,58,54,0.0689655
3608,58,54,0.0689655
3610,58,54,0.0689655
3611,58,54,0.0689655
3613,58,54,0.0689655
3615,58,54,0.0689655
3617,58,54,0.0689655
3619,58,54,0.0689655
3620,58,54,0.0689655
3622,58,54,0.0689655
3624,58,54,0.0689655
3626,58,54,0.0689655
3628,58,54,0.0689655
3630,58,54,0.0689655
3632,58,54,0.0689655
3634,58,54,0.0689655
3635,58,54,0.0689655
3637,58,54,0.0689655
3639,58,54,0.0689655
3641,58,54,0.0689655
3643,58,54,0.0689655
3645,58,54,0.0689655
3646,58,54,0.0689655
3648,58,54,0.0689655
3650,58,54,0.0689655
3652,58,54,0.0689655
3654,58,54,0.0689655
3656,58,54,0.0689655
3658,58,54,0.0689655
3660,58,54,0.0689655
3662,58,54,0.0689655
3664,58,54,0.0689655
3666,58,54,0.0689655
3668,58,54,0.0689655
3670,58,54,0.0689655
3672,58,54,0.0689655
3674,58,54,0.0689655
3676,58,54,0.0689655
3678,58,54,0.0689655
3680,58,54,0.0689655
3682,58,54,0.0689655
3683,58,54,0.0689655
3685,58,54,0.0689655
3687,58,54,0.0689655
3689,58,54,0.0689655
3691,58,54,0.0689655
3693,58,54,0.0689655
3695,58,54,0.0689655
3697,58,54,0.0689655
3699,58,54,0.0689655
3701,58,54,0.0689655
3703,58,54,0.0689655
3705,58,54,0.0689655
3707,58,54,0.0689655
3709,58,54,0.0689655
3711,58,54,0.0689655
3713,58,54,0.0689655
3715,58,54,0.0689655
3716,58,54,0.0689655
3718,58,54,0.0689655
3720,58,54,0.0689655
3722,58,54,0.0689655
3724,58,54,0.0689655
3726,58,54,0.0689655
3728,58,54,0.0689655
3729,58,54,0.0689655
3731,58,54,0.0689655
3733,58,54,0.0689655
3735,58,54,0.0689655
3737,58,54,0.0689655
3738,58,54,0.0689655
3740,58,54,0.0689655
3742,58,54,0.0689655
3744,58,54,0.0689655
3746,58,54,0.0689655
3748,58,54,0.0689655
3749,58,54,0.0689655
3751,58,54,0.0689655
3753,58,54,0.0689655
3755,58,54,0.0689655
3757,58,54,0.0689655
3759,58,54,0.0689655
3761,58,54,0.0689655
3763,58,54,0.0689655
3765,58,54,0.0689655
3767,58,54,0.0689655
3769,58,54,0.0689655
3771,58,54,0.0689655
3773,58,54,0.0689655
3774,58,54,0.0689655
3776,58,54,0.0689655
3778,58,54,0.0689655
3780,58,54,0.0689655
3782,58,54,0.0689655
3784,58,54,0.0689655
3787,58,54,0.0689655
3788,58,54,0.0689655
3790,58,54,0.0689655
3792,58,54,0.0689655
3794,58,54,0.0689655
3796,58,54,0.0689655
3798,58,54,0.0689655
3800,58,54,0.0689655
3802,58,54,0.0689655
3804,58,54,0.0689655
3806,58,54,0.0689655
3808,58,54,0.0689655
3810,58,54,0.0689655
3811,58,54,0.0689655
3814,58,54,0.0689655
3815,58,54,0.0689655
3817,58,54,0.0689655
3819,58,54,0.0689655
3821,58,54,0.0689655
3823,58,54,0.0689655
3825,58,54,0.0689655
3827,58,54,0.0689655
3829,58,54,0.0689655
3831,58,54,0.0689655
3833,58,54,0.0689655
3835,58,54,0.0689655
3837,58,54,0.0689655
3839,58,54,0.0689655
3841,58,54,0.0689655
3843,58,54,0.0689655
3845,58,54,0.0689655
3847,58,54,0.0689655
3849,58,54,0.0689655
3851,58,54,0.0689655
3853,58,54,0.0689655
3855,58,54,0.0689655
3858,58,54,0.0689655
3859,58,54,0.0689655
3861,58,54,0.0689655
3863,58,54,0.0689655
3865,58,54,0.0689655
3867,58,54,0.0689655
3869,58,54,0.0689655
3871,58,54,0.0689655
3873,58,54,0.0689655
3875,58,54,0.0689655
3877,58,54,0.0689655
3879,58,54,0.0689655
3881,58,54,0.0689655
3882,58,54,0.0689655
3884,58,54,0.0689655
3886,58,54,0.0689655
3888,58,54,0.0689655
3890,58,54,0.0689655
3892,58,54,0.0689655
3893,58,54,0.0689655
3895,58,54,0.0689655
3897,58,54,0.0689655
3899,58,54,0.0689655
3901,58,54,0.0689655
3903,58,54,0.0689655
3905,58,54,0.0689655
3907,58,54,0.0689655
3909,58,54,0.0689655
3911,58,54,0.0689655
3913,58,54,0.0689655
3914,58,54,0.0689655
3916,58,54,0.0689655
3918,58,54,0.0689655
3920,58,54,0.0689655
3922,58,54,0.0689655
3924,58,54,0.0689655
3926,58,54,0.0689655
3928,58,54,0.0689655
3930,58,54,0.0689655
3931,58,54,0.0689655
3933,58,54,0.0689655
3935,58,54,0.0689655
3936,58,54,0.0689655
3938,58,54,0.0689655
3940,58,54,0.0689655
3942,58,54,0.0689655
3944,58,54,0.0689655
3946,58,54,0.0689655
3947,58,54,0.0689655
3949,58,54,0.0689655
3951,58,54,0.0689655
3953,58,54,0.0689655
3955,58,54,0.0689655
3956,58,54,0.0689655
3958,58,54,0.0689655
3960,58,54,0.0689655
3962,58,54,0.0689655
3964,58,54,0.0689655
3966,58,54,0.0689655
3967,58,54,0.0689655
3969,58,54,0.0689655
3971,58,54,0.0689655
3973,58,54,0.0689655
3975,58,54,0.0689655
3977,58,54,0.0689655
3978,58,54,0.0689655
3980,58,54,0.0689655
3982,58,54,0.0689655
3984,58,54,0.0689655
3986,58,54,0.0689655
3988,58,54,0.0689655
3989,58,54,0.0689655
3991,58,54,0.0689655
3993,58,54,0.0689655
3995,58,54,0.0689655
3997,58,54,0.0689655
3999,58,54,0.0689655
4000,58,54,0.0689655
4002,58,54,0.0689655
4004,58,54,0.0689655
4006,58,54,0.0689655
4007,58,54,0.0689655
4009,58,54,0.0689655
4011,58,54,0.0689655
4013,58,54,0.0689655
4015,58,54,0.0689655
4017,58,54,0.0689655
4018,58,54,0.0689655
4020,58,54,0.0689655
4022,58,54,0.0689655
4024,58,54,0.0689655
4026,58,54,0.0689655
4028,58,54,0.0689655
4030,58,54,0.0689655
4032,58,54,0.0689655
4034,58,54,0.0689655
4035,58,54,0.0689655
4037,58,54,0.0689655
4039,58,54,0.0689655
4041,58,54,0.0689655
4043,58,54,0.0689655
4045,58,54,0.0689655
4047,58,54,0.0689655
4049,58,54,0.0689655
4051,58,54,0.0689655
4053,58,54,0.0689655
4055,58,54,0.0689655
4057,58,54,0.0689655
4059,58,54,0.0689655
4061,58,54,0.0689655
4062,58,54,0.0689655
4064,58,54,0.0689655
4066,58,54,0.0689655
4068,58,54,0.0689655
4070,58,54,0.0689655
4072,58,54,0.0689655
4074,58,54,0.0689655
4075,58,54,0.0689655
4077,58,54,0.0689655
4079,58,54,0.0689655
4081,58,54,0.0689655
4083,58,54,0.0689655
4085,58,54,0.0689655
4087,58,54,0.0689655
4089,58,54,0.0689655
4090,58,54,0.0689655
4092,58,54,0.0689655
4094,58,54,0.0689655
4096,58,54,0.0689655
4098,58,54,0.0689655
4100,58,54,0.0689655
4102,58,54,0.0689655
4104,58,54,0.0689655
4106,58,54,0.0689655
4107,58,54,0.0689655
4109,58,54,0.0689655
4111,58,54,0.0689655
4113,58,54,0.0689655
4114,58,54,0.0689655
4116,58,54,0.0689655
4118,58,54,0.0689655
4120,58,54,0.0689655
4122,58,54,0.0689655
4124,58,54,0.0689655
4126,58,54,0.0689655
4128,58,54,0.0689655
4130,58,54,0.0689655
4131,58,54,0.0689655
4133,58,54,0.0689655
4135,58,54,0.0689655
4137,58,54,0.0689655
4139,58,54,0.0689655
4141,58,54,0.0689655
4142,58,54,0.0689655
4144,58,54,0.0689655
4146,58,54,0.0689655
4148,58,54,0.0689655
4150,58,54,0.0689655
4152,58,54,0.0689655
4153,58,54,0.0689655
4155,58,54,0.0689655
4157,58,54,0.0689655
4159,58,54,0.0689655
4161,58,54,0.0689655
4163,58,54,0.0689655
4164,58,54,0.0689655
4166,58,54,0.0689655
4168,58,54,0.0689655
4170,58,54,0.0689655
4172,58,54,0.0689655
4174,58,54,0.0689655
4176,58,54,0.0689655
4178,58,54,0.0689655
4180,58,54,0.0689655
4182,58,54,0.0689655
4184,58,54,0.0689655
4186,58,54,0.0689655
4188,58,54,0.0689655
4190,58,54,0.0689655
4192,58,54,0.0689655
4194,58,54,0.0689655
4196,58,54,0.0689655
4198,58,54,0.0689655
4200,58,54,0.0689655
4202,58,54,0.0689655
4204,58,54,0.0689655
4205,58,54,0.0689655
4207,58,54,0.0689655
4210,58,54,0.0689655
4211,58,54,0.0689655
4213,58,54,0.0689655
4216,58,54,0.0689655
4218,58,54,0.0689655
4220,58,54,0.0689655
4221,58,54,0.0689655
4223,58,54,0.0689655
4225,58,54,0.0689655
4227,58,54,0.0689655
4229,58,54,0.0689655
4231,58,54,0.0689655
4233,58,54,0.0689655
4235,58,54,0.0689655
4237,58,54,0.0689655
4239,58,54,0.0689655
4240,58,54,0.0689655
4242,58,54,0.0689655
4245,58,54,0.0689655
4247,58,54,0.0689655
4249,58,54,0.0689655
4250,58,54,0.0689655
4252,58,54,0.0689655
4254,58,54,0.0689655
4256,58,54,0.0689655
4258,58,54,0.0689655
4260,58,54,0.0689655
4262,58,54,0.0689655
4264,58,54,0.0689655
4266,58,54,0.0689655
4269,58,54,0.0689655
4270,58,54,0.0689655
4272,58,54,0.0689655
4274,58,54,0.0689655
4276,58,54,0.0689655
4278,58,54,0.0689655
4280,58,54,0.0689655
4282,58,54,0.0689655
4284,58,54,0.0689655
4286,58,54,0.0689655
4288,58,54,0.0689655
4290,58,54,0.0689655
4292,58,54,0.0689655
4293,58,54,0.0689655
4296,58,54,0.0689655
4297,58,54,0.0689655
4299,58,54,0.0689655
4301,58,54,0.0689655
4303,58,54,0.0689655
4305,58,54,0.0689655
4307,58,54,0.0689655
4309,58,54,0.0689655
4312,58,54,0.0689655
4314,58,54,0.0689655
4316,58,54,0.0689655
4318,58,54,0.0689655
4320,58,54,0.0689655
4321,58,54,0.0689655
4324,58,54,0.0689655
4326,58,54,0.0689655
4327,58,54,0.0689655
4329,58,54,0.0689655
4331,58,54,0.0689655
4333,58,54,0.0689655
4335,58,54,0.0689655
4337,58,54,0.0689655
4339,58,54,0.0689655
4341,58,54,0.0689655
4343,58,54,0.0689655
4345,58,54,0.0689655
4347,58,54,0.0689655
4349,58,54,0.0689655
4351,58,54,0.0689655
4353,58,54,0.0689655
4355,58,54,0.0689655
4357,58,54,0.0689655
4359,58,54,0.0689655
4361,58,54,0.0689655
4363,58,54,0.0689655
4365,58,54,0.0689655
4367,58,54,0.0689655
4369,58,54,0.0689655
4371,58,54,0.0689655
4372,58,54,0.0689655
4375,58,54,0.0689655
4377,58,54,0.0689655
4379,58,54,0.0689655
4381,58,54,0.0689655
4383,58,54,0.0689655
4385,58,54,0.0689655
4387,58,54,0.0689655
4389,58,54,0.0689655
4391,58,54,0.0689655
4393,58,54,0.0689655
4395,58,54,0.0689655
4397,58,54,0.0689655
4399,58,54,0.0689655
4401,58,54,0.0689655
4403,58,54,0.0689655
4405,58,54,0.0689655
4407,58,54,0.0689655
4409,58,54,0.0689655
4411,58,54,0.0689655
4413,58,54,0.0689655
4415,58,54,0.0689655
4417,58,54,0.0689655
4419,58,54,0.0689655
4421,58,54,0.0689655
4422,58,54,0.0689655
4425,58,54,0.0689655
4427,58,54,0.0689655
4429,58,54,0.0689655
4431,58,54,0.0689655
4433,58,54,0.0689655
4434,58,54,0.0689655
4436,58,54,0.0689655
4438,58,54,0.0689655
4440,58,54,0.0689655
4442,58,54,0.0689655
4444,58,54,0.0689655
4446,58,54,0.0689655
4448,58,54,0.0689655
4451,58,54,0.0689655
4453,58,54,0.0689655
4455,58,54,0.0689655
4457,58,54,0.0689655
4459,58,54,0.0689655
4461,58,54,0.0689655
4463,58,54,0.0689655
4465,58,54,0.0689655
4467,58,54,0.0689655
4468,58,54,0.0689655
4470,58,54,0.0689655
4472,58,54,0.0689655
4474,58,54,0.0689655
4476,58,54,0.0689655
4478,58,54,0.0689655
4480,58,54,0.0689655
4482,58,54,0.0689655
4484,58,54,0.0689655
4486,58,54,0.0689655
4488,58,54,0.0689655
4490,58,54,0.0689655
4492,58,54,0.0689655
4494,58,54,0.0689655
4496,58,54,0.0689655
4498,58,54,0.0689655
4500,58,54,0.0689655
4502,58,54,0.0689655
4504,58,54,0.0689655
4506,58,54,0.0689655
4508,58,54,0.0689655
4510,58,54,0.0689655
4513,58,54,0.0689655
4515,58,54,0.0689655
4517,58,54,0.0689655
4519,58,54,0.0689655
4521,58,54,0.0689655
4523,58,54,0.0689655
4525,58,54,0.0689655
4528,58,54,0.0689655
4530,58,54,0.0689655
4531,58,54,0.0689655
4533,58,54,0.0689655
4535,58,54,0.0689655
4537,58,54,0.0689655
4539,58,54,0.0689655
4542,58,54,0.0689655
4544,58,54,0.0689655
4546,58,54,0.0689655
4548,58,54,0.0689655
4550,58,54,0.0689655
4552,58,54,0.0689655
4554,58,54,0.0689655
4556,58,54,0.0689655
4558,58,54,0.0689655
4561,58,54,0.0689655
4563,58,54,0.0689655
4565,58,54,0.0689655
4567,58,54,0.0689655
4569,58,54,0.0689655
4571,58,54,0.0689655
4573,58,54,0.0689655
4575,58,54,0.0689655
4577,58,54,0.0689655
4579,58,54,0.0689655
4581,58,54,0.0689655
4583,58,54,0.0689655
4585,58,54,0.0689655
4587,58,54,0.0689655
4589,58,54,0.0689655
4591,58,54,0.0689655
4593,58,54,0.0689655
4595,58,54,0.0689655
4597,58,54,0.0689655
4599,58,54,0.0689655
4601,58,54,0.0689655
4603,58,54,0.0689655
4605,58,54,0.0689655
4607,58,54,0.0689655
4609,58,54,0.0689655
4611,58,54,0.0689655
4613,58,54,0.0689655
4615,58,54,0.0689655
4617,58,54,0.0689655
4619,58,54,0.0689655
4621,58,54,0.0689655
4623,58,54,0.0689655
4625,58,54,0.0689655
4627,58,54,0.0689655
4629,58,54,0.0689655
4631,58,54,0.0689655
4633,58,54,0.0689655
4635,58,54,0.0689655
4637,58,54,0.0689655
4638,58,54,0.0689655
4640,58,54,0.0689655
4642,58,54,0.0689655
4644,58,54,0.0689655
4646,58,54,0.0689655
4648,58,54,0.0689655
4650,58,54,0.0689655
4652,58,54,0.0689655
4654,58,54,0.0689655
4656,58,54,0.0689655
4658,58,54,0.0689655
4660,58,54,0.0689655
4662,58,54,0.0689655
4664,58,54,0.0689655
4666,58,54,0.0689655
4668,58,54,0.0689655
4670,58,54,0.0689655
4672,58,54,0.0689655
4674,58,54,0.0689655
4676,58,54,0.0689655
4678,58,54,0.0689655
4680,58,54,0.0689655
4682,58,54,0.0689655
4684,58,54,0.0689655
4686,58,54,0.0689655
4687,58,54,0.0689655
4689,58,54,0.0689655
4691,58,54,0.0689655
4693,58,54,0.0689655
4695,58,54,0.0689655
4697,58,54,0.0689655
4699,58,54,0.0689655
4701,58,54,0.0689655
4703,58,54,0.0689655
4705,58,54,0.0689655
4708,58,54,0.0689655
4710,58,54,0.0689655
4711,58,54,0.0689655
4713,58,54,0.0689655
4716,58,54,0.0689655
4718,58,54,0.0689655
4720,58,54,0.0689655
4722,58,54,0.0689655
4724,58,54,0.0689655
4726,58,54,0.0689655
4728,58,54,0.0689655
4729,58,54,0.0689655
4732,58,54,0.0689655
4734,58,54,0.0689655
4735,58,54,0.0689655
4737,58,54,0.0689655
4739,58,54,0.0689655
4742,58,54,0.0689655
4744,58,54,0.0689655
4746,58,54,0.0689655
4748,58,54,0.0689655
4750,58,54,0.0689655
4752,58,54,0.0689655
4754,58,54,0.0689655
4756,58,54,0.0689655
4758,58,54,0.0689655
4761,58,54,0.0689655
4763,58,54,0.0689655
4765,58,54,0.0689655
4767,58,54,0.0689655
4769,58,54,0.0689655
4771,58,54,0.0689655
4773,58,54,0.0689655
4775,58,54,0.0689655
4777,58,54,0.0689655
4779,58,54,0.0689655
4781,58,54,0.0689655
4783,58,54,0.0689655
4785,58,54,0.0689655
4786,58,54,0.0689655
4789,58,54,0.0689655
4791,58,54,0.0689655
4793,58,54,0.0689655
4795,58,54,0.0689655
4797,58,54,0.0689655
4799,58,54,0.0689655
4801,58,54,0.0689655
4803,58,54,0.0689655
4805,58,54,0.0689655
4807,58,54,0.0689655
4809,58,54,0.0689655
4811,58,54,0.0689655
4813,58,54,0.0689655
4815,58,54,0.0689655
4817,58,54,0.0689655
4819,58,54,0.0689655
4821,58,54,0.0689655
4823,58,54,0.0689655
4825,58,54,0.0689655
4827,58,54,0.0689655
4829,58,54,0.0689655
4832,58,54,0.0689655
4834,58,54,0.0689655
4836,58,54,0.0689655
4838,58,54,0.0689655
4840,58,54,0.0689655
4842,58,54,0.0689655
4844,58,54,0.0689655
4846,58,54,0.0689655
4848,58,54,0.0689655
4850,58,54,0.0689655
4852,58,54,0.0689655
4854,58,54,0.0689655
4856,58,54,0.0689655
4858,58,54,0.0689655
4860,58,54,0.0689655
4861,58,54,0.0689655
4863,58,54,0.0689655
4865,58,54,0.0689655
4867,58,54,0.0689655
4869,58,54,0.0689655
4871,58,54,0.0689655
4873,58,54,0.0689655
4875,58,54,0.0689655
4877,58,54,0.0689655
4880,58,54,0.0689655
4882,58,54,0.0689655
4884,58,54,0.0689655
4886,58,54,0.0689655
4888,58,54,0.0689655
4890,58,54,0.0689655
4892,58,54,0.0689655
4894,58,54,0.0689655
4896,58,54,0.0689655
4898,58,54,0.0689655
4900,58,54,0.0689655
4906,58,54,0.0689655
4908,58,54,0.0689655
4910,58,54,0.0689655
4912,58,54,0.0689655
4914,58,54,0.0689655
4916,58,54,0.0689655
4918,58,54,0.0689655
4920,58,54,0.0689655
4922,58,54,0.0689655
4924,58,54,0.0689655
4926,58,54,0.0689655
4928,58,54,0.0689655
4930,58,54,0.0689655
4932,58,54,0.0689655
4935,58,54,0.0689655
4937,58,54,0.0689655
4939,58,54,0.0689655
4941,58,54,0.0689655
4943,58,54,0.0689655
4945,58,54,0.0689655
4947,58,54,0.0689655
4949,58,54,0.0689655
4951,58,54,0.0689655
4953,58,54,0.0689655
4955,58,54,0.0689655
4957,58,54,0.0689655
4959,58,54,0.0689655
4961,58,54,0.0689655
4964,58,54,0.0689655
4966,58,54,0.0689655
4968,58,54,0.0689655
4969,58,54,0.0689655
4972,58,54,0.0689655
4974,58,54,0.0689655
4976,58,54,0.0689655
4978,58,54,0.0689655
4980,58,54,0.0689655
4982,58,54,0.0689655
4984,58,54,0.0689655
4987,58,54,0.0689655
4989,58,54,0.0689655
4991,58,54,0.0689655
4993,58,54,0.0689655
4995,58,54,0.0689655
4997,58,54,0.0689655
5000,58,54,0.0689655
5002,58,54,0.0689655
5004,58,54,0.0689655
5006,58,54,0.0689655
5009,58,54,0.0689655
5011,58,54,0.0689655
5013,58,54,0.0689655
5015,58,54,0.0689655
5017,58,54,0.0689655
5019,58,54,0.0689655
5021,58,54,0.0689655
5023,58,54,0.0689655
5025,58,54,0.0689655
5027,58,54,0.0689655
5029,58,54,0.0689655
5032,58,54,0.0689655
5033,58,54,0.0689655
5036,58,54,0.0689655
5038,58,54,0.0689655
5040,58,54,0.0689655
5042,58,54,0.0689655
5044,58,54,0.0689655
5046,58,54,0.0689655
5048,58,54,0.0689655
5051,58,54,0.0689655
5053,58,54,0.0689655
5055,58,54,0.0689655
5057,58,54,0.0689655
5059,58,54,0.0689655
5061,58,54,0.0689655
5063,58,54,0.0689655
5066,58,54,0.0689655
5068,58,54,0.0689655
5070,58,54,0.0689655
5072,58,54,0.0689655
5074,58,54,0.0689655
5076,58,54,0.0689655
5078,58,54,0.0689655
5080,58,54,0.0689655
5082,58,54,0.0689655
5085,58,54,0.0689655
5087,58,54,0.0689655
5089,58,54,0.0689655
5091,58,54,0.0689655
5093,58,54,0.0689655
5095,58,54,0.0689655
5097,58,54,0.0689655
5099,58,54,0.0689655
5101,58,54,0.0689655
5104,58,54,0.0689655
5105,58,54,0.0689655
5108,58,54,0.0689655
5110,58,54,0.0689655
5112,58,54,0.0689655
5114,58,54,0.0689655
5116,58,54,0.0689655
5118,58,54,0.0689655
5121,58,54,0.0689655
5123,58,54,0.0689655
5125,58,54,0.0689655
5127,58,54,0.0689655
5129,58,54,0.0689655
5131,58,54,0.0689655
5133,58,54,0.0689655
5135,58,54,0.0689655
5137,58,54,0.0689655
5140,58,54,0.0689655
5142,58,54,0.0689655
5144,58,54,0.0689655
5146,58,54,0.0689655
5148,58,54,0.0689655
5150,58,54,0.0689655
5152,58,54,0.0689655
5154,58,54,0.0689655
5157,58,54,0.0689655
5159,58,54,0.0689655
5161,58,54,0.0689655
5163,58,54,0.0689655
5165,58,54,0.0689655
5168,58,54,0.0689655
5170,58,54,0.0689655
5172,58,54,0.0689655
5174,58,54,0.0689655
5177,58,54,0.0689655
5179,58,54,0.0689655
5181,58,54,0.0689655
5183,58,54,0.0689655
5185,58,54,0.0689655
5187,58,54,0.0689655
5189,58,54,0.0689655
5192,58,54,0.0689655
5194,58,54,0.0689655
5196,58,54,0.0689655
5198,58,54,0.0689655
5201,58,54,0.0689655
5203,58,54,0.0689655
5205,58,54,0.0689655
5207,58,54,0.0689655
5209,58,54,0.0689655
5211,58,54,0.0689655
5213,58,54,0.0689655
5215,58,54,0.0689655
5217,58,54,0.0689655
5219,58,54,0.0689655
5221,58,54,0.0689655
5224,58,54,0.0689655
5226,58,54,0.0689655
5228,58,54,0.0689655
5231,58,54,0.0689655
5233,58,54,0.0689655
5235,58,54,0.0689655
5237,58,54,0.0689655
5239,58,54,0.0689655
5242,58,54,0.0689655
5244,58,54,0.0689655
5246,58,54,0.0689655
5248,58,54,0.0689655
5250,58,54,0.0689655
5253,58,54,0.0689655
5255,58,54,0.0689655
5257,58,54,0.0689655
5259,58,54,0.0689655
5261,58,54,0.0689655
5264,58,54,0.0689655
5266,58,54,0.0689655
5268,58,54,0.0689655
5270,58,54,0.0689655
5273,58,54,0.0689655
5275,58,54,0.0689655
5277,58,54,0.0689655
5279,58,54,0.0689655
5281,58,54,0.0689655
5283,58,54,0.0689655
5285,58,54,0.0689655
5287,58,54,0.0689655
5290,58,54,0.0689655
5292,58,54,0.0689655
5294,58,54,0.0689655
5296,58,54,0.0689655
5298,58,54,0.0689655
5301,58,54,0.0689655
5303,58,54,0.0689655
5305,58,54,0.0689655
5308,58,54,0.0689655
5310,58,54,0.0689655
5312,58,54,0.0689655
5314,58,54,0.0689655
5317,58,54,0.0689655
5319,58,54,0.0689655
5321,58,54,0.0689655
5324,58,54,0.0689655
5326,58,54,0.0689655
5328,58,54,0.0689655
5330,58,54,0.0689655
5332,58,54,0.0689655
5334,58,54,0.0689655
5337,58,54,0.0689655
5339,58,54,0.0689655
5341,58,54,0.0689655
5344,58,54,0.0689655
5346,58,54,0.0689655
5348,58,54,0.0689655
5350,58,54,0.0689655
5353,58,54,0.0689655
5355,58,54,0.0689655
5357,58,54,0.0689655
5360,58,54,0.0689655
5361,58,54,0.0689655
5364,58,54,0.0689655
5366,58,54,0.0689655
5368,58,54,0.0689655
5371,58,54,0.0689655
5373,58,54,0.0689655
5375,58,54,0.0689655
5378,58,54,0.0689655
5380,58,54,0.0689655
5383,58,54,0.0689655
5385,58,54,0.0689655
5387,58,54,0.0689655
5390,58,54,0.0689655
5392,58,54,0.0689655
5395,58,54,0.0689655
5397,58,54,0.0689655
5399,58,54,0.0689655
5401,58,54,0.0689655
5403,58,54,0.0689655
5405,58,54,0.0689655
5408,58,54,0.0689655
5410,58,54,0.0689655
5412,58,54,0.0689655
5414,58,54,0.0689655
5416,58,54,0.0689655
5419,58,54,0.0689655
5421,58,54,0.0689655
5423,58,54,0.0689655
5426,58,54,0.0689655
5428,58,54,0.0689655
5430,58,54,0.0689655
5432,58,54,0.0689655
5435,58,54,0.0689655
5437,58,54,0.0689655
5439,58,54,0.0689655
5442,58,54,0.0689655
5444,58,54,0.0689655
5446,58,54,0.0689655
5448,58,54,0.0689655
5451,58,54,0.0689655
5453,58,54,0.0689655
5455,58,54,0.0689655
5458,58,54,0.0689655
5460,58,54,0.0689655
5462,58,54,0.0689655
5465,58,54,0.0689655
5467,58,54,0.0689655
5469,58,54,0.0689655
5472,58,54,0.0689655
5474,58,54,0.0689655
5476,58,54,0.0689655
5479,58,54,0.0689655
5481,58,54,0.0689655
5484,58,54,0.0689655
5486,58,54,0.0689655
5488,58,54,0.0689655
5491,58,54,0.0689655
5493,58,54,0.0689655
5495,58,54,0.0689655
5498,58,54,0.0689655
5500,58,54,0.0689655
5503,58,54,0.0689655
5505,58,54,0.0689655
5507,58,54,0.0689655
5509,58,54,0.0689655
5512,58,54,0.0689655
5514,58,54,0.0689655
5517,58,54,0.0689655
5519,58,54,0.0689655
5522,58,54,0.0689655
5524,58,54,0.0689655
5526,58,54,0.0689655
5529,58,54,0.0689655
5530,58,54,0.0689655
5533,58,54,0.0689655
5535,58,54,0.0689655
5537,58,54,0.0689655
5539,58,54,0.0689655
5542,58,54,0.0689655
5544,58,54,0.0689655
5546,58,54,0.0689655
5549,58,54,0.0689655
5551,58,54,0.0689655
5554,58,54,0.0689655
5556,58,54,0.0689655
5558,58,54,0.0689655
5560,58,54,0.0689655
5563,58,54,0.0689655
5565,58,54,0.0689655
5567,58,54,0.0689655
5570,58,54,0.0689655
5572,58,54,0.0689655
5574,58,54,0.0689655
5577,58,54,0.0689655
5579,58,54,0.0689655
5581,58,54,0.0689655
5583,58,54,0.0689655
5585,58,54,0.0689655
5588,58,54,0.0689655
5590,58,54,0.0689655
5592,58,54,0.0689655
5595,58,54,0.0689655
5597,58,54,0.0689655
5600,58,54,0.0689655
5602,58,54,0.0689655
5604,58,54,0.0689655
5606,58,54,0.0689655
5608,58,54,0.0689655
5611,58,54,0.0689655
5613,58,54,0.0689655
5615,58,54,0.0689655
5617,58,54,0.0689655
5619,58,54,0.0689655
5621,58,54,0.0689655
5624,58,54,0.0689655
5626,58,54,0.0689655
5628,58,54,0.0689655
5630,58,54,0.0689655
5633,58,54,0.0689655
5635,58,54,0.0689655
5637,58,54,0.0689655
5640,58,54,0.0689655
5642,58,54,0.0689655
5645,58,54,0.0689655
5647,58,54,0.0689655
5649,58,54,0.0689655
5651,58,54,0.0689655
5654,58,54,0.0689655
5656,58,54,0.0689655
5658,58,54,0.0689655
5661,58,54,0.0689655
5663,58,54,0.0689655
5666,58,54,0.0689655
5668,58,54,0.0689655
5671,58,54,0.0689655
5673,58,54,0.0689655
5676,58,54,0.0689655
5678,58,54,0.0689655
5680,58,54,0.0689655
5683,58,54,0.0689655
5685,58,54,0.0689655
5687,58,54,0.0689655
5690,58,54,0.0689655
5692,58,54,0.0689655
5695,58,54,0.0689655
5697,58,54,0.0689655
5700,58,54,0.0689655
5702,58,54,0.0689655
5704,58,54,0.0689655
5707,58,54,0.0689655
5709,58,54,0.0689655
5711,58,54,0.0689655
5713,58,54,0.0689655
5715,58,54,0.0689655
5717,58,54,0.0689655
5720,58,54,0.0689655
5722,58,54,0.0689655
5724,58,54,0.0689655
5727,58,54,0.0689655
5729,58,54,0.0689655
5732,58,54,0.0689655
5734,58,54,0.0689655
5736,58,54,0.0689655
5739,58,54,0.0689655
5741,58,54,0.0689655
5743,58,54,0.0689655
5745,58,54,0.0689655
5747,58,54,0.0689655
5750,58,54,0.0689655
5752,58,54,0.0689655
5755,58,54,0.0689655
5757,58,54,0.0689655
5759,58,54,0.0689655
5762,58,54,0.0689655
5764,58,54,0.0689655
5767,58,54,0.0689655
5769,58,54,0.0689655
5771,58,54,0.0689655
5774,58,54,0.0689655
5777,58,54,0.0689655
5779,58,54,0.0689655
5781,58,54,0.0689655
5783,58,54,0.0689655
5786,58,54,0.0689655
5788,58,54,0.0689655
5791,58,54,0.0689655
5793,58,54,0.0689655
5795,58,54,0.0689655
5798,58,54,0.0689655
5800,58,54,0.0689655
5802,58,54,0.0689655
5805,58,54,0.0689655
5807,58,54,0.0689655
5810,58,54,0.0689655
5812,58,54,0.0689655
5814,58,54,0.0689655
5817,58,54,0.0689655
5819,58,54,0.0689655
5821,58,54,0.0689655
5824,58,54,0.0689655
5826,58,54,0.0689655
5829,58,54,0.0689655
5831,58,54,0.0689655
5833,58,54,0.0689655
5836,58,54,0.0689655
5838,58,54,0.0689655
5840,58,54,0.0689655
5843,58,54,0.0689655
5845,58,54,0.0689655
5847,58,54,0.0689655
5850,58,54,0.0689655
5852,58,54,0.0689655
5854,58,54,0.0689655
5857,58,54,0.0689655
5859,58,54,0.0689655
5862,58,54,0.0689655
5864,58,54,0.0689655
5866,58,54,0.0689655
5869,58,54,0.0689655
5871,58,54,0.0689655
5873,58,54,0.0689655
5876,58,54,0.0689655
5878,58,54,0.0689655
5880,58,54,0.0689655
5883,58,54,0.0689655
5885,58,54,0.0689655
5887,58,54,0.0689655
5890,58,54,0.0689655
5892,58,54,0.0689655
5894,58,54,0.0689655
5896,58,54,0.0689655
5899,58,54,0.0689655
5901,58,54,0.0689655
5903,58,54,0.0689655
5906,58,54,0.0689655
5908,58,54,0.0689655
5910,58,54,0.0689655
5912,58,54,0.0689655
5915,58,54,0.0689655
5918,58,54,0.0689655
5920,58,54,0.0689655
5922,58,54,0.0689655
5924,58,54,0.0689655
5927,58,54,0.0689655
5929,58,54,0.0689655
5931,58,54,0.0689655
5934,58,54,0.0689655
5936,58,54,0.0689655
5938,58,54,0.0689655
5940,58,54,0.0689655
5943,58,54,0.0689655
5945,58,54,0.0689655
5948,58,54,0.0689655
5950,58,54,0.0689655
5952,58,54,0.0689655
5955,58,54,0.0689655
5957,58,54,0.0689655
5959,58,54,0.0689655
5962,58,54,0.0689655
5964,58,54,0.0689655
5966,58,54,0.0689655
5969,58,54,0.0689655
5971,58,54,0.0689655
5973,58,54,0.0689655
5976,58,54,0.0689655
5978,58,54,0.0689655
5981,58,54,0.0689655
5983,58,54,0.0689655
5985,58,54,0.0689655
5988,58,54,0.0689655
5990,58,54,0.0689655
5992,58,54,0.0689655
5995,58,54,0.0689655
5997,58,54,0.0689655
5999,58,54,0.0689655
6002,58,54,0.0689655
6004,58,54,0.0689655
6006,58,54,0.0689655
6009,58,54,0.0689655
6011,58,54,0.0689655
6013,58,54,0.0689655
6016,58,54,0.0689655
6018,58,54,0.0689655
6021,58,54,0.0689655
6023,58,54,0.0689655
6025,58,54,0.0689655
6028,58,54,0.0689655
6030,58,54,0.0689655
6032,58,54,0.0689655
6035,58,54,0.0689655
6037,58,54,0.0689655
6040,58,54,0.0689655
6042,58,54,0.0689655
6044,58,54,0.0689655
6047,58,54,0.0689655
6049,58,54,0.0689655
6052,58,54,0.0689655
6054,58,54,0.0689655
6056,58,54,0.0689655
6058,58,54,0.0689655
6061,58,54,0.0689655
6063,58,54,0.0689655
6066,58,54,0.0689655
6067,58,54,0.0689655
6070,58,54,0.0689655
6072,58,54,0.0689655
6075,58,54,0.0689655
6077,58,54,0.0689655
6080,58,54,0.0689655
6082,58,54,0.0689655
6085,58,54,0.0689655
6087,58,54,0.0689655
6090,58,54,0.0689655
6092,58,54,0.0689655
6094,58,54,0.0689655
6097,58,54,0.0689655
6099,58,54,0.0689655
6102,58,54,0.0689655
6104,58,54,0.0689655
6107,58,54,0.0689655
6109,58,54,0.0689655
6111,58,54,0.0689655
6113,58,54,0.0689655
6116,58,54,0.0689655
6118,58,54,0.0689655
6121,58,54,0.0689655
6123,58,54,0.0689655
6126,58,54,0.0689655
6128,58,54,0.0689655
6130,58,54,0.0689655
6133,58,54,0.0689655
6136,58,54,0.0689655
6138,58,54,0.0689655
6140,58,54,0.0689655
6143,58,54,0.0689655
6145,58,54,0.0689655
6147,58,54,0.0689655
6150,58,54,0.0689655
6152,58,54,0.0689655
6154,58,54,0.0689655
6156,58,54,0.0689655
6159,58,54,0.0689655
6161,58,54,0.0689655
6163,58,54,0.0689655
6166,58,54,0.0689655
6168,58,54,0.0689655
6171,58,54,0.0689655
6173,58,54,0.0689655
6176,58,54,0.0689655
6178,58,54,0.0689655
6180,58,54,0.0689655
6183,58,54,0.0689655
6185,58,54,0.0689655
6188,58,54,0.0689655
6190,58,54,0.0689655
6193,58,54,0.0689655
6195,58,54,0.0689655
6197,58,54,0.0689655
6200,58,54,0.0689655
6202,58,54,0.0689655
6205,58,54,0.0689655
6207,58,54,0.0689655
6209,58,54,0.0689655
6212,58,54,0.0689655
6214,58,54,0.0689655
6216,58,54,0.0689655
6219,58,54,0.0689655
6221,58,54,0.0689655
6223,58,54,0.0689655
6226,58,54,0.0689655
6228,58,54,0.0689655
6230,58,54,0.0689655
6233,58,54,0.0689655
6235,58,54,0.0689655
6237,58,54,0.0689655
6240,58,54,0.0689655
6243,58,54,0.0689655
6245,58,54,0.0689655
6248,58,54,0.0689655
6250,58,54,0.0689655
6253,58,54,0.0689655
6255,58,54,0.0689655
6257,58,54,0.0689655
6259,58,54,0.0689655
6262,58,54,0.0689655
6264,58,54,0.0689655
6267,58,54,0.0689655
6269,58,54,0.0689655
6271,58,54,0.0689655
6273,58,54,0.0689655
6276,58,54,0.0689655
6278,58,54,0.0689655
6280,58,54,0.0689655
6283,58,54,0.0689655
6286,58,54,0.0689655
6288,58,54,0.0689655
6291,58,54,0.0689655
6293,58,54,0.0689655
6295,58,54,0.0689655
6298,58,54,0.0689655
6301,58,54,0.0689655
6303,58,54,0.0689655
6305,58,54,0.0689655
6308,58,54,0.0689655
6310,58,54,0.0689655
6313,58,54,0.0689655
6315,58,54,0.0689655
6317,58,54,0.0689655
6319,58,54,0.0689655
6322,58,54,0.0689655
6325,58,54,0.0689655
6327,58,54,0.0689655
6329,58,54,0.0689655
6332,58,54,0.0689655
6334,58,54,0.0689655
6337,58,54,0.0689655
6339,58,54,0.0689655
6342,58,54,0.0689655
6344,58,54,0.0689655
6347,58,54,0.0689655
6349,58,54,0.0689655
6352,58,54,0.0689655
6354,58,54,0.0689655
6356,58,54,0.0689655
6359,58,54,0.0689655
6361,58,54,0.0689655
6364,58,54,0.0689655
6366,58,54,0.0689655
6369,58,54,0.0689655
6371,58,54,0.0689655
6373,58,54,0.0689655
6376,58,54,0.0689655
6379,58,54,0.0689655
6381,58,54,0.0689655
6384,58,54,0.0689655
6386,58,54,0.0689655
6389,58,54,0.0689655
6391,58,54,0.0689655
6393,58,54,0.0689655
6396,58,54,0.0689655
6398,58,54,0.0689655
6401,58,54,0.0689655
6403,58,54,0.0689655
6406,58,54,0.0689655
6408,58,54,0.0689655
6411,58,54,0.0689655
6413,58,54,0.0689655
6416,58,54,0.0689655
6418,58,54,0.0689655
6421,58,54,0.0689655
6423,58,54,0.0689655
6426,58,54,0.0689655
6428,58,54,0.0689655
6431,58,54,0.0689655
6433,58,54,0.0689655
6436,58,54,0.0689655
6438,58,54,0.0689655
6440,58,54,0.0689655
6443,58,54,0.0689655
6445,58,54,0.0689655
6447,58,54,0.0689655
6449,58,54,0.0689655
6452,58,54,0.0689655
6454,58,54,0.0689655
6456,58,54,0.0689655
6459,58,54,0.0689655
6461,58,54,0.0689655
6464,58,54,0.0689655
6466,58,54,0.0689655
6468,58,54,0.0689655
6471,58,54,0.0689655
6474,58,54,0.0689655
6476,58,54,0.0689655
6479,58,54,0.0689655
6481,58,54,0.0689655
6483,58,54,0.0689655
6486,58,54,0.0689655
6488,58,54,0.0689655
6490,58,54,0.0689655
6493,58,54,0.0689655
6495,58,54,0.0689655
6498,58,54,0.0689655
6500,58,54,0.0689655
6502,58,54,0.0689655
6504,58,54,0.0689655
6507,58,54,0.0689655
6509,58,54,0.0689655
6511,58,54,0.0689655
6514,58,54,0.0689655
6516,58,54,0.0689655
6519,58,54,0.0689655
6521,58,54,0.0689655
6523,58,54,0.0689655
6526,58,54,0.0689655
6528,58,54,0.0689655
6531,58,54,0.0689655
6533,58,54,0.0689655
6536,58,54,0.0689655
6538,58,54,0.0689655
6540,58,54,0.0689655
6543,58,54,0.0689655
6545,58,54,0.0689655
6548,58,54,0.0689655
6550,58,54,0.0689655
6553,58,54,0.0689655
6555,58,54,0.0689655
6558,58,54,0.0689655
6560,58,54,0.0689655
6563,58,54,0.0689655
6565,58,54,0.0689655
6568,58,54,0.0689655
6570,58,54,0.0689655
6573,58,54,0.0689655
6575,58,54,0.0689655
6578,58,54,0.0689655
6580,58,54,0.0689655
6583,58,54,0.0689655
6585,58,54,0.0689655
6588,58,54,0.0689655
6590,58,54,0.0689655
6592,58,54,0.0689655
6595,58,54,0.0689655
6597,58,54,0.0689655
6600,58,54,0.0689655
6602,58,54,0.0689655
6604,58,54,0.0689655
6606,58,54,0.0689655
6609,58,54,0.0689655
6611,58,54,0.0689655
6613,58,54,0.0689655
6616,58,54,0.0689655
6618,58,54,0.0689655
6620,58,54,0.0689655
6623,58,54,0.0689655
6625,58,54,0.0689655
6628,58,54,0.0689655
6630,58,54,0.0689655
6632,58,54,0.0689655
6635,58,54,0.0689655
6638,58,54,0.0689655
6640,58,54,0.0689655
6642,58,54,0.0689655
6645,58,54,0.0689655
6647,58,54,0.0689655
6650,58,54,0.0689655
6652,58,54,0.0689655
6655,58,54,0.0689655
6657,58,54,0.0689655
6659,58,54,0.0689655
6662,58,54,0.0689655
6664,58,54,0.0689655
6667,58,54,0.0689655
6669,58,54,0.0689655
6671,58,54,0.0689655
6673,58,54,0.0689655
6675,58,54,0.0689655
6678,58,54,0.0689655
6680,58,54,0.0689655
6682,58,54,0.0689655
6685,58,54,0.0689655
6687,58,54,0.0689655
6689,58,54,0.0689655
6692,58,54,0.0689655
6694,58,54,0.0689655
6696,58,54,0.0689655
6699,58,54,0.0689655
6701,58,54,0.0689655
6704,58,54,0.0689655
6706,58,54,0.0689655
6708,58,54,0.0689655
6710,58,54,0.0689655
6713,58,54,0.0689655
6715,58,54,0.0689655
6718,58,54,0.0689655
6720,58,54,0.0689655
6723,58,54,0.0689655
6725,58,54,0.0689655
6728,58,54,0.0689655
6730,58,54,0.0689655
6732,58,54,0.0689655
6735,58,54,0.0689655
6737,58,54,0.0689655
6740,58,54,0.0689655
6742,58,54,0.0689655
6745,58,54,0.0689655
6747,58,54,0.0689655
6750,58,54,0.0689655
6752,58,54,0.0689655
6754,58,54,0.0689655
6757,58,54,0.0689655
6759,58,54,0.0689655
6762,58,54,0.0689655
6764,58,54,0.0689655
6767,58,54,0.0689655
6770,58,54,0.0689655
6772,58,54,0.0689655
6774,58,54,0.0689655
6777,58,54,0.0689655
6779,58,54,0.0689655
6782,58,54,0.0689655
6784,58,54,0.0689655
6787,58,54,0.0689655
6789,58,54,0.0689655
6791,58,54,0.0689655
6794,58,54,0.0689655
6796,58,54,0.0689655
6799,58,54,0.0689655
6801,58,54,0.0689655
6804,58,54,0.0689655
6806,58,54,0.0689655
6809,58,54,0.0689655
6812,58,54,0.0689655
6814,58,54,0.0689655
6816,58,54,0.0689655
6819,58,54,0.0689655
6821,58,54,0.0689655
6824,58,54,0.0689655
6826,58,54,0.0689655
6829,58,54,0.0689655
6831,58,54,0.0689655
6834,58,54,0.0689655
6836,58,54,0.0689655
6839,58,54,0.0689655
6841,58,54,0.0689655
6844,58,54,0.0689655
6846,58,54,0.0689655
6848,58,54,0.0689655
6851,58,54,0.0689655
6853,58,54,0.0689655
6856,58,54,0.0689655
6859,58,54,0.0689655
6862,58,54,0.0689655
6864,58,54,0.0689655
6866,58,54,0.0689655
6868,58,54,0.0689655
6871,58,54,0.0689655
6874,58,54,0.0689655
6876,58,54,0.0689655
6879,58,54,0.0689655
6881,58,54,0.0689655
6884,58,54,0.0689655
6887,58,54,0.0689655
6889,58,54,0.0689655
6892,58,54,0.0689655
6894,58,54,0.0689655
6897,58,54,0.0689655
6899,58,54,0.0689655
6902,58,54,0.0689655
6904,58,54,0.0689655
6907,58,54,0.0689655
6909,58,54,0.0689655
6911,58,54,0.0689655
6914,58,54,0.0689655
6917,58,54,0.0689655
6919,58,54,0.0689655
6921,58,54,0.0689655
6924,58,54,0.0689655
6926,58,54,0.0689655
6928,58,54,0.0689655
6931,58,54,0.0689655
6934,58,54,0.0689655
6936,58,54,0.0689655
6938,58,54,0.0689655
6941,58,54,0.0689655
6943,58,54,0.0689655
6946,58,54,0.0689655
6949,58,54,0.0689655
6951,58,54,0.0689655
6953,58,54,0.0689655
6956,58,54,0.0689655
6958,58,54,0.0689655
6961,58,54,0.0689655
6963,58,54,0.0689655
6966,58,54,0.0689655
6968,58,54,0.0689655
6971,58,54,0.0689655
6973,58,54,0.0689655
6975,58,54,0.0689655
6978,58,54,0.0689655
6980,58,54,0.0689655
6983,58,54,0.0689655
6985,58,54,0.0689655
6988,58,54,0.0689655
6990,58,54,0.0689655
6993,58,54,0.0689655
6995,58,54,0.0689655
6998,58,54,0.0689655
7000,58,54,0.0689655
7003,58,54,0.0689655
7006,58,54,0.0689655
7008,58,54,0.0689655
7011,58,54,0.0689655
7013,58,54,0.0689655
7016,58,54,0.0689655
7018,58,54,0.0689655
7021,58,54,0.0689655
7023,58,54,0.0689655
7026,58,54,0.0689655
7028,58,54,0.0689655
7031,58,54,0.0689655
7033,58,54,0.0689655
7036,58,54,0.0689655
7038,58,54,0.0689655
7041,58,54,0.0689655
7043,58,54,0.0689655
7045,58,54,0.0689655
7048,58,54,0.0689655
7051,58,54,0.0689655
7053,58,54,0.0689655
7055,58,54,0.0689655
7058,58,54,0.0689655
7061,58,54,0.0689655
7063,58,54,0.0689655
7066,58,54,0.0689655
7068,58,54,0.0689655
7071,58,54,0.0689655
7074,58,54,0.0689655
7076,58,54,0.0689655
7079,58,54,0.0689655
7081,58,54,0.0689655
7084,58,54,0.0689655
7087,58,54,0.0689655
7089,58,54,0.0689655
7092,58,54,0.0689655
7094,58,54,0.0689655
7097,58,54,0.0689655
7099,58,54,0.0689655
7102,58,54,0.0689655
7104,58,54,0.0689655
7107,58,54,0.0689655
7110,58,54,0.0689655
7112,58,54,0.0689655
7115,58,54,0.0689655
7118,58,54,0.0689655
7120,58,54,0.0689655
7123,58,54,0.0689655
7126,58,54,0.0689655
7129,58,54,0.0689655
7131,58,54,0.0689655
7134,58,54,0.0689655
7137,58,54,0.0689655
7139,58,54,0.0689655
7142,58,54,0.0689655
7144,58,54,0.0689655
7147,58,54,0.0689655
7150,58,54,0.0689655
7152,58,54,0.0689655
7155,58,54,0.0689655
7157,58,54,0.0689655
7159,58,54,0.0689655
7162,58,54,0.0689655
7165,58,54,0.0689655
7168,58,54,0.0689655
7170,58,54,0.0689655
7173,58,54,0.0689655
7176,58,54,0.0689655
7178,58,54,0.0689655
7180,58,54,0.0689655
7183,58,54,0.0689655
7186,58,54,0.0689655
7188,58,54,0.0689655
7191,58,54,0.0689655
7193,58,54,0.0689655
7196,58,54,0.0689655
7198,58,54,0.0689655
7201,58,54,0.0689655
7203,58,54,0.0689655
7206,58,54,0.0689655
7209,58,54,0.0689655
7211,58,54,0.0689655
7214,58,54,0.0689655
7216,58,54,0.0689655
7219,58,54,0.0689655
7221,58,54,0.0689655
7224,58,54,0.0689655
7227,58,54,0.0689655
7229,58,54,0.0689655
7232,58,54,0.0689655
7235,58,54,0.0689655
7237,58,54,0.0689655
7240,58,54,0.0689655
7243,58,54,0.0689655
7245,58,54,0.0689655
7248,58,54,0.0689655
7250,58,54,0.0689655
7253,58,54,0.0689655
7255,58,54,0.0689655
7258,58,54,0.0689655
7261,58,54,0.0689655
7263,58,54,0.0689655
7266,58,54,0.0689655
7269,58,54,0.0689655
7272,58,54,0.0689655
7275,58,54,0.0689655
7277,58,54,0.0689655
7280,58,54,0.0689655
7283,58,54,0.0689655
7285,58,54,0.0689655
7288,58,54,0.0689655
7291,58,54,0.0689655
7293,58,54,0.0689655
7296,58,54,0.0689655
7299,58,54,0.0689655
7301,58,54,0.0689655
7304,58,54,0.0689655
7307,58,54,0.0689655
7309,58,54,0.0689655
7312,58,54,0.0689655
7315,58,54,0.0689655
7318,58,54,0.0689655
7321,58,54,0.0689655
7323,58,54,0.0689655
7326,58,54,0.0689655
7328,58,54,0.0689655
7331,58,54,0.0689655
7334,58,54,0.0689655
7336,58,54,0.0689655
7339,58,54,0.0689655
7341,58,54,0.0689655
7344,58,54,0.0689655
7347,58,54,0.0689655
7350,58,54,0.0689655
7353,58,54,0.0689655
7355,58,54,0.0689655
7358,58,54,0.0689655
7361,58,54,0.0689655
7363,58,54,0.0689655
7366,58,54,0.0689655
7369,58,54,0.0689655
7372,58,54,0.0689655
7374,58,54,0.0689655
7377,58,54,0.0689655
7379,58,54,0.0689655
7382,58,54,0.0689655
7385,58,54,0.0689655
7387,58,54,0.0689655
7390,58,54,0.0689655
7393,58,54,0.0689655
7396,58,54,0.0689655
7399,58,54,0.0689655
7401,58,54,0.0689655
7404,58,54,0.0689655
7407,58,54,0.0689655
7410,58,54,0.0689655
7412,58,54,0.0689655
7415,58,54,0.0689655
7417,58,54,0.0689655
7420,58,54,0.0689655
7422,58,54,0.0689655
7425,58,54,0.0689655
7428,58,54,0.0689655
7430,58,54,0.0689655
7433,58,54,0.0689655
7435,58,54,0.0689655
7438,58,54,0.0689655
7440,58,54,0.0689655
7443,58,54,0.0689655
7446,58,54,0.0689655
7448,58,54,0.0689655
7451,58,54,0.0689655
7453,58,54,0.0689655
7456,58,54,0.0689655
7459,58,54,0.0689655
7461,58,54,0.0689655
7463,58,54,0.0689655
7465,58,54,0.0689655
7468,58,54,0.0689655
7470,58,54,0.0689655
7473,58,54,0.0689655
7476,58,54,0.0689655
7479,58,54,0.0689655
7481,58,54,0.0689655
7484,58,54,0.0689655
7487,58,54,0.0689655
7490,58,54,0.0689655
7493,58,54,0.0689655
7496,58,54,0.0689655
7498,58,54,0.0689655
7501,58,54,0.0689655
7504,58,54,0.0689655
7507,58,54,0.0689655
7510,58,54,0.0689655
7512,58,54,0.0689655
7515,58,54,0.0689655
7518,58,54,0.0689655
7520,58,54,0.0689655
7524,58,54,0.0689655
7527,58,54,0.0689655
7529,58,54,0.0689655
7532,58,54,0.0689655
7535,58,54,0.0689655
7537,58,54,0.0689655
7540,58,54,0.0689655
7543,58,54,0.0689655
7545,58,54,0.0689655
7548,58,54,0.0689655
7550,58,54,0.0689655
7554,58,54,0.0689655
7556,58,54,0.0689655
7560,58,54,0.0689655
7563,58,54,0.0689655
7566,58,54,0.0689655
7569,58,54,0.0689655
7571,58,54,0.0689655
7574,58,54,0.0689655
7577,58,54,0.0689655
7580,58,54,0.0689655
7583,58,54,0.0689655
7585,58,54,0.0689655
7588,58,54,0.0689655
7591,58,54,0.0689655
7593,58,54,0.0689655
7596,58,54,0.0689655
7599,58,54,0.0689655
7601,58,54,0.0689655
7604,58,54,0.0689655
7607,58,54,0.0689655
7609,58,54,0.0689655
7612,58,54,0.0689655
7614,58,54,0.0689655
7617,58,54,0.0689655
7620,58,54,0.0689655
7622,58,54,0.0689655
7625,58,54,0.0689655
7628,58,54,0.0689655
7630,58,54,0.0689655
7633,58,54,0.0689655
7636,58,54,0.0689655
7638,58,54,0.0689655
7641,58,54,0.0689655
7644,58,54,0.0689655
7646,58,54,0.0689655
7649,58,54,0.0689655
7652,58,54,0.0689655
7654,58,54,0.0689655
7657,58,54,0.0689655
7659,58,54,0.0689655
7662,58,54,0.0689655
7665,58,54,0.0689655
7668,58,54,0.0689655
7671,58,54,0.0689655
7673,58,54,0.0689655
7676,58,54,0.0689655
7679,58,54,0.0689655
7682,58,54,0.0689655
7684,58,54,0.0689655
7687,58,54,0.0689655
7690,58,54,0.0689655
7693,58,54,0.0689655
7696,58,54,0.0689655
7699,58,54,0.0689655
7702,58,54,0.0689655
7704,58,54,0.0689655
7706,58,54,0.0689655
7709,58,54,0.0689655
7712,58,54,0.0689655
7715,58,54,0.0689655
7718,58,54,0.0689655
7720,58,54,0.0689655
7723,58,54,0.0689655
7726,58,54,0.0689655
7728,58,54,0.0689655
7731,58,54,0.0689655
7733,58,54,0.0689655
7736,58,54,0.0689655
7739,58,54,0.0689655
7742,58,54,0.0689655
7744,58,54,0.0689655
7747,58,54,0.0689655
7749,58,54,0.0689655
7752,58,54,0.0689655
7754,58,54,0.0689655
7756,58,54,0.0689655
7759,58,54,0.0689655
7762,58,54,0.0689655
7764,58,54,0.0689655
7767,58,54,0.0689655
7769,58,54,0.0689655
7772,58,54,0.0689655
7775,58,54,0.0689655
7777,58,54,0.0689655
7780,58,54,0.0689655
7783,58,54,0.0689655
7785,58,54,0.0689655
7788,58,54,0.0689655
7791,58,54,0.0689655
7794,58,54,0.0689655
7796,58,54,0.0689655
7799,58,54,0.0689655
7801,58,54,0.0689655
7804,58,54,0.0689655
7806,58,54,0.0689655
7809,58,54,0.0689655
7812,58,54,0.0689655
7814,58,54,0.0689655
7817,58,54,0.0689655
7820,58,54,0.0689655
7823,58,54,0.0689655
7825,58,54,0.0689655
7828,58,54,0.0689655
7831,58,54,0.0689655
7833,58,54,0.0689655
7835,58,54,0.0689655
7838,58,54,0.0689655
7840,58,54,0.0689655
7843,58,54,0.0689655
7846,58,54,0.0689655
7848,58,54,0.0689655
7851,58,54,0.0689655
7854,58,54,0.0689655
7857,58,54,0.0689655
7859,58,54,0.0689655
7862,58,54,0.0689655
7865,58,54,0.0689655
7867,58,54,0.0689655
7870,58,54,0.0689655
7873,58,54,0.0689655
7875,58,54,0.0689655
7879,58,54,0.0689655
7881,58,54,0.0689655
7884,58,54,0.0689655
7887,58,54,0.0689655
7890,58,54,0.0689655
7893,58,54,0.0689655
7895,58,54,0.0689655
7897,58,54,0.0689655
7900,58,54,0.0689655
7903,58,54,0.0689655
7906,58,54,0.0689655
7909,58,54,0.0689655
7911,58,54,0.0689655
7914,58,54,0.0689655
7917,58,54,0.0689655
7919,58,54,0.0689655
7922,58,54,0.0689655
7926,58,54,0.0689655
7928,58,54,0.0689655
7931,58,54,0.0689655
7934,58,54,0.0689655
7937,58,54,0.0689655
7939,58,54,0.0689655
7942,58,54,0.0689655
7945,58,54,0.0689655
7948,58,54,0.0689655
7950,58,54,0.0689655
7953,58,54,0.0689655
7956,58,54,0.0689655
7959,58,54,0.0689655
7962,58,54,0.0689655
7964,58,54,0.0689655
7967,58,54,0.0689655
7970,58,54,0.0689655
7973,58,54,0.0689655
7976,58,54,0.0689655
7978,58,54,0.0689655
7981,58,54,0.0689655
7984,58,54,0.0689655
7987,58,54,0.0689655
7990,58,54,0.0689655
7992,58,54,0.0689655
7995,58,54,0.0689655
7998,58,54,0.0689655
8000,58,54,0.0689655
8003,58,54,0.0689655
8005,58,54,0.0689655
8008,58,54,0.0689655
8011,58,54,0.0689655
8013,58,54,0.0689655
8016,58,54,0.0689655
8019,58,54,0.0689655
8021,58,54,0.0689655
8024,58,54,0.0689655
8026,58,54,0.0689655
8030,58,54,0.0689655
8032,58,54,0.0689655
8035,58,54,0.0689655
8038,58,54,0.0689655
8042,58,54,0.0689655
8045,58,54,0.0689655
8048,58,54,0.0689655
8050,58,54,0.0689655
8053,58,54,0.0689655
8055,58,54,0.0689655
8058,58,54,0.0689655
8061,58,54,0.0689655
8064,58,54,0.0689655
8066,58,54,0.0689655
8069,58,54,0.0689655
8073,58,54,0.0689655
8075,58,54,0.0689655
8078,58,54,0.0689655
8081,58,54,0.0689655
8084,58,54,0.0689655
8087,58,54,0.0689655
8090,58,54,0.0689655
8093,58,54,0.0689655
8096,58,54,0.0689655
8098,58,54,0.0689655
8101,58,54,0.0689655
8104,58,54,0.0689655
8107,58,54,0.0689655
8110,58,54,0.0689655
8113,58,54,0.0689655
8116,58,54,0.0689655
8118,58,54,0.0689655
8121,58,54,0.0689655
8124,58,54,0.0689655
8127,58,54,0.0689655
8129,58,54,0.0689655
8132,58,54,0.0689655
8135,58,54,0.0689655
8137,58,54,0.0689655
8140,58,54,0.0689655
8142,58,54,0.0689655
8146,58,54,0.0689655
8148,58,54,0.0689655
8151,58,54,0.0689655
8153,58,54,0.0689655
8156,58,54,0.0689655
8159,58,54,0.0689655
8162,58,54,0.0689655
8165,58,54,0.0689655
8168,58,54,0.0689655
8170,58,54,0.0689655
8172,58,54,0.0689655
8175,58,54,0.0689655
8178,58,54,0.0689655
8180,58,54,0.0689655
8183,58,54,0.0689655
8186,58,54,0.0689655
8189,58,54,0.0689655
8191,58,54,0.0689655
8194,58,54,0.0689655
8196,58,54,0.0689655
8200,58,54,0.0689655
8203,58,54,0.0689655
8207,58,54,0.0689655
8210,58,54,0.0689655
8212,58,54,0.0689655
8215,58,54,0.0689655
8218,58,54,0.0689655
8220,58,54,0.0689655
8223,58,54,0.0689655
8226,58,54,0.0689655
8229,58,54,0.0689655
8232,58,54,0.0689655
8234,58,54,0.0689655
8237,58,54,0.0689655
8240,58,54,0.0689655
8243,58,54,0.0689655
8246,58,54,0.0689655
8248,58,54,0.0689655
8251,58,54,0.0689655
8254,58,54,0.0689655
8256,58,54,0.0689655
8259,58,54,0.0689655
8262,58,54,0.0689655
8265,58,54,0.0689655
8267,58,54,0.0689655
8270,58,54,0.0689655
8273,58,54,0.0689655
8275,58,54,0.0689655
8278,58,54,0.0689655
8282,58,54,0.0689655
8285,58,54,0.0689655
8288,58,54,0.0689655
8291,58,54,0.0689655
8294,58,54,0.0689655
8297,58,54,0.0689655
8300,58,54,0.0689655
8302,58,54,0.0689655
8304,58,54,0.0689655
8307,58,54,0.0689655
8310,58,54,0.0689655
8313,58,54,0.0689655
8315,58,54,0.0689655
8319,58,54,0.0689655
8322,58,54,0.0689655
8325,58,54,0.0689655
8327,58,54,0.0689655
8330,58,54,0.0689655
8333,58,54,0.0689655
8336,58,54,0.0689655
8339,58,54,0.0689655
8341,58,54,0.0689655
8343,58,54,0.0689655
8346,58,54,0.0689655
8349,58,54,0.0689655
8352,58,54,0.0689655
8354,58,54,0.0689655
8357,58,54,0.0689655
8360,58,54,0.0689655
8362,58,54,0.0689655
8365,58,54,0.0689655
8368,58,54,0.0689655
8371,58,54,0.0689655
8373,58,54,0.0689655
8376,58,54,0.0689655
8378,58,54,0.0689655
8380,58,54,0.0689655
8383,58,54,0.0689655
8386,58,54,0.0689655
8388,58,54,0.0689655
8391,58,54,0.0689655
8394,58,54,0.0689655
8396,58,54,0.0689655
8400,58,54,0.0689655
8403,58,54,0.0689655
8406,58,54,0.0689655
8409,58,54,0.0689655
8411,58,54,0.0689655
8414,58,54,0.0689655
8417,58,54,0.0689655
8419,58,54,0.0689655
8422,58,54,0.0689655
8425,58,54,0.0689655
8428,58,54,0.0689655
8430,58,54,0.0689655
8433,58,54,0.0689655
8436,58,54,0.0689655
8439,58,54,0.0689655
8442,58,54,0.0689655
8445,58,54,0.0689655
8449,58,54,0.0689655
8451,58,54,0.0689655
8454,58,54,0.0689655
8456,58,54,0.0689655
8459,58,54,0.0689655
8462,58,54,0.0689655
8466,58,54,0.0689655
8468,58,54,0.0689655
8471,58,54,0.0689655
8475,58,54,0.0689655
8477,58,54,0.0689655
8480,58,54,0.0689655
8483,58,54,0.0689655
8486,58,54,0.0689655
8488,58,54,0.0689655
8496,58,54,0.0689655
8499,58,54,0.0689655
8502,58,54,0.0689655
8506,58,54,0.0689655
8509,58,54,0.0689655
8512,58,54,0.0689655
8515,58,54,0.0689655
8518,58,54,0.0689655
8521,58,54,0.0689655
8524,58,54,0.0689655
8527,58,54,0.0689655
8529,58,54,0.0689655
8532,58,54,0.0689655
8535,58,54,0.0689655
8537,58,54,0.0689655
8540,58,54,0.0689655
8544,58,54,0.0689655
8547,58,54,0.0689655
8550,58,54,0.0689655
8552,58,54,0.0689655
8555,58,54,0.0689655
8558,58,54,0.0689655
8561,58,54,0.0689655
8564,58,54,0.0689655
8567,58,54,0.0689655
8571,58,54,0.0689655
8574,58,54,0.0689655
8576,58,54,0.0689655
8580,58,54,0.0689655
8583,58,54,0.0689655
8586,58,54,0.0689655
8589,58,54,0.0689655
8592,58,54,0.0689655
8595,58,54,0.0689655
8599,58,54,0.0689655
8602,58,54,0.0689655
8606,58,54,0.0689655
8609,58,54,0.0689655
8611,58,54,0.0689655
8614,58,54,0.0689655
8617,58,54,0.0689655
8620,58,54,0.0689655
8623,58,54,0.0689655
8626,58,54,0.0689655
8630,58,54,0.0689655
8633,58,54,0.0689655
8636,58,54,0.0689655
8639,58,54,0.0689655
8643,58,54,0.0689655
8646,58,54,0.0689655
8648,58,54,0.0689655
8651,58,54,0.0689655
8654,58,54,0.0689655
8658,58,54,0.0689655
8661,58,54,0.0689655
8664,58,54,0.0689655
8667,58,54,0.0689655
8670,58,54,0.0689655
8673,58,54,0.0689655
8676,58,54,0.0689655
8679,58,54,0.0689655
8681,58,54,0.0689655
8684,58,54,0.0689655
8687,58,54,0.0689655
8690,58,54,0.0689655
8693,58,54,0.0689655
8695,58,54,0.0689655
8698,58,54,0.0689655
8700,58,54,0.0689655
8703,58,54,0.0689655
8706,58,54,0.0689655
8709,58,54,0.0689655
8712,58,54,0.0689655
8715,58,54,0.0689655
8718,58,54,0.0689655
8721,58,54,0.0689655
8724,58,54,0.0689655
8727,58,54,0.0689655
8730,58,54,0.0689655
8733,58,54,0.0689655
8736,58,54,0.0689655
8739,58,54,0.0689655
8743,58,54,0.0689655
8745,58,54,0.0689655
8748,58,54,0.0689655
8750,58,54,0.0689655
8753,58,54,0.0689655
8755,58,54,0.0689655
8758,58,54,0.0689655
8761,58,54,0.0689655
8764,58,54,0.0689655
8767,58,54,0.0689655
8770,58,54,0.0689655
8773,58,54,0.0689655
8776,58,54,0.0689655
8779,58,54,0.0689655
8782,58,54,0.0689655
8785,58,54,0.0689655
8788,58,54,0.0689655
8790,58,54,0.0689655
8792,58,54,0.0689655
8795,58,54,0.0689655
8798,58,54,0.0689655
8802,58,54,0.0689655
8805,58,54,0.0689655
8808,58,54,0.0689655
8812,58,54,0.0689655
8815,58,54,0.0689655
8818,58,54,0.0689655
8821,58,54,0.0689655
8824,58,54,0.0689655
8827,58,54,0.0689655
8830,58,54,0.0689655
8833,58,54,0.0689655
8836,58,54,0.0689655
8839,58,54,0.0689655
8842,58,54,0.0689655
8845,58,54,0.0689655
8848,58,54,0.0689655
8851,58,54,0.0689655
8854,58,54,0.0689655
8857,58,54,0.0689655
8859,58,54,0.0689655
8862,58,54,0.0689655
8865,58,54,0.0689655
8868,58,54,0.0689655
8871,58,54,0.0689655
8875,58,54,0.0689655
8878,58,54,0.0689655
8880,58,54,0.0689655
8883,58,54,0.0689655
8886,58,54,0.0689655
8888,58,54,0.0689655
8891,58,54,0.0689655
8895,58,54,0.0689655
8898,58,54,0.0689655
8901,58,54,0.0689655
8904,58,54,0.0689655
8907,58,54,0.0689655
8910,58,54,0.0689655
8913,58,54,0.0689655
8915,58,54,0.0689655
8918,58,54,0.0689655
8921,58,54,0.0689655
8923,58,54,0.0689655
8926,58,54,0.0689655
8928,58,54,0.0689655
8931,58,54,0.0689655
8934,58,54,0.0689655
8936,58,54,0.0689655
8939,58,54,0.0689655
8942,58,54,0.0689655
8945,58,54,0.0689655
8947,58,54,0.0689655
8950,58,54,0.0689655
8953,58,54,0.0689655
8956,58,54,0.0689655
8959,58,54,0.0689655
8962,58,54,0.0689655
8965,58,54,0.0689655
8967,58,54,0.0689655
8971,58,54,0.0689655
8974,58,54,0.0689655
8977,58,54,0.0689655
8980,58,54,0.0689655
8983,58,54,0.0689655
8986,58,54,0.0689655
8989,58,54,0.0689655
8992,58,54,0.0689655
8995,58,54,0.0689655
8997,58,54,0.0689655
9001,58,54,0.0689655
9004,58,54,0.0689655
9007,58,54,0.0689655
9010,58,54,0.0689655
9013,58,54,0.0689655
9016,58,54,0.0689655
9020,58,54,0.0689655
9023,58,54,0.0689655
9026,58,54,0.0689655
9029,58,54,0.0689655
9032,58,54,0.0689655
9036,58,54,0.0689655
9038,58,54,0.0689655
9042,58,54,0.0689655
9045,58,54,0.0689655
9048,58,54,0.0689655
9052,58,54,0.0689655
9055,58,54,0.0689655
9058,58,54,0.0689655
9061,58,54,0.0689655
9064,58,54,0.0689655
9067,58,54,0.0689655
9070,58,54,0.0689655
9072,58,54,0.0689655
9075,58,54,0.0689655
9079,58,54,0.0689655
9082,58,54,0.0689655
9085,58,54,0.0689655
9088,58,54,0.0689655
9092,58,54,0.0689655
9095,58,54,0.0689655
9098,58,54,0.0689655
9101,58,54,0.0689655
9104,58,54,0.0689655
9107,58,54,0.0689655
9111,58,54,0.0689655
9114,58,54,0.0689655
9117,58,54,0.0689655
9120,58,54,0.0689655
9123,58,54,0.0689655
9126,58,54,0.0689655
9129,58,54,0.0689655
9133,58,54,0.0689655
9136,58,54,0.0689655
9139,58,54,0.0689655
9142,58,54,0.0689655
9145,58,54,0.0689655
9148,58,54,0.0689655
9151,58,54,0.0689655
9154,58,54,0.0689655
9157,58,54,0.0689655
9160,58,54,0.0689655
9163,58,54,0.0689655
9166,58,54,0.0689655
9169,58,54,0.0689655
9172,58,54,0.0689655
9175,58,54,0.0689655
9178,58,54,0.0689655
9181,58,54,0.0689655
9184,58,54,0.0689655
9187,58,54,0.0689655
9190,58,54,0.0689655
9193,58,54,0.0689655
9196,58,54,0.0689655
9199,58,54,0.0689655
9202,58,54,0.0689655
9206,58,54,0.0689655
9208,58,54,0.0689655
9211,58,54,0.0689655
9213,58,54,0.0689655
9216,58,54,0.0689655
9219,58,54,0.0689655
9222,58,54,0.0689655
9226,58,54,0.0689655
9229,58,54,0.0689655
9232,58,54,0.0689655
9236,58,54,0.0689655
9239,58,54,0.0689655
9242,58,54,0.0689655
9245,58,54,0.0689655
9248,58,54,0.0689655
9252,58,54,0.0689655
9254,58,54,0.0689655
9258,58,54,0.0689655
9261,58,54,0.0689655
9264,58,54,0.0689655
9267,58,54,0.0689655
9270,58,54,0.0689655
9273,58,54,0.0689655
9276,58,54,0.0689655
9279,58,54,0.0689655
9282,58,54,0.0689655
9285,58,54,0.0689655
9288,58,54,0.0689655
9291,58,54,0.0689655
9294,58,54,0.0689655
9297,58,54,0.0689655
9300,58,54,0.0689655
9303,58,54,0.0689655
9306,58,54,0.0689655
9309,58,54,0.0689655
9312,58,54,0.0689655
9315,58,54,0.0689655
9319,58,54,0.0689655
9322,58,54,0.0689655
9325,58,54,0.0689655
9328,58,54,0.0689655
9331,58,54,0.0689655
9334,58,54,0.0689655
9338,58,54,0.0689655
9340,58,54,0.0689655
9343,58,54,0.0689655
9346,58,54,0.0689655
9350,58,54,0.0689655
9353,58,54,0.0689655
9356,58,54,0.0689655
9359,58,54,0.0689655
9362,58,54,0.0689655
9365,58,54,0.0689655
9368,58,54,0.0689655
9371,58,54,0.0689655
9375,58,54,0.0689655
9379,58,54,0.0689655
9382,58,54,0.0689655
9386,58,54,0.0689655
9389,58,54,0.0689655
9392,58,54,0.0689655
9395,58,54,0.0689655
9398,58,54,0.0689655
9401,58,54,0.0689655
9404,58,54,0.0689655
9407,58,54,0.0689655
9410,58,54,0.0689655
9413,58,54,0.0689655
9416,58,54,0.0689655
9420,58,54,0.0689655
9423,58,54,0.0689655
9426,58,54,0.0689655
9429,58,54,0.0689655
9432,58,54,0.0689655
9435,58,54,0.0689655
9439,58,54,0.0689655
9442,58,54,0.0689655
9445,58,54,0.0689655
9448,58,54,0.0689655
9452,58,54,0.0689655
9455,58,54,0.0689655
9459,58,54,0.0689655
9462,58,54,0.0689655
9465,58,54,0.0689655
9468,58,54,0.0689655
9471,58,54,0.0689655
9475,58,54,0.0689655
9478,58,54,0.0689655
9480,58,54,0.0689655
9484,58,54,0.0689655
9487,58,54,0.0689655
9491,58,54,0.0689655
9494,58,54,0.0689655
9498,58,54,0.0689655
9502,58,54,0.0689655
9506,58,54,0.0689655
9509,58,54,0.0689655
9512,58,54,0.0689655
9515,58,54,0.0689655
9519,58,54,0.0689655
9521,58,54,0.0689655
9523,58,54,0.0689655
9526,58,54,0.0689655
9530,58,54,0.0689655
9533,58,54,0.0689655
9536,58,54,0.0689655
9540,58,54,0.0689655
9544,58,54,0.0689655
9547,58,54,0.0689655
9551,58,54,0.0689655
9553,58,54,0.0689655
9557,58,54,0.0689655
9561,58,54,0.0689655
9563,58,54,0.0689655
9566,58,54,0.0689655
9570,58,54,0.0689655
9573,58,54,0.0689655
9577,58,54,0.0689655
9581,58,54,0.0689655
9584,58,54,0.0689655
9587,58,54,0.0689655
9591,58,54,0.0689655
9594,58,54,0.0689655
9597,58,54,0.0689655
9601,58,54,0.0689655
9604,58,54,0.0689655
9608,58,54,0.0689655
9611,58,54,0.0689655
9614,58,54,0.0689655
9618,58,54,0.0689655
9621,58,54,0.0689655
9625,58,54,0.0689655
9628,58,54,0.0689655
9632,58,54,0.0689655
9635,58,54,0.0689655
9638,58,54,0.0689655
9641,58,54,0.0689655
9645,58,54,0.0689655
9648,58,54,0.0689655
9651,58,54,0.0689655
9654,58,54,0.0689655
9657,58,54,0.0689655
9660,58,54,0.0689655
9664,58,54,0.0689655
9666,58,54,0.0689655
9670,58,54,0.0689655
9673,58,54,0.0689655
9676,58,54,0.0689655
9679,58,54,0.0689655
9683,58,54,0.0689655
9686,58,54,0.0689655
9690,58,54,0.0689655
9694,58,54,0.0689655
9698,58,54,0.0689655
9702,58,54,0.0689655
9706,58,54,0.0689655
9710,58,54,0.0689655
9714,58,54,0.0689655
9717,58,54,0.0689655
9720,58,54,0.0689655
9723,58,54,0.0689655
9726,58,54,0.0689655
9729,58,54,0.0689655
9732,58,54,0.0689655
9735,58,54,0.0689655
9739,58,54,0.0689655
9742,58,54,0.0689655
9745,58,54,0.0689655
9749,58,54,0.0689655
9752,58,54,0.0689655
9755,58,54,0.0689655
9759,58,54,0.0689655
9763,58,54,0.0689655
9766,58,54,0.0689655
9769,58,54,0.0689655
9773,58,54,0.0689655
9776,58,54,0.0689655
9779,58,54,0.0689655
9783,58,54,0.0689655
9786,58,54,0.0689655
9790,58,54,0.0689655
9793,58,54,0.0689655
9796,58,54,0.0689655
9800,58,54,0.0689655
9803,58,54,0.0689655
9806,58,54,0.0689655
9809,58,54,0.0689655
9813,58,54,0.0689655
9816,58,54,0.0689655
9819,58,54,0.0689655
9822,58,54,0.0689655
9826,58,54,0.0689655
9829,58,54,0.0689655
9832,58,54,0.0689655
9835,58,54,0.0689655
9839,58,54,0.0689655
9842,58,54,0.0689655
9845,58,54,0.0689655
9848,58,54,0.0689655
9851,58,54,0.0689655
9855,58,54,0.0689655
9858,58,54,0.0689655
9862,58,54,0.0689655
9865,58,54,0.0689655
9868,58,54,0.0689655
9872,58,54,0.0689655
9874,58,54,0.0689655
9878,58,54,0.0689655
9881,58,54,0.0689655
9885,58,54,0.0689655
9888,58,54,0.0689655
9891,58,54,0.0689655
9894,58,54,0.0689655
9898,58,54,0.0689655
9902,58,54,0.0689655
9905,58,54,0.0689655
9909,58,54,0.0689655
9912,58,54,0.0689655
9915,58,54,0.0689655
9919,58,54,0.0689655
9922,58,54,0.0689655
9925,58,54,0.0689655
9929,58,54,0.0689655
9932,58,54,0.0689655
9935,58,54,0.0689655
9937,58,54,0.0689655
9941,58,54,0.0689655
9944,58,54,0.0689655
9948,58,54,0.0689655
9951,58,54,0.0689655
9955,58,54,0.0689655
9959,58,54,0.0689655
9963,58,54,0.0689655
9967,58,54,0.0689655
9969,58,54,0.0689655
9972,58,54,0.0689655
9976,58,54,0.0689655
9979,58,54,0.0689655
9982,58,54,0.0689655
9986,58,54,0.0689655
9989,58,54,0.0689655
9993,58,54,0.0689655
9996,58,54,0.0689655
10000,58,54,0.0689655
10003,58,54,0.0689655
10006,58,54,0.0689655
10009,58,54,0.0689655
10013,58,54,0.0689655
10017,58,54,0.0689655
10021,58,54,0.0689655
10024,58,54,0.0689655
10028,58,54,0.0689655
10031,58,54,0.0689655
10034,58,54,0.0689655
10037,58,54,0.0689655
10040,58,54,0.0689655
10044,58,54,0.0689655
10047,58,54,0.0689655
10050,58,54,0.0689655
10053,58,54,0.0689655
10057,58,54,0.0689655
10060,58,54,0.0689655
10063,58,54,0.0689655
10067,58,54,0.0689655
10071,58,54,0.0689655
10074,58,54,0.0689655
10078,58,54,0.0689655
10081,58,54,0.0689655
10084,58,54,0.0689655
10088,58,54,0.0689655
10091,58,54,0.0689655
10095,58,54,0.0689655
10098,58,54,0.0689655
10101,58,54,0.0689655
10104,58,54,0.0689655
10108,58,54,0.0689655
10112,58,54,0.0689655
10115,58,54,0.0689655
10119,58,54,0.0689655
10122,58,54,0.0689655
10126,58,54,0.0689655
10130,58,54,0.0689655
10134,58,54,0.0689655
10138,58,54,0.0689655
10141,58,54,0.0689655
10144,58,54,0.0689655
10148,58,54,0.0689655
10152,58,54,0.0689655
10155,58,54,0.0689655
10158,58,54,0.0689655
10161,58,54,0.0689655
10165,58,54,0.0689655
10169,58,54,0.0689655
10173,58,54,0.0689655
10177,58,54,0.0689655
10180,58,54,0.0689655
10184,58,54,0.0689655
10188,58,54,0.0689655
10191,58,54,0.0689655
10195,58,54,0.0689655
10199,58,54,0.0689655
10203,58,54,0.0689655
10207,58,54,0.0689655
10211,58,54,0.0689655
10214,58,54,0.0689655
10217,58,54,0.0689655
10220,58,54,0.0689655
10223,58,54,0.0689655
10225,58,54,0.0689655
10227,58,54,0.0689655
10231,58,54,0.0689655
10234,58,54,0.0689655
10237,58,54,0.0689655
10240,58,54,0.0689655
10244,58,54,0.0689655
10248,58,54,0.0689655
10251,58,54,0.0689655
10254,58,54,0.0689655
10258,58,54,0.0689655
10261,58,54,0.0689655
10265,58,54,0.0689655
10269,58,54,0.0689655
10272,58,54,0.0689655
10276,58,54,0.0689655
10279,58,54,0.0689655
10282,58,54,0.0689655
10285,58,54,0.0689655
10288,58,54,0.0689655
10291,58,54,0.0689655
10294,58,54,0.0689655
10298,58,54,0.0689655
10301,58,54,0.0689655
10304,58,54,0.0689655
10307,58,54,0.0689655
10311,58,54,0.0689655
10315,58,54,0.0689655
10318,58,54,0.0689655
10321,58,54,0.0689655
10325,58,54,0.0689655
10329,58,54,0.0689655
10331,58,54,0.0689655
10334,58,54,0.0689655
10337,58,54,0.0689655
10340,58,54,0.0689655
10343,58,54,0.0689655
10346,58,54,0.0689655
10350,58,54,0.0689655
10353,58,54,0.0689655
10356,58,54,0.0689655
10360,58,54,0.0689655
10363,58,54,0.0689655
10367,58,54,0.0689655
10370,58,54,0.0689655
10374,58,54,0.0689655
10378,58,54,0.0689655
10381,58,54,0.0689655
10384,58,54,0.0689655
10388,58,54,0.0689655
10392,58,54,0.0689655
10396,58,54,0.0689655
10400,58,54,0.0689655
10403,58,54,0.0689655
10406,58,54,0.0689655
10409,58,54,0.0689655
10413,58,54,0.0689655
10416,58,54,0.0689655
10419,58,54,0.0689655
10422,58,54,0.0689655
10425,58,54,0.0689655
10428,58,54,0.0689655
10432,58,54,0.0689655
10435,58,54,0.0689655
10439,58,54,0.0689655
10443,58,54,0.0689655
10446,58,54,0.0689655
10448,58,54,0.0689655
10452,58,54,0.0689655
10456,58,54,0.0689655
10460,58,54,0.0689655
10464,58,54,0.0689655
10467,58,54,0.0689655
10470,58,54,0.0689655
10474,58,54,0.0689655
10477,58,54,0.0689655
10480,58,54,0.0689655
10483,58,54,0.0689655
10487,58,54,0.0689655
10491,58,54,0.0689655
10495,58,54,0.0689655
10498,58,54,0.0689655
10502,58,54,0.0689655
10505,58,54,0.0689655
10509,58,54,0.0689655
10513,58,54,0.0689655
10516,58,54,0.0689655
10519,58,54,0.0689655
10523,58,54,0.0689655
10527,58,54,0.0689655
10530,58,54,0.0689655
10533,58,54,0.0689655
10537,58,54,0.0689655
10541,58,54,0.0689655
10545,58,54,0.0689655
10548,58,54,0.0689655
10552,58,54,0.0689655
10555,58,54,0.0689655
10559,58,54,0.0689655
10562,58,54,0.0689655
10566,58,54,0.0689655
10569,58,54,0.0689655
10573,58,54,0.0689655
10577,58,54,0.0689655
10581,58,54,0.0689655
10585,58,54,0.0689655
10589,58,54,0.0689655
10593,58,54,0.0689655
10596,58,54,0.0689655
10599,58,54,0.0689655
10603,58,54,0.0689655
10607,58,54,0.0689655
10610,58,54,0.0689655
10614,58,54,0.0689655
10618,58,54,0.0689655
10621,58,54,0.0689655
10624,58,54,0.0689655
10628,58,54,0.0689655
10632,58,54,0.0689655
10635,58,54,0.0689655
10639,58,54,0.0689655
10643,58,54,0.0689655
10646,58,54,0.0689655
10649,58,54,0.0689655
10652,58,54,0.0689655
10656,58,54,0.0689655
10659,58,54,0.0689655
10663,58,54,0.0689655
10667,58,54,0.0689655
10670,58,54,0.0689655
10674,58,54,0.0689655
10677,58,54,0.0689655
10681,58,54,0.0689655
10684,58,54,0.0689655
10687,58,54,0.0689655
10690,58,54,0.0689655
10693,58,54,0.0689655
10696,58,54,0.0689655
10700,58,54,0.0689655
10703,58,54,0.0689655
10707,58,54,0.0689655
10711,58,54,0.0689655
10715,58,54,0.0689655
10719,58,54,0.0689655
10722,58,54,0.0689655
10726,58,54,0.0689655
10729,58,54,0.0689655
10732,58,54,0.0689655
10736,58,54,0.0689655
10740,58,54,0.0689655
10743,58,54,0.0689655
10746,58,54,0.0689655
10750,58,54,0.0689655
10753,58,54,0.0689655
10757,58,54,0.0689655
10761,58,54,0.0689655
10764,58,54,0.0689655
10768,58,54,0.0689655
10771,58,54,0.0689655
10775,58,54,0.0689655
10778,58,54,0.0689655
10781,58,54,0.0689655
10784,58,54,0.0689655
10789,58,54,0.0689655
10792,58,54,0.0689655
10796,58,54,0.0689655
10799,58,54,0.0689655
10803,58,54,0.0689655
10806,58,54,0.0689655
10810,58,54,0.0689655
10813,58,54,0.0689655
10817,58,54,0.0689655
10820,58,54,0.0689655
10824,58,54,0.0689655
10827,58,54,0.0689655
10831,58,54,0.0689655
10834,58,54,0.0689655
10838,58,54,0.0689655
10841,58,54,0.0689655
10845,58,54,0.0689655
10849,58,54,0.0689655
10853,58,54,0.0689655
10857,58,54,0.0689655
10861,58,54,0.0689655
10865,58,54,0.0689655
10869,58,54,0.0689655
10872,58,54,0.0689655
10875,58,54,0.0689655
10879,58,54,0.0689655
10883,58,54,0.0689655
10886,58,54,0.0689655
10890,58,54,0.0689655
10894,58,54,0.0689655
10897,58,54,0.0689655
10901,58,54,0.0689655
10904,58,54,0.0689655
10907,58,54,0.0689655
10911,58,54,0.0689655
10914,58,54,0.0689655
10917,58,54,0.0689655
10921,58,54,0.0689655
10925,58,54,0.0689655
10928,58,54,0.0689655
10932,58,54,0.0689655
10935,58,54,0.0689655
10939,58,54,0.0689655
10943,58,54,0.0689655
10947,58,54,0.0689655
10949,58,54,0.0689655
10953,58,54,0.0689655
10957,58,54,0.0689655
10960,58,54,0.0689655
10963,58,54,0.0689655
10968,58,54,0.0689655
10971,58,54,0.0689655
10975,58,54,0.0689655
10978,58,54,0.0689655
10982,58,54,0.0689655
10986,58,54,0.0689655
10990,58,54,0.0689655
10994,58,54,0.0689655
10998,58,54,0.0689655
11001,58,54,0.0689655
11005,58,54,0.0689655
11008,58,54,0.0689655
11012,58,54,0.0689655
11016,58,54,0.0689655
11019,58,54,0.0689655
11022,58,54,0.0689655
11026,58,54,0.0689655
11029,58,54,0.0689655
11031,58,54,0.0689655
11035,58,54,0.0689655
11038,58,54,0.0689655
11042,58,54,0.0689655
11046,58,54,0.0689655
11049,58,54,0.0689655
11052,58,54,0.0689655
11055,58,54,0.0689655
11059,58,54,0.0689655
11063,58,54,0.0689655
11066,58,54,0.0689655
11069,58,54,0.0689655
11073,58,54,0.0689655
11076,58,54,0.0689655
11080,58,54,0.0689655
11084,58,54,0.0689655
11087,58,54,0.0689655
11091,58,54,0.0689655
11096,58,54,0.0689655
11100,58,54,0.0689655
11103,58,54,0.0689655
11106,58,54,0.0689655
11110,58,54,0.0689655
11115,58,54,0.0689655
11118,58,54,0.0689655
11121,58,54,0.0689655
11125,58,54,0.0689655
11128,58,54,0.0689655
11132,58,54,0.0689655
11136,58,54,0.0689655
11139,58,54,0.0689655
11142,58,54,0.0689655
11147,58,54,0.0689655
11150,58,54,0.0689655
11154,58,54,0.0689655
11157,58,54,0.0689655
11160,58,54,0.0689655
11164,58,54,0.0689655
11168,58,54,0.0689655
11172,58,54,0.0689655
11176,58,54,0.0689655
11180,58,54,0.0689655
11184,58,54,0.0689655
11188,58,54,0.0689655
11191,58,54,0.0689655
11194,58,54,0.0689655
11198,58,54,0.0689655
11201,58,54,0.0689655
11205,58,54,0.0689655
11209,58,54,0.0689655
11212,58,54,0.0689655
11214,58,54,0.0689655
11218,58,54,0.0689655
11221,58,54,0.0689655
11224,58,54,0.0689655
11227,58,54,0.0689655
11231,58,54,0.0689655
11234,58,54,0.0689655
11238,58,54,0.0689655
11242,58,54,0.0689655
11246,58,54,0.0689655
11250,58,54,0.0689655
11254,58,54,0.0689655
11258,58,54,0.0689655
11262,58,54,0.0689655
11265,58,54,0.0689655
11269,58,54,0.0689655
11272,58,54,0.0689655
11275,58,54,0.0689655
11279,58,54,0.0689655
11283,58,54,0.0689655
11286,58,54,0.0689655
11290,58,54,0.0689655
11293,58,54,0.0689655
11296,58,54,0.0689655
11300,58,54,0.0689655
11304,58,54,0.0689655
11307,58,54,0.0689655
11310,58,54,0.0689655
11314,58,54,0.0689655
11318,58,54,0.0689655
11322,58,54,0.0689655
11325,58,54,0.0689655
11328,58,54,0.0689655
11332,58,54,0.0689655
11336,58,54,0.0689655
11340,58,54,0.0689655
11343,58,54,0.0689655
11348,58,54,0.0689655
11351,58,54,0.0689655
11355,58,54,0.0689655
11358,58,54,0.0689655
11363,58,54,0.0689655
11366,58,54,0.0689655
11370,58,54,0.0689655
11375,58,54,0.0689655
11378,58,54,0.0689655
11382,58,54,0.0689655
11385,58,54,0.0689655
11389,58,54,0.0689655
11393,58,54,0.0689655
11397,58,54,0.0689655
11401,58,54,0.0689655
11404,58,54,0.0689655
11409,58,54,0.0689655
11411,58,54,0.0689655
11416,58,54,0.0689655
11420,58,54,0.0689655
11423,58,54,0.0689655
11427,58,54,0.0689655
11430,58,54,0.0689655
11434,58,54,0.0689655
11438,58,54,0.0689655
11441,58,54,0.0689655
11445,58,54,0.0689655
11449,58,54,0.0689655
11452,58,54,0.0689655
11456,58,54,0.0689655
11460,58,54,0.0689655
11463,58,54,0.0689655
11467,58,54,0.0689655
11470,58,54,0.0689655
11474,58,54,0.0689655
11477,58,54,0.0689655
11481,58,54,0.0689655
11485,58,54,0.0689655
11489,58,54,0.0689655
11492,58,54,0.0689655
11496,58,54,0.0689655
11501,58,54,0.0689655
11504,58,54,0.0689655
11508,58,54,0.0689655
11512,58,54,0.0689655
11516,58,54,0.0689655
11519,58,54,0.0689655
11523,58,54,0.0689655
11527,58,54,0.0689655
11530,58,54,0.0689655
11534,58,54,0.0689655
11538,58,54,0.0689655
11540,58,54,0.0689655
11544,58,54,0.0689655
11548,58,54,0.0689655
11552,58,54,0.0689655
11556,58,54,0.0689655
11559,58,54,0.0689655
11562,58,54,0.0689655
11566,58,54,0.0689655
11570,58,54,0.0689655
11573,58,54,0.0689655
11577,58,54,0.0689655
11580,58,54,0.0689655
11584,58,54,0.0689655
11588,58,54,0.0689655
11591,58,54,0.0689655
11595,58,54,0.0689655
11598,58,54,0.0689655
11602,58,54,0.0689655
11605,58,54,0.0689655
11608,58,54,0.0689655
11611,58,54,0.0689655
11614,58,54,0.0689655
11618,58,54,0.0689655
11621,58,54,0.0689655
11625,58,54,0.0689655
11628,58,54,0.0689655
11632,58,54,0.0689655
11635,58,54,0.0689655
11639,58,54,0.0689655
11642,58,54,0.0689655
11645,58,54,0.0689655
11649,58,54,0.0689655
11652,58,54,0.0689655
11656,58,54,0.0689655
11659,58,54,0.0689655
11662,58,54,0.0689655
11666,58,54,0.0689655
11668,58,54,0.0689655
11672,58,54,0.0689655
11676,58,54,0.0689655
11680,58,54,0.0689655
11683,58,54,0.0689655
11686,58,54,0.0689655
11690,58,54,0.0689655
11693,58,54,0.0689655
11697,58,54,0.0689655
11701,58,54,0.0689655
11705,58,54,0.0689655
11709,58,54,0.0689655
11713,58,54,0.0689655
11717,58,54,0.0689655
11720,58,54,0.0689655
11723,58,54,0.0689655
11726,58,54,0.0689655
11730,58,54,0.0689655
11734,58,54,0.0689655
11738,58,54,0.0689655
11742,58,54,0.0689655
11746,58,54,0.0689655
11750,58,54,0.0689655
11753,58,54,0.0689655
11757,58,54,0.0689655
11760,58,54,0.0689655
11764,58,54,0.0689655
11767,58,54,0.0689655
11771,58,54,0.0689655
11774,58,54,0.0689655
11778,58,54,0.0689655
11782,58,54,0.0689655
11786,58,54,0.0689655
11790,58,54,0.0689655
11794,58,54,0.0689655
11797,58,54,0.0689655
11800,58,54,0.0689655
11804,58,54,0.0689655
11807,58,54,0.0689655
11811,58,54,0.0689655
11814,58,54,0.0689655
11818,58,54,0.0689655
11821,58,54,0.0689655
11825,58,54,0.0689655
11829,58,54,0.0689655
11831,58,54,0.0689655
11834,58,54,0.0689655
11839,58,54,0.0689655
11842,58,54,0.0689655
11846,58,54,0.0689655
11850,58,54,0.0689655
11853,58,54,0.0689655
11857,58,54,0.0689655
11860,58,54,0.0689655
11864,58,54,0.0689655
11868,58,54,0.0689655
11872,58,54,0.0689655
11875,58,54,0.0689655
11879,58,54,0.0689655
11882,58,54,0.0689655
11886,58,54,0.0689655
11889,58,54,0.0689655
11893,58,54,0.0689655
11896,58,54,0.0689655
11901,58,54,0.0689655
11904,58,54,0.0689655
11908,58,54,0.0689655
11911,58,54,0.0689655
11915,58,54,0.0689655
11919,58,54,0.0689655
11922,58,54,0.0689655
11926,58,54,0.0689655
11930,58,54,0.0689655
11933,58,54,0.0689655
11936,58,54,0.0689655
11940,58,54,0.0689655
11944,58,54,0.0689655
11947,58,54,0.0689655
11951,58,54,0.0689655
11954,58,54,0.0689655
11957,58,54,0.0689655
11961,58,54,0.0689655
11964,58,54,0.0689655
11967,58,54,0.0689655
11972,58,54,0.0689655
11976,58,54,0.0689655
11979,58,54,0.0689655
11982,58,54,0.0689655
11986,58,54,0.0689655
11989,58,54,0.0689655
11993,58,54,0.0689655
11997,58,54,0.0689655
12000,58,54,0.0689655
12003,58,54,0.0689655
12007,58,54,0.0689655
12010,58,54,0.0689655
12014,58,54,0.0689655
12018,58,54,0.0689655
12021,58,54,0.0689655
12024,58,54,0.0689655
12027,58,54,0.0689655
12030,58,54,0.0689655
12034,58,54,0.0689655
12038,58,54,0.0689655
12042,58,54,0.0689655
12045,58,54,0.0689655
12047,58,54,0.0689655
12051,58,54,0.0689655
12055,58,54,0.0689655
12059,58,54,0.0689655
12063,58,54,0.0689655
12067,58,54,0.0689655
12070,58,54,0.0689655
12074,58,54,0.0689655
12077,58,54,0.0689655
12081,58,54,0.0689655
12085,58,54,0.0689655
12088,58,54,0.0689655
12092,58,54,0.0689655
12096,58,54,0.0689655
12099,58,54,0.0689655
12101,58,54,0.0689655
12104,58,54,0.0689655
12108,58,54,0.0689655
12111,58,54,0.0689655
12115,58,54,0.0689655
12119,58,54,0.0689655
12124,58,54,0.0689655
12127,58,54,0.0689655
12131,58,54,0.0689655
12135,58,54,0.0689655
12139,58,54,0.0689655
12142,58,54,0.0689655
12146,58,54,0.0689655
12149,58,54,0.0689655
12152,58,54,0.0689655
12156,58,54,0.0689655
12160,58,54,0.0689655
12163,58,54,0.0689655
12167,58,54,0.0689655
12170,58,54,0.0689655
12174,58,54,0.0689655
12177,58,54,0.0689655
12181,58,54,0.0689655
12185,58,54,0.0689655
12189,58,54,0.0689655
12194,58,54,0.0689655
12197,58,54,0.0689655
12200,58,54,0.0689655
12205,58,54,0.0689655
12209,58,54,0.0689655
12212,58,54,0.0689655
12215,58,54,0.0689655
12219,58,54,0.0689655
12224,58,54,0.0689655
12227,58,54,0.0689655
12231,58,54,0.0689655
12234,58,54,0.0689655
12238,58,54,0.0689655
12241,58,54,0.0689655
12246,58,54,0.0689655
12250,58,54,0.0689655
12254,58,54,0.0689655
12257,58,54,0.0689655
12260,58,54,0.0689655
12264,58,54,0.0689655
12268,58,54,0.0689655
12272,58,54,0.0689655
12275,58,54,0.0689655
12279,58,54,0.0689655
12283,58,54,0.0689655
12287,58,54,0.0689655
12290,58,54,0.0689655
12293,58,54,0.0689655
12297,58,54,0.0689655
12300,58,54,0.0689655
12303,58,54,0.0689655
12306,58,54,0.0689655
12309,58,54,0.0689655
12312,58,54,0.0689655
12315,58,54,0.0689655
12319,58,54,0.0689655
12322,58,54,0.0689655
12327,58,54,0.0689655
12332,58,54,0.0689655
12336,58,54,0.0689655
12341,58,54,0.0689655
12346,58,54,0.0689655
12350,58,54,0.0689655
12354,58,54,0.0689655
12358,58,54,0.0689655
12361,58,54,0.0689655
12364,58,54,0.0689655
12367,58,54,0.0689655
12371,58,54,0.0689655
12375,58,54,0.0689655
12378,58,54,0.0689655
12382,58,54,0.0689655
12386,58,54,0.0689655
12389,58,54,0.0689655
12393,58,54,0.0689655
12397,58,54,0.0689655
12400,58,54,0.0689655
12404,58,54,0.0689655
12408,58,54,0.0689655
12412,58,54,0.0689655
12416,58,54,0.0689655
12420,58,54,0.0689655
12424,58,54,0.0689655
12428,58,54,0.0689655
12432,58,54,0.0689655
12436,58,54,0.0689655
12439,58,54,0.0689655
12443,58,54,0.0689655
12448,58,54,0.0689655
12452,58,54,0.0689655
12456,58,54,0.0689655
12458,58,54,0.0689655
12462,58,54,0.0689655
12465,58,54,0.0689655
12469,58,54,0.0689655
12473,58,54,0.0689655
12476,58,54,0.0689655
12479,58,54,0.0689655
12484,58,54,0.0689655
12487,58,54,0.0689655
12491,58,54,0.0689655
12495,58,54,0.0689655
12498,58,54,0.0689655
12502,58,54,0.0689655
12506,58,54,0.0689655
12510,58,54,0.0689655
12515,58,54,0.0689655
12518,58,54,0.0689655
12522,58,54,0.0689655
12525,58,54,0.0689655
12529,58,54,0.0689655
12533,58,54,0.0689655
12537,58,54,0.0689655
12541,58,54,0.0689655
12545,58,54,0.0689655
12549,58,54,0.0689655
12552,58,54,0.0689655
12555,58,54,0.0689655
12559,58,54,0.0689655
12563,58,54,0.0689655
12567,58,54,0.0689655
12571,58,54,0.0689655
12575,58,54,0.0689655
12579,58,54,0.0689655
12584,58,54,0.0689655
12588,58,54,0.0689655
12592,58,54,0.0689655
12596,58,54,0.0689655
12600,58,54,0.0689655
12604,58,54,0.0689655
12608,58,54,0.0689655
12612,58,54,0.0689655
12615,58,54,0.0689655
12619,58,54,0.0689655
12622,58,54,0.0689655
12627,58,54,0.0689655
12631,58,54,0.0689655
12635,58,54,0.0689655
12640,58,54,0.0689655
12643,58,54,0.0689655
12648,58,54,0.0689655
12652,58,54,0.0689655
12656,58,54,0.0689655
12661,58,54,0.0689655
12665,58,54,0.0689655
12669,58,54,0.0689655
12672,58,54,0.0689655
12676,58,54,0.0689655
12680,58,54,0.0689655
12684,58,54,0.0689655
12688,58,54,0.0689655
12692,58,54,0.0689655
12697,58,54,0.0689655
12700,58,54,0.0689655
12704,58,54,0.0689655
12707,58,54,0.0689655
12710,58,54,0.0689655
12715,58,54,0.0689655
12719,58,54,0.0689655
12722,58,54,0.0689655
12725,58,54,0.0689655
12729,58,54,0.0689655
12733,58,54,0.0689655
12737,58,54,0.0689655
12741,58,54,0.0689655
12744,58,54,0.0689655
12747,58,54,0.0689655
12752,58,54,0.0689655
12756,58,54,0.0689655
12760,58,54,0.0689655
12764,58,54,0.0689655
12768,58,54,0.0689655
12772,58,54,0.0689655
12777,58,54,0.0689655
12780,58,54,0.0689655
12784,58,54,0.0689655
12789,58,54,0.0689655
12793,58,54,0.0689655
12797,58,54,0.0689655
12801,58,54,0.0689655
12806,58,54,0.0689655
12810,58,54,0.0689655
12814,58,54,0.0689655
12817,58,54,0.0689655
12821,58,54,0.0689655
12825,58,54,0.0689655
12829,58,54,0.0689655
12832,58,54,0.0689655
12836,58,54,0.0689655
12839,58,54,0.0689655
12842,58,54,0.0689655
12846,58,54,0.0689655
12851,58,54,0.0689655
12854,58,54,0.0689655
12857,58,54,0.0689655
12860,58,54,0.0689655
12864,58,54,0.0689655
12868,58,54,0.0689655
12872,58,54,0.0689655
12876,58,54,0.0689655
12879,58,54,0.0689655
12883,58,54,0.0689655
12886,58,54,0.0689655
12890,58,54,0.0689655
12893,58,54,0.0689655
12897,58,54,0.0689655
12900,58,54,0.0689655
12903,58,54,0.0689655
12907,58,54,0.0689655
12910,58,54,0.0689655
12914,58,54,0.0689655
12917,58,54,0.0689655
12921,58,54,0.0689655
12925,58,54,0.0689655
12929,58,54,0.0689655
12933,58,54,0.0689655
12936,58,54,0.0689655
12940,58,54,0.0689655
12943,58,54,0.0689655
12946,58,54,0.0689655
12950,58,54,0.0689655
12953,58,54,0.0689655
12957,58,54,0.0689655
12961,58,54,0.0689655
12965,58,54,0.0689655
12969,58,54,0.0689655
12972,58,54,0.0689655
12977,58,54,0.0689655
12981,58,54,0.0689655
12985,58,54,0.0689655
12988,58,54,0.0689655
12992,58,54,0.0689655
12996,58,54,0.0689655
13001,58,54,0.0689655
13005,58,54,0.0689655
13010,58,54,0.0689655
13013,58,54,0.0689655
13017,58,54,0.0689655
13021,58,54,0.0689655
13025,58,54,0.0689655
13028,58,54,0.0689655
13030,58,54,0.0689655
13034,58,54,0.0689655
13038,58,54,0.0689655
13042,58,54,0.0689655
13045,58,54,0.0689655
13049,58,54,0.0689655
13053,58,54,0.0689655
13055,58,54,0.0689655
13058,58,54,0.0689655
13062,58,54,0.0689655
13066,58,54,0.0689655
13070,58,54,0.0689655
13074,58,54,0.0689655
13077,58,54,0.0689655
13081,58,54,0.0689655
13084,58,54,0.0689655
13087,58,54,0.0689655
13090,58,54,0.0689655
13094,58,54,0.0689655
13099,58,54,0.0689655
13102,58,54,0.0689655
13106,58,54,0.0689655
13109,58,54,0.0689655
13112,58,54,0.0689655
13116,58,54,0.0689655
13120,58,54,0.0689655
13123,58,54,0.0689655
13127,58,54,0.0689655
13131,58,54,0.0689655
13134,58,54,0.0689655
13138,58,54,0.0689655
13142,58,54,0.0689655
13145,58,54,0.0689655
13149,58,54,0.0689655
13153,58,54,0.0689655
13157,58,54,0.0689655
13160,58,54,0.0689655
13164,58,54,0.0689655
13168,58,54,0.0689655
13171,58,54,0.0689655
13176,58,54,0.0689655
13181,58,54,0.0689655
13186,58,54,0.0689655
13190,58,54,0.0689655
13193,58,54,0.0689655
13198,58,54,0.0689655
13202,58,54,0.0689655
13205,58,54,0.0689655
13209,58,54,0.0689655
13213,58,54,0.0689655
13217,58,54,0.0689655
13220,58,54,0.0689655
13224,58,54,0.0689655
13228,58,54,0.0689655
13232,58,54,0.0689655
13236,58,54,0.0689655
13240,58,54,0.0689655
13244,58,54,0.0689655
13247,58,54,0.0689655
13251,58,54,0.0689655
13255,58,54,0.0689655
13258,58,54,0.0689655
13262,58,54,0.0689655
13266,58,54,0.0689655
13271,58,54,0.0689655
13275,58,54,0.0689655
13278,58,54,0.0689655
13282,58,54,0.0689655
13285,58,54,0.0689655
13289,58,54,0.0689655
13294,58,54,0.0689655
13299,58,54,0.0689655
13303,58,54,0.0689655
13306,58,54,0.0689655
13310,58,54,0.0689655
13314,58,54,0.0689655
13318,58,54,0.0689655
13322,58,54,0.0689655
13326,58,54,0.0689655
13331,58,54,0.0689655
13334,58,54,0.0689655
13338,58,54,0.0689655
13342,58,54,0.0689655
13345,58,54,0.0689655
13348,58,54,0.0689655
13353,58,54,0.0689655
13356,58,54,0.0689655
13359,58,54,0.0689655
13362,58,54,0.0689655
13366,58,54,0.0689655
13370,58,54,0.0689655
13375,58,54,0.0689655
13380,58,54,0.0689655
13383,58,54,0.0689655
13386,58,54,0.0689655
13389,58,54,0.0689655
13392,58,54,0.0689655
13396,58,54,0.0689655
13400,58,54,0.0689655
13404,58,54,0.0689655
13408,58,54,0.0689655
13412,58,54,0.0689655
13415,58,54,0.0689655
13420,58,54,0.0689655
13423,58,54,0.0689655
13427,58,54,0.0689655
13431,58,54,0.0689655
13434,58,54,0.0689655
13438,58,54,0.0689655
13441,58,54,0.0689655
13445,58,54,0.0689655
13448,58,54,0.0689655
13452,58,54,0.0689655
13456,58,54,0.0689655
13459,58,54,0.0689655
13463,58,54,0.0689655
13467,58,54,0.0689655
13471,58,54,0.0689655
13474,58,54,0.0689655
13479,58,54,0.0689655
13483,58,54,0.0689655
13487,58,54,0.0689655
13491,58,54,0.0689655
13495,58,54,0.0689655
13498,58,54,0.0689655
13503,58,54,0.0689655
13507,58,54,0.0689655
13510,58,54,0.0689655
13514,58,54,0.0689655
13518,58,54,0.0689655
13522,58,54,0.0689655
13527,58,54,0.0689655
13532,58,54,0.0689655
13536,58,54,0.0689655
13540,58,54,0.0689655
13544,58,54,0.0689655
13548,58,54,0.0689655
13552,58,54,0.0689655
13555,58,54,0.0689655
13559,58,54,0.0689655
13563,58,54,0.0689655
13566,58,54,0.0689655
13570,58,54,0.0689655
13575,58,54,0.0689655
13579,58,54,0.0689655
13582,58,54,0.0689655
13586,58,54,0.0689655
13590,58,54,0.0689655
13594,58,54,0.0689655
13599,58,54,0.0689655
13602,58,54,0.0689655
13607,58,54,0.0689655
13611,58,54,0.0689655
13615,58,54,0.0689655
13619,58,54,0.0689655
13622,58,54,0.0689655
13626,58,54,0.0689655
13629,58,54,0.0689655
13633,58,54,0.0689655
13636,58,54,0.0689655
13641,58,54,0.0689655
13646,58,54,0.0689655
13651,58,54,0.0689655
13654,58,54,0.0689655
13658,58,54,0.0689655
13662,58,54,0.0689655
13667,58,54,0.0689655
13670,58,54,0.0689655
13675,58,54,0.0689655
13678,58,54,0.0689655
13682,58,54,0.0689655
13686,58,54,0.0689655
13689,58,54,0.0689655
13693,58,54,0.0689655
13697,58,54,0.0689655
13700,58,54,0.0689655
13704,58,54,0.0689655
13709,58,54,0.0689655
13712,58,54,0.0689655
13716,58,54,0.0689655
13719,58,54,0.0689655
13723,58,54,0.0689655
13728,58,54,0.0689655
13732,58,54,0.0689655
13735,58,54,0.0689655
13738,58,54,0.0689655
13743,58,54,0.0689655
13746,58,54,0.0689655
13751,58,54,0.0689655
13754,58,54,0.0689655
13757,58,54,0.0689655
13761,58,54,0.0689655
13765,58,54,0.0689655
13769,58,54,0.0689655
13773,58,54,0.0689655
13777,58,54,0.0689655
13782,58,54,0.0689655
13786,58,54,0.0689655
13790,58,54,0.0689655
13794,58,54,0.0689655
13799,58,54,0.0689655
13802,58,54,0.0689655
13806,58,54,0.0689655
13810,58,54,0.0689655
13813,58,54,0.0689655
13818,58,54,0.0689655
13821,58,54,0.0689655
13825,58,54,0.0689655
13829,58,54,0.0689655
13833,58,54,0.0689655
13836,58,54,0.0689655
13841,58,54,0.0689655
13844,58,54,0.0689655
13849,58,54,0.0689655
13852,58,54,0.0689655
13856,58,54,0.0689655
13859,58,54,0.0689655
13863,58,54,0.0689655
13867,58,54,0.0689655
13870,58,54,0.0689655
13874,58,54,0.0689655
13879,58,54,0.0689655
13883,58,54,0.0689655
13886,58,54,0.0689655
13890,58,54,0.0689655
13893,58,54,0.0689655
13897,58,54,0.0689655
13902,58,54,0.0689655
13907,58,54,0.0689655
13911,58,54,0.0689655
13914,58,54,0.0689655
13918,58,54,0.0689655
13922,58,54,0.0689655
13926,58,54,0.0689655
13930,58,54,0.0689655
13933,58,54,0.0689655
13936,58,54,0.0689655
13940,58,54,0.0689655
13943,58,54,0.0689655
13948,58,54,0.0689655
13952,58,54,0.0689655
13955,58,54,0.0689655
13959,58,54,0.0689655
13962,58,54,0.0689655
13965,58,54,0.0689655
13969,58,54,0.0689655
13973,58,54,0.0689655
13975,58,54,0.0689655
13979,58,54,0.0689655
13983,58,54,0.0689655
13987,58,54,0.0689655
13991,58,54,0.0689655
13995,58,54,0.0689655
13999,58,54,0.0689655
14003,58,54,0.0689655
14007,58,54,0.0689655
14011,58,54,0.0689655
14015,58,54,0.0689655
14018,58,54,0.0689655
14022,58,54,0.0689655
14025,58,54,0.0689655
14029,58,54,0.0689655
14033,58,54,0.0689655
14036,58,54,0.0689655
14039,58,54,0.0689655
14043,58,54,0.0689655
14046,58,54,0.0689655
14051,58,54,0.0689655
14055,58,54,0.0689655
14058,58,54,0.0689655
14063,58,54,0.0689655
14068,58,54,0.0689655
14072,58,54,0.0689655
14076,58,54,0.0689655
14080,58,54,0.0689655
14084,58,54,0.0689655
14088,58,54,0.0689655
14092,58,54,0.0689655
14097,58,54,0.0689655
14101,58,54,0.0689655
14104,58,54,0.0689655
14108,58,54,0.0689655
14111,58,54,0.0689655
14116,58,54,0.0689655
14121,58,54,0.0689655
14125,58,54,0.0689655
14128,58,54,0.0689655
14133,58,54,0.0689655
14137,58,54,0.0689655
14141,58,54,0.0689655
14145,58,54,0.0689655
14148,58,54,0.0689655
14153,58,54,0.0689655
14158,58,54,0.0689655
14162,58,54,0.0689655
14165,58,54,0.0689655
14169,58,54,0.0689655
14173,58,54,0.0689655
14177,58,54,0.0689655
14181,58,54,0.0689655
14185,58,54,0.0689655
14189,58,54,0.0689655
14194,58,54,0.0689655
14197,58,54,0.0689655
14200,58,54,0.0689655
14204,58,54,0.0689655
14208,58,54,0.0689655
14211,58,54,0.0689655
14214,58,54,0.0689655
14218,58,54,0.0689655
14222,58,54,0.0689655
14226,58,54,0.0689655
14230,58,54,0.0689655
14233,58,54,0.0689655
14237,58,54,0.0689655
14241,58,54,0.0689655
14245,58,54,0.0689655
14248,58,54,0.0689655
14252,58,54,0.0689655
14256,58,54,0.0689655
14260,58,54,0.0689655
14265,58,54,0.0689655
14270,58,54,0.0689655
14274,58,54,0.0689655
14278,58,54,0.0689655
14285,58,54,0.0689655
14288,58,54,0.0689655
14291,58,54,0.0689655
14295,58,54,0.0689655
14299,58,54,0.0689655
14303,58,54,0.0689655
14308,58,54,0.0689655
14313,58,54,0.0689655
14316,58,54,0.0689655
14321,58,54,0.0689655
14325,58,54,0.0689655
14329,58,54,0.0689655
14332,58,54,0.0689655
14336,58,54,0.0689655
14340,58,54,0.0689655
14344,58,54,0.0689655
14348,58,54,0.0689655
14351,58,54,0.0689655
14355,58,54,0.0689655
14359,58,54,0.0689655
14364,58,54,0.0689655
14368,58,54,0.0689655
14372,58,54,0.0689655
14375,58,54,0.0689655
14379,58,54,0.0689655
14382,58,54,0.0689655
14387,58,54,0.0689655
14392,58,54,0.0689655
14396,58,54,0.0689655
14400,58,54,0.0689655
14404,58,54,0.0689655
14408,58,54,0.0689655
14412,58,54,0.0689655
14416,58,54,0.0689655
14420,58,54,0.0689655
14425,58,54,0.0689655
14429,58,54,0.0689655
14433,58,54,0.0689655
14436,58,54,0.0689655
14441,58,54,0.0689655
14445,58,54,0.0689655
14449,58,54,0.0689655
14453,58,54,0.0689655
14457,58,54,0.0689655
14461,58,54,0.0689655
14464,58,54,0.0689655
14468,58,54,0.0689655
14472,58,54,0.0689655
14476,58,54,0.0689655
14481,58,54,0.0689655
14484,58,54,0.0689655
14488,58,54,0.0689655
14492,58,54,0.0689655
14495,58,54,0.0689655
14499,58,54,0.0689655
14503,58,54,0.0689655
14507,58,54,0.0689655
14511,58,54,0.0689655
14516,58,54,0.0689655
14520,58,54,0.0689655
14524,58,54,0.0689655
14529,58,54,0.0689655
14534,58,54,0.0689655
14538,58,54,0.0689655
14541,58,54,0.0689655
14545,58,54,0.0689655
14549,58,54,0.0689655
14553,58,54,0.0689655
14557,58,54,0.0689655
14560,58,54,0.0689655
14564,58,54,0.0689655
14567,58,54,0.0689655
14571,58,54,0.0689655
14576,58,54,0.0689655
14581,58,54,0.0689655
14585,58,54,0.0689655
14589,58,54,0.0689655
14593,58,54,0.0689655
14598,58,54,0.0689655
14603,58,54,0.0689655
14607,58,54,0.0689655
14610,58,54,0.0689655
14613,58,54,0.0689655
14617,58,54,0.0689655
14620,58,54,0.0689655
14624,58,54,0.0689655
14629,58,54,0.0689655
14632,58,54,0.0689655
14636,58,54,0.0689655
14640,58,54,0.0689655
14645,58,54,0.0689655
14649,58,54,0.0689655
14653,58,54,0.0689655
14657,58,54,0.0689655
14661,58,54,0.0689655
14666,58,54,0.0689655
14671,58,54,0.0689655
14676,58,54,0.0689655
14680,58,54,0.0689655
14684,58,54,0.0689655
14688,58,54,0.0689655
14692,58,54,0.0689655
14696,58,54,0.0689655
14700,58,54,0.0689655
14704,58,54,0.0689655
14707,58,54,0.0689655
14711,58,54,0.0689655
14714,58,54,0.0689655
14719,58,54,0.0689655
14723,58,54,0.0689655
14727,58,54,0.0689655
14732,58,54,0.0689655
14736,58,54,0.0689655
14739,58,54,0.0689655
14743,58,54,0.0689655
14747,58,54,0.0689655
14751,58,54,0.0689655
14756,58,54,0.0689655
14761,58,54,0.0689655
14765,58,54,0.0689655
14770,58,54,0.0689655
14773,58,54,0.0689655
14777,58,54,0.0689655
14780,58,54,0.0689655
14784,58,54,0.0689655
14787,58,54,0.0689655
14791,58,54,0.0689655
14795,58,54,0.0689655
14798,58,54,0.0689655
14802,58,54,0.0689655
14806,58,54,0.0689655
14810,58,54,0.0689655
14814,58,54,0.0689655
14818,58,54,0.0689655
14823,58,54,0.0689655
14826,58,54,0.0689655
14830,58,54,0.0689655
14833,58,54,0.0689655
14837,58,54,0.0689655
14840,58,54,0.0689655
14845,58,54,0.0689655
14848,58,54,0.0689655
14853,58,54,0.0689655
14857,58,54,0.0689655
14862,58,54,0.0689655
14866,58,54,0.0689655
14870,58,54,0.0689655
14874,58,54,0.0689655
14878,58,54,0.0689655
14882,58,54,0.0689655
14886,58,54,0.0689655
14890,58,54,0.0689655
14894,58,54,0.0689655
14898,58,54,0.0689655
14903,58,54,0.0689655
14907,58,54,0.0689655
14912,58,54,0.0689655
14916,58,54,0.0689655
14920,58,54,0.0689655
14924,58,54,0.0689655
14928,58,54,0.0689655
14932,58,54,0.0689655
14934,58,54,0.0689655
14938,58,54,0.0689655
14943,58,54,0.0689655
14947,58,54,0.0689655
14950,58,54,0.0689655
14955,58,54,0.0689655
14960,58,54,0.0689655
14964,58,54,0.0689655
14969,58,54,0.0689655
14973,58,54,0.0689655
14977,58,54,0.0689655
14980,58,54,0.0689655
14984,58,54,0.0689655
14987,58,54,0.0689655
14992,58,54,0.0689655
14997,58,54,0.0689655
15001,58,54,0.0689655
15005,58,54,0.0689655
15008,58,54,0.0689655
15012,58,54,0.0689655
15017,58,54,0.0689655
15020,58,54,0.0689655
15025,58,54,0.0689655
15029,58,54,0.0689655
15033,58,54,0.0689655
15037,58,54,0.0689655
15042,58,54,0.0689655
15045,58,54,0.0689655
15049,58,54,0.0689655
15053,58,54,0.0689655
15057,58,54,0.0689655
15061,58,54,0.0689655
15066,58,54,0.0689655
15070,58,54,0.0689655
15073,58,54,0.0689655
15077,58,54,0.0689655
15081,58,54,0.0689655
15085,58,54,0.0689655
15089,58,54,0.0689655
15092,58,54,0.0689655
15095,58,54,0.0689655
15100,58,54,0.0689655
15104,58,54,0.0689655
15108,58,54,0.0689655
15111,58,54,0.0689655
15115,58,54,0.0689655
15119,58,54,0.0689655
15123,58,54,0.0689655
15128,58,54,0.0689655
15131,58,54,0.0689655
15135,58,54,0.0689655
15139,58,54,0.0689655
15143,58,54,0.0689655
15147,58,54,0.0689655
15152,58,54,0.0689655
15156,58,54,0.0689655
15160,58,54,0.0689655
15164,58,54,0.0689655
15167,58,54,0.0689655
15172,58,54,0.0689655
15176,58,54,0.0689655
15180,58,54,0.0689655
15183,58,54,0.0689655
15187,58,54,0.0689655
15191,58,54,0.0689655
15194,58,54,0.0689655
15199,58,54,0.0689655
15204,58,54,0.0689655
15209,58,54,0.0689655
15214,58,54,0.0689655
15219,58,54,0.0689655
15224,58,54,0.0689655
15229,58,54,0.0689655
15234,58,54,0.0689655
15239,58,54,0.0689655
15242,58,54,0.0689655
15246,58,54,0.0689655
15250,58,54,0.0689655
15254,58,54,0.0689655
15259,58,54,0.0689655
15264,58,54,0.0689655
15267,58,54,0.0689655
15272,58,54,0.0689655
15275,58,54,0.0689655
15280,58,54,0.0689655
15284,58,54,0.0689655
15288,58,54,0.0689655
15293,58,54,0.0689655
15298,58,54,0.0689655
15303,58,54,0.0689655
15307,58,54,0.0689655
15311,58,54,0.0689655
15316,58,54,0.0689655
15321,58,54,0.0689655
15326,58,54,0.0689655
15330,58,54,0.0689655
15334,58,54,0.0689655
15338,58,54,0.0689655
15342,58,54,0.0689655
15347,58,54,0.0689655
15350,58,54,0.0689655
15354,58,54,0.0689655
15359,58,54,0.0689655
15363,58,54,0.0689655
15368,58,54,0.0689655
15372,58,54,0.0689655
15376,58,54,0.0689655
15380,58,54,0.0689655
15384,58,54,0.0689655
15388,58,54,0.0689655
15392,58,54,0.0689655
15395,58,54,0.0689655
15399,58,54,0.0689655
15403,58,54,0.0689655
15407,58,54,0.0689655
15412,58,54,0.0689655
15416,58,54,0.0689655
15421,58,54,0.0689655
15424,58,54,0.0689655
15428,58,54,0.0689655
15433,58,54,0.0689655
15438,58,54,0.0689655
15443,58,54,0.0689655
15446,58,54,0.0689655
15451,58,54,0.0689655
15456,58,54,0.0689655
15461,58,54,0.0689655
15465,58,54,0.0689655
15469,58,54,0.0689655
15474,58,54,0.0689655
15478,58,54,0.0689655
15482,58,54,0.0689655
15487,58,54,0.0689655
15491,58,54,0.0689655
15495,58,54,0.0689655
15500,58,54,0.0689655
15503,58,54,0.0689655
15507,58,54,0.0689655
15512,58,54,0.0689655
15516,58,54,0.0689655
15519,58,54,0.0689655
15524,58,54,0.0689655
15526,58,54,0.0689655
15531,58,54,0.0689655
15536,58,54,0.0689655
15541,58,54,0.0689655
15546,58,54,0.0689655
15551,58,54,0.0689655
15556,58,54,0.0689655
15561,58,54,0.0689655
15566,58,54,0.0689655
15570,58,54,0.0689655
15574,58,54,0.0689655
15577,58,54,0.0689655
15581,58,54,0.0689655
15585,58,54,0.0689655
15589,58,54,0.0689655
15593,58,54,0.0689655
15597,58,54,0.0689655
15601,58,54,0.0689655
15606,58,54,0.0689655
15611,58,54,0.0689655
15617,58,54,0.0689655
15621,58,54,0.0689655
15625,58,54,0.0689655
15629,58,54,0.0689655
15632,58,54,0.0689655
15636,58,54,0.0689655
15640,58,54,0.0689655
15645,58,54,0.0689655
15650,58,54,0.0689655
15655,58,54,0.0689655
15659,58,54,0.0689655
15663,58,54,0.0689655
15667,58,54,0.0689655
15672,58,54,0.0689655
15676,58,54,0.0689655
15680,58,54,0.0689655
15684,58,54,0.0689655
15688,58,54,0.0689655
15693,58,54,0.0689655
15698,58,54,0.0689655
15700,58,54,0.0689655
15704,58,54,0.0689655
15709,58,54,0.0689655
15713,58,54,0.0689655
15717,58,54,0.0689655
15722,58,54,0.0689655
15727,58,54,0.0689655
15731,58,54,0.0689655
15735,58,54,0.0689655
15739,58,54,0.0689655
15744,58,54,0.0689655
15747,58,54,0.0689655
15751,58,54,0.0689655
15756,58,54,0.0689655
15759,58,54,0.0689655
15763,58,54,0.0689655
15768,58,54,0.0689655
15772,58,54,0.0689655
15776,58,54,0.0689655
15781,58,54,0.0689655
15786,58,54,0.0689655
15789,58,54,0.0689655
15794,58,54,0.0689655
15797,58,54,0.0689655
15803,58,54,0.0689655
15808,58,54,0.0689655
15813,58,54,0.0689655
15817,58,54,0.0689655
15822,58,54,0.0689655
15826,58,54,0.0689655
15830,58,54,0.0689655
15835,58,54,0.0689655
15839,58,54,0.0689655
15844,58,54,0.0689655
15848,58,54,0.0689655
15853,58,54,0.0689655
15859,58,54,0.0689655
15863,58,54,0.0689655
15867,58,54,0.0689655
15872,58,54,0.0689655
15877,58,54,0.0689655
15883,58,54,0.0689655
15887,58,54,0.0689655
15891,58,54,0.0689655
15896,58,54,0.0689655
15900,58,54,0.0689655
15904,58,54,0.0689655
15908,58,54,0.0689655
15913,58,54,0.0689655
15917,58,54,0.0689655
15921,58,54,0.0689655
15925,58,54,0.0689655
15931,58,54,0.0689655
15935,58,54,0.0689655
15939,58,54,0.0689655
15945,58,54,0.0689655
15950,58,54,0.0689655
15954,58,54,0.0689655
15958,58,54,0.0689655
15961,58,54,0.0689655
15964,58,54,0.0689655
15968,58,54,0.0689655
15973,58,54,0.0689655
15977,58,54,0.0689655
15981,58,54,0.0689655
15984,58,54,0.0689655
15988,58,54,0.0689655
15993,58,54,0.0689655
15998,58,54,0.0689655
16002,58,54,0.0689655
16007,58,54,0.0689655
16012,58,54,0.0689655
16016,58,54,0.0689655
16021,58,54,0.0689655
16027,58,54,0.0689655
16032,58,54,0.0689655
16036,58,54,0.0689655
16040,58,54,0.0689655
16045,58,54,0.0689655
16050,58,54,0.0689655
16054,58,54,0.0689655
16058,58,54,0.0689655
16063,58,54,0.0689655
16067,58,54,0.0689655
16073,58,54,0.0689655
16076,58,54,0.0689655
16081,58,54,0.0689655
16086,58,54,0.0689655
16092,58,54,0.0689655
16097,58,54,0.0689655
16103,58,54,0.0689655
16108,58,54,0.0689655
16114,58,54,0.0689655
16117,58,54,0.0689655
16121,58,54,0.0689655
16126,58,54,0.0689655
16131,58,54,0.0689655
16135,58,54,0.0689655
16139,58,54,0.0689655
16143,58,54,0.0689655
16147,58,54,0.0689655
16152,58,54,0.0689655
16158,58,54,0.0689655
16163,58,54,0.0689655
16168,58,54,0.0689655
16172,58,54,0.0689655
16176,58,54,0.0689655
16180,58,54,0.0689655
16184,58,54,0.0689655
16190,58,54,0.0689655
16195,58,54,0.0689655
16199,58,54,0.0689655
16202,58,54,0.0689655
16205,58,54,0.0689655
16209,58,54,0.0689655
16213,58,54,0.0689655
16218,58,54,0.0689655
16222,58,54,0.0689655
16226,58,54,0.0689655
16230,58,54,0.0689655
16235,58,54,0.0689655
16240,58,54,0.0689655
16244,58,54,0.0689655
16250,58,54,0.0689655
16254,58,54,0.0689655
16259,58,54,0.0689655
16264,58,54,0.0689655
16267,58,54,0.0689655
16270,58,54,0.0689655
16274,58,54,0.0689655
16280,58,54,0.0689655
16285,58,54,0.0689655
16290,58,54,0.0689655
16294,58,54,0.0689655
16297,58,54,0.0689655
16301,58,54,0.0689655
16307,58,54,0.0689655
16311,58,54,0.0689655
16316,58,54,0.0689655
16320,58,54,0.0689655
16323,58,54,0.0689655
16327,58,54,0.0689655
16330,58,54,0.0689655
16333,58,54,0.0689655
16336,58,54,0.0689655
16340,58,54,0.0689655
16345,58,54,0.0689655
16349,58,54,0.0689655
16353,58,54,0.0689655
16357,58,54,0.0689655
16362,58,54,0.0689655
16365,58,54,0.0689655
16369,58,54,0.0689655
16372,58,54,0.0689655
16376,58,54,0.0689655
16382,58,54,0.0689655
16386,58,54,0.0689655
16389,58,54,0.0689655
16393,58,54,0.0689655
16397,58,54,0.0689655
16401,58,54,0.0689655
16406,58,54,0.0689655
16410,58,54,0.0689655
16414,58,54,0.0689655
16419,58,54,0.0689655
16424,58,54,0.0689655
16429,58,54,0.0689655
16434,58,54,0.0689655
16437,58,54,0.0689655
16442,58,54,0.0689655
16446,58,54,0.0689655
16451,58,54,0.0689655
16454,58,54,0.0689655
16459,58,54,0.0689655
16464,58,54,0.0689655
16468,58,54,0.0689655
16472,58,54,0.0689655
16478,58,54,0.0689655
16483,58,54,0.0689655
16488,58,54,0.0689655
16492,58,54,0.0689655
16497,58,54,0.0689655
16501,58,54,0.0689655
16505,58,54,0.0689655
16509,58,54,0.0689655
16513,58,54,0.0689655
16517,58,54,0.0689655
16522,58,54,0.0689655
16528,58,54,0.0689655
16532,58,54,0.0689655
16537,58,54,0.0689655
16541,58,54,0.0689655
16545,58,54,0.0689655
16548,58,54,0.0689655
16553,58,54,0.0689655
16558,58,54,0.0689655
16563,58,54,0.0689655
16569,58,54,0.0689655
16573,58,54,0.0689655
16578,58,54,0.0689655
16581,58,54,0.0689655
16586,58,54,0.0689655
16590,58,54,0.0689655
16594,58,54,0.0689655
16599,58,54,0.0689655
16602,58,54,0.0689655
16607,58,54,0.0689655
16612,58,54,0.0689655
16616,58,54,0.0689655
16621,58,54,0.0689655
16625,58,54,0.0689655
16629,58,54,0.0689655
16634,58,54,0.0689655
16640,58,54,0.0689655
16644,58,54,0.0689655
16648,58,54,0.0689655
16653,58,54,0.0689655
16658,58,54,0.0689655
16662,58,54,0.0689655
16667,58,54,0.0689655
16672,58,54,0.0689655
16677,58,54,0.0689655
16682,58,54,0.0689655
16686,58,54,0.0689655
16690,58,54,0.0689655
16695,58,54,0.0689655
16699,58,54,0.0689655
16705,58,54,0.0689655
16709,58,54,0.0689655
16714,58,54,0.0689655
16719,58,54,0.0689655
16722,58,54,0.0689655
16726,58,54,0.0689655
16732,58,54,0.0689655
16736,58,54,0.0689655
16741,58,54,0.0689655
16745,58,54,0.0689655
16749,58,54,0.0689655
16753,58,54,0.0689655
16757,58,54,0.0689655
16763,58,54,0.0689655
16768,58,54,0.0689655
16772,58,54,0.0689655
16776,58,54,0.0689655
16782,58,54,0.0689655
16788,58,54,0.0689655
16793,58,54,0.0689655
16797,58,54,0.0689655
16801,58,54,0.0689655
16806,58,54,0.0689655
16810,58,54,0.0689655
16814,58,54,0.0689655
16820,58,54,0.0689655
16825,58,54,0.0689655
16831,58,54,0.0689655
16836,58,54,0.0689655
16840,58,54,0.0689655
16845,58,54,0.0689655
16848,58,54,0.0689655
16852,58,54,0.0689655
16857,58,54,0.0689655
16863,58,54,0.0689655
16869,58,54,0.0689655
16873,58,54,0.0689655
16878,58,54,0.0689655
16882,58,54,0.0689655
16886,58,54,0.0689655
16891,58,54,0.0689655
16895,58,54,0.0689655
16900,58,54,0.0689655
16906,58,54,0.0689655
16911,58,54,0.0689655
16917,58,54,0.0689655
16923,58,54,0.0689655
16929,58,54,0.0689655
16934,58,54,0.0689655
16938,58,54,0.0689655
16942,58,54,0.0689655
16947,58,54,0.0689655
16950,58,54,0.0689655
16955,58,54,0.0689655
16959,58,54,0.0689655
16964,58,54,0.0689655
16969,58,54,0.0689655
16975,58,54,0.0689655
16979,58,54,0.0689655
16984,58,54,0.0689655
16988,58,54,0.0689655
16993,58,54,0.0689655
16997,58,54,0.0689655
17001,58,54,0.0689655
17005,58,54,0.0689655
17009,58,54,0.0689655
17013,58,54,0.0689655
17017,58,54,0.0689655
17022,58,54,0.0689655
17027,58,54,0.0689655
17032,58,54,0.0689655
17036,58,54,0.0689655
17041,58,54,0.0689655
17047,58,54,0.0689655
17051,58,54,0.0689655
17057,58,54,0.0689655
17061,58,54,0.0689655
17065,58,54,0.0689655
17069,58,54,0.0689655
17074,58,54,0.0689655
17078,58,54,0.0689655
17084,58,54,0.0689655
17088,58,54,0.0689655
17092,58,54,0.0689655
17096,58,54,0.0689655
17101,58,54,0.0689655
17104,58,54,0.0689655
17108,58,54,0.0689655
17113,58,54,0.0689655
17118,58,54,0.0689655
17123,58,54,0.0689655
17127,58,54,0.0689655
17131,58,54,0.0689655
17137,58,54,0.0689655
17142,58,54,0.0689655
17146,58,54,0.0689655
17151,58,54,0.0689655
17156,58,54,0.0689655
17160,58,54,0.0689655
17163,58,54,0.0689655
17168,58,54,0.0689655
17173,58,54,0.0689655
17177,58,54,0.0689655
17181,58,54,0.0689655
17184,58,54,0.0689655
17190,58,54,0.0689655
17195,58,54,0.0689655
17199,58,54,0.0689655
17204,58,54,0.0689655
17209,58,54,0.0689655
17214,58,54,0.0689655
17219,58,54,0.0689655
17223,58,54,0.0689655
17228,58,54,0.0689655
17231,58,54,0.0689655
17237,58,54,0.0689655
17243,58,54,0.0689655
17248,58,54,0.0689655
17252,58,54,0.0689655
17256,58,54,0.0689655
17261,58,54,0.0689655
17266,58,54,0.0689655
17272,58,54,0.0689655
17276,58,54,0.0689655
17282,58,54,0.0689655
17287,58,54,0.0689655
17292,58,54,0.0689655
17298,58,54,0.0689655
17303,58,54,0.0689655
17308,58,54,0.0689655
17313,58,54,0.0689655
17319,58,54,0.0689655
17325,58,54,0.0689655
17330,58,54,0.0689655
17335,58,54,0.0689655
17340,58,54,0.0689655
17346,58,54,0.0689655
17350,58,54,0.0689655
17354,58,54,0.0689655
17358,58,54,0.0689655
17362,58,54,0.0689655
17366,58,54,0.0689655
17371,58,54,0.0689655
17375,58,54,0.0689655
17379,58,54,0.0689655
17384,58,54,0.0689655
17390,58,54,0.0689655
17394,58,54,0.0689655
17400,58,54,0.0689655
17404,58,54,0.0689655
17408,58,54,0.0689655
17412,58,54,0.0689655
17417,58,54,0.0689655
17422,58,54,0.0689655
17426,58,54,0.0689655
17429,58,54,0.0689655
17434,58,54,0.0689655
17438,58,54,0.0689655
17442,58,54,0.0689655
17447,58,54,0.0689655
17452,58,54,0.0689655
17456,58,54,0.0689655
17460,58,54,0.0689655
17464,58,54,0.0689655
17469,58,54,0.0689655
17474,58,54,0.0689655
17478,58,54,0.0689655
17483,58,54,0.0689655
17487,58,54,0.0689655
17491,58,54,0.0689655
17496,58,54,0.0689655
17501,58,54,0.0689655
17506,58,54,0.0689655
17511,58,54,0.0689655
17517,58,54,0.0689655
17522,58,54,0.0689655
17526,58,54,0.0689655
17532,58,54,0.0689655
17538,58,54,0.0689655
17543,58,54,0.0689655
17548,58,54,0.0689655
17553,58,54,0.0689655
17557,58,54,0.0689655
17563,58,54,0.0689655
17569,58,54,0.0689655
17574,58,54,0.0689655
17578,58,54,0.0689655
17583,58,54,0.0689655
17588,58,54,0.0689655
17594,58,54,0.0689655
17599,58,54,0.0689655
17603,58,54,0.0689655
17609,58,54,0.0689655
17613,58,54,0.0689655
17617,58,54,0.0689655
17622,58,54,0.0689655
17627,58,54,0.0689655
17632,58,54,0.0689655
17638,58,54,0.0689655
17644,58,54,0.0689655
17648,58,54,0.0689655
17651,58,54,0.0689655
17656,58,54,0.0689655
17661,58,54,0.0689655
17666,58,54,0.0689655
17670,58,54,0.0689655
17674,58,54,0.0689655
17679,58,54,0.0689655
17684,58,54,0.0689655
17688,58,54,0.0689655
17692,58,54,0.0689655
17697,58,54,0.0689655
17702,58,54,0.0689655
17706,58,54,0.0689655
17711,58,54,0.0689655
17717,58,54,0.0689655
17722,58,54,0.0689655
17726,58,54,0.0689655
17731,58,54,0.0689655
17736,58,54,0.0689655
17741,58,54,0.0689655
17747,58,54,0.0689655
17753,58,54,0.0689655
17758,58,54,0.0689655
17762,58,54,0.0689655
17766,58,54,0.0689655
17771,58,54,0.0689655
17776,58,54,0.0689655
17781,58,54,0.0689655
17786,58,54,0.0689655
17792,58,54,0.0689655
17797,58,54,0.0689655
17800,58,54,0.0689655
17805,58,54,0.0689655
17809,58,54,0.0689655
17814,58,54,0.0689655
17820,58,54,0.0689655
17824,58,54,0.0689655
17828,58,54,0.0689655
17834,58,54,0.0689655
17838,58,54,0.0689655
17842,58,54,0.0689655
17846,58,54,0.0689655
17850,58,54,0.0689655
17853,58,54,0.0689655
17857,58,54,0.0689655
17862,58,54,0.0689655
17867,58,54,0.0689655
17872,58,54,0.0689655
17875,58,54,0.0689655
17878,58,54,0.0689655
17884,58,54,0.0689655
17890,58,54,0.0689655
17895,58,54,0.0689655
17900,58,54,0.0689655
17906,58,54,0.0689655
17911,58,54,0.0689655
17916,58,54,0.0689655
17921,58,54,0.0689655
17926,58,54,0.0689655
17930,58,54,0.0689655
17935,58,54,0.0689655
17941,58,54,0.0689655
17945,58,54,0.0689655
17949,58,54,0.0689655
17954,58,54,0.0689655
17959,58,54,0.0689655
17964,58,54,0.0689655
17967,58,54,0.0689655
17971,58,54,0.0689655
17975,58,54,0.0689655
17979,58,54,0.0689655
17981,58,54,0.0689655
17984,58,54,0.0689655
17988,58,54,0.0689655
17994,58,54,0.0689655
18000,58,54,0.0689655
18005,58,54,0.0689655
18010,58,54,0.0689655
18015,58,54,0.0689655
18019,58,54,0.0689655
18023,58,54,0.0689655
18028,58,54,0.0689655
18033,58,54,0.0689655
18039,58,54,0.0689655
18044,58,54,0.0689655
18049,58,54,0.0689655
18054,58,54,0.0689655
18059,58,54,0.0689655
18062,58,54,0.0689655
18069,58,54,0.0689655
18074,58,54,0.0689655
18077,58,54,0.0689655
18082,58,54,0.0689655
18087,58,54,0.0689655
18092,58,54,0.0689655
18097,58,54,0.0689655
18102,58,54,0.0689655
18107,58,54,0.0689655
18113,58,54,0.0689655
18117,58,54,0.0689655
18121,58,54,0.0689655
18127,58,54,0.0689655
18133,58,54,0.0689655
18137,58,54,0.0689655
18142,58,54,0.0689655
18149,58,54,0.0689655
18154,58,54,0.0689655
18158,58,54,0.0689655
18163,58,54,0.0689655
18168,58,54,0.0689655
18173,58,54,0.0689655
18178,58,54,0.0689655
18183,58,54,0.0689655
18188,58,54,0.0689655
18193,58,54,0.0689655
18198,58,54,0.0689655
18204,58,54,0.0689655
18210,58,54,0.0689655
18216,58,54,0.0689655
18222,58,54,0.0689655
18228,58,54,0.0689655
18233,58,54,0.0689655
18239,58,54,0.0689655
18245,58,54,0.0689655
18249,58,54,0.0689655
18255,58,54,0.0689655
18260,58,54,0.0689655
18265,58,54,0.0689655
18269,58,54,0.0689655
18274,58,54,0.0689655
18280,58,54,0.0689655
18283,58,54,0.0689655
18288,58,54,0.0689655
18293,58,54,0.0689655
18298,58,54,0.0689655
18302,58,54,0.0689655
18307,58,54,0.0689655
18312,58,54,0.0689655
18316,58,54,0.0689655
18321,58,54,0.0689655
18326,58,54,0.0689655
18331,58,54,0.0689655
18336,58,54,0.0689655
18341,58,54,0.0689655
18345,58,54,0.0689655
18349,58,54,0.0689655
18354,58,54,0.0689655
18360,58,54,0.0689655
18365,58,54,0.0689655
18369,58,54,0.0689655
18373,58,54,0.0689655
18377,58,54,0.0689655
18381,58,54,0.0689655
18385,58,54,0.0689655
18391,58,54,0.0689655
18394,58,54,0.0689655
18400,58,54,0.0689655
18404,58,54,0.0689655
18409,58,54,0.0689655
18414,58,54,0.0689655
18421,58,54,0.0689655
18427,58,54,0.0689655
18431,58,54,0.0689655
18436,58,54,0.0689655
18439,58,54,0.0689655
18445,58,54,0.0689655
18449,58,54,0.0689655
18455,58,54,0.0689655
18458,58,54,0.0689655
18463,58,54,0.0689655
18469,58,54,0.0689655
18474,58,54,0.0689655
18480,58,54,0.0689655
18485,58,54,0.0689655
18488,58,54,0.0689655
18493,58,54,0.0689655
18498,58,54,0.0689655
18503,58,54,0.0689655
18507,58,54,0.0689655
18512,58,54,0.0689655
18516,58,54,0.0689655
18521,58,54,0.0689655
18527,58,54,0.0689655
18530,58,54,0.0689655
18536,58,54,0.0689655
18542,58,54,0.0689655
18546,58,54,0.0689655
18552,58,54,0.0689655
18557,58,54,0.0689655
18563,58,54,0.0689655
18569,58,54,0.0689655
18574,58,54,0.0689655
18579,58,54,0.0689655
18584,58,54,0.0689655
18591,58,54,0.0689655
18606,58,54,0.0689655
18610,58,54,0.0689655
18614,58,54,0.0689655
18618,58,54,0.0689655
18623,58,54,0.0689655
18628,58,54,0.0689655
18632,58,54,0.0689655
18636,58,54,0.0689655
18641,58,54,0.0689655
18645,58,54,0.0689655
18649,58,54,0.0689655
18653,58,54,0.0689655
18657,58,54,0.0689655
18663,58,54,0.0689655
18669,58,54,0.0689655
18674,58,54,0.0689655
18680,58,54,0.0689655
18684,58,54,0.0689655
18688,58,54,0.0689655
18692,58,54,0.0689655
18697,58,54,0.0689655
18701,58,54,0.0689655
18706,58,54,0.0689655
18710,58,54,0.0689655
18715,58,54,0.0689655
18720,58,54,0.0689655
18726,58,54,0.0689655
18731,58,54,0.0689655
18737,58,54,0.0689655
18743,58,54,0.0689655
18747,58,54,0.0689655
18752,58,54,0.0689655
18757,58,54,0.0689655
18761,58,54,0.0689655
18767,58,54,0.0689655
18771,58,54,0.0689655
18776,58,54,0.0689655
18783,58,54,0.0689655
18788,58,54,0.0689655
18793,58,54,0.0689655
18798,58,54,0.0689655
18802,58,54,0.0689655
18806,58,54,0.0689655
18811,58,54,0.0689655
18816,58,54,0.0689655
18821,58,54,0.0689655
18827,58,54,0.0689655
18831,58,54,0.0689655
18835,58,54,0.0689655
18839,58,54,0.0689655
18846,58,54,0.0689655
18851,58,54,0.0689655
18856,58,54,0.0689655
18861,58,54,0.0689655
18867,58,54,0.0689655
18871,58,54,0.0689655
18875,58,54,0.0689655
18880,58,54,0.0689655
18883,58,54,0.0689655
18886,58,54,0.0689655
18891,58,54,0.0689655
18898,58,54,0.0689655
18903,58,54,0.0689655
18909,58,54,0.0689655
18914,58,54,0.0689655
18919,58,54,0.0689655
18924,58,54,0.0689655
18928,58,54,0.0689655
18934,58,54,0.0689655
18939,58,54,0.0689655
18943,58,54,0.0689655
18949,58,54,0.0689655
18954,58,54,0.0689655
18959,58,54,0.0689655
18965,58,54,0.0689655
18970,58,54,0.0689655
18975,58,54,0.0689655
18979,58,54,0.0689655
18983,58,54,0.0689655
18989,58,54,0.0689655
18996,58,54,0.0689655
19001,58,54,0.0689655
19008,58,54,0.0689655
19014,58,54,0.0689655
19018,58,54,0.0689655
19022,58,54,0.0689655
19027,58,54,0.0689655
19032,58,54,0.0689655
19037,58,54,0.0689655
19043,58,54,0.0689655
19049,58,54,0.0689655
19053,58,54,0.0689655
19058,58,54,0.0689655
19062,58,54,0.0689655
19068,58,54,0.0689655
19074,58,54,0.0689655
19079,58,54,0.0689655
19084,58,54,0.0689655
19089,58,54,0.0689655
19095,58,54,0.0689655
19101,58,54,0.0689655
19105,58,54,0.0689655
19110,58,54,0.0689655
19116,58,54,0.0689655
19121,58,54,0.0689655
19126,58,54,0.0689655
19130,58,54,0.0689655
19136,58,54,0.0689655
19141,58,54,0.0689655
19145,58,54,0.0689655
19150,58,54,0.0689655
19155,58,54,0.0689655
19160,58,54,0.0689655
19166,58,54,0.0689655
19172,58,54,0.0689655
19178,58,54,0.0689655
19183,58,54,0.0689655
19188,58,54,0.0689655
19193,58,54,0.0689655
19198,58,54,0.0689655
19203,58,54,0.0689655
19208,58,54,0.0689655
19214,58,54,0.0689655
19219,58,54,0.0689655
19224,58,54,0.0689655
19229,58,54,0.0689655
19235,58,54,0.0689655
19239,58,54,0.0689655
19244,58,54,0.0689655
19249,58,54,0.0689655
19254,58,54,0.0689655
19260,58,54,0.0689655
19266,58,54,0.0689655
19272,58,54,0.0689655
19276,58,54,0.0689655
19280,58,54,0.0689655
19286,58,54,0.0689655
19291,58,54,0.0689655
19297,58,54,0.0689655
19304,58,54,0.0689655
19309,58,54,0.0689655
19314,58,54,0.0689655
19319,58,54,0.0689655
19325,58,54,0.0689655
19332,58,54,0.0689655
19337,58,54,0.0689655
19343,58,54,0.0689655
19349,58,54,0.0689655
19355,58,54,0.0689655
19359,58,54,0.0689655
19365,58,54,0.0689655
19369,58,54,0.0689655
19374,58,54,0.0689655
19380,58,54,0.0689655
19385,58,54,0.0689655
19390,58,54,0.0689655
19396,58,54,0.0689655
19401,58,54,0.0689655
19406,58,54,0.0689655
19411,58,54,0.0689655
19417,58,54,0.0689655
19423,58,54,0.0689655
19429,58,54,0.0689655
19436,58,54,0.0689655
19441,58,54,0.0689655
19446,58,54,0.0689655
19451,58,54,0.0689655
19456,58,54,0.0689655
19461,58,54,0.0689655
19464,58,54,0.0689655
19469,58,54,0.0689655
19474,58,54,0.0689655
19479,58,54,0.0689655
19483,58,54,0.0689655
19488,58,54,0.0689655
19492,58,54,0.0689655
19495,58,54,0.0689655
19501,58,54,0.0689655
19506,58,54,0.0689655
19512,58,54,0.0689655
19517,58,54,0.0689655
19522,58,54,0.0689655
19525,58,54,0.0689655
19529,58,54,0.0689655
19535,58,54,0.0689655
19539,58,54,0.0689655
19545,58,54,0.0689655
19550,58,54,0.0689655
19554,58,54,0.0689655
19561,58,54,0.0689655
19567,58,54,0.0689655
19571,58,54,0.0689655
19576,58,54,0.0689655
19581,58,54,0.0689655
19585,58,54,0.0689655
19588,58,54,0.0689655
19594,58,54,0.0689655
19599,58,54,0.0689655
19605,58,54,0.0689655
19611,58,54,0.0689655
19617,58,54,0.0689655
19623,58,54,0.0689655
19629,58,54,0.0689655
19636,58,54,0.0689655
19642,58,54,0.0689655
19648,58,54,0.0689655
19654,58,54,0.0689655
19661,58,54,0.0689655
19666,58,54,0.0689655
19668,58,54,0.0689655
19673,58,54,0.0689655
19677,58,54,0.0689655
19682,58,54,0.0689655
19686,58,54,0.0689655
19692,58,54,0.0689655
19696,58,54,0.0689655
19702,58,54,0.0689655
19707,58,54,0.0689655
19712,58,54,0.0689655
19717,58,54,0.0689655
19721,58,54,0.0689655
19726,58,54,0.0689655
19730,58,54,0.0689655
19734,58,54,0.0689655
19739,58,54,0.0689655
19745,58,54,0.0689655
19750,58,54,0.0689655
19755,58,54,0.0689655
19759,58,54,0.0689655
19764,58,54,0.0689655
19768,58,54,0.0689655
19772,58,54,0.0689655
19776,58,54,0.0689655
19781,58,54,0.0689655
19784,58,54,0.0689655
19788,58,54,0.0689655
19793,58,54,0.0689655
19797,58,54,0.0689655
19802,58,54,0.0689655
19807,58,54,0.0689655
19813,58,54,0.0689655
19819,58,54,0.0689655
19825,58,54,0.0689655
19831,58,54,0.0689655
19835,58,54,0.0689655
19840,58,54,0.0689655
19846,58,54,0.0689655
19850,58,54,0.0689655
19854,58,54,0.0689655
19858,58,54,0.0689655
19863,58,54,0.0689655
19869,58,54,0.0689655
19872,58,54,0.0689655
19875,58,54,0.0689655
19879,58,54,0.0689655
19883,58,54,0.0689655
19889,58,54,0.0689655
19893,58,54,0.0689655
19896,58,54,0.0689655
19900,58,54,0.0689655
19907,58,54,0.0689655
19913,58,54,0.0689655
19919,58,54,0.0689655
19925,58,54,0.0689655
19931,58,54,0.0689655
19937,58,54,0.0689655
19944,58,54,0.0689655
19949,58,54,0.0689655
19955,58,54,0.0689655
19959,58,54,0.0689655
19963,58,54,0.0689655
19970,58,54,0.0689655
19974,58,54,0.0689655
19980,58,54,0.0689655
19987,58,54,0.0689655
19993,58,54,0.0689655
20000,58,54,0.0689655
20006,58,54,0.0689655
20011,58,54,0.0689655
20018,58,54,0.0689655
20024,58,54,0.0689655
20031,58,54,0.0689655
20037,58,54,0.0689655
20043,58,54,0.0689655
20049,58,54,0.0689655
20054,58,54,0.0689655
20058,58,54,0.0689655
20063,58,54,0.0689655
20069,58,54,0.0689655
20073,58,54,0.0689655
20079,58,54,0.0689655
20084,58,54,0.0689655
20089,58,54,0.0689655
20092,58,54,0.0689655
20097,58,54,0.0689655
20101,58,54,0.0689655
20106,58,54,0.0689655
20109,58,54,0.0689655
20114,58,54,0.0689655
20120,58,54,0.0689655
20124,58,54,0.0689655
20128,58,54,0.0689655
20132,58,54,0.0689655
20137,58,54,0.0689655
20143,58,54,0.0689655
20150,58,54,0.0689655
20157,58,54,0.0689655
20161,58,54,0.0689655
20166,58,54,0.0689655
20170,58,54,0.0689655
20176,58,54,0.0689655
20181,58,54,0.0689655
20186,58,54,0.0689655
20191,58,54,0.0689655
20198,58,54,0.0689655
20203,58,54,0.0689655
20209,58,54,0.0689655
20214,58,54,0.0689655
20219,58,54,0.0689655
20225,58,54,0.0689655
20231,58,54,0.0689655
20236,58,54,0.0689655
20241,58,54,0.0689655
20246,58,54,0.0689655
20253,58,54,0.0689655
20257,58,54,0.0689655
20262,58,54,0.0689655
20269,58,54,0.0689655
20275,58,54,0.0689655
20282,58,54,0.0689655
20288,58,54,0.0689655
20292,58,54,0.0689655
20298,58,54,0.0689655
20304,58,54,0.0689655
20311,58,54,0.0689655
20316,58,54,0.0689655
20320,58,54,0.0689655
20326,58,54,0.0689655
20332,58,54,0.0689655
20338,58,54,0.0689655
20344,58,54,0.0689655
20348,58,54,0.0689655
20352,58,54,0.0689655
20358,58,54,0.0689655
20363,58,54,0.0689655
20370,58,54,0.0689655
20376,58,54,0.0689655
20381,58,54,0.0689655
20385,58,54,0.0689655
20392,58,54,0.0689655
20397,58,54,0.0689655
20403,58,54,0.0689655
20409,58,54,0.0689655
20414,58,54,0.0689655
20419,58,54,0.0689655
20425,58,54,0.0689655
20431,58,54,0.0689655
20437,58,54,0.0689655
20442,58,54,0.0689655
20448,58,54,0.0689655
20454,58,54,0.0689655
20458,58,54,0.0689655
20463,58,54,0.0689655
20469,58,54,0.0689655
20475,58,54,0.0689655
20479,58,54,0.0689655
20484,58,54,0.0689655
20489,58,54,0.0689655
20493,58,54,0.0689655
20499,58,54,0.0689655
20506,58,54,0.0689655
20510,58,54,0.0689655
20515,58,54,0.0689655
20519,58,54,0.0689655
20523,58,54,0.0689655
20529,58,54,0.0689655
20536,58,54,0.0689655
20542,58,54,0.0689655
20548,58,54,0.0689655
20554,58,54,0.0689655
20559,58,54,0.0689655
20562,58,54,0.0689655
20567,58,54,0.0689655
20574,58,54,0.0689655
20581,58,54,0.0689655
20586,58,54,0.0689655
20592,58,54,0.0689655
20599,58,54,0.0689655
20605,58,54,0.0689655
20610,58,54,0.0689655
20615,58,54,0.0689655
20621,58,54,0.0689655
20625,58,54,0.0689655
20630,58,54,0.0689655
20635,58,54,0.0689655
20640,58,54,0.0689655
20643,58,54,0.0689655
20650,58,54,0.0689655
20655,58,54,0.0689655
20661,58,54,0.0689655
20664,58,54,0.0689655
20669,58,54,0.0689655
20675,58,54,0.0689655
20680,58,54,0.0689655
20685,58,54,0.0689655
20692,58,54,0.0689655
20698,58,54,0.0689655
20703,58,54,0.0689655
20707,58,54,0.0689655
20714,58,54,0.0689655
20719,58,54,0.0689655
20725,58,54,0.0689655
20730,58,54,0.0689655
20735,58,54,0.0689655
20739,58,54,0.0689655
20745,58,54,0.0689655
20750,58,54,0.0689655
20756,58,54,0.0689655
20761,58,54,0.0689655
20765,58,54,0.0689655
20771,58,54,0.0689655
20777,58,54,0.0689655
20781,58,54,0.0689655
20785,58,54,0.0689655
20788,58,54,0.0689655
20792,58,54,0.0689655
20797,58,54,0.0689655
20801,58,54,0.0689655
20806,58,54,0.0689655
20813,58,54,0.0689655
20818,58,54,0.0689655
20824,58,54,0.0689655
20830,58,54,0.0689655
20835,58,54,0.0689655
20841,58,54,0.0689655
20846,58,54,0.0689655
20850,58,54,0.0689655
20854,58,54,0.0689655
20859,58,54,0.0689655
20864,58,54,0.0689655
20870,58,54,0.0689655
20876,58,54,0.0689655
20881,58,54,0.0689655
20886,58,54,0.0689655
20892,58,54,0.0689655
20898,58,54,0.0689655
20905,58,54,0.0689655
20911,58,54,0.0689655
20918,58,54,0.0689655
20924,58,54,0.0689655
20928,58,54,0.0689655
20932,58,54,0.0689655
20938,58,54,0.0689655
20943,58,54,0.0689655
20949,58,54,0.0689655
20955,58,54,0.0689655
20962,58,54,0.0689655
20968,58,54,0.0689655
20973,58,54,0.0689655
20980,58,54,0.0689655
20987,58,54,0.0689655
20991,58,54,0.0689655
20996,58,54,0.0689655
21003,58,54,0.0689655
21008,58,54,0.0689655
21012,58,54,0.0689655
21017,58,54,0.0689655
21021,58,54,0.0689655
21026,58,54,0.0689655
21033,58,54,0.0689655
21039,58,54,0.0689655
21045,58,54,0.0689655
21049,58,54,0.0689655
21054,58,54,0.0689655
21058,58,54,0.0689655
21064,58,54,0.0689655
21069,58,54,0.0689655
21074,58,54,0.0689655
21078,58,54,0.0689655
21085,58,54,0.0689655
21092,58,54,0.0689655
21098,58,54,0.0689655
21105,58,54,0.0689655
21111,58,54,0.0689655
21117,58,54,0.0689655
21120,58,54,0.0689655
21125,58,54,0.0689655
21129,58,54,0.0689655
21132,58,54,0.0689655
21138,58,54,0.0689655
21144,58,54,0.0689655
21150,58,54,0.0689655
21157,58,54,0.0689655
21163,58,54,0.0689655
21168,58,54,0.0689655
21172,58,54,0.0689655
21178,58,54,0.0689655
21183,58,54,0.0689655
21188,58,54,0.0689655
21193,58,54,0.0689655
21197,58,54,0.0689655
21202,58,54,0.0689655
21207,58,54,0.0689655
21211,58,54,0.0689655
21215,58,54,0.0689655
21219,58,54,0.0689655
21223,58,54,0.0689655
21228,58,54,0.0689655
21234,58,54,0.0689655
21239,58,54,0.0689655
21244,58,54,0.0689655
21250,58,54,0.0689655
21255,58,54,0.0689655
21260,58,54,0.0689655
21266,58,54,0.0689655
21272,58,54,0.0689655
21279,58,54,0.0689655
21286,58,54,0.0689655
21292,58,54,0.0689655
21298,58,54,0.0689655
21303,58,54,0.0689655
21310,58,54,0.0689655
21315,58,54,0.0689655
21319,58,54,0.0689655
21323,58,54,0.0689655
21330,58,54,0.0689655
21335,58,54,0.0689655
21339,58,54,0.0689655
21345,58,54,0.0689655
21351,58,54,0.0689655
21356,58,54,0.0689655
21361,58,54,0.0689655
21366,58,54,0.0689655
21371,58,54,0.0689655
21376,58,54,0.0689655
21380,58,54,0.0689655
21384,58,54,0.0689655
21390,58,54,0.0689655
21396,58,54,0.0689655
21400,58,54,0.0689655
21406,58,54,0.0689655
21411,58,54,0.0689655
21414,58,54,0.0689655
21416,58,54,0.0689655
21422,58,54,0.0689655
21426,58,54,0.0689655
21433,58,54,0.0689655
21437,58,54,0.0689655
21442,58,54,0.0689655
21447,58,54,0.0689655
21452,58,54,0.0689655
21458,58,54,0.0689655
21463,58,54,0.0689655
21468,58,54,0.0689655
21474,58,54,0.0689655
21479,58,54,0.0689655
21484,58,54,0.0689655
21488,58,54,0.0689655
21493,58,54,0.0689655
21498,58,54,0.0689655
21504,58,54,0.0689655
21509,58,54,0.0689655
21514,58,54,0.0689655
21519,58,54,0.0689655
21524,58,54,0.0689655
21529,58,54,0.0689655
21534,58,54,0.0689655
21539,58,54,0.0689655
21544,58,54,0.0689655
21550,58,54,0.0689655
21554,58,54,0.0689655
21559,58,54,0.0689655
21565,58,54,0.0689655
21571,58,54,0.0689655
21576,58,54,0.0689655
21581,58,54,0.0689655
21587,58,54,0.0689655
21594,58,54,0.0689655
21598,58,54,0.0689655
21603,58,54,0.0689655
21608,58,54,0.0689655
21611,58,54,0.0689655
21617,58,54,0.0689655
21623,58,54,0.0689655
21629,58,54,0.0689655
21633,58,54,0.0689655
21639,58,54,0.0689655
21643,58,54,0.0689655
21648,58,54,0.0689655
21653,58,54,0.0689655
21657,58,54,0.0689655
21661,58,54,0.0689655
21664,58,54,0.0689655
21670,58,54,0.0689655
21676,58,54,0.0689655
21682,58,54,0.0689655
21686,58,54,0.0689655
21690,58,54,0.0689655
21695,58,54,0.0689655
21701,58,54,0.0689655
21707,58,54,0.0689655
21713,58,54,0.0689655
21718,58,54,0.0689655
21723,58,54,0.0689655
21728,58,54,0.0689655
21733,58,54,0.0689655
21738,58,54,0.0689655
21743,58,54,0.0689655
21748,58,54,0.0689655
21755,58,54,0.0689655
21760,58,54,0.0689655
21766,58,54,0.0689655
21772,58,54,0.0689655
21775,58,54,0.0689655
21781,58,54,0.0689655
21785,58,54,0.0689655
21789,58,54,0.0689655
21793,58,54,0.0689655
21799,58,54,0.0689655
21804,58,54,0.0689655
21810,58,54,0.0689655
21814,58,54,0.0689655
21819,58,54,0.0689655
21823,58,54,0.0689655
21829,58,54,0.0689655
21834,58,54,0.0689655
21839,58,54,0.0689655
21843,58,54,0.0689655
21849,58,54,0.0689655
21856,58,54,0.0689655
21861,58,54,0.0689655
21866,58,54,0.0689655
21872,58,54,0.0689655
21876,58,54,0.0689655
21881,58,54,0.0689655
21887,58,54,0.0689655
21893,58,54,0.0689655
21900,58,54,0.0689655
21903,58,54,0.0689655
21910,58,54,0.0689655
21915,58,54,0.0689655
21920,58,54,0.0689655
21925,58,54,0.0689655
21932,58,54,0.0689655
21936,58,54,0.0689655
21942,58,54,0.0689655
21949,58,54,0.0689655
21955,58,54,0.0689655
21959,58,54,0.0689655
21964,58,54,0.0689655
21969,58,54,0.0689655
21975,58,54,0.0689655
21981,58,54,0.0689655
21986,58,54,0.0689655
21991,58,54,0.0689655
21998,58,54,0.0689655
22005,58,54,0.0689655
22010,58,54,0.0689655
22015,58,54,0.0689655
22021,58,54,0.0689655
22025,58,54,0.0689655
22031,58,54,0.0689655
22036,58,54,0.0689655
22041,58,54,0.0689655
22045,58,54,0.0689655
22052,58,54,0.0689655
22056,58,54,0.0689655
22062,58,54,0.0689655
22068,58,54,0.0689655
22073,58,54,0.0689655
22080,58,54,0.0689655
22087,58,54,0.0689655
22093,58,54,0.0689655
22099,58,54,0.0689655
22103,58,54,0.0689655
22110,58,54,0.0689655
22117,58,54,0.0689655
22124,58,54,0.0689655
22131,58,54,0.0689655
22136,58,54,0.0689655
22141,58,54,0.0689655
22147,58,54,0.0689655
22154,58,54,0.0689655
22160,58,54,0.0689655
22166,58,54,0.0689655
22173,58,54,0.0689655
22179,58,54,0.0689655
22183,58,54,0.0689655
22189,58,54,0.0689655
22195,58,54,0.0689655
22200,58,54,0.0689655
22206,58,54,0.0689655
22211,58,54,0.0689655
22214,58,54,0.0689655
22218,58,54,0.0689655
22224,58,54,0.0689655
22235,58,54,0.0689655
22242,58,54,0.0689655
22248,58,54,0.0689655
22255,58,54,0.0689655
22260,58,54,0.0689655
22268,58,54,0.0689655
22274,58,54,0.0689655
22281,58,54,0.0689655
22288,58,54,0.0689655
22295,58,54,0.0689655
22303,58,54,0.0689655
22310,58,54,0.0689655
22317,58,54,0.0689655
22322,58,54,0.0689655
22328,58,54,0.0689655
22334,58,54,0.0689655
22340,58,54,0.0689655
22347,58,54,0.0689655
22354,58,54,0.0689655
22361,58,54,0.0689655
22366,58,54,0.0689655
22371,58,54,0.0689655
22377,58,54,0.0689655
22382,58,54,0.0689655
22389,58,54,0.0689655
22394,58,54,0.0689655
22400,58,54,0.0689655
22405,58,54,0.0689655
22411,58,54,0.0689655
22417,58,54,0.0689655
22422,58,54,0.0689655
22427,58,54,0.0689655
22432,58,54,0.0689655
22434,58,54,0.0689655
22440,58,54,0.0689655
22445,58,54,0.0689655
22451,58,54,0.0689655
22456,58,54,0.0689655
22462,58,54,0.0689655
22468,58,54,0.0689655
22472,58,54,0.0689655
22479,58,54,0.0689655
22483,58,54,0.0689655
22489,58,54,0.0689655
22495,58,54,0.0689655
22501,58,54,0.0689655
22507,58,54,0.0689655
22513,58,54,0.0689655
22518,58,54,0.0689655
22523,58,54,0.0689655
22529,58,54,0.0689655
22534,58,54,0.0689655
22539,58,54,0.0689655
22543,58,54,0.0689655
22546,58,54,0.0689655
22549,58,54,0.0689655
22553,58,54,0.0689655
22557,58,54,0.0689655
22562,58,54,0.0689655
22567,58,54,0.0689655
22572,58,54,0.0689655
22577,58,54,0.0689655
22581,58,54,0.0689655
22588,58,54,0.0689655
22593,58,54,0.0689655
22599,58,54,0.0689655
22606,58,54,0.0689655
22613,58,54,0.0689655
22618,58,54,0.0689655
22623,58,54,0.0689655
22628,58,54,0.0689655
22632,58,54,0.0689655
22638,58,54,0.0689655
22642,58,54,0.0689655
22645,58,54,0.0689655
22651,58,54,0.0689655
22655,58,54,0.0689655
22658,58,54,0.0689655
22662,58,54,0.0689655
22668,58,54,0.0689655
22674,58,54,0.0689655
22679,58,54,0.0689655
22683,58,54,0.0689655
22690,58,54,0.0689655
22695,58,54,0.0689655
22700,58,54,0.0689655
22705,58,54,0.0689655
22711,58,54,0.0689655
22718,58,54,0.0689655
22721,58,54,0.0689655
22727,58,54,0.0689655
22733,58,54,0.0689655
22738,58,54,0.0689655
22742,58,54,0.0689655
22747,58,54,0.0689655
22754,58,54,0.0689655
22758,58,54,0.0689655
22763,58,54,0.0689655
22767,58,54,0.0689655
22773,58,54,0.0689655
22778,58,54,0.0689655
22783,58,54,0.0689655
22788,58,54,0.0689655
22792,58,54,0.0689655
22796,58,54,0.0689655
22800,58,54,0.0689655
22804,58,54,0.0689655
22809,58,54,0.0689655
22814,58,54,0.0689655
22818,58,54,0.0689655
22823,58,54,0.0689655
22829,58,54,0.0689655
22836,58,54,0.0689655
22840,58,54,0.0689655
22845,58,54,0.0689655
22850,58,54,0.0689655
22856,58,54,0.0689655
22863,58,54,0.0689655
22868,58,54,0.0689655
22873,58,54,0.0689655
22877,58,54,0.0689655
22880,58,54,0.0689655
22885,58,54,0.0689655
22889,58,54,0.0689655
22894,58,54,0.0689655
22899,58,54,0.0689655
22902,58,54,0.0689655
22907,58,54,0.0689655
22912,58,54,0.0689655
22917,58,54,0.0689655
22922,58,54,0.0689655
22927,58,54,0.0689655
22934,58,54,0.0689655
22941,58,54,0.0689655
22947,58,54,0.0689655
22952,58,54,0.0689655
22957,58,54,0.0689655
22962,58,54,0.0689655
22967,58,54,0.0689655
22972,58,54,0.0689655
22978,58,54,0.0689655
22982,58,54,0.0689655
22987,58,54,0.0689655
22989,58,54,0.0689655
22993,58,54,0.0689655
22997,58,54,0.0689655
23003,58,54,0.0689655
23007,58,54,0.0689655
23011,58,54,0.0689655
23015,58,54,0.0689655
23021,58,54,0.0689655
23027,58,54,0.0689655
23032,58,54,0.0689655
23038,58,54,0.0689655
23043,58,54,0.0689655
23048,58,54,0.0689655
23053,58,54,0.0689655
23059,58,54,0.0689655
23065,58,54,0.0689655
23070,58,54,0.0689655
23073,58,54,0.0689655
23078,58,54,0.0689655
23083,58,54,0.0689655
23089,58,54,0.0689655
23095,58,54,0.0689655
23102,58,54,0.0689655
23107,58,54,0.0689655
23112,58,54,0.0689655
23118,58,54,0.0689655
23124,58,54,0.0689655
23127,58,54,0.0689655
23132,58,54,0.0689655
23139,58,54,0.0689655
23146,58,54,0.0689655
23152,58,54,0.0689655
23159,58,54,0.0689655
23166,58,54,0.0689655
23171,58,54,0.0689655
23175,58,54,0.0689655
23181,58,54,0.0689655
23187,58,54,0.0689655
23192,58,54,0.0689655
23197,58,54,0.0689655
23203,58,54,0.0689655
23210,58,54,0.0689655
23217,58,54,0.0689655
23222,58,54,0.0689655
23227,58,54,0.0689655
23232,58,54,0.0689655
23237,58,54,0.0689655
23242,58,54,0.0689655
23247,58,54,0.0689655
23252,58,54,0.0689655
23257,58,54,0.0689655
23263,58,54,0.0689655
23269,58,54,0.0689655
23274,58,54,0.0689655
23279,58,54,0.0689655
23283,58,54,0.0689655
23288,58,54,0.0689655
23295,58,54,0.0689655
23300,58,54,0.0689655
23306,58,54,0.0689655
23313,58,54,0.0689655
23318,58,54,0.0689655
23325,58,54,0.0689655
23330,58,54,0.0689655
23335,58,54,0.0689655
23341,58,54,0.0689655
23346,58,54,0.0689655
23353,58,54,0.0689655
23357,58,54,0.0689655
23363,58,54,0.0689655
23367,58,54,0.0689655
23373,58,54,0.0689655
23379,58,54,0.0689655
23385,58,54,0.0689655
23390,58,54,0.0689655
23395,58,54,0.0689655
23399,58,54,0.0689655
23406,58,54,0.0689655
23413,58,54,0.0689655
23417,58,54,0.0689655
23423,58,54,0.0689655
23428,58,54,0.0689655
23433,58,54,0.0689655
23437,58,54,0.0689655
23442,58,54,0.0689655
23448,58,54,0.0689655
23454,58,54,0.0689655
23459,58,54,0.0689655
23463,58,54,0.0689655
23469,58,54,0.0689655
23476,58,54,0.0689655
23483,58,54,0.0689655
23490,58,54,0.0689655
23496,58,54,0.0689655
23501,58,54,0.0689655
23506,58,54,0.0689655
23512,58,54,0.0689655
23516,58,54,0.0689655
23521,58,54,0.0689655
23527,58,54,0.0689655
23533,58,54,0.0689655
23538,58,54,0.0689655
23542,58,54,0.0689655
23549,58,54,0.0689655
23555,58,54,0.0689655
23562,58,54,0.0689655
23568,58,54,0.0689655
23574,58,54,0.0689655
23579,58,54,0.0689655
23584,58,54,0.0689655
23587,58,54,0.0689655
23590,58,54,0.0689655
23593,58,54,0.0689655
23598,58,54,0.0689655
23603,58,54,0.0689655
23610,58,54,0.0689655
23615,58,54,0.0689655
23620,58,54,0.0689655
23624,58,54,0.0689655
23631,58,54,0.0689655
23636,58,54,0.0689655
23639,58,54,0.0689655
23644,58,54,0.0689655
23648,58,54,0.0689655
23653,58,54,0.0689655
23660,58,54,0.0689655
23665,58,54,0.0689655
23668,58,54,0.0689655
23672,58,54,0.0689655
23677,58,54,0.0689655
23683,58,54,0.0689655
23688,58,54,0.0689655
23695,58,54,0.0689655
23702,58,54,0.0689655
23710,58,54,0.0689655
23716,58,54,0.0689655
23723,58,54,0.0689655
23730,58,54,0.0689655
23737,58,54,0.0689655
23745,58,54,0.0689655
23752,58,54,0.0689655
23758,58,54,0.0689655
23766,58,54,0.0689655
23772,58,54,0.0689655
23777,58,54,0.0689655
23784,58,54,0.0689655
23791,58,54,0.0689655
23796,58,54,0.0689655
23801,58,54,0.0689655
23807,58,54,0.0689655
23811,58,54,0.0689655
23816,58,54,0.0689655
23821,58,54,0.0689655
23828,58,54,0.0689655
23835,58,54,0.0689655
23840,58,54,0.0689655
23844,58,54,0.0689655
23850,58,54,0.0689655
23854,58,54,0.0689655
23861,58,54,0.0689655
23865,58,54,0.0689655
23872,58,54,0.0689655
23878,58,54,0.0689655
23884,58,54,0.0689655
23892,58,54,0.0689655
23900,58,54,0.0689655
23908,58,54,0.0689655
23915,58,54,0.0689655
23922,58,54,0.0689655
23928,58,54,0.0689655
23933,58,54,0.0689655
23937,58,54,0.0689655
23943,58,54,0.0689655
23947,58,54,0.0689655
23952,58,54,0.0689655
23957,58,54,0.0689655
23964,58,54,0.0689655
23971,58,54,0.0689655
23978,58,54,0.0689655
23983,58,54,0.0689655
23989,58,54,0.0689655
23993,58,54,0.0689655
23997,58,54,0.0689655
24003,58,54,0.0689655
24010,58,54,0.0689655
24013,58,54,0.0689655
24018,58,54,0.0689655
24022,58,54,0.0689655
24026,58,54,0.0689655
24030,58,54,0.0689655
24036,58,54,0.0689655
24043,58,54,0.0689655
24049,58,54,0.0689655
24053,58,54,0.0689655
24058,58,54,0.0689655
24065,58,54,0.0689655
24071,58,54,0.0689655
24078,58,54,0.0689655
24082,58,54,0.0689655
24084,58,54,0.0689655
24089,58,54,0.0689655
24095,58,54,0.0689655
24102,58,54,0.0689655
24107,58,54,0.0689655
24112,58,54,0.0689655
24117,58,54,0.0689655
24122,58,54,0.0689655
24127,58,54,0.0689655
24133,58,54,0.0689655
24140,58,54,0.0689655
24144,58,54,0.0689655
24150,58,54,0.0689655
24156,58,54,0.0689655
24160,58,54,0.0689655
24167,58,54,0.0689655
24174,58,54,0.0689655
24181,58,54,0.0689655
24186,58,54,0.0689655
24192,58,54,0.0689655
24198,58,54,0.0689655
24203,58,54,0.0689655
24210,58,54,0.0689655
24215,58,54,0.0689655
24220,58,54,0.0689655
24225,58,54,0.0689655
24231,58,54,0.0689655
24237,58,54,0.0689655
24242,58,54,0.0689655
24248,58,54,0.0689655
24254,58,54,0.0689655
24260,58,54,0.0689655
24263,58,54,0.0689655
24267,58,54,0.0689655
24274,58,54,0.0689655
24280,58,54,0.0689655
24286,58,54,0.0689655
24291,58,54,0.0689655
24299,58,54,0.0689655
24306,58,54,0.0689655
24314,58,54,0.0689655
24322,58,54,0.0689655
24327,58,54,0.0689655
24330,58,54,0.0689655
24336,58,54,0.0689655
24339,58,54,0.0689655
24345,58,54,0.0689655
24352,58,54,0.0689655
24357,58,54,0.0689655
24363,58,54,0.0689655
24368,58,54,0.0689655
24371,58,54,0.0689655
24376,58,54,0.0689655
24380,58,54,0.0689655
24386,58,54,0.0689655
24392,58,54,0.0689655
24394,58,54,0.0689655
24399,58,54,0.0689655
24405,58,54,0.0689655
24411,58,54,0.0689655
24417,58,54,0.0689655
24422,58,54,0.0689655
24426,58,54,0.0689655
24432,58,54,0.0689655
24439,58,54,0.0689655
24444,58,54,0.0689655
24450,58,54,0.0689655
24455,58,54,0.0689655
24460,58,54,0.0689655
24465,58,54,0.0689655
24472,58,54,0.0689655
24477,58,54,0.0689655
24483,58,54,0.0689655
24488,58,54,0.0689655
24494,58,54,0.0689655
24500,58,54,0.0689655
24506,58,54,0.0689655
24513,58,54,0.0689655
24521,58,54,0.0689655
24529,58,54,0.0689655
24537,58,54,0.0689655
24543,58,54,0.0689655
24549,58,54,0.0689655
24553,58,54,0.0689655
24560,58,54,0.0689655
24566,58,54,0.0689655
24571,58,54,0.0689655
24577,58,54,0.0689655
24584,58,54,0.0689655
24590,58,54,0.0689655
24596,58,54,0.0689655
24602,58,54,0.0689655
24608,58,54,0.0689655
24614,58,54,0.0689655
24620,58,54,0.0689655
24626,58,54,0.0689655
24631,58,54,0.0689655
24639,58,54,0.0689655
24646,58,54,0.0689655
24651,58,54,0.0689655
24658,58,54,0.0689655
24665,58,54,0.0689655
24670,58,54,0.0689655
24676,58,54,0.0689655
24684,58,54,0.0689655
24691,58,54,0.0689655
24698,58,54,0.0689655
24704,58,54,0.0689655
24709,58,54,0.0689655
24716,58,54,0.0689655
24723,58,54,0.0689655
24729,58,54,0.0689655
24734,58,54,0.0689655
24740,58,54,0.0689655
24747,58,54,0.0689655
24753,58,54,0.0689655
24760,58,54,0.0689655
24766,58,54,0.0689655
24773,58,54,0.0689655
24777,58,54,0.0689655
24781,58,54,0.0689655
24788,58,54,0.0689655
24796,58,54,0.0689655
24803,58,54,0.0689655
24809,58,54,0.0689655
24815,58,54,0.0689655
24823,58,54,0.0689655
24828,58,54,0.0689655
24834,58,54,0.0689655
24841,58,54,0.0689655
24846,58,54,0.0689655
24850,58,54,0.0689655
24855,58,54,0.0689655
24859,58,54,0.0689655
24864,58,54,0.0689655
24870,58,54,0.0689655
24874,58,54,0.0689655
24878,58,54,0.0689655
24885,58,54,0.0689655
24890,58,54,0.0689655
24896,58,54,0.0689655
24904,58,54,0.0689655
24910,58,54,0.0689655
24915,58,54,0.0689655
24918,58,54,0.0689655
24921,58,54,0.0689655
24928,58,54,0.0689655
24933,58,54,0.0689655
24937,58,54,0.0689655
24943,58,54,0.0689655
24948,58,54,0.0689655
24953,58,54,0.0689655
24960,58,54,0.0689655
24963,58,54,0.0689655
24969,58,54,0.0689655
24973,58,54,0.0689655
24978,58,54,0.0689655
24985,58,54,0.0689655
24989,58,54,0.0689655
24994,58,54,0.0689655
24999,58,54,0.0689655
25003,58,54,0.0689655
25010,58,54,0.0689655
25016,58,54,0.0689655
25023,58,54,0.0689655
25028,58,54,0.0689655
25032,58,54,0.0689655
25039,58,54,0.0689655
25045,58,54,0.0689655
25052,58,54,0.0689655
25058,58,54,0.0689655
25064,58,54,0.0689655
25069,58,54,0.0689655
25075,58,54,0.0689655
25081,58,54,0.0689655
25088,58,54,0.0689655
25093,58,54,0.0689655
25101,58,54,0.0689655
25106,58,54,0.0689655
25111,58,54,0.0689655
25118,58,54,0.0689655
25124,58,54,0.0689655
25128,58,54,0.0689655
25133,58,54,0.0689655
25140,58,54,0.0689655
25145,58,54,0.0689655
25153,58,54,0.0689655
25160,58,54,0.0689655
25167,58,54,0.0689655
25173,58,54,0.0689655
25179,58,54,0.0689655
25184,58,54,0.0689655
25187,58,54,0.0689655
25193,58,54,0.0689655
25200,58,54,0.0689655
25205,58,54,0.0689655
25211,58,54,0.0689655
25216,58,54,0.0689655
25223,58,54,0.0689655
25227,58,54,0.0689655
25232,58,54,0.0689655
25236,58,54,0.0689655
25242,58,54,0.0689655
25249,58,54,0.0689655
25256,58,54,0.0689655
25264,58,54,0.0689655
25269,58,54,0.0689655
25275,58,54,0.0689655
25281,58,54,0.0689655
25289,58,54,0.0689655
25294,58,54,0.0689655
25301,58,54,0.0689655
25307,58,54,0.0689655
25313,58,54,0.0689655
25318,58,54,0.0689655
25322,58,54,0.0689655
25327,58,54,0.0689655
25333,58,54,0.0689655
25338,58,54,0.0689655
25344,58,54,0.0689655
25350,58,54,0.0689655
25357,58,54,0.0689655
25363,58,54,0.0689655
25370,58,54,0.0689655
25374,58,54,0.0689655
25381,58,54,0.0689655
25386,58,54,0.0689655
25391,58,54,0.0689655
25396,58,54,0.0689655
25400,58,54,0.0689655
25407,58,54,0.0689655
25415,58,54,0.0689655
25423,58,54,0.0689655
25429,58,54,0.0689655
25435,58,54,0.0689655
25440,58,54,0.0689655
25447,58,54,0.0689655
25453,58,54,0.0689655
25459,58,54,0.0689655
25465,58,54,0.0689655
25470,58,54,0.0689655
25476,58,54,0.0689655
25483,58,54,0.0689655
25490,58,54,0.0689655
25497,58,54,0.0689655
25504,58,54,0.0689655
25510,58,54,0.0689655
25518,58,54,0.0689655
25523,58,54,0.0689655
25528,58,54,0.0689655
25536,58,54,0.0689655
25544,58,54,0.0689655
25551,58,54,0.0689655
25558,58,54,0.0689655
25566,58,54,0.0689655
25573,58,54,0.0689655
25580,58,54,0.0689655
25586,58,54,0.0689655
25591,58,54,0.0689655
25599,58,54,0.0689655
25605,58,54,0.0689655
25612,58,54,0.0689655
25618,58,54,0.0689655
25624,58,54,0.0689655
25630,58,54,0.0689655
25637,58,54,0.0689655
25642,58,54,0.0689655
25650,58,54,0.0689655
25657,58,54,0.0689655
25662,58,54,0.0689655
25670,58,54,0.0689655
25675,58,54,0.0689655
25683,58,54,0.0689655
25691,58,54,0.0689655
25699,58,54,0.0689655
25705,58,54,0.0689655
25712,58,54,0.0689655
25719,58,54,0.0689655
25724,58,54,0.0689655
25728,58,54,0.0689655
25736,58,54,0.0689655
25741,58,54,0.0689655
25748,58,54,0.0689655
25753,58,54,0.0689655
25758,58,54,0.0689655
25765,58,54,0.0689655
25771,58,54,0.0689655
25777,58,54,0.0689655
25782,58,54,0.0689655
25789,58,54,0.0689655
25794,58,54,0.0689655
25799,58,54,0.0689655
25803,58,54,0.0689655
25807,58,54,0.0689655
25814,58,54,0.0689655
25820,58,54,0.0689655
25826,58,54,0.0689655
25834,58,54,0.0689655
25840,58,54,0.0689655
25847,58,54,0.0689655
25855,58,54,0.0689655
25860,58,54,0.0689655
25864,58,54,0.0689655
25871,58,54,0.0689655
25879,58,54,0.0689655
25886,58,54,0.0689655
25892,58,54,0.0689655
25898,58,54,0.0689655
25904,58,54,0.0689655
25911,58,54,0.0689655
25917,58,54,0.0689655
25923,58,54,0.0689655
25929,58,54,0.0689655
25937,58,54,0.0689655
25945,58,54,0.0689655
25952,58,54,0.0689655
25959,58,54,0.0689655
25966,58,54,0.0689655
25972,58,54,0.0689655
25976,58,54,0.0689655
25984,58,54,0.0689655
25989,58,54,0.0689655
25993,58,54,0.0689655
25999,58,54,0.0689655
26005,58,54,0.0689655
26010,58,54,0.0689655
26014,58,54,0.0689655
26022,58,54,0.0689655
26029,58,54,0.0689655
26037,58,54,0.0689655
26044,58,54,0.0689655
26049,58,54,0.0689655
26057,58,54,0.0689655
26063,58,54,0.0689655
26068,58,54,0.0689655
26073,58,54,0.0689655
26081,58,54,0.0689655
26089,58,54,0.0689655
26094,58,54,0.0689655
26101,58,54,0.0689655
26107,58,54,0.0689655
26113,58,54,0.0689655
26117,58,54,0.0689655
26124,58,54,0.0689655
26132,58,54,0.0689655
26140,58,54,0.0689655
26147,58,54,0.0689655
26154,58,54,0.0689655
26159,58,54,0.0689655
26166,58,54,0.0689655
26173,58,54,0.0689655
26180,58,54,0.0689655
26187,58,54,0.0689655
26195,58,54,0.0689655
26202,58,54,0.0689655
26209,58,54,0.0689655
26216,58,54,0.0689655
26223,58,54,0.0689655
26227,58,54,0.0689655
26232,58,54,0.0689655
26240,58,54,0.0689655
26245,58,54,0.0689655
26253,58,54,0.0689655
26259,58,54,0.0689655
26263,58,54,0.0689655
26269,58,54,0.0689655
26277,58,54,0.0689655
26284,58,54,0.0689655
26290,58,54,0.0689655
26295,58,54,0.0689655
26300,58,54,0.0689655
26306,58,54,0.0689655
26312,58,54,0.0689655
26315,58,54,0.0689655
26320,58,54,0.0689655
26327,58,54,0.0689655
26335,58,54,0.0689655
26341,58,54,0.0689655
26347,58,54,0.0689655
26351,58,54,0.0689655
26357,58,54,0.0689655
26364,58,54,0.0689655
26371,58,54,0.0689655
26377,58,54,0.0689655
26384,58,54,0.0689655
26388,58,54,0.0689655
26393,58,54,0.0689655
26397,58,54,0.0689655
26402,58,54,0.0689655
26410,58,54,0.0689655
26416,58,54,0.0689655
26424,58,54,0.0689655
26432,58,54,0.0689655
26439,58,54,0.0689655
26446,58,54,0.0689655
26451,58,54,0.0689655
26456,58,54,0.0689655
26464,58,54,0.0689655
26478,58,54,0.0689655
26486,58,54,0.0689655
26494,58,54,0.0689655
26499,58,54,0.0689655
26506,58,54,0.0689655
26510,58,54,0.0689655
26517,58,54,0.0689655
26521,58,54,0.0689655
26529,58,54,0.0689655
26537,58,54,0.0689655
26543,58,54,0.0689655
26547,58,54,0.0689655
26552,58,54,0.0689655
26558,58,54,0.0689655
26566,58,54,0.0689655
26573,58,54,0.0689655
26579,58,54,0.0689655
26583,58,54,0.0689655
26588,58,54,0.0689655
26595,58,54,0.0689655
26602,58,54,0.0689655
26605,58,54,0.0689655
26611,58,54,0.0689655
26618,58,54,0.0689655
26622,58,54,0.0689655
26627,58,54,0.0689655
26633,58,54,0.0689655
26639,58,54,0.0689655
26645,58,54,0.0689655
26653,58,54,0.0689655
26660,58,54,0.0689655
26665,58,54,0.0689655
26673,58,54,0.0689655
26681,58,54,0.0689655
26686,58,54,0.0689655
26690,58,54,0.0689655
26696,58,54,0.0689655
26701,58,54,0.0689655
26707,58,54,0.0689655
26714,58,54,0.0689655
26722,58,54,0.0689655
26729,58,54,0.0689655
26736,58,54,0.0689655
26743,58,54,0.0689655
26751,58,54,0.0689655
26759,58,54,0.0689655
26767,58,54,0.0689655
26774,58,54,0.0689655
26780,58,54,0.0689655
26788,58,54,0.0689655
26794,58,54,0.0689655
26798,58,54,0.0689655
26803,58,54,0.0689655
26810,58,54,0.0689655
26815,58,54,0.0689655
26820,58,54,0.0689655
26826,58,54,0.0689655
26833,58,54,0.0689655
26840,58,54,0.0689655
26848,58,54,0.0689655
26855,58,54,0.0689655
26861,58,54,0.0689655
26867,58,54,0.0689655
26874,58,54,0.0689655
26879,58,54,0.0689655
26884,58,54,0.0689655
26889,58,54,0.0689655
26893,58,54,0.0689655
26897,58,54,0.0689655
26902,58,54,0.0689655
26907,58,54,0.0689655
26914,58,54,0.0689655
26918,58,54,0.0689655
26926,58,54,0.0689655
26933,58,54,0.0689655
26940,58,54,0.0689655
26948,58,54,0.0689655
26953,58,54,0.0689655
26961,58,54,0.0689655
26968,58,54,0.0689655
26975,58,54,0.0689655
26981,58,54,0.0689655
26987,58,54,0.0689655
26994,58,54,0.0689655
27001,58,54,0.0689655
27009,58,54,0.0689655
27016,58,54,0.0689655
27024,58,54,0.0689655
27029,58,54,0.0689655
27035,58,54,0.0689655
27042,58,54,0.0689655
27050,58,54,0.0689655
27058,58,54,0.0689655
27066,58,54,0.0689655
27074,58,54,0.0689655
27082,58,54,0.0689655
27090,58,54,0.0689655
27095,58,54,0.0689655
27098,58,54,0.0689655
27104,58,54,0.0689655
27111,58,54,0.0689655
27116,58,54,0.0689655
27123,58,54,0.0689655
27130,58,54,0.0689655
27137,58,54,0.0689655
27144,58,54,0.0689655
27152,58,54,0.0689655
27160,58,54,0.0689655
27168,58,54,0.0689655
27176,58,54,0.0689655
27184,58,54,0.0689655
27189,58,54,0.0689655
27195,58,54,0.0689655
27203,58,54,0.0689655
27210,58,54,0.0689655
27214,58,54,0.0689655
27219,58,54,0.0689655
27225,58,54,0.0689655
27231,58,54,0.0689655
27239,58,54,0.0689655
27245,58,54,0.0689655
27250,58,54,0.0689655
27256,58,54,0.0689655
27263,58,54,0.0689655
27268,58,54,0.0689655
27275,58,54,0.0689655
27282,58,54,0.0689655
27290,58,54,0.0689655
27298,58,54,0.0689655
27305,58,54,0.0689655
27310,58,54,0.0689655
27316,58,54,0.0689655
27321,58,54,0.0689655
27327,58,54,0.0689655
27332,58,54,0.0689655
27338,58,54,0.0689655
27345,58,54,0.0689655
27351,58,54,0.0689655
27356,58,54,0.0689655
27363,58,54,0.0689655
27367,58,54,0.0689655
27373,58,54,0.0689655
27378,58,54,0.0689655
27386,58,54,0.0689655
27391,58,54,0.0689655
27398,58,54,0.0689655
27405,58,54,0.0689655
27410,58,54,0.0689655
27415,58,54,0.0689655
27421,58,54,0.0689655
27426,58,54,0.0689655
27433,58,54,0.0689655
27439,58,54,0.0689655
27443,58,54,0.0689655
27449,58,54,0.0689655
27454,58,54,0.0689655
27459,58,54,0.0689655
27465,58,54,0.0689655
27468,58,54,0.0689655
27472,58,54,0.0689655
27479,58,54,0.0689655
27485,58,54,0.0689655
27491,58,54,0.0689655
27496,58,54,0.0689655
27501,58,54,0.0689655
27508,58,54,0.0689655
27515,58,54,0.0689655
27520,58,54,0.0689655
27525,58,54,0.0689655
27533,58,54,0.0689655
27540,58,54,0.0689655
27548,58,54,0.0689655
27556,58,54,0.0689655
27564,58,54,0.0689655
27570,58,54,0.0689655
27576,58,54,0.0689655
27583,58,54,0.0689655
27589,58,54,0.0689655
27595,58,54,0.0689655
27603,58,54,0.0689655
27611,58,54,0.0689655
27618,58,54,0.0689655
27624,58,54,0.0689655
27631,58,54,0.0689655
27638,58,54,0.0689655
27646,58,54,0.0689655
27653,58,54,0.0689655
27659,58,54,0.0689655
27666,58,54,0.0689655
27673,58,54,0.0689655
27680,58,54,0.0689655
27685,58,54,0.0689655
27693,58,54,0.0689655
27700,58,54,0.0689655
27704,58,54,0.0689655
27712,58,54,0.0689655
27719,58,54,0.0689655
27727,58,54,0.0689655
27734,58,54,0.0689655
27741,58,54,0.0689655
27748,58,54,0.0689655
27755,58,54,0.0689655
27760,58,54,0.0689655
27768,58,54,0.0689655
27775,58,54,0.0689655
27781,58,54,0.0689655
27787,58,54,0.0689655
27794,58,54,0.0689655
27800,58,54,0.0689655
27804,58,54,0.0689655
27808,58,54,0.0689655
27813,58,54,0.0689655
27820,58,54,0.0689655
27828,58,54,0.0689655
27834,58,54,0.0689655
27839,58,54,0.0689655
27843,58,54,0.0689655
27850,58,54,0.0689655
27856,58,54,0.0689655
27861,58,54,0.0689655
27867,58,54,0.0689655
27872,58,54,0.0689655
27876,58,54,0.0689655
27882,58,54,0.0689655
27888,58,54,0.0689655
27895,58,54,0.0689655
27899,58,54,0.0689655
27905,58,54,0.0689655
27913,58,54,0.0689655
27919,58,54,0.0689655
27925,58,54,0.0689655
27933,58,54,0.0689655
27939,58,54,0.0689655
27947,58,54,0.0689655
27954,58,54,0.0689655
27960,58,54,0.0689655
27967,58,54,0.0689655
27974,58,54,0.0689655
27982,58,54,0.0689655
27989,58,54,0.0689655
27994,58,54,0.0689655
28000,58,54,0.0689655
28006,58,54,0.0689655
28012,58,54,0.0689655
28020,58,54,0.0689655
28028,58,54,0.0689655
28036,58,54,0.0689655
28044,58,54,0.0689655
28052,58,54,0.0689655
28061,58,54,0.0689655
28069,58,54,0.0689655
28077,58,54,0.0689655
28084,58,54,0.0689655
28090,58,54,0.0689655
28097,58,54,0.0689655
28105,58,54,0.0689655
28109,58,54,0.0689655
28114,58,54,0.0689655
28121,58,54,0.0689655
28125,58,54,0.0689655
28131,58,54,0.0689655
28137,58,54,0.0689655
28143,58,54,0.0689655
28148,58,54,0.0689655
28156,58,54,0.0689655
28163,58,54,0.0689655
28171,58,54,0.0689655
28176,58,54,0.0689655
28183,58,54,0.0689655
28191,58,54,0.0689655
28197,58,54,0.0689655
28205,58,54,0.0689655
28214,58,54,0.0689655
28222,58,54,0.0689655
28229,58,54,0.0689655
28237,58,54,0.0689655
28245,58,54,0.0689655
28252,58,54,0.0689655
28258,58,54,0.0689655
28263,58,54,0.0689655
28271,58,54,0.0689655
28279,58,54,0.0689655
28283,58,54,0.0689655
28290,58,54,0.0689655
28295,58,54,0.0689655
28301,58,54,0.0689655
28305,58,54,0.0689655
28311,58,54,0.0689655
28317,58,54,0.0689655
28323,58,54,0.0689655
28329,58,54,0.0689655
28335,58,54,0.0689655
28342,58,54,0.0689655
28350,58,54,0.0689655
28357,58,54,0.0689655
28363,58,54,0.0689655
28370,58,54,0.0689655
28374,58,54,0.0689655
28379,58,54,0.0689655
28384,58,54,0.0689655
28391,58,54,0.0689655
28396,58,54,0.0689655
28399,58,54,0.0689655
28406,58,54,0.0689655
28410,58,54,0.0689655
28415,58,54,0.0689655
28422,58,54,0.0689655
28430,58,54,0.0689655
28436,58,54,0.0689655
28443,58,54,0.0689655
28451,58,54,0.0689655
28458,58,54,0.0689655
28464,58,54,0.0689655
28468,58,54,0.0689655
28474,58,54,0.0689655
28479,58,54,0.0689655
28484,58,54,0.0689655
28489,58,54,0.0689655
28494,58,54,0.0689655
28499,58,54,0.0689655
28505,58,54,0.0689655
28512,58,54,0.0689655
28517,58,54,0.0689655
28523,58,54,0.0689655
28527,58,54,0.0689655
28531,58,54,0.0689655
28536,58,54,0.0689655
28542,58,54,0.0689655
28549,58,54,0.0689655
28557,58,54,0.0689655
28562,58,54,0.0689655
28567,58,54,0.0689655
28573,58,54,0.0689655
28580,58,54,0.0689655
28585,58,54,0.0689655
28590,58,54,0.0689655
28596,58,54,0.0689655
28601,58,54,0.0689655
28606,58,54,0.0689655
28612,58,54,0.0689655
28620,58,54,0.0689655
28626,58,54,0.0689655
28633,58,54,0.0689655
28641,58,54,0.0689655
28649,58,54,0.0689655
28655,58,54,0.0689655
28661,58,54,0.0689655
28665,58,54,0.0689655
28673,58,54,0.0689655
28678,58,54,0.0689655
28685,58,54,0.0689655
28692,58,54,0.0689655
28700,58,54,0.0689655
28708,58,54,0.0689655
28716,58,54,0.0689655
28724,58,54,0.0689655
28732,58,54,0.0689655
28737,58,54,0.0689655
28742,58,54,0.0689655
28747,58,54,0.0689655
28753,58,54,0.0689655
28759,58,54,0.0689655
28765,58,54,0.0689655
28769,58,54,0.0689655
28773,58,54,0.0689655
28778,58,54,0.0689655
28783,58,54,0.0689655
28788,58,54,0.0689655
28795,58,54,0.0689655
28804,58,54,0.0689655
28811,58,54,0.0689655
28817,58,54,0.0689655
28823,58,54,0.0689655
28831,58,54,0.0689655
28838,58,54,0.0689655
28845,58,54,0.0689655
28849,58,54,0.0689655
28856,58,54,0.0689655
28864,58,54,0.0689655
28873,58,54,0.0689655
28881,58,54,0.0689655
28888,58,54,0.0689655
28894,58,54,0.0689655
28901,58,54,0.0689655
28908,58,54,0.0689655
28912,58,54,0.0689655
28918,58,54,0.0689655
28923,58,54,0.0689655
28931,58,54,0.0689655
28939,58,54,0.0689655
28945,58,54,0.0689655
28951,58,54,0.0689655
28956,58,54,0.0689655
28963,58,54,0.0689655
28970,58,54,0.0689655
28978,58,54,0.0689655
28984,58,54,0.0689655
28992,58,54,0.0689655
28998,58,54,0.0689655
29004,58,54,0.0689655
29010,58,54,0.0689655
29017,58,54,0.0689655
29024,58,54,0.0689655
29033,58,54,0.0689655
29040,58,54,0.0689655
29048,58,54,0.0689655
29054,58,54,0.0689655
29060,58,54,0.0689655
29065,58,54,0.0689655
29074,58,54,0.0689655
29082,58,54,0.0689655
29090,58,54,0.0689655
29095,58,54,0.0689655
29100,58,54,0.0689655
29105,58,54,0.0689655
29111,58,54,0.0689655
29115,58,54,0.0689655
29123,58,54,0.0689655
29129,58,54,0.0689655
29134,58,54,0.0689655
29142,58,54,0.0689655
29149,58,54,0.0689655
29158,58,54,0.0689655
29165,58,54,0.0689655
29171,58,54,0.0689655
29176,58,54,0.0689655
29182,58,54,0.0689655
29188,58,54,0.0689655
29195,58,54,0.0689655
29202,58,54,0.0689655
29209,58,54,0.0689655
29216,58,54,0.0689655
29223,58,54,0.0689655
29228,58,54,0.0689655
29236,58,54,0.0689655
29243,58,54,0.0689655
29249,58,54,0.0689655
29257,58,54,0.0689655
29265,58,54,0.0689655
29273,58,54,0.0689655
29280,58,54,0.0689655
29288,58,54,0.0689655
29295,58,54,0.0689655
29301,58,54,0.0689655
29308,58,54,0.0689655
29317,58,54,0.0689655
29322,58,54,0.0689655
29326,58,54,0.0689655
29332,58,54,0.0689655
29340,58,54,0.0689655
29349,58,54,0.0689655
29358,58,54,0.0689655
29366,58,54,0.0689655
29373,58,54,0.0689655
29378,58,54,0.0689655
29383,58,54,0.0689655
29389,58,54,0.0689655
29395,58,54,0.0689655
29402,58,54,0.0689655
29408,58,54,0.0689655
29415,58,54,0.0689655
29424,58,54,0.0689655
29432,58,54,0.0689655
29441,58,54,0.0689655
29447,58,54,0.0689655
29455,58,54,0.0689655
29461,58,54,0.0689655
29467,58,54,0.0689655
29474,58,54,0.0689655
29481,58,54,0.0689655
29487,58,54,0.0689655
29492,58,54,0.0689655
29497,58,54,0.0689655
29503,58,54,0.0689655
29509,58,54,0.0689655
29516,58,54,0.0689655
29523,58,54,0.0689655
29529,58,54,0.0689655
29535,58,54,0.0689655
29542,58,54,0.0689655
29549,58,54,0.0689655
29554,58,54,0.0689655
29562,58,54,0.0689655
29567,58,54,0.0689655
29574,58,54,0.0689655
29583,58,54,0.0689655
29590,58,54,0.0689655
29597,58,54,0.0689655
29603,58,54,0.0689655
29611,58,54,0.0689655
29619,58,54,0.0689655
29625,58,54,0.0689655
29629,58,54,0.0689655
29636,58,54,0.0689655
29644,58,54,0.0689655
29651,58,54,0.0689655
29657,58,54,0.0689655
29664,58,54,0.0689655
29672,58,54,0.0689655
29677,58,54,0.0689655
29684,58,54,0.0689655
29689,58,54,0.0689655
29697,58,54,0.0689655
29701,58,54,0.0689655
29709,58,54,0.0689655
29717,58,54,0.0689655
29723,58,54,0.0689655
29730,58,54,0.0689655
29737,58,54,0.0689655
29742,58,54,0.0689655
29750,58,54,0.0689655
29756,58,54,0.0689655
29763,58,54,0.0689655
29767,58,54,0.0689655
29772,58,54,0.0689655
29778,58,54,0.0689655
29785,58,54,0.0689655
29791,58,54,0.0689655
29798,58,54,0.0689655
29806,58,54,0.0689655
29812,58,54,0.0689655
29819,58,54,0.0689655
29824,58,54,0.0689655
29830,58,54,0.0689655
29835,58,54,0.0689655
29840,58,54,0.0689655
29848,58,54,0.0689655
29856,58,54,0.0689655
29863,58,54,0.0689655
29867,58,54,0.0689655
29874,58,54,0.0689655
29880,58,54,0.0689655
29885,58,54,0.0689655
29892,58,54,0.0689655
29900,58,54,0.0689655
29903,58,54,0.0689655
29911,58,54,0.0689655
29915,58,54,0.0689655
29923,58,54,0.0689655
29931,58,54,0.0689655
29936,58,54,0.0689655
29943,58,54,0.0689655
29948,58,54,0.0689655
29954,58,54,0.0689655
29960,58,54,0.0689655
29967,58,54,0.0689655
29975,58,54,0.0689655
29982,58,54,0.0689655
29988,58,54,0.0689655
29996,58,54,0.0689655
30002,58,54,0.0689655
30011,58,54,0.0689655
30019,58,54,0.0689655
30026,58,54,0.0689655
30033,58,54,0.0689655
30039,58,54,0.0689655
30045,58,54,0.0689655
30050,58,54,0.0689655
30056,58,54,0.0689655
30060,58,54,0.0689655
30065,58,54,0.0689655
30072,58,54,0.0689655
30079,58,54,0.0689655
30084,58,54,0.0689655
30088,58,54,0.0689655
30095,58,54,0.0689655
30101,58,54,0.0689655
30107,58,54,0.0689655
30115,58,54,0.0689655
30121,58,54,0.0689655
30127,58,54,0.0689655
30134,58,54,0.0689655
30140,58,54,0.0689655
30146,58,54,0.0689655
30152,58,54,0.0689655
30158,58,54,0.0689655
30165,58,54,0.0689655
30171,58,54,0.0689655
30178,58,54,0.0689655
30182,58,54,0.0689655
30187,58,54,0.0689655
30194,58,54,0.0689655
30202,58,54,0.0689655
30208,58,54,0.0689655
30213,58,54,0.0689655
30218,58,54,0.0689655
30223,58,54,0.0689655
30231,58,54,0.0689655
30237,58,54,0.0689655
30243,58,54,0.0689655
30248,58,54,0.0689655
30253,58,54,0.0689655
30258,58,54,0.0689655
30263,58,54,0.0689655
30267,58,54,0.0689655
30271,58,54,0.0689655
30276,58,54,0.0689655
30282,58,54,0.0689655
30288,58,54,0.0689655
30293,58,54,0.0689655
30299,58,54,0.0689655
30306,58,54,0.0689655
30313,58,54,0.0689655
30321,58,54,0.0689655
30327,58,54,0.0689655
30333,58,54,0.0689655
30340,58,54,0.0689655
30343,58,54,0.0689655
30347,58,54,0.0689655
30354,58,54,0.0689655
30362,58,54,0.0689655
30371,58,54,0.0689655
30378,58,54,0.0689655
30383,58,54,0.0689655
30390,58,54,0.0689655
30396,58,54,0.0689655
30401,58,54,0.0689655
30407,58,54,0.0689655
30413,58,54,0.0689655
30419,58,54,0.0689655
30426,58,54,0.0689655
30431,58,54,0.0689655
30438,58,54,0.0689655
30446,58,54,0.0689655
30453,58,54,0.0689655
30459,58,54,0.0689655
30465,58,54,0.0689655
30475,58,54,0.0689655
30482,58,54,0.0689655
30489,58,54,0.0689655
30494,58,54,0.0689655
30501,58,54,0.0689655
30508,58,54,0.0689655
30514,58,54,0.0689655
30519,58,54,0.0689655
30524,58,54,0.0689655
30530,58,54,0.0689655
30535,58,54,0.0689655
30543,58,54,0.0689655
30549,58,54,0.0689655
30555,58,54,0.0689655
30562,58,54,0.0689655
30569,58,54,0.0689655
30576,58,54,0.0689655
30580,58,54,0.0689655
30585,58,54,0.0689655
30594,58,54,0.0689655
30599,58,54,0.0689655
30607,58,54,0.0689655
30615,58,54,0.0689655
30623,58,54,0.0689655
30629,58,54,0.0689655
30635,58,54,0.0689655
30643,58,54,0.0689655
30649,58,54,0.0689655
30658,58,54,0.0689655
30666,58,54,0.0689655
30673,58,54,0.0689655
30682,58,54,0.0689655
30689,58,54,0.0689655
30694,58,54,0.0689655
30702,58,54,0.0689655
30709,58,54,0.0689655
30717,58,54,0.0689655
30725,58,54,0.0689655
30733,58,54,0.0689655
30741,58,54,0.0689655
30748,58,54,0.0689655
30754,58,54,0.0689655
30761,58,54,0.0689655
30767,58,54,0.0689655
30772,58,54,0.0689655
30781,58,54,0.0689655
30786,58,54,0.0689655
30791,58,54,0.0689655
30798,58,54,0.0689655
30806,58,54,0.0689655
30813,58,54,0.0689655
30822,58,54,0.0689655
30830,58,54,0.0689655
30838,58,54,0.0689655
30847,58,54,0.0689655
30855,58,54,0.0689655
30863,58,54,0.0689655
30869,58,54,0.0689655
30875,58,54,0.0689655
30883,58,54,0.0689655
30890,58,54,0.0689655
30896,58,54,0.0689655
30902,58,54,0.0689655
30909,58,54,0.0689655
30913,58,54,0.0689655
30920,58,54,0.0689655
30926,58,54,0.0689655
30931,58,54,0.0689655
30935,58,54,0.0689655
30940,58,54,0.0689655
30946,58,54,0.0689655
30952,58,54,0.0689655
30957,58,54,0.0689655
30961,58,54,0.0689655
30969,58,54,0.0689655
30972,58,54,0.0689655
30976,58,54,0.0689655
30984,58,54,0.0689655
30989,58,54,0.0689655
30997,58,54,0.0689655
31005,58,54,0.0689655
31010,58,54,0.0689655
31015,58,54,0.0689655
31020,58,54,0.0689655
31026,58,54,0.0689655
31031,58,54,0.0689655
31037,58,54,0.0689655
31042,58,54,0.0689655
31048,58,54,0.0689655
31053,58,54,0.0689655
31058,58,54,0.0689655
31067,58,54,0.0689655
31074,58,54,0.0689655
31080,58,54,0.0689655
31086,58,54,0.0689655
31095,58,54,0.0689655
31099,58,54,0.0689655
31105,58,54,0.0689655
31112,58,54,0.0689655
31119,58,54,0.0689655
31126,58,54,0.0689655
31132,58,54,0.0689655
31136,58,54,0.0689655
31143,58,54,0.0689655
31151,58,54,0.0689655
31157,58,54,0.0689655
31163,58,54,0.0689655
31172,58,54,0.0689655
31181,58,54,0.0689655
31186,58,54,0.0689655
31191,58,54,0.0689655
31198,58,54,0.0689655
31207,58,54,0.0689655
31215,58,54,0.0689655
31223,58,54,0.0689655
31230,58,54,0.0689655
31237,58,54,0.0689655
31243,58,54,0.0689655
31249,58,54,0.0689655
31258,58,54,0.0689655
31265,58,54,0.0689655
31274,58,54,0.0689655
31282,58,54,0.0689655
31289,58,54,0.0689655
31295,58,54,0.0689655
31302,58,54,0.0689655
31307,58,54,0.0689655
31312,58,54,0.0689655
31316,58,54,0.0689655
31322,58,54,0.0689655
31328,58,54,0.0689655
31333,58,54,0.0689655
31338,58,54,0.0689655
31344,58,54,0.0689655
31352,58,54,0.0689655
31359,58,54,0.0689655
31365,58,54,0.0689655
31373,58,54,0.0689655
31378,58,54,0.0689655
31386,58,54,0.0689655
31393,58,54,0.0689655
31401,58,54,0.0689655
31406,58,54,0.0689655
31414,58,54,0.0689655
31419,58,54,0.0689655
31425,58,54,0.0689655
31432,58,54,0.0689655
31440,58,54,0.0689655
31447,58,54,0.0689655
31454,58,54,0.0689655
31461,58,54,0.0689655
31468,58,54,0.0689655
31472,58,54,0.0689655
31479,58,54,0.0689655
31485,58,54,0.0689655
31492,58,54,0.0689655
31499,58,54,0.0689655
31507,58,54,0.0689655
31515,58,54,0.0689655
31522,58,54,0.0689655
31530,58,54,0.0689655
31539,58,54,0.0689655
31545,58,54,0.0689655
31552,58,54,0.0689655
31558,58,54,0.0689655
31565,58,54,0.0689655
31570,58,54,0.0689655
31577,58,54,0.0689655
31584,58,54,0.0689655
31590,58,54,0.0689655
31597,58,54,0.0689655
31603,58,54,0.0689655
31612,58,54,0.0689655
31619,58,54,0.0689655
31627,58,54,0.0689655
31635,58,54,0.0689655
31642,58,54,0.0689655
31648,58,54,0.0689655
31655,58,54,0.0689655
31659,58,54,0.0689655
31667,58,54,0.0689655
31674,58,54,0.0689655
31682,58,54,0.0689655
31691,58,54,0.0689655
31696,58,54,0.0689655
31701,58,54,0.0689655
31707,58,54,0.0689655
31715,58,54,0.0689655
31721,58,54,0.0689655
31727,58,54,0.0689655
31732,58,54,0.0689655
31740,58,54,0.0689655
31748,58,54,0.0689655
31753,58,54,0.0689655
31759,58,54,0.0689655
31765,58,54,0.0689655
31770,58,54,0.0689655
31777,58,54,0.0689655
31785,58,54,0.0689655
31790,58,54,0.0689655
31799,58,54,0.0689655
31806,58,54,0.0689655
31811,58,54,0.0689655
31819,58,54,0.0689655
31827,58,54,0.0689655
31833,58,54,0.0689655
31838,58,54,0.0689655
31842,58,54,0.0689655
31850,58,54,0.0689655
31857,58,54,0.0689655
31865,58,54,0.0689655
31871,58,54,0.0689655
31877,58,54,0.0689655
31886,58,54,0.0689655
31894,58,54,0.0689655
31899,58,54,0.0689655
31904,58,54,0.0689655
31910,58,54,0.0689655
31918,58,54,0.0689655
31923,58,54,0.0689655
31931,58,54,0.0689655
31940,58,54,0.0689655
31949,58,54,0.0689655
31958,58,54,0.0689655
31967,58,54,0.0689655
31975,58,54,0.0689655
31982,58,54,0.0689655
31989,58,54,0.0689655
31996,58,54,0.0689655
32002,58,54,0.0689655
32011,58,54,0.0689655
32018,58,54,0.0689655
32024,58,54,0.0689655
32031,58,54,0.0689655
32040,58,54,0.0689655
32045,58,54,0.0689655
32050,58,54,0.0689655
32057,58,54,0.0689655
32060,58,54,0.0689655
32065,58,54,0.0689655
32071,58,54,0.0689655
32078,58,54,0.0689655
32087,58,54,0.0689655
32094,58,54,0.0689655
32102,58,54,0.0689655
32107,58,54,0.0689655
32113,58,54,0.0689655
32121,58,54,0.0689655
32127,58,54,0.0689655
32132,58,54,0.0689655
32139,58,54,0.0689655
32144,58,54,0.0689655
32151,58,54,0.0689655
32157,58,54,0.0689655
32165,58,54,0.0689655
32173,58,54,0.0689655
32181,58,54,0.0689655
32188,58,54,0.0689655
32194,58,54,0.0689655
32200,58,54,0.0689655
32207,58,54,0.0689655
32212,58,54,0.0689655
32218,58,54,0.0689655
32224,58,54,0.0689655
32233,58,54,0.0689655
32241,58,54,0.0689655
32247,58,54,0.0689655
32253,58,54,0.0689655
32262,58,54,0.0689655
32269,58,54,0.0689655
32275,58,54,0.0689655
32282,58,54,0.0689655
32289,58,54,0.0689655
32296,58,54,0.0689655
32303,58,54,0.0689655
32310,58,54,0.0689655
32318,58,54,0.0689655
32326,58,54,0.0689655
32334,58,54,0.0689655
32342,58,54,0.0689655
32350,58,54,0.0689655
32356,58,54,0.0689655
32363,58,54,0.0689655
32371,58,54,0.0689655
32377,58,54,0.0689655
32385,58,54,0.0689655
32390,58,54,0.0689655
32394,58,54,0.0689655
32402,58,54,0.0689655
32408,58,54,0.0689655
32412,58,54,0.0689655
32418,58,54,0.0689655
32424,58,54,0.0689655
32431,58,54,0.0689655
32437,58,54,0.0689655
32444,58,54,0.0689655
32450,58,54,0.0689655
32459,58,54,0.0689655
32466,58,54,0.0689655
32473,58,54,0.0689655
32478,58,54,0.0689655
32483,58,54,0.0689655
32490,58,54,0.0689655
32498,58,54,0.0689655
32504,58,54,0.0689655
32513,58,54,0.0689655
32521,58,54,0.0689655
32530,58,54,0.0689655
32538,58,54,0.0689655
32547,58,54,0.0689655
32555,58,54,0.0689655
32564,58,54,0.0689655
32570,58,54,0.0689655
32577,58,54,0.0689655
32584,58,54,0.0689655
32593,58,54,0.0689655
32600,58,54,0.0689655
32608,58,54,0.0689655
32614,58,54,0.0689655
32623,58,54,0.0689655
32631,58,54,0.0689655
32638,58,54,0.0689655
32643,58,54,0.0689655
32648,58,54,0.0689655
32657,58,54,0.0689655
32665,58,54,0.0689655
32672,58,54,0.0689655
32676,58,54,0.0689655
32681,58,54,0.0689655
32687,58,54,0.0689655
32696,58,54,0.0689655
32704,58,54,0.0689655
32711,58,54,0.0689655
32717,58,54,0.0689655
32722,58,54,0.0689655
32728,58,54,0.0689655
32733,58,54,0.0689655
32742,58,54,0.0689655
32749,58,54,0.0689655
32755,58,54,0.0689655
32761,58,54,0.0689655
32768,58,54,0.0689655
32774,58,54,0.0689655
32781,58,54,0.0689655
32787,58,54,0.0689655
32796,58,54,0.0689655
32803,58,54,0.0689655
32809,58,54,0.0689655
32817,58,54,0.0689655
32823,58,54,0.0689655
32829,58,54,0.0689655
32834,58,54,0.0689655
32838,58,54,0.0689655
32843,58,54,0.0689655
32847,58,54,0.0689655
32854,58,54,0.0689655
32859,58,54,0.0689655
32866,58,54,0.0689655
32875,58,54,0.0689655
32879,58,54,0.0689655
32884,58,54,0.0689655
32889,58,54,0.0689655
32895,58,54,0.0689655
32899,58,54,0.0689655
32904,58,54,0.0689655
32910,58,54,0.0689655
32916,58,54,0.0689655
32922,58,54,0.0689655
32931,58,54,0.0689655
32939,58,54,0.0689655
32945,58,54,0.0689655
32949,58,54,0.0689655
32957,58,54,0.0689655
32963,58,54,0.0689655
32970,58,54,0.0689655
32977,58,54,0.0689655
32979,58,54,0.0689655
32987,58,54,0.0689655
32994,58,54,0.0689655
33001,58,54,0.0689655
33008,58,54,0.0689655
33016,58,54,0.0689655
33024,58,54,0.0689655
33030,58,54,0.0689655
33037,58,54,0.0689655
33043,58,54,0.0689655
33050,58,54,0.0689655
33056,58,54,0.0689655
33062,58,54,0.0689655
33065,58,54,0.0689655
33070,58,54,0.0689655
33078,58,54,0.0689655
33085,58,54,0.0689655
33093,58,54,0.0689655
33099,58,54,0.0689655
33104,58,54,0.0689655
33108,58,54,0.0689655
33116,58,54,0.0689655
33122,58,54,0.0689655
33126,58,54,0.0689655
33131,58,54,0.0689655
33136,58,54,0.0689655
33142,58,54,0.0689655
33147,58,54,0.0689655
33155,58,54,0.0689655
33161,58,54,0.0689655
33167,58,54,0.0689655
33174,58,54,0.0689655
33180,58,54,0.0689655
33184,58,54,0.0689655
33190,58,54,0.0689655
33197,58,54,0.0689655
33207,58,54,0.0689655
33215,58,54,0.0689655
33221,58,54,0.0689655
33229,58,54,0.0689655
33234,58,54,0.0689655
33241,58,54,0.0689655
33247,58,54,0.0689655
33251,58,54,0.0689655
33256,58,54,0.0689655
33265,58,54,0.0689655
33272,58,54,0.0689655
33278,58,54,0.0689655
33285,58,54,0.0689655
33293,58,54,0.0689655
33300,58,54,0.0689655
33309,58,54,0.0689655
33317,58,54,0.0689655
33325,58,54,0.0689655
33332,58,54,0.0689655
33337,58,54,0.0689655
33347,58,54,0.0689655
33356,58,54,0.0689655
33362,58,54,0.0689655
33367,58,54,0.0689655
33372,58,54,0.0689655
33377,58,54,0.0689655
33385,58,54,0.0689655
33393,58,54,0.0689655
33398,58,54,0.0689655
33406,58,54,0.0689655
33412,58,54,0.0689655
33418,58,54,0.0689655
33425,58,54,0.0689655
33433,58,54,0.0689655
33442,58,54,0.0689655
33451,58,54,0.0689655
33458,58,54,0.0689655
33463,58,54,0.0689655
33472,58,54,0.0689655
33478,58,54,0.0689655
33487,58,54,0.0689655
33494,58,54,0.0689655
33501,58,54,0.0689655
33510,58,54,0.0689655
33517,58,54,0.0689655
33524,58,54,0.0689655
33533,58,54,0.0689655
33540,58,54,0.0689655
33547,58,54,0.0689655
33554,58,54,0.0689655
33560,58,54,0.0689655
33568,58,54,0.0689655
33576,58,54,0.0689655
33582,58,54,0.0689655
33590,58,54,0.0689655
33596,58,54,0.0689655
33602,58,54,0.0689655
33608,58,54,0.0689655
33614,58,54,0.0689655
33622,58,54,0.0689655
33629,58,54,0.0689655
33635,58,54,0.0689655
33642,58,54,0.0689655
33649,58,54,0.0689655
33656,58,54,0.0689655
33663,58,54,0.0689655
33668,58,54,0.0689655
33677,58,54,0.0689655
33685,58,54,0.0689655
33693,58,54,0.0689655
33700,58,54,0.0689655
33708,58,54,0.0689655
33717,58,54,0.0689655
33726,58,54,0.0689655
33735,58,54,0.0689655
33743,58,54,0.0689655
33753,58,54,0.0689655
33758,58,54,0.0689655
33764,58,54,0.0689655
33772,58,54,0.0689655
33778,58,54,0.0689655
33785,58,54,0.0689655
33789,58,54,0.0689655
33794,58,54,0.0689655
33802,58,54,0.0689655
33811,58,54,0.0689655
33820,58,54,0.0689655
33829,58,54,0.0689655
33833,58,54,0.0689655
33839,58,54,0.0689655
33846,58,54,0.0689655
33853,58,54,0.0689655
33862,58,54,0.0689655
33869,58,54,0.0689655
33878,58,54,0.0689655
33886,58,54,0.0689655
33894,58,54,0.0689655
33900,58,54,0.0689655
33906,58,54,0.0689655
33913,58,54,0.0689655
33921,58,54,0.0689655
33929,58,54,0.0689655
33935,58,54,0.0689655
33941,58,54,0.0689655
33948,58,54,0.0689655
33956,58,54,0.0689655
33964,58,54,0.0689655
33970,58,54,0.0689655
33977,58,54,0.0689655
33985,58,54,0.0689655
33993,58,54,0.0689655
34001,58,54,0.0689655
34007,58,54,0.0689655
34013,58,54,0.0689655
34018,58,54,0.0689655
34026,58,54,0.0689655
34033,58,54,0.0689655
34040,58,54,0.0689655
34046,58,54,0.0689655
34053,58,54,0.0689655
34059,58,54,0.0689655
34067,58,54,0.0689655
34076,58,54,0.0689655
34081,58,54,0.0689655
34088,58,54,0.0689655
34095,58,54,0.0689655
34101,58,54,0.0689655
34110,58,54,0.0689655
34115,58,54,0.0689655
34121,58,54,0.0689655
34129,58,54,0.0689655
34138,58,54,0.0689655
34147,58,54,0.0689655
34156,58,54,0.0689655
34163,58,54,0.0689655
34171,58,54,0.0689655
34181,58,54,0.0689655
34188,58,54,0.0689655
34195,58,54,0.0689655
34201,58,54,0.0689655
34211,58,54,0.0689655
34218,58,54,0.0689655
34225,58,54,0.0689655
34230,58,54,0.0689655
34237,58,54,0.0689655
34246,58,54,0.0689655
34254,58,54,0.0689655
34260,58,54,0.0689655
34265,58,54,0.0689655
34270,58,54,0.0689655
34275,58,54,0.0689655
34281,58,54,0.0689655
34290,58,54,0.0689655
34299,58,54,0.0689655
34305,58,54,0.0689655
34313,58,54,0.0689655
34317,58,54,0.0689655
34321,58,54,0.0689655
34329,58,54,0.0689655
34334,58,54,0.0689655
34342,58,54,0.0689655
34350,58,54,0.0689655
34359,58,54,0.0689655
34368,58,54,0.0689655
34374,58,54,0.0689655
34383,58,54,0.0689655
34392,58,54,0.0689655
34400,58,54,0.0689655
34407,58,54,0.0689655
34415,58,54,0.0689655
34420,58,54,0.0689655
34427,58,54,0.0689655
34434,58,54,0.0689655
34440,58,54,0.0689655
34447,58,54,0.0689655
34456,58,54,0.0689655
34465,58,54,0.0689655
34474,58,54,0.0689655
34481,58,54,0.0689655
34487,58,54,0.0689655
34493,58,54,0.0689655
34500,58,54,0.0689655
34508,58,54,0.0689655
34515,58,54,0.0689655
34519,58,54,0.0689655
34523,58,54,0.0689655
34530,58,54,0.0689655
34539,58,54,0.0689655
34548,58,54,0.0689655
34557,58,54,0.0689655
34565,58,54,0.0689655
34571,58,54,0.0689655
34576,58,54,0.0689655
34583,58,54,0.0689655
34592,58,54,0.0689655
34598,58,54,0.0689655
34605,58,54,0.0689655
34609,58,54,0.0689655
34617,58,54,0.0689655
34624,58,54,0.0689655
34631,58,54,0.0689655
34638,58,54,0.0689655
34644,58,54,0.0689655
34651,58,54,0.0689655
34653,58,54,0.0689655
34655,58,54,0.0689655
34660,58,54,0.0689655
34668,58,54,0.0689655
34674,58,54,0.0689655
34679,58,54,0.0689655
34683,58,54,0.0689655
34690,58,54,0.0689655
34697,58,54,0.0689655
34703,58,54,0.0689655
34711,58,54,0.0689655
34716,58,54,0.0689655
34723,58,54,0.0689655
34731,58,54,0.0689655
34739,58,54,0.0689655
34745,58,54,0.0689655
34749,58,54,0.0689655
34758,58,54,0.0689655
34765,58,54,0.0689655
34771,58,54,0.0689655
34779,58,54,0.0689655
34786,58,54,0.0689655
34795,58,54,0.0689655
34804,58,54,0.0689655
34810,58,54,0.0689655
34818,58,54,0.0689655
34826,58,54,0.0689655
34833,58,54,0.0689655
34841,58,54,0.0689655
34848,58,54,0.0689655
34855,58,54,0.0689655
34860,58,54,0.0689655
34866,58,54,0.0689655
34873,58,54,0.0689655
34881,58,54,0.0689655
34887,58,54,0.0689655
34891,58,54,0.0689655
34897,58,54,0.0689655
34902,58,54,0.0689655
34909,58,54,0.0689655
34913,58,54,0.0689655
34920,58,54,0.0689655
34928,58,54,0.0689655
34937,58,54,0.0689655
34943,58,54,0.0689655
34948,58,54,0.0689655
34957,58,54,0.0689655
34966,58,54,0.0689655
34975,58,54,0.0689655
34984,58,54,0.0689655
34990,58,54,0.0689655
34997,58,54,0.0689655
35006,58,54,0.0689655
35013,58,54,0.0689655
35020,58,54,0.0689655
35025,58,54,0.0689655
35032,58,54,0.0689655
35036,58,54,0.0689655
35041,58,54,0.0689655
35047,58,54,0.0689655
35054,58,54,0.0689655
35062,58,54,0.0689655
35067,58,54,0.0689655
35073,58,54,0.0689655
35079,58,54,0.0689655
35085,58,54,0.0689655
35091,58,54,0.0689655
35095,58,54,0.0689655
35102,58,54,0.0689655
35111,58,54,0.0689655
35119,58,54,0.0689655
35125,58,54,0.0689655
35131,58,54,0.0689655
35139,58,54,0.0689655
35146,58,54,0.0689655
35151,58,54,0.0689655
35155,58,54,0.0689655
35162,58,54,0.0689655
35168,58,54,0.0689655
35173,58,54,0.0689655
35177,58,54,0.0689655
35185,58,54,0.0689655
35192,58,54,0.0689655
35199,58,54,0.0689655
35206,58,54,0.0689655
35212,58,54,0.0689655
35219,58,54,0.0689655
35229,58,54,0.0689655
35233,58,54,0.0689655
35240,58,54,0.0689655
35248,58,54,0.0689655
35252,58,54,0.0689655
35261,58,54,0.0689655
35270,58,54,0.0689655
35279,58,54,0.0689655
35286,58,54,0.0689655
35293,58,54,0.0689655
35298,58,54,0.0689655
35302,58,54,0.0689655
35306,58,54,0.0689655
35312,58,54,0.0689655
35321,58,54,0.0689655
35328,58,54,0.0689655
35334,58,54,0.0689655
35341,58,54,0.0689655
35349,58,54,0.0689655
35354,58,54,0.0689655
35361,58,54,0.0689655
35365,58,54,0.0689655
35370,58,54,0.0689655
35377,58,54,0.0689655
35384,58,54,0.0689655
35392,58,54,0.0689655
35398,58,54,0.0689655
35403,58,54,0.0689655
35410,58,54,0.0689655
35418,58,54,0.0689655
35423,58,54,0.0689655
35432,58,54,0.0689655
35440,58,54,0.0689655
35445,58,54,0.0689655
35452,58,54,0.0689655
35459,58,54,0.0689655
35465,58,54,0.0689655
35471,58,54,0.0689655
35477,58,54,0.0689655
35483,58,54,0.0689655
35488,58,54,0.0689655
35494,58,54,0.0689655
35500,58,54,0.0689655
35507,58,54,0.0689655
35511,58,54,0.0689655
35517,58,54,0.0689655
35523,58,54,0.0689655
35531,58,54,0.0689655
35535,58,54,0.0689655
35541,58,54,0.0689655
35548,58,54,0.0689655
35555,58,54,0.0689655
35562,58,54,0.0689655
35571,58,54,0.0689655
35579,58,54,0.0689655
35587,58,54,0.0689655
35592,58,54,0.0689655
35598,58,54,0.0689655
35603,58,54,0.0689655
35610,58,54,0.0689655
35617,58,54,0.0689655
35625,58,54,0.0689655
35629,58,54,0.0689655
35635,58,54,0.0689655
35643,58,54,0.0689655
35649,58,54,0.0689655
35655,58,54,0.0689655
35664,58,54,0.0689655
35669,58,54,0.0689655
35677,58,54,0.0689655
35681,58,54,0.0689655
35686,58,54,0.0689655
35691,58,54,0.0689655
35695,58,54,0.0689655
35701,58,54,0.0689655
35708,58,54,0.0689655
35716,58,54,0.0689655
35719,58,54,0.0689655
35727,58,54,0.0689655
35734,58,54,0.0689655
35738,58,54,0.0689655
35746,58,54,0.0689655
35753,58,54,0.0689655
35761,58,54,0.0689655
35767,58,54,0.0689655
35775,58,54,0.0689655
35782,58,54,0.0689655
35787,58,54,0.0689655
35794,58,54,0.0689655
35799,58,54,0.0689655
35805,58,54,0.0689655
35812,58,54,0.0689655
35819,58,54,0.0689655
35825,58,54,0.0689655
35831,58,54,0.0689655
35838,58,54,0.0689655
35845,58,54,0.0689655
35850,58,54,0.0689655
35857,58,54,0.0689655
35863,58,54,0.0689655
35868,58,54,0.0689655
35871,58,54,0.0689655
35875,58,54,0.0689655
35882,58,54,0.0689655
35887,58,54,0.0689655
35892,58,54,0.0689655
35898,58,54,0.0689655
35904,58,54,0.0689655
35912,58,54,0.0689655
35917,58,54,0.0689655
35922,58,54,0.0689655
35928,58,54,0.0689655
35937,58,54,0.0689655
35943,58,54,0.0689655
35951,58,54,0.0689655
35956,58,54,0.0689655
35965,58,54,0.0689655
35974,58,54,0.0689655
35983,58,54,0.0689655
35988,58,54,0.0689655
35994,58,54,0.0689655
36004,58,54,0.0689655
36012,58,54,0.0689655
36020,58,54,0.0689655
36025,58,54,0.0689655
36032,58,54,0.0689655
36038,58,54,0.0689655
36043,58,54,0.0689655
36050,58,54,0.0689655
36057,58,54,0.0689655
36065,58,54,0.0689655
36073,58,54,0.0689655
36082,58,54,0.0689655
36092,58,54,0.0689655
36100,58,54,0.0689655
36106,58,54,0.0689655
36113,58,54,0.0689655
36119,58,54,0.0689655
36125,58,54,0.0689655
36131,58,54,0.0689655
36141,58,54,0.0689655
36148,58,54,0.0689655
36154,58,54,0.0689655
36162,58,54,0.0689655
36168,58,54,0.0689655
36172,58,54,0.0689655
36178,58,54,0.0689655
36184,58,54,0.0689655
36191,58,54,0.0689655
36198,58,54,0.0689655
36204,58,54,0.0689655
36209,58,54,0.0689655
36214,58,54,0.0689655
36219,58,54,0.0689655
36228,58,54,0.0689655
36236,58,54,0.0689655
36243,58,54,0.0689655
36248,58,54,0.0689655
36255,58,54,0.0689655
36261,58,54,0.0689655
36268,58,54,0.0689655
36276,58,54,0.0689655
36282,58,54,0.0689655
36285,58,54,0.0689655
36294,58,54,0.0689655
36299,58,54,0.0689655
36302,58,54,0.0689655
36307,58,54,0.0689655
36311,58,54,0.0689655
36319,58,54,0.0689655
36328,58,54,0.0689655
36335,58,54,0.0689655
36339,58,54,0.0689655
36346,58,54,0.0689655
36355,58,54,0.0689655
36361,58,54,0.0689655
36370,58,54,0.0689655
36376,58,54,0.0689655
36381,58,54,0.0689655
36387,58,54,0.0689655
36393,58,54,0.0689655
36402,58,54,0.0689655
36411,58,54,0.0689655
36420,58,54,0.0689655
36427,58,54,0.0689655
36430,58,54,0.0689655
36436,58,54,0.0689655
36441,58,54,0.0689655
36447,58,54,0.0689655
36453,58,54,0.0689655
36461,58,54,0.0689655
36469,58,54,0.0689655
36476,58,54,0.0689655
36482,58,54,0.0689655
36490,58,54,0.0689655
36496,58,54,0.0689655
36501,58,54,0.0689655
36505,58,54,0.0689655
36511,58,54,0.0689655
36517,58,54,0.0689655
36523,58,54,0.0689655
36530,58,54,0.0689655
36534,58,54,0.0689655
36544,58,54,0.0689655
36552,58,54,0.0689655
36557,58,54,0.0689655
36566,58,54,0.0689655
36573,58,54,0.0689655
36580,58,54,0.0689655
36587,58,54,0.0689655
36595,58,54,0.0689655
36603,58,54,0.0689655
36611,58,54,0.0689655
36616,58,54,0.0689655
36621,58,54,0.0689655
36627,58,54,0.0689655
36636,58,54,0.0689655
36645,58,54,0.0689655
36650,58,54,0.0689655
36656,58,54,0.0689655
36664,58,54,0.0689655
36673,58,54,0.0689655
36682,58,54,0.0689655
36688,58,54,0.0689655
36697,58,54,0.0689655
36702,58,54,0.0689655
36709,58,54,0.0689655
36713,58,54,0.0689655
36721,58,54,0.0689655
36729,58,54,0.0689655
36735,58,54,0.0689655
36740,58,54,0.0689655
36749,58,54,0.0689655
36758,58,54,0.0689655
36767,58,54,0.0689655
36774,58,54,0.0689655
36781,58,54,0.0689655
36789,58,54,0.0689655
36794,58,54,0.0689655
36804,58,54,0.0689655
36812,58,54,0.0689655
36819,58,54,0.0689655
36827,58,54,0.0689655
36835,58,54,0.0689655
36840,58,54,0.0689655
36846,58,54,0.0689655
36853,58,54,0.0689655
36861,58,54,0.0689655
36867,58,54,0.0689655
36874,58,54,0.0689655
36880,58,54,0.0689655
36889,58,54,0.0689655
36895,58,54,0.0689655
36902,58,54,0.0689655
36909,58,54,0.0689655
36914,58,54,0.0689655
36920,58,54,0.0689655
36925,58,54,0.0689655
36933,58,54,0.0689655
36940,58,54,0.0689655
36945,58,54,0.0689655
36952,58,54,0.0689655
36958,58,54,0.0689655
36966,58,54,0.0689655
36976,58,54,0.0689655
36985,58,54,0.0689655
36993,58,54,0.0689655
37002,58,54,0.0689655
37011,58,54,0.0689655
37019,58,54,0.0689655
37029,58,54,0.0689655
37035,58,54,0.0689655
37044,58,54,0.0689655
37051,58,54,0.0689655
37057,58,54,0.0689655
37062,58,54,0.0689655
37069,58,54,0.0689655
37077,58,54,0.0689655
37083,58,54,0.0689655
37091,58,54,0.0689655
37098,58,54,0.0689655
37105,58,54,0.0689655
37114,58,54,0.0689655
37123,58,54,0.0689655
37132,58,54,0.0689655
37141,58,54,0.0689655
37149,58,54,0.0689655
37155,58,54,0.0689655
37162,58,54,0.0689655
37167,58,54,0.0689655
37173,58,54,0.0689655
37181,58,54,0.0689655
37189,58,54,0.0689655
37197,58,54,0.0689655
37203,58,54,0.0689655
37211,58,54,0.0689655
37220,58,54,0.0689655
37228,58,54,0.0689655
37237,58,54,0.0689655
37245,58,54,0.0689655
37252,58,54,0.0689655
37257,58,54,0.0689655
37264,58,54,0.0689655
37271,58,54,0.0689655
37278,58,54,0.0689655
37287,58,54,0.0689655
37296,58,54,0.0689655
37305,58,54,0.0689655
37314,58,54,0.0689655
37322,58,54,0.0689655
37329,58,54,0.0689655
37337,58,54,0.0689655
37345,58,54,0.0689655
37354,58,54,0.0689655
37360,58,54,0.0689655
37367,58,54,0.0689655
37373,58,54,0.0689655
37382,58,54,0.0689655
37391,58,54,0.0689655
37398,58,54,0.0689655
37404,58,54,0.0689655
37411,58,54,0.0689655
37420,58,54,0.0689655
37428,58,54,0.0689655
37434,58,54,0.0689655
37443,58,54,0.0689655
37449,58,54,0.0689655
37457,58,54,0.0689655
37464,58,54,0.0689655
37471,58,54,0.0689655
37477,58,54,0.0689655
37484,58,54,0.0689655
37490,58,54,0.0689655
37498,58,54,0.0689655
37505,58,54,0.0689655
37511,58,54,0.0689655
37518,58,54,0.0689655
37523,58,54,0.0689655
37529,58,54,0.0689655
37534,58,54,0.0689655
37543,58,54,0.0689655
37550,58,54,0.0689655
37559,58,54,0.0689655
37565,58,54,0.0689655
37570,58,54,0.0689655
37576,58,54,0.0689655
37582,58,54,0.0689655
37591,58,54,0.0689655
37601,58,54,0.0689655
37608,58,54,0.0689655
37614,58,54,0.0689655
37620,58,54,0.0689655
37625,58,54,0.0689655
37634,58,54,0.0689655
37641,58,54,0.0689655
37648,58,54,0.0689655
37655,58,54,0.0689655
37664,58,54,0.0689655
37674,58,54,0.0689655
37683,58,54,0.0689655
37690,58,54,0.0689655
37695,58,54,0.0689655
37702,58,54,0.0689655
37709,58,54,0.0689655
37714,58,54,0.0689655
37720,58,54,0.0689655
37727,58,54,0.0689655
37733,58,54,0.0689655
37739,58,54,0.0689655
37745,58,54,0.0689655
37751,58,54,0.0689655
37757,58,54,0.0689655
37766,58,54,0.0689655
37771,58,54,0.0689655
37780,58,54,0.0689655
37786,58,54,0.0689655
37792,58,54,0.0689655
37799,58,54,0.0689655
37806,58,54,0.0689655
37811,58,54,0.0689655
37819,58,54,0.0689655
37823,58,54,0.0689655
37831,58,54,0.0689655
37836,58,54,0.0689655
37842,58,54,0.0689655
37849,58,54,0.0689655
37858,58,54,0.0689655
37867,58,54,0.0689655
37876,58,54,0.0689655
37885,58,54,0.0689655
37894,58,54,0.0689655
37901,58,54,0.0689655
37909,58,54,0.0689655
37915,58,54,0.0689655
37924,58,54,0.0689655
37931,58,54,0.0689655
37937,58,54,0.0689655
37944,58,54,0.0689655
37952,58,54,0.0689655
37958,58,54,0.0689655
37963,58,54,0.0689655
37969,58,54,0.0689655
37977,58,54,0.0689655
37985,58,54,0.0689655
37991,58,54,0.0689655
37997,58,54,0.0689655
38002,58,54,0.0689655
38008,58,54,0.0689655
38016,58,54,0.0689655
38026,58,54,0.0689655
38032,58,54,0.0689655
38039,58,54,0.0689655
38048,58,54,0.0689655
38056,58,54,0.0689655
38061,58,54,0.0689655
38068,58,54,0.0689655
38075,58,54,0.0689655
38084,58,54,0.0689655
38092,58,54,0.0689655
38098,58,54,0.0689655
38104,58,54,0.0689655
38111,58,54,0.0689655
38119,58,54,0.0689655
38125,58,54,0.0689655
38134,58,54,0.0689655
38141,58,54,0.0689655
38148,58,54,0.0689655
38153,58,54,0.0689655
38160,58,54,0.0689655
38165,58,54,0.0689655
38173,58,54,0.0689655
38179,58,54,0.0689655
38188,58,54,0.0689655
38196,58,54,0.0689655
38201,58,54,0.0689655
38209,58,54,0.0689655
38217,58,54,0.0689655
38223,58,54,0.0689655
38230,58,54,0.0689655
38235,58,54,0.0689655
38241,58,54,0.0689655
38250,58,54,0.0689655
38258,58,54,0.0689655
38265,58,54,0.0689655
38270,58,54,0.0689655
38277,58,54,0.0689655
38282,58,54,0.0689655
38286,58,54,0.0689655
38293,58,54,0.0689655
38301,58,54,0.0689655
38308,58,54,0.0689655
38315,58,54,0.0689655
38322,58,54,0.0689655
38329,58,54,0.0689655
38336,58,54,0.0689655
38342,58,54,0.0689655
38349,58,54,0.0689655
38355,58,54,0.0689655
38360,58,54,0.0689655
38364,58,54,0.0689655
38368,58,54,0.0689655
38374,58,54,0.0689655
38384,58,54,0.0689655
38392,58,54,0.0689655
38401,58,54,0.0689655
38408,58,54,0.0689655
38413,58,54,0.0689655
38418,58,54,0.0689655
38426,58,54,0.0689655
38431,58,54,0.0689655
38439,58,54,0.0689655
38443,58,54,0.0689655
38451,58,54,0.0689655
38458,58,54,0.0689655
38463,58,54,0.0689655
38470,58,54,0.0689655
38477,58,54,0.0689655
38482,58,54,0.0689655
38492,58,54,0.0689655
38498,58,54,0.0689655
38504,58,54,0.0689655
38511,58,54,0.0689655
38515,58,54,0.0689655
38521,58,54,0.0689655
38529,58,54,0.0689655
38535,58,54,0.0689655
38543,58,54,0.0689655
38550,58,54,0.0689655
38560,58,54,0.0689655
38569,58,54,0.0689655
38577,58,54,0.0689655
38586,58,54,0.0689655
38591,58,54,0.0689655
38598,58,54,0.0689655
38602,58,54,0.0689655
38609,58,54,0.0689655
38616,58,54,0.0689655
38625,58,54,0.0689655
38633,58,54,0.0689655
38642,58,54,0.0689655
38647,58,54,0.0689655
38654,58,54,0.0689655
38664,58,54,0.0689655
38669,58,54,0.0689655
38676,58,54,0.0689655
38685,58,54,0.0689655
38694,58,54,0.0689655
38700,58,54,0.0689655
38705,58,54,0.0689655
38710,58,54,0.0689655
38717,58,54,0.0689655
38723,58,54,0.0689655
38731,58,54,0.0689655
38739,58,54,0.0689655
38749,58,54,0.0689655
38755,58,54,0.0689655
38762,58,54,0.0689655
38769,58,54,0.0689655
38776,58,54,0.0689655
38784,58,54,0.0689655
38793,58,54,0.0689655
38802,58,54,0.0689655
38811,58,54,0.0689655
38818,58,54,0.0689655
38824,58,54,0.0689655
38829,58,54,0.0689655
38835,58,54,0.0689655
38842,58,54,0.0689655
38849,58,54,0.0689655
38857,58,54,0.0689655
38863,58,54,0.0689655
38870,58,54,0.0689655
38877,58,54,0.0689655
38882,58,54,0.0689655
38887,58,54,0.0689655
38895,58,54,0.0689655
38903,58,54,0.0689655
38909,58,54,0.0689655
38915,58,54,0.0689655
38923,58,54,0.0689655
38932,58,54,0.0689655
38938,58,54,0.0689655
38944,58,54,0.0689655
38949,58,54,0.0689655
38955,58,54,0.0689655
38964,58,54,0.0689655
38970,58,54,0.0689655
38977,58,54,0.0689655
38982,58,54,0.0689655
38989,58,54,0.0689655
38998,58,54,0.0689655
39006,58,54,0.0689655
39012,58,54,0.0689655
39018,58,54,0.0689655
39025,58,54,0.0689655
39034,58,54,0.0689655
39041,58,54,0.0689655
39050,58,54,0.0689655
39060,58,54,0.0689655
39068,58,54,0.0689655
39074,58,54,0.0689655
39079,58,54,0.0689655
39086,58,54,0.0689655
39093,58,54,0.0689655
39101,58,54,0.0689655
39106,58,54,0.0689655
39114,58,54,0.0689655
39121,58,54,0.0689655
39129,58,54,0.0689655
39136,58,54,0.0689655
39145,58,54,0.0689655
39151,58,54,0.0689655
39160,58,54,0.0689655
39168,58,54,0.0689655
39177,58,54,0.0689655
39184,58,54,0.0689655
39193,58,54,0.0689655
39202,58,54,0.0689655
39207,58,54,0.0689655
39211,58,54,0.0689655
39219,58,54,0.0689655
39227,58,54,0.0689655
39234,58,54,0.0689655
39244,58,54,0.0689655
39247,58,54,0.0689655
39254,58,54,0.0689655
39260,58,54,0.0689655
39266,58,54,0.0689655
39271,58,54,0.0689655
39278,58,54,0.0689655
39286,58,54,0.0689655
39295,58,54,0.0689655
39301,58,54,0.0689655
39308,58,54,0.0689655
39315,58,54,0.0689655
39320,58,54,0.0689655
39325,58,54,0.0689655
39330,58,54,0.0689655
39336,58,54,0.0689655
39343,58,54,0.0689655
39350,58,54,0.0689655
39356,58,54,0.0689655
39364,58,54,0.0689655
39371,58,54,0.0689655
39378,58,54,0.0689655
39387,58,54,0.0689655
39395,58,54,0.0689655
39404,58,54,0.0689655
39413,58,54,0.0689655
39422,58,54,0.0689655
39431,58,54,0.0689655
39437,58,54,0.0689655
39445,58,54,0.0689655
39452,58,54,0.0689655
39461,58,54,0.0689655
39469,58,54,0.0689655
39478,58,54,0.0689655
39488,58,54,0.0689655
39497,58,54,0.0689655
39503,58,54,0.0689655
39511,58,54,0.0689655
39517,58,54,0.0689655
39525,58,54,0.0689655
39534,58,54,0.0689655
39539,58,54,0.0689655
39546,58,54,0.0689655
39553,58,54,0.0689655
39561,58,54,0.0689655
39566,58,54,0.0689655
39572,58,54,0.0689655
39579,58,54,0.0689655
39584,58,54,0.0689655
39592,58,54,0.0689655
39598,58,54,0.0689655
39603,58,54,0.0689655
39609,58,54,0.0689655
39619,58,54,0.0689655
39625,58,54,0.0689655
39634,58,54,0.0689655
39643,58,54,0.0689655
39648,58,54,0.0689655
39654,58,54,0.0689655
39659,58,54,0.0689655
39666,58,54,0.0689655
39675,58,54,0.0689655
39680,58,54,0.0689655
39686,58,54,0.0689655
39689,58,54,0.0689655
39697,58,54,0.0689655
39707,58,54,0.0689655
39716,58,54,0.0689655
39721,58,54,0.0689655
39728,58,54,0.0689655
39735,58,54,0.0689655
39739,58,54,0.0689655
39743,58,54,0.0689655
39749,58,54,0.0689655
39758,58,54,0.0689655
39766,58,54,0.0689655
39775,58,54,0.0689655
39784,58,54,0.0689655
39792,58,54,0.0689655
39798,58,54,0.0689655
39804,58,54,0.0689655
39810,58,54,0.0689655
39819,58,54,0.0689655
39826,58,54,0.0689655
39835,58,54,0.0689655
39841,58,54,0.0689655
39849,58,54,0.0689655
39857,58,54,0.0689655
39864,58,54,0.0689655
39871,58,54,0.0689655
39879,58,54,0.0689655
39888,58,54,0.0689655
39897,58,54,0.0689655
39905,58,54,0.0689655
39910,58,54,0.0689655
39916,58,54,0.0689655
39923,58,54,0.0689655
39928,58,54,0.0689655
39932,58,54,0.0689655
39938,58,54,0.0689655
39947,58,54,0.0689655
39953,58,54,0.0689655
39958,58,54,0.0689655
39967,58,54,0.0689655
39974,58,54,0.0689655
39980,58,54,0.0689655
39987,58,54,0.0689655
39996,58,54,0.0689655
40005,58,54,0.0689655
40013,58,54,0.0689655
40020,58,54,0.0689655
40029,58,54,0.0689655
40035,58,54,0.0689655
40040,58,54,0.0689655
40046,58,54,0.0689655
40053,58,54,0.0689655
40058,58,54,0.0689655
40063,58,54,0.0689655
40073,58,54,0.0689655
40079,58,54,0.0689655
40085,58,54,0.0689655
40094,58,54,0.0689655
40103,58,54,0.0689655
40111,58,54,0.0689655
40120,58,54,0.0689655
40126,58,54,0.0689655
40132,58,54,0.0689655
40136,58,54,0.0689655
40144,58,54,0.0689655
40153,58,54,0.0689655
40163,58,54,0.0689655
40169,58,54,0.0689655
40174,58,54,0.0689655
40183,58,54,0.0689655
40192,58,54,0.0689655
40201,58,54,0.0689655
40210,58,54,0.0689655
40219,58,54,0.0689655
40226,58,54,0.0689655
40232,58,54,0.0689655
40239,58,54,0.0689655
40246,58,54,0.0689655
40252,58,54,0.0689655
40258,58,54,0.0689655
40263,58,54,0.0689655
40270,58,54,0.0689655
40277,58,54,0.0689655
40284,58,54,0.0689655
40289,58,54,0.0689655
40293,58,54,0.0689655
40297,58,54,0.0689655
40304,58,54,0.0689655
40310,58,54,0.0689655
40317,58,54,0.0689655
40324,58,54,0.0689655
40331,58,54,0.0689655
40338,58,54,0.0689655
40346,58,54,0.0689655
40355,58,54,0.0689655
40364,58,54,0.0689655
40371,58,54,0.0689655
40378,58,54,0.0689655
40385,58,54,0.0689655
40392,58,54,0.0689655
40399,58,54,0.0689655
40407,58,54,0.0689655
40413,58,54,0.0689655
40420,58,54,0.0689655
40426,58,54,0.0689655
40431,58,54,0.0689655
40438,58,54,0.0689655
40444,58,54,0.0689655
40453,58,54,0.0689655
40463,58,54,0.0689655
40471,58,54,0.0689655
40478,58,54,0.0689655
40487,58,54,0.0689655
40493,58,54,0.0689655
40501,58,54,0.0689655
40511,58,54,0.0689655
40519,58,54,0.0689655
40525,58,54,0.0689655
40534,58,54,0.0689655
40543,58,54,0.0689655
40552,58,54,0.0689655
40559,58,54,0.0689655
40568,58,54,0.0689655
40576,58,54,0.0689655
40585,58,54,0.0689655
40593,58,54,0.0689655
40600,58,54,0.0689655
40605,58,54,0.0689655
40611,58,54,0.0689655
40619,58,54,0.0689655
40628,58,54,0.0689655
40635,58,54,0.0689655
40644,58,54,0.0689655
40651,58,54,0.0689655
40659,58,54,0.0689655
40664,58,54,0.0689655
40671,58,54,0.0689655
40680,58,54,0.0689655
40685,58,54,0.0689655
40692,58,54,0.0689655
40701,58,54,0.0689655
40707,58,54,0.0689655
40712,58,54,0.0689655
40719,58,54,0.0689655
40728,58,54,0.0689655
40737,58,54,0.0689655
40744,58,54,0.0689655
40752,58,54,0.0689655
40760,58,54,0.0689655
40770,58,54,0.0689655
40775,58,54,0.0689655
40781,58,54,0.0689655
40789,58,54,0.0689655
40794,58,54,0.0689655
40801,58,54,0.0689655
40806,58,54,0.0689655
40812,58,54,0.0689655
40819,58,54,0.0689655
40826,58,54,0.0689655
40832,58,54,0.0689655
40841,58,54,0.0689655
40847,58,54,0.0689655
40855,58,54,0.0689655
40863,58,54,0.0689655
40870,58,54,0.0689655
40879,58,54,0.0689655
40888,58,54,0.0689655
40895,58,54,0.0689655
40901,58,54,0.0689655
40909,58,54,0.0689655
40914,58,54,0.0689655
40921,58,54,0.0689655
40929,58,54,0.0689655
40934,58,54,0.0689655
40939,58,54,0.0689655
40943,58,54,0.0689655
40950,58,54,0.0689655
40959,58,54,0.0689655
40968,58,54,0.0689655
40977,58,54,0.0689655
40985,58,54,0.0689655
40991,58,54,0.0689655
40997,58,54,0.0689655
41002,58,54,0.0689655
41007,58,54,0.0689655
41016,58,54,0.0689655
41022,58,54,0.0689655
41027,58,54,0.0689655
41033,58,54,0.0689655
41041,58,54,0.0689655
41046,58,54,0.0689655
41054,58,54,0.0689655
41060,58,54,0.0689655
41064,58,54,0.0689655
41069,58,54,0.0689655
41076,58,54,0.0689655
41082,58,54,0.0689655
41088,58,54,0.0689655
41095,58,54,0.0689655
41104,58,54,0.0689655
41113,58,54,0.0689655
41121,58,54,0.0689655
41130,58,54,0.0689655
41138,58,54,0.0689655
41145,58,54,0.0689655
41152,58,54,0.0689655
41156,58,54,0.0689655
41162,58,54,0.0689655
41169,58,54,0.0689655
41178,58,54,0.0689655
41188,58,54,0.0689655
41194,58,54,0.0689655
41202,58,54,0.0689655
41208,58,54,0.0689655
41217,58,54,0.0689655
41222,58,54,0.0689655
41227,58,54,0.0689655
41236,58,54,0.0689655
41246,58,54,0.0689655
41255,58,54,0.0689655
41263,58,54,0.0689655
41271,58,54,0.0689655
41277,58,54,0.0689655
41284,58,54,0.0689655
41292,58,54,0.0689655
41298,58,54,0.0689655
41304,58,54,0.0689655
41312,58,54,0.0689655
41319,58,54,0.0689655
41325,58,54,0.0689655
41331,58,54,0.0689655
41338,58,54,0.0689655
41346,58,54,0.0689655
41353,58,54,0.0689655
41358,58,54,0.0689655
41363,58,54,0.0689655
41371,58,54,0.0689655
41380,58,54,0.0689655
41389,58,54,0.0689655
41395,58,54,0.0689655
41399,58,54,0.0689655
41404,58,54,0.0689655
41410,58,54,0.0689655
41419,58,54,0.0689655
41426,58,54,0.0689655
41431,58,54,0.0689655
41436,58,54,0.0689655
41441,58,54,0.0689655
41446,58,54,0.0689655
41454,58,54,0.0689655
41459,58,54,0.0689655
41467,58,54,0.0689655
41475,58,54,0.0689655
41484,58,54,0.0689655
41491,58,54,0.0689655
41500,58,54,0.0689655
41508,58,54,0.0689655
41516,58,54,0.0689655
41523,58,54,0.0689655
41530,58,54,0.0689655
41533,58,54,0.0689655
41538,58,54,0.0689655
41548,58,54,0.0689655
41557,58,54,0.0689655
41566,58,54,0.0689655
41576,58,54,0.0689655
41584,58,54,0.0689655
41593,58,54,0.0689655
41602,58,54,0.0689655
41608,58,54,0.0689655
41617,58,54,0.0689655
41627,58,54,0.0689655
41636,58,54,0.0689655
41645,58,54,0.0689655
41654,58,54,0.0689655
41660,58,54,0.0689655
41666,58,54,0.0689655
41676,58,54,0.0689655
41684,58,54,0.0689655
41693,58,54,0.0689655
41699,58,54,0.0689655
41706,58,54,0.0689655
41712,58,54,0.0689655
41721,58,54,0.0689655
41727,58,54,0.0689655
41735,58,54,0.0689655
41744,58,54,0.0689655
41752,58,54,0.0689655
41758,58,54,0.0689655
41766,58,54,0.0689655
41772,58,54,0.0689655
41779,58,54,0.0689655
41785,58,54,0.0689655
41790,58,54,0.0689655
41798,58,54,0.0689655
41804,58,54,0.0689655
41812,58,54,0.0689655
41821,58,54,0.0689655
41828,58,54,0.0689655
41834,58,54,0.0689655
41841,58,54,0.0689655
41850,58,54,0.0689655
41857,58,54,0.0689655
41866,58,54,0.0689655
41875,58,54,0.0689655
41884,58,54,0.0689655
41894,58,54,0.0689655
41902,58,54,0.0689655
41908,58,54,0.0689655
41910,58,54,0.0689655
41915,58,54,0.0689655
41925,58,54,0.0689655
41932,58,54,0.0689655
41941,58,54,0.0689655
41951,58,54,0.0689655
41957,58,54,0.0689655
41964,58,54,0.0689655
41970,58,54,0.0689655
41979,58,54,0.0689655
41988,58,54,0.0689655
41997,58,54,0.0689655
42004,58,54,0.0689655
42010,58,54,0.0689655
42015,58,54,0.0689655
42025,58,54,0.0689655
42033,58,54,0.0689655
42039,58,54,0.0689655
42047,58,54,0.0689655
42056,58,54,0.0689655
42063,58,54,0.0689655
42070,58,54,0.0689655
42074,58,54,0.0689655
42079,58,54,0.0689655
42087,58,54,0.0689655
42094,58,54,0.0689655
42103,58,54,0.0689655
42112,58,54,0.0689655
42121,58,54,0.0689655
42125,58,54,0.0689655
42129,58,54,0.0689655
42134,58,54,0.0689655
42137,58,54,0.0689655
42145,58,54,0.0689655
42154,58,54,0.0689655
42162,58,54,0.0689655
42169,58,54,0.0689655
42175,58,54,0.0689655
42184,58,54,0.0689655
42190,58,54,0.0689655
42198,58,54,0.0689655
42208,58,54,0.0689655
42217,58,54,0.0689655
42225,58,54,0.0689655
42234,58,54,0.0689655
42242,58,54,0.0689655
42247,58,54,0.0689655
42252,58,54,0.0689655
42261,58,54,0.0689655
42268,58,54,0.0689655
42274,58,54,0.0689655
42281,58,54,0.0689655
42286,58,54,0.0689655
42295,58,54,0.0689655
42304,58,54,0.0689655
42313,58,54,0.0689655
42323,58,54,0.0689655
42332,58,54,0.0689655
42340,58,54,0.0689655
42349,58,54,0.0689655
42356,58,54,0.0689655
42364,58,54,0.0689655
42372,58,54,0.0689655
42377,58,54,0.0689655
42383,58,54,0.0689655
42391,58,54,0.0689655
42397,58,54,0.0689655
42405,58,54,0.0689655
42410,58,54,0.0689655
42415,58,54,0.0689655
42421,58,54,0.0689655
42429,58,54,0.0689655
42437,58,54,0.0689655
42445,58,54,0.0689655
42453,58,54,0.0689655
42461,58,54,0.0689655
42468,58,54,0.0689655
42476,58,54,0.0689655
42486,58,54,0.0689655
42495,58,54,0.0689655
42501,58,54,0.0689655
42506,58,54,0.0689655
42511,58,54,0.0689655
42517,58,54,0.0689655
42527,58,54,0.0689655
42535,58,54,0.0689655
42540,58,54,0.0689655
42547,58,54,0.0689655
42554,58,54,0.0689655
42561,58,54,0.0689655
42569,58,54,0.0689655
42577,58,54,0.0689655
42586,58,54,0.0689655
42595,58,54,0.0689655
42602,58,54,0.0689655
42609,58,54,0.0689655
42616,58,54,0.0689655
42621,58,54,0.0689655
42626,58,54,0.0689655
42633,58,54,0.0689655
42640,58,54,0.0689655
42649,58,54,0.0689655
42658,58,54,0.0689655
42666,58,54,0.0689655
42673,58,54,0.0689655
42681,58,54,0.0689655
42687,58,54,0.0689655
42696,58,54,0.0689655
42702,58,54,0.0689655
42706,58,54,0.0689655
42711,58,54,0.0689655
42718,58,54,0.0689655
42725,58,54,0.0689655
42732,58,54,0.0689655
42737,58,54,0.0689655
42743,58,54,0.0689655
42748,58,54,0.0689655
42755,58,54,0.0689655
42763,58,54,0.0689655
42770,58,54,0.0689655
42776,58,54,0.0689655
42784,58,54,0.0689655
42792,58,54,0.0689655
42798,58,54,0.0689655
42804,58,54,0.0689655
42809,58,54,0.0689655
42816,58,54,0.0689655
42824,58,54,0.0689655
42833,58,54,0.0689655
42838,58,54,0.0689655
42845,58,54,0.0689655
42851,58,54,0.0689655
42859,58,54,0.0689655
42868,58,54,0.0689655
42878,58,54,0.0689655
42887,58,54,0.0689655
42897,58,54,0.0689655
42906,58,54,0.0689655
42913,58,54,0.0689655
42921,58,54,0.0689655
42925,58,54,0.0689655
42928,58,54,0.0689655
42934,58,54,0.0689655
42939,58,54,0.0689655
42941,58,54,0.0689655
42948,58,54,0.0689655
42956,58,54,0.0689655
42965,58,54,0.0689655
42975,58,54,0.0689655
42983,58,54,0.0689655
42991,58,54,0.0689655
42998,58,54,0.0689655
43005,58,54,0.0689655
43008,58,54,0.0689655
43014,58,54,0.0689655
43022,58,54,0.0689655
43030,58,54,0.0689655
43039,58,54,0.0689655
43045,58,54,0.0689655
43052,58,54,0.0689655
43061,58,54,0.0689655
43068,58,54,0.0689655
43075,58,54,0.0689655
43083,58,54,0.0689655
43090,58,54,0.0689655
43094,58,54,0.0689655
43101,58,54,0.0689655
43110,58,54,0.0689655
43119,58,54,0.0689655
43127,58,54,0.0689655
43136,58,54,0.0689655
43142,58,54,0.0689655
43149,58,54,0.0689655
43158,58,54,0.0689655
43164,58,54,0.0689655
43169,58,54,0.0689655
43178,58,54,0.0689655
43184,58,54,0.0689655
43191,58,54,0.0689655
43196,58,54,0.0689655
43201,58,54,0.0689655
43210,58,54,0.0689655
43219,58,54,0.0689655
43226,58,54,0.0689655
43234,58,54,0.0689655
43236,58,54,0.0689655
43243,58,54,0.0689655
43252,58,54,0.0689655
43259,58,54,0.0689655
43268,58,54,0.0689655
43277,58,54,0.0689655
43284,58,54,0.0689655
43292,58,54,0.0689655
43300,58,54,0.0689655
43304,58,54,0.0689655
43310,58,54,0.0689655
43318,58,54,0.0689655
43327,58,54,0.0689655
43336,58,54,0.0689655
43345,58,54,0.0689655
43351,58,54,0.0689655
43357,58,54,0.0689655
43359,58,54,0.0689655
43365,58,54,0.0689655
43372,58,54,0.0689655
43381,58,54,0.0689655
43390,58,54,0.0689655
43400,58,54,0.0689655
43409,58,54,0.0689655
43413,58,54,0.0689655
43418,58,54,0.0689655
43426,58,54,0.0689655
43435,58,54,0.0689655
43441,58,54,0.0689655
43444,58,54,0.0689655
43449,58,54,0.0689655
43456,58,54,0.0689655
43464,58,54,0.0689655
43473,58,54,0.0689655
43483,58,54,0.0689655
43493,58,54,0.0689655
43503,58,54,0.0689655
43511,58,54,0.0689655
43521,58,54,0.0689655
43530,58,54,0.0689655
43540,58,54,0.0689655
43549,58,54,0.0689655
43557,58,54,0.0689655
43565,58,54,0.0689655
43573,58,54,0.0689655
43582,58,54,0.0689655
43592,58,54,0.0689655
43598,58,54,0.0689655
43605,58,54,0.0689655
43613,58,54,0.0689655
43622,58,54,0.0689655
43628,58,54,0.0689655
43633,58,54,0.0689655
43639,58,54,0.0689655
43647,58,54,0.0689655
43656,58,54,0.0689655
43662,58,54,0.0689655
43671,58,54,0.0689655
43681,58,54,0.0689655
43691,58,54,0.0689655
43696,58,54,0.0689655
43702,58,54,0.0689655
43709,58,54,0.0689655
43716,58,54,0.0689655
43724,58,54,0.0689655
43732,58,54,0.0689655
43740,58,54,0.0689655
43749,58,54,0.0689655
43756,58,54,0.0689655
43762,58,54,0.0689655
43768,58,54,0.0689655
43774,58,54,0.0689655
43780,58,54,0.0689655
43786,58,54,0.0689655
43791,58,54,0.0689655
43798,58,54,0.0689655
43808,58,54,0.0689655
43815,58,54,0.0689655
43822,58,54,0.0689655
43829,58,54,0.0689655
43834,58,54,0.0689655
43843,58,54,0.0689655
43851,58,54,0.0689655
43857,58,54,0.0689655
43864,58,54,0.0689655
43873,58,54,0.0689655
43882,58,54,0.0689655
43888,58,54,0.0689655
43896,58,54,0.0689655
43902,58,54,0.0689655
43908,58,54,0.0689655
43915,58,54,0.0689655
43923,58,54,0.0689655
43931,58,54,0.0689655
43939,58,54,0.0689655
43946,58,54,0.0689655
43953,58,54,0.0689655
43961,58,54,0.0689655
43967,58,54,0.0689655
43974,58,54,0.0689655
43983,58,54,0.0689655
43992,58,54,0.0689655
43997,58,54,0.0689655
44002,58,54,0.0689655
44007,58,54,0.0689655
44014,58,54,0.0689655
44020,58,54,0.0689655
44029,58,54,0.0689655
44037,58,54,0.0689655
44042,58,54,0.0689655
44049,58,54,0.0689655
44057,58,54,0.0689655
44065,58,54,0.0689655
44073,58,54,0.0689655
44079,58,54,0.0689655
44086,58,54,0.0689655
44091,58,54,0.0689655
44097,58,54,0.0689655
44104,58,54,0.0689655
44110,58,54,0.0689655
44116,58,54,0.0689655
44121,58,54,0.0689655
44129,58,54,0.0689655
44136,58,54,0.0689655
44140,58,54,0.0689655
44146,58,54,0.0689655
44151,58,54,0.0689655
44157,58,54,0.0689655
44163,58,54,0.0689655
44171,58,54,0.0689655
44176,58,54,0.0689655
44183,58,54,0.0689655
44191,58,54,0.0689655
44200,58,54,0.0689655
44209,58,54,0.0689655
44217,58,54,0.0689655
44222,58,54,0.0689655
44227,58,54,0.0689655
44232,58,54,0.0689655
44237,58,54,0.0689655
44244,58,54,0.0689655
44251,58,54,0.0689655
44259,58,54,0.0689655
44267,58,54,0.0689655
44273,58,54,0.0689655
44282,58,54,0.0689655
44289,58,54,0.0689655
44294,58,54,0.0689655
44299,58,54,0.0689655
44304,58,54,0.0689655
44311,58,54,0.0689655
44314,58,54,0.0689655
44318,58,54,0.0689655
44325,58,54,0.0689655
44332,58,54,0.0689655
44339,58,54,0.0689655
44347,58,54,0.0689655
44353,58,54,0.0689655
44358,58,54,0.0689655
44362,58,54,0.0689655
44370,58,54,0.0689655
44376,58,54,0.0689655
44385,58,54,0.0689655
44394,58,54,0.0689655
44399,58,54,0.0689655
44401,58,54,0.0689655
44404,58,54,0.0689655
44411,58,54,0.0689655
44415,58,54,0.0689655
44421,58,54,0.0689655
44431,58,54,0.0689655
44440,58,54,0.0689655
44449,58,54,0.0689655
44456,58,54,0.0689655
44465,58,54,0.0689655
44470,58,54,0.0689655
44477,58,54,0.0689655
44484,58,54,0.0689655
44492,58,54,0.0689655
44499,58,54,0.0689655
44508,58,54,0.0689655
44516,58,54,0.0689655
44525,58,54,0.0689655
44533,58,54,0.0689655
44539,58,54,0.0689655
44547,58,54,0.0689655
44551,58,54,0.0689655
44556,58,54,0.0689655
44562,58,54,0.0689655
44571,58,54,0.0689655
44577,58,54,0.0689655
44583,58,54,0.0689655
44589,58,54,0.0689655
44595,58,54,0.0689655
44602,58,54,0.0689655
44609,58,54,0.0689655
44615,58,54,0.0689655
44624,58,54,0.0689655
44631,58,54,0.0689655
44639,58,54,0.0689655
44645,58,54,0.0689655
44653,58,54,0.0689655
44661,58,54,0.0689655
44669,58,54,0.0689655
44674,58,54,0.0689655
44680,58,54,0.0689655
44684,58,54,0.0689655
44692,58,54,0.0689655
44696,58,54,0.0689655
44701,58,54,0.0689655
44710,58,54,0.0689655
44717,58,54,0.0689655
44723,58,54,0.0689655
44732,58,54,0.0689655
44738,58,54,0.0689655
44745,58,54,0.0689655
44751,58,54,0.0689655
44757,58,54,0.0689655
44764,58,54,0.0689655
44772,58,54,0.0689655
44779,58,54,0.0689655
44784,58,54,0.0689655
44790,58,54,0.0689655
44797,58,54,0.0689655
44804,58,54,0.0689655
44812,58,54,0.0689655
44820,58,54,0.0689655
44829,58,54,0.0689655
44835,58,54,0.0689655
44843,58,54,0.0689655
44852,58,54,0.0689655
44860,58,54,0.0689655
44868,58,54,0.0689655
44873,58,54,0.0689655
44881,58,54,0.0689655
44887,58,54,0.0689655
44891,58,54,0.0689655
44898,58,54,0.0689655
44904,58,54,0.0689655
44911,58,54,0.0689655
44919,58,54,0.0689655
44929,58,54,0.0689655
44936,58,54,0.0689655
44943,58,54,0.0689655
44951,58,54,0.0689655
44959,58,54,0.0689655
44966,58,54,0.0689655
44976,58,54,0.0689655
44981,58,54,0.0689655
44986,58,54,0.0689655
44991,58,54,0.0689655
45001,58,54,0.0689655
45010,58,54,0.0689655
45018,58,54,0.0689655
45027,58,54,0.0689655
45036,58,54,0.0689655
45044,58,54,0.0689655
45049,58,54,0.0689655
45055,58,54,0.0689655
45060,58,54,0.0689655
45068,58,54,0.0689655
45075,58,54,0.0689655
45080,58,54,0.0689655
45085,58,54,0.0689655
45093,58,54,0.0689655
45099,58,54,0.0689655
45107,58,54,0.0689655
45114,58,54,0.0689655
45121,58,54,0.0689655
45126,58,54,0.0689655
45131,58,54,0.0689655
45136,58,54,0.0689655
45142,58,54,0.0689655
45149,58,54,0.0689655
45157,58,54,0.0689655
45163,58,54,0.0689655
45168,58,54,0.0689655
45173,58,54,0.0689655
45178,58,54,0.0689655
45184,58,54,0.0689655
45191,58,54,0.0689655
45199,58,54,0.0689655
45204,58,54,0.0689655
45214,58,54,0.0689655
45222,58,54,0.0689655
45229,58,54,0.0689655
45237,58,54,0.0689655
45245,58,54,0.0689655
45253,58,54,0.0689655
45258,58,54,0.0689655
45264,58,54,0.0689655
45273,58,54,0.0689655
45281,58,54,0.0689655
45287,58,54,0.0689655
45294,58,54,0.0689655
45300,58,54,0.0689655
45305,58,54,0.0689655
45311,58,54,0.0689655
45318,58,54,0.0689655
45323,58,54,0.0689655
45332,58,54,0.0689655
45338,58,54,0.0689655
45346,58,54,0.0689655
45354,58,54,0.0689655
45361,58,54,0.0689655
45366,58,54,0.0689655
45373,58,54,0.0689655
45381,58,54,0.0689655
45390,58,54,0.0689655
45396,58,54,0.0689655
45400,58,54,0.0689655
45406,58,54,0.0689655
45411,58,54,0.0689655
45416,58,54,0.0689655
45424,58,54,0.0689655
45434,58,54,0.0689655
45439,58,54,0.0689655
45448,58,54,0.0689655
45455,58,54,0.0689655
45461,58,54,0.0689655
45466,58,54,0.0689655
45472,58,54,0.0689655
45478,58,54,0.0689655
45488,58,54,0.0689655
45497,58,54,0.0689655
45506,58,54,0.0689655
45512,58,54,0.0689655
45521,58,54,0.0689655
45529,58,54,0.0689655
45535,58,54,0.0689655
45541,58,54,0.0689655
45545,58,54,0.0689655
45550,58,54,0.0689655
45554,58,54,0.0689655
45559,58,54,0.0689655
45565,58,54,0.0689655
45573,58,54,0.0689655
45581,58,54,0.0689655
45586,58,54,0.0689655
45593,58,54,0.0689655
45600,58,54,0.0689655
45607,58,54,0.0689655
45616,58,54,0.0689655
45620,58,54,0.0689655
45625,58,54,0.0689655
45631,58,54,0.0689655
45636,58,54,0.0689655
45642,58,54,0.0689655
45647,58,54,0.0689655
45655,58,54,0.0689655
45663,58,54,0.0689655
45670,58,54,0.0689655
45678,58,54,0.0689655
45685,58,54,0.0689655
45691,58,54,0.0689655
45701,58,54,0.0689655
45709,58,54,0.0689655
45716,58,54,0.0689655
45724,58,54,0.0689655
45732,58,54,0.0689655
45741,58,54,0.0689655
45748,58,54,0.0689655
45753,58,54,0.0689655
45758,58,54,0.0689655
45764,58,54,0.0689655
45773,58,54,0.0689655
45779,58,54,0.0689655
45786,58,54,0.0689655
45794,58,54,0.0689655
45803,58,54,0.0689655
45809,58,54,0.0689655
45814,58,54,0.0689655
45820,58,54,0.0689655
45826,58,54,0.0689655
45832,58,54,0.0689655
45838,58,54,0.0689655
45845,58,54,0.0689655
45854,58,54,0.0689655
45863,58,54,0.0689655
45871,58,54,0.0689655
45879,58,54,0.0689655
45886,58,54,0.0689655
45893,58,54,0.0689655
45899,58,54,0.0689655
45906,58,54,0.0689655
45912,58,54,0.0689655
45920,58,54,0.0689655
45928,58,54,0.0689655
45936,58,54,0.0689655
45944,58,54,0.0689655
45953,58,54,0.0689655
45962,58,54,0.0689655
45972,58,54,0.0689655
45981,58,54,0.0689655
45990,58,54,0.0689655
46000,58,54,0.0689655
46010,58,54,0.0689655
46019,58,54,0.0689655
46029,58,54,0.0689655
46035,58,54,0.0689655
46044,58,54,0.0689655
46054,58,54,0.0689655
46060,58,54,0.0689655
46068,58,54,0.0689655
46074,58,54,0.0689655
46083,58,54,0.0689655
46090,58,54,0.0689655
46095,58,54,0.0689655
46104,58,54,0.0689655
46113,58,54,0.0689655
46119,58,54,0.0689655
46127,58,54,0.0689655
46134,58,54,0.0689655
46143,58,54,0.0689655
46151,58,54,0.0689655
46156,58,54,0.0689655
46164,58,54,0.0689655
46172,58,54,0.0689655
46179,58,54,0.0689655
46185,58,54,0.0689655
46192,58,54,0.0689655
46201,58,54,0.0689655
46208,58,54,0.0689655
46215,58,54,0.0689655
46223,58,54,0.0689655
46230,58,54,0.0689655
46237,58,54,0.0689655
46246,58,54,0.0689655
46253,58,54,0.0689655
46258,58,54,0.0689655
46265,58,54,0.0689655
46274,58,54,0.0689655
46281,58,54,0.0689655
46289,58,54,0.0689655
46294,58,54,0.0689655
46301,58,54,0.0689655
46308,58,54,0.0689655
46314,58,54,0.0689655
46318,58,54,0.0689655
46324,58,54,0.0689655
46330,58,54,0.0689655
46337,58,54,0.0689655
46347,58,54,0.0689655
46356,58,54,0.0689655
46364,58,54,0.0689655
46371,58,54,0.0689655
46379,58,54,0.0689655
46384,58,54,0.0689655
46389,58,54,0.0689655
46396,58,54,0.0689655
46405,58,54,0.0689655
46412,58,54,0.0689655
46420,58,54,0.0689655
46428,58,54,0.0689655
46434,58,54,0.0689655
46442,58,54,0.0689655
46449,58,54,0.0689655
46456,58,54,0.0689655
46465,58,54,0.0689655
46470,58,54,0.0689655
46475,58,54,0.0689655
46480,58,54,0.0689655
46487,58,54,0.0689655
46495,58,54,0.0689655
46503,58,54,0.0689655
46511,58,54,0.0689655
46520,58,54,0.0689655
46524,58,54,0.0689655
46530,58,54,0.0689655
46537,58,54,0.0689655
46543,58,54,0.0689655
46551,58,54,0.0689655
46559,58,54,0.0689655
46562,58,54,0.0689655
46567,58,54,0.0689655
46574,58,54,0.0689655
46583,58,54,0.0689655
46592,58,54,0.0689655
46601,58,54,0.0689655
46610,58,54,0.0689655
46618,58,54,0.0689655
46625,58,54,0.0689655
46633,58,54,0.0689655
46638,58,54,0.0689655
46648,58,54,0.0689655
46656,58,54,0.0689655
46663,58,54,0.0689655
46669,58,54,0.0689655
46677,58,54,0.0689655
46685,58,54,0.0689655
46692,58,54,0.0689655
46701,58,54,0.0689655
46708,58,54,0.0689655
46713,58,54,0.0689655
46717,58,54,0.0689655
46726,58,54,0.0689655
46732,58,54,0.0689655
46740,58,54,0.0689655
46749,58,54,0.0689655
46758,58,54,0.0689655
46767,58,54,0.0689655
46776,58,54,0.0689655
46784,58,54,0.0689655
46791,58,54,0.0689655
46798,58,54,0.0689655
46805,58,54,0.0689655
46814,58,54,0.0689655
46823,58,54,0.0689655
46831,58,54,0.0689655
46841,58,54,0.0689655
46850,58,54,0.0689655
46857,58,54,0.0689655
46865,58,54,0.0689655
46874,58,54,0.0689655
46883,58,54,0.0689655
46891,58,54,0.0689655
46896,58,54,0.0689655
46900,58,54,0.0689655
46907,58,54,0.0689655
46915,58,54,0.0689655
46923,58,54,0.0689655
46931,58,54,0.0689655
46938,58,54,0.0689655
46942,58,54,0.0689655
46949,58,54,0.0689655
46955,58,54,0.0689655
46963,58,54,0.0689655
46971,58,54,0.0689655
46977,58,54,0.0689655
46984,58,54,0.0689655
46989,58,54,0.0689655
46994,58,54,0.0689655
47002,58,54,0.0689655
47008,58,54,0.0689655
47014,58,54,0.0689655
47022,58,54,0.0689655
47028,58,54,0.0689655
47037,58,54,0.0689655
47042,58,54,0.0689655
47050,58,54,0.0689655
47060,58,54,0.0689655
47068,58,54,0.0689655
47076,58,54,0.0689655
47083,58,54,0.0689655
47089,58,54,0.0689655
47099,58,54,0.0689655
47108,58,54,0.0689655
47113,58,54,0.0689655
47122,58,54,0.0689655
47131,58,54,0.0689655
47139,58,54,0.0689655
47145,58,54,0.0689655
47152,58,54,0.0689655
47158,58,54,0.0689655
47167,58,54,0.0689655
47175,58,54,0.0689655
47185,58,54,0.0689655
47193,58,54,0.0689655
47202,58,54,0.0689655
47211,58,54,0.0689655
47218,58,54,0.0689655
47222,58,54,0.0689655
47229,58,54,0.0689655
47236,58,54,0.0689655
47242,58,54,0.0689655
47251,58,54,0.0689655
47261,58,54,0.0689655
47271,58,54,0.0689655
47280,58,54,0.0689655
47287,58,54,0.0689655
47297,58,54,0.0689655
47307,58,54,0.0689655
47316,58,54,0.0689655
47326,58,54,0.0689655
47336,58,54,0.0689655
47345,58,54,0.0689655
47351,58,54,0.0689655
47358,58,54,0.0689655
47363,58,54,0.0689655
47368,58,54,0.0689655
47375,58,54,0.0689655
47382,58,54,0.0689655
47390,58,54,0.0689655
47398,58,54,0.0689655
47403,58,54,0.0689655
47410,58,54,0.0689655
47419,58,54,0.0689655
47428,58,54,0.0689655
47437,58,54,0.0689655
47447,58,54,0.0689655
47454,58,54,0.0689655
47462,58,54,0.0689655
47467,58,54,0.0689655
47474,58,54,0.0689655
47481,58,54,0.0689655
47490,58,54,0.0689655
47498,58,54,0.0689655
47507,58,54,0.0689655
47513,58,54,0.0689655
47520,58,54,0.0689655
47527,58,54,0.0689655
47534,58,54,0.0689655
47542,58,54,0.0689655
47550,58,54,0.0689655
47556,58,54,0.0689655
47563,58,54,0.0689655
47569,58,54,0.0689655
47576,58,54,0.0689655
47585,58,54,0.0689655
47592,58,54,0.0689655
47598,58,54,0.0689655
47607,58,54,0.0689655
47616,58,54,0.0689655
47624,58,54,0.0689655
47631,58,54,0.0689655
47641,58,54,0.0689655
47650,58,54,0.0689655
47660,58,54,0.0689655
47670,58,54,0.0689655
47677,58,54,0.0689655
47685,58,54,0.0689655
47694,58,54,0.0689655
47701,58,54,0.0689655
47706,58,54,0.0689655
47711,58,54,0.0689655
47716,58,54,0.0689655
47723,58,54,0.0689655
47729,58,54,0.0689655
47737,58,54,0.0689655
47747,58,54,0.0689655
47754,58,54,0.0689655
47762,58,54,0.0689655
47768,58,54,0.0689655
47774,58,54,0.0689655
47783,58,54,0.0689655
47791,58,54,0.0689655
47797,58,54,0.0689655
47804,58,54,0.0689655
47813,58,54,0.0689655
47818,58,54,0.0689655
47822,58,54,0.0689655
47828,58,54,0.0689655
47837,58,54,0.0689655
47846,58,54,0.0689655
47851,58,54,0.0689655
47859,58,54,0.0689655
47865,58,54,0.0689655
47873,58,54,0.0689655
47881,58,54,0.0689655
47889,58,54,0.0689655
47899,58,54,0.0689655
47908,58,54,0.0689655
47916,58,54,0.0689655
47926,58,54,0.0689655
47935,58,54,0.0689655
47943,58,54,0.0689655
47948,58,54,0.0689655
47956,58,54,0.0689655
47959,58,54,0.0689655
47964,58,54,0.0689655
47972,58,54,0.0689655
47982,58,54,0.0689655
47991,58,54,0.0689655
47999,58,54,0.0689655
48005,58,54,0.0689655
48012,58,54,0.0689655
48021,58,54,0.0689655
48027,58,54,0.0689655
48031,58,54,0.0689655
48037,58,54,0.0689655
48042,58,54,0.0689655
48048,58,54,0.0689655
48056,58,54,0.0689655
48065,58,54,0.0689655
48075,58,54,0.0689655
48083,58,54,0.0689655
48089,58,54,0.0689655
48094,58,54,0.0689655
48099,58,54,0.0689655
48107,58,54,0.0689655
48112,58,54,0.0689655
48117,58,54,0.0689655
48124,58,54,0.0689655
48133,58,54,0.0689655
48142,58,54,0.0689655
48149,58,54,0.0689655
48156,58,54,0.0689655
48163,58,54,0.0689655
48173,58,54,0.0689655
48179,58,54,0.0689655
48185,58,54,0.0689655
48193,58,54,0.0689655
48202,58,54,0.0689655
48209,58,54,0.0689655
48214,58,54,0.0689655
48222,58,54,0.0689655
48229,58,54,0.0689655
48234,58,54,0.0689655
48241,58,54,0.0689655
48250,58,54,0.0689655
48257,58,54,0.0689655
48267,58,54,0.0689655
48276,58,54,0.0689655
48285,58,54,0.0689655
48292,58,54,0.0689655
48299,58,54,0.0689655
48303,58,54,0.0689655
48308,58,54,0.0689655
48315,58,54,0.0689655
48322,58,54,0.0689655
48331,58,54,0.0689655
48338,58,54,0.0689655
48347,58,54,0.0689655
48354,58,54,0.0689655
48360,58,54,0.0689655
48366,58,54,0.0689655
48375,58,54,0.0689655
48380,58,54,0.0689655
48384,58,54,0.0689655
48390,58,54,0.0689655
48395,58,54,0.0689655
48400,58,54,0.0689655
48407,58,54,0.0689655
48414,58,54,0.0689655
48423,58,54,0.0689655
48433,58,54,0.0689655
48442,58,54,0.0689655
48451,58,54,0.0689655
48460,58,54,0.0689655
48466,58,54,0.0689655
48475,58,54,0.0689655
48482,58,54,0.0689655
48487,58,54,0.0689655
48493,58,54,0.0689655
48500,58,54,0.0689655
48509,58,54,0.0689655
48518,58,54,0.0689655
48528,58,54,0.0689655
48537,58,54,0.0689655
48545,58,54,0.0689655
48551,58,54,0.0689655
48558,58,54,0.0689655
48568,58,54,0.0689655
48574,58,54,0.0689655
48578,58,54,0.0689655
48583,58,54,0.0689655
48590,58,54,0.0689655
48598,58,54,0.0689655
48607,58,54,0.0689655
48617,58,54,0.0689655
48626,58,54,0.0689655
48636,58,54,0.0689655
48646,58,54,0.0689655
48655,58,54,0.0689655
48663,58,54,0.0689655
48671,58,54,0.0689655
48675,58,54,0.0689655
48679,58,54,0.0689655
48686,58,54,0.0689655
48695,58,54,0.0689655
48703,58,54,0.0689655
48714,58,54,0.0689655
48723,58,54,0.0689655
48732,58,54,0.0689655
48742,58,54,0.0689655
48751,58,54,0.0689655
48761,58,54,0.0689655
48770,58,54,0.0689655
48780,58,54,0.0689655
48789,58,54,0.0689655
48799,58,54,0.0689655
48808,58,54,0.0689655
48814,58,54,0.0689655
48822,58,54,0.0689655
48832,58,54,0.0689655
48841,58,54,0.0689655
48850,58,54,0.0689655
48859,58,54,0.0689655
48865,58,54,0.0689655
48870,58,54,0.0689655
48877,58,54,0.0689655
48885,58,54,0.0689655
48894,58,54,0.0689655
48901,58,54,0.0689655
48909,58,54,0.0689655
48918,58,54,0.0689655
48926,58,54,0.0689655
48932,58,54,0.0689655
48935,58,54,0.0689655
48941,58,54,0.0689655
48947,58,54,0.0689655
48956,58,54,0.0689655
48965,58,54,0.0689655
48971,58,54,0.0689655
48976,58,54,0.0689655
48984,58,54,0.0689655
48992,58,54,0.0689655
49000,58,54,0.0689655
49010,58,54,0.0689655
49016,58,54,0.0689655
49020,58,54,0.0689655
49025,58,54,0.0689655
49031,58,54,0.0689655
49041,58,54,0.0689655
49050,58,54,0.0689655
49060,58,54,0.0689655
49069,58,54,0.0689655
49077,58,54,0.0689655
49084,58,54,0.0689655
49092,58,54,0.0689655
49100,58,54,0.0689655
49107,58,54,0.0689655
49111,58,54,0.0689655
49117,58,54,0.0689655
49123,58,54,0.0689655
49125,58,54,0.0689655
49131,58,54,0.0689655
49141,58,54,0.0689655
49150,58,54,0.0689655
49160,58,54,0.0689655
49168,58,54,0.0689655
49177,58,54,0.0689655
49185,58,54,0.0689655
49189,58,54,0.0689655
49194,58,54,0.0689655
49199,58,54,0.0689655
49206,58,54,0.0689655
49213,58,54,0.0689655
49221,58,54,0.0689655
49229,58,54,0.0689655
49236,58,54,0.0689655
49242,58,54,0.0689655
49247,58,54,0.0689655
49253,58,54,0.0689655
49258,58,54,0.0689655
49267,58,54,0.0689655
49273,58,54,0.0689655
49278,58,54,0.0689655
49284,58,54,0.0689655
49289,58,54,0.0689655
49297,58,54,0.0689655
49305,58,54,0.0689655
49313,58,54,0.0689655
49321,58,54,0.0689655
49327,58,54,0.0689655
49333,58,54,0.0689655
49342,58,54,0.0689655
49352,58,54,0.0689655
49360,58,54,0.0689655
49365,58,54,0.0689655
49375,58,54,0.0689655
49385,58,54,0.0689655
49392,58,54,0.0689655
49402,58,54,0.0689655
49410,58,54,0.0689655
49419,58,54,0.0689655
49427,58,54,0.0689655
49432,58,54,0.0689655
49440,58,54,0.0689655
49449,58,54,0.0689655
49459,58,54,0.0689655
49468,58,54,0.0689655
49475,58,54,0.0689655
49485,58,54,0.0689655
49494,58,54,0.0689655
49503,58,54,0.0689655
49511,58,54,0.0689655
49518,58,54,0.0689655
49523,58,54,0.0689655
49529,58,54,0.0689655
49534,58,54,0.0689655
49543,58,54,0.0689655
49549,58,54,0.0689655
49554,58,54,0.0689655
49559,58,54,0.0689655
49567,58,54,0.0689655
49577,58,54,0.0689655
49586,58,54,0.0689655
49596,58,54,0.0689655
49602,58,54,0.0689655
49609,58,54,0.0689655
49617,58,54,0.0689655
49627,58,54,0.0689655
49637,58,54,0.0689655
49645,58,54,0.0689655
49654,58,54,0.0689655
49657,58,54,0.0689655
49664,58,54,0.0689655
49671,58,54,0.0689655
49680,58,54,0.0689655
49687,58,54,0.0689655
49693,58,54,0.0689655
49701,58,54,0.0689655
49710,58,54,0.0689655
49717,58,54,0.0689655
49724,58,54,0.0689655
49729,58,54,0.0689655
49735,58,54,0.0689655
49742,58,54,0.0689655
49748,58,54,0.0689655
49751,58,54,0.0689655
49757,58,54,0.0689655
49764,58,54,0.0689655
49774,58,54,0.0689655
49782,58,54,0.0689655
49790,58,54,0.0689655
49798,58,54,0.0689655
49807,58,54,0.0689655
49811,58,54,0.0689655
49818,58,54,0.0689655
49828,58,54,0.0689655
49836,58,54,0.0689655
49842,58,54,0.0689655
49849,58,54,0.0689655
49858,58,54,0.0689655
49864,58,54,0.0689655
49871,58,54,0.0689655
49880,58,54,0.0689655
49887,58,54,0.0689655
49896,58,54,0.0689655
49906,58,54,0.0689655
49915,58,54,0.0689655
49925,58,54,0.0689655
49935,58,54,0.0689655
49944,58,54,0.0689655
49954,58,54,0.0689655
49964,58,54,0.0689655
49971,58,54,0.0689655
49979,58,54,0.0689655
49985,58,54,0.0689655
49990,58,54,0.0689655
49997,58,54,0.0689655
50002,58,54,0.0689655
50009,58,54,0.0689655
50019,58,54,0.0689655
50029,58,54,0.0689655
50039,58,54,0.0689655
50046,58,54,0.0689655
50053,58,54,0.0689655
50057,58,54,0.0689655
50064,58,54,0.0689655
50072,58,54,0.0689655
50078,58,54,0.0689655
50087,58,54,0.0689655
50093,58,54,0.0689655
50098,58,54,0.0689655
50105,58,54,0.0689655
50111,58,54,0.0689655
50121,58,54,0.0689655
50130,58,54,0.0689655
50138,58,54,0.0689655
50143,58,54,0.0689655
50152,58,54,0.0689655
50161,58,54,0.0689655
50169,58,54,0.0689655
50175,58,54,0.0689655
50184,58,54,0.0689655
50194,58,54,0.0689655
50199,58,54,0.0689655
50206,58,54,0.0689655
50215,58,54,0.0689655
50224,58,54,0.0689655
50231,58,54,0.0689655
50239,58,54,0.0689655
50249,58,54,0.0689655
50259,58,54,0.0689655
50266,58,54,0.0689655
50271,58,54,0.0689655
50278,58,54,0.0689655
50282,58,54,0.0689655
50291,58,54,0.0689655
50298,58,54,0.0689655
50303,58,54,0.0689655
50309,58,54,0.0689655
50320,58,54,0.0689655
50329,58,54,0.0689655
50338,58,54,0.0689655
50349,58,54,0.0689655
50359,58,54,0.0689655
50369,58,54,0.0689655
50379,58,54,0.0689655
50389,58,54,0.0689655
50399,58,54,0.0689655
50408,58,54,0.0689655
50418,58,54,0.0689655
50428,58,54,0.0689655
50437,58,54,0.0689655
50445,58,54,0.0689655
50451,58,54,0.0689655
50457,58,54,0.0689655
50464,58,54,0.0689655
50470,58,54,0.0689655
50479,58,54,0.0689655
50487,58,54,0.0689655
50497,58,54,0.0689655
50505,58,54,0.0689655
50511,58,54,0.0689655
50520,58,54,0.0689655
50528,58,54,0.0689655
50534,58,54,0.0689655
50542,58,54,0.0689655
50549,58,54,0.0689655
50558,58,54,0.0689655
50563,58,54,0.0689655
50568,58,54,0.0689655
50574,58,54,0.0689655
50582,58,54,0.0689655
50588,58,54,0.0689655
50598,58,54,0.0689655
50607,58,54,0.0689655
50613,58,54,0.0689655
50620,58,54,0.0689655
50628,58,54,0.0689655
50633,58,54,0.0689655
50638,58,54,0.0689655
50644,58,54,0.0689655
50649,58,54,0.0689655
50656,58,54,0.0689655
50660,58,54,0.0689655
50665,58,54,0.0689655
50671,58,54,0.0689655
50678,58,54,0.0689655
50686,58,54,0.0689655
50695,58,54,0.0689655
50701,58,54,0.0689655
50707,58,54,0.0689655
50713,58,54,0.0689655
50718,58,54,0.0689655
50727,58,54,0.0689655
50734,58,54,0.0689655
50742,58,54,0.0689655
50747,58,54,0.0689655
50752,58,54,0.0689655
50757,58,54,0.0689655
50761,58,54,0.0689655
50766,58,54,0.0689655
50772,58,54,0.0689655
50777,58,54,0.0689655
50783,58,54,0.0689655
50787,58,54,0.0689655
50796,58,54,0.0689655
50804,58,54,0.0689655
50812,58,54,0.0689655
50818,58,54,0.0689655
50826,58,54,0.0689655
50834,58,54,0.0689655
50836,58,54,0.0689655
50839,58,54,0.0689655
50844,58,54,0.0689655
50854,58,54,0.0689655
50863,58,54,0.0689655
50873,58,54,0.0689655
50882,58,54,0.0689655
50892,58,54,0.0689655
50901,58,54,0.0689655
50908,58,54,0.0689655
50915,58,54,0.0689655
50923,58,54,0.0689655
50930,58,54,0.0689655
50936,58,54,0.0689655
50944,58,54,0.0689655
50954,58,54,0.0689655
50963,58,54,0.0689655
50970,58,54,0.0689655
50978,58,54,0.0689655
50987,58,54,0.0689655
50994,58,54,0.0689655
51000,58,54,0.0689655
51009,58,54,0.0689655
51014,58,54,0.0689655
51023,58,54,0.0689655
51032,58,54,0.0689655
51038,58,54,0.0689655
51041,58,54,0.0689655
51043,58,54,0.0689655
51046,58,54,0.0689655
51049,58,54,0.0689655
51054,58,54,0.0689655
51063,58,54,0.0689655
51072,58,54,0.0689655
51081,58,54,0.0689655
51088,58,54,0.0689655
51094,58,54,0.0689655
51102,58,54,0.0689655
51112,58,54,0.0689655
51122,58,54,0.0689655
51131,58,54,0.0689655
51136,58,54,0.0689655
51141,58,54,0.0689655
51151,58,54,0.0689655
51161,58,54,0.0689655
51170,58,54,0.0689655
51178,58,54,0.0689655
51188,58,54,0.0689655
51196,58,54,0.0689655
51201,58,54,0.0689655
51203,58,54,0.0689655
51208,58,54,0.0689655
51213,58,54,0.0689655
51221,58,54,0.0689655
51229,58,54,0.0689655
51233,58,54,0.0689655
51238,58,54,0.0689655
51244,58,54,0.0689655
51250,58,54,0.0689655
51257,58,54,0.0689655
51262,58,54,0.0689655
51268,58,54,0.0689655
51274,58,54,0.0689655
51281,58,54,0.0689655
51288,58,54,0.0689655
51295,58,54,0.0689655
51301,58,54,0.0689655
51306,58,54,0.0689655
51308,58,54,0.0689655
51315,58,54,0.0689655
51324,58,54,0.0689655
51331,58,54,0.0689655
51338,58,54,0.0689655
51345,58,54,0.0689655
51352,58,54,0.0689655
51361,58,54,0.0689655
51367,58,54,0.0689655
51373,58,54,0.0689655
51379,58,54,0.0689655
51388,58,54,0.0689655
51392,58,54,0.0689655
51401,58,54,0.0689655
51408,58,54,0.0689655
51414,58,54,0.0689655
51422,58,54,0.0689655
51431,58,54,0.0689655
51438,58,54,0.0689655
51445,58,54,0.0689655
51451,58,54,0.0689655
51456,58,54,0.0689655
51465,58,54,0.0689655
51478,58,54,0.0689655
51487,58,54,0.0689655
51493,58,54,0.0689655
51502,58,54,0.0689655
51512,58,54,0.0689655
51522,58,54,0.0689655
51531,58,54,0.0689655
51538,58,54,0.0689655
51543,58,54,0.0689655
51548,58,54,0.0689655
51554,58,54,0.0689655
51557,58,54,0.0689655
51563,58,54,0.0689655
51570,58,54,0.0689655
51579,58,54,0.0689655
51589,58,54,0.0689655
51595,58,54,0.0689655
51605,58,54,0.0689655
51614,58,54,0.0689655
51624,58,54,0.0689655
51633,58,54,0.0689655
51643,58,54,0.0689655
51651,58,54,0.0689655
51660,58,54,0.0689655
51669,58,54,0.0689655
51679,58,54,0.0689655
51689,58,54,0.0689655
51695,58,54,0.0689655
51703,58,54,0.0689655
51711,58,54,0.0689655
51718,58,54,0.0689655
51727,58,54,0.0689655
51734,58,54,0.0689655
51744,58,54,0.0689655
51749,58,54,0.0689655
51757,58,54,0.0689655
51764,58,54,0.0689655
51770,58,54,0.0689655
51778,58,54,0.0689655
51786,58,54,0.0689655
51792,58,54,0.0689655
51799,58,54,0.0689655
51808,58,54,0.0689655
51813,58,54,0.0689655
51817,58,54,0.0689655
51825,58,54,0.0689655
51832,58,54,0.0689655
51841,58,54,0.0689655
51846,58,54,0.0689655
51854,58,54,0.0689655
51863,58,54,0.0689655
51873,58,54,0.0689655
51881,58,54,0.0689655
51887,58,54,0.0689655
51897,58,54,0.0689655
51907,58,54,0.0689655
51916,58,54,0.0689655
51922,58,54,0.0689655
51930,58,54,0.0689655
51936,58,54,0.0689655
51943,58,54,0.0689655
51949,58,54,0.0689655
51956,58,54,0.0689655
51962,58,54,0.0689655
51971,58,54,0.0689655
51975,58,54,0.0689655
51983,58,54,0.0689655
51993,58,54,0.0689655
52003,58,54,0.0689655
52012,58,54,0.0689655
52020,58,54,0.0689655
52026,58,54,0.0689655
52028,58,54,0.0689655
52031,58,54,0.0689655
52037,58,54,0.0689655
52046,58,54,0.0689655
52054,58,54,0.0689655
52060,58,54,0.0689655
52066,58,54,0.0689655
52076,58,54,0.0689655
52081,58,54,0.0689655
52084,58,54,0.0689655
52093,58,54,0.0689655
52101,58,54,0.0689655
52106,58,54,0.0689655
52115,58,54,0.0689655
52122,58,54,0.0689655
52128,58,54,0.0689655
52137,58,54,0.0689655
52146,58,54,0.0689655
52152,58,54,0.0689655
52157,58,54,0.0689655
52166,58,54,0.0689655
52175,58,54,0.0689655
52184,58,54,0.0689655
52191,58,54,0.0689655
52199,58,54,0.0689655
52204,58,54,0.0689655
52208,58,54,0.0689655
52214,58,54,0.0689655
52219,58,54,0.0689655
52225,58,54,0.0689655
52230,58,54,0.0689655
52236,58,54,0.0689655
52243,58,54,0.0689655
52249,58,54,0.0689655
52254,58,54,0.0689655
52261,58,54,0.0689655
52267,58,54,0.0689655
52274,58,54,0.0689655
52281,58,54,0.0689655
52289,58,54,0.0689655
52299,58,54,0.0689655
52307,58,54,0.0689655
52312,58,54,0.0689655
52317,58,54,0.0689655
52322,58,54,0.0689655
52327,58,54,0.0689655
52335,58,54,0.0689655
52342,58,54,0.0689655
52345,58,54,0.0689655
52350,58,54,0.0689655
52357,58,54,0.0689655
52364,58,54,0.0689655
52368,58,54,0.0689655
52377,58,54,0.0689655
52385,58,54,0.0689655
52392,58,54,0.0689655
52394,58,54,0.0689655
52397,58,54,0.0689655
52404,58,54,0.0689655
52414,58,54,0.0689655
52423,58,54,0.0689655
52434,58,54,0.0689655
52442,58,54,0.0689655
52452,58,54,0.0689655
52463,58,54,0.0689655
52473,58,54,0.0689655
52481,58,54,0.0689655
52488,58,54,0.0689655
52493,58,54,0.0689655
52499,58,54,0.0689655
52503,58,54,0.0689655
52505,58,54,0.0689655
52509,58,54,0.0689655
52516,58,54,0.0689655
52524,58,54,0.0689655
52532,58,54,0.0689655
52537,58,54,0.0689655
52542,58,54,0.0689655
52546,58,54,0.0689655
52549,58,54,0.0689655
52553,58,54,0.0689655
52560,58,54,0.0689655
52568,58,54,0.0689655
52573,58,54,0.0689655
52581,58,54,0.0689655
52588,58,54,0.0689655
52594,58,54,0.0689655
52604,58,54,0.0689655
52612,58,54,0.0689655
52619,58,54,0.0689655
52624,58,54,0.0689655
52632,58,54,0.0689655
52639,58,54,0.0689655
52642,58,54,0.0689655
52645,58,54,0.0689655
52648,58,54,0.0689655
52654,58,54,0.0689655
52662,58,54,0.0689655
52669,58,54,0.0689655
52675,58,54,0.0689655
52678,58,54,0.0689655
52680,58,54,0.0689655
52689,58,54,0.0689655
52697,58,54,0.0689655
52705,58,54,0.0689655
52715,58,54,0.0689655
52723,58,54,0.0689655
52733,58,54,0.0689655
52743,58,54,0.0689655
52748,58,54,0.0689655
52752,58,54,0.0689655
52761,58,54,0.0689655
52767,58,54,0.0689655
52776,58,54,0.0689655
52785,58,54,0.0689655
52795,58,54,0.0689655
52802,58,54,0.0689655
52811,58,54,0.0689655
52821,58,54,0.0689655
52828,58,54,0.0689655
52836,58,54,0.0689655
52842,58,54,0.0689655
52850,58,54,0.0689655
52861,58,54,0.0689655
52866,58,54,0.0689655
52868,58,54,0.0689655
52874,58,54,0.0689655
52878,58,54,0.0689655
52881,58,54,0.0689655
52885,58,54,0.0689655
52893,58,54,0.0689655
52900,58,54,0.0689655
52906,58,54,0.0689655
52910,58,54,0.0689655
52915,58,54,0.0689655
52923,58,54,0.0689655
52929,58,54,0.0689655
52936,58,54,0.0689655
52941,58,54,0.0689655
52949,58,54,0.0689655
52955,58,54,0.0689655
52964,58,54,0.0689655
52967,58,54,0.0689655
52971,58,54,0.0689655
52979,58,54,0.0689655
52986,58,54,0.0689655
52993,58,54,0.0689655
52996,58,54,0.0689655
53001,58,54,0.0689655
53005,58,54,0.0689655
53014,58,54,0.0689655
53020,58,54,0.0689655
53028,58,54,0.0689655
53035,58,54,0.0689655
53041,58,54,0.0689655
53049,58,54,0.0689655
53054,58,54,0.0689655
53060,58,54,0.0689655
53065,58,54,0.0689655
53076,58,54,0.0689655
53085,58,54,0.0689655
53093,58,54,0.0689655
53103,58,54,0.0689655
53110,58,54,0.0689655
53119,58,54,0.0689655
53125,58,54,0.0689655
53129,58,54,0.0689655
53138,58,54,0.0689655
53148,58,54,0.0689655
53157,58,54,0.0689655
53162,58,54,0.0689655
53170,58,54,0.0689655
53178,58,54,0.0689655
53185,58,54,0.0689655
53189,58,54,0.0689655
53194,58,54,0.0689655
53200,58,54,0.0689655
53210,58,54,0.0689655
53220,58,54,0.0689655
53230,58,54,0.0689655
53240,58,54,0.0689655
53250,58,54,0.0689655
53256,58,54,0.0689655
53262,58,54,0.0689655
53270,58,54,0.0689655
53277,58,54,0.0689655
53282,58,54,0.0689655
53289,58,54,0.0689655
53295,58,54,0.0689655
53303,58,54,0.0689655
53312,58,54,0.0689655
53318,58,54,0.0689655
53321,58,54,0.0689655
53324,58,54,0.0689655
53333,58,54,0.0689655
53339,58,54,0.0689655
53344,58,54,0.0689655
53351,58,54,0.0689655
53361,58,54,0.0689655
53370,58,54,0.0689655
53378,58,54,0.0689655
53386,58,54,0.0689655
53391,58,54,0.0689655
53396,58,54,0.0689655
53401,58,54,0.0689655
53410,58,54,0.0689655
53420,58,54,0.0689655
53428,58,54,0.0689655
53435,58,54,0.0689655
53445,58,54,0.0689655
53455,58,54,0.0689655
53465,58,54,0.0689655
53475,58,54,0.0689655
53486,58,54,0.0689655
53496,58,54,0.0689655
53506,58,54,0.0689655
53516,58,54,0.0689655
53526,58,54,0.0689655
53536,58,54,0.0689655
53547,58,54,0.0689655
53555,58,54,0.0689655
53565,58,54,0.0689655
53575,58,54,0.0689655
53583,58,54,0.0689655
53591,58,54,0.0689655
53601,58,54,0.0689655
53610,58,54,0.0689655
53620,58,54,0.0689655
53629,58,54,0.0689655
53637,58,54,0.0689655
53645,58,54,0.0689655
53654,58,54,0.0689655
53659,58,54,0.0689655
53668,58,54,0.0689655
53676,58,54,0.0689655
53682,58,54,0.0689655
53692,58,54,0.0689655
53700,58,54,0.0689655
53709,58,54,0.0689655
53718,58,54,0.0689655
53727,58,54,0.0689655
53735,58,54,0.0689655
53743,58,54,0.0689655
53753,58,54,0.0689655
53764,58,54,0.0689655
53774,58,54,0.0689655
53782,58,54,0.0689655
53791,58,54,0.0689655
53801,58,54,0.0689655
53811,58,54,0.0689655
53817,58,54,0.0689655
53826,58,54,0.0689655
53832,58,54,0.0689655
53840,58,54,0.0689655
53845,58,54,0.0689655
53851,58,54,0.0689655
53862,58,54,0.0689655
53872,58,54,0.0689655
53883,58,54,0.0689655
53893,58,54,0.0689655
53903,58,54,0.0689655
53914,58,54,0.0689655
53925,58,54,0.0689655
53935,58,54,0.0689655
53946,58,54,0.0689655
53957,58,54,0.0689655
53964,58,54,0.0689655
53970,58,54,0.0689655
53980,58,54,0.0689655
53988,58,54,0.0689655
53994,58,54,0.0689655
54004,58,54,0.0689655
54015,58,54,0.0689655
54020,58,54,0.0689655
54023,58,54,0.0689655
54031,58,54,0.0689655
54038,58,54,0.0689655
54049,58,54,0.0689655
54056,58,54,0.0689655
54060,58,54,0.0689655
54070,58,54,0.0689655
54079,58,54,0.0689655
54083,58,54,0.0689655
54088,58,54,0.0689655
54094,58,54,0.0689655
54102,58,54,0.0689655
54109,58,54,0.0689655
54115,58,54,0.0689655
54123,58,54,0.0689655
54132,58,54,0.0689655
54142,58,54,0.0689655
54153,58,54,0.0689655
54163,58,54,0.0689655
54173,58,54,0.0689655
54184,58,54,0.0689655
54194,58,54,0.0689655
54202,58,54,0.0689655
54208,58,54,0.0689655
54218,58,54,0.0689655
54227,58,54,0.0689655
54235,58,54,0.0689655
54240,58,54,0.0689655
54245,58,54,0.0689655
54254,58,54,0.0689655
54264,58,54,0.0689655
54272,58,54,0.0689655
54275,58,54,0.0689655
54278,58,54,0.0689655
54284,58,54,0.0689655
54293,58,54,0.0689655
54301,58,54,0.0689655
54312,58,54,0.0689655
54321,58,54,0.0689655
54327,58,54,0.0689655
54333,58,54,0.0689655
54339,58,54,0.0689655
54344,58,54,0.0689655
54346,58,54,0.0689655
54352,58,54,0.0689655
54360,58,54,0.0689655
54368,58,54,0.0689655
54378,58,54,0.0689655
54389,58,54,0.0689655
54395,58,54,0.0689655
54403,58,54,0.0689655
54408,58,54,0.0689655
54413,58,54,0.0689655
54423,58,54,0.0689655
54432,58,54,0.0689655
54438,58,54,0.0689655
54448,58,54,0.0689655
54457,58,54,0.0689655
54460,58,54,0.0689655
54463,58,54,0.0689655
54465,58,54,0.0689655
54468,58,54,0.0689655
54471,58,54,0.0689655
54475,58,54,0.0689655
54478,58,54,0.0689655
54481,58,54,0.0689655
54484,58,54,0.0689655
54487,58,54,0.0689655
54489,58,54,0.0689655
54492,58,54,0.0689655
54495,58,54,0.0689655
54498,58,54,0.0689655
54501,58,54,0.0689655
54511,58,54,0.0689655
54520,58,54,0.0689655
54531,58,54,0.0689655
54541,58,54,0.0689655
54551,58,54,0.0689655
54557,58,54,0.0689655
54564,58,54,0.0689655
54574,58,54,0.0689655
54584,58,54,0.0689655
54588,58,54,0.0689655
54591,58,54,0.0689655
54597,58,54,0.0689655
54604,58,54,0.0689655
54612,58,54,0.0689655
54622,58,54,0.0689655
54630,58,54,0.0689655
54640,58,54,0.0689655
54650,58,54,0.0689655
54661,58,54,0.0689655
54672,58,54,0.0689655
54681,58,54,0.0689655
54691,58,54,0.0689655
54698,58,54,0.0689655
54704,58,54,0.0689655
54713,58,54,0.0689655
54719,58,54,0.0689655
54728,58,54,0.0689655
54736,58,54,0.0689655
54744,58,54,0.0689655
54753,58,54,0.0689655
54761,58,54,0.0689655
54772,58,54,0.0689655
54781,58,54,0.0689655
54788,58,54,0.0689655
54797,58,54,0.0689655
54807,58,54,0.0689655
54811,58,54,0.0689655
54822,58,54,0.0689655
54827,58,54,0.0689655
54837,58,54,0.0689655
54844,58,54,0.0689655
54852,58,54,0.0689655
54860,58,54,0.0689655
54864,58,54,0.0689655
54867,58,54,0.0689655
54872,58,54,0.0689655
54878,58,54,0.0689655
54886,58,54,0.0689655
54891,58,54,0.0689655
54898,58,54,0.0689655
54909,58,54,0.0689655
54919,58,54,0.0689655
54926,58,54,0.0689655
54932,58,54,0.0689655
54940,58,54,0.0689655
54949,58,54,0.0689655
54954,58,54,0.0689655
54957,58,54,0.0689655
54959,58,54,0.0689655
54969,58,54,0.0689655
54978,58,54,0.0689655
54986,58,54,0.0689655
54995,58,54,0.0689655
55001,58,54,0.0689655
55007,58,54,0.0689655
55016,58,54,0.0689655
55023,58,54,0.0689655
55030,58,54,0.0689655
55033,58,54,0.0689655
55036,58,54,0.0689655
55045,58,54,0.0689655
55055,58,54,0.0689655
55060,58,54,0.0689655
55065,58,54,0.0689655
55069,58,54,0.0689655
55076,58,54,0.0689655
55086,58,54,0.0689655
55097,58,54,0.0689655
55107,58,54,0.0689655
55117,58,54,0.0689655
55126,58,54,0.0689655
55136,58,54,0.0689655
55146,58,54,0.0689655
55152,58,54,0.0689655
55161,58,54,0.0689655
55170,58,54,0.0689655
55177,58,54,0.0689655
55183,58,54,0.0689655
55191,58,54,0.0689655
55200,58,54,0.0689655
55209,58,54,0.0689655
55214,58,54,0.0689655
55222,58,54,0.0689655
55232,58,54,0.0689655
55241,58,54,0.0689655
55250,58,54,0.0689655
55257,58,54,0.0689655
55266,58,54,0.0689655
55275,58,54,0.0689655
55285,58,54,0.0689655
55292,58,54,0.0689655
55295,58,54,0.0689655
55304,58,54,0.0689655
55312,58,54,0.0689655
55318,58,54,0.0689655
55328,58,54,0.0689655
55338,58,54,0.0689655
55348,58,54,0.0689655
55359,58,54,0.0689655
55369,58,54,0.0689655
55379,58,54,0.0689655
55381,58,54,0.0689655
55386,58,54,0.0689655
55395,58,54,0.0689655
55398,58,54,0.0689655
55408,58,54,0.0689655
55418,58,54,0.0689655
55425,58,54,0.0689655
55428,58,54,0.0689655
55434,58,54,0.0689655
55439,58,54,0.0689655
55445,58,54,0.0689655
55453,58,54,0.0689655
55460,58,54,0.0689655
55468,58,54,0.0689655
55474,58,54,0.0689655
55478,58,54,0.0689655
55484,58,54,0.0689655
55490,58,54,0.0689655
55498,58,54,0.0689655
55503,58,54,0.0689655
55506,58,54,0.0689655
55517,58,54,0.0689655
55525,58,54,0.0689655
55534,58,54,0.0689655
55544,58,54,0.0689655
55554,58,54,0.0689655
55561,58,54,0.0689655
55567,58,54,0.0689655
55576,58,54,0.0689655
55587,58,54,0.0689655
55597,58,54,0.0689655
55608,58,54,0.0689655
55615,58,54,0.0689655
55623,58,54,0.0689655
55628,58,54,0.0689655
55638,58,54,0.0689655
55645,58,54,0.0689655
55650,58,54,0.0689655
55654,58,54,0.0689655
55660,58,54,0.0689655
55665,58,54,0.0689655
55670,58,54,0.0689655
55675,58,54,0.0689655
55680,58,54,0.0689655
55686,58,54,0.0689655
55697,58,54,0.0689655
55706,58,54,0.0689655
55713,58,54,0.0689655
55718,58,54,0.0689655
55722,58,54,0.0689655
55731,58,54,0.0689655
55736,58,54,0.0689655
55745,58,54,0.0689655
55756,58,54,0.0689655
55765,58,54,0.0689655
55775,58,54,0.0689655
55783,58,54,0.0689655
55790,58,54,0.0689655
55806,58,54,0.0689655
55814,58,54,0.0689655
55822,58,54,0.0689655
55832,58,54,0.0689655
55842,58,54,0.0689655
55851,58,54,0.0689655
55858,58,54,0.0689655
55866,58,54,0.0689655
55878,58,54,0.0689655
55887,58,54,0.0689655
55898,58,54,0.0689655
55909,58,54,0.0689655
55919,58,54,0.0689655
55927,58,54,0.0689655
55937,58,54,0.0689655
55940,58,54,0.0689655
55943,58,54,0.0689655
55951,58,54,0.0689655
55960,58,54,0.0689655
55969,58,54,0.0689655
55975,58,54,0.0689655
55978,58,54,0.0689655
55981,58,54,0.0689655
55985,58,54,0.0689655
55992,58,54,0.0689655
56001,58,54,0.0689655
56009,58,54,0.0689655
56013,58,54,0.0689655
56020,58,54,0.0689655
56024,58,54,0.0689655
56033,58,54,0.0689655
56040,58,54,0.0689655
56045,58,54,0.0689655
56051,58,54,0.0689655
56055,58,54,0.0689655
56061,58,54,0.0689655
56069,58,54,0.0689655
56074,58,54,0.0689655
56083,58,54,0.0689655
56090,58,54,0.0689655
56096,58,54,0.0689655
56103,58,54,0.0689655
56109,58,54,0.0689655
56119,58,54,0.0689655
56125,58,54,0.0689655
56128,58,54,0.0689655
56133,58,54,0.0689655
56139,58,54,0.0689655
56146,58,54,0.0689655
56154,58,54,0.0689655
56162,58,54,0.0689655
56168,58,54,0.0689655
56173,58,54,0.0689655
56182,58,54,0.0689655
56188,58,54,0.0689655
56193,58,54,0.0689655
56200,58,54,0.0689655
56208,58,54,0.0689655
56215,58,54,0.0689655
56222,58,54,0.0689655
56227,58,54,0.0689655
56237,58,54,0.0689655
56244,58,54,0.0689655
56255,58,54,0.0689655
56263,58,54,0.0689655
56271,58,54,0.0689655
56277,58,54,0.0689655
56281,58,54,0.0689655
56289,58,54,0.0689655
56298,58,54,0.0689655
56307,58,54,0.0689655
56316,58,54,0.0689655
56323,58,54,0.0689655
56328,58,54,0.0689655
56333,58,54,0.0689655
56341,58,54,0.0689655
56350,58,54,0.0689655
56360,58,54,0.0689655
56370,58,54,0.0689655
56380,58,54,0.0689655
56390,58,54,0.0689655
56395,58,54,0.0689655
56399,58,54,0.0689655
56403,58,54,0.0689655
56408,58,54,0.0689655
56419,58,54,0.0689655
56429,58,54,0.0689655
56440,58,54,0.0689655
56448,58,54,0.0689655
56453,58,54,0.0689655
56460,58,54,0.0689655
56466,58,54,0.0689655
56473,58,54,0.0689655
56483,58,54,0.0689655
56490,58,54,0.0689655
56498,58,54,0.0689655
56508,58,54,0.0689655
56516,58,54,0.0689655
56520,58,54,0.0689655
56531,58,54,0.0689655
56542,58,54,0.0689655
56551,58,54,0.0689655
56558,58,54,0.0689655
56562,58,54,0.0689655
56567,58,54,0.0689655
56572,58,54,0.0689655
56583,58,54,0.0689655
56594,58,54,0.0689655
56600,58,54,0.0689655
56606,58,54,0.0689655
56617,58,54,0.0689655
56624,58,54,0.0689655
56629,58,54,0.0689655
56633,58,54,0.0689655
56642,58,54,0.0689655
56652,58,54,0.0689655
56661,58,54,0.0689655
56671,58,54,0.0689655
56675,58,54,0.0689655
56681,58,54,0.0689655
56689,58,54,0.0689655
56696,58,54,0.0689655
56704,58,54,0.0689655
56711,58,54,0.0689655
56721,58,54,0.0689655
56728,58,54,0.0689655
56736,58,54,0.0689655
56745,58,54,0.0689655
56750,58,54,0.0689655
56758,58,54,0.0689655
56764,58,54,0.0689655
56772,58,54,0.0689655
56782,58,54,0.0689655
56787,58,54,0.0689655
56795,58,54,0.0689655
56804,58,54,0.0689655
56809,58,54,0.0689655
56817,58,54,0.0689655
56822,58,54,0.0689655
56827,58,54,0.0689655
56836,58,54,0.0689655
56843,58,54,0.0689655
56848,58,54,0.0689655
56857,58,54,0.0689655
56868,58,54,0.0689655
56878,58,54,0.0689655
56889,58,54,0.0689655
56897,58,54,0.0689655
56902,58,54,0.0689655
56911,58,54,0.0689655
56919,58,54,0.0689655
56925,58,54,0.0689655
56934,58,54,0.0689655
56945,58,54,0.0689655
56950,58,54,0.0689655
56955,58,54,0.0689655
56961,58,54,0.0689655
56968,58,54,0.0689655
56978,58,54,0.0689655
56983,58,54,0.0689655
56991,58,54,0.0689655
56998,58,54,0.0689655
57008,58,54,0.0689655
57014,58,54,0.0689655
57022,58,54,0.0689655
57027,58,54,0.0689655
57037,58,54,0.0689655
57048,58,54,0.0689655
57056,58,54,0.0689655
57068,58,54,0.0689655
57079,58,54,0.0689655
57089,58,54,0.0689655
57098,58,54,0.0689655
57103,58,54,0.0689655
57106,58,54,0.0689655
57113,58,54,0.0689655
57117,58,54,0.0689655
57121,58,54,0.0689655
57129,58,54,0.0689655
57138,58,54,0.0689655
57144,58,54,0.0689655
57147,58,54,0.0689655
57156,58,54,0.0689655
57165,58,54,0.0689655
57172,58,54,0.0689655
57183,58,54,0.0689655
57194,58,54,0.0689655
57203,58,54,0.0689655
57209,58,54,0.0689655
57216,58,54,0.0689655
57223,58,54,0.0689655
57229,58,54,0.0689655
57234,58,54,0.0689655
57242,58,54,0.0689655
57248,58,54,0.0689655
57251,58,54,0.0689655
57258,58,54,0.0689655
57263,58,54,0.0689655
57267,58,54,0.0689655
57277,58,54,0.0689655
57288,58,54,0.0689655
57299,58,54,0.0689655
57306,58,54,0.0689655
57312,58,54,0.0689655
57322,58,54,0.0689655
57330,58,54,0.0689655
57333,58,54,0.0689655
57338,58,54,0.0689655
57342,58,54,0.0689655
57348,58,54,0.0689655
57354,58,54,0.0689655
57360,58,54,0.0689655
57369,58,54,0.0689655
57371,58,54,0.0689655
57376,58,54,0.0689655
57379,58,54,0.0689655
57389,58,54,0.0689655
57398,58,54,0.0689655
57404,58,54,0.0689655
57409,58,54,0.0689655
57412,58,54,0.0689655
57421,58,54,0.0689655
57430,58,54,0.0689655
57436,58,54,0.0689655
57443,58,54,0.0689655
57452,58,54,0.0689655
57458,58,54,0.0689655
57465,58,54,0.0689655
57473,58,54,0.0689655
57485,58,54,0.0689655
57494,58,54,0.0689655
57504,58,54,0.0689655
57511,58,54,0.0689655
57519,58,54,0.0689655
57525,58,54,0.0689655
57532,58,54,0.0689655
57542,58,54,0.0689655
57550,58,54,0.0689655
57561,58,54,0.0689655
57568,58,54,0.0689655
57571,58,54,0.0689655
57577,58,54,0.0689655
57587,58,54,0.0689655
57593,58,54,0.0689655
57604,58,54,0.0689655
57613,58,54,0.0689655
57622,58,54,0.0689655
57631,58,54,0.0689655
57644,58,54,0.0689655
57654,58,54,0.0689655
57659,58,54,0.0689655
57666,58,54,0.0689655
57678,58,54,0.0689655
57686,58,54,0.0689655
57693,58,54,0.0689655
57698,58,54,0.0689655
57710,58,54,0.0689655
57722,58,54,0.0689655
57731,58,54,0.0689655
57737,58,54,0.0689655
57745,58,54,0.0689655
57755,58,54,0.0689655
57766,58,54,0.0689655
57772,58,54,0.0689655
57781,58,54,0.0689655
57793,58,54,0.0689655
57805,58,54,0.0689655
57815,58,54,0.0689655
57827,58,54,0.0689655
57839,58,54,0.0689655
57850,58,54,0.0689655
57862,58,54,0.0689655
57869,58,54,0.0689655
57878,58,54,0.0689655
57890,58,54,0.0689655
57900,58,54,0.0689655
57909,58,54,0.0689655
57915,58,54,0.0689655
57924,58,54,0.0689655
57933,58,54,0.0689655
57942,58,54,0.0689655
57951,58,54,0.0689655
57961,58,54,0.0689655
57972,58,54,0.0689655
57982,58,54,0.0689655
57993,58,54,0.0689655
58003,58,54,0.0689655
58013,58,54,0.0689655
58023,58,54,0.0689655
58028,58,54,0.0689655
58033,58,54,0.0689655
58041,58,54,0.0689655
58048,58,54,0.0689655
58058,58,54,0.0689655
58066,58,54,0.0689655
58070,58,54,0.0689655
58074,58,54,0.0689655
58084,58,54,0.0689655
58093,58,54,0.0689655
58098,58,54,0.0689655
58106,58,54,0.0689655
58114,58,54,0.0689655
58120,58,54,0.0689655
58125,58,54,0.0689655
58132,58,54,0.0689655
58137,58,54,0.0689655
58144,58,54,0.0689655
58152,58,54,0.0689655
58161,58,54,0.0689655
58168,58,54,0.0689655
58173,58,54,0.0689655
58177,58,54,0.0689655
58182,58,54,0.0689655
58188,58,54,0.0689655
58197,58,54,0.0689655
58208,58,54,0.0689655
58213,58,54,0.0689655
58221,58,54,0.0689655
58226,58,54,0.0689655
58237,58,54,0.0689655
58242,58,54,0.0689655
58247,58,54,0.0689655
58256,58,54,0.0689655
58261,58,54,0.0689655
58267,58,54,0.0689655
58278,58,54,0.0689655
58289,58,54,0.0689655
58297,58,54,0.0689655
58307,58,54,0.0689655
58314,58,54,0.0689655
58323,58,54,0.0689655
58330,58,54,0.0689655
58334,58,54,0.0689655
58339,58,54,0.0689655
58347,58,54,0.0689655
58357,58,54,0.0689655
58364,58,54,0.0689655
58372,58,54,0.0689655
58383,58,54,0.0689655
58389,58,54,0.0689655
58396,58,54,0.0689655
58407,58,54,0.0689655
58416,58,54,0.0689655
58422,58,54,0.0689655
58428,58,54,0.0689655
58433,58,54,0.0689655
58442,58,54,0.0689655
58449,58,54,0.0689655
58457,58,54,0.0689655
58463,58,54,0.0689655
58472,58,54,0.0689655
58482,58,54,0.0689655
58487,58,54,0.0689655
58490,58,54,0.0689655
58492,58,54,0.0689655
58498,58,54,0.0689655
58506,58,54,0.0689655
58515,58,54,0.0689655
58525,58,54,0.0689655
58535,58,54,0.0689655
58539,58,54,0.0689655
58543,58,54,0.0689655
58547,58,54,0.0689655
58550,58,54,0.0689655
58557,58,54,0.0689655
58561,58,54,0.0689655
58568,58,54,0.0689655
58577,58,54,0.0689655
58584,58,54,0.0689655
58591,58,54,0.0689655
58597,58,54,0.0689655
58604,58,54,0.0689655
58611,58,54,0.0689655
58621,58,54,0.0689655
58630,58,54,0.0689655
58640,58,54,0.0689655
58649,58,54,0.0689655
58659,58,54,0.0689655
58666,58,54,0.0689655
58676,58,54,0.0689655
58683,58,54,0.0689655
58688,58,54,0.0689655
58696,58,54,0.0689655
58704,58,54,0.0689655
58714,58,54,0.0689655
58725,58,54,0.0689655
58735,58,54,0.0689655
58744,58,54,0.0689655
58750,58,54,0.0689655
58756,58,54,0.0689655
58763,58,54,0.0689655
58773,58,54,0.0689655
58783,58,54,0.0689655
58792,58,54,0.0689655
58801,58,54,0.0689655
58808,58,54,0.0689655
58817,58,54,0.0689655
58824,58,54,0.0689655
58830,58,54,0.0689655
58837,58,54,0.0689655
58846,58,54,0.0689655
58853,58,54,0.0689655
58858,58,54,0.0689655
58864,58,54,0.0689655
58874,58,54,0.0689655
58885,58,54,0.0689655
58892,58,54,0.0689655
58901,58,54,0.0689655
58911,58,54,0.0689655
58921,58,54,0.0689655
58929,58,54,0.0689655
58935,58,54,0.0689655
58942,58,54,0.0689655
58949,58,54,0.0689655
58953,58,54,0.0689655
58959,58,54,0.0689655
58966,58,54,0.0689655
58970,58,54,0.0689655
58978,58,54,0.0689655
58988,58,54,0.0689655
58997,58,54,0.0689655
59007,58,54,0.0689655
59017,58,54,0.0689655
59026,58,54,0.0689655
59036,58,54,0.0689655
59046,58,54,0.0689655
59055,58,54,0.0689655
59063,58,54,0.0689655
59071,58,54,0.0689655
59077,58,54,0.0689655
59086,58,54,0.0689655
59092,58,54,0.0689655
59102,58,54,0.0689655
59112,58,54,0.0689655
59120,58,54,0.0689655
59125,58,54,0.0689655
59133,58,54,0.0689655
59142,58,54,0.0689655
59152,58,54,0.0689655
59158,58,54,0.0689655
59168,58,54,0.0689655
59178,58,54,0.0689655
59185,58,54,0.0689655
59191,58,54,0.0689655
59199,58,54,0.0689655
59205,58,54,0.0689655
59217,58,54,0.0689655
59227,58,54,0.0689655
59238,58,54,0.0689655
59247,58,54,0.0689655
59257,58,54,0.0689655
59268,58,54,0.0689655
59277,58,54,0.0689655
59290,58,54,0.0689655
59299,58,54,0.0689655
59310,58,54,0.0689655
59321,58,54,0.0689655
59329,58,54,0.0689655
59336,58,54,0.0689655
59338,58,54,0.0689655
59341,58,54,0.0689655
59349,58,54,0.0689655
59360,58,54,0.0689655
59370,58,54,0.0689655
59382,58,54,0.0689655
59388,58,54,0.0689655
59394,58,54,0.0689655
59405,58,54,0.0689655
59411,58,54,0.0689655
59420,58,54,0.0689655
59425,58,54,0.0689655
59434,58,54,0.0689655
59445,58,54,0.0689655
59454,58,54,0.0689655
59459,58,54,0.0689655
59465,58,54,0.0689655
59472,58,54,0.0689655
59480,58,54,0.0689655
59487,58,54,0.0689655
59498,58,54,0.0689655
59503,58,54,0.0689655
59508,58,54,0.0689655
59513,58,54,0.0689655
59518,58,54,0.0689655
59523,58,54,0.0689655
59528,58,54,0.0689655
59533,58,54,0.0689655
59541,58,54,0.0689655
59546,58,54,0.0689655
59555,58,54,0.0689655
59565,58,54,0.0689655
59573,58,54,0.0689655
59581,58,54,0.0689655
59592,58,54,0.0689655
59602,58,54,0.0689655
59606,58,54,0.0689655
59614,58,54,0.0689655
59625,58,54,0.0689655
59634,58,54,0.0689655
59639,58,54,0.0689655
59647,58,54,0.0689655
59652,58,54,0.0689655
59661,58,54,0.0689655
59671,58,54,0.0689655
59681,58,54,0.0689655
59688,58,54,0.0689655
59699,58,54,0.0689655
59709,58,54,0.0689655
59715,58,54,0.0689655
59719,58,54,0.0689655
59722,58,54,0.0689655
59731,58,54,0.0689655
59742,58,54,0.0689655
59749,58,54,0.0689655
59757,58,54,0.0689655
59762,58,54,0.0689655
59766,58,54,0.0689655
59770,58,54,0.0689655
59778,58,54,0.0689655
59782,58,54,0.0689655
59788,58,54,0.0689655
59793,58,54,0.0689655
59802,58,54,0.0689655
59809,58,54,0.0689655
59814,58,54,0.0689655
59817,58,54,0.0689655
59824,58,54,0.0689655
59831,58,54,0.0689655
59839,58,54,0.0689655
59847,58,54,0.0689655
59855,58,54,0.0689655
59860,58,54,0.0689655
59863,58,54,0.0689655
59865,58,54,0.0689655
59868,58,54,0.0689655
59874,58,54,0.0689655
59883,58,54,0.0689655
59894,58,54,0.0689655
59904,58,54,0.0689655
59910,58,54,0.0689655
59915,58,54,0.0689655
59925,58,54,0.0689655
59930,58,54,0.0689655
59937,58,54,0.0689655
59947,58,54,0.0689655
59954,58,54,0.0689655
59961,58,54,0.0689655
59969,58,54,0.0689655
59978,58,54,0.0689655
59985,58,54,0.0689655
59995,58,54,0.0689655
60214,58,54,0.0689655
