time_ms,ub,lb,gap
16,,115,
17,,115,
17,128,115,0.101562
17,128,115,0.101562
18,128,115,0.101562
18,128,115,0.101562
19,128,115,0.101562
20,128,115,0.101562
20,128,115,0.101562
21,128,115,0.101562
22,128,115,0.101562
22,128,115,0.101562
23,128,115,0.101562
23,128,115,0.101562
24,128,115,0.101562
25,128,115,0.101562
25,128,115,0.101562
26,128,115,0.101562
27,128,115,0.101562
27,128,115,0.101562
28,128,115,0.101562
28,128,115,0.101562
29,128,115,0.101562
30,128,115,0.101562
30,128,115,0.101562
31,128,115,0.101562
32,128,115,0.101562
32,128,115,0.101562
33,128,115,0.101562
34,128,115,0.101562
35,128,115,0.101562
35,128,115,0.101562
36,128,115,0.101562
37,128,115,0.101562
38,128,115,0.101562
38,128,115,0.101562
39,128,115,0.101562
40,128,115,0.101562
40,128,115,0.101562
41,128,115,0.101562
42,128,115,0.101562
43,128,115,0.101562
44,128,115,0.101562
44,128,115,0.101562
45,128,115,0.101562
46,128,115,0.101562
47,128,115,0.101562
48,128,115,0.101562
49,128,115,0.101562
49,128,115,0.101562
50,128,115,0.101562
51,128,115,0.101562
52,128,115,0.101562
53,128,115,0.101562
54,128,115,0.101562
55,128,115,0.101562
55,128,115,0.101562
56,128,115,0.101562
57,128,115,0.101562
58,128,115,0.101562
59,128,115,0.101562
60,128,115,0.101562
60,128,115,0.101562
61,128,115,0.101562
62,128,115,0.101562
63,128,115,0.101562
64,128,115,0.101562
65,128,115,0.101562
65,128,115,0.101562
67,128,115,0.101562
68,128,115,0.101562
69,128,115,0.101562
70,128,115,0.101562
70,128,115,0.101562
71,128,115,0.101562
72,128,115,0.101562
73,128,115,0.101562
74,128,115,0.101562
75,128,115,0.101562
76,128,115,0.101562
77,128,115,0.101562
78,128,115,0.101562
79,128,115,0.101562
80,128,115,0.101562
82,128,115,0.101562
83,128,115,0.101562
84,128,115,0.101562
85,128,115,0.101562
86,128,115,0.101562
87,128,115,0.101562
88,128,115,0.101562
89,128,115,0.101562
90,128,115,0.101562
92,128,115,0.101562
93,128,115,0.101562
94,128,115,0.101562
95,128,115,0.101562
96,128,115,0.101562
98,128,115,0.101562
99,128,115,0.101562
100,128,115,0.101562
101,128,115,0.101562
102,128,115,0.101562
103,128,115,0.101562
105,128,115,0.101562
106,128,115,0.101562
107,128,115,0.101562
109,128,115,0.101562
110,128,115,0.101562
111,128,115,0.101562
112,128,115,0.101562
114,128,115,0.101562
115,128,115,0.101562
116,128,115,0.101562
117,128,115,0.101562
119,128,115,0.101562
120,128,115,0.101562
121,128,115,0.101562
123,128,115,0.101562
124,128,115,0.101562
126,128,115,0.101562
127,128,115,0.101562
129,128,115,0.101562
130,128,115,0.101562
131,128,115,0.101562
133,128,115,0.101562
134,128,115,0.101562
135,128,115,0.101562
137,128,115,0.101562
138,128,115,0.101562
140,128,115,0.101562
141,128,115,0.101562
143,128,115,0.101562
145,128,115,0.101562
146,128,115,0.101562
147,128,115,0.101562
149,128,115,0.101562
150,128,115,0.101562
152,128,115,0.101562
153,128,115,0.101562
155,128,115,0.101562
157,128,115,0.101562
158,128,115,0.101562
160,128,115,0.101562
161,128,115,0.101562
163,128,115,0.101562
164,128,115,0.101562
166,128,115,0.101562
168,128,115,0.101562
170,128,115,0.101562
171,128,115,0.101562
173,128,115,0.101562
175,128,115,0.101562
176,128,115,0.101562
178,128,115,0.101562
180,128,115,0.101562
181,128,115,0.101562
183,128,115,0.101562
185,128,115,0.101562
187,128,115,0.101562
189,128,115,0.101562
191,128,115,0.101562
192,128,115,0.101562
194,128,115,0.101562
196,128,115,0.101562
198,128,115,0.101562
199,128,115,0.101562
201,128,115,0.101562
203,128,115,0.101562
205,128,115,0.101562
207,128,115,0.101562
209,128,115,0.101562
211,128,115,0.101562
213,128,115,0.101562
215,128,115,0.101562
217,128,115,0.101562
219,128,115,0.101562
221,128,115,0.101562
223,128,115,0.101562
225,128,115,0.101562
227,128,115,0.101562
229,128,115,0.101562
232,128,115,0.101562
234,128,115,0.101562
236,128,115,0.101562
238,128,115,0.101562
240,128,115,0.101562
243,128,115,0.101562
245,128,115,0.101562
248,128,115,0.101562
250,128,115,0.101562
252,128,115,0.101562
254,128,115,0.101562
257,128,115,0.101562
259,128,115,0.101562
261,128,115,0.101562
263,128,115,0.101562
265,128,115,0.101562
268,128,115,0.101562
270,128,115,0.101562
273,128,115,0.101562
275,128,115,0.101562
277,128,115,0.101562
279,128,115,0.101562
281,128,115,0.101562
284,128,115,0.101562
286,128,115,0.101562
288,128,115,0.101562
291,128,115,0.101562
293,128,115,0.101562
295,128,115,0.101562
298,128,115,0.101562
300,128,115,0.101562
302,128,115,0.101562
305,128,115,0.101562
307,128,115,0.101562
309,128,115,0.101562
312,128,115,0.101562
315,128,115,0.101562
317,128,115,0.101562
320,128,115,0.101562
323,128,115,0.101562
326,128,115,0.101562
328,128,115,0.101562
330,128,115,0.101562
332,128,115,0.101562
335,128,115,0.101562
338,128,115,0.101562
340,128,115,0.101562
342,128,115,0.101562
345,128,115,0.101562
347,128,115,0.101562
350,128,115,0.101562
352,128,115,0.101562
355,128,115,0.101562
357,128,115,0.101562
360,128,115,0.101562
363,128,115,0.101562
365,128,115,0.101562
367,128,115,0.101562
370,128,115,0.101562
372,128,115,0.101562
375,128,115,0.101562
377,128,115,0.101562
380,128,115,0.101562
383,128,115,0.101562
385,128,115,0.101562
388,128,115,0.101562
391,128,115,0.101562
394,128,115,0.101562
397,128,115,0.101562
400,128,115,0.101562
403,128,115,0.101562
406,128,115,0.101562
408,128,115,0.101562
411,128,115,0.101562
413,128,115,0.101562
416,128,115,0.101562
419,128,115,0.101562
422,128,115,0.101562
424,128,115,0.101562
427,128,115,0.101562
431,128,115,0.101562
433,128,115,0.101562
436,128,115,0.101562
439,128,115,0.101562
442,128,115,0.101562
445,128,115,0.101562
448,128,115,0.101562
451,128,115,0.101562
454,128,115,0.101562
457,128,115,0.101562
460,128,115,0.101562
463,128,115,0.101562
466,128,115,0.101562
470,128,115,0.101562
473,128,115,0.101562
476,128,115,0.101562
479,128,115,0.101562
481,128,115,0.101562
485,128,115,0.101562
488,128,115,0.101562
491,128,115,0.101562
493,128,115,0.101562
496,128,115,0.101562
499,128,115,0.101562
502,128,115,0.101562
505,128,115,0.101562
508,128,115,0.101562
512,128,115,0.101562
514,128,115,0.101562
517,128,115,0.101562
520,128,115,0.101562
523,128,115,0.101562
525,128,115,0.101562
529,128,115,0.101562
532,128,115,0.101562
535,128,115,0.101562
538,128,115,0.101562
541,128,115,0.101562
544,128,115,0.101562
548,128,115,0.101562
551,128,115,0.101562
554,128,115,0.101562
557,128,115,0.101562
559,128,115,0.101562
563,128,115,0.101562
566,128,115,0.101562
569,128,115,0.101562
572,128,115,0.101562
575,128,115,0.101562
579,128,115,0.101562
582,128,115,0.101562
585,128,115,0.101562
588,128,115,0.101562
592,128,115,0.101562
595,128,115,0.101562
598,128,115,0.101562
601,128,115,0.101562
604,128,115,0.101562
608,128,115,0.101562
611,128,115,0.101562
614,128,115,0.101562
617,128,115,0.101562
621,128,115,0.101562
624,128,115,0.101562
627,128,115,0.101562
629,128,115,0.101562
632,128,115,0.101562
635,128,115,0.101562
639,128,115,0.101562
642,128,115,0.101562
645,128,115,0.101562
648,128,115,0.101562
652,128,115,0.101562
655,128,115,0.101562
658,128,115,0.101562
662,128,115,0.101562
664,128,115,0.101562
668,128,115,0.101562
671,128,115,0.101562
675,128,115,0.101562
678,128,115,0.101562
682,128,115,0.101562
685,128,115,0.101562
689,128,115,0.101562
691,128,115,0.101562
694,128,115,0.101562
698,128,115,0.101562
701,128,115,0.101562
705,128,115,0.101562
708,128,115,0.101562
712,128,115,0.101562
715,128,115,0.101562
718,128,115,0.101562
722,128,115,0.101562
725,128,115,0.101562
728,128,115,0.101562
731,128,115,0.101562
735,128,115,0.101562
738,128,115,0.101562
742,128,115,0.101562
745,128,115,0.101562
748,128,115,0.101562
752,128,115,0.101562
755,128,115,0.101562
759,128,115,0.101562
763,128,115,0.101562
767,128,115,0.101562
770,127,115,0.0944882
774,127,115,0.0944882
778,127,115,0.0944882
782,127,115,0.0944882
785,127,115,0.0944882
789,127,115,0.0944882
793,127,115,0.0944882
797,127,115,0.0944882
801,127,115,0.0944882
805,127,115,0.0944882
808,127,115,0.0944882
811,127,115,0.0944882
815,127,115,0.0944882
818,127,115,0.0944882
821,127,115,0.0944882
825,127,115,0.0944882
829,127,115,0.0944882
832,127,115,0.0944882
835,127,115,0.0944882
838,127,115,0.0944882
841,127,115,0.0944882
843,127,115,0.0944882
846,127,115,0.0944882
849,127,115,0.0944882
851,127,115,0.0944882
853,127,115,0.0944882
855,127,115,0.0944882
857,127,115,0.0944882
859,127,115,0.0944882
861,127,115,0.0944882
863,127,115,0.0944882
866,127,115,0.0944882
868,127,115,0.0944882
870,127,115,0.0944882
870,127,115,0.0944882
870,127,115,0.0944882
871,127,115,0.0944882
871,127,115,0.0944882
872,127,115,0.0944882
872,127,115,0.0944882
872,127,115,0.0944882
873,127,115,0.0944882
875,127,115,0.0944882
877,127,115,0.0944882
879,127,115,0.0944882
882,127,115,0.0944882
886,127,115,0.0944882
889,127,115,0.0944882
892,127,115,0.0944882
895,127,115,0.0944882
897,127,115,0.0944882
900,127,115,0.0944882
902,127,115,0.0944882
905,127,115,0.0944882
907,127,115,0.0944882
910,127,115,0.0944882
913,127,115,0.0944882
916,127,115,0.0944882
919,127,115,0.0944882
923,127,115,0.0944882
925,127,115,0.0944882
928,127,115,0.0944882
931,127,115,0.0944882
933,127,115,0.0944882
937,127,115,0.0944882
940,127,115,0.0944882
944,127,115,0.0944882
947,127,115,0.0944882
949,127,115,0.0944882
952,127,115,0.0944882
954,127,115,0.0944882
955,127,115,0.0944882
957,127,115,0.0944882
959,127,115,0.0944882
961,127,115,0.0944882
964,127,115,0.0944882
966,127,115,0.0944882
969,127,115,0.0944882
971,127,115,0.0944882
973,127,115,0.0944882
975,127,115,0.0944882
978,127,115,0.0944882
979,127,115,0.0944882
981,127,115,0.0944882
985,127,115,0.0944882
988,127,115,0.0944882
991,127,115,0.0944882
994,127,115,0.0944882
997,127,115,0.0944882
1000,127,115,0.0944882
1003,127,115,0.0944882
1005,127,115,0.0944882
1008,127,115,0.0944882
1011,127,115,0.0944882
1014,127,115,0.0944882
1017,127,115,0.0944882
1020,127,115,0.0944882
1023,127,115,0.0944882
1026,127,115,0.0944882
1030,127,115,0.0944882
1033,127,115,0.0944882
1035,127,115,0.0944882
1038,127,115,0.0944882
1041,127,115,0.0944882
1044,127,115,0.0944882
1047,127,115,0.0944882
1050,127,115,0.0944882
1053,127,115,0.0944882
1055,127,115,0.0944882
1058,127,115,0.0944882
1061,127,115,0.0944882
1064,127,115,0.0944882
1067,127,115,0.0944882
1070,127,115,0.0944882
1072,127,115,0.0944882
1075,127,115,0.0944882
1077,127,115,0.0944882
1079,127,115,0.0944882
1081,127,115,0.0944882
1082,127,115,0.0944882
1085,127,115,0.0944882
1086,127,115,0.0944882
1088,127,115,0.0944882
1091,127,115,0.0944882
1092,127,115,0.0944882
1094,127,115,0.0944882
1096,127,115,0.0944882
1098,127,115,0.0944882
1100,127,115,0.0944882
1102,127,115,0.0944882
1104,127,115,0.0944882
1107,127,115,0.0944882
1109,127,115,0.0944882
1111,127,115,0.0944882
1113,127,115,0.0944882
1115,127,115,0.0944882
1117,127,115,0.0944882
1119,127,115,0.0944882
1121,127,115,0.0944882
1122,127,115,0.0944882
1124,127,115,0.0944882
1126,127,115,0.0944882
1128,127,115,0.0944882
1131,127,115,0.0944882
1132,127,115,0.0944882
1135,127,115,0.0944882
1137,127,115,0.0944882
1139,127,115,0.0944882
1141,127,115,0.0944882
1143,127,115,0.0944882
1145,127,115,0.0944882
1146,127,115,0.0944882
1149,127,115,0.0944882
1151,127,115,0.0944882
1153,127,115,0.0944882
1155,127,115,0.0944882
1157,127,115,0.0944882
1158,127,115,0.0944882
1160,127,115,0.0944882
1162,127,115,0.0944882
1164,127,115,0.0944882
1165,127,115,0.0944882
1168,127,115,0.0944882
1170,127,115,0.0944882
1172,127,115,0.0944882
1174,127,115,0.0944882
1176,127,115,0.0944882
1179,127,115,0.0944882
1181,127,115,0.0944882
1184,127,115,0.0944882
1187,127,115,0.0944882
1189,127,115,0.0944882
1192,127,115,0.0944882
1195,127,115,0.0944882
1198,127,115,0.0944882
1200,127,115,0.0944882
1203,127,115,0.0944882
1205,127,115,0.0944882
1208,127,115,0.0944882
1210,127,115,0.0944882
1213,127,115,0.0944882
1215,127,115,0.0944882
1218,127,115,0.0944882
1221,127,115,0.0944882
1224,127,115,0.0944882
1227,127,115,0.0944882
1230,127,115,0.0944882
1233,127,115,0.0944882
1237,127,115,0.0944882
1240,127,115,0.0944882
1243,127,115,0.0944882
1247,127,115,0.0944882
1251,127,115,0.0944882
1255,127,115,0.0944882
1257,127,115,0.0944882
1260,127,115,0.0944882
1263,127,115,0.0944882
1265,127,115,0.0944882
1268,127,115,0.0944882
1271,127,115,0.0944882
1273,127,115,0.0944882
1276,127,115,0.0944882
1280,127,115,0.0944882
1282,127,115,0.0944882
1285,127,115,0.0944882
1288,127,115,0.0944882
1291,127,115,0.0944882
1294,127,115,0.0944882
1297,127,115,0.0944882
1300,127,115,0.0944882
1303,127,115,0.0944882
1306,127,115,0.0944882
1309,127,115,0.0944882
1312,127,115,0.0944882
1315,127,115,0.0944882
1319,127,115,0.0944882
1322,127,115,0.0944882
1325,127,115,0.0944882
1328,127,115,0.0944882
1330,127,115,0.0944882
1333,127,115,0.0944882
1336,127,115,0.0944882
1339,127,115,0.0944882
1342,127,115,0.0944882
1345,127,115,0.0944882
1348,127,115,0.0944882
1351,127,115,0.0944882
1354,127,115,0.0944882
1357,127,115,0.0944882
1361,127,115,0.0944882
1364,127,115,0.0944882
1367,127,115,0.0944882
1370,127,115,0.0944882
1374,127,115,0.0944882
1377,127,115,0.0944882
1380,127,115,0.0944882
1383,127,115,0.0944882
1387,127,115,0.0944882
1390,127,115,0.0944882
1393,127,115,0.0944882
1396,127,115,0.0944882
1399,127,115,0.0944882
1402,127,115,0.0944882
1405,127,115,0.0944882
1408,127,115,0.0944882
1412,127,115,0.0944882
1415,127,115,0.0944882
1418,127,115,0.0944882
1421,127,115,0.0944882
1424,127,115,0.0944882
1428,127,115,0.0944882
1431,127,115,0.0944882
1435,127,115,0.0944882
1438,127,115,0.0944882
1441,127,115,0.0944882
1443,127,115,0.0944882
1448,127,115,0.0944882
1452,127,115,0.0944882
1456,127,115,0.0944882
1460,127,115,0.0944882
1463,127,115,0.0944882
1466,127,115,0.0944882
1470,127,115,0.0944882
1473,127,115,0.0944882
1477,127,115,0.0944882
1480,127,115,0.0944882
1483,127,115,0.0944882
1487,127,115,0.0944882
1490,127,115,0.0944882
1494,127,115,0.0944882
1497,127,115,0.0944882
1501,127,115,0.0944882
1504,127,115,0.0944882
1507,127,115,0.0944882
1510,127,115,0.0944882
1514,127,115,0.0944882
1518,127,115,0.0944882
1521,127,115,0.0944882
1525,127,115,0.0944882
1529,127,115,0.0944882
1532,127,115,0.0944882
1535,127,115,0.0944882
1539,127,115,0.0944882
1543,127,115,0.0944882
1546,127,115,0.0944882
1550,127,115,0.0944882
1552,127,115,0.0944882
1553,127,115,0.0944882
1555,127,115,0.0944882
1557,127,115,0.0944882
1559,127,115,0.0944882
1561,127,115,0.0944882
1564,127,115,0.0944882
1566,127,115,0.0944882
1569,127,115,0.0944882
1571,127,115,0.0944882
1574,127,115,0.0944882
1576,127,115,0.0944882
1578,127,115,0.0944882
1581,127,115,0.0944882
1584,127,115,0.0944882
1586,127,115,0.0944882
1588,127,115,0.0944882
1591,127,115,0.0944882
1592,127,115,0.0944882
1594,127,115,0.0944882
1596,127,115,0.0944882
1598,127,115,0.0944882
1601,127,115,0.0944882
1604,127,115,0.0944882
1607,127,115,0.0944882
1609,127,115,0.0944882
1612,127,115,0.0944882
1614,127,115,0.0944882
1616,127,115,0.0944882
1619,127,115,0.0944882
1622,127,115,0.0944882
1624,127,115,0.0944882
1627,127,115,0.0944882
1629,127,115,0.0944882
1633,127,115,0.0944882
1636,127,115,0.0944882
1638,127,115,0.0944882
1641,127,115,0.0944882
1644,127,115,0.0944882
1646,127,115,0.0944882
1648,127,115,0.0944882
1650,127,115,0.0944882
1653,127,115,0.0944882
1655,127,115,0.0944882
1658,127,115,0.0944882
1660,127,115,0.0944882
1662,127,115,0.0944882
1665,127,115,0.0944882
1668,127,115,0.0944882
1671,127,115,0.0944882
1673,127,115,0.0944882
1676,127,115,0.0944882
1678,127,115,0.0944882
1681,127,115,0.0944882
1683,127,115,0.0944882
1685,127,115,0.0944882
1688,127,115,0.0944882
1690,127,115,0.0944882
1692,127,115,0.0944882
1694,127,115,0.0944882
1697,127,115,0.0944882
1699,127,115,0.0944882
1701,127,115,0.0944882
1703,127,115,0.0944882
1705,127,115,0.0944882
1708,127,115,0.0944882
1711,127,115,0.0944882
1712,127,115,0.0944882
1715,127,115,0.0944882
1718,127,115,0.0944882
1720,127,115,0.0944882
1724,127,115,0.0944882
1727,127,115,0.0944882
1729,127,115,0.0944882
1731,127,115,0.0944882
1733,127,115,0.0944882
1736,127,115,0.0944882
1739,127,115,0.0944882
1740,127,115,0.0944882
1743,127,115,0.0944882
1746,127,115,0.0944882
1749,127,115,0.0944882
1751,127,115,0.0944882
1754,127,115,0.0944882
1757,127,115,0.0944882
1760,127,115,0.0944882
1763,127,115,0.0944882
1765,127,115,0.0944882
1768,127,115,0.0944882
1770,127,115,0.0944882
1772,127,115,0.0944882
1774,127,115,0.0944882
1776,127,115,0.0944882
1779,127,115,0.0944882
1781,127,115,0.0944882
1784,127,115,0.0944882
1786,127,115,0.0944882
1790,127,115,0.0944882
1792,127,115,0.0944882
1795,127,115,0.0944882
1799,127,115,0.0944882
1802,127,115,0.0944882
1805,127,115,0.0944882
1808,127,115,0.0944882
1810,127,115,0.0944882
1813,127,115,0.0944882
1816,127,115,0.0944882
1818,127,115,0.0944882
1821,127,115,0.0944882
1822,127,115,0.0944882
1825,127,115,0.0944882
1828,127,115,0.0944882
1830,127,115,0.0944882
1833,127,115,0.0944882
1836,127,115,0.0944882
1838,127,115,0.0944882
1841,127,115,0.0944882
1843,127,115,0.0944882
1846,127,115,0.0944882
1848,127,115,0.0944882
1851,127,115,0.0944882
1855,127,115,0.0944882
1857,127,115,0.0944882
1859,127,115,0.0944882
1863,127,115,0.0944882
1866,127,115,0.0944882
1870,127,115,0.0944882
1872,127,115,0.0944882
1875,127,115,0.0944882
1878,127,115,0.0944882
1881,127,115,0.0944882
1883,127,115,0.0944882
1885,127,115,0.0944882
1888,127,115,0.0944882
1890,127,115,0.0944882
1892,127,115,0.0944882
1895,127,115,0.0944882
1898,127,115,0.0944882
1900,127,115,0.0944882
1902,127,115,0.0944882
1905,127,115,0.0944882
1908,127,115,0.0944882
1911,127,115,0.0944882
1913,127,115,0.0944882
1916,127,115,0.0944882
1919,127,115,0.0944882
1923,127,115,0.0944882
1927,127,115,0.0944882
1930,127,115,0.0944882
1934,127,115,0.0944882
1937,127,115,0.0944882
1940,127,115,0.0944882
1942,127,115,0.0944882
1945,127,115,0.0944882
1947,127,115,0.0944882
1950,126,115,0.0873016
1953,126,115,0.0873016
1957,126,115,0.0873016
1960,126,115,0.0873016
1964,126,115,0.0873016
1967,126,115,0.0873016
1970,126,115,0.0873016
1974,126,115,0.0873016
1977,126,115,0.0873016
1980,126,115,0.0873016
1983,126,115,0.0873016
1986,126,115,0.0873016
1988,126,115,0.0873016
1991,126,115,0.0873016
1994,126,115,0.0873016
1996,126,115,0.0873016
1999,126,115,0.0873016
2001,126,115,0.0873016
2003,126,115,0.0873016
2005,126,115,0.0873016
2008,126,115,0.0873016
2010,126,115,0.0873016
2012,126,115,0.0873016
2013,126,115,0.0873016
2015,126,115,0.0873016
2017,126,115,0.0873016
2019,126,115,0.0873016
2021,126,115,0.0873016
2022,126,115,0.0873016
2024,126,115,0.0873016
2026,126,115,0.0873016
2028,126,115,0.0873016
2030,126,115,0.0873016
2031,126,115,0.0873016
2033,126,115,0.0873016
2034,126,115,0.0873016
2035,126,115,0.0873016
2036,126,115,0.0873016
2037,126,115,0.0873016
2038,126,115,0.0873016
2039,126,115,0.0873016
2040,126,115,0.0873016
2040,126,115,0.0873016
2041,126,115,0.0873016
2041,126,115,0.0873016
2042,126,115,0.0873016
2042,126,115,0.0873016
2043,126,115,0.0873016
2043,126,115,0.0873016
2048,126,115,0.0873016
2054,126,115,0.0873016
2060,126,115,0.0873016
2067,126,115,0.0873016
2072,126,115,0.0873016
2079,126,115,0.0873016
2085,126,115,0.0873016
2090,126,115,0.0873016
2095,126,115,0.0873016
2098,126,115,0.0873016
2104,126,115,0.0873016
2109,126,115,0.0873016
2114,126,115,0.0873016
2119,126,115,0.0873016
2124,126,115,0.0873016
2129,126,115,0.0873016
2134,126,115,0.0873016
2139,126,115,0.0873016
2143,126,115,0.0873016
2148,126,115,0.0873016
2153,126,115,0.0873016
2157,126,115,0.0873016
2161,126,115,0.0873016
2166,126,115,0.0873016
2170,126,115,0.0873016
2174,126,115,0.0873016
2178,126,115,0.0873016
2183,126,115,0.0873016
2186,126,115,0.0873016
2190,126,115,0.0873016
2193,126,115,0.0873016
2197,126,115,0.0873016
2201,126,115,0.0873016
2205,126,115,0.0873016
2208,126,115,0.0873016
2212,126,115,0.0873016
2217,126,115,0.0873016
2221,126,115,0.0873016
2224,126,115,0.0873016
2227,126,115,0.0873016
2231,126,115,0.0873016
2235,126,115,0.0873016
2238,126,115,0.0873016
2240,126,115,0.0873016
2242,126,115,0.0873016
2245,126,115,0.0873016
2249,126,115,0.0873016
2251,126,115,0.0873016
2252,126,115,0.0873016
2255,126,115,0.0873016
2258,126,115,0.0873016
2260,126,115,0.0873016
2263,126,115,0.0873016
2265,126,115,0.0873016
2268,126,115,0.0873016
2270,126,115,0.0873016
2272,126,115,0.0873016
2274,126,115,0.0873016
2277,126,115,0.0873016
2278,126,115,0.0873016
2281,126,115,0.0873016
2283,126,115,0.0873016
2285,126,115,0.0873016
2287,126,115,0.0873016
2289,126,115,0.0873016
2291,126,115,0.0873016
2293,126,115,0.0873016
2295,126,115,0.0873016
2297,126,115,0.0873016
2299,126,115,0.0873016
2300,126,115,0.0873016
2303,126,115,0.0873016
2304,126,115,0.0873016
2306,126,115,0.0873016
2308,126,115,0.0873016
2310,126,115,0.0873016
2312,126,115,0.0873016
2314,126,115,0.0873016
2316,126,115,0.0873016
2317,126,115,0.0873016
2319,126,115,0.0873016
2321,126,115,0.0873016
2323,126,115,0.0873016
2325,126,115,0.0873016
2327,126,115,0.0873016
2329,126,115,0.0873016
2331,126,115,0.0873016
2332,126,115,0.0873016
2335,126,115,0.0873016
2336,126,115,0.0873016
2338,126,115,0.0873016
2340,126,115,0.0873016
2342,126,115,0.0873016
2344,126,115,0.0873016
2345,126,115,0.0873016
2347,126,115,0.0873016
2348,126,115,0.0873016
2350,126,115,0.0873016
2352,126,115,0.0873016
2354,126,115,0.0873016
2356,126,115,0.0873016
2358,126,115,0.0873016
2360,126,115,0.0873016
2362,126,115,0.0873016
2363,126,115,0.0873016
2365,126,115,0.0873016
2367,126,115,0.0873016
2370,126,115,0.0873016
2372,126,115,0.0873016
2374,126,115,0.0873016
2376,126,115,0.0873016
2378,126,115,0.0873016
2380,126,115,0.0873016
2383,126,115,0.0873016
2385,126,115,0.0873016
2387,126,115,0.0873016
2390,126,115,0.0873016
2392,126,115,0.0873016
2394,126,115,0.0873016
2396,126,115,0.0873016
2398,126,115,0.0873016
2400,126,115,0.0873016
2402,126,115,0.0873016
2404,126,115,0.0873016
2406,126,115,0.0873016
2408,126,115,0.0873016
2410,126,115,0.0873016
2412,126,115,0.0873016
2415,126,115,0.0873016
2417,126,115,0.0873016
2419,126,115,0.0873016
2422,126,115,0.0873016
2423,126,115,0.0873016
2426,126,115,0.0873016
2428,126,115,0.0873016
2431,126,115,0.0873016
2433,126,115,0.0873016
2435,126,115,0.0873016
2437,126,115,0.0873016
2439,126,115,0.0873016
2441,126,115,0.0873016
2443,126,115,0.0873016
2446,126,115,0.0873016
2448,126,115,0.0873016
2451,126,115,0.0873016
2453,126,115,0.0873016
2456,126,115,0.0873016
2458,126,115,0.0873016
2462,126,115,0.0873016
2465,126,115,0.0873016
2469,126,115,0.0873016
2471,126,115,0.0873016
2473,126,115,0.0873016
2476,126,115,0.0873016
2479,126,115,0.0873016
2481,126,115,0.0873016
2484,126,115,0.0873016
2486,126,115,0.0873016
2489,126,115,0.0873016
2492,126,115,0.0873016
2494,126,115,0.0873016
2497,126,115,0.0873016
2500,126,115,0.0873016
2502,126,115,0.0873016
2504,126,115,0.0873016
2507,126,115,0.0873016
2510,126,115,0.0873016
2512,126,115,0.0873016
2515,126,115,0.0873016
2517,126,115,0.0873016
2520,126,115,0.0873016
2522,126,115,0.0873016
2525,126,115,0.0873016
2527,126,115,0.0873016
2530,126,115,0.0873016
2532,126,115,0.0873016
2535,126,115,0.0873016
2538,126,115,0.0873016
2540,126,115,0.0873016
2543,126,115,0.0873016
2545,126,115,0.0873016
2548,126,115,0.0873016
2551,126,115,0.0873016
2554,126,115,0.0873016
2556,126,115,0.0873016
2559,126,115,0.0873016
2561,126,115,0.0873016
2564,126,115,0.0873016
2566,126,115,0.0873016
2568,126,115,0.0873016
2571,126,115,0.0873016
2573,126,115,0.0873016
2576,126,115,0.0873016
2578,126,115,0.0873016
2581,126,115,0.0873016
2583,126,115,0.0873016
2585,126,115,0.0873016
2587,126,115,0.0873016
2589,126,115,0.0873016
2592,126,115,0.0873016
2594,126,115,0.0873016
2596,126,115,0.0873016
2598,126,115,0.0873016
2600,126,115,0.0873016
2602,126,115,0.0873016
2604,126,115,0.0873016
2606,126,115,0.0873016
2609,126,115,0.0873016
2612,126,115,0.0873016
2614,126,115,0.0873016
2616,126,115,0.0873016
2619,126,115,0.0873016
2621,126,115,0.0873016
2624,126,115,0.0873016
2626,126,115,0.0873016
2629,126,115,0.0873016
2631,126,115,0.0873016
2634,126,115,0.0873016
2637,126,115,0.0873016
2639,126,115,0.0873016
2641,126,115,0.0873016
2644,126,115,0.0873016
2647,126,115,0.0873016
2649,126,115,0.0873016
2652,126,115,0.0873016
2655,126,115,0.0873016
2657,126,115,0.0873016
2661,126,115,0.0873016
2664,126,115,0.0873016
2666,126,115,0.0873016
2669,126,115,0.0873016
2672,126,115,0.0873016
2675,126,115,0.0873016
2678,126,115,0.0873016
2680,126,115,0.0873016
2683,126,115,0.0873016
2685,126,115,0.0873016
2688,126,115,0.0873016
2691,126,115,0.0873016
2694,126,115,0.0873016
2697,126,115,0.0873016
2700,126,115,0.0873016
2703,126,115,0.0873016
2706,126,115,0.0873016
2708,126,115,0.0873016
2711,126,115,0.0873016
2714,126,115,0.0873016
2716,126,115,0.0873016
2720,126,115,0.0873016
2722,126,115,0.0873016
2725,126,115,0.0873016
2728,126,115,0.0873016
2731,126,115,0.0873016
2732,126,115,0.0873016
2735,126,115,0.0873016
2738,126,115,0.0873016
2740,126,115,0.0873016
2743,126,115,0.0873016
2746,126,115,0.0873016
2748,126,115,0.0873016
2750,126,115,0.0873016
2753,126,115,0.0873016
2756,126,115,0.0873016
2759,126,115,0.0873016
2762,126,115,0.0873016
2764,126,115,0.0873016
2766,126,115,0.0873016
2769,126,115,0.0873016
2771,126,115,0.0873016
2774,126,115,0.0873016
2777,126,115,0.0873016
2779,126,115,0.0873016
2781,126,115,0.0873016
2784,126,115,0.0873016
2786,126,115,0.0873016
2789,126,115,0.0873016
2792,126,115,0.0873016
2795,126,115,0.0873016
2798,126,115,0.0873016
2801,126,115,0.0873016
2803,126,115,0.0873016
2806,126,115,0.0873016
2809,126,115,0.0873016
2812,126,115,0.0873016
2815,126,115,0.0873016
2817,126,115,0.0873016
2820,126,115,0.0873016
2822,126,115,0.0873016
2826,126,115,0.0873016
2828,126,115,0.0873016
2831,126,115,0.0873016
2834,126,115,0.0873016
2836,126,115,0.0873016
2839,126,115,0.0873016
2842,126,115,0.0873016
2844,126,115,0.0873016
2847,126,115,0.0873016
2850,126,115,0.0873016
2853,126,115,0.0873016
2856,126,115,0.0873016
2859,126,115,0.0873016
2862,126,115,0.0873016
2865,126,115,0.0873016
2868,126,115,0.0873016
2871,126,115,0.0873016
2873,126,115,0.0873016
2876,126,115,0.0873016
2878,126,115,0.0873016
2882,126,115,0.0873016
2885,126,115,0.0873016
2887,126,115,0.0873016
2890,126,115,0.0873016
2894,126,115,0.0873016
2896,126,115,0.0873016
2899,126,115,0.0873016
2901,126,115,0.0873016
2904,126,115,0.0873016
2907,126,115,0.0873016
2910,126,115,0.0873016
2913,126,115,0.0873016
2915,126,115,0.0873016
2918,126,115,0.0873016
2921,126,115,0.0873016
2924,126,115,0.0873016
2927,126,115,0.0873016
2930,126,115,0.0873016
2933,126,115,0.0873016
2936,126,115,0.0873016
2940,126,115,0.0873016
2943,126,115,0.0873016
2946,126,115,0.0873016
2949,126,115,0.0873016
2952,126,115,0.0873016
2954,126,115,0.0873016
2957,126,115,0.0873016
2960,126,115,0.0873016
2962,126,115,0.0873016
2965,126,115,0.0873016
2968,126,115,0.0873016
2972,126,115,0.0873016
2975,126,115,0.0873016
2977,126,115,0.0873016
2980,126,115,0.0873016
2983,126,115,0.0873016
2986,126,115,0.0873016
2989,126,115,0.0873016
2993,126,115,0.0873016
2996,126,115,0.0873016
2999,126,115,0.0873016
3002,126,115,0.0873016
3005,126,115,0.0873016
3008,126,115,0.0873016
3012,126,115,0.0873016
3015,126,115,0.0873016
3018,126,115,0.0873016
3021,126,115,0.0873016
3024,126,115,0.0873016
3027,126,115,0.0873016
3030,126,115,0.0873016
3034,126,115,0.0873016
3037,126,115,0.0873016
3040,126,115,0.0873016
3043,126,115,0.0873016
3046,126,115,0.0873016
3049,126,115,0.0873016
3052,126,115,0.0873016
3055,126,115,0.0873016
3059,126,115,0.0873016
3062,126,115,0.0873016
3065,126,115,0.0873016
3069,126,115,0.0873016
3073,126,115,0.0873016
3076,126,115,0.0873016
3080,126,115,0.0873016
3083,126,115,0.0873016
3086,126,115,0.0873016
3089,126,115,0.0873016
3093,126,115,0.0873016
3096,126,115,0.0873016
3099,126,115,0.0873016
3103,126,115,0.0873016
3106,126,115,0.0873016
3110,126,115,0.0873016
3113,126,115,0.0873016
3118,126,115,0.0873016
3122,126,115,0.0873016
3125,126,115,0.0873016
3128,126,115,0.0873016
3132,126,115,0.0873016
3136,126,115,0.0873016
3140,126,115,0.0873016
3143,126,115,0.0873016
3146,126,115,0.0873016
3151,126,115,0.0873016
3154,126,115,0.0873016
3157,126,115,0.0873016
3161,126,115,0.0873016
3164,126,115,0.0873016
3168,126,115,0.0873016
3171,126,115,0.0873016
3175,126,115,0.0873016
3179,126,115,0.0873016
3182,126,115,0.0873016
3186,126,115,0.0873016
3189,126,115,0.0873016
3193,126,115,0.0873016
3196,126,115,0.0873016
3200,126,115,0.0873016
3203,126,115,0.0873016
3206,126,115,0.0873016
3210,126,115,0.0873016
3213,126,115,0.0873016
3217,126,115,0.0873016
3221,126,115,0.0873016
3225,126,115,0.0873016
3228,126,115,0.0873016
3232,126,115,0.0873016
3234,126,115,0.0873016
3237,126,115,0.0873016
3242,126,115,0.0873016
3247,126,115,0.0873016
3251,126,115,0.0873016
3255,126,115,0.0873016
3258,126,115,0.0873016
3262,126,115,0.0873016
3266,126,115,0.0873016
3269,126,115,0.0873016
3273,126,115,0.0873016
3277,126,115,0.0873016
3281,126,115,0.0873016
3284,126,115,0.0873016
3288,126,115,0.0873016
3292,126,115,0.0873016
3295,126,115,0.0873016
3299,126,115,0.0873016
3302,126,115,0.0873016
3306,126,115,0.0873016
3309,126,115,0.0873016
3313,126,115,0.0873016
3317,126,115,0.0873016
3320,126,115,0.0873016
3324,126,115,0.0873016
3328,126,115,0.0873016
3331,126,115,0.0873016
3335,126,115,0.0873016
3339,126,115,0.0873016
3343,126,115,0.0873016
3347,126,115,0.0873016
3350,126,115,0.0873016
3353,126,115,0.0873016
3357,126,115,0.0873016
3361,126,115,0.0873016
3365,126,115,0.0873016
3369,126,115,0.0873016
3373,126,115,0.0873016
3377,126,115,0.0873016
3380,126,115,0.0873016
3385,126,115,0.0873016
3389,126,115,0.0873016
3393,126,115,0.0873016
3396,126,115,0.0873016
3400,126,115,0.0873016
3404,126,115,0.0873016
3408,126,115,0.0873016
3412,126,115,0.0873016
3415,126,115,0.0873016
3420,126,115,0.0873016
3424,126,115,0.0873016
3427,126,115,0.0873016
3432,126,115,0.0873016
3435,126,115,0.0873016
3438,126,115,0.0873016
3443,126,115,0.0873016
3447,126,115,0.0873016
3450,126,115,0.0873016
3454,126,115,0.0873016
3459,126,115,0.0873016
3462,126,115,0.0873016
3469,126,115,0.0873016
3474,126,115,0.0873016
3477,126,115,0.0873016
3481,126,115,0.0873016
3485,126,115,0.0873016
3489,126,115,0.0873016
3493,126,115,0.0873016
3497,126,115,0.0873016
3501,126,115,0.0873016
3504,126,115,0.0873016
3508,126,115,0.0873016
3512,126,115,0.0873016
3516,126,115,0.0873016
3520,126,115,0.0873016
3524,126,115,0.0873016
3528,126,115,0.0873016
3532,126,115,0.0873016
3536,126,115,0.0873016
3541,126,115,0.0873016
3544,126,115,0.0873016
3548,126,115,0.0873016
3552,126,115,0.0873016
3556,126,115,0.0873016
3561,126,115,0.0873016
3564,126,115,0.0873016
3568,126,115,0.0873016
3572,126,115,0.0873016
3577,126,115,0.0873016
3580,126,115,0.0873016
3585,126,115,0.0873016
3589,126,115,0.0873016
3593,126,115,0.0873016
3597,126,115,0.0873016
3601,126,115,0.0873016
3605,126,115,0.0873016
3609,126,115,0.0873016
3613,126,115,0.0873016
3617,126,115,0.0873016
3621,126,115,0.0873016
3625,126,115,0.0873016
3630,126,115,0.0873016
3633,126,115,0.0873016
3638,126,115,0.0873016
3642,126,115,0.0873016
3646,126,115,0.0873016
3650,126,115,0.0873016
3654,126,115,0.0873016
3659,126,115,0.0873016
3662,126,115,0.0873016
3667,126,115,0.0873016
3671,126,115,0.0873016
3676,126,115,0.0873016
3680,126,115,0.0873016
3685,126,115,0.0873016
3691,126,115,0.0873016
3694,126,115,0.0873016
3698,126,115,0.0873016
3703,126,115,0.0873016
3706,126,115,0.0873016
3711,126,115,0.0873016
3716,126,115,0.0873016
3720,126,115,0.0873016
3725,126,115,0.0873016
3729,126,115,0.0873016
3733,126,115,0.0873016
3737,126,115,0.0873016
3741,126,115,0.0873016
3744,126,115,0.0873016
3749,126,115,0.0873016
3754,126,115,0.0873016
3758,126,115,0.0873016
3763,126,115,0.0873016
3768,126,115,0.0873016
3772,126,115,0.0873016
3777,126,115,0.0873016
3782,126,115,0.0873016
3787,126,115,0.0873016
3792,126,115,0.0873016
3796,126,115,0.0873016
3800,126,115,0.0873016
3805,126,115,0.0873016
3811,126,115,0.0873016
3816,126,115,0.0873016
3820,126,115,0.0873016
3825,126,115,0.0873016
3828,126,115,0.0873016
3834,126,115,0.0873016
3840,126,115,0.0873016
3844,126,115,0.0873016
3849,126,115,0.0873016
3853,126,115,0.0873016
3858,126,115,0.0873016
3862,126,115,0.0873016
3866,126,115,0.0873016
3871,126,115,0.0873016
3875,126,115,0.0873016
3880,126,115,0.0873016
3884,126,115,0.0873016
3889,126,115,0.0873016
3895,126,115,0.0873016
3899,126,115,0.0873016
3903,126,115,0.0873016
3908,126,115,0.0873016
3913,126,115,0.0873016
3918,126,115,0.0873016
3924,126,115,0.0873016
3929,126,115,0.0873016
3934,126,115,0.0873016
3939,126,115,0.0873016
3944,126,115,0.0873016
3949,126,115,0.0873016
3954,126,115,0.0873016
3960,126,115,0.0873016
3965,126,115,0.0873016
3970,126,115,0.0873016
3975,126,115,0.0873016
3980,126,115,0.0873016
3985,126,115,0.0873016
3990,126,115,0.0873016
3996,126,115,0.0873016
4000,126,115,0.0873016
4007,126,115,0.0873016
4011,126,115,0.0873016
4016,126,115,0.0873016
4020,126,115,0.0873016
4026,126,115,0.0873016
4031,126,115,0.0873016
4035,126,115,0.0873016
4040,126,115,0.0873016
4045,126,115,0.0873016
4050,126,115,0.0873016
4056,126,115,0.0873016
4062,126,115,0.0873016
4067,126,115,0.0873016
4073,126,115,0.0873016
4078,126,115,0.0873016
4082,126,115,0.0873016
4088,126,115,0.0873016
4093,126,115,0.0873016
4099,126,115,0.0873016
4105,126,115,0.0873016
4110,126,115,0.0873016
4116,126,115,0.0873016
4121,126,115,0.0873016
4126,126,115,0.0873016
4131,126,115,0.0873016
4136,126,115,0.0873016
4141,126,115,0.0873016
4148,126,115,0.0873016
4153,126,115,0.0873016
4159,126,115,0.0873016
4165,126,115,0.0873016
4170,126,115,0.0873016
4176,126,115,0.0873016
4181,126,115,0.0873016
4185,126,115,0.0873016
4190,126,115,0.0873016
4194,126,115,0.0873016
4200,126,115,0.0873016
4204,126,115,0.0873016
4210,126,115,0.0873016
4215,126,115,0.0873016
4222,126,115,0.0873016
4228,126,115,0.0873016
4233,126,115,0.0873016
4240,126,115,0.0873016
4246,126,115,0.0873016
4251,126,115,0.0873016
4257,126,115,0.0873016
4263,126,115,0.0873016
4269,126,115,0.0873016
4274,126,115,0.0873016
4280,126,115,0.0873016
4286,126,115,0.0873016
4291,126,115,0.0873016
4298,126,115,0.0873016
4304,126,115,0.0873016
4310,126,115,0.0873016
4315,126,115,0.0873016
4320,126,115,0.0873016
4325,126,115,0.0873016
4332,126,115,0.0873016
4337,126,115,0.0873016
4342,126,115,0.0873016
4348,126,115,0.0873016
4355,126,115,0.0873016
4360,126,115,0.0873016
4365,126,115,0.0873016
4371,126,115,0.0873016
4375,126,115,0.0873016
4380,126,115,0.0873016
4386,126,115,0.0873016
4390,126,115,0.0873016
4396,126,115,0.0873016
4403,126,115,0.0873016
4409,126,115,0.0873016
4415,126,115,0.0873016
4420,126,115,0.0873016
4425,126,115,0.0873016
4430,126,115,0.0873016
4437,126,115,0.0873016
4442,126,115,0.0873016
4449,126,115,0.0873016
4453,126,115,0.0873016
4460,126,115,0.0873016
4466,126,115,0.0873016
4472,126,115,0.0873016
4478,126,115,0.0873016
4484,126,115,0.0873016
4490,126,115,0.0873016
4494,126,115,0.0873016
4500,126,115,0.0873016
4506,126,115,0.0873016
4511,126,115,0.0873016
4517,126,115,0.0873016
4522,126,115,0.0873016
4529,126,115,0.0873016
4535,126,115,0.0873016
4540,126,115,0.0873016
4545,126,115,0.0873016
4551,126,115,0.0873016
4557,126,115,0.0873016
4563,126,115,0.0873016
4568,126,115,0.0873016
4574,126,115,0.0873016
4579,126,115,0.0873016
4585,126,115,0.0873016
4591,126,115,0.0873016
4596,126,115,0.0873016
4602,126,115,0.0873016
4608,126,115,0.0873016
4613,126,115,0.0873016
4619,126,115,0.0873016
4624,126,115,0.0873016
4629,126,115,0.0873016
4636,126,115,0.0873016
4642,126,115,0.0873016
4648,126,115,0.0873016
4654,126,115,0.0873016
4658,126,115,0.0873016
4664,126,115,0.0873016
4670,126,115,0.0873016
4676,126,115,0.0873016
4681,126,115,0.0873016
4688,126,115,0.0873016
4694,126,115,0.0873016
4700,126,115,0.0873016
4706,126,115,0.0873016
4711,126,115,0.0873016
4716,126,115,0.0873016
4723,126,115,0.0873016
4729,126,115,0.0873016
4735,126,115,0.0873016
4742,126,115,0.0873016
4748,126,115,0.0873016
4754,126,115,0.0873016
4760,126,115,0.0873016
4766,126,115,0.0873016
4770,126,115,0.0873016
4776,126,115,0.0873016
4782,126,115,0.0873016
4788,126,115,0.0873016
4794,126,115,0.0873016
4799,126,115,0.0873016
4805,126,115,0.0873016
4812,126,115,0.0873016
4818,126,115,0.0873016
4824,126,115,0.0873016
4832,126,115,0.0873016
4838,126,115,0.0873016
4844,126,115,0.0873016
4850,126,115,0.0873016
4856,126,115,0.0873016
4862,126,115,0.0873016
4869,126,115,0.0873016
4877,126,115,0.0873016
4883,126,115,0.0873016
4890,126,115,0.0873016
4897,126,115,0.0873016
4903,126,115,0.0873016
4909,126,115,0.0873016
4917,126,115,0.0873016
4924,126,115,0.0873016
4931,126,115,0.0873016
4937,126,115,0.0873016
4943,126,115,0.0873016
4948,126,115,0.0873016
4955,126,115,0.0873016
4962,126,115,0.0873016
4969,126,115,0.0873016
4975,126,115,0.0873016
4980,126,115,0.0873016
4986,126,115,0.0873016
4994,126,115,0.0873016
5000,126,115,0.0873016
5007,126,115,0.0873016
5012,126,115,0.0873016
5019,126,115,0.0873016
5026,126,115,0.0873016
5031,126,115,0.0873016
5038,126,115,0.0873016
5045,126,115,0.0873016
5050,126,115,0.0873016
5057,126,115,0.0873016
5064,126,115,0.0873016
5070,126,115,0.0873016
5077,126,115,0.0873016
5085,126,115,0.0873016
5091,126,115,0.0873016
5099,126,115,0.0873016
5105,126,115,0.0873016
5112,126,115,0.0873016
5118,126,115,0.0873016
5126,126,115,0.0873016
5133,126,115,0.0873016
5140,126,115,0.0873016
5146,126,115,0.0873016
5153,126,115,0.0873016
5160,126,115,0.0873016
5166,126,115,0.0873016
5172,126,115,0.0873016
5179,126,115,0.0873016
5185,126,115,0.0873016
5192,126,115,0.0873016
5199,126,115,0.0873016
5205,126,115,0.0873016
5211,126,115,0.0873016
5217,126,115,0.0873016
5224,126,115,0.0873016
5231,126,115,0.0873016
5240,126,115,0.0873016
5246,126,115,0.0873016
5253,126,115,0.0873016
5260,126,115,0.0873016
5267,126,115,0.0873016
5274,126,115,0.0873016
5280,126,115,0.0873016
5287,126,115,0.0873016
5293,126,115,0.0873016
5302,126,115,0.0873016
5308,126,115,0.0873016
5315,126,115,0.0873016
5321,126,115,0.0873016
5329,126,115,0.0873016
5336,126,115,0.0873016
5343,126,115,0.0873016
5350,126,115,0.0873016
5357,126,115,0.0873016
5365,126,115,0.0873016
5371,126,115,0.0873016
5378,126,115,0.0873016
5385,126,115,0.0873016
5392,126,115,0.0873016
5398,126,115,0.0873016
5404,126,115,0.0873016
5411,126,115,0.0873016
5419,126,115,0.0873016
5426,126,115,0.0873016
5434,126,115,0.0873016
5442,126,115,0.0873016
5449,126,115,0.0873016
5456,126,115,0.0873016
5463,126,115,0.0873016
5470,126,115,0.0873016
5475,126,115,0.0873016
5483,126,115,0.0873016
5492,126,115,0.0873016
5499,126,115,0.0873016
5507,126,115,0.0873016
5515,126,115,0.0873016
5522,126,115,0.0873016
5527,126,115,0.0873016
5534,126,115,0.0873016
5542,126,115,0.0873016
5549,126,115,0.0873016
5556,126,115,0.0873016
5563,126,115,0.0873016
5570,126,115,0.0873016
5577,126,115,0.0873016
5584,126,115,0.0873016
5592,126,115,0.0873016
5599,126,115,0.0873016
5607,126,115,0.0873016
5612,126,115,0.0873016
5621,126,115,0.0873016
5629,126,115,0.0873016
5636,126,115,0.0873016
5644,126,115,0.0873016
5650,126,115,0.0873016
5659,126,115,0.0873016
5667,126,115,0.0873016
5676,126,115,0.0873016
5683,126,115,0.0873016
5691,126,115,0.0873016
5699,126,115,0.0873016
5705,126,115,0.0873016
5713,126,115,0.0873016
5721,126,115,0.0873016
5727,126,115,0.0873016
5735,126,115,0.0873016
5743,126,115,0.0873016
5752,126,115,0.0873016
5758,126,115,0.0873016
5767,126,115,0.0873016
5774,126,115,0.0873016
5782,126,115,0.0873016
5789,126,115,0.0873016
5796,126,115,0.0873016
5804,126,115,0.0873016
5813,126,115,0.0873016
5821,126,115,0.0873016
5829,126,115,0.0873016
5838,126,115,0.0873016
5843,126,115,0.0873016
5850,126,115,0.0873016
5857,126,115,0.0873016
5864,126,115,0.0873016
5871,126,115,0.0873016
5878,126,115,0.0873016
5886,126,115,0.0873016
5895,126,115,0.0873016
5904,126,115,0.0873016
5911,126,115,0.0873016
5918,126,115,0.0873016
5925,126,115,0.0873016
5933,126,115,0.0873016
5941,126,115,0.0873016
5949,126,115,0.0873016
5956,126,115,0.0873016
5964,126,115,0.0873016
5972,126,115,0.0873016
5979,126,115,0.0873016
5988,126,115,0.0873016
5997,126,115,0.0873016
6004,126,115,0.0873016
6013,126,115,0.0873016
6020,126,115,0.0873016
6029,126,115,0.0873016
6036,126,115,0.0873016
6044,126,115,0.0873016
6051,126,115,0.0873016
6058,126,115,0.0873016
6067,126,115,0.0873016
6075,126,115,0.0873016
6082,126,115,0.0873016
6090,126,115,0.0873016
6098,126,115,0.0873016
6106,126,115,0.0873016
6114,126,115,0.0873016
6122,126,115,0.0873016
6130,126,115,0.0873016
6139,126,115,0.0873016
6147,126,115,0.0873016
6156,126,115,0.0873016
6164,126,115,0.0873016
6173,126,115,0.0873016
6182,126,115,0.0873016
6189,126,115,0.0873016
6199,126,115,0.0873016
6206,126,115,0.0873016
6213,126,115,0.0873016
6222,126,115,0.0873016
6232,126,115,0.0873016
6238,126,115,0.0873016
6247,126,115,0.0873016
6255,126,115,0.0873016
6262,126,115,0.0873016
6268,126,115,0.0873016
6276,126,115,0.0873016
6285,126,115,0.0873016
6292,126,115,0.0873016
6299,126,115,0.0873016
6307,126,115,0.0873016
6315,126,115,0.0873016
6324,126,115,0.0873016
6333,126,115,0.0873016
6343,126,115,0.0873016
6351,126,115,0.0873016
6359,126,115,0.0873016
6367,126,115,0.0873016
6376,126,115,0.0873016
6384,126,115,0.0873016
6393,126,115,0.0873016
6400,126,115,0.0873016
6408,126,115,0.0873016
6416,126,115,0.0873016
6423,126,115,0.0873016
6431,126,115,0.0873016
6439,126,115,0.0873016
6448,126,115,0.0873016
6455,126,115,0.0873016
6465,126,115,0.0873016
6475,126,115,0.0873016
6484,126,115,0.0873016
6494,126,115,0.0873016
6502,126,115,0.0873016
6512,126,115,0.0873016
6519,126,115,0.0873016
6525,126,115,0.0873016
6534,126,115,0.0873016
6542,126,115,0.0873016
6549,126,115,0.0873016
6556,126,115,0.0873016
6565,126,115,0.0873016
6574,126,115,0.0873016
6582,126,115,0.0873016
6590,126,115,0.0873016
6598,126,115,0.0873016
6604,126,115,0.0873016
6613,126,115,0.0873016
6619,126,115,0.0873016
6629,126,115,0.0873016
6635,126,115,0.0873016
6643,126,115,0.0873016
6652,126,115,0.0873016
6661,126,115,0.0873016
6670,126,115,0.0873016
6679,126,115,0.0873016
6684,126,115,0.0873016
6694,126,115,0.0873016
6700,126,115,0.0873016
6708,126,115,0.0873016
6716,126,115,0.0873016
6724,126,115,0.0873016
6732,126,115,0.0873016
6740,126,115,0.0873016
6748,126,115,0.0873016
6757,126,115,0.0873016
6766,126,115,0.0873016
6775,126,115,0.0873016
6782,126,115,0.0873016
6792,126,115,0.0873016
6800,126,115,0.0873016
6807,126,115,0.0873016
6816,126,115,0.0873016
6824,126,115,0.0873016
6831,126,115,0.0873016
6837,126,115,0.0873016
6847,126,115,0.0873016
6858,126,115,0.0873016
6865,126,115,0.0873016
6873,126,115,0.0873016
6881,126,115,0.0873016
6888,126,115,0.0873016
6896,126,115,0.0873016
6904,126,115,0.0873016
6915,126,115,0.0873016
6921,126,115,0.0873016
6929,126,115,0.0873016
6938,126,115,0.0873016
6949,126,115,0.0873016
6958,126,115,0.0873016
6966,126,115,0.0873016
6975,126,115,0.0873016
6983,126,115,0.0873016
6989,126,115,0.0873016
6998,126,115,0.0873016
7006,126,115,0.0873016
7015,126,115,0.0873016
7023,126,115,0.0873016
7033,126,115,0.0873016
7041,126,115,0.0873016
7050,126,115,0.0873016
7058,126,115,0.0873016
7067,126,115,0.0873016
7075,126,115,0.0873016
7084,126,115,0.0873016
7092,126,115,0.0873016
7100,126,115,0.0873016
7111,126,115,0.0873016
7121,126,115,0.0873016
7130,126,115,0.0873016
7138,126,115,0.0873016
7146,126,115,0.0873016
7155,126,115,0.0873016
7164,126,115,0.0873016
7173,126,115,0.0873016
7181,126,115,0.0873016
7188,126,115,0.0873016
7198,126,115,0.0873016
7207,126,115,0.0873016
7215,126,115,0.0873016
7223,126,115,0.0873016
7233,126,115,0.0873016
7242,126,115,0.0873016
7252,126,115,0.0873016
7261,126,115,0.0873016
7269,126,115,0.0873016
7279,126,115,0.0873016
7285,126,115,0.0873016
7293,126,115,0.0873016
7302,126,115,0.0873016
7310,126,115,0.0873016
7320,126,115,0.0873016
7328,126,115,0.0873016
7337,126,115,0.0873016
7345,126,115,0.0873016
7351,126,115,0.0873016
7358,126,115,0.0873016
7365,126,115,0.0873016
7373,126,115,0.0873016
7380,126,115,0.0873016
7387,126,115,0.0873016
7395,126,115,0.0873016
7403,126,115,0.0873016
7410,126,115,0.0873016
7417,126,115,0.0873016
7425,126,115,0.0873016
7434,126,115,0.0873016
7441,126,115,0.0873016
7449,126,115,0.0873016
7458,126,115,0.0873016
7469,126,115,0.0873016
7480,126,115,0.0873016
7487,126,115,0.0873016
7496,126,115,0.0873016
7506,126,115,0.0873016
7516,126,115,0.0873016
7526,126,115,0.0873016
7533,126,115,0.0873016
7543,126,115,0.0873016
7551,126,115,0.0873016
7560,126,115,0.0873016
7569,126,115,0.0873016
7577,126,115,0.0873016
7586,126,115,0.0873016
7596,126,115,0.0873016
7606,126,115,0.0873016
7615,126,115,0.0873016
7624,126,115,0.0873016
7635,126,115,0.0873016
7644,126,115,0.0873016
7653,126,115,0.0873016
7662,126,115,0.0873016
7670,126,115,0.0873016
7678,126,115,0.0873016
7688,126,115,0.0873016
7697,126,115,0.0873016
7708,126,115,0.0873016
7716,126,115,0.0873016
7724,126,115,0.0873016
7732,126,115,0.0873016
7740,126,115,0.0873016
7749,126,115,0.0873016
7760,126,115,0.0873016
7769,126,115,0.0873016
7778,126,115,0.0873016
7786,126,115,0.0873016
7794,126,115,0.0873016
7803,126,115,0.0873016
7811,126,115,0.0873016
7821,126,115,0.0873016
7830,126,115,0.0873016
7839,126,115,0.0873016
7848,126,115,0.0873016
7857,126,115,0.0873016
7867,126,115,0.0873016
7875,126,115,0.0873016
7884,126,115,0.0873016
7892,126,115,0.0873016
7898,126,115,0.0873016
7907,126,115,0.0873016
7917,126,115,0.0873016
7927,126,115,0.0873016
7936,126,115,0.0873016
7944,126,115,0.0873016
7954,126,115,0.0873016
7962,126,115,0.0873016
7973,126,115,0.0873016
7982,126,115,0.0873016
7991,126,115,0.0873016
7997,126,115,0.0873016
8005,126,115,0.0873016
8014,126,115,0.0873016
8023,126,115,0.0873016
8031,126,115,0.0873016
8039,126,115,0.0873016
8047,126,115,0.0873016
8056,126,115,0.0873016
8066,126,115,0.0873016
8075,126,115,0.0873016
8083,126,115,0.0873016
8092,126,115,0.0873016
8103,126,115,0.0873016
8114,126,115,0.0873016
8123,126,115,0.0873016
8132,126,115,0.0873016
8145,126,115,0.0873016
8153,126,115,0.0873016
8164,126,115,0.0873016
8173,126,115,0.0873016
8183,126,115,0.0873016
8191,126,115,0.0873016
8198,126,115,0.0873016
8207,126,115,0.0873016
8215,126,115,0.0873016
8223,126,115,0.0873016
8232,126,115,0.0873016
8241,126,115,0.0873016
8253,126,115,0.0873016
8260,126,115,0.0873016
8269,126,115,0.0873016
8279,126,115,0.0873016
8287,126,115,0.0873016
8295,126,115,0.0873016
8304,126,115,0.0873016
8313,126,115,0.0873016
8323,126,115,0.0873016
8332,126,115,0.0873016
8341,126,115,0.0873016
8348,126,115,0.0873016
8356,126,115,0.0873016
8364,126,115,0.0873016
8373,126,115,0.0873016
8384,126,115,0.0873016
8396,126,115,0.0873016
8405,126,115,0.0873016
8414,126,115,0.0873016
8422,126,115,0.0873016
8429,126,115,0.0873016
8437,126,115,0.0873016
8445,126,115,0.0873016
8457,126,115,0.0873016
8468,126,115,0.0873016
8478,126,115,0.0873016
8487,126,115,0.0873016
8498,126,115,0.0873016
8507,126,115,0.0873016
8519,126,115,0.0873016
8528,126,115,0.0873016
8537,126,115,0.0873016
8544,126,115,0.0873016
8552,126,115,0.0873016
8557,126,115,0.0873016
8565,126,115,0.0873016
8577,126,115,0.0873016
8587,126,115,0.0873016
8598,126,115,0.0873016
8607,126,115,0.0873016
8618,126,115,0.0873016
8628,126,115,0.0873016
8637,126,115,0.0873016
8644,126,115,0.0873016
8649,126,115,0.0873016
8657,126,115,0.0873016
8666,126,115,0.0873016
8677,126,115,0.0873016
8687,126,115,0.0873016
8694,126,115,0.0873016
8704,126,115,0.0873016
8713,126,115,0.0873016
8724,126,115,0.0873016
8730,126,115,0.0873016
8739,126,115,0.0873016
8747,126,115,0.0873016
8756,126,115,0.0873016
8766,126,115,0.0873016
8775,126,115,0.0873016
8784,126,115,0.0873016
8793,126,115,0.0873016
8801,126,115,0.0873016
8812,126,115,0.0873016
8824,126,115,0.0873016
8831,126,115,0.0873016
8839,126,115,0.0873016
8850,126,115,0.0873016
8861,126,115,0.0873016
8870,126,115,0.0873016
8879,126,115,0.0873016
8889,126,115,0.0873016
8898,126,115,0.0873016
8907,126,115,0.0873016
8917,126,115,0.0873016
8929,126,115,0.0873016
8939,126,115,0.0873016
8948,126,115,0.0873016
8960,126,115,0.0873016
8970,126,115,0.0873016
8977,126,115,0.0873016
8988,126,115,0.0873016
8997,126,115,0.0873016
9006,126,115,0.0873016
9015,126,115,0.0873016
9027,126,115,0.0873016
9036,126,115,0.0873016
9049,126,115,0.0873016
9060,126,115,0.0873016
9068,126,115,0.0873016
9075,126,115,0.0873016
9085,126,115,0.0873016
9096,126,115,0.0873016
9102,126,115,0.0873016
9110,126,115,0.0873016
9120,126,115,0.0873016
9131,126,115,0.0873016
9140,126,115,0.0873016
9151,126,115,0.0873016
9162,126,115,0.0873016
9171,126,115,0.0873016
9181,126,115,0.0873016
9190,126,115,0.0873016
9197,126,115,0.0873016
9207,126,115,0.0873016
9218,126,115,0.0873016
9227,126,115,0.0873016
9238,126,115,0.0873016
9246,126,115,0.0873016
9255,126,115,0.0873016
9265,126,115,0.0873016
9273,126,115,0.0873016
9283,126,115,0.0873016
9294,126,115,0.0873016
9303,126,115,0.0873016
9314,126,115,0.0873016
9323,126,115,0.0873016
9332,126,115,0.0873016
9343,126,115,0.0873016
9353,126,115,0.0873016
9363,126,115,0.0873016
9373,126,115,0.0873016
9381,126,115,0.0873016
9392,126,115,0.0873016
9401,126,115,0.0873016
9409,126,115,0.0873016
9422,126,115,0.0873016
9431,126,115,0.0873016
9442,126,115,0.0873016
9452,126,115,0.0873016
9464,126,115,0.0873016
9473,126,115,0.0873016
9482,126,115,0.0873016
9490,126,115,0.0873016
9499,126,115,0.0873016
9511,126,115,0.0873016
9521,126,115,0.0873016
9532,126,115,0.0873016
9545,126,115,0.0873016
9553,126,115,0.0873016
9563,126,115,0.0873016
9573,126,115,0.0873016
9585,126,115,0.0873016
9594,126,115,0.0873016
9605,126,115,0.0873016
9616,126,115,0.0873016
9628,126,115,0.0873016
9637,126,115,0.0873016
9648,126,115,0.0873016
9656,126,115,0.0873016
9665,126,115,0.0873016
9673,126,115,0.0873016
9684,126,115,0.0873016
9694,126,115,0.0873016
9706,126,115,0.0873016
9716,126,115,0.0873016
9727,126,115,0.0873016
9738,126,115,0.0873016
9745,126,115,0.0873016
9756,126,115,0.0873016
9764,126,115,0.0873016
9775,126,115,0.0873016
9785,126,115,0.0873016
9793,126,115,0.0873016
9803,126,115,0.0873016
9812,126,115,0.0873016
9823,126,115,0.0873016
9836,126,115,0.0873016
9846,126,115,0.0873016
9856,126,115,0.0873016
9867,126,115,0.0873016
9877,126,115,0.0873016
9882,126,115,0.0873016
9892,126,115,0.0873016
9903,126,115,0.0873016
9914,126,115,0.0873016
9923,126,115,0.0873016
9936,126,115,0.0873016
9944,126,115,0.0873016
9953,126,115,0.0873016
9965,126,115,0.0873016
9976,126,115,0.0873016
9985,126,115,0.0873016
9995,126,115,0.0873016
10004,126,115,0.0873016
10015,126,115,0.0873016
10029,126,115,0.0873016
10038,126,115,0.0873016
10049,126,115,0.0873016
10057,126,115,0.0873016
10071,126,115,0.0873016
10083,126,115,0.0873016
10091,126,115,0.0873016
10101,126,115,0.0873016
10111,126,115,0.0873016
10121,126,115,0.0873016
10130,126,115,0.0873016
10139,126,115,0.0873016
10149,126,115,0.0873016
10159,126,115,0.0873016
10172,126,115,0.0873016
10183,126,115,0.0873016
10191,126,115,0.0873016
10201,126,115,0.0873016
10213,126,115,0.0873016
10223,126,115,0.0873016
10232,126,115,0.0873016
10243,126,115,0.0873016
10258,126,115,0.0873016
10270,126,115,0.0873016
10281,126,115,0.0873016
10289,126,115,0.0873016
10300,126,115,0.0873016
10310,126,115,0.0873016
10322,126,115,0.0873016
10331,126,115,0.0873016
10342,126,115,0.0873016
10352,126,115,0.0873016
10363,126,115,0.0873016
10372,126,115,0.0873016
10381,126,115,0.0873016
10393,126,115,0.0873016
10404,126,115,0.0873016
10415,126,115,0.0873016
10428,126,115,0.0873016
10436,126,115,0.0873016
10447,126,115,0.0873016
10461,126,115,0.0873016
10475,126,115,0.0873016
10484,126,115,0.0873016
10494,126,115,0.0873016
10504,126,115,0.0873016
10512,126,115,0.0873016
10522,126,115,0.0873016
10530,126,115,0.0873016
10541,126,115,0.0873016
10549,126,115,0.0873016
10558,126,115,0.0873016
10568,126,115,0.0873016
10581,126,115,0.0873016
10590,126,115,0.0873016
10599,126,115,0.0873016
10608,125,115,0.08
10625,125,115,0.08
10643,125,115,0.08
10661,125,115,0.08
10678,125,115,0.08
10697,125,115,0.08
10714,125,115,0.08
10730,125,115,0.08
10748,125,115,0.08
10765,125,115,0.08
10782,125,115,0.08
10799,125,115,0.08
10816,125,115,0.08
10832,125,115,0.08
10849,125,115,0.08
10866,125,115,0.08
10883,125,115,0.08
10900,125,115,0.08
10917,125,115,0.08
10933,125,115,0.08
10950,125,115,0.08
10967,125,115,0.08
10983,125,115,0.08
11000,125,115,0.08
11016,125,115,0.08
11033,125,115,0.08
11049,125,115,0.08
11066,125,115,0.08
11083,125,115,0.08
11100,125,115,0.08
11115,125,115,0.08
11131,125,115,0.08
11147,125,115,0.08
11164,125,115,0.08
11180,125,115,0.08
11196,125,115,0.08
11212,125,115,0.08
11229,125,115,0.08
11246,125,115,0.08
11262,125,115,0.08
11278,125,115,0.08
11294,125,115,0.08
11309,125,115,0.08
11326,125,115,0.08
11341,125,115,0.08
11356,125,115,0.08
11371,125,115,0.08
11387,125,115,0.08
11406,125,115,0.08
11421,125,115,0.08
11437,125,115,0.08
11452,125,115,0.08
11467,125,115,0.08
11484,125,115,0.08
11498,125,115,0.08
11513,125,115,0.08
11528,125,115,0.08
11542,125,115,0.08
11557,125,115,0.08
11572,125,115,0.08
11586,125,115,0.08
11601,125,115,0.08
11615,125,115,0.08
11630,125,115,0.08
11644,125,115,0.08
11658,125,115,0.08
11672,125,115,0.08
11686,125,115,0.08
11700,125,115,0.08
11714,125,115,0.08
11728,125,115,0.08
11742,125,115,0.08
11756,125,115,0.08
11769,125,115,0.08
11783,125,115,0.08
11796,125,115,0.08
11809,125,115,0.08
11823,125,115,0.08
11836,125,115,0.08
11849,125,115,0.08
11862,125,115,0.08
11874,125,115,0.08
11888,125,115,0.08
11901,125,115,0.08
11914,125,115,0.08
11927,125,115,0.08
11940,125,115,0.08
11953,125,115,0.08
11965,125,115,0.08
11977,125,115,0.08
11989,125,115,0.08
12001,125,115,0.08
12013,125,115,0.08
12025,125,115,0.08
12037,125,115,0.08
12049,125,115,0.08
12061,125,115,0.08
12072,125,115,0.08
12084,125,115,0.08
12096,125,115,0.08
12107,125,115,0.08
12118,125,115,0.08
12129,125,115,0.08
12140,125,115,0.08
12151,125,115,0.08
12163,125,115,0.08
12173,125,115,0.08
12184,125,115,0.08
12195,125,115,0.08
12205,125,115,0.08
12216,125,115,0.08
12226,125,115,0.08
12237,125,115,0.08
12249,125,115,0.08
12259,125,115,0.08
12269,125,115,0.08
12279,125,115,0.08
12289,125,115,0.08
12298,125,115,0.08
12308,125,115,0.08
12317,125,115,0.08
12327,125,115,0.08
12336,125,115,0.08
12345,125,115,0.08
12354,125,115,0.08
12362,125,115,0.08
12371,125,115,0.08
12380,125,115,0.08
12388,125,115,0.08
12397,125,115,0.08
12405,125,115,0.08
12413,125,115,0.08
12422,125,115,0.08
12430,125,115,0.08
12439,125,115,0.08
12447,125,115,0.08
12456,125,115,0.08
12466,125,115,0.08
12476,125,115,0.08
12484,125,115,0.08
12492,125,115,0.08
12500,125,115,0.08
12508,125,115,0.08
12516,125,115,0.08
12524,125,115,0.08
12532,125,115,0.08
12539,125,115,0.08
12547,125,115,0.08
12555,125,115,0.08
12562,125,115,0.08
12570,125,115,0.08
12577,125,115,0.08
12585,125,115,0.08
12592,125,115,0.08
12599,125,115,0.08
12607,125,115,0.08
12614,125,115,0.08
12621,125,115,0.08
12628,125,115,0.08
12635,125,115,0.08
12642,125,115,0.08
12649,125,115,0.08
12656,125,115,0.08
12663,125,115,0.08
12669,125,115,0.08
12676,125,115,0.08
12682,125,115,0.08
12689,125,115,0.08
12695,125,115,0.08
12702,125,115,0.08
12708,125,115,0.08
12714,125,115,0.08
12720,125,115,0.08
12726,125,115,0.08
12733,125,115,0.08
12738,125,115,0.08
12744,125,115,0.08
12750,125,115,0.08
12756,125,115,0.08
12761,125,115,0.08
12766,125,115,0.08
12772,125,115,0.08
12777,125,115,0.08
12782,125,115,0.08
12787,125,115,0.08
12792,125,115,0.08
12796,125,115,0.08
12801,125,115,0.08
12805,125,115,0.08
12810,125,115,0.08
12815,125,115,0.08
12820,125,115,0.08
12824,125,115,0.08
12829,125,115,0.08
12833,125,115,0.08
12837,125,115,0.08
12841,125,115,0.08
12845,125,115,0.08
12849,125,115,0.08
12853,125,115,0.08
12857,125,115,0.08
12861,125,115,0.08
12865,125,115,0.08
12869,125,115,0.08
12872,125,115,0.08
12876,125,115,0.08
12879,125,115,0.08
12883,125,115,0.08
12886,125,115,0.08
12890,125,115,0.08
12894,125,115,0.08
12897,125,115,0.08
12900,125,115,0.08
12903,125,115,0.08
12906,125,115,0.08
12909,125,115,0.08
12912,125,115,0.08
12915,125,115,0.08
12918,125,115,0.08
12920,125,115,0.08
12923,125,115,0.08
12926,125,115,0.08
12928,125,115,0.08
12931,125,115,0.08
12934,125,115,0.08
12938,125,115,0.08
12942,125,115,0.08
12946,125,115,0.08
12950,125,115,0.08
12953,125,115,0.08
12957,125,115,0.08
12961,125,115,0.08
12964,125,115,0.08
12968,125,115,0.08
12972,125,115,0.08
12975,125,115,0.08
12978,125,115,0.08
12982,125,115,0.08
12985,125,115,0.08
12988,125,115,0.08
12991,125,115,0.08
12994,125,115,0.08
12998,125,115,0.08
13001,125,115,0.08
13004,125,115,0.08
13006,125,115,0.08
13009,125,115,0.08
13011,125,115,0.08
13013,125,115,0.08
13015,125,115,0.08
13018,125,115,0.08
13020,125,115,0.08
13022,125,115,0.08
13023,125,115,0.08
13025,125,115,0.08
13027,125,115,0.08
13029,125,115,0.08
13031,125,115,0.08
13033,125,115,0.08
13034,125,115,0.08
13036,125,115,0.08
13037,125,115,0.08
13038,125,115,0.08
13040,125,115,0.08
13041,125,115,0.08
13042,125,115,0.08
13043,125,115,0.08
13044,125,115,0.08
13045,125,115,0.08
13045,125,115,0.08
13046,125,115,0.08
13047,125,115,0.08
13048,125,115,0.08
13048,125,115,0.08
13049,125,115,0.08
13049,125,115,0.08
13049,125,115,0.08
13050,125,115,0.08
13050,125,115,0.08
13051,125,115,0.08
13051,125,115,0.08
13051,125,115,0.08
13052,125,115,0.08
13052,125,115,0.08
13052,125,115,0.08
13053,125,115,0.08
13055,125,115,0.08
13056,125,115,0.08
13058,125,115,0.08
13060,125,115,0.08
13061,125,115,0.08
13063,125,115,0.08
13065,125,115,0.08
13065,125,115,0.08
13067,125,115,0.08
13068,125,115,0.08
13070,125,115,0.08
13071,125,115,0.08
13073,125,115,0.08
13075,125,115,0.08
13076,125,115,0.08
13078,125,115,0.08
13080,125,115,0.08
13081,125,115,0.08
13083,125,115,0.08
13085,125,115,0.08
13087,125,115,0.08
13088,125,115,0.08
13090,125,115,0.08
13091,125,115,0.08
13094,125,115,0.08
13096,125,115,0.08
13097,125,115,0.08
13099,125,115,0.08
13101,125,115,0.08
13103,125,115,0.08
13105,125,115,0.08
13107,125,115,0.08
13107,125,115,0.08
13108,125,115,0.08
13108,125,115,0.08
13110,125,115,0.08
13111,125,115,0.08
13113,125,115,0.08
13115,125,115,0.08
13117,125,115,0.08
13118,125,115,0.08
13120,125,115,0.08
13121,125,115,0.08
13123,125,115,0.08
13125,125,115,0.08
13127,125,115,0.08
13128,125,115,0.08
13130,125,115,0.08
13132,125,115,0.08
13133,125,115,0.08
13135,125,115,0.08
13137,125,115,0.08
13139,125,115,0.08
13141,125,115,0.08
13143,125,115,0.08
13145,125,115,0.08
13148,125,115,0.08
13148,125,115,0.08
13149,125,115,0.08
13150,125,115,0.08
13153,125,115,0.08
13155,125,115,0.08
13157,125,115,0.08
13159,125,115,0.08
13159,125,115,0.08
13161,125,115,0.08
13161,125,115,0.08
13162,125,115,0.08
13162,125,115,0.08
13163,125,115,0.08
13164,125,115,0.08
13165,125,115,0.08
13165,125,115,0.08
13166,125,115,0.08
13168,125,115,0.08
13169,125,115,0.08
13171,125,115,0.08
13173,125,115,0.08
13175,125,115,0.08
13177,125,115,0.08
13180,125,115,0.08
13181,125,115,0.08
13182,125,115,0.08
13183,125,115,0.08
13185,125,115,0.08
13187,125,115,0.08
13188,125,115,0.08
13191,125,115,0.08
13192,125,115,0.08
13194,125,115,0.08
13195,125,115,0.08
13197,125,115,0.08
13198,125,115,0.08
13199,125,115,0.08
13201,125,115,0.08
13202,125,115,0.08
13205,125,115,0.08
13206,125,115,0.08
13208,125,115,0.08
13209,125,115,0.08
13210,125,115,0.08
13211,125,115,0.08
13212,125,115,0.08
13213,125,115,0.08
13214,125,115,0.08
13216,125,115,0.08
13218,125,115,0.08
13219,125,115,0.08
13221,125,115,0.08
13223,125,115,0.08
13224,125,115,0.08
13225,125,115,0.08
13227,125,115,0.08
13229,125,115,0.08
13231,125,115,0.08
13233,125,115,0.08
13235,125,115,0.08
13236,125,115,0.08
13237,125,115,0.08
13239,125,115,0.08
13241,125,115,0.08
13243,125,115,0.08
13246,125,115,0.08
13247,125,115,0.08
13249,125,115,0.08
13251,125,115,0.08
13253,125,115,0.08
13255,125,115,0.08
13257,125,115,0.08
13259,125,115,0.08
13260,125,115,0.08
13262,125,115,0.08
13264,125,115,0.08
13266,125,115,0.08
13268,125,115,0.08
13270,125,115,0.08
13272,125,115,0.08
13274,125,115,0.08
13276,125,115,0.08
13278,125,115,0.08
13280,125,115,0.08
13282,125,115,0.08
13285,125,115,0.08
13287,125,115,0.08
13288,125,115,0.08
13290,125,115,0.08
13291,125,115,0.08
13293,125,115,0.08
13295,125,115,0.08
13297,125,115,0.08
13299,125,115,0.08
13301,125,115,0.08
13303,125,115,0.08
13306,125,115,0.08
13308,125,115,0.08
13310,125,115,0.08
13312,125,115,0.08
13314,125,115,0.08
13316,125,115,0.08
13318,125,115,0.08
13320,125,115,0.08
13323,125,115,0.08
13325,125,115,0.08
13328,125,115,0.08
13330,125,115,0.08
13333,125,115,0.08
13335,125,115,0.08
13337,125,115,0.08
13340,125,115,0.08
13342,125,115,0.08
13345,125,115,0.08
13347,125,115,0.08
13350,125,115,0.08
13352,125,115,0.08
13355,125,115,0.08
13357,125,115,0.08
13360,125,115,0.08
13362,125,115,0.08
13364,124,115,0.0725806
13366,124,115,0.0725806
13367,124,115,0.0725806
13369,124,115,0.0725806
13370,124,115,0.0725806
13371,124,115,0.0725806
13372,124,115,0.0725806
13373,124,115,0.0725806
13374,124,115,0.0725806
13375,124,115,0.0725806
13376,124,115,0.0725806
13376,124,115,0.0725806
13377,124,115,0.0725806
13377,124,115,0.0725806
13378,124,115,0.0725806
13378,124,115,0.0725806
13379,124,115,0.0725806
13379,124,115,0.0725806
13379,124,115,0.0725806
13380,124,115,0.0725806
13380,124,115,0.0725806
13380,124,115,0.0725806
13380,124,115,0.0725806
13381,124,115,0.0725806
13381,124,115,0.0725806
13381,124,115,0.0725806
13381,124,115,0.0725806
13382,124,115,0.0725806
13385,124,115,0.0725806
13388,124,115,0.0725806
13390,124,115,0.0725806
13393,124,115,0.0725806
13396,124,115,0.0725806
13399,124,115,0.0725806
13402,124,115,0.0725806
13405,124,115,0.0725806
13407,124,115,0.0725806
13409,124,115,0.0725806
13411,124,115,0.0725806
13413,124,115,0.0725806
13415,124,115,0.0725806
13418,124,115,0.0725806
13421,124,115,0.0725806
13423,124,115,0.0725806
13425,124,115,0.0725806
13427,124,115,0.0725806
13429,124,115,0.0725806
13431,124,115,0.0725806
13432,124,115,0.0725806
13434,124,115,0.0725806
13436,124,115,0.0725806
13438,124,115,0.0725806
13439,124,115,0.0725806
13440,124,115,0.0725806
13442,124,115,0.0725806
13444,124,115,0.0725806
13445,124,115,0.0725806
13447,124,115,0.0725806
13449,124,115,0.0725806
13450,124,115,0.0725806
13452,124,115,0.0725806
13453,124,115,0.0725806
13454,124,115,0.0725806
13456,124,115,0.0725806
13458,124,115,0.0725806
13459,124,115,0.0725806
13460,124,115,0.0725806
13462,124,115,0.0725806
13463,124,115,0.0725806
13464,124,115,0.0725806
13466,124,115,0.0725806
13468,124,115,0.0725806
13470,124,115,0.0725806
13471,124,115,0.0725806
13473,124,115,0.0725806
13474,124,115,0.0725806
13476,124,115,0.0725806
13477,124,115,0.0725806
13478,124,115,0.0725806
13479,124,115,0.0725806
13481,124,115,0.0725806
13483,124,115,0.0725806
13485,124,115,0.0725806
13486,124,115,0.0725806
13488,124,115,0.0725806
13490,124,115,0.0725806
13491,124,115,0.0725806
13493,124,115,0.0725806
13494,124,115,0.0725806
13496,124,115,0.0725806
13497,124,115,0.0725806
13499,124,115,0.0725806
13500,124,115,0.0725806
13501,124,115,0.0725806
13503,124,115,0.0725806
13504,124,115,0.0725806
13505,124,115,0.0725806
13507,124,115,0.0725806
13509,124,115,0.0725806
13511,124,115,0.0725806
13513,124,115,0.0725806
13514,124,115,0.0725806
13517,124,115,0.0725806
13518,124,115,0.0725806
13520,124,115,0.0725806
13522,124,115,0.0725806
13523,124,115,0.0725806
13526,124,115,0.0725806
13527,124,115,0.0725806
13529,124,115,0.0725806
13531,124,115,0.0725806
13533,124,115,0.0725806
13535,124,115,0.0725806
13537,124,115,0.0725806
13539,124,115,0.0725806
13541,124,115,0.0725806
13542,124,115,0.0725806
13544,124,115,0.0725806
13546,124,115,0.0725806
13548,124,115,0.0725806
13549,124,115,0.0725806
13551,124,115,0.0725806
13552,124,115,0.0725806
13555,124,115,0.0725806
13557,124,115,0.0725806
13559,124,115,0.0725806
13562,124,115,0.0725806
13564,124,115,0.0725806
13566,124,115,0.0725806
13568,124,115,0.0725806
13570,124,115,0.0725806
13573,124,115,0.0725806
13575,124,115,0.0725806
13577,124,115,0.0725806
13579,124,115,0.0725806
13582,124,115,0.0725806
13584,124,115,0.0725806
13587,124,115,0.0725806
13589,124,115,0.0725806
13591,124,115,0.0725806
13594,124,115,0.0725806
13597,124,115,0.0725806
13599,124,115,0.0725806
13601,124,115,0.0725806
13604,124,115,0.0725806
13606,124,115,0.0725806
13609,124,115,0.0725806
13611,124,115,0.0725806
13614,124,115,0.0725806
13617,124,115,0.0725806
13619,124,115,0.0725806
13621,124,115,0.0725806
13624,124,115,0.0725806
13626,124,115,0.0725806
13629,124,115,0.0725806
13631,124,115,0.0725806
13632,124,115,0.0725806
13634,124,115,0.0725806
13636,124,115,0.0725806
13638,124,115,0.0725806
13641,124,115,0.0725806
13644,124,115,0.0725806
13646,124,115,0.0725806
13649,124,115,0.0725806
13651,124,115,0.0725806
13653,124,115,0.0725806
13656,124,115,0.0725806
13658,124,115,0.0725806
13661,124,115,0.0725806
13663,124,115,0.0725806
13664,124,115,0.0725806
13666,124,115,0.0725806
13669,124,115,0.0725806
13671,124,115,0.0725806
13674,124,115,0.0725806
13676,124,115,0.0725806
13679,124,115,0.0725806
13681,124,115,0.0725806
13682,124,115,0.0725806
13684,124,115,0.0725806
13686,124,115,0.0725806
13688,124,115,0.0725806
13690,124,115,0.0725806
13693,124,115,0.0725806
13696,124,115,0.0725806
13698,124,115,0.0725806
13701,124,115,0.0725806
13704,124,115,0.0725806
13707,124,115,0.0725806
13709,124,115,0.0725806
13712,124,115,0.0725806
13715,124,115,0.0725806
13718,124,115,0.0725806
13720,124,115,0.0725806
13723,124,115,0.0725806
13726,124,115,0.0725806
13729,124,115,0.0725806
13733,124,115,0.0725806
13734,124,115,0.0725806
13737,124,115,0.0725806
13739,124,115,0.0725806
13741,124,115,0.0725806
13744,124,115,0.0725806
13746,124,115,0.0725806
13748,124,115,0.0725806
13751,124,115,0.0725806
13753,124,115,0.0725806
13756,124,115,0.0725806
13759,124,115,0.0725806
13761,124,115,0.0725806
13763,124,115,0.0725806
13765,124,115,0.0725806
13768,124,115,0.0725806
13771,124,115,0.0725806
13774,124,115,0.0725806
13777,124,115,0.0725806
13779,124,115,0.0725806
13781,124,115,0.0725806
13784,124,115,0.0725806
13787,124,115,0.0725806
13790,124,115,0.0725806
13793,124,115,0.0725806
13796,124,115,0.0725806
13799,124,115,0.0725806
13803,124,115,0.0725806
13805,124,115,0.0725806
13808,124,115,0.0725806
13812,124,115,0.0725806
13815,124,115,0.0725806
13817,124,115,0.0725806
13820,124,115,0.0725806
13823,124,115,0.0725806
13825,124,115,0.0725806
13829,124,115,0.0725806
13831,124,115,0.0725806
13835,124,115,0.0725806
13837,124,115,0.0725806
13841,124,115,0.0725806
13844,124,115,0.0725806
13847,124,115,0.0725806
13849,124,115,0.0725806
13850,124,115,0.0725806
13853,124,115,0.0725806
13856,124,115,0.0725806
13859,124,115,0.0725806
13862,124,115,0.0725806
13865,124,115,0.0725806
13869,124,115,0.0725806
13872,124,115,0.0725806
13876,124,115,0.0725806
13879,124,115,0.0725806
13883,124,115,0.0725806
13886,124,115,0.0725806
13890,124,115,0.0725806
13893,124,115,0.0725806
13896,124,115,0.0725806
13899,124,115,0.0725806
13903,124,115,0.0725806
13906,124,115,0.0725806
13910,124,115,0.0725806
13914,124,115,0.0725806
13918,124,115,0.0725806
13921,124,115,0.0725806
13924,124,115,0.0725806
13928,124,115,0.0725806
13931,124,115,0.0725806
13934,124,115,0.0725806
13937,124,115,0.0725806
13940,124,115,0.0725806
13942,124,115,0.0725806
13945,124,115,0.0725806
13948,124,115,0.0725806
13950,124,115,0.0725806
13953,124,115,0.0725806
13956,124,115,0.0725806
13959,124,115,0.0725806
13962,124,115,0.0725806
13966,124,115,0.0725806
13968,124,115,0.0725806
13972,124,115,0.0725806
13975,124,115,0.0725806
13977,124,115,0.0725806
13979,124,115,0.0725806
13983,124,115,0.0725806
13986,124,115,0.0725806
13989,124,115,0.0725806
13992,124,115,0.0725806
13994,124,115,0.0725806
13995,124,115,0.0725806
13997,124,115,0.0725806
13999,124,115,0.0725806
14001,124,115,0.0725806
14004,124,115,0.0725806
14006,124,115,0.0725806
14009,124,115,0.0725806
14012,124,115,0.0725806
14013,124,115,0.0725806
14017,124,115,0.0725806
14019,124,115,0.0725806
14022,124,115,0.0725806
14027,124,115,0.0725806
14030,124,115,0.0725806
14033,124,115,0.0725806
14035,124,115,0.0725806
14039,124,115,0.0725806
14042,124,115,0.0725806
14045,124,115,0.0725806
14048,124,115,0.0725806
14051,124,115,0.0725806
14054,124,115,0.0725806
14057,124,115,0.0725806
14059,124,115,0.0725806
14061,124,115,0.0725806
14064,124,115,0.0725806
14068,124,115,0.0725806
14071,124,115,0.0725806
14075,124,115,0.0725806
14078,124,115,0.0725806
14081,124,115,0.0725806
14084,124,115,0.0725806
14088,124,115,0.0725806
14092,124,115,0.0725806
14096,124,115,0.0725806
14100,124,115,0.0725806
14102,124,115,0.0725806
14106,124,115,0.0725806
14109,124,115,0.0725806
14113,124,115,0.0725806
14118,124,115,0.0725806
14122,124,115,0.0725806
14127,124,115,0.0725806
14130,124,115,0.0725806
14134,124,115,0.0725806
14138,124,115,0.0725806
14140,124,115,0.0725806
14145,124,115,0.0725806
14149,124,115,0.0725806
14154,124,115,0.0725806
14159,124,115,0.0725806
14164,124,115,0.0725806
14168,124,115,0.0725806
14173,124,115,0.0725806
14177,124,115,0.0725806
14181,124,115,0.0725806
14185,124,115,0.0725806
14190,124,115,0.0725806
14195,124,115,0.0725806
14199,124,115,0.0725806
14204,124,115,0.0725806
14209,124,115,0.0725806
14214,124,115,0.0725806
14218,124,115,0.0725806
14223,124,115,0.0725806
14229,124,115,0.0725806
14235,124,115,0.0725806
14242,124,115,0.0725806
14247,124,115,0.0725806
14252,124,115,0.0725806
14257,124,115,0.0725806
14262,124,115,0.0725806
14268,124,115,0.0725806
14273,124,115,0.0725806
14278,124,115,0.0725806
14284,124,115,0.0725806
14290,124,115,0.0725806
14295,124,115,0.0725806
14301,124,115,0.0725806
14306,124,115,0.0725806
14312,124,115,0.0725806
14318,124,115,0.0725806
14324,124,115,0.0725806
14330,124,115,0.0725806
14335,124,115,0.0725806
14341,124,115,0.0725806
14347,124,115,0.0725806
14353,124,115,0.0725806
14358,124,115,0.0725806
14364,124,115,0.0725806
14370,124,115,0.0725806
14374,124,115,0.0725806
14379,124,115,0.0725806
14384,124,115,0.0725806
14389,124,115,0.0725806
14394,124,115,0.0725806
14399,124,115,0.0725806
14405,124,115,0.0725806
14410,124,115,0.0725806
14415,124,115,0.0725806
14420,124,115,0.0725806
14426,124,115,0.0725806
14432,124,115,0.0725806
14438,124,115,0.0725806
14444,124,115,0.0725806
14450,124,115,0.0725806
14456,124,115,0.0725806
14462,124,115,0.0725806
14467,124,115,0.0725806
14474,124,115,0.0725806
14479,124,115,0.0725806
14485,124,115,0.0725806
14491,124,115,0.0725806
14497,124,115,0.0725806
14504,124,115,0.0725806
14510,124,115,0.0725806
14516,124,115,0.0725806
14524,124,115,0.0725806
14530,124,115,0.0725806
14535,124,115,0.0725806
14542,124,115,0.0725806
14549,124,115,0.0725806
14553,124,115,0.0725806
14560,124,115,0.0725806
14566,124,115,0.0725806
14571,124,115,0.0725806
14578,124,115,0.0725806
14586,124,115,0.0725806
14592,124,115,0.0725806
14598,124,115,0.0725806
14604,124,115,0.0725806
14610,124,115,0.0725806
14616,124,115,0.0725806
14623,124,115,0.0725806
14630,124,115,0.0725806
14636,124,115,0.0725806
14643,124,115,0.0725806
14650,124,115,0.0725806
14657,124,115,0.0725806
14664,124,115,0.0725806
14671,124,115,0.0725806
14678,124,115,0.0725806
14684,124,115,0.0725806
14692,124,115,0.0725806
14698,124,115,0.0725806
14705,124,115,0.0725806
14712,124,115,0.0725806
14719,124,115,0.0725806
14725,124,115,0.0725806
14733,124,115,0.0725806
14739,124,115,0.0725806
14745,124,115,0.0725806
14752,124,115,0.0725806
14759,124,115,0.0725806
14765,124,115,0.0725806
14773,124,115,0.0725806
14780,124,115,0.0725806
14785,124,115,0.0725806
14792,124,115,0.0725806
14799,124,115,0.0725806
14805,124,115,0.0725806
14811,124,115,0.0725806
14816,124,115,0.0725806
14823,124,115,0.0725806
14827,124,115,0.0725806
14834,124,115,0.0725806
14838,124,115,0.0725806
14843,124,115,0.0725806
14847,124,115,0.0725806
14851,124,115,0.0725806
14856,124,115,0.0725806
14861,124,115,0.0725806
14866,124,115,0.0725806
14872,124,115,0.0725806
14880,124,115,0.0725806
14887,124,115,0.0725806
14892,124,115,0.0725806
14898,124,115,0.0725806
14903,124,115,0.0725806
14909,124,115,0.0725806
14916,124,115,0.0725806
14923,124,115,0.0725806
14928,124,115,0.0725806
14935,124,115,0.0725806
14939,124,115,0.0725806
14946,124,115,0.0725806
14952,124,115,0.0725806
14961,124,115,0.0725806
14967,124,115,0.0725806
14973,124,115,0.0725806
14980,124,115,0.0725806
14987,124,115,0.0725806
14995,124,115,0.0725806
15003,124,115,0.0725806
15012,124,115,0.0725806
15019,124,115,0.0725806
15026,124,115,0.0725806
15034,124,115,0.0725806
15041,124,115,0.0725806
15046,124,115,0.0725806
15053,124,115,0.0725806
15062,124,115,0.0725806
15070,124,115,0.0725806
15078,124,115,0.0725806
15084,124,115,0.0725806
15090,124,115,0.0725806
15096,124,115,0.0725806
15104,124,115,0.0725806
15112,124,115,0.0725806
15119,124,115,0.0725806
15125,124,115,0.0725806
15132,124,115,0.0725806
15140,124,115,0.0725806
15148,124,115,0.0725806
15154,124,115,0.0725806
15162,124,115,0.0725806
15173,124,115,0.0725806
15181,124,115,0.0725806
15188,124,115,0.0725806
15195,124,115,0.0725806
15202,124,115,0.0725806
15210,124,115,0.0725806
15217,124,115,0.0725806
15226,124,115,0.0725806
15235,124,115,0.0725806
15242,124,115,0.0725806
15251,124,115,0.0725806
15259,124,115,0.0725806
15266,124,115,0.0725806
15273,124,115,0.0725806
15281,124,115,0.0725806
15288,124,115,0.0725806
15296,124,115,0.0725806
15303,124,115,0.0725806
15312,124,115,0.0725806
15317,124,115,0.0725806
15325,124,115,0.0725806
15333,124,115,0.0725806
15340,124,115,0.0725806
15348,124,115,0.0725806
15357,124,115,0.0725806
15366,124,115,0.0725806
15375,124,115,0.0725806
15381,124,115,0.0725806
15388,124,115,0.0725806
15395,124,115,0.0725806
15403,124,115,0.0725806
15412,124,115,0.0725806
15419,124,115,0.0725806
15427,124,115,0.0725806
15435,124,115,0.0725806
15443,124,115,0.0725806
15450,124,115,0.0725806
15459,124,115,0.0725806
15470,124,115,0.0725806
15480,124,115,0.0725806
15489,124,115,0.0725806
15498,124,115,0.0725806
15507,124,115,0.0725806
15516,124,115,0.0725806
15524,124,115,0.0725806
15532,124,115,0.0725806
15541,124,115,0.0725806
15551,124,115,0.0725806
15561,124,115,0.0725806
15570,124,115,0.0725806
15578,124,115,0.0725806
15586,124,115,0.0725806
15593,124,115,0.0725806
15600,124,115,0.0725806
15607,124,115,0.0725806
15617,124,115,0.0725806
15626,124,115,0.0725806
15635,124,115,0.0725806
15645,124,115,0.0725806
15655,124,115,0.0725806
15665,124,115,0.0725806
15672,124,115,0.0725806
15682,124,115,0.0725806
15692,124,115,0.0725806
15702,124,115,0.0725806
15713,124,115,0.0725806
15723,124,115,0.0725806
15733,124,115,0.0725806
15741,124,115,0.0725806
15751,124,115,0.0725806
15761,124,115,0.0725806
15772,124,115,0.0725806
15782,124,115,0.0725806
15792,124,115,0.0725806
15802,124,115,0.0725806
15812,124,115,0.0725806
15821,124,115,0.0725806
15832,124,115,0.0725806
15841,124,115,0.0725806
15853,124,115,0.0725806
15864,124,115,0.0725806
15874,124,115,0.0725806
15884,124,115,0.0725806
15896,124,115,0.0725806
15906,124,115,0.0725806
15917,124,115,0.0725806
15928,124,115,0.0725806
15939,124,115,0.0725806
15950,124,115,0.0725806
15960,124,115,0.0725806
15971,124,115,0.0725806
15983,124,115,0.0725806
15994,124,115,0.0725806
16004,124,115,0.0725806
16015,124,115,0.0725806
16028,124,115,0.0725806
16037,124,115,0.0725806
16048,124,115,0.0725806
16059,124,115,0.0725806
16071,124,115,0.0725806
16082,124,115,0.0725806
16093,124,115,0.0725806
16105,124,115,0.0725806
16115,124,115,0.0725806
16126,124,115,0.0725806
16137,124,115,0.0725806
16148,124,115,0.0725806
16159,124,115,0.0725806
16171,124,115,0.0725806
16183,124,115,0.0725806
16193,124,115,0.0725806
16204,124,115,0.0725806
16216,124,115,0.0725806
16228,124,115,0.0725806
16241,124,115,0.0725806
16251,124,115,0.0725806
16264,124,115,0.0725806
16274,124,115,0.0725806
16285,124,115,0.0725806
16297,124,115,0.0725806
16310,124,115,0.0725806
16321,124,115,0.0725806
16332,124,115,0.0725806
16344,124,115,0.0725806
16356,124,115,0.0725806
16368,124,115,0.0725806
16381,124,115,0.0725806
16393,124,115,0.0725806
16406,124,115,0.0725806
16417,124,115,0.0725806
16429,124,115,0.0725806
16441,124,115,0.0725806
16454,124,115,0.0725806
16466,124,115,0.0725806
16479,124,115,0.0725806
16489,124,115,0.0725806
16501,124,115,0.0725806
16513,124,115,0.0725806
16525,124,115,0.0725806
16536,124,115,0.0725806
16548,124,115,0.0725806
16560,124,115,0.0725806
16569,124,115,0.0725806
16579,124,115,0.0725806
16590,124,115,0.0725806
16601,124,115,0.0725806
16613,124,115,0.0725806
16625,124,115,0.0725806
16638,124,115,0.0725806
16650,124,115,0.0725806
16663,124,115,0.0725806
16674,124,115,0.0725806
16687,124,115,0.0725806
16697,124,115,0.0725806
16710,124,115,0.0725806
16722,124,115,0.0725806
16736,124,115,0.0725806
16749,124,115,0.0725806
16762,124,115,0.0725806
16773,124,115,0.0725806
16786,124,115,0.0725806
16798,124,115,0.0725806
16812,124,115,0.0725806
16824,124,115,0.0725806
16837,124,115,0.0725806
16850,123,115,0.0650407
16863,123,115,0.0650407
16877,123,115,0.0650407
16890,123,115,0.0650407
16904,123,115,0.0650407
16918,123,115,0.0650407
16931,123,115,0.0650407
16944,123,115,0.0650407
16957,123,115,0.0650407
16970,123,115,0.0650407
16983,123,115,0.0650407
16996,123,115,0.0650407
17009,123,115,0.0650407
17021,123,115,0.0650407
17034,123,115,0.0650407
17047,123,115,0.0650407
17059,123,115,0.0650407
17072,123,115,0.0650407
17084,123,115,0.0650407
17096,123,115,0.0650407
17108,123,115,0.0650407
17119,123,115,0.0650407
17131,123,115,0.0650407
17142,123,115,0.0650407
17154,123,115,0.0650407
17165,123,115,0.0650407
17176,123,115,0.0650407
17187,123,115,0.0650407
17198,123,115,0.0650407
17208,123,115,0.0650407
17220,123,115,0.0650407
17231,123,115,0.0650407
17243,123,115,0.0650407
17254,123,115,0.0650407
17264,123,115,0.0650407
17274,123,115,0.0650407
17285,123,115,0.0650407
17295,123,115,0.0650407
17305,123,115,0.0650407
17315,123,115,0.0650407
17325,123,115,0.0650407
17335,123,115,0.0650407
17344,123,115,0.0650407
17353,123,115,0.0650407
17363,123,115,0.0650407
17372,123,115,0.0650407
17381,123,115,0.0650407
17390,123,115,0.0650407
17399,123,115,0.0650407
17408,123,115,0.0650407
17417,123,115,0.0650407
17425,123,115,0.0650407
17434,123,115,0.0650407
17442,123,115,0.0650407
17451,123,115,0.0650407
17461,123,115,0.0650407
17471,123,115,0.0650407
17479,123,115,0.0650407
17488,123,115,0.0650407
17496,123,115,0.0650407
17504,123,115,0.0650407
17512,123,115,0.0650407
17520,123,115,0.0650407
17529,123,115,0.0650407
17537,123,115,0.0650407
17545,123,115,0.0650407
17553,123,115,0.0650407
17561,123,115,0.0650407
17568,123,115,0.0650407
17576,123,115,0.0650407
17584,123,115,0.0650407
17591,123,115,0.0650407
17600,123,115,0.0650407
17608,123,115,0.0650407
17616,123,115,0.0650407
17623,123,115,0.0650407
17630,123,115,0.0650407
17638,123,115,0.0650407
17645,123,115,0.0650407
17652,123,115,0.0650407
17660,123,115,0.0650407
17667,123,115,0.0650407
17674,123,115,0.0650407
17681,123,115,0.0650407
17688,123,115,0.0650407
17695,123,115,0.0650407
17702,123,115,0.0650407
17709,123,115,0.0650407
17715,123,115,0.0650407
17722,123,115,0.0650407
17729,123,115,0.0650407
17735,123,115,0.0650407
17741,123,115,0.0650407
17748,123,115,0.0650407
17754,123,115,0.0650407
17761,123,115,0.0650407
17767,123,115,0.0650407
17773,123,115,0.0650407
17779,123,115,0.0650407
17784,123,115,0.0650407
17790,123,115,0.0650407
17796,123,115,0.0650407
17801,123,115,0.0650407
17807,123,115,0.0650407
17812,123,115,0.0650407
17818,123,115,0.0650407
17823,123,115,0.0650407
17828,123,115,0.0650407
17833,123,115,0.0650407
17838,123,115,0.0650407
17843,123,115,0.0650407
17848,123,115,0.0650407
17852,123,115,0.0650407
17857,123,115,0.0650407
17861,123,115,0.0650407
17866,123,115,0.0650407
17870,123,115,0.0650407
17874,123,115,0.0650407
17878,123,115,0.0650407
17883,123,115,0.0650407
17887,123,115,0.0650407
17891,123,115,0.0650407
17895,123,115,0.0650407
17899,123,115,0.0650407
17903,123,115,0.0650407
17907,123,115,0.0650407
17911,123,115,0.0650407
17915,123,115,0.0650407
17918,123,115,0.0650407
17922,123,115,0.0650407
17926,123,115,0.0650407
17930,123,115,0.0650407
17933,123,115,0.0650407
17936,123,115,0.0650407
17940,123,115,0.0650407
17943,123,115,0.0650407
17946,123,115,0.0650407
17951,123,115,0.0650407
17954,123,115,0.0650407
17957,123,115,0.0650407
17960,123,115,0.0650407
17962,123,115,0.0650407
17965,123,115,0.0650407
17968,123,115,0.0650407
17970,123,115,0.0650407
17973,123,115,0.0650407
17975,123,115,0.0650407
17978,123,115,0.0650407
17980,123,115,0.0650407
17982,123,115,0.0650407
17984,123,115,0.0650407
17986,123,115,0.0650407
17988,123,115,0.0650407
17990,123,115,0.0650407
17992,123,115,0.0650407
17994,123,115,0.0650407
17996,123,115,0.0650407
17998,123,115,0.0650407
18000,123,115,0.0650407
18001,123,115,0.0650407
18003,123,115,0.0650407
18005,123,115,0.0650407
18006,123,115,0.0650407
18008,123,115,0.0650407
18008,123,115,0.0650407
18008,123,115,0.0650407
18009,123,115,0.0650407
18010,123,115,0.0650407
18012,123,115,0.0650407
18013,123,115,0.0650407
18014,123,115,0.0650407
18015,123,115,0.0650407
18016,123,115,0.0650407
18018,123,115,0.0650407
18019,123,115,0.0650407
18021,123,115,0.0650407
18022,123,115,0.0650407
18023,123,115,0.0650407
18025,123,115,0.0650407
18027,123,115,0.0650407
18028,123,115,0.0650407
18029,123,115,0.0650407
18030,123,115,0.0650407
18032,123,115,0.0650407
18033,123,115,0.0650407
18035,123,115,0.0650407
18036,123,115,0.0650407
18037,123,115,0.0650407
18039,123,115,0.0650407
18041,123,115,0.0650407
18042,123,115,0.0650407
18044,123,115,0.0650407
18046,123,115,0.0650407
18048,123,115,0.0650407
18050,123,115,0.0650407
18051,123,115,0.0650407
18053,123,115,0.0650407
18055,123,115,0.0650407
18057,123,115,0.0650407
18059,123,115,0.0650407
18061,123,115,0.0650407
18063,123,115,0.0650407
18065,123,115,0.0650407
18067,123,115,0.0650407
18068,123,115,0.0650407
18070,123,115,0.0650407
18072,123,115,0.0650407
18075,123,115,0.0650407
18077,123,115,0.0650407
18079,123,115,0.0650407
18080,123,115,0.0650407
18082,123,115,0.0650407
18084,123,115,0.0650407
18086,123,115,0.0650407
18088,123,115,0.0650407
18090,123,115,0.0650407
18092,123,115,0.0650407
18094,123,115,0.0650407
18097,123,115,0.0650407
18098,123,115,0.0650407
18100,123,115,0.0650407
18103,123,115,0.0650407
18105,123,115,0.0650407
18107,123,115,0.0650407
18109,123,115,0.0650407
18112,123,115,0.0650407
18114,123,115,0.0650407
18116,123,115,0.0650407
18118,123,115,0.0650407
18120,123,115,0.0650407
18122,123,115,0.0650407
18124,123,115,0.0650407
18127,123,115,0.0650407
18129,123,115,0.0650407
18131,123,115,0.0650407
18134,123,115,0.0650407
18136,123,115,0.0650407
18139,123,115,0.0650407
18141,123,115,0.0650407
18144,123,115,0.0650407
18146,123,115,0.0650407
18149,123,115,0.0650407
18151,123,115,0.0650407
18154,123,115,0.0650407
18156,123,115,0.0650407
18159,123,115,0.0650407
18162,123,115,0.0650407
18165,123,115,0.0650407
18167,123,115,0.0650407
18170,123,115,0.0650407
18172,123,115,0.0650407
18174,123,115,0.0650407
18176,123,115,0.0650407
18179,123,115,0.0650407
18181,123,115,0.0650407
18183,123,115,0.0650407
18186,123,115,0.0650407
18189,123,115,0.0650407
18192,123,115,0.0650407
18195,123,115,0.0650407
18198,123,115,0.0650407
18201,123,115,0.0650407
18204,123,115,0.0650407
18207,123,115,0.0650407
18210,123,115,0.0650407
18212,123,115,0.0650407
18214,123,115,0.0650407
18218,123,115,0.0650407
18222,123,115,0.0650407
18226,123,115,0.0650407
18229,123,115,0.0650407
18232,123,115,0.0650407
18235,123,115,0.0650407
18239,123,115,0.0650407
18242,123,115,0.0650407
18245,123,115,0.0650407
18249,123,115,0.0650407
18253,123,115,0.0650407
18257,123,115,0.0650407
18261,123,115,0.0650407
18264,123,115,0.0650407
18267,123,115,0.0650407
18270,123,115,0.0650407
18273,123,115,0.0650407
18276,123,115,0.0650407
18279,123,115,0.0650407
18283,123,115,0.0650407
18286,123,115,0.0650407
18290,123,115,0.0650407
18293,123,115,0.0650407
18296,123,115,0.0650407
18300,123,115,0.0650407
18303,123,115,0.0650407
18307,123,115,0.0650407
18310,123,115,0.0650407
18314,123,115,0.0650407
18318,123,115,0.0650407
18322,123,115,0.0650407
18325,123,115,0.0650407
18329,123,115,0.0650407
18333,123,115,0.0650407
18337,123,115,0.0650407
18341,123,115,0.0650407
18344,123,115,0.0650407
18347,123,115,0.0650407
18351,123,115,0.0650407
18355,123,115,0.0650407
18359,123,115,0.0650407
18363,123,115,0.0650407
18367,123,115,0.0650407
18371,123,115,0.0650407
18375,123,115,0.0650407
18379,123,115,0.0650407
18383,123,115,0.0650407
18388,123,115,0.0650407
18392,123,115,0.0650407
18396,123,115,0.0650407
18399,123,115,0.0650407
18404,123,115,0.0650407
18409,123,115,0.0650407
18413,123,115,0.0650407
18417,123,115,0.0650407
18421,123,115,0.0650407
18426,123,115,0.0650407
18429,123,115,0.0650407
18432,123,115,0.0650407
18437,123,115,0.0650407
18441,123,115,0.0650407
18445,123,115,0.0650407
18449,123,115,0.0650407
18454,123,115,0.0650407
18458,123,115,0.0650407
18463,123,115,0.0650407
18467,123,115,0.0650407
18471,123,115,0.0650407
18475,123,115,0.0650407
18480,123,115,0.0650407
18485,123,115,0.0650407
18490,123,115,0.0650407
18494,123,115,0.0650407
18499,123,115,0.0650407
18504,123,115,0.0650407
18508,123,115,0.0650407
18513,123,115,0.0650407
18517,123,115,0.0650407
18522,123,115,0.0650407
18527,123,115,0.0650407
18532,123,115,0.0650407
18537,123,115,0.0650407
18542,123,115,0.0650407
18545,123,115,0.0650407
18550,123,115,0.0650407
18556,123,115,0.0650407
18560,123,115,0.0650407
18565,123,115,0.0650407
18571,123,115,0.0650407
18576,123,115,0.0650407
18581,123,115,0.0650407
18587,123,115,0.0650407
18592,123,115,0.0650407
18598,123,115,0.0650407
18603,123,115,0.0650407
18609,123,115,0.0650407
18614,123,115,0.0650407
18620,123,115,0.0650407
18626,123,115,0.0650407
18631,123,115,0.0650407
18636,123,115,0.0650407
18641,123,115,0.0650407
18646,123,115,0.0650407
18652,123,115,0.0650407
18658,123,115,0.0650407
18663,123,115,0.0650407
18670,123,115,0.0650407
18675,123,115,0.0650407
18681,123,115,0.0650407
18686,123,115,0.0650407
18692,123,115,0.0650407
18698,123,115,0.0650407
18703,123,115,0.0650407
18709,123,115,0.0650407
18715,123,115,0.0650407
18721,123,115,0.0650407
18726,123,115,0.0650407
18731,123,115,0.0650407
18737,123,115,0.0650407
18743,123,115,0.0650407
18748,123,115,0.0650407
18755,123,115,0.0650407
18761,123,115,0.0650407
18766,123,115,0.0650407
18770,123,115,0.0650407
18776,123,115,0.0650407
18782,123,115,0.0650407
18789,123,115,0.0650407
18795,123,115,0.0650407
18801,123,115,0.0650407
18806,123,115,0.0650407
18812,123,115,0.0650407
18819,123,115,0.0650407
18824,123,115,0.0650407
18829,123,115,0.0650407
18836,123,115,0.0650407
18843,123,115,0.0650407
18849,123,115,0.0650407
18855,123,115,0.0650407
18862,123,115,0.0650407
18867,123,115,0.0650407
18873,123,115,0.0650407
18880,123,115,0.0650407
18887,123,115,0.0650407
18894,123,115,0.0650407
18899,123,115,0.0650407
18906,123,115,0.0650407
18914,123,115,0.0650407
18920,123,115,0.0650407
18927,123,115,0.0650407
18934,123,115,0.0650407
18941,123,115,0.0650407
18948,123,115,0.0650407
18954,123,115,0.0650407
18962,123,115,0.0650407
18968,123,115,0.0650407
18975,123,115,0.0650407
18982,123,115,0.0650407
18989,123,115,0.0650407
18996,123,115,0.0650407
19003,123,115,0.0650407
19011,123,115,0.0650407
19018,123,115,0.0650407
19025,123,115,0.0650407
19032,123,115,0.0650407
19040,123,115,0.0650407
19046,123,115,0.0650407
19053,123,115,0.0650407
19060,123,115,0.0650407
19068,123,115,0.0650407
19075,123,115,0.0650407
19082,123,115,0.0650407
19089,123,115,0.0650407
19096,123,115,0.0650407
19103,123,115,0.0650407
19109,123,115,0.0650407
19117,123,115,0.0650407
19124,123,115,0.0650407
19132,123,115,0.0650407
19138,123,115,0.0650407
19146,123,115,0.0650407
19153,123,115,0.0650407
19160,123,115,0.0650407
19166,123,115,0.0650407
19172,123,115,0.0650407
19180,123,115,0.0650407
19187,123,115,0.0650407
19196,123,115,0.0650407
19204,123,115,0.0650407
19211,123,115,0.0650407
19219,123,115,0.0650407
19227,123,115,0.0650407
19233,123,115,0.0650407
19239,123,115,0.0650407
19247,123,115,0.0650407
19256,123,115,0.0650407
19263,123,115,0.0650407
19270,123,115,0.0650407
19277,123,115,0.0650407
19285,123,115,0.0650407
19292,123,115,0.0650407
19299,123,115,0.0650407
19307,123,115,0.0650407
19315,123,115,0.0650407
19323,123,115,0.0650407
19331,123,115,0.0650407
19338,123,115,0.0650407
19345,123,115,0.0650407
19353,123,115,0.0650407
19362,123,115,0.0650407
19369,123,115,0.0650407
19377,123,115,0.0650407
19382,123,115,0.0650407
19389,123,115,0.0650407
19397,123,115,0.0650407
19403,123,115,0.0650407
19411,123,115,0.0650407
19419,123,115,0.0650407
19427,123,115,0.0650407
19435,123,115,0.0650407
19442,123,115,0.0650407
19451,123,115,0.0650407
19459,123,115,0.0650407
19467,123,115,0.0650407
19474,123,115,0.0650407
19481,123,115,0.0650407
19490,123,115,0.0650407
19498,123,115,0.0650407
19507,123,115,0.0650407
19516,123,115,0.0650407
19524,123,115,0.0650407
19534,123,115,0.0650407
19541,123,115,0.0650407
19549,123,115,0.0650407
19558,123,115,0.0650407
19566,123,115,0.0650407
19575,123,115,0.0650407
19583,123,115,0.0650407
19592,123,115,0.0650407
19600,123,115,0.0650407
19609,123,115,0.0650407
19617,123,115,0.0650407
19625,123,115,0.0650407
19632,123,115,0.0650407
19640,123,115,0.0650407
19648,123,115,0.0650407
19656,123,115,0.0650407
19665,123,115,0.0650407
19674,123,115,0.0650407
19682,123,115,0.0650407
19690,123,115,0.0650407
19699,123,115,0.0650407
19707,123,115,0.0650407
19715,123,115,0.0650407
19724,123,115,0.0650407
19732,123,115,0.0650407
19742,123,115,0.0650407
19750,123,115,0.0650407
19758,123,115,0.0650407
19767,123,115,0.0650407
19775,123,115,0.0650407
19783,123,115,0.0650407
19790,123,115,0.0650407
19799,123,115,0.0650407
19808,123,115,0.0650407
19816,123,115,0.0650407
19823,123,115,0.0650407
19833,123,115,0.0650407
19841,123,115,0.0650407
19850,123,115,0.0650407
19859,123,115,0.0650407
19867,123,115,0.0650407
19875,123,115,0.0650407
19883,123,115,0.0650407
19892,123,115,0.0650407
19901,123,115,0.0650407
19909,123,115,0.0650407
19917,123,115,0.0650407
19925,123,115,0.0650407
19934,123,115,0.0650407
19943,123,115,0.0650407
19952,123,115,0.0650407
19960,123,115,0.0650407
19967,123,115,0.0650407
19974,123,115,0.0650407
19983,123,115,0.0650407
19991,123,115,0.0650407
20000,123,115,0.0650407
20008,123,115,0.0650407
20018,123,115,0.0650407
20024,123,115,0.0650407
20034,123,115,0.0650407
20043,123,115,0.0650407
20052,123,115,0.0650407
20060,123,115,0.0650407
20069,123,115,0.0650407
20077,123,115,0.0650407
20085,123,115,0.0650407
20094,123,115,0.0650407
20102,123,115,0.0650407
20111,123,115,0.0650407
20120,123,115,0.0650407
20129,123,115,0.0650407
20137,123,115,0.0650407
20146,123,115,0.0650407
20155,123,115,0.0650407
20164,123,115,0.0650407
20173,123,115,0.0650407
20182,123,115,0.0650407
20191,123,115,0.0650407
20199,123,115,0.0650407
20206,123,115,0.0650407
20215,123,115,0.0650407
20223,123,115,0.0650407
20231,123,115,0.0650407
20240,123,115,0.0650407
20250,123,115,0.0650407
20258,123,115,0.0650407
20268,123,115,0.0650407
20277,123,115,0.0650407
20285,123,115,0.0650407
20294,123,115,0.0650407
20303,123,115,0.0650407
20312,123,115,0.0650407
20320,123,115,0.0650407
20329,123,115,0.0650407
20339,123,115,0.0650407
20349,123,115,0.0650407
20358,123,115,0.0650407
20368,123,115,0.0650407
20377,123,115,0.0650407
20385,123,115,0.0650407
20392,123,115,0.0650407
20401,123,115,0.0650407
20411,123,115,0.0650407
20420,123,115,0.0650407
20429,123,115,0.0650407
20439,123,115,0.0650407
20448,123,115,0.0650407
20457,123,115,0.0650407
20468,123,115,0.0650407
20477,123,115,0.0650407
20487,123,115,0.0650407
20497,123,115,0.0650407
20506,123,115,0.0650407
20517,123,115,0.0650407
20527,123,115,0.0650407
20537,123,115,0.0650407
20546,123,115,0.0650407
20557,123,115,0.0650407
20565,123,115,0.0650407
20574,123,115,0.0650407
20584,123,115,0.0650407
20594,123,115,0.0650407
20603,123,115,0.0650407
20610,123,115,0.0650407
20620,123,115,0.0650407
20630,123,115,0.0650407
20639,123,115,0.0650407
20650,123,115,0.0650407
20661,123,115,0.0650407
20670,123,115,0.0650407
20681,123,115,0.0650407
20691,123,115,0.0650407
20701,123,115,0.0650407
20710,123,115,0.0650407
20720,123,115,0.0650407
20730,123,115,0.0650407
20740,123,115,0.0650407
20750,123,115,0.0650407
20760,123,115,0.0650407
20769,123,115,0.0650407
20780,123,115,0.0650407
20790,123,115,0.0650407
20801,123,115,0.0650407
20811,123,115,0.0650407
20821,123,115,0.0650407
20830,123,115,0.0650407
20840,123,115,0.0650407
20849,123,115,0.0650407
20858,123,115,0.0650407
20870,123,115,0.0650407
20879,123,115,0.0650407
20890,123,115,0.0650407
20900,123,115,0.0650407
20911,123,115,0.0650407
20921,123,115,0.0650407
20931,123,115,0.0650407
20942,123,115,0.0650407
20952,123,115,0.0650407
20963,123,115,0.0650407
20974,123,115,0.0650407
20983,123,115,0.0650407
20993,123,115,0.0650407
21002,123,115,0.0650407
21013,123,115,0.0650407
21023,123,115,0.0650407
21034,123,115,0.0650407
21044,123,115,0.0650407
21055,123,115,0.0650407
21065,123,115,0.0650407
21076,123,115,0.0650407
21087,123,115,0.0650407
21098,123,115,0.0650407
21108,123,115,0.0650407
21117,123,115,0.0650407
21127,123,115,0.0650407
21139,123,115,0.0650407
21148,123,115,0.0650407
21158,123,115,0.0650407
21167,123,115,0.0650407
21177,123,115,0.0650407
21188,123,115,0.0650407
21199,123,115,0.0650407
21209,123,115,0.0650407
21219,123,115,0.0650407
21230,123,115,0.0650407
21240,123,115,0.0650407
21253,123,115,0.0650407
21265,123,115,0.0650407
21276,123,115,0.0650407
21286,123,115,0.0650407
21298,123,115,0.0650407
21307,123,115,0.0650407
21318,123,115,0.0650407
21330,123,115,0.0650407
21340,123,115,0.0650407
21351,123,115,0.0650407
21361,123,115,0.0650407
21373,123,115,0.0650407
21383,123,115,0.0650407
21394,123,115,0.0650407
21404,123,115,0.0650407
21416,123,115,0.0650407
21427,123,115,0.0650407
21439,123,115,0.0650407
21450,123,115,0.0650407
21462,123,115,0.0650407
21475,123,115,0.0650407
21487,123,115,0.0650407
21498,123,115,0.0650407
21509,123,115,0.0650407
21520,123,115,0.0650407
21531,123,115,0.0650407
21544,123,115,0.0650407
21557,123,115,0.0650407
21569,123,115,0.0650407
21580,123,115,0.0650407
21592,123,115,0.0650407
21603,123,115,0.0650407
21613,123,115,0.0650407
21625,123,115,0.0650407
21637,123,115,0.0650407
21648,123,115,0.0650407
21660,123,115,0.0650407
21673,123,115,0.0650407
21684,123,115,0.0650407
21694,123,115,0.0650407
21705,123,115,0.0650407
21714,123,115,0.0650407
21725,123,115,0.0650407
21736,123,115,0.0650407
21747,123,115,0.0650407
21758,123,115,0.0650407
21769,123,115,0.0650407
21781,123,115,0.0650407
21793,123,115,0.0650407
21805,123,115,0.0650407
21817,123,115,0.0650407
21830,123,115,0.0650407
21842,123,115,0.0650407
21854,123,115,0.0650407
21866,123,115,0.0650407
21878,123,115,0.0650407
21889,123,115,0.0650407
21901,123,115,0.0650407
21914,123,115,0.0650407
21926,123,115,0.0650407
21938,123,115,0.0650407
21949,123,115,0.0650407
21961,123,115,0.0650407
21970,123,115,0.0650407
21981,123,115,0.0650407
21993,123,115,0.0650407
22005,123,115,0.0650407
22017,123,115,0.0650407
22029,123,115,0.0650407
22042,123,115,0.0650407
22053,122,115,0.057377
22066,122,115,0.057377
22079,122,115,0.057377
22092,122,115,0.057377
22105,122,115,0.057377
22117,122,115,0.057377
22129,122,115,0.057377
22141,122,115,0.057377
22153,122,115,0.057377
22165,122,115,0.057377
22178,122,115,0.057377
22189,122,115,0.057377
22201,122,115,0.057377
22212,122,115,0.057377
22224,122,115,0.057377
22235,122,115,0.057377
22249,122,115,0.057377
22260,122,115,0.057377
22271,122,115,0.057377
22282,122,115,0.057377
22293,122,115,0.057377
22304,122,115,0.057377
22314,122,115,0.057377
22325,122,115,0.057377
22336,122,115,0.057377
22346,122,115,0.057377
22356,122,115,0.057377
22366,122,115,0.057377
22376,122,115,0.057377
22386,122,115,0.057377
22396,122,115,0.057377
22406,122,115,0.057377
22415,122,115,0.057377
22425,122,115,0.057377
22434,122,115,0.057377
22443,122,115,0.057377
22452,122,115,0.057377
22462,122,115,0.057377
22473,122,115,0.057377
22482,122,115,0.057377
22490,122,115,0.057377
22499,122,115,0.057377
22507,122,115,0.057377
22516,122,115,0.057377
22525,122,115,0.057377
22533,122,115,0.057377
22542,122,115,0.057377
22551,122,115,0.057377
22559,122,115,0.057377
22567,122,115,0.057377
22575,122,115,0.057377
22583,122,115,0.057377
22592,122,115,0.057377
22599,122,115,0.057377
22608,122,115,0.057377
22616,122,115,0.057377
22624,122,115,0.057377
22632,122,115,0.057377
22639,122,115,0.057377
22647,122,115,0.057377
22655,122,115,0.057377
22663,122,115,0.057377
22670,122,115,0.057377
22678,122,115,0.057377
22685,122,115,0.057377
22693,122,115,0.057377
22700,122,115,0.057377
22708,122,115,0.057377
22715,122,115,0.057377
22722,122,115,0.057377
22730,122,115,0.057377
22737,122,115,0.057377
22744,122,115,0.057377
22751,122,115,0.057377
22758,122,115,0.057377
22765,122,115,0.057377
22772,122,115,0.057377
22778,122,115,0.057377
22785,122,115,0.057377
22792,122,115,0.057377
22799,122,115,0.057377
22805,122,115,0.057377
22812,122,115,0.057377
22818,122,115,0.057377
22824,122,115,0.057377
22830,122,115,0.057377
22836,122,115,0.057377
22843,122,115,0.057377
22848,122,115,0.057377
22854,122,115,0.057377
22860,122,115,0.057377
22866,122,115,0.057377
22872,122,115,0.057377
22877,122,115,0.057377
22883,122,115,0.057377
22888,122,115,0.057377
22893,122,115,0.057377
22898,122,115,0.057377
22903,122,115,0.057377
22908,122,115,0.057377
22913,122,115,0.057377
22918,122,115,0.057377
22922,122,115,0.057377
22927,122,115,0.057377
22931,122,115,0.057377
22935,122,115,0.057377
22940,122,115,0.057377
22944,122,115,0.057377
22948,122,115,0.057377
22952,122,115,0.057377
22956,122,115,0.057377
22961,122,115,0.057377
22965,122,115,0.057377
22968,122,115,0.057377
22974,122,115,0.057377
22978,122,115,0.057377
22982,122,115,0.057377
22985,122,115,0.057377
22989,122,115,0.057377
22994,122,115,0.057377
22997,122,115,0.057377
23001,122,115,0.057377
23004,122,115,0.057377
23007,122,115,0.057377
23011,122,115,0.057377
23014,122,115,0.057377
23017,122,115,0.057377
23020,122,115,0.057377
23024,122,115,0.057377
23027,122,115,0.057377
23029,122,115,0.057377
23032,122,115,0.057377
23035,122,115,0.057377
23038,122,115,0.057377
23040,122,115,0.057377
23042,122,115,0.057377
23045,122,115,0.057377
23047,122,115,0.057377
23050,122,115,0.057377
23052,122,115,0.057377
23054,122,115,0.057377
23056,122,115,0.057377
23058,122,115,0.057377
23060,122,115,0.057377
23062,122,115,0.057377
23064,122,115,0.057377
23066,122,115,0.057377
23067,122,115,0.057377
23068,122,115,0.057377
23068,122,115,0.057377
23069,122,115,0.057377
23069,122,115,0.057377
23070,122,115,0.057377
23070,122,115,0.057377
23070,122,115,0.057377
23072,122,115,0.057377
23073,122,115,0.057377
23074,122,115,0.057377
23075,122,115,0.057377
23077,122,115,0.057377
23078,122,115,0.057377
23080,122,115,0.057377
23082,122,115,0.057377
23084,122,115,0.057377
23085,122,115,0.057377
23087,122,115,0.057377
23089,122,115,0.057377
23090,122,115,0.057377
23092,122,115,0.057377
23093,122,115,0.057377
23095,122,115,0.057377
23096,122,115,0.057377
23098,122,115,0.057377
23099,122,115,0.057377
23101,122,115,0.057377
23102,122,115,0.057377
23103,122,115,0.057377
23105,122,115,0.057377
23107,122,115,0.057377
23108,122,115,0.057377
23110,122,115,0.057377
23111,122,115,0.057377
23113,122,115,0.057377
23114,122,115,0.057377
23116,122,115,0.057377
23117,122,115,0.057377
23119,122,115,0.057377
23121,122,115,0.057377
23122,122,115,0.057377
23123,122,115,0.057377
23124,122,115,0.057377
23126,122,115,0.057377
23127,122,115,0.057377
23129,122,115,0.057377
23130,122,115,0.057377
23132,122,115,0.057377
23134,122,115,0.057377
23135,122,115,0.057377
23137,122,115,0.057377
23138,122,115,0.057377
23139,122,115,0.057377
23141,122,115,0.057377
23142,122,115,0.057377
23143,122,115,0.057377
23145,122,115,0.057377
23146,122,115,0.057377
23147,122,115,0.057377
23149,122,115,0.057377
23150,122,115,0.057377
23151,122,115,0.057377
23153,122,115,0.057377
23154,122,115,0.057377
23156,122,115,0.057377
23158,122,115,0.057377
23159,122,115,0.057377
23161,122,115,0.057377
23163,122,115,0.057377
23165,122,115,0.057377
23166,122,115,0.057377
23168,122,115,0.057377
23170,122,115,0.057377
23171,122,115,0.057377
23173,122,115,0.057377
23175,122,115,0.057377
23177,122,115,0.057377
23179,122,115,0.057377
23180,122,115,0.057377
23182,122,115,0.057377
23184,122,115,0.057377
23186,122,115,0.057377
23188,122,115,0.057377
23189,122,115,0.057377
23191,122,115,0.057377
23193,122,115,0.057377
23195,122,115,0.057377
23196,122,115,0.057377
23199,122,115,0.057377
23201,122,115,0.057377
23202,122,115,0.057377
23204,122,115,0.057377
23206,122,115,0.057377
23208,122,115,0.057377
23210,122,115,0.057377
23213,122,115,0.057377
23215,122,115,0.057377
23217,122,115,0.057377
23220,122,115,0.057377
23222,122,115,0.057377
23224,122,115,0.057377
23226,122,115,0.057377
23229,122,115,0.057377
23231,122,115,0.057377
23233,122,115,0.057377
23236,122,115,0.057377
23238,122,115,0.057377
23240,122,115,0.057377
23243,122,115,0.057377
23246,122,115,0.057377
23249,122,115,0.057377
23251,122,115,0.057377
23254,122,115,0.057377
23256,122,115,0.057377
23258,122,115,0.057377
23261,122,115,0.057377
23264,122,115,0.057377
23266,122,115,0.057377
23269,122,115,0.057377
23271,122,115,0.057377
23274,122,115,0.057377
23277,122,115,0.057377
23279,122,115,0.057377
23282,122,115,0.057377
23285,122,115,0.057377
23288,122,115,0.057377
23291,122,115,0.057377
23293,122,115,0.057377
23296,122,115,0.057377
23298,122,115,0.057377
23301,122,115,0.057377
23304,122,115,0.057377
23307,122,115,0.057377
23310,122,115,0.057377
23312,122,115,0.057377
23315,122,115,0.057377
23319,122,115,0.057377
23321,122,115,0.057377
23325,122,115,0.057377
23328,122,115,0.057377
23331,122,115,0.057377
23334,122,115,0.057377
23338,122,115,0.057377
23341,122,115,0.057377
23344,122,115,0.057377
23348,122,115,0.057377
23351,122,115,0.057377
23354,122,115,0.057377
23357,122,115,0.057377
23360,122,115,0.057377
23362,122,115,0.057377
23366,122,115,0.057377
23369,122,115,0.057377
23373,122,115,0.057377
23377,122,115,0.057377
23381,122,115,0.057377
23385,122,115,0.057377
23388,122,115,0.057377
23392,122,115,0.057377
23396,122,115,0.057377
23400,122,115,0.057377
23404,122,115,0.057377
23409,122,115,0.057377
23413,122,115,0.057377
23417,122,115,0.057377
23421,122,115,0.057377
23425,122,115,0.057377
23429,122,115,0.057377
23433,122,115,0.057377
23438,122,115,0.057377
23443,122,115,0.057377
23447,122,115,0.057377
23451,122,115,0.057377
23455,122,115,0.057377
23459,122,115,0.057377
23463,122,115,0.057377
23468,122,115,0.057377
23472,122,115,0.057377
23477,122,115,0.057377
23480,122,115,0.057377
23484,122,115,0.057377
23488,122,115,0.057377
23492,122,115,0.057377
23495,122,115,0.057377
23499,122,115,0.057377
23502,122,115,0.057377
23507,122,115,0.057377
23511,122,115,0.057377
23514,122,115,0.057377
23518,122,115,0.057377
23523,122,115,0.057377
23527,122,115,0.057377
23531,122,115,0.057377
23535,122,115,0.057377
23540,122,115,0.057377
23544,122,115,0.057377
23548,122,115,0.057377
23553,122,115,0.057377
23557,122,115,0.057377
23562,122,115,0.057377
23567,122,115,0.057377
23571,122,115,0.057377
23576,122,115,0.057377
23580,122,115,0.057377
23585,122,115,0.057377
23590,122,115,0.057377
23595,122,115,0.057377
23600,122,115,0.057377
23604,122,115,0.057377
23608,122,115,0.057377
23613,122,115,0.057377
23617,122,115,0.057377
23623,122,115,0.057377
23627,122,115,0.057377
23632,122,115,0.057377
23636,122,115,0.057377
23641,122,115,0.057377
23645,122,115,0.057377
23650,122,115,0.057377
23655,122,115,0.057377
23660,122,115,0.057377
23666,122,115,0.057377
23671,122,115,0.057377
23677,122,115,0.057377
23682,122,115,0.057377
23688,122,115,0.057377
23692,122,115,0.057377
23698,122,115,0.057377
23703,122,115,0.057377
23709,122,115,0.057377
23713,122,115,0.057377
23719,122,115,0.057377
23724,122,115,0.057377
23729,122,115,0.057377
23735,122,115,0.057377
23741,122,115,0.057377
23746,122,115,0.057377
23752,122,115,0.057377
23758,122,115,0.057377
23763,122,115,0.057377
23768,122,115,0.057377
23774,122,115,0.057377
23780,122,115,0.057377
23786,122,115,0.057377
23792,122,115,0.057377
23798,122,115,0.057377
23804,122,115,0.057377
23810,122,115,0.057377
23816,122,115,0.057377
23822,122,115,0.057377
23827,122,115,0.057377
23833,122,115,0.057377
23839,122,115,0.057377
23845,122,115,0.057377
23851,122,115,0.057377
23857,122,115,0.057377
23863,122,115,0.057377
23869,122,115,0.057377
23876,122,115,0.057377
23882,122,115,0.057377
23889,122,115,0.057377
23895,122,115,0.057377
23901,122,115,0.057377
23908,122,115,0.057377
23915,122,115,0.057377
23921,122,115,0.057377
23928,122,115,0.057377
23934,122,115,0.057377
23941,122,115,0.057377
23946,122,115,0.057377
23953,122,115,0.057377
23960,122,115,0.057377
23965,122,115,0.057377
23971,122,115,0.057377
23978,122,115,0.057377
23985,122,115,0.057377
23992,122,115,0.057377
23998,122,115,0.057377
24005,122,115,0.057377
24013,122,115,0.057377
24020,122,115,0.057377
24027,122,115,0.057377
24034,122,115,0.057377
24041,122,115,0.057377
24049,122,115,0.057377
24054,122,115,0.057377
24061,122,115,0.057377
24069,122,115,0.057377
24075,122,115,0.057377
24082,122,115,0.057377
24089,122,115,0.057377
24095,122,115,0.057377
24102,122,115,0.057377
24109,122,115,0.057377
24117,122,115,0.057377
24124,122,115,0.057377
24131,122,115,0.057377
24136,122,115,0.057377
24144,122,115,0.057377
24152,122,115,0.057377
24159,122,115,0.057377
24167,122,115,0.057377
24172,122,115,0.057377
24179,122,115,0.057377
24186,122,115,0.057377
24193,122,115,0.057377
24199,122,115,0.057377
24207,122,115,0.057377
24215,122,115,0.057377
24222,122,115,0.057377
24229,122,115,0.057377
24237,122,115,0.057377
24246,122,115,0.057377
24255,122,115,0.057377
24261,122,115,0.057377
24268,122,115,0.057377
24277,122,115,0.057377
24285,122,115,0.057377
24291,122,115,0.057377
24299,122,115,0.057377
24307,122,115,0.057377
24315,122,115,0.057377
24322,122,115,0.057377
24331,122,115,0.057377
24339,122,115,0.057377
24345,122,115,0.057377
24353,122,115,0.057377
24360,122,115,0.057377
24368,122,115,0.057377
24377,122,115,0.057377
24383,122,115,0.057377
24389,122,115,0.057377
24397,122,115,0.057377
24404,122,115,0.057377
24412,122,115,0.057377
24420,122,115,0.057377
24427,122,115,0.057377
24434,122,115,0.057377
24440,122,115,0.057377
24446,122,115,0.057377
24455,122,115,0.057377
24464,122,115,0.057377
24473,122,115,0.057377
24482,122,115,0.057377
24491,122,115,0.057377
24500,122,115,0.057377
24508,122,115,0.057377
24515,122,115,0.057377
24523,122,115,0.057377
24531,122,115,0.057377
24540,122,115,0.057377
24548,122,115,0.057377
24556,122,115,0.057377
24564,122,115,0.057377
24573,122,115,0.057377
24581,122,115,0.057377
24589,122,115,0.057377
24597,122,115,0.057377
24605,122,115,0.057377
24613,122,115,0.057377
24622,122,115,0.057377
24629,122,115,0.057377
24638,122,115,0.057377
24646,122,115,0.057377
24654,122,115,0.057377
24661,122,115,0.057377
24668,122,115,0.057377
24677,122,115,0.057377
24685,122,115,0.057377
24695,122,115,0.057377
24704,122,115,0.057377
24712,122,115,0.057377
24720,122,115,0.057377
24727,122,115,0.057377
24734,122,115,0.057377
24742,122,115,0.057377
24751,122,115,0.057377
24759,122,115,0.057377
24768,122,115,0.057377
24777,122,115,0.057377
24781,122,115,0.057377
24790,122,115,0.057377
24799,122,115,0.057377
24808,122,115,0.057377
24816,122,115,0.057377
24823,122,115,0.057377
24832,122,115,0.057377
24839,122,115,0.057377
24847,122,115,0.057377
24856,122,115,0.057377
24864,122,115,0.057377
24871,122,115,0.057377
24881,122,115,0.057377
24889,122,115,0.057377
24899,122,115,0.057377
24908,122,115,0.057377
24914,122,115,0.057377
24921,122,115,0.057377
24929,122,115,0.057377
24937,122,115,0.057377
24946,122,115,0.057377
24955,122,115,0.057377
24964,122,115,0.057377
24973,122,115,0.057377
24981,122,115,0.057377
24991,122,115,0.057377
24998,122,115,0.057377
25007,122,115,0.057377
25016,122,115,0.057377
25025,122,115,0.057377
25030,122,115,0.057377
25040,122,115,0.057377
25049,122,115,0.057377
25058,122,115,0.057377
25068,122,115,0.057377
25079,122,115,0.057377
25088,122,115,0.057377
25099,122,115,0.057377
25107,122,115,0.057377
25116,122,115,0.057377
25125,122,115,0.057377
25134,122,115,0.057377
25144,122,115,0.057377
25154,122,115,0.057377
25163,122,115,0.057377
25172,122,115,0.057377
25183,122,115,0.057377
25196,122,115,0.057377
25206,122,115,0.057377
25217,122,115,0.057377
25227,122,115,0.057377
25238,122,115,0.057377
25248,122,115,0.057377
25259,122,115,0.057377
25271,122,115,0.057377
25282,122,115,0.057377
25292,122,115,0.057377
25302,122,115,0.057377
25310,122,115,0.057377
25320,122,115,0.057377
25330,122,115,0.057377
25341,122,115,0.057377
25353,122,115,0.057377
25363,122,115,0.057377
25372,122,115,0.057377
25382,122,115,0.057377
25393,122,115,0.057377
25401,122,115,0.057377
25413,122,115,0.057377
25422,122,115,0.057377
25433,122,115,0.057377
25443,122,115,0.057377
25453,122,115,0.057377
25467,122,115,0.057377
25478,122,115,0.057377
25488,122,115,0.057377
25498,122,115,0.057377
25510,122,115,0.057377
25521,122,115,0.057377
25532,122,115,0.057377
25544,122,115,0.057377
25556,121,115,0.0495868
25567,121,115,0.0495868
25578,121,115,0.0495868
25589,121,115,0.0495868
25600,121,115,0.0495868
25611,121,115,0.0495868
25622,121,115,0.0495868
25633,121,115,0.0495868
25644,121,115,0.0495868
25654,121,115,0.0495868
25664,121,115,0.0495868
25674,121,115,0.0495868
25684,121,115,0.0495868
25695,121,115,0.0495868
25705,121,115,0.0495868
25714,121,115,0.0495868
25724,121,115,0.0495868
25734,121,115,0.0495868
25743,121,115,0.0495868
25752,121,115,0.0495868
25762,121,115,0.0495868
25771,121,115,0.0495868
25780,121,115,0.0495868
25789,121,115,0.0495868
25798,121,115,0.0495868
25806,121,115,0.0495868
25815,121,115,0.0495868
25823,121,115,0.0495868
25832,121,115,0.0495868
25840,121,115,0.0495868
25849,121,115,0.0495868
25857,121,115,0.0495868
25865,121,115,0.0495868
25874,121,115,0.0495868
25882,121,115,0.0495868
25890,121,115,0.0495868
25898,121,115,0.0495868
25907,121,115,0.0495868
25915,121,115,0.0495868
25923,121,115,0.0495868
25931,121,115,0.0495868
25939,121,115,0.0495868
25946,121,115,0.0495868
25954,121,115,0.0495868
25962,121,115,0.0495868
25970,121,115,0.0495868
25977,121,115,0.0495868
25985,121,115,0.0495868
25993,121,115,0.0495868
26000,121,115,0.0495868
26008,121,115,0.0495868
26015,121,115,0.0495868
26022,121,115,0.0495868
26030,121,115,0.0495868
26037,121,115,0.0495868
26044,121,115,0.0495868
26051,121,115,0.0495868
26058,121,115,0.0495868
26065,121,115,0.0495868
26072,121,115,0.0495868
26079,121,115,0.0495868
26085,121,115,0.0495868
26092,121,115,0.0495868
26099,121,115,0.0495868
26105,121,115,0.0495868
26112,121,115,0.0495868
26119,121,115,0.0495868
26125,121,115,0.0495868
26131,121,115,0.0495868
26138,121,115,0.0495868
26144,121,115,0.0495868
26150,121,115,0.0495868
26156,121,115,0.0495868
26162,121,115,0.0495868
26168,121,115,0.0495868
26174,121,115,0.0495868
26179,121,115,0.0495868
26185,121,115,0.0495868
26190,121,115,0.0495868
26196,121,115,0.0495868
26201,121,115,0.0495868
26206,121,115,0.0495868
26212,121,115,0.0495868
26217,121,115,0.0495868
26222,121,115,0.0495868
26227,121,115,0.0495868
26232,121,115,0.0495868
26237,121,115,0.0495868
26242,121,115,0.0495868
26248,121,115,0.0495868
26252,121,115,0.0495868
26257,121,115,0.0495868
26262,121,115,0.0495868
26266,121,115,0.0495868
26270,121,115,0.0495868
26274,121,115,0.0495868
26278,121,115,0.0495868
26283,121,115,0.0495868
26286,121,115,0.0495868
26290,121,115,0.0495868
26294,121,115,0.0495868
26298,121,115,0.0495868
26302,121,115,0.0495868
26305,121,115,0.0495868
26309,121,115,0.0495868
26312,121,115,0.0495868
26316,121,115,0.0495868
26319,121,115,0.0495868
26323,121,115,0.0495868
26326,121,115,0.0495868
26329,121,115,0.0495868
26332,121,115,0.0495868
26335,121,115,0.0495868
26338,121,115,0.0495868
26341,121,115,0.0495868
26344,121,115,0.0495868
26347,121,115,0.0495868
26349,121,115,0.0495868
26352,121,115,0.0495868
26354,121,115,0.0495868
26357,121,115,0.0495868
26359,121,115,0.0495868
26361,121,115,0.0495868
26363,121,115,0.0495868
26365,121,115,0.0495868
26367,121,115,0.0495868
26369,121,115,0.0495868
26371,121,115,0.0495868
26372,121,115,0.0495868
26374,121,115,0.0495868
26376,121,115,0.0495868
26378,121,115,0.0495868
26379,121,115,0.0495868
26381,121,115,0.0495868
26382,121,115,0.0495868
26384,121,115,0.0495868
26385,121,115,0.0495868
26386,121,115,0.0495868
26387,121,115,0.0495868
26388,121,115,0.0495868
26389,121,115,0.0495868
26390,121,115,0.0495868
26391,121,115,0.0495868
26392,121,115,0.0495868
26393,121,115,0.0495868
26394,121,115,0.0495868
26395,121,115,0.0495868
26395,121,115,0.0495868
26396,121,115,0.0495868
26397,121,115,0.0495868
26398,121,115,0.0495868
26399,121,115,0.0495868
26399,121,115,0.0495868
26400,121,115,0.0495868
26401,121,115,0.0495868
26401,121,115,0.0495868
26401,121,115,0.0495868
26402,121,115,0.0495868
26402,121,115,0.0495868
26402,121,115,0.0495868
26402,121,115,0.0495868
26403,121,115,0.0495868
26404,121,115,0.0495868
26404,121,115,0.0495868
26405,121,115,0.0495868
26406,121,115,0.0495868
26406,121,115,0.0495868
26407,121,115,0.0495868
26408,121,115,0.0495868
26409,121,115,0.0495868
26410,121,115,0.0495868
26411,121,115,0.0495868
26412,121,115,0.0495868
26414,121,115,0.0495868
26415,121,115,0.0495868
26416,121,115,0.0495868
26417,121,115,0.0495868
26419,121,115,0.0495868
26420,121,115,0.0495868
26421,121,115,0.0495868
26423,121,115,0.0495868
26424,121,115,0.0495868
26426,121,115,0.0495868
26427,121,115,0.0495868
26428,121,115,0.0495868
26429,121,115,0.0495868
26431,121,115,0.0495868
26432,121,115,0.0495868
26433,121,115,0.0495868
26435,121,115,0.0495868
26436,121,115,0.0495868
26438,121,115,0.0495868
26439,121,115,0.0495868
26441,121,115,0.0495868
26442,121,115,0.0495868
26444,121,115,0.0495868
26446,121,115,0.0495868
26447,121,115,0.0495868
26449,121,115,0.0495868
26451,121,115,0.0495868
26453,121,115,0.0495868
26454,121,115,0.0495868
26456,121,115,0.0495868
26458,121,115,0.0495868
26460,121,115,0.0495868
26463,121,115,0.0495868
26465,121,115,0.0495868
26467,121,115,0.0495868
26468,121,115,0.0495868
26470,121,115,0.0495868
26472,121,115,0.0495868
26474,121,115,0.0495868
26475,121,115,0.0495868
26477,121,115,0.0495868
26479,121,115,0.0495868
26480,121,115,0.0495868
26482,121,115,0.0495868
26484,121,115,0.0495868
26486,121,115,0.0495868
26487,121,115,0.0495868
26489,121,115,0.0495868
26490,121,115,0.0495868
26492,121,115,0.0495868
26494,121,115,0.0495868
26495,121,115,0.0495868
26496,121,115,0.0495868
26498,121,115,0.0495868
26500,121,115,0.0495868
26502,121,115,0.0495868
26504,121,115,0.0495868
26506,121,115,0.0495868
26508,121,115,0.0495868
26510,121,115,0.0495868
26511,121,115,0.0495868
26513,121,115,0.0495868
26514,121,115,0.0495868
26516,121,115,0.0495868
26518,121,115,0.0495868
26520,121,115,0.0495868
26522,121,115,0.0495868
26524,121,115,0.0495868
26526,121,115,0.0495868
26528,121,115,0.0495868
26529,121,115,0.0495868
26531,121,115,0.0495868
26533,121,115,0.0495868
26535,121,115,0.0495868
26537,121,115,0.0495868
26539,121,115,0.0495868
26541,121,115,0.0495868
26542,121,115,0.0495868
26544,121,115,0.0495868
26546,121,115,0.0495868
26548,121,115,0.0495868
26549,121,115,0.0495868
26551,121,115,0.0495868
26553,121,115,0.0495868
26555,121,115,0.0495868
26557,121,115,0.0495868
26558,121,115,0.0495868
26559,121,115,0.0495868
26561,121,115,0.0495868
26563,121,115,0.0495868
26565,121,115,0.0495868
26567,121,115,0.0495868
26569,121,115,0.0495868
26571,121,115,0.0495868
26573,121,115,0.0495868
26575,121,115,0.0495868
26577,121,115,0.0495868
26578,121,115,0.0495868
26580,121,115,0.0495868
26582,121,115,0.0495868
26583,121,115,0.0495868
26586,121,115,0.0495868
26588,121,115,0.0495868
26590,121,115,0.0495868
26592,121,115,0.0495868
26594,121,115,0.0495868
26596,121,115,0.0495868
26598,121,115,0.0495868
26600,121,115,0.0495868
26602,121,115,0.0495868
26604,121,115,0.0495868
26606,121,115,0.0495868
26608,121,115,0.0495868
26610,121,115,0.0495868
26612,121,115,0.0495868
26614,121,115,0.0495868
26616,121,115,0.0495868
26618,121,115,0.0495868
26620,121,115,0.0495868
26622,121,115,0.0495868
26624,121,115,0.0495868
26626,121,115,0.0495868
26629,121,115,0.0495868
26631,121,115,0.0495868
26633,121,115,0.0495868
26635,121,115,0.0495868
26637,121,115,0.0495868
26639,121,115,0.0495868
26642,121,115,0.0495868
26644,121,115,0.0495868
26647,121,115,0.0495868
26648,121,115,0.0495868
26651,121,115,0.0495868
26652,121,115,0.0495868
26655,121,115,0.0495868
26657,121,115,0.0495868
26660,121,115,0.0495868
26662,121,115,0.0495868
26665,121,115,0.0495868
26667,121,115,0.0495868
26670,121,115,0.0495868
26672,121,115,0.0495868
26674,121,115,0.0495868
26677,121,115,0.0495868
26679,121,115,0.0495868
26682,121,115,0.0495868
26684,121,115,0.0495868
26687,121,115,0.0495868
26689,121,115,0.0495868
26692,121,115,0.0495868
26694,121,115,0.0495868
26697,121,115,0.0495868
26699,121,115,0.0495868
26702,121,115,0.0495868
26704,121,115,0.0495868
26707,121,115,0.0495868
26710,121,115,0.0495868
26712,121,115,0.0495868
26715,121,115,0.0495868
26718,121,115,0.0495868
26720,121,115,0.0495868
26723,121,115,0.0495868
26726,121,115,0.0495868
26729,121,115,0.0495868
26732,121,115,0.0495868
26734,121,115,0.0495868
26737,121,115,0.0495868
26740,121,115,0.0495868
26742,121,115,0.0495868
26745,121,115,0.0495868
26748,121,115,0.0495868
26751,121,115,0.0495868
26754,121,115,0.0495868
26757,121,115,0.0495868
26760,121,115,0.0495868
26763,121,115,0.0495868
26765,121,115,0.0495868
26768,121,115,0.0495868
26772,121,115,0.0495868
26775,121,115,0.0495868
26778,121,115,0.0495868
26781,121,115,0.0495868
26783,121,115,0.0495868
26786,121,115,0.0495868
26789,121,115,0.0495868
26792,121,115,0.0495868
26795,121,115,0.0495868
26798,121,115,0.0495868
26801,121,115,0.0495868
26804,121,115,0.0495868
26807,121,115,0.0495868
26810,121,115,0.0495868
26813,121,115,0.0495868
26816,121,115,0.0495868
26819,121,115,0.0495868
26822,121,115,0.0495868
26825,121,115,0.0495868
26828,121,115,0.0495868
26831,121,115,0.0495868
26834,121,115,0.0495868
26837,121,115,0.0495868
26841,121,115,0.0495868
26844,121,115,0.0495868
26847,121,115,0.0495868
26850,121,115,0.0495868
26853,121,115,0.0495868
26856,121,115,0.0495868
26859,121,115,0.0495868
26862,121,115,0.0495868
26865,121,115,0.0495868
26868,121,115,0.0495868
26871,121,115,0.0495868
26874,121,115,0.0495868
26878,121,115,0.0495868
26881,121,115,0.0495868
26884,121,115,0.0495868
26888,121,115,0.0495868
26891,121,115,0.0495868
26895,121,115,0.0495868
26898,121,115,0.0495868
26901,121,115,0.0495868
26905,121,115,0.0495868
26908,121,115,0.0495868
26911,121,115,0.0495868
26914,121,115,0.0495868
26918,121,115,0.0495868
26921,121,115,0.0495868
26924,121,115,0.0495868
26927,121,115,0.0495868
26930,121,115,0.0495868
26934,121,115,0.0495868
26937,121,115,0.0495868
26941,121,115,0.0495868
26944,121,115,0.0495868
26947,121,115,0.0495868
26950,121,115,0.0495868
26954,121,115,0.0495868
26958,121,115,0.0495868
26961,121,115,0.0495868
26965,121,115,0.0495868
26969,121,115,0.0495868
26972,121,115,0.0495868
26976,121,115,0.0495868
26980,121,115,0.0495868
26984,121,115,0.0495868
26987,121,115,0.0495868
26990,121,115,0.0495868
26994,121,115,0.0495868
26997,121,115,0.0495868
27001,121,115,0.0495868
27005,121,115,0.0495868
27009,121,115,0.0495868
27012,121,115,0.0495868
27016,121,115,0.0495868
27019,121,115,0.0495868
27023,121,115,0.0495868
27027,121,115,0.0495868
27031,121,115,0.0495868
27035,121,115,0.0495868
27038,121,115,0.0495868
27042,121,115,0.0495868
27046,121,115,0.0495868
27050,121,115,0.0495868
27054,121,115,0.0495868
27057,121,115,0.0495868
27060,121,115,0.0495868
27064,121,115,0.0495868
27067,121,115,0.0495868
27071,121,115,0.0495868
27074,121,115,0.0495868
27078,121,115,0.0495868
27082,121,115,0.0495868
27085,121,115,0.0495868
27089,121,115,0.0495868
27093,121,115,0.0495868
27097,121,115,0.0495868
27101,121,115,0.0495868
27104,121,115,0.0495868
27108,121,115,0.0495868
27112,121,115,0.0495868
27116,121,115,0.0495868
27120,121,115,0.0495868
27124,121,115,0.0495868
27128,121,115,0.0495868
27133,121,115,0.0495868
27137,121,115,0.0495868
27141,121,115,0.0495868
27145,121,115,0.0495868
27149,121,115,0.0495868
27153,121,115,0.0495868
27157,121,115,0.0495868
27161,121,115,0.0495868
27165,121,115,0.0495868
27169,121,115,0.0495868
27173,121,115,0.0495868
27176,121,115,0.0495868
27181,121,115,0.0495868
27184,121,115,0.0495868
27189,121,115,0.0495868
27193,121,115,0.0495868
27197,121,115,0.0495868
27201,121,115,0.0495868
27205,121,115,0.0495868
27209,121,115,0.0495868
27213,121,115,0.0495868
27217,121,115,0.0495868
27222,121,115,0.0495868
27227,121,115,0.0495868
27232,121,115,0.0495868
27237,121,115,0.0495868
27241,121,115,0.0495868
27246,121,115,0.0495868
27250,121,115,0.0495868
27254,121,115,0.0495868
27259,121,115,0.0495868
27263,121,115,0.0495868
27267,121,115,0.0495868
27272,121,115,0.0495868
27276,121,115,0.0495868
27280,121,115,0.0495868
27285,121,115,0.0495868
27288,121,115,0.0495868
27292,121,115,0.0495868
27296,121,115,0.0495868
27301,121,115,0.0495868
27305,121,115,0.0495868
27310,121,115,0.0495868
27314,121,115,0.0495868
27318,121,115,0.0495868
27323,121,115,0.0495868
27328,121,115,0.0495868
27332,121,115,0.0495868
27336,121,115,0.0495868
27341,121,115,0.0495868
27345,121,115,0.0495868
27350,121,115,0.0495868
27354,121,115,0.0495868
27359,121,115,0.0495868
27363,121,115,0.0495868
27368,121,115,0.0495868
27371,121,115,0.0495868
27376,121,115,0.0495868
27380,121,115,0.0495868
27384,121,115,0.0495868
27388,121,115,0.0495868
27393,121,115,0.0495868
27397,121,115,0.0495868
27401,121,115,0.0495868
27405,121,115,0.0495868
27409,121,115,0.0495868
27413,121,115,0.0495868
27418,121,115,0.0495868
27422,121,115,0.0495868
27427,121,115,0.0495868
27431,121,115,0.0495868
27435,121,115,0.0495868
27439,121,115,0.0495868
27443,121,115,0.0495868
27447,121,115,0.0495868
27452,121,115,0.0495868
27457,121,115,0.0495868
27461,121,115,0.0495868
27467,121,115,0.0495868
27473,121,115,0.0495868
27476,121,115,0.0495868
27481,121,115,0.0495868
27486,121,115,0.0495868
27491,121,115,0.0495868
27496,121,115,0.0495868
27500,121,115,0.0495868
27505,121,115,0.0495868
27510,121,115,0.0495868
27513,121,115,0.0495868
27517,121,115,0.0495868
27521,121,115,0.0495868
27527,121,115,0.0495868
27532,121,115,0.0495868
27537,121,115,0.0495868
27541,121,115,0.0495868
27545,121,115,0.0495868
27550,121,115,0.0495868
27556,121,115,0.0495868
27561,121,115,0.0495868
27566,121,115,0.0495868
27571,121,115,0.0495868
27576,121,115,0.0495868
27582,121,115,0.0495868
27587,121,115,0.0495868
27592,121,115,0.0495868
27597,121,115,0.0495868
27603,121,115,0.0495868
27609,121,115,0.0495868
27614,121,115,0.0495868
27619,121,115,0.0495868
27625,121,115,0.0495868
27630,121,115,0.0495868
27636,121,115,0.0495868
27641,121,115,0.0495868
27646,121,115,0.0495868
27652,121,115,0.0495868
27656,121,115,0.0495868
27662,121,115,0.0495868
27666,121,115,0.0495868
27671,121,115,0.0495868
27676,121,115,0.0495868
27682,121,115,0.0495868
27688,121,115,0.0495868
27693,121,115,0.0495868
27699,121,115,0.0495868
27704,121,115,0.0495868
27708,121,115,0.0495868
27714,121,115,0.0495868
27720,121,115,0.0495868
27725,121,115,0.0495868
27731,121,115,0.0495868
27736,121,115,0.0495868
27742,121,115,0.0495868
27747,121,115,0.0495868
27753,121,115,0.0495868
27759,121,115,0.0495868
27764,121,115,0.0495868
27769,121,115,0.0495868
27774,121,115,0.0495868
27780,121,115,0.0495868
27784,121,115,0.0495868
27790,121,115,0.0495868
27796,121,115,0.0495868
27801,121,115,0.0495868
27807,121,115,0.0495868
27814,121,115,0.0495868
27819,121,115,0.0495868
27825,121,115,0.0495868
27831,121,115,0.0495868
27836,121,115,0.0495868
27842,121,115,0.0495868
27849,121,115,0.0495868
27855,121,115,0.0495868
27861,121,115,0.0495868
27867,121,115,0.0495868
27873,121,115,0.0495868
27879,121,115,0.0495868
27885,121,115,0.0495868
27890,121,115,0.0495868
27896,121,115,0.0495868
27902,121,115,0.0495868
27909,121,115,0.0495868
27915,121,115,0.0495868
27922,121,115,0.0495868
27928,121,115,0.0495868
27934,121,115,0.0495868
27940,121,115,0.0495868
27946,121,115,0.0495868
27952,121,115,0.0495868
27959,121,115,0.0495868
27965,121,115,0.0495868
27970,121,115,0.0495868
27976,121,115,0.0495868
27982,121,115,0.0495868
27988,121,115,0.0495868
27994,121,115,0.0495868
27999,121,115,0.0495868
28005,121,115,0.0495868
28012,121,115,0.0495868
28018,121,115,0.0495868
28025,121,115,0.0495868
28031,121,115,0.0495868
28038,121,115,0.0495868
28044,121,115,0.0495868
28050,121,115,0.0495868
28056,121,115,0.0495868
28063,121,115,0.0495868
28068,121,115,0.0495868
28075,121,115,0.0495868
28082,121,115,0.0495868
28088,121,115,0.0495868
28093,121,115,0.0495868
28100,121,115,0.0495868
28106,121,115,0.0495868
28113,121,115,0.0495868
28118,121,115,0.0495868
28123,121,115,0.0495868
28129,121,115,0.0495868
28135,121,115,0.0495868
28142,121,115,0.0495868
28147,121,115,0.0495868
28153,121,115,0.0495868
28160,121,115,0.0495868
28166,121,115,0.0495868
28172,121,115,0.0495868
28179,121,115,0.0495868
28186,121,115,0.0495868
28192,121,115,0.0495868
28198,121,115,0.0495868
28204,121,115,0.0495868
28210,121,115,0.0495868
28217,121,115,0.0495868
28223,121,115,0.0495868
28230,121,115,0.0495868
28236,121,115,0.0495868
28244,121,115,0.0495868
28251,121,115,0.0495868
28258,121,115,0.0495868
28264,121,115,0.0495868
28271,121,115,0.0495868
28277,121,115,0.0495868
28283,121,115,0.0495868
28290,121,115,0.0495868
28297,121,115,0.0495868
28303,121,115,0.0495868
28310,121,115,0.0495868
28316,121,115,0.0495868
28322,121,115,0.0495868
28329,121,115,0.0495868
28335,121,115,0.0495868
28341,121,115,0.0495868
28348,121,115,0.0495868
28354,121,115,0.0495868
28361,121,115,0.0495868
28368,121,115,0.0495868
28375,121,115,0.0495868
28384,121,115,0.0495868
28391,121,115,0.0495868
28398,121,115,0.0495868
28403,121,115,0.0495868
28409,121,115,0.0495868
28416,121,115,0.0495868
28423,121,115,0.0495868
28430,121,115,0.0495868
28436,121,115,0.0495868
28443,121,115,0.0495868
28450,121,115,0.0495868
28458,121,115,0.0495868
28463,121,115,0.0495868
28471,121,115,0.0495868
28476,121,115,0.0495868
28481,121,115,0.0495868
28488,121,115,0.0495868
28495,121,115,0.0495868
28502,121,115,0.0495868
28509,121,115,0.0495868
28516,121,115,0.0495868
28523,121,115,0.0495868
28531,121,115,0.0495868
28539,121,115,0.0495868
28545,121,115,0.0495868
28552,121,115,0.0495868
28560,121,115,0.0495868
28567,121,115,0.0495868
28575,121,115,0.0495868
28582,121,115,0.0495868
28589,121,115,0.0495868
28597,121,115,0.0495868
28602,121,115,0.0495868
28608,121,115,0.0495868
28615,121,115,0.0495868
28622,121,115,0.0495868
28628,121,115,0.0495868
28635,121,115,0.0495868
28642,121,115,0.0495868
28648,121,115,0.0495868
28656,121,115,0.0495868
28661,121,115,0.0495868
28669,121,115,0.0495868
28677,121,115,0.0495868
28682,121,115,0.0495868
28689,121,115,0.0495868
28697,121,115,0.0495868
28703,121,115,0.0495868
28710,121,115,0.0495868
28717,121,115,0.0495868
28725,121,115,0.0495868
28731,121,115,0.0495868
28738,121,115,0.0495868
28744,121,115,0.0495868
28751,121,115,0.0495868
28758,121,115,0.0495868
28764,121,115,0.0495868
28773,121,115,0.0495868
28778,121,115,0.0495868
28785,121,115,0.0495868
28792,121,115,0.0495868
28800,121,115,0.0495868
28807,121,115,0.0495868
28814,121,115,0.0495868
28822,121,115,0.0495868
28829,121,115,0.0495868
28836,121,115,0.0495868
28843,121,115,0.0495868
28849,121,115,0.0495868
28856,121,115,0.0495868
28863,121,115,0.0495868
28869,121,115,0.0495868
28874,121,115,0.0495868
28882,121,115,0.0495868
28889,121,115,0.0495868
28896,121,115,0.0495868
28903,121,115,0.0495868
28910,121,115,0.0495868
28916,121,115,0.0495868
28924,121,115,0.0495868
28931,121,115,0.0495868
28938,121,115,0.0495868
28946,121,115,0.0495868
28951,121,115,0.0495868
28958,121,115,0.0495868
28965,121,115,0.0495868
28972,121,115,0.0495868
28979,121,115,0.0495868
28986,121,115,0.0495868
28993,121,115,0.0495868
29000,121,115,0.0495868
29007,121,115,0.0495868
29014,121,115,0.0495868
29021,121,115,0.0495868
29028,121,115,0.0495868
29035,121,115,0.0495868
29040,121,115,0.0495868
29047,121,115,0.0495868
29053,121,115,0.0495868
29061,121,115,0.0495868
29068,121,115,0.0495868
29075,121,115,0.0495868
29082,121,115,0.0495868
29089,121,115,0.0495868
29097,121,115,0.0495868
29103,121,115,0.0495868
29110,121,115,0.0495868
29117,121,115,0.0495868
29124,121,115,0.0495868
29130,121,115,0.0495868
29137,121,115,0.0495868
29145,121,115,0.0495868
29152,121,115,0.0495868
29158,121,115,0.0495868
29165,121,115,0.0495868
29172,121,115,0.0495868
29180,121,115,0.0495868
29186,121,115,0.0495868
29194,121,115,0.0495868
29201,121,115,0.0495868
29209,121,115,0.0495868
29216,121,115,0.0495868
29223,121,115,0.0495868
29231,121,115,0.0495868
29238,121,115,0.0495868
29246,121,115,0.0495868
29253,121,115,0.0495868
29260,121,115,0.0495868
29266,121,115,0.0495868
29275,121,115,0.0495868
29283,121,115,0.0495868
29291,121,115,0.0495868
29299,121,115,0.0495868
29306,121,115,0.0495868
29312,121,115,0.0495868
29319,121,115,0.0495868
29327,121,115,0.0495868
29335,121,115,0.0495868
29343,121,115,0.0495868
29350,121,115,0.0495868
29358,121,115,0.0495868
29366,121,115,0.0495868
29373,121,115,0.0495868
29381,121,115,0.0495868
29388,121,115,0.0495868
29396,121,115,0.0495868
29404,121,115,0.0495868
29411,121,115,0.0495868
29417,121,115,0.0495868
29425,121,115,0.0495868
29433,121,115,0.0495868
29440,121,115,0.0495868
29447,121,115,0.0495868
29454,121,115,0.0495868
29461,121,115,0.0495868
29469,121,115,0.0495868
29477,121,115,0.0495868
29484,121,115,0.0495868
29492,121,115,0.0495868
29500,121,115,0.0495868
29507,121,115,0.0495868
29515,121,115,0.0495868
29520,121,115,0.0495868
29528,121,115,0.0495868
29536,121,115,0.0495868
29543,121,115,0.0495868
29551,121,115,0.0495868
29559,121,115,0.0495868
29566,121,115,0.0495868
29573,121,115,0.0495868
29579,121,115,0.0495868
29586,121,115,0.0495868
29594,121,115,0.0495868
29602,121,115,0.0495868
29610,121,115,0.0495868
29617,121,115,0.0495868
29625,121,115,0.0495868
29633,121,115,0.0495868
29641,121,115,0.0495868
29649,121,115,0.0495868
29657,121,115,0.0495868
29664,121,115,0.0495868
29672,121,115,0.0495868
29680,121,115,0.0495868
29689,121,115,0.0495868
29696,121,115,0.0495868
29704,121,115,0.0495868
29711,121,115,0.0495868
29719,121,115,0.0495868
29727,121,115,0.0495868
29735,121,115,0.0495868
29742,121,115,0.0495868
29748,121,115,0.0495868
29755,121,115,0.0495868
29763,121,115,0.0495868
29771,121,115,0.0495868
29779,121,115,0.0495868
29786,121,115,0.0495868
29794,121,115,0.0495868
29802,121,115,0.0495868
29810,121,115,0.0495868
29818,121,115,0.0495868
29826,121,115,0.0495868
29833,121,115,0.0495868
29841,121,115,0.0495868
29849,121,115,0.0495868
29858,121,115,0.0495868
29866,121,115,0.0495868
29871,121,115,0.0495868
29880,121,115,0.0495868
29887,121,115,0.0495868
29891,121,115,0.0495868
29898,121,115,0.0495868
29907,121,115,0.0495868
29915,121,115,0.0495868
29922,121,115,0.0495868
29929,121,115,0.0495868
29934,121,115,0.0495868
29942,121,115,0.0495868
29950,121,115,0.0495868
29957,121,115,0.0495868
29965,121,115,0.0495868
29974,121,115,0.0495868
29981,121,115,0.0495868
29989,121,115,0.0495868
29995,121,115,0.0495868
30003,121,115,0.0495868
30011,121,115,0.0495868
30018,121,115,0.0495868
30027,121,115,0.0495868
30035,121,115,0.0495868
30043,121,115,0.0495868
30051,121,115,0.0495868
30059,121,115,0.0495868
30066,121,115,0.0495868
30075,121,115,0.0495868
30082,121,115,0.0495868
30090,121,115,0.0495868
30098,121,115,0.0495868
30105,121,115,0.0495868
30113,121,115,0.0495868
30120,121,115,0.0495868
30128,121,115,0.0495868
30132,121,115,0.0495868
30140,121,115,0.0495868
30145,121,115,0.0495868
30154,121,115,0.0495868
30161,121,115,0.0495868
30168,121,115,0.0495868
30176,121,115,0.0495868
30184,121,115,0.0495868
30192,121,115,0.0495868
30199,121,115,0.0495868
30208,121,115,0.0495868
30216,121,115,0.0495868
30225,121,115,0.0495868
30233,121,115,0.0495868
30242,121,115,0.0495868
30250,121,115,0.0495868
30258,121,115,0.0495868
30267,121,115,0.0495868
30275,121,115,0.0495868
30284,121,115,0.0495868
30292,121,115,0.0495868
30299,121,115,0.0495868
30307,121,115,0.0495868
30313,121,115,0.0495868
30321,121,115,0.0495868
30329,121,115,0.0495868
30337,121,115,0.0495868
30345,121,115,0.0495868
30353,121,115,0.0495868
30356,121,115,0.0495868
30365,121,115,0.0495868
30372,121,115,0.0495868
30380,121,115,0.0495868
30388,121,115,0.0495868
30396,121,115,0.0495868
30403,121,115,0.0495868
30412,121,115,0.0495868
30417,121,115,0.0495868
30426,121,115,0.0495868
30433,121,115,0.0495868
30442,121,115,0.0495868
30447,121,115,0.0495868
30455,121,115,0.0495868
30464,121,115,0.0495868
30473,121,115,0.0495868
30481,121,115,0.0495868
30489,121,115,0.0495868
30497,121,115,0.0495868
30504,121,115,0.0495868
30512,121,115,0.0495868
30519,121,115,0.0495868
30527,121,115,0.0495868
30536,121,115,0.0495868
30542,121,115,0.0495868
30550,121,115,0.0495868
30558,121,115,0.0495868
30567,121,115,0.0495868
30574,121,115,0.0495868
30583,121,115,0.0495868
30591,121,115,0.0495868
30599,121,115,0.0495868
30606,121,115,0.0495868
30614,121,115,0.0495868
30623,121,115,0.0495868
30631,121,115,0.0495868
30640,121,115,0.0495868
30649,121,115,0.0495868
30657,121,115,0.0495868
30665,121,115,0.0495868
30674,121,115,0.0495868
30683,121,115,0.0495868
30689,121,115,0.0495868
30697,121,115,0.0495868
30706,121,115,0.0495868
30715,121,115,0.0495868
30723,121,115,0.0495868
30732,121,115,0.0495868
30740,121,115,0.0495868
30748,121,115,0.0495868
30757,121,115,0.0495868
30764,121,115,0.0495868
30773,121,115,0.0495868
30780,121,115,0.0495868
30788,121,115,0.0495868
30797,121,115,0.0495868
30804,121,115,0.0495868
30812,121,115,0.0495868
30820,121,115,0.0495868
30829,121,115,0.0495868
30837,121,115,0.0495868
30845,121,115,0.0495868
30849,121,115,0.0495868
30858,121,115,0.0495868
30867,121,115,0.0495868
30872,121,115,0.0495868
30882,121,115,0.0495868
30888,121,115,0.0495868
30897,121,115,0.0495868
30904,121,115,0.0495868
30913,121,115,0.0495868
30921,121,115,0.0495868
30930,121,115,0.0495868
30939,121,115,0.0495868
30948,121,115,0.0495868
30956,121,115,0.0495868
30965,121,115,0.0495868
30974,121,115,0.0495868
30982,121,115,0.0495868
30991,121,115,0.0495868
30999,121,115,0.0495868
31008,121,115,0.0495868
31016,121,115,0.0495868
31024,121,115,0.0495868
31032,121,115,0.0495868
31039,121,115,0.0495868
31046,121,115,0.0495868
31056,121,115,0.0495868
31064,121,115,0.0495868
31072,121,115,0.0495868
31081,121,115,0.0495868
31090,121,115,0.0495868
31098,121,115,0.0495868
31107,121,115,0.0495868
31115,121,115,0.0495868
31121,121,115,0.0495868
31130,121,115,0.0495868
31138,121,115,0.0495868
31146,121,115,0.0495868
31154,121,115,0.0495868
31163,121,115,0.0495868
31172,121,115,0.0495868
31180,121,115,0.0495868
31187,121,115,0.0495868
31195,121,115,0.0495868
31205,121,115,0.0495868
31213,121,115,0.0495868
31221,121,115,0.0495868
31228,121,115,0.0495868
31237,121,115,0.0495868
31245,121,115,0.0495868
31252,121,115,0.0495868
31259,121,115,0.0495868
31268,121,115,0.0495868
31277,121,115,0.0495868
31284,121,115,0.0495868
31293,121,115,0.0495868
31301,121,115,0.0495868
31309,121,115,0.0495868
31317,121,115,0.0495868
31325,121,115,0.0495868
31333,121,115,0.0495868
31340,121,115,0.0495868
31348,121,115,0.0495868
31356,121,115,0.0495868
31365,121,115,0.0495868
31370,121,115,0.0495868
31379,121,115,0.0495868
31388,121,115,0.0495868
31394,121,115,0.0495868
31403,121,115,0.0495868
31411,121,115,0.0495868
31419,121,115,0.0495868
31427,121,115,0.0495868
31436,121,115,0.0495868
31444,121,115,0.0495868
31453,121,115,0.0495868
31463,121,115,0.0495868
31472,121,115,0.0495868
31481,121,115,0.0495868
31489,121,115,0.0495868
31497,121,115,0.0495868
31505,121,115,0.0495868
31514,121,115,0.0495868
31523,121,115,0.0495868
31531,121,115,0.0495868
31540,121,115,0.0495868
31548,121,115,0.0495868
31556,121,115,0.0495868
31564,121,115,0.0495868
31573,121,115,0.0495868
31582,121,115,0.0495868
31588,121,115,0.0495868
31596,121,115,0.0495868
31605,121,115,0.0495868
31614,121,115,0.0495868
31621,121,115,0.0495868
31629,121,115,0.0495868
31638,121,115,0.0495868
31647,121,115,0.0495868
31655,121,115,0.0495868
31663,121,115,0.0495868
31670,121,115,0.0495868
31679,121,115,0.0495868
31687,121,115,0.0495868
31692,121,115,0.0495868
31700,121,115,0.0495868
31709,121,115,0.0495868
31718,121,115,0.0495868
31725,121,115,0.0495868
31734,121,115,0.0495868
31743,121,115,0.0495868
31752,121,115,0.0495868
31761,121,115,0.0495868
31768,121,115,0.0495868
31776,121,115,0.0495868
31784,121,115,0.0495868
31793,121,115,0.0495868
31798,121,115,0.0495868
31807,121,115,0.0495868
31814,121,115,0.0495868
31823,121,115,0.0495868
31831,121,115,0.0495868
31839,121,115,0.0495868
31847,121,115,0.0495868
31856,121,115,0.0495868
31865,121,115,0.0495868
31871,121,115,0.0495868
31880,121,115,0.0495868
31888,121,115,0.0495868
31896,121,115,0.0495868
31905,121,115,0.0495868
31913,121,115,0.0495868
31916,121,115,0.0495868
31924,121,115,0.0495868
31932,121,115,0.0495868
31941,121,115,0.0495868
32001,121,115,0.0495868
32015,121,115,0.0495868
32024,121,115,0.0495868
32032,121,115,0.0495868
32041,121,115,0.0495868
32050,121,115,0.0495868
32058,121,115,0.0495868
32066,121,115,0.0495868
32074,121,115,0.0495868
32083,121,115,0.0495868
32091,121,115,0.0495868
32100,121,115,0.0495868
32108,121,115,0.0495868
32117,121,115,0.0495868
32122,121,115,0.0495868
32129,121,115,0.0495868
32136,121,115,0.0495868
32144,121,115,0.0495868
32151,121,115,0.0495868
32159,121,115,0.0495868
32168,121,115,0.0495868
32177,121,115,0.0495868
32185,121,115,0.0495868
32194,121,115,0.0495868
32201,121,115,0.0495868
32210,121,115,0.0495868
32219,121,115,0.0495868
32228,121,115,0.0495868
32237,121,115,0.0495868
32247,121,115,0.0495868
32256,121,115,0.0495868
32263,121,115,0.0495868
32272,121,115,0.0495868
32280,121,115,0.0495868
32289,121,115,0.0495868
32298,121,115,0.0495868
32307,121,115,0.0495868
32316,121,115,0.0495868
32326,121,115,0.0495868
32335,121,115,0.0495868
32344,121,115,0.0495868
32349,121,115,0.0495868
32357,121,115,0.0495868
32366,121,115,0.0495868
32375,121,115,0.0495868
32383,121,115,0.0495868
32392,121,115,0.0495868
32401,121,115,0.0495868
32407,121,115,0.0495868
32415,121,115,0.0495868
32424,121,115,0.0495868
32431,121,115,0.0495868
32439,121,115,0.0495868
32448,121,115,0.0495868
32457,121,115,0.0495868
32468,121,115,0.0495868
32477,121,115,0.0495868
32486,121,115,0.0495868
32495,121,115,0.0495868
32503,121,115,0.0495868
32513,121,115,0.0495868
32521,121,115,0.0495868
32530,121,115,0.0495868
32537,121,115,0.0495868
32546,121,115,0.0495868
32556,121,115,0.0495868
32564,121,115,0.0495868
32572,121,115,0.0495868
32579,121,115,0.0495868
32588,121,115,0.0495868
32596,121,115,0.0495868
32605,121,115,0.0495868
32614,121,115,0.0495868
32622,121,115,0.0495868
32631,121,115,0.0495868
32640,121,115,0.0495868
32649,121,115,0.0495868
32658,121,115,0.0495868
32665,121,115,0.0495868
32674,121,115,0.0495868
32684,121,115,0.0495868
32693,121,115,0.0495868
32701,121,115,0.0495868
32710,121,115,0.0495868
32718,121,115,0.0495868
32728,121,115,0.0495868
32738,121,115,0.0495868
32746,121,115,0.0495868
32755,121,115,0.0495868
32763,121,115,0.0495868
32772,121,115,0.0495868
32781,121,115,0.0495868
32786,121,115,0.0495868
32794,121,115,0.0495868
32803,121,115,0.0495868
32810,121,115,0.0495868
32819,121,115,0.0495868
32828,121,115,0.0495868
32837,121,115,0.0495868
32846,121,115,0.0495868
32856,121,115,0.0495868
32865,121,115,0.0495868
32872,121,115,0.0495868
32882,121,115,0.0495868
32891,121,115,0.0495868
32900,121,115,0.0495868
32908,121,115,0.0495868
32917,121,115,0.0495868
32926,121,115,0.0495868
32935,121,115,0.0495868
32942,121,115,0.0495868
32951,121,115,0.0495868
32958,121,115,0.0495868
32967,121,115,0.0495868
32976,121,115,0.0495868
32984,121,115,0.0495868
32993,121,115,0.0495868
33001,121,115,0.0495868
33010,121,115,0.0495868
33019,121,115,0.0495868
33028,121,115,0.0495868
33037,121,115,0.0495868
33046,121,115,0.0495868
33053,121,115,0.0495868
33061,121,115,0.0495868
33068,121,115,0.0495868
33075,121,115,0.0495868
33083,121,115,0.0495868
33092,121,115,0.0495868
33099,121,115,0.0495868
33107,121,115,0.0495868
33115,121,115,0.0495868
33124,121,115,0.0495868
33133,121,115,0.0495868
33142,121,115,0.0495868
33151,121,115,0.0495868
33159,121,115,0.0495868
33167,121,115,0.0495868
33175,121,115,0.0495868
33183,121,115,0.0495868
33191,121,115,0.0495868
33199,121,115,0.0495868
33208,121,115,0.0495868
33215,121,115,0.0495868
33224,121,115,0.0495868
33232,121,115,0.0495868
33243,121,115,0.0495868
33252,121,115,0.0495868
33263,121,115,0.0495868
33270,121,115,0.0495868
33279,121,115,0.0495868
33289,121,115,0.0495868
33299,121,115,0.0495868
33307,121,115,0.0495868
33316,121,115,0.0495868
33322,121,115,0.0495868
33331,121,115,0.0495868
33339,121,115,0.0495868
33348,121,115,0.0495868
33357,121,115,0.0495868
33366,121,115,0.0495868
33376,121,115,0.0495868
33385,121,115,0.0495868
33395,121,115,0.0495868
33402,121,115,0.0495868
33411,121,115,0.0495868
33420,121,115,0.0495868
33428,121,115,0.0495868
33437,121,115,0.0495868
33446,121,115,0.0495868
33455,121,115,0.0495868
33465,121,115,0.0495868
33475,121,115,0.0495868
33482,121,115,0.0495868
33492,121,115,0.0495868
33500,121,115,0.0495868
33509,121,115,0.0495868
33518,121,115,0.0495868
33521,121,115,0.0495868
33528,121,115,0.0495868
33537,121,115,0.0495868
33546,121,115,0.0495868
33555,121,115,0.0495868
33565,121,115,0.0495868
33574,121,115,0.0495868
33583,121,115,0.0495868
33593,121,115,0.0495868
33601,121,115,0.0495868
33610,121,115,0.0495868
33618,121,115,0.0495868
33627,121,115,0.0495868
33636,121,115,0.0495868
33644,121,115,0.0495868
33653,121,115,0.0495868
33663,121,115,0.0495868
33671,121,115,0.0495868
33680,121,115,0.0495868
33688,121,115,0.0495868
33697,121,115,0.0495868
33706,121,115,0.0495868
33715,121,115,0.0495868
33724,121,115,0.0495868
33733,121,115,0.0495868
33742,121,115,0.0495868
33752,121,115,0.0495868
33761,121,115,0.0495868
33770,121,115,0.0495868
33780,121,115,0.0495868
33789,121,115,0.0495868
33799,121,115,0.0495868
33808,121,115,0.0495868
33818,121,115,0.0495868
33828,121,115,0.0495868
33837,121,115,0.0495868
33845,121,115,0.0495868
33853,121,115,0.0495868
33862,121,115,0.0495868
33871,121,115,0.0495868
33881,121,115,0.0495868
33890,121,115,0.0495868
33900,121,115,0.0495868
33909,121,115,0.0495868
33918,121,115,0.0495868
33927,121,115,0.0495868
33936,121,115,0.0495868
33946,121,115,0.0495868
33955,121,115,0.0495868
33964,121,115,0.0495868
33973,121,115,0.0495868
33982,121,115,0.0495868
33991,121,115,0.0495868
34000,121,115,0.0495868
34009,121,115,0.0495868
34018,121,115,0.0495868
34028,121,115,0.0495868
34035,121,115,0.0495868
34045,121,115,0.0495868
34054,121,115,0.0495868
34061,121,115,0.0495868
34071,121,115,0.0495868
34079,121,115,0.0495868
34089,121,115,0.0495868
34098,121,115,0.0495868
34107,121,115,0.0495868
34117,121,115,0.0495868
34126,121,115,0.0495868
34133,121,115,0.0495868
34142,121,115,0.0495868
34151,121,115,0.0495868
34161,121,115,0.0495868
34170,121,115,0.0495868
34180,121,115,0.0495868
34189,121,115,0.0495868
34198,121,115,0.0495868
34208,121,115,0.0495868
34217,121,115,0.0495868
34226,121,115,0.0495868
34234,121,115,0.0495868
34245,121,115,0.0495868
34255,121,115,0.0495868
34265,121,115,0.0495868
34273,121,115,0.0495868
34282,121,115,0.0495868
34291,121,115,0.0495868
34301,121,115,0.0495868
34311,121,115,0.0495868
34321,121,115,0.0495868
34329,121,115,0.0495868
34338,121,115,0.0495868
34345,121,115,0.0495868
34356,121,115,0.0495868
34366,121,115,0.0495868
34376,121,115,0.0495868
34386,121,115,0.0495868
34396,121,115,0.0495868
34405,121,115,0.0495868
34415,121,115,0.0495868
34425,121,115,0.0495868
34435,121,115,0.0495868
34440,121,115,0.0495868
34452,121,115,0.0495868
34462,121,115,0.0495868
34472,121,115,0.0495868
34482,121,115,0.0495868
34492,121,115,0.0495868
34502,121,115,0.0495868
34512,121,115,0.0495868
34521,121,115,0.0495868
34531,121,115,0.0495868
34540,121,115,0.0495868
34550,121,115,0.0495868
34559,121,115,0.0495868
34569,121,115,0.0495868
34577,121,115,0.0495868
34587,121,115,0.0495868
34597,121,115,0.0495868
34606,121,115,0.0495868
34616,121,115,0.0495868
34626,121,115,0.0495868
34636,121,115,0.0495868
34645,121,115,0.0495868
34655,121,115,0.0495868
34664,121,115,0.0495868
34674,121,115,0.0495868
34683,121,115,0.0495868
34692,121,115,0.0495868
34700,121,115,0.0495868
34710,121,115,0.0495868
34719,121,115,0.0495868
34729,121,115,0.0495868
34739,121,115,0.0495868
34749,121,115,0.0495868
34759,121,115,0.0495868
34768,121,115,0.0495868
34776,121,115,0.0495868
34786,121,115,0.0495868
34796,121,115,0.0495868
34806,121,115,0.0495868
34814,121,115,0.0495868
34824,121,115,0.0495868
34834,121,115,0.0495868
34843,121,115,0.0495868
34853,121,115,0.0495868
34864,121,115,0.0495868
34874,121,115,0.0495868
34884,121,115,0.0495868
34893,121,115,0.0495868
34903,121,115,0.0495868
34912,121,115,0.0495868
34922,121,115,0.0495868
34932,121,115,0.0495868
34941,121,115,0.0495868
34952,121,115,0.0495868
34962,121,115,0.0495868
34972,121,115,0.0495868
34982,121,115,0.0495868
34991,121,115,0.0495868
34999,121,115,0.0495868
35010,121,115,0.0495868
35019,121,115,0.0495868
35028,121,115,0.0495868
35038,121,115,0.0495868
35048,121,115,0.0495868
35057,121,115,0.0495868
35065,121,115,0.0495868
35074,121,115,0.0495868
35084,121,115,0.0495868
35094,121,115,0.0495868
35103,121,115,0.0495868
35112,121,115,0.0495868
35121,121,115,0.0495868
35131,121,115,0.0495868
35141,121,115,0.0495868
35152,121,115,0.0495868
35162,121,115,0.0495868
35165,121,115,0.0495868
35175,121,115,0.0495868
35186,121,115,0.0495868
35196,121,115,0.0495868
35205,121,115,0.0495868
35215,121,115,0.0495868
35225,121,115,0.0495868
35234,121,115,0.0495868
35245,121,115,0.0495868
35255,121,115,0.0495868
35265,121,115,0.0495868
35275,121,115,0.0495868
35283,121,115,0.0495868
35293,121,115,0.0495868
35304,121,115,0.0495868
35314,121,115,0.0495868
35324,121,115,0.0495868
35335,121,115,0.0495868
35345,121,115,0.0495868
35355,121,115,0.0495868
35365,121,115,0.0495868
35374,121,115,0.0495868
35385,121,115,0.0495868
35396,121,115,0.0495868
35406,121,115,0.0495868
35414,121,115,0.0495868
35425,121,115,0.0495868
35432,121,115,0.0495868
35443,121,115,0.0495868
35454,121,115,0.0495868
35464,121,115,0.0495868
35475,121,115,0.0495868
35485,121,115,0.0495868
35496,121,115,0.0495868
35507,121,115,0.0495868
35516,121,115,0.0495868
35527,121,115,0.0495868
35537,121,115,0.0495868
35547,121,115,0.0495868
35556,121,115,0.0495868
35565,121,115,0.0495868
35575,121,115,0.0495868
35586,121,115,0.0495868
35596,121,115,0.0495868
35606,121,115,0.0495868
35617,121,115,0.0495868
35627,121,115,0.0495868
35637,121,115,0.0495868
35646,121,115,0.0495868
35656,121,115,0.0495868
35664,121,115,0.0495868
35674,121,115,0.0495868
35685,121,115,0.0495868
35691,121,115,0.0495868
35701,121,115,0.0495868
35712,121,115,0.0495868
35722,121,115,0.0495868
35732,121,115,0.0495868
35741,121,115,0.0495868
35752,121,115,0.0495868
35762,121,115,0.0495868
35772,121,115,0.0495868
35783,121,115,0.0495868
35792,121,115,0.0495868
35802,121,115,0.0495868
35812,121,115,0.0495868
35823,121,115,0.0495868
35833,121,115,0.0495868
35844,121,115,0.0495868
35853,121,115,0.0495868
35863,121,115,0.0495868
35872,121,115,0.0495868
35881,121,115,0.0495868
35889,121,115,0.0495868
35900,121,115,0.0495868
35910,121,115,0.0495868
35920,121,115,0.0495868
35931,121,115,0.0495868
35942,121,115,0.0495868
35952,121,115,0.0495868
35960,121,115,0.0495868
35970,121,115,0.0495868
35981,121,115,0.0495868
35991,121,115,0.0495868
36001,121,115,0.0495868
36012,121,115,0.0495868
36021,121,115,0.0495868
36031,121,115,0.0495868
36040,121,115,0.0495868
36051,121,115,0.0495868
36062,121,115,0.0495868
36072,121,115,0.0495868
36081,121,115,0.0495868
36091,121,115,0.0495868
36102,121,115,0.0495868
36112,121,115,0.0495868
36123,121,115,0.0495868
36133,121,115,0.0495868
36143,121,115,0.0495868
36152,121,115,0.0495868
36164,121,115,0.0495868
36174,121,115,0.0495868
36184,121,115,0.0495868
36193,121,115,0.0495868
36203,121,115,0.0495868
36214,121,115,0.0495868
36224,121,115,0.0495868
36236,121,115,0.0495868
36246,121,115,0.0495868
36256,121,115,0.0495868
36266,121,115,0.0495868
36276,121,115,0.0495868
36287,121,115,0.0495868
36299,121,115,0.0495868
36309,121,115,0.0495868
36320,121,115,0.0495868
36331,121,115,0.0495868
36341,121,115,0.0495868
36351,121,115,0.0495868
36361,121,115,0.0495868
36371,121,115,0.0495868
36383,121,115,0.0495868
36393,121,115,0.0495868
36404,121,115,0.0495868
36415,121,115,0.0495868
36426,121,115,0.0495868
36436,121,115,0.0495868
36447,121,115,0.0495868
36457,121,115,0.0495868
36465,121,115,0.0495868
36474,121,115,0.0495868
36483,121,115,0.0495868
36494,121,115,0.0495868
36504,121,115,0.0495868
36515,121,115,0.0495868
36525,121,115,0.0495868
36535,121,115,0.0495868
36546,121,115,0.0495868
36557,121,115,0.0495868
36566,121,115,0.0495868
36577,121,115,0.0495868
36586,121,115,0.0495868
36597,121,115,0.0495868
36607,121,115,0.0495868
36617,121,115,0.0495868
36625,121,115,0.0495868
36636,121,115,0.0495868
36646,121,115,0.0495868
36655,121,115,0.0495868
36665,121,115,0.0495868
36676,121,115,0.0495868
36686,121,115,0.0495868
36697,121,115,0.0495868
36708,121,115,0.0495868
36718,121,115,0.0495868
36729,121,115,0.0495868
36740,121,115,0.0495868
36750,121,115,0.0495868
36759,121,115,0.0495868
36769,121,115,0.0495868
36780,121,115,0.0495868
36791,121,115,0.0495868
36802,121,115,0.0495868
36812,121,115,0.0495868
36822,121,115,0.0495868
36833,121,115,0.0495868
36844,121,115,0.0495868
36855,121,115,0.0495868
36867,121,115,0.0495868
36878,121,115,0.0495868
36888,121,115,0.0495868
36899,121,115,0.0495868
36910,121,115,0.0495868
36921,121,115,0.0495868
36932,121,115,0.0495868
36943,121,115,0.0495868
36953,121,115,0.0495868
36964,121,115,0.0495868
36975,121,115,0.0495868
36984,121,115,0.0495868
36995,121,115,0.0495868
37006,121,115,0.0495868
37018,121,115,0.0495868
37029,121,115,0.0495868
37038,121,115,0.0495868
37050,121,115,0.0495868
37060,121,115,0.0495868
37071,121,115,0.0495868
37082,121,115,0.0495868
37094,121,115,0.0495868
37102,121,115,0.0495868
37113,121,115,0.0495868
37124,121,115,0.0495868
37133,121,115,0.0495868
37144,121,115,0.0495868
37155,121,115,0.0495868
37164,121,115,0.0495868
37175,121,115,0.0495868
37185,121,115,0.0495868
37196,121,115,0.0495868
37206,121,115,0.0495868
37216,121,115,0.0495868
37227,121,115,0.0495868
37237,121,115,0.0495868
37249,121,115,0.0495868
37261,121,115,0.0495868
37272,121,115,0.0495868
37284,121,115,0.0495868
37294,121,115,0.0495868
37304,121,115,0.0495868
37315,121,115,0.0495868
37326,121,115,0.0495868
37337,121,115,0.0495868
37349,121,115,0.0495868
37361,121,115,0.0495868
37372,121,115,0.0495868
37383,121,115,0.0495868
37392,121,115,0.0495868
37401,121,115,0.0495868
37410,121,115,0.0495868
37421,121,115,0.0495868
37432,121,115,0.0495868
37444,121,115,0.0495868
37456,121,115,0.0495868
37467,121,115,0.0495868
37479,121,115,0.0495868
37491,121,115,0.0495868
37501,121,115,0.0495868
37513,121,115,0.0495868
37524,121,115,0.0495868
37536,121,115,0.0495868
37546,121,115,0.0495868
37557,121,115,0.0495868
37570,121,115,0.0495868
37581,121,115,0.0495868
37592,121,115,0.0495868
37603,121,115,0.0495868
37614,121,115,0.0495868
37625,121,115,0.0495868
37634,121,115,0.0495868
37643,121,115,0.0495868
37654,121,115,0.0495868
37665,121,115,0.0495868
37675,121,115,0.0495868
37685,121,115,0.0495868
37697,121,115,0.0495868
37708,121,115,0.0495868
37719,121,115,0.0495868
37730,121,115,0.0495868
37740,121,115,0.0495868
37751,121,115,0.0495868
37761,121,115,0.0495868
37771,121,115,0.0495868
37780,121,115,0.0495868
37791,121,115,0.0495868
37801,121,115,0.0495868
37812,121,115,0.0495868
37824,121,115,0.0495868
37835,121,115,0.0495868
37847,121,115,0.0495868
37867,121,115,0.0495868
37877,121,115,0.0495868
37889,121,115,0.0495868
37900,121,115,0.0495868
37910,121,115,0.0495868
37921,121,115,0.0495868
37932,121,115,0.0495868
37943,121,115,0.0495868
37954,121,115,0.0495868
37966,121,115,0.0495868
37975,121,115,0.0495868
37987,121,115,0.0495868
37996,121,115,0.0495868
38006,121,115,0.0495868
38016,121,115,0.0495868
38028,121,115,0.0495868
38039,121,115,0.0495868
38049,121,115,0.0495868
38061,121,115,0.0495868
38072,121,115,0.0495868
38081,121,115,0.0495868
38090,121,115,0.0495868
38101,121,115,0.0495868
38113,121,115,0.0495868
38124,121,115,0.0495868
38135,121,115,0.0495868
38147,121,115,0.0495868
38155,121,115,0.0495868
38166,121,115,0.0495868
38177,121,115,0.0495868
38188,121,115,0.0495868
38199,121,115,0.0495868
38208,121,115,0.0495868
38221,121,115,0.0495868
38232,121,115,0.0495868
38242,121,115,0.0495868
38255,121,115,0.0495868
38267,121,115,0.0495868
38279,121,115,0.0495868
38288,121,115,0.0495868
38299,121,115,0.0495868
38311,121,115,0.0495868
38321,121,115,0.0495868
38332,121,115,0.0495868
38343,121,115,0.0495868
38354,121,115,0.0495868
38366,121,115,0.0495868
38377,121,115,0.0495868
38386,121,115,0.0495868
38398,121,115,0.0495868
38409,121,115,0.0495868
38419,121,115,0.0495868
38427,121,115,0.0495868
38436,121,115,0.0495868
38446,121,115,0.0495868
38458,121,115,0.0495868
38471,121,115,0.0495868
38482,121,115,0.0495868
38494,121,115,0.0495868
38504,121,115,0.0495868
38516,121,115,0.0495868
38528,121,115,0.0495868
38539,121,115,0.0495868
38551,121,115,0.0495868
38563,121,115,0.0495868
38574,121,115,0.0495868
38584,121,115,0.0495868
38596,121,115,0.0495868
38608,121,115,0.0495868
38619,121,115,0.0495868
38631,121,115,0.0495868
38643,121,115,0.0495868
38655,121,115,0.0495868
38661,121,115,0.0495868
38672,121,115,0.0495868
38682,121,115,0.0495868
38694,121,115,0.0495868
38705,121,115,0.0495868
38717,121,115,0.0495868
38727,121,115,0.0495868
38739,121,115,0.0495868
38747,121,115,0.0495868
38758,121,115,0.0495868
38768,121,115,0.0495868
38779,121,115,0.0495868
38789,121,115,0.0495868
38800,121,115,0.0495868
38812,121,115,0.0495868
38822,121,115,0.0495868
38833,121,115,0.0495868
38842,121,115,0.0495868
38852,121,115,0.0495868
38863,121,115,0.0495868
38875,121,115,0.0495868
38885,121,115,0.0495868
38896,121,115,0.0495868
38905,121,115,0.0495868
38916,121,115,0.0495868
38926,121,115,0.0495868
38937,121,115,0.0495868
38949,121,115,0.0495868
38961,121,115,0.0495868
38972,121,115,0.0495868
38981,121,115,0.0495868
38993,121,115,0.0495868
39003,121,115,0.0495868
39014,121,115,0.0495868
39025,121,115,0.0495868
39037,121,115,0.0495868
39049,121,115,0.0495868
39060,121,115,0.0495868
39069,121,115,0.0495868
39078,121,115,0.0495868
39090,121,115,0.0495868
39102,121,115,0.0495868
39113,121,115,0.0495868
39124,121,115,0.0495868
39135,121,115,0.0495868
39145,121,115,0.0495868
39156,121,115,0.0495868
39168,121,115,0.0495868
39181,121,115,0.0495868
39192,121,115,0.0495868
39204,121,115,0.0495868
39212,121,115,0.0495868
39224,121,115,0.0495868
39236,121,115,0.0495868
39247,121,115,0.0495868
39259,121,115,0.0495868
39269,121,115,0.0495868
39279,121,115,0.0495868
39291,121,115,0.0495868
39303,121,115,0.0495868
39314,121,115,0.0495868
39325,121,115,0.0495868
39337,121,115,0.0495868
39349,121,115,0.0495868
39361,121,115,0.0495868
39373,121,115,0.0495868
39382,121,115,0.0495868
39394,121,115,0.0495868
39406,121,115,0.0495868
39418,121,115,0.0495868
39429,121,115,0.0495868
39441,121,115,0.0495868
39451,121,115,0.0495868
39464,121,115,0.0495868
39477,121,115,0.0495868
39488,121,115,0.0495868
39500,121,115,0.0495868
39511,121,115,0.0495868
39522,121,115,0.0495868
39534,121,115,0.0495868
39546,121,115,0.0495868
39556,121,115,0.0495868
39567,121,115,0.0495868
39579,121,115,0.0495868
39591,121,115,0.0495868
39603,121,115,0.0495868
39611,121,115,0.0495868
39623,121,115,0.0495868
39634,121,115,0.0495868
39647,121,115,0.0495868
39658,121,115,0.0495868
39669,121,115,0.0495868
39681,121,115,0.0495868
39692,121,115,0.0495868
39702,121,115,0.0495868
39714,121,115,0.0495868
39726,121,115,0.0495868
39736,121,115,0.0495868
39748,121,115,0.0495868
39760,121,115,0.0495868
39772,121,115,0.0495868
39784,121,115,0.0495868
39796,121,115,0.0495868
39807,121,115,0.0495868
39817,121,115,0.0495868
39826,121,115,0.0495868
39837,121,115,0.0495868
39850,121,115,0.0495868
39862,121,115,0.0495868
39874,121,115,0.0495868
39885,121,115,0.0495868
39895,121,115,0.0495868
39907,121,115,0.0495868
39918,121,115,0.0495868
39930,121,115,0.0495868
39942,121,115,0.0495868
39953,121,115,0.0495868
39965,121,115,0.0495868
39976,121,115,0.0495868
39988,121,115,0.0495868
40000,121,115,0.0495868
40012,121,115,0.0495868
40024,121,115,0.0495868
40034,121,115,0.0495868
40045,121,115,0.0495868
40055,121,115,0.0495868
40066,121,115,0.0495868
40076,121,115,0.0495868
40087,121,115,0.0495868
40100,121,115,0.0495868
40110,121,115,0.0495868
40120,121,115,0.0495868
40131,121,115,0.0495868
40143,121,115,0.0495868
40154,121,115,0.0495868
40165,121,115,0.0495868
40177,121,115,0.0495868
40186,121,115,0.0495868
40198,121,115,0.0495868
40209,121,115,0.0495868
40222,121,115,0.0495868
40236,121,115,0.0495868
40248,121,115,0.0495868
40260,121,115,0.0495868
40272,121,115,0.0495868
40284,121,115,0.0495868
40297,121,115,0.0495868
40309,121,115,0.0495868
40321,121,115,0.0495868
40333,121,115,0.0495868
40344,121,115,0.0495868
40355,121,115,0.0495868
40367,121,115,0.0495868
40379,121,115,0.0495868
40389,121,115,0.0495868
40397,121,115,0.0495868
40409,121,115,0.0495868
40421,121,115,0.0495868
40432,121,115,0.0495868
40445,121,115,0.0495868
40453,121,115,0.0495868
40467,121,115,0.0495868
40479,121,115,0.0495868
40492,121,115,0.0495868
40502,121,115,0.0495868
40514,121,115,0.0495868
40521,121,115,0.0495868
40533,121,115,0.0495868
40544,121,115,0.0495868
40556,121,115,0.0495868
40568,121,115,0.0495868
40579,121,115,0.0495868
40591,121,115,0.0495868
40602,121,115,0.0495868
40615,121,115,0.0495868
40627,121,115,0.0495868
40638,121,115,0.0495868
40649,121,115,0.0495868
40661,121,115,0.0495868
40672,121,115,0.0495868
40684,121,115,0.0495868
40696,121,115,0.0495868
40707,121,115,0.0495868
40719,121,115,0.0495868
40730,121,115,0.0495868
40742,121,115,0.0495868
40752,121,115,0.0495868
40765,121,115,0.0495868
40776,121,115,0.0495868
40787,121,115,0.0495868
40800,121,115,0.0495868
40811,121,115,0.0495868
40824,121,115,0.0495868
40835,121,115,0.0495868
40846,121,115,0.0495868
40859,121,115,0.0495868
40869,121,115,0.0495868
40881,121,115,0.0495868
40893,121,115,0.0495868
40905,121,115,0.0495868
40917,121,115,0.0495868
40929,121,115,0.0495868
40939,121,115,0.0495868
40949,121,115,0.0495868
40961,121,115,0.0495868
40973,121,115,0.0495868
40984,121,115,0.0495868
40995,121,115,0.0495868
41007,121,115,0.0495868
41019,121,115,0.0495868
41031,121,115,0.0495868
41042,121,115,0.0495868
41054,121,115,0.0495868
41067,121,115,0.0495868
41079,121,115,0.0495868
41090,121,115,0.0495868
41103,121,115,0.0495868
41115,121,115,0.0495868
41127,121,115,0.0495868
41138,121,115,0.0495868
41150,121,115,0.0495868
41162,121,115,0.0495868
41174,121,115,0.0495868
41186,121,115,0.0495868
41195,121,115,0.0495868
41207,121,115,0.0495868
41220,121,115,0.0495868
41234,121,115,0.0495868
41241,121,115,0.0495868
41253,121,115,0.0495868
41265,121,115,0.0495868
41278,121,115,0.0495868
41288,121,115,0.0495868
41299,121,115,0.0495868
41311,121,115,0.0495868
41322,121,115,0.0495868
41333,121,115,0.0495868
41346,121,115,0.0495868
41356,121,115,0.0495868
41368,121,115,0.0495868
41381,121,115,0.0495868
41393,121,115,0.0495868
41405,121,115,0.0495868
41417,121,115,0.0495868
41426,121,115,0.0495868
41438,121,115,0.0495868
41450,121,115,0.0495868
41464,121,115,0.0495868
41477,121,115,0.0495868
41489,121,115,0.0495868
41502,121,115,0.0495868
41514,121,115,0.0495868
41526,121,115,0.0495868
41538,121,115,0.0495868
41551,121,115,0.0495868
41561,121,115,0.0495868
41572,121,115,0.0495868
41584,121,115,0.0495868
41597,121,115,0.0495868
41609,121,115,0.0495868
41622,121,115,0.0495868
41632,121,115,0.0495868
41643,121,115,0.0495868
41656,121,115,0.0495868
41668,121,115,0.0495868
41679,121,115,0.0495868
41692,121,115,0.0495868
41705,121,115,0.0495868
41715,121,115,0.0495868
41726,121,115,0.0495868
41738,121,115,0.0495868
41749,121,115,0.0495868
41762,121,115,0.0495868
41773,121,115,0.0495868
41785,121,115,0.0495868
41798,121,115,0.0495868
41809,121,115,0.0495868
41821,121,115,0.0495868
41833,121,115,0.0495868
41847,121,115,0.0495868
41860,121,115,0.0495868
41872,121,115,0.0495868
41884,121,115,0.0495868
41896,121,115,0.0495868
41909,121,115,0.0495868
41921,121,115,0.0495868
41933,121,115,0.0495868
41945,121,115,0.0495868
41956,121,115,0.0495868
41967,121,115,0.0495868
41980,121,115,0.0495868
41991,121,115,0.0495868
42004,121,115,0.0495868
42014,121,115,0.0495868
42027,121,115,0.0495868
42037,121,115,0.0495868
42048,121,115,0.0495868
42061,121,115,0.0495868
42073,121,115,0.0495868
42086,121,115,0.0495868
42098,121,115,0.0495868
42111,121,115,0.0495868
42123,121,115,0.0495868
42136,121,115,0.0495868
42147,121,115,0.0495868
42160,121,115,0.0495868
42172,121,115,0.0495868
42184,121,115,0.0495868
42196,121,115,0.0495868
42208,121,115,0.0495868
42222,121,115,0.0495868
42234,121,115,0.0495868
42247,121,115,0.0495868
42260,121,115,0.0495868
42272,121,115,0.0495868
42285,121,115,0.0495868
42298,121,115,0.0495868
42310,121,115,0.0495868
42322,121,115,0.0495868
42335,121,115,0.0495868
42346,121,115,0.0495868
42356,121,115,0.0495868
42369,121,115,0.0495868
42381,121,115,0.0495868
42395,121,115,0.0495868
42407,121,115,0.0495868
42418,121,115,0.0495868
42431,121,115,0.0495868
42443,121,115,0.0495868
42455,121,115,0.0495868
42469,121,115,0.0495868
42481,121,115,0.0495868
42494,121,115,0.0495868
42507,121,115,0.0495868
42519,121,115,0.0495868
42532,121,115,0.0495868
42545,121,115,0.0495868
42558,121,115,0.0495868
42571,121,115,0.0495868
42583,121,115,0.0495868
42596,121,115,0.0495868
42609,121,115,0.0495868
42621,121,115,0.0495868
42633,121,115,0.0495868
42646,121,115,0.0495868
42659,121,115,0.0495868
42671,121,115,0.0495868
42685,121,115,0.0495868
42698,121,115,0.0495868
42709,121,115,0.0495868
42722,121,115,0.0495868
42734,121,115,0.0495868
42748,121,115,0.0495868
42758,121,115,0.0495868
42771,121,115,0.0495868
42781,121,115,0.0495868
42794,121,115,0.0495868
42805,121,115,0.0495868
42817,121,115,0.0495868
42829,121,115,0.0495868
42842,121,115,0.0495868
42853,121,115,0.0495868
42866,121,115,0.0495868
42879,121,115,0.0495868
42891,121,115,0.0495868
42903,121,115,0.0495868
42915,121,115,0.0495868
42926,121,115,0.0495868
42936,121,115,0.0495868
42949,121,115,0.0495868
42962,121,115,0.0495868
42973,121,115,0.0495868
42984,121,115,0.0495868
42995,121,115,0.0495868
43008,121,115,0.0495868
43020,121,115,0.0495868
43032,121,115,0.0495868
43045,121,115,0.0495868
43057,121,115,0.0495868
43070,121,115,0.0495868
43082,121,115,0.0495868
43094,121,115,0.0495868
43107,121,115,0.0495868
43119,121,115,0.0495868
43132,121,115,0.0495868
43144,121,115,0.0495868
43157,121,115,0.0495868
43168,121,115,0.0495868
43181,121,115,0.0495868
43192,121,115,0.0495868
43205,121,115,0.0495868
43217,121,115,0.0495868
43229,121,115,0.0495868
43242,121,115,0.0495868
43255,121,115,0.0495868
43267,121,115,0.0495868
43280,121,115,0.0495868
43291,121,115,0.0495868
43302,121,115,0.0495868
43316,121,115,0.0495868
43328,121,115,0.0495868
43341,121,115,0.0495868
43352,121,115,0.0495868
43362,121,115,0.0495868
43373,121,115,0.0495868
43386,121,115,0.0495868
43399,121,115,0.0495868
43411,121,115,0.0495868
43424,121,115,0.0495868
43435,121,115,0.0495868
43447,121,115,0.0495868
43462,121,115,0.0495868
43475,121,115,0.0495868
43488,121,115,0.0495868
43500,121,115,0.0495868
43511,121,115,0.0495868
43524,121,115,0.0495868
43551,121,115,0.0495868
43591,121,115,0.0495868
43607,121,115,0.0495868
43636,121,115,0.0495868
43671,121,115,0.0495868
43684,121,115,0.0495868
43694,121,115,0.0495868
43705,121,115,0.0495868
43716,121,115,0.0495868
43729,121,115,0.0495868
43741,121,115,0.0495868
43754,121,115,0.0495868
43767,121,115,0.0495868
43779,121,115,0.0495868
43792,121,115,0.0495868
43805,121,115,0.0495868
43817,121,115,0.0495868
43826,121,115,0.0495868
43839,121,115,0.0495868
43852,121,115,0.0495868
43865,121,115,0.0495868
43877,121,115,0.0495868
43887,121,115,0.0495868
43899,121,115,0.0495868
43912,121,115,0.0495868
43922,121,115,0.0495868
43936,121,115,0.0495868
43947,121,115,0.0495868
43971,121,115,0.0495868
43992,121,115,0.0495868
44005,121,115,0.0495868
44017,121,115,0.0495868
44029,121,115,0.0495868
44042,121,115,0.0495868
44054,121,115,0.0495868
44066,121,115,0.0495868
44079,121,115,0.0495868
44091,121,115,0.0495868
44104,121,115,0.0495868
44117,121,115,0.0495868
44129,121,115,0.0495868
44141,121,115,0.0495868
44177,121,115,0.0495868
44190,121,115,0.0495868
44205,121,115,0.0495868
44217,121,115,0.0495868
44229,121,115,0.0495868
44242,121,115,0.0495868
44256,121,115,0.0495868
44269,121,115,0.0495868
44281,121,115,0.0495868
44294,121,115,0.0495868
44307,121,115,0.0495868
44319,121,115,0.0495868
44328,121,115,0.0495868
44340,121,115,0.0495868
44353,121,115,0.0495868
44366,121,115,0.0495868
44378,121,115,0.0495868
44391,121,115,0.0495868
44404,121,115,0.0495868
44416,121,115,0.0495868
44430,121,115,0.0495868
44442,121,115,0.0495868
44458,121,115,0.0495868
44470,121,115,0.0495868
44483,121,115,0.0495868
44496,121,115,0.0495868
44509,121,115,0.0495868
44520,121,115,0.0495868
44533,121,115,0.0495868
44543,121,115,0.0495868
44556,121,115,0.0495868
44569,121,115,0.0495868
44582,121,115,0.0495868
44594,121,115,0.0495868
44604,121,115,0.0495868
44618,121,115,0.0495868
44630,121,115,0.0495868
44643,121,115,0.0495868
44656,121,115,0.0495868
44669,121,115,0.0495868
44681,121,115,0.0495868
44692,121,115,0.0495868
44704,121,115,0.0495868
44717,121,115,0.0495868
44727,121,115,0.0495868
44740,121,115,0.0495868
44754,121,115,0.0495868
44766,121,115,0.0495868
44780,121,115,0.0495868
44792,121,115,0.0495868
44805,121,115,0.0495868
44818,121,115,0.0495868
44831,121,115,0.0495868
44843,121,115,0.0495868
44856,121,115,0.0495868
44869,121,115,0.0495868
44883,121,115,0.0495868
44894,121,115,0.0495868
44906,121,115,0.0495868
44918,121,115,0.0495868
44929,121,115,0.0495868
44942,121,115,0.0495868
44955,121,115,0.0495868
44968,121,115,0.0495868
44982,121,115,0.0495868
44995,121,115,0.0495868
45008,121,115,0.0495868
45022,121,115,0.0495868
45033,121,115,0.0495868
45046,121,115,0.0495868
45057,121,115,0.0495868
45071,121,115,0.0495868
45082,121,115,0.0495868
45095,121,115,0.0495868
45109,121,115,0.0495868
45123,121,115,0.0495868
45134,121,115,0.0495868
45147,121,115,0.0495868
45161,121,115,0.0495868
45174,121,115,0.0495868
45187,121,115,0.0495868
45200,121,115,0.0495868
45215,121,115,0.0495868
45227,121,115,0.0495868
45241,121,115,0.0495868
45255,121,115,0.0495868
45267,121,115,0.0495868
45279,121,115,0.0495868
45292,121,115,0.0495868
45305,121,115,0.0495868
45318,121,115,0.0495868
45331,121,115,0.0495868
45345,121,115,0.0495868
45358,121,115,0.0495868
45370,121,115,0.0495868
45384,121,115,0.0495868
45396,121,115,0.0495868
45410,121,115,0.0495868
45420,121,115,0.0495868
45432,121,115,0.0495868
45444,121,115,0.0495868
45457,121,115,0.0495868
45473,121,115,0.0495868
45486,121,115,0.0495868
45499,121,115,0.0495868
45512,121,115,0.0495868
45525,121,115,0.0495868
45537,121,115,0.0495868
45550,121,115,0.0495868
45561,121,115,0.0495868
45573,121,115,0.0495868
45584,121,115,0.0495868
45597,121,115,0.0495868
45610,121,115,0.0495868
45624,121,115,0.0495868
45638,121,115,0.0495868
45651,121,115,0.0495868
45664,121,115,0.0495868
45678,121,115,0.0495868
45691,121,115,0.0495868
45704,121,115,0.0495868
45717,121,115,0.0495868
45730,121,115,0.0495868
45743,121,115,0.0495868
45754,121,115,0.0495868
45767,121,115,0.0495868
45781,121,115,0.0495868
45789,121,115,0.0495868
45802,121,115,0.0495868
45815,121,115,0.0495868
45828,121,115,0.0495868
45842,121,115,0.0495868
45854,121,115,0.0495868
45868,121,115,0.0495868
45881,121,115,0.0495868
45894,121,115,0.0495868
45904,121,115,0.0495868
45917,121,115,0.0495868
45931,121,115,0.0495868
45945,121,115,0.0495868
45958,121,115,0.0495868
45972,121,115,0.0495868
45986,121,115,0.0495868
45999,121,115,0.0495868
46012,121,115,0.0495868
46026,121,115,0.0495868
46039,121,115,0.0495868
46052,121,115,0.0495868
46066,121,115,0.0495868
46079,121,115,0.0495868
46093,121,115,0.0495868
46105,121,115,0.0495868
46117,121,115,0.0495868
46130,121,115,0.0495868
46144,121,115,0.0495868
46157,121,115,0.0495868
46169,121,115,0.0495868
46182,121,115,0.0495868
46194,121,115,0.0495868
46207,121,115,0.0495868
46220,121,115,0.0495868
46233,121,115,0.0495868
46246,121,115,0.0495868
46260,121,115,0.0495868
46274,121,115,0.0495868
46287,121,115,0.0495868
46300,121,115,0.0495868
46313,121,115,0.0495868
46327,121,115,0.0495868
46341,121,115,0.0495868
46353,121,115,0.0495868
46367,121,115,0.0495868
46381,121,115,0.0495868
46395,121,115,0.0495868
46409,121,115,0.0495868
46422,121,115,0.0495868
46434,121,115,0.0495868
46447,121,115,0.0495868
46461,121,115,0.0495868
46477,121,115,0.0495868
46490,121,115,0.0495868
46504,121,115,0.0495868
46518,121,115,0.0495868
46532,121,115,0.0495868
46546,121,115,0.0495868
46560,121,115,0.0495868
46574,121,115,0.0495868
46588,121,115,0.0495868
46602,121,115,0.0495868
46619,121,115,0.0495868
46633,121,115,0.0495868
46647,121,115,0.0495868
46660,121,115,0.0495868
46674,121,115,0.0495868
46688,121,115,0.0495868
46700,121,115,0.0495868
46713,121,115,0.0495868
46727,121,115,0.0495868
46741,121,115,0.0495868
46753,121,115,0.0495868
46767,121,115,0.0495868
46780,121,115,0.0495868
46794,121,115,0.0495868
46808,121,115,0.0495868
46822,121,115,0.0495868
46836,121,115,0.0495868
46850,121,115,0.0495868
46862,121,115,0.0495868
46874,121,115,0.0495868
46888,121,115,0.0495868
46902,121,115,0.0495868
46917,121,115,0.0495868
46930,121,115,0.0495868
46945,121,115,0.0495868
46958,121,115,0.0495868
46971,121,115,0.0495868
46985,121,115,0.0495868
46999,121,115,0.0495868
47013,121,115,0.0495868
47026,121,115,0.0495868
47040,121,115,0.0495868
47052,121,115,0.0495868
47065,121,115,0.0495868
47078,121,115,0.0495868
47092,121,115,0.0495868
47106,121,115,0.0495868
47120,121,115,0.0495868
47133,121,115,0.0495868
47147,121,115,0.0495868
47161,121,115,0.0495868
47174,121,115,0.0495868
47186,121,115,0.0495868
47199,121,115,0.0495868
47212,121,115,0.0495868
47225,121,115,0.0495868
47238,121,115,0.0495868
47254,121,115,0.0495868
47267,121,115,0.0495868
47281,121,115,0.0495868
47294,121,115,0.0495868
47308,121,115,0.0495868
47321,121,115,0.0495868
47334,121,115,0.0495868
47347,121,115,0.0495868
47360,121,115,0.0495868
47373,121,115,0.0495868
47386,121,115,0.0495868
47401,121,115,0.0495868
47415,121,115,0.0495868
47428,121,115,0.0495868
47440,121,115,0.0495868
47454,121,115,0.0495868
47468,121,115,0.0495868
47481,121,115,0.0495868
47496,121,115,0.0495868
47509,121,115,0.0495868
47522,121,115,0.0495868
47535,121,115,0.0495868
47547,121,115,0.0495868
47561,121,115,0.0495868
47574,121,115,0.0495868
47588,121,115,0.0495868
47602,121,115,0.0495868
47616,121,115,0.0495868
47630,121,115,0.0495868
47642,121,115,0.0495868
47656,121,115,0.0495868
47669,121,115,0.0495868
47683,121,115,0.0495868
47696,121,115,0.0495868
47710,121,115,0.0495868
47719,121,115,0.0495868
47732,121,115,0.0495868
47746,121,115,0.0495868
47760,121,115,0.0495868
47774,121,115,0.0495868
47787,121,115,0.0495868
47801,121,115,0.0495868
47815,121,115,0.0495868
47829,121,115,0.0495868
47841,121,115,0.0495868
47855,121,115,0.0495868
47867,121,115,0.0495868
47880,121,115,0.0495868
47895,121,115,0.0495868
47908,121,115,0.0495868
47922,121,115,0.0495868
47936,121,115,0.0495868
47948,121,115,0.0495868
47963,121,115,0.0495868
47977,121,115,0.0495868
47991,121,115,0.0495868
48004,121,115,0.0495868
48019,121,115,0.0495868
48033,121,115,0.0495868
48047,121,115,0.0495868
48060,121,115,0.0495868
48073,121,115,0.0495868
48087,121,115,0.0495868
48100,121,115,0.0495868
48113,121,115,0.0495868
48124,121,115,0.0495868
48139,121,115,0.0495868
48151,121,115,0.0495868
48164,121,115,0.0495868
48177,121,115,0.0495868
48191,121,115,0.0495868
48203,121,115,0.0495868
48216,121,115,0.0495868
48229,121,115,0.0495868
48246,121,115,0.0495868
48260,121,115,0.0495868
48273,121,115,0.0495868
48286,121,115,0.0495868
48301,121,115,0.0495868
48315,121,115,0.0495868
48328,121,115,0.0495868
48342,121,115,0.0495868
48356,121,115,0.0495868
48370,121,115,0.0495868
48384,121,115,0.0495868
48398,121,115,0.0495868
48410,121,115,0.0495868
48423,121,115,0.0495868
48435,121,115,0.0495868
48449,121,115,0.0495868
48462,121,115,0.0495868
48477,121,115,0.0495868
48491,121,115,0.0495868
48504,121,115,0.0495868
48518,121,115,0.0495868
48532,121,115,0.0495868
48545,121,115,0.0495868
48559,121,115,0.0495868
48572,121,115,0.0495868
48586,121,115,0.0495868
48600,121,115,0.0495868
48614,121,115,0.0495868
48629,121,115,0.0495868
48642,121,115,0.0495868
48657,121,115,0.0495868
48668,121,115,0.0495868
48682,121,115,0.0495868
48695,121,115,0.0495868
48709,121,115,0.0495868
48722,121,115,0.0495868
48735,121,115,0.0495868
48749,121,115,0.0495868
48763,121,115,0.0495868
48774,121,115,0.0495868
48787,121,115,0.0495868
48802,121,115,0.0495868
48814,121,115,0.0495868
48828,121,115,0.0495868
48839,121,115,0.0495868
48853,121,115,0.0495868
48866,121,115,0.0495868
48880,121,115,0.0495868
48892,121,115,0.0495868
48906,121,115,0.0495868
48918,121,115,0.0495868
48932,121,115,0.0495868
48946,121,115,0.0495868
48960,121,115,0.0495868
48973,121,115,0.0495868
48987,121,115,0.0495868
49001,121,115,0.0495868
49014,121,115,0.0495868
49028,121,115,0.0495868
49040,121,115,0.0495868
49053,121,115,0.0495868
49067,121,115,0.0495868
49077,121,115,0.0495868
49092,121,115,0.0495868
49106,121,115,0.0495868
49120,121,115,0.0495868
49132,121,115,0.0495868
49146,121,115,0.0495868
49160,121,115,0.0495868
49174,121,115,0.0495868
49188,121,115,0.0495868
49200,121,115,0.0495868
49214,121,115,0.0495868
49228,121,115,0.0495868
49244,121,115,0.0495868
49258,121,115,0.0495868
49271,121,115,0.0495868
49285,121,115,0.0495868
49299,121,115,0.0495868
49314,121,115,0.0495868
49326,121,115,0.0495868
49340,121,115,0.0495868
49354,121,115,0.0495868
49368,121,115,0.0495868
49381,121,115,0.0495868
49395,121,115,0.0495868
49409,121,115,0.0495868
49422,121,115,0.0495868
49435,121,115,0.0495868
49449,121,115,0.0495868
49464,121,115,0.0495868
49477,121,115,0.0495868
49489,121,115,0.0495868
49503,121,115,0.0495868
49517,121,115,0.0495868
49531,121,115,0.0495868
49545,121,115,0.0495868
49560,121,115,0.0495868
49573,121,115,0.0495868
49587,121,115,0.0495868
49601,121,115,0.0495868
49612,121,115,0.0495868
49625,121,115,0.0495868
49639,121,115,0.0495868
49653,121,115,0.0495868
49667,121,115,0.0495868
49680,121,115,0.0495868
49695,121,115,0.0495868
49709,121,115,0.0495868
49723,121,115,0.0495868
49737,121,115,0.0495868
49750,121,115,0.0495868
49765,121,115,0.0495868
49775,121,115,0.0495868
49789,121,115,0.0495868
49803,121,115,0.0495868
49817,121,115,0.0495868
49830,121,115,0.0495868
49845,121,115,0.0495868
49859,121,115,0.0495868
49873,121,115,0.0495868
49885,121,115,0.0495868
49899,121,115,0.0495868
49913,121,115,0.0495868
49927,121,115,0.0495868
49941,121,115,0.0495868
49952,121,115,0.0495868
49967,121,115,0.0495868
49981,121,115,0.0495868
49995,121,115,0.0495868
50010,121,115,0.0495868
50024,121,115,0.0495868
50038,121,115,0.0495868
50050,121,115,0.0495868
50063,121,115,0.0495868
50076,121,115,0.0495868
50090,121,115,0.0495868
50105,121,115,0.0495868
50119,121,115,0.0495868
50133,121,115,0.0495868
50147,121,115,0.0495868
50162,121,115,0.0495868
50177,121,115,0.0495868
50191,121,115,0.0495868
50204,121,115,0.0495868
50217,121,115,0.0495868
50231,121,115,0.0495868
50246,121,115,0.0495868
50260,121,115,0.0495868
50273,121,115,0.0495868
50284,121,115,0.0495868
50299,121,115,0.0495868
50311,121,115,0.0495868
50325,121,115,0.0495868
50338,121,115,0.0495868
50352,121,115,0.0495868
50367,121,115,0.0495868
50380,121,115,0.0495868
50393,121,115,0.0495868
50408,121,115,0.0495868
50423,121,115,0.0495868
50437,121,115,0.0495868
50452,121,115,0.0495868
50465,121,115,0.0495868
50479,121,115,0.0495868
50493,121,115,0.0495868
50507,121,115,0.0495868
50520,121,115,0.0495868
50533,121,115,0.0495868
50548,121,115,0.0495868
50561,121,115,0.0495868
50575,121,115,0.0495868
50586,121,115,0.0495868
50600,121,115,0.0495868
50613,121,115,0.0495868
50625,121,115,0.0495868
50639,121,115,0.0495868
50652,121,115,0.0495868
50664,121,115,0.0495868
50677,121,115,0.0495868
50690,121,115,0.0495868
50704,121,115,0.0495868
50718,121,115,0.0495868
50731,121,115,0.0495868
50745,121,115,0.0495868
50757,121,115,0.0495868
50770,121,115,0.0495868
50784,121,115,0.0495868
50798,121,115,0.0495868
50809,121,115,0.0495868
50822,121,115,0.0495868
50835,121,115,0.0495868
50848,121,115,0.0495868
50862,121,115,0.0495868
50873,121,115,0.0495868
50887,121,115,0.0495868
50900,121,115,0.0495868
50914,121,115,0.0495868
50927,121,115,0.0495868
50941,121,115,0.0495868
50953,121,115,0.0495868
50966,121,115,0.0495868
50979,121,115,0.0495868
50993,121,115,0.0495868
51005,121,115,0.0495868
51019,121,115,0.0495868
51032,121,115,0.0495868
51045,121,115,0.0495868
51058,121,115,0.0495868
51072,121,115,0.0495868
51084,121,115,0.0495868
51097,121,115,0.0495868
51110,121,115,0.0495868
51122,121,115,0.0495868
51136,121,115,0.0495868
51149,121,115,0.0495868
51164,121,115,0.0495868
51179,121,115,0.0495868
51193,121,115,0.0495868
51207,121,115,0.0495868
51219,121,115,0.0495868
51233,121,115,0.0495868
51246,121,115,0.0495868
51260,121,115,0.0495868
51274,121,115,0.0495868
51288,121,115,0.0495868
51301,121,115,0.0495868
51316,121,115,0.0495868
51330,121,115,0.0495868
51345,121,115,0.0495868
51358,121,115,0.0495868
51372,121,115,0.0495868
51384,121,115,0.0495868
51398,121,115,0.0495868
51411,121,115,0.0495868
51425,121,115,0.0495868
51440,121,115,0.0495868
51453,121,115,0.0495868
51466,121,115,0.0495868
51480,121,115,0.0495868
51493,121,115,0.0495868
51506,121,115,0.0495868
51519,121,115,0.0495868
51533,121,115,0.0495868
51547,121,115,0.0495868
51562,121,115,0.0495868
51577,121,115,0.0495868
51592,121,115,0.0495868
51603,121,115,0.0495868
51618,121,115,0.0495868
51632,121,115,0.0495868
51645,121,115,0.0495868
51658,121,115,0.0495868
51673,121,115,0.0495868
51688,121,115,0.0495868
51702,121,115,0.0495868
51715,121,115,0.0495868
51730,121,115,0.0495868
51744,121,115,0.0495868
51758,121,115,0.0495868
51772,121,115,0.0495868
51786,121,115,0.0495868
51798,121,115,0.0495868
51809,121,115,0.0495868
51823,121,115,0.0495868
51836,121,115,0.0495868
51850,121,115,0.0495868
51865,121,115,0.0495868
51876,121,115,0.0495868
51887,121,115,0.0495868
51902,121,115,0.0495868
51916,121,115,0.0495868
51930,121,115,0.0495868
51944,121,115,0.0495868
51959,121,115,0.0495868
51973,121,115,0.0495868
51989,121,115,0.0495868
52002,121,115,0.0495868
52015,121,115,0.0495868
52028,121,115,0.0495868
52042,121,115,0.0495868
52056,121,115,0.0495868
52070,121,115,0.0495868
52084,121,115,0.0495868
52099,121,115,0.0495868
52113,121,115,0.0495868
52127,121,115,0.0495868
52141,121,115,0.0495868
52155,121,115,0.0495868
52168,121,115,0.0495868
52180,121,115,0.0495868
52195,121,115,0.0495868
52209,121,115,0.0495868
52223,121,115,0.0495868
52240,121,115,0.0495868
52253,121,115,0.0495868
52267,121,115,0.0495868
52282,121,115,0.0495868
52297,121,115,0.0495868
52311,121,115,0.0495868
52328,121,115,0.0495868
52338,121,115,0.0495868
52352,121,115,0.0495868
52366,121,115,0.0495868
52381,121,115,0.0495868
52392,121,115,0.0495868
52406,121,115,0.0495868
52417,121,115,0.0495868
52430,121,115,0.0495868
52446,121,115,0.0495868
52460,121,115,0.0495868
52474,121,115,0.0495868
52488,121,115,0.0495868
52500,121,115,0.0495868
52514,121,115,0.0495868
52526,121,115,0.0495868
52539,121,115,0.0495868
52550,121,115,0.0495868
52564,121,115,0.0495868
52579,121,115,0.0495868
52594,121,115,0.0495868
52606,121,115,0.0495868
52621,121,115,0.0495868
52636,121,115,0.0495868
52650,121,115,0.0495868
52665,121,115,0.0495868
52679,121,115,0.0495868
52693,121,115,0.0495868
52707,121,115,0.0495868
52721,121,115,0.0495868
52735,121,115,0.0495868
52746,121,115,0.0495868
52761,121,115,0.0495868
52773,121,115,0.0495868
52788,121,115,0.0495868
52803,121,115,0.0495868
52815,121,115,0.0495868
52829,121,115,0.0495868
52844,121,115,0.0495868
52858,121,115,0.0495868
52871,121,115,0.0495868
52884,121,115,0.0495868
52898,121,115,0.0495868
52912,121,115,0.0495868
52927,121,115,0.0495868
52939,121,115,0.0495868
52953,121,115,0.0495868
52966,121,115,0.0495868
52983,121,115,0.0495868
52998,121,115,0.0495868
53012,121,115,0.0495868
53027,121,115,0.0495868
53041,121,115,0.0495868
53054,121,115,0.0495868
53067,121,115,0.0495868
53082,121,115,0.0495868
53096,121,115,0.0495868
53110,121,115,0.0495868
53124,121,115,0.0495868
53139,121,115,0.0495868
53153,121,115,0.0495868
53168,121,115,0.0495868
53182,121,115,0.0495868
53194,121,115,0.0495868
53208,121,115,0.0495868
53223,121,115,0.0495868
53239,121,115,0.0495868
53253,121,115,0.0495868
53267,121,115,0.0495868
53281,121,115,0.0495868
53295,121,115,0.0495868
53310,121,115,0.0495868
53324,121,115,0.0495868
53339,121,115,0.0495868
53354,121,115,0.0495868
53368,121,115,0.0495868
53380,121,115,0.0495868
53393,121,115,0.0495868
53407,121,115,0.0495868
53421,121,115,0.0495868
53437,121,115,0.0495868
53451,121,115,0.0495868
53467,121,115,0.0495868
53482,121,115,0.0495868
53497,121,115,0.0495868
53510,121,115,0.0495868
53524,121,115,0.0495868
53538,121,115,0.0495868
53552,121,115,0.0495868
53565,121,115,0.0495868
53579,121,115,0.0495868
53592,121,115,0.0495868
53608,121,115,0.0495868
53619,121,115,0.0495868
53632,121,115,0.0495868
53646,121,115,0.0495868
53659,121,115,0.0495868
53674,121,115,0.0495868
53688,121,115,0.0495868
53700,121,115,0.0495868
53713,121,115,0.0495868
53728,121,115,0.0495868
53742,121,115,0.0495868
53756,121,115,0.0495868
53772,121,115,0.0495868
53787,121,115,0.0495868
53803,121,115,0.0495868
53816,121,115,0.0495868
53831,121,115,0.0495868
53845,121,115,0.0495868
53859,121,115,0.0495868
53874,121,115,0.0495868
53888,121,115,0.0495868
53902,121,115,0.0495868
53917,121,115,0.0495868
53931,121,115,0.0495868
53946,121,115,0.0495868
53960,121,115,0.0495868
53975,121,115,0.0495868
53989,121,115,0.0495868
54003,121,115,0.0495868
54017,121,115,0.0495868
54029,121,115,0.0495868
54044,121,115,0.0495868
54058,121,115,0.0495868
54072,121,115,0.0495868
54086,121,115,0.0495868
54101,121,115,0.0495868
54116,121,115,0.0495868
54129,121,115,0.0495868
54143,121,115,0.0495868
54158,121,115,0.0495868
54169,121,115,0.0495868
54184,121,115,0.0495868
54201,121,115,0.0495868
54216,121,115,0.0495868
54231,121,115,0.0495868
54244,121,115,0.0495868
54258,121,115,0.0495868
54273,121,115,0.0495868
54286,121,115,0.0495868
54300,121,115,0.0495868
54313,121,115,0.0495868
54327,121,115,0.0495868
54342,121,115,0.0495868
54357,121,115,0.0495868
54370,121,115,0.0495868
54381,121,115,0.0495868
54395,121,115,0.0495868
54408,121,115,0.0495868
54417,121,115,0.0495868
54431,121,115,0.0495868
54445,121,115,0.0495868
54461,121,115,0.0495868
54475,121,115,0.0495868
54489,121,115,0.0495868
54503,121,115,0.0495868
54516,121,115,0.0495868
54530,121,115,0.0495868
54544,121,115,0.0495868
54557,121,115,0.0495868
54571,121,115,0.0495868
54586,121,115,0.0495868
54601,121,115,0.0495868
54614,121,115,0.0495868
54628,121,115,0.0495868
54643,121,115,0.0495868
54658,121,115,0.0495868
54669,121,115,0.0495868
54684,121,115,0.0495868
54698,121,115,0.0495868
54712,121,115,0.0495868
54727,121,115,0.0495868
54741,121,115,0.0495868
54755,121,115,0.0495868
54769,121,115,0.0495868
54784,121,115,0.0495868
54800,121,115,0.0495868
54812,121,115,0.0495868
54827,121,115,0.0495868
54839,121,115,0.0495868
54851,121,115,0.0495868
54865,121,115,0.0495868
54877,121,115,0.0495868
54892,121,115,0.0495868
54906,121,115,0.0495868
54922,121,115,0.0495868
54934,121,115,0.0495868
54948,121,115,0.0495868
54963,121,115,0.0495868
54977,121,115,0.0495868
54992,121,115,0.0495868
55006,121,115,0.0495868
55022,121,115,0.0495868
55036,121,115,0.0495868
55051,121,115,0.0495868
55061,121,115,0.0495868
55075,121,115,0.0495868
55090,121,115,0.0495868
55103,121,115,0.0495868
55116,121,115,0.0495868
55127,121,115,0.0495868
55142,121,115,0.0495868
55157,121,115,0.0495868
55170,121,115,0.0495868
55184,121,115,0.0495868
55198,121,115,0.0495868
55212,121,115,0.0495868
55227,121,115,0.0495868
55242,121,115,0.0495868
55259,121,115,0.0495868
55273,121,115,0.0495868
55286,121,115,0.0495868
55301,121,115,0.0495868
55316,121,115,0.0495868
55328,121,115,0.0495868
55343,121,115,0.0495868
55356,121,115,0.0495868
55369,121,115,0.0495868
55384,121,115,0.0495868
55399,121,115,0.0495868
55414,121,115,0.0495868
55427,121,115,0.0495868
55441,121,115,0.0495868
55454,121,115,0.0495868
55471,121,115,0.0495868
55486,121,115,0.0495868
55500,121,115,0.0495868
55513,121,115,0.0495868
55525,121,115,0.0495868
55541,121,115,0.0495868
55555,121,115,0.0495868
55570,121,115,0.0495868
55584,121,115,0.0495868
55598,121,115,0.0495868
55613,121,115,0.0495868
55627,121,115,0.0495868
55642,121,115,0.0495868
55655,121,115,0.0495868
55670,121,115,0.0495868
55683,121,115,0.0495868
55697,121,115,0.0495868
55709,121,115,0.0495868
55724,121,115,0.0495868
55738,121,115,0.0495868
55753,121,115,0.0495868
55764,121,115,0.0495868
55776,121,115,0.0495868
55792,121,115,0.0495868
55807,121,115,0.0495868
55821,121,115,0.0495868
55835,121,115,0.0495868
55849,121,115,0.0495868
55862,121,115,0.0495868
55875,121,115,0.0495868
55888,121,115,0.0495868
55902,121,115,0.0495868
55917,121,115,0.0495868
55929,121,115,0.0495868
55943,121,115,0.0495868
55957,121,115,0.0495868
55971,121,115,0.0495868
55986,121,115,0.0495868
56000,121,115,0.0495868
56013,121,115,0.0495868
56028,121,115,0.0495868
56043,121,115,0.0495868
56058,121,115,0.0495868
56072,121,115,0.0495868
56088,121,115,0.0495868
56102,121,115,0.0495868
56117,121,115,0.0495868
56131,121,115,0.0495868
56144,121,115,0.0495868
56158,121,115,0.0495868
56172,121,115,0.0495868
56185,121,115,0.0495868
56200,121,115,0.0495868
56214,121,115,0.0495868
56228,121,115,0.0495868
56245,121,115,0.0495868
56258,121,115,0.0495868
56272,121,115,0.0495868
56286,121,115,0.0495868
56301,121,115,0.0495868
56315,121,115,0.0495868
56329,121,115,0.0495868
56344,121,115,0.0495868
56359,121,115,0.0495868
56373,121,115,0.0495868
56385,121,115,0.0495868
56399,121,115,0.0495868
56413,121,115,0.0495868
56427,121,115,0.0495868
56442,121,115,0.0495868
56455,121,115,0.0495868
56471,121,115,0.0495868
56486,121,115,0.0495868
56500,121,115,0.0495868
56515,121,115,0.0495868
56530,121,115,0.0495868
56544,121,115,0.0495868
56560,121,115,0.0495868
56575,121,115,0.0495868
56589,121,115,0.0495868
56604,121,115,0.0495868
56618,121,115,0.0495868
56631,121,115,0.0495868
56645,121,115,0.0495868
56661,121,115,0.0495868
56675,121,115,0.0495868
56690,121,115,0.0495868
56704,121,115,0.0495868
56719,121,115,0.0495868
56734,121,115,0.0495868
56747,121,115,0.0495868
56761,121,115,0.0495868
56776,121,115,0.0495868
56791,121,115,0.0495868
56805,121,115,0.0495868
56820,121,115,0.0495868
56832,121,115,0.0495868
56847,121,115,0.0495868
56860,121,115,0.0495868
56876,121,115,0.0495868
56890,121,115,0.0495868
56903,121,115,0.0495868
56918,121,115,0.0495868
56934,121,115,0.0495868
56949,121,115,0.0495868
56962,121,115,0.0495868
56975,121,115,0.0495868
56991,121,115,0.0495868
57006,121,115,0.0495868
57020,121,115,0.0495868
57035,121,115,0.0495868
57050,121,115,0.0495868
57065,121,115,0.0495868
57080,121,115,0.0495868
57095,121,115,0.0495868
57110,121,115,0.0495868
57124,121,115,0.0495868
57138,121,115,0.0495868
57153,121,115,0.0495868
57167,121,115,0.0495868
57182,121,115,0.0495868
57197,121,115,0.0495868
57209,121,115,0.0495868
57223,121,115,0.0495868
57240,121,115,0.0495868
57255,121,115,0.0495868
57270,121,115,0.0495868
57282,121,115,0.0495868
57296,121,115,0.0495868
57312,121,115,0.0495868
57326,121,115,0.0495868
57341,121,115,0.0495868
57356,121,115,0.0495868
57370,121,115,0.0495868
57383,121,115,0.0495868
57397,121,115,0.0495868
57410,121,115,0.0495868
57425,121,115,0.0495868
57440,121,115,0.0495868
57456,121,115,0.0495868
57470,121,115,0.0495868
57484,121,115,0.0495868
57500,121,115,0.0495868
57514,121,115,0.0495868
57530,121,115,0.0495868
57544,121,115,0.0495868
57557,121,115,0.0495868
57570,121,115,0.0495868
57585,121,115,0.0495868
57599,121,115,0.0495868
57614,121,115,0.0495868
57628,121,115,0.0495868
57644,121,115,0.0495868
57658,121,115,0.0495868
57673,121,115,0.0495868
57686,121,115,0.0495868
57699,121,115,0.0495868
57714,121,115,0.0495868
57729,121,115,0.0495868
57744,121,115,0.0495868
57758,121,115,0.0495868
57773,121,115,0.0495868
57788,121,115,0.0495868
57802,121,115,0.0495868
57815,121,115,0.0495868
57828,121,115,0.0495868
57842,121,115,0.0495868
57856,121,115,0.0495868
57867,121,115,0.0495868
57882,121,115,0.0495868
57896,121,115,0.0495868
57911,121,115,0.0495868
57926,121,115,0.0495868
57940,121,115,0.0495868
57955,121,115,0.0495868
57970,121,115,0.0495868
57984,121,115,0.0495868
57999,121,115,0.0495868
58014,121,115,0.0495868
58028,121,115,0.0495868
58042,121,115,0.0495868
58055,121,115,0.0495868
58068,121,115,0.0495868
58081,121,115,0.0495868
58094,121,115,0.0495868
58110,121,115,0.0495868
58125,121,115,0.0495868
58139,121,115,0.0495868
58153,121,115,0.0495868
58168,121,115,0.0495868
58183,121,115,0.0495868
58197,121,115,0.0495868
58211,121,115,0.0495868
58228,121,115,0.0495868
58243,121,115,0.0495868
58257,121,115,0.0495868
58271,121,115,0.0495868
58286,121,115,0.0495868
58301,121,115,0.0495868
58317,121,115,0.0495868
58331,121,115,0.0495868
58342,121,115,0.0495868
58356,121,115,0.0495868
58371,121,115,0.0495868
58385,121,115,0.0495868
58401,121,115,0.0495868
58416,121,115,0.0495868
58430,121,115,0.0495868
58443,121,115,0.0495868
58457,121,115,0.0495868
58473,121,115,0.0495868
58487,121,115,0.0495868
58501,121,115,0.0495868
58516,121,115,0.0495868
58531,121,115,0.0495868
58544,121,115,0.0495868
58559,121,115,0.0495868
58573,121,115,0.0495868
58588,121,115,0.0495868
58601,121,115,0.0495868
58614,121,115,0.0495868
58628,121,115,0.0495868
58646,121,115,0.0495868
58660,121,115,0.0495868
58675,121,115,0.0495868
58688,121,115,0.0495868
58704,121,115,0.0495868
58718,121,115,0.0495868
58734,121,115,0.0495868
58749,121,115,0.0495868
58762,121,115,0.0495868
58777,121,115,0.0495868
58792,121,115,0.0495868
58807,121,115,0.0495868
58821,121,115,0.0495868
58836,121,115,0.0495868
58851,121,115,0.0495868
58863,121,115,0.0495868
58878,121,115,0.0495868
58893,121,115,0.0495868
58909,121,115,0.0495868
58923,121,115,0.0495868
58939,121,115,0.0495868
58950,121,115,0.0495868
58966,121,115,0.0495868
58982,121,115,0.0495868
58997,121,115,0.0495868
59011,121,115,0.0495868
59022,121,115,0.0495868
59037,121,115,0.0495868
59052,121,115,0.0495868
59067,121,115,0.0495868
59080,121,115,0.0495868
59094,121,115,0.0495868
59107,121,115,0.0495868
59120,121,115,0.0495868
59134,121,115,0.0495868
59149,121,115,0.0495868
59163,121,115,0.0495868
59176,121,115,0.0495868
59191,121,115,0.0495868
59206,121,115,0.0495868
59220,121,115,0.0495868
59235,121,115,0.0495868
59253,121,115,0.0495868
59267,121,115,0.0495868
59282,121,115,0.0495868
59296,121,115,0.0495868
59312,121,115,0.0495868
59326,121,115,0.0495868
59339,121,115,0.0495868
59354,121,115,0.0495868
59370,121,115,0.0495868
59384,121,115,0.0495868
59398,121,115,0.0495868
59414,121,115,0.0495868
59427,121,115,0.0495868
59441,121,115,0.0495868
59456,121,115,0.0495868
59471,121,115,0.0495868
59486,121,115,0.0495868
59502,121,115,0.0495868
59517,121,115,0.0495868
59533,121,115,0.0495868
59548,121,115,0.0495868
59560,121,115,0.0495868
59574,121,115,0.0495868
59586,121,115,0.0495868
59602,121,115,0.0495868
59617,121,115,0.0495868
59629,121,115,0.0495868
59644,121,115,0.0495868
59657,121,115,0.0495868
59670,121,115,0.0495868
59685,121,115,0.0495868
59698,121,115,0.0495868
59713,121,115,0.0495868
59729,121,115,0.0495868
59743,121,115,0.0495868
59751,121,115,0.0495868
59765,121,115,0.0495868
59780,121,115,0.0495868
59794,121,115,0.0495868
59809,121,115,0.0495868
59822,121,115,0.0495868
59837,121,115,0.0495868
59850,121,115,0.0495868
59866,121,115,0.0495868
59882,121,115,0.0495868
59895,121,115,0.0495868
59910,121,115,0.0495868
59923,121,115,0.0495868
59938,121,115,0.0495868
59951,121,115,0.0495868
59964,121,115,0.0495868
59979,121,115,0.0495868
59992,121,115,0.0495868
60110,121,115,0.0495868
