time_ms,ub,lb,gap
6,,60,
6,66,60,0.0909091
6,66,60,0.0909091
7,66,60,0.0909091
8,66,60,0.0909091
8,65,60,0.0769231
9,65,60,0.0769231
10,65,60,0.0769231
10,65,60,0.0769231
11,65,60,0.0769231
12,65,60,0.0769231
12,65,60,0.0769231
13,65,60,0.0769231
13,65,60,0.0769231
14,65,60,0.0769231
15,65,60,0.0769231
15,65,60,0.0769231
16,65,60,0.0769231
16,65,60,0.0769231
17,65,60,0.0769231
17,65,60,0.0769231
18,65,60,0.0769231
19,65,60,0.0769231
19,65,60,0.0769231
20,65,60,0.0769231
20,65,60,0.0769231
21,64,60,0.0625
21,64,60,0.0625
21,64,60,0.0625
22,64,60,0.0625
22,64,60,0.0625
22,64,60,0.0625
23,64,60,0.0625
23,64,60,0.0625
24,64,60,0.0625
24,64,60,0.0625
25,64,60,0.0625
25,64,60,0.0625
26,64,60,0.0625
26,63,60,0.047619
26,63,60,0.047619
26,63,60,0.047619
26,63,60,0.047619
27,63,60,0.047619
27,63,60,0.047619
28,63,60,0.047619
28,63,60,0.047619
29,63,60,0.047619
29,63,60,0.047619
30,63,60,0.047619
30,63,60,0.047619
30,63,60,0.047619
31,63,60,0.047619
31,63,60,0.047619
32,63,60,0.047619
32,63,60,0.047619
32,63,60,0.047619
33,63,60,0.047619
33,63,60,0.047619
34,63,60,0.047619
34,63,60,0.047619
35,63,60,0.047619
35,63,60,0.047619
36,63,60,0.047619
36,63,60,0.047619
37,63,60,0.047619
37,63,60,0.047619
37,63,60,0.047619
38,63,60,0.047619
38,63,60,0.047619
39,63,60,0.047619
39,63,60,0.047619
40,63,60,0.047619
40,63,60,0.047619
41,63,60,0.047619
41,63,60,0.047619
42,63,60,0.047619
42,63,60,0.047619
43,63,60,0.047619
44,63,60,0.047619
45,63,60,0.047619
45,63,60,0.047619
46,63,60,0.047619
46,63,60,0.047619
47,63,60,0.047619
47,63,60,0.047619
47,63,60,0.047619
48,63,60,0.047619
48,63,60,0.047619
49,63,60,0.047619
49,63,60,0.047619
50,63,60,0.047619
50,63,60,0.047619
51,63,60,0.047619
51,63,60,0.047619
52,63,60,0.047619
52,63,60,0.047619
52,63,60,0.047619
53,63,60,0.047619
53,63,60,0.047619
54,63,60,0.047619
54,63,60,0.047619
55,63,60,0.047619
55,63,60,0.047619
56,63,60,0.047619
56,63,60,0.047619
57,63,60,0.047619
57,63,60,0.047619
58,63,60,0.047619
58,63,60,0.047619
59,63,60,0.047619
59,63,60,0.047619
60,63,60,0.047619
60,63,60,0.047619
61,63,60,0.047619
61,63,60,0.047619
62,63,60,0.047619
62,63,60,0.047619
62,63,60,0.047619
63,63,60,0.047619
64,63,60,0.047619
64,63,60,0.047619
64,63,60,0.047619
65,63,60,0.047619
65,63,60,0.047619
66,63,60,0.047619
66,63,60,0.047619
67,63,60,0.047619
67,63,60,0.047619
68,63,60,0.047619
68,63,60,0.047619
69,63,60,0.047619
69,63,60,0.047619
70,63,60,0.047619
70,63,60,0.047619
71,63,60,0.047619
72,63,60,0.047619
72,63,60,0.047619
73,63,60,0.047619
74,63,60,0.047619
74,63,60,0.047619
75,63,60,0.047619
76,63,60,0.047619
76,63,60,0.047619
77,63,60,0.047619
78,63,60,0.047619
79,63,60,0.047619
79,63,60,0.047619
80,63,60,0.047619
80,63,60,0.047619
81,63,60,0.047619
81,63,60,0.047619
82,63,60,0.047619
83,63,60,0.047619
83,63,60,0.047619
84,63,60,0.047619
84,63,60,0.047619
85,63,60,0.047619
86,63,60,0.047619
86,63,60,0.047619
87,63,60,0.047619
87,63,60,0.047619
88,63,60,0.047619
89,63,60,0.047619
90,63,60,0.047619
90,63,60,0.047619
91,63,60,0.047619
91,63,60,0.047619
92,63,60,0.047619
92,63,60,0.047619
93,63,60,0.047619
94,63,60,0.047619
94,63,60,0.047619
95,63,60,0.047619
95,63,60,0.047619
96,63,60,0.047619
96,63,60,0.047619
97,63,60,0.047619
97,63,60,0.047619
98,63,60,0.047619
99,63,60,0.047619
99,63,60,0.047619
100,63,60,0.047619
100,63,60,0.047619
101,63,60,0.047619
101,63,60,0.047619
102,63,60,0.047619
102,63,60,0.047619
103,63,60,0.047619
104,63,60,0.047619
104,63,60,0.047619
105,63,60,0.047619
106,63,60,0.047619
107,63,60,0.047619
107,63,60,0.047619
108,63,60,0.047619
109,63,60,0.047619
110,63,60,0.047619
110,63,60,0.047619
111,63,60,0.047619
111,63,60,0.047619
112,63,60,0.047619
112,63,60,0.047619
113,63,60,0.047619
114,63,60,0.047619
114,63,60,0.047619
115,63,60,0.047619
115,63,60,0.047619
116,63,60,0.047619
117,63,60,0.047619
117,63,60,0.047619
118,63,60,0.047619
118,63,60,0.047619
119,63,60,0.047619
120,63,60,0.047619
120,63,60,0.047619
121,63,60,0.047619
121,63,60,0.047619
122,63,60,0.047619
123,63,60,0.047619
124,63,60,0.047619
125,63,60,0.047619
125,63,60,0.047619
126,63,60,0.047619
126,63,60,0.047619
127,63,60,0.047619
128,63,60,0.047619
128,63,60,0.047619
129,63,60,0.047619
129,63,60,0.047619
130,63,60,0.047619
130,63,60,0.047619
131,63,60,0.047619
132,63,60,0.047619
132,63,60,0.047619
133,63,60,0.047619
133,63,60,0.047619
134,63,60,0.047619
134,63,60,0.047619
135,63,60,0.047619
135,63,60,0.047619
136,63,60,0.047619
137,63,60,0.047619
137,63,60,0.047619
138,63,60,0.047619
138,63,60,0.047619
139,63,60,0.047619
140,63,60,0.047619
141,63,60,0.047619
141,63,60,0.047619
142,63,60,0.047619
142,63,60,0.047619
143,63,60,0.047619
144,63,60,0.047619
144,63,60,0.047619
145,63,60,0.047619
145,63,60,0.047619
146,63,60,0.047619
146,63,60,0.047619
147,63,60,0.047619
148,63,60,0.047619
148,63,60,0.047619
149,63,60,0.047619
149,63,60,0.047619
150,63,60,0.047619
151,63,60,0.047619
151,63,60,0.047619
152,63,60,0.047619
152,63,60,0.047619
153,63,60,0.047619
153,63,60,0.047619
154,63,60,0.047619
155,63,60,0.047619
155,63,60,0.047619
156,63,60,0.047619
157,63,60,0.047619
157,63,60,0.047619
158,63,60,0.047619
158,63,60,0.047619
159,63,60,0.047619
159,63,60,0.047619
160,63,60,0.047619
160,63,60,0.047619
161,63,60,0.047619
162,63,60,0.047619
162,63,60,0.047619
163,63,60,0.047619
163,63,60,0.047619
164,63,60,0.047619
165,63,60,0.047619
165,63,60,0.047619
166,63,60,0.047619
166,63,60,0.047619
167,63,60,0.047619
168,63,60,0.047619
168,63,60,0.047619
169,63,60,0.047619
169,63,60,0.047619
170,63,60,0.047619
170,63,60,0.047619
171,63,60,0.047619
172,63,60,0.047619
172,63,60,0.047619
173,63,60,0.047619
173,63,60,0.047619
174,63,60,0.047619
175,63,60,0.047619
175,63,60,0.047619
176,63,60,0.047619
177,63,60,0.047619
177,63,60,0.047619
178,63,60,0.047619
178,63,60,0.047619
179,63,60,0.047619
180,63,60,0.047619
180,63,60,0.047619
181,63,60,0.047619
181,63,60,0.047619
182,63,60,0.047619
182,63,60,0.047619
183,63,60,0.047619
184,63,60,0.047619
184,63,60,0.047619
185,63,60,0.047619
185,63,60,0.047619
186,63,60,0.047619
186,63,60,0.047619
187,63,60,0.047619
188,63,60,0.047619
188,63,60,0.047619
189,63,60,0.047619
189,63,60,0.047619
190,63,60,0.047619
191,63,60,0.047619
192,63,60,0.047619
192,63,60,0.047619
193,63,60,0.047619
194,63,60,0.047619
194,63,60,0.047619
195,63,60,0.047619
195,63,60,0.047619
196,63,60,0.047619
196,63,60,0.047619
197,63,60,0.047619
198,63,60,0.047619
198,63,60,0.047619
199,63,60,0.047619
200,63,60,0.047619
200,63,60,0.047619
201,63,60,0.047619
201,63,60,0.047619
202,63,60,0.047619
203,63,60,0.047619
203,63,60,0.047619
204,63,60,0.047619
205,63,60,0.047619
205,63,60,0.047619
206,63,60,0.047619
207,63,60,0.047619
207,63,60,0.047619
208,63,60,0.047619
208,63,60,0.047619
209,63,60,0.047619
210,63,60,0.047619
210,63,60,0.047619
211,63,60,0.047619
211,63,60,0.047619
212,63,60,0.047619
213,63,60,0.047619
213,63,60,0.047619
214,63,60,0.047619
215,63,60,0.047619
215,63,60,0.047619
216,63,60,0.047619
217,63,60,0.047619
218,63,60,0.047619
218,63,60,0.047619
219,63,60,0.047619
220,63,60,0.047619
220,63,60,0.047619
221,63,60,0.047619
222,63,60,0.047619
222,63,60,0.047619
223,63,60,0.047619
224,63,60,0.047619
225,63,60,0.047619
226,63,60,0.047619
227,63,60,0.047619
228,63,60,0.047619
228,63,60,0.047619
229,63,60,0.047619
230,63,60,0.047619
231,63,60,0.047619
231,63,60,0.047619
232,63,60,0.047619
233,63,60,0.047619
233,63,60,0.047619
234,63,60,0.047619
235,63,60,0.047619
236,63,60,0.047619
237,63,60,0.047619
238,63,60,0.047619
238,63,60,0.047619
239,63,60,0.047619
240,63,60,0.047619
240,63,60,0.047619
241,63,60,0.047619
242,63,60,0.047619
243,63,60,0.047619
244,63,60,0.047619
245,63,60,0.047619
246,63,60,0.047619
247,63,60,0.047619
247,63,60,0.047619
248,63,60,0.047619
250,63,60,0.047619
251,63,60,0.047619
251,63,60,0.047619
252,63,60,0.047619
253,63,60,0.047619
254,63,60,0.047619
255,63,60,0.047619
255,63,60,0.047619
256,63,60,0.047619
257,63,60,0.047619
257,63,60,0.047619
258,63,60,0.047619
259,63,60,0.047619
260,63,60,0.047619
261,63,60,0.047619
262,63,60,0.047619
262,63,60,0.047619
263,63,60,0.047619
264,63,60,0.047619
264,63,60,0.047619
265,63,60,0.047619
266,63,60,0.047619
266,63,60,0.047619
267,63,60,0.047619
267,63,60,0.047619
268,63,60,0.047619
269,63,60,0.047619
269,63,60,0.047619
270,63,60,0.047619
271,63,60,0.047619
271,63,60,0.047619
272,63,60,0.047619
273,63,60,0.047619
273,63,60,0.047619
274,63,60,0.047619
275,63,60,0.047619
275,63,60,0.047619
276,63,60,0.047619
277,63,60,0.047619
277,63,60,0.047619
278,63,60,0.047619
278,63,60,0.047619
279,63,60,0.047619
280,63,60,0.047619
281,63,60,0.047619
282,63,60,0.047619
282,63,60,0.047619
283,63,60,0.047619
284,63,60,0.047619
284,63,60,0.047619
285,63,60,0.047619
286,63,60,0.047619
287,63,60,0.047619
288,63,60,0.047619
289,63,60,0.047619
289,63,60,0.047619
290,63,60,0.047619
291,63,60,0.047619
292,63,60,0.047619
293,63,60,0.047619
293,63,60,0.047619
294,63,60,0.047619
295,63,60,0.047619
295,63,60,0.047619
296,63,60,0.047619
297,63,60,0.047619
297,63,60,0.047619
298,63,60,0.047619
298,63,60,0.047619
299,63,60,0.047619
300,63,60,0.047619
300,63,60,0.047619
301,63,60,0.047619
302,63,60,0.047619
302,63,60,0.047619
303,63,60,0.047619
304,63,60,0.047619
304,63,60,0.047619
305,63,60,0.047619
306,63,60,0.047619
306,63,60,0.047619
307,63,60,0.047619
308,63,60,0.047619
308,63,60,0.047619
309,63,60,0.047619
309,63,60,0.047619
310,63,60,0.047619
311,63,60,0.047619
311,63,60,0.047619
312,63,60,0.047619
313,63,60,0.047619
314,63,60,0.047619
314,63,60,0.047619
315,63,60,0.047619
316,63,60,0.047619
316,63,60,0.047619
317,63,60,0.047619
318,63,60,0.047619
318,63,60,0.047619
319,63,60,0.047619
319,63,60,0.047619
320,63,60,0.047619
321,63,60,0.047619
321,63,60,0.047619
322,63,60,0.047619
323,63,60,0.047619
323,62,60,0.0322581
324,62,60,0.0322581
324,62,60,0.0322581
324,62,60,0.0322581
324,62,60,0.0322581
325,62,60,0.0322581
325,62,60,0.0322581
325,62,60,0.0322581
325,62,60,0.0322581
326,62,60,0.0322581
326,62,60,0.0322581
327,62,60,0.0322581
327,62,60,0.0322581
327,62,60,0.0322581
327,62,60,0.0322581
327,62,60,0.0322581
328,62,60,0.0322581
328,62,60,0.0322581
329,62,60,0.0322581
329,62,60,0.0322581
330,62,60,0.0322581
330,62,60,0.0322581
331,62,60,0.0322581
331,62,60,0.0322581
332,62,60,0.0322581
332,62,60,0.0322581
332,62,60,0.0322581
333,62,60,0.0322581
333,62,60,0.0322581
334,62,60,0.0322581
334,62,60,0.0322581
335,62,60,0.0322581
335,62,60,0.0322581
336,62,60,0.0322581
336,62,60,0.0322581
337,62,60,0.0322581
337,62,60,0.0322581
338,62,60,0.0322581
338,62,60,0.0322581
339,62,60,0.0322581
339,62,60,0.0322581
340,62,60,0.0322581
340,62,60,0.0322581
341,62,60,0.0322581
341,62,60,0.0322581
342,62,60,0.0322581
342,62,60,0.0322581
343,62,60,0.0322581
343,62,60,0.0322581
343,62,60,0.0322581
344,62,60,0.0322581
344,62,60,0.0322581
345,62,60,0.0322581
345,62,60,0.0322581
346,62,60,0.0322581
346,62,60,0.0322581
347,62,60,0.0322581
347,62,60,0.0322581
348,62,60,0.0322581
348,62,60,0.0322581
349,62,60,0.0322581
349,62,60,0.0322581
350,62,60,0.0322581
351,62,60,0.0322581
351,62,60,0.0322581
352,62,60,0.0322581
352,62,60,0.0322581
353,62,60,0.0322581
353,62,60,0.0322581
354,62,60,0.0322581
354,62,60,0.0322581
355,62,60,0.0322581
355,62,60,0.0322581
356,62,60,0.0322581
356,62,60,0.0322581
357,62,60,0.0322581
358,62,60,0.0322581
358,62,60,0.0322581
359,62,60,0.0322581
359,62,60,0.0322581
360,62,60,0.0322581
360,62,60,0.0322581
361,62,60,0.0322581
361,62,60,0.0322581
362,62,60,0.0322581
362,62,60,0.0322581
363,62,60,0.0322581
363,62,60,0.0322581
364,62,60,0.0322581
364,62,60,0.0322581
365,62,60,0.0322581
365,62,60,0.0322581
366,62,60,0.0322581
366,62,60,0.0322581
367,62,60,0.0322581
368,62,60,0.0322581
368,62,60,0.0322581
369,62,60,0.0322581
369,62,60,0.0322581
370,62,60,0.0322581
370,62,60,0.0322581
371,62,60,0.0322581
371,62,60,0.0322581
372,62,60,0.0322581
373,62,60,0.0322581
373,62,60,0.0322581
374,62,60,0.0322581
375,62,60,0.0322581
375,62,60,0.0322581
376,62,60,0.0322581
376,62,60,0.0322581
377,62,60,0.0322581
378,62,60,0.0322581
378,62,60,0.0322581
379,62,60,0.0322581
379,62,60,0.0322581
380,62,60,0.0322581
381,62,60,0.0322581
381,62,60,0.0322581
382,62,60,0.0322581
383,62,60,0.0322581
383,62,60,0.0322581
384,62,60,0.0322581
384,62,60,0.0322581
385,62,60,0.0322581
385,62,60,0.0322581
386,62,60,0.0322581
387,62,60,0.0322581
387,62,60,0.0322581
388,62,60,0.0322581
389,62,60,0.0322581
389,62,60,0.0322581
390,62,60,0.0322581
390,62,60,0.0322581
391,62,60,0.0322581
392,62,60,0.0322581
392,62,60,0.0322581
393,62,60,0.0322581
393,62,60,0.0322581
394,62,60,0.0322581
395,62,60,0.0322581
395,62,60,0.0322581
396,62,60,0.0322581
397,62,60,0.0322581
397,62,60,0.0322581
398,62,60,0.0322581
398,62,60,0.0322581
399,62,60,0.0322581
400,62,60,0.0322581
401,62,60,0.0322581
401,62,60,0.0322581
402,62,60,0.0322581
402,62,60,0.0322581
403,62,60,0.0322581
403,62,60,0.0322581
404,62,60,0.0322581
404,62,60,0.0322581
405,62,60,0.0322581
405,62,60,0.0322581
406,62,60,0.0322581
406,62,60,0.0322581
407,62,60,0.0322581
408,62,60,0.0322581
408,62,60,0.0322581
409,62,60,0.0322581
409,62,60,0.0322581
410,62,60,0.0322581
410,62,60,0.0322581
411,62,60,0.0322581
412,62,60,0.0322581
412,62,60,0.0322581
413,62,60,0.0322581
413,62,60,0.0322581
414,62,60,0.0322581
415,62,60,0.0322581
416,62,60,0.0322581
416,62,60,0.0322581
417,62,60,0.0322581
418,62,60,0.0322581
418,62,60,0.0322581
419,62,60,0.0322581
419,62,60,0.0322581
420,62,60,0.0322581
421,62,60,0.0322581
421,62,60,0.0322581
422,62,60,0.0322581
422,62,60,0.0322581
423,62,60,0.0322581
424,62,60,0.0322581
424,62,60,0.0322581
425,62,60,0.0322581
426,62,60,0.0322581
426,62,60,0.0322581
427,62,60,0.0322581
428,62,60,0.0322581
428,62,60,0.0322581
429,62,60,0.0322581
430,62,60,0.0322581
431,62,60,0.0322581
432,62,60,0.0322581
432,62,60,0.0322581
433,62,60,0.0322581
434,62,60,0.0322581
435,62,60,0.0322581
436,62,60,0.0322581
436,62,60,0.0322581
437,62,60,0.0322581
438,62,60,0.0322581
439,62,60,0.0322581
439,62,60,0.0322581
440,62,60,0.0322581
441,62,60,0.0322581
442,62,60,0.0322581
443,62,60,0.0322581
443,62,60,0.0322581
444,62,60,0.0322581
445,62,60,0.0322581
445,62,60,0.0322581
446,62,60,0.0322581
447,62,60,0.0322581
447,62,60,0.0322581
448,62,60,0.0322581
449,62,60,0.0322581
449,62,60,0.0322581
450,62,60,0.0322581
451,62,60,0.0322581
451,62,60,0.0322581
452,62,60,0.0322581
453,62,60,0.0322581
453,62,60,0.0322581
454,62,60,0.0322581
455,62,60,0.0322581
456,62,60,0.0322581
456,62,60,0.0322581
457,62,60,0.0322581
458,62,60,0.0322581
459,62,60,0.0322581
459,62,60,0.0322581
460,62,60,0.0322581
461,62,60,0.0322581
462,62,60,0.0322581
462,62,60,0.0322581
463,62,60,0.0322581
464,62,60,0.0322581
465,62,60,0.0322581
466,62,60,0.0322581
467,62,60,0.0322581
467,62,60,0.0322581
468,62,60,0.0322581
469,62,60,0.0322581
469,62,60,0.0322581
470,62,60,0.0322581
470,62,60,0.0322581
471,62,60,0.0322581
474,62,60,0.0322581
475,62,60,0.0322581
476,62,60,0.0322581
477,62,60,0.0322581
477,62,60,0.0322581
478,62,60,0.0322581
479,62,60,0.0322581
479,62,60,0.0322581
480,62,60,0.0322581
481,62,60,0.0322581
481,62,60,0.0322581
482,62,60,0.0322581
483,62,60,0.0322581
483,62,60,0.0322581
484,62,60,0.0322581
485,62,60,0.0322581
485,62,60,0.0322581
486,62,60,0.0322581
486,62,60,0.0322581
487,62,60,0.0322581
488,62,60,0.0322581
489,62,60,0.0322581
489,62,60,0.0322581
490,62,60,0.0322581
491,62,60,0.0322581
492,62,60,0.0322581
492,62,60,0.0322581
493,62,60,0.0322581
494,62,60,0.0322581
495,62,60,0.0322581
495,62,60,0.0322581
496,62,60,0.0322581
497,62,60,0.0322581
498,62,60,0.0322581
498,62,60,0.0322581
499,62,60,0.0322581
500,62,60,0.0322581
500,62,60,0.0322581
501,61,60,0.0163934
501,61,60,0.0163934
501,61,60,0.0163934
502,61,60,0.0163934
502,61,60,0.0163934
502,61,60,0.0163934
502,61,60,0.0163934
502,61,60,0.0163934
503,61,60,0.0163934
503,61,60,0.0163934
503,61,60,0.0163934
503,61,60,0.0163934
503,61,60,0.0163934
503,61,60,0.0163934
504,61,60,0.0163934
504,61,60,0.0163934
504,61,60,0.0163934
504,61,60,0.0163934
505,61,60,0.0163934
505,61,60,0.0163934
506,61,60,0.0163934
506,61,60,0.0163934
507,61,60,0.0163934
507,61,60,0.0163934
508,61,60,0.0163934
509,61,60,0.0163934
509,61,60,0.0163934
509,61,60,0.0163934
510,61,60,0.0163934
510,61,60,0.0163934
511,61,60,0.0163934
511,61,60,0.0163934
512,61,60,0.0163934
512,61,60,0.0163934
513,61,60,0.0163934
513,61,60,0.0163934
514,61,60,0.0163934
514,61,60,0.0163934
515,61,60,0.0163934
515,61,60,0.0163934
516,61,60,0.0163934
516,61,60,0.0163934
517,61,60,0.0163934
518,61,60,0.0163934
518,61,60,0.0163934
519,61,60,0.0163934
519,61,60,0.0163934
520,61,60,0.0163934
521,61,60,0.0163934
521,61,60,0.0163934
522,61,60,0.0163934
523,61,60,0.0163934
524,61,60,0.0163934
525,61,60,0.0163934
526,61,60,0.0163934
527,61,60,0.0163934
527,61,60,0.0163934
527,61,60,0.0163934
528,61,60,0.0163934
529,61,60,0.0163934
529,61,60,0.0163934
530,61,60,0.0163934
530,61,60,0.0163934
531,61,60,0.0163934
531,61,60,0.0163934
532,61,60,0.0163934
532,61,60,0.0163934
533,61,60,0.0163934
533,61,60,0.0163934
534,61,60,0.0163934
534,61,60,0.0163934
534,61,60,0.0163934
535,61,60,0.0163934
535,61,60,0.0163934
536,61,60,0.0163934
536,61,60,0.0163934
537,61,60,0.0163934
537,61,60,0.0163934
538,61,60,0.0163934
538,61,60,0.0163934
539,61,60,0.0163934
539,61,60,0.0163934
540,61,60,0.0163934
540,61,60,0.0163934
541,61,60,0.0163934
542,61,60,0.0163934
543,61,60,0.0163934
543,61,60,0.0163934
544,61,60,0.0163934
545,61,60,0.0163934
545,61,60,0.0163934
546,61,60,0.0163934
546,61,60,0.0163934
547,61,60,0.0163934
547,61,60,0.0163934
548,61,60,0.0163934
548,61,60,0.0163934
549,61,60,0.0163934
550,61,60,0.0163934
550,61,60,0.0163934
551,61,60,0.0163934
552,61,60,0.0163934
552,61,60,0.0163934
553,61,60,0.0163934
553,61,60,0.0163934
553,61,60,0.0163934
554,61,60,0.0163934
555,61,60,0.0163934
555,61,60,0.0163934
556,61,60,0.0163934
556,61,60,0.0163934
557,61,60,0.0163934
558,61,60,0.0163934
559,61,60,0.0163934
559,61,60,0.0163934
559,61,60,0.0163934
560,61,60,0.0163934
560,61,60,0.0163934
562,61,60,0.0163934
562,61,60,0.0163934
563,61,60,0.0163934
564,61,60,0.0163934
564,61,60,0.0163934
565,61,60,0.0163934
566,61,60,0.0163934
566,61,60,0.0163934
567,61,60,0.0163934
568,61,60,0.0163934
568,61,60,0.0163934
569,61,60,0.0163934
570,61,60,0.0163934
571,61,60,0.0163934
572,61,60,0.0163934
572,61,60,0.0163934
573,61,60,0.0163934
573,61,60,0.0163934
574,61,60,0.0163934
574,61,60,0.0163934
575,61,60,0.0163934
576,61,60,0.0163934
576,61,60,0.0163934
577,61,60,0.0163934
578,61,60,0.0163934
578,61,60,0.0163934
579,61,60,0.0163934
580,61,60,0.0163934
580,61,60,0.0163934
581,61,60,0.0163934
582,61,60,0.0163934
582,61,60,0.0163934
583,61,60,0.0163934
584,61,60,0.0163934
584,61,60,0.0163934
585,61,60,0.0163934
586,61,60,0.0163934
586,61,60,0.0163934
587,61,60,0.0163934
587,61,60,0.0163934
588,61,60,0.0163934
589,61,60,0.0163934
589,61,60,0.0163934
591,61,60,0.0163934
592,61,60,0.0163934
593,61,60,0.0163934
594,61,60,0.0163934
594,61,60,0.0163934
595,61,60,0.0163934
596,61,60,0.0163934
597,61,60,0.0163934
597,61,60,0.0163934
598,61,60,0.0163934
599,61,60,0.0163934
599,61,60,0.0163934
600,61,60,0.0163934
601,61,60,0.0163934
602,61,60,0.0163934
603,61,60,0.0163934
603,61,60,0.0163934
604,61,60,0.0163934
605,61,60,0.0163934
605,61,60,0.0163934
606,61,60,0.0163934
607,61,60,0.0163934
607,61,60,0.0163934
608,61,60,0.0163934
609,61,60,0.0163934
609,61,60,0.0163934
610,61,60,0.0163934
611,61,60,0.0163934
612,61,60,0.0163934
613,61,60,0.0163934
613,61,60,0.0163934
614,61,60,0.0163934
614,61,60,0.0163934
615,61,60,0.0163934
616,61,60,0.0163934
616,61,60,0.0163934
617,61,60,0.0163934
617,61,60,0.0163934
617,61,60,0.0163934
618,61,60,0.0163934
619,61,60,0.0163934
619,61,60,0.0163934
620,61,60,0.0163934
620,61,60,0.0163934
621,61,60,0.0163934
621,61,60,0.0163934
622,61,60,0.0163934
622,61,60,0.0163934
623,61,60,0.0163934
624,61,60,0.0163934
624,61,60,0.0163934
625,61,60,0.0163934
626,61,60,0.0163934
626,61,60,0.0163934
627,61,60,0.0163934
628,61,60,0.0163934
628,61,60,0.0163934
629,61,60,0.0163934
629,61,60,0.0163934
630,61,60,0.0163934
630,61,60,0.0163934
631,61,60,0.0163934
632,61,60,0.0163934
632,61,60,0.0163934
633,61,60,0.0163934
633,61,60,0.0163934
634,61,60,0.0163934
634,61,60,0.0163934
635,61,60,0.0163934
636,61,60,0.0163934
636,61,60,0.0163934
637,61,60,0.0163934
637,61,60,0.0163934
638,61,60,0.0163934
638,61,60,0.0163934
639,61,60,0.0163934
639,61,60,0.0163934
640,61,60,0.0163934
641,61,60,0.0163934
642,61,60,0.0163934
643,61,60,0.0163934
643,61,60,0.0163934
644,61,60,0.0163934
645,61,60,0.0163934
645,61,60,0.0163934
646,61,60,0.0163934
646,61,60,0.0163934
647,61,60,0.0163934
647,61,60,0.0163934
648,61,60,0.0163934
649,61,60,0.0163934
649,61,60,0.0163934
650,61,60,0.0163934
651,61,60,0.0163934
651,61,60,0.0163934
652,61,60,0.0163934
653,61,60,0.0163934
653,61,60,0.0163934
654,61,60,0.0163934
654,61,60,0.0163934
655,61,60,0.0163934
656,61,60,0.0163934
656,61,60,0.0163934
657,61,60,0.0163934
658,61,60,0.0163934
658,61,60,0.0163934
659,61,60,0.0163934
660,61,60,0.0163934
661,61,60,0.0163934
661,61,60,0.0163934
662,61,60,0.0163934
663,61,60,0.0163934
663,61,60,0.0163934
664,61,60,0.0163934
665,61,60,0.0163934
665,61,60,0.0163934
666,61,60,0.0163934
667,61,60,0.0163934
667,61,60,0.0163934
668,61,60,0.0163934
669,61,60,0.0163934
669,61,60,0.0163934
670,61,60,0.0163934
670,61,60,0.0163934
671,61,60,0.0163934
672,61,60,0.0163934
672,61,60,0.0163934
673,61,60,0.0163934
674,61,60,0.0163934
674,61,60,0.0163934
675,61,60,0.0163934
675,61,60,0.0163934
676,61,60,0.0163934
677,61,60,0.0163934
677,61,60,0.0163934
678,61,60,0.0163934
679,61,60,0.0163934
679,61,60,0.0163934
680,61,60,0.0163934
681,61,60,0.0163934
681,61,60,0.0163934
682,61,60,0.0163934
683,61,60,0.0163934
683,61,60,0.0163934
684,61,60,0.0163934
685,61,60,0.0163934
686,61,60,0.0163934
687,61,60,0.0163934
688,61,60,0.0163934
689,61,60,0.0163934
690,61,60,0.0163934
691,61,60,0.0163934
692,61,60,0.0163934
693,61,60,0.0163934
694,61,60,0.0163934
694,61,60,0.0163934
695,61,60,0.0163934
696,61,60,0.0163934
696,61,60,0.0163934
697,61,60,0.0163934
697,61,60,0.0163934
698,61,60,0.0163934
699,61,60,0.0163934
699,61,60,0.0163934
700,61,60,0.0163934
701,61,60,0.0163934
701,61,60,0.0163934
702,61,60,0.0163934
702,61,60,0.0163934
703,61,60,0.0163934
704,61,60,0.0163934
704,61,60,0.0163934
705,61,60,0.0163934
705,61,60,0.0163934
706,61,60,0.0163934
706,61,60,0.0163934
707,61,60,0.0163934
707,61,60,0.0163934
708,61,60,0.0163934
708,61,60,0.0163934
709,61,60,0.0163934
710,61,60,0.0163934
710,61,60,0.0163934
711,61,60,0.0163934
711,61,60,0.0163934
712,61,60,0.0163934
712,61,60,0.0163934
713,61,60,0.0163934
713,61,60,0.0163934
714,61,60,0.0163934
714,61,60,0.0163934
715,61,60,0.0163934
715,61,60,0.0163934
716,61,60,0.0163934
716,61,60,0.0163934
717,61,60,0.0163934
718,61,60,0.0163934
718,61,60,0.0163934
719,61,60,0.0163934
719,61,60,0.0163934
720,61,60,0.0163934
721,61,60,0.0163934
721,61,60,0.0163934
722,61,60,0.0163934
723,61,60,0.0163934
724,61,60,0.0163934
724,61,60,0.0163934
725,61,60,0.0163934
726,61,60,0.0163934
727,61,60,0.0163934
727,61,60,0.0163934
728,61,60,0.0163934
729,61,60,0.0163934
729,61,60,0.0163934
730,61,60,0.0163934
731,61,60,0.0163934
731,61,60,0.0163934
732,61,60,0.0163934
733,61,60,0.0163934
734,61,60,0.0163934
734,61,60,0.0163934
735,61,60,0.0163934
736,61,60,0.0163934
736,61,60,0.0163934
737,61,60,0.0163934
738,61,60,0.0163934
739,61,60,0.0163934
740,61,60,0.0163934
740,61,60,0.0163934
741,61,60,0.0163934
741,61,60,0.0163934
742,61,60,0.0163934
743,61,60,0.0163934
743,61,60,0.0163934
744,61,60,0.0163934
744,61,60,0.0163934
745,61,60,0.0163934
745,61,60,0.0163934
746,61,60,0.0163934
746,61,60,0.0163934
747,61,60,0.0163934
747,61,60,0.0163934
748,61,60,0.0163934
749,61,60,0.0163934
749,61,60,0.0163934
750,61,60,0.0163934
750,61,60,0.0163934
751,61,60,0.0163934
752,61,60,0.0163934
753,61,60,0.0163934
753,61,60,0.0163934
754,61,60,0.0163934
755,61,60,0.0163934
756,61,60,0.0163934
757,61,60,0.0163934
757,61,60,0.0163934
758,61,60,0.0163934
759,61,60,0.0163934
759,61,60,0.0163934
760,61,60,0.0163934
761,61,60,0.0163934
761,61,60,0.0163934
762,61,60,0.0163934
762,61,60,0.0163934
763,61,60,0.0163934
764,61,60,0.0163934
764,61,60,0.0163934
765,61,60,0.0163934
765,61,60,0.0163934
766,61,60,0.0163934
767,61,60,0.0163934
767,61,60,0.0163934
768,61,60,0.0163934
768,61,60,0.0163934
769,61,60,0.0163934
770,61,60,0.0163934
771,61,60,0.0163934
771,61,60,0.0163934
772,61,60,0.0163934
772,61,60,0.0163934
773,61,60,0.0163934
774,61,60,0.0163934
774,61,60,0.0163934
775,61,60,0.0163934
775,61,60,0.0163934
776,61,60,0.0163934
776,61,60,0.0163934
777,61,60,0.0163934
778,61,60,0.0163934
778,61,60,0.0163934
779,61,60,0.0163934
780,61,60,0.0163934
780,61,60,0.0163934
781,61,60,0.0163934
782,61,60,0.0163934
782,61,60,0.0163934
783,61,60,0.0163934
784,61,60,0.0163934
785,61,60,0.0163934
786,61,60,0.0163934
787,61,60,0.0163934
787,61,60,0.0163934
788,61,60,0.0163934
789,61,60,0.0163934
790,61,60,0.0163934
791,61,60,0.0163934
791,61,60,0.0163934
792,61,60,0.0163934
793,61,60,0.0163934
793,61,60,0.0163934
794,61,60,0.0163934
795,61,60,0.0163934
795,61,60,0.0163934
796,61,60,0.0163934
797,61,60,0.0163934
797,61,60,0.0163934
798,61,60,0.0163934
799,61,60,0.0163934
800,61,60,0.0163934
801,61,60,0.0163934
801,61,60,0.0163934
802,61,60,0.0163934
803,61,60,0.0163934
804,61,60,0.0163934
805,61,60,0.0163934
805,61,60,0.0163934
806,61,60,0.0163934
807,61,60,0.0163934
807,61,60,0.0163934
808,61,60,0.0163934
809,61,60,0.0163934
810,61,60,0.0163934
810,61,60,0.0163934
811,61,60,0.0163934
812,61,60,0.0163934
812,61,60,0.0163934
813,61,60,0.0163934
814,61,60,0.0163934
815,61,60,0.0163934
815,61,60,0.0163934
816,61,60,0.0163934
817,61,60,0.0163934
818,61,60,0.0163934
818,61,60,0.0163934
819,61,60,0.0163934
820,61,60,0.0163934
820,61,60,0.0163934
821,61,60,0.0163934
822,61,60,0.0163934
823,61,60,0.0163934
823,61,60,0.0163934
824,61,60,0.0163934
825,61,60,0.0163934
826,61,60,0.0163934
826,61,60,0.0163934
827,61,60,0.0163934
828,61,60,0.0163934
828,61,60,0.0163934
829,61,60,0.0163934
830,61,60,0.0163934
830,61,60,0.0163934
831,61,60,0.0163934
832,61,60,0.0163934
832,61,60,0.0163934
833,61,60,0.0163934
834,61,60,0.0163934
835,61,60,0.0163934
835,61,60,0.0163934
836,61,60,0.0163934
837,61,60,0.0163934
838,61,60,0.0163934
839,61,60,0.0163934
840,61,60,0.0163934
840,61,60,0.0163934
841,61,60,0.0163934
842,61,60,0.0163934
843,61,60,0.0163934
843,61,60,0.0163934
844,61,60,0.0163934
845,61,60,0.0163934
846,61,60,0.0163934
846,61,60,0.0163934
847,61,60,0.0163934
848,61,60,0.0163934
849,61,60,0.0163934
849,61,60,0.0163934
850,61,60,0.0163934
851,61,60,0.0163934
852,61,60,0.0163934
853,61,60,0.0163934
854,61,60,0.0163934
854,61,60,0.0163934
855,61,60,0.0163934
856,61,60,0.0163934
856,61,60,0.0163934
857,61,60,0.0163934
858,61,60,0.0163934
859,61,60,0.0163934
859,61,60,0.0163934
860,61,60,0.0163934
861,61,60,0.0163934
861,61,60,0.0163934
862,61,60,0.0163934
863,61,60,0.0163934
864,61,60,0.0163934
864,61,60,0.0163934
865,61,60,0.0163934
866,61,60,0.0163934
867,61,60,0.0163934
867,61,60,0.0163934
868,61,60,0.0163934
869,61,60,0.0163934
870,61,60,0.0163934
871,61,60,0.0163934
872,61,60,0.0163934
872,61,60,0.0163934
873,61,60,0.0163934
874,61,60,0.0163934
875,61,60,0.0163934
876,61,60,0.0163934
877,61,60,0.0163934
877,61,60,0.0163934
878,61,60,0.0163934
879,61,60,0.0163934
880,61,60,0.0163934
881,61,60,0.0163934
882,61,60,0.0163934
882,61,60,0.0163934
883,61,60,0.0163934
884,61,60,0.0163934
885,61,60,0.0163934
886,61,60,0.0163934
887,61,60,0.0163934
888,61,60,0.0163934
890,61,60,0.0163934
891,61,60,0.0163934
892,61,60,0.0163934
893,61,60,0.0163934
894,61,60,0.0163934
895,61,60,0.0163934
896,61,60,0.0163934
897,61,60,0.0163934
897,61,60,0.0163934
898,61,60,0.0163934
899,61,60,0.0163934
900,61,60,0.0163934
901,61,60,0.0163934
902,61,60,0.0163934
903,61,60,0.0163934
904,61,60,0.0163934
905,61,60,0.0163934
905,61,60,0.0163934
906,61,60,0.0163934
906,61,60,0.0163934
907,61,60,0.0163934
908,61,60,0.0163934
909,61,60,0.0163934
909,61,60,0.0163934
910,61,60,0.0163934
910,61,60,0.0163934
911,61,60,0.0163934
912,61,60,0.0163934
912,61,60,0.0163934
913,61,60,0.0163934
913,61,60,0.0163934
914,61,60,0.0163934
914,61,60,0.0163934
915,61,60,0.0163934
915,61,60,0.0163934
916,61,60,0.0163934
917,61,60,0.0163934
918,61,60,0.0163934
919,61,60,0.0163934
919,61,60,0.0163934
920,61,60,0.0163934
921,61,60,0.0163934
922,61,60,0.0163934
923,61,60,0.0163934
924,61,60,0.0163934
925,61,60,0.0163934
926,61,60,0.0163934
927,61,60,0.0163934
928,61,60,0.0163934
929,61,60,0.0163934
929,61,60,0.0163934
930,61,60,0.0163934
930,61,60,0.0163934
931,61,60,0.0163934
931,61,60,0.0163934
932,61,60,0.0163934
933,61,60,0.0163934
933,61,60,0.0163934
934,61,60,0.0163934
935,61,60,0.0163934
935,61,60,0.0163934
936,61,60,0.0163934
937,61,60,0.0163934
937,61,60,0.0163934
938,61,60,0.0163934
939,61,60,0.0163934
940,61,60,0.0163934
940,61,60,0.0163934
941,61,60,0.0163934
942,61,60,0.0163934
943,61,60,0.0163934
944,61,60,0.0163934
944,61,60,0.0163934
945,61,60,0.0163934
946,61,60,0.0163934
946,61,60,0.0163934
947,61,60,0.0163934
948,61,60,0.0163934
948,61,60,0.0163934
949,61,60,0.0163934
950,61,60,0.0163934
951,61,60,0.0163934
952,61,60,0.0163934
952,61,60,0.0163934
953,61,60,0.0163934
954,61,60,0.0163934
955,61,60,0.0163934
956,61,60,0.0163934
956,61,60,0.0163934
957,61,60,0.0163934
958,61,60,0.0163934
958,61,60,0.0163934
959,61,60,0.0163934
960,61,60,0.0163934
960,61,60,0.0163934
961,61,60,0.0163934
962,61,60,0.0163934
963,61,60,0.0163934
964,61,60,0.0163934
964,61,60,0.0163934
965,61,60,0.0163934
966,61,60,0.0163934
967,61,60,0.0163934
968,61,60,0.0163934
969,61,60,0.0163934
970,61,60,0.0163934
971,61,60,0.0163934
972,61,60,0.0163934
973,61,60,0.0163934
973,61,60,0.0163934
974,61,60,0.0163934
975,61,60,0.0163934
975,61,60,0.0163934
976,61,60,0.0163934
977,61,60,0.0163934
977,61,60,0.0163934
978,61,60,0.0163934
978,61,60,0.0163934
979,61,60,0.0163934
980,61,60,0.0163934
980,61,60,0.0163934
981,61,60,0.0163934
982,61,60,0.0163934
982,61,60,0.0163934
983,61,60,0.0163934
984,61,60,0.0163934
985,61,60,0.0163934
986,61,60,0.0163934
987,61,60,0.0163934
987,61,60,0.0163934
988,61,60,0.0163934
989,61,60,0.0163934
990,61,60,0.0163934
991,61,60,0.0163934
991,61,60,0.0163934
993,61,60,0.0163934
993,61,60,0.0163934
994,61,60,0.0163934
995,61,60,0.0163934
996,61,60,0.0163934
996,61,60,0.0163934
997,61,60,0.0163934
998,61,60,0.0163934
998,61,60,0.0163934
999,61,60,0.0163934
1000,61,60,0.0163934
1000,61,60,0.0163934
1001,61,60,0.0163934
1002,61,60,0.0163934
1003,61,60,0.0163934
1004,61,60,0.0163934
1005,61,60,0.0163934
1006,61,60,0.0163934
1006,61,60,0.0163934
1007,61,60,0.0163934
1008,61,60,0.0163934
1008,61,60,0.0163934
1009,61,60,0.0163934
1010,61,60,0.0163934
1010,61,60,0.0163934
1011,61,60,0.0163934
1012,61,60,0.0163934
1013,61,60,0.0163934
1013,61,60,0.0163934
1014,61,60,0.0163934
1015,61,60,0.0163934
1015,61,60,0.0163934
1016,61,60,0.0163934
1017,61,60,0.0163934
1018,61,60,0.0163934
1019,61,60,0.0163934
1020,61,60,0.0163934
1020,61,60,0.0163934
1021,61,60,0.0163934
1022,61,60,0.0163934
1022,61,60,0.0163934
1023,61,60,0.0163934
1024,61,60,0.0163934
1024,61,60,0.0163934
1025,61,60,0.0163934
1026,61,60,0.0163934
1027,61,60,0.0163934
1028,61,60,0.0163934
1028,61,60,0.0163934
1029,61,60,0.0163934
1030,61,60,0.0163934
1030,61,60,0.0163934
1031,61,60,0.0163934
1032,61,60,0.0163934
1033,61,60,0.0163934
1034,61,60,0.0163934
1035,61,60,0.0163934
1036,61,60,0.0163934
1037,61,60,0.0163934
1038,61,60,0.0163934
1039,61,60,0.0163934
1040,61,60,0.0163934
1040,61,60,0.0163934
1041,61,60,0.0163934
1042,61,60,0.0163934
1043,61,60,0.0163934
1044,61,60,0.0163934
1045,61,60,0.0163934
1046,61,60,0.0163934
1047,61,60,0.0163934
1047,61,60,0.0163934
1048,61,60,0.0163934
1049,61,60,0.0163934
1050,61,60,0.0163934
1051,61,60,0.0163934
1052,61,60,0.0163934
1053,61,60,0.0163934
1054,61,60,0.0163934
1055,61,60,0.0163934
1056,61,60,0.0163934
1057,61,60,0.0163934
1058,61,60,0.0163934
1059,61,60,0.0163934
1059,61,60,0.0163934
1060,61,60,0.0163934
1060,61,60,0.0163934
1061,61,60,0.0163934
1062,61,60,0.0163934
1063,61,60,0.0163934
1063,61,60,0.0163934
1064,61,60,0.0163934
1065,61,60,0.0163934
1065,61,60,0.0163934
1066,61,60,0.0163934
1067,61,60,0.0163934
1068,61,60,0.0163934
1068,61,60,0.0163934
1069,61,60,0.0163934
1070,61,60,0.0163934
1071,61,60,0.0163934
1071,61,60,0.0163934
1072,61,60,0.0163934
1073,61,60,0.0163934
1074,61,60,0.0163934
1075,61,60,0.0163934
1076,61,60,0.0163934
1076,61,60,0.0163934
1077,61,60,0.0163934
1078,61,60,0.0163934
1078,61,60,0.0163934
1079,61,60,0.0163934
1080,61,60,0.0163934
1081,61,60,0.0163934
1081,61,60,0.0163934
1082,61,60,0.0163934
1083,61,60,0.0163934
1084,61,60,0.0163934
1084,61,60,0.0163934
1085,61,60,0.0163934
1086,61,60,0.0163934
1087,61,60,0.0163934
1087,61,60,0.0163934
1088,61,60,0.0163934
1089,61,60,0.0163934
1090,61,60,0.0163934
1091,61,60,0.0163934
1091,61,60,0.0163934
1092,61,60,0.0163934
1093,61,60,0.0163934
1094,61,60,0.0163934
1094,61,60,0.0163934
1095,61,60,0.0163934
1096,61,60,0.0163934
1096,61,60,0.0163934
1097,61,60,0.0163934
1098,61,60,0.0163934
1099,61,60,0.0163934
1099,61,60,0.0163934
1100,61,60,0.0163934
1101,61,60,0.0163934
1102,61,60,0.0163934
1102,61,60,0.0163934
1103,61,60,0.0163934
1104,61,60,0.0163934
1105,61,60,0.0163934
1105,61,60,0.0163934
1106,61,60,0.0163934
1107,61,60,0.0163934
1107,61,60,0.0163934
1108,61,60,0.0163934
1109,61,60,0.0163934
1110,61,60,0.0163934
1110,61,60,0.0163934
1111,61,60,0.0163934
1112,61,60,0.0163934
1112,61,60,0.0163934
1113,61,60,0.0163934
1114,61,60,0.0163934
1115,61,60,0.0163934
1115,61,60,0.0163934
1116,61,60,0.0163934
1117,61,60,0.0163934
1118,61,60,0.0163934
1118,61,60,0.0163934
1119,61,60,0.0163934
1119,61,60,0.0163934
1120,61,60,0.0163934
1121,61,60,0.0163934
1121,61,60,0.0163934
1122,61,60,0.0163934
1122,61,60,0.0163934
1123,61,60,0.0163934
1124,61,60,0.0163934
1124,61,60,0.0163934
1125,61,60,0.0163934
1125,61,60,0.0163934
1126,61,60,0.0163934
1127,61,60,0.0163934
1127,61,60,0.0163934
1128,61,60,0.0163934
1129,61,60,0.0163934
1130,61,60,0.0163934
1130,61,60,0.0163934
1131,61,60,0.0163934
1132,61,60,0.0163934
1133,61,60,0.0163934
1133,61,60,0.0163934
1134,61,60,0.0163934
1135,61,60,0.0163934
1135,61,60,0.0163934
1136,61,60,0.0163934
1137,61,60,0.0163934
1138,61,60,0.0163934
1138,61,60,0.0163934
1139,61,60,0.0163934
1140,61,60,0.0163934
1140,61,60,0.0163934
1141,61,60,0.0163934
1142,61,60,0.0163934
1142,61,60,0.0163934
1143,61,60,0.0163934
1143,61,60,0.0163934
1144,61,60,0.0163934
1145,61,60,0.0163934
1145,61,60,0.0163934
1146,61,60,0.0163934
1147,61,60,0.0163934
1147,61,60,0.0163934
1148,61,60,0.0163934
1149,61,60,0.0163934
1150,61,60,0.0163934
1150,61,60,0.0163934
1151,61,60,0.0163934
1151,61,60,0.0163934
1152,61,60,0.0163934
1153,61,60,0.0163934
1154,61,60,0.0163934
1154,61,60,0.0163934
1155,61,60,0.0163934
1156,61,60,0.0163934
1156,61,60,0.0163934
1157,61,60,0.0163934
1158,61,60,0.0163934
1159,61,60,0.0163934
1160,61,60,0.0163934
1161,61,60,0.0163934
1161,61,60,0.0163934
1162,61,60,0.0163934
1163,61,60,0.0163934
1164,61,60,0.0163934
1165,61,60,0.0163934
1165,61,60,0.0163934
1166,61,60,0.0163934
1167,61,60,0.0163934
1168,61,60,0.0163934
1169,61,60,0.0163934
1170,61,60,0.0163934
1171,61,60,0.0163934
1172,61,60,0.0163934
1172,61,60,0.0163934
1173,61,60,0.0163934
1174,61,60,0.0163934
1174,61,60,0.0163934
1175,61,60,0.0163934
1176,61,60,0.0163934
1177,61,60,0.0163934
1177,61,60,0.0163934
1178,61,60,0.0163934
1179,61,60,0.0163934
1180,61,60,0.0163934
1180,61,60,0.0163934
1181,61,60,0.0163934
1182,61,60,0.0163934
1183,61,60,0.0163934
1184,61,60,0.0163934
1185,61,60,0.0163934
1186,61,60,0.0163934
1187,61,60,0.0163934
1188,61,60,0.0163934
1189,61,60,0.0163934
1190,61,60,0.0163934
1191,61,60,0.0163934
1191,61,60,0.0163934
1192,61,60,0.0163934
1193,61,60,0.0163934
1194,61,60,0.0163934
1195,61,60,0.0163934
1196,61,60,0.0163934
1197,61,60,0.0163934
1197,61,60,0.0163934
1198,61,60,0.0163934
1199,61,60,0.0163934
1200,61,60,0.0163934
1201,61,60,0.0163934
1202,61,60,0.0163934
1203,61,60,0.0163934
1204,61,60,0.0163934
1205,61,60,0.0163934
1206,61,60,0.0163934
1207,61,60,0.0163934
1208,61,60,0.0163934
1209,61,60,0.0163934
1209,61,60,0.0163934
1210,61,60,0.0163934
1211,61,60,0.0163934
1212,61,60,0.0163934
1213,61,60,0.0163934
1213,61,60,0.0163934
1214,61,60,0.0163934
1215,61,60,0.0163934
1216,61,60,0.0163934
1217,61,60,0.0163934
1217,61,60,0.0163934
1218,61,60,0.0163934
1219,61,60,0.0163934
1220,61,60,0.0163934
1221,61,60,0.0163934
1222,61,60,0.0163934
1222,61,60,0.0163934
1224,61,60,0.0163934
1224,61,60,0.0163934
1225,61,60,0.0163934
1226,61,60,0.0163934
1227,61,60,0.0163934
1228,61,60,0.0163934
1228,61,60,0.0163934
1229,61,60,0.0163934
1230,61,60,0.0163934
1230,61,60,0.0163934
1231,61,60,0.0163934
1232,61,60,0.0163934
1232,61,60,0.0163934
1233,61,60,0.0163934
1234,61,60,0.0163934
1235,61,60,0.0163934
1236,61,60,0.0163934
1237,61,60,0.0163934
1238,61,60,0.0163934
1240,61,60,0.0163934
1241,61,60,0.0163934
1241,61,60,0.0163934
1242,61,60,0.0163934
1243,61,60,0.0163934
1244,61,60,0.0163934
1244,61,60,0.0163934
1245,61,60,0.0163934
1246,61,60,0.0163934
1246,61,60,0.0163934
1247,61,60,0.0163934
1248,61,60,0.0163934
1249,61,60,0.0163934
1249,61,60,0.0163934
1250,61,60,0.0163934
1251,61,60,0.0163934
1252,61,60,0.0163934
1253,61,60,0.0163934
1254,61,60,0.0163934
1254,61,60,0.0163934
1255,61,60,0.0163934
1256,61,60,0.0163934
1257,61,60,0.0163934
1258,61,60,0.0163934
1258,61,60,0.0163934
1259,61,60,0.0163934
1259,61,60,0.0163934
1260,61,60,0.0163934
1261,61,60,0.0163934
1262,61,60,0.0163934
1262,61,60,0.0163934
1263,61,60,0.0163934
1264,61,60,0.0163934
1264,61,60,0.0163934
1265,61,60,0.0163934
1266,61,60,0.0163934
1267,61,60,0.0163934
1268,61,60,0.0163934
1269,61,60,0.0163934
1270,61,60,0.0163934
1271,61,60,0.0163934
1271,61,60,0.0163934
1272,61,60,0.0163934
1273,61,60,0.0163934
1274,61,60,0.0163934
1275,61,60,0.0163934
1275,61,60,0.0163934
1276,61,60,0.0163934
1276,61,60,0.0163934
1277,61,60,0.0163934
1278,61,60,0.0163934
1279,61,60,0.0163934
1280,61,60,0.0163934
1280,61,60,0.0163934
1281,61,60,0.0163934
1282,61,60,0.0163934
1282,61,60,0.0163934
1283,61,60,0.0163934
1284,61,60,0.0163934
1285,61,60,0.0163934
1285,61,60,0.0163934
1286,61,60,0.0163934
1287,61,60,0.0163934
1288,61,60,0.0163934
1288,61,60,0.0163934
1289,61,60,0.0163934
1290,61,60,0.0163934
1291,61,60,0.0163934
1291,61,60,0.0163934
1292,61,60,0.0163934
1293,61,60,0.0163934
1294,61,60,0.0163934
1294,61,60,0.0163934
1297,61,60,0.0163934
1298,61,60,0.0163934
1299,61,60,0.0163934
1300,61,60,0.0163934
1300,61,60,0.0163934
1301,61,60,0.0163934
1302,61,60,0.0163934
1303,61,60,0.0163934
1304,61,60,0.0163934
1304,61,60,0.0163934
1305,61,60,0.0163934
1306,61,60,0.0163934
1307,61,60,0.0163934
1307,61,60,0.0163934
1308,61,60,0.0163934
1309,61,60,0.0163934
1310,61,60,0.0163934
1310,61,60,0.0163934
1311,61,60,0.0163934
1312,61,60,0.0163934
1313,61,60,0.0163934
1313,61,60,0.0163934
1314,61,60,0.0163934
1315,61,60,0.0163934
1316,61,60,0.0163934
1316,61,60,0.0163934
1317,61,60,0.0163934
1318,61,60,0.0163934
1319,61,60,0.0163934
1320,61,60,0.0163934
1321,61,60,0.0163934
1321,61,60,0.0163934
1322,61,60,0.0163934
1323,61,60,0.0163934
1324,61,60,0.0163934
1325,61,60,0.0163934
1325,61,60,0.0163934
1326,61,60,0.0163934
1327,61,60,0.0163934
1328,61,60,0.0163934
1329,61,60,0.0163934
1330,61,60,0.0163934
1330,61,60,0.0163934
1331,61,60,0.0163934
1332,61,60,0.0163934
1333,61,60,0.0163934
1334,61,60,0.0163934
1335,61,60,0.0163934
1336,61,60,0.0163934
1336,61,60,0.0163934
1337,61,60,0.0163934
1338,61,60,0.0163934
1339,61,60,0.0163934
1340,61,60,0.0163934
1341,61,60,0.0163934
1342,61,60,0.0163934
1343,61,60,0.0163934
1344,61,60,0.0163934
1344,61,60,0.0163934
1345,61,60,0.0163934
1346,61,60,0.0163934
1347,61,60,0.0163934
1348,61,60,0.0163934
1349,61,60,0.0163934
1350,61,60,0.0163934
1351,61,60,0.0163934
1352,61,60,0.0163934
1353,61,60,0.0163934
1354,61,60,0.0163934
1355,61,60,0.0163934
1356,61,60,0.0163934
1356,61,60,0.0163934
1357,61,60,0.0163934
1358,61,60,0.0163934
1358,61,60,0.0163934
1359,61,60,0.0163934
1360,61,60,0.0163934
1361,61,60,0.0163934
1362,61,60,0.0163934
1363,61,60,0.0163934
1364,61,60,0.0163934
1365,61,60,0.0163934
1365,61,60,0.0163934
1366,61,60,0.0163934
1368,61,60,0.0163934
1369,61,60,0.0163934
1370,61,60,0.0163934
1371,61,60,0.0163934
1372,61,60,0.0163934
1373,61,60,0.0163934
1374,61,60,0.0163934
1375,61,60,0.0163934
1376,61,60,0.0163934
1377,61,60,0.0163934
1378,61,60,0.0163934
1379,61,60,0.0163934
1380,61,60,0.0163934
1380,61,60,0.0163934
1381,61,60,0.0163934
1382,61,60,0.0163934
1383,61,60,0.0163934
1384,61,60,0.0163934
1385,61,60,0.0163934
1386,61,60,0.0163934
1387,61,60,0.0163934
1388,61,60,0.0163934
1389,61,60,0.0163934
1389,61,60,0.0163934
1390,61,60,0.0163934
1391,61,60,0.0163934
1393,61,60,0.0163934
1393,61,60,0.0163934
1394,61,60,0.0163934
1395,61,60,0.0163934
1396,61,60,0.0163934
1397,61,60,0.0163934
1398,61,60,0.0163934
1399,61,60,0.0163934
1400,61,60,0.0163934
1401,61,60,0.0163934
1401,61,60,0.0163934
1403,61,60,0.0163934
1403,61,60,0.0163934
1404,61,60,0.0163934
1405,61,60,0.0163934
1406,61,60,0.0163934
1406,61,60,0.0163934
1407,61,60,0.0163934
1408,61,60,0.0163934
1409,61,60,0.0163934
1409,61,60,0.0163934
1410,61,60,0.0163934
1411,61,60,0.0163934
1412,61,60,0.0163934
1413,61,60,0.0163934
1414,61,60,0.0163934
1414,61,60,0.0163934
1415,61,60,0.0163934
1416,61,60,0.0163934
1417,61,60,0.0163934
1417,61,60,0.0163934
1418,61,60,0.0163934
1419,61,60,0.0163934
1420,61,60,0.0163934
1420,61,60,0.0163934
1421,61,60,0.0163934
1422,61,60,0.0163934
1423,61,60,0.0163934
1424,61,60,0.0163934
1425,61,60,0.0163934
1426,61,60,0.0163934
1426,61,60,0.0163934
1427,61,60,0.0163934
1428,61,60,0.0163934
1429,61,60,0.0163934
1430,61,60,0.0163934
1431,61,60,0.0163934
1432,61,60,0.0163934
1433,61,60,0.0163934
1433,61,60,0.0163934
1434,61,60,0.0163934
1435,61,60,0.0163934
1436,61,60,0.0163934
1437,61,60,0.0163934
1438,61,60,0.0163934
1438,61,60,0.0163934
1439,61,60,0.0163934
1440,61,60,0.0163934
1441,61,60,0.0163934
1442,61,60,0.0163934
1443,61,60,0.0163934
1444,61,60,0.0163934
1445,61,60,0.0163934
1446,61,60,0.0163934
1447,61,60,0.0163934
1447,61,60,0.0163934
1448,61,60,0.0163934
1449,61,60,0.0163934
1450,61,60,0.0163934
1451,61,60,0.0163934
1451,61,60,0.0163934
1452,61,60,0.0163934
1453,61,60,0.0163934
1454,61,60,0.0163934
1454,61,60,0.0163934
1455,61,60,0.0163934
1456,61,60,0.0163934
1457,61,60,0.0163934
1458,61,60,0.0163934
1459,61,60,0.0163934
1460,61,60,0.0163934
1460,61,60,0.0163934
1461,61,60,0.0163934
1462,61,60,0.0163934
1463,61,60,0.0163934
1464,61,60,0.0163934
1464,61,60,0.0163934
1465,61,60,0.0163934
1466,61,60,0.0163934
1467,61,60,0.0163934
1467,61,60,0.0163934
1468,61,60,0.0163934
1469,61,60,0.0163934
1469,61,60,0.0163934
1470,61,60,0.0163934
1471,61,60,0.0163934
1472,61,60,0.0163934
1473,61,60,0.0163934
1473,61,60,0.0163934
1474,61,60,0.0163934
1475,61,60,0.0163934
1476,61,60,0.0163934
1477,61,60,0.0163934
1477,61,60,0.0163934
1478,61,60,0.0163934
1479,61,60,0.0163934
1480,61,60,0.0163934
1480,61,60,0.0163934
1481,61,60,0.0163934
1482,61,60,0.0163934
1482,61,60,0.0163934
1483,61,60,0.0163934
1484,61,60,0.0163934
1485,61,60,0.0163934
1485,61,60,0.0163934
1486,61,60,0.0163934
1487,61,60,0.0163934
1487,61,60,0.0163934
1488,61,60,0.0163934
1489,61,60,0.0163934
1490,61,60,0.0163934
1491,61,60,0.0163934
1491,61,60,0.0163934
1492,61,60,0.0163934
1493,61,60,0.0163934
1494,61,60,0.0163934
1495,61,60,0.0163934
1496,61,60,0.0163934
1497,61,60,0.0163934
1498,61,60,0.0163934
1499,61,60,0.0163934
1500,61,60,0.0163934
1501,61,60,0.0163934
1502,61,60,0.0163934
1503,61,60,0.0163934
1504,61,60,0.0163934
1505,61,60,0.0163934
1506,61,60,0.0163934
1506,61,60,0.0163934
1508,61,60,0.0163934
1509,61,60,0.0163934
1510,61,60,0.0163934
1511,61,60,0.0163934
1512,61,60,0.0163934
1513,61,60,0.0163934
1514,61,60,0.0163934
1515,61,60,0.0163934
1517,61,60,0.0163934
1518,61,60,0.0163934
1519,61,60,0.0163934
1520,61,60,0.0163934
1520,61,60,0.0163934
1521,61,60,0.0163934
1523,61,60,0.0163934
1524,61,60,0.0163934
1524,61,60,0.0163934
1525,61,60,0.0163934
1526,61,60,0.0163934
1527,61,60,0.0163934
1528,61,60,0.0163934
1529,61,60,0.0163934
1530,61,60,0.0163934
1530,61,60,0.0163934
1531,61,60,0.0163934
1532,61,60,0.0163934
1533,61,60,0.0163934
1534,61,60,0.0163934
1535,61,60,0.0163934
1536,61,60,0.0163934
1537,61,60,0.0163934
1538,61,60,0.0163934
1538,61,60,0.0163934
1539,61,60,0.0163934
1540,61,60,0.0163934
1541,61,60,0.0163934
1541,61,60,0.0163934
1542,61,60,0.0163934
1543,61,60,0.0163934
1543,61,60,0.0163934
1544,61,60,0.0163934
1545,61,60,0.0163934
1546,61,60,0.0163934
1547,61,60,0.0163934
1548,61,60,0.0163934
1548,61,60,0.0163934
1549,61,60,0.0163934
1550,61,60,0.0163934
1551,61,60,0.0163934
1552,61,60,0.0163934
1553,61,60,0.0163934
1554,61,60,0.0163934
1555,61,60,0.0163934
1556,61,60,0.0163934
1556,61,60,0.0163934
1557,61,60,0.0163934
1558,61,60,0.0163934
1559,61,60,0.0163934
1559,61,60,0.0163934
1560,61,60,0.0163934
1561,61,60,0.0163934
1562,61,60,0.0163934
1563,61,60,0.0163934
1564,61,60,0.0163934
1564,61,60,0.0163934
1565,61,60,0.0163934
1566,61,60,0.0163934
1567,61,60,0.0163934
1567,61,60,0.0163934
1568,61,60,0.0163934
1569,61,60,0.0163934
1569,61,60,0.0163934
1570,61,60,0.0163934
1571,61,60,0.0163934
1572,61,60,0.0163934
1573,61,60,0.0163934
1573,61,60,0.0163934
1574,61,60,0.0163934
1575,61,60,0.0163934
1576,61,60,0.0163934
1576,61,60,0.0163934
1577,61,60,0.0163934
1578,61,60,0.0163934
1578,61,60,0.0163934
1579,61,60,0.0163934
1580,61,60,0.0163934
1581,61,60,0.0163934
1582,61,60,0.0163934
1583,61,60,0.0163934
1584,61,60,0.0163934
1585,61,60,0.0163934
1585,61,60,0.0163934
1586,61,60,0.0163934
1587,61,60,0.0163934
1588,61,60,0.0163934
1589,61,60,0.0163934
1590,61,60,0.0163934
1591,61,60,0.0163934
1592,61,60,0.0163934
1593,61,60,0.0163934
1594,61,60,0.0163934
1595,61,60,0.0163934
1596,61,60,0.0163934
1597,61,60,0.0163934
1597,61,60,0.0163934
1598,61,60,0.0163934
1599,61,60,0.0163934
1600,61,60,0.0163934
1601,61,60,0.0163934
1601,61,60,0.0163934
1602,61,60,0.0163934
1603,61,60,0.0163934
1604,61,60,0.0163934
1605,61,60,0.0163934
1606,61,60,0.0163934
1607,61,60,0.0163934
1608,61,60,0.0163934
1608,61,60,0.0163934
1609,61,60,0.0163934
1610,61,60,0.0163934
1611,61,60,0.0163934
1612,61,60,0.0163934
1613,61,60,0.0163934
1613,61,60,0.0163934
1614,61,60,0.0163934
1615,61,60,0.0163934
1616,61,60,0.0163934
1617,61,60,0.0163934
1618,61,60,0.0163934
1619,61,60,0.0163934
1621,61,60,0.0163934
1621,61,60,0.0163934
1622,61,60,0.0163934
1623,61,60,0.0163934
1624,61,60,0.0163934
1625,61,60,0.0163934
1626,61,60,0.0163934
1626,61,60,0.0163934
1627,61,60,0.0163934
1628,61,60,0.0163934
1629,61,60,0.0163934
1629,61,60,0.0163934
1630,61,60,0.0163934
1631,61,60,0.0163934
1632,61,60,0.0163934
1633,61,60,0.0163934
1634,61,60,0.0163934
1634,61,60,0.0163934
1635,61,60,0.0163934
1636,61,60,0.0163934
1637,61,60,0.0163934
1638,61,60,0.0163934
1640,61,60,0.0163934
1641,61,60,0.0163934
1643,61,60,0.0163934
1644,61,60,0.0163934
1645,61,60,0.0163934
1646,61,60,0.0163934
1647,61,60,0.0163934
1649,61,60,0.0163934
1650,61,60,0.0163934
1651,61,60,0.0163934
1652,61,60,0.0163934
1653,61,60,0.0163934
1655,61,60,0.0163934
1656,61,60,0.0163934
1657,61,60,0.0163934
1659,61,60,0.0163934
1660,61,60,0.0163934
1661,61,60,0.0163934
1663,61,60,0.0163934
1664,61,60,0.0163934
1665,61,60,0.0163934
1666,61,60,0.0163934
1667,61,60,0.0163934
1668,61,60,0.0163934
1669,61,60,0.0163934
1670,61,60,0.0163934
1672,61,60,0.0163934
1674,61,60,0.0163934
1675,61,60,0.0163934
1675,61,60,0.0163934
1676,61,60,0.0163934
1677,61,60,0.0163934
1678,61,60,0.0163934
1679,61,60,0.0163934
1680,61,60,0.0163934
1681,61,60,0.0163934
1682,61,60,0.0163934
1683,61,60,0.0163934
1684,61,60,0.0163934
1684,61,60,0.0163934
1685,61,60,0.0163934
1686,61,60,0.0163934
1687,61,60,0.0163934
1688,61,60,0.0163934
1689,61,60,0.0163934
1690,61,60,0.0163934
1690,61,60,0.0163934
1691,61,60,0.0163934
1693,61,60,0.0163934
1694,61,60,0.0163934
1694,61,60,0.0163934
1695,61,60,0.0163934
1696,61,60,0.0163934
1697,61,60,0.0163934
1698,61,60,0.0163934
1700,61,60,0.0163934
1701,61,60,0.0163934
1703,61,60,0.0163934
1703,61,60,0.0163934
1704,61,60,0.0163934
1705,61,60,0.0163934
1706,61,60,0.0163934
1706,61,60,0.0163934
1707,61,60,0.0163934
1708,61,60,0.0163934
1708,61,60,0.0163934
1709,61,60,0.0163934
1710,61,60,0.0163934
1711,61,60,0.0163934
1711,61,60,0.0163934
1712,61,60,0.0163934
1713,61,60,0.0163934
1713,61,60,0.0163934
1715,61,60,0.0163934
1716,61,60,0.0163934
1717,61,60,0.0163934
1717,61,60,0.0163934
1718,61,60,0.0163934
1719,61,60,0.0163934
1719,61,60,0.0163934
1720,61,60,0.0163934
1721,61,60,0.0163934
1722,61,60,0.0163934
1722,61,60,0.0163934
1724,61,60,0.0163934
1725,61,60,0.0163934
1726,61,60,0.0163934
1727,61,60,0.0163934
1728,61,60,0.0163934
1729,61,60,0.0163934
1730,61,60,0.0163934
1730,61,60,0.0163934
1731,61,60,0.0163934
1732,61,60,0.0163934
1733,61,60,0.0163934
1734,61,60,0.0163934
1734,61,60,0.0163934
1735,61,60,0.0163934
1736,61,60,0.0163934
1737,61,60,0.0163934
1738,61,60,0.0163934
1738,61,60,0.0163934
1739,61,60,0.0163934
1740,61,60,0.0163934
1741,61,60,0.0163934
1741,61,60,0.0163934
1742,61,60,0.0163934
1743,61,60,0.0163934
1744,61,60,0.0163934
1744,61,60,0.0163934
1745,61,60,0.0163934
1746,61,60,0.0163934
1747,61,60,0.0163934
1748,61,60,0.0163934
1748,61,60,0.0163934
1749,61,60,0.0163934
1750,61,60,0.0163934
1751,61,60,0.0163934
1752,61,60,0.0163934
1753,61,60,0.0163934
1754,61,60,0.0163934
1755,61,60,0.0163934
1756,61,60,0.0163934
1757,61,60,0.0163934
1758,61,60,0.0163934
1759,61,60,0.0163934
1760,61,60,0.0163934
1760,61,60,0.0163934
1761,61,60,0.0163934
1762,61,60,0.0163934
1763,61,60,0.0163934
1763,61,60,0.0163934
1764,61,60,0.0163934
1765,61,60,0.0163934
1766,61,60,0.0163934
1766,61,60,0.0163934
1768,61,60,0.0163934
1769,61,60,0.0163934
1770,61,60,0.0163934
1771,61,60,0.0163934
1771,61,60,0.0163934
1772,61,60,0.0163934
1773,61,60,0.0163934
1774,61,60,0.0163934
1774,61,60,0.0163934
1776,61,60,0.0163934
1776,61,60,0.0163934
1777,61,60,0.0163934
1778,61,60,0.0163934
1779,61,60,0.0163934
1780,61,60,0.0163934
1781,61,60,0.0163934
1781,61,60,0.0163934
1782,61,60,0.0163934
1784,61,60,0.0163934
1785,61,60,0.0163934
1786,61,60,0.0163934
1787,61,60,0.0163934
1788,61,60,0.0163934
1789,61,60,0.0163934
1790,61,60,0.0163934
1791,61,60,0.0163934
1792,61,60,0.0163934
1793,61,60,0.0163934
1793,61,60,0.0163934
1794,61,60,0.0163934
1795,61,60,0.0163934
1796,61,60,0.0163934
1796,61,60,0.0163934
1797,61,60,0.0163934
1798,61,60,0.0163934
1799,61,60,0.0163934
1799,61,60,0.0163934
1800,61,60,0.0163934
1801,61,60,0.0163934
1802,61,60,0.0163934
1803,61,60,0.0163934
1804,61,60,0.0163934
1805,61,60,0.0163934
1807,61,60,0.0163934
1808,61,60,0.0163934
1809,61,60,0.0163934
1810,61,60,0.0163934
1811,61,60,0.0163934
1812,61,60,0.0163934
1813,61,60,0.0163934
1813,61,60,0.0163934
1814,61,60,0.0163934
1815,61,60,0.0163934
1817,61,60,0.0163934
1818,61,60,0.0163934
1820,61,60,0.0163934
1821,61,60,0.0163934
1822,61,60,0.0163934
1823,61,60,0.0163934
1824,61,60,0.0163934
1826,61,60,0.0163934
1827,61,60,0.0163934
1828,61,60,0.0163934
1829,61,60,0.0163934
1830,61,60,0.0163934
1831,61,60,0.0163934
1832,61,60,0.0163934
1833,61,60,0.0163934
1838,61,60,0.0163934
1839,61,60,0.0163934
1841,61,60,0.0163934
1842,61,60,0.0163934
1843,61,60,0.0163934
1844,61,60,0.0163934
1845,61,60,0.0163934
1846,61,60,0.0163934
1847,61,60,0.0163934
1847,61,60,0.0163934
1848,61,60,0.0163934
1849,61,60,0.0163934
1850,61,60,0.0163934
1852,61,60,0.0163934
1853,61,60,0.0163934
1854,61,60,0.0163934
1855,61,60,0.0163934
1856,61,60,0.0163934
1856,61,60,0.0163934
1858,61,60,0.0163934
1859,61,60,0.0163934
1860,61,60,0.0163934
1861,61,60,0.0163934
1862,61,60,0.0163934
1863,61,60,0.0163934
1864,61,60,0.0163934
1865,61,60,0.0163934
1866,61,60,0.0163934
1867,61,60,0.0163934
1868,61,60,0.0163934
1870,61,60,0.0163934
1872,61,60,0.0163934
1873,61,60,0.0163934
1875,61,60,0.0163934
1877,61,60,0.0163934
1878,61,60,0.0163934
1879,61,60,0.0163934
1880,61,60,0.0163934
1881,61,60,0.0163934
1882,61,60,0.0163934
1883,61,60,0.0163934
1884,61,60,0.0163934
1885,61,60,0.0163934
1887,61,60,0.0163934
1887,61,60,0.0163934
1888,61,60,0.0163934
1889,61,60,0.0163934
1891,61,60,0.0163934
1892,61,60,0.0163934
1893,61,60,0.0163934
1894,61,60,0.0163934
1895,61,60,0.0163934
1896,61,60,0.0163934
1897,61,60,0.0163934
1898,61,60,0.0163934
1899,61,60,0.0163934
1900,61,60,0.0163934
1901,61,60,0.0163934
1902,61,60,0.0163934
1903,61,60,0.0163934
1904,61,60,0.0163934
1905,61,60,0.0163934
1906,61,60,0.0163934
1907,61,60,0.0163934
1908,61,60,0.0163934
1909,61,60,0.0163934
1910,61,60,0.0163934
1911,61,60,0.0163934
1912,61,60,0.0163934
1913,61,60,0.0163934
1914,61,60,0.0163934
1914,61,60,0.0163934
1915,61,60,0.0163934
1916,61,60,0.0163934
1917,61,60,0.0163934
1918,61,60,0.0163934
1919,61,60,0.0163934
1920,61,60,0.0163934
1921,61,60,0.0163934
1922,61,60,0.0163934
1923,61,60,0.0163934
1924,61,60,0.0163934
1925,61,60,0.0163934
1926,61,60,0.0163934
1927,61,60,0.0163934
1928,61,60,0.0163934
1929,61,60,0.0163934
1930,61,60,0.0163934
1931,61,60,0.0163934
1932,61,60,0.0163934
1933,61,60,0.0163934
1934,61,60,0.0163934
1935,61,60,0.0163934
1936,61,60,0.0163934
1937,61,60,0.0163934
1939,61,60,0.0163934
1940,61,60,0.0163934
1941,61,60,0.0163934
1942,61,60,0.0163934
1943,61,60,0.0163934
1944,61,60,0.0163934
1945,61,60,0.0163934
1946,61,60,0.0163934
1947,61,60,0.0163934
1948,61,60,0.0163934
1949,61,60,0.0163934
1949,61,60,0.0163934
1950,61,60,0.0163934
1951,61,60,0.0163934
1952,61,60,0.0163934
1953,61,60,0.0163934
1954,61,60,0.0163934
1955,61,60,0.0163934
1956,61,60,0.0163934
1957,61,60,0.0163934
1958,61,60,0.0163934
1959,61,60,0.0163934
1960,61,60,0.0163934
1961,61,60,0.0163934
1962,61,60,0.0163934
1963,61,60,0.0163934
1964,61,60,0.0163934
1965,61,60,0.0163934
1966,61,60,0.0163934
1968,61,60,0.0163934
1969,61,60,0.0163934
1970,61,60,0.0163934
1971,61,60,0.0163934
1973,61,60,0.0163934
1975,61,60,0.0163934
1976,61,60,0.0163934
1978,61,60,0.0163934
1979,61,60,0.0163934
1980,61,60,0.0163934
1981,61,60,0.0163934
1982,61,60,0.0163934
1984,61,60,0.0163934
1985,61,60,0.0163934
1987,61,60,0.0163934
1989,61,60,0.0163934
1990,61,60,0.0163934
1991,61,60,0.0163934
1992,61,60,0.0163934
1993,61,60,0.0163934
1994,61,60,0.0163934
1995,61,60,0.0163934
1996,61,60,0.0163934
1997,61,60,0.0163934
1998,61,60,0.0163934
1999,61,60,0.0163934
2000,61,60,0.0163934
2001,61,60,0.0163934
2002,61,60,0.0163934
2004,61,60,0.0163934
2005,61,60,0.0163934
2006,61,60,0.0163934
2007,61,60,0.0163934
2008,61,60,0.0163934
2009,61,60,0.0163934
2010,61,60,0.0163934
2012,61,60,0.0163934
2013,61,60,0.0163934
2014,61,60,0.0163934
2015,61,60,0.0163934
2016,61,60,0.0163934
2017,61,60,0.0163934
2018,61,60,0.0163934
2019,61,60,0.0163934
2020,61,60,0.0163934
2021,61,60,0.0163934
2022,61,60,0.0163934
2023,61,60,0.0163934
2025,61,60,0.0163934
2026,61,60,0.0163934
2027,61,60,0.0163934
2028,61,60,0.0163934
2028,61,60,0.0163934
2029,61,60,0.0163934
2030,61,60,0.0163934
2031,61,60,0.0163934
2032,61,60,0.0163934
2033,61,60,0.0163934
2034,61,60,0.0163934
2036,61,60,0.0163934
2037,61,60,0.0163934
2038,61,60,0.0163934
2039,61,60,0.0163934
2041,61,60,0.0163934
2042,61,60,0.0163934
2043,61,60,0.0163934
2044,61,60,0.0163934
2045,61,60,0.0163934
2046,61,60,0.0163934
2047,61,60,0.0163934
2048,61,60,0.0163934
2049,61,60,0.0163934
2050,61,60,0.0163934
2051,61,60,0.0163934
2052,61,60,0.0163934
2053,61,60,0.0163934
2054,61,60,0.0163934
2055,61,60,0.0163934
2056,61,60,0.0163934
2057,61,60,0.0163934
2058,61,60,0.0163934
2059,61,60,0.0163934
2060,61,60,0.0163934
2061,61,60,0.0163934
2062,61,60,0.0163934
2063,61,60,0.0163934
2064,61,60,0.0163934
2065,61,60,0.0163934
2066,61,60,0.0163934
2067,61,60,0.0163934
2068,61,60,0.0163934
2069,61,60,0.0163934
2070,61,60,0.0163934
2071,61,60,0.0163934
2073,61,60,0.0163934
2073,61,60,0.0163934
2075,61,60,0.0163934
2075,61,60,0.0163934
2076,61,60,0.0163934
2077,61,60,0.0163934
2078,61,60,0.0163934
2079,61,60,0.0163934
2080,61,60,0.0163934
2081,61,60,0.0163934
2082,61,60,0.0163934
2083,61,60,0.0163934
2084,61,60,0.0163934
2085,61,60,0.0163934
2086,61,60,0.0163934
2087,61,60,0.0163934
2088,61,60,0.0163934
2089,61,60,0.0163934
2090,61,60,0.0163934
2091,61,60,0.0163934
2092,61,60,0.0163934
2093,61,60,0.0163934
2094,61,60,0.0163934
2095,61,60,0.0163934
2096,61,60,0.0163934
2097,61,60,0.0163934
2098,61,60,0.0163934
2098,61,60,0.0163934
2099,61,60,0.0163934
2100,61,60,0.0163934
2101,61,60,0.0163934
2103,61,60,0.0163934
2104,61,60,0.0163934
2105,61,60,0.0163934
2106,61,60,0.0163934
2107,61,60,0.0163934
2108,61,60,0.0163934
2109,61,60,0.0163934
2110,61,60,0.0163934
2111,61,60,0.0163934
2111,61,60,0.0163934
2113,61,60,0.0163934
2114,61,60,0.0163934
2114,61,60,0.0163934
2115,61,60,0.0163934
2116,61,60,0.0163934
2117,61,60,0.0163934
2118,61,60,0.0163934
2119,61,60,0.0163934
2120,61,60,0.0163934
2121,61,60,0.0163934
2122,61,60,0.0163934
2123,61,60,0.0163934
2124,61,60,0.0163934
2125,61,60,0.0163934
2126,61,60,0.0163934
2127,61,60,0.0163934
2128,61,60,0.0163934
2129,61,60,0.0163934
2130,61,60,0.0163934
2131,61,60,0.0163934
2132,61,60,0.0163934
2132,61,60,0.0163934
2134,61,60,0.0163934
2135,61,60,0.0163934
2136,61,60,0.0163934
2137,61,60,0.0163934
2138,61,60,0.0163934
2139,61,60,0.0163934
2140,61,60,0.0163934
2141,61,60,0.0163934
2142,61,60,0.0163934
2143,61,60,0.0163934
2144,61,60,0.0163934
2145,61,60,0.0163934
2146,61,60,0.0163934
2147,61,60,0.0163934
2148,61,60,0.0163934
2149,61,60,0.0163934
2150,61,60,0.0163934
2152,61,60,0.0163934
2153,61,60,0.0163934
2153,61,60,0.0163934
2154,61,60,0.0163934
2155,61,60,0.0163934
2156,61,60,0.0163934
2157,61,60,0.0163934
2158,61,60,0.0163934
2159,61,60,0.0163934
2160,61,60,0.0163934
2161,61,60,0.0163934
2161,61,60,0.0163934
2162,61,60,0.0163934
2163,61,60,0.0163934
2164,61,60,0.0163934
2165,61,60,0.0163934
2166,61,60,0.0163934
2166,61,60,0.0163934
2168,61,60,0.0163934
2169,61,60,0.0163934
2170,61,60,0.0163934
2170,61,60,0.0163934
2171,61,60,0.0163934
2172,61,60,0.0163934
2173,61,60,0.0163934
2175,61,60,0.0163934
2175,61,60,0.0163934
2176,61,60,0.0163934
2177,61,60,0.0163934
2178,61,60,0.0163934
2178,61,60,0.0163934
2179,61,60,0.0163934
2180,61,60,0.0163934
2181,61,60,0.0163934
2182,61,60,0.0163934
2183,61,60,0.0163934
2184,61,60,0.0163934
2184,61,60,0.0163934
2185,61,60,0.0163934
2186,61,60,0.0163934
2187,61,60,0.0163934
2188,61,60,0.0163934
2189,61,60,0.0163934
2190,61,60,0.0163934
2190,61,60,0.0163934
2191,61,60,0.0163934
2192,61,60,0.0163934
2193,61,60,0.0163934
2194,61,60,0.0163934
2194,61,60,0.0163934
2195,61,60,0.0163934
2196,61,60,0.0163934
2197,61,60,0.0163934
2198,61,60,0.0163934
2199,61,60,0.0163934
2200,61,60,0.0163934
2201,61,60,0.0163934
2202,61,60,0.0163934
2203,61,60,0.0163934
2204,61,60,0.0163934
2205,61,60,0.0163934
2206,61,60,0.0163934
2207,61,60,0.0163934
2208,61,60,0.0163934
2209,61,60,0.0163934
2209,61,60,0.0163934
2210,61,60,0.0163934
2211,61,60,0.0163934
2212,61,60,0.0163934
2213,61,60,0.0163934
2214,61,60,0.0163934
2215,61,60,0.0163934
2216,61,60,0.0163934
2216,61,60,0.0163934
2218,61,60,0.0163934
2219,61,60,0.0163934
2219,61,60,0.0163934
2220,61,60,0.0163934
2221,61,60,0.0163934
2222,61,60,0.0163934
2223,61,60,0.0163934
2224,61,60,0.0163934
2225,61,60,0.0163934
2226,61,60,0.0163934
2226,61,60,0.0163934
2227,61,60,0.0163934
2228,61,60,0.0163934
2229,61,60,0.0163934
2230,61,60,0.0163934
2230,61,60,0.0163934
2231,61,60,0.0163934
2233,61,60,0.0163934
2234,61,60,0.0163934
2235,61,60,0.0163934
2235,61,60,0.0163934
2236,61,60,0.0163934
2237,61,60,0.0163934
2238,61,60,0.0163934
2239,61,60,0.0163934
2240,61,60,0.0163934
2241,61,60,0.0163934
2242,61,60,0.0163934
2244,61,60,0.0163934
2245,61,60,0.0163934
2245,61,60,0.0163934
2246,61,60,0.0163934
2247,61,60,0.0163934
2248,61,60,0.0163934
2249,61,60,0.0163934
2249,61,60,0.0163934
2250,61,60,0.0163934
2251,61,60,0.0163934
2252,61,60,0.0163934
2253,61,60,0.0163934
2255,61,60,0.0163934
2256,61,60,0.0163934
2257,61,60,0.0163934
2257,61,60,0.0163934
2258,61,60,0.0163934
2259,61,60,0.0163934
2260,61,60,0.0163934
2261,61,60,0.0163934
2262,61,60,0.0163934
2262,61,60,0.0163934
2263,61,60,0.0163934
2264,61,60,0.0163934
2265,61,60,0.0163934
2266,61,60,0.0163934
2267,61,60,0.0163934
2268,61,60,0.0163934
2268,61,60,0.0163934
2269,61,60,0.0163934
2270,61,60,0.0163934
2271,61,60,0.0163934
2271,61,60,0.0163934
2273,61,60,0.0163934
2274,61,60,0.0163934
2275,61,60,0.0163934
2276,61,60,0.0163934
2277,61,60,0.0163934
2278,61,60,0.0163934
2279,61,60,0.0163934
2280,61,60,0.0163934
2281,61,60,0.0163934
2282,61,60,0.0163934
2283,61,60,0.0163934
2284,61,60,0.0163934
2284,61,60,0.0163934
2285,61,60,0.0163934
2286,61,60,0.0163934
2288,61,60,0.0163934
2289,61,60,0.0163934
2290,61,60,0.0163934
2291,61,60,0.0163934
2292,61,60,0.0163934
2293,61,60,0.0163934
2294,61,60,0.0163934
2295,61,60,0.0163934
2296,61,60,0.0163934
2296,61,60,0.0163934
2297,61,60,0.0163934
2298,61,60,0.0163934
2299,61,60,0.0163934
2300,61,60,0.0163934
2300,61,60,0.0163934
2301,61,60,0.0163934
2302,61,60,0.0163934
2303,61,60,0.0163934
2304,61,60,0.0163934
2305,61,60,0.0163934
2306,61,60,0.0163934
2307,61,60,0.0163934
2307,61,60,0.0163934
2308,61,60,0.0163934
2309,61,60,0.0163934
2310,61,60,0.0163934
2311,61,60,0.0163934
2312,61,60,0.0163934
2312,61,60,0.0163934
2313,61,60,0.0163934
2314,61,60,0.0163934
2315,61,60,0.0163934
2316,61,60,0.0163934
2317,61,60,0.0163934
2317,61,60,0.0163934
2318,61,60,0.0163934
2319,61,60,0.0163934
2320,61,60,0.0163934
2321,61,60,0.0163934
2322,61,60,0.0163934
2322,61,60,0.0163934
2323,61,60,0.0163934
2324,61,60,0.0163934
2325,61,60,0.0163934
2326,61,60,0.0163934
2327,61,60,0.0163934
2328,61,60,0.0163934
2329,61,60,0.0163934
2330,61,60,0.0163934
2331,61,60,0.0163934
2331,61,60,0.0163934
2332,61,60,0.0163934
2333,61,60,0.0163934
2334,61,60,0.0163934
2335,61,60,0.0163934
2336,61,60,0.0163934
2337,61,60,0.0163934
2338,61,60,0.0163934
2338,61,60,0.0163934
2339,61,60,0.0163934
2340,61,60,0.0163934
2341,61,60,0.0163934
2342,61,60,0.0163934
2343,61,60,0.0163934
2344,61,60,0.0163934
2344,61,60,0.0163934
2345,61,60,0.0163934
2346,61,60,0.0163934
2347,61,60,0.0163934
2348,61,60,0.0163934
2349,61,60,0.0163934
2350,61,60,0.0163934
2351,61,60,0.0163934
2351,61,60,0.0163934
2353,61,60,0.0163934
2354,61,60,0.0163934
2355,61,60,0.0163934
2356,61,60,0.0163934
2357,61,60,0.0163934
2358,61,60,0.0163934
2359,61,60,0.0163934
2360,61,60,0.0163934
2361,61,60,0.0163934
2361,61,60,0.0163934
2362,61,60,0.0163934
2363,61,60,0.0163934
2364,61,60,0.0163934
2365,61,60,0.0163934
2366,61,60,0.0163934
2367,61,60,0.0163934
2367,61,60,0.0163934
2368,61,60,0.0163934
2369,61,60,0.0163934
2370,61,60,0.0163934
2370,61,60,0.0163934
2371,61,60,0.0163934
2372,61,60,0.0163934
2374,61,60,0.0163934
2374,61,60,0.0163934
2375,61,60,0.0163934
2376,61,60,0.0163934
2377,61,60,0.0163934
2378,61,60,0.0163934
2379,61,60,0.0163934
2380,61,60,0.0163934
2381,61,60,0.0163934
2381,61,60,0.0163934
2382,61,60,0.0163934
2383,61,60,0.0163934
2384,61,60,0.0163934
2385,61,60,0.0163934
2386,61,60,0.0163934
2387,61,60,0.0163934
2388,61,60,0.0163934
2389,61,60,0.0163934
2390,61,60,0.0163934
2391,61,60,0.0163934
2392,61,60,0.0163934
2393,61,60,0.0163934
2394,61,60,0.0163934
2395,61,60,0.0163934
2396,61,60,0.0163934
2397,61,60,0.0163934
2397,61,60,0.0163934
2398,61,60,0.0163934
2399,61,60,0.0163934
2400,61,60,0.0163934
2401,61,60,0.0163934
2402,61,60,0.0163934
2403,61,60,0.0163934
2404,61,60,0.0163934
2404,61,60,0.0163934
2405,61,60,0.0163934
2406,61,60,0.0163934
2407,61,60,0.0163934
2408,61,60,0.0163934
2409,61,60,0.0163934
2409,61,60,0.0163934
2410,61,60,0.0163934
2411,61,60,0.0163934
2413,61,60,0.0163934
2413,61,60,0.0163934
2414,61,60,0.0163934
2415,61,60,0.0163934
2416,61,60,0.0163934
2417,61,60,0.0163934
2418,61,60,0.0163934
2418,61,60,0.0163934
2419,61,60,0.0163934
2420,61,60,0.0163934
2421,61,60,0.0163934
2422,61,60,0.0163934
2423,61,60,0.0163934
2424,61,60,0.0163934
2425,61,60,0.0163934
2426,61,60,0.0163934
2427,61,60,0.0163934
2428,61,60,0.0163934
2429,61,60,0.0163934
2430,61,60,0.0163934
2431,61,60,0.0163934
2432,61,60,0.0163934
2433,61,60,0.0163934
2434,61,60,0.0163934
2435,61,60,0.0163934
2436,61,60,0.0163934
2437,61,60,0.0163934
2438,61,60,0.0163934
2439,61,60,0.0163934
2440,61,60,0.0163934
2441,61,60,0.0163934
2442,61,60,0.0163934
2443,61,60,0.0163934
2444,61,60,0.0163934
2445,61,60,0.0163934
2446,61,60,0.0163934
2447,61,60,0.0163934
2448,61,60,0.0163934
2449,61,60,0.0163934
2450,61,60,0.0163934
2451,61,60,0.0163934
2452,61,60,0.0163934
2453,61,60,0.0163934
2454,61,60,0.0163934
2455,61,60,0.0163934
2456,61,60,0.0163934
2457,61,60,0.0163934
2458,61,60,0.0163934
2459,61,60,0.0163934
2460,61,60,0.0163934
2461,61,60,0.0163934
2462,61,60,0.0163934
2463,61,60,0.0163934
2464,61,60,0.0163934
2464,61,60,0.0163934
2465,61,60,0.0163934
2466,61,60,0.0163934
2467,61,60,0.0163934
2468,61,60,0.0163934
2469,61,60,0.0163934
2470,61,60,0.0163934
2470,61,60,0.0163934
2471,61,60,0.0163934
2472,61,60,0.0163934
2473,61,60,0.0163934
2474,61,60,0.0163934
2474,61,60,0.0163934
2475,61,60,0.0163934
2476,61,60,0.0163934
2477,61,60,0.0163934
2478,61,60,0.0163934
2479,61,60,0.0163934
2480,61,60,0.0163934
2481,61,60,0.0163934
2482,61,60,0.0163934
2483,61,60,0.0163934
2483,61,60,0.0163934
2484,61,60,0.0163934
2485,61,60,0.0163934
2486,61,60,0.0163934
2487,61,60,0.0163934
2488,61,60,0.0163934
2489,61,60,0.0163934
2490,61,60,0.0163934
2491,61,60,0.0163934
2492,61,60,0.0163934
2493,61,60,0.0163934
2494,61,60,0.0163934
2496,61,60,0.0163934
2497,61,60,0.0163934
2498,61,60,0.0163934
2499,61,60,0.0163934
2500,61,60,0.0163934
2501,61,60,0.0163934
2501,61,60,0.0163934
2502,61,60,0.0163934
2503,61,60,0.0163934
2504,61,60,0.0163934
2505,61,60,0.0163934
2506,61,60,0.0163934
2507,61,60,0.0163934
2508,61,60,0.0163934
2509,61,60,0.0163934
2509,61,60,0.0163934
2510,61,60,0.0163934
2511,61,60,0.0163934
2512,61,60,0.0163934
2513,61,60,0.0163934
2514,61,60,0.0163934
2515,61,60,0.0163934
2516,61,60,0.0163934
2517,61,60,0.0163934
2518,61,60,0.0163934
2519,61,60,0.0163934
2519,61,60,0.0163934
2520,61,60,0.0163934
2521,61,60,0.0163934
2522,61,60,0.0163934
2523,61,60,0.0163934
2524,61,60,0.0163934
2524,61,60,0.0163934
2525,61,60,0.0163934
2526,61,60,0.0163934
2527,61,60,0.0163934
2528,61,60,0.0163934
2528,61,60,0.0163934
2529,61,60,0.0163934
2530,61,60,0.0163934
2531,61,60,0.0163934
2532,61,60,0.0163934
2532,61,60,0.0163934
2533,61,60,0.0163934
2534,61,60,0.0163934
2535,61,60,0.0163934
2536,61,60,0.0163934
2536,61,60,0.0163934
2537,61,60,0.0163934
2538,61,60,0.0163934
2539,61,60,0.0163934
2540,61,60,0.0163934
2540,61,60,0.0163934
2541,61,60,0.0163934
2542,61,60,0.0163934
2543,61,60,0.0163934
2544,61,60,0.0163934
2545,61,60,0.0163934
2546,61,60,0.0163934
2546,61,60,0.0163934
2547,61,60,0.0163934
2548,61,60,0.0163934
2549,61,60,0.0163934
2550,61,60,0.0163934
2551,61,60,0.0163934
2551,61,60,0.0163934
2552,61,60,0.0163934
2553,61,60,0.0163934
2555,61,60,0.0163934
2556,61,60,0.0163934
2557,61,60,0.0163934
2557,61,60,0.0163934
2558,61,60,0.0163934
2559,61,60,0.0163934
2560,61,60,0.0163934
2561,61,60,0.0163934
2562,61,60,0.0163934
2563,61,60,0.0163934
2564,61,60,0.0163934
2565,61,60,0.0163934
2566,61,60,0.0163934
2567,61,60,0.0163934
2568,61,60,0.0163934
2569,61,60,0.0163934
2570,61,60,0.0163934
2571,61,60,0.0163934
2572,61,60,0.0163934
2573,61,60,0.0163934
2575,61,60,0.0163934
2575,61,60,0.0163934
2576,61,60,0.0163934
2577,61,60,0.0163934
2578,61,60,0.0163934
2579,61,60,0.0163934
2580,61,60,0.0163934
2581,61,60,0.0163934
2582,61,60,0.0163934
2582,61,60,0.0163934
2583,61,60,0.0163934
2584,61,60,0.0163934
2585,61,60,0.0163934
2586,61,60,0.0163934
2587,61,60,0.0163934
2588,61,60,0.0163934
2589,61,60,0.0163934
2590,61,60,0.0163934
2591,61,60,0.0163934
2592,61,60,0.0163934
2592,61,60,0.0163934
2593,61,60,0.0163934
2594,61,60,0.0163934
2595,61,60,0.0163934
2596,61,60,0.0163934
2597,61,60,0.0163934
2598,61,60,0.0163934
2600,61,60,0.0163934
2601,61,60,0.0163934
2602,61,60,0.0163934
2603,61,60,0.0163934
2604,61,60,0.0163934
2605,61,60,0.0163934
2607,61,60,0.0163934
2608,61,60,0.0163934
2609,61,60,0.0163934
2610,61,60,0.0163934
2611,61,60,0.0163934
2612,61,60,0.0163934
2613,61,60,0.0163934
2614,61,60,0.0163934
2615,61,60,0.0163934
2616,61,60,0.0163934
2617,61,60,0.0163934
2618,61,60,0.0163934
2619,61,60,0.0163934
2620,61,60,0.0163934
2622,61,60,0.0163934
2623,61,60,0.0163934
2624,61,60,0.0163934
2625,61,60,0.0163934
2626,61,60,0.0163934
2627,61,60,0.0163934
2628,61,60,0.0163934
2629,61,60,0.0163934
2630,61,60,0.0163934
2631,61,60,0.0163934
2633,61,60,0.0163934
2634,61,60,0.0163934
2635,61,60,0.0163934
2636,61,60,0.0163934
2637,61,60,0.0163934
2638,61,60,0.0163934
2639,61,60,0.0163934
2639,61,60,0.0163934
2640,61,60,0.0163934
2641,61,60,0.0163934
2642,61,60,0.0163934
2643,61,60,0.0163934
2645,61,60,0.0163934
2646,61,60,0.0163934
2647,61,60,0.0163934
2648,61,60,0.0163934
2649,61,60,0.0163934
2650,61,60,0.0163934
2651,61,60,0.0163934
2652,61,60,0.0163934
2653,61,60,0.0163934
2654,61,60,0.0163934
2655,61,60,0.0163934
2656,61,60,0.0163934
2657,61,60,0.0163934
2658,61,60,0.0163934
2659,61,60,0.0163934
2660,61,60,0.0163934
2661,61,60,0.0163934
2662,61,60,0.0163934
2663,61,60,0.0163934
2664,61,60,0.0163934
2665,61,60,0.0163934
2666,61,60,0.0163934
2667,61,60,0.0163934
2668,61,60,0.0163934
2669,61,60,0.0163934
2671,61,60,0.0163934
2672,61,60,0.0163934
2673,61,60,0.0163934
2674,61,60,0.0163934
2675,61,60,0.0163934
2676,61,60,0.0163934
2677,61,60,0.0163934
2678,61,60,0.0163934
2679,61,60,0.0163934
2680,61,60,0.0163934
2680,61,60,0.0163934
2681,61,60,0.0163934
2682,61,60,0.0163934
2683,61,60,0.0163934
2684,61,60,0.0163934
2685,61,60,0.0163934
2686,61,60,0.0163934
2687,61,60,0.0163934
2688,61,60,0.0163934
2689,61,60,0.0163934
2690,61,60,0.0163934
2691,61,60,0.0163934
2692,61,60,0.0163934
2693,61,60,0.0163934
2694,61,60,0.0163934
2694,61,60,0.0163934
2695,61,60,0.0163934
2696,61,60,0.0163934
2697,61,60,0.0163934
2698,61,60,0.0163934
2699,61,60,0.0163934
2700,61,60,0.0163934
2701,61,60,0.0163934
2703,61,60,0.0163934
2704,61,60,0.0163934
2705,61,60,0.0163934
2706,61,60,0.0163934
2707,61,60,0.0163934
2708,61,60,0.0163934
2709,61,60,0.0163934
2710,61,60,0.0163934
2711,61,60,0.0163934
2712,61,60,0.0163934
2712,61,60,0.0163934
2713,61,60,0.0163934
2714,61,60,0.0163934
2715,61,60,0.0163934
2717,61,60,0.0163934
2717,61,60,0.0163934
2718,61,60,0.0163934
2719,61,60,0.0163934
2720,61,60,0.0163934
2721,61,60,0.0163934
2723,61,60,0.0163934
2724,61,60,0.0163934
2725,61,60,0.0163934
2726,61,60,0.0163934
2726,61,60,0.0163934
2727,61,60,0.0163934
2728,61,60,0.0163934
2729,61,60,0.0163934
2730,61,60,0.0163934
2731,61,60,0.0163934
2732,61,60,0.0163934
2734,61,60,0.0163934
2735,61,60,0.0163934
2735,61,60,0.0163934
2736,61,60,0.0163934
2737,61,60,0.0163934
2738,61,60,0.0163934
2740,61,60,0.0163934
2741,61,60,0.0163934
2742,61,60,0.0163934
2743,61,60,0.0163934
2744,61,60,0.0163934
2745,61,60,0.0163934
2746,61,60,0.0163934
2747,61,60,0.0163934
2748,61,60,0.0163934
2749,61,60,0.0163934
2750,61,60,0.0163934
2751,61,60,0.0163934
2752,61,60,0.0163934
2754,61,60,0.0163934
2755,61,60,0.0163934
2756,61,60,0.0163934
2757,61,60,0.0163934
2758,61,60,0.0163934
2759,61,60,0.0163934
2760,61,60,0.0163934
2761,61,60,0.0163934
2762,61,60,0.0163934
2763,61,60,0.0163934
2764,61,60,0.0163934
2765,61,60,0.0163934
2766,61,60,0.0163934
2767,61,60,0.0163934
2768,61,60,0.0163934
2769,61,60,0.0163934
2771,61,60,0.0163934
2772,61,60,0.0163934
2773,61,60,0.0163934
2775,61,60,0.0163934
2776,61,60,0.0163934
2776,61,60,0.0163934
2777,61,60,0.0163934
2778,61,60,0.0163934
2779,61,60,0.0163934
2780,61,60,0.0163934
2781,61,60,0.0163934
2782,61,60,0.0163934
2783,61,60,0.0163934
2785,61,60,0.0163934
2786,61,60,0.0163934
2787,61,60,0.0163934
2788,61,60,0.0163934
2789,61,60,0.0163934
2790,61,60,0.0163934
2791,61,60,0.0163934
2792,61,60,0.0163934
2793,61,60,0.0163934
2794,61,60,0.0163934
2795,61,60,0.0163934
2796,61,60,0.0163934
2796,61,60,0.0163934
2797,61,60,0.0163934
2798,61,60,0.0163934
2799,61,60,0.0163934
2800,61,60,0.0163934
2801,61,60,0.0163934
2802,61,60,0.0163934
2803,61,60,0.0163934
2804,61,60,0.0163934
2805,61,60,0.0163934
2806,61,60,0.0163934
2808,61,60,0.0163934
2808,61,60,0.0163934
2809,61,60,0.0163934
2810,61,60,0.0163934
2811,61,60,0.0163934
2812,61,60,0.0163934
2813,61,60,0.0163934
2814,61,60,0.0163934
2815,61,60,0.0163934
2816,61,60,0.0163934
2817,61,60,0.0163934
2818,61,60,0.0163934
2819,61,60,0.0163934
2820,61,60,0.0163934
2821,61,60,0.0163934
2822,61,60,0.0163934
2823,61,60,0.0163934
2824,61,60,0.0163934
2825,61,60,0.0163934
2826,61,60,0.0163934
2826,61,60,0.0163934
2827,61,60,0.0163934
2828,61,60,0.0163934
2829,61,60,0.0163934
2830,61,60,0.0163934
2831,61,60,0.0163934
2832,61,60,0.0163934
2833,61,60,0.0163934
2834,61,60,0.0163934
2835,61,60,0.0163934
2836,61,60,0.0163934
2837,61,60,0.0163934
2838,61,60,0.0163934
2839,61,60,0.0163934
2840,61,60,0.0163934
2841,61,60,0.0163934
2841,61,60,0.0163934
2842,61,60,0.0163934
2843,61,60,0.0163934
2844,61,60,0.0163934
2845,61,60,0.0163934
2847,61,60,0.0163934
2847,61,60,0.0163934
2848,61,60,0.0163934
2849,61,60,0.0163934
2851,61,60,0.0163934
2853,61,60,0.0163934
2854,61,60,0.0163934
2855,61,60,0.0163934
2856,61,60,0.0163934
2857,61,60,0.0163934
2858,61,60,0.0163934
2859,61,60,0.0163934
2860,61,60,0.0163934
2861,61,60,0.0163934
2862,61,60,0.0163934
2863,61,60,0.0163934
2864,61,60,0.0163934
2865,61,60,0.0163934
2866,61,60,0.0163934
2868,61,60,0.0163934
2869,61,60,0.0163934
2871,61,60,0.0163934
2873,61,60,0.0163934
2875,61,60,0.0163934
2877,61,60,0.0163934
2877,61,60,0.0163934
2878,61,60,0.0163934
2879,61,60,0.0163934
2880,61,60,0.0163934
2881,61,60,0.0163934
2882,61,60,0.0163934
2883,61,60,0.0163934
2884,61,60,0.0163934
2885,61,60,0.0163934
2886,61,60,0.0163934
2887,61,60,0.0163934
2889,61,60,0.0163934
2890,61,60,0.0163934
2891,61,60,0.0163934
2892,61,60,0.0163934
2893,61,60,0.0163934
2894,61,60,0.0163934
2894,61,60,0.0163934
2895,61,60,0.0163934
2896,61,60,0.0163934
2897,61,60,0.0163934
2898,61,60,0.0163934
2899,61,60,0.0163934
2900,61,60,0.0163934
2901,61,60,0.0163934
2903,61,60,0.0163934
2904,61,60,0.0163934
2905,61,60,0.0163934
2906,61,60,0.0163934
2907,61,60,0.0163934
2908,61,60,0.0163934
2909,61,60,0.0163934
2910,61,60,0.0163934
2911,61,60,0.0163934
2912,61,60,0.0163934
2913,61,60,0.0163934
2914,61,60,0.0163934
2915,61,60,0.0163934
2916,61,60,0.0163934
2917,61,60,0.0163934
2919,61,60,0.0163934
2920,61,60,0.0163934
2921,61,60,0.0163934
2922,61,60,0.0163934
2924,61,60,0.0163934
2925,61,60,0.0163934
2926,61,60,0.0163934
2927,61,60,0.0163934
2928,61,60,0.0163934
2929,61,60,0.0163934
2929,61,60,0.0163934
2930,61,60,0.0163934
2931,61,60,0.0163934
2933,61,60,0.0163934
2934,61,60,0.0163934
2935,61,60,0.0163934
2936,61,60,0.0163934
2937,61,60,0.0163934
2939,61,60,0.0163934
2940,61,60,0.0163934
2941,61,60,0.0163934
2942,61,60,0.0163934
2943,61,60,0.0163934
2944,61,60,0.0163934
2944,61,60,0.0163934
2945,61,60,0.0163934
2946,61,60,0.0163934
2947,61,60,0.0163934
2948,61,60,0.0163934
2949,61,60,0.0163934
2950,61,60,0.0163934
2951,61,60,0.0163934
2952,61,60,0.0163934
2953,61,60,0.0163934
2954,61,60,0.0163934
2956,61,60,0.0163934
2957,61,60,0.0163934
2958,61,60,0.0163934
2959,61,60,0.0163934
2960,61,60,0.0163934
2961,61,60,0.0163934
2962,61,60,0.0163934
2963,61,60,0.0163934
2964,61,60,0.0163934
2965,61,60,0.0163934
2966,61,60,0.0163934
2967,61,60,0.0163934
2968,61,60,0.0163934
2969,61,60,0.0163934
2970,61,60,0.0163934
2971,61,60,0.0163934
2972,61,60,0.0163934
2973,61,60,0.0163934
2974,61,60,0.0163934
2975,61,60,0.0163934
2976,61,60,0.0163934
2977,61,60,0.0163934
2978,61,60,0.0163934
2979,61,60,0.0163934
2980,61,60,0.0163934
2981,61,60,0.0163934
2982,61,60,0.0163934
2983,61,60,0.0163934
2984,61,60,0.0163934
2985,61,60,0.0163934
2986,61,60,0.0163934
2987,61,60,0.0163934
2988,61,60,0.0163934
2989,61,60,0.0163934
2990,61,60,0.0163934
2991,61,60,0.0163934
2992,61,60,0.0163934
2993,61,60,0.0163934
2994,61,60,0.0163934
2995,61,60,0.0163934
2996,61,60,0.0163934
2997,61,60,0.0163934
2998,61,60,0.0163934
2999,61,60,0.0163934
3000,61,60,0.0163934
3001,61,60,0.0163934
3002,61,60,0.0163934
3004,61,60,0.0163934
3005,61,60,0.0163934
3006,61,60,0.0163934
3006,61,60,0.0163934
3007,61,60,0.0163934
3008,61,60,0.0163934
3009,61,60,0.0163934
3010,61,60,0.0163934
3011,61,60,0.0163934
3012,61,60,0.0163934
3013,61,60,0.0163934
3014,61,60,0.0163934
3016,61,60,0.0163934
3017,61,60,0.0163934
3018,61,60,0.0163934
3019,61,60,0.0163934
3020,61,60,0.0163934
3022,61,60,0.0163934
3023,61,60,0.0163934
3024,61,60,0.0163934
3025,61,60,0.0163934
3026,61,60,0.0163934
3027,61,60,0.0163934
3028,61,60,0.0163934
3029,61,60,0.0163934
3030,61,60,0.0163934
3031,61,60,0.0163934
3032,61,60,0.0163934
3033,61,60,0.0163934
3034,61,60,0.0163934
3036,61,60,0.0163934
3037,61,60,0.0163934
3038,61,60,0.0163934
3039,61,60,0.0163934
3040,61,60,0.0163934
3041,61,60,0.0163934
3043,61,60,0.0163934
3044,61,60,0.0163934
3045,61,60,0.0163934
3046,61,60,0.0163934
3047,61,60,0.0163934
3048,61,60,0.0163934
3049,61,60,0.0163934
3050,61,60,0.0163934
3051,61,60,0.0163934
3052,61,60,0.0163934
3053,61,60,0.0163934
3054,61,60,0.0163934
3055,61,60,0.0163934
3056,61,60,0.0163934
3057,61,60,0.0163934
3059,61,60,0.0163934
3060,61,60,0.0163934
3061,61,60,0.0163934
3062,61,60,0.0163934
3063,61,60,0.0163934
3064,61,60,0.0163934
3065,61,60,0.0163934
3066,61,60,0.0163934
3067,61,60,0.0163934
3069,61,60,0.0163934
3070,61,60,0.0163934
3071,61,60,0.0163934
3072,61,60,0.0163934
3074,61,60,0.0163934
3075,61,60,0.0163934
3076,61,60,0.0163934
3077,61,60,0.0163934
3079,61,60,0.0163934
3079,61,60,0.0163934
3081,61,60,0.0163934
3082,61,60,0.0163934
3083,61,60,0.0163934
3085,61,60,0.0163934
3086,61,60,0.0163934
3087,61,60,0.0163934
3088,61,60,0.0163934
3089,61,60,0.0163934
3090,61,60,0.0163934
3091,61,60,0.0163934
3092,61,60,0.0163934
3094,61,60,0.0163934
3095,61,60,0.0163934
3096,61,60,0.0163934
3097,61,60,0.0163934
3099,61,60,0.0163934
3100,61,60,0.0163934
3101,61,60,0.0163934
3102,61,60,0.0163934
3103,61,60,0.0163934
3104,61,60,0.0163934
3105,61,60,0.0163934
3106,61,60,0.0163934
3107,61,60,0.0163934
3108,61,60,0.0163934
3110,61,60,0.0163934
3111,61,60,0.0163934
3112,61,60,0.0163934
3113,61,60,0.0163934
3113,61,60,0.0163934
3114,61,60,0.0163934
3115,61,60,0.0163934
3117,61,60,0.0163934
3118,61,60,0.0163934
3118,61,60,0.0163934
3119,61,60,0.0163934
3121,61,60,0.0163934
3122,61,60,0.0163934
3123,61,60,0.0163934
3124,61,60,0.0163934
3125,61,60,0.0163934
3126,61,60,0.0163934
3127,61,60,0.0163934
3129,61,60,0.0163934
3130,61,60,0.0163934
3131,61,60,0.0163934
3132,61,60,0.0163934
3132,61,60,0.0163934
3133,61,60,0.0163934
3134,61,60,0.0163934
3136,61,60,0.0163934
3137,61,60,0.0163934
3138,61,60,0.0163934
3139,61,60,0.0163934
3140,61,60,0.0163934
3141,61,60,0.0163934
3142,61,60,0.0163934
3143,61,60,0.0163934
3143,61,60,0.0163934
3144,61,60,0.0163934
3145,61,60,0.0163934
3146,61,60,0.0163934
3147,61,60,0.0163934
3148,61,60,0.0163934
3150,61,60,0.0163934
3151,61,60,0.0163934
3152,61,60,0.0163934
3153,61,60,0.0163934
3153,61,60,0.0163934
3154,61,60,0.0163934
3155,61,60,0.0163934
3156,61,60,0.0163934
3158,61,60,0.0163934
3159,61,60,0.0163934
3160,61,60,0.0163934
3161,61,60,0.0163934
3163,61,60,0.0163934
3164,61,60,0.0163934
3164,61,60,0.0163934
3166,61,60,0.0163934
3167,61,60,0.0163934
3168,61,60,0.0163934
3169,61,60,0.0163934
3170,61,60,0.0163934
3171,61,60,0.0163934
3172,61,60,0.0163934
3174,61,60,0.0163934
3175,61,60,0.0163934
3176,61,60,0.0163934
3177,61,60,0.0163934
3178,61,60,0.0163934
3179,61,60,0.0163934
3185,61,60,0.0163934
3186,61,60,0.0163934
3187,61,60,0.0163934
3188,61,60,0.0163934
3189,61,60,0.0163934
3190,61,60,0.0163934
3191,61,60,0.0163934
3192,61,60,0.0163934
3193,61,60,0.0163934
3194,61,60,0.0163934
3196,61,60,0.0163934
3197,61,60,0.0163934
3198,61,60,0.0163934
3199,61,60,0.0163934
3200,61,60,0.0163934
3201,61,60,0.0163934
3202,61,60,0.0163934
3203,61,60,0.0163934
3204,61,60,0.0163934
3205,61,60,0.0163934
3206,61,60,0.0163934
3207,61,60,0.0163934
3208,61,60,0.0163934
3209,61,60,0.0163934
3210,61,60,0.0163934
3211,61,60,0.0163934
3212,61,60,0.0163934
3213,61,60,0.0163934
3214,61,60,0.0163934
3215,61,60,0.0163934
3216,61,60,0.0163934
3217,61,60,0.0163934
3218,61,60,0.0163934
3219,61,60,0.0163934
3220,61,60,0.0163934
3221,61,60,0.0163934
3222,61,60,0.0163934
3223,61,60,0.0163934
3224,61,60,0.0163934
3226,61,60,0.0163934
3227,61,60,0.0163934
3229,61,60,0.0163934
3230,61,60,0.0163934
3231,61,60,0.0163934
3233,61,60,0.0163934
3234,61,60,0.0163934
3235,61,60,0.0163934
3237,61,60,0.0163934
3238,61,60,0.0163934
3239,61,60,0.0163934
3240,61,60,0.0163934
3242,61,60,0.0163934
3243,61,60,0.0163934
3244,61,60,0.0163934
3246,61,60,0.0163934
3247,61,60,0.0163934
3248,61,60,0.0163934
3250,61,60,0.0163934
3251,61,60,0.0163934
3252,61,60,0.0163934
3253,61,60,0.0163934
3254,61,60,0.0163934
3255,61,60,0.0163934
3256,61,60,0.0163934
3257,61,60,0.0163934
3258,61,60,0.0163934
3259,61,60,0.0163934
3261,61,60,0.0163934
3262,61,60,0.0163934
3263,61,60,0.0163934
3264,61,60,0.0163934
3265,61,60,0.0163934
3266,61,60,0.0163934
3267,61,60,0.0163934
3268,61,60,0.0163934
3270,61,60,0.0163934
3271,61,60,0.0163934
3272,61,60,0.0163934
3273,61,60,0.0163934
3275,61,60,0.0163934
3276,61,60,0.0163934
3277,61,60,0.0163934
3278,61,60,0.0163934
3279,61,60,0.0163934
3280,61,60,0.0163934
3283,61,60,0.0163934
3284,61,60,0.0163934
3285,61,60,0.0163934
3287,61,60,0.0163934
3289,61,60,0.0163934
3290,61,60,0.0163934
3291,61,60,0.0163934
3292,61,60,0.0163934
3293,61,60,0.0163934
3294,61,60,0.0163934
3296,61,60,0.0163934
3297,61,60,0.0163934
3298,61,60,0.0163934
3299,61,60,0.0163934
3300,61,60,0.0163934
3301,61,60,0.0163934
3302,61,60,0.0163934
3303,61,60,0.0163934
3305,61,60,0.0163934
3306,61,60,0.0163934
3307,61,60,0.0163934
3308,61,60,0.0163934
3309,61,60,0.0163934
3310,61,60,0.0163934
3312,61,60,0.0163934
3313,61,60,0.0163934
3314,61,60,0.0163934
3315,61,60,0.0163934
3316,61,60,0.0163934
3317,61,60,0.0163934
3318,61,60,0.0163934
3321,61,60,0.0163934
3322,61,60,0.0163934
3323,61,60,0.0163934
3324,61,60,0.0163934
3326,61,60,0.0163934
3327,61,60,0.0163934
3328,61,60,0.0163934
3329,61,60,0.0163934
3330,61,60,0.0163934
3331,61,60,0.0163934
3332,61,60,0.0163934
3334,61,60,0.0163934
3335,61,60,0.0163934
3337,61,60,0.0163934
3339,61,60,0.0163934
3340,61,60,0.0163934
3342,61,60,0.0163934
3344,61,60,0.0163934
3345,61,60,0.0163934
3347,61,60,0.0163934
3348,61,60,0.0163934
3349,61,60,0.0163934
3350,61,60,0.0163934
3351,61,60,0.0163934
3352,61,60,0.0163934
3353,61,60,0.0163934
3355,61,60,0.0163934
3356,61,60,0.0163934
3357,61,60,0.0163934
3359,61,60,0.0163934
3360,61,60,0.0163934
3361,61,60,0.0163934
3362,61,60,0.0163934
3364,61,60,0.0163934
3366,61,60,0.0163934
3367,61,60,0.0163934
3368,61,60,0.0163934
3369,61,60,0.0163934
3370,61,60,0.0163934
3372,61,60,0.0163934
3373,61,60,0.0163934
3375,61,60,0.0163934
3377,61,60,0.0163934
3379,61,60,0.0163934
3380,61,60,0.0163934
3382,61,60,0.0163934
3383,61,60,0.0163934
3385,61,60,0.0163934
3387,61,60,0.0163934
3388,61,60,0.0163934
3392,61,60,0.0163934
3394,61,60,0.0163934
3395,61,60,0.0163934
3397,61,60,0.0163934
3400,61,60,0.0163934
3407,61,60,0.0163934
3410,61,60,0.0163934
3415,61,60,0.0163934
3419,61,60,0.0163934
3443,61,60,0.0163934
3452,61,60,0.0163934
3463,61,60,0.0163934
3464,61,60,0.0163934
3466,61,60,0.0163934
3468,61,60,0.0163934
3480,61,60,0.0163934
3483,61,60,0.0163934
3484,61,60,0.0163934
3485,61,60,0.0163934
3486,61,60,0.0163934
3488,61,60,0.0163934
3489,61,60,0.0163934
3490,61,60,0.0163934
3491,61,60,0.0163934
3493,61,60,0.0163934
3494,61,60,0.0163934
3495,61,60,0.0163934
3497,61,60,0.0163934
3498,61,60,0.0163934
3499,61,60,0.0163934
3500,61,60,0.0163934
3501,61,60,0.0163934
3502,61,60,0.0163934
3503,61,60,0.0163934
3505,61,60,0.0163934
3506,61,60,0.0163934
3507,61,60,0.0163934
3508,61,60,0.0163934
3510,61,60,0.0163934
3511,61,60,0.0163934
3512,61,60,0.0163934
3513,61,60,0.0163934
3515,61,60,0.0163934
3516,61,60,0.0163934
3517,61,60,0.0163934
3518,61,60,0.0163934
3519,61,60,0.0163934
3520,61,60,0.0163934
3521,61,60,0.0163934
3522,61,60,0.0163934
3524,61,60,0.0163934
3525,61,60,0.0163934
3527,61,60,0.0163934
3528,61,60,0.0163934
3530,61,60,0.0163934
3531,61,60,0.0163934
3532,61,60,0.0163934
3533,61,60,0.0163934
3534,61,60,0.0163934
3535,61,60,0.0163934
3536,61,60,0.0163934
3537,61,60,0.0163934
3539,61,60,0.0163934
3540,61,60,0.0163934
3541,61,60,0.0163934
3542,61,60,0.0163934
3543,61,60,0.0163934
3545,61,60,0.0163934
3546,61,60,0.0163934
3547,61,60,0.0163934
3548,61,60,0.0163934
3549,61,60,0.0163934
3551,61,60,0.0163934
3552,61,60,0.0163934
3554,61,60,0.0163934
3556,61,60,0.0163934
3557,61,60,0.0163934
3559,61,60,0.0163934
3561,61,60,0.0163934
3562,61,60,0.0163934
3563,61,60,0.0163934
3564,61,60,0.0163934
3566,61,60,0.0163934
3567,61,60,0.0163934
3569,61,60,0.0163934
3570,61,60,0.0163934
3571,61,60,0.0163934
3573,61,60,0.0163934
3574,61,60,0.0163934
3575,61,60,0.0163934
3576,61,60,0.0163934
3577,61,60,0.0163934
3578,61,60,0.0163934
3580,61,60,0.0163934
3581,61,60,0.0163934
3582,61,60,0.0163934
3583,61,60,0.0163934
3584,61,60,0.0163934
3586,61,60,0.0163934
3587,61,60,0.0163934
3588,61,60,0.0163934
3589,61,60,0.0163934
3590,61,60,0.0163934
3592,61,60,0.0163934
3593,61,60,0.0163934
3595,61,60,0.0163934
3596,61,60,0.0163934
3598,61,60,0.0163934
3600,61,60,0.0163934
3601,61,60,0.0163934
3602,61,60,0.0163934
3603,61,60,0.0163934
3604,61,60,0.0163934
3605,61,60,0.0163934
3606,61,60,0.0163934
3607,61,60,0.0163934
3608,61,60,0.0163934
3610,61,60,0.0163934
3611,61,60,0.0163934
3611,61,60,0.0163934
3612,61,60,0.0163934
3613,61,60,0.0163934
3615,61,60,0.0163934
3616,61,60,0.0163934
3618,61,60,0.0163934
3619,61,60,0.0163934
3620,61,60,0.0163934
3622,61,60,0.0163934
3623,61,60,0.0163934
3624,61,60,0.0163934
3625,61,60,0.0163934
3627,61,60,0.0163934
3628,61,60,0.0163934
3629,61,60,0.0163934
3630,61,60,0.0163934
3631,61,60,0.0163934
3633,61,60,0.0163934
3634,61,60,0.0163934
3636,61,60,0.0163934
3637,61,60,0.0163934
3639,61,60,0.0163934
3640,61,60,0.0163934
3642,61,60,0.0163934
3644,61,60,0.0163934
3645,61,60,0.0163934
3647,61,60,0.0163934
3649,61,60,0.0163934
3650,61,60,0.0163934
3652,61,60,0.0163934
3654,61,60,0.0163934
3656,61,60,0.0163934
3658,61,60,0.0163934
3660,61,60,0.0163934
3661,61,60,0.0163934
3663,61,60,0.0163934
3664,61,60,0.0163934
3666,61,60,0.0163934
3667,61,60,0.0163934
3668,61,60,0.0163934
3670,61,60,0.0163934
3671,61,60,0.0163934
3673,61,60,0.0163934
3674,61,60,0.0163934
3676,61,60,0.0163934
3677,61,60,0.0163934
3679,61,60,0.0163934
3681,61,60,0.0163934
3682,61,60,0.0163934
3683,61,60,0.0163934
3685,61,60,0.0163934
3687,61,60,0.0163934
3688,61,60,0.0163934
3690,61,60,0.0163934
3691,61,60,0.0163934
3692,61,60,0.0163934
3693,61,60,0.0163934
3695,61,60,0.0163934
3696,61,60,0.0163934
3697,61,60,0.0163934
3699,61,60,0.0163934
3700,61,60,0.0163934
3702,61,60,0.0163934
3704,61,60,0.0163934
3705,61,60,0.0163934
3706,61,60,0.0163934
3708,61,60,0.0163934
3710,61,60,0.0163934
3711,61,60,0.0163934
3713,61,60,0.0163934
3714,61,60,0.0163934
3715,61,60,0.0163934
3717,61,60,0.0163934
3719,61,60,0.0163934
3720,61,60,0.0163934
3722,61,60,0.0163934
3723,61,60,0.0163934
3724,61,60,0.0163934
3726,61,60,0.0163934
3727,61,60,0.0163934
3728,61,60,0.0163934
3729,61,60,0.0163934
3730,61,60,0.0163934
3731,61,60,0.0163934
3732,61,60,0.0163934
3734,61,60,0.0163934
3735,61,60,0.0163934
3736,61,60,0.0163934
3737,61,60,0.0163934
3739,61,60,0.0163934
3740,61,60,0.0163934
3741,61,60,0.0163934
3743,61,60,0.0163934
3745,61,60,0.0163934
3746,61,60,0.0163934
3748,61,60,0.0163934
3749,61,60,0.0163934
3750,61,60,0.0163934
3752,61,60,0.0163934
3753,61,60,0.0163934
3755,61,60,0.0163934
3756,61,60,0.0163934
3758,61,60,0.0163934
3760,61,60,0.0163934
3761,61,60,0.0163934
3762,61,60,0.0163934
3764,61,60,0.0163934
3765,61,60,0.0163934
3767,61,60,0.0163934
3768,61,60,0.0163934
3769,61,60,0.0163934
3771,61,60,0.0163934
3773,61,60,0.0163934
3774,61,60,0.0163934
3775,61,60,0.0163934
3776,61,60,0.0163934
3777,61,60,0.0163934
3778,61,60,0.0163934
3780,61,60,0.0163934
3781,61,60,0.0163934
3782,61,60,0.0163934
3783,61,60,0.0163934
3785,61,60,0.0163934
3786,61,60,0.0163934
3788,61,60,0.0163934
3789,61,60,0.0163934
3790,61,60,0.0163934
3792,61,60,0.0163934
3793,61,60,0.0163934
3795,61,60,0.0163934
3796,61,60,0.0163934
3798,61,60,0.0163934
3799,61,60,0.0163934
3800,61,60,0.0163934
3801,61,60,0.0163934
3803,61,60,0.0163934
3805,61,60,0.0163934
3807,61,60,0.0163934
3808,61,60,0.0163934
3809,61,60,0.0163934
3810,61,60,0.0163934
3811,61,60,0.0163934
3813,61,60,0.0163934
3814,61,60,0.0163934
3816,61,60,0.0163934
3817,61,60,0.0163934
3819,61,60,0.0163934
3820,61,60,0.0163934
3822,61,60,0.0163934
3823,61,60,0.0163934
3825,61,60,0.0163934
3826,61,60,0.0163934
3828,61,60,0.0163934
3829,61,60,0.0163934
3830,61,60,0.0163934
3831,61,60,0.0163934
3832,61,60,0.0163934
3834,61,60,0.0163934
3835,61,60,0.0163934
3836,61,60,0.0163934
3838,61,60,0.0163934
3839,61,60,0.0163934
3840,61,60,0.0163934
3841,61,60,0.0163934
3843,61,60,0.0163934
3844,61,60,0.0163934
3845,61,60,0.0163934
3846,61,60,0.0163934
3847,61,60,0.0163934
3848,61,60,0.0163934
3850,61,60,0.0163934
3851,61,60,0.0163934
3852,61,60,0.0163934
3854,61,60,0.0163934
3855,61,60,0.0163934
3857,61,60,0.0163934
3858,61,60,0.0163934
3860,61,60,0.0163934
3862,61,60,0.0163934
3863,61,60,0.0163934
3865,61,60,0.0163934
3867,61,60,0.0163934
3869,61,60,0.0163934
3872,61,60,0.0163934
3874,61,60,0.0163934
3877,61,60,0.0163934
3879,61,60,0.0163934
3880,61,60,0.0163934
3882,61,60,0.0163934
3884,61,60,0.0163934
3886,61,60,0.0163934
3888,61,60,0.0163934
3890,61,60,0.0163934
3892,61,60,0.0163934
3894,61,60,0.0163934
3895,61,60,0.0163934
3897,61,60,0.0163934
3899,61,60,0.0163934
3901,61,60,0.0163934
3904,61,60,0.0163934
3906,61,60,0.0163934
3908,61,60,0.0163934
3910,61,60,0.0163934
3911,61,60,0.0163934
3913,61,60,0.0163934
3914,61,60,0.0163934
3916,61,60,0.0163934
3918,61,60,0.0163934
3919,61,60,0.0163934
3921,61,60,0.0163934
3923,61,60,0.0163934
3925,61,60,0.0163934
3926,61,60,0.0163934
3927,61,60,0.0163934
3928,61,60,0.0163934
3929,61,60,0.0163934
3931,61,60,0.0163934
3932,61,60,0.0163934
3933,61,60,0.0163934
3935,61,60,0.0163934
3936,61,60,0.0163934
3938,61,60,0.0163934
3940,61,60,0.0163934
3941,61,60,0.0163934
3943,61,60,0.0163934
3944,61,60,0.0163934
3946,61,60,0.0163934
3947,61,60,0.0163934
3949,61,60,0.0163934
3950,61,60,0.0163934
3953,61,60,0.0163934
3954,61,60,0.0163934
3956,61,60,0.0163934
3957,61,60,0.0163934
3959,61,60,0.0163934
3960,61,60,0.0163934
3962,61,60,0.0163934
3963,61,60,0.0163934
3964,61,60,0.0163934
3965,61,60,0.0163934
3967,61,60,0.0163934
3968,61,60,0.0163934
3970,61,60,0.0163934
3972,61,60,0.0163934
3973,61,60,0.0163934
3974,61,60,0.0163934
3975,61,60,0.0163934
3977,61,60,0.0163934
3978,61,60,0.0163934
3979,61,60,0.0163934
3980,61,60,0.0163934
3982,61,60,0.0163934
3984,61,60,0.0163934
3985,61,60,0.0163934
3986,61,60,0.0163934
3988,61,60,0.0163934
3989,61,60,0.0163934
3991,61,60,0.0163934
3993,61,60,0.0163934
3994,61,60,0.0163934
3995,61,60,0.0163934
3997,61,60,0.0163934
3998,61,60,0.0163934
4000,61,60,0.0163934
4001,61,60,0.0163934
4003,61,60,0.0163934
4004,61,60,0.0163934
4006,61,60,0.0163934
4008,61,60,0.0163934
4009,61,60,0.0163934
4011,61,60,0.0163934
4012,61,60,0.0163934
4013,61,60,0.0163934
4014,61,60,0.0163934
4016,61,60,0.0163934
4017,61,60,0.0163934
4019,61,60,0.0163934
4020,61,60,0.0163934
4022,61,60,0.0163934
4023,61,60,0.0163934
4026,61,60,0.0163934
4027,61,60,0.0163934
4028,61,60,0.0163934
4030,61,60,0.0163934
4031,61,60,0.0163934
4032,61,60,0.0163934
4034,61,60,0.0163934
4035,61,60,0.0163934
4037,61,60,0.0163934
4038,61,60,0.0163934
4040,61,60,0.0163934
4041,61,60,0.0163934
4043,61,60,0.0163934
4045,61,60,0.0163934
4046,61,60,0.0163934
4048,61,60,0.0163934
4049,61,60,0.0163934
4051,61,60,0.0163934
4052,61,60,0.0163934
4053,61,60,0.0163934
4054,61,60,0.0163934
4055,61,60,0.0163934
4057,61,60,0.0163934
4058,61,60,0.0163934
4060,61,60,0.0163934
4061,61,60,0.0163934
4062,61,60,0.0163934
4063,61,60,0.0163934
4065,61,60,0.0163934
4067,61,60,0.0163934
4068,61,60,0.0163934
4069,61,60,0.0163934
4070,61,60,0.0163934
4071,61,60,0.0163934
4073,61,60,0.0163934
4074,61,60,0.0163934
4075,61,60,0.0163934
4077,61,60,0.0163934
4078,61,60,0.0163934
4078,61,60,0.0163934
4080,61,60,0.0163934
4081,61,60,0.0163934
4082,61,60,0.0163934
4084,61,60,0.0163934
4085,61,60,0.0163934
4086,61,60,0.0163934
4087,61,60,0.0163934
4088,61,60,0.0163934
4089,61,60,0.0163934
4090,61,60,0.0163934
4091,61,60,0.0163934
4092,61,60,0.0163934
4093,61,60,0.0163934
4094,61,60,0.0163934
4096,61,60,0.0163934
4097,61,60,0.0163934
4098,61,60,0.0163934
4099,61,60,0.0163934
4100,61,60,0.0163934
4101,61,60,0.0163934
4102,61,60,0.0163934
4103,61,60,0.0163934
4104,61,60,0.0163934
4106,61,60,0.0163934
4107,61,60,0.0163934
4108,61,60,0.0163934
4109,61,60,0.0163934
4110,61,60,0.0163934
4112,61,60,0.0163934
4113,61,60,0.0163934
4114,61,60,0.0163934
4115,61,60,0.0163934
4116,61,60,0.0163934
4117,61,60,0.0163934
4118,61,60,0.0163934
4120,61,60,0.0163934
4122,61,60,0.0163934
4123,61,60,0.0163934
4124,61,60,0.0163934
4125,61,60,0.0163934
4126,61,60,0.0163934
4128,61,60,0.0163934
4129,61,60,0.0163934
4130,61,60,0.0163934
4131,61,60,0.0163934
4132,61,60,0.0163934
4133,61,60,0.0163934
4135,61,60,0.0163934
4136,61,60,0.0163934
4137,61,60,0.0163934
4137,61,60,0.0163934
4138,61,60,0.0163934
4139,61,60,0.0163934
4140,61,60,0.0163934
4141,61,60,0.0163934
4142,61,60,0.0163934
4143,61,60,0.0163934
4144,61,60,0.0163934
4145,61,60,0.0163934
4146,61,60,0.0163934
4147,61,60,0.0163934
4148,61,60,0.0163934
4149,61,60,0.0163934
4150,61,60,0.0163934
4151,61,60,0.0163934
4152,61,60,0.0163934
4153,61,60,0.0163934
4154,61,60,0.0163934
4155,61,60,0.0163934
4156,61,60,0.0163934
4158,61,60,0.0163934
4159,61,60,0.0163934
4160,61,60,0.0163934
4162,61,60,0.0163934
4163,61,60,0.0163934
4164,61,60,0.0163934
4165,61,60,0.0163934
4166,61,60,0.0163934
4166,61,60,0.0163934
4167,61,60,0.0163934
4169,61,60,0.0163934
4170,61,60,0.0163934
4171,61,60,0.0163934
4172,61,60,0.0163934
4174,61,60,0.0163934
4175,61,60,0.0163934
4176,61,60,0.0163934
4177,61,60,0.0163934
4179,61,60,0.0163934
4180,61,60,0.0163934
4181,61,60,0.0163934
4182,61,60,0.0163934
4183,61,60,0.0163934
4184,61,60,0.0163934
4185,61,60,0.0163934
4186,61,60,0.0163934
4187,61,60,0.0163934
4188,61,60,0.0163934
4189,61,60,0.0163934
4190,61,60,0.0163934
4192,61,60,0.0163934
4193,61,60,0.0163934
4194,61,60,0.0163934
4196,61,60,0.0163934
4196,61,60,0.0163934
4197,61,60,0.0163934
4199,61,60,0.0163934
4199,61,60,0.0163934
4200,61,60,0.0163934
4201,61,60,0.0163934
4203,61,60,0.0163934
4203,61,60,0.0163934
4204,61,60,0.0163934
4205,61,60,0.0163934
4206,61,60,0.0163934
4207,61,60,0.0163934
4208,61,60,0.0163934
4210,61,60,0.0163934
4211,61,60,0.0163934
4212,61,60,0.0163934
4214,61,60,0.0163934
4215,61,60,0.0163934
4216,61,60,0.0163934
4218,61,60,0.0163934
4220,61,60,0.0163934
4221,61,60,0.0163934
4222,61,60,0.0163934
4222,61,60,0.0163934
4223,61,60,0.0163934
4225,61,60,0.0163934
4226,61,60,0.0163934
4227,61,60,0.0163934
4228,61,60,0.0163934
4230,61,60,0.0163934
4231,61,60,0.0163934
4232,61,60,0.0163934
4233,61,60,0.0163934
4235,61,60,0.0163934
4236,61,60,0.0163934
4238,61,60,0.0163934
4240,61,60,0.0163934
4241,61,60,0.0163934
4243,61,60,0.0163934
4244,61,60,0.0163934
4246,61,60,0.0163934
4247,61,60,0.0163934
4248,61,60,0.0163934
4249,61,60,0.0163934
4250,61,60,0.0163934
4251,61,60,0.0163934
4252,61,60,0.0163934
4254,61,60,0.0163934
4255,61,60,0.0163934
4256,61,60,0.0163934
4258,61,60,0.0163934
4260,61,60,0.0163934
4261,61,60,0.0163934
4263,61,60,0.0163934
4264,61,60,0.0163934
4265,61,60,0.0163934
4266,61,60,0.0163934
4267,61,60,0.0163934
4268,61,60,0.0163934
4269,61,60,0.0163934
4271,61,60,0.0163934
4272,61,60,0.0163934
4273,61,60,0.0163934
4275,61,60,0.0163934
4276,61,60,0.0163934
4278,61,60,0.0163934
4279,61,60,0.0163934
4281,61,60,0.0163934
4282,61,60,0.0163934
4283,61,60,0.0163934
4285,61,60,0.0163934
4286,61,60,0.0163934
4288,61,60,0.0163934
4289,61,60,0.0163934
4291,61,60,0.0163934
4292,61,60,0.0163934
4293,61,60,0.0163934
4294,61,60,0.0163934
4295,61,60,0.0163934
4297,61,60,0.0163934
4299,61,60,0.0163934
4300,61,60,0.0163934
4301,61,60,0.0163934
4302,61,60,0.0163934
4304,61,60,0.0163934
4305,61,60,0.0163934
4306,61,60,0.0163934
4307,61,60,0.0163934
4308,61,60,0.0163934
4310,61,60,0.0163934
4311,61,60,0.0163934
4313,61,60,0.0163934
4314,61,60,0.0163934
4316,61,60,0.0163934
4317,61,60,0.0163934
4318,61,60,0.0163934
4320,61,60,0.0163934
4322,61,60,0.0163934
4324,61,60,0.0163934
4326,61,60,0.0163934
4327,61,60,0.0163934
4329,61,60,0.0163934
4330,61,60,0.0163934
4332,61,60,0.0163934
4333,61,60,0.0163934
4334,61,60,0.0163934
4336,61,60,0.0163934
4337,61,60,0.0163934
4339,61,60,0.0163934
4340,61,60,0.0163934
4342,61,60,0.0163934
4344,61,60,0.0163934
4345,61,60,0.0163934
4347,61,60,0.0163934
4348,61,60,0.0163934
4349,61,60,0.0163934
4350,61,60,0.0163934
4351,61,60,0.0163934
4352,61,60,0.0163934
4353,61,60,0.0163934
4354,61,60,0.0163934
4355,61,60,0.0163934
4357,61,60,0.0163934
4358,61,60,0.0163934
4360,61,60,0.0163934
4361,61,60,0.0163934
4362,61,60,0.0163934
4363,61,60,0.0163934
4364,61,60,0.0163934
4365,61,60,0.0163934
4366,61,60,0.0163934
4367,61,60,0.0163934
4369,61,60,0.0163934
4370,61,60,0.0163934
4371,61,60,0.0163934
4373,61,60,0.0163934
4374,61,60,0.0163934
4376,61,60,0.0163934
4378,61,60,0.0163934
4379,61,60,0.0163934
4381,61,60,0.0163934
4381,61,60,0.0163934
4382,61,60,0.0163934
4384,61,60,0.0163934
4385,61,60,0.0163934
4386,61,60,0.0163934
4387,61,60,0.0163934
4389,61,60,0.0163934
4390,61,60,0.0163934
4391,61,60,0.0163934
4392,61,60,0.0163934
4393,61,60,0.0163934
4394,61,60,0.0163934
4396,61,60,0.0163934
4397,61,60,0.0163934
4399,61,60,0.0163934
4400,61,60,0.0163934
4401,61,60,0.0163934
4402,61,60,0.0163934
4404,61,60,0.0163934
4405,61,60,0.0163934
4406,61,60,0.0163934
4407,61,60,0.0163934
4408,61,60,0.0163934
4409,61,60,0.0163934
4411,61,60,0.0163934
4413,61,60,0.0163934
4414,61,60,0.0163934
4415,61,60,0.0163934
4417,61,60,0.0163934
4419,61,60,0.0163934
4420,61,60,0.0163934
4422,61,60,0.0163934
4423,61,60,0.0163934
4425,61,60,0.0163934
4426,61,60,0.0163934
4428,61,60,0.0163934
4430,61,60,0.0163934
4431,61,60,0.0163934
4432,61,60,0.0163934
4434,61,60,0.0163934
4435,61,60,0.0163934
4437,61,60,0.0163934
4438,61,60,0.0163934
4439,61,60,0.0163934
4441,61,60,0.0163934
4443,61,60,0.0163934
4444,61,60,0.0163934
4446,61,60,0.0163934
4447,61,60,0.0163934
4449,61,60,0.0163934
4451,61,60,0.0163934
4452,61,60,0.0163934
4454,61,60,0.0163934
4455,61,60,0.0163934
4457,61,60,0.0163934
4458,61,60,0.0163934
4460,61,60,0.0163934
4461,61,60,0.0163934
4463,61,60,0.0163934
4465,61,60,0.0163934
4467,61,60,0.0163934
4469,61,60,0.0163934
4472,61,60,0.0163934
4474,61,60,0.0163934
4477,61,60,0.0163934
4479,61,60,0.0163934
4481,61,60,0.0163934
4483,61,60,0.0163934
4485,61,60,0.0163934
4486,61,60,0.0163934
4488,61,60,0.0163934
4490,61,60,0.0163934
4491,61,60,0.0163934
4493,61,60,0.0163934
4495,61,60,0.0163934
4497,61,60,0.0163934
4499,61,60,0.0163934
4500,61,60,0.0163934
4502,61,60,0.0163934
4504,61,60,0.0163934
4506,61,60,0.0163934
4507,61,60,0.0163934
4509,61,60,0.0163934
4511,61,60,0.0163934
4513,61,60,0.0163934
4514,61,60,0.0163934
4516,61,60,0.0163934
4518,61,60,0.0163934
4519,61,60,0.0163934
4521,61,60,0.0163934
4522,61,60,0.0163934
4524,61,60,0.0163934
4526,61,60,0.0163934
4528,61,60,0.0163934
4530,61,60,0.0163934
4531,61,60,0.0163934
4533,61,60,0.0163934
4535,61,60,0.0163934
4536,61,60,0.0163934
4538,61,60,0.0163934
4539,61,60,0.0163934
4541,61,60,0.0163934
4542,61,60,0.0163934
4544,61,60,0.0163934
4546,61,60,0.0163934
4547,61,60,0.0163934
4549,61,60,0.0163934
4551,61,60,0.0163934
4552,61,60,0.0163934
4554,61,60,0.0163934
4555,61,60,0.0163934
4556,61,60,0.0163934
4559,61,60,0.0163934
4560,61,60,0.0163934
4562,61,60,0.0163934
4564,61,60,0.0163934
4565,61,60,0.0163934
4567,61,60,0.0163934
4568,61,60,0.0163934
4570,61,60,0.0163934
4572,61,60,0.0163934
4573,61,60,0.0163934
4575,61,60,0.0163934
4577,61,60,0.0163934
4578,61,60,0.0163934
4580,61,60,0.0163934
4581,61,60,0.0163934
4582,61,60,0.0163934
4584,61,60,0.0163934
4585,61,60,0.0163934
4586,61,60,0.0163934
4588,61,60,0.0163934
4589,61,60,0.0163934
4591,61,60,0.0163934
4592,61,60,0.0163934
4593,61,60,0.0163934
4594,61,60,0.0163934
4596,61,60,0.0163934
4597,61,60,0.0163934
4599,61,60,0.0163934
4600,61,60,0.0163934
4601,61,60,0.0163934
4603,61,60,0.0163934
4604,61,60,0.0163934
4606,61,60,0.0163934
4609,61,60,0.0163934
4611,61,60,0.0163934
4612,61,60,0.0163934
4613,61,60,0.0163934
4615,61,60,0.0163934
4616,61,60,0.0163934
4618,61,60,0.0163934
4619,61,60,0.0163934
4621,61,60,0.0163934
4622,61,60,0.0163934
4624,61,60,0.0163934
4625,61,60,0.0163934
4627,61,60,0.0163934
4629,61,60,0.0163934
4630,61,60,0.0163934
4632,61,60,0.0163934
4634,61,60,0.0163934
4636,61,60,0.0163934
4637,61,60,0.0163934
4639,61,60,0.0163934
4640,61,60,0.0163934
4642,61,60,0.0163934
4645,61,60,0.0163934
4647,61,60,0.0163934
4649,61,60,0.0163934
4650,61,60,0.0163934
4653,61,60,0.0163934
4655,61,60,0.0163934
4657,61,60,0.0163934
4660,61,60,0.0163934
4661,61,60,0.0163934
4663,61,60,0.0163934
4664,61,60,0.0163934
4666,61,60,0.0163934
4668,61,60,0.0163934
4670,61,60,0.0163934
4672,61,60,0.0163934
4674,61,60,0.0163934
4676,61,60,0.0163934
4677,61,60,0.0163934
4679,61,60,0.0163934
4681,61,60,0.0163934
4682,61,60,0.0163934
4684,61,60,0.0163934
4685,61,60,0.0163934
4687,61,60,0.0163934
4689,61,60,0.0163934
4692,61,60,0.0163934
4693,61,60,0.0163934
4695,61,60,0.0163934
4697,61,60,0.0163934
4698,61,60,0.0163934
4700,61,60,0.0163934
4701,61,60,0.0163934
4703,61,60,0.0163934
4704,61,60,0.0163934
4706,61,60,0.0163934
4708,61,60,0.0163934
4709,61,60,0.0163934
4711,61,60,0.0163934
4713,61,60,0.0163934
4714,61,60,0.0163934
4715,61,60,0.0163934
4717,61,60,0.0163934
4718,61,60,0.0163934
4719,61,60,0.0163934
4721,61,60,0.0163934
4722,61,60,0.0163934
4724,61,60,0.0163934
4726,61,60,0.0163934
4728,61,60,0.0163934
4729,61,60,0.0163934
4731,61,60,0.0163934
4733,61,60,0.0163934
4734,61,60,0.0163934
4736,61,60,0.0163934
4738,61,60,0.0163934
4740,61,60,0.0163934
4742,61,60,0.0163934
4744,61,60,0.0163934
4746,61,60,0.0163934
4747,61,60,0.0163934
4749,61,60,0.0163934
4750,61,60,0.0163934
4752,61,60,0.0163934
4754,61,60,0.0163934
4755,61,60,0.0163934
4757,61,60,0.0163934
4759,61,60,0.0163934
4761,61,60,0.0163934
4763,61,60,0.0163934
4765,61,60,0.0163934
4767,61,60,0.0163934
4769,61,60,0.0163934
4770,61,60,0.0163934
4772,61,60,0.0163934
4774,61,60,0.0163934
4776,61,60,0.0163934
4777,61,60,0.0163934
4779,61,60,0.0163934
4780,61,60,0.0163934
4782,61,60,0.0163934
4784,61,60,0.0163934
4787,61,60,0.0163934
4790,61,60,0.0163934
4793,61,60,0.0163934
4796,61,60,0.0163934
4799,61,60,0.0163934
4801,61,60,0.0163934
4803,61,60,0.0163934
4805,61,60,0.0163934
4808,61,60,0.0163934
4810,61,60,0.0163934
4813,61,60,0.0163934
4816,61,60,0.0163934
4818,61,60,0.0163934
4821,61,60,0.0163934
4823,61,60,0.0163934
4825,61,60,0.0163934
4828,61,60,0.0163934
4830,61,60,0.0163934
4832,61,60,0.0163934
4834,61,60,0.0163934
4837,61,60,0.0163934
4840,61,60,0.0163934
4843,61,60,0.0163934
4846,61,60,0.0163934
4849,61,60,0.0163934
4851,61,60,0.0163934
4852,61,60,0.0163934
4855,61,60,0.0163934
4858,61,60,0.0163934
4861,61,60,0.0163934
4864,61,60,0.0163934
4866,61,60,0.0163934
4869,61,60,0.0163934
4872,61,60,0.0163934
4874,61,60,0.0163934
4878,61,60,0.0163934
4880,61,60,0.0163934
4882,61,60,0.0163934
4884,61,60,0.0163934
4886,61,60,0.0163934
4888,61,60,0.0163934
4892,61,60,0.0163934
4894,61,60,0.0163934
4896,61,60,0.0163934
4898,61,60,0.0163934
4900,61,60,0.0163934
4903,61,60,0.0163934
4906,61,60,0.0163934
4910,61,60,0.0163934
4912,61,60,0.0163934
4914,61,60,0.0163934
4916,61,60,0.0163934
4918,61,60,0.0163934
4920,61,60,0.0163934
4922,61,60,0.0163934
4924,61,60,0.0163934
4926,61,60,0.0163934
4928,61,60,0.0163934
4930,61,60,0.0163934
4932,61,60,0.0163934
4934,61,60,0.0163934
4936,61,60,0.0163934
4938,61,60,0.0163934
4940,61,60,0.0163934
4942,61,60,0.0163934
4944,61,60,0.0163934
4946,61,60,0.0163934
4948,61,60,0.0163934
4950,61,60,0.0163934
4952,61,60,0.0163934
4954,61,60,0.0163934
4956,61,60,0.0163934
4958,61,60,0.0163934
4960,61,60,0.0163934
4962,61,60,0.0163934
4964,61,60,0.0163934
4965,61,60,0.0163934
4967,61,60,0.0163934
4969,61,60,0.0163934
4971,61,60,0.0163934
4973,61,60,0.0163934
4975,61,60,0.0163934
4976,61,60,0.0163934
4978,61,60,0.0163934
4980,61,60,0.0163934
4981,61,60,0.0163934
4983,61,60,0.0163934
4984,61,60,0.0163934
4986,61,60,0.0163934
4988,61,60,0.0163934
4989,61,60,0.0163934
4991,61,60,0.0163934
4993,61,60,0.0163934
4995,61,60,0.0163934
4997,61,60,0.0163934
4999,61,60,0.0163934
5001,61,60,0.0163934
5003,61,60,0.0163934
5004,61,60,0.0163934
5006,61,60,0.0163934
5008,61,60,0.0163934
5010,61,60,0.0163934
5012,61,60,0.0163934
5014,61,60,0.0163934
5015,61,60,0.0163934
5017,61,60,0.0163934
5018,61,60,0.0163934
5020,61,60,0.0163934
5022,61,60,0.0163934
5024,61,60,0.0163934
5026,61,60,0.0163934
5028,61,60,0.0163934
5030,61,60,0.0163934
5031,61,60,0.0163934
5032,61,60,0.0163934
5034,61,60,0.0163934
5036,61,60,0.0163934
5037,61,60,0.0163934
5039,61,60,0.0163934
5041,61,60,0.0163934
5043,61,60,0.0163934
5045,61,60,0.0163934
5046,61,60,0.0163934
5048,61,60,0.0163934
5049,61,60,0.0163934
5050,61,60,0.0163934
5052,61,60,0.0163934
5053,61,60,0.0163934
5055,61,60,0.0163934
5056,61,60,0.0163934
5058,61,60,0.0163934
5060,61,60,0.0163934
5062,61,60,0.0163934
5064,61,60,0.0163934
5066,61,60,0.0163934
5067,61,60,0.0163934
5069,61,60,0.0163934
5070,61,60,0.0163934
5071,61,60,0.0163934
5073,61,60,0.0163934
5075,61,60,0.0163934
5077,61,60,0.0163934
5078,61,60,0.0163934
5080,61,60,0.0163934
5081,61,60,0.0163934
5083,61,60,0.0163934
5085,61,60,0.0163934
5086,61,60,0.0163934
5089,61,60,0.0163934
5090,61,60,0.0163934
5092,61,60,0.0163934
5094,61,60,0.0163934
5095,61,60,0.0163934
5097,61,60,0.0163934
5099,61,60,0.0163934
5100,61,60,0.0163934
5102,61,60,0.0163934
5104,61,60,0.0163934
5106,61,60,0.0163934
5108,61,60,0.0163934
5109,61,60,0.0163934
5111,61,60,0.0163934
5113,61,60,0.0163934
5115,61,60,0.0163934
5116,61,60,0.0163934
5118,61,60,0.0163934
5120,61,60,0.0163934
5122,61,60,0.0163934
5124,61,60,0.0163934
5126,61,60,0.0163934
5127,61,60,0.0163934
5130,61,60,0.0163934
5132,61,60,0.0163934
5134,61,60,0.0163934
5136,61,60,0.0163934
5138,61,60,0.0163934
5139,61,60,0.0163934
5141,61,60,0.0163934
5143,61,60,0.0163934
5144,61,60,0.0163934
5146,61,60,0.0163934
5148,61,60,0.0163934
5149,61,60,0.0163934
5150,61,60,0.0163934
5152,61,60,0.0163934
5154,61,60,0.0163934
5156,61,60,0.0163934
5157,61,60,0.0163934
5159,61,60,0.0163934
5160,61,60,0.0163934
5162,61,60,0.0163934
5164,61,60,0.0163934
5166,61,60,0.0163934
5168,61,60,0.0163934
5170,61,60,0.0163934
5171,61,60,0.0163934
5173,61,60,0.0163934
5174,61,60,0.0163934
5176,61,60,0.0163934
5178,61,60,0.0163934
5181,61,60,0.0163934
5183,61,60,0.0163934
5184,61,60,0.0163934
5186,61,60,0.0163934
5187,61,60,0.0163934
5189,61,60,0.0163934
5190,61,60,0.0163934
5192,61,60,0.0163934
5194,61,60,0.0163934
5196,61,60,0.0163934
5198,61,60,0.0163934
5200,61,60,0.0163934
5202,61,60,0.0163934
5204,61,60,0.0163934
5207,61,60,0.0163934
5209,61,60,0.0163934
5211,61,60,0.0163934
5212,61,60,0.0163934
5213,61,60,0.0163934
5215,61,60,0.0163934
5216,61,60,0.0163934
5217,61,60,0.0163934
5219,61,60,0.0163934
5221,61,60,0.0163934
5223,61,60,0.0163934
5225,61,60,0.0163934
5227,61,60,0.0163934
5229,61,60,0.0163934
5232,61,60,0.0163934
5233,61,60,0.0163934
5235,61,60,0.0163934
5237,61,60,0.0163934
5238,61,60,0.0163934
5240,61,60,0.0163934
5242,61,60,0.0163934
5244,61,60,0.0163934
5246,61,60,0.0163934
5248,61,60,0.0163934
5250,61,60,0.0163934
5252,61,60,0.0163934
5253,61,60,0.0163934
5254,61,60,0.0163934
5256,61,60,0.0163934
5257,61,60,0.0163934
5258,61,60,0.0163934
5259,61,60,0.0163934
5260,61,60,0.0163934
5261,61,60,0.0163934
5263,61,60,0.0163934
5265,61,60,0.0163934
5267,61,60,0.0163934
5269,61,60,0.0163934
5271,61,60,0.0163934
5273,61,60,0.0163934
5275,61,60,0.0163934
5278,61,60,0.0163934
5280,61,60,0.0163934
5281,61,60,0.0163934
5282,61,60,0.0163934
5283,61,60,0.0163934
5284,61,60,0.0163934
5285,61,60,0.0163934
5288,61,60,0.0163934
5291,61,60,0.0163934
5294,61,60,0.0163934
5295,61,60,0.0163934
5296,61,60,0.0163934
5297,61,60,0.0163934
5299,61,60,0.0163934
5300,61,60,0.0163934
5302,61,60,0.0163934
5303,61,60,0.0163934
5304,61,60,0.0163934
5306,61,60,0.0163934
5308,61,60,0.0163934
5310,61,60,0.0163934
5312,61,60,0.0163934
5314,61,60,0.0163934
5317,61,60,0.0163934
5319,61,60,0.0163934
5320,61,60,0.0163934
5320,61,60,0.0163934
5323,61,60,0.0163934
5325,61,60,0.0163934
5327,61,60,0.0163934
5329,61,60,0.0163934
5332,61,60,0.0163934
5333,61,60,0.0163934
5335,61,60,0.0163934
5337,61,60,0.0163934
5338,61,60,0.0163934
5340,61,60,0.0163934
5342,61,60,0.0163934
5344,61,60,0.0163934
5346,61,60,0.0163934
5348,61,60,0.0163934
5350,61,60,0.0163934
5351,61,60,0.0163934
5353,61,60,0.0163934
5355,61,60,0.0163934
5357,61,60,0.0163934
5359,61,60,0.0163934
5360,61,60,0.0163934
5361,61,60,0.0163934
5363,61,60,0.0163934
5364,61,60,0.0163934
5365,61,60,0.0163934
5366,61,60,0.0163934
5367,61,60,0.0163934
5368,61,60,0.0163934
5370,61,60,0.0163934
5372,61,60,0.0163934
5373,61,60,0.0163934
5374,61,60,0.0163934
5375,61,60,0.0163934
5376,61,60,0.0163934
5378,61,60,0.0163934
5379,61,60,0.0163934
5381,61,60,0.0163934
5383,61,60,0.0163934
5384,61,60,0.0163934
5386,61,60,0.0163934
5388,61,60,0.0163934
5390,61,60,0.0163934
5392,61,60,0.0163934
5393,61,60,0.0163934
5394,61,60,0.0163934
5396,61,60,0.0163934
5397,61,60,0.0163934
5398,61,60,0.0163934
5399,61,60,0.0163934
5401,61,60,0.0163934
5403,61,60,0.0163934
5404,61,60,0.0163934
5405,61,60,0.0163934
5407,61,60,0.0163934
5409,61,60,0.0163934
5410,61,60,0.0163934
5411,61,60,0.0163934
5412,61,60,0.0163934
5414,61,60,0.0163934
5416,61,60,0.0163934
5418,61,60,0.0163934
5420,61,60,0.0163934
5422,61,60,0.0163934
5425,61,60,0.0163934
5427,61,60,0.0163934
5430,61,60,0.0163934
5432,61,60,0.0163934
5435,61,60,0.0163934
5437,61,60,0.0163934
5439,61,60,0.0163934
5442,61,60,0.0163934
5444,61,60,0.0163934
5445,61,60,0.0163934
5446,61,60,0.0163934
5447,61,60,0.0163934
5450,61,60,0.0163934
5452,61,60,0.0163934
5454,61,60,0.0163934
5456,61,60,0.0163934
5458,61,60,0.0163934
5460,61,60,0.0163934
5462,61,60,0.0163934
5464,61,60,0.0163934
5466,61,60,0.0163934
5468,61,60,0.0163934
5469,61,60,0.0163934
5471,61,60,0.0163934
5474,61,60,0.0163934
5475,61,60,0.0163934
5476,61,60,0.0163934
5478,61,60,0.0163934
5481,61,60,0.0163934
5483,61,60,0.0163934
5485,61,60,0.0163934
5486,61,60,0.0163934
5488,61,60,0.0163934
5490,61,60,0.0163934
5492,61,60,0.0163934
5494,61,60,0.0163934
5496,61,60,0.0163934
5497,61,60,0.0163934
5498,61,60,0.0163934
5500,61,60,0.0163934
5502,61,60,0.0163934
5503,61,60,0.0163934
5505,61,60,0.0163934
5507,61,60,0.0163934
5509,61,60,0.0163934
5511,61,60,0.0163934
5513,61,60,0.0163934
5515,61,60,0.0163934
5517,61,60,0.0163934
5518,61,60,0.0163934
5520,61,60,0.0163934
5522,61,60,0.0163934
5524,61,60,0.0163934
5525,61,60,0.0163934
5527,61,60,0.0163934
5528,61,60,0.0163934
5530,61,60,0.0163934
5531,61,60,0.0163934
5533,61,60,0.0163934
5535,61,60,0.0163934
5537,61,60,0.0163934
5539,61,60,0.0163934
5541,61,60,0.0163934
5542,61,60,0.0163934
5544,61,60,0.0163934
5545,61,60,0.0163934
5547,61,60,0.0163934
5550,61,60,0.0163934
5551,61,60,0.0163934
5553,61,60,0.0163934
5555,61,60,0.0163934
5556,61,60,0.0163934
5558,61,60,0.0163934
5559,61,60,0.0163934
5562,61,60,0.0163934
5564,61,60,0.0163934
5566,61,60,0.0163934
5567,61,60,0.0163934
5568,61,60,0.0163934
5569,61,60,0.0163934
5569,61,60,0.0163934
5570,61,60,0.0163934
5571,61,60,0.0163934
5573,61,60,0.0163934
5573,61,60,0.0163934
5574,61,60,0.0163934
5576,61,60,0.0163934
5578,61,60,0.0163934
5579,61,60,0.0163934
5581,61,60,0.0163934
5582,61,60,0.0163934
5583,61,60,0.0163934
5585,61,60,0.0163934
5587,61,60,0.0163934
5589,61,60,0.0163934
5591,61,60,0.0163934
5592,61,60,0.0163934
5593,61,60,0.0163934
5595,61,60,0.0163934
5597,61,60,0.0163934
5598,61,60,0.0163934
5599,61,60,0.0163934
5600,61,60,0.0163934
5601,61,60,0.0163934
5602,61,60,0.0163934
5604,61,60,0.0163934
5605,61,60,0.0163934
5606,61,60,0.0163934
5607,61,60,0.0163934
5609,61,60,0.0163934
5610,61,60,0.0163934
5611,61,60,0.0163934
5611,61,60,0.0163934
5613,61,60,0.0163934
5615,61,60,0.0163934
5617,61,60,0.0163934
5618,61,60,0.0163934
5620,61,60,0.0163934
5621,61,60,0.0163934
5623,61,60,0.0163934
5625,61,60,0.0163934
5627,61,60,0.0163934
5628,61,60,0.0163934
5629,61,60,0.0163934
5631,61,60,0.0163934
5632,61,60,0.0163934
5633,61,60,0.0163934
5635,61,60,0.0163934
5636,61,60,0.0163934
5637,61,60,0.0163934
5641,61,60,0.0163934
5644,61,60,0.0163934
5646,61,60,0.0163934
5648,61,60,0.0163934
5649,61,60,0.0163934
5651,61,60,0.0163934
5654,61,60,0.0163934
5656,61,60,0.0163934
5658,61,60,0.0163934
5660,61,60,0.0163934
5661,61,60,0.0163934
5663,61,60,0.0163934
5664,61,60,0.0163934
5667,61,60,0.0163934
5668,61,60,0.0163934
5669,61,60,0.0163934
5671,61,60,0.0163934
5673,61,60,0.0163934
5677,61,60,0.0163934
5678,61,60,0.0163934
5679,61,60,0.0163934
5680,61,60,0.0163934
5681,61,60,0.0163934
5683,61,60,0.0163934
5685,61,60,0.0163934
5686,61,60,0.0163934
5688,61,60,0.0163934
5689,61,60,0.0163934
5691,61,60,0.0163934
5692,61,60,0.0163934
5694,61,60,0.0163934
5695,61,60,0.0163934
5697,61,60,0.0163934
5699,61,60,0.0163934
5699,61,60,0.0163934
5701,61,60,0.0163934
5702,61,60,0.0163934
5704,61,60,0.0163934
5706,61,60,0.0163934
5709,61,60,0.0163934
5711,61,60,0.0163934
5712,61,60,0.0163934
5714,61,60,0.0163934
5716,61,60,0.0163934
5717,61,60,0.0163934
5719,61,60,0.0163934
5721,61,60,0.0163934
5722,61,60,0.0163934
5724,61,60,0.0163934
5725,61,60,0.0163934
5727,61,60,0.0163934
5729,61,60,0.0163934
5730,61,60,0.0163934
5732,61,60,0.0163934
5735,61,60,0.0163934
5737,61,60,0.0163934
5738,61,60,0.0163934
5741,61,60,0.0163934
5743,61,60,0.0163934
5745,61,60,0.0163934
5747,61,60,0.0163934
5749,61,60,0.0163934
5751,61,60,0.0163934
5752,61,60,0.0163934
5755,61,60,0.0163934
5757,61,60,0.0163934
5759,61,60,0.0163934
5761,61,60,0.0163934
5762,61,60,0.0163934
5765,61,60,0.0163934
5766,61,60,0.0163934
5767,61,60,0.0163934
5768,61,60,0.0163934
5769,61,60,0.0163934
5772,61,60,0.0163934
5775,61,60,0.0163934
5777,61,60,0.0163934
5778,61,60,0.0163934
5779,61,60,0.0163934
5781,61,60,0.0163934
5782,61,60,0.0163934
5785,61,60,0.0163934
5786,61,60,0.0163934
5788,61,60,0.0163934
5790,61,60,0.0163934
5792,61,60,0.0163934
5794,61,60,0.0163934
5795,61,60,0.0163934
5797,61,60,0.0163934
5798,61,60,0.0163934
5799,61,60,0.0163934
5801,61,60,0.0163934
5802,61,60,0.0163934
5804,61,60,0.0163934
5806,61,60,0.0163934
5807,61,60,0.0163934
5808,61,60,0.0163934
5809,61,60,0.0163934
5811,61,60,0.0163934
5813,61,60,0.0163934
5814,61,60,0.0163934
5816,61,60,0.0163934
5817,61,60,0.0163934
5819,61,60,0.0163934
5821,61,60,0.0163934
5823,61,60,0.0163934
5824,61,60,0.0163934
5826,61,60,0.0163934
5828,61,60,0.0163934
5829,61,60,0.0163934
5831,61,60,0.0163934
5833,61,60,0.0163934
5835,61,60,0.0163934
5836,61,60,0.0163934
5838,61,60,0.0163934
5839,61,60,0.0163934
5840,61,60,0.0163934
5842,61,60,0.0163934
5843,61,60,0.0163934
5845,61,60,0.0163934
5846,61,60,0.0163934
5848,61,60,0.0163934
5849,61,60,0.0163934
5851,61,60,0.0163934
5853,61,60,0.0163934
5854,61,60,0.0163934
5855,61,60,0.0163934
5857,61,60,0.0163934
5858,61,60,0.0163934
5860,61,60,0.0163934
5861,61,60,0.0163934
5863,61,60,0.0163934
5865,61,60,0.0163934
5867,61,60,0.0163934
5869,61,60,0.0163934
5871,61,60,0.0163934
5874,61,60,0.0163934
5876,61,60,0.0163934
5878,61,60,0.0163934
5879,61,60,0.0163934
5881,61,60,0.0163934
5883,61,60,0.0163934
5885,61,60,0.0163934
5886,61,60,0.0163934
5888,61,60,0.0163934
5891,61,60,0.0163934
5893,61,60,0.0163934
5895,61,60,0.0163934
5898,61,60,0.0163934
5900,61,60,0.0163934
5902,61,60,0.0163934
5904,61,60,0.0163934
5906,61,60,0.0163934
5908,61,60,0.0163934
5910,61,60,0.0163934
5911,61,60,0.0163934
5913,61,60,0.0163934
5915,61,60,0.0163934
5916,61,60,0.0163934
5917,61,60,0.0163934
5919,61,60,0.0163934
5920,61,60,0.0163934
5922,61,60,0.0163934
5923,61,60,0.0163934
5925,61,60,0.0163934
5927,61,60,0.0163934
5930,61,60,0.0163934
5931,61,60,0.0163934
5933,61,60,0.0163934
5935,61,60,0.0163934
5936,61,60,0.0163934
5938,61,60,0.0163934
5940,61,60,0.0163934
5943,61,60,0.0163934
5945,61,60,0.0163934
5947,61,60,0.0163934
5948,61,60,0.0163934
5951,61,60,0.0163934
5952,61,60,0.0163934
5954,61,60,0.0163934
5956,61,60,0.0163934
5958,61,60,0.0163934
5960,61,60,0.0163934
5961,61,60,0.0163934
5964,61,60,0.0163934
5965,61,60,0.0163934
5967,61,60,0.0163934
5969,61,60,0.0163934
5970,61,60,0.0163934
5973,61,60,0.0163934
5975,61,60,0.0163934
5977,61,60,0.0163934
5980,61,60,0.0163934
5982,61,60,0.0163934
5984,61,60,0.0163934
5986,61,60,0.0163934
5988,61,60,0.0163934
5991,61,60,0.0163934
5993,61,60,0.0163934
5996,61,60,0.0163934
5998,61,60,0.0163934
6000,61,60,0.0163934
6001,61,60,0.0163934
6003,61,60,0.0163934
6005,61,60,0.0163934
6006,61,60,0.0163934
6008,61,60,0.0163934
6010,61,60,0.0163934
6012,61,60,0.0163934
6014,61,60,0.0163934
6016,61,60,0.0163934
6018,61,60,0.0163934
6019,61,60,0.0163934
6020,61,60,0.0163934
6023,61,60,0.0163934
6025,61,60,0.0163934
6028,61,60,0.0163934
6030,61,60,0.0163934
6032,61,60,0.0163934
6034,61,60,0.0163934
6037,61,60,0.0163934
6039,61,60,0.0163934
6041,61,60,0.0163934
6043,61,60,0.0163934
6047,61,60,0.0163934
6049,61,60,0.0163934
6052,61,60,0.0163934
6054,61,60,0.0163934
6056,61,60,0.0163934
6058,61,60,0.0163934
6060,61,60,0.0163934
6062,61,60,0.0163934
6064,61,60,0.0163934
6066,61,60,0.0163934
6068,61,60,0.0163934
6071,61,60,0.0163934
6073,61,60,0.0163934
6075,61,60,0.0163934
6077,61,60,0.0163934
6080,61,60,0.0163934
6082,61,60,0.0163934
6084,61,60,0.0163934
6085,61,60,0.0163934
6087,61,60,0.0163934
6089,61,60,0.0163934
6093,61,60,0.0163934
6094,61,60,0.0163934
6096,61,60,0.0163934
6098,61,60,0.0163934
6100,61,60,0.0163934
6103,61,60,0.0163934
6104,61,60,0.0163934
6107,61,60,0.0163934
6109,61,60,0.0163934
6111,61,60,0.0163934
6114,61,60,0.0163934
6115,61,60,0.0163934
6117,61,60,0.0163934
6119,61,60,0.0163934
6120,61,60,0.0163934
6121,61,60,0.0163934
6123,61,60,0.0163934
6125,61,60,0.0163934
6127,61,60,0.0163934
6128,61,60,0.0163934
6130,61,60,0.0163934
6132,61,60,0.0163934
6134,61,60,0.0163934
6136,61,60,0.0163934
6138,61,60,0.0163934
6140,61,60,0.0163934
6143,61,60,0.0163934
6145,61,60,0.0163934
6146,61,60,0.0163934
6151,61,60,0.0163934
6152,61,60,0.0163934
6154,61,60,0.0163934
6156,61,60,0.0163934
6157,61,60,0.0163934
6159,61,60,0.0163934
6161,61,60,0.0163934
6163,61,60,0.0163934
6164,61,60,0.0163934
6166,61,60,0.0163934
6167,61,60,0.0163934
6169,61,60,0.0163934
6170,61,60,0.0163934
6172,61,60,0.0163934
6173,61,60,0.0163934
6175,61,60,0.0163934
6176,61,60,0.0163934
6179,61,60,0.0163934
6180,61,60,0.0163934
6181,61,60,0.0163934
6182,61,60,0.0163934
6184,61,60,0.0163934
6185,61,60,0.0163934
6188,61,60,0.0163934
6189,61,60,0.0163934
6190,61,60,0.0163934
6192,61,60,0.0163934
6194,61,60,0.0163934
6196,61,60,0.0163934
6197,61,60,0.0163934
6198,61,60,0.0163934
6200,61,60,0.0163934
6202,61,60,0.0163934
6204,61,60,0.0163934
6206,61,60,0.0163934
6208,61,60,0.0163934
6210,61,60,0.0163934
6212,61,60,0.0163934
6215,61,60,0.0163934
6218,61,60,0.0163934
6220,61,60,0.0163934
6222,61,60,0.0163934
6225,61,60,0.0163934
6227,61,60,0.0163934
6229,61,60,0.0163934
6231,61,60,0.0163934
6234,61,60,0.0163934
6235,61,60,0.0163934
6237,61,60,0.0163934
6239,61,60,0.0163934
6240,61,60,0.0163934
6242,61,60,0.0163934
6244,61,60,0.0163934
6246,61,60,0.0163934
6248,61,60,0.0163934
6250,61,60,0.0163934
6252,61,60,0.0163934
6253,61,60,0.0163934
6256,61,60,0.0163934
6256,61,60,0.0163934
6259,61,60,0.0163934
6261,61,60,0.0163934
6262,61,60,0.0163934
6264,61,60,0.0163934
6266,61,60,0.0163934
6268,61,60,0.0163934
6270,61,60,0.0163934
6271,61,60,0.0163934
6273,61,60,0.0163934
6275,61,60,0.0163934
6277,61,60,0.0163934
6280,61,60,0.0163934
6282,61,60,0.0163934
6286,61,60,0.0163934
6288,61,60,0.0163934
6290,61,60,0.0163934
6293,61,60,0.0163934
6295,61,60,0.0163934
6296,61,60,0.0163934
6298,61,60,0.0163934
6299,61,60,0.0163934
6301,61,60,0.0163934
6303,61,60,0.0163934
6304,61,60,0.0163934
6306,61,60,0.0163934
6308,61,60,0.0163934
6309,61,60,0.0163934
6311,61,60,0.0163934
6312,61,60,0.0163934
6313,61,60,0.0163934
6315,61,60,0.0163934
6316,61,60,0.0163934
6317,61,60,0.0163934
6318,61,60,0.0163934
6319,61,60,0.0163934
6320,61,60,0.0163934
6323,61,60,0.0163934
6325,61,60,0.0163934
6327,61,60,0.0163934
6329,61,60,0.0163934
6330,61,60,0.0163934
6331,61,60,0.0163934
6332,61,60,0.0163934
6334,61,60,0.0163934
6335,61,60,0.0163934
6336,61,60,0.0163934
6336,61,60,0.0163934
6338,61,60,0.0163934
6338,61,60,0.0163934
6340,61,60,0.0163934
6342,61,60,0.0163934
6343,61,60,0.0163934
6344,61,60,0.0163934
6345,61,60,0.0163934
6347,61,60,0.0163934
6349,61,60,0.0163934
6351,61,60,0.0163934
6353,61,60,0.0163934
6354,61,60,0.0163934
6358,61,60,0.0163934
6361,61,60,0.0163934
6363,61,60,0.0163934
6366,61,60,0.0163934
6368,61,60,0.0163934
6372,61,60,0.0163934
6374,61,60,0.0163934
6376,61,60,0.0163934
6380,61,60,0.0163934
6384,61,60,0.0163934
6385,61,60,0.0163934
6387,61,60,0.0163934
6390,61,60,0.0163934
6393,61,60,0.0163934
6394,61,60,0.0163934
6396,61,60,0.0163934
6398,61,60,0.0163934
6399,61,60,0.0163934
6401,61,60,0.0163934
6404,61,60,0.0163934
6406,61,60,0.0163934
6411,61,60,0.0163934
6414,61,60,0.0163934
6416,61,60,0.0163934
6420,61,60,0.0163934
6423,61,60,0.0163934
6425,61,60,0.0163934
6427,61,60,0.0163934
6429,61,60,0.0163934
6431,61,60,0.0163934
6432,61,60,0.0163934
6434,61,60,0.0163934
6437,61,60,0.0163934
6439,61,60,0.0163934
6441,61,60,0.0163934
6443,61,60,0.0163934
6445,61,60,0.0163934
6447,61,60,0.0163934
6448,61,60,0.0163934
6450,61,60,0.0163934
6453,61,60,0.0163934
6455,61,60,0.0163934
6458,61,60,0.0163934
6459,61,60,0.0163934
6462,61,60,0.0163934
6464,61,60,0.0163934
6467,61,60,0.0163934
6469,61,60,0.0163934
6471,61,60,0.0163934
6472,61,60,0.0163934
6474,61,60,0.0163934
6476,61,60,0.0163934
6479,61,60,0.0163934
6481,61,60,0.0163934
6483,61,60,0.0163934
6485,61,60,0.0163934
6488,61,60,0.0163934
6489,61,60,0.0163934
6491,61,60,0.0163934
6493,61,60,0.0163934
6495,61,60,0.0163934
6497,61,60,0.0163934
6499,61,60,0.0163934
6501,61,60,0.0163934
6502,61,60,0.0163934
6504,61,60,0.0163934
6507,61,60,0.0163934
6509,61,60,0.0163934
6511,61,60,0.0163934
6514,61,60,0.0163934
6516,61,60,0.0163934
6517,61,60,0.0163934
6518,61,60,0.0163934
6520,61,60,0.0163934
6522,61,60,0.0163934
6524,61,60,0.0163934
6527,61,60,0.0163934
6530,61,60,0.0163934
6532,61,60,0.0163934
6534,61,60,0.0163934
6536,61,60,0.0163934
6540,61,60,0.0163934
6543,61,60,0.0163934
6546,61,60,0.0163934
6548,61,60,0.0163934
6551,61,60,0.0163934
6553,61,60,0.0163934
6556,61,60,0.0163934
6557,61,60,0.0163934
6559,61,60,0.0163934
6562,61,60,0.0163934
6564,61,60,0.0163934
6566,61,60,0.0163934
6568,61,60,0.0163934
6569,61,60,0.0163934
6570,61,60,0.0163934
6572,61,60,0.0163934
6574,61,60,0.0163934
6576,61,60,0.0163934
6578,61,60,0.0163934
6581,61,60,0.0163934
6584,61,60,0.0163934
6585,61,60,0.0163934
6587,61,60,0.0163934
6588,61,60,0.0163934
6590,61,60,0.0163934
6592,61,60,0.0163934
6594,61,60,0.0163934
6597,61,60,0.0163934
6598,61,60,0.0163934
6600,61,60,0.0163934
6602,61,60,0.0163934
6603,61,60,0.0163934
6605,61,60,0.0163934
6608,61,60,0.0163934
6610,61,60,0.0163934
6613,61,60,0.0163934
6616,61,60,0.0163934
6618,61,60,0.0163934
6621,61,60,0.0163934
6623,61,60,0.0163934
6625,61,60,0.0163934
6628,61,60,0.0163934
6629,61,60,0.0163934
6631,61,60,0.0163934
6633,61,60,0.0163934
6635,61,60,0.0163934
6637,61,60,0.0163934
6639,61,60,0.0163934
6640,61,60,0.0163934
6641,61,60,0.0163934
6644,61,60,0.0163934
6646,61,60,0.0163934
6648,61,60,0.0163934
6650,61,60,0.0163934
6652,61,60,0.0163934
6654,61,60,0.0163934
6656,61,60,0.0163934
6659,61,60,0.0163934
6660,61,60,0.0163934
6663,61,60,0.0163934
6665,61,60,0.0163934
6668,61,60,0.0163934
6670,61,60,0.0163934
6673,61,60,0.0163934
6677,61,60,0.0163934
6680,61,60,0.0163934
6683,61,60,0.0163934
6687,61,60,0.0163934
6691,61,60,0.0163934
6694,61,60,0.0163934
6695,61,60,0.0163934
6698,61,60,0.0163934
6701,61,60,0.0163934
6703,61,60,0.0163934
6705,61,60,0.0163934
6708,61,60,0.0163934
6710,61,60,0.0163934
6712,61,60,0.0163934
6714,61,60,0.0163934
6716,61,60,0.0163934
6719,61,60,0.0163934
6721,61,60,0.0163934
6724,61,60,0.0163934
6726,61,60,0.0163934
6729,61,60,0.0163934
6731,61,60,0.0163934
6735,61,60,0.0163934
6737,61,60,0.0163934
6740,61,60,0.0163934
6742,61,60,0.0163934
6743,61,60,0.0163934
6745,61,60,0.0163934
6747,61,60,0.0163934
6749,61,60,0.0163934
6751,61,60,0.0163934
6753,61,60,0.0163934
6756,61,60,0.0163934
6759,61,60,0.0163934
6761,61,60,0.0163934
6763,61,60,0.0163934
6765,61,60,0.0163934
6766,61,60,0.0163934
6769,61,60,0.0163934
6770,61,60,0.0163934
6772,61,60,0.0163934
6774,61,60,0.0163934
6775,61,60,0.0163934
6776,61,60,0.0163934
6777,61,60,0.0163934
6779,61,60,0.0163934
6780,61,60,0.0163934
6781,61,60,0.0163934
6782,61,60,0.0163934
6784,61,60,0.0163934
6786,61,60,0.0163934
6787,61,60,0.0163934
6790,61,60,0.0163934
6792,61,60,0.0163934
6794,61,60,0.0163934
6796,61,60,0.0163934
6797,61,60,0.0163934
6798,61,60,0.0163934
6800,61,60,0.0163934
6801,61,60,0.0163934
6803,61,60,0.0163934
6806,61,60,0.0163934
6808,61,60,0.0163934
6810,61,60,0.0163934
6813,61,60,0.0163934
6814,61,60,0.0163934
6815,61,60,0.0163934
6816,61,60,0.0163934
6817,61,60,0.0163934
6819,61,60,0.0163934
6820,61,60,0.0163934
6822,61,60,0.0163934
6823,61,60,0.0163934
6829,61,60,0.0163934
6834,61,60,0.0163934
6835,61,60,0.0163934
6838,61,60,0.0163934
6839,61,60,0.0163934
6841,61,60,0.0163934
6844,61,60,0.0163934
6847,61,60,0.0163934
6849,61,60,0.0163934
6852,61,60,0.0163934
6854,61,60,0.0163934
6855,61,60,0.0163934
6857,61,60,0.0163934
6859,61,60,0.0163934
6861,61,60,0.0163934
6863,61,60,0.0163934
6865,61,60,0.0163934
6866,61,60,0.0163934
6869,61,60,0.0163934
6870,61,60,0.0163934
6871,61,60,0.0163934
6876,61,60,0.0163934
6878,61,60,0.0163934
6880,61,60,0.0163934
6881,61,60,0.0163934
6883,61,60,0.0163934
6884,61,60,0.0163934
6885,61,60,0.0163934
6887,61,60,0.0163934
6890,61,60,0.0163934
6893,61,60,0.0163934
6895,61,60,0.0163934
6896,61,60,0.0163934
6898,61,60,0.0163934
6899,61,60,0.0163934
6901,61,60,0.0163934
6904,61,60,0.0163934
6907,61,60,0.0163934
6911,61,60,0.0163934
6913,61,60,0.0163934
6915,61,60,0.0163934
6917,61,60,0.0163934
6918,61,60,0.0163934
6920,61,60,0.0163934
6921,61,60,0.0163934
6923,61,60,0.0163934
6925,61,60,0.0163934
6927,61,60,0.0163934
6929,61,60,0.0163934
6932,61,60,0.0163934
6934,61,60,0.0163934
6936,61,60,0.0163934
6937,61,60,0.0163934
6939,61,60,0.0163934
6942,61,60,0.0163934
6944,61,60,0.0163934
6945,61,60,0.0163934
6946,61,60,0.0163934
6948,61,60,0.0163934
6950,61,60,0.0163934
6952,61,60,0.0163934
6953,61,60,0.0163934
6955,61,60,0.0163934
6957,61,60,0.0163934
6959,61,60,0.0163934
6961,61,60,0.0163934
6962,61,60,0.0163934
6964,61,60,0.0163934
6965,61,60,0.0163934
6968,61,60,0.0163934
6970,61,60,0.0163934
6973,61,60,0.0163934
6975,61,60,0.0163934
6978,61,60,0.0163934
6980,61,60,0.0163934
6981,61,60,0.0163934
6983,61,60,0.0163934
6986,61,60,0.0163934
6988,61,60,0.0163934
6991,61,60,0.0163934
6995,61,60,0.0163934
6997,61,60,0.0163934
6999,61,60,0.0163934
7001,61,60,0.0163934
7003,61,60,0.0163934
7006,61,60,0.0163934
7008,61,60,0.0163934
7009,61,60,0.0163934
7011,61,60,0.0163934
7013,61,60,0.0163934
7014,61,60,0.0163934
7016,61,60,0.0163934
7018,61,60,0.0163934
7020,61,60,0.0163934
7022,61,60,0.0163934
7026,61,60,0.0163934
7028,61,60,0.0163934
7030,61,60,0.0163934
7031,61,60,0.0163934
7033,61,60,0.0163934
7035,61,60,0.0163934
7038,61,60,0.0163934
7040,61,60,0.0163934
7042,61,60,0.0163934
7044,61,60,0.0163934
7046,61,60,0.0163934
7048,61,60,0.0163934
7049,61,60,0.0163934
7051,61,60,0.0163934
7052,61,60,0.0163934
7053,61,60,0.0163934
7056,61,60,0.0163934
7057,61,60,0.0163934
7059,61,60,0.0163934
7062,61,60,0.0163934
7065,61,60,0.0163934
7067,61,60,0.0163934
7069,61,60,0.0163934
7071,61,60,0.0163934
7073,61,60,0.0163934
7075,61,60,0.0163934
7077,61,60,0.0163934
7079,61,60,0.0163934
7081,61,60,0.0163934
7083,61,60,0.0163934
7084,61,60,0.0163934
7086,61,60,0.0163934
7087,61,60,0.0163934
7089,61,60,0.0163934
7091,61,60,0.0163934
7093,61,60,0.0163934
7095,61,60,0.0163934
7097,61,60,0.0163934
7098,61,60,0.0163934
7101,61,60,0.0163934
7103,61,60,0.0163934
7104,61,60,0.0163934
7105,61,60,0.0163934
7107,61,60,0.0163934
7109,61,60,0.0163934
7111,61,60,0.0163934
7113,61,60,0.0163934
7116,61,60,0.0163934
7118,61,60,0.0163934
7120,61,60,0.0163934
7121,61,60,0.0163934
7123,61,60,0.0163934
7125,61,60,0.0163934
7127,61,60,0.0163934
7129,61,60,0.0163934
7130,61,60,0.0163934
7132,61,60,0.0163934
7134,61,60,0.0163934
7136,61,60,0.0163934
7137,61,60,0.0163934
7139,61,60,0.0163934
7142,61,60,0.0163934
7145,61,60,0.0163934
7147,61,60,0.0163934
7150,61,60,0.0163934
7153,61,60,0.0163934
7156,61,60,0.0163934
7160,61,60,0.0163934
7163,61,60,0.0163934
7166,61,60,0.0163934
7168,61,60,0.0163934
7171,61,60,0.0163934
7174,61,60,0.0163934
7176,61,60,0.0163934
7178,61,60,0.0163934
7180,61,60,0.0163934
7183,61,60,0.0163934
7185,61,60,0.0163934
7187,61,60,0.0163934
7190,61,60,0.0163934
7192,61,60,0.0163934
7194,61,60,0.0163934
7196,61,60,0.0163934
7198,61,60,0.0163934
7201,61,60,0.0163934
7203,61,60,0.0163934
7206,61,60,0.0163934
7208,61,60,0.0163934
7211,61,60,0.0163934
7213,61,60,0.0163934
7214,61,60,0.0163934
7217,61,60,0.0163934
7219,61,60,0.0163934
7220,61,60,0.0163934
7222,61,60,0.0163934
7225,61,60,0.0163934
7227,61,60,0.0163934
7229,61,60,0.0163934
7231,61,60,0.0163934
7233,61,60,0.0163934
7235,61,60,0.0163934
7236,61,60,0.0163934
7237,61,60,0.0163934
7238,61,60,0.0163934
7241,61,60,0.0163934
7243,61,60,0.0163934
7245,61,60,0.0163934
7247,61,60,0.0163934
7249,61,60,0.0163934
7251,61,60,0.0163934
7253,61,60,0.0163934
7255,61,60,0.0163934
7258,61,60,0.0163934
7261,61,60,0.0163934
7263,61,60,0.0163934
7266,61,60,0.0163934
7268,61,60,0.0163934
7271,61,60,0.0163934
7272,61,60,0.0163934
7274,61,60,0.0163934
7275,61,60,0.0163934
7277,61,60,0.0163934
7279,61,60,0.0163934
7281,61,60,0.0163934
7283,61,60,0.0163934
7286,61,60,0.0163934
7288,61,60,0.0163934
7289,61,60,0.0163934
7290,61,60,0.0163934
7292,61,60,0.0163934
7294,61,60,0.0163934
7296,61,60,0.0163934
7299,61,60,0.0163934
7301,61,60,0.0163934
7303,61,60,0.0163934
7306,61,60,0.0163934
7308,61,60,0.0163934
7310,61,60,0.0163934
7312,61,60,0.0163934
7316,61,60,0.0163934
7318,61,60,0.0163934
7320,61,60,0.0163934
7323,61,60,0.0163934
7324,61,60,0.0163934
7327,61,60,0.0163934
7329,61,60,0.0163934
7331,61,60,0.0163934
7333,61,60,0.0163934
7335,61,60,0.0163934
7337,61,60,0.0163934
7340,61,60,0.0163934
7342,61,60,0.0163934
7343,61,60,0.0163934
7344,61,60,0.0163934
7347,61,60,0.0163934
7348,61,60,0.0163934
7349,61,60,0.0163934
7352,61,60,0.0163934
7353,61,60,0.0163934
7355,61,60,0.0163934
7357,61,60,0.0163934
7359,61,60,0.0163934
7360,61,60,0.0163934
7361,61,60,0.0163934
7364,61,60,0.0163934
7366,61,60,0.0163934
7368,61,60,0.0163934
7370,61,60,0.0163934
7372,61,60,0.0163934
7373,61,60,0.0163934
7374,61,60,0.0163934
7375,61,60,0.0163934
7376,61,60,0.0163934
7377,61,60,0.0163934
7378,61,60,0.0163934
7380,61,60,0.0163934
7381,61,60,0.0163934
7382,61,60,0.0163934
7383,61,60,0.0163934
7384,61,60,0.0163934
7386,61,60,0.0163934
7388,61,60,0.0163934
7389,61,60,0.0163934
7390,61,60,0.0163934
7391,61,60,0.0163934
7393,61,60,0.0163934
7394,61,60,0.0163934
7395,61,60,0.0163934
7396,61,60,0.0163934
7397,61,60,0.0163934
7399,61,60,0.0163934
7400,61,60,0.0163934
7401,61,60,0.0163934
7402,61,60,0.0163934
7403,61,60,0.0163934
7404,61,60,0.0163934
7405,61,60,0.0163934
7406,61,60,0.0163934
7408,61,60,0.0163934
7409,61,60,0.0163934
7410,61,60,0.0163934
7411,61,60,0.0163934
7412,61,60,0.0163934
7413,61,60,0.0163934
7414,61,60,0.0163934
7415,61,60,0.0163934
7417,61,60,0.0163934
7418,61,60,0.0163934
7420,61,60,0.0163934
7421,61,60,0.0163934
7423,61,60,0.0163934
7423,61,60,0.0163934
7424,61,60,0.0163934
7425,61,60,0.0163934
7426,61,60,0.0163934
7427,61,60,0.0163934
7428,61,60,0.0163934
7429,61,60,0.0163934
7429,61,60,0.0163934
7431,61,60,0.0163934
7432,61,60,0.0163934
7432,61,60,0.0163934
7433,61,60,0.0163934
7434,61,60,0.0163934
7435,61,60,0.0163934
7437,61,60,0.0163934
7439,61,60,0.0163934
7440,61,60,0.0163934
7441,61,60,0.0163934
7442,61,60,0.0163934
7443,61,60,0.0163934
7444,61,60,0.0163934
7445,61,60,0.0163934
7446,61,60,0.0163934
7446,61,60,0.0163934
7447,61,60,0.0163934
7449,61,60,0.0163934
7451,61,60,0.0163934
7452,61,60,0.0163934
7453,61,60,0.0163934
7454,61,60,0.0163934
7455,61,60,0.0163934
7456,61,60,0.0163934
7457,61,60,0.0163934
7458,61,60,0.0163934
7459,61,60,0.0163934
7460,61,60,0.0163934
7462,61,60,0.0163934
7464,61,60,0.0163934
7467,61,60,0.0163934
7469,61,60,0.0163934
7472,61,60,0.0163934
7474,61,60,0.0163934
7477,61,60,0.0163934
7480,61,60,0.0163934
7482,61,60,0.0163934
7483,61,60,0.0163934
7484,61,60,0.0163934
7487,61,60,0.0163934
7490,61,60,0.0163934
7493,61,60,0.0163934
7494,61,60,0.0163934
7496,61,60,0.0163934
7498,61,60,0.0163934
7499,61,60,0.0163934
7501,61,60,0.0163934
7502,61,60,0.0163934
7504,61,60,0.0163934
7505,61,60,0.0163934
7507,61,60,0.0163934
7509,61,60,0.0163934
7510,61,60,0.0163934
7511,61,60,0.0163934
7513,61,60,0.0163934
7514,61,60,0.0163934
7515,61,60,0.0163934
7516,61,60,0.0163934
7519,61,60,0.0163934
7520,61,60,0.0163934
7522,61,60,0.0163934
7523,61,60,0.0163934
7525,61,60,0.0163934
7527,61,60,0.0163934
7529,61,60,0.0163934
7531,61,60,0.0163934
7533,61,60,0.0163934
7535,61,60,0.0163934
7537,61,60,0.0163934
7539,61,60,0.0163934
7542,61,60,0.0163934
7545,61,60,0.0163934
7546,61,60,0.0163934
7549,61,60,0.0163934
7551,61,60,0.0163934
7552,61,60,0.0163934
7552,61,60,0.0163934
7554,61,60,0.0163934
7556,61,60,0.0163934
7557,61,60,0.0163934
7558,61,60,0.0163934
7559,61,60,0.0163934
7561,61,60,0.0163934
7562,61,60,0.0163934
7565,61,60,0.0163934
7565,61,60,0.0163934
7566,61,60,0.0163934
7568,61,60,0.0163934
7569,61,60,0.0163934
7570,61,60,0.0163934
7571,61,60,0.0163934
7572,61,60,0.0163934
7573,61,60,0.0163934
7574,61,60,0.0163934
7576,61,60,0.0163934
7577,61,60,0.0163934
7579,61,60,0.0163934
7580,61,60,0.0163934
7582,61,60,0.0163934
7584,61,60,0.0163934
7586,61,60,0.0163934
7589,61,60,0.0163934
7590,61,60,0.0163934
7591,61,60,0.0163934
7593,61,60,0.0163934
7595,61,60,0.0163934
7598,61,60,0.0163934
7599,61,60,0.0163934
7600,61,60,0.0163934
7601,61,60,0.0163934
7603,61,60,0.0163934
7603,61,60,0.0163934
7605,61,60,0.0163934
7605,61,60,0.0163934
7606,61,60,0.0163934
7608,61,60,0.0163934
7610,61,60,0.0163934
7612,61,60,0.0163934
7614,61,60,0.0163934
7615,61,60,0.0163934
7616,61,60,0.0163934
7618,61,60,0.0163934
7620,61,60,0.0163934
7621,61,60,0.0163934
7623,61,60,0.0163934
7625,61,60,0.0163934
7627,61,60,0.0163934
7628,61,60,0.0163934
7630,61,60,0.0163934
7632,61,60,0.0163934
7635,61,60,0.0163934
7637,61,60,0.0163934
7638,61,60,0.0163934
7641,61,60,0.0163934
7644,61,60,0.0163934
7647,61,60,0.0163934
7650,61,60,0.0163934
7653,61,60,0.0163934
7656,61,60,0.0163934
7659,61,60,0.0163934
7661,61,60,0.0163934
7662,61,60,0.0163934
7664,61,60,0.0163934
7667,61,60,0.0163934
7668,61,60,0.0163934
7670,61,60,0.0163934
7672,61,60,0.0163934
7675,61,60,0.0163934
7678,61,60,0.0163934
7680,61,60,0.0163934
7682,61,60,0.0163934
7684,61,60,0.0163934
7686,61,60,0.0163934
7689,61,60,0.0163934
7693,61,60,0.0163934
7694,61,60,0.0163934
7696,61,60,0.0163934
7697,61,60,0.0163934
7698,61,60,0.0163934
7700,61,60,0.0163934
7700,61,60,0.0163934
7701,61,60,0.0163934
7702,61,60,0.0163934
7704,61,60,0.0163934
7707,61,60,0.0163934
7709,61,60,0.0163934
7711,61,60,0.0163934
7713,61,60,0.0163934
7714,61,60,0.0163934
7716,61,60,0.0163934
7717,61,60,0.0163934
7719,61,60,0.0163934
7720,61,60,0.0163934
7721,61,60,0.0163934
7723,61,60,0.0163934
7724,61,60,0.0163934
7726,61,60,0.0163934
7729,61,60,0.0163934
7731,61,60,0.0163934
7734,61,60,0.0163934
7736,61,60,0.0163934
7737,61,60,0.0163934
7738,61,60,0.0163934
7740,61,60,0.0163934
7741,61,60,0.0163934
7743,61,60,0.0163934
7745,61,60,0.0163934
7747,61,60,0.0163934
7749,61,60,0.0163934
7751,61,60,0.0163934
7753,61,60,0.0163934
7755,61,60,0.0163934
7758,61,60,0.0163934
7760,61,60,0.0163934
7762,61,60,0.0163934
7765,61,60,0.0163934
7767,61,60,0.0163934
7769,61,60,0.0163934
7772,61,60,0.0163934
7774,61,60,0.0163934
7777,61,60,0.0163934
7779,61,60,0.0163934
7781,61,60,0.0163934
7783,61,60,0.0163934
7786,61,60,0.0163934
7789,61,60,0.0163934
7792,61,60,0.0163934
7795,61,60,0.0163934
7796,61,60,0.0163934
7798,61,60,0.0163934
7801,61,60,0.0163934
7804,61,60,0.0163934
7808,61,60,0.0163934
7811,61,60,0.0163934
7814,61,60,0.0163934
7815,61,60,0.0163934
7817,61,60,0.0163934
7820,61,60,0.0163934
7822,61,60,0.0163934
7824,61,60,0.0163934
7828,61,60,0.0163934
7831,61,60,0.0163934
7834,61,60,0.0163934
7836,61,60,0.0163934
7841,61,60,0.0163934
7844,61,60,0.0163934
7847,61,60,0.0163934
7849,61,60,0.0163934
7852,61,60,0.0163934
7853,61,60,0.0163934
7856,61,60,0.0163934
7858,61,60,0.0163934
7860,61,60,0.0163934
7862,61,60,0.0163934
7866,61,60,0.0163934
7869,61,60,0.0163934
7871,61,60,0.0163934
7873,61,60,0.0163934
7874,61,60,0.0163934
7876,61,60,0.0163934
7877,61,60,0.0163934
7880,61,60,0.0163934
7883,61,60,0.0163934
7885,61,60,0.0163934
7888,61,60,0.0163934
7892,61,60,0.0163934
7894,61,60,0.0163934
7897,61,60,0.0163934
7899,61,60,0.0163934
7900,61,60,0.0163934
7903,61,60,0.0163934
7906,61,60,0.0163934
7910,61,60,0.0163934
7912,61,60,0.0163934
7914,61,60,0.0163934
7916,61,60,0.0163934
7918,61,60,0.0163934
7920,61,60,0.0163934
7921,61,60,0.0163934
7923,61,60,0.0163934
7926,61,60,0.0163934
7929,61,60,0.0163934
7931,61,60,0.0163934
7934,61,60,0.0163934
7937,61,60,0.0163934
7939,61,60,0.0163934
7941,61,60,0.0163934
7945,61,60,0.0163934
7947,61,60,0.0163934
7949,61,60,0.0163934
7952,61,60,0.0163934
7955,61,60,0.0163934
7958,61,60,0.0163934
7961,61,60,0.0163934
7964,61,60,0.0163934
7967,61,60,0.0163934
7969,61,60,0.0163934
7971,61,60,0.0163934
7973,61,60,0.0163934
7976,61,60,0.0163934
7978,61,60,0.0163934
7980,61,60,0.0163934
7981,61,60,0.0163934
7983,61,60,0.0163934
7986,61,60,0.0163934
7988,61,60,0.0163934
7991,61,60,0.0163934
7994,61,60,0.0163934
7996,61,60,0.0163934
7997,61,60,0.0163934
7998,61,60,0.0163934
8000,61,60,0.0163934
8002,61,60,0.0163934
8004,61,60,0.0163934
8007,61,60,0.0163934
8008,61,60,0.0163934
8010,61,60,0.0163934
8011,61,60,0.0163934
8013,61,60,0.0163934
8014,61,60,0.0163934
8015,61,60,0.0163934
8017,61,60,0.0163934
8020,61,60,0.0163934
8022,61,60,0.0163934
8025,61,60,0.0163934
8028,61,60,0.0163934
8031,61,60,0.0163934
8033,61,60,0.0163934
8036,61,60,0.0163934
8038,61,60,0.0163934
8040,61,60,0.0163934
8042,61,60,0.0163934
8044,61,60,0.0163934
8046,61,60,0.0163934
8048,61,60,0.0163934
8049,61,60,0.0163934
8051,61,60,0.0163934
8053,61,60,0.0163934
8055,61,60,0.0163934
8057,61,60,0.0163934
8059,61,60,0.0163934
8061,61,60,0.0163934
8064,61,60,0.0163934
8065,61,60,0.0163934
8067,61,60,0.0163934
8069,61,60,0.0163934
8071,61,60,0.0163934
8074,61,60,0.0163934
8075,61,60,0.0163934
8077,61,60,0.0163934
8079,61,60,0.0163934
8080,61,60,0.0163934
8082,61,60,0.0163934
8083,61,60,0.0163934
8085,61,60,0.0163934
8087,61,60,0.0163934
8089,61,60,0.0163934
8091,61,60,0.0163934
8093,61,60,0.0163934
8097,61,60,0.0163934
8099,61,60,0.0163934
8102,61,60,0.0163934
8104,61,60,0.0163934
8105,61,60,0.0163934
8107,61,60,0.0163934
8109,61,60,0.0163934
8112,61,60,0.0163934
8114,61,60,0.0163934
8116,61,60,0.0163934
8118,61,60,0.0163934
8120,61,60,0.0163934
8122,61,60,0.0163934
8124,61,60,0.0163934
8126,61,60,0.0163934
8128,61,60,0.0163934
8129,61,60,0.0163934
8130,61,60,0.0163934
8133,61,60,0.0163934
8135,61,60,0.0163934
8136,61,60,0.0163934
8139,61,60,0.0163934
8140,61,60,0.0163934
8142,61,60,0.0163934
8143,61,60,0.0163934
8145,61,60,0.0163934
8147,61,60,0.0163934
8150,61,60,0.0163934
8152,61,60,0.0163934
8154,61,60,0.0163934
8156,61,60,0.0163934
8158,61,60,0.0163934
8160,61,60,0.0163934
8161,61,60,0.0163934
8162,61,60,0.0163934
8163,61,60,0.0163934
8166,61,60,0.0163934
8168,61,60,0.0163934
8170,61,60,0.0163934
8172,61,60,0.0163934
8175,61,60,0.0163934
8177,61,60,0.0163934
8180,61,60,0.0163934
8181,61,60,0.0163934
8183,61,60,0.0163934
8185,61,60,0.0163934
8187,61,60,0.0163934
8190,61,60,0.0163934
8191,61,60,0.0163934
8193,61,60,0.0163934
8195,61,60,0.0163934
8196,61,60,0.0163934
8198,61,60,0.0163934
8199,61,60,0.0163934
8200,61,60,0.0163934
8201,61,60,0.0163934
8203,61,60,0.0163934
8204,61,60,0.0163934
8205,61,60,0.0163934
8206,61,60,0.0163934
8207,61,60,0.0163934
8210,61,60,0.0163934
8212,61,60,0.0163934
8215,61,60,0.0163934
8217,61,60,0.0163934
8218,61,60,0.0163934
8219,61,60,0.0163934
8220,61,60,0.0163934
8221,61,60,0.0163934
8223,61,60,0.0163934
8226,61,60,0.0163934
8228,61,60,0.0163934
8230,61,60,0.0163934
8233,61,60,0.0163934
8234,61,60,0.0163934
8236,61,60,0.0163934
8239,61,60,0.0163934
8240,61,60,0.0163934
8241,61,60,0.0163934
8243,61,60,0.0163934
8246,61,60,0.0163934
8247,61,60,0.0163934
8250,61,60,0.0163934
8252,61,60,0.0163934
8253,61,60,0.0163934
8255,61,60,0.0163934
8256,61,60,0.0163934
8258,61,60,0.0163934
8259,61,60,0.0163934
8260,61,60,0.0163934
8261,61,60,0.0163934
8262,61,60,0.0163934
8264,61,60,0.0163934
8265,61,60,0.0163934
8266,61,60,0.0163934
8268,61,60,0.0163934
8269,61,60,0.0163934
8269,61,60,0.0163934
8273,61,60,0.0163934
8275,61,60,0.0163934
8276,61,60,0.0163934
8277,61,60,0.0163934
8278,61,60,0.0163934
8279,61,60,0.0163934
8279,61,60,0.0163934
8280,61,60,0.0163934
8281,61,60,0.0163934
8282,61,60,0.0163934
8283,61,60,0.0163934
8284,61,60,0.0163934
8285,61,60,0.0163934
8286,61,60,0.0163934
8286,61,60,0.0163934
8287,61,60,0.0163934
8288,61,60,0.0163934
8289,61,60,0.0163934
8290,61,60,0.0163934
8291,61,60,0.0163934
8292,61,60,0.0163934
8293,61,60,0.0163934
8294,61,60,0.0163934
8296,61,60,0.0163934
8299,61,60,0.0163934
8301,61,60,0.0163934
8303,61,60,0.0163934
8306,61,60,0.0163934
8308,61,60,0.0163934
8310,61,60,0.0163934
8312,61,60,0.0163934
8314,61,60,0.0163934
8315,61,60,0.0163934
8317,61,60,0.0163934
8319,61,60,0.0163934
8321,61,60,0.0163934
8323,61,60,0.0163934
8325,61,60,0.0163934
8327,61,60,0.0163934
8328,61,60,0.0163934
8330,61,60,0.0163934
8331,61,60,0.0163934
8334,61,60,0.0163934
8337,61,60,0.0163934
8339,61,60,0.0163934
8342,61,60,0.0163934
8345,61,60,0.0163934
8347,61,60,0.0163934
8350,61,60,0.0163934
8351,61,60,0.0163934
8354,61,60,0.0163934
8356,61,60,0.0163934
8357,61,60,0.0163934
8358,61,60,0.0163934
8361,61,60,0.0163934
8364,61,60,0.0163934
8366,61,60,0.0163934
8369,61,60,0.0163934
8371,61,60,0.0163934
8374,61,60,0.0163934
8377,61,60,0.0163934
8379,61,60,0.0163934
8382,61,60,0.0163934
8384,61,60,0.0163934
8387,61,60,0.0163934
8391,61,60,0.0163934
8393,61,60,0.0163934
8395,61,60,0.0163934
8396,61,60,0.0163934
8398,61,60,0.0163934
8399,61,60,0.0163934
8400,61,60,0.0163934
8402,61,60,0.0163934
8404,61,60,0.0163934
8406,61,60,0.0163934
8409,61,60,0.0163934
8411,61,60,0.0163934
8413,61,60,0.0163934
8415,61,60,0.0163934
8418,61,60,0.0163934
8420,61,60,0.0163934
8422,61,60,0.0163934
8425,61,60,0.0163934
8427,61,60,0.0163934
8428,61,60,0.0163934
8430,61,60,0.0163934
8431,61,60,0.0163934
8432,61,60,0.0163934
8433,61,60,0.0163934
8435,61,60,0.0163934
8436,61,60,0.0163934
8437,61,60,0.0163934
8438,61,60,0.0163934
8441,61,60,0.0163934
8443,61,60,0.0163934
8446,61,60,0.0163934
8448,61,60,0.0163934
8450,61,60,0.0163934
8453,61,60,0.0163934
8454,61,60,0.0163934
8455,61,60,0.0163934
8456,61,60,0.0163934
8458,61,60,0.0163934
8460,61,60,0.0163934
8463,61,60,0.0163934
8464,61,60,0.0163934
8466,61,60,0.0163934
8469,61,60,0.0163934
8471,61,60,0.0163934
8474,61,60,0.0163934
8476,61,60,0.0163934
8478,61,60,0.0163934
8479,61,60,0.0163934
8481,61,60,0.0163934
8483,61,60,0.0163934
8484,61,60,0.0163934
8486,61,60,0.0163934
8487,61,60,0.0163934
8490,61,60,0.0163934
8492,61,60,0.0163934
8493,61,60,0.0163934
8495,61,60,0.0163934
8498,61,60,0.0163934
8500,61,60,0.0163934
8502,61,60,0.0163934
8504,61,60,0.0163934
8507,61,60,0.0163934
8509,61,60,0.0163934
8511,61,60,0.0163934
8514,61,60,0.0163934
8516,61,60,0.0163934
8525,61,60,0.0163934
8528,61,60,0.0163934
8531,61,60,0.0163934
8533,61,60,0.0163934
8535,61,60,0.0163934
8536,61,60,0.0163934
8538,61,60,0.0163934
8541,61,60,0.0163934
8543,61,60,0.0163934
8545,61,60,0.0163934
8548,61,60,0.0163934
8551,61,60,0.0163934
8553,61,60,0.0163934
8556,61,60,0.0163934
8558,61,60,0.0163934
8559,61,60,0.0163934
8562,61,60,0.0163934
8565,61,60,0.0163934
8568,61,60,0.0163934
8570,61,60,0.0163934
8572,61,60,0.0163934
8576,61,60,0.0163934
8579,61,60,0.0163934
8582,61,60,0.0163934
8585,61,60,0.0163934
8594,61,60,0.0163934
8596,61,60,0.0163934
8599,61,60,0.0163934
8601,61,60,0.0163934
8604,61,60,0.0163934
8605,61,60,0.0163934
8608,61,60,0.0163934
8611,61,60,0.0163934
8613,61,60,0.0163934
8616,61,60,0.0163934
8619,61,60,0.0163934
8622,61,60,0.0163934
8624,61,60,0.0163934
8627,61,60,0.0163934
8629,61,60,0.0163934
8632,61,60,0.0163934
8633,61,60,0.0163934
8635,61,60,0.0163934
8638,61,60,0.0163934
8640,61,60,0.0163934
8642,61,60,0.0163934
8645,61,60,0.0163934
8647,61,60,0.0163934
8649,61,60,0.0163934
8652,61,60,0.0163934
8654,61,60,0.0163934
8656,61,60,0.0163934
8657,61,60,0.0163934
8661,61,60,0.0163934
8663,61,60,0.0163934
8664,61,60,0.0163934
8666,61,60,0.0163934
8669,61,60,0.0163934
8671,61,60,0.0163934
8675,61,60,0.0163934
8678,61,60,0.0163934
8680,61,60,0.0163934
8683,61,60,0.0163934
8685,61,60,0.0163934
8688,61,60,0.0163934
8689,61,60,0.0163934
8691,61,60,0.0163934
8694,61,60,0.0163934
8695,61,60,0.0163934
8697,61,60,0.0163934
8698,61,60,0.0163934
8700,61,60,0.0163934
8701,61,60,0.0163934
8703,61,60,0.0163934
8705,61,60,0.0163934
8706,61,60,0.0163934
8708,61,60,0.0163934
8710,61,60,0.0163934
8711,61,60,0.0163934
8712,61,60,0.0163934
8714,61,60,0.0163934
8716,61,60,0.0163934
8718,61,60,0.0163934
8720,61,60,0.0163934
8721,61,60,0.0163934
8722,61,60,0.0163934
8725,61,60,0.0163934
8727,61,60,0.0163934
8729,61,60,0.0163934
8732,61,60,0.0163934
8735,61,60,0.0163934
8737,61,60,0.0163934
8741,61,60,0.0163934
8744,61,60,0.0163934
8745,61,60,0.0163934
8746,61,60,0.0163934
8748,61,60,0.0163934
8750,61,60,0.0163934
8752,61,60,0.0163934
8754,61,60,0.0163934
8756,61,60,0.0163934
8758,61,60,0.0163934
8760,61,60,0.0163934
8762,61,60,0.0163934
8763,61,60,0.0163934
8764,61,60,0.0163934
8765,61,60,0.0163934
8766,61,60,0.0163934
8768,61,60,0.0163934
8770,61,60,0.0163934
8771,61,60,0.0163934
8772,61,60,0.0163934
8774,61,60,0.0163934
8775,61,60,0.0163934
8778,61,60,0.0163934
8779,61,60,0.0163934
8780,61,60,0.0163934
8781,61,60,0.0163934
8783,61,60,0.0163934
8784,61,60,0.0163934
8787,61,60,0.0163934
8790,61,60,0.0163934
8792,61,60,0.0163934
8794,61,60,0.0163934
8795,61,60,0.0163934
8796,61,60,0.0163934
8797,61,60,0.0163934
8798,61,60,0.0163934
8800,61,60,0.0163934
8801,61,60,0.0163934
8803,61,60,0.0163934
8805,61,60,0.0163934
8807,61,60,0.0163934
8811,61,60,0.0163934
8812,61,60,0.0163934
8814,61,60,0.0163934
8817,61,60,0.0163934
8819,61,60,0.0163934
8821,61,60,0.0163934
8822,61,60,0.0163934
8826,61,60,0.0163934
8828,61,60,0.0163934
8830,61,60,0.0163934
8832,61,60,0.0163934
8834,61,60,0.0163934
8835,61,60,0.0163934
8837,61,60,0.0163934
8840,61,60,0.0163934
8842,61,60,0.0163934
8844,61,60,0.0163934
8846,61,60,0.0163934
8849,61,60,0.0163934
8851,61,60,0.0163934
8853,61,60,0.0163934
8857,61,60,0.0163934
8860,61,60,0.0163934
8862,61,60,0.0163934
8864,61,60,0.0163934
8867,61,60,0.0163934
8870,61,60,0.0163934
8874,61,60,0.0163934
8876,61,60,0.0163934
8879,61,60,0.0163934
8880,61,60,0.0163934
8882,61,60,0.0163934
8884,61,60,0.0163934
8887,61,60,0.0163934
8888,61,60,0.0163934
8891,61,60,0.0163934
8894,61,60,0.0163934
8896,61,60,0.0163934
8899,61,60,0.0163934
8901,61,60,0.0163934
8903,61,60,0.0163934
8906,61,60,0.0163934
8908,61,60,0.0163934
8909,61,60,0.0163934
8911,61,60,0.0163934
8912,61,60,0.0163934
8914,61,60,0.0163934
8916,61,60,0.0163934
8918,61,60,0.0163934
8919,61,60,0.0163934
8921,61,60,0.0163934
8922,61,60,0.0163934
8925,61,60,0.0163934
8928,61,60,0.0163934
8931,61,60,0.0163934
8933,61,60,0.0163934
8935,61,60,0.0163934
8938,61,60,0.0163934
8941,61,60,0.0163934
8943,61,60,0.0163934
8945,61,60,0.0163934
8947,61,60,0.0163934
8949,61,60,0.0163934
8951,61,60,0.0163934
8953,61,60,0.0163934
8956,61,60,0.0163934
8959,61,60,0.0163934
8960,61,60,0.0163934
8962,61,60,0.0163934
8965,61,60,0.0163934
8967,61,60,0.0163934
8969,61,60,0.0163934
8971,61,60,0.0163934
8972,61,60,0.0163934
8975,61,60,0.0163934
8977,61,60,0.0163934
8978,61,60,0.0163934
8980,61,60,0.0163934
8981,61,60,0.0163934
8982,61,60,0.0163934
8983,61,60,0.0163934
8984,61,60,0.0163934
8985,61,60,0.0163934
8987,61,60,0.0163934
8989,61,60,0.0163934
8991,61,60,0.0163934
8992,61,60,0.0163934
8993,61,60,0.0163934
8995,61,60,0.0163934
8997,61,60,0.0163934
8999,61,60,0.0163934
9001,61,60,0.0163934
9003,61,60,0.0163934
9005,61,60,0.0163934
9007,61,60,0.0163934
9008,61,60,0.0163934
9009,61,60,0.0163934
9010,61,60,0.0163934
9012,61,60,0.0163934
9012,61,60,0.0163934
9013,61,60,0.0163934
9014,61,60,0.0163934
9016,61,60,0.0163934
9017,61,60,0.0163934
9019,61,60,0.0163934
9020,61,60,0.0163934
9023,61,60,0.0163934
9024,61,60,0.0163934
9027,61,60,0.0163934
9029,61,60,0.0163934
9030,61,60,0.0163934
9032,61,60,0.0163934
9035,61,60,0.0163934
9037,61,60,0.0163934
9038,61,60,0.0163934
9040,61,60,0.0163934
9042,61,60,0.0163934
9043,61,60,0.0163934
9045,61,60,0.0163934
9047,61,60,0.0163934
9050,61,60,0.0163934
9053,61,60,0.0163934
9056,61,60,0.0163934
9058,61,60,0.0163934
9061,61,60,0.0163934
9063,61,60,0.0163934
9066,61,60,0.0163934
9068,61,60,0.0163934
9070,61,60,0.0163934
9071,61,60,0.0163934
9074,61,60,0.0163934
9077,61,60,0.0163934
9079,61,60,0.0163934
9082,61,60,0.0163934
9085,61,60,0.0163934
9087,61,60,0.0163934
9090,61,60,0.0163934
9093,61,60,0.0163934
9095,61,60,0.0163934
9097,61,60,0.0163934
9098,61,60,0.0163934
9100,61,60,0.0163934
9102,61,60,0.0163934
9103,61,60,0.0163934
9105,61,60,0.0163934
9107,61,60,0.0163934
9109,61,60,0.0163934
9111,61,60,0.0163934
9113,61,60,0.0163934
9115,61,60,0.0163934
9116,61,60,0.0163934
9118,61,60,0.0163934
9119,61,60,0.0163934
9121,61,60,0.0163934
9123,61,60,0.0163934
9125,61,60,0.0163934
9127,61,60,0.0163934
9128,61,60,0.0163934
9130,61,60,0.0163934
9133,61,60,0.0163934
9134,61,60,0.0163934
9136,61,60,0.0163934
9138,61,60,0.0163934
9139,61,60,0.0163934
9140,61,60,0.0163934
9142,61,60,0.0163934
9143,61,60,0.0163934
9146,61,60,0.0163934
9148,61,60,0.0163934
9150,61,60,0.0163934
9153,61,60,0.0163934
9155,61,60,0.0163934
9158,61,60,0.0163934
9159,61,60,0.0163934
9162,61,60,0.0163934
9164,61,60,0.0163934
9165,61,60,0.0163934
9166,61,60,0.0163934
9168,61,60,0.0163934
9169,61,60,0.0163934
9170,61,60,0.0163934
9171,61,60,0.0163934
9173,61,60,0.0163934
9174,61,60,0.0163934
9176,61,60,0.0163934
9177,61,60,0.0163934
9179,61,60,0.0163934
9181,61,60,0.0163934
9183,61,60,0.0163934
9185,61,60,0.0163934
9186,61,60,0.0163934
9189,61,60,0.0163934
9192,61,60,0.0163934
9195,61,60,0.0163934
9198,61,60,0.0163934
9201,61,60,0.0163934
9204,61,60,0.0163934
9207,61,60,0.0163934
9209,61,60,0.0163934
9211,61,60,0.0163934
9214,61,60,0.0163934
9217,61,60,0.0163934
9219,61,60,0.0163934
9222,61,60,0.0163934
9224,61,60,0.0163934
9226,61,60,0.0163934
9229,61,60,0.0163934
9232,61,60,0.0163934
9234,61,60,0.0163934
9235,61,60,0.0163934
9237,61,60,0.0163934
9240,61,60,0.0163934
9242,61,60,0.0163934
9244,61,60,0.0163934
9246,61,60,0.0163934
9247,61,60,0.0163934
9249,61,60,0.0163934
9250,61,60,0.0163934
9252,61,60,0.0163934
9255,61,60,0.0163934
9258,61,60,0.0163934
9260,61,60,0.0163934
9263,61,60,0.0163934
9266,61,60,0.0163934
9268,61,60,0.0163934
9270,61,60,0.0163934
9273,61,60,0.0163934
9275,61,60,0.0163934
9277,61,60,0.0163934
9279,61,60,0.0163934
9281,61,60,0.0163934
9283,61,60,0.0163934
9284,61,60,0.0163934
9286,61,60,0.0163934
9288,61,60,0.0163934
9290,61,60,0.0163934
9292,61,60,0.0163934
9293,61,60,0.0163934
9295,61,60,0.0163934
9298,61,60,0.0163934
9300,61,60,0.0163934
9302,61,60,0.0163934
9304,61,60,0.0163934
9306,61,60,0.0163934
9308,61,60,0.0163934
9309,61,60,0.0163934
9311,61,60,0.0163934
9313,61,60,0.0163934
9314,61,60,0.0163934
9317,61,60,0.0163934
9319,61,60,0.0163934
9322,61,60,0.0163934
9323,61,60,0.0163934
9325,61,60,0.0163934
9333,61,60,0.0163934
9335,61,60,0.0163934
9338,61,60,0.0163934
9342,61,60,0.0163934
9344,61,60,0.0163934
9345,61,60,0.0163934
9347,61,60,0.0163934
9348,61,60,0.0163934
9350,61,60,0.0163934
9352,61,60,0.0163934
9355,61,60,0.0163934
9359,61,60,0.0163934
9363,61,60,0.0163934
9365,61,60,0.0163934
9368,61,60,0.0163934
9372,61,60,0.0163934
9376,61,60,0.0163934
9380,61,60,0.0163934
9382,61,60,0.0163934
9384,61,60,0.0163934
9387,61,60,0.0163934
9388,61,60,0.0163934
9390,61,60,0.0163934
9393,61,60,0.0163934
9396,61,60,0.0163934
9398,61,60,0.0163934
9401,61,60,0.0163934
9403,61,60,0.0163934
9405,61,60,0.0163934
9407,61,60,0.0163934
9408,61,60,0.0163934
9410,61,60,0.0163934
9411,61,60,0.0163934
9413,61,60,0.0163934
9414,61,60,0.0163934
9416,61,60,0.0163934
9418,61,60,0.0163934
9420,61,60,0.0163934
9422,61,60,0.0163934
9423,61,60,0.0163934
9425,61,60,0.0163934
9427,61,60,0.0163934
9429,61,60,0.0163934
9431,61,60,0.0163934
9434,61,60,0.0163934
9436,61,60,0.0163934
9442,61,60,0.0163934
9445,61,60,0.0163934
9448,61,60,0.0163934
9451,61,60,0.0163934
9454,61,60,0.0163934
9456,61,60,0.0163934
9459,61,60,0.0163934
9462,61,60,0.0163934
9464,61,60,0.0163934
9465,61,60,0.0163934
9468,61,60,0.0163934
9470,61,60,0.0163934
9472,61,60,0.0163934
9473,61,60,0.0163934
9476,61,60,0.0163934
9478,61,60,0.0163934
9481,61,60,0.0163934
9483,61,60,0.0163934
9485,61,60,0.0163934
9486,61,60,0.0163934
9488,61,60,0.0163934
9489,61,60,0.0163934
9491,61,60,0.0163934
9493,61,60,0.0163934
9495,61,60,0.0163934
9497,61,60,0.0163934
9500,61,60,0.0163934
9502,61,60,0.0163934
9505,61,60,0.0163934
9508,61,60,0.0163934
9510,61,60,0.0163934
9512,61,60,0.0163934
9515,61,60,0.0163934
9518,61,60,0.0163934
9521,61,60,0.0163934
9524,61,60,0.0163934
9527,61,60,0.0163934
9529,61,60,0.0163934
9531,61,60,0.0163934
9534,61,60,0.0163934
9536,61,60,0.0163934
9538,61,60,0.0163934
9540,61,60,0.0163934
9542,61,60,0.0163934
9543,61,60,0.0163934
9545,61,60,0.0163934
9547,61,60,0.0163934
9550,61,60,0.0163934
9552,61,60,0.0163934
9553,61,60,0.0163934
9555,61,60,0.0163934
9557,61,60,0.0163934
9560,61,60,0.0163934
9561,61,60,0.0163934
9562,61,60,0.0163934
9563,61,60,0.0163934
9565,61,60,0.0163934
9567,61,60,0.0163934
9570,61,60,0.0163934
9573,61,60,0.0163934
9575,61,60,0.0163934
9577,61,60,0.0163934
9578,61,60,0.0163934
9581,61,60,0.0163934
9583,61,60,0.0163934
9585,61,60,0.0163934
9587,61,60,0.0163934
9588,61,60,0.0163934
9591,61,60,0.0163934
9592,61,60,0.0163934
9594,61,60,0.0163934
9596,61,60,0.0163934
9598,61,60,0.0163934
9599,61,60,0.0163934
9602,61,60,0.0163934
9604,61,60,0.0163934
9607,61,60,0.0163934
9609,61,60,0.0163934
9611,61,60,0.0163934
9613,61,60,0.0163934
9616,61,60,0.0163934
9618,61,60,0.0163934
9619,61,60,0.0163934
9621,61,60,0.0163934
9623,61,60,0.0163934
9625,61,60,0.0163934
9626,61,60,0.0163934
9627,61,60,0.0163934
9628,61,60,0.0163934
9629,61,60,0.0163934
9630,61,60,0.0163934
9631,61,60,0.0163934
9632,61,60,0.0163934
9634,61,60,0.0163934
9635,61,60,0.0163934
9637,61,60,0.0163934
9637,61,60,0.0163934
9638,61,60,0.0163934
9639,61,60,0.0163934
9640,61,60,0.0163934
9641,61,60,0.0163934
9644,61,60,0.0163934
9646,61,60,0.0163934
9647,61,60,0.0163934
9648,61,60,0.0163934
9650,61,60,0.0163934
9651,61,60,0.0163934
9653,61,60,0.0163934
9655,61,60,0.0163934
9657,61,60,0.0163934
9659,61,60,0.0163934
9661,61,60,0.0163934
9663,61,60,0.0163934
9665,61,60,0.0163934
9668,61,60,0.0163934
9672,61,60,0.0163934
9674,61,60,0.0163934
9676,61,60,0.0163934
9677,61,60,0.0163934
9680,61,60,0.0163934
9683,61,60,0.0163934
9686,61,60,0.0163934
9690,61,60,0.0163934
9692,61,60,0.0163934
9694,61,60,0.0163934
9696,61,60,0.0163934
9698,61,60,0.0163934
9700,61,60,0.0163934
9702,61,60,0.0163934
9705,61,60,0.0163934
9708,61,60,0.0163934
9711,61,60,0.0163934
9713,61,60,0.0163934
9715,61,60,0.0163934
9718,61,60,0.0163934
9720,61,60,0.0163934
9723,61,60,0.0163934
9724,61,60,0.0163934
9726,61,60,0.0163934
9728,61,60,0.0163934
9730,61,60,0.0163934
9732,61,60,0.0163934
9734,61,60,0.0163934
9735,61,60,0.0163934
9738,61,60,0.0163934
9740,61,60,0.0163934
9741,61,60,0.0163934
9743,61,60,0.0163934
9744,61,60,0.0163934
9745,61,60,0.0163934
9747,61,60,0.0163934
9749,61,60,0.0163934
9751,61,60,0.0163934
9753,61,60,0.0163934
9755,61,60,0.0163934
9758,61,60,0.0163934
9761,61,60,0.0163934
9764,61,60,0.0163934
9766,61,60,0.0163934
9769,61,60,0.0163934
9772,61,60,0.0163934
9775,61,60,0.0163934
9777,61,60,0.0163934
9778,61,60,0.0163934
9779,61,60,0.0163934
9781,61,60,0.0163934
9783,61,60,0.0163934
9785,61,60,0.0163934
9788,61,60,0.0163934
9790,61,60,0.0163934
9793,61,60,0.0163934
9794,61,60,0.0163934
9795,61,60,0.0163934
9797,61,60,0.0163934
9800,61,60,0.0163934
9802,61,60,0.0163934
9803,61,60,0.0163934
9805,61,60,0.0163934
9806,61,60,0.0163934
9808,61,60,0.0163934
9810,61,60,0.0163934
9812,61,60,0.0163934
9813,61,60,0.0163934
9814,61,60,0.0163934
9815,61,60,0.0163934
9817,61,60,0.0163934
9818,61,60,0.0163934
9819,61,60,0.0163934
9820,61,60,0.0163934
9822,61,60,0.0163934
9823,61,60,0.0163934
9826,61,60,0.0163934
9829,61,60,0.0163934
9831,61,60,0.0163934
9833,61,60,0.0163934
9836,61,60,0.0163934
9839,61,60,0.0163934
9842,61,60,0.0163934
9844,61,60,0.0163934
9848,61,60,0.0163934
9850,61,60,0.0163934
9852,61,60,0.0163934
9853,61,60,0.0163934
9854,61,60,0.0163934
9855,61,60,0.0163934
9858,61,60,0.0163934
9861,61,60,0.0163934
9863,61,60,0.0163934
9865,61,60,0.0163934
9868,61,60,0.0163934
9870,61,60,0.0163934
9873,61,60,0.0163934
9875,61,60,0.0163934
9877,61,60,0.0163934
9878,61,60,0.0163934
9881,61,60,0.0163934
9884,61,60,0.0163934
9887,61,60,0.0163934
9889,61,60,0.0163934
9891,61,60,0.0163934
9892,61,60,0.0163934
9894,61,60,0.0163934
9896,61,60,0.0163934
9897,61,60,0.0163934
9898,61,60,0.0163934
9899,61,60,0.0163934
9900,61,60,0.0163934
9902,61,60,0.0163934
9904,61,60,0.0163934
9907,61,60,0.0163934
9909,61,60,0.0163934
9910,61,60,0.0163934
9911,61,60,0.0163934
9912,61,60,0.0163934
9913,61,60,0.0163934
9914,61,60,0.0163934
9917,61,60,0.0163934
9918,61,60,0.0163934
9919,61,60,0.0163934
9921,61,60,0.0163934
9924,61,60,0.0163934
9927,61,60,0.0163934
9930,61,60,0.0163934
9932,61,60,0.0163934
9935,61,60,0.0163934
9936,61,60,0.0163934
9937,61,60,0.0163934
9939,61,60,0.0163934
9941,61,60,0.0163934
9943,61,60,0.0163934
9945,61,60,0.0163934
9947,61,60,0.0163934
9950,61,60,0.0163934
9952,61,60,0.0163934
9955,61,60,0.0163934
9956,61,60,0.0163934
9958,61,60,0.0163934
9959,61,60,0.0163934
9960,61,60,0.0163934
9962,61,60,0.0163934
9963,61,60,0.0163934
9965,61,60,0.0163934
9967,61,60,0.0163934
9969,61,60,0.0163934
9972,61,60,0.0163934
9975,61,60,0.0163934
9976,61,60,0.0163934
9978,61,60,0.0163934
9979,61,60,0.0163934
9982,61,60,0.0163934
9984,61,60,0.0163934
9985,61,60,0.0163934
9987,61,60,0.0163934
9990,61,60,0.0163934
9993,61,60,0.0163934
9994,61,60,0.0163934
9996,61,60,0.0163934
9998,61,60,0.0163934
10000,61,60,0.0163934
10001,61,60,0.0163934
10002,61,60,0.0163934
10003,61,60,0.0163934
10006,61,60,0.0163934
10008,61,60,0.0163934
10011,61,60,0.0163934
10012,61,60,0.0163934
10013,61,60,0.0163934
10014,61,60,0.0163934
10016,61,60,0.0163934
10019,61,60,0.0163934
10021,61,60,0.0163934
10024,61,60,0.0163934
10025,61,60,0.0163934
10027,61,60,0.0163934
10028,61,60,0.0163934
10030,61,60,0.0163934
10031,61,60,0.0163934
10033,61,60,0.0163934
10035,61,60,0.0163934
10036,61,60,0.0163934
10037,61,60,0.0163934
10054,61,60,0.0163934
10057,61,60,0.0163934
10058,61,60,0.0163934
10060,61,60,0.0163934
10063,61,60,0.0163934
10064,61,60,0.0163934
10066,61,60,0.0163934
10068,61,60,0.0163934
10070,61,60,0.0163934
10072,61,60,0.0163934
10074,61,60,0.0163934
10076,61,60,0.0163934
10077,61,60,0.0163934
10079,61,60,0.0163934
10081,61,60,0.0163934
10083,61,60,0.0163934
10084,61,60,0.0163934
10086,61,60,0.0163934
10087,61,60,0.0163934
10089,61,60,0.0163934
10091,61,60,0.0163934
10093,61,60,0.0163934
10096,61,60,0.0163934
10099,61,60,0.0163934
10101,61,60,0.0163934
10102,61,60,0.0163934
10103,61,60,0.0163934
10104,61,60,0.0163934
10106,61,60,0.0163934
10109,61,60,0.0163934
10111,61,60,0.0163934
10112,61,60,0.0163934
10113,61,60,0.0163934
10114,61,60,0.0163934
10115,61,60,0.0163934
10115,61,60,0.0163934
10116,61,60,0.0163934
10117,61,60,0.0163934
10119,61,60,0.0163934
10120,61,60,0.0163934
10121,61,60,0.0163934
10124,61,60,0.0163934
10125,61,60,0.0163934
10128,61,60,0.0163934
10129,61,60,0.0163934
10131,61,60,0.0163934
10132,61,60,0.0163934
10134,61,60,0.0163934
10136,61,60,0.0163934
10138,61,60,0.0163934
10139,61,60,0.0163934
10140,61,60,0.0163934
10142,61,60,0.0163934
10143,61,60,0.0163934
10144,61,60,0.0163934
10146,61,60,0.0163934
10148,61,60,0.0163934
10149,61,60,0.0163934
10150,61,60,0.0163934
10152,61,60,0.0163934
10153,61,60,0.0163934
10154,61,60,0.0163934
10156,61,60,0.0163934
10157,61,60,0.0163934
10159,61,60,0.0163934
10162,61,60,0.0163934
10163,61,60,0.0163934
10165,61,60,0.0163934
10167,61,60,0.0163934
10169,61,60,0.0163934
10172,61,60,0.0163934
10174,61,60,0.0163934
10176,61,60,0.0163934
10178,61,60,0.0163934
10180,61,60,0.0163934
10183,61,60,0.0163934
10184,61,60,0.0163934
10185,61,60,0.0163934
10187,61,60,0.0163934
10188,61,60,0.0163934
10190,61,60,0.0163934
10191,61,60,0.0163934
10192,61,60,0.0163934
10194,61,60,0.0163934
10195,61,60,0.0163934
10197,61,60,0.0163934
10198,61,60,0.0163934
10200,61,60,0.0163934
10201,61,60,0.0163934
10203,61,60,0.0163934
10204,61,60,0.0163934
10206,61,60,0.0163934
10207,61,60,0.0163934
10208,61,60,0.0163934
10210,61,60,0.0163934
10212,61,60,0.0163934
10213,61,60,0.0163934
10216,61,60,0.0163934
10217,61,60,0.0163934
10219,61,60,0.0163934
10221,61,60,0.0163934
10222,61,60,0.0163934
10223,61,60,0.0163934
10225,61,60,0.0163934
10226,61,60,0.0163934
10228,61,60,0.0163934
10231,61,60,0.0163934
10233,61,60,0.0163934
10235,61,60,0.0163934
10236,61,60,0.0163934
10237,61,60,0.0163934
10239,61,60,0.0163934
10240,61,60,0.0163934
10241,61,60,0.0163934
10242,61,60,0.0163934
10243,61,60,0.0163934
10245,61,60,0.0163934
10246,61,60,0.0163934
10248,61,60,0.0163934
10250,61,60,0.0163934
10252,61,60,0.0163934
10253,61,60,0.0163934
10254,61,60,0.0163934
10256,61,60,0.0163934
10258,61,60,0.0163934
10261,61,60,0.0163934
10263,61,60,0.0163934
10264,61,60,0.0163934
10265,61,60,0.0163934
10266,61,60,0.0163934
10268,61,60,0.0163934
10269,61,60,0.0163934
10271,61,60,0.0163934
10273,61,60,0.0163934
10274,61,60,0.0163934
10275,61,60,0.0163934
10277,61,60,0.0163934
10279,61,60,0.0163934
10281,61,60,0.0163934
10283,61,60,0.0163934
10285,61,60,0.0163934
10286,61,60,0.0163934
10287,61,60,0.0163934
10289,61,60,0.0163934
10291,61,60,0.0163934
10292,61,60,0.0163934
10293,61,60,0.0163934
10295,61,60,0.0163934
10298,61,60,0.0163934
10299,61,60,0.0163934
10300,61,60,0.0163934
10301,61,60,0.0163934
10302,61,60,0.0163934
10303,61,60,0.0163934
10305,61,60,0.0163934
10306,61,60,0.0163934
10309,61,60,0.0163934
10310,61,60,0.0163934
10313,61,60,0.0163934
10315,61,60,0.0163934
10316,61,60,0.0163934
10318,61,60,0.0163934
10319,61,60,0.0163934
10320,61,60,0.0163934
10321,61,60,0.0163934
10323,61,60,0.0163934
10324,61,60,0.0163934
10325,61,60,0.0163934
10327,61,60,0.0163934
10329,61,60,0.0163934
10330,61,60,0.0163934
10332,61,60,0.0163934
10335,61,60,0.0163934
10337,61,60,0.0163934
10340,61,60,0.0163934
10343,61,60,0.0163934
10344,61,60,0.0163934
10346,61,60,0.0163934
10348,61,60,0.0163934
10351,61,60,0.0163934
10353,61,60,0.0163934
10354,61,60,0.0163934
10357,61,60,0.0163934
10358,61,60,0.0163934
10359,61,60,0.0163934
10362,61,60,0.0163934
10363,61,60,0.0163934
10365,61,60,0.0163934
10366,61,60,0.0163934
10367,61,60,0.0163934
10369,61,60,0.0163934
10370,61,60,0.0163934
10371,61,60,0.0163934
10372,61,60,0.0163934
10373,61,60,0.0163934
10374,61,60,0.0163934
10375,61,60,0.0163934
10376,61,60,0.0163934
10378,61,60,0.0163934
10380,61,60,0.0163934
10382,61,60,0.0163934
10384,61,60,0.0163934
10386,61,60,0.0163934
10388,61,60,0.0163934
10389,61,60,0.0163934
10391,61,60,0.0163934
10393,61,60,0.0163934
10394,61,60,0.0163934
10395,61,60,0.0163934
10396,61,60,0.0163934
10397,61,60,0.0163934
10399,61,60,0.0163934
10400,61,60,0.0163934
10403,61,60,0.0163934
10404,61,60,0.0163934
10405,61,60,0.0163934
10406,61,60,0.0163934
10408,61,60,0.0163934
10410,61,60,0.0163934
10411,61,60,0.0163934
10412,61,60,0.0163934
10414,61,60,0.0163934
10415,61,60,0.0163934
10416,61,60,0.0163934
10418,61,60,0.0163934
10419,61,60,0.0163934
10420,61,60,0.0163934
10422,61,60,0.0163934
10424,61,60,0.0163934
10426,61,60,0.0163934
10428,61,60,0.0163934
10431,61,60,0.0163934
10432,61,60,0.0163934
10432,61,60,0.0163934
10434,61,60,0.0163934
10435,61,60,0.0163934
10438,61,60,0.0163934
10439,61,60,0.0163934
10441,61,60,0.0163934
10443,61,60,0.0163934
10445,61,60,0.0163934
10446,61,60,0.0163934
10448,61,60,0.0163934
10449,61,60,0.0163934
10450,61,60,0.0163934
10452,61,60,0.0163934
10453,61,60,0.0163934
10455,61,60,0.0163934
10457,61,60,0.0163934
10460,61,60,0.0163934
10462,61,60,0.0163934
10465,61,60,0.0163934
10466,61,60,0.0163934
10468,61,60,0.0163934
10470,61,60,0.0163934
10472,61,60,0.0163934
10475,61,60,0.0163934
10477,61,60,0.0163934
10480,61,60,0.0163934
10482,61,60,0.0163934
10485,61,60,0.0163934
10488,61,60,0.0163934
10490,61,60,0.0163934
10492,61,60,0.0163934
10493,61,60,0.0163934
10494,61,60,0.0163934
10497,61,60,0.0163934
10500,61,60,0.0163934
10503,61,60,0.0163934
10506,61,60,0.0163934
10508,61,60,0.0163934
10510,61,60,0.0163934
10513,61,60,0.0163934
10516,61,60,0.0163934
10518,61,60,0.0163934
10520,61,60,0.0163934
10522,61,60,0.0163934
10524,61,60,0.0163934
10526,61,60,0.0163934
10528,61,60,0.0163934
10530,61,60,0.0163934
10532,61,60,0.0163934
10533,61,60,0.0163934
10534,61,60,0.0163934
10536,61,60,0.0163934
10537,61,60,0.0163934
10539,61,60,0.0163934
10542,61,60,0.0163934
10544,61,60,0.0163934
10547,61,60,0.0163934
10549,61,60,0.0163934
10550,61,60,0.0163934
10552,61,60,0.0163934
10554,61,60,0.0163934
10556,61,60,0.0163934
10558,61,60,0.0163934
10560,61,60,0.0163934
10561,61,60,0.0163934
10563,61,60,0.0163934
10565,61,60,0.0163934
10567,61,60,0.0163934
10569,61,60,0.0163934
10571,61,60,0.0163934
10572,61,60,0.0163934
10575,61,60,0.0163934
10577,61,60,0.0163934
10579,61,60,0.0163934
10582,61,60,0.0163934
10584,61,60,0.0163934
10586,61,60,0.0163934
10588,61,60,0.0163934
10589,61,60,0.0163934
10592,61,60,0.0163934
10594,61,60,0.0163934
10597,61,60,0.0163934
10600,61,60,0.0163934
10602,61,60,0.0163934
10604,61,60,0.0163934
10606,61,60,0.0163934
10607,61,60,0.0163934
10609,61,60,0.0163934
10611,61,60,0.0163934
10613,61,60,0.0163934
10616,61,60,0.0163934
10618,61,60,0.0163934
10620,61,60,0.0163934
10622,61,60,0.0163934
10624,61,60,0.0163934
10627,61,60,0.0163934
10630,61,60,0.0163934
10634,61,60,0.0163934
10636,61,60,0.0163934
10638,61,60,0.0163934
10641,61,60,0.0163934
10646,61,60,0.0163934
10649,61,60,0.0163934
10651,61,60,0.0163934
10655,61,60,0.0163934
10658,61,60,0.0163934
10662,61,60,0.0163934
10664,61,60,0.0163934
10665,61,60,0.0163934
10668,61,60,0.0163934
10671,61,60,0.0163934
10673,61,60,0.0163934
10675,61,60,0.0163934
10679,61,60,0.0163934
10681,61,60,0.0163934
10684,61,60,0.0163934
10686,61,60,0.0163934
10690,61,60,0.0163934
10693,61,60,0.0163934
10695,61,60,0.0163934
10697,61,60,0.0163934
10699,61,60,0.0163934
10702,61,60,0.0163934
10704,61,60,0.0163934
10706,61,60,0.0163934
10708,61,60,0.0163934
10711,61,60,0.0163934
10713,61,60,0.0163934
10715,61,60,0.0163934
10717,61,60,0.0163934
10719,61,60,0.0163934
10721,61,60,0.0163934
10723,61,60,0.0163934
10726,61,60,0.0163934
10729,61,60,0.0163934
10731,61,60,0.0163934
10734,61,60,0.0163934
10736,61,60,0.0163934
10739,61,60,0.0163934
10740,61,60,0.0163934
10742,61,60,0.0163934
10744,61,60,0.0163934
10747,61,60,0.0163934
10749,61,60,0.0163934
10751,61,60,0.0163934
10753,61,60,0.0163934
10756,61,60,0.0163934
10760,61,60,0.0163934
10762,61,60,0.0163934
10764,61,60,0.0163934
10766,61,60,0.0163934
10767,61,60,0.0163934
10769,61,60,0.0163934
10771,61,60,0.0163934
10774,61,60,0.0163934
10776,61,60,0.0163934
10778,61,60,0.0163934
10780,61,60,0.0163934
10782,61,60,0.0163934
10784,61,60,0.0163934
10786,61,60,0.0163934
10788,61,60,0.0163934
10791,61,60,0.0163934
10794,61,60,0.0163934
10797,61,60,0.0163934
10800,61,60,0.0163934
10804,61,60,0.0163934
10807,61,60,0.0163934
10809,61,60,0.0163934
10812,61,60,0.0163934
10816,61,60,0.0163934
10819,61,60,0.0163934
10821,61,60,0.0163934
10822,61,60,0.0163934
10825,61,60,0.0163934
10828,61,60,0.0163934
10830,61,60,0.0163934
10833,61,60,0.0163934
10836,61,60,0.0163934
10838,61,60,0.0163934
10841,61,60,0.0163934
10844,61,60,0.0163934
10848,61,60,0.0163934
10849,61,60,0.0163934
10852,61,60,0.0163934
10854,61,60,0.0163934
10856,61,60,0.0163934
10858,61,60,0.0163934
10861,61,60,0.0163934
10863,61,60,0.0163934
10865,61,60,0.0163934
10867,61,60,0.0163934
10869,61,60,0.0163934
10873,61,60,0.0163934
10876,61,60,0.0163934
10879,61,60,0.0163934
10882,61,60,0.0163934
10886,61,60,0.0163934
10888,61,60,0.0163934
10890,61,60,0.0163934
10891,61,60,0.0163934
10893,61,60,0.0163934
10894,61,60,0.0163934
10896,61,60,0.0163934
10898,61,60,0.0163934
10900,61,60,0.0163934
10903,61,60,0.0163934
10906,61,60,0.0163934
10908,61,60,0.0163934
10909,61,60,0.0163934
10911,61,60,0.0163934
10913,61,60,0.0163934
10916,61,60,0.0163934
10917,61,60,0.0163934
10919,61,60,0.0163934
10922,61,60,0.0163934
10924,61,60,0.0163934
10926,61,60,0.0163934
10929,61,60,0.0163934
10931,61,60,0.0163934
10933,61,60,0.0163934
10936,61,60,0.0163934
10938,61,60,0.0163934
10940,61,60,0.0163934
10942,61,60,0.0163934
10945,61,60,0.0163934
10948,61,60,0.0163934
10950,61,60,0.0163934
10952,61,60,0.0163934
10955,61,60,0.0163934
10958,61,60,0.0163934
10962,61,60,0.0163934
10965,61,60,0.0163934
10968,61,60,0.0163934
10971,61,60,0.0163934
10975,61,60,0.0163934
10978,61,60,0.0163934
10981,61,60,0.0163934
10984,61,60,0.0163934
10986,61,60,0.0163934
10988,61,60,0.0163934
10991,61,60,0.0163934
10993,61,60,0.0163934
10994,61,60,0.0163934
10996,61,60,0.0163934
10999,61,60,0.0163934
11002,61,60,0.0163934
11004,61,60,0.0163934
11007,61,60,0.0163934
11010,61,60,0.0163934
11013,61,60,0.0163934
11015,61,60,0.0163934
11017,61,60,0.0163934
11019,61,60,0.0163934
11022,61,60,0.0163934
11025,61,60,0.0163934
11028,61,60,0.0163934
11031,61,60,0.0163934
11033,61,60,0.0163934
11036,61,60,0.0163934
11039,61,60,0.0163934
11042,61,60,0.0163934
11045,61,60,0.0163934
11048,61,60,0.0163934
11050,61,60,0.0163934
11052,61,60,0.0163934
11055,61,60,0.0163934
11057,61,60,0.0163934
11060,61,60,0.0163934
11063,61,60,0.0163934
11065,61,60,0.0163934
11067,61,60,0.0163934
11069,61,60,0.0163934
11072,61,60,0.0163934
11075,61,60,0.0163934
11078,61,60,0.0163934
11080,61,60,0.0163934
11083,61,60,0.0163934
11085,61,60,0.0163934
11088,61,60,0.0163934
11091,61,60,0.0163934
11094,61,60,0.0163934
11095,61,60,0.0163934
11098,61,60,0.0163934
11101,61,60,0.0163934
11103,61,60,0.0163934
11105,61,60,0.0163934
11107,61,60,0.0163934
11110,61,60,0.0163934
11113,61,60,0.0163934
11116,61,60,0.0163934
11119,61,60,0.0163934
11122,61,60,0.0163934
11125,61,60,0.0163934
11129,61,60,0.0163934
11132,61,60,0.0163934
11134,61,60,0.0163934
11137,61,60,0.0163934
11139,61,60,0.0163934
11141,61,60,0.0163934
11143,61,60,0.0163934
11145,61,60,0.0163934
11147,61,60,0.0163934
11149,61,60,0.0163934
11152,61,60,0.0163934
11154,61,60,0.0163934
11156,61,60,0.0163934
11159,61,60,0.0163934
11162,61,60,0.0163934
11164,61,60,0.0163934
11167,61,60,0.0163934
11171,61,60,0.0163934
11174,61,60,0.0163934
11177,61,60,0.0163934
11180,61,60,0.0163934
11183,61,60,0.0163934
11186,61,60,0.0163934
11188,61,60,0.0163934
11190,61,60,0.0163934
11194,61,60,0.0163934
11197,61,60,0.0163934
11199,61,60,0.0163934
11202,61,60,0.0163934
11204,61,60,0.0163934
11207,61,60,0.0163934
11212,61,60,0.0163934
11214,61,60,0.0163934
11216,61,60,0.0163934
11219,61,60,0.0163934
11222,61,60,0.0163934
11225,61,60,0.0163934
11231,61,60,0.0163934
11234,61,60,0.0163934
11236,61,60,0.0163934
11240,61,60,0.0163934
11243,61,60,0.0163934
11245,61,60,0.0163934
11247,61,60,0.0163934
11250,61,60,0.0163934
11253,61,60,0.0163934
11255,61,60,0.0163934
11259,61,60,0.0163934
11260,61,60,0.0163934
11263,61,60,0.0163934
11267,61,60,0.0163934
11270,61,60,0.0163934
11273,61,60,0.0163934
11276,61,60,0.0163934
11279,61,60,0.0163934
11281,61,60,0.0163934
11284,61,60,0.0163934
11285,61,60,0.0163934
11288,61,60,0.0163934
11290,61,60,0.0163934
11293,61,60,0.0163934
11295,61,60,0.0163934
11298,61,60,0.0163934
11300,61,60,0.0163934
11301,61,60,0.0163934
11302,61,60,0.0163934
11304,61,60,0.0163934
11306,61,60,0.0163934
11309,61,60,0.0163934
11311,61,60,0.0163934
11314,61,60,0.0163934
11316,61,60,0.0163934
11318,61,60,0.0163934
11321,61,60,0.0163934
11324,61,60,0.0163934
11327,61,60,0.0163934
11330,61,60,0.0163934
11332,61,60,0.0163934
11335,61,60,0.0163934
11337,61,60,0.0163934
11339,61,60,0.0163934
11341,61,60,0.0163934
11343,61,60,0.0163934
11344,61,60,0.0163934
11346,61,60,0.0163934
11348,61,60,0.0163934
11350,61,60,0.0163934
11352,61,60,0.0163934
11354,61,60,0.0163934
11356,61,60,0.0163934
11359,61,60,0.0163934
11360,61,60,0.0163934
11362,61,60,0.0163934
11364,61,60,0.0163934
11367,61,60,0.0163934
11368,61,60,0.0163934
11369,61,60,0.0163934
11371,61,60,0.0163934
11373,61,60,0.0163934
11375,61,60,0.0163934
11378,61,60,0.0163934
11380,61,60,0.0163934
11383,61,60,0.0163934
11385,61,60,0.0163934
11387,61,60,0.0163934
11389,61,60,0.0163934
11389,61,60,0.0163934
11392,61,60,0.0163934
11394,61,60,0.0163934
11396,61,60,0.0163934
11398,61,60,0.0163934
11400,61,60,0.0163934
11402,61,60,0.0163934
11405,61,60,0.0163934
11407,61,60,0.0163934
11409,61,60,0.0163934
11412,61,60,0.0163934
11414,61,60,0.0163934
11417,61,60,0.0163934
11419,61,60,0.0163934
11421,61,60,0.0163934
11422,61,60,0.0163934
11424,61,60,0.0163934
11428,61,60,0.0163934
11431,61,60,0.0163934
11434,61,60,0.0163934
11437,61,60,0.0163934
11439,61,60,0.0163934
11442,61,60,0.0163934
11446,61,60,0.0163934
11450,61,60,0.0163934
11452,61,60,0.0163934
11454,61,60,0.0163934
11457,61,60,0.0163934
11460,61,60,0.0163934
11463,61,60,0.0163934
11465,61,60,0.0163934
11467,61,60,0.0163934
11469,61,60,0.0163934
11472,61,60,0.0163934
11475,61,60,0.0163934
11478,61,60,0.0163934
11480,61,60,0.0163934
11482,61,60,0.0163934
11484,61,60,0.0163934
11486,61,60,0.0163934
11489,61,60,0.0163934
11492,61,60,0.0163934
11494,61,60,0.0163934
11497,61,60,0.0163934
11500,61,60,0.0163934
11502,61,60,0.0163934
11505,61,60,0.0163934
11507,61,60,0.0163934
11509,61,60,0.0163934
11512,61,60,0.0163934
11515,61,60,0.0163934
11517,61,60,0.0163934
11519,61,60,0.0163934
11522,61,60,0.0163934
11524,61,60,0.0163934
11527,61,60,0.0163934
11529,61,60,0.0163934
11531,61,60,0.0163934
11533,61,60,0.0163934
11536,61,60,0.0163934
11538,61,60,0.0163934
11541,61,60,0.0163934
11543,61,60,0.0163934
11546,61,60,0.0163934
11548,61,60,0.0163934
11550,61,60,0.0163934
11551,61,60,0.0163934
11553,61,60,0.0163934
11556,61,60,0.0163934
11558,61,60,0.0163934
11560,61,60,0.0163934
11562,61,60,0.0163934
11565,61,60,0.0163934
11568,61,60,0.0163934
11571,61,60,0.0163934
11574,61,60,0.0163934
11577,61,60,0.0163934
11578,61,60,0.0163934
11581,61,60,0.0163934
11584,61,60,0.0163934
11585,61,60,0.0163934
11587,61,60,0.0163934
11589,61,60,0.0163934
11591,61,60,0.0163934
11593,61,60,0.0163934
11594,61,60,0.0163934
11598,61,60,0.0163934
11601,61,60,0.0163934
11604,61,60,0.0163934
11606,61,60,0.0163934
11609,61,60,0.0163934
11610,61,60,0.0163934
11611,61,60,0.0163934
11613,61,60,0.0163934
11615,61,60,0.0163934
11617,61,60,0.0163934
11620,61,60,0.0163934
11623,61,60,0.0163934
11625,61,60,0.0163934
11628,61,60,0.0163934
11629,61,60,0.0163934
11632,61,60,0.0163934
11634,61,60,0.0163934
11636,61,60,0.0163934
11638,61,60,0.0163934
11640,61,60,0.0163934
11642,61,60,0.0163934
11645,61,60,0.0163934
11648,61,60,0.0163934
11650,61,60,0.0163934
11652,61,60,0.0163934
11655,61,60,0.0163934
11657,61,60,0.0163934
11661,61,60,0.0163934
11663,61,60,0.0163934
11665,61,60,0.0163934
11666,61,60,0.0163934
11668,61,60,0.0163934
11672,61,60,0.0163934
11674,61,60,0.0163934
11676,61,60,0.0163934
11679,61,60,0.0163934
11681,61,60,0.0163934
11683,61,60,0.0163934
11685,61,60,0.0163934
11686,61,60,0.0163934
11688,61,60,0.0163934
11690,61,60,0.0163934
11692,61,60,0.0163934
11693,61,60,0.0163934
11695,61,60,0.0163934
11697,61,60,0.0163934
11699,61,60,0.0163934
11700,61,60,0.0163934
11702,61,60,0.0163934
11704,61,60,0.0163934
11706,61,60,0.0163934
11708,61,60,0.0163934
11710,61,60,0.0163934
11712,61,60,0.0163934
11714,61,60,0.0163934
11716,61,60,0.0163934
11718,61,60,0.0163934
11720,61,60,0.0163934
11721,61,60,0.0163934
11723,61,60,0.0163934
11725,61,60,0.0163934
11727,61,60,0.0163934
11729,61,60,0.0163934
11730,61,60,0.0163934
11731,61,60,0.0163934
11733,61,60,0.0163934
11735,61,60,0.0163934
11737,61,60,0.0163934
11738,61,60,0.0163934
11739,61,60,0.0163934
11740,61,60,0.0163934
11742,61,60,0.0163934
11744,61,60,0.0163934
11747,61,60,0.0163934
11749,61,60,0.0163934
11752,61,60,0.0163934
11755,61,60,0.0163934
11759,61,60,0.0163934
11761,61,60,0.0163934
11763,61,60,0.0163934
11765,61,60,0.0163934
11766,61,60,0.0163934
11769,61,60,0.0163934
11772,61,60,0.0163934
11776,61,60,0.0163934
11778,61,60,0.0163934
11780,61,60,0.0163934
11782,61,60,0.0163934
11784,61,60,0.0163934
11787,61,60,0.0163934
11788,61,60,0.0163934
11791,61,60,0.0163934
11794,61,60,0.0163934
11795,61,60,0.0163934
11798,61,60,0.0163934
11801,61,60,0.0163934
11803,61,60,0.0163934
11805,61,60,0.0163934
11807,61,60,0.0163934
11810,61,60,0.0163934
11811,61,60,0.0163934
11813,61,60,0.0163934
11815,61,60,0.0163934
11817,61,60,0.0163934
11819,61,60,0.0163934
11820,61,60,0.0163934
11824,61,60,0.0163934
11825,61,60,0.0163934
11828,61,60,0.0163934
11830,61,60,0.0163934
11832,61,60,0.0163934
11833,61,60,0.0163934
11835,61,60,0.0163934
11838,61,60,0.0163934
11841,61,60,0.0163934
11843,61,60,0.0163934
11845,61,60,0.0163934
11847,61,60,0.0163934
11849,61,60,0.0163934
11851,61,60,0.0163934
11852,61,60,0.0163934
11854,61,60,0.0163934
11856,61,60,0.0163934
11858,61,60,0.0163934
11859,61,60,0.0163934
11862,61,60,0.0163934
11864,61,60,0.0163934
11867,61,60,0.0163934
11870,61,60,0.0163934
11872,61,60,0.0163934
11875,61,60,0.0163934
11878,61,60,0.0163934
11880,61,60,0.0163934
11882,61,60,0.0163934
11884,61,60,0.0163934
11886,61,60,0.0163934
11888,61,60,0.0163934
11890,61,60,0.0163934
11892,61,60,0.0163934
11895,61,60,0.0163934
11897,61,60,0.0163934
11899,61,60,0.0163934
11901,61,60,0.0163934
11902,61,60,0.0163934
11904,61,60,0.0163934
11907,61,60,0.0163934
11909,61,60,0.0163934
11911,61,60,0.0163934
11912,61,60,0.0163934
11914,61,60,0.0163934
11916,61,60,0.0163934
11918,61,60,0.0163934
11921,61,60,0.0163934
11924,61,60,0.0163934
11927,61,60,0.0163934
11928,61,60,0.0163934
11930,61,60,0.0163934
11931,61,60,0.0163934
11932,61,60,0.0163934
11935,61,60,0.0163934
11936,61,60,0.0163934
11938,61,60,0.0163934
11940,61,60,0.0163934
11944,61,60,0.0163934
11947,61,60,0.0163934
11948,61,60,0.0163934
11951,61,60,0.0163934
11953,61,60,0.0163934
11955,61,60,0.0163934
11956,61,60,0.0163934
11958,61,60,0.0163934
11959,61,60,0.0163934
11960,61,60,0.0163934
11962,61,60,0.0163934
11964,61,60,0.0163934
11965,61,60,0.0163934
11967,61,60,0.0163934
11969,61,60,0.0163934
11971,61,60,0.0163934
11973,61,60,0.0163934
11975,61,60,0.0163934
11976,61,60,0.0163934
11979,61,60,0.0163934
11981,61,60,0.0163934
11983,61,60,0.0163934
11985,61,60,0.0163934
11987,61,60,0.0163934
11990,61,60,0.0163934
11992,61,60,0.0163934
11993,61,60,0.0163934
11996,61,60,0.0163934
11998,61,60,0.0163934
12000,61,60,0.0163934
12002,61,60,0.0163934
12004,61,60,0.0163934
12006,61,60,0.0163934
12008,61,60,0.0163934
12010,61,60,0.0163934
12012,61,60,0.0163934
12013,61,60,0.0163934
12015,61,60,0.0163934
12017,61,60,0.0163934
12018,61,60,0.0163934
12019,61,60,0.0163934
12020,61,60,0.0163934
12023,61,60,0.0163934
12024,61,60,0.0163934
12028,61,60,0.0163934
12030,61,60,0.0163934
12032,61,60,0.0163934
12034,61,60,0.0163934
12036,61,60,0.0163934
12038,61,60,0.0163934
12040,61,60,0.0163934
12042,61,60,0.0163934
12044,61,60,0.0163934
12047,61,60,0.0163934
12049,61,60,0.0163934
12051,61,60,0.0163934
12053,61,60,0.0163934
12054,61,60,0.0163934
12056,61,60,0.0163934
12058,61,60,0.0163934
12060,61,60,0.0163934
12063,61,60,0.0163934
12065,61,60,0.0163934
12068,61,60,0.0163934
12071,61,60,0.0163934
12073,61,60,0.0163934
12075,61,60,0.0163934
12077,61,60,0.0163934
12080,61,60,0.0163934
12082,61,60,0.0163934
12084,61,60,0.0163934
12087,61,60,0.0163934
12090,61,60,0.0163934
12092,61,60,0.0163934
12094,61,60,0.0163934
12096,61,60,0.0163934
12099,61,60,0.0163934
12102,61,60,0.0163934
12104,61,60,0.0163934
12107,61,60,0.0163934
12109,61,60,0.0163934
12111,61,60,0.0163934
12112,61,60,0.0163934
12115,61,60,0.0163934
12117,61,60,0.0163934
12118,61,60,0.0163934
12121,61,60,0.0163934
12124,61,60,0.0163934
12126,61,60,0.0163934
12128,61,60,0.0163934
12131,61,60,0.0163934
12133,61,60,0.0163934
12135,61,60,0.0163934
12137,61,60,0.0163934
12139,61,60,0.0163934
12141,61,60,0.0163934
12142,61,60,0.0163934
12144,61,60,0.0163934
12146,61,60,0.0163934
12148,61,60,0.0163934
12151,61,60,0.0163934
12153,61,60,0.0163934
12154,61,60,0.0163934
12157,61,60,0.0163934
12159,61,60,0.0163934
12161,61,60,0.0163934
12163,61,60,0.0163934
12165,61,60,0.0163934
12168,61,60,0.0163934
12169,61,60,0.0163934
12170,61,60,0.0163934
12172,61,60,0.0163934
12174,61,60,0.0163934
12177,61,60,0.0163934
12180,61,60,0.0163934
12182,61,60,0.0163934
12184,61,60,0.0163934
12185,61,60,0.0163934
12187,61,60,0.0163934
12189,61,60,0.0163934
12191,61,60,0.0163934
12193,61,60,0.0163934
12194,61,60,0.0163934
12196,61,60,0.0163934
12198,61,60,0.0163934
12199,61,60,0.0163934
12201,61,60,0.0163934
12203,61,60,0.0163934
12204,61,60,0.0163934
12206,61,60,0.0163934
12208,61,60,0.0163934
12209,61,60,0.0163934
12211,61,60,0.0163934
12212,61,60,0.0163934
12215,61,60,0.0163934
12216,61,60,0.0163934
12219,61,60,0.0163934
12221,61,60,0.0163934
12223,61,60,0.0163934
12226,61,60,0.0163934
12230,61,60,0.0163934
12233,61,60,0.0163934
12236,61,60,0.0163934
12239,61,60,0.0163934
12243,61,60,0.0163934
12245,61,60,0.0163934
12247,61,60,0.0163934
12249,61,60,0.0163934
12252,61,60,0.0163934
12254,61,60,0.0163934
12256,61,60,0.0163934
12258,61,60,0.0163934
12260,61,60,0.0163934
12263,61,60,0.0163934
12264,61,60,0.0163934
12265,61,60,0.0163934
12268,61,60,0.0163934
12270,61,60,0.0163934
12273,61,60,0.0163934
12275,61,60,0.0163934
12276,61,60,0.0163934
12277,61,60,0.0163934
12279,61,60,0.0163934
12281,61,60,0.0163934
12283,61,60,0.0163934
12284,61,60,0.0163934
12285,61,60,0.0163934
12287,61,60,0.0163934
12290,61,60,0.0163934
12291,61,60,0.0163934
12292,61,60,0.0163934
12294,61,60,0.0163934
12295,61,60,0.0163934
12298,61,60,0.0163934
12300,61,60,0.0163934
12302,61,60,0.0163934
12304,61,60,0.0163934
12306,61,60,0.0163934
12307,61,60,0.0163934
12310,61,60,0.0163934
12312,61,60,0.0163934
12314,61,60,0.0163934
12317,61,60,0.0163934
12319,61,60,0.0163934
12320,61,60,0.0163934
12322,61,60,0.0163934
12323,61,60,0.0163934
12327,61,60,0.0163934
12330,61,60,0.0163934
12333,61,60,0.0163934
12334,61,60,0.0163934
12336,61,60,0.0163934
12339,61,60,0.0163934
12341,61,60,0.0163934
12343,61,60,0.0163934
12344,61,60,0.0163934
12346,61,60,0.0163934
12348,61,60,0.0163934
12350,61,60,0.0163934
12352,61,60,0.0163934
12354,61,60,0.0163934
12355,61,60,0.0163934
12358,61,60,0.0163934
12359,61,60,0.0163934
12362,61,60,0.0163934
12363,61,60,0.0163934
12365,61,60,0.0163934
12367,61,60,0.0163934
12368,61,60,0.0163934
12370,61,60,0.0163934
12372,61,60,0.0163934
12373,61,60,0.0163934
12377,61,60,0.0163934
12379,61,60,0.0163934
12381,61,60,0.0163934
12383,61,60,0.0163934
12385,61,60,0.0163934
12387,61,60,0.0163934
12390,61,60,0.0163934
12391,61,60,0.0163934
12394,61,60,0.0163934
12398,61,60,0.0163934
12401,61,60,0.0163934
12403,61,60,0.0163934
12406,61,60,0.0163934
12407,61,60,0.0163934
12409,61,60,0.0163934
12411,61,60,0.0163934
12412,61,60,0.0163934
12416,61,60,0.0163934
12419,61,60,0.0163934
12421,61,60,0.0163934
12423,61,60,0.0163934
12426,61,60,0.0163934
12427,61,60,0.0163934
12429,61,60,0.0163934
12430,61,60,0.0163934
12432,61,60,0.0163934
12435,61,60,0.0163934
12437,61,60,0.0163934
12439,61,60,0.0163934
12441,61,60,0.0163934
12444,61,60,0.0163934
12446,61,60,0.0163934
12449,61,60,0.0163934
12450,61,60,0.0163934
12452,61,60,0.0163934
12454,61,60,0.0163934
12456,61,60,0.0163934
12458,61,60,0.0163934
12460,61,60,0.0163934
12463,61,60,0.0163934
12465,61,60,0.0163934
12467,61,60,0.0163934
12470,61,60,0.0163934
12471,61,60,0.0163934
12475,61,60,0.0163934
12478,61,60,0.0163934
12480,61,60,0.0163934
12483,61,60,0.0163934
12485,61,60,0.0163934
12487,61,60,0.0163934
12488,61,60,0.0163934
12489,61,60,0.0163934
12492,61,60,0.0163934
12494,61,60,0.0163934
12495,61,60,0.0163934
12497,61,60,0.0163934
12500,61,60,0.0163934
12502,61,60,0.0163934
12504,61,60,0.0163934
12506,61,60,0.0163934
12507,61,60,0.0163934
12508,61,60,0.0163934
12511,61,60,0.0163934
12513,61,60,0.0163934
12515,61,60,0.0163934
12516,61,60,0.0163934
12518,61,60,0.0163934
12519,61,60,0.0163934
12520,61,60,0.0163934
12522,61,60,0.0163934
12524,61,60,0.0163934
12527,61,60,0.0163934
12528,61,60,0.0163934
12529,61,60,0.0163934
12531,61,60,0.0163934
12533,61,60,0.0163934
12535,61,60,0.0163934
12537,61,60,0.0163934
12538,61,60,0.0163934
12541,61,60,0.0163934
12542,61,60,0.0163934
12544,61,60,0.0163934
12546,61,60,0.0163934
12548,61,60,0.0163934
12550,61,60,0.0163934
12553,61,60,0.0163934
12555,61,60,0.0163934
12557,61,60,0.0163934
12560,61,60,0.0163934
12562,61,60,0.0163934
12564,61,60,0.0163934
12567,61,60,0.0163934
12570,61,60,0.0163934
12572,61,60,0.0163934
12575,61,60,0.0163934
12577,61,60,0.0163934
12579,61,60,0.0163934
12582,61,60,0.0163934
12583,61,60,0.0163934
12585,61,60,0.0163934
12586,61,60,0.0163934
12587,61,60,0.0163934
12590,61,60,0.0163934
12591,61,60,0.0163934
12592,61,60,0.0163934
12594,61,60,0.0163934
12595,61,60,0.0163934
12596,61,60,0.0163934
12598,61,60,0.0163934
12599,61,60,0.0163934
12600,61,60,0.0163934
12602,61,60,0.0163934
12604,61,60,0.0163934
12606,61,60,0.0163934
12607,61,60,0.0163934
12609,61,60,0.0163934
12611,61,60,0.0163934
12613,61,60,0.0163934
12614,61,60,0.0163934
12615,61,60,0.0163934
12616,61,60,0.0163934
12618,61,60,0.0163934
12620,61,60,0.0163934
12621,61,60,0.0163934
12623,61,60,0.0163934
12625,61,60,0.0163934
12627,61,60,0.0163934
12628,61,60,0.0163934
12629,61,60,0.0163934
12631,61,60,0.0163934
12632,61,60,0.0163934
12633,61,60,0.0163934
12635,61,60,0.0163934
12637,61,60,0.0163934
12638,61,60,0.0163934
12640,61,60,0.0163934
12641,61,60,0.0163934
12643,61,60,0.0163934
12645,61,60,0.0163934
12647,61,60,0.0163934
12648,61,60,0.0163934
12649,61,60,0.0163934
12652,61,60,0.0163934
12653,61,60,0.0163934
12655,61,60,0.0163934
12659,61,60,0.0163934
12661,61,60,0.0163934
12664,61,60,0.0163934
12667,61,60,0.0163934
12669,61,60,0.0163934
12672,61,60,0.0163934
12674,61,60,0.0163934
12676,61,60,0.0163934
12679,61,60,0.0163934
12681,61,60,0.0163934
12682,61,60,0.0163934
12683,61,60,0.0163934
12685,61,60,0.0163934
12687,61,60,0.0163934
12689,61,60,0.0163934
12691,61,60,0.0163934
12693,61,60,0.0163934
12695,61,60,0.0163934
12697,61,60,0.0163934
12700,61,60,0.0163934
12701,61,60,0.0163934
12702,61,60,0.0163934
12703,61,60,0.0163934
12706,61,60,0.0163934
12708,61,60,0.0163934
12711,61,60,0.0163934
12714,61,60,0.0163934
12716,61,60,0.0163934
12718,61,60,0.0163934
12721,61,60,0.0163934
12722,61,60,0.0163934
12724,61,60,0.0163934
12725,61,60,0.0163934
12726,61,60,0.0163934
12728,61,60,0.0163934
12729,61,60,0.0163934
12731,61,60,0.0163934
12732,61,60,0.0163934
12733,61,60,0.0163934
12734,61,60,0.0163934
12736,61,60,0.0163934
12739,61,60,0.0163934
12741,61,60,0.0163934
12743,61,60,0.0163934
12744,61,60,0.0163934
12746,61,60,0.0163934
12747,61,60,0.0163934
12749,61,60,0.0163934
12750,61,60,0.0163934
12751,61,60,0.0163934
12752,61,60,0.0163934
12754,61,60,0.0163934
12756,61,60,0.0163934
12758,61,60,0.0163934
12759,61,60,0.0163934
12760,61,60,0.0163934
12762,61,60,0.0163934
12764,61,60,0.0163934
12766,61,60,0.0163934
12767,61,60,0.0163934
12768,61,60,0.0163934
12769,61,60,0.0163934
12772,61,60,0.0163934
12774,61,60,0.0163934
12776,61,60,0.0163934
12779,61,60,0.0163934
12780,61,60,0.0163934
12783,61,60,0.0163934
12784,61,60,0.0163934
12785,61,60,0.0163934
12786,61,60,0.0163934
12787,61,60,0.0163934
12788,61,60,0.0163934
12789,61,60,0.0163934
12791,61,60,0.0163934
12794,61,60,0.0163934
12795,61,60,0.0163934
12797,61,60,0.0163934
12799,61,60,0.0163934
12800,61,60,0.0163934
12802,61,60,0.0163934
12804,61,60,0.0163934
12805,61,60,0.0163934
12808,61,60,0.0163934
12809,61,60,0.0163934
12811,61,60,0.0163934
12812,61,60,0.0163934
12814,61,60,0.0163934
12815,61,60,0.0163934
12816,61,60,0.0163934
12817,61,60,0.0163934
12819,61,60,0.0163934
12821,61,60,0.0163934
12822,61,60,0.0163934
12824,61,60,0.0163934
12826,61,60,0.0163934
12827,61,60,0.0163934
12829,61,60,0.0163934
12830,61,60,0.0163934
12831,61,60,0.0163934
12832,61,60,0.0163934
12833,61,60,0.0163934
12834,61,60,0.0163934
12835,61,60,0.0163934
12836,61,60,0.0163934
12837,61,60,0.0163934
12840,61,60,0.0163934
12844,61,60,0.0163934
12846,61,60,0.0163934
12847,61,60,0.0163934
12848,61,60,0.0163934
12849,61,60,0.0163934
12850,61,60,0.0163934
12851,61,60,0.0163934
12852,61,60,0.0163934
12852,61,60,0.0163934
12853,61,60,0.0163934
12855,61,60,0.0163934
12856,61,60,0.0163934
12858,61,60,0.0163934
12859,61,60,0.0163934
12860,61,60,0.0163934
12861,61,60,0.0163934
12863,61,60,0.0163934
12864,61,60,0.0163934
12866,61,60,0.0163934
12868,61,60,0.0163934
12871,61,60,0.0163934
12872,61,60,0.0163934
12874,61,60,0.0163934
12875,61,60,0.0163934
12877,61,60,0.0163934
12881,61,60,0.0163934
12884,61,60,0.0163934
12886,61,60,0.0163934
12888,61,60,0.0163934
12891,61,60,0.0163934
12894,61,60,0.0163934
12896,61,60,0.0163934
12898,61,60,0.0163934
12902,61,60,0.0163934
12903,61,60,0.0163934
12906,61,60,0.0163934
12908,61,60,0.0163934
12911,61,60,0.0163934
12912,61,60,0.0163934
12913,61,60,0.0163934
12914,61,60,0.0163934
12915,61,60,0.0163934
12916,61,60,0.0163934
12918,61,60,0.0163934
12920,61,60,0.0163934
12922,61,60,0.0163934
12924,61,60,0.0163934
12926,61,60,0.0163934
12928,61,60,0.0163934
12930,61,60,0.0163934
12932,61,60,0.0163934
12935,61,60,0.0163934
12938,61,60,0.0163934
12940,61,60,0.0163934
12942,61,60,0.0163934
12943,61,60,0.0163934
12945,61,60,0.0163934
12946,61,60,0.0163934
12948,61,60,0.0163934
12950,61,60,0.0163934
12951,61,60,0.0163934
12953,61,60,0.0163934
12956,61,60,0.0163934
12958,61,60,0.0163934
12959,61,60,0.0163934
12961,61,60,0.0163934
12963,61,60,0.0163934
12964,61,60,0.0163934
12966,61,60,0.0163934
12968,61,60,0.0163934
12970,61,60,0.0163934
12971,61,60,0.0163934
12973,61,60,0.0163934
12976,61,60,0.0163934
12978,61,60,0.0163934
12980,61,60,0.0163934
12982,61,60,0.0163934
12983,61,60,0.0163934
12985,61,60,0.0163934
12986,61,60,0.0163934
12988,61,60,0.0163934
12989,61,60,0.0163934
12990,61,60,0.0163934
12993,61,60,0.0163934
12995,61,60,0.0163934
12997,61,60,0.0163934
12999,61,60,0.0163934
13000,61,60,0.0163934
13002,61,60,0.0163934
13005,61,60,0.0163934
13008,61,60,0.0163934
13009,61,60,0.0163934
13010,61,60,0.0163934
13013,61,60,0.0163934
13014,61,60,0.0163934
13015,61,60,0.0163934
13018,61,60,0.0163934
13020,61,60,0.0163934
13022,61,60,0.0163934
13024,61,60,0.0163934
13027,61,60,0.0163934
13029,61,60,0.0163934
13032,61,60,0.0163934
13035,61,60,0.0163934
13037,61,60,0.0163934
13039,61,60,0.0163934
13043,61,60,0.0163934
13046,61,60,0.0163934
13049,61,60,0.0163934
13052,61,60,0.0163934
13054,61,60,0.0163934
13057,61,60,0.0163934
13060,61,60,0.0163934
13063,61,60,0.0163934
13065,61,60,0.0163934
13069,61,60,0.0163934
13073,61,60,0.0163934
13076,61,60,0.0163934
13080,61,60,0.0163934
13082,61,60,0.0163934
13086,61,60,0.0163934
13088,61,60,0.0163934
13090,61,60,0.0163934
13093,61,60,0.0163934
13096,61,60,0.0163934
13099,61,60,0.0163934
13100,61,60,0.0163934
13103,61,60,0.0163934
13106,61,60,0.0163934
13107,61,60,0.0163934
13110,61,60,0.0163934
13111,61,60,0.0163934
13112,61,60,0.0163934
13115,61,60,0.0163934
13117,61,60,0.0163934
13120,61,60,0.0163934
13122,61,60,0.0163934
13125,61,60,0.0163934
13127,61,60,0.0163934
13129,61,60,0.0163934
13131,61,60,0.0163934
13133,61,60,0.0163934
13135,61,60,0.0163934
13137,61,60,0.0163934
13139,61,60,0.0163934
13142,61,60,0.0163934
13144,61,60,0.0163934
13147,61,60,0.0163934
13149,61,60,0.0163934
13152,61,60,0.0163934
13154,61,60,0.0163934
13156,61,60,0.0163934
13159,61,60,0.0163934
13162,61,60,0.0163934
13165,61,60,0.0163934
13167,61,60,0.0163934
13169,61,60,0.0163934
13170,61,60,0.0163934
13171,61,60,0.0163934
13173,61,60,0.0163934
13174,61,60,0.0163934
13175,61,60,0.0163934
13176,61,60,0.0163934
13177,61,60,0.0163934
13178,61,60,0.0163934
13179,61,60,0.0163934
13180,61,60,0.0163934
13181,61,60,0.0163934
13184,61,60,0.0163934
13187,61,60,0.0163934
13190,61,60,0.0163934
13193,61,60,0.0163934
13194,61,60,0.0163934
13196,61,60,0.0163934
13197,61,60,0.0163934
13199,61,60,0.0163934
13201,61,60,0.0163934
13202,61,60,0.0163934
13205,61,60,0.0163934
13208,61,60,0.0163934
13212,61,60,0.0163934
13215,61,60,0.0163934
13217,61,60,0.0163934
13220,61,60,0.0163934
13223,61,60,0.0163934
13224,61,60,0.0163934
13227,61,60,0.0163934
13229,61,60,0.0163934
13232,61,60,0.0163934
13235,61,60,0.0163934
13237,61,60,0.0163934
13239,61,60,0.0163934
13242,61,60,0.0163934
13244,61,60,0.0163934
13245,61,60,0.0163934
13246,61,60,0.0163934
13247,61,60,0.0163934
13249,61,60,0.0163934
13250,61,60,0.0163934
13250,61,60,0.0163934
13251,61,60,0.0163934
13252,61,60,0.0163934
13254,61,60,0.0163934
13256,61,60,0.0163934
13258,61,60,0.0163934
13260,61,60,0.0163934
13262,61,60,0.0163934
13263,61,60,0.0163934
13265,61,60,0.0163934
13266,61,60,0.0163934
13267,61,60,0.0163934
13269,61,60,0.0163934
13272,61,60,0.0163934
13275,61,60,0.0163934
13278,61,60,0.0163934
13281,61,60,0.0163934
13283,61,60,0.0163934
13285,61,60,0.0163934
13286,61,60,0.0163934
13287,61,60,0.0163934
13288,61,60,0.0163934
13290,61,60,0.0163934
13293,61,60,0.0163934
13295,61,60,0.0163934
13296,61,60,0.0163934
13297,61,60,0.0163934
13298,61,60,0.0163934
13299,61,60,0.0163934
13302,61,60,0.0163934
13304,61,60,0.0163934
13306,61,60,0.0163934
13307,61,60,0.0163934
13308,61,60,0.0163934
13309,61,60,0.0163934
13310,61,60,0.0163934
13312,61,60,0.0163934
13313,61,60,0.0163934
13314,61,60,0.0163934
13315,61,60,0.0163934
13316,61,60,0.0163934
13317,61,60,0.0163934
13318,61,60,0.0163934
13318,61,60,0.0163934
13320,61,60,0.0163934
13321,61,60,0.0163934
13322,61,60,0.0163934
13323,61,60,0.0163934
13324,61,60,0.0163934
13325,61,60,0.0163934
13325,61,60,0.0163934
13326,61,60,0.0163934
13327,61,60,0.0163934
13328,61,60,0.0163934
13329,61,60,0.0163934
13330,61,60,0.0163934
13331,61,60,0.0163934
13332,61,60,0.0163934
13333,61,60,0.0163934
13334,61,60,0.0163934
13335,61,60,0.0163934
13337,61,60,0.0163934
13337,61,60,0.0163934
13339,61,60,0.0163934
13341,61,60,0.0163934
13342,61,60,0.0163934
13344,61,60,0.0163934
13346,61,60,0.0163934
13349,61,60,0.0163934
13351,61,60,0.0163934
13352,61,60,0.0163934
13354,61,60,0.0163934
13355,61,60,0.0163934
13356,61,60,0.0163934
13358,61,60,0.0163934
13360,61,60,0.0163934
13362,61,60,0.0163934
13364,61,60,0.0163934
13367,61,60,0.0163934
13371,61,60,0.0163934
13374,61,60,0.0163934
13376,61,60,0.0163934
13377,61,60,0.0163934
13378,61,60,0.0163934
13381,61,60,0.0163934
13383,61,60,0.0163934
13384,61,60,0.0163934
13385,61,60,0.0163934
13386,61,60,0.0163934
13387,61,60,0.0163934
13390,61,60,0.0163934
13392,61,60,0.0163934
13393,61,60,0.0163934
13395,61,60,0.0163934
13397,61,60,0.0163934
13399,61,60,0.0163934
13400,61,60,0.0163934
13402,61,60,0.0163934
13403,61,60,0.0163934
13405,61,60,0.0163934
13406,61,60,0.0163934
13407,61,60,0.0163934
13409,61,60,0.0163934
13410,61,60,0.0163934
13413,61,60,0.0163934
13414,61,60,0.0163934
13416,61,60,0.0163934
13418,61,60,0.0163934
13419,61,60,0.0163934
13422,61,60,0.0163934
13424,61,60,0.0163934
13425,61,60,0.0163934
13427,61,60,0.0163934
13430,61,60,0.0163934
13432,61,60,0.0163934
13434,61,60,0.0163934
13437,61,60,0.0163934
13439,61,60,0.0163934
13442,61,60,0.0163934
13445,61,60,0.0163934
13447,61,60,0.0163934
13450,61,60,0.0163934
13452,61,60,0.0163934
13454,61,60,0.0163934
13456,61,60,0.0163934
13460,61,60,0.0163934
13463,61,60,0.0163934
13465,61,60,0.0163934
13466,61,60,0.0163934
13468,61,60,0.0163934
13469,61,60,0.0163934
13472,61,60,0.0163934
13475,61,60,0.0163934
13477,61,60,0.0163934
13479,61,60,0.0163934
13481,61,60,0.0163934
13483,61,60,0.0163934
13485,61,60,0.0163934
13487,61,60,0.0163934
13489,61,60,0.0163934
13490,61,60,0.0163934
13493,61,60,0.0163934
13495,61,60,0.0163934
13498,61,60,0.0163934
13499,61,60,0.0163934
13501,61,60,0.0163934
13503,61,60,0.0163934
13506,61,60,0.0163934
13508,61,60,0.0163934
13510,61,60,0.0163934
13512,61,60,0.0163934
13515,61,60,0.0163934
13517,61,60,0.0163934
13518,61,60,0.0163934
13521,61,60,0.0163934
13524,61,60,0.0163934
13526,61,60,0.0163934
13528,61,60,0.0163934
13530,61,60,0.0163934
13532,61,60,0.0163934
13534,61,60,0.0163934
13536,61,60,0.0163934
13538,61,60,0.0163934
13540,61,60,0.0163934
13540,61,60,0.0163934
13542,61,60,0.0163934
13544,61,60,0.0163934
13546,61,60,0.0163934
13548,61,60,0.0163934
13550,61,60,0.0163934
13551,61,60,0.0163934
13553,61,60,0.0163934
13555,61,60,0.0163934
13558,61,60,0.0163934
13560,61,60,0.0163934
13560,61,60,0.0163934
13561,61,60,0.0163934
13564,61,60,0.0163934
13567,61,60,0.0163934
13568,61,60,0.0163934
13569,61,60,0.0163934
13572,61,60,0.0163934
13574,61,60,0.0163934
13576,61,60,0.0163934
13577,61,60,0.0163934
13578,61,60,0.0163934
13580,61,60,0.0163934
13581,61,60,0.0163934
13584,61,60,0.0163934
13585,61,60,0.0163934
13586,61,60,0.0163934
13587,61,60,0.0163934
13589,61,60,0.0163934
13592,61,60,0.0163934
13594,61,60,0.0163934
13595,61,60,0.0163934
13597,61,60,0.0163934
13599,61,60,0.0163934
13601,61,60,0.0163934
13603,61,60,0.0163934
13605,61,60,0.0163934
13607,61,60,0.0163934
13609,61,60,0.0163934
13610,61,60,0.0163934
13612,61,60,0.0163934
13614,61,60,0.0163934
13617,61,60,0.0163934
13619,61,60,0.0163934
13621,61,60,0.0163934
13622,61,60,0.0163934
13625,61,60,0.0163934
13626,61,60,0.0163934
13627,61,60,0.0163934
13628,61,60,0.0163934
13631,61,60,0.0163934
13633,61,60,0.0163934
13636,61,60,0.0163934
13638,61,60,0.0163934
13640,61,60,0.0163934
13642,61,60,0.0163934
13644,61,60,0.0163934
13646,61,60,0.0163934
13649,61,60,0.0163934
13651,61,60,0.0163934
13654,61,60,0.0163934
13657,61,60,0.0163934
13661,61,60,0.0163934
13664,61,60,0.0163934
13667,61,60,0.0163934
13669,61,60,0.0163934
13671,61,60,0.0163934
13674,61,60,0.0163934
13677,61,60,0.0163934
13679,61,60,0.0163934
13682,61,60,0.0163934
13684,61,60,0.0163934
13685,61,60,0.0163934
13686,61,60,0.0163934
13688,61,60,0.0163934
13691,61,60,0.0163934
13692,61,60,0.0163934
13693,61,60,0.0163934
13695,61,60,0.0163934
13696,61,60,0.0163934
13698,61,60,0.0163934
13699,61,60,0.0163934
13700,61,60,0.0163934
13701,61,60,0.0163934
13702,61,60,0.0163934
13702,61,60,0.0163934
13703,61,60,0.0163934
13705,61,60,0.0163934
13707,61,60,0.0163934
13710,61,60,0.0163934
13712,61,60,0.0163934
13713,61,60,0.0163934
13714,61,60,0.0163934
13716,61,60,0.0163934
13719,61,60,0.0163934
13722,61,60,0.0163934
13725,61,60,0.0163934
13728,61,60,0.0163934
13729,61,60,0.0163934
13730,61,60,0.0163934
13732,61,60,0.0163934
13733,61,60,0.0163934
13735,61,60,0.0163934
13738,61,60,0.0163934
13741,61,60,0.0163934
13743,61,60,0.0163934
13746,61,60,0.0163934
13747,61,60,0.0163934
13748,61,60,0.0163934
13750,61,60,0.0163934
13752,61,60,0.0163934
13754,61,60,0.0163934
13755,61,60,0.0163934
13757,61,60,0.0163934
13758,61,60,0.0163934
13760,61,60,0.0163934
13761,61,60,0.0163934
13763,61,60,0.0163934
13766,61,60,0.0163934
13768,61,60,0.0163934
13771,61,60,0.0163934
13773,61,60,0.0163934
13775,61,60,0.0163934
13776,61,60,0.0163934
13777,61,60,0.0163934
13778,61,60,0.0163934
13780,61,60,0.0163934
13782,61,60,0.0163934
13784,61,60,0.0163934
13786,61,60,0.0163934
13789,61,60,0.0163934
13791,61,60,0.0163934
13794,61,60,0.0163934
13797,61,60,0.0163934
13799,61,60,0.0163934
13802,61,60,0.0163934
13804,61,60,0.0163934
13807,61,60,0.0163934
13810,61,60,0.0163934
13812,61,60,0.0163934
13813,61,60,0.0163934
13816,61,60,0.0163934
13818,61,60,0.0163934
13821,61,60,0.0163934
13824,61,60,0.0163934
13827,61,60,0.0163934
13830,61,60,0.0163934
13833,61,60,0.0163934
13835,61,60,0.0163934
13837,61,60,0.0163934
13840,61,60,0.0163934
13843,61,60,0.0163934
13845,61,60,0.0163934
13846,61,60,0.0163934
13850,61,60,0.0163934
13852,61,60,0.0163934
13853,61,60,0.0163934
13857,61,60,0.0163934
13860,61,60,0.0163934
13863,61,60,0.0163934
13864,61,60,0.0163934
13865,61,60,0.0163934
13868,61,60,0.0163934
13871,61,60,0.0163934
13872,61,60,0.0163934
13875,61,60,0.0163934
13877,61,60,0.0163934
13880,61,60,0.0163934
13881,61,60,0.0163934
13883,61,60,0.0163934
13885,61,60,0.0163934
13886,61,60,0.0163934
13889,61,60,0.0163934
13890,61,60,0.0163934
13892,61,60,0.0163934
13895,61,60,0.0163934
13897,61,60,0.0163934
13899,61,60,0.0163934
13901,61,60,0.0163934
13903,61,60,0.0163934
13905,61,60,0.0163934
13908,61,60,0.0163934
13911,61,60,0.0163934
13914,61,60,0.0163934
13916,61,60,0.0163934
13918,61,60,0.0163934
13919,61,60,0.0163934
13921,61,60,0.0163934
13921,61,60,0.0163934
13923,61,60,0.0163934
13926,61,60,0.0163934
13929,61,60,0.0163934
13931,61,60,0.0163934
13934,61,60,0.0163934
13935,61,60,0.0163934
13937,61,60,0.0163934
13940,61,60,0.0163934
13941,61,60,0.0163934
13944,61,60,0.0163934
13946,61,60,0.0163934
13948,61,60,0.0163934
13950,61,60,0.0163934
13952,61,60,0.0163934
13955,61,60,0.0163934
13956,61,60,0.0163934
13958,61,60,0.0163934
13960,61,60,0.0163934
13962,61,60,0.0163934
13963,61,60,0.0163934
13964,61,60,0.0163934
13966,61,60,0.0163934
13968,61,60,0.0163934
13969,61,60,0.0163934
13972,61,60,0.0163934
13975,61,60,0.0163934
13977,61,60,0.0163934
13979,61,60,0.0163934
13981,61,60,0.0163934
13983,61,60,0.0163934
13985,61,60,0.0163934
13988,61,60,0.0163934
13993,61,60,0.0163934
13997,61,60,0.0163934
14000,61,60,0.0163934
14002,61,60,0.0163934
14003,61,60,0.0163934
14008,61,60,0.0163934
14010,61,60,0.0163934
14014,61,60,0.0163934
14016,61,60,0.0163934
14020,61,60,0.0163934
14023,61,60,0.0163934
14028,61,60,0.0163934
14031,61,60,0.0163934
14033,61,60,0.0163934
14035,61,60,0.0163934
14039,61,60,0.0163934
14042,61,60,0.0163934
14044,61,60,0.0163934
14047,61,60,0.0163934
14050,61,60,0.0163934
14054,61,60,0.0163934
14056,61,60,0.0163934
14059,61,60,0.0163934
14061,61,60,0.0163934
14065,61,60,0.0163934
14069,61,60,0.0163934
14070,61,60,0.0163934
14072,61,60,0.0163934
14074,61,60,0.0163934
14077,61,60,0.0163934
14081,61,60,0.0163934
14085,61,60,0.0163934
14089,61,60,0.0163934
14092,61,60,0.0163934
14094,61,60,0.0163934
14096,61,60,0.0163934
14100,61,60,0.0163934
14102,61,60,0.0163934
14106,61,60,0.0163934
14109,61,60,0.0163934
14112,61,60,0.0163934
14115,61,60,0.0163934
14116,61,60,0.0163934
14117,61,60,0.0163934
14118,61,60,0.0163934
14121,61,60,0.0163934
14123,61,60,0.0163934
14125,61,60,0.0163934
14127,61,60,0.0163934
14130,61,60,0.0163934
14132,61,60,0.0163934
14133,61,60,0.0163934
14134,61,60,0.0163934
14137,61,60,0.0163934
14140,61,60,0.0163934
14142,61,60,0.0163934
14145,61,60,0.0163934
14146,61,60,0.0163934
14148,61,60,0.0163934
14151,61,60,0.0163934
14152,61,60,0.0163934
14154,61,60,0.0163934
14157,61,60,0.0163934
14159,61,60,0.0163934
14160,61,60,0.0163934
14161,61,60,0.0163934
14163,61,60,0.0163934
14164,61,60,0.0163934
14165,61,60,0.0163934
14168,61,60,0.0163934
14171,61,60,0.0163934
14174,61,60,0.0163934
14177,61,60,0.0163934
14179,61,60,0.0163934
14182,61,60,0.0163934
14185,61,60,0.0163934
14187,61,60,0.0163934
14191,61,60,0.0163934
14194,61,60,0.0163934
14195,61,60,0.0163934
14197,61,60,0.0163934
14198,61,60,0.0163934
14201,61,60,0.0163934
14203,61,60,0.0163934
14205,61,60,0.0163934
14207,61,60,0.0163934
14209,61,60,0.0163934
14212,61,60,0.0163934
14214,61,60,0.0163934
14215,61,60,0.0163934
14216,61,60,0.0163934
14219,61,60,0.0163934
14221,61,60,0.0163934
14223,61,60,0.0163934
14224,61,60,0.0163934
14226,61,60,0.0163934
14229,61,60,0.0163934
14230,61,60,0.0163934
14233,61,60,0.0163934
14235,61,60,0.0163934
14236,61,60,0.0163934
14238,61,60,0.0163934
14239,61,60,0.0163934
14242,61,60,0.0163934
14244,61,60,0.0163934
14246,61,60,0.0163934
14249,61,60,0.0163934
14251,61,60,0.0163934
14253,61,60,0.0163934
14256,61,60,0.0163934
14257,61,60,0.0163934
14259,61,60,0.0163934
14261,61,60,0.0163934
14264,61,60,0.0163934
14265,61,60,0.0163934
14267,61,60,0.0163934
14269,61,60,0.0163934
14272,61,60,0.0163934
14274,61,60,0.0163934
14276,61,60,0.0163934
14278,61,60,0.0163934
14280,61,60,0.0163934
14281,61,60,0.0163934
14283,61,60,0.0163934
14285,61,60,0.0163934
14288,61,60,0.0163934
14289,61,60,0.0163934
14292,61,60,0.0163934
14293,61,60,0.0163934
14296,61,60,0.0163934
14298,61,60,0.0163934
14300,61,60,0.0163934
14303,61,60,0.0163934
14306,61,60,0.0163934
14310,61,60,0.0163934
14313,61,60,0.0163934
14315,61,60,0.0163934
14316,61,60,0.0163934
14319,61,60,0.0163934
14321,61,60,0.0163934
14323,61,60,0.0163934
14324,61,60,0.0163934
14326,61,60,0.0163934
14329,61,60,0.0163934
14331,61,60,0.0163934
14332,61,60,0.0163934
14335,61,60,0.0163934
14337,61,60,0.0163934
14339,61,60,0.0163934
14341,61,60,0.0163934
14344,61,60,0.0163934
14346,61,60,0.0163934
14348,61,60,0.0163934
14350,61,60,0.0163934
14352,61,60,0.0163934
14353,61,60,0.0163934
14355,61,60,0.0163934
14357,61,60,0.0163934
14358,61,60,0.0163934
14360,61,60,0.0163934
14361,61,60,0.0163934
14364,61,60,0.0163934
14365,61,60,0.0163934
14367,61,60,0.0163934
14369,61,60,0.0163934
14372,61,60,0.0163934
14374,61,60,0.0163934
14377,61,60,0.0163934
14379,61,60,0.0163934
14381,61,60,0.0163934
14383,61,60,0.0163934
14385,61,60,0.0163934
14386,61,60,0.0163934
14388,61,60,0.0163934
14390,61,60,0.0163934
14392,61,60,0.0163934
14395,61,60,0.0163934
14397,61,60,0.0163934
14399,61,60,0.0163934
14400,61,60,0.0163934
14401,61,60,0.0163934
14403,61,60,0.0163934
14405,61,60,0.0163934
14407,61,60,0.0163934
14408,61,60,0.0163934
14409,61,60,0.0163934
14412,61,60,0.0163934
14414,61,60,0.0163934
14415,61,60,0.0163934
14416,61,60,0.0163934
14417,61,60,0.0163934
14419,61,60,0.0163934
14420,61,60,0.0163934
14422,61,60,0.0163934
14423,61,60,0.0163934
14425,61,60,0.0163934
14428,61,60,0.0163934
14429,61,60,0.0163934
14431,61,60,0.0163934
14434,61,60,0.0163934
14435,61,60,0.0163934
14436,61,60,0.0163934
14438,61,60,0.0163934
14440,61,60,0.0163934
14442,61,60,0.0163934
14444,61,60,0.0163934
14445,61,60,0.0163934
14446,61,60,0.0163934
14448,61,60,0.0163934
14450,61,60,0.0163934
14452,61,60,0.0163934
14453,61,60,0.0163934
14455,61,60,0.0163934
14456,61,60,0.0163934
14458,61,60,0.0163934
14462,61,60,0.0163934
14464,61,60,0.0163934
14467,61,60,0.0163934
14470,61,60,0.0163934
14471,61,60,0.0163934
14474,61,60,0.0163934
14476,61,60,0.0163934
14477,61,60,0.0163934
14480,61,60,0.0163934
14483,61,60,0.0163934
14485,61,60,0.0163934
14487,61,60,0.0163934
14488,61,60,0.0163934
14490,61,60,0.0163934
14491,61,60,0.0163934
14492,61,60,0.0163934
14493,61,60,0.0163934
14494,61,60,0.0163934
14495,61,60,0.0163934
14498,61,60,0.0163934
14500,61,60,0.0163934
14503,61,60,0.0163934
14505,61,60,0.0163934
14508,61,60,0.0163934
14510,61,60,0.0163934
14513,61,60,0.0163934
14515,61,60,0.0163934
14516,61,60,0.0163934
14517,61,60,0.0163934
14518,61,60,0.0163934
14520,61,60,0.0163934
14522,61,60,0.0163934
14523,61,60,0.0163934
14526,61,60,0.0163934
14530,61,60,0.0163934
14531,61,60,0.0163934
14533,61,60,0.0163934
14535,61,60,0.0163934
14536,61,60,0.0163934
14538,61,60,0.0163934
14540,61,60,0.0163934
14542,61,60,0.0163934
14544,61,60,0.0163934
14547,61,60,0.0163934
14549,61,60,0.0163934
14550,61,60,0.0163934
14552,61,60,0.0163934
14553,61,60,0.0163934
14555,61,60,0.0163934
14557,61,60,0.0163934
14559,61,60,0.0163934
14560,61,60,0.0163934
14561,61,60,0.0163934
14563,61,60,0.0163934
14564,61,60,0.0163934
14566,61,60,0.0163934
14568,61,60,0.0163934
14569,61,60,0.0163934
14571,61,60,0.0163934
14573,61,60,0.0163934
14575,61,60,0.0163934
14576,61,60,0.0163934
14579,61,60,0.0163934
14581,61,60,0.0163934
14584,61,60,0.0163934
14586,61,60,0.0163934
14587,61,60,0.0163934
14589,61,60,0.0163934
14592,61,60,0.0163934
14594,61,60,0.0163934
14596,61,60,0.0163934
14597,61,60,0.0163934
14598,61,60,0.0163934
14599,61,60,0.0163934
14601,61,60,0.0163934
14603,61,60,0.0163934
14605,61,60,0.0163934
14608,61,60,0.0163934
14609,61,60,0.0163934
14612,61,60,0.0163934
14615,61,60,0.0163934
14618,61,60,0.0163934
14622,61,60,0.0163934
14625,61,60,0.0163934
14627,61,60,0.0163934
14629,61,60,0.0163934
14632,61,60,0.0163934
14634,61,60,0.0163934
14636,61,60,0.0163934
14638,61,60,0.0163934
14639,61,60,0.0163934
14640,61,60,0.0163934
14644,61,60,0.0163934
14646,61,60,0.0163934
14650,61,60,0.0163934
14652,61,60,0.0163934
14655,61,60,0.0163934
14658,61,60,0.0163934
14661,61,60,0.0163934
14662,61,60,0.0163934
14666,61,60,0.0163934
14667,61,60,0.0163934
14668,61,60,0.0163934
14669,61,60,0.0163934
14671,61,60,0.0163934
14674,61,60,0.0163934
14676,61,60,0.0163934
14676,61,60,0.0163934
14677,61,60,0.0163934
14678,61,60,0.0163934
14680,61,60,0.0163934
14682,61,60,0.0163934
14684,61,60,0.0163934
14685,61,60,0.0163934
14686,61,60,0.0163934
14687,61,60,0.0163934
14689,61,60,0.0163934
14691,61,60,0.0163934
14693,61,60,0.0163934
14694,61,60,0.0163934
14697,61,60,0.0163934
14698,61,60,0.0163934
14701,61,60,0.0163934
14702,61,60,0.0163934
14704,61,60,0.0163934
14705,61,60,0.0163934
14706,61,60,0.0163934
14707,61,60,0.0163934
14709,61,60,0.0163934
14710,61,60,0.0163934
14711,61,60,0.0163934
14711,61,60,0.0163934
14713,61,60,0.0163934
14715,61,60,0.0163934
14717,61,60,0.0163934
14717,61,60,0.0163934
14718,61,60,0.0163934
14720,61,60,0.0163934
14722,61,60,0.0163934
14725,61,60,0.0163934
14727,61,60,0.0163934
14729,61,60,0.0163934
14730,61,60,0.0163934
14731,61,60,0.0163934
14732,61,60,0.0163934
14733,61,60,0.0163934
14735,61,60,0.0163934
14736,61,60,0.0163934
14737,61,60,0.0163934
14739,61,60,0.0163934
14741,61,60,0.0163934
14743,61,60,0.0163934
14746,61,60,0.0163934
14748,61,60,0.0163934
14749,61,60,0.0163934
14751,61,60,0.0163934
14753,61,60,0.0163934
14755,61,60,0.0163934
14756,61,60,0.0163934
14758,61,60,0.0163934
14760,61,60,0.0163934
14762,61,60,0.0163934
14763,61,60,0.0163934
14765,61,60,0.0163934
14767,61,60,0.0163934
14769,61,60,0.0163934
14770,61,60,0.0163934
14771,61,60,0.0163934
14773,61,60,0.0163934
14774,61,60,0.0163934
14776,61,60,0.0163934
14778,61,60,0.0163934
14780,61,60,0.0163934
14782,61,60,0.0163934
14784,61,60,0.0163934
14786,61,60,0.0163934
14787,61,60,0.0163934
14789,61,60,0.0163934
14791,61,60,0.0163934
14794,61,60,0.0163934
14796,61,60,0.0163934
14799,61,60,0.0163934
14800,61,60,0.0163934
14803,61,60,0.0163934
14805,61,60,0.0163934
14808,61,60,0.0163934
14810,61,60,0.0163934
14811,61,60,0.0163934
14812,61,60,0.0163934
14812,61,60,0.0163934
14815,61,60,0.0163934
14816,61,60,0.0163934
14818,61,60,0.0163934
14820,61,60,0.0163934
14821,61,60,0.0163934
14822,61,60,0.0163934
14824,61,60,0.0163934
14825,61,60,0.0163934
14828,61,60,0.0163934
14829,61,60,0.0163934
14830,61,60,0.0163934
14831,61,60,0.0163934
14833,61,60,0.0163934
14835,61,60,0.0163934
14837,61,60,0.0163934
14840,61,60,0.0163934
14843,61,60,0.0163934
14844,61,60,0.0163934
14845,61,60,0.0163934
14849,61,60,0.0163934
14851,61,60,0.0163934
14854,61,60,0.0163934
14855,61,60,0.0163934
14857,61,60,0.0163934
14860,61,60,0.0163934
14862,61,60,0.0163934
14864,61,60,0.0163934
14865,61,60,0.0163934
14868,61,60,0.0163934
14871,61,60,0.0163934
14874,61,60,0.0163934
14875,61,60,0.0163934
14876,61,60,0.0163934
14878,61,60,0.0163934
14881,61,60,0.0163934
14882,61,60,0.0163934
14885,61,60,0.0163934
14889,61,60,0.0163934
14892,61,60,0.0163934
14894,61,60,0.0163934
14896,61,60,0.0163934
14898,61,60,0.0163934
14900,61,60,0.0163934
14901,61,60,0.0163934
14902,61,60,0.0163934
14903,61,60,0.0163934
14905,61,60,0.0163934
14907,61,60,0.0163934
14908,61,60,0.0163934
14909,61,60,0.0163934
14910,61,60,0.0163934
14912,61,60,0.0163934
14914,61,60,0.0163934
14916,61,60,0.0163934
14918,61,60,0.0163934
14920,61,60,0.0163934
14921,61,60,0.0163934
14923,61,60,0.0163934
14923,61,60,0.0163934
14926,61,60,0.0163934
14929,61,60,0.0163934
14930,61,60,0.0163934
14931,61,60,0.0163934
14932,61,60,0.0163934
14935,61,60,0.0163934
14937,61,60,0.0163934
14939,61,60,0.0163934
14942,61,60,0.0163934
14943,61,60,0.0163934
14945,61,60,0.0163934
14947,61,60,0.0163934
14948,61,60,0.0163934
14951,61,60,0.0163934
14953,61,60,0.0163934
14956,61,60,0.0163934
14959,61,60,0.0163934
14962,61,60,0.0163934
14964,61,60,0.0163934
14967,61,60,0.0163934
14969,61,60,0.0163934
14972,61,60,0.0163934
14974,61,60,0.0163934
14976,61,60,0.0163934
14977,61,60,0.0163934
14980,61,60,0.0163934
14981,61,60,0.0163934
14983,61,60,0.0163934
14985,61,60,0.0163934
14987,61,60,0.0163934
14989,61,60,0.0163934
14991,61,60,0.0163934
14992,61,60,0.0163934
14995,61,60,0.0163934
14998,61,60,0.0163934
15001,61,60,0.0163934
15002,61,60,0.0163934
15004,61,60,0.0163934
15006,61,60,0.0163934
15008,61,60,0.0163934
15010,61,60,0.0163934
15012,61,60,0.0163934
15015,61,60,0.0163934
15016,61,60,0.0163934
15018,61,60,0.0163934
15019,61,60,0.0163934
15022,61,60,0.0163934
15024,61,60,0.0163934
15026,61,60,0.0163934
15027,61,60,0.0163934
15028,61,60,0.0163934
15031,61,60,0.0163934
15033,61,60,0.0163934
15036,61,60,0.0163934
15037,61,60,0.0163934
15039,61,60,0.0163934
15041,61,60,0.0163934
15043,61,60,0.0163934
15047,61,60,0.0163934
15049,61,60,0.0163934
15050,61,60,0.0163934
15053,61,60,0.0163934
15056,61,60,0.0163934
15059,61,60,0.0163934
15061,61,60,0.0163934
15064,61,60,0.0163934
15066,61,60,0.0163934
15068,61,60,0.0163934
15071,61,60,0.0163934
15074,61,60,0.0163934
15075,61,60,0.0163934
15077,61,60,0.0163934
15079,61,60,0.0163934
15082,61,60,0.0163934
15084,61,60,0.0163934
15086,61,60,0.0163934
15087,61,60,0.0163934
15089,61,60,0.0163934
15090,61,60,0.0163934
15092,61,60,0.0163934
15094,61,60,0.0163934
15097,61,60,0.0163934
15099,61,60,0.0163934
15100,61,60,0.0163934
15103,61,60,0.0163934
15105,61,60,0.0163934
15107,61,60,0.0163934
15109,61,60,0.0163934
15110,61,60,0.0163934
15112,61,60,0.0163934
15114,61,60,0.0163934
15116,61,60,0.0163934
15119,61,60,0.0163934
15122,61,60,0.0163934
15125,61,60,0.0163934
15128,61,60,0.0163934
15132,61,60,0.0163934
15134,61,60,0.0163934
15136,61,60,0.0163934
15139,61,60,0.0163934
15142,61,60,0.0163934
15144,61,60,0.0163934
15146,61,60,0.0163934
15147,61,60,0.0163934
15149,61,60,0.0163934
15152,61,60,0.0163934
15154,61,60,0.0163934
15156,61,60,0.0163934
15158,61,60,0.0163934
15160,61,60,0.0163934
15162,61,60,0.0163934
15163,61,60,0.0163934
15164,61,60,0.0163934
15166,61,60,0.0163934
15168,61,60,0.0163934
15171,61,60,0.0163934
15173,61,60,0.0163934
15175,61,60,0.0163934
15176,61,60,0.0163934
15179,61,60,0.0163934
15182,61,60,0.0163934
15185,61,60,0.0163934
15186,61,60,0.0163934
15189,61,60,0.0163934
15191,61,60,0.0163934
15193,61,60,0.0163934
15195,61,60,0.0163934
15198,61,60,0.0163934
15201,61,60,0.0163934
15204,61,60,0.0163934
15206,61,60,0.0163934
15208,61,60,0.0163934
15209,61,60,0.0163934
15211,61,60,0.0163934
15214,61,60,0.0163934
15217,61,60,0.0163934
15219,61,60,0.0163934
15220,61,60,0.0163934
15223,61,60,0.0163934
15226,61,60,0.0163934
15227,61,60,0.0163934
15229,61,60,0.0163934
15232,61,60,0.0163934
15234,61,60,0.0163934
15236,61,60,0.0163934
15238,61,60,0.0163934
15241,61,60,0.0163934
15244,61,60,0.0163934
15246,61,60,0.0163934
15248,61,60,0.0163934
15251,61,60,0.0163934
15253,61,60,0.0163934
15255,61,60,0.0163934
15258,61,60,0.0163934
15260,61,60,0.0163934
15262,61,60,0.0163934
15264,61,60,0.0163934
15267,61,60,0.0163934
15269,61,60,0.0163934
15270,61,60,0.0163934
15272,61,60,0.0163934
15273,61,60,0.0163934
15276,61,60,0.0163934
15278,61,60,0.0163934
15280,61,60,0.0163934
15282,61,60,0.0163934
15283,61,60,0.0163934
15285,61,60,0.0163934
15287,61,60,0.0163934
15288,61,60,0.0163934
15289,61,60,0.0163934
15292,61,60,0.0163934
15294,61,60,0.0163934
15297,61,60,0.0163934
15299,61,60,0.0163934
15302,61,60,0.0163934
15304,61,60,0.0163934
15305,61,60,0.0163934
15307,61,60,0.0163934
15308,61,60,0.0163934
15310,61,60,0.0163934
15313,61,60,0.0163934
15316,61,60,0.0163934
15318,61,60,0.0163934
15320,61,60,0.0163934
15323,61,60,0.0163934
15325,61,60,0.0163934
15326,61,60,0.0163934
15335,61,60,0.0163934
15339,61,60,0.0163934
15342,61,60,0.0163934
15347,61,60,0.0163934
15351,61,60,0.0163934
15355,61,60,0.0163934
15357,61,60,0.0163934
15360,61,60,0.0163934
15363,61,60,0.0163934
15365,61,60,0.0163934
15368,61,60,0.0163934
15370,61,60,0.0163934
15372,61,60,0.0163934
15377,61,60,0.0163934
15380,61,60,0.0163934
15383,61,60,0.0163934
15387,61,60,0.0163934
15390,61,60,0.0163934
15393,61,60,0.0163934
15396,61,60,0.0163934
15399,61,60,0.0163934
15402,61,60,0.0163934
15405,61,60,0.0163934
15408,61,60,0.0163934
15411,61,60,0.0163934
15414,61,60,0.0163934
15418,61,60,0.0163934
15425,61,60,0.0163934
15429,61,60,0.0163934
15432,61,60,0.0163934
15437,61,60,0.0163934
15442,61,60,0.0163934
15446,61,60,0.0163934
15450,61,60,0.0163934
15452,61,60,0.0163934
15456,61,60,0.0163934
15461,61,60,0.0163934
15464,61,60,0.0163934
15466,61,60,0.0163934
15469,61,60,0.0163934
15471,61,60,0.0163934
15474,61,60,0.0163934
15476,61,60,0.0163934
15479,61,60,0.0163934
15482,61,60,0.0163934
15485,61,60,0.0163934
15488,61,60,0.0163934
15490,61,60,0.0163934
15493,61,60,0.0163934
15494,61,60,0.0163934
15496,61,60,0.0163934
15499,61,60,0.0163934
15502,61,60,0.0163934
15505,61,60,0.0163934
15507,61,60,0.0163934
15510,61,60,0.0163934
15512,61,60,0.0163934
15515,61,60,0.0163934
15517,61,60,0.0163934
15520,61,60,0.0163934
15524,61,60,0.0163934
15527,61,60,0.0163934
15530,61,60,0.0163934
15533,61,60,0.0163934
15536,61,60,0.0163934
15539,61,60,0.0163934
15543,61,60,0.0163934
15545,61,60,0.0163934
15548,61,60,0.0163934
15551,61,60,0.0163934
15554,61,60,0.0163934
15557,61,60,0.0163934
15558,61,60,0.0163934
15561,61,60,0.0163934
15563,61,60,0.0163934
15566,61,60,0.0163934
15569,61,60,0.0163934
15571,61,60,0.0163934
15573,61,60,0.0163934
15575,61,60,0.0163934
15577,61,60,0.0163934
15580,61,60,0.0163934
15582,61,60,0.0163934
15585,61,60,0.0163934
15588,61,60,0.0163934
15592,61,60,0.0163934
15597,61,60,0.0163934
15601,61,60,0.0163934
15605,61,60,0.0163934
15609,61,60,0.0163934
15612,61,60,0.0163934
15616,61,60,0.0163934
15619,61,60,0.0163934
15621,61,60,0.0163934
15624,61,60,0.0163934
15627,61,60,0.0163934
15630,61,60,0.0163934
15634,61,60,0.0163934
15637,61,60,0.0163934
15640,61,60,0.0163934
15644,61,60,0.0163934
15649,61,60,0.0163934
15652,61,60,0.0163934
15656,61,60,0.0163934
15660,61,60,0.0163934
15665,61,60,0.0163934
15669,61,60,0.0163934
15674,61,60,0.0163934
15678,61,60,0.0163934
15681,61,60,0.0163934
15685,61,60,0.0163934
15688,61,60,0.0163934
15692,61,60,0.0163934
15695,61,60,0.0163934
15699,61,60,0.0163934
15702,61,60,0.0163934
15705,61,60,0.0163934
15707,61,60,0.0163934
15710,61,60,0.0163934
15714,61,60,0.0163934
15717,61,60,0.0163934
15720,61,60,0.0163934
15723,61,60,0.0163934
15726,61,60,0.0163934
15730,61,60,0.0163934
15733,61,60,0.0163934
15736,61,60,0.0163934
15740,61,60,0.0163934
15743,61,60,0.0163934
15748,61,60,0.0163934
15752,61,60,0.0163934
15756,61,60,0.0163934
15761,61,60,0.0163934
15765,61,60,0.0163934
15769,61,60,0.0163934
15772,61,60,0.0163934
15773,61,60,0.0163934
15776,61,60,0.0163934
15779,61,60,0.0163934
15782,61,60,0.0163934
15785,61,60,0.0163934
15788,61,60,0.0163934
15792,61,60,0.0163934
15796,61,60,0.0163934
15799,61,60,0.0163934
15800,61,60,0.0163934
15802,61,60,0.0163934
15805,61,60,0.0163934
15812,61,60,0.0163934
15815,61,60,0.0163934
15818,61,60,0.0163934
15819,61,60,0.0163934
15822,61,60,0.0163934
15825,61,60,0.0163934
15827,61,60,0.0163934
15830,61,60,0.0163934
15833,61,60,0.0163934
15835,61,60,0.0163934
15838,61,60,0.0163934
15841,61,60,0.0163934
15844,61,60,0.0163934
15847,61,60,0.0163934
15848,61,60,0.0163934
15850,61,60,0.0163934
15853,61,60,0.0163934
15856,61,60,0.0163934
15862,61,60,0.0163934
15865,61,60,0.0163934
15868,61,60,0.0163934
15871,61,60,0.0163934
15874,61,60,0.0163934
15877,61,60,0.0163934
15880,61,60,0.0163934
15884,61,60,0.0163934
15886,61,60,0.0163934
15889,61,60,0.0163934
15891,61,60,0.0163934
15894,61,60,0.0163934
15897,61,60,0.0163934
15900,61,60,0.0163934
15904,61,60,0.0163934
15907,61,60,0.0163934
15913,61,60,0.0163934
15917,61,60,0.0163934
15921,61,60,0.0163934
15925,61,60,0.0163934
15929,61,60,0.0163934
15932,61,60,0.0163934
15935,61,60,0.0163934
15938,61,60,0.0163934
15942,61,60,0.0163934
15946,61,60,0.0163934
15949,61,60,0.0163934
15952,61,60,0.0163934
15956,61,60,0.0163934
15959,61,60,0.0163934
15961,61,60,0.0163934
15964,61,60,0.0163934
15967,61,60,0.0163934
15970,61,60,0.0163934
15973,61,60,0.0163934
15977,61,60,0.0163934
15979,61,60,0.0163934
15983,61,60,0.0163934
15986,61,60,0.0163934
15989,61,60,0.0163934
15992,61,60,0.0163934
15995,61,60,0.0163934
15998,61,60,0.0163934
16001,61,60,0.0163934
16004,61,60,0.0163934
16008,61,60,0.0163934
16011,61,60,0.0163934
16014,61,60,0.0163934
16017,61,60,0.0163934
16020,61,60,0.0163934
16023,61,60,0.0163934
16026,61,60,0.0163934
16029,61,60,0.0163934
16032,61,60,0.0163934
16035,61,60,0.0163934
16037,61,60,0.0163934
16040,61,60,0.0163934
16043,61,60,0.0163934
16045,61,60,0.0163934
16048,61,60,0.0163934
16050,61,60,0.0163934
16052,61,60,0.0163934
16054,61,60,0.0163934
16056,61,60,0.0163934
16059,61,60,0.0163934
16062,61,60,0.0163934
16065,61,60,0.0163934
16068,61,60,0.0163934
16071,61,60,0.0163934
16075,61,60,0.0163934
16079,61,60,0.0163934
16082,61,60,0.0163934
16085,61,60,0.0163934
16089,61,60,0.0163934
16093,61,60,0.0163934
16096,61,60,0.0163934
16099,61,60,0.0163934
16102,61,60,0.0163934
16104,61,60,0.0163934
16108,61,60,0.0163934
16111,61,60,0.0163934
16114,61,60,0.0163934
16116,61,60,0.0163934
16119,61,60,0.0163934
16123,61,60,0.0163934
16126,61,60,0.0163934
16130,61,60,0.0163934
16133,61,60,0.0163934
16136,61,60,0.0163934
16139,61,60,0.0163934
16143,61,60,0.0163934
16146,61,60,0.0163934
16149,61,60,0.0163934
16151,61,60,0.0163934
16153,61,60,0.0163934
16157,61,60,0.0163934
16160,61,60,0.0163934
16163,61,60,0.0163934
16166,61,60,0.0163934
16169,61,60,0.0163934
16172,61,60,0.0163934
16175,61,60,0.0163934
16178,61,60,0.0163934
16179,61,60,0.0163934
16182,61,60,0.0163934
16184,61,60,0.0163934
16187,61,60,0.0163934
16190,61,60,0.0163934
16192,61,60,0.0163934
16195,61,60,0.0163934
16196,61,60,0.0163934
16198,61,60,0.0163934
16199,61,60,0.0163934
16202,61,60,0.0163934
16204,61,60,0.0163934
16206,61,60,0.0163934
16208,61,60,0.0163934
16210,61,60,0.0163934
16211,61,60,0.0163934
16214,61,60,0.0163934
16216,61,60,0.0163934
16218,61,60,0.0163934
16225,61,60,0.0163934
16230,61,60,0.0163934
16233,61,60,0.0163934
16236,61,60,0.0163934
16239,61,60,0.0163934
16242,61,60,0.0163934
16245,61,60,0.0163934
16248,61,60,0.0163934
16250,61,60,0.0163934
16253,61,60,0.0163934
16256,61,60,0.0163934
16259,61,60,0.0163934
16261,61,60,0.0163934
16264,61,60,0.0163934
16267,61,60,0.0163934
16269,61,60,0.0163934
16271,61,60,0.0163934
16273,61,60,0.0163934
16274,61,60,0.0163934
16276,61,60,0.0163934
16279,61,60,0.0163934
16282,61,60,0.0163934
16285,61,60,0.0163934
16288,61,60,0.0163934
16291,61,60,0.0163934
16294,61,60,0.0163934
16297,61,60,0.0163934
16300,61,60,0.0163934
16301,61,60,0.0163934
16304,61,60,0.0163934
16307,61,60,0.0163934
16310,61,60,0.0163934
16312,61,60,0.0163934
16315,61,60,0.0163934
16318,61,60,0.0163934
16320,61,60,0.0163934
16323,61,60,0.0163934
16325,61,60,0.0163934
16327,61,60,0.0163934
16330,61,60,0.0163934
16333,61,60,0.0163934
16336,61,60,0.0163934
16339,61,60,0.0163934
16341,61,60,0.0163934
16343,61,60,0.0163934
16345,61,60,0.0163934
16348,61,60,0.0163934
16350,61,60,0.0163934
16353,61,60,0.0163934
16356,61,60,0.0163934
16359,61,60,0.0163934
16361,61,60,0.0163934
16365,61,60,0.0163934
16367,61,60,0.0163934
16368,61,60,0.0163934
16370,61,60,0.0163934
16373,61,60,0.0163934
16376,61,60,0.0163934
16378,61,60,0.0163934
16381,61,60,0.0163934
16384,61,60,0.0163934
16386,61,60,0.0163934
16388,61,60,0.0163934
16391,61,60,0.0163934
16394,61,60,0.0163934
16397,61,60,0.0163934
16399,61,60,0.0163934
16402,61,60,0.0163934
16406,61,60,0.0163934
16410,61,60,0.0163934
16412,61,60,0.0163934
16416,61,60,0.0163934
16419,61,60,0.0163934
16422,61,60,0.0163934
16425,61,60,0.0163934
16427,61,60,0.0163934
16430,61,60,0.0163934
16432,61,60,0.0163934
16434,61,60,0.0163934
16436,61,60,0.0163934
16438,61,60,0.0163934
16440,61,60,0.0163934
16443,61,60,0.0163934
16445,61,60,0.0163934
16448,61,60,0.0163934
16451,61,60,0.0163934
16453,61,60,0.0163934
16455,61,60,0.0163934
16458,61,60,0.0163934
16461,61,60,0.0163934
16463,61,60,0.0163934
16465,61,60,0.0163934
16469,61,60,0.0163934
16472,61,60,0.0163934
16476,61,60,0.0163934
16479,61,60,0.0163934
16482,61,60,0.0163934
16484,61,60,0.0163934
16485,61,60,0.0163934
16487,61,60,0.0163934
16490,61,60,0.0163934
16492,61,60,0.0163934
16493,61,60,0.0163934
16494,61,60,0.0163934
16496,61,60,0.0163934
16498,61,60,0.0163934
16501,61,60,0.0163934
16503,61,60,0.0163934
16505,61,60,0.0163934
16508,61,60,0.0163934
16510,61,60,0.0163934
16513,61,60,0.0163934
16516,61,60,0.0163934
16518,61,60,0.0163934
16521,61,60,0.0163934
16524,61,60,0.0163934
16526,61,60,0.0163934
16528,61,60,0.0163934
16530,61,60,0.0163934
16533,61,60,0.0163934
16536,61,60,0.0163934
16539,61,60,0.0163934
16543,61,60,0.0163934
16546,61,60,0.0163934
16548,61,60,0.0163934
16551,61,60,0.0163934
16555,61,60,0.0163934
16558,61,60,0.0163934
16561,61,60,0.0163934
16563,61,60,0.0163934
16565,61,60,0.0163934
16567,61,60,0.0163934
16570,61,60,0.0163934
16575,61,60,0.0163934
16578,61,60,0.0163934
16580,61,60,0.0163934
16582,61,60,0.0163934
16585,61,60,0.0163934
16587,61,60,0.0163934
16589,61,60,0.0163934
16590,61,60,0.0163934
16592,61,60,0.0163934
16594,61,60,0.0163934
16597,61,60,0.0163934
16599,61,60,0.0163934
16602,61,60,0.0163934
16603,61,60,0.0163934
16606,61,60,0.0163934
16609,61,60,0.0163934
16612,61,60,0.0163934
16614,61,60,0.0163934
16617,61,60,0.0163934
16618,61,60,0.0163934
16620,61,60,0.0163934
16622,61,60,0.0163934
16624,61,60,0.0163934
16627,61,60,0.0163934
16630,61,60,0.0163934
16632,61,60,0.0163934
16634,61,60,0.0163934
16637,61,60,0.0163934
16639,61,60,0.0163934
16642,61,60,0.0163934
16645,61,60,0.0163934
16648,61,60,0.0163934
16652,61,60,0.0163934
16655,61,60,0.0163934
16659,61,60,0.0163934
16662,61,60,0.0163934
16665,61,60,0.0163934
16667,61,60,0.0163934
16671,61,60,0.0163934
16674,61,60,0.0163934
16678,61,60,0.0163934
16680,61,60,0.0163934
16683,61,60,0.0163934
16686,61,60,0.0163934
16688,61,60,0.0163934
16690,61,60,0.0163934
16693,61,60,0.0163934
16695,61,60,0.0163934
16697,61,60,0.0163934
16699,61,60,0.0163934
16701,61,60,0.0163934
16703,61,60,0.0163934
16705,61,60,0.0163934
16708,61,60,0.0163934
16710,61,60,0.0163934
16713,61,60,0.0163934
16717,61,60,0.0163934
16719,61,60,0.0163934
16721,61,60,0.0163934
16723,61,60,0.0163934
16726,61,60,0.0163934
16728,61,60,0.0163934
16731,61,60,0.0163934
16733,61,60,0.0163934
16737,61,60,0.0163934
16739,61,60,0.0163934
16742,61,60,0.0163934
16745,61,60,0.0163934
16747,61,60,0.0163934
16749,61,60,0.0163934
16752,61,60,0.0163934
16754,61,60,0.0163934
16757,61,60,0.0163934
16759,61,60,0.0163934
16761,61,60,0.0163934
16764,61,60,0.0163934
16766,61,60,0.0163934
16768,61,60,0.0163934
16770,61,60,0.0163934
16772,61,60,0.0163934
16775,61,60,0.0163934
16777,61,60,0.0163934
16778,61,60,0.0163934
16780,61,60,0.0163934
16782,61,60,0.0163934
16783,61,60,0.0163934
16785,61,60,0.0163934
16786,61,60,0.0163934
16789,61,60,0.0163934
16792,61,60,0.0163934
16794,61,60,0.0163934
16796,61,60,0.0163934
16798,61,60,0.0163934
16800,61,60,0.0163934
16803,61,60,0.0163934
16805,61,60,0.0163934
16809,61,60,0.0163934
16812,61,60,0.0163934
16814,61,60,0.0163934
16816,61,60,0.0163934
16819,61,60,0.0163934
16821,61,60,0.0163934
16823,61,60,0.0163934
16825,61,60,0.0163934
16827,61,60,0.0163934
16830,61,60,0.0163934
16832,61,60,0.0163934
16834,61,60,0.0163934
16836,61,60,0.0163934
16838,61,60,0.0163934
16840,61,60,0.0163934
16844,61,60,0.0163934
16847,61,60,0.0163934
16849,61,60,0.0163934
16853,61,60,0.0163934
16857,61,60,0.0163934
16861,61,60,0.0163934
16865,61,60,0.0163934
16869,61,60,0.0163934
16873,61,60,0.0163934
16875,61,60,0.0163934
16878,61,60,0.0163934
16884,61,60,0.0163934
16889,61,60,0.0163934
16894,61,60,0.0163934
16901,61,60,0.0163934
16904,61,60,0.0163934
16909,61,60,0.0163934
16913,61,60,0.0163934
16916,61,60,0.0163934
16919,61,60,0.0163934
16921,61,60,0.0163934
16923,61,60,0.0163934
16926,61,60,0.0163934
16929,61,60,0.0163934
16934,61,60,0.0163934
16937,61,60,0.0163934
16939,61,60,0.0163934
16943,61,60,0.0163934
16945,61,60,0.0163934
16948,61,60,0.0163934
16950,61,60,0.0163934
16954,61,60,0.0163934
16956,61,60,0.0163934
16961,61,60,0.0163934
16966,61,60,0.0163934
16969,61,60,0.0163934
16972,61,60,0.0163934
16976,61,60,0.0163934
16981,61,60,0.0163934
16984,61,60,0.0163934
16987,61,60,0.0163934
16991,61,60,0.0163934
16994,61,60,0.0163934
16998,61,60,0.0163934
17001,61,60,0.0163934
17003,61,60,0.0163934
17006,61,60,0.0163934
17009,61,60,0.0163934
17013,61,60,0.0163934
17017,61,60,0.0163934
17020,61,60,0.0163934
17022,61,60,0.0163934
17026,61,60,0.0163934
17030,61,60,0.0163934
17034,61,60,0.0163934
17038,61,60,0.0163934
17042,61,60,0.0163934
17046,61,60,0.0163934
17050,61,60,0.0163934
17054,61,60,0.0163934
17058,61,60,0.0163934
17062,61,60,0.0163934
17066,61,60,0.0163934
17071,61,60,0.0163934
17074,61,60,0.0163934
17078,61,60,0.0163934
17081,61,60,0.0163934
17085,61,60,0.0163934
17087,61,60,0.0163934
17090,61,60,0.0163934
17093,61,60,0.0163934
17096,61,60,0.0163934
17098,61,60,0.0163934
17100,61,60,0.0163934
17103,61,60,0.0163934
17105,61,60,0.0163934
17109,61,60,0.0163934
17112,61,60,0.0163934
17114,61,60,0.0163934
17117,61,60,0.0163934
17120,61,60,0.0163934
17122,61,60,0.0163934
17126,61,60,0.0163934
17129,61,60,0.0163934
17131,61,60,0.0163934
17133,61,60,0.0163934
17135,61,60,0.0163934
17137,61,60,0.0163934
17139,61,60,0.0163934
17143,61,60,0.0163934
17147,61,60,0.0163934
17150,61,60,0.0163934
17152,61,60,0.0163934
17155,61,60,0.0163934
17158,61,60,0.0163934
17160,61,60,0.0163934
17163,61,60,0.0163934
17166,61,60,0.0163934
17169,61,60,0.0163934
17171,61,60,0.0163934
17173,61,60,0.0163934
17176,61,60,0.0163934
17179,61,60,0.0163934
17182,61,60,0.0163934
17185,61,60,0.0163934
17188,61,60,0.0163934
17191,61,60,0.0163934
17194,61,60,0.0163934
17197,61,60,0.0163934
17202,61,60,0.0163934
17206,61,60,0.0163934
17211,61,60,0.0163934
17213,61,60,0.0163934
17216,61,60,0.0163934
17218,61,60,0.0163934
17221,61,60,0.0163934
17223,61,60,0.0163934
17226,61,60,0.0163934
17229,61,60,0.0163934
17232,61,60,0.0163934
17235,61,60,0.0163934
17238,61,60,0.0163934
17241,61,60,0.0163934
17244,61,60,0.0163934
17246,61,60,0.0163934
17249,61,60,0.0163934
17251,61,60,0.0163934
17254,61,60,0.0163934
17258,61,60,0.0163934
17261,61,60,0.0163934
17263,61,60,0.0163934
17265,61,60,0.0163934
17267,61,60,0.0163934
17270,61,60,0.0163934
17272,61,60,0.0163934
17274,61,60,0.0163934
17276,61,60,0.0163934
17278,61,60,0.0163934
17282,61,60,0.0163934
17284,61,60,0.0163934
17286,61,60,0.0163934
17289,61,60,0.0163934
17291,61,60,0.0163934
17294,61,60,0.0163934
17298,61,60,0.0163934
17300,61,60,0.0163934
17303,61,60,0.0163934
17305,61,60,0.0163934
17307,61,60,0.0163934
17311,61,60,0.0163934
17314,61,60,0.0163934
17317,61,60,0.0163934
17319,61,60,0.0163934
17322,61,60,0.0163934
17325,61,60,0.0163934
17327,61,60,0.0163934
17329,61,60,0.0163934
17331,61,60,0.0163934
17333,61,60,0.0163934
17336,61,60,0.0163934
17338,61,60,0.0163934
17341,61,60,0.0163934
17345,61,60,0.0163934
17348,61,60,0.0163934
17351,61,60,0.0163934
17355,61,60,0.0163934
17357,61,60,0.0163934
17361,61,60,0.0163934
17363,61,60,0.0163934
17366,61,60,0.0163934
17368,61,60,0.0163934
17372,61,60,0.0163934
17375,61,60,0.0163934
17377,61,60,0.0163934
17381,61,60,0.0163934
17383,61,60,0.0163934
17386,61,60,0.0163934
17388,61,60,0.0163934
17391,61,60,0.0163934
17395,61,60,0.0163934
17399,61,60,0.0163934
17401,61,60,0.0163934
17404,61,60,0.0163934
17406,61,60,0.0163934
17408,61,60,0.0163934
17410,61,60,0.0163934
17413,61,60,0.0163934
17417,61,60,0.0163934
17420,61,60,0.0163934
17423,61,60,0.0163934
17425,61,60,0.0163934
17428,61,60,0.0163934
17431,61,60,0.0163934
17434,61,60,0.0163934
17436,61,60,0.0163934
17438,61,60,0.0163934
17441,61,60,0.0163934
17444,61,60,0.0163934
17448,61,60,0.0163934
17451,61,60,0.0163934
17454,61,60,0.0163934
17457,61,60,0.0163934
17459,61,60,0.0163934
17462,61,60,0.0163934
17465,61,60,0.0163934
17468,61,60,0.0163934
17471,61,60,0.0163934
17475,61,60,0.0163934
17478,61,60,0.0163934
17481,61,60,0.0163934
17484,61,60,0.0163934
17487,61,60,0.0163934
17489,61,60,0.0163934
17492,61,60,0.0163934
17495,61,60,0.0163934
17499,61,60,0.0163934
17502,61,60,0.0163934
17505,61,60,0.0163934
17508,61,60,0.0163934
17511,61,60,0.0163934
17515,61,60,0.0163934
17519,61,60,0.0163934
17523,61,60,0.0163934
17526,61,60,0.0163934
17529,61,60,0.0163934
17533,61,60,0.0163934
17536,61,60,0.0163934
17541,61,60,0.0163934
17544,61,60,0.0163934
17548,61,60,0.0163934
17550,61,60,0.0163934
17552,61,60,0.0163934
17554,61,60,0.0163934
17558,61,60,0.0163934
17561,61,60,0.0163934
17564,61,60,0.0163934
17567,61,60,0.0163934
17570,61,60,0.0163934
17573,61,60,0.0163934
17576,61,60,0.0163934
17579,61,60,0.0163934
17582,61,60,0.0163934
17585,61,60,0.0163934
17588,61,60,0.0163934
17591,61,60,0.0163934
17594,61,60,0.0163934
17597,61,60,0.0163934
17600,61,60,0.0163934
17602,61,60,0.0163934
17605,61,60,0.0163934
17608,61,60,0.0163934
17610,61,60,0.0163934
17613,61,60,0.0163934
17617,61,60,0.0163934
17620,61,60,0.0163934
17624,61,60,0.0163934
17627,61,60,0.0163934
17629,61,60,0.0163934
17633,61,60,0.0163934
17636,61,60,0.0163934
17639,61,60,0.0163934
17641,61,60,0.0163934
17644,61,60,0.0163934
17649,61,60,0.0163934
17652,61,60,0.0163934
17656,61,60,0.0163934
17661,61,60,0.0163934
17665,61,60,0.0163934
17667,61,60,0.0163934
17670,61,60,0.0163934
17672,61,60,0.0163934
17675,61,60,0.0163934
17679,61,60,0.0163934
17683,61,60,0.0163934
17688,61,60,0.0163934
17693,61,60,0.0163934
17696,61,60,0.0163934
17698,61,60,0.0163934
17700,61,60,0.0163934
17703,61,60,0.0163934
17707,61,60,0.0163934
17711,61,60,0.0163934
17714,61,60,0.0163934
17716,61,60,0.0163934
17720,61,60,0.0163934
17723,61,60,0.0163934
17726,61,60,0.0163934
17729,61,60,0.0163934
17731,61,60,0.0163934
17734,61,60,0.0163934
17737,61,60,0.0163934
17741,61,60,0.0163934
17743,61,60,0.0163934
17747,61,60,0.0163934
17750,61,60,0.0163934
17753,61,60,0.0163934
17757,61,60,0.0163934
17761,61,60,0.0163934
17764,61,60,0.0163934
17766,61,60,0.0163934
17769,61,60,0.0163934
17773,61,60,0.0163934
17776,61,60,0.0163934
17779,61,60,0.0163934
17781,61,60,0.0163934
17785,61,60,0.0163934
17788,61,60,0.0163934
17791,61,60,0.0163934
17794,61,60,0.0163934
17797,61,60,0.0163934
17801,61,60,0.0163934
17804,61,60,0.0163934
17807,61,60,0.0163934
17810,61,60,0.0163934
17813,61,60,0.0163934
17815,61,60,0.0163934
17818,61,60,0.0163934
17821,61,60,0.0163934
17824,61,60,0.0163934
17829,61,60,0.0163934
17832,61,60,0.0163934
17834,61,60,0.0163934
17837,61,60,0.0163934
17840,61,60,0.0163934
17845,61,60,0.0163934
17850,61,60,0.0163934
17853,61,60,0.0163934
17857,61,60,0.0163934
17862,61,60,0.0163934
17866,61,60,0.0163934
17869,61,60,0.0163934
17872,61,60,0.0163934
17876,61,60,0.0163934
17880,61,60,0.0163934
17883,61,60,0.0163934
17888,61,60,0.0163934
17891,61,60,0.0163934
17894,61,60,0.0163934
17897,61,60,0.0163934
17900,61,60,0.0163934
17903,61,60,0.0163934
17907,61,60,0.0163934
17910,61,60,0.0163934
17913,61,60,0.0163934
17916,61,60,0.0163934
17919,61,60,0.0163934
17921,61,60,0.0163934
17925,61,60,0.0163934
17929,61,60,0.0163934
17932,61,60,0.0163934
17935,61,60,0.0163934
17938,61,60,0.0163934
17941,61,60,0.0163934
17944,61,60,0.0163934
17947,61,60,0.0163934
17951,61,60,0.0163934
17953,61,60,0.0163934
17956,61,60,0.0163934
17960,61,60,0.0163934
17963,61,60,0.0163934
17966,61,60,0.0163934
17968,61,60,0.0163934
17972,61,60,0.0163934
17975,61,60,0.0163934
17978,61,60,0.0163934
17987,61,60,0.0163934
17994,61,60,0.0163934
17997,61,60,0.0163934
18001,61,60,0.0163934
18006,61,60,0.0163934
18012,61,60,0.0163934
18016,61,60,0.0163934
18019,61,60,0.0163934
18021,61,60,0.0163934
18024,61,60,0.0163934
18027,61,60,0.0163934
18030,61,60,0.0163934
18033,61,60,0.0163934
18036,61,60,0.0163934
18038,61,60,0.0163934
18043,61,60,0.0163934
18047,61,60,0.0163934
18051,61,60,0.0163934
18056,61,60,0.0163934
18060,61,60,0.0163934
18063,61,60,0.0163934
18066,61,60,0.0163934
18069,61,60,0.0163934
18073,61,60,0.0163934
18076,61,60,0.0163934
18079,61,60,0.0163934
18082,61,60,0.0163934
18085,61,60,0.0163934
18089,61,60,0.0163934
18092,61,60,0.0163934
18096,61,60,0.0163934
18099,61,60,0.0163934
18101,61,60,0.0163934
18103,61,60,0.0163934
18107,61,60,0.0163934
18110,61,60,0.0163934
18113,61,60,0.0163934
18116,61,60,0.0163934
18119,61,60,0.0163934
18121,61,60,0.0163934
18124,61,60,0.0163934
18126,61,60,0.0163934
18129,61,60,0.0163934
18132,61,60,0.0163934
18135,61,60,0.0163934
18137,61,60,0.0163934
18140,61,60,0.0163934
18143,61,60,0.0163934
18146,61,60,0.0163934
18149,61,60,0.0163934
18152,61,60,0.0163934
18156,61,60,0.0163934
18160,61,60,0.0163934
18165,61,60,0.0163934
18169,61,60,0.0163934
18172,61,60,0.0163934
18177,61,60,0.0163934
18181,61,60,0.0163934
18183,61,60,0.0163934
18186,61,60,0.0163934
18189,61,60,0.0163934
18192,61,60,0.0163934
18194,61,60,0.0163934
18197,61,60,0.0163934
18200,61,60,0.0163934
18202,61,60,0.0163934
18203,61,60,0.0163934
18206,61,60,0.0163934
18209,61,60,0.0163934
18212,61,60,0.0163934
18214,61,60,0.0163934
18217,61,60,0.0163934
18221,61,60,0.0163934
18224,61,60,0.0163934
18228,61,60,0.0163934
18231,61,60,0.0163934
18234,61,60,0.0163934
18237,61,60,0.0163934
18241,61,60,0.0163934
18244,61,60,0.0163934
18247,61,60,0.0163934
18250,61,60,0.0163934
18253,61,60,0.0163934
18257,61,60,0.0163934
18260,61,60,0.0163934
18263,61,60,0.0163934
18266,61,60,0.0163934
18269,61,60,0.0163934
18273,61,60,0.0163934
18276,61,60,0.0163934
18280,61,60,0.0163934
18283,61,60,0.0163934
18286,61,60,0.0163934
18289,61,60,0.0163934
18292,61,60,0.0163934
18296,61,60,0.0163934
18299,61,60,0.0163934
18302,61,60,0.0163934
18305,61,60,0.0163934
18307,61,60,0.0163934
18310,61,60,0.0163934
18313,61,60,0.0163934
18318,61,60,0.0163934
18322,61,60,0.0163934
18325,61,60,0.0163934
18329,61,60,0.0163934
18331,61,60,0.0163934
18333,61,60,0.0163934
18336,61,60,0.0163934
18340,61,60,0.0163934
18345,61,60,0.0163934
18348,61,60,0.0163934
18352,61,60,0.0163934
18356,61,60,0.0163934
18361,61,60,0.0163934
18364,61,60,0.0163934
18368,61,60,0.0163934
18373,61,60,0.0163934
18378,61,60,0.0163934
18385,61,60,0.0163934
18388,61,60,0.0163934
18393,61,60,0.0163934
18397,61,60,0.0163934
18402,61,60,0.0163934
18410,61,60,0.0163934
18415,61,60,0.0163934
18419,61,60,0.0163934
18422,61,60,0.0163934
18426,61,60,0.0163934
18432,61,60,0.0163934
18436,61,60,0.0163934
18440,61,60,0.0163934
18445,61,60,0.0163934
18448,61,60,0.0163934
18452,61,60,0.0163934
18526,61,60,0.0163934
18531,61,60,0.0163934
18535,61,60,0.0163934
18549,61,60,0.0163934
18554,61,60,0.0163934
18556,61,60,0.0163934
18559,61,60,0.0163934
18562,61,60,0.0163934
18565,61,60,0.0163934
18567,61,60,0.0163934
18570,61,60,0.0163934
18572,61,60,0.0163934
18576,61,60,0.0163934
18579,61,60,0.0163934
18582,61,60,0.0163934
18585,61,60,0.0163934
18588,61,60,0.0163934
18592,61,60,0.0163934
18595,61,60,0.0163934
18597,61,60,0.0163934
18600,61,60,0.0163934
18602,61,60,0.0163934
18606,61,60,0.0163934
18610,61,60,0.0163934
18613,61,60,0.0163934
18616,61,60,0.0163934
18619,61,60,0.0163934
18621,61,60,0.0163934
18625,61,60,0.0163934
18628,61,60,0.0163934
18630,61,60,0.0163934
18632,61,60,0.0163934
18635,61,60,0.0163934
18638,61,60,0.0163934
18642,61,60,0.0163934
18644,61,60,0.0163934
18648,61,60,0.0163934
18652,61,60,0.0163934
18657,61,60,0.0163934
18662,61,60,0.0163934
18667,61,60,0.0163934
18672,61,60,0.0163934
18676,61,60,0.0163934
18679,61,60,0.0163934
18681,61,60,0.0163934
18684,61,60,0.0163934
18687,61,60,0.0163934
18690,61,60,0.0163934
18694,61,60,0.0163934
18697,61,60,0.0163934
18699,61,60,0.0163934
18702,61,60,0.0163934
18705,61,60,0.0163934
18709,61,60,0.0163934
18712,61,60,0.0163934
18715,61,60,0.0163934
18718,61,60,0.0163934
18721,61,60,0.0163934
18726,61,60,0.0163934
18729,61,60,0.0163934
18731,61,60,0.0163934
18734,61,60,0.0163934
18737,61,60,0.0163934
18740,61,60,0.0163934
18742,61,60,0.0163934
18746,61,60,0.0163934
18749,61,60,0.0163934
18751,61,60,0.0163934
18754,61,60,0.0163934
18757,61,60,0.0163934
18759,61,60,0.0163934
18762,61,60,0.0163934
18765,61,60,0.0163934
18767,61,60,0.0163934
18769,61,60,0.0163934
18772,61,60,0.0163934
18776,61,60,0.0163934
18779,61,60,0.0163934
18782,61,60,0.0163934
18784,61,60,0.0163934
18786,61,60,0.0163934
18789,61,60,0.0163934
18792,61,60,0.0163934
18794,61,60,0.0163934
18796,61,60,0.0163934
18799,61,60,0.0163934
18802,61,60,0.0163934
18804,61,60,0.0163934
18807,61,60,0.0163934
18812,61,60,0.0163934
18814,61,60,0.0163934
18817,61,60,0.0163934
18820,61,60,0.0163934
18823,61,60,0.0163934
18827,61,60,0.0163934
18832,61,60,0.0163934
18836,61,60,0.0163934
18838,61,60,0.0163934
18841,61,60,0.0163934
18843,61,60,0.0163934
18846,61,60,0.0163934
18849,61,60,0.0163934
18851,61,60,0.0163934
18855,61,60,0.0163934
18858,61,60,0.0163934
18862,61,60,0.0163934
18866,61,60,0.0163934
18869,61,60,0.0163934
18873,61,60,0.0163934
18877,61,60,0.0163934
18879,61,60,0.0163934
18881,61,60,0.0163934
18885,61,60,0.0163934
18887,61,60,0.0163934
18889,61,60,0.0163934
18891,61,60,0.0163934
18895,61,60,0.0163934
18898,61,60,0.0163934
18901,61,60,0.0163934
18904,61,60,0.0163934
18908,61,60,0.0163934
18911,61,60,0.0163934
18914,61,60,0.0163934
18917,61,60,0.0163934
18919,61,60,0.0163934
18922,61,60,0.0163934
18926,61,60,0.0163934
18928,61,60,0.0163934
18931,61,60,0.0163934
18934,61,60,0.0163934
18937,61,60,0.0163934
18939,61,60,0.0163934
18944,61,60,0.0163934
18945,61,60,0.0163934
18947,61,60,0.0163934
18950,61,60,0.0163934
18953,61,60,0.0163934
18956,61,60,0.0163934
18958,61,60,0.0163934
18960,61,60,0.0163934
18964,61,60,0.0163934
18966,61,60,0.0163934
18970,61,60,0.0163934
18974,61,60,0.0163934
18978,61,60,0.0163934
18982,61,60,0.0163934
18984,61,60,0.0163934
18987,61,60,0.0163934
18991,61,60,0.0163934
18993,61,60,0.0163934
18996,61,60,0.0163934
18998,61,60,0.0163934
19000,61,60,0.0163934
19003,61,60,0.0163934
19006,61,60,0.0163934
19009,61,60,0.0163934
19011,61,60,0.0163934
19014,61,60,0.0163934
19016,61,60,0.0163934
19018,61,60,0.0163934
19021,61,60,0.0163934
19026,61,60,0.0163934
19031,61,60,0.0163934
19033,61,60,0.0163934
19036,61,60,0.0163934
19039,61,60,0.0163934
19045,61,60,0.0163934
19047,61,60,0.0163934
19050,61,60,0.0163934
19052,61,60,0.0163934
19055,61,60,0.0163934
19058,61,60,0.0163934
19060,61,60,0.0163934
19063,61,60,0.0163934
19066,61,60,0.0163934
19070,61,60,0.0163934
19074,61,60,0.0163934
19078,61,60,0.0163934
19081,61,60,0.0163934
19084,61,60,0.0163934
19086,61,60,0.0163934
19089,61,60,0.0163934
19092,61,60,0.0163934
19095,61,60,0.0163934
19098,61,60,0.0163934
19101,61,60,0.0163934
19104,61,60,0.0163934
19106,61,60,0.0163934
19110,61,60,0.0163934
19113,61,60,0.0163934
19115,61,60,0.0163934
19118,61,60,0.0163934
19121,61,60,0.0163934
19123,61,60,0.0163934
19127,61,60,0.0163934
19130,61,60,0.0163934
19132,61,60,0.0163934
19134,61,60,0.0163934
19136,61,60,0.0163934
19141,61,60,0.0163934
19146,61,60,0.0163934
19148,61,60,0.0163934
19151,61,60,0.0163934
19155,61,60,0.0163934
19157,61,60,0.0163934
19161,61,60,0.0163934
19165,61,60,0.0163934
19167,61,60,0.0163934
19170,61,60,0.0163934
19173,61,60,0.0163934
19175,61,60,0.0163934
19177,61,60,0.0163934
19180,61,60,0.0163934
19183,61,60,0.0163934
19185,61,60,0.0163934
19187,61,60,0.0163934
19190,61,60,0.0163934
19193,61,60,0.0163934
19196,61,60,0.0163934
19199,61,60,0.0163934
19203,61,60,0.0163934
19205,61,60,0.0163934
19208,61,60,0.0163934
19210,61,60,0.0163934
19212,61,60,0.0163934
19214,61,60,0.0163934
19217,61,60,0.0163934
19220,61,60,0.0163934
19222,61,60,0.0163934
19225,61,60,0.0163934
19227,61,60,0.0163934
19230,61,60,0.0163934
19232,61,60,0.0163934
19234,61,60,0.0163934
19238,61,60,0.0163934
19240,61,60,0.0163934
19243,61,60,0.0163934
19246,61,60,0.0163934
19249,61,60,0.0163934
19252,61,60,0.0163934
19255,61,60,0.0163934
19258,61,60,0.0163934
19261,61,60,0.0163934
19264,61,60,0.0163934
19267,61,60,0.0163934
19270,61,60,0.0163934
19272,61,60,0.0163934
19275,61,60,0.0163934
19278,61,60,0.0163934
19281,61,60,0.0163934
19284,61,60,0.0163934
19287,61,60,0.0163934
19289,61,60,0.0163934
19292,61,60,0.0163934
19295,61,60,0.0163934
19298,61,60,0.0163934
19300,61,60,0.0163934
19302,61,60,0.0163934
19305,61,60,0.0163934
19307,61,60,0.0163934
19310,61,60,0.0163934
19313,61,60,0.0163934
19317,61,60,0.0163934
19319,61,60,0.0163934
19323,61,60,0.0163934
19327,61,60,0.0163934
19329,61,60,0.0163934
19332,61,60,0.0163934
19334,61,60,0.0163934
19336,61,60,0.0163934
19338,61,60,0.0163934
19341,61,60,0.0163934
19344,61,60,0.0163934
19346,61,60,0.0163934
19349,61,60,0.0163934
19353,61,60,0.0163934
19356,61,60,0.0163934
19359,61,60,0.0163934
19362,61,60,0.0163934
19365,61,60,0.0163934
19367,61,60,0.0163934
19370,61,60,0.0163934
19373,61,60,0.0163934
19375,61,60,0.0163934
19378,61,60,0.0163934
19380,61,60,0.0163934
19382,61,60,0.0163934
19385,61,60,0.0163934
19389,61,60,0.0163934
19393,61,60,0.0163934
19395,61,60,0.0163934
19398,61,60,0.0163934
19401,61,60,0.0163934
19404,61,60,0.0163934
19408,61,60,0.0163934
19411,61,60,0.0163934
19414,61,60,0.0163934
19417,61,60,0.0163934
19420,61,60,0.0163934
19422,61,60,0.0163934
19424,61,60,0.0163934
19429,61,60,0.0163934
19432,61,60,0.0163934
19435,61,60,0.0163934
19436,61,60,0.0163934
19438,61,60,0.0163934
19440,61,60,0.0163934
19443,61,60,0.0163934
19445,61,60,0.0163934
19450,61,60,0.0163934
19452,61,60,0.0163934
19455,61,60,0.0163934
19458,61,60,0.0163934
19460,61,60,0.0163934
19464,61,60,0.0163934
19467,61,60,0.0163934
19469,61,60,0.0163934
19472,61,60,0.0163934
19475,61,60,0.0163934
19479,61,60,0.0163934
19481,61,60,0.0163934
19487,61,60,0.0163934
19490,61,60,0.0163934
19493,61,60,0.0163934
19497,61,60,0.0163934
19500,61,60,0.0163934
19503,61,60,0.0163934
19505,61,60,0.0163934
19507,61,60,0.0163934
19510,61,60,0.0163934
19514,61,60,0.0163934
19517,61,60,0.0163934
19520,61,60,0.0163934
19522,61,60,0.0163934
19525,61,60,0.0163934
19527,61,60,0.0163934
19530,61,60,0.0163934
19532,61,60,0.0163934
19536,61,60,0.0163934
19538,61,60,0.0163934
19541,61,60,0.0163934
19545,61,60,0.0163934
19547,61,60,0.0163934
19550,61,60,0.0163934
19554,61,60,0.0163934
19557,61,60,0.0163934
19560,61,60,0.0163934
19563,61,60,0.0163934
19566,61,60,0.0163934
19569,61,60,0.0163934
19572,61,60,0.0163934
19575,61,60,0.0163934
19579,61,60,0.0163934
19582,61,60,0.0163934
19585,61,60,0.0163934
19588,61,60,0.0163934
19591,61,60,0.0163934
19593,61,60,0.0163934
19595,61,60,0.0163934
19598,61,60,0.0163934
19601,61,60,0.0163934
19604,61,60,0.0163934
19607,61,60,0.0163934
19610,61,60,0.0163934
19612,61,60,0.0163934
19615,61,60,0.0163934
19618,61,60,0.0163934
19621,61,60,0.0163934
19624,61,60,0.0163934
19627,61,60,0.0163934
19629,61,60,0.0163934
19635,61,60,0.0163934
19637,61,60,0.0163934
19640,61,60,0.0163934
19645,61,60,0.0163934
19648,61,60,0.0163934
19651,61,60,0.0163934
19653,61,60,0.0163934
19656,61,60,0.0163934
19661,61,60,0.0163934
19666,61,60,0.0163934
19670,61,60,0.0163934
19673,61,60,0.0163934
19676,61,60,0.0163934
19680,61,60,0.0163934
19682,61,60,0.0163934
19685,61,60,0.0163934
19688,61,60,0.0163934
19692,61,60,0.0163934
19694,61,60,0.0163934
19696,61,60,0.0163934
19699,61,60,0.0163934
19702,61,60,0.0163934
19705,61,60,0.0163934
19708,61,60,0.0163934
19710,61,60,0.0163934
19713,61,60,0.0163934
19716,61,60,0.0163934
19719,61,60,0.0163934
19722,61,60,0.0163934
19726,61,60,0.0163934
19730,61,60,0.0163934
19733,61,60,0.0163934
19735,61,60,0.0163934
19737,61,60,0.0163934
19740,61,60,0.0163934
19743,61,60,0.0163934
19746,61,60,0.0163934
19749,61,60,0.0163934
19751,61,60,0.0163934
19753,61,60,0.0163934
19755,61,60,0.0163934
19758,61,60,0.0163934
19760,61,60,0.0163934
19762,61,60,0.0163934
19764,61,60,0.0163934
19767,61,60,0.0163934
19771,61,60,0.0163934
19773,61,60,0.0163934
19776,61,60,0.0163934
19779,61,60,0.0163934
19783,61,60,0.0163934
19786,61,60,0.0163934
19791,61,60,0.0163934
19794,61,60,0.0163934
19797,61,60,0.0163934
19800,61,60,0.0163934
19802,61,60,0.0163934
19805,61,60,0.0163934
19808,61,60,0.0163934
19812,61,60,0.0163934
19815,61,60,0.0163934
19818,61,60,0.0163934
19821,61,60,0.0163934
19826,61,60,0.0163934
19830,61,60,0.0163934
19833,61,60,0.0163934
19835,61,60,0.0163934
19838,61,60,0.0163934
19840,61,60,0.0163934
19843,61,60,0.0163934
19849,61,60,0.0163934
19854,61,60,0.0163934
19858,61,60,0.0163934
19864,61,60,0.0163934
19867,61,60,0.0163934
19870,61,60,0.0163934
19874,61,60,0.0163934
19878,61,60,0.0163934
19883,61,60,0.0163934
19885,61,60,0.0163934
19888,61,60,0.0163934
19890,61,60,0.0163934
19894,61,60,0.0163934
19897,61,60,0.0163934
19902,61,60,0.0163934
19907,61,60,0.0163934
19911,61,60,0.0163934
19918,61,60,0.0163934
19923,61,60,0.0163934
19928,61,60,0.0163934
19931,61,60,0.0163934
19935,61,60,0.0163934
19937,61,60,0.0163934
19941,61,60,0.0163934
19946,61,60,0.0163934
19949,61,60,0.0163934
19953,61,60,0.0163934
19957,61,60,0.0163934
19961,61,60,0.0163934
19965,61,60,0.0163934
19968,61,60,0.0163934
19971,61,60,0.0163934
19976,61,60,0.0163934
19982,61,60,0.0163934
19984,61,60,0.0163934
19988,61,60,0.0163934
19991,61,60,0.0163934
19995,61,60,0.0163934
19998,61,60,0.0163934
20000,61,60,0.0163934
20004,61,60,0.0163934
20007,61,60,0.0163934
20011,61,60,0.0163934
20013,61,60,0.0163934
20015,61,60,0.0163934
20019,61,60,0.0163934
20024,61,60,0.0163934
20028,61,60,0.0163934
20030,61,60,0.0163934
20033,61,60,0.0163934
20038,61,60,0.0163934
20043,61,60,0.0163934
20046,61,60,0.0163934
20048,61,60,0.0163934
20051,61,60,0.0163934
20053,61,60,0.0163934
20055,61,60,0.0163934
20058,61,60,0.0163934
20061,61,60,0.0163934
20064,61,60,0.0163934
20067,61,60,0.0163934
20071,61,60,0.0163934
20074,61,60,0.0163934
20078,61,60,0.0163934
20080,61,60,0.0163934
20083,61,60,0.0163934
20087,61,60,0.0163934
20090,61,60,0.0163934
20095,61,60,0.0163934
20098,61,60,0.0163934
20101,61,60,0.0163934
20104,61,60,0.0163934
20107,61,60,0.0163934
20110,61,60,0.0163934
20113,61,60,0.0163934
20117,61,60,0.0163934
20121,61,60,0.0163934
20126,61,60,0.0163934
20132,61,60,0.0163934
20135,61,60,0.0163934
20139,61,60,0.0163934
20142,61,60,0.0163934
20146,61,60,0.0163934
20149,61,60,0.0163934
20152,61,60,0.0163934
20155,61,60,0.0163934
20159,61,60,0.0163934
20163,61,60,0.0163934
20166,61,60,0.0163934
20169,61,60,0.0163934
20171,61,60,0.0163934
20174,61,60,0.0163934
20177,61,60,0.0163934
20180,61,60,0.0163934
20183,61,60,0.0163934
20186,61,60,0.0163934
20188,61,60,0.0163934
20192,61,60,0.0163934
20197,61,60,0.0163934
20200,61,60,0.0163934
20203,61,60,0.0163934
20206,61,60,0.0163934
20211,61,60,0.0163934
20214,61,60,0.0163934
20217,61,60,0.0163934
20220,61,60,0.0163934
20223,61,60,0.0163934
20228,61,60,0.0163934
20231,61,60,0.0163934
20234,61,60,0.0163934
20236,61,60,0.0163934
20239,61,60,0.0163934
20242,61,60,0.0163934
20246,61,60,0.0163934
20248,61,60,0.0163934
20251,61,60,0.0163934
20253,61,60,0.0163934
20255,61,60,0.0163934
20258,61,60,0.0163934
20261,61,60,0.0163934
20264,61,60,0.0163934
20267,61,60,0.0163934
20270,61,60,0.0163934
20271,61,60,0.0163934
20274,61,60,0.0163934
20279,61,60,0.0163934
20283,61,60,0.0163934
20287,61,60,0.0163934
20290,61,60,0.0163934
20294,61,60,0.0163934
20297,61,60,0.0163934
20299,61,60,0.0163934
20303,61,60,0.0163934
20305,61,60,0.0163934
20307,61,60,0.0163934
20309,61,60,0.0163934
20312,61,60,0.0163934
20313,61,60,0.0163934
20315,61,60,0.0163934
20318,61,60,0.0163934
20322,61,60,0.0163934
20326,61,60,0.0163934
20329,61,60,0.0163934
20332,61,60,0.0163934
20336,61,60,0.0163934
20339,61,60,0.0163934
20344,61,60,0.0163934
20346,61,60,0.0163934
20348,61,60,0.0163934
20351,61,60,0.0163934
20356,61,60,0.0163934
20360,61,60,0.0163934
20363,61,60,0.0163934
20368,61,60,0.0163934
20372,61,60,0.0163934
20375,61,60,0.0163934
20378,61,60,0.0163934
20381,61,60,0.0163934
20383,61,60,0.0163934
20385,61,60,0.0163934
20388,61,60,0.0163934
20390,61,60,0.0163934
20394,61,60,0.0163934
20399,61,60,0.0163934
20402,61,60,0.0163934
20408,61,60,0.0163934
20412,61,60,0.0163934
20416,61,60,0.0163934
20422,61,60,0.0163934
20427,61,60,0.0163934
20431,61,60,0.0163934
20435,61,60,0.0163934
20439,61,60,0.0163934
20443,61,60,0.0163934
20446,61,60,0.0163934
20449,61,60,0.0163934
20453,61,60,0.0163934
20456,61,60,0.0163934
20459,61,60,0.0163934
20462,61,60,0.0163934
20466,61,60,0.0163934
20468,61,60,0.0163934
20471,61,60,0.0163934
20474,61,60,0.0163934
20476,61,60,0.0163934
20478,61,60,0.0163934
20481,61,60,0.0163934
20484,61,60,0.0163934
20486,61,60,0.0163934
20489,61,60,0.0163934
20493,61,60,0.0163934
20497,61,60,0.0163934
20499,61,60,0.0163934
20502,61,60,0.0163934
20505,61,60,0.0163934
20509,61,60,0.0163934
20512,61,60,0.0163934
20516,61,60,0.0163934
20519,61,60,0.0163934
20521,61,60,0.0163934
20524,61,60,0.0163934
20528,61,60,0.0163934
20531,61,60,0.0163934
20535,61,60,0.0163934
20539,61,60,0.0163934
20541,61,60,0.0163934
20545,61,60,0.0163934
20548,61,60,0.0163934
20550,61,60,0.0163934
20552,61,60,0.0163934
20555,61,60,0.0163934
20558,61,60,0.0163934
20561,61,60,0.0163934
20564,61,60,0.0163934
20567,61,60,0.0163934
20570,61,60,0.0163934
20574,61,60,0.0163934
20578,61,60,0.0163934
20582,61,60,0.0163934
20585,61,60,0.0163934
20588,61,60,0.0163934
20590,61,60,0.0163934
20593,61,60,0.0163934
20595,61,60,0.0163934
20601,61,60,0.0163934
20604,61,60,0.0163934
20608,61,60,0.0163934
20612,61,60,0.0163934
20615,61,60,0.0163934
20616,61,60,0.0163934
20619,61,60,0.0163934
20622,61,60,0.0163934
20625,61,60,0.0163934
20627,61,60,0.0163934
20632,61,60,0.0163934
20635,61,60,0.0163934
20638,61,60,0.0163934
20642,61,60,0.0163934
20645,61,60,0.0163934
20649,61,60,0.0163934
20652,61,60,0.0163934
20655,61,60,0.0163934
20658,61,60,0.0163934
20663,61,60,0.0163934
20668,61,60,0.0163934
20672,61,60,0.0163934
20676,61,60,0.0163934
20680,61,60,0.0163934
20683,61,60,0.0163934
20686,61,60,0.0163934
20690,61,60,0.0163934
20693,61,60,0.0163934
20696,61,60,0.0163934
20699,61,60,0.0163934
20702,61,60,0.0163934
20705,61,60,0.0163934
20709,61,60,0.0163934
20712,61,60,0.0163934
20715,61,60,0.0163934
20717,61,60,0.0163934
20721,61,60,0.0163934
20726,61,60,0.0163934
20730,61,60,0.0163934
20733,61,60,0.0163934
20736,61,60,0.0163934
20738,61,60,0.0163934
20740,61,60,0.0163934
20742,61,60,0.0163934
20744,61,60,0.0163934
20747,61,60,0.0163934
20749,61,60,0.0163934
20751,61,60,0.0163934
20753,61,60,0.0163934
20757,61,60,0.0163934
20761,61,60,0.0163934
20764,61,60,0.0163934
20769,61,60,0.0163934
20771,61,60,0.0163934
20773,61,60,0.0163934
20775,61,60,0.0163934
20777,61,60,0.0163934
20779,61,60,0.0163934
20782,61,60,0.0163934
20783,61,60,0.0163934
20785,61,60,0.0163934
20787,61,60,0.0163934
20790,61,60,0.0163934
20793,61,60,0.0163934
20795,61,60,0.0163934
20797,61,60,0.0163934
20800,61,60,0.0163934
20802,61,60,0.0163934
20804,61,60,0.0163934
20807,61,60,0.0163934
20809,61,60,0.0163934
20811,61,60,0.0163934
20814,61,60,0.0163934
20816,61,60,0.0163934
20817,61,60,0.0163934
20819,61,60,0.0163934
20820,61,60,0.0163934
20822,61,60,0.0163934
20826,61,60,0.0163934
20828,61,60,0.0163934
20831,61,60,0.0163934
20832,61,60,0.0163934
20834,61,60,0.0163934
20837,61,60,0.0163934
20839,61,60,0.0163934
20842,61,60,0.0163934
20845,61,60,0.0163934
20847,61,60,0.0163934
20849,61,60,0.0163934
20851,61,60,0.0163934
20854,61,60,0.0163934
20858,61,60,0.0163934
20861,61,60,0.0163934
20864,61,60,0.0163934
20866,61,60,0.0163934
20867,61,60,0.0163934
20870,61,60,0.0163934
20873,61,60,0.0163934
20878,61,60,0.0163934
20880,61,60,0.0163934
20881,61,60,0.0163934
20882,61,60,0.0163934
20884,61,60,0.0163934
20885,61,60,0.0163934
20888,61,60,0.0163934
20890,61,60,0.0163934
20891,61,60,0.0163934
20893,61,60,0.0163934
20895,61,60,0.0163934
20898,61,60,0.0163934
20902,61,60,0.0163934
20908,61,60,0.0163934
20913,61,60,0.0163934
20919,61,60,0.0163934
20922,61,60,0.0163934
20927,61,60,0.0163934
20930,61,60,0.0163934
20933,61,60,0.0163934
20935,61,60,0.0163934
20937,61,60,0.0163934
20940,61,60,0.0163934
20943,61,60,0.0163934
20946,61,60,0.0163934
20947,61,60,0.0163934
20951,61,60,0.0163934
20953,61,60,0.0163934
20955,61,60,0.0163934
20959,61,60,0.0163934
20961,61,60,0.0163934
20964,61,60,0.0163934
20966,61,60,0.0163934
20968,61,60,0.0163934
20971,61,60,0.0163934
20972,61,60,0.0163934
20973,61,60,0.0163934
20974,61,60,0.0163934
20975,61,60,0.0163934
20976,61,60,0.0163934
20979,61,60,0.0163934
20980,61,60,0.0163934
20982,61,60,0.0163934
20983,61,60,0.0163934
20985,61,60,0.0163934
20988,61,60,0.0163934
20990,61,60,0.0163934
20992,61,60,0.0163934
20993,61,60,0.0163934
20994,61,60,0.0163934
20996,61,60,0.0163934
20998,61,60,0.0163934
21000,61,60,0.0163934
21003,61,60,0.0163934
21005,61,60,0.0163934
21006,61,60,0.0163934
21009,61,60,0.0163934
21012,61,60,0.0163934
21014,61,60,0.0163934
21015,61,60,0.0163934
21017,61,60,0.0163934
21020,61,60,0.0163934
21022,61,60,0.0163934
21025,61,60,0.0163934
21029,61,60,0.0163934
21030,61,60,0.0163934
21033,61,60,0.0163934
21036,61,60,0.0163934
21037,61,60,0.0163934
21041,61,60,0.0163934
21045,61,60,0.0163934
21047,61,60,0.0163934
21050,61,60,0.0163934
21051,61,60,0.0163934
21053,61,60,0.0163934
21053,61,60,0.0163934
21055,61,60,0.0163934
21057,61,60,0.0163934
21061,61,60,0.0163934
21064,61,60,0.0163934
21068,61,60,0.0163934
21072,61,60,0.0163934
21074,61,60,0.0163934
21076,61,60,0.0163934
21079,61,60,0.0163934
21081,61,60,0.0163934
21084,61,60,0.0163934
21087,61,60,0.0163934
21090,61,60,0.0163934
21094,61,60,0.0163934
21096,61,60,0.0163934
21097,61,60,0.0163934
21100,61,60,0.0163934
21101,61,60,0.0163934
21103,61,60,0.0163934
21106,61,60,0.0163934
21109,61,60,0.0163934
21110,61,60,0.0163934
21112,61,60,0.0163934
21115,61,60,0.0163934
21116,61,60,0.0163934
21117,61,60,0.0163934
21120,61,60,0.0163934
21121,61,60,0.0163934
21122,61,60,0.0163934
21124,61,60,0.0163934
21125,61,60,0.0163934
21126,61,60,0.0163934
21128,61,60,0.0163934
21132,61,60,0.0163934
21135,61,60,0.0163934
21137,61,60,0.0163934
21138,61,60,0.0163934
21140,61,60,0.0163934
21141,61,60,0.0163934
21144,61,60,0.0163934
21147,61,60,0.0163934
21149,61,60,0.0163934
21150,61,60,0.0163934
21152,61,60,0.0163934
21155,61,60,0.0163934
21157,61,60,0.0163934
21159,61,60,0.0163934
21162,61,60,0.0163934
21162,61,60,0.0163934
21163,61,60,0.0163934
21164,61,60,0.0163934
21165,61,60,0.0163934
21166,61,60,0.0163934
21167,61,60,0.0163934
21168,61,60,0.0163934
21170,61,60,0.0163934
21172,61,60,0.0163934
21175,61,60,0.0163934
21177,61,60,0.0163934
21179,61,60,0.0163934
21181,61,60,0.0163934
21183,61,60,0.0163934
21185,61,60,0.0163934
21187,61,60,0.0163934
21190,61,60,0.0163934
21191,61,60,0.0163934
21194,61,60,0.0163934
21196,61,60,0.0163934
21197,61,60,0.0163934
21198,61,60,0.0163934
21200,61,60,0.0163934
21201,61,60,0.0163934
21203,61,60,0.0163934
21206,61,60,0.0163934
21208,61,60,0.0163934
21210,61,60,0.0163934
21213,61,60,0.0163934
21216,61,60,0.0163934
21219,61,60,0.0163934
21222,61,60,0.0163934
21227,61,60,0.0163934
21232,61,60,0.0163934
21234,61,60,0.0163934
21235,61,60,0.0163934
21238,61,60,0.0163934
21240,61,60,0.0163934
21241,61,60,0.0163934
21243,61,60,0.0163934
21245,61,60,0.0163934
21249,61,60,0.0163934
21252,61,60,0.0163934
21255,61,60,0.0163934
21258,61,60,0.0163934
21260,61,60,0.0163934
21263,61,60,0.0163934
21264,61,60,0.0163934
21268,61,60,0.0163934
21270,61,60,0.0163934
21273,61,60,0.0163934
21275,61,60,0.0163934
21276,61,60,0.0163934
21278,61,60,0.0163934
21280,61,60,0.0163934
21282,61,60,0.0163934
21283,61,60,0.0163934
21285,61,60,0.0163934
21287,61,60,0.0163934
21288,61,60,0.0163934
21291,61,60,0.0163934
21293,61,60,0.0163934
21294,61,60,0.0163934
21295,61,60,0.0163934
21297,61,60,0.0163934
21299,61,60,0.0163934
21301,61,60,0.0163934
21303,61,60,0.0163934
21307,61,60,0.0163934
21309,61,60,0.0163934
21312,61,60,0.0163934
21315,61,60,0.0163934
21317,61,60,0.0163934
21318,61,60,0.0163934
21321,61,60,0.0163934
21323,61,60,0.0163934
21325,61,60,0.0163934
21328,61,60,0.0163934
21329,61,60,0.0163934
21332,61,60,0.0163934
21335,61,60,0.0163934
21337,61,60,0.0163934
21339,61,60,0.0163934
21341,61,60,0.0163934
21342,61,60,0.0163934
21343,61,60,0.0163934
21345,61,60,0.0163934
21346,61,60,0.0163934
21347,61,60,0.0163934
21348,61,60,0.0163934
21349,61,60,0.0163934
21351,61,60,0.0163934
21352,61,60,0.0163934
21353,61,60,0.0163934
21354,61,60,0.0163934
21355,61,60,0.0163934
21356,61,60,0.0163934
21360,61,60,0.0163934
21361,61,60,0.0163934
21361,61,60,0.0163934
21362,61,60,0.0163934
21363,61,60,0.0163934
21364,61,60,0.0163934
21366,61,60,0.0163934
21367,61,60,0.0163934
21368,61,60,0.0163934
21369,61,60,0.0163934
21370,61,60,0.0163934
21371,61,60,0.0163934
21372,61,60,0.0163934
21377,61,60,0.0163934
21378,61,60,0.0163934
21379,61,60,0.0163934
21380,61,60,0.0163934
21381,61,60,0.0163934
21382,61,60,0.0163934
21383,61,60,0.0163934
21384,61,60,0.0163934
21385,61,60,0.0163934
21386,61,60,0.0163934
21387,61,60,0.0163934
21388,61,60,0.0163934
21389,61,60,0.0163934
21390,61,60,0.0163934
21391,61,60,0.0163934
21393,61,60,0.0163934
21395,61,60,0.0163934
21396,61,60,0.0163934
21397,61,60,0.0163934
21399,61,60,0.0163934
21401,61,60,0.0163934
21402,61,60,0.0163934
21403,61,60,0.0163934
21404,61,60,0.0163934
21404,61,60,0.0163934
21405,61,60,0.0163934
21406,61,60,0.0163934
21407,61,60,0.0163934
21410,61,60,0.0163934
21410,61,60,0.0163934
21413,61,60,0.0163934
21415,61,60,0.0163934
21416,61,60,0.0163934
21419,61,60,0.0163934
21420,61,60,0.0163934
21421,61,60,0.0163934
21422,61,60,0.0163934
21426,61,60,0.0163934
21427,61,60,0.0163934
21429,61,60,0.0163934
21430,61,60,0.0163934
21430,61,60,0.0163934
21432,61,60,0.0163934
21433,61,60,0.0163934
21434,61,60,0.0163934
21434,61,60,0.0163934
21435,61,60,0.0163934
21436,61,60,0.0163934
21437,61,60,0.0163934
21438,61,60,0.0163934
21439,61,60,0.0163934
21440,61,60,0.0163934
21441,61,60,0.0163934
21443,61,60,0.0163934
21444,61,60,0.0163934
21445,61,60,0.0163934
21445,61,60,0.0163934
21446,61,60,0.0163934
21447,61,60,0.0163934
21448,61,60,0.0163934
21449,61,60,0.0163934
21450,61,60,0.0163934
21451,61,60,0.0163934
21453,61,60,0.0163934
21454,61,60,0.0163934
21455,61,60,0.0163934
21456,61,60,0.0163934
21457,61,60,0.0163934
21458,61,60,0.0163934
21459,61,60,0.0163934
21460,61,60,0.0163934
21461,61,60,0.0163934
21462,61,60,0.0163934
21463,61,60,0.0163934
21464,61,60,0.0163934
21464,61,60,0.0163934
21465,61,60,0.0163934
21466,61,60,0.0163934
21468,61,60,0.0163934
21469,61,60,0.0163934
21470,61,60,0.0163934
21471,61,60,0.0163934
21472,61,60,0.0163934
21473,61,60,0.0163934
21473,61,60,0.0163934
21474,61,60,0.0163934
21476,61,60,0.0163934
21476,61,60,0.0163934
21477,61,60,0.0163934
21478,61,60,0.0163934
21481,61,60,0.0163934
21482,61,60,0.0163934
21482,61,60,0.0163934
21483,61,60,0.0163934
21486,61,60,0.0163934
21487,61,60,0.0163934
21488,61,60,0.0163934
21489,61,60,0.0163934
21490,61,60,0.0163934
21491,61,60,0.0163934
21492,61,60,0.0163934
21493,61,60,0.0163934
21494,61,60,0.0163934
21495,61,60,0.0163934
21496,61,60,0.0163934
21497,61,60,0.0163934
21498,61,60,0.0163934
21499,61,60,0.0163934
21500,61,60,0.0163934
21501,61,60,0.0163934
21502,61,60,0.0163934
21503,61,60,0.0163934
21503,61,60,0.0163934
21504,61,60,0.0163934
21505,61,60,0.0163934
21506,61,60,0.0163934
21507,61,60,0.0163934
21508,61,60,0.0163934
21509,61,60,0.0163934
21510,61,60,0.0163934
21511,61,60,0.0163934
21512,61,60,0.0163934
21513,61,60,0.0163934
21514,61,60,0.0163934
21515,61,60,0.0163934
21516,61,60,0.0163934
21517,61,60,0.0163934
21518,61,60,0.0163934
21518,61,60,0.0163934
21519,61,60,0.0163934
21520,61,60,0.0163934
21521,61,60,0.0163934
21522,61,60,0.0163934
21523,61,60,0.0163934
21524,61,60,0.0163934
21526,61,60,0.0163934
21527,61,60,0.0163934
21528,61,60,0.0163934
21529,61,60,0.0163934
21530,61,60,0.0163934
21531,61,60,0.0163934
21532,61,60,0.0163934
21534,61,60,0.0163934
21534,61,60,0.0163934
21535,61,60,0.0163934
21536,61,60,0.0163934
21537,61,60,0.0163934
21538,61,60,0.0163934
21539,61,60,0.0163934
21541,61,60,0.0163934
21543,61,60,0.0163934
21545,61,60,0.0163934
21546,61,60,0.0163934
21546,61,60,0.0163934
21547,61,60,0.0163934
21549,61,60,0.0163934
21550,61,60,0.0163934
21552,61,60,0.0163934
21553,61,60,0.0163934
21554,61,60,0.0163934
21555,61,60,0.0163934
21556,61,60,0.0163934
21557,61,60,0.0163934
21559,61,60,0.0163934
21561,61,60,0.0163934
21563,61,60,0.0163934
21564,61,60,0.0163934
21565,61,60,0.0163934
21566,61,60,0.0163934
21567,61,60,0.0163934
21568,61,60,0.0163934
21569,61,60,0.0163934
21570,61,60,0.0163934
21571,61,60,0.0163934
21572,61,60,0.0163934
21573,61,60,0.0163934
21574,61,60,0.0163934
21575,61,60,0.0163934
21577,61,60,0.0163934
21578,61,60,0.0163934
21579,61,60,0.0163934
21580,61,60,0.0163934
21581,61,60,0.0163934
21582,61,60,0.0163934
21583,61,60,0.0163934
21584,61,60,0.0163934
21585,61,60,0.0163934
21586,61,60,0.0163934
21587,61,60,0.0163934
21588,61,60,0.0163934
21589,61,60,0.0163934
21590,61,60,0.0163934
21591,61,60,0.0163934
21593,61,60,0.0163934
21594,61,60,0.0163934
21595,61,60,0.0163934
21596,61,60,0.0163934
21597,61,60,0.0163934
21598,61,60,0.0163934
21600,61,60,0.0163934
21602,61,60,0.0163934
21605,61,60,0.0163934
21606,61,60,0.0163934
21610,61,60,0.0163934
21613,61,60,0.0163934
21616,61,60,0.0163934
21620,61,60,0.0163934
21623,61,60,0.0163934
21624,61,60,0.0163934
21625,61,60,0.0163934
21627,61,60,0.0163934
21629,61,60,0.0163934
21631,61,60,0.0163934
21634,61,60,0.0163934
21636,61,60,0.0163934
21637,61,60,0.0163934
21638,61,60,0.0163934
21641,61,60,0.0163934
21645,61,60,0.0163934
21648,61,60,0.0163934
21649,61,60,0.0163934
21651,61,60,0.0163934
21653,61,60,0.0163934
21656,61,60,0.0163934
21658,61,60,0.0163934
21659,61,60,0.0163934
21661,61,60,0.0163934
21663,61,60,0.0163934
21666,61,60,0.0163934
21669,61,60,0.0163934
21670,61,60,0.0163934
21673,61,60,0.0163934
21678,61,60,0.0163934
21680,61,60,0.0163934
21682,61,60,0.0163934
21684,61,60,0.0163934
21686,61,60,0.0163934
21689,61,60,0.0163934
21690,61,60,0.0163934
21693,61,60,0.0163934
21694,61,60,0.0163934
21695,61,60,0.0163934
21698,61,60,0.0163934
21700,61,60,0.0163934
21702,61,60,0.0163934
21704,61,60,0.0163934
21711,61,60,0.0163934
21714,61,60,0.0163934
21717,61,60,0.0163934
21718,61,60,0.0163934
21720,61,60,0.0163934
21723,61,60,0.0163934
21725,61,60,0.0163934
21728,61,60,0.0163934
21730,61,60,0.0163934
21732,61,60,0.0163934
21733,61,60,0.0163934
21734,61,60,0.0163934
21736,61,60,0.0163934
21737,61,60,0.0163934
21739,61,60,0.0163934
21741,61,60,0.0163934
21742,61,60,0.0163934
21743,61,60,0.0163934
21744,61,60,0.0163934
21745,61,60,0.0163934
21746,61,60,0.0163934
21748,61,60,0.0163934
21749,61,60,0.0163934
21752,61,60,0.0163934
21754,61,60,0.0163934
21755,61,60,0.0163934
21757,61,60,0.0163934
21759,61,60,0.0163934
21760,61,60,0.0163934
21763,61,60,0.0163934
21766,61,60,0.0163934
21769,61,60,0.0163934
21772,61,60,0.0163934
21773,61,60,0.0163934
21775,61,60,0.0163934
21776,61,60,0.0163934
21778,61,60,0.0163934
21780,61,60,0.0163934
21781,61,60,0.0163934
21782,61,60,0.0163934
21784,61,60,0.0163934
21785,61,60,0.0163934
21786,61,60,0.0163934
21787,61,60,0.0163934
21788,61,60,0.0163934
21789,61,60,0.0163934
21790,61,60,0.0163934
21792,61,60,0.0163934
21793,61,60,0.0163934
21794,61,60,0.0163934
21796,61,60,0.0163934
21797,61,60,0.0163934
21800,61,60,0.0163934
21803,61,60,0.0163934
21805,61,60,0.0163934
21807,61,60,0.0163934
21809,61,60,0.0163934
21810,61,60,0.0163934
21811,61,60,0.0163934
21813,61,60,0.0163934
21814,61,60,0.0163934
21815,61,60,0.0163934
21816,61,60,0.0163934
21817,61,60,0.0163934
21818,61,60,0.0163934
21819,61,60,0.0163934
21821,61,60,0.0163934
21822,61,60,0.0163934
21824,61,60,0.0163934
21825,61,60,0.0163934
21826,61,60,0.0163934
21827,61,60,0.0163934
21828,61,60,0.0163934
21831,61,60,0.0163934
21832,61,60,0.0163934
21833,61,60,0.0163934
21835,61,60,0.0163934
21836,61,60,0.0163934
21837,61,60,0.0163934
21839,61,60,0.0163934
21840,61,60,0.0163934
21841,61,60,0.0163934
21843,61,60,0.0163934
21844,61,60,0.0163934
21847,61,60,0.0163934
21849,61,60,0.0163934
21850,61,60,0.0163934
21851,61,60,0.0163934
21853,61,60,0.0163934
21854,61,60,0.0163934
21857,61,60,0.0163934
21859,61,60,0.0163934
21862,61,60,0.0163934
21864,61,60,0.0163934
21866,61,60,0.0163934
21869,61,60,0.0163934
21871,61,60,0.0163934
21873,61,60,0.0163934
21876,61,60,0.0163934
21878,61,60,0.0163934
21880,61,60,0.0163934
21882,61,60,0.0163934
21884,61,60,0.0163934
21885,61,60,0.0163934
21887,61,60,0.0163934
21888,61,60,0.0163934
21889,61,60,0.0163934
21891,61,60,0.0163934
21894,61,60,0.0163934
21895,61,60,0.0163934
21896,61,60,0.0163934
21898,61,60,0.0163934
21899,61,60,0.0163934
21901,61,60,0.0163934
21905,61,60,0.0163934
21908,61,60,0.0163934
21910,61,60,0.0163934
21911,61,60,0.0163934
21913,61,60,0.0163934
21914,61,60,0.0163934
21917,61,60,0.0163934
21919,61,60,0.0163934
21922,61,60,0.0163934
21924,61,60,0.0163934
21926,61,60,0.0163934
21928,61,60,0.0163934
21930,61,60,0.0163934
21931,61,60,0.0163934
21932,61,60,0.0163934
21933,61,60,0.0163934
21934,61,60,0.0163934
21936,61,60,0.0163934
21937,61,60,0.0163934
21939,61,60,0.0163934
21940,61,60,0.0163934
21945,61,60,0.0163934
21947,61,60,0.0163934
21948,61,60,0.0163934
21950,61,60,0.0163934
21952,61,60,0.0163934
21954,61,60,0.0163934
21955,61,60,0.0163934
21959,61,60,0.0163934
21962,61,60,0.0163934
21964,61,60,0.0163934
21966,61,60,0.0163934
21969,61,60,0.0163934
21971,61,60,0.0163934
21976,61,60,0.0163934
21979,61,60,0.0163934
21981,61,60,0.0163934
21983,61,60,0.0163934
21988,61,60,0.0163934
21991,61,60,0.0163934
21995,61,60,0.0163934
22000,61,60,0.0163934
22002,61,60,0.0163934
22005,61,60,0.0163934
22007,61,60,0.0163934
22010,61,60,0.0163934
22012,61,60,0.0163934
22015,61,60,0.0163934
22017,61,60,0.0163934
22020,61,60,0.0163934
22022,61,60,0.0163934
22026,61,60,0.0163934
22028,61,60,0.0163934
22029,61,60,0.0163934
22032,61,60,0.0163934
22033,61,60,0.0163934
22034,61,60,0.0163934
22035,61,60,0.0163934
22038,61,60,0.0163934
22039,61,60,0.0163934
22041,61,60,0.0163934
22043,61,60,0.0163934
22044,61,60,0.0163934
22046,61,60,0.0163934
22047,61,60,0.0163934
22048,61,60,0.0163934
22050,61,60,0.0163934
22051,61,60,0.0163934
22052,61,60,0.0163934
22053,61,60,0.0163934
22055,61,60,0.0163934
22056,61,60,0.0163934
22058,61,60,0.0163934
22061,61,60,0.0163934
22062,61,60,0.0163934
22063,61,60,0.0163934
22066,61,60,0.0163934
22067,61,60,0.0163934
22069,61,60,0.0163934
22070,61,60,0.0163934
22071,61,60,0.0163934
22072,61,60,0.0163934
22074,61,60,0.0163934
22076,61,60,0.0163934
22078,61,60,0.0163934
22080,61,60,0.0163934
22081,61,60,0.0163934
22083,61,60,0.0163934
22084,61,60,0.0163934
22085,61,60,0.0163934
22086,61,60,0.0163934
22088,61,60,0.0163934
22089,61,60,0.0163934
22090,61,60,0.0163934
22092,61,60,0.0163934
22094,61,60,0.0163934
22095,61,60,0.0163934
22096,61,60,0.0163934
22097,61,60,0.0163934
22099,61,60,0.0163934
22100,61,60,0.0163934
22101,61,60,0.0163934
22103,61,60,0.0163934
22104,61,60,0.0163934
22105,61,60,0.0163934
22106,61,60,0.0163934
22108,61,60,0.0163934
22110,61,60,0.0163934
22111,61,60,0.0163934
22113,61,60,0.0163934
22114,61,60,0.0163934
22115,61,60,0.0163934
22117,61,60,0.0163934
22118,61,60,0.0163934
22119,61,60,0.0163934
22120,61,60,0.0163934
22122,61,60,0.0163934
22123,61,60,0.0163934
22125,61,60,0.0163934
22127,61,60,0.0163934
22128,61,60,0.0163934
22130,61,60,0.0163934
22131,61,60,0.0163934
22132,61,60,0.0163934
22134,61,60,0.0163934
22135,61,60,0.0163934
22136,61,60,0.0163934
22138,61,60,0.0163934
22139,61,60,0.0163934
22140,61,60,0.0163934
22143,61,60,0.0163934
22144,61,60,0.0163934
22146,61,60,0.0163934
22147,61,60,0.0163934
22149,61,60,0.0163934
22150,61,60,0.0163934
22151,61,60,0.0163934
22152,61,60,0.0163934
22154,61,60,0.0163934
22155,61,60,0.0163934
22156,61,60,0.0163934
22158,61,60,0.0163934
22161,61,60,0.0163934
22164,61,60,0.0163934
22167,61,60,0.0163934
22169,61,60,0.0163934
22171,61,60,0.0163934
22174,61,60,0.0163934
22177,61,60,0.0163934
22178,61,60,0.0163934
22180,61,60,0.0163934
22183,61,60,0.0163934
22185,61,60,0.0163934
22189,61,60,0.0163934
22191,61,60,0.0163934
22194,61,60,0.0163934
22196,61,60,0.0163934
22198,61,60,0.0163934
22201,61,60,0.0163934
22204,61,60,0.0163934
22207,61,60,0.0163934
22210,61,60,0.0163934
22213,61,60,0.0163934
22214,61,60,0.0163934
22217,61,60,0.0163934
22219,61,60,0.0163934
22222,61,60,0.0163934
22224,61,60,0.0163934
22227,61,60,0.0163934
22230,61,60,0.0163934
22231,61,60,0.0163934
22232,61,60,0.0163934
22234,61,60,0.0163934
22235,61,60,0.0163934
22237,61,60,0.0163934
22240,61,60,0.0163934
22244,61,60,0.0163934
22246,61,60,0.0163934
22247,61,60,0.0163934
22249,61,60,0.0163934
22251,61,60,0.0163934
22252,61,60,0.0163934
22253,61,60,0.0163934
22255,61,60,0.0163934
22258,61,60,0.0163934
22260,61,60,0.0163934
22262,61,60,0.0163934
22263,61,60,0.0163934
22267,61,60,0.0163934
22269,61,60,0.0163934
22272,61,60,0.0163934
22276,61,60,0.0163934
22279,61,60,0.0163934
22281,61,60,0.0163934
22284,61,60,0.0163934
22287,61,60,0.0163934
22289,61,60,0.0163934
22292,61,60,0.0163934
22295,61,60,0.0163934
22298,61,60,0.0163934
22300,61,60,0.0163934
22303,61,60,0.0163934
22306,61,60,0.0163934
22309,61,60,0.0163934
22311,61,60,0.0163934
22314,61,60,0.0163934
22316,61,60,0.0163934
22318,61,60,0.0163934
22319,61,60,0.0163934
22323,61,60,0.0163934
22326,61,60,0.0163934
22330,61,60,0.0163934
22331,61,60,0.0163934
22335,61,60,0.0163934
22338,61,60,0.0163934
22341,61,60,0.0163934
22345,61,60,0.0163934
22349,61,60,0.0163934
22352,61,60,0.0163934
22356,61,60,0.0163934
22359,61,60,0.0163934
22362,61,60,0.0163934
22364,61,60,0.0163934
22366,61,60,0.0163934
22368,61,60,0.0163934
22370,61,60,0.0163934
22372,61,60,0.0163934
22376,61,60,0.0163934
22379,61,60,0.0163934
22381,61,60,0.0163934
22385,61,60,0.0163934
22388,61,60,0.0163934
22389,61,60,0.0163934
22391,61,60,0.0163934
22394,61,60,0.0163934
22396,61,60,0.0163934
22398,61,60,0.0163934
22400,61,60,0.0163934
22402,61,60,0.0163934
22405,61,60,0.0163934
22409,61,60,0.0163934
22412,61,60,0.0163934
22414,61,60,0.0163934
22419,61,60,0.0163934
22420,61,60,0.0163934
22423,61,60,0.0163934
22425,61,60,0.0163934
22427,61,60,0.0163934
22428,61,60,0.0163934
22430,61,60,0.0163934
22431,61,60,0.0163934
22433,61,60,0.0163934
22435,61,60,0.0163934
22437,61,60,0.0163934
22439,61,60,0.0163934
22442,61,60,0.0163934
22446,61,60,0.0163934
22449,61,60,0.0163934
22451,61,60,0.0163934
22453,61,60,0.0163934
22458,61,60,0.0163934
22461,61,60,0.0163934
22463,61,60,0.0163934
22466,61,60,0.0163934
22468,61,60,0.0163934
22471,61,60,0.0163934
22474,61,60,0.0163934
22476,61,60,0.0163934
22477,61,60,0.0163934
22480,61,60,0.0163934
22484,61,60,0.0163934
22487,61,60,0.0163934
22491,61,60,0.0163934
22495,61,60,0.0163934
22497,61,60,0.0163934
22500,61,60,0.0163934
22502,61,60,0.0163934
22506,61,60,0.0163934
22508,61,60,0.0163934
22510,61,60,0.0163934
22513,61,60,0.0163934
22516,61,60,0.0163934
22518,61,60,0.0163934
22520,61,60,0.0163934
22523,61,60,0.0163934
22525,61,60,0.0163934
22528,61,60,0.0163934
22531,61,60,0.0163934
22535,61,60,0.0163934
22538,61,60,0.0163934
22541,61,60,0.0163934
22544,61,60,0.0163934
22547,61,60,0.0163934
22550,61,60,0.0163934
22554,61,60,0.0163934
22558,61,60,0.0163934
22561,61,60,0.0163934
22563,61,60,0.0163934
22566,61,60,0.0163934
22568,61,60,0.0163934
22571,61,60,0.0163934
22572,61,60,0.0163934
22575,61,60,0.0163934
22577,61,60,0.0163934
22578,61,60,0.0163934
22581,61,60,0.0163934
22583,61,60,0.0163934
22585,61,60,0.0163934
22587,61,60,0.0163934
22589,61,60,0.0163934
22592,61,60,0.0163934
22594,61,60,0.0163934
22597,61,60,0.0163934
22600,61,60,0.0163934
22603,61,60,0.0163934
22606,61,60,0.0163934
22609,61,60,0.0163934
22612,61,60,0.0163934
22615,61,60,0.0163934
22618,61,60,0.0163934
22620,61,60,0.0163934
22623,61,60,0.0163934
22626,61,60,0.0163934
22628,61,60,0.0163934
22630,61,60,0.0163934
22633,61,60,0.0163934
22635,61,60,0.0163934
22638,61,60,0.0163934
22639,61,60,0.0163934
22642,61,60,0.0163934
22645,61,60,0.0163934
22648,61,60,0.0163934
22651,61,60,0.0163934
22655,61,60,0.0163934
22658,61,60,0.0163934
22661,61,60,0.0163934
22664,61,60,0.0163934
22666,61,60,0.0163934
22668,61,60,0.0163934
22672,61,60,0.0163934
22675,61,60,0.0163934
22679,61,60,0.0163934
22682,61,60,0.0163934
22685,61,60,0.0163934
22689,61,60,0.0163934
22692,61,60,0.0163934
22695,61,60,0.0163934
22699,61,60,0.0163934
22702,61,60,0.0163934
22706,61,60,0.0163934
22709,61,60,0.0163934
22711,61,60,0.0163934
22713,61,60,0.0163934
22716,61,60,0.0163934
22719,61,60,0.0163934
22721,61,60,0.0163934
22723,61,60,0.0163934
22727,61,60,0.0163934
22730,61,60,0.0163934
22733,61,60,0.0163934
22734,61,60,0.0163934
22736,61,60,0.0163934
22739,61,60,0.0163934
22741,61,60,0.0163934
22743,61,60,0.0163934
22744,61,60,0.0163934
22746,61,60,0.0163934
22749,61,60,0.0163934
22751,61,60,0.0163934
22753,61,60,0.0163934
22755,61,60,0.0163934
22758,61,60,0.0163934
22760,61,60,0.0163934
22762,61,60,0.0163934
22765,61,60,0.0163934
22767,61,60,0.0163934
22768,61,60,0.0163934
22770,61,60,0.0163934
22772,61,60,0.0163934
22774,61,60,0.0163934
22776,61,60,0.0163934
22778,61,60,0.0163934
22779,61,60,0.0163934
22781,61,60,0.0163934
22783,61,60,0.0163934
22786,61,60,0.0163934
22788,61,60,0.0163934
22790,61,60,0.0163934
22792,61,60,0.0163934
22794,61,60,0.0163934
22795,61,60,0.0163934
22798,61,60,0.0163934
22800,61,60,0.0163934
22802,61,60,0.0163934
22804,61,60,0.0163934
22806,61,60,0.0163934
22809,61,60,0.0163934
22811,61,60,0.0163934
22813,61,60,0.0163934
22814,61,60,0.0163934
22816,61,60,0.0163934
22817,61,60,0.0163934
22819,61,60,0.0163934
22820,61,60,0.0163934
22822,61,60,0.0163934
22824,61,60,0.0163934
22826,61,60,0.0163934
22828,61,60,0.0163934
22829,61,60,0.0163934
22831,61,60,0.0163934
22833,61,60,0.0163934
22836,61,60,0.0163934
22837,61,60,0.0163934
22840,61,60,0.0163934
22842,61,60,0.0163934
22844,61,60,0.0163934
22847,61,60,0.0163934
22849,61,60,0.0163934
22851,61,60,0.0163934
22853,61,60,0.0163934
22855,61,60,0.0163934
22861,61,60,0.0163934
22865,61,60,0.0163934
22868,61,60,0.0163934
22870,61,60,0.0163934
22874,61,60,0.0163934
22878,61,60,0.0163934
22880,61,60,0.0163934
22883,61,60,0.0163934
22886,61,60,0.0163934
22889,61,60,0.0163934
22891,61,60,0.0163934
22894,61,60,0.0163934
22897,61,60,0.0163934
22898,61,60,0.0163934
22900,61,60,0.0163934
22903,61,60,0.0163934
22904,61,60,0.0163934
22906,61,60,0.0163934
22907,61,60,0.0163934
22909,61,60,0.0163934
22912,61,60,0.0163934
22914,61,60,0.0163934
22916,61,60,0.0163934
22919,61,60,0.0163934
22922,61,60,0.0163934
22926,61,60,0.0163934
22930,61,60,0.0163934
22932,61,60,0.0163934
22936,61,60,0.0163934
22940,61,60,0.0163934
22943,61,60,0.0163934
22945,61,60,0.0163934
22948,61,60,0.0163934
22951,61,60,0.0163934
22955,61,60,0.0163934
22960,61,60,0.0163934
22963,61,60,0.0163934
22965,61,60,0.0163934
22967,61,60,0.0163934
22969,61,60,0.0163934
22971,61,60,0.0163934
22974,61,60,0.0163934
22976,61,60,0.0163934
22977,61,60,0.0163934
22979,61,60,0.0163934
22981,61,60,0.0163934
22982,61,60,0.0163934
22985,61,60,0.0163934
22988,61,60,0.0163934
22992,61,60,0.0163934
22995,61,60,0.0163934
22998,61,60,0.0163934
23002,61,60,0.0163934
23005,61,60,0.0163934
23009,61,60,0.0163934
23012,61,60,0.0163934
23014,61,60,0.0163934
23016,61,60,0.0163934
23018,61,60,0.0163934
23020,61,60,0.0163934
23024,61,60,0.0163934
23027,61,60,0.0163934
23029,61,60,0.0163934
23032,61,60,0.0163934
23035,61,60,0.0163934
23039,61,60,0.0163934
23041,61,60,0.0163934
23045,61,60,0.0163934
23046,61,60,0.0163934
23049,61,60,0.0163934
23052,61,60,0.0163934
23055,61,60,0.0163934
23059,61,60,0.0163934
23062,61,60,0.0163934
23065,61,60,0.0163934
23066,61,60,0.0163934
23068,61,60,0.0163934
23071,61,60,0.0163934
23075,61,60,0.0163934
23079,61,60,0.0163934
23081,61,60,0.0163934
23083,61,60,0.0163934
23085,61,60,0.0163934
23086,61,60,0.0163934
23087,61,60,0.0163934
23089,61,60,0.0163934
23090,61,60,0.0163934
23092,61,60,0.0163934
23093,61,60,0.0163934
23094,61,60,0.0163934
23096,61,60,0.0163934
23097,61,60,0.0163934
23098,61,60,0.0163934
23100,61,60,0.0163934
23101,61,60,0.0163934
23103,61,60,0.0163934
23106,61,60,0.0163934
23108,61,60,0.0163934
23110,61,60,0.0163934
23112,61,60,0.0163934
23114,61,60,0.0163934
23116,61,60,0.0163934
23118,61,60,0.0163934
23120,61,60,0.0163934
23122,61,60,0.0163934
23124,61,60,0.0163934
23127,61,60,0.0163934
23131,61,60,0.0163934
23132,61,60,0.0163934
23134,61,60,0.0163934
23137,61,60,0.0163934
23139,61,60,0.0163934
23143,61,60,0.0163934
23145,61,60,0.0163934
23147,61,60,0.0163934
23148,61,60,0.0163934
23150,61,60,0.0163934
23152,61,60,0.0163934
23154,61,60,0.0163934
23155,61,60,0.0163934
23157,61,60,0.0163934
23158,61,60,0.0163934
23160,61,60,0.0163934
23161,61,60,0.0163934
23163,61,60,0.0163934
23164,61,60,0.0163934
23166,61,60,0.0163934
23168,61,60,0.0163934
23169,61,60,0.0163934
23171,61,60,0.0163934
23172,61,60,0.0163934
23174,61,60,0.0163934
23175,61,60,0.0163934
23177,61,60,0.0163934
23178,61,60,0.0163934
23180,61,60,0.0163934
23181,61,60,0.0163934
23182,61,60,0.0163934
23184,61,60,0.0163934
23186,61,60,0.0163934
23187,61,60,0.0163934
23189,61,60,0.0163934
23191,61,60,0.0163934
23192,61,60,0.0163934
23193,61,60,0.0163934
23195,61,60,0.0163934
23196,61,60,0.0163934
23198,61,60,0.0163934
23199,61,60,0.0163934
23200,61,60,0.0163934
23202,61,60,0.0163934
23203,61,60,0.0163934
23205,61,60,0.0163934
23206,61,60,0.0163934
23207,61,60,0.0163934
23209,61,60,0.0163934
23210,61,60,0.0163934
23211,61,60,0.0163934
23213,61,60,0.0163934
23214,61,60,0.0163934
23215,61,60,0.0163934
23217,61,60,0.0163934
23218,61,60,0.0163934
23220,61,60,0.0163934
23221,61,60,0.0163934
23223,61,60,0.0163934
23224,61,60,0.0163934
23226,61,60,0.0163934
23227,61,60,0.0163934
23229,61,60,0.0163934
23230,61,60,0.0163934
23232,61,60,0.0163934
23233,61,60,0.0163934
23235,61,60,0.0163934
23236,61,60,0.0163934
23237,61,60,0.0163934
23239,61,60,0.0163934
23240,61,60,0.0163934
23241,61,60,0.0163934
23243,61,60,0.0163934
23244,61,60,0.0163934
23246,61,60,0.0163934
23247,61,60,0.0163934
23249,61,60,0.0163934
23251,61,60,0.0163934
23252,61,60,0.0163934
23254,61,60,0.0163934
23256,61,60,0.0163934
23259,61,60,0.0163934
23261,61,60,0.0163934
23263,61,60,0.0163934
23264,61,60,0.0163934
23267,61,60,0.0163934
23268,61,60,0.0163934
23272,61,60,0.0163934
23276,61,60,0.0163934
23279,61,60,0.0163934
23282,61,60,0.0163934
23285,61,60,0.0163934
23290,61,60,0.0163934
23293,61,60,0.0163934
23298,61,60,0.0163934
23304,61,60,0.0163934
23309,61,60,0.0163934
23312,61,60,0.0163934
23315,61,60,0.0163934
23318,61,60,0.0163934
23321,61,60,0.0163934
23324,61,60,0.0163934
23328,61,60,0.0163934
23332,61,60,0.0163934
23335,61,60,0.0163934
23338,61,60,0.0163934
23340,61,60,0.0163934
23342,61,60,0.0163934
23344,61,60,0.0163934
23348,61,60,0.0163934
23352,61,60,0.0163934
23357,61,60,0.0163934
23361,61,60,0.0163934
23364,61,60,0.0163934
23368,61,60,0.0163934
23371,61,60,0.0163934
23375,61,60,0.0163934
23378,61,60,0.0163934
23381,61,60,0.0163934
23384,61,60,0.0163934
23386,61,60,0.0163934
23388,61,60,0.0163934
23390,61,60,0.0163934
23392,61,60,0.0163934
23394,61,60,0.0163934
23396,61,60,0.0163934
23399,61,60,0.0163934
23401,61,60,0.0163934
23404,61,60,0.0163934
23411,61,60,0.0163934
23415,61,60,0.0163934
23417,61,60,0.0163934
23421,61,60,0.0163934
23423,61,60,0.0163934
23426,61,60,0.0163934
23428,61,60,0.0163934
23430,61,60,0.0163934
23432,61,60,0.0163934
23434,61,60,0.0163934
23437,61,60,0.0163934
23439,61,60,0.0163934
23442,61,60,0.0163934
23445,61,60,0.0163934
23447,61,60,0.0163934
23450,61,60,0.0163934
23453,61,60,0.0163934
23455,61,60,0.0163934
23458,61,60,0.0163934
23460,61,60,0.0163934
23463,61,60,0.0163934
23466,61,60,0.0163934
23470,61,60,0.0163934
23472,61,60,0.0163934
23474,61,60,0.0163934
23476,61,60,0.0163934
23478,61,60,0.0163934
23480,61,60,0.0163934
23481,61,60,0.0163934
23483,61,60,0.0163934
23485,61,60,0.0163934
23488,61,60,0.0163934
23491,61,60,0.0163934
23494,61,60,0.0163934
23498,61,60,0.0163934
23501,61,60,0.0163934
23504,61,60,0.0163934
23508,61,60,0.0163934
23511,61,60,0.0163934
23514,61,60,0.0163934
23515,61,60,0.0163934
23518,61,60,0.0163934
23520,61,60,0.0163934
23523,61,60,0.0163934
23526,61,60,0.0163934
23529,61,60,0.0163934
23532,61,60,0.0163934
23534,61,60,0.0163934
23536,61,60,0.0163934
23538,61,60,0.0163934
23540,61,60,0.0163934
23542,61,60,0.0163934
23545,61,60,0.0163934
23547,61,60,0.0163934
23548,61,60,0.0163934
23551,61,60,0.0163934
23554,61,60,0.0163934
23559,61,60,0.0163934
23562,61,60,0.0163934
23566,61,60,0.0163934
23569,61,60,0.0163934
23573,61,60,0.0163934
23575,61,60,0.0163934
23578,61,60,0.0163934
23581,61,60,0.0163934
23583,61,60,0.0163934
23585,61,60,0.0163934
23587,61,60,0.0163934
23589,61,60,0.0163934
23591,61,60,0.0163934
23592,61,60,0.0163934
23594,61,60,0.0163934
23596,61,60,0.0163934
23597,61,60,0.0163934
23600,61,60,0.0163934
23602,61,60,0.0163934
23604,61,60,0.0163934
23607,61,60,0.0163934
23610,61,60,0.0163934
23613,61,60,0.0163934
23617,61,60,0.0163934
23620,61,60,0.0163934
23623,61,60,0.0163934
23626,61,60,0.0163934
23629,61,60,0.0163934
23632,61,60,0.0163934
23633,61,60,0.0163934
23634,61,60,0.0163934
23636,61,60,0.0163934
23639,61,60,0.0163934
23641,61,60,0.0163934
23643,61,60,0.0163934
23646,61,60,0.0163934
23650,61,60,0.0163934
23652,61,60,0.0163934
23655,61,60,0.0163934
23659,61,60,0.0163934
23662,61,60,0.0163934
23663,61,60,0.0163934
23666,61,60,0.0163934
23668,61,60,0.0163934
23671,61,60,0.0163934
23673,61,60,0.0163934
23677,61,60,0.0163934
23680,61,60,0.0163934
23682,61,60,0.0163934
23684,61,60,0.0163934
23685,61,60,0.0163934
23689,61,60,0.0163934
23691,61,60,0.0163934
23695,61,60,0.0163934
23698,61,60,0.0163934
23701,61,60,0.0163934
23704,61,60,0.0163934
23707,61,60,0.0163934
23708,61,60,0.0163934
23710,61,60,0.0163934
23713,61,60,0.0163934
23716,61,60,0.0163934
23718,61,60,0.0163934
23720,61,60,0.0163934
23723,61,60,0.0163934
23725,61,60,0.0163934
23728,61,60,0.0163934
23730,61,60,0.0163934
23733,61,60,0.0163934
23734,61,60,0.0163934
23736,61,60,0.0163934
23738,61,60,0.0163934
23742,61,60,0.0163934
23745,61,60,0.0163934
23747,61,60,0.0163934
23750,61,60,0.0163934
23752,61,60,0.0163934
23756,61,60,0.0163934
23759,61,60,0.0163934
23761,61,60,0.0163934
23764,61,60,0.0163934
23766,61,60,0.0163934
23768,61,60,0.0163934
23770,61,60,0.0163934
23773,61,60,0.0163934
23775,61,60,0.0163934
23778,61,60,0.0163934
23781,61,60,0.0163934
23785,61,60,0.0163934
23788,61,60,0.0163934
23791,61,60,0.0163934
23794,61,60,0.0163934
23797,61,60,0.0163934
23800,61,60,0.0163934
23801,61,60,0.0163934
23804,61,60,0.0163934
23808,61,60,0.0163934
23810,61,60,0.0163934
23814,61,60,0.0163934
23818,61,60,0.0163934
23820,61,60,0.0163934
23823,61,60,0.0163934
23826,61,60,0.0163934
23828,61,60,0.0163934
23830,61,60,0.0163934
23833,61,60,0.0163934
23836,61,60,0.0163934
23839,61,60,0.0163934
23842,61,60,0.0163934
23844,61,60,0.0163934
23848,61,60,0.0163934
23850,61,60,0.0163934
23853,61,60,0.0163934
23857,61,60,0.0163934
23861,61,60,0.0163934
23865,61,60,0.0163934
23868,61,60,0.0163934
23872,61,60,0.0163934
23874,61,60,0.0163934
23876,61,60,0.0163934
23878,61,60,0.0163934
23881,61,60,0.0163934
23883,61,60,0.0163934
23885,61,60,0.0163934
23887,61,60,0.0163934
23889,61,60,0.0163934
23893,61,60,0.0163934
23895,61,60,0.0163934
23898,61,60,0.0163934
23900,61,60,0.0163934
23903,61,60,0.0163934
23907,61,60,0.0163934
23909,61,60,0.0163934
23912,61,60,0.0163934
23913,61,60,0.0163934
23914,61,60,0.0163934
23916,61,60,0.0163934
23918,61,60,0.0163934
23919,61,60,0.0163934
23921,61,60,0.0163934
23923,61,60,0.0163934
23925,61,60,0.0163934
23927,61,60,0.0163934
23930,61,60,0.0163934
23932,61,60,0.0163934
23934,61,60,0.0163934
23936,61,60,0.0163934
23938,61,60,0.0163934
23941,61,60,0.0163934
23942,61,60,0.0163934
23945,61,60,0.0163934
23947,61,60,0.0163934
23950,61,60,0.0163934
23952,61,60,0.0163934
23955,61,60,0.0163934
23957,61,60,0.0163934
23960,61,60,0.0163934
23963,61,60,0.0163934
23966,61,60,0.0163934
23969,61,60,0.0163934
23972,61,60,0.0163934
23976,61,60,0.0163934
23979,61,60,0.0163934
23980,61,60,0.0163934
23984,61,60,0.0163934
23985,61,60,0.0163934
23987,61,60,0.0163934
23989,61,60,0.0163934
23991,61,60,0.0163934
23993,61,60,0.0163934
23995,61,60,0.0163934
23997,61,60,0.0163934
23998,61,60,0.0163934
23999,61,60,0.0163934
24001,61,60,0.0163934
24004,61,60,0.0163934
24007,61,60,0.0163934
24011,61,60,0.0163934
24014,61,60,0.0163934
24016,61,60,0.0163934
24018,61,60,0.0163934
24021,61,60,0.0163934
24024,61,60,0.0163934
24028,61,60,0.0163934
24031,61,60,0.0163934
24032,61,60,0.0163934
24035,61,60,0.0163934
24038,61,60,0.0163934
24039,61,60,0.0163934
24041,61,60,0.0163934
24043,61,60,0.0163934
24044,61,60,0.0163934
24047,61,60,0.0163934
24050,61,60,0.0163934
24052,61,60,0.0163934
24056,61,60,0.0163934
24059,61,60,0.0163934
24062,61,60,0.0163934
24064,61,60,0.0163934
24065,61,60,0.0163934
24068,61,60,0.0163934
24070,61,60,0.0163934
24073,61,60,0.0163934
24075,61,60,0.0163934
24076,61,60,0.0163934
24079,61,60,0.0163934
24081,61,60,0.0163934
24084,61,60,0.0163934
24086,61,60,0.0163934
24088,61,60,0.0163934
24090,61,60,0.0163934
24094,61,60,0.0163934
24096,61,60,0.0163934
24099,61,60,0.0163934
24102,61,60,0.0163934
24103,61,60,0.0163934
24106,61,60,0.0163934
24108,61,60,0.0163934
24110,61,60,0.0163934
24113,61,60,0.0163934
24115,61,60,0.0163934
24117,61,60,0.0163934
24118,61,60,0.0163934
24120,61,60,0.0163934
24121,61,60,0.0163934
24123,61,60,0.0163934
24126,61,60,0.0163934
24129,61,60,0.0163934
24130,61,60,0.0163934
24132,61,60,0.0163934
24133,61,60,0.0163934
24135,61,60,0.0163934
24137,61,60,0.0163934
24138,61,60,0.0163934
24140,61,60,0.0163934
24142,61,60,0.0163934
24145,61,60,0.0163934
24147,61,60,0.0163934
24148,61,60,0.0163934
24151,61,60,0.0163934
24153,61,60,0.0163934
24155,61,60,0.0163934
24158,61,60,0.0163934
24160,61,60,0.0163934
24163,61,60,0.0163934
24164,61,60,0.0163934
24166,61,60,0.0163934
24168,61,60,0.0163934
24169,61,60,0.0163934
24171,61,60,0.0163934
24173,61,60,0.0163934
24174,61,60,0.0163934
24176,61,60,0.0163934
24177,61,60,0.0163934
24179,61,60,0.0163934
24180,61,60,0.0163934
24183,61,60,0.0163934
24186,61,60,0.0163934
24189,61,60,0.0163934
24191,61,60,0.0163934
24193,61,60,0.0163934
24195,61,60,0.0163934
24198,61,60,0.0163934
24199,61,60,0.0163934
24201,61,60,0.0163934
24204,61,60,0.0163934
24206,61,60,0.0163934
24210,61,60,0.0163934
24213,61,60,0.0163934
24215,61,60,0.0163934
24217,61,60,0.0163934
24219,61,60,0.0163934
24221,61,60,0.0163934
24223,61,60,0.0163934
24224,61,60,0.0163934
24226,61,60,0.0163934
24229,61,60,0.0163934
24230,61,60,0.0163934
24232,61,60,0.0163934
24235,61,60,0.0163934
24237,61,60,0.0163934
24239,61,60,0.0163934
24243,61,60,0.0163934
24245,61,60,0.0163934
24247,61,60,0.0163934
24248,61,60,0.0163934
24250,61,60,0.0163934
24251,61,60,0.0163934
24253,61,60,0.0163934
24254,61,60,0.0163934
24256,61,60,0.0163934
24257,61,60,0.0163934
24259,61,60,0.0163934
24260,61,60,0.0163934
24262,61,60,0.0163934
24263,61,60,0.0163934
24265,61,60,0.0163934
24267,61,60,0.0163934
24268,61,60,0.0163934
24269,61,60,0.0163934
24271,61,60,0.0163934
24272,61,60,0.0163934
24274,61,60,0.0163934
24275,61,60,0.0163934
24277,61,60,0.0163934
24279,61,60,0.0163934
24281,61,60,0.0163934
24282,61,60,0.0163934
24284,61,60,0.0163934
24285,61,60,0.0163934
24287,61,60,0.0163934
24288,61,60,0.0163934
24290,61,60,0.0163934
24291,61,60,0.0163934
24295,61,60,0.0163934
24297,61,60,0.0163934
24298,61,60,0.0163934
24300,61,60,0.0163934
24304,61,60,0.0163934
24306,61,60,0.0163934
24308,61,60,0.0163934
24309,61,60,0.0163934
24311,61,60,0.0163934
24314,61,60,0.0163934
24316,61,60,0.0163934
24318,61,60,0.0163934
24319,61,60,0.0163934
24321,61,60,0.0163934
24324,61,60,0.0163934
24326,61,60,0.0163934
24328,61,60,0.0163934
24330,61,60,0.0163934
24331,61,60,0.0163934
24332,61,60,0.0163934
24334,61,60,0.0163934
24336,61,60,0.0163934
24339,61,60,0.0163934
24341,61,60,0.0163934
24344,61,60,0.0163934
24346,61,60,0.0163934
24347,61,60,0.0163934
24349,61,60,0.0163934
24351,61,60,0.0163934
24353,61,60,0.0163934
24356,61,60,0.0163934
24358,61,60,0.0163934
24359,61,60,0.0163934
24362,61,60,0.0163934
24363,61,60,0.0163934
24365,61,60,0.0163934
24367,61,60,0.0163934
24369,61,60,0.0163934
24370,61,60,0.0163934
24373,61,60,0.0163934
24374,61,60,0.0163934
24376,61,60,0.0163934
24378,61,60,0.0163934
24382,61,60,0.0163934
24384,61,60,0.0163934
24386,61,60,0.0163934
24387,61,60,0.0163934
24389,61,60,0.0163934
24393,61,60,0.0163934
24395,61,60,0.0163934
24397,61,60,0.0163934
24399,61,60,0.0163934
24400,61,60,0.0163934
24402,61,60,0.0163934
24403,61,60,0.0163934
24405,61,60,0.0163934
24407,61,60,0.0163934
24408,61,60,0.0163934
24409,61,60,0.0163934
24411,61,60,0.0163934
24412,61,60,0.0163934
24415,61,60,0.0163934
24418,61,60,0.0163934
24421,61,60,0.0163934
24424,61,60,0.0163934
24426,61,60,0.0163934
24427,61,60,0.0163934
24430,61,60,0.0163934
24431,61,60,0.0163934
24432,61,60,0.0163934
24434,61,60,0.0163934
24435,61,60,0.0163934
24437,61,60,0.0163934
24438,61,60,0.0163934
24441,61,60,0.0163934
24443,61,60,0.0163934
24444,61,60,0.0163934
24446,61,60,0.0163934
24447,61,60,0.0163934
24449,61,60,0.0163934
24451,61,60,0.0163934
24452,61,60,0.0163934
24453,61,60,0.0163934
24455,61,60,0.0163934
24457,61,60,0.0163934
24458,61,60,0.0163934
24460,61,60,0.0163934
24462,61,60,0.0163934
24465,61,60,0.0163934
24466,61,60,0.0163934
24468,61,60,0.0163934
24470,61,60,0.0163934
24472,61,60,0.0163934
24475,61,60,0.0163934
24478,61,60,0.0163934
24480,61,60,0.0163934
24483,61,60,0.0163934
24486,61,60,0.0163934
24489,61,60,0.0163934
24491,61,60,0.0163934
24493,61,60,0.0163934
24495,61,60,0.0163934
24496,61,60,0.0163934
24498,61,60,0.0163934
24500,61,60,0.0163934
24502,61,60,0.0163934
24504,61,60,0.0163934
24506,61,60,0.0163934
24508,61,60,0.0163934
24511,61,60,0.0163934
24514,61,60,0.0163934
24517,61,60,0.0163934
24518,61,60,0.0163934
24520,61,60,0.0163934
24522,61,60,0.0163934
24523,61,60,0.0163934
24525,61,60,0.0163934
24527,61,60,0.0163934
24529,61,60,0.0163934
24530,61,60,0.0163934
24533,61,60,0.0163934
24535,61,60,0.0163934
24536,61,60,0.0163934
24538,61,60,0.0163934
24540,61,60,0.0163934
24542,61,60,0.0163934
24544,61,60,0.0163934
24546,61,60,0.0163934
24550,61,60,0.0163934
24551,61,60,0.0163934
24553,61,60,0.0163934
24554,61,60,0.0163934
24556,61,60,0.0163934
24557,61,60,0.0163934
24559,61,60,0.0163934
24560,61,60,0.0163934
24562,61,60,0.0163934
24563,61,60,0.0163934
24566,61,60,0.0163934
24567,61,60,0.0163934
24569,61,60,0.0163934
24571,61,60,0.0163934
24574,61,60,0.0163934
24575,61,60,0.0163934
24577,61,60,0.0163934
24579,61,60,0.0163934
24581,61,60,0.0163934
24584,61,60,0.0163934
24585,61,60,0.0163934
24588,61,60,0.0163934
24591,61,60,0.0163934
24592,61,60,0.0163934
24594,61,60,0.0163934
24596,61,60,0.0163934
24598,61,60,0.0163934
24599,61,60,0.0163934
24601,61,60,0.0163934
24603,61,60,0.0163934
24605,61,60,0.0163934
24607,61,60,0.0163934
24608,61,60,0.0163934
24611,61,60,0.0163934
24613,61,60,0.0163934
24615,61,60,0.0163934
24618,61,60,0.0163934
24621,61,60,0.0163934
24625,61,60,0.0163934
24629,61,60,0.0163934
24631,61,60,0.0163934
24633,61,60,0.0163934
24635,61,60,0.0163934
24637,61,60,0.0163934
24639,61,60,0.0163934
24642,61,60,0.0163934
24644,61,60,0.0163934
24648,61,60,0.0163934
24651,61,60,0.0163934
24654,61,60,0.0163934
24658,61,60,0.0163934
24662,61,60,0.0163934
24664,61,60,0.0163934
24665,61,60,0.0163934
24668,61,60,0.0163934
24671,61,60,0.0163934
24673,61,60,0.0163934
24675,61,60,0.0163934
24679,61,60,0.0163934
24681,61,60,0.0163934
24684,61,60,0.0163934
24686,61,60,0.0163934
24687,61,60,0.0163934
24690,61,60,0.0163934
24693,61,60,0.0163934
24696,61,60,0.0163934
24697,61,60,0.0163934
24699,61,60,0.0163934
24701,61,60,0.0163934
24703,61,60,0.0163934
24705,61,60,0.0163934
24706,61,60,0.0163934
24708,61,60,0.0163934
24709,61,60,0.0163934
24711,61,60,0.0163934
24714,61,60,0.0163934
24716,61,60,0.0163934
24719,61,60,0.0163934
24721,61,60,0.0163934
24724,61,60,0.0163934
24727,61,60,0.0163934
24730,61,60,0.0163934
24732,61,60,0.0163934
24733,61,60,0.0163934
24735,61,60,0.0163934
24738,61,60,0.0163934
24740,61,60,0.0163934
24742,61,60,0.0163934
24746,61,60,0.0163934
24748,61,60,0.0163934
24750,61,60,0.0163934
24752,61,60,0.0163934
24754,61,60,0.0163934
24757,61,60,0.0163934
24769,61,60,0.0163934
24772,61,60,0.0163934
24774,61,60,0.0163934
24776,61,60,0.0163934
24778,61,60,0.0163934
24779,61,60,0.0163934
24781,61,60,0.0163934
24783,61,60,0.0163934
24784,61,60,0.0163934
24785,61,60,0.0163934
24787,61,60,0.0163934
24789,61,60,0.0163934
24791,61,60,0.0163934
24793,61,60,0.0163934
24795,61,60,0.0163934
24797,61,60,0.0163934
24798,61,60,0.0163934
24800,61,60,0.0163934
24803,61,60,0.0163934
24806,61,60,0.0163934
24808,61,60,0.0163934
24810,61,60,0.0163934
24812,61,60,0.0163934
24813,61,60,0.0163934
24815,61,60,0.0163934
24818,61,60,0.0163934
24821,61,60,0.0163934
24823,61,60,0.0163934
24826,61,60,0.0163934
24830,61,60,0.0163934
24832,61,60,0.0163934
24833,61,60,0.0163934
24834,61,60,0.0163934
24836,61,60,0.0163934
24838,61,60,0.0163934
24840,61,60,0.0163934
24842,61,60,0.0163934
24845,61,60,0.0163934
24848,61,60,0.0163934
24849,61,60,0.0163934
24851,61,60,0.0163934
24852,61,60,0.0163934
24854,61,60,0.0163934
24856,61,60,0.0163934
24857,61,60,0.0163934
24859,61,60,0.0163934
24861,61,60,0.0163934
24863,61,60,0.0163934
24865,61,60,0.0163934
24867,61,60,0.0163934
24869,61,60,0.0163934
24874,61,60,0.0163934
24878,61,60,0.0163934
24880,61,60,0.0163934
24882,61,60,0.0163934
24884,61,60,0.0163934
24886,61,60,0.0163934
24888,61,60,0.0163934
24890,61,60,0.0163934
24893,61,60,0.0163934
24895,61,60,0.0163934
24898,61,60,0.0163934
24900,61,60,0.0163934
24901,61,60,0.0163934
24903,61,60,0.0163934
24905,61,60,0.0163934
24908,61,60,0.0163934
24909,61,60,0.0163934
24911,61,60,0.0163934
24912,61,60,0.0163934
24914,61,60,0.0163934
24916,61,60,0.0163934
24917,61,60,0.0163934
24919,61,60,0.0163934
24922,61,60,0.0163934
24924,61,60,0.0163934
24927,61,60,0.0163934
24930,61,60,0.0163934
24932,61,60,0.0163934
24934,61,60,0.0163934
24938,61,60,0.0163934
24941,61,60,0.0163934
24943,61,60,0.0163934
24944,61,60,0.0163934
24946,61,60,0.0163934
24948,61,60,0.0163934
24950,61,60,0.0163934
24953,61,60,0.0163934
24956,61,60,0.0163934
24958,61,60,0.0163934
24962,61,60,0.0163934
24965,61,60,0.0163934
24968,61,60,0.0163934
24971,61,60,0.0163934
24973,61,60,0.0163934
24975,61,60,0.0163934
24978,61,60,0.0163934
24980,61,60,0.0163934
24982,61,60,0.0163934
24984,61,60,0.0163934
24986,61,60,0.0163934
24988,61,60,0.0163934
24990,61,60,0.0163934
24993,61,60,0.0163934
24995,61,60,0.0163934
24998,61,60,0.0163934
25001,61,60,0.0163934
25002,61,60,0.0163934
25005,61,60,0.0163934
25007,61,60,0.0163934
25010,61,60,0.0163934
25012,61,60,0.0163934
25015,61,60,0.0163934
25016,61,60,0.0163934
25018,61,60,0.0163934
25019,61,60,0.0163934
25022,61,60,0.0163934
25023,61,60,0.0163934
25027,61,60,0.0163934
25028,61,60,0.0163934
25030,61,60,0.0163934
25032,61,60,0.0163934
25035,61,60,0.0163934
25036,61,60,0.0163934
25040,61,60,0.0163934
25043,61,60,0.0163934
25046,61,60,0.0163934
25049,61,60,0.0163934
25050,61,60,0.0163934
25052,61,60,0.0163934
25053,61,60,0.0163934
25056,61,60,0.0163934
25059,61,60,0.0163934
25061,61,60,0.0163934
25064,61,60,0.0163934
25065,61,60,0.0163934
25067,61,60,0.0163934
25068,61,60,0.0163934
25069,61,60,0.0163934
25071,61,60,0.0163934
25073,61,60,0.0163934
25075,61,60,0.0163934
25077,61,60,0.0163934
25079,61,60,0.0163934
25081,61,60,0.0163934
25082,61,60,0.0163934
25083,61,60,0.0163934
25085,61,60,0.0163934
25089,61,60,0.0163934
25093,61,60,0.0163934
25096,61,60,0.0163934
25098,61,60,0.0163934
25101,61,60,0.0163934
25102,61,60,0.0163934
25105,61,60,0.0163934
25108,61,60,0.0163934
25112,61,60,0.0163934
25114,61,60,0.0163934
25117,61,60,0.0163934
25121,61,60,0.0163934
25124,61,60,0.0163934
25128,61,60,0.0163934
25131,61,60,0.0163934
25133,61,60,0.0163934
25135,61,60,0.0163934
25138,61,60,0.0163934
25141,61,60,0.0163934
25144,61,60,0.0163934
25147,61,60,0.0163934
25150,61,60,0.0163934
25153,61,60,0.0163934
25154,61,60,0.0163934
25156,61,60,0.0163934
25159,61,60,0.0163934
25162,61,60,0.0163934
25166,61,60,0.0163934
25169,61,60,0.0163934
25172,61,60,0.0163934
25175,61,60,0.0163934
25178,61,60,0.0163934
25181,61,60,0.0163934
25183,61,60,0.0163934
25187,61,60,0.0163934
25189,61,60,0.0163934
25192,61,60,0.0163934
25194,61,60,0.0163934
25197,61,60,0.0163934
25199,61,60,0.0163934
25202,61,60,0.0163934
25203,61,60,0.0163934
25205,61,60,0.0163934
25208,61,60,0.0163934
25212,61,60,0.0163934
25215,61,60,0.0163934
25219,61,60,0.0163934
25221,61,60,0.0163934
25224,61,60,0.0163934
25229,61,60,0.0163934
25233,61,60,0.0163934
25236,61,60,0.0163934
25239,61,60,0.0163934
25243,61,60,0.0163934
25246,61,60,0.0163934
25249,61,60,0.0163934
25252,61,60,0.0163934
25255,61,60,0.0163934
25259,61,60,0.0163934
25261,61,60,0.0163934
25264,61,60,0.0163934
25267,61,60,0.0163934
25269,61,60,0.0163934
25272,61,60,0.0163934
25274,61,60,0.0163934
25277,61,60,0.0163934
25279,61,60,0.0163934
25282,61,60,0.0163934
25284,61,60,0.0163934
25286,61,60,0.0163934
25287,61,60,0.0163934
25288,61,60,0.0163934
25289,61,60,0.0163934
25290,61,60,0.0163934
25293,61,60,0.0163934
25296,61,60,0.0163934
25299,61,60,0.0163934
25301,61,60,0.0163934
25303,61,60,0.0163934
25305,61,60,0.0163934
25308,61,60,0.0163934
25311,61,60,0.0163934
25314,61,60,0.0163934
25316,61,60,0.0163934
25318,61,60,0.0163934
25319,61,60,0.0163934
25322,61,60,0.0163934
25325,61,60,0.0163934
25328,61,60,0.0163934
25331,61,60,0.0163934
25334,61,60,0.0163934
25338,61,60,0.0163934
25341,61,60,0.0163934
25345,61,60,0.0163934
25348,61,60,0.0163934
25351,61,60,0.0163934
25354,61,60,0.0163934
25356,61,60,0.0163934
25359,61,60,0.0163934
25361,61,60,0.0163934
25365,61,60,0.0163934
25367,61,60,0.0163934
25371,61,60,0.0163934
25374,61,60,0.0163934
25377,61,60,0.0163934
25381,61,60,0.0163934
25384,61,60,0.0163934
25386,61,60,0.0163934
25389,61,60,0.0163934
25393,61,60,0.0163934
25396,61,60,0.0163934
25399,61,60,0.0163934
25402,61,60,0.0163934
25407,61,60,0.0163934
25409,61,60,0.0163934
25412,61,60,0.0163934
25416,61,60,0.0163934
25419,61,60,0.0163934
25422,61,60,0.0163934
25426,61,60,0.0163934
25430,61,60,0.0163934
25434,61,60,0.0163934
25437,61,60,0.0163934
25439,61,60,0.0163934
25443,61,60,0.0163934
25446,61,60,0.0163934
25450,61,60,0.0163934
25454,61,60,0.0163934
25456,61,60,0.0163934
25458,61,60,0.0163934
25460,61,60,0.0163934
25462,61,60,0.0163934
25464,61,60,0.0163934
25467,61,60,0.0163934
25472,61,60,0.0163934
25474,61,60,0.0163934
25476,61,60,0.0163934
25479,61,60,0.0163934
25482,61,60,0.0163934
25486,61,60,0.0163934
25488,61,60,0.0163934
25490,61,60,0.0163934
25492,61,60,0.0163934
25495,61,60,0.0163934
25497,61,60,0.0163934
25500,61,60,0.0163934
25502,61,60,0.0163934
25506,61,60,0.0163934
25510,61,60,0.0163934
25512,61,60,0.0163934
25514,61,60,0.0163934
25515,61,60,0.0163934
25518,61,60,0.0163934
25521,61,60,0.0163934
25525,61,60,0.0163934
25528,61,60,0.0163934
25531,61,60,0.0163934
25533,61,60,0.0163934
25535,61,60,0.0163934
25537,61,60,0.0163934
25539,61,60,0.0163934
25542,61,60,0.0163934
25544,61,60,0.0163934
25547,61,60,0.0163934
25551,61,60,0.0163934
25554,61,60,0.0163934
25557,61,60,0.0163934
25561,61,60,0.0163934
25565,61,60,0.0163934
25567,61,60,0.0163934
25568,61,60,0.0163934
25570,61,60,0.0163934
25573,61,60,0.0163934
25576,61,60,0.0163934
25579,61,60,0.0163934
25582,61,60,0.0163934
25585,61,60,0.0163934
25588,61,60,0.0163934
25591,61,60,0.0163934
25595,61,60,0.0163934
25597,61,60,0.0163934
25601,61,60,0.0163934
25604,61,60,0.0163934
25609,61,60,0.0163934
25613,61,60,0.0163934
25616,61,60,0.0163934
25620,61,60,0.0163934
25622,61,60,0.0163934
25624,61,60,0.0163934
25625,61,60,0.0163934
25627,61,60,0.0163934
25629,61,60,0.0163934
25632,61,60,0.0163934
25633,61,60,0.0163934
25636,61,60,0.0163934
25640,61,60,0.0163934
25643,61,60,0.0163934
25645,61,60,0.0163934
25647,61,60,0.0163934
25649,61,60,0.0163934
25650,61,60,0.0163934
25653,61,60,0.0163934
25656,61,60,0.0163934
25659,61,60,0.0163934
25661,61,60,0.0163934
25664,61,60,0.0163934
25666,61,60,0.0163934
25668,61,60,0.0163934
25670,61,60,0.0163934
25672,61,60,0.0163934
25676,61,60,0.0163934
25679,61,60,0.0163934
25681,61,60,0.0163934
25684,61,60,0.0163934
25686,61,60,0.0163934
25689,61,60,0.0163934
25691,61,60,0.0163934
25693,61,60,0.0163934
25696,61,60,0.0163934
25698,61,60,0.0163934
25700,61,60,0.0163934
25703,61,60,0.0163934
25705,61,60,0.0163934
25708,61,60,0.0163934
25711,61,60,0.0163934
25713,61,60,0.0163934
25716,61,60,0.0163934
25719,61,60,0.0163934
25721,61,60,0.0163934
25723,61,60,0.0163934
25725,61,60,0.0163934
25726,61,60,0.0163934
25729,61,60,0.0163934
25731,61,60,0.0163934
25733,61,60,0.0163934
25735,61,60,0.0163934
25737,61,60,0.0163934
25739,61,60,0.0163934
25741,61,60,0.0163934
25745,61,60,0.0163934
25748,61,60,0.0163934
25750,61,60,0.0163934
25753,61,60,0.0163934
25757,61,60,0.0163934
25761,61,60,0.0163934
25764,61,60,0.0163934
25766,61,60,0.0163934
25767,61,60,0.0163934
25769,61,60,0.0163934
25771,61,60,0.0163934
25774,61,60,0.0163934
25776,61,60,0.0163934
25778,61,60,0.0163934
25781,61,60,0.0163934
25783,61,60,0.0163934
25786,61,60,0.0163934
25789,61,60,0.0163934
25792,61,60,0.0163934
25794,61,60,0.0163934
25797,61,60,0.0163934
25799,61,60,0.0163934
25802,61,60,0.0163934
25805,61,60,0.0163934
25806,61,60,0.0163934
25808,61,60,0.0163934
25810,61,60,0.0163934
25812,61,60,0.0163934
25815,61,60,0.0163934
25817,61,60,0.0163934
25820,61,60,0.0163934
25823,61,60,0.0163934
25826,61,60,0.0163934
25828,61,60,0.0163934
25831,61,60,0.0163934
25833,61,60,0.0163934
25837,61,60,0.0163934
25838,61,60,0.0163934
25840,61,60,0.0163934
25842,61,60,0.0163934
25845,61,60,0.0163934
25847,61,60,0.0163934
25851,61,60,0.0163934
25854,61,60,0.0163934
25856,61,60,0.0163934
25859,61,60,0.0163934
25860,61,60,0.0163934
25862,61,60,0.0163934
25865,61,60,0.0163934
25869,61,60,0.0163934
25873,61,60,0.0163934
25877,61,60,0.0163934
25880,61,60,0.0163934
25883,61,60,0.0163934
25886,61,60,0.0163934
25888,61,60,0.0163934
25889,61,60,0.0163934
25891,61,60,0.0163934
25894,61,60,0.0163934
25897,61,60,0.0163934
25899,61,60,0.0163934
25901,61,60,0.0163934
25903,61,60,0.0163934
25905,61,60,0.0163934
25908,61,60,0.0163934
25911,61,60,0.0163934
25914,61,60,0.0163934
25917,61,60,0.0163934
25918,61,60,0.0163934
25921,61,60,0.0163934
25923,61,60,0.0163934
25927,61,60,0.0163934
25930,61,60,0.0163934
25933,61,60,0.0163934
25936,61,60,0.0163934
25941,61,60,0.0163934
25944,61,60,0.0163934
25947,61,60,0.0163934
25950,61,60,0.0163934
25952,61,60,0.0163934
25955,61,60,0.0163934
25958,61,60,0.0163934
25961,61,60,0.0163934
25964,61,60,0.0163934
25966,61,60,0.0163934
25967,61,60,0.0163934
25970,61,60,0.0163934
25973,61,60,0.0163934
25975,61,60,0.0163934
25978,61,60,0.0163934
25982,61,60,0.0163934
25984,61,60,0.0163934
25985,61,60,0.0163934
25987,61,60,0.0163934
25989,61,60,0.0163934
25990,61,60,0.0163934
25993,61,60,0.0163934
25994,61,60,0.0163934
25998,61,60,0.0163934
26000,61,60,0.0163934
26001,61,60,0.0163934
26005,61,60,0.0163934
26007,61,60,0.0163934
26010,61,60,0.0163934
26012,61,60,0.0163934
26013,61,60,0.0163934
26014,61,60,0.0163934
26017,61,60,0.0163934
26021,61,60,0.0163934
26023,61,60,0.0163934
26025,61,60,0.0163934
26027,61,60,0.0163934
26028,61,60,0.0163934
26030,61,60,0.0163934
26032,61,60,0.0163934
26033,61,60,0.0163934
26036,61,60,0.0163934
26038,61,60,0.0163934
26040,61,60,0.0163934
26041,61,60,0.0163934
26043,61,60,0.0163934
26045,61,60,0.0163934
26047,61,60,0.0163934
26049,61,60,0.0163934
26051,61,60,0.0163934
26053,61,60,0.0163934
26055,61,60,0.0163934
26059,61,60,0.0163934
26061,61,60,0.0163934
26062,61,60,0.0163934
26064,61,60,0.0163934
26065,61,60,0.0163934
26066,61,60,0.0163934
26067,61,60,0.0163934
26068,61,60,0.0163934
26070,61,60,0.0163934
26072,61,60,0.0163934
26074,61,60,0.0163934
26077,61,60,0.0163934
26079,61,60,0.0163934
26080,61,60,0.0163934
26082,61,60,0.0163934
26083,61,60,0.0163934
26084,61,60,0.0163934
26085,61,60,0.0163934
26087,61,60,0.0163934
26089,61,60,0.0163934
26091,61,60,0.0163934
26093,61,60,0.0163934
26096,61,60,0.0163934
26099,61,60,0.0163934
26100,61,60,0.0163934
26101,61,60,0.0163934
26102,61,60,0.0163934
26103,61,60,0.0163934
26104,61,60,0.0163934
26106,61,60,0.0163934
26110,61,60,0.0163934
26112,61,60,0.0163934
26116,61,60,0.0163934
26118,61,60,0.0163934
26120,61,60,0.0163934
26121,61,60,0.0163934
26123,61,60,0.0163934
26125,61,60,0.0163934
26128,61,60,0.0163934
26130,61,60,0.0163934
26134,61,60,0.0163934
26136,61,60,0.0163934
26140,61,60,0.0163934
26143,61,60,0.0163934
26146,61,60,0.0163934
26150,61,60,0.0163934
26153,61,60,0.0163934
26157,61,60,0.0163934
26159,61,60,0.0163934
26161,61,60,0.0163934
26163,61,60,0.0163934
26165,61,60,0.0163934
26166,61,60,0.0163934
26169,61,60,0.0163934
26171,61,60,0.0163934
26173,61,60,0.0163934
26176,61,60,0.0163934
26179,61,60,0.0163934
26183,61,60,0.0163934
26184,61,60,0.0163934
26185,61,60,0.0163934
26187,61,60,0.0163934
26189,61,60,0.0163934
26191,61,60,0.0163934
26192,61,60,0.0163934
26194,61,60,0.0163934
26197,61,60,0.0163934
26199,61,60,0.0163934
26201,61,60,0.0163934
26203,61,60,0.0163934
26204,61,60,0.0163934
26207,61,60,0.0163934
26209,61,60,0.0163934
26210,61,60,0.0163934
26212,61,60,0.0163934
26216,61,60,0.0163934
26218,61,60,0.0163934
26222,61,60,0.0163934
26225,61,60,0.0163934
26227,61,60,0.0163934
26229,61,60,0.0163934
26231,61,60,0.0163934
26233,61,60,0.0163934
26235,61,60,0.0163934
26237,61,60,0.0163934
26238,61,60,0.0163934
26241,61,60,0.0163934
26243,61,60,0.0163934
26247,61,60,0.0163934
26251,61,60,0.0163934
26253,61,60,0.0163934
26254,61,60,0.0163934
26256,61,60,0.0163934
26258,61,60,0.0163934
26259,61,60,0.0163934
26261,61,60,0.0163934
26263,61,60,0.0163934
26266,61,60,0.0163934
26268,61,60,0.0163934
26270,61,60,0.0163934
26273,61,60,0.0163934
26276,61,60,0.0163934
26278,61,60,0.0163934
26281,61,60,0.0163934
26283,61,60,0.0163934
26285,61,60,0.0163934
26287,61,60,0.0163934
26289,61,60,0.0163934
26292,61,60,0.0163934
26293,61,60,0.0163934
26295,61,60,0.0163934
26299,61,60,0.0163934
26300,61,60,0.0163934
26302,61,60,0.0163934
26303,61,60,0.0163934
26306,61,60,0.0163934
26308,61,60,0.0163934
26309,61,60,0.0163934
26311,61,60,0.0163934
26313,61,60,0.0163934
26315,61,60,0.0163934
26316,61,60,0.0163934
26318,61,60,0.0163934
26320,61,60,0.0163934
26322,61,60,0.0163934
26325,61,60,0.0163934
26328,61,60,0.0163934
26330,61,60,0.0163934
26332,61,60,0.0163934
26333,61,60,0.0163934
26336,61,60,0.0163934
26338,61,60,0.0163934
26342,61,60,0.0163934
26344,61,60,0.0163934
26346,61,60,0.0163934
26348,61,60,0.0163934
26351,61,60,0.0163934
26353,61,60,0.0163934
26356,61,60,0.0163934
26357,61,60,0.0163934
26360,61,60,0.0163934
26364,61,60,0.0163934
26366,61,60,0.0163934
26368,61,60,0.0163934
26370,61,60,0.0163934
26371,61,60,0.0163934
26373,61,60,0.0163934
26374,61,60,0.0163934
26376,61,60,0.0163934
26377,61,60,0.0163934
26379,61,60,0.0163934
26381,61,60,0.0163934
26382,61,60,0.0163934
26383,61,60,0.0163934
26386,61,60,0.0163934
26389,61,60,0.0163934
26392,61,60,0.0163934
26395,61,60,0.0163934
26397,61,60,0.0163934
26401,61,60,0.0163934
26403,61,60,0.0163934
26405,61,60,0.0163934
26407,61,60,0.0163934
26409,61,60,0.0163934
26411,61,60,0.0163934
26414,61,60,0.0163934
26415,61,60,0.0163934
26418,61,60,0.0163934
26420,61,60,0.0163934
26422,61,60,0.0163934
26425,61,60,0.0163934
26427,61,60,0.0163934
26429,61,60,0.0163934
26430,61,60,0.0163934
26433,61,60,0.0163934
26435,61,60,0.0163934
26437,61,60,0.0163934
26438,61,60,0.0163934
26440,61,60,0.0163934
26445,61,60,0.0163934
26446,61,60,0.0163934
26448,61,60,0.0163934
26450,61,60,0.0163934
26454,61,60,0.0163934
26456,61,60,0.0163934
26457,61,60,0.0163934
26459,61,60,0.0163934
26461,61,60,0.0163934
26464,61,60,0.0163934
26467,61,60,0.0163934
26470,61,60,0.0163934
26474,61,60,0.0163934
26478,61,60,0.0163934
26480,61,60,0.0163934
26483,61,60,0.0163934
26486,61,60,0.0163934
26488,61,60,0.0163934
26490,61,60,0.0163934
26491,61,60,0.0163934
26494,61,60,0.0163934
26497,61,60,0.0163934
26500,61,60,0.0163934
26501,61,60,0.0163934
26503,61,60,0.0163934
26505,61,60,0.0163934
26509,61,60,0.0163934
26511,61,60,0.0163934
26514,61,60,0.0163934
26516,61,60,0.0163934
26518,61,60,0.0163934
26520,61,60,0.0163934
26522,61,60,0.0163934
26525,61,60,0.0163934
26526,61,60,0.0163934
26528,61,60,0.0163934
26530,61,60,0.0163934
26532,61,60,0.0163934
26534,61,60,0.0163934
26538,61,60,0.0163934
26541,61,60,0.0163934
26543,61,60,0.0163934
26546,61,60,0.0163934
26550,61,60,0.0163934
26554,61,60,0.0163934
26556,61,60,0.0163934
26560,61,60,0.0163934
26563,61,60,0.0163934
26565,61,60,0.0163934
26568,61,60,0.0163934
26571,61,60,0.0163934
26574,61,60,0.0163934
26578,61,60,0.0163934
26580,61,60,0.0163934
26583,61,60,0.0163934
26584,61,60,0.0163934
26587,61,60,0.0163934
26590,61,60,0.0163934
26593,61,60,0.0163934
26596,61,60,0.0163934
26597,61,60,0.0163934
26600,61,60,0.0163934
26602,61,60,0.0163934
26604,61,60,0.0163934
26606,61,60,0.0163934
26608,61,60,0.0163934
26610,61,60,0.0163934
26613,61,60,0.0163934
26616,61,60,0.0163934
26617,61,60,0.0163934
26619,61,60,0.0163934
26621,61,60,0.0163934
26624,61,60,0.0163934
26626,61,60,0.0163934
26628,61,60,0.0163934
26631,61,60,0.0163934
26634,61,60,0.0163934
26636,61,60,0.0163934
26637,61,60,0.0163934
26640,61,60,0.0163934
26643,61,60,0.0163934
26645,61,60,0.0163934
26648,61,60,0.0163934
26650,61,60,0.0163934
26652,61,60,0.0163934
26654,61,60,0.0163934
26656,61,60,0.0163934
26659,61,60,0.0163934
26662,61,60,0.0163934
26665,61,60,0.0163934
26667,61,60,0.0163934
26669,61,60,0.0163934
26671,61,60,0.0163934
26674,61,60,0.0163934
26678,61,60,0.0163934
26681,61,60,0.0163934
26684,61,60,0.0163934
26687,61,60,0.0163934
26690,61,60,0.0163934
26693,61,60,0.0163934
26695,61,60,0.0163934
26696,61,60,0.0163934
26698,61,60,0.0163934
26700,61,60,0.0163934
26702,61,60,0.0163934
26705,61,60,0.0163934
26707,61,60,0.0163934
26709,61,60,0.0163934
26711,61,60,0.0163934
26714,61,60,0.0163934
26717,61,60,0.0163934
26721,61,60,0.0163934
26724,61,60,0.0163934
26726,61,60,0.0163934
26729,61,60,0.0163934
26732,61,60,0.0163934
26735,61,60,0.0163934
26737,61,60,0.0163934
26738,61,60,0.0163934
26740,61,60,0.0163934
26744,61,60,0.0163934
26748,61,60,0.0163934
26751,61,60,0.0163934
26754,61,60,0.0163934
26757,61,60,0.0163934
26760,61,60,0.0163934
26764,61,60,0.0163934
26766,61,60,0.0163934
26768,61,60,0.0163934
26770,61,60,0.0163934
26773,61,60,0.0163934
26776,61,60,0.0163934
26779,61,60,0.0163934
26780,61,60,0.0163934
26782,61,60,0.0163934
26783,61,60,0.0163934
26787,61,60,0.0163934
26790,61,60,0.0163934
26794,61,60,0.0163934
26797,61,60,0.0163934
26801,61,60,0.0163934
26804,61,60,0.0163934
26808,61,60,0.0163934
26811,61,60,0.0163934
26815,61,60,0.0163934
26817,61,60,0.0163934
26819,61,60,0.0163934
26821,61,60,0.0163934
26823,61,60,0.0163934
26828,61,60,0.0163934
26830,61,60,0.0163934
26832,61,60,0.0163934
26835,61,60,0.0163934
26838,61,60,0.0163934
26841,61,60,0.0163934
26843,61,60,0.0163934
26844,61,60,0.0163934
26848,61,60,0.0163934
26851,61,60,0.0163934
26853,61,60,0.0163934
26857,61,60,0.0163934
26859,61,60,0.0163934
26861,61,60,0.0163934
26864,61,60,0.0163934
26867,61,60,0.0163934
26870,61,60,0.0163934
26875,61,60,0.0163934
26879,61,60,0.0163934
26882,61,60,0.0163934
26886,61,60,0.0163934
26888,61,60,0.0163934
26891,61,60,0.0163934
26894,61,60,0.0163934
26896,61,60,0.0163934
26898,61,60,0.0163934
26901,61,60,0.0163934
26904,61,60,0.0163934
26908,61,60,0.0163934
26911,61,60,0.0163934
26913,61,60,0.0163934
26916,61,60,0.0163934
26917,61,60,0.0163934
26920,61,60,0.0163934
26924,61,60,0.0163934
26926,61,60,0.0163934
26931,61,60,0.0163934
26934,61,60,0.0163934
26937,61,60,0.0163934
26940,61,60,0.0163934
26942,61,60,0.0163934
26946,61,60,0.0163934
26948,61,60,0.0163934
26950,61,60,0.0163934
26952,61,60,0.0163934
26955,61,60,0.0163934
26958,61,60,0.0163934
26961,61,60,0.0163934
26964,61,60,0.0163934
26967,61,60,0.0163934
26971,61,60,0.0163934
26975,61,60,0.0163934
26978,61,60,0.0163934
26981,61,60,0.0163934
26984,61,60,0.0163934
26988,61,60,0.0163934
26990,61,60,0.0163934
26993,61,60,0.0163934
26996,61,60,0.0163934
26998,61,60,0.0163934
27000,61,60,0.0163934
27004,61,60,0.0163934
27006,61,60,0.0163934
27009,61,60,0.0163934
27012,61,60,0.0163934
27016,61,60,0.0163934
27018,61,60,0.0163934
27021,61,60,0.0163934
27024,61,60,0.0163934
27028,61,60,0.0163934
27030,61,60,0.0163934
27034,61,60,0.0163934
27036,61,60,0.0163934
27039,61,60,0.0163934
27042,61,60,0.0163934
27045,61,60,0.0163934
27047,61,60,0.0163934
27050,61,60,0.0163934
27053,61,60,0.0163934
27055,61,60,0.0163934
27058,61,60,0.0163934
27062,61,60,0.0163934
27064,61,60,0.0163934
27067,61,60,0.0163934
27071,61,60,0.0163934
27073,61,60,0.0163934
27075,61,60,0.0163934
27077,61,60,0.0163934
27079,61,60,0.0163934
27082,61,60,0.0163934
27084,61,60,0.0163934
27086,61,60,0.0163934
27090,61,60,0.0163934
27092,61,60,0.0163934
27095,61,60,0.0163934
27097,61,60,0.0163934
27099,61,60,0.0163934
27101,61,60,0.0163934
27103,61,60,0.0163934
27105,61,60,0.0163934
27106,61,60,0.0163934
27110,61,60,0.0163934
27113,61,60,0.0163934
27115,61,60,0.0163934
27119,61,60,0.0163934
27122,61,60,0.0163934
27126,61,60,0.0163934
27130,61,60,0.0163934
27131,61,60,0.0163934
27133,61,60,0.0163934
27137,61,60,0.0163934
27140,61,60,0.0163934
27144,61,60,0.0163934
27148,61,60,0.0163934
27151,61,60,0.0163934
27153,61,60,0.0163934
27156,61,60,0.0163934
27158,61,60,0.0163934
27159,61,60,0.0163934
27160,61,60,0.0163934
27163,61,60,0.0163934
27166,61,60,0.0163934
27168,61,60,0.0163934
27171,61,60,0.0163934
27174,61,60,0.0163934
27176,61,60,0.0163934
27178,61,60,0.0163934
27179,61,60,0.0163934
27182,61,60,0.0163934
27185,61,60,0.0163934
27187,61,60,0.0163934
27191,61,60,0.0163934
27196,61,60,0.0163934
27198,61,60,0.0163934
27201,61,60,0.0163934
27203,61,60,0.0163934
27205,61,60,0.0163934
27208,61,60,0.0163934
27211,61,60,0.0163934
27215,61,60,0.0163934
27219,61,60,0.0163934
27220,61,60,0.0163934
27222,61,60,0.0163934
27223,61,60,0.0163934
27226,61,60,0.0163934
27227,61,60,0.0163934
27230,61,60,0.0163934
27233,61,60,0.0163934
27236,61,60,0.0163934
27239,61,60,0.0163934
27244,61,60,0.0163934
27247,61,60,0.0163934
27249,61,60,0.0163934
27250,61,60,0.0163934
27254,61,60,0.0163934
27257,61,60,0.0163934
27259,61,60,0.0163934
27261,61,60,0.0163934
27264,61,60,0.0163934
27266,61,60,0.0163934
27267,61,60,0.0163934
27269,61,60,0.0163934
27270,61,60,0.0163934
27271,61,60,0.0163934
27273,61,60,0.0163934
27274,61,60,0.0163934
27276,61,60,0.0163934
27278,61,60,0.0163934
27280,61,60,0.0163934
27282,61,60,0.0163934
27284,61,60,0.0163934
27286,61,60,0.0163934
27289,61,60,0.0163934
27292,61,60,0.0163934
27294,61,60,0.0163934
27298,61,60,0.0163934
27301,61,60,0.0163934
27303,61,60,0.0163934
27305,61,60,0.0163934
27308,61,60,0.0163934
27310,61,60,0.0163934
27313,61,60,0.0163934
27315,61,60,0.0163934
27318,61,60,0.0163934
27321,61,60,0.0163934
27325,61,60,0.0163934
27327,61,60,0.0163934
27328,61,60,0.0163934
27330,61,60,0.0163934
27334,61,60,0.0163934
27335,61,60,0.0163934
27337,61,60,0.0163934
27339,61,60,0.0163934
27342,61,60,0.0163934
27345,61,60,0.0163934
27349,61,60,0.0163934
27351,61,60,0.0163934
27354,61,60,0.0163934
27355,61,60,0.0163934
27358,61,60,0.0163934
27361,61,60,0.0163934
27365,61,60,0.0163934
27369,61,60,0.0163934
27372,61,60,0.0163934
27375,61,60,0.0163934
27379,61,60,0.0163934
27383,61,60,0.0163934
27386,61,60,0.0163934
27387,61,60,0.0163934
27390,61,60,0.0163934
27393,61,60,0.0163934
27395,61,60,0.0163934
27397,61,60,0.0163934
27401,61,60,0.0163934
27403,61,60,0.0163934
27406,61,60,0.0163934
27408,61,60,0.0163934
27411,61,60,0.0163934
27413,61,60,0.0163934
27417,61,60,0.0163934
27420,61,60,0.0163934
27422,61,60,0.0163934
27423,61,60,0.0163934
27425,61,60,0.0163934
27426,61,60,0.0163934
27428,61,60,0.0163934
27430,61,60,0.0163934
27433,61,60,0.0163934
27436,61,60,0.0163934
27437,61,60,0.0163934
27440,61,60,0.0163934
27443,61,60,0.0163934
27445,61,60,0.0163934
27447,61,60,0.0163934
27449,61,60,0.0163934
27451,61,60,0.0163934
27452,61,60,0.0163934
27454,61,60,0.0163934
27455,61,60,0.0163934
27457,61,60,0.0163934
27460,61,60,0.0163934
27461,61,60,0.0163934
27463,61,60,0.0163934
27465,61,60,0.0163934
27467,61,60,0.0163934
27470,61,60,0.0163934
27471,61,60,0.0163934
27473,61,60,0.0163934
27475,61,60,0.0163934
27479,61,60,0.0163934
27482,61,60,0.0163934
27485,61,60,0.0163934
27489,61,60,0.0163934
27491,61,60,0.0163934
27493,61,60,0.0163934
27495,61,60,0.0163934
27498,61,60,0.0163934
27500,61,60,0.0163934
27502,61,60,0.0163934
27505,61,60,0.0163934
27507,61,60,0.0163934
27510,61,60,0.0163934
27512,61,60,0.0163934
27514,61,60,0.0163934
27516,61,60,0.0163934
27517,61,60,0.0163934
27518,61,60,0.0163934
27522,61,60,0.0163934
27524,61,60,0.0163934
27527,61,60,0.0163934
27530,61,60,0.0163934
27534,61,60,0.0163934
27537,61,60,0.0163934
27539,61,60,0.0163934
27542,61,60,0.0163934
27544,61,60,0.0163934
27545,61,60,0.0163934
27547,61,60,0.0163934
27548,61,60,0.0163934
27550,61,60,0.0163934
27551,61,60,0.0163934
27554,61,60,0.0163934
27558,61,60,0.0163934
27561,61,60,0.0163934
27563,61,60,0.0163934
27565,61,60,0.0163934
27567,61,60,0.0163934
27568,61,60,0.0163934
27570,61,60,0.0163934
27573,61,60,0.0163934
27576,61,60,0.0163934
27578,61,60,0.0163934
27580,61,60,0.0163934
27583,61,60,0.0163934
27585,61,60,0.0163934
27589,61,60,0.0163934
27592,61,60,0.0163934
27594,61,60,0.0163934
27596,61,60,0.0163934
27598,61,60,0.0163934
27600,61,60,0.0163934
27601,61,60,0.0163934
27603,61,60,0.0163934
27605,61,60,0.0163934
27609,61,60,0.0163934
27611,61,60,0.0163934
27614,61,60,0.0163934
27616,61,60,0.0163934
27617,61,60,0.0163934
27619,61,60,0.0163934
27620,61,60,0.0163934
27622,61,60,0.0163934
27624,61,60,0.0163934
27626,61,60,0.0163934
27628,61,60,0.0163934
27630,61,60,0.0163934
27631,61,60,0.0163934
27633,61,60,0.0163934
27634,61,60,0.0163934
27636,61,60,0.0163934
27637,61,60,0.0163934
27639,61,60,0.0163934
27642,61,60,0.0163934
27644,61,60,0.0163934
27645,61,60,0.0163934
27648,61,60,0.0163934
27651,61,60,0.0163934
27654,61,60,0.0163934
27656,61,60,0.0163934
27661,61,60,0.0163934
27662,61,60,0.0163934
27664,61,60,0.0163934
27666,61,60,0.0163934
27667,61,60,0.0163934
27669,61,60,0.0163934
27671,61,60,0.0163934
27673,61,60,0.0163934
27675,61,60,0.0163934
27677,61,60,0.0163934
27678,61,60,0.0163934
27680,61,60,0.0163934
27682,61,60,0.0163934
27684,61,60,0.0163934
27685,61,60,0.0163934
27687,61,60,0.0163934
27689,61,60,0.0163934
27691,61,60,0.0163934
27693,61,60,0.0163934
27694,61,60,0.0163934
27696,61,60,0.0163934
27697,61,60,0.0163934
27698,61,60,0.0163934
27700,61,60,0.0163934
27701,61,60,0.0163934
27703,61,60,0.0163934
27705,61,60,0.0163934
27706,61,60,0.0163934
27708,61,60,0.0163934
27710,61,60,0.0163934
27711,61,60,0.0163934
27712,61,60,0.0163934
27714,61,60,0.0163934
27715,61,60,0.0163934
27716,61,60,0.0163934
27718,61,60,0.0163934
27719,61,60,0.0163934
27721,61,60,0.0163934
27722,61,60,0.0163934
27724,61,60,0.0163934
27726,61,60,0.0163934
27727,61,60,0.0163934
27729,61,60,0.0163934
27730,61,60,0.0163934
27732,61,60,0.0163934
27733,61,60,0.0163934
27735,61,60,0.0163934
27736,61,60,0.0163934
27738,61,60,0.0163934
27739,61,60,0.0163934
27741,61,60,0.0163934
27743,61,60,0.0163934
27746,61,60,0.0163934
27748,61,60,0.0163934
27749,61,60,0.0163934
27751,61,60,0.0163934
27752,61,60,0.0163934
27753,61,60,0.0163934
27755,61,60,0.0163934
27758,61,60,0.0163934
27760,61,60,0.0163934
27762,61,60,0.0163934
27764,61,60,0.0163934
27765,61,60,0.0163934
27766,61,60,0.0163934
27768,61,60,0.0163934
27769,61,60,0.0163934
27771,61,60,0.0163934
27773,61,60,0.0163934
27774,61,60,0.0163934
27776,61,60,0.0163934
27777,61,60,0.0163934
27779,61,60,0.0163934
27780,61,60,0.0163934
27782,61,60,0.0163934
27783,61,60,0.0163934
27785,61,60,0.0163934
27786,61,60,0.0163934
27787,61,60,0.0163934
27789,61,60,0.0163934
27791,61,60,0.0163934
27792,61,60,0.0163934
27794,61,60,0.0163934
27796,61,60,0.0163934
27797,61,60,0.0163934
27799,61,60,0.0163934
27800,61,60,0.0163934
27801,61,60,0.0163934
27803,61,60,0.0163934
27804,61,60,0.0163934
27805,61,60,0.0163934
27807,61,60,0.0163934
27808,61,60,0.0163934
27810,61,60,0.0163934
27811,61,60,0.0163934
27813,61,60,0.0163934
27814,61,60,0.0163934
27816,61,60,0.0163934
27817,61,60,0.0163934
27819,61,60,0.0163934
27820,61,60,0.0163934
27822,61,60,0.0163934
27823,61,60,0.0163934
27826,61,60,0.0163934
27828,61,60,0.0163934
27830,61,60,0.0163934
27832,61,60,0.0163934
27835,61,60,0.0163934
27836,61,60,0.0163934
27838,61,60,0.0163934
27843,61,60,0.0163934
27845,61,60,0.0163934
27846,61,60,0.0163934
27848,61,60,0.0163934
27849,61,60,0.0163934
27851,61,60,0.0163934
27852,61,60,0.0163934
27854,61,60,0.0163934
27855,61,60,0.0163934
27858,61,60,0.0163934
27861,61,60,0.0163934
27863,61,60,0.0163934
27864,61,60,0.0163934
27866,61,60,0.0163934
27870,61,60,0.0163934
27872,61,60,0.0163934
27873,61,60,0.0163934
27875,61,60,0.0163934
27877,61,60,0.0163934
27879,61,60,0.0163934
27880,61,60,0.0163934
27881,61,60,0.0163934
27883,61,60,0.0163934
27884,61,60,0.0163934
27887,61,60,0.0163934
27890,61,60,0.0163934
27894,61,60,0.0163934
27897,61,60,0.0163934
27899,61,60,0.0163934
27901,61,60,0.0163934
27904,61,60,0.0163934
27905,61,60,0.0163934
27908,61,60,0.0163934
27910,61,60,0.0163934
27911,61,60,0.0163934
27913,61,60,0.0163934
27915,61,60,0.0163934
27916,61,60,0.0163934
27918,61,60,0.0163934
27920,61,60,0.0163934
27923,61,60,0.0163934
27927,61,60,0.0163934
27930,61,60,0.0163934
27932,61,60,0.0163934
27933,61,60,0.0163934
27938,61,60,0.0163934
27940,61,60,0.0163934
27942,61,60,0.0163934
27944,61,60,0.0163934
27946,61,60,0.0163934
27947,61,60,0.0163934
27949,61,60,0.0163934
27950,61,60,0.0163934
27952,61,60,0.0163934
27953,61,60,0.0163934
27955,61,60,0.0163934
27956,61,60,0.0163934
27958,61,60,0.0163934
27960,61,60,0.0163934
27961,61,60,0.0163934
27963,61,60,0.0163934
27964,61,60,0.0163934
27967,61,60,0.0163934
27969,61,60,0.0163934
27972,61,60,0.0163934
27974,61,60,0.0163934
27977,61,60,0.0163934
27978,61,60,0.0163934
27980,61,60,0.0163934
27982,61,60,0.0163934
27984,61,60,0.0163934
27985,61,60,0.0163934
27987,61,60,0.0163934
27989,61,60,0.0163934
27992,61,60,0.0163934
27993,61,60,0.0163934
27995,61,60,0.0163934
27996,61,60,0.0163934
27998,61,60,0.0163934
28000,61,60,0.0163934
28004,61,60,0.0163934
28007,61,60,0.0163934
28011,61,60,0.0163934
28013,61,60,0.0163934
28015,61,60,0.0163934
28019,61,60,0.0163934
28022,61,60,0.0163934
28024,61,60,0.0163934
28028,61,60,0.0163934
28030,61,60,0.0163934
28033,61,60,0.0163934
28036,61,60,0.0163934
28039,61,60,0.0163934
28043,61,60,0.0163934
28046,61,60,0.0163934
28048,61,60,0.0163934
28050,61,60,0.0163934
28054,61,60,0.0163934
28057,61,60,0.0163934
28059,61,60,0.0163934
28061,61,60,0.0163934
28063,61,60,0.0163934
28066,61,60,0.0163934
28068,61,60,0.0163934
28071,61,60,0.0163934
28074,61,60,0.0163934
28077,61,60,0.0163934
28081,61,60,0.0163934
28085,61,60,0.0163934
28088,61,60,0.0163934
28089,61,60,0.0163934
28091,61,60,0.0163934
28094,61,60,0.0163934
28096,61,60,0.0163934
28099,61,60,0.0163934
28101,61,60,0.0163934
28105,61,60,0.0163934
28108,61,60,0.0163934
28111,61,60,0.0163934
28112,61,60,0.0163934
28114,61,60,0.0163934
28116,61,60,0.0163934
28117,61,60,0.0163934
28119,61,60,0.0163934
28120,61,60,0.0163934
28121,61,60,0.0163934
28124,61,60,0.0163934
28127,61,60,0.0163934
28130,61,60,0.0163934
28132,61,60,0.0163934
28134,61,60,0.0163934
28138,61,60,0.0163934
28141,61,60,0.0163934
28143,61,60,0.0163934
28145,61,60,0.0163934
28148,61,60,0.0163934
28152,61,60,0.0163934
28153,61,60,0.0163934
28155,61,60,0.0163934
28157,61,60,0.0163934
28160,61,60,0.0163934
28161,61,60,0.0163934
28164,61,60,0.0163934
28168,61,60,0.0163934
28170,61,60,0.0163934
28173,61,60,0.0163934
28177,61,60,0.0163934
28180,61,60,0.0163934
28183,61,60,0.0163934
28185,61,60,0.0163934
28187,61,60,0.0163934
28189,61,60,0.0163934
28190,61,60,0.0163934
28192,61,60,0.0163934
28194,61,60,0.0163934
28197,61,60,0.0163934
28200,61,60,0.0163934
28204,61,60,0.0163934
28207,61,60,0.0163934
28211,61,60,0.0163934
28215,61,60,0.0163934
28218,61,60,0.0163934
28220,61,60,0.0163934
28222,61,60,0.0163934
28223,61,60,0.0163934
28226,61,60,0.0163934
28229,61,60,0.0163934
28231,61,60,0.0163934
28233,61,60,0.0163934
28236,61,60,0.0163934
28239,61,60,0.0163934
28242,61,60,0.0163934
28246,61,60,0.0163934
28249,61,60,0.0163934
28252,61,60,0.0163934
28254,61,60,0.0163934
28257,61,60,0.0163934
28258,61,60,0.0163934
28262,61,60,0.0163934
28265,61,60,0.0163934
28266,61,60,0.0163934
28267,61,60,0.0163934
28270,61,60,0.0163934
28272,61,60,0.0163934
28275,61,60,0.0163934
28278,61,60,0.0163934
28282,61,60,0.0163934
28284,61,60,0.0163934
28286,61,60,0.0163934
28288,61,60,0.0163934
28291,61,60,0.0163934
28292,61,60,0.0163934
28294,61,60,0.0163934
28297,61,60,0.0163934
28300,61,60,0.0163934
28303,61,60,0.0163934
28305,61,60,0.0163934
28307,61,60,0.0163934
28310,61,60,0.0163934
28313,61,60,0.0163934
28316,61,60,0.0163934
28317,61,60,0.0163934
28319,61,60,0.0163934
28321,61,60,0.0163934
28325,61,60,0.0163934
28329,61,60,0.0163934
28331,61,60,0.0163934
28332,61,60,0.0163934
28334,61,60,0.0163934
28338,61,60,0.0163934
28341,61,60,0.0163934
28342,61,60,0.0163934
28345,61,60,0.0163934
28347,61,60,0.0163934
28349,61,60,0.0163934
28351,61,60,0.0163934
28353,61,60,0.0163934
28355,61,60,0.0163934
28356,61,60,0.0163934
28359,61,60,0.0163934
28362,61,60,0.0163934
28364,61,60,0.0163934
28365,61,60,0.0163934
28367,61,60,0.0163934
28369,61,60,0.0163934
28370,61,60,0.0163934
28372,61,60,0.0163934
28373,61,60,0.0163934
28375,61,60,0.0163934
28378,61,60,0.0163934
28382,61,60,0.0163934
28384,61,60,0.0163934
28385,61,60,0.0163934
28388,61,60,0.0163934
28391,61,60,0.0163934
28394,61,60,0.0163934
28396,61,60,0.0163934
28399,61,60,0.0163934
28401,61,60,0.0163934
28404,61,60,0.0163934
28407,61,60,0.0163934
28410,61,60,0.0163934
28413,61,60,0.0163934
28417,61,60,0.0163934
28419,61,60,0.0163934
28421,61,60,0.0163934
28424,61,60,0.0163934
28426,61,60,0.0163934
28428,61,60,0.0163934
28432,61,60,0.0163934
28435,61,60,0.0163934
28437,61,60,0.0163934
28440,61,60,0.0163934
28444,61,60,0.0163934
28446,61,60,0.0163934
28449,61,60,0.0163934
28450,61,60,0.0163934
28452,61,60,0.0163934
28453,61,60,0.0163934
28455,61,60,0.0163934
28459,61,60,0.0163934
28463,61,60,0.0163934
28466,61,60,0.0163934
28467,61,60,0.0163934
28469,61,60,0.0163934
28471,61,60,0.0163934
28472,61,60,0.0163934
28475,61,60,0.0163934
28477,61,60,0.0163934
28480,61,60,0.0163934
28481,61,60,0.0163934
28483,61,60,0.0163934
28484,61,60,0.0163934
28486,61,60,0.0163934
28487,61,60,0.0163934
28490,61,60,0.0163934
28493,61,60,0.0163934
28495,61,60,0.0163934
28497,61,60,0.0163934
28500,61,60,0.0163934
28502,61,60,0.0163934
28504,61,60,0.0163934
28506,61,60,0.0163934
28507,61,60,0.0163934
28510,61,60,0.0163934
28512,61,60,0.0163934
28514,61,60,0.0163934
28516,61,60,0.0163934
28519,61,60,0.0163934
28522,61,60,0.0163934
28524,61,60,0.0163934
28526,61,60,0.0163934
28527,61,60,0.0163934
28531,61,60,0.0163934
28533,61,60,0.0163934
28534,61,60,0.0163934
28537,61,60,0.0163934
28538,61,60,0.0163934
28540,61,60,0.0163934
28543,61,60,0.0163934
28546,61,60,0.0163934
28548,61,60,0.0163934
28550,61,60,0.0163934
28553,61,60,0.0163934
28555,61,60,0.0163934
28557,61,60,0.0163934
28559,61,60,0.0163934
28560,61,60,0.0163934
28562,61,60,0.0163934
28565,61,60,0.0163934
28567,61,60,0.0163934
28569,61,60,0.0163934
28572,61,60,0.0163934
28575,61,60,0.0163934
28579,61,60,0.0163934
28583,61,60,0.0163934
28586,61,60,0.0163934
28588,61,60,0.0163934
28590,61,60,0.0163934
28593,61,60,0.0163934
28596,61,60,0.0163934
28598,61,60,0.0163934
28599,61,60,0.0163934
28601,61,60,0.0163934
28603,61,60,0.0163934
28605,61,60,0.0163934
28608,61,60,0.0163934
28612,61,60,0.0163934
28615,61,60,0.0163934
28619,61,60,0.0163934
28623,61,60,0.0163934
28626,61,60,0.0163934
28630,61,60,0.0163934
28633,61,60,0.0163934
28634,61,60,0.0163934
28636,61,60,0.0163934
28638,61,60,0.0163934
28640,61,60,0.0163934
28641,61,60,0.0163934
28644,61,60,0.0163934
28647,61,60,0.0163934
28650,61,60,0.0163934
28653,61,60,0.0163934
28657,61,60,0.0163934
28660,61,60,0.0163934
28662,61,60,0.0163934
28700,61,60,0.0163934
28702,61,60,0.0163934
28706,61,60,0.0163934
28708,61,60,0.0163934
28710,61,60,0.0163934
28712,61,60,0.0163934
28715,61,60,0.0163934
28717,61,60,0.0163934
28719,61,60,0.0163934
28722,61,60,0.0163934
28725,61,60,0.0163934
28727,61,60,0.0163934
28729,61,60,0.0163934
28730,61,60,0.0163934
28732,61,60,0.0163934
28735,61,60,0.0163934
28737,61,60,0.0163934
28739,61,60,0.0163934
28741,61,60,0.0163934
28743,61,60,0.0163934
28746,61,60,0.0163934
28749,61,60,0.0163934
28753,61,60,0.0163934
28755,61,60,0.0163934
28758,61,60,0.0163934
28761,61,60,0.0163934
28763,61,60,0.0163934
28765,61,60,0.0163934
28768,61,60,0.0163934
28771,61,60,0.0163934
28773,61,60,0.0163934
28775,61,60,0.0163934
28777,61,60,0.0163934
28779,61,60,0.0163934
28780,61,60,0.0163934
28782,61,60,0.0163934
28784,61,60,0.0163934
28787,61,60,0.0163934
28791,61,60,0.0163934
28794,61,60,0.0163934
28796,61,60,0.0163934
28799,61,60,0.0163934
28801,61,60,0.0163934
28804,61,60,0.0163934
28807,61,60,0.0163934
28809,61,60,0.0163934
28811,61,60,0.0163934
28812,61,60,0.0163934
28814,61,60,0.0163934
28815,61,60,0.0163934
28817,61,60,0.0163934
28818,61,60,0.0163934
28820,61,60,0.0163934
28821,61,60,0.0163934
28823,61,60,0.0163934
28826,61,60,0.0163934
28828,61,60,0.0163934
28831,61,60,0.0163934
28834,61,60,0.0163934
28836,61,60,0.0163934
28839,61,60,0.0163934
28841,61,60,0.0163934
28845,61,60,0.0163934
28848,61,60,0.0163934
28851,61,60,0.0163934
28853,61,60,0.0163934
28855,61,60,0.0163934
28857,61,60,0.0163934
28860,61,60,0.0163934
28861,61,60,0.0163934
28863,61,60,0.0163934
28864,61,60,0.0163934
28867,61,60,0.0163934
28868,61,60,0.0163934
28871,61,60,0.0163934
28874,61,60,0.0163934
28875,61,60,0.0163934
28877,61,60,0.0163934
28879,61,60,0.0163934
28881,61,60,0.0163934
28882,61,60,0.0163934
28884,61,60,0.0163934
28885,61,60,0.0163934
28887,61,60,0.0163934
28889,61,60,0.0163934
28890,61,60,0.0163934
28892,61,60,0.0163934
28894,61,60,0.0163934
28895,61,60,0.0163934
28897,61,60,0.0163934
28900,61,60,0.0163934
28902,61,60,0.0163934
28903,61,60,0.0163934
28905,61,60,0.0163934
28906,61,60,0.0163934
28908,61,60,0.0163934
28910,61,60,0.0163934
28911,61,60,0.0163934
28913,61,60,0.0163934
28914,61,60,0.0163934
28917,61,60,0.0163934
28920,61,60,0.0163934
28923,61,60,0.0163934
28924,61,60,0.0163934
28926,61,60,0.0163934
28928,61,60,0.0163934
28930,61,60,0.0163934
28931,61,60,0.0163934
28933,61,60,0.0163934
28934,61,60,0.0163934
28936,61,60,0.0163934
28937,61,60,0.0163934
28939,61,60,0.0163934
28942,61,60,0.0163934
28945,61,60,0.0163934
28946,61,60,0.0163934
28949,61,60,0.0163934
28951,61,60,0.0163934
28952,61,60,0.0163934
28955,61,60,0.0163934
28957,61,60,0.0163934
28958,61,60,0.0163934
28960,61,60,0.0163934
28962,61,60,0.0163934
28965,61,60,0.0163934
28968,61,60,0.0163934
28971,61,60,0.0163934
28974,61,60,0.0163934
28976,61,60,0.0163934
28979,61,60,0.0163934
28981,61,60,0.0163934
28983,61,60,0.0163934
28985,61,60,0.0163934
28987,61,60,0.0163934
28989,61,60,0.0163934
28993,61,60,0.0163934
28995,61,60,0.0163934
28997,61,60,0.0163934
28999,61,60,0.0163934
29001,61,60,0.0163934
29004,61,60,0.0163934
29006,61,60,0.0163934
29010,61,60,0.0163934
29013,61,60,0.0163934
29016,61,60,0.0163934
29018,61,60,0.0163934
29021,61,60,0.0163934
29023,61,60,0.0163934
29025,61,60,0.0163934
29026,61,60,0.0163934
29028,61,60,0.0163934
29031,61,60,0.0163934
29034,61,60,0.0163934
29036,61,60,0.0163934
29038,61,60,0.0163934
29040,61,60,0.0163934
29042,61,60,0.0163934
29045,61,60,0.0163934
29047,61,60,0.0163934
29049,61,60,0.0163934
29051,61,60,0.0163934
29053,61,60,0.0163934
29054,61,60,0.0163934
29056,61,60,0.0163934
29058,61,60,0.0163934
29059,61,60,0.0163934
29061,61,60,0.0163934
29062,61,60,0.0163934
29064,61,60,0.0163934
29065,61,60,0.0163934
29066,61,60,0.0163934
29068,61,60,0.0163934
29069,61,60,0.0163934
29071,61,60,0.0163934
29072,61,60,0.0163934
29074,61,60,0.0163934
29076,61,60,0.0163934
29078,61,60,0.0163934
29080,61,60,0.0163934
29083,61,60,0.0163934
29085,61,60,0.0163934
29086,61,60,0.0163934
29088,61,60,0.0163934
29089,61,60,0.0163934
29091,61,60,0.0163934
29093,61,60,0.0163934
29094,61,60,0.0163934
29096,61,60,0.0163934
29097,61,60,0.0163934
29099,61,60,0.0163934
29100,61,60,0.0163934
29102,61,60,0.0163934
29103,61,60,0.0163934
29105,61,60,0.0163934
29106,61,60,0.0163934
29107,61,60,0.0163934
29109,61,60,0.0163934
29110,61,60,0.0163934
29112,61,60,0.0163934
29114,61,60,0.0163934
29115,61,60,0.0163934
29117,61,60,0.0163934
29118,61,60,0.0163934
29120,61,60,0.0163934
29121,61,60,0.0163934
29123,61,60,0.0163934
29124,61,60,0.0163934
29126,61,60,0.0163934
29128,61,60,0.0163934
29129,61,60,0.0163934
29131,61,60,0.0163934
29132,61,60,0.0163934
29134,61,60,0.0163934
29135,61,60,0.0163934
29137,61,60,0.0163934
29138,61,60,0.0163934
29140,61,60,0.0163934
29141,61,60,0.0163934
29142,61,60,0.0163934
29144,61,60,0.0163934
29145,61,60,0.0163934
29147,61,60,0.0163934
29150,61,60,0.0163934
29153,61,60,0.0163934
29156,61,60,0.0163934
29159,61,60,0.0163934
29160,61,60,0.0163934
29162,61,60,0.0163934
29164,61,60,0.0163934
29167,61,60,0.0163934
29170,61,60,0.0163934
29173,61,60,0.0163934
29176,61,60,0.0163934
29179,61,60,0.0163934
29181,61,60,0.0163934
29183,61,60,0.0163934
29185,61,60,0.0163934
29187,61,60,0.0163934
29189,61,60,0.0163934
29191,61,60,0.0163934
29195,61,60,0.0163934
29197,61,60,0.0163934
29199,61,60,0.0163934
29200,61,60,0.0163934
29202,61,60,0.0163934
29205,61,60,0.0163934
29207,61,60,0.0163934
29209,61,60,0.0163934
29210,61,60,0.0163934
29212,61,60,0.0163934
29214,61,60,0.0163934
29218,61,60,0.0163934
29220,61,60,0.0163934
29223,61,60,0.0163934
29224,61,60,0.0163934
29227,61,60,0.0163934
29229,61,60,0.0163934
29232,61,60,0.0163934
29235,61,60,0.0163934
29237,61,60,0.0163934
29239,61,60,0.0163934
29242,61,60,0.0163934
29244,61,60,0.0163934
29247,61,60,0.0163934
29249,61,60,0.0163934
29252,61,60,0.0163934
29255,61,60,0.0163934
29258,61,60,0.0163934
29261,61,60,0.0163934
29264,61,60,0.0163934
29267,61,60,0.0163934
29270,61,60,0.0163934
29272,61,60,0.0163934
29274,61,60,0.0163934
29275,61,60,0.0163934
29277,61,60,0.0163934
29281,61,60,0.0163934
29283,61,60,0.0163934
29286,61,60,0.0163934
29289,61,60,0.0163934
29291,61,60,0.0163934
29293,61,60,0.0163934
29295,61,60,0.0163934
29297,61,60,0.0163934
29299,61,60,0.0163934
29301,61,60,0.0163934
29303,61,60,0.0163934
29306,61,60,0.0163934
29309,61,60,0.0163934
29311,61,60,0.0163934
29314,61,60,0.0163934
29317,61,60,0.0163934
29321,61,60,0.0163934
29325,61,60,0.0163934
29328,61,60,0.0163934
29330,61,60,0.0163934
29334,61,60,0.0163934
29336,61,60,0.0163934
29338,61,60,0.0163934
29341,61,60,0.0163934
29345,61,60,0.0163934
29348,61,60,0.0163934
29350,61,60,0.0163934
29353,61,60,0.0163934
29356,61,60,0.0163934
29358,61,60,0.0163934
29361,61,60,0.0163934
29363,61,60,0.0163934
29365,61,60,0.0163934
29367,61,60,0.0163934
29370,61,60,0.0163934
29374,61,60,0.0163934
29378,61,60,0.0163934
29380,61,60,0.0163934
29383,61,60,0.0163934
29386,61,60,0.0163934
29388,61,60,0.0163934
29391,61,60,0.0163934
29394,61,60,0.0163934
29397,61,60,0.0163934
29400,61,60,0.0163934
29402,61,60,0.0163934
29404,61,60,0.0163934
29406,61,60,0.0163934
29408,61,60,0.0163934
29411,61,60,0.0163934
29414,61,60,0.0163934
29418,61,60,0.0163934
29421,61,60,0.0163934
29423,61,60,0.0163934
29424,61,60,0.0163934
29426,61,60,0.0163934
29429,61,60,0.0163934
29432,61,60,0.0163934
29434,61,60,0.0163934
29436,61,60,0.0163934
29438,61,60,0.0163934
29439,61,60,0.0163934
29441,61,60,0.0163934
29443,61,60,0.0163934
29444,61,60,0.0163934
29446,61,60,0.0163934
29448,61,60,0.0163934
29451,61,60,0.0163934
29454,61,60,0.0163934
29458,61,60,0.0163934
29460,61,60,0.0163934
29462,61,60,0.0163934
29464,61,60,0.0163934
29466,61,60,0.0163934
29467,61,60,0.0163934
29470,61,60,0.0163934
29472,61,60,0.0163934
29474,61,60,0.0163934
29477,61,60,0.0163934
29480,61,60,0.0163934
29483,61,60,0.0163934
29485,61,60,0.0163934
29487,61,60,0.0163934
29489,61,60,0.0163934
29491,61,60,0.0163934
29493,61,60,0.0163934
29494,61,60,0.0163934
29497,61,60,0.0163934
29500,61,60,0.0163934
29503,61,60,0.0163934
29506,61,60,0.0163934
29508,61,60,0.0163934
29512,61,60,0.0163934
29515,61,60,0.0163934
29517,61,60,0.0163934
29518,61,60,0.0163934
29520,61,60,0.0163934
29522,61,60,0.0163934
29523,61,60,0.0163934
29526,61,60,0.0163934
29528,61,60,0.0163934
29529,61,60,0.0163934
29533,61,60,0.0163934
29536,61,60,0.0163934
29539,61,60,0.0163934
29541,61,60,0.0163934
29545,61,60,0.0163934
29547,61,60,0.0163934
29550,61,60,0.0163934
29552,61,60,0.0163934
29555,61,60,0.0163934
29558,61,60,0.0163934
29559,61,60,0.0163934
29561,61,60,0.0163934
29564,61,60,0.0163934
29566,61,60,0.0163934
29568,61,60,0.0163934
29570,61,60,0.0163934
29574,61,60,0.0163934
29576,61,60,0.0163934
29579,61,60,0.0163934
29580,61,60,0.0163934
29582,61,60,0.0163934
29585,61,60,0.0163934
29588,61,60,0.0163934
29590,61,60,0.0163934
29592,61,60,0.0163934
29594,61,60,0.0163934
29597,61,60,0.0163934
29599,61,60,0.0163934
29601,61,60,0.0163934
29603,61,60,0.0163934
29605,61,60,0.0163934
29607,61,60,0.0163934
29609,61,60,0.0163934
29611,61,60,0.0163934
29614,61,60,0.0163934
29617,61,60,0.0163934
29619,61,60,0.0163934
29622,61,60,0.0163934
29625,61,60,0.0163934
29628,61,60,0.0163934
29630,61,60,0.0163934
29632,61,60,0.0163934
29635,61,60,0.0163934
29636,61,60,0.0163934
29638,61,60,0.0163934
29640,61,60,0.0163934
29642,61,60,0.0163934
29645,61,60,0.0163934
29649,61,60,0.0163934
29651,61,60,0.0163934
29653,61,60,0.0163934
29655,61,60,0.0163934
29657,61,60,0.0163934
29660,61,60,0.0163934
29664,61,60,0.0163934
29666,61,60,0.0163934
29668,61,60,0.0163934
29672,61,60,0.0163934
29674,61,60,0.0163934
29678,61,60,0.0163934
29680,61,60,0.0163934
29683,61,60,0.0163934
29686,61,60,0.0163934
29690,61,60,0.0163934
29692,61,60,0.0163934
29695,61,60,0.0163934
29698,61,60,0.0163934
29700,61,60,0.0163934
29702,61,60,0.0163934
29705,61,60,0.0163934
29709,61,60,0.0163934
29711,61,60,0.0163934
29713,61,60,0.0163934
29716,61,60,0.0163934
29718,61,60,0.0163934
29721,61,60,0.0163934
29725,61,60,0.0163934
29728,61,60,0.0163934
29731,61,60,0.0163934
29733,61,60,0.0163934
29736,61,60,0.0163934
29739,61,60,0.0163934
29742,61,60,0.0163934
29744,61,60,0.0163934
29748,61,60,0.0163934
29751,61,60,0.0163934
29753,61,60,0.0163934
29756,61,60,0.0163934
29759,61,60,0.0163934
29762,61,60,0.0163934
29765,61,60,0.0163934
29768,61,60,0.0163934
29771,61,60,0.0163934
29774,61,60,0.0163934
29776,61,60,0.0163934
29780,61,60,0.0163934
29782,61,60,0.0163934
29784,61,60,0.0163934
29787,61,60,0.0163934
29789,61,60,0.0163934
29792,61,60,0.0163934
29794,61,60,0.0163934
29797,61,60,0.0163934
29800,61,60,0.0163934
29803,61,60,0.0163934
29805,61,60,0.0163934
29809,61,60,0.0163934
29812,61,60,0.0163934
29815,61,60,0.0163934
29819,61,60,0.0163934
29823,61,60,0.0163934
29826,61,60,0.0163934
29830,61,60,0.0163934
29834,61,60,0.0163934
29837,61,60,0.0163934
29840,61,60,0.0163934
29844,61,60,0.0163934
29847,61,60,0.0163934
29851,61,60,0.0163934
29854,61,60,0.0163934
29858,61,60,0.0163934
29861,61,60,0.0163934
29862,61,60,0.0163934
29865,61,60,0.0163934
29868,61,60,0.0163934
29871,61,60,0.0163934
29874,61,60,0.0163934
29876,61,60,0.0163934
29880,61,60,0.0163934
29883,61,60,0.0163934
29887,61,60,0.0163934
29889,61,60,0.0163934
29893,61,60,0.0163934
29897,61,60,0.0163934
29900,61,60,0.0163934
29903,61,60,0.0163934
29906,61,60,0.0163934
29910,61,60,0.0163934
29912,61,60,0.0163934
29914,61,60,0.0163934
29918,61,60,0.0163934
29921,61,60,0.0163934
29924,61,60,0.0163934
29927,61,60,0.0163934
29929,61,60,0.0163934
29933,61,60,0.0163934
29935,61,60,0.0163934
29937,61,60,0.0163934
29939,61,60,0.0163934
29941,61,60,0.0163934
29943,61,60,0.0163934
29945,61,60,0.0163934
29948,61,60,0.0163934
29950,61,60,0.0163934
29952,61,60,0.0163934
29955,61,60,0.0163934
29958,61,60,0.0163934
29962,61,60,0.0163934
29964,61,60,0.0163934
29966,61,60,0.0163934
29968,61,60,0.0163934
29970,61,60,0.0163934
29972,61,60,0.0163934
29975,61,60,0.0163934
29977,61,60,0.0163934
29978,61,60,0.0163934
29982,61,60,0.0163934
29984,61,60,0.0163934
29988,61,60,0.0163934
29992,61,60,0.0163934
29994,61,60,0.0163934
29997,61,60,0.0163934
30000,61,60,0.0163934
30003,61,60,0.0163934
30005,61,60,0.0163934
30007,61,60,0.0163934
30009,61,60,0.0163934
30011,61,60,0.0163934
30014,61,60,0.0163934
30017,61,60,0.0163934
30020,61,60,0.0163934
30023,61,60,0.0163934
30025,61,60,0.0163934
30029,61,60,0.0163934
30032,61,60,0.0163934
30033,61,60,0.0163934
30036,61,60,0.0163934
30038,61,60,0.0163934
30042,61,60,0.0163934
30044,61,60,0.0163934
30046,61,60,0.0163934
30047,61,60,0.0163934
30049,61,60,0.0163934
30050,61,60,0.0163934
30052,61,60,0.0163934
30054,61,60,0.0163934
30056,61,60,0.0163934
30059,61,60,0.0163934
30062,61,60,0.0163934
30065,61,60,0.0163934
30067,61,60,0.0163934
30070,61,60,0.0163934
30073,61,60,0.0163934
30074,61,60,0.0163934
30076,61,60,0.0163934
30078,61,60,0.0163934
30080,61,60,0.0163934
30083,61,60,0.0163934
30085,61,60,0.0163934
30088,61,60,0.0163934
30091,61,60,0.0163934
30094,61,60,0.0163934
30096,61,60,0.0163934
30098,61,60,0.0163934
30100,61,60,0.0163934
30102,61,60,0.0163934
30105,61,60,0.0163934
30108,61,60,0.0163934
30112,61,60,0.0163934
30115,61,60,0.0163934
30116,61,60,0.0163934
30120,61,60,0.0163934
30123,61,60,0.0163934
30126,61,60,0.0163934
30129,61,60,0.0163934
30132,61,60,0.0163934
30135,61,60,0.0163934
30137,61,60,0.0163934
30138,61,60,0.0163934
30140,61,60,0.0163934
30141,61,60,0.0163934
30143,61,60,0.0163934
30145,61,60,0.0163934
30148,61,60,0.0163934
30151,61,60,0.0163934
30152,61,60,0.0163934
30156,61,60,0.0163934
30159,61,60,0.0163934
30161,61,60,0.0163934
30164,61,60,0.0163934
30166,61,60,0.0163934
30167,61,60,0.0163934
30171,61,60,0.0163934
30174,61,60,0.0163934
30177,61,60,0.0163934
30179,61,60,0.0163934
30183,61,60,0.0163934
30186,61,60,0.0163934
30188,61,60,0.0163934
30190,61,60,0.0163934
30193,61,60,0.0163934
30196,61,60,0.0163934
30199,61,60,0.0163934
30202,61,60,0.0163934
30205,61,60,0.0163934
30206,61,60,0.0163934
30209,61,60,0.0163934
30212,61,60,0.0163934
30216,61,60,0.0163934
30219,61,60,0.0163934
30222,61,60,0.0163934
30226,61,60,0.0163934
30228,61,60,0.0163934
30231,61,60,0.0163934
30234,61,60,0.0163934
30237,61,60,0.0163934
30239,61,60,0.0163934
30241,61,60,0.0163934
30243,61,60,0.0163934
30245,61,60,0.0163934
30247,61,60,0.0163934
30249,61,60,0.0163934
30252,61,60,0.0163934
30255,61,60,0.0163934
30257,61,60,0.0163934
30261,61,60,0.0163934
30264,61,60,0.0163934
30266,61,60,0.0163934
30268,61,60,0.0163934
30271,61,60,0.0163934
30273,61,60,0.0163934
30275,61,60,0.0163934
30277,61,60,0.0163934
30279,61,60,0.0163934
30280,61,60,0.0163934
30281,61,60,0.0163934
30285,61,60,0.0163934
30288,61,60,0.0163934
30292,61,60,0.0163934
30296,61,60,0.0163934
30299,61,60,0.0163934
30302,61,60,0.0163934
30304,61,60,0.0163934
30306,61,60,0.0163934
30311,61,60,0.0163934
30313,61,60,0.0163934
30314,61,60,0.0163934
30316,61,60,0.0163934
30319,61,60,0.0163934
30321,61,60,0.0163934
30323,61,60,0.0163934
30325,61,60,0.0163934
30327,61,60,0.0163934
30329,61,60,0.0163934
30332,61,60,0.0163934
30335,61,60,0.0163934
30337,61,60,0.0163934
30339,61,60,0.0163934
30341,61,60,0.0163934
30342,61,60,0.0163934
30343,61,60,0.0163934
30344,61,60,0.0163934
30345,61,60,0.0163934
30348,61,60,0.0163934
30350,61,60,0.0163934
30353,61,60,0.0163934
30355,61,60,0.0163934
30358,61,60,0.0163934
30361,61,60,0.0163934
30363,61,60,0.0163934
30365,61,60,0.0163934
30368,61,60,0.0163934
30371,61,60,0.0163934
30373,61,60,0.0163934
30377,61,60,0.0163934
30381,61,60,0.0163934
30383,61,60,0.0163934
30386,61,60,0.0163934
30387,61,60,0.0163934
30390,61,60,0.0163934
30393,61,60,0.0163934
30396,61,60,0.0163934
30398,61,60,0.0163934
30402,61,60,0.0163934
30405,61,60,0.0163934
30408,61,60,0.0163934
30410,61,60,0.0163934
30413,61,60,0.0163934
30416,61,60,0.0163934
30419,61,60,0.0163934
30423,61,60,0.0163934
30426,61,60,0.0163934
30429,61,60,0.0163934
30430,61,60,0.0163934
30433,61,60,0.0163934
30447,61,60,0.0163934
30451,61,60,0.0163934
30455,61,60,0.0163934
30457,61,60,0.0163934
30459,61,60,0.0163934
30462,61,60,0.0163934
30463,61,60,0.0163934
30466,61,60,0.0163934
30468,61,60,0.0163934
30470,61,60,0.0163934
30473,61,60,0.0163934
30476,61,60,0.0163934
30481,61,60,0.0163934
30483,61,60,0.0163934
30486,61,60,0.0163934
30489,61,60,0.0163934
30492,61,60,0.0163934
30494,61,60,0.0163934
30496,61,60,0.0163934
30499,61,60,0.0163934
30502,61,60,0.0163934
30505,61,60,0.0163934
30509,61,60,0.0163934
30511,61,60,0.0163934
30515,61,60,0.0163934
30518,61,60,0.0163934
30521,61,60,0.0163934
30524,61,60,0.0163934
30526,61,60,0.0163934
30530,61,60,0.0163934
30533,61,60,0.0163934
30536,61,60,0.0163934
30540,61,60,0.0163934
30544,61,60,0.0163934
30547,61,60,0.0163934
30549,61,60,0.0163934
30553,61,60,0.0163934
30555,61,60,0.0163934
30557,61,60,0.0163934
30560,61,60,0.0163934
30562,61,60,0.0163934
30564,61,60,0.0163934
30565,61,60,0.0163934
30568,61,60,0.0163934
30570,61,60,0.0163934
30573,61,60,0.0163934
30576,61,60,0.0163934
30578,61,60,0.0163934
30580,61,60,0.0163934
30583,61,60,0.0163934
30586,61,60,0.0163934
30588,61,60,0.0163934
30589,61,60,0.0163934
30593,61,60,0.0163934
30597,61,60,0.0163934
30599,61,60,0.0163934
30602,61,60,0.0163934
30605,61,60,0.0163934
30608,61,60,0.0163934
30611,61,60,0.0163934
30613,61,60,0.0163934
30616,61,60,0.0163934
30618,61,60,0.0163934
30620,61,60,0.0163934
30623,61,60,0.0163934
30625,61,60,0.0163934
30628,61,60,0.0163934
30630,61,60,0.0163934
30633,61,60,0.0163934
30636,61,60,0.0163934
30639,61,60,0.0163934
30643,61,60,0.0163934
30646,61,60,0.0163934
30650,61,60,0.0163934
30654,61,60,0.0163934
30657,61,60,0.0163934
30660,61,60,0.0163934
30664,61,60,0.0163934
30669,61,60,0.0163934
30673,61,60,0.0163934
30677,61,60,0.0163934
30680,61,60,0.0163934
30685,61,60,0.0163934
30689,61,60,0.0163934
30693,61,60,0.0163934
30697,61,60,0.0163934
30701,61,60,0.0163934
30703,61,60,0.0163934
30707,61,60,0.0163934
30712,61,60,0.0163934
30714,61,60,0.0163934
30717,61,60,0.0163934
30720,61,60,0.0163934
30722,61,60,0.0163934
30723,61,60,0.0163934
30727,61,60,0.0163934
30730,61,60,0.0163934
30733,61,60,0.0163934
30734,61,60,0.0163934
30735,61,60,0.0163934
30736,61,60,0.0163934
30737,61,60,0.0163934
30739,61,60,0.0163934
30741,61,60,0.0163934
30744,61,60,0.0163934
30747,61,60,0.0163934
30748,61,60,0.0163934
30750,61,60,0.0163934
30752,61,60,0.0163934
30756,61,60,0.0163934
30758,61,60,0.0163934
30760,61,60,0.0163934
30763,61,60,0.0163934
30765,61,60,0.0163934
30768,61,60,0.0163934
30772,61,60,0.0163934
30776,61,60,0.0163934
30779,61,60,0.0163934
30781,61,60,0.0163934
30783,61,60,0.0163934
30788,61,60,0.0163934
30790,61,60,0.0163934
30793,61,60,0.0163934
30794,61,60,0.0163934
30797,61,60,0.0163934
30801,61,60,0.0163934
30802,61,60,0.0163934
30805,61,60,0.0163934
30808,61,60,0.0163934
30811,61,60,0.0163934
30813,61,60,0.0163934
30817,61,60,0.0163934
30820,61,60,0.0163934
30824,61,60,0.0163934
30828,61,60,0.0163934
30830,61,60,0.0163934
30834,61,60,0.0163934
30837,61,60,0.0163934
30841,61,60,0.0163934
30844,61,60,0.0163934
30846,61,60,0.0163934
30849,61,60,0.0163934
30853,61,60,0.0163934
30856,61,60,0.0163934
30859,61,60,0.0163934
30861,61,60,0.0163934
30864,61,60,0.0163934
30868,61,60,0.0163934
30873,61,60,0.0163934
30877,61,60,0.0163934
30881,61,60,0.0163934
30886,61,60,0.0163934
30889,61,60,0.0163934
30892,61,60,0.0163934
30894,61,60,0.0163934
30897,61,60,0.0163934
30900,61,60,0.0163934
30903,61,60,0.0163934
30905,61,60,0.0163934
30908,61,60,0.0163934
30911,61,60,0.0163934
30915,61,60,0.0163934
30919,61,60,0.0163934
30923,61,60,0.0163934
30926,61,60,0.0163934
30930,61,60,0.0163934
30934,61,60,0.0163934
30938,61,60,0.0163934
30942,61,60,0.0163934
30945,61,60,0.0163934
30949,61,60,0.0163934
30952,61,60,0.0163934
30956,61,60,0.0163934
30960,61,60,0.0163934
30961,61,60,0.0163934
30963,61,60,0.0163934
30965,61,60,0.0163934
30968,61,60,0.0163934
30972,61,60,0.0163934
30976,61,60,0.0163934
30979,61,60,0.0163934
30982,61,60,0.0163934
30986,61,60,0.0163934
30989,61,60,0.0163934
30992,61,60,0.0163934
30994,61,60,0.0163934
30996,61,60,0.0163934
30999,61,60,0.0163934
31002,61,60,0.0163934
31004,61,60,0.0163934
31006,61,60,0.0163934
31008,61,60,0.0163934
31010,61,60,0.0163934
31012,61,60,0.0163934
31016,61,60,0.0163934
31019,61,60,0.0163934
31022,61,60,0.0163934
31024,61,60,0.0163934
31026,61,60,0.0163934
31029,61,60,0.0163934
31031,61,60,0.0163934
31033,61,60,0.0163934
31036,61,60,0.0163934
31039,61,60,0.0163934
31043,61,60,0.0163934
31044,61,60,0.0163934
31047,61,60,0.0163934
31048,61,60,0.0163934
31050,61,60,0.0163934
31052,61,60,0.0163934
31053,61,60,0.0163934
31055,61,60,0.0163934
31057,61,60,0.0163934
31059,61,60,0.0163934
31063,61,60,0.0163934
31065,61,60,0.0163934
31068,61,60,0.0163934
31071,61,60,0.0163934
31075,61,60,0.0163934
31079,61,60,0.0163934
31083,61,60,0.0163934
31086,61,60,0.0163934
31088,61,60,0.0163934
31090,61,60,0.0163934
31092,61,60,0.0163934
31096,61,60,0.0163934
31100,61,60,0.0163934
31104,61,60,0.0163934
31106,61,60,0.0163934
31108,61,60,0.0163934
31110,61,60,0.0163934
31112,61,60,0.0163934
31114,61,60,0.0163934
31115,61,60,0.0163934
31119,61,60,0.0163934
31121,61,60,0.0163934
31122,61,60,0.0163934
31124,61,60,0.0163934
31126,61,60,0.0163934
31128,61,60,0.0163934
31129,61,60,0.0163934
31133,61,60,0.0163934
31138,61,60,0.0163934
31140,61,60,0.0163934
31144,61,60,0.0163934
31148,61,60,0.0163934
31152,61,60,0.0163934
31155,61,60,0.0163934
31158,61,60,0.0163934
31160,61,60,0.0163934
31163,61,60,0.0163934
31167,61,60,0.0163934
31172,61,60,0.0163934
31175,61,60,0.0163934
31179,61,60,0.0163934
31181,61,60,0.0163934
31183,61,60,0.0163934
31185,61,60,0.0163934
31186,61,60,0.0163934
31188,61,60,0.0163934
31190,61,60,0.0163934
31195,61,60,0.0163934
31198,61,60,0.0163934
31201,61,60,0.0163934
31204,61,60,0.0163934
31207,61,60,0.0163934
31212,61,60,0.0163934
31216,61,60,0.0163934
31220,61,60,0.0163934
31224,61,60,0.0163934
31230,61,60,0.0163934
31234,61,60,0.0163934
31239,61,60,0.0163934
31245,61,60,0.0163934
31247,61,60,0.0163934
31250,61,60,0.0163934
31252,61,60,0.0163934
31254,61,60,0.0163934
31256,61,60,0.0163934
31258,61,60,0.0163934
31261,61,60,0.0163934
31264,61,60,0.0163934
31265,61,60,0.0163934
31267,61,60,0.0163934
31268,61,60,0.0163934
31270,61,60,0.0163934
31272,61,60,0.0163934
31275,61,60,0.0163934
31276,61,60,0.0163934
31280,61,60,0.0163934
31284,61,60,0.0163934
31287,61,60,0.0163934
31291,61,60,0.0163934
31295,61,60,0.0163934
31300,61,60,0.0163934
31303,61,60,0.0163934
31308,61,60,0.0163934
31310,61,60,0.0163934
31312,61,60,0.0163934
31317,61,60,0.0163934
31319,61,60,0.0163934
31322,61,60,0.0163934
31326,61,60,0.0163934
31329,61,60,0.0163934
31333,61,60,0.0163934
31337,61,60,0.0163934
31344,61,60,0.0163934
31348,61,60,0.0163934
31353,61,60,0.0163934
31358,61,60,0.0163934
31362,61,60,0.0163934
31367,61,60,0.0163934
31373,61,60,0.0163934
31378,61,60,0.0163934
31381,61,60,0.0163934
31383,61,60,0.0163934
31385,61,60,0.0163934
31388,61,60,0.0163934
31391,61,60,0.0163934
31393,61,60,0.0163934
31395,61,60,0.0163934
31398,61,60,0.0163934
31400,61,60,0.0163934
31404,61,60,0.0163934
31406,61,60,0.0163934
31408,61,60,0.0163934
31410,61,60,0.0163934
31412,61,60,0.0163934
31414,61,60,0.0163934
31416,61,60,0.0163934
31419,61,60,0.0163934
31423,61,60,0.0163934
31428,61,60,0.0163934
31432,61,60,0.0163934
31436,61,60,0.0163934
31440,61,60,0.0163934
31444,61,60,0.0163934
31447,61,60,0.0163934
31450,61,60,0.0163934
31453,61,60,0.0163934
31457,61,60,0.0163934
31461,61,60,0.0163934
31465,61,60,0.0163934
31469,61,60,0.0163934
31473,61,60,0.0163934
31475,61,60,0.0163934
31479,61,60,0.0163934
31484,61,60,0.0163934
31487,61,60,0.0163934
31491,61,60,0.0163934
31494,61,60,0.0163934
31496,61,60,0.0163934
31498,61,60,0.0163934
31500,61,60,0.0163934
31503,61,60,0.0163934
31506,61,60,0.0163934
31511,61,60,0.0163934
31514,61,60,0.0163934
31519,61,60,0.0163934
31523,61,60,0.0163934
31527,61,60,0.0163934
31532,61,60,0.0163934
31536,61,60,0.0163934
31541,61,60,0.0163934
31547,61,60,0.0163934
31551,61,60,0.0163934
31554,61,60,0.0163934
31558,61,60,0.0163934
31563,61,60,0.0163934
31567,61,60,0.0163934
31570,61,60,0.0163934
31573,61,60,0.0163934
31576,61,60,0.0163934
31580,61,60,0.0163934
31584,61,60,0.0163934
31587,61,60,0.0163934
31591,61,60,0.0163934
31595,61,60,0.0163934
31597,61,60,0.0163934
31601,61,60,0.0163934
31605,61,60,0.0163934
31608,61,60,0.0163934
31612,61,60,0.0163934
31615,61,60,0.0163934
31617,61,60,0.0163934
31620,61,60,0.0163934
31623,61,60,0.0163934
31626,61,60,0.0163934
31632,61,60,0.0163934
31636,61,60,0.0163934
31639,61,60,0.0163934
31643,61,60,0.0163934
31647,61,60,0.0163934
31651,61,60,0.0163934
31656,61,60,0.0163934
31661,61,60,0.0163934
31666,61,60,0.0163934
31670,61,60,0.0163934
31673,61,60,0.0163934
31678,61,60,0.0163934
31682,61,60,0.0163934
31685,61,60,0.0163934
31687,61,60,0.0163934
31690,61,60,0.0163934
31691,61,60,0.0163934
31694,61,60,0.0163934
31696,61,60,0.0163934
31698,61,60,0.0163934
31700,61,60,0.0163934
31703,61,60,0.0163934
31706,61,60,0.0163934
31708,61,60,0.0163934
31710,61,60,0.0163934
31713,61,60,0.0163934
31717,61,60,0.0163934
31723,61,60,0.0163934
31727,61,60,0.0163934
31731,61,60,0.0163934
31735,61,60,0.0163934
31738,61,60,0.0163934
31742,61,60,0.0163934
31746,61,60,0.0163934
31750,61,60,0.0163934
31753,61,60,0.0163934
31757,61,60,0.0163934
31760,61,60,0.0163934
31762,61,60,0.0163934
31765,61,60,0.0163934
31767,61,60,0.0163934
31768,61,60,0.0163934
31770,61,60,0.0163934
31772,61,60,0.0163934
31774,61,60,0.0163934
31777,61,60,0.0163934
31783,61,60,0.0163934
31786,61,60,0.0163934
31790,61,60,0.0163934
31793,61,60,0.0163934
31797,61,60,0.0163934
31800,61,60,0.0163934
31804,61,60,0.0163934
31806,61,60,0.0163934
31810,61,60,0.0163934
31813,61,60,0.0163934
31816,61,60,0.0163934
31819,61,60,0.0163934
31822,61,60,0.0163934
31825,61,60,0.0163934
31827,61,60,0.0163934
31829,61,60,0.0163934
31834,61,60,0.0163934
31837,61,60,0.0163934
31840,61,60,0.0163934
31843,61,60,0.0163934
31845,61,60,0.0163934
31848,61,60,0.0163934
31851,61,60,0.0163934
31854,61,60,0.0163934
31857,61,60,0.0163934
31859,61,60,0.0163934
31860,61,60,0.0163934
31862,61,60,0.0163934
31865,61,60,0.0163934
31869,61,60,0.0163934
31873,61,60,0.0163934
31877,61,60,0.0163934
31881,61,60,0.0163934
31884,61,60,0.0163934
31888,61,60,0.0163934
31891,61,60,0.0163934
31894,61,60,0.0163934
31898,61,60,0.0163934
31902,61,60,0.0163934
31906,61,60,0.0163934
31910,61,60,0.0163934
31913,61,60,0.0163934
31916,61,60,0.0163934
31918,61,60,0.0163934
31922,61,60,0.0163934
31925,61,60,0.0163934
31928,61,60,0.0163934
31931,61,60,0.0163934
31933,61,60,0.0163934
31937,61,60,0.0163934
31939,61,60,0.0163934
31941,61,60,0.0163934
31944,61,60,0.0163934
31946,61,60,0.0163934
31949,61,60,0.0163934
31952,61,60,0.0163934
31955,61,60,0.0163934
31959,61,60,0.0163934
31964,61,60,0.0163934
31967,61,60,0.0163934
31971,61,60,0.0163934
31975,61,60,0.0163934
31979,61,60,0.0163934
31982,61,60,0.0163934
31986,61,60,0.0163934
31991,61,60,0.0163934
31995,61,60,0.0163934
31999,61,60,0.0163934
32002,61,60,0.0163934
32005,61,60,0.0163934
32009,61,60,0.0163934
32013,61,60,0.0163934
32016,61,60,0.0163934
32018,61,60,0.0163934
32021,61,60,0.0163934
32024,61,60,0.0163934
32028,61,60,0.0163934
32031,61,60,0.0163934
32035,61,60,0.0163934
32038,61,60,0.0163934
32042,61,60,0.0163934
32045,61,60,0.0163934
32048,61,60,0.0163934
32050,61,60,0.0163934
32053,61,60,0.0163934
32056,61,60,0.0163934
32059,61,60,0.0163934
32061,61,60,0.0163934
32065,61,60,0.0163934
32069,61,60,0.0163934
32072,61,60,0.0163934
32076,61,60,0.0163934
32080,61,60,0.0163934
32084,61,60,0.0163934
32087,61,60,0.0163934
32091,61,60,0.0163934
32094,61,60,0.0163934
32098,61,60,0.0163934
32102,61,60,0.0163934
32104,61,60,0.0163934
32106,61,60,0.0163934
32109,61,60,0.0163934
32112,61,60,0.0163934
32114,61,60,0.0163934
32117,61,60,0.0163934
32120,61,60,0.0163934
32122,61,60,0.0163934
32124,61,60,0.0163934
32126,61,60,0.0163934
32128,61,60,0.0163934
32130,61,60,0.0163934
32134,61,60,0.0163934
32136,61,60,0.0163934
32137,61,60,0.0163934
32140,61,60,0.0163934
32142,61,60,0.0163934
32146,61,60,0.0163934
32150,61,60,0.0163934
32152,61,60,0.0163934
32154,61,60,0.0163934
32157,61,60,0.0163934
32159,61,60,0.0163934
32162,61,60,0.0163934
32165,61,60,0.0163934
32168,61,60,0.0163934
32173,61,60,0.0163934
32177,61,60,0.0163934
32181,61,60,0.0163934
32182,61,60,0.0163934
32185,61,60,0.0163934
32188,61,60,0.0163934
32190,61,60,0.0163934
32192,61,60,0.0163934
32195,61,60,0.0163934
32198,61,60,0.0163934
32199,61,60,0.0163934
32201,61,60,0.0163934
32204,61,60,0.0163934
32206,61,60,0.0163934
32210,61,60,0.0163934
32213,61,60,0.0163934
32215,61,60,0.0163934
32219,61,60,0.0163934
32222,61,60,0.0163934
32226,61,60,0.0163934
32230,61,60,0.0163934
32234,61,60,0.0163934
32237,61,60,0.0163934
32240,61,60,0.0163934
32245,61,60,0.0163934
32249,61,60,0.0163934
32252,61,60,0.0163934
32256,61,60,0.0163934
32260,61,60,0.0163934
32264,61,60,0.0163934
32267,61,60,0.0163934
32270,61,60,0.0163934
32273,61,60,0.0163934
32278,61,60,0.0163934
32281,61,60,0.0163934
32283,61,60,0.0163934
32286,61,60,0.0163934
32288,61,60,0.0163934
32291,61,60,0.0163934
32294,61,60,0.0163934
32298,61,60,0.0163934
32300,61,60,0.0163934
32303,61,60,0.0163934
32306,61,60,0.0163934
32310,61,60,0.0163934
32313,61,60,0.0163934
32315,61,60,0.0163934
32319,61,60,0.0163934
32322,61,60,0.0163934
32326,61,60,0.0163934
32328,61,60,0.0163934
32329,61,60,0.0163934
32335,61,60,0.0163934
32338,61,60,0.0163934
32340,61,60,0.0163934
32341,61,60,0.0163934
32343,61,60,0.0163934
32345,61,60,0.0163934
32349,61,60,0.0163934
32352,61,60,0.0163934
32354,61,60,0.0163934
32357,61,60,0.0163934
32359,61,60,0.0163934
32361,61,60,0.0163934
32364,61,60,0.0163934
32367,61,60,0.0163934
32369,61,60,0.0163934
32371,61,60,0.0163934
32375,61,60,0.0163934
32378,61,60,0.0163934
32380,61,60,0.0163934
32382,61,60,0.0163934
32385,61,60,0.0163934
32387,61,60,0.0163934
32390,61,60,0.0163934
32393,61,60,0.0163934
32396,61,60,0.0163934
32398,61,60,0.0163934
32402,61,60,0.0163934
32404,61,60,0.0163934
32406,61,60,0.0163934
32409,61,60,0.0163934
32413,61,60,0.0163934
32416,61,60,0.0163934
32419,61,60,0.0163934
32422,61,60,0.0163934
32425,61,60,0.0163934
32427,61,60,0.0163934
32428,61,60,0.0163934
32432,61,60,0.0163934
32434,61,60,0.0163934
32436,61,60,0.0163934
32438,61,60,0.0163934
32440,61,60,0.0163934
32442,61,60,0.0163934
32446,61,60,0.0163934
32448,61,60,0.0163934
32450,61,60,0.0163934
32451,61,60,0.0163934
32456,61,60,0.0163934
32458,61,60,0.0163934
32462,61,60,0.0163934
32465,61,60,0.0163934
32468,61,60,0.0163934
32470,61,60,0.0163934
32472,61,60,0.0163934
32475,61,60,0.0163934
32478,61,60,0.0163934
32481,61,60,0.0163934
32485,61,60,0.0163934
32488,61,60,0.0163934
32490,61,60,0.0163934
32493,61,60,0.0163934
32494,61,60,0.0163934
32495,61,60,0.0163934
32496,61,60,0.0163934
32498,61,60,0.0163934
32502,61,60,0.0163934
32506,61,60,0.0163934
32509,61,60,0.0163934
32512,61,60,0.0163934
32516,61,60,0.0163934
32518,61,60,0.0163934
32521,61,60,0.0163934
32523,61,60,0.0163934
32526,61,60,0.0163934
32529,61,60,0.0163934
32532,61,60,0.0163934
32536,61,60,0.0163934
32539,61,60,0.0163934
32543,61,60,0.0163934
32547,61,60,0.0163934
32549,61,60,0.0163934
32552,61,60,0.0163934
32554,61,60,0.0163934
32556,61,60,0.0163934
32560,61,60,0.0163934
32562,61,60,0.0163934
32564,61,60,0.0163934
32567,61,60,0.0163934
32570,61,60,0.0163934
32572,61,60,0.0163934
32577,61,60,0.0163934
32579,61,60,0.0163934
32581,61,60,0.0163934
32583,61,60,0.0163934
32587,61,60,0.0163934
32591,61,60,0.0163934
32593,61,60,0.0163934
32596,61,60,0.0163934
32598,61,60,0.0163934
32602,61,60,0.0163934
32606,61,60,0.0163934
32609,61,60,0.0163934
32613,61,60,0.0163934
32616,61,60,0.0163934
32620,61,60,0.0163934
32622,61,60,0.0163934
32623,61,60,0.0163934
32626,61,60,0.0163934
32628,61,60,0.0163934
32630,61,60,0.0163934
32632,61,60,0.0163934
32635,61,60,0.0163934
32637,61,60,0.0163934
32638,61,60,0.0163934
32642,61,60,0.0163934
32645,61,60,0.0163934
32648,61,60,0.0163934
32652,61,60,0.0163934
32656,61,60,0.0163934
32661,61,60,0.0163934
32663,61,60,0.0163934
32667,61,60,0.0163934
32671,61,60,0.0163934
32673,61,60,0.0163934
32678,61,60,0.0163934
32682,61,60,0.0163934
32685,61,60,0.0163934
32688,61,60,0.0163934
32690,61,60,0.0163934
32693,61,60,0.0163934
32695,61,60,0.0163934
32698,61,60,0.0163934
32701,61,60,0.0163934
32705,61,60,0.0163934
32708,61,60,0.0163934
32711,61,60,0.0163934
32714,61,60,0.0163934
32717,61,60,0.0163934
32721,61,60,0.0163934
32725,61,60,0.0163934
32729,61,60,0.0163934
32730,61,60,0.0163934
32732,61,60,0.0163934
32735,61,60,0.0163934
32739,61,60,0.0163934
32744,61,60,0.0163934
32746,61,60,0.0163934
32749,61,60,0.0163934
32752,61,60,0.0163934
32755,61,60,0.0163934
32757,61,60,0.0163934
32759,61,60,0.0163934
32762,61,60,0.0163934
32765,61,60,0.0163934
32769,61,60,0.0163934
32772,61,60,0.0163934
32774,61,60,0.0163934
32777,61,60,0.0163934
32780,61,60,0.0163934
32782,61,60,0.0163934
32784,61,60,0.0163934
32787,61,60,0.0163934
32790,61,60,0.0163934
32793,61,60,0.0163934
32796,61,60,0.0163934
32799,61,60,0.0163934
32802,61,60,0.0163934
32805,61,60,0.0163934
32809,61,60,0.0163934
32812,61,60,0.0163934
32816,61,60,0.0163934
32819,61,60,0.0163934
32821,61,60,0.0163934
32825,61,60,0.0163934
32828,61,60,0.0163934
32831,61,60,0.0163934
32833,61,60,0.0163934
32835,61,60,0.0163934
32837,61,60,0.0163934
32839,61,60,0.0163934
32841,61,60,0.0163934
32845,61,60,0.0163934
32847,61,60,0.0163934
32849,61,60,0.0163934
32853,61,60,0.0163934
32857,61,60,0.0163934
32860,61,60,0.0163934
32864,61,60,0.0163934
32866,61,60,0.0163934
32869,61,60,0.0163934
32872,61,60,0.0163934
32875,61,60,0.0163934
32879,61,60,0.0163934
32882,61,60,0.0163934
32885,61,60,0.0163934
32889,61,60,0.0163934
32891,61,60,0.0163934
32895,61,60,0.0163934
32899,61,60,0.0163934
32902,61,60,0.0163934
32904,61,60,0.0163934
32906,61,60,0.0163934
32908,61,60,0.0163934
32910,61,60,0.0163934
32912,61,60,0.0163934
32914,61,60,0.0163934
32918,61,60,0.0163934
32919,61,60,0.0163934
32921,61,60,0.0163934
32925,61,60,0.0163934
32927,61,60,0.0163934
32929,61,60,0.0163934
32931,61,60,0.0163934
32933,61,60,0.0163934
32936,61,60,0.0163934
32938,61,60,0.0163934
32940,61,60,0.0163934
32943,61,60,0.0163934
32946,61,60,0.0163934
32950,61,60,0.0163934
32953,61,60,0.0163934
32955,61,60,0.0163934
32957,61,60,0.0163934
32959,61,60,0.0163934
32962,61,60,0.0163934
32965,61,60,0.0163934
32968,61,60,0.0163934
32970,61,60,0.0163934
32972,61,60,0.0163934
32975,61,60,0.0163934
32978,61,60,0.0163934
32981,61,60,0.0163934
32985,61,60,0.0163934
32988,61,60,0.0163934
32991,61,60,0.0163934
32995,61,60,0.0163934
32998,61,60,0.0163934
33001,61,60,0.0163934
33003,61,60,0.0163934
33006,61,60,0.0163934
33008,61,60,0.0163934
33010,61,60,0.0163934
33012,61,60,0.0163934
33014,61,60,0.0163934
33016,61,60,0.0163934
33017,61,60,0.0163934
33018,61,60,0.0163934
33020,61,60,0.0163934
33022,61,60,0.0163934
33025,61,60,0.0163934
33028,61,60,0.0163934
33031,61,60,0.0163934
33033,61,60,0.0163934
33036,61,60,0.0163934
33039,61,60,0.0163934
33042,61,60,0.0163934
33046,61,60,0.0163934
33050,61,60,0.0163934
33053,61,60,0.0163934
33056,61,60,0.0163934
33059,61,60,0.0163934
33062,61,60,0.0163934
33065,61,60,0.0163934
33068,61,60,0.0163934
33070,61,60,0.0163934
33074,61,60,0.0163934
33077,61,60,0.0163934
33080,61,60,0.0163934
33082,61,60,0.0163934
33084,61,60,0.0163934
33087,61,60,0.0163934
33090,61,60,0.0163934
33093,61,60,0.0163934
33097,61,60,0.0163934
33098,61,60,0.0163934
33100,61,60,0.0163934
33103,61,60,0.0163934
33105,61,60,0.0163934
33107,61,60,0.0163934
33109,61,60,0.0163934
33112,61,60,0.0163934
33114,61,60,0.0163934
33117,61,60,0.0163934
33119,61,60,0.0163934
33121,61,60,0.0163934
33123,61,60,0.0163934
33125,61,60,0.0163934
33127,61,60,0.0163934
33130,61,60,0.0163934
33133,61,60,0.0163934
33134,61,60,0.0163934
33136,61,60,0.0163934
33138,61,60,0.0163934
33140,61,60,0.0163934
33143,61,60,0.0163934
33145,61,60,0.0163934
33148,61,60,0.0163934
33151,61,60,0.0163934
33154,61,60,0.0163934
33157,61,60,0.0163934
33159,61,60,0.0163934
33162,61,60,0.0163934
33165,61,60,0.0163934
33168,61,60,0.0163934
33171,61,60,0.0163934
33174,61,60,0.0163934
33177,61,60,0.0163934
33181,61,60,0.0163934
33184,61,60,0.0163934
33186,61,60,0.0163934
33187,61,60,0.0163934
33189,61,60,0.0163934
33192,61,60,0.0163934
33195,61,60,0.0163934
33197,61,60,0.0163934
33200,61,60,0.0163934
33203,61,60,0.0163934
33206,61,60,0.0163934
33209,61,60,0.0163934
33212,61,60,0.0163934
33214,61,60,0.0163934
33217,61,60,0.0163934
33220,61,60,0.0163934
33222,61,60,0.0163934
33226,61,60,0.0163934
33229,61,60,0.0163934
33233,61,60,0.0163934
33235,61,60,0.0163934
33238,61,60,0.0163934
33242,61,60,0.0163934
33246,61,60,0.0163934
33248,61,60,0.0163934
33251,61,60,0.0163934
33254,61,60,0.0163934
33257,61,60,0.0163934
33260,61,60,0.0163934
33262,61,60,0.0163934
33265,61,60,0.0163934
33268,61,60,0.0163934
33272,61,60,0.0163934
33275,61,60,0.0163934
33279,61,60,0.0163934
33282,61,60,0.0163934
33284,61,60,0.0163934
33286,61,60,0.0163934
33289,61,60,0.0163934
33290,61,60,0.0163934
33293,61,60,0.0163934
33295,61,60,0.0163934
33299,61,60,0.0163934
33301,61,60,0.0163934
33303,61,60,0.0163934
33306,61,60,0.0163934
33309,61,60,0.0163934
33313,61,60,0.0163934
33315,61,60,0.0163934
33317,61,60,0.0163934
33319,61,60,0.0163934
33321,61,60,0.0163934
33323,61,60,0.0163934
33325,61,60,0.0163934
33328,61,60,0.0163934
33330,61,60,0.0163934
33332,61,60,0.0163934
33334,61,60,0.0163934
33336,61,60,0.0163934
33339,61,60,0.0163934
33341,61,60,0.0163934
33343,61,60,0.0163934
33347,61,60,0.0163934
33349,61,60,0.0163934
33351,61,60,0.0163934
33353,61,60,0.0163934
33356,61,60,0.0163934
33357,61,60,0.0163934
33359,61,60,0.0163934
33361,61,60,0.0163934
33363,61,60,0.0163934
33365,61,60,0.0163934
33368,61,60,0.0163934
33370,61,60,0.0163934
33372,61,60,0.0163934
33375,61,60,0.0163934
33377,61,60,0.0163934
33380,61,60,0.0163934
33382,61,60,0.0163934
33385,61,60,0.0163934
33388,61,60,0.0163934
33389,61,60,0.0163934
33391,61,60,0.0163934
33393,61,60,0.0163934
33395,61,60,0.0163934
33397,61,60,0.0163934
33399,61,60,0.0163934
33401,61,60,0.0163934
33403,61,60,0.0163934
33405,61,60,0.0163934
33409,61,60,0.0163934
33412,61,60,0.0163934
33414,61,60,0.0163934
33417,61,60,0.0163934
33420,61,60,0.0163934
33422,61,60,0.0163934
33425,61,60,0.0163934
33428,61,60,0.0163934
33431,61,60,0.0163934
33435,61,60,0.0163934
33437,61,60,0.0163934
33439,61,60,0.0163934
33441,61,60,0.0163934
33443,61,60,0.0163934
33446,61,60,0.0163934
33448,61,60,0.0163934
33451,61,60,0.0163934
33454,61,60,0.0163934
33456,61,60,0.0163934
33458,61,60,0.0163934
33460,61,60,0.0163934
33462,61,60,0.0163934
33466,61,60,0.0163934
33468,61,60,0.0163934
33470,61,60,0.0163934
33473,61,60,0.0163934
33476,61,60,0.0163934
33478,61,60,0.0163934
33480,61,60,0.0163934
33482,61,60,0.0163934
33485,61,60,0.0163934
33487,61,60,0.0163934
33489,61,60,0.0163934
33491,61,60,0.0163934
33493,61,60,0.0163934
33497,61,60,0.0163934
33500,61,60,0.0163934
33502,61,60,0.0163934
33505,61,60,0.0163934
33508,61,60,0.0163934
33510,61,60,0.0163934
33513,61,60,0.0163934
33517,61,60,0.0163934
33520,61,60,0.0163934
33522,61,60,0.0163934
33525,61,60,0.0163934
33528,61,60,0.0163934
33531,61,60,0.0163934
33533,61,60,0.0163934
33535,61,60,0.0163934
33537,61,60,0.0163934
33538,61,60,0.0163934
33541,61,60,0.0163934
33543,61,60,0.0163934
33549,61,60,0.0163934
33551,61,60,0.0163934
33553,61,60,0.0163934
33556,61,60,0.0163934
33559,61,60,0.0163934
33562,61,60,0.0163934
33565,61,60,0.0163934
33567,61,60,0.0163934
33570,61,60,0.0163934
33573,61,60,0.0163934
33576,61,60,0.0163934
33579,61,60,0.0163934
33581,61,60,0.0163934
33582,61,60,0.0163934
33583,61,60,0.0163934
33586,61,60,0.0163934
33588,61,60,0.0163934
33590,61,60,0.0163934
33592,61,60,0.0163934
33595,61,60,0.0163934
33597,61,60,0.0163934
33600,61,60,0.0163934
33602,61,60,0.0163934
33606,61,60,0.0163934
33609,61,60,0.0163934
33613,61,60,0.0163934
33615,61,60,0.0163934
33618,61,60,0.0163934
33620,61,60,0.0163934
33623,61,60,0.0163934
33626,61,60,0.0163934
33629,61,60,0.0163934
33633,61,60,0.0163934
33636,61,60,0.0163934
33639,61,60,0.0163934
33641,61,60,0.0163934
33645,61,60,0.0163934
33647,61,60,0.0163934
33651,61,60,0.0163934
33652,61,60,0.0163934
33654,61,60,0.0163934
33657,61,60,0.0163934
33660,61,60,0.0163934
33663,61,60,0.0163934
33667,61,60,0.0163934
33670,61,60,0.0163934
33673,61,60,0.0163934
33677,61,60,0.0163934
33680,61,60,0.0163934
33683,61,60,0.0163934
33686,61,60,0.0163934
33687,61,60,0.0163934
33689,61,60,0.0163934
33691,61,60,0.0163934
33693,61,60,0.0163934
33696,61,60,0.0163934
33699,61,60,0.0163934
33702,61,60,0.0163934
33704,61,60,0.0163934
33707,61,60,0.0163934
33709,61,60,0.0163934
33713,61,60,0.0163934
33715,61,60,0.0163934
33717,61,60,0.0163934
33719,61,60,0.0163934
33721,61,60,0.0163934
33723,61,60,0.0163934
33725,61,60,0.0163934
33726,61,60,0.0163934
33729,61,60,0.0163934
33731,61,60,0.0163934
33733,61,60,0.0163934
33735,61,60,0.0163934
33737,61,60,0.0163934
33738,61,60,0.0163934
33740,61,60,0.0163934
33744,61,60,0.0163934
33745,61,60,0.0163934
33748,61,60,0.0163934
33751,61,60,0.0163934
33753,61,60,0.0163934
33756,61,60,0.0163934
33758,61,60,0.0163934
33760,61,60,0.0163934
33762,61,60,0.0163934
33765,61,60,0.0163934
33768,61,60,0.0163934
33769,61,60,0.0163934
33771,61,60,0.0163934
33774,61,60,0.0163934
33777,61,60,0.0163934
33780,61,60,0.0163934
33781,61,60,0.0163934
33783,61,60,0.0163934
33785,61,60,0.0163934
33787,61,60,0.0163934
33790,61,60,0.0163934
33792,61,60,0.0163934
33794,61,60,0.0163934
33797,61,60,0.0163934
33800,61,60,0.0163934
33802,61,60,0.0163934
33804,61,60,0.0163934
33807,61,60,0.0163934
33808,61,60,0.0163934
33812,61,60,0.0163934
33815,61,60,0.0163934
33818,61,60,0.0163934
33820,61,60,0.0163934
33822,61,60,0.0163934
33824,61,60,0.0163934
33826,61,60,0.0163934
33828,61,60,0.0163934
33830,61,60,0.0163934
33832,61,60,0.0163934
33835,61,60,0.0163934
33837,61,60,0.0163934
33839,61,60,0.0163934
33841,61,60,0.0163934
33844,61,60,0.0163934
33846,61,60,0.0163934
33848,61,60,0.0163934
33851,61,60,0.0163934
33853,61,60,0.0163934
33858,61,60,0.0163934
33861,61,60,0.0163934
33863,61,60,0.0163934
33865,61,60,0.0163934
33867,61,60,0.0163934
33872,61,60,0.0163934
33875,61,60,0.0163934
33877,61,60,0.0163934
33880,61,60,0.0163934
33882,61,60,0.0163934
33885,61,60,0.0163934
33890,61,60,0.0163934
33892,61,60,0.0163934
33895,61,60,0.0163934
33897,61,60,0.0163934
33899,61,60,0.0163934
33903,61,60,0.0163934
33905,61,60,0.0163934
33909,61,60,0.0163934
33913,61,60,0.0163934
33916,61,60,0.0163934
33919,61,60,0.0163934
33920,61,60,0.0163934
33922,61,60,0.0163934
33925,61,60,0.0163934
33928,61,60,0.0163934
33930,61,60,0.0163934
33932,61,60,0.0163934
33934,61,60,0.0163934
33936,61,60,0.0163934
33937,61,60,0.0163934
33939,61,60,0.0163934
33942,61,60,0.0163934
33945,61,60,0.0163934
33947,61,60,0.0163934
33950,61,60,0.0163934
33952,61,60,0.0163934
33955,61,60,0.0163934
33959,61,60,0.0163934
33963,61,60,0.0163934
33965,61,60,0.0163934
33968,61,60,0.0163934
33970,61,60,0.0163934
33975,61,60,0.0163934
33977,61,60,0.0163934
33980,61,60,0.0163934
33983,61,60,0.0163934
33985,61,60,0.0163934
33987,61,60,0.0163934
33989,61,60,0.0163934
33992,61,60,0.0163934
33995,61,60,0.0163934
33996,61,60,0.0163934
33999,61,60,0.0163934
34001,61,60,0.0163934
34003,61,60,0.0163934
34004,61,60,0.0163934
34006,61,60,0.0163934
34008,61,60,0.0163934
34010,61,60,0.0163934
34013,61,60,0.0163934
34015,61,60,0.0163934
34017,61,60,0.0163934
34019,61,60,0.0163934
34021,61,60,0.0163934
34024,61,60,0.0163934
34026,61,60,0.0163934
34029,61,60,0.0163934
34031,61,60,0.0163934
34032,61,60,0.0163934
34034,61,60,0.0163934
34038,61,60,0.0163934
34040,61,60,0.0163934
34042,61,60,0.0163934
34044,61,60,0.0163934
34046,61,60,0.0163934
34048,61,60,0.0163934
34050,61,60,0.0163934
34052,61,60,0.0163934
34054,61,60,0.0163934
34056,61,60,0.0163934
34058,61,60,0.0163934
34060,61,60,0.0163934
34062,61,60,0.0163934
34066,61,60,0.0163934
34067,61,60,0.0163934
34069,61,60,0.0163934
34071,61,60,0.0163934
34074,61,60,0.0163934
34076,61,60,0.0163934
34078,61,60,0.0163934
34079,61,60,0.0163934
34082,61,60,0.0163934
34083,61,60,0.0163934
34086,61,60,0.0163934
34088,61,60,0.0163934
34090,61,60,0.0163934
34092,61,60,0.0163934
34095,61,60,0.0163934
34098,61,60,0.0163934
34101,61,60,0.0163934
34103,61,60,0.0163934
34106,61,60,0.0163934
34109,61,60,0.0163934
34112,61,60,0.0163934
34114,61,60,0.0163934
34115,61,60,0.0163934
34117,61,60,0.0163934
34119,61,60,0.0163934
34121,61,60,0.0163934
34123,61,60,0.0163934
34125,61,60,0.0163934
34127,61,60,0.0163934
34129,61,60,0.0163934
34133,61,60,0.0163934
34135,61,60,0.0163934
34137,61,60,0.0163934
34139,61,60,0.0163934
34142,61,60,0.0163934
34144,61,60,0.0163934
34146,61,60,0.0163934
34148,61,60,0.0163934
34150,61,60,0.0163934
34152,61,60,0.0163934
34154,61,60,0.0163934
34156,61,60,0.0163934
34158,61,60,0.0163934
34160,61,60,0.0163934
34162,61,60,0.0163934
34164,61,60,0.0163934
34166,61,60,0.0163934
34169,61,60,0.0163934
34172,61,60,0.0163934
34175,61,60,0.0163934
34177,61,60,0.0163934
34180,61,60,0.0163934
34182,61,60,0.0163934
34185,61,60,0.0163934
34188,61,60,0.0163934
34190,61,60,0.0163934
34192,61,60,0.0163934
34194,61,60,0.0163934
34196,61,60,0.0163934
34198,61,60,0.0163934
34200,61,60,0.0163934
34203,61,60,0.0163934
34205,61,60,0.0163934
34208,61,60,0.0163934
34210,61,60,0.0163934
34212,61,60,0.0163934
34215,61,60,0.0163934
34217,61,60,0.0163934
34219,61,60,0.0163934
34222,61,60,0.0163934
34225,61,60,0.0163934
34227,61,60,0.0163934
34229,61,60,0.0163934
34231,61,60,0.0163934
34234,61,60,0.0163934
34237,61,60,0.0163934
34239,61,60,0.0163934
34241,61,60,0.0163934
34244,61,60,0.0163934
34246,61,60,0.0163934
34248,61,60,0.0163934
34250,61,60,0.0163934
34252,61,60,0.0163934
34254,61,60,0.0163934
34257,61,60,0.0163934
34260,61,60,0.0163934
34261,61,60,0.0163934
34264,61,60,0.0163934
34266,61,60,0.0163934
34268,61,60,0.0163934
34270,61,60,0.0163934
34272,61,60,0.0163934
34274,61,60,0.0163934
34276,61,60,0.0163934
34278,61,60,0.0163934
34280,61,60,0.0163934
34282,61,60,0.0163934
34285,61,60,0.0163934
34287,61,60,0.0163934
34289,61,60,0.0163934
34293,61,60,0.0163934
34295,61,60,0.0163934
34299,61,60,0.0163934
34301,61,60,0.0163934
34303,61,60,0.0163934
34305,61,60,0.0163934
34307,61,60,0.0163934
34309,61,60,0.0163934
34311,61,60,0.0163934
34314,61,60,0.0163934
34316,61,60,0.0163934
34318,61,60,0.0163934
34320,61,60,0.0163934
34322,61,60,0.0163934
34324,61,60,0.0163934
34327,61,60,0.0163934
34329,61,60,0.0163934
34331,61,60,0.0163934
34334,61,60,0.0163934
34337,61,60,0.0163934
34339,61,60,0.0163934
34342,61,60,0.0163934
34345,61,60,0.0163934
34347,61,60,0.0163934
34349,61,60,0.0163934
34351,61,60,0.0163934
34352,61,60,0.0163934
34354,61,60,0.0163934
34357,61,60,0.0163934
34358,61,60,0.0163934
34361,61,60,0.0163934
34362,61,60,0.0163934
34365,61,60,0.0163934
34367,61,60,0.0163934
34369,61,60,0.0163934
34371,61,60,0.0163934
34373,61,60,0.0163934
34376,61,60,0.0163934
34377,61,60,0.0163934
34379,61,60,0.0163934
34381,61,60,0.0163934
34383,61,60,0.0163934
34386,61,60,0.0163934
34389,61,60,0.0163934
34391,61,60,0.0163934
34393,61,60,0.0163934
34396,61,60,0.0163934
34398,61,60,0.0163934
34401,61,60,0.0163934
34402,61,60,0.0163934
34404,61,60,0.0163934
34406,61,60,0.0163934
34409,61,60,0.0163934
34411,61,60,0.0163934
34413,61,60,0.0163934
34416,61,60,0.0163934
34418,61,60,0.0163934
34421,61,60,0.0163934
34423,61,60,0.0163934
34426,61,60,0.0163934
34429,61,60,0.0163934
34431,61,60,0.0163934
34433,61,60,0.0163934
34435,61,60,0.0163934
34437,61,60,0.0163934
34439,61,60,0.0163934
34442,61,60,0.0163934
34444,61,60,0.0163934
34447,61,60,0.0163934
34449,61,60,0.0163934
34452,61,60,0.0163934
34453,61,60,0.0163934
34455,61,60,0.0163934
34457,61,60,0.0163934
34459,61,60,0.0163934
34463,61,60,0.0163934
34466,61,60,0.0163934
34468,61,60,0.0163934
34469,61,60,0.0163934
34473,61,60,0.0163934
34475,61,60,0.0163934
34477,61,60,0.0163934
34480,61,60,0.0163934
34482,61,60,0.0163934
34484,61,60,0.0163934
34486,61,60,0.0163934
34489,61,60,0.0163934
34491,61,60,0.0163934
34493,61,60,0.0163934
34495,61,60,0.0163934
34498,61,60,0.0163934
34500,61,60,0.0163934
34502,61,60,0.0163934
34504,61,60,0.0163934
34506,61,60,0.0163934
34510,61,60,0.0163934
34512,61,60,0.0163934
34517,61,60,0.0163934
34519,61,60,0.0163934
34521,61,60,0.0163934
34524,61,60,0.0163934
34528,61,60,0.0163934
34531,61,60,0.0163934
34533,61,60,0.0163934
34536,61,60,0.0163934
34538,61,60,0.0163934
34541,61,60,0.0163934
34546,61,60,0.0163934
34548,61,60,0.0163934
34550,61,60,0.0163934
34553,61,60,0.0163934
34566,61,60,0.0163934
34569,61,60,0.0163934
34573,61,60,0.0163934
34576,61,60,0.0163934
34578,61,60,0.0163934
34580,61,60,0.0163934
34582,61,60,0.0163934
34585,61,60,0.0163934
34587,61,60,0.0163934
34590,61,60,0.0163934
34592,61,60,0.0163934
34594,61,60,0.0163934
34597,61,60,0.0163934
34598,61,60,0.0163934
34600,61,60,0.0163934
34602,61,60,0.0163934
34605,61,60,0.0163934
34607,61,60,0.0163934
34609,61,60,0.0163934
34612,61,60,0.0163934
34614,61,60,0.0163934
34616,61,60,0.0163934
34620,61,60,0.0163934
34624,61,60,0.0163934
34626,61,60,0.0163934
34628,61,60,0.0163934
34630,61,60,0.0163934
34633,61,60,0.0163934
34637,61,60,0.0163934
34639,61,60,0.0163934
34641,61,60,0.0163934
34643,61,60,0.0163934
34645,61,60,0.0163934
34649,61,60,0.0163934
34653,61,60,0.0163934
34656,61,60,0.0163934
34659,61,60,0.0163934
34663,61,60,0.0163934
34666,61,60,0.0163934
34669,61,60,0.0163934
34672,61,60,0.0163934
34677,61,60,0.0163934
34679,61,60,0.0163934
34682,61,60,0.0163934
34684,61,60,0.0163934
34686,61,60,0.0163934
34690,61,60,0.0163934
34693,61,60,0.0163934
34695,61,60,0.0163934
34697,61,60,0.0163934
34700,61,60,0.0163934
34702,61,60,0.0163934
34704,61,60,0.0163934
34707,61,60,0.0163934
34710,61,60,0.0163934
34712,61,60,0.0163934
34715,61,60,0.0163934
34716,61,60,0.0163934
34718,61,60,0.0163934
34720,61,60,0.0163934
34722,61,60,0.0163934
34725,61,60,0.0163934
34728,61,60,0.0163934
34731,61,60,0.0163934
34733,61,60,0.0163934
34735,61,60,0.0163934
34737,61,60,0.0163934
34740,61,60,0.0163934
34743,61,60,0.0163934
34746,61,60,0.0163934
34748,61,60,0.0163934
34750,61,60,0.0163934
34752,61,60,0.0163934
34754,61,60,0.0163934
34755,61,60,0.0163934
34757,61,60,0.0163934
34761,61,60,0.0163934
34763,61,60,0.0163934
34767,61,60,0.0163934
34769,61,60,0.0163934
34772,61,60,0.0163934
34775,61,60,0.0163934
34777,61,60,0.0163934
34779,61,60,0.0163934
34782,61,60,0.0163934
34784,61,60,0.0163934
34787,61,60,0.0163934
34790,61,60,0.0163934
34793,61,60,0.0163934
34795,61,60,0.0163934
34797,61,60,0.0163934
34799,61,60,0.0163934
34801,61,60,0.0163934
34804,61,60,0.0163934
34807,61,60,0.0163934
34810,61,60,0.0163934
34814,61,60,0.0163934
34816,61,60,0.0163934
34818,61,60,0.0163934
34821,61,60,0.0163934
34824,61,60,0.0163934
34826,61,60,0.0163934
34829,61,60,0.0163934
34832,61,60,0.0163934
34834,61,60,0.0163934
34837,61,60,0.0163934
34840,61,60,0.0163934
34842,61,60,0.0163934
34845,61,60,0.0163934
34848,61,60,0.0163934
34850,61,60,0.0163934
34852,61,60,0.0163934
34854,61,60,0.0163934
34857,61,60,0.0163934
34861,61,60,0.0163934
34865,61,60,0.0163934
34868,61,60,0.0163934
34871,61,60,0.0163934
34874,61,60,0.0163934
34879,61,60,0.0163934
34882,61,60,0.0163934
34884,61,60,0.0163934
34886,61,60,0.0163934
34890,61,60,0.0163934
34895,61,60,0.0163934
34897,61,60,0.0163934
34899,61,60,0.0163934
34901,61,60,0.0163934
34903,61,60,0.0163934
34906,61,60,0.0163934
34908,61,60,0.0163934
34910,61,60,0.0163934
34912,61,60,0.0163934
34914,61,60,0.0163934
34916,61,60,0.0163934
34918,61,60,0.0163934
34920,61,60,0.0163934
34922,61,60,0.0163934
34924,61,60,0.0163934
34926,61,60,0.0163934
34929,61,60,0.0163934
34931,61,60,0.0163934
34933,61,60,0.0163934
34935,61,60,0.0163934
34937,61,60,0.0163934
34939,61,60,0.0163934
34942,61,60,0.0163934
34944,61,60,0.0163934
34946,61,60,0.0163934
34948,61,60,0.0163934
34951,61,60,0.0163934
34953,61,60,0.0163934
34955,61,60,0.0163934
34958,61,60,0.0163934
34961,61,60,0.0163934
34964,61,60,0.0163934
34966,61,60,0.0163934
34968,61,60,0.0163934
34971,61,60,0.0163934
34973,61,60,0.0163934
34976,61,60,0.0163934
34979,61,60,0.0163934
34981,61,60,0.0163934
34983,61,60,0.0163934
34986,61,60,0.0163934
34987,61,60,0.0163934
34989,61,60,0.0163934
34992,61,60,0.0163934
34994,61,60,0.0163934
34997,61,60,0.0163934
34999,61,60,0.0163934
35001,61,60,0.0163934
35004,61,60,0.0163934
35006,61,60,0.0163934
35009,61,60,0.0163934
35012,61,60,0.0163934
35015,61,60,0.0163934
35017,61,60,0.0163934
35020,61,60,0.0163934
35022,61,60,0.0163934
35024,61,60,0.0163934
35027,61,60,0.0163934
35029,61,60,0.0163934
35032,61,60,0.0163934
35035,61,60,0.0163934
35039,61,60,0.0163934
35042,61,60,0.0163934
35044,61,60,0.0163934
35046,61,60,0.0163934
35049,61,60,0.0163934
35051,61,60,0.0163934
35054,61,60,0.0163934
35056,61,60,0.0163934
35059,61,60,0.0163934
35061,61,60,0.0163934
35063,61,60,0.0163934
35066,61,60,0.0163934
35069,61,60,0.0163934
35073,61,60,0.0163934
35075,61,60,0.0163934
35078,61,60,0.0163934
35081,61,60,0.0163934
35084,61,60,0.0163934
35086,61,60,0.0163934
35088,61,60,0.0163934
35090,61,60,0.0163934
35092,61,60,0.0163934
35094,61,60,0.0163934
35098,61,60,0.0163934
35101,61,60,0.0163934
35103,61,60,0.0163934
35105,61,60,0.0163934
35108,61,60,0.0163934
35112,61,60,0.0163934
35114,61,60,0.0163934
35116,61,60,0.0163934
35118,61,60,0.0163934
35120,61,60,0.0163934
35123,61,60,0.0163934
35125,61,60,0.0163934
35130,61,60,0.0163934
35133,61,60,0.0163934
35135,61,60,0.0163934
35138,61,60,0.0163934
35141,61,60,0.0163934
35144,61,60,0.0163934
35147,61,60,0.0163934
35150,61,60,0.0163934
35152,61,60,0.0163934
35155,61,60,0.0163934
35158,61,60,0.0163934
35160,61,60,0.0163934
35163,61,60,0.0163934
35166,61,60,0.0163934
35169,61,60,0.0163934
35172,61,60,0.0163934
35174,61,60,0.0163934
35177,61,60,0.0163934
35179,61,60,0.0163934
35182,61,60,0.0163934
35186,61,60,0.0163934
35188,61,60,0.0163934
35190,61,60,0.0163934
35192,61,60,0.0163934
35194,61,60,0.0163934
35197,61,60,0.0163934
35199,61,60,0.0163934
35201,61,60,0.0163934
35204,61,60,0.0163934
35206,61,60,0.0163934
35209,61,60,0.0163934
35212,61,60,0.0163934
35214,61,60,0.0163934
35217,61,60,0.0163934
35219,61,60,0.0163934
35222,61,60,0.0163934
35225,61,60,0.0163934
35227,61,60,0.0163934
35229,61,60,0.0163934
35232,61,60,0.0163934
35235,61,60,0.0163934
35238,61,60,0.0163934
35242,61,60,0.0163934
35245,61,60,0.0163934
35247,61,60,0.0163934
35249,61,60,0.0163934
35252,61,60,0.0163934
35254,61,60,0.0163934
35256,61,60,0.0163934
35259,61,60,0.0163934
35261,61,60,0.0163934
35265,61,60,0.0163934
35267,61,60,0.0163934
35269,61,60,0.0163934
35271,61,60,0.0163934
35273,61,60,0.0163934
35275,61,60,0.0163934
35278,61,60,0.0163934
35280,61,60,0.0163934
35282,61,60,0.0163934
35284,61,60,0.0163934
35286,61,60,0.0163934
35289,61,60,0.0163934
35291,61,60,0.0163934
35294,61,60,0.0163934
35297,61,60,0.0163934
35299,61,60,0.0163934
35301,61,60,0.0163934
35303,61,60,0.0163934
35305,61,60,0.0163934
35308,61,60,0.0163934
35310,61,60,0.0163934
35313,61,60,0.0163934
35316,61,60,0.0163934
35319,61,60,0.0163934
35322,61,60,0.0163934
35325,61,60,0.0163934
35328,61,60,0.0163934
35330,61,60,0.0163934
35333,61,60,0.0163934
35336,61,60,0.0163934
35338,61,60,0.0163934
35342,61,60,0.0163934
35345,61,60,0.0163934
35347,61,60,0.0163934
35350,61,60,0.0163934
35353,61,60,0.0163934
35356,61,60,0.0163934
35360,61,60,0.0163934
35362,61,60,0.0163934
35364,61,60,0.0163934
35366,61,60,0.0163934
35368,61,60,0.0163934
35371,61,60,0.0163934
35373,61,60,0.0163934
35375,61,60,0.0163934
35378,61,60,0.0163934
35380,61,60,0.0163934
35383,61,60,0.0163934
35385,61,60,0.0163934
35388,61,60,0.0163934
35391,61,60,0.0163934
35393,61,60,0.0163934
35396,61,60,0.0163934
35398,61,60,0.0163934
35401,61,60,0.0163934
35403,61,60,0.0163934
35406,61,60,0.0163934
35409,61,60,0.0163934
35412,61,60,0.0163934
35415,61,60,0.0163934
35417,61,60,0.0163934
35419,61,60,0.0163934
35422,61,60,0.0163934
35424,61,60,0.0163934
35427,61,60,0.0163934
35429,61,60,0.0163934
35432,61,60,0.0163934
35434,61,60,0.0163934
35436,61,60,0.0163934
35440,61,60,0.0163934
35444,61,60,0.0163934
35446,61,60,0.0163934
35450,61,60,0.0163934
35452,61,60,0.0163934
35454,61,60,0.0163934
35457,61,60,0.0163934
35459,61,60,0.0163934
35462,61,60,0.0163934
35464,61,60,0.0163934
35467,61,60,0.0163934
35469,61,60,0.0163934
35471,61,60,0.0163934
35474,61,60,0.0163934
35476,61,60,0.0163934
35478,61,60,0.0163934
35481,61,60,0.0163934
35484,61,60,0.0163934
35487,61,60,0.0163934
35491,61,60,0.0163934
35493,61,60,0.0163934
35498,61,60,0.0163934
35500,61,60,0.0163934
35503,61,60,0.0163934
35505,61,60,0.0163934
35508,61,60,0.0163934
35511,61,60,0.0163934
35513,61,60,0.0163934
35515,61,60,0.0163934
35518,61,60,0.0163934
35521,61,60,0.0163934
35524,61,60,0.0163934
35527,61,60,0.0163934
35530,61,60,0.0163934
35536,61,60,0.0163934
35538,61,60,0.0163934
35542,61,60,0.0163934
35546,61,60,0.0163934
35549,61,60,0.0163934
35551,61,60,0.0163934
35554,61,60,0.0163934
35557,61,60,0.0163934
35561,61,60,0.0163934
35563,61,60,0.0163934
35566,61,60,0.0163934
35568,61,60,0.0163934
35570,61,60,0.0163934
35573,61,60,0.0163934
35575,61,60,0.0163934
35577,61,60,0.0163934
35580,61,60,0.0163934
35582,61,60,0.0163934
35585,61,60,0.0163934
35588,61,60,0.0163934
35591,61,60,0.0163934
35593,61,60,0.0163934
35595,61,60,0.0163934
35599,61,60,0.0163934
35601,61,60,0.0163934
35603,61,60,0.0163934
35606,61,60,0.0163934
35609,61,60,0.0163934
35613,61,60,0.0163934
35616,61,60,0.0163934
35619,61,60,0.0163934
35620,61,60,0.0163934
35623,61,60,0.0163934
35628,61,60,0.0163934
35629,61,60,0.0163934
35631,61,60,0.0163934
35633,61,60,0.0163934
35635,61,60,0.0163934
35637,61,60,0.0163934
35639,61,60,0.0163934
35642,61,60,0.0163934
35645,61,60,0.0163934
35647,61,60,0.0163934
35649,61,60,0.0163934
35651,61,60,0.0163934
35653,61,60,0.0163934
35656,61,60,0.0163934
35658,61,60,0.0163934
35661,61,60,0.0163934
35664,61,60,0.0163934
35667,61,60,0.0163934
35669,61,60,0.0163934
35670,61,60,0.0163934
35673,61,60,0.0163934
35676,61,60,0.0163934
35678,61,60,0.0163934
35680,61,60,0.0163934
35682,61,60,0.0163934
35685,61,60,0.0163934
35687,61,60,0.0163934
35689,61,60,0.0163934
35692,61,60,0.0163934
35694,61,60,0.0163934
35696,61,60,0.0163934
35699,61,60,0.0163934
35701,61,60,0.0163934
35704,61,60,0.0163934
35709,61,60,0.0163934
35712,61,60,0.0163934
35714,61,60,0.0163934
35718,61,60,0.0163934
35721,61,60,0.0163934
35724,61,60,0.0163934
35726,61,60,0.0163934
35729,61,60,0.0163934
35731,61,60,0.0163934
35734,61,60,0.0163934
35737,61,60,0.0163934
35742,61,60,0.0163934
35745,61,60,0.0163934
35749,61,60,0.0163934
35754,61,60,0.0163934
35757,61,60,0.0163934
35761,61,60,0.0163934
35764,61,60,0.0163934
35766,61,60,0.0163934
35768,61,60,0.0163934
35770,61,60,0.0163934
35772,61,60,0.0163934
35774,61,60,0.0163934
35777,61,60,0.0163934
35779,61,60,0.0163934
35781,61,60,0.0163934
35783,61,60,0.0163934
35785,61,60,0.0163934
35787,61,60,0.0163934
35789,61,60,0.0163934
35793,61,60,0.0163934
35796,61,60,0.0163934
35798,61,60,0.0163934
35801,61,60,0.0163934
35804,61,60,0.0163934
35806,61,60,0.0163934
35809,61,60,0.0163934
35811,61,60,0.0163934
35814,61,60,0.0163934
35816,61,60,0.0163934
35819,61,60,0.0163934
35824,61,60,0.0163934
35826,61,60,0.0163934
35831,61,60,0.0163934
35834,61,60,0.0163934
35836,61,60,0.0163934
35841,61,60,0.0163934
35844,61,60,0.0163934
35848,61,60,0.0163934
35851,61,60,0.0163934
35853,61,60,0.0163934
35856,61,60,0.0163934
35858,61,60,0.0163934
35859,61,60,0.0163934
35863,61,60,0.0163934
35866,61,60,0.0163934
35868,61,60,0.0163934
35871,61,60,0.0163934
35876,61,60,0.0163934
35879,61,60,0.0163934
35881,61,60,0.0163934
35883,61,60,0.0163934
35885,61,60,0.0163934
35887,61,60,0.0163934
35890,61,60,0.0163934
35892,61,60,0.0163934
35895,61,60,0.0163934
35897,61,60,0.0163934
35899,61,60,0.0163934
35901,61,60,0.0163934
35903,61,60,0.0163934
35905,61,60,0.0163934
35907,61,60,0.0163934
35910,61,60,0.0163934
35912,61,60,0.0163934
35915,61,60,0.0163934
35916,61,60,0.0163934
35918,61,60,0.0163934
35920,61,60,0.0163934
35922,61,60,0.0163934
35924,61,60,0.0163934
35927,61,60,0.0163934
35929,61,60,0.0163934
35931,61,60,0.0163934
35933,61,60,0.0163934
35935,61,60,0.0163934
35937,61,60,0.0163934
35939,61,60,0.0163934
35942,61,60,0.0163934
35944,61,60,0.0163934
35946,61,60,0.0163934
35948,61,60,0.0163934
35950,61,60,0.0163934
35951,61,60,0.0163934
35953,61,60,0.0163934
35956,61,60,0.0163934
35958,61,60,0.0163934
35960,61,60,0.0163934
35962,61,60,0.0163934
35964,61,60,0.0163934
35966,61,60,0.0163934
35968,61,60,0.0163934
35970,61,60,0.0163934
35973,61,60,0.0163934
35975,61,60,0.0163934
35977,61,60,0.0163934
35979,61,60,0.0163934
35981,61,60,0.0163934
35983,61,60,0.0163934
35985,61,60,0.0163934
35987,61,60,0.0163934
35990,61,60,0.0163934
35992,61,60,0.0163934
35994,61,60,0.0163934
35996,61,60,0.0163934
35998,61,60,0.0163934
36000,61,60,0.0163934
36002,61,60,0.0163934
36007,61,60,0.0163934
36009,61,60,0.0163934
36011,61,60,0.0163934
36013,61,60,0.0163934
36016,61,60,0.0163934
36017,61,60,0.0163934
36021,61,60,0.0163934
36024,61,60,0.0163934
36027,61,60,0.0163934
36030,61,60,0.0163934
36032,61,60,0.0163934
36034,61,60,0.0163934
36036,61,60,0.0163934
36038,61,60,0.0163934
36041,61,60,0.0163934
36044,61,60,0.0163934
36046,61,60,0.0163934
36049,61,60,0.0163934
36051,61,60,0.0163934
36054,61,60,0.0163934
36056,61,60,0.0163934
36059,61,60,0.0163934
36061,61,60,0.0163934
36063,61,60,0.0163934
36065,61,60,0.0163934
36067,61,60,0.0163934
36069,61,60,0.0163934
36071,61,60,0.0163934
36073,61,60,0.0163934
36075,61,60,0.0163934
36077,61,60,0.0163934
36079,61,60,0.0163934
36083,61,60,0.0163934
36085,61,60,0.0163934
36087,61,60,0.0163934
36089,61,60,0.0163934
36092,61,60,0.0163934
36094,61,60,0.0163934
36096,61,60,0.0163934
36098,61,60,0.0163934
36100,61,60,0.0163934
36102,61,60,0.0163934
36104,61,60,0.0163934
36106,61,60,0.0163934
36109,61,60,0.0163934
36111,61,60,0.0163934
36113,61,60,0.0163934
36116,61,60,0.0163934
36118,61,60,0.0163934
36120,61,60,0.0163934
36122,61,60,0.0163934
36124,61,60,0.0163934
36126,61,60,0.0163934
36129,61,60,0.0163934
36131,61,60,0.0163934
36133,61,60,0.0163934
36135,61,60,0.0163934
36137,61,60,0.0163934
36139,61,60,0.0163934
36142,61,60,0.0163934
36144,61,60,0.0163934
36147,61,60,0.0163934
36149,61,60,0.0163934
36151,61,60,0.0163934
36153,61,60,0.0163934
36155,61,60,0.0163934
36157,61,60,0.0163934
36159,61,60,0.0163934
36161,61,60,0.0163934
36163,61,60,0.0163934
36166,61,60,0.0163934
36168,61,60,0.0163934
36170,61,60,0.0163934
36172,61,60,0.0163934
36175,61,60,0.0163934
36179,61,60,0.0163934
36181,61,60,0.0163934
36184,61,60,0.0163934
36186,61,60,0.0163934
36188,61,60,0.0163934
36190,61,60,0.0163934
36192,61,60,0.0163934
36194,61,60,0.0163934
36197,61,60,0.0163934
36200,61,60,0.0163934
36202,61,60,0.0163934
36204,61,60,0.0163934
36206,61,60,0.0163934
36209,61,60,0.0163934
36212,61,60,0.0163934
36214,61,60,0.0163934
36216,61,60,0.0163934
36218,61,60,0.0163934
36220,61,60,0.0163934
36224,61,60,0.0163934
36226,61,60,0.0163934
36228,61,60,0.0163934
36230,61,60,0.0163934
36233,61,60,0.0163934
36235,61,60,0.0163934
36237,61,60,0.0163934
36239,61,60,0.0163934
36242,61,60,0.0163934
36245,61,60,0.0163934
36247,61,60,0.0163934
36249,61,60,0.0163934
36252,61,60,0.0163934
36255,61,60,0.0163934
36257,61,60,0.0163934
36259,61,60,0.0163934
36262,61,60,0.0163934
36265,61,60,0.0163934
36267,61,60,0.0163934
36270,61,60,0.0163934
36272,61,60,0.0163934
36275,61,60,0.0163934
36277,61,60,0.0163934
36279,61,60,0.0163934
36282,61,60,0.0163934
36284,61,60,0.0163934
36286,61,60,0.0163934
36288,61,60,0.0163934
36290,61,60,0.0163934
36293,61,60,0.0163934
36295,61,60,0.0163934
36298,61,60,0.0163934
36301,61,60,0.0163934
36303,61,60,0.0163934
36306,61,60,0.0163934
36309,61,60,0.0163934
36314,61,60,0.0163934
36318,61,60,0.0163934
36324,61,60,0.0163934
36330,61,60,0.0163934
36334,61,60,0.0163934
36336,61,60,0.0163934
36339,61,60,0.0163934
36341,61,60,0.0163934
36344,61,60,0.0163934
36346,61,60,0.0163934
36348,61,60,0.0163934
36351,61,60,0.0163934
36354,61,60,0.0163934
36357,61,60,0.0163934
36361,61,60,0.0163934
36365,61,60,0.0163934
36368,61,60,0.0163934
36371,61,60,0.0163934
36374,61,60,0.0163934
36376,61,60,0.0163934
36379,61,60,0.0163934
36381,61,60,0.0163934
36384,61,60,0.0163934
36386,61,60,0.0163934
36389,61,60,0.0163934
36394,61,60,0.0163934
36397,61,60,0.0163934
36400,61,60,0.0163934
36402,61,60,0.0163934
36406,61,60,0.0163934
36409,61,60,0.0163934
36412,61,60,0.0163934
36416,61,60,0.0163934
36418,61,60,0.0163934
36420,61,60,0.0163934
36423,61,60,0.0163934
36426,61,60,0.0163934
36430,61,60,0.0163934
36432,61,60,0.0163934
36434,61,60,0.0163934
36436,61,60,0.0163934
36438,61,60,0.0163934
36440,61,60,0.0163934
36442,61,60,0.0163934
36445,61,60,0.0163934
36447,61,60,0.0163934
36450,61,60,0.0163934
36453,61,60,0.0163934
36457,61,60,0.0163934
36459,61,60,0.0163934
36461,61,60,0.0163934
36464,61,60,0.0163934
36466,61,60,0.0163934
36468,61,60,0.0163934
36470,61,60,0.0163934
36473,61,60,0.0163934
36475,61,60,0.0163934
36477,61,60,0.0163934
36480,61,60,0.0163934
36482,61,60,0.0163934
36486,61,60,0.0163934
36489,61,60,0.0163934
36492,61,60,0.0163934
36495,61,60,0.0163934
36497,61,60,0.0163934
36499,61,60,0.0163934
36501,61,60,0.0163934
36503,61,60,0.0163934
36507,61,60,0.0163934
36510,61,60,0.0163934
36513,61,60,0.0163934
36515,61,60,0.0163934
36517,61,60,0.0163934
36520,61,60,0.0163934
36522,61,60,0.0163934
36524,61,60,0.0163934
36526,61,60,0.0163934
36528,61,60,0.0163934
36532,61,60,0.0163934
36534,61,60,0.0163934
36537,61,60,0.0163934
36540,61,60,0.0163934
36543,61,60,0.0163934
36545,61,60,0.0163934
36547,61,60,0.0163934
36549,61,60,0.0163934
36551,61,60,0.0163934
36554,61,60,0.0163934
36556,61,60,0.0163934
36558,61,60,0.0163934
36560,61,60,0.0163934
36562,61,60,0.0163934
36564,61,60,0.0163934
36566,61,60,0.0163934
36569,61,60,0.0163934
36573,61,60,0.0163934
36576,61,60,0.0163934
36579,61,60,0.0163934
36582,61,60,0.0163934
36585,61,60,0.0163934
36587,61,60,0.0163934
36591,61,60,0.0163934
36593,61,60,0.0163934
36595,61,60,0.0163934
36598,61,60,0.0163934
36602,61,60,0.0163934
36604,61,60,0.0163934
36607,61,60,0.0163934
36611,61,60,0.0163934
36615,61,60,0.0163934
36617,61,60,0.0163934
36619,61,60,0.0163934
36621,61,60,0.0163934
36624,61,60,0.0163934
36627,61,60,0.0163934
36632,61,60,0.0163934
36635,61,60,0.0163934
36637,61,60,0.0163934
36641,61,60,0.0163934
36646,61,60,0.0163934
36648,61,60,0.0163934
36651,61,60,0.0163934
36655,61,60,0.0163934
36659,61,60,0.0163934
36665,61,60,0.0163934
36669,61,60,0.0163934
36672,61,60,0.0163934
36675,61,60,0.0163934
36679,61,60,0.0163934
36685,61,60,0.0163934
36692,61,60,0.0163934
36695,61,60,0.0163934
36698,61,60,0.0163934
36700,61,60,0.0163934
36702,61,60,0.0163934
36706,61,60,0.0163934
36709,61,60,0.0163934
36711,61,60,0.0163934
36713,61,60,0.0163934
36715,61,60,0.0163934
36717,61,60,0.0163934
36719,61,60,0.0163934
36721,61,60,0.0163934
36723,61,60,0.0163934
36726,61,60,0.0163934
36728,61,60,0.0163934
36731,61,60,0.0163934
36734,61,60,0.0163934
36736,61,60,0.0163934
36739,61,60,0.0163934
36741,61,60,0.0163934
36743,61,60,0.0163934
36746,61,60,0.0163934
36749,61,60,0.0163934
36751,61,60,0.0163934
36754,61,60,0.0163934
36756,61,60,0.0163934
36759,61,60,0.0163934
36762,61,60,0.0163934
36764,61,60,0.0163934
36767,61,60,0.0163934
36769,61,60,0.0163934
36771,61,60,0.0163934
36774,61,60,0.0163934
36776,61,60,0.0163934
36778,61,60,0.0163934
36780,61,60,0.0163934
36782,61,60,0.0163934
36786,61,60,0.0163934
36789,61,60,0.0163934
36793,61,60,0.0163934
36796,61,60,0.0163934
36799,61,60,0.0163934
36801,61,60,0.0163934
36803,61,60,0.0163934
36805,61,60,0.0163934
36807,61,60,0.0163934
36809,61,60,0.0163934
36812,61,60,0.0163934
36814,61,60,0.0163934
36816,61,60,0.0163934
36820,61,60,0.0163934
36822,61,60,0.0163934
36824,61,60,0.0163934
36827,61,60,0.0163934
36831,61,60,0.0163934
36833,61,60,0.0163934
36836,61,60,0.0163934
36840,61,60,0.0163934
36845,61,60,0.0163934
36847,61,60,0.0163934
36850,61,60,0.0163934
36853,61,60,0.0163934
36857,61,60,0.0163934
36860,61,60,0.0163934
36864,61,60,0.0163934
36866,61,60,0.0163934
36869,61,60,0.0163934
36872,61,60,0.0163934
36875,61,60,0.0163934
36878,61,60,0.0163934
36881,61,60,0.0163934
36883,61,60,0.0163934
36885,61,60,0.0163934
36887,61,60,0.0163934
36891,61,60,0.0163934
36894,61,60,0.0163934
36897,61,60,0.0163934
36899,61,60,0.0163934
36901,61,60,0.0163934
36904,61,60,0.0163934
36908,61,60,0.0163934
36912,61,60,0.0163934
36914,61,60,0.0163934
36917,61,60,0.0163934
36920,61,60,0.0163934
36923,61,60,0.0163934
36926,61,60,0.0163934
36929,61,60,0.0163934
36932,61,60,0.0163934
36934,61,60,0.0163934
36936,61,60,0.0163934
36943,61,60,0.0163934
36947,61,60,0.0163934
36950,61,60,0.0163934
36953,61,60,0.0163934
36957,61,60,0.0163934
36962,61,60,0.0163934
36965,61,60,0.0163934
36968,61,60,0.0163934
36972,61,60,0.0163934
36977,61,60,0.0163934
36980,61,60,0.0163934
36983,61,60,0.0163934
36985,61,60,0.0163934
36989,61,60,0.0163934
36993,61,60,0.0163934
36996,61,60,0.0163934
36998,61,60,0.0163934
37001,61,60,0.0163934
37007,61,60,0.0163934
37011,61,60,0.0163934
37015,61,60,0.0163934
37018,61,60,0.0163934
37022,61,60,0.0163934
37025,61,60,0.0163934
37029,61,60,0.0163934
37032,61,60,0.0163934
37034,61,60,0.0163934
37037,61,60,0.0163934
37073,61,60,0.0163934
37110,61,60,0.0163934
37115,61,60,0.0163934
37123,61,60,0.0163934
37138,61,60,0.0163934
37141,61,60,0.0163934
37144,61,60,0.0163934
37147,61,60,0.0163934
37149,61,60,0.0163934
37151,61,60,0.0163934
37154,61,60,0.0163934
37156,61,60,0.0163934
37159,61,60,0.0163934
37162,61,60,0.0163934
37164,61,60,0.0163934
37166,61,60,0.0163934
37168,61,60,0.0163934
37171,61,60,0.0163934
37173,61,60,0.0163934
37176,61,60,0.0163934
37178,61,60,0.0163934
37181,61,60,0.0163934
37184,61,60,0.0163934
37186,61,60,0.0163934
37189,61,60,0.0163934
37191,61,60,0.0163934
37194,61,60,0.0163934
37196,61,60,0.0163934
37199,61,60,0.0163934
37201,61,60,0.0163934
37204,61,60,0.0163934
37206,61,60,0.0163934
37208,61,60,0.0163934
37211,61,60,0.0163934
37214,61,60,0.0163934
37216,61,60,0.0163934
37218,61,60,0.0163934
37220,61,60,0.0163934
37225,61,60,0.0163934
37228,61,60,0.0163934
37230,61,60,0.0163934
37233,61,60,0.0163934
37235,61,60,0.0163934
37237,61,60,0.0163934
37239,61,60,0.0163934
37242,61,60,0.0163934
37245,61,60,0.0163934
37249,61,60,0.0163934
37251,61,60,0.0163934
37254,61,60,0.0163934
37256,61,60,0.0163934
37259,61,60,0.0163934
37261,61,60,0.0163934
37264,61,60,0.0163934
37266,61,60,0.0163934
37268,61,60,0.0163934
37270,61,60,0.0163934
37272,61,60,0.0163934
37277,61,60,0.0163934
37279,61,60,0.0163934
37281,61,60,0.0163934
37283,61,60,0.0163934
37285,61,60,0.0163934
37287,61,60,0.0163934
37289,61,60,0.0163934
37293,61,60,0.0163934
37295,61,60,0.0163934
37297,61,60,0.0163934
37302,61,60,0.0163934
37304,61,60,0.0163934
37306,61,60,0.0163934
37309,61,60,0.0163934
37312,61,60,0.0163934
37314,61,60,0.0163934
37316,61,60,0.0163934
37318,61,60,0.0163934
37320,61,60,0.0163934
37324,61,60,0.0163934
37328,61,60,0.0163934
37330,61,60,0.0163934
37333,61,60,0.0163934
37336,61,60,0.0163934
37339,61,60,0.0163934
37342,61,60,0.0163934
37346,61,60,0.0163934
37349,61,60,0.0163934
37351,61,60,0.0163934
37358,61,60,0.0163934
37361,61,60,0.0163934
37363,61,60,0.0163934
37366,61,60,0.0163934
37368,61,60,0.0163934
37370,61,60,0.0163934
37376,61,60,0.0163934
37379,61,60,0.0163934
37383,61,60,0.0163934
37387,61,60,0.0163934
37391,61,60,0.0163934
37395,61,60,0.0163934
37400,61,60,0.0163934
37403,61,60,0.0163934
37406,61,60,0.0163934
37409,61,60,0.0163934
37412,61,60,0.0163934
37415,61,60,0.0163934
37417,61,60,0.0163934
37420,61,60,0.0163934
37423,61,60,0.0163934
37426,61,60,0.0163934
37428,61,60,0.0163934
37433,61,60,0.0163934
37437,61,60,0.0163934
37440,61,60,0.0163934
37442,61,60,0.0163934
37445,61,60,0.0163934
37447,61,60,0.0163934
37450,61,60,0.0163934
37453,61,60,0.0163934
37455,61,60,0.0163934
37458,61,60,0.0163934
37462,61,60,0.0163934
37465,61,60,0.0163934
37468,61,60,0.0163934
37470,61,60,0.0163934
37473,61,60,0.0163934
37476,61,60,0.0163934
37478,61,60,0.0163934
37480,61,60,0.0163934
37483,61,60,0.0163934
37485,61,60,0.0163934
37487,61,60,0.0163934
37490,61,60,0.0163934
37493,61,60,0.0163934
37496,61,60,0.0163934
37499,61,60,0.0163934
37501,61,60,0.0163934
37504,61,60,0.0163934
37507,61,60,0.0163934
37511,61,60,0.0163934
37514,61,60,0.0163934
37516,61,60,0.0163934
37518,61,60,0.0163934
37521,61,60,0.0163934
37523,61,60,0.0163934
37526,61,60,0.0163934
37528,61,60,0.0163934
37530,61,60,0.0163934
37532,61,60,0.0163934
37534,61,60,0.0163934
37536,61,60,0.0163934
37538,61,60,0.0163934
37541,61,60,0.0163934
37545,61,60,0.0163934
37548,61,60,0.0163934
37550,61,60,0.0163934
37553,61,60,0.0163934
37555,61,60,0.0163934
37557,61,60,0.0163934
37560,61,60,0.0163934
37562,61,60,0.0163934
37565,61,60,0.0163934
37568,61,60,0.0163934
37570,61,60,0.0163934
37573,61,60,0.0163934
37575,61,60,0.0163934
37578,61,60,0.0163934
37580,61,60,0.0163934
37582,61,60,0.0163934
37584,61,60,0.0163934
37586,61,60,0.0163934
37588,61,60,0.0163934
37590,61,60,0.0163934
37593,61,60,0.0163934
37596,61,60,0.0163934
37598,61,60,0.0163934
37600,61,60,0.0163934
37602,61,60,0.0163934
37604,61,60,0.0163934
37608,61,60,0.0163934
37610,61,60,0.0163934
37613,61,60,0.0163934
37616,61,60,0.0163934
37619,61,60,0.0163934
37623,61,60,0.0163934
37628,61,60,0.0163934
37630,61,60,0.0163934
37634,61,60,0.0163934
37636,61,60,0.0163934
37638,61,60,0.0163934
37641,61,60,0.0163934
37645,61,60,0.0163934
37648,61,60,0.0163934
37650,61,60,0.0163934
37652,61,60,0.0163934
37655,61,60,0.0163934
37658,61,60,0.0163934
37661,61,60,0.0163934
37664,61,60,0.0163934
37666,61,60,0.0163934
37669,61,60,0.0163934
37671,61,60,0.0163934
37673,61,60,0.0163934
37676,61,60,0.0163934
37678,61,60,0.0163934
37683,61,60,0.0163934
37685,61,60,0.0163934
37688,61,60,0.0163934
37690,61,60,0.0163934
37692,61,60,0.0163934
37695,61,60,0.0163934
37698,61,60,0.0163934
37700,61,60,0.0163934
37704,61,60,0.0163934
37705,61,60,0.0163934
37708,61,60,0.0163934
37712,61,60,0.0163934
37714,61,60,0.0163934
37717,61,60,0.0163934
37719,61,60,0.0163934
37722,61,60,0.0163934
37724,61,60,0.0163934
37727,61,60,0.0163934
37729,61,60,0.0163934
37732,61,60,0.0163934
37734,61,60,0.0163934
37737,61,60,0.0163934
37740,61,60,0.0163934
37745,61,60,0.0163934
37749,61,60,0.0163934
37752,61,60,0.0163934
37754,61,60,0.0163934
37757,61,60,0.0163934
37760,61,60,0.0163934
37762,61,60,0.0163934
37764,61,60,0.0163934
37768,61,60,0.0163934
37771,61,60,0.0163934
37774,61,60,0.0163934
37777,61,60,0.0163934
37780,61,60,0.0163934
37784,61,60,0.0163934
37786,61,60,0.0163934
37789,61,60,0.0163934
37792,61,60,0.0163934
37794,61,60,0.0163934
37798,61,60,0.0163934
37800,61,60,0.0163934
37804,61,60,0.0163934
37807,61,60,0.0163934
37810,61,60,0.0163934
37813,61,60,0.0163934
37816,61,60,0.0163934
37819,61,60,0.0163934
37821,61,60,0.0163934
37824,61,60,0.0163934
37829,61,60,0.0163934
37831,61,60,0.0163934
37833,61,60,0.0163934
37836,61,60,0.0163934
37839,61,60,0.0163934
37841,61,60,0.0163934
37843,61,60,0.0163934
37846,61,60,0.0163934
37849,61,60,0.0163934
37851,61,60,0.0163934
37853,61,60,0.0163934
37856,61,60,0.0163934
37859,61,60,0.0163934
37862,61,60,0.0163934
37864,61,60,0.0163934
37870,61,60,0.0163934
37873,61,60,0.0163934
37876,61,60,0.0163934
37879,61,60,0.0163934
37881,61,60,0.0163934
37884,61,60,0.0163934
37886,61,60,0.0163934
37889,61,60,0.0163934
37893,61,60,0.0163934
37896,61,60,0.0163934
37900,61,60,0.0163934
37903,61,60,0.0163934
37905,61,60,0.0163934
37908,61,60,0.0163934
37912,61,60,0.0163934
37915,61,60,0.0163934
37918,61,60,0.0163934
37920,61,60,0.0163934
37923,61,60,0.0163934
37927,61,60,0.0163934
37930,61,60,0.0163934
37934,61,60,0.0163934
37937,61,60,0.0163934
37939,61,60,0.0163934
37942,61,60,0.0163934
37945,61,60,0.0163934
37947,61,60,0.0163934
37949,61,60,0.0163934
37951,61,60,0.0163934
37954,61,60,0.0163934
37957,61,60,0.0163934
37960,61,60,0.0163934
37963,61,60,0.0163934
37966,61,60,0.0163934
37968,61,60,0.0163934
37970,61,60,0.0163934
37972,61,60,0.0163934
37977,61,60,0.0163934
37982,61,60,0.0163934
37984,61,60,0.0163934
37986,61,60,0.0163934
37988,61,60,0.0163934
37991,61,60,0.0163934
37994,61,60,0.0163934
37996,61,60,0.0163934
38000,61,60,0.0163934
38002,61,60,0.0163934
38004,61,60,0.0163934
38006,61,60,0.0163934
38009,61,60,0.0163934
38011,61,60,0.0163934
38013,61,60,0.0163934
38015,61,60,0.0163934
38018,61,60,0.0163934
38020,61,60,0.0163934
38022,61,60,0.0163934
38026,61,60,0.0163934
38028,61,60,0.0163934
38030,61,60,0.0163934
38033,61,60,0.0163934
38035,61,60,0.0163934
38038,61,60,0.0163934
38040,61,60,0.0163934
38043,61,60,0.0163934
38046,61,60,0.0163934
38048,61,60,0.0163934
38051,61,60,0.0163934
38055,61,60,0.0163934
38059,61,60,0.0163934
38063,61,60,0.0163934
38065,61,60,0.0163934
38068,61,60,0.0163934
38071,61,60,0.0163934
38073,61,60,0.0163934
38076,61,60,0.0163934
38079,61,60,0.0163934
38083,61,60,0.0163934
38085,61,60,0.0163934
38088,61,60,0.0163934
38091,61,60,0.0163934
38093,61,60,0.0163934
38095,61,60,0.0163934
38097,61,60,0.0163934
38099,61,60,0.0163934
38101,61,60,0.0163934
38103,61,60,0.0163934
38107,61,60,0.0163934
38109,61,60,0.0163934
38112,61,60,0.0163934
38114,61,60,0.0163934
38117,61,60,0.0163934
38120,61,60,0.0163934
38123,61,60,0.0163934
38125,61,60,0.0163934
38127,61,60,0.0163934
38130,61,60,0.0163934
38132,61,60,0.0163934
38135,61,60,0.0163934
38138,61,60,0.0163934
38141,61,60,0.0163934
38143,61,60,0.0163934
38145,61,60,0.0163934
38147,61,60,0.0163934
38150,61,60,0.0163934
38152,61,60,0.0163934
38154,61,60,0.0163934
38156,61,60,0.0163934
38161,61,60,0.0163934
38164,61,60,0.0163934
38166,61,60,0.0163934
38168,61,60,0.0163934
38170,61,60,0.0163934
38172,61,60,0.0163934
38174,61,60,0.0163934
38176,61,60,0.0163934
38178,61,60,0.0163934
38180,61,60,0.0163934
38182,61,60,0.0163934
38185,61,60,0.0163934
38187,61,60,0.0163934
38189,61,60,0.0163934
38192,61,60,0.0163934
38194,61,60,0.0163934
38196,61,60,0.0163934
38198,61,60,0.0163934
38200,61,60,0.0163934
38202,61,60,0.0163934
38205,61,60,0.0163934
38208,61,60,0.0163934
38211,61,60,0.0163934
38215,61,60,0.0163934
38218,61,60,0.0163934
38220,61,60,0.0163934
38222,61,60,0.0163934
38224,61,60,0.0163934
38226,61,60,0.0163934
38228,61,60,0.0163934
38231,61,60,0.0163934
38233,61,60,0.0163934
38235,61,60,0.0163934
38238,61,60,0.0163934
38241,61,60,0.0163934
38243,61,60,0.0163934
38246,61,60,0.0163934
38249,61,60,0.0163934
38251,61,60,0.0163934
38253,61,60,0.0163934
38255,61,60,0.0163934
38257,61,60,0.0163934
38261,61,60,0.0163934
38263,61,60,0.0163934
38265,61,60,0.0163934
38267,61,60,0.0163934
38271,61,60,0.0163934
38273,61,60,0.0163934
38275,61,60,0.0163934
38277,61,60,0.0163934
38279,61,60,0.0163934
38282,61,60,0.0163934
38284,61,60,0.0163934
38286,61,60,0.0163934
38288,61,60,0.0163934
38290,61,60,0.0163934
38293,61,60,0.0163934
38296,61,60,0.0163934
38298,61,60,0.0163934
38302,61,60,0.0163934
38304,61,60,0.0163934
38307,61,60,0.0163934
38309,61,60,0.0163934
38311,61,60,0.0163934
38314,61,60,0.0163934
38316,61,60,0.0163934
38318,61,60,0.0163934
38320,61,60,0.0163934
38322,61,60,0.0163934
38325,61,60,0.0163934
38327,61,60,0.0163934
38329,61,60,0.0163934
38331,61,60,0.0163934
38333,61,60,0.0163934
38337,61,60,0.0163934
38340,61,60,0.0163934
38343,61,60,0.0163934
38345,61,60,0.0163934
38348,61,60,0.0163934
38350,61,60,0.0163934
38353,61,60,0.0163934
38356,61,60,0.0163934
38358,61,60,0.0163934
38361,61,60,0.0163934
38363,61,60,0.0163934
38366,61,60,0.0163934
38371,61,60,0.0163934
38373,61,60,0.0163934
38377,61,60,0.0163934
38381,61,60,0.0163934
38384,61,60,0.0163934
38386,61,60,0.0163934
38389,61,60,0.0163934
38393,61,60,0.0163934
38397,61,60,0.0163934
38401,61,60,0.0163934
38403,61,60,0.0163934
38405,61,60,0.0163934
38407,61,60,0.0163934
38409,61,60,0.0163934
38412,61,60,0.0163934
38414,61,60,0.0163934
38416,61,60,0.0163934
38419,61,60,0.0163934
38421,61,60,0.0163934
38423,61,60,0.0163934
38425,61,60,0.0163934
38429,61,60,0.0163934
38431,61,60,0.0163934
38434,61,60,0.0163934
38436,61,60,0.0163934
38441,61,60,0.0163934
38444,61,60,0.0163934
38446,61,60,0.0163934
38448,61,60,0.0163934
38452,61,60,0.0163934
38454,61,60,0.0163934
38459,61,60,0.0163934
38462,61,60,0.0163934
38465,61,60,0.0163934
38471,61,60,0.0163934
38474,61,60,0.0163934
38477,61,60,0.0163934
38479,61,60,0.0163934
38482,61,60,0.0163934
38485,61,60,0.0163934
38487,61,60,0.0163934
38489,61,60,0.0163934
38493,61,60,0.0163934
38497,61,60,0.0163934
38500,61,60,0.0163934
38503,61,60,0.0163934
38506,61,60,0.0163934
38508,61,60,0.0163934
38510,61,60,0.0163934
38513,61,60,0.0163934
38516,61,60,0.0163934
38519,61,60,0.0163934
38521,61,60,0.0163934
38523,61,60,0.0163934
38526,61,60,0.0163934
38530,61,60,0.0163934
38532,61,60,0.0163934
38535,61,60,0.0163934
38537,61,60,0.0163934
38539,61,60,0.0163934
38541,61,60,0.0163934
38544,61,60,0.0163934
38546,61,60,0.0163934
38548,61,60,0.0163934
38551,61,60,0.0163934
38553,61,60,0.0163934
38556,61,60,0.0163934
38558,61,60,0.0163934
38561,61,60,0.0163934
38563,61,60,0.0163934
38566,61,60,0.0163934
38569,61,60,0.0163934
38572,61,60,0.0163934
38574,61,60,0.0163934
38578,61,60,0.0163934
38580,61,60,0.0163934
38583,61,60,0.0163934
38585,61,60,0.0163934
38588,61,60,0.0163934
38591,61,60,0.0163934
38595,61,60,0.0163934
38597,61,60,0.0163934
38600,61,60,0.0163934
38602,61,60,0.0163934
38605,61,60,0.0163934
38607,61,60,0.0163934
38609,61,60,0.0163934
38611,61,60,0.0163934
38613,61,60,0.0163934
38616,61,60,0.0163934
38618,61,60,0.0163934
38620,61,60,0.0163934
38623,61,60,0.0163934
38626,61,60,0.0163934
38629,61,60,0.0163934
38631,61,60,0.0163934
38634,61,60,0.0163934
38636,61,60,0.0163934
38639,61,60,0.0163934
38642,61,60,0.0163934
38646,61,60,0.0163934
38648,61,60,0.0163934
38650,61,60,0.0163934
38652,61,60,0.0163934
38656,61,60,0.0163934
38662,61,60,0.0163934
38665,61,60,0.0163934
38668,61,60,0.0163934
38671,61,60,0.0163934
38673,61,60,0.0163934
38676,61,60,0.0163934
38679,61,60,0.0163934
38682,61,60,0.0163934
38684,61,60,0.0163934
38687,61,60,0.0163934
38689,61,60,0.0163934
38691,61,60,0.0163934
38694,61,60,0.0163934
38696,61,60,0.0163934
38698,61,60,0.0163934
38701,61,60,0.0163934
38703,61,60,0.0163934
38706,61,60,0.0163934
38708,61,60,0.0163934
38710,61,60,0.0163934
38713,61,60,0.0163934
38716,61,60,0.0163934
38718,61,60,0.0163934
38720,61,60,0.0163934
38722,61,60,0.0163934
38725,61,60,0.0163934
38727,61,60,0.0163934
38729,61,60,0.0163934
38732,61,60,0.0163934
38734,61,60,0.0163934
38736,61,60,0.0163934
38738,61,60,0.0163934
38740,61,60,0.0163934
38742,61,60,0.0163934
38744,61,60,0.0163934
38746,61,60,0.0163934
38749,61,60,0.0163934
38750,61,60,0.0163934
38752,61,60,0.0163934
38755,61,60,0.0163934
38757,61,60,0.0163934
38759,61,60,0.0163934
38762,61,60,0.0163934
38765,61,60,0.0163934
38768,61,60,0.0163934
38771,61,60,0.0163934
38773,61,60,0.0163934
38776,61,60,0.0163934
38779,61,60,0.0163934
38781,61,60,0.0163934
38785,61,60,0.0163934
38787,61,60,0.0163934
38790,61,60,0.0163934
38793,61,60,0.0163934
38797,61,60,0.0163934
38800,61,60,0.0163934
38803,61,60,0.0163934
38805,61,60,0.0163934
38808,61,60,0.0163934
38811,61,60,0.0163934
38813,61,60,0.0163934
38816,61,60,0.0163934
38819,61,60,0.0163934
38821,61,60,0.0163934
38823,61,60,0.0163934
38826,61,60,0.0163934
38828,61,60,0.0163934
38830,61,60,0.0163934
38833,61,60,0.0163934
38835,61,60,0.0163934
38837,61,60,0.0163934
38839,61,60,0.0163934
38841,61,60,0.0163934
38843,61,60,0.0163934
38845,61,60,0.0163934
38848,61,60,0.0163934
38851,61,60,0.0163934
38853,61,60,0.0163934
38856,61,60,0.0163934
38859,61,60,0.0163934
38862,61,60,0.0163934
38866,61,60,0.0163934
38868,61,60,0.0163934
38870,61,60,0.0163934
38873,61,60,0.0163934
38875,61,60,0.0163934
38878,61,60,0.0163934
38880,61,60,0.0163934
38883,61,60,0.0163934
38887,61,60,0.0163934
38889,61,60,0.0163934
38893,61,60,0.0163934
38896,61,60,0.0163934
38898,61,60,0.0163934
38901,61,60,0.0163934
38903,61,60,0.0163934
38907,61,60,0.0163934
38909,61,60,0.0163934
38912,61,60,0.0163934
38914,61,60,0.0163934
38918,61,60,0.0163934
38920,61,60,0.0163934
38922,61,60,0.0163934
38924,61,60,0.0163934
38927,61,60,0.0163934
38931,61,60,0.0163934
38934,61,60,0.0163934
38937,61,60,0.0163934
38939,61,60,0.0163934
38944,61,60,0.0163934
38946,61,60,0.0163934
38950,61,60,0.0163934
38953,61,60,0.0163934
38955,61,60,0.0163934
38958,61,60,0.0163934
38961,61,60,0.0163934
38964,61,60,0.0163934
38966,61,60,0.0163934
38969,61,60,0.0163934
38971,61,60,0.0163934
38973,61,60,0.0163934
38976,61,60,0.0163934
38979,61,60,0.0163934
38982,61,60,0.0163934
38984,61,60,0.0163934
38987,61,60,0.0163934
38990,61,60,0.0163934
38994,61,60,0.0163934
38996,61,60,0.0163934
38999,61,60,0.0163934
39002,61,60,0.0163934
39004,61,60,0.0163934
39007,61,60,0.0163934
39010,61,60,0.0163934
39013,61,60,0.0163934
39016,61,60,0.0163934
39018,61,60,0.0163934
39020,61,60,0.0163934
39023,61,60,0.0163934
39026,61,60,0.0163934
39030,61,60,0.0163934
39032,61,60,0.0163934
39034,61,60,0.0163934
39036,61,60,0.0163934
39038,61,60,0.0163934
39040,61,60,0.0163934
39042,61,60,0.0163934
39045,61,60,0.0163934
39047,61,60,0.0163934
39050,61,60,0.0163934
39053,61,60,0.0163934
39056,61,60,0.0163934
39061,61,60,0.0163934
39063,61,60,0.0163934
39065,61,60,0.0163934
39067,61,60,0.0163934
39070,61,60,0.0163934
39072,61,60,0.0163934
39074,61,60,0.0163934
39076,61,60,0.0163934
39079,61,60,0.0163934
39081,61,60,0.0163934
39083,61,60,0.0163934
39085,61,60,0.0163934
39088,61,60,0.0163934
39092,61,60,0.0163934
39095,61,60,0.0163934
39097,61,60,0.0163934
39099,61,60,0.0163934
39101,61,60,0.0163934
39103,61,60,0.0163934
39106,61,60,0.0163934
39108,61,60,0.0163934
39110,61,60,0.0163934
39112,61,60,0.0163934
39116,61,60,0.0163934
39119,61,60,0.0163934
39124,61,60,0.0163934
39126,61,60,0.0163934
39128,61,60,0.0163934
39131,61,60,0.0163934
39133,61,60,0.0163934
39136,61,60,0.0163934
39139,61,60,0.0163934
39142,61,60,0.0163934
39144,61,60,0.0163934
39147,61,60,0.0163934
39150,61,60,0.0163934
39152,61,60,0.0163934
39155,61,60,0.0163934
39158,61,60,0.0163934
39160,61,60,0.0163934
39164,61,60,0.0163934
39168,61,60,0.0163934
39173,61,60,0.0163934
39175,61,60,0.0163934
39178,61,60,0.0163934
39180,61,60,0.0163934
39183,61,60,0.0163934
39186,61,60,0.0163934
39189,61,60,0.0163934
39193,61,60,0.0163934
39195,61,60,0.0163934
39197,61,60,0.0163934
39201,61,60,0.0163934
39206,61,60,0.0163934
39209,61,60,0.0163934
39213,61,60,0.0163934
39216,61,60,0.0163934
39219,61,60,0.0163934
39221,61,60,0.0163934
39224,61,60,0.0163934
39228,61,60,0.0163934
39231,61,60,0.0163934
39235,61,60,0.0163934
39237,61,60,0.0163934
39241,61,60,0.0163934
39244,61,60,0.0163934
39249,61,60,0.0163934
39253,61,60,0.0163934
39258,61,60,0.0163934
39262,61,60,0.0163934
39266,61,60,0.0163934
39268,61,60,0.0163934
39270,61,60,0.0163934
39272,61,60,0.0163934
39274,61,60,0.0163934
39277,61,60,0.0163934
39279,61,60,0.0163934
39281,61,60,0.0163934
39284,61,60,0.0163934
39286,61,60,0.0163934
39288,61,60,0.0163934
39291,61,60,0.0163934
39293,61,60,0.0163934
39296,61,60,0.0163934
39298,61,60,0.0163934
39300,61,60,0.0163934
39302,61,60,0.0163934
39306,61,60,0.0163934
39308,61,60,0.0163934
39310,61,60,0.0163934
39312,61,60,0.0163934
39314,61,60,0.0163934
39318,61,60,0.0163934
39320,61,60,0.0163934
39322,61,60,0.0163934
39325,61,60,0.0163934
39328,61,60,0.0163934
39330,61,60,0.0163934
39332,61,60,0.0163934
39334,61,60,0.0163934
39336,61,60,0.0163934
39339,61,60,0.0163934
39342,61,60,0.0163934
39345,61,60,0.0163934
39347,61,60,0.0163934
39350,61,60,0.0163934
39355,61,60,0.0163934
39358,61,60,0.0163934
39361,61,60,0.0163934
39365,61,60,0.0163934
39367,61,60,0.0163934
39369,61,60,0.0163934
39374,61,60,0.0163934
39377,61,60,0.0163934
39379,61,60,0.0163934
39382,61,60,0.0163934
39384,61,60,0.0163934
39386,61,60,0.0163934
39389,61,60,0.0163934
39392,61,60,0.0163934
39395,61,60,0.0163934
39399,61,60,0.0163934
39402,61,60,0.0163934
39406,61,60,0.0163934
39409,61,60,0.0163934
39412,61,60,0.0163934
39415,61,60,0.0163934
39419,61,60,0.0163934
39421,61,60,0.0163934
39424,61,60,0.0163934
39427,61,60,0.0163934
39429,61,60,0.0163934
39432,61,60,0.0163934
39434,61,60,0.0163934
39436,61,60,0.0163934
39439,61,60,0.0163934
39443,61,60,0.0163934
39447,61,60,0.0163934
39451,61,60,0.0163934
39457,61,60,0.0163934
39461,61,60,0.0163934
39467,61,60,0.0163934
39470,61,60,0.0163934
39473,61,60,0.0163934
39477,61,60,0.0163934
39482,61,60,0.0163934
39485,61,60,0.0163934
39488,61,60,0.0163934
39493,61,60,0.0163934
39496,61,60,0.0163934
39500,61,60,0.0163934
39503,61,60,0.0163934
39506,61,60,0.0163934
39509,61,60,0.0163934
39511,61,60,0.0163934
39515,61,60,0.0163934
39517,61,60,0.0163934
39519,61,60,0.0163934
39522,61,60,0.0163934
39526,61,60,0.0163934
39529,61,60,0.0163934
39533,61,60,0.0163934
39536,61,60,0.0163934
39539,61,60,0.0163934
39541,61,60,0.0163934
39545,61,60,0.0163934
39547,61,60,0.0163934
39550,61,60,0.0163934
39552,61,60,0.0163934
39555,61,60,0.0163934
39558,61,60,0.0163934
39561,61,60,0.0163934
39564,61,60,0.0163934
39567,61,60,0.0163934
39571,61,60,0.0163934
39574,61,60,0.0163934
39578,61,60,0.0163934
39580,61,60,0.0163934
39583,61,60,0.0163934
39586,61,60,0.0163934
39590,61,60,0.0163934
39593,61,60,0.0163934
39595,61,60,0.0163934
39597,61,60,0.0163934
39599,61,60,0.0163934
39601,61,60,0.0163934
39604,61,60,0.0163934
39607,61,60,0.0163934
39611,61,60,0.0163934
39614,61,60,0.0163934
39616,61,60,0.0163934
39619,61,60,0.0163934
39622,61,60,0.0163934
39624,61,60,0.0163934
39627,61,60,0.0163934
39630,61,60,0.0163934
39633,61,60,0.0163934
39635,61,60,0.0163934
39638,61,60,0.0163934
39641,61,60,0.0163934
39643,61,60,0.0163934
39648,61,60,0.0163934
39651,61,60,0.0163934
39655,61,60,0.0163934
39658,61,60,0.0163934
39663,61,60,0.0163934
39666,61,60,0.0163934
39668,61,60,0.0163934
39671,61,60,0.0163934
39674,61,60,0.0163934
39677,61,60,0.0163934
39680,61,60,0.0163934
39684,61,60,0.0163934
39687,61,60,0.0163934
39690,61,60,0.0163934
39692,61,60,0.0163934
39694,61,60,0.0163934
39697,61,60,0.0163934
39699,61,60,0.0163934
39701,61,60,0.0163934
39703,61,60,0.0163934
39705,61,60,0.0163934
39709,61,60,0.0163934
39713,61,60,0.0163934
39716,61,60,0.0163934
39720,61,60,0.0163934
39722,61,60,0.0163934
39726,61,60,0.0163934
39729,61,60,0.0163934
39731,61,60,0.0163934
39733,61,60,0.0163934
39736,61,60,0.0163934
39740,61,60,0.0163934
39743,61,60,0.0163934
39746,61,60,0.0163934
39749,61,60,0.0163934
39752,61,60,0.0163934
39755,61,60,0.0163934
39757,61,60,0.0163934
39760,61,60,0.0163934
39763,61,60,0.0163934
39766,61,60,0.0163934
39768,61,60,0.0163934
39770,61,60,0.0163934
39773,61,60,0.0163934
39777,61,60,0.0163934
39779,61,60,0.0163934
39782,61,60,0.0163934
39785,61,60,0.0163934
39788,61,60,0.0163934
39792,61,60,0.0163934
39795,61,60,0.0163934
39797,61,60,0.0163934
39800,61,60,0.0163934
39802,61,60,0.0163934
39804,61,60,0.0163934
39806,61,60,0.0163934
39809,61,60,0.0163934
39812,61,60,0.0163934
39815,61,60,0.0163934
39818,61,60,0.0163934
39821,61,60,0.0163934
39826,61,60,0.0163934
39831,61,60,0.0163934
39833,61,60,0.0163934
39836,61,60,0.0163934
39839,61,60,0.0163934
39841,61,60,0.0163934
39844,61,60,0.0163934
39846,61,60,0.0163934
39849,61,60,0.0163934
39851,61,60,0.0163934
39853,61,60,0.0163934
39856,61,60,0.0163934
39859,61,60,0.0163934
39862,61,60,0.0163934
39864,61,60,0.0163934
39866,61,60,0.0163934
39868,61,60,0.0163934
39876,61,60,0.0163934
39879,61,60,0.0163934
39881,61,60,0.0163934
39885,61,60,0.0163934
39887,61,60,0.0163934
39890,61,60,0.0163934
39894,61,60,0.0163934
39897,61,60,0.0163934
39900,61,60,0.0163934
39902,61,60,0.0163934
39905,61,60,0.0163934
39908,61,60,0.0163934
39911,61,60,0.0163934
39915,61,60,0.0163934
39917,61,60,0.0163934
39920,61,60,0.0163934
39923,61,60,0.0163934
39925,61,60,0.0163934
39927,61,60,0.0163934
39930,61,60,0.0163934
39933,61,60,0.0163934
39936,61,60,0.0163934
39939,61,60,0.0163934
39942,61,60,0.0163934
39944,61,60,0.0163934
39947,61,60,0.0163934
39949,61,60,0.0163934
39952,61,60,0.0163934
39954,61,60,0.0163934
39956,61,60,0.0163934
39959,61,60,0.0163934
39961,61,60,0.0163934
39963,61,60,0.0163934
39966,61,60,0.0163934
39968,61,60,0.0163934
39970,61,60,0.0163934
39973,61,60,0.0163934
39975,61,60,0.0163934
39979,61,60,0.0163934
39981,61,60,0.0163934
39984,61,60,0.0163934
39986,61,60,0.0163934
39988,61,60,0.0163934
39991,61,60,0.0163934
39994,61,60,0.0163934
39997,61,60,0.0163934
39999,61,60,0.0163934
40002,61,60,0.0163934
40006,61,60,0.0163934
40011,61,60,0.0163934
40015,61,60,0.0163934
40017,61,60,0.0163934
40020,61,60,0.0163934
40023,61,60,0.0163934
40025,61,60,0.0163934
40028,61,60,0.0163934
40030,61,60,0.0163934
40033,61,60,0.0163934
40036,61,60,0.0163934
40040,61,60,0.0163934
40044,61,60,0.0163934
40050,61,60,0.0163934
40053,61,60,0.0163934
40056,61,60,0.0163934
40059,61,60,0.0163934
40062,61,60,0.0163934
40065,61,60,0.0163934
40068,61,60,0.0163934
40070,61,60,0.0163934
40073,61,60,0.0163934
40077,61,60,0.0163934
40081,61,60,0.0163934
40083,61,60,0.0163934
40086,61,60,0.0163934
40090,61,60,0.0163934
40093,61,60,0.0163934
40097,61,60,0.0163934
40099,61,60,0.0163934
40103,61,60,0.0163934
40106,61,60,0.0163934
40109,61,60,0.0163934
40112,61,60,0.0163934
40115,61,60,0.0163934
40117,61,60,0.0163934
40119,61,60,0.0163934
40122,61,60,0.0163934
40124,61,60,0.0163934
40127,61,60,0.0163934
40130,61,60,0.0163934
40134,61,60,0.0163934
40137,61,60,0.0163934
40140,61,60,0.0163934
40143,61,60,0.0163934
40146,61,60,0.0163934
40150,61,60,0.0163934
40152,61,60,0.0163934
40154,61,60,0.0163934
40157,61,60,0.0163934
40159,61,60,0.0163934
40162,61,60,0.0163934
40164,61,60,0.0163934
40167,61,60,0.0163934
40169,61,60,0.0163934
40171,61,60,0.0163934
40174,61,60,0.0163934
40177,61,60,0.0163934
40180,61,60,0.0163934
40182,61,60,0.0163934
40184,61,60,0.0163934
40187,61,60,0.0163934
40191,61,60,0.0163934
40193,61,60,0.0163934
40196,61,60,0.0163934
40198,61,60,0.0163934
40200,61,60,0.0163934
40203,61,60,0.0163934
40205,61,60,0.0163934
40208,61,60,0.0163934
40213,61,60,0.0163934
40215,61,60,0.0163934
40218,61,60,0.0163934
40221,61,60,0.0163934
40224,61,60,0.0163934
40226,61,60,0.0163934
40229,61,60,0.0163934
40231,61,60,0.0163934
40234,61,60,0.0163934
40237,61,60,0.0163934
40240,61,60,0.0163934
40242,61,60,0.0163934
40245,61,60,0.0163934
40247,61,60,0.0163934
40250,61,60,0.0163934
40254,61,60,0.0163934
40257,61,60,0.0163934
40260,61,60,0.0163934
40263,61,60,0.0163934
40266,61,60,0.0163934
40268,61,60,0.0163934
40271,61,60,0.0163934
40273,61,60,0.0163934
40276,61,60,0.0163934
40280,61,60,0.0163934
40282,61,60,0.0163934
40285,61,60,0.0163934
40287,61,60,0.0163934
40289,61,60,0.0163934
40292,61,60,0.0163934
40295,61,60,0.0163934
40298,61,60,0.0163934
40301,61,60,0.0163934
40305,61,60,0.0163934
40307,61,60,0.0163934
40310,61,60,0.0163934
40313,61,60,0.0163934
40316,61,60,0.0163934
40318,61,60,0.0163934
40321,61,60,0.0163934
40324,61,60,0.0163934
40326,61,60,0.0163934
40329,61,60,0.0163934
40331,61,60,0.0163934
40334,61,60,0.0163934
40337,61,60,0.0163934
40340,61,60,0.0163934
40342,61,60,0.0163934
40344,61,60,0.0163934
40347,61,60,0.0163934
40349,61,60,0.0163934
40353,61,60,0.0163934
40356,61,60,0.0163934
40359,61,60,0.0163934
40361,61,60,0.0163934
40364,61,60,0.0163934
40367,61,60,0.0163934
40370,61,60,0.0163934
40375,61,60,0.0163934
40378,61,60,0.0163934
40381,61,60,0.0163934
40383,61,60,0.0163934
40386,61,60,0.0163934
40389,61,60,0.0163934
40391,61,60,0.0163934
40396,61,60,0.0163934
40398,61,60,0.0163934
40401,61,60,0.0163934
40404,61,60,0.0163934
40406,61,60,0.0163934
40408,61,60,0.0163934
40410,61,60,0.0163934
40412,61,60,0.0163934
40414,61,60,0.0163934
40416,61,60,0.0163934
40419,61,60,0.0163934
40421,61,60,0.0163934
40426,61,60,0.0163934
40429,61,60,0.0163934
40431,61,60,0.0163934
40434,61,60,0.0163934
40436,61,60,0.0163934
40440,61,60,0.0163934
40444,61,60,0.0163934
40447,61,60,0.0163934
40451,61,60,0.0163934
40454,61,60,0.0163934
40456,61,60,0.0163934
40458,61,60,0.0163934
40461,61,60,0.0163934
40464,61,60,0.0163934
40467,61,60,0.0163934
40470,61,60,0.0163934
40472,61,60,0.0163934
40475,61,60,0.0163934
40479,61,60,0.0163934
40482,61,60,0.0163934
40484,61,60,0.0163934
40487,61,60,0.0163934
40490,61,60,0.0163934
40493,61,60,0.0163934
40496,61,60,0.0163934
40498,61,60,0.0163934
40500,61,60,0.0163934
40504,61,60,0.0163934
40507,61,60,0.0163934
40509,61,60,0.0163934
40511,61,60,0.0163934
40514,61,60,0.0163934
40517,61,60,0.0163934
40520,61,60,0.0163934
40522,61,60,0.0163934
40526,61,60,0.0163934
40528,61,60,0.0163934
40532,61,60,0.0163934
40534,61,60,0.0163934
40539,61,60,0.0163934
40542,61,60,0.0163934
40545,61,60,0.0163934
40547,61,60,0.0163934
40549,61,60,0.0163934
40552,61,60,0.0163934
40555,61,60,0.0163934
40558,61,60,0.0163934
40561,61,60,0.0163934
40563,61,60,0.0163934
40566,61,60,0.0163934
40568,61,60,0.0163934
40570,61,60,0.0163934
40573,61,60,0.0163934
40576,61,60,0.0163934
40579,61,60,0.0163934
40582,61,60,0.0163934
40585,61,60,0.0163934
40587,61,60,0.0163934
40589,61,60,0.0163934
40593,61,60,0.0163934
40597,61,60,0.0163934
40600,61,60,0.0163934
40603,61,60,0.0163934
40605,61,60,0.0163934
40607,61,60,0.0163934
40610,61,60,0.0163934
40613,61,60,0.0163934
40615,61,60,0.0163934
40617,61,60,0.0163934
40620,61,60,0.0163934
40624,61,60,0.0163934
40627,61,60,0.0163934
40629,61,60,0.0163934
40632,61,60,0.0163934
40634,61,60,0.0163934
40637,61,60,0.0163934
40639,61,60,0.0163934
40642,61,60,0.0163934
40645,61,60,0.0163934
40648,61,60,0.0163934
40650,61,60,0.0163934
40652,61,60,0.0163934
40655,61,60,0.0163934
40658,61,60,0.0163934
40661,61,60,0.0163934
40663,61,60,0.0163934
40666,61,60,0.0163934
40669,61,60,0.0163934
40673,61,60,0.0163934
40675,61,60,0.0163934
40677,61,60,0.0163934
40680,61,60,0.0163934
40682,61,60,0.0163934
40684,61,60,0.0163934
40687,61,60,0.0163934
40690,61,60,0.0163934
40693,61,60,0.0163934
40695,61,60,0.0163934
40697,61,60,0.0163934
40700,61,60,0.0163934
40702,61,60,0.0163934
40704,61,60,0.0163934
40706,61,60,0.0163934
40708,61,60,0.0163934
40711,61,60,0.0163934
40713,61,60,0.0163934
40715,61,60,0.0163934
40718,61,60,0.0163934
40720,61,60,0.0163934
40721,61,60,0.0163934
40723,61,60,0.0163934
40726,61,60,0.0163934
40729,61,60,0.0163934
40731,61,60,0.0163934
40733,61,60,0.0163934
40736,61,60,0.0163934
40738,61,60,0.0163934
40740,61,60,0.0163934
40742,61,60,0.0163934
40743,61,60,0.0163934
40746,61,60,0.0163934
40749,61,60,0.0163934
40751,61,60,0.0163934
40755,61,60,0.0163934
40758,61,60,0.0163934
40761,61,60,0.0163934
40763,61,60,0.0163934
40765,61,60,0.0163934
40767,61,60,0.0163934
40770,61,60,0.0163934
40774,61,60,0.0163934
40776,61,60,0.0163934
40778,61,60,0.0163934
40781,61,60,0.0163934
40784,61,60,0.0163934
40786,61,60,0.0163934
40788,61,60,0.0163934
40790,61,60,0.0163934
40792,61,60,0.0163934
40794,61,60,0.0163934
40797,61,60,0.0163934
40800,61,60,0.0163934
40802,61,60,0.0163934
40803,61,60,0.0163934
40806,61,60,0.0163934
40808,61,60,0.0163934
40811,61,60,0.0163934
40813,61,60,0.0163934
40815,61,60,0.0163934
40818,61,60,0.0163934
40820,61,60,0.0163934
40823,61,60,0.0163934
40825,61,60,0.0163934
40827,61,60,0.0163934
40830,61,60,0.0163934
40833,61,60,0.0163934
40836,61,60,0.0163934
40838,61,60,0.0163934
40841,61,60,0.0163934
40843,61,60,0.0163934
40845,61,60,0.0163934
40848,61,60,0.0163934
40850,61,60,0.0163934
40853,61,60,0.0163934
40855,61,60,0.0163934
40857,61,60,0.0163934
40860,61,60,0.0163934
40864,61,60,0.0163934
40866,61,60,0.0163934
40867,61,60,0.0163934
40870,61,60,0.0163934
40874,61,60,0.0163934
40877,61,60,0.0163934
40880,61,60,0.0163934
40882,61,60,0.0163934
40885,61,60,0.0163934
40887,61,60,0.0163934
40890,61,60,0.0163934
40893,61,60,0.0163934
40895,61,60,0.0163934
40898,61,60,0.0163934
40899,61,60,0.0163934
40900,61,60,0.0163934
40902,61,60,0.0163934
40903,61,60,0.0163934
40906,61,60,0.0163934
40909,61,60,0.0163934
40912,61,60,0.0163934
40915,61,60,0.0163934
40917,61,60,0.0163934
40919,61,60,0.0163934
40922,61,60,0.0163934
40924,61,60,0.0163934
40927,61,60,0.0163934
40930,61,60,0.0163934
40932,61,60,0.0163934
40934,61,60,0.0163934
40938,61,60,0.0163934
40940,61,60,0.0163934
40944,61,60,0.0163934
40946,61,60,0.0163934
40949,61,60,0.0163934
40950,61,60,0.0163934
40953,61,60,0.0163934
40955,61,60,0.0163934
40958,61,60,0.0163934
40961,61,60,0.0163934
40963,61,60,0.0163934
40965,61,60,0.0163934
40967,61,60,0.0163934
40969,61,60,0.0163934
40972,61,60,0.0163934
40975,61,60,0.0163934
40978,61,60,0.0163934
40980,61,60,0.0163934
40982,61,60,0.0163934
40985,61,60,0.0163934
40987,61,60,0.0163934
40990,61,60,0.0163934
40993,61,60,0.0163934
40995,61,60,0.0163934
40997,61,60,0.0163934
41000,61,60,0.0163934
41002,61,60,0.0163934
41005,61,60,0.0163934
41007,61,60,0.0163934
41013,61,60,0.0163934
41016,61,60,0.0163934
41018,61,60,0.0163934
41020,61,60,0.0163934
41024,61,60,0.0163934
41026,61,60,0.0163934
41029,61,60,0.0163934
41031,61,60,0.0163934
41033,61,60,0.0163934
41036,61,60,0.0163934
41039,61,60,0.0163934
41041,61,60,0.0163934
41045,61,60,0.0163934
41047,61,60,0.0163934
41050,61,60,0.0163934
41052,61,60,0.0163934
41055,61,60,0.0163934
41058,61,60,0.0163934
41061,61,60,0.0163934
41063,61,60,0.0163934
41066,61,60,0.0163934
41069,61,60,0.0163934
41071,61,60,0.0163934
41073,61,60,0.0163934
41076,61,60,0.0163934
41079,61,60,0.0163934
41081,61,60,0.0163934
41083,61,60,0.0163934
41085,61,60,0.0163934
41086,61,60,0.0163934
41089,61,60,0.0163934
41092,61,60,0.0163934
41094,61,60,0.0163934
41097,61,60,0.0163934
41100,61,60,0.0163934
41103,61,60,0.0163934
41106,61,60,0.0163934
41109,61,60,0.0163934
41112,61,60,0.0163934
41114,61,60,0.0163934
41116,61,60,0.0163934
41119,61,60,0.0163934
41121,61,60,0.0163934
41123,61,60,0.0163934
41125,61,60,0.0163934
41128,61,60,0.0163934
41130,61,60,0.0163934
41133,61,60,0.0163934
41134,61,60,0.0163934
41136,61,60,0.0163934
41138,61,60,0.0163934
41140,61,60,0.0163934
41143,61,60,0.0163934
41146,61,60,0.0163934
41149,61,60,0.0163934
41150,61,60,0.0163934
41153,61,60,0.0163934
41156,61,60,0.0163934
41158,61,60,0.0163934
41159,61,60,0.0163934
41161,61,60,0.0163934
41165,61,60,0.0163934
41167,61,60,0.0163934
41170,61,60,0.0163934
41173,61,60,0.0163934
41175,61,60,0.0163934
41177,61,60,0.0163934
41180,61,60,0.0163934
41182,61,60,0.0163934
41184,61,60,0.0163934
41188,61,60,0.0163934
41190,61,60,0.0163934
41193,61,60,0.0163934
41195,61,60,0.0163934
41197,61,60,0.0163934
41200,61,60,0.0163934
41203,61,60,0.0163934
41206,61,60,0.0163934
41208,61,60,0.0163934
41211,61,60,0.0163934
41213,61,60,0.0163934
41216,61,60,0.0163934
41218,61,60,0.0163934
41221,61,60,0.0163934
41223,61,60,0.0163934
41225,61,60,0.0163934
41229,61,60,0.0163934
41231,61,60,0.0163934
41234,61,60,0.0163934
41236,61,60,0.0163934
41238,61,60,0.0163934
41240,61,60,0.0163934
41241,61,60,0.0163934
41245,61,60,0.0163934
41248,61,60,0.0163934
41250,61,60,0.0163934
41252,61,60,0.0163934
41254,61,60,0.0163934
41257,61,60,0.0163934
41261,61,60,0.0163934
41262,61,60,0.0163934
41265,61,60,0.0163934
41266,61,60,0.0163934
41268,61,60,0.0163934
41271,61,60,0.0163934
41273,61,60,0.0163934
41275,61,60,0.0163934
41278,61,60,0.0163934
41280,61,60,0.0163934
41282,61,60,0.0163934
41284,61,60,0.0163934
41288,61,60,0.0163934
41290,61,60,0.0163934
41292,61,60,0.0163934
41294,61,60,0.0163934
41296,61,60,0.0163934
41299,61,60,0.0163934
41302,61,60,0.0163934
41304,61,60,0.0163934
41306,61,60,0.0163934
41308,61,60,0.0163934
41311,61,60,0.0163934
41313,61,60,0.0163934
41316,61,60,0.0163934
41318,61,60,0.0163934
41321,61,60,0.0163934
41324,61,60,0.0163934
41327,61,60,0.0163934
41330,61,60,0.0163934
41332,61,60,0.0163934
41335,61,60,0.0163934
41337,61,60,0.0163934
41338,61,60,0.0163934
41341,61,60,0.0163934
41344,61,60,0.0163934
41346,61,60,0.0163934
41347,61,60,0.0163934
41352,61,60,0.0163934
41354,61,60,0.0163934
41357,61,60,0.0163934
41359,61,60,0.0163934
41361,61,60,0.0163934
41364,61,60,0.0163934
41368,61,60,0.0163934
41370,61,60,0.0163934
41373,61,60,0.0163934
41376,61,60,0.0163934
41378,61,60,0.0163934
41380,61,60,0.0163934
41382,61,60,0.0163934
41384,61,60,0.0163934
41386,61,60,0.0163934
41388,61,60,0.0163934
41391,61,60,0.0163934
41394,61,60,0.0163934
41395,61,60,0.0163934
41396,61,60,0.0163934
41399,61,60,0.0163934
41401,61,60,0.0163934
41403,61,60,0.0163934
41405,61,60,0.0163934
41409,61,60,0.0163934
41412,61,60,0.0163934
41414,61,60,0.0163934
41417,61,60,0.0163934
41420,61,60,0.0163934
41422,61,60,0.0163934
41424,61,60,0.0163934
41426,61,60,0.0163934
41429,61,60,0.0163934
41431,61,60,0.0163934
41432,61,60,0.0163934
41436,61,60,0.0163934
41439,61,60,0.0163934
41443,61,60,0.0163934
41445,61,60,0.0163934
41447,61,60,0.0163934
41450,61,60,0.0163934
41453,61,60,0.0163934
41455,61,60,0.0163934
41458,61,60,0.0163934
41461,61,60,0.0163934
41463,61,60,0.0163934
41467,61,60,0.0163934
41473,61,60,0.0163934
41476,61,60,0.0163934
41478,61,60,0.0163934
41480,61,60,0.0163934
41482,61,60,0.0163934
41484,61,60,0.0163934
41488,61,60,0.0163934
41490,61,60,0.0163934
41493,61,60,0.0163934
41495,61,60,0.0163934
41497,61,60,0.0163934
41499,61,60,0.0163934
41501,61,60,0.0163934
41503,61,60,0.0163934
41505,61,60,0.0163934
41507,61,60,0.0163934
41510,61,60,0.0163934
41514,61,60,0.0163934
41516,61,60,0.0163934
41518,61,60,0.0163934
41520,61,60,0.0163934
41522,61,60,0.0163934
41525,61,60,0.0163934
41528,61,60,0.0163934
41531,61,60,0.0163934
41533,61,60,0.0163934
41536,61,60,0.0163934
41537,61,60,0.0163934
41538,61,60,0.0163934
41541,61,60,0.0163934
41546,61,60,0.0163934
41549,61,60,0.0163934
41551,61,60,0.0163934
41554,61,60,0.0163934
41557,61,60,0.0163934
41559,61,60,0.0163934
41561,61,60,0.0163934
41563,61,60,0.0163934
41566,61,60,0.0163934
41568,61,60,0.0163934
41571,61,60,0.0163934
41573,61,60,0.0163934
41575,61,60,0.0163934
41579,61,60,0.0163934
41581,61,60,0.0163934
41584,61,60,0.0163934
41586,61,60,0.0163934
41588,61,60,0.0163934
41590,61,60,0.0163934
41594,61,60,0.0163934
41599,61,60,0.0163934
41601,61,60,0.0163934
41604,61,60,0.0163934
41608,61,60,0.0163934
41611,61,60,0.0163934
41614,61,60,0.0163934
41616,61,60,0.0163934
41618,61,60,0.0163934
41620,61,60,0.0163934
41622,61,60,0.0163934
41625,61,60,0.0163934
41628,61,60,0.0163934
41631,61,60,0.0163934
41633,61,60,0.0163934
41637,61,60,0.0163934
41639,61,60,0.0163934
41641,61,60,0.0163934
41644,61,60,0.0163934
41648,61,60,0.0163934
41651,61,60,0.0163934
41655,61,60,0.0163934
41657,61,60,0.0163934
41661,61,60,0.0163934
41664,61,60,0.0163934
41666,61,60,0.0163934
41669,61,60,0.0163934
41672,61,60,0.0163934
41674,61,60,0.0163934
41677,61,60,0.0163934
41680,61,60,0.0163934
41682,61,60,0.0163934
41684,61,60,0.0163934
41688,61,60,0.0163934
41690,61,60,0.0163934
41692,61,60,0.0163934
41694,61,60,0.0163934
41697,61,60,0.0163934
41699,61,60,0.0163934
41701,61,60,0.0163934
41703,61,60,0.0163934
41705,61,60,0.0163934
41708,61,60,0.0163934
41711,61,60,0.0163934
41713,61,60,0.0163934
41715,61,60,0.0163934
41717,61,60,0.0163934
41719,61,60,0.0163934
41721,61,60,0.0163934
41724,61,60,0.0163934
41728,61,60,0.0163934
41731,61,60,0.0163934
41733,61,60,0.0163934
41736,61,60,0.0163934
41740,61,60,0.0163934
41742,61,60,0.0163934
41745,61,60,0.0163934
41748,61,60,0.0163934
41750,61,60,0.0163934
41753,61,60,0.0163934
41755,61,60,0.0163934
41757,61,60,0.0163934
41760,61,60,0.0163934
41763,61,60,0.0163934
41765,61,60,0.0163934
41768,61,60,0.0163934
41771,61,60,0.0163934
41774,61,60,0.0163934
41776,61,60,0.0163934
41779,61,60,0.0163934
41781,61,60,0.0163934
41783,61,60,0.0163934
41785,61,60,0.0163934
41788,61,60,0.0163934
41790,61,60,0.0163934
41793,61,60,0.0163934
41795,61,60,0.0163934
41798,61,60,0.0163934
41800,61,60,0.0163934
41802,61,60,0.0163934
41804,61,60,0.0163934
41806,61,60,0.0163934
41808,61,60,0.0163934
41810,61,60,0.0163934
41813,61,60,0.0163934
41815,61,60,0.0163934
41817,61,60,0.0163934
41819,61,60,0.0163934
41821,61,60,0.0163934
41826,61,60,0.0163934
41829,61,60,0.0163934
41832,61,60,0.0163934
41834,61,60,0.0163934
41836,61,60,0.0163934
41838,61,60,0.0163934
41841,61,60,0.0163934
41844,61,60,0.0163934
41846,61,60,0.0163934
41849,61,60,0.0163934
41852,61,60,0.0163934
41853,61,60,0.0163934
41857,61,60,0.0163934
41860,61,60,0.0163934
41863,61,60,0.0163934
41866,61,60,0.0163934
41869,61,60,0.0163934
41872,61,60,0.0163934
41875,61,60,0.0163934
41878,61,60,0.0163934
41880,61,60,0.0163934
41883,61,60,0.0163934
41885,61,60,0.0163934
41887,61,60,0.0163934
41890,61,60,0.0163934
41892,61,60,0.0163934
41895,61,60,0.0163934
41897,61,60,0.0163934
41900,61,60,0.0163934
41902,61,60,0.0163934
41904,61,60,0.0163934
41906,61,60,0.0163934
41909,61,60,0.0163934
41911,61,60,0.0163934
41914,61,60,0.0163934
41916,61,60,0.0163934
41918,61,60,0.0163934
41921,61,60,0.0163934
41923,61,60,0.0163934
41925,61,60,0.0163934
41927,61,60,0.0163934
41930,61,60,0.0163934
41933,61,60,0.0163934
41935,61,60,0.0163934
41937,61,60,0.0163934
41939,61,60,0.0163934
41942,61,60,0.0163934
41945,61,60,0.0163934
41948,61,60,0.0163934
41950,61,60,0.0163934
41952,61,60,0.0163934
41954,61,60,0.0163934
41956,61,60,0.0163934
41958,61,60,0.0163934
41960,61,60,0.0163934
41963,61,60,0.0163934
41965,61,60,0.0163934
41967,61,60,0.0163934
41969,61,60,0.0163934
41971,61,60,0.0163934
41973,61,60,0.0163934
41975,61,60,0.0163934
41978,61,60,0.0163934
41980,61,60,0.0163934
41982,61,60,0.0163934
41984,61,60,0.0163934
41986,61,60,0.0163934
41988,61,60,0.0163934
41991,61,60,0.0163934
41993,61,60,0.0163934
41995,61,60,0.0163934
41997,61,60,0.0163934
41999,61,60,0.0163934
42001,61,60,0.0163934
42003,61,60,0.0163934
42005,61,60,0.0163934
42007,61,60,0.0163934
42010,61,60,0.0163934
42012,61,60,0.0163934
42014,61,60,0.0163934
42016,61,60,0.0163934
42018,61,60,0.0163934
42020,61,60,0.0163934
42022,61,60,0.0163934
42024,61,60,0.0163934
42026,61,60,0.0163934
42029,61,60,0.0163934
42031,61,60,0.0163934
42033,61,60,0.0163934
42035,61,60,0.0163934
42037,61,60,0.0163934
42040,61,60,0.0163934
42043,61,60,0.0163934
42046,61,60,0.0163934
42048,61,60,0.0163934
42050,61,60,0.0163934
42053,61,60,0.0163934
42055,61,60,0.0163934
42058,61,60,0.0163934
42061,61,60,0.0163934
42063,61,60,0.0163934
42064,61,60,0.0163934
42067,61,60,0.0163934
42070,61,60,0.0163934
42073,61,60,0.0163934
42076,61,60,0.0163934
42079,61,60,0.0163934
42081,61,60,0.0163934
42083,61,60,0.0163934
42086,61,60,0.0163934
42088,61,60,0.0163934
42091,61,60,0.0163934
42093,61,60,0.0163934
42096,61,60,0.0163934
42098,61,60,0.0163934
42101,61,60,0.0163934
42104,61,60,0.0163934
42107,61,60,0.0163934
42110,61,60,0.0163934
42112,61,60,0.0163934
42115,61,60,0.0163934
42118,61,60,0.0163934
42121,61,60,0.0163934
42123,61,60,0.0163934
42125,61,60,0.0163934
42129,61,60,0.0163934
42133,61,60,0.0163934
42136,61,60,0.0163934
42142,61,60,0.0163934
42144,61,60,0.0163934
42145,61,60,0.0163934
42147,61,60,0.0163934
42148,61,60,0.0163934
42151,61,60,0.0163934
42153,61,60,0.0163934
42155,61,60,0.0163934
42157,61,60,0.0163934
42161,61,60,0.0163934
42165,61,60,0.0163934
42167,61,60,0.0163934
42170,61,60,0.0163934
42172,61,60,0.0163934
42174,61,60,0.0163934
42178,61,60,0.0163934
42181,61,60,0.0163934
42183,61,60,0.0163934
42186,61,60,0.0163934
42189,61,60,0.0163934
42191,61,60,0.0163934
42193,61,60,0.0163934
42196,61,60,0.0163934
42198,61,60,0.0163934
42200,61,60,0.0163934
42202,61,60,0.0163934
42204,61,60,0.0163934
42206,61,60,0.0163934
42208,61,60,0.0163934
42210,61,60,0.0163934
42212,61,60,0.0163934
42215,61,60,0.0163934
42217,61,60,0.0163934
42219,61,60,0.0163934
42221,61,60,0.0163934
42223,61,60,0.0163934
42226,61,60,0.0163934
42228,61,60,0.0163934
42230,61,60,0.0163934
42232,61,60,0.0163934
42235,61,60,0.0163934
42238,61,60,0.0163934
42240,61,60,0.0163934
42242,61,60,0.0163934
42245,61,60,0.0163934
42247,61,60,0.0163934
42249,61,60,0.0163934
42251,61,60,0.0163934
42254,61,60,0.0163934
42256,61,60,0.0163934
42258,61,60,0.0163934
42261,61,60,0.0163934
42263,61,60,0.0163934
42265,61,60,0.0163934
42268,61,60,0.0163934
42270,61,60,0.0163934
42272,61,60,0.0163934
42276,61,60,0.0163934
42278,61,60,0.0163934
42280,61,60,0.0163934
42284,61,60,0.0163934
42286,61,60,0.0163934
42288,61,60,0.0163934
42290,61,60,0.0163934
42292,61,60,0.0163934
42294,61,60,0.0163934
42296,61,60,0.0163934
42299,61,60,0.0163934
42301,61,60,0.0163934
42303,61,60,0.0163934
42305,61,60,0.0163934
42307,61,60,0.0163934
42309,61,60,0.0163934
42311,61,60,0.0163934
42313,61,60,0.0163934
42315,61,60,0.0163934
42317,61,60,0.0163934
42319,61,60,0.0163934
42321,61,60,0.0163934
42323,61,60,0.0163934
42329,61,60,0.0163934
42331,61,60,0.0163934
42333,61,60,0.0163934
42335,61,60,0.0163934
42337,61,60,0.0163934
42339,61,60,0.0163934
42341,61,60,0.0163934
42343,61,60,0.0163934
42345,61,60,0.0163934
42347,61,60,0.0163934
42351,61,60,0.0163934
42354,61,60,0.0163934
42356,61,60,0.0163934
42359,61,60,0.0163934
42361,61,60,0.0163934
42363,61,60,0.0163934
42365,61,60,0.0163934
42367,61,60,0.0163934
42370,61,60,0.0163934
42372,61,60,0.0163934
42374,61,60,0.0163934
42376,61,60,0.0163934
42379,61,60,0.0163934
42380,61,60,0.0163934
42383,61,60,0.0163934
42385,61,60,0.0163934
42387,61,60,0.0163934
42388,61,60,0.0163934
42390,61,60,0.0163934
42392,61,60,0.0163934
42394,61,60,0.0163934
42396,61,60,0.0163934
42399,61,60,0.0163934
42401,61,60,0.0163934
42404,61,60,0.0163934
42406,61,60,0.0163934
42407,61,60,0.0163934
42409,61,60,0.0163934
42412,61,60,0.0163934
42415,61,60,0.0163934
42419,61,60,0.0163934
42421,61,60,0.0163934
42424,61,60,0.0163934
42427,61,60,0.0163934
42431,61,60,0.0163934
42433,61,60,0.0163934
42435,61,60,0.0163934
42439,61,60,0.0163934
42441,61,60,0.0163934
42443,61,60,0.0163934
42445,61,60,0.0163934
42447,61,60,0.0163934
42449,61,60,0.0163934
42451,61,60,0.0163934
42453,61,60,0.0163934
42455,61,60,0.0163934
42457,61,60,0.0163934
42459,61,60,0.0163934
42461,61,60,0.0163934
42463,61,60,0.0163934
42465,61,60,0.0163934
42469,61,60,0.0163934
42471,61,60,0.0163934
42472,61,60,0.0163934
42474,61,60,0.0163934
42477,61,60,0.0163934
42479,61,60,0.0163934
42481,61,60,0.0163934
42484,61,60,0.0163934
42486,61,60,0.0163934
42490,61,60,0.0163934
42492,61,60,0.0163934
42494,61,60,0.0163934
42497,61,60,0.0163934
42499,61,60,0.0163934
42501,61,60,0.0163934
42503,61,60,0.0163934
42505,61,60,0.0163934
42508,61,60,0.0163934
42510,61,60,0.0163934
42512,61,60,0.0163934
42514,61,60,0.0163934
42516,61,60,0.0163934
42518,61,60,0.0163934
42520,61,60,0.0163934
42522,61,60,0.0163934
42524,61,60,0.0163934
42526,61,60,0.0163934
42528,61,60,0.0163934
42531,61,60,0.0163934
42533,61,60,0.0163934
42535,61,60,0.0163934
42537,61,60,0.0163934
42539,61,60,0.0163934
42544,61,60,0.0163934
42547,61,60,0.0163934
42549,61,60,0.0163934
42551,61,60,0.0163934
42553,61,60,0.0163934
42555,61,60,0.0163934
42557,61,60,0.0163934
42560,61,60,0.0163934
42565,61,60,0.0163934
42569,61,60,0.0163934
42571,61,60,0.0163934
42574,61,60,0.0163934
42577,61,60,0.0163934
42581,61,60,0.0163934
42584,61,60,0.0163934
42587,61,60,0.0163934
42589,61,60,0.0163934
42591,61,60,0.0163934
42593,61,60,0.0163934
42595,61,60,0.0163934
42597,61,60,0.0163934
42599,61,60,0.0163934
42601,61,60,0.0163934
42603,61,60,0.0163934
42605,61,60,0.0163934
42607,61,60,0.0163934
42609,61,60,0.0163934
42612,61,60,0.0163934
42614,61,60,0.0163934
42616,61,60,0.0163934
42618,61,60,0.0163934
42620,61,60,0.0163934
42626,61,60,0.0163934
42631,61,60,0.0163934
42633,61,60,0.0163934
42635,61,60,0.0163934
42638,61,60,0.0163934
42641,61,60,0.0163934
42644,61,60,0.0163934
42646,61,60,0.0163934
42649,61,60,0.0163934
42651,61,60,0.0163934
42653,61,60,0.0163934
42658,61,60,0.0163934
42661,61,60,0.0163934
42664,61,60,0.0163934
42666,61,60,0.0163934
42673,61,60,0.0163934
42676,61,60,0.0163934
42678,61,60,0.0163934
42680,61,60,0.0163934
42683,61,60,0.0163934
42685,61,60,0.0163934
42688,61,60,0.0163934
42691,61,60,0.0163934
42694,61,60,0.0163934
42696,61,60,0.0163934
42698,61,60,0.0163934
42701,61,60,0.0163934
42704,61,60,0.0163934
42706,61,60,0.0163934
42709,61,60,0.0163934
42711,61,60,0.0163934
42713,61,60,0.0163934
42715,61,60,0.0163934
42717,61,60,0.0163934
42719,61,60,0.0163934
42721,61,60,0.0163934
42726,61,60,0.0163934
42729,61,60,0.0163934
42730,61,60,0.0163934
42733,61,60,0.0163934
42736,61,60,0.0163934
42740,61,60,0.0163934
42744,61,60,0.0163934
42746,61,60,0.0163934
42749,61,60,0.0163934
42753,61,60,0.0163934
42755,61,60,0.0163934
42757,61,60,0.0163934
42761,61,60,0.0163934
42765,61,60,0.0163934
42767,61,60,0.0163934
42769,61,60,0.0163934
42771,61,60,0.0163934
42774,61,60,0.0163934
42776,61,60,0.0163934
42778,61,60,0.0163934
42780,61,60,0.0163934
42783,61,60,0.0163934
42785,61,60,0.0163934
42787,61,60,0.0163934
42789,61,60,0.0163934
42791,61,60,0.0163934
42793,61,60,0.0163934
42795,61,60,0.0163934
42798,61,60,0.0163934
42800,61,60,0.0163934
42802,61,60,0.0163934
42804,61,60,0.0163934
42806,61,60,0.0163934
42808,61,60,0.0163934
42811,61,60,0.0163934
42813,61,60,0.0163934
42815,61,60,0.0163934
42817,61,60,0.0163934
42819,61,60,0.0163934
42820,61,60,0.0163934
42822,61,60,0.0163934
42825,61,60,0.0163934
42827,61,60,0.0163934
42829,61,60,0.0163934
42831,61,60,0.0163934
42833,61,60,0.0163934
42835,61,60,0.0163934
42837,61,60,0.0163934
42839,61,60,0.0163934
42841,61,60,0.0163934
42844,61,60,0.0163934
42846,61,60,0.0163934
42847,61,60,0.0163934
42850,61,60,0.0163934
42852,61,60,0.0163934
42853,61,60,0.0163934
42857,61,60,0.0163934
42860,61,60,0.0163934
42862,61,60,0.0163934
42864,61,60,0.0163934
42866,61,60,0.0163934
42869,61,60,0.0163934
42871,61,60,0.0163934
42874,61,60,0.0163934
42877,61,60,0.0163934
42879,61,60,0.0163934
42881,61,60,0.0163934
42883,61,60,0.0163934
42885,61,60,0.0163934
42889,61,60,0.0163934
42892,61,60,0.0163934
42894,61,60,0.0163934
42898,61,60,0.0163934
42900,61,60,0.0163934
42902,61,60,0.0163934
42904,61,60,0.0163934
42906,61,60,0.0163934
42909,61,60,0.0163934
42911,61,60,0.0163934
42917,61,60,0.0163934
42920,61,60,0.0163934
42922,61,60,0.0163934
42927,61,60,0.0163934
42930,61,60,0.0163934
42933,61,60,0.0163934
42935,61,60,0.0163934
42937,61,60,0.0163934
42942,61,60,0.0163934
42945,61,60,0.0163934
42947,61,60,0.0163934
42949,61,60,0.0163934
42951,61,60,0.0163934
42954,61,60,0.0163934
42956,61,60,0.0163934
42962,61,60,0.0163934
42964,61,60,0.0163934
42966,61,60,0.0163934
42968,61,60,0.0163934
42970,61,60,0.0163934
42972,61,60,0.0163934
42974,61,60,0.0163934
42977,61,60,0.0163934
42979,61,60,0.0163934
42982,61,60,0.0163934
42984,61,60,0.0163934
42986,61,60,0.0163934
42991,61,60,0.0163934
42994,61,60,0.0163934
42996,61,60,0.0163934
42998,61,60,0.0163934
43000,61,60,0.0163934
43002,61,60,0.0163934
43004,61,60,0.0163934
43008,61,60,0.0163934
43011,61,60,0.0163934
43014,61,60,0.0163934
43016,61,60,0.0163934
43018,61,60,0.0163934
43021,61,60,0.0163934
43023,61,60,0.0163934
43025,61,60,0.0163934
43028,61,60,0.0163934
43032,61,60,0.0163934
43034,61,60,0.0163934
43036,61,60,0.0163934
43038,61,60,0.0163934
43040,61,60,0.0163934
43043,61,60,0.0163934
43045,61,60,0.0163934
43047,61,60,0.0163934
43049,61,60,0.0163934
43053,61,60,0.0163934
43056,61,60,0.0163934
43058,61,60,0.0163934
43061,61,60,0.0163934
43063,61,60,0.0163934
43065,61,60,0.0163934
43067,61,60,0.0163934
43069,61,60,0.0163934
43071,61,60,0.0163934
43073,61,60,0.0163934
43076,61,60,0.0163934
43080,61,60,0.0163934
43082,61,60,0.0163934
43084,61,60,0.0163934
43086,61,60,0.0163934
43089,61,60,0.0163934
43091,61,60,0.0163934
43093,61,60,0.0163934
43095,61,60,0.0163934
43097,61,60,0.0163934
43099,61,60,0.0163934
43103,61,60,0.0163934
43105,61,60,0.0163934
43107,61,60,0.0163934
43109,61,60,0.0163934
43110,61,60,0.0163934
43113,61,60,0.0163934
43115,61,60,0.0163934
43117,61,60,0.0163934
43119,61,60,0.0163934
43121,61,60,0.0163934
43123,61,60,0.0163934
43125,61,60,0.0163934
43127,61,60,0.0163934
43129,61,60,0.0163934
43131,61,60,0.0163934
43134,61,60,0.0163934
43136,61,60,0.0163934
43138,61,60,0.0163934
43141,61,60,0.0163934
43143,61,60,0.0163934
43148,61,60,0.0163934
43149,61,60,0.0163934
43151,61,60,0.0163934
43154,61,60,0.0163934
43157,61,60,0.0163934
43159,61,60,0.0163934
43162,61,60,0.0163934
43164,61,60,0.0163934
43166,61,60,0.0163934
43169,61,60,0.0163934
43171,61,60,0.0163934
43176,61,60,0.0163934
43178,61,60,0.0163934
43180,61,60,0.0163934
43182,61,60,0.0163934
43185,61,60,0.0163934
43187,61,60,0.0163934
43189,61,60,0.0163934
43191,61,60,0.0163934
43193,61,60,0.0163934
43196,61,60,0.0163934
43200,61,60,0.0163934
43202,61,60,0.0163934
43204,61,60,0.0163934
43206,61,60,0.0163934
43208,61,60,0.0163934
43210,61,60,0.0163934
43213,61,60,0.0163934
43216,61,60,0.0163934
43219,61,60,0.0163934
43221,61,60,0.0163934
43223,61,60,0.0163934
43226,61,60,0.0163934
43228,61,60,0.0163934
43230,61,60,0.0163934
43233,61,60,0.0163934
43235,61,60,0.0163934
43237,61,60,0.0163934
43240,61,60,0.0163934
43242,61,60,0.0163934
43244,61,60,0.0163934
43246,61,60,0.0163934
43249,61,60,0.0163934
43251,61,60,0.0163934
43253,61,60,0.0163934
43255,61,60,0.0163934
43258,61,60,0.0163934
43260,61,60,0.0163934
43262,61,60,0.0163934
43266,61,60,0.0163934
43268,61,60,0.0163934
43270,61,60,0.0163934
43272,61,60,0.0163934
43275,61,60,0.0163934
43277,61,60,0.0163934
43280,61,60,0.0163934
43282,61,60,0.0163934
43284,61,60,0.0163934
43286,61,60,0.0163934
43288,61,60,0.0163934
43290,61,60,0.0163934
43292,61,60,0.0163934
43295,61,60,0.0163934
43297,61,60,0.0163934
43300,61,60,0.0163934
43303,61,60,0.0163934
43307,61,60,0.0163934
43310,61,60,0.0163934
43313,61,60,0.0163934
43315,61,60,0.0163934
43317,61,60,0.0163934
43319,61,60,0.0163934
43321,61,60,0.0163934
43323,61,60,0.0163934
43325,61,60,0.0163934
43327,61,60,0.0163934
43329,61,60,0.0163934
43332,61,60,0.0163934
43333,61,60,0.0163934
43335,61,60,0.0163934
43340,61,60,0.0163934
43343,61,60,0.0163934
43346,61,60,0.0163934
43348,61,60,0.0163934
43351,61,60,0.0163934
43353,61,60,0.0163934
43355,61,60,0.0163934
43357,61,60,0.0163934
43360,61,60,0.0163934
43362,61,60,0.0163934
43365,61,60,0.0163934
43367,61,60,0.0163934
43369,61,60,0.0163934
43372,61,60,0.0163934
43378,61,60,0.0163934
43381,61,60,0.0163934
43383,61,60,0.0163934
43385,61,60,0.0163934
43387,61,60,0.0163934
43389,61,60,0.0163934
43392,61,60,0.0163934
43394,61,60,0.0163934
43396,61,60,0.0163934
43398,61,60,0.0163934
43400,61,60,0.0163934
43403,61,60,0.0163934
43405,61,60,0.0163934
43407,61,60,0.0163934
43410,61,60,0.0163934
43412,61,60,0.0163934
43414,61,60,0.0163934
43416,61,60,0.0163934
43418,61,60,0.0163934
43421,61,60,0.0163934
43423,61,60,0.0163934
43427,61,60,0.0163934
43431,61,60,0.0163934
43435,61,60,0.0163934
43438,61,60,0.0163934
43441,61,60,0.0163934
43444,61,60,0.0163934
43447,61,60,0.0163934
43450,61,60,0.0163934
43453,61,60,0.0163934
43455,61,60,0.0163934
43460,61,60,0.0163934
43462,61,60,0.0163934
43464,61,60,0.0163934
43466,61,60,0.0163934
43468,61,60,0.0163934
43471,61,60,0.0163934
43474,61,60,0.0163934
43477,61,60,0.0163934
43479,61,60,0.0163934
43482,61,60,0.0163934
43485,61,60,0.0163934
43489,61,60,0.0163934
43491,61,60,0.0163934
43495,61,60,0.0163934
43498,61,60,0.0163934
43501,61,60,0.0163934
43503,61,60,0.0163934
43506,61,60,0.0163934
43508,61,60,0.0163934
43510,61,60,0.0163934
43513,61,60,0.0163934
43516,61,60,0.0163934
43518,61,60,0.0163934
43520,61,60,0.0163934
43524,61,60,0.0163934
43526,61,60,0.0163934
43529,61,60,0.0163934
43531,61,60,0.0163934
43533,61,60,0.0163934
43536,61,60,0.0163934
43538,61,60,0.0163934
43540,61,60,0.0163934
43542,61,60,0.0163934
43545,61,60,0.0163934
43547,61,60,0.0163934
43549,61,60,0.0163934
43551,61,60,0.0163934
43554,61,60,0.0163934
43556,61,60,0.0163934
43558,61,60,0.0163934
43561,61,60,0.0163934
43563,61,60,0.0163934
43565,61,60,0.0163934
43567,61,60,0.0163934
43569,61,60,0.0163934
43572,61,60,0.0163934
43574,61,60,0.0163934
43577,61,60,0.0163934
43579,61,60,0.0163934
43581,61,60,0.0163934
43583,61,60,0.0163934
43585,61,60,0.0163934
43587,61,60,0.0163934
43590,61,60,0.0163934
43592,61,60,0.0163934
43594,61,60,0.0163934
43596,61,60,0.0163934
43598,61,60,0.0163934
43600,61,60,0.0163934
43602,61,60,0.0163934
43604,61,60,0.0163934
43606,61,60,0.0163934
43608,61,60,0.0163934
43610,61,60,0.0163934
43615,61,60,0.0163934
43617,61,60,0.0163934
43619,61,60,0.0163934
43622,61,60,0.0163934
43624,61,60,0.0163934
43626,61,60,0.0163934
43628,61,60,0.0163934
43631,61,60,0.0163934
43633,61,60,0.0163934
43635,61,60,0.0163934
43639,61,60,0.0163934
43641,61,60,0.0163934
43643,61,60,0.0163934
43646,61,60,0.0163934
43649,61,60,0.0163934
43651,61,60,0.0163934
43653,61,60,0.0163934
43655,61,60,0.0163934
43658,61,60,0.0163934
43662,61,60,0.0163934
43665,61,60,0.0163934
43667,61,60,0.0163934
43669,61,60,0.0163934
43672,61,60,0.0163934
43674,61,60,0.0163934
43676,61,60,0.0163934
43678,61,60,0.0163934
43681,61,60,0.0163934
43683,61,60,0.0163934
43685,61,60,0.0163934
43687,61,60,0.0163934
43689,61,60,0.0163934
43692,61,60,0.0163934
43694,61,60,0.0163934
43696,61,60,0.0163934
43698,61,60,0.0163934
43701,61,60,0.0163934
43703,61,60,0.0163934
43705,61,60,0.0163934
43707,61,60,0.0163934
43710,61,60,0.0163934
43712,61,60,0.0163934
43714,61,60,0.0163934
43716,61,60,0.0163934
43718,61,60,0.0163934
43720,61,60,0.0163934
43722,61,60,0.0163934
43724,61,60,0.0163934
43726,61,60,0.0163934
43729,61,60,0.0163934
43731,61,60,0.0163934
43733,61,60,0.0163934
43735,61,60,0.0163934
43737,61,60,0.0163934
43739,61,60,0.0163934
43741,61,60,0.0163934
43744,61,60,0.0163934
43748,61,60,0.0163934
43750,61,60,0.0163934
43752,61,60,0.0163934
43756,61,60,0.0163934
43759,61,60,0.0163934
43761,61,60,0.0163934
43763,61,60,0.0163934
43765,61,60,0.0163934
43767,61,60,0.0163934
43770,61,60,0.0163934
43772,61,60,0.0163934
43775,61,60,0.0163934
43780,61,60,0.0163934
43784,61,60,0.0163934
43788,61,60,0.0163934
43790,61,60,0.0163934
43795,61,60,0.0163934
43797,61,60,0.0163934
43799,61,60,0.0163934
43801,61,60,0.0163934
43803,61,60,0.0163934
43805,61,60,0.0163934
43807,61,60,0.0163934
43811,61,60,0.0163934
43813,61,60,0.0163934
43816,61,60,0.0163934
43818,61,60,0.0163934
43820,61,60,0.0163934
43822,61,60,0.0163934
43824,61,60,0.0163934
43826,61,60,0.0163934
43828,61,60,0.0163934
43830,61,60,0.0163934
43833,61,60,0.0163934
43835,61,60,0.0163934
43837,61,60,0.0163934
43839,61,60,0.0163934
43841,61,60,0.0163934
43843,61,60,0.0163934
43845,61,60,0.0163934
43848,61,60,0.0163934
43850,61,60,0.0163934
43853,61,60,0.0163934
43855,61,60,0.0163934
43857,61,60,0.0163934
43861,61,60,0.0163934
43864,61,60,0.0163934
43867,61,60,0.0163934
43871,61,60,0.0163934
43874,61,60,0.0163934
43877,61,60,0.0163934
43879,61,60,0.0163934
43882,61,60,0.0163934
43884,61,60,0.0163934
43889,61,60,0.0163934
43892,61,60,0.0163934
43896,61,60,0.0163934
43898,61,60,0.0163934
43900,61,60,0.0163934
43903,61,60,0.0163934
43905,61,60,0.0163934
43908,61,60,0.0163934
43910,61,60,0.0163934
43912,61,60,0.0163934
43917,61,60,0.0163934
43919,61,60,0.0163934
43922,61,60,0.0163934
43925,61,60,0.0163934
43930,61,60,0.0163934
43932,61,60,0.0163934
43935,61,60,0.0163934
43937,61,60,0.0163934
43940,61,60,0.0163934
43943,61,60,0.0163934
43945,61,60,0.0163934
43948,61,60,0.0163934
43951,61,60,0.0163934
43953,61,60,0.0163934
43955,61,60,0.0163934
43958,61,60,0.0163934
43961,61,60,0.0163934
43963,61,60,0.0163934
43965,61,60,0.0163934
43967,61,60,0.0163934
43970,61,60,0.0163934
43972,61,60,0.0163934
43974,61,60,0.0163934
43977,61,60,0.0163934
43979,61,60,0.0163934
43981,61,60,0.0163934
43983,61,60,0.0163934
43986,61,60,0.0163934
43988,61,60,0.0163934
43991,61,60,0.0163934
43993,61,60,0.0163934
43995,61,60,0.0163934
43998,61,60,0.0163934
44000,61,60,0.0163934
44002,61,60,0.0163934
44004,61,60,0.0163934
44007,61,60,0.0163934
44010,61,60,0.0163934
44013,61,60,0.0163934
44015,61,60,0.0163934
44017,61,60,0.0163934
44019,61,60,0.0163934
44021,61,60,0.0163934
44023,61,60,0.0163934
44026,61,60,0.0163934
44028,61,60,0.0163934
44030,61,60,0.0163934
44032,61,60,0.0163934
44034,61,60,0.0163934
44036,61,60,0.0163934
44038,61,60,0.0163934
44043,61,60,0.0163934
44046,61,60,0.0163934
44048,61,60,0.0163934
44050,61,60,0.0163934
44052,61,60,0.0163934
44054,61,60,0.0163934
44056,61,60,0.0163934
44058,61,60,0.0163934
44060,61,60,0.0163934
44062,61,60,0.0163934
44064,61,60,0.0163934
44067,61,60,0.0163934
44069,61,60,0.0163934
44073,61,60,0.0163934
44075,61,60,0.0163934
44077,61,60,0.0163934
44079,61,60,0.0163934
44081,61,60,0.0163934
44083,61,60,0.0163934
44085,61,60,0.0163934
44088,61,60,0.0163934
44090,61,60,0.0163934
44092,61,60,0.0163934
44094,61,60,0.0163934
44096,61,60,0.0163934
44099,61,60,0.0163934
44101,61,60,0.0163934
44104,61,60,0.0163934
44106,61,60,0.0163934
44108,61,60,0.0163934
44110,61,60,0.0163934
44112,61,60,0.0163934
44114,61,60,0.0163934
44117,61,60,0.0163934
44119,61,60,0.0163934
44120,61,60,0.0163934
44123,61,60,0.0163934
44127,61,60,0.0163934
44129,61,60,0.0163934
44131,61,60,0.0163934
44134,61,60,0.0163934
44136,61,60,0.0163934
44140,61,60,0.0163934
44142,61,60,0.0163934
44146,61,60,0.0163934
44148,61,60,0.0163934
44150,61,60,0.0163934
44152,61,60,0.0163934
44155,61,60,0.0163934
44158,61,60,0.0163934
44160,61,60,0.0163934
44162,61,60,0.0163934
44165,61,60,0.0163934
44168,61,60,0.0163934
44170,61,60,0.0163934
44172,61,60,0.0163934
44175,61,60,0.0163934
44178,61,60,0.0163934
44180,61,60,0.0163934
44182,61,60,0.0163934
44184,61,60,0.0163934
44187,61,60,0.0163934
44189,61,60,0.0163934
44192,61,60,0.0163934
44194,61,60,0.0163934
44196,61,60,0.0163934
44199,61,60,0.0163934
44201,61,60,0.0163934
44204,61,60,0.0163934
44206,61,60,0.0163934
44208,61,60,0.0163934
44210,61,60,0.0163934
44212,61,60,0.0163934
44214,61,60,0.0163934
44218,61,60,0.0163934
44220,61,60,0.0163934
44222,61,60,0.0163934
44225,61,60,0.0163934
44228,61,60,0.0163934
44230,61,60,0.0163934
44232,61,60,0.0163934
44235,61,60,0.0163934
44238,61,60,0.0163934
44240,61,60,0.0163934
44242,61,60,0.0163934
44244,61,60,0.0163934
44246,61,60,0.0163934
44250,61,60,0.0163934
44252,61,60,0.0163934
44255,61,60,0.0163934
44258,61,60,0.0163934
44261,61,60,0.0163934
44263,61,60,0.0163934
44266,61,60,0.0163934
44269,61,60,0.0163934
44273,61,60,0.0163934
44275,61,60,0.0163934
44279,61,60,0.0163934
44281,61,60,0.0163934
44283,61,60,0.0163934
44285,61,60,0.0163934
44287,61,60,0.0163934
44291,61,60,0.0163934
44293,61,60,0.0163934
44295,61,60,0.0163934
44297,61,60,0.0163934
44299,61,60,0.0163934
44301,61,60,0.0163934
44303,61,60,0.0163934
44305,61,60,0.0163934
44307,61,60,0.0163934
44310,61,60,0.0163934
44312,61,60,0.0163934
44314,61,60,0.0163934
44316,61,60,0.0163934
44318,61,60,0.0163934
44320,61,60,0.0163934
44322,61,60,0.0163934
44325,61,60,0.0163934
44327,61,60,0.0163934
44330,61,60,0.0163934
44333,61,60,0.0163934
44336,61,60,0.0163934
44338,61,60,0.0163934
44340,61,60,0.0163934
44343,61,60,0.0163934
44345,61,60,0.0163934
44347,61,60,0.0163934
44349,61,60,0.0163934
44353,61,60,0.0163934
44355,61,60,0.0163934
44357,61,60,0.0163934
44360,61,60,0.0163934
44362,61,60,0.0163934
44364,61,60,0.0163934
44367,61,60,0.0163934
44369,61,60,0.0163934
44371,61,60,0.0163934
44373,61,60,0.0163934
44375,61,60,0.0163934
44382,61,60,0.0163934
44384,61,60,0.0163934
44386,61,60,0.0163934
44390,61,60,0.0163934
44392,61,60,0.0163934
44395,61,60,0.0163934
44397,61,60,0.0163934
44399,61,60,0.0163934
44401,61,60,0.0163934
44403,61,60,0.0163934
44405,61,60,0.0163934
44407,61,60,0.0163934
44409,61,60,0.0163934
44411,61,60,0.0163934
44413,61,60,0.0163934
44415,61,60,0.0163934
44418,61,60,0.0163934
44420,61,60,0.0163934
44423,61,60,0.0163934
44426,61,60,0.0163934
44428,61,60,0.0163934
44430,61,60,0.0163934
44432,61,60,0.0163934
44435,61,60,0.0163934
44437,61,60,0.0163934
44440,61,60,0.0163934
44443,61,60,0.0163934
44446,61,60,0.0163934
44449,61,60,0.0163934
44451,61,60,0.0163934
44453,61,60,0.0163934
44456,61,60,0.0163934
44458,61,60,0.0163934
44461,61,60,0.0163934
44463,61,60,0.0163934
44466,61,60,0.0163934
44469,61,60,0.0163934
44471,61,60,0.0163934
44474,61,60,0.0163934
44476,61,60,0.0163934
44481,61,60,0.0163934
44483,61,60,0.0163934
44485,61,60,0.0163934
44488,61,60,0.0163934
44490,61,60,0.0163934
44494,61,60,0.0163934
44497,61,60,0.0163934
44500,61,60,0.0163934
44502,61,60,0.0163934
44504,61,60,0.0163934
44506,61,60,0.0163934
44509,61,60,0.0163934
44512,61,60,0.0163934
44514,61,60,0.0163934
44517,61,60,0.0163934
44519,61,60,0.0163934
44521,61,60,0.0163934
44523,61,60,0.0163934
44527,61,60,0.0163934
44529,61,60,0.0163934
44532,61,60,0.0163934
44534,61,60,0.0163934
44536,61,60,0.0163934
44538,61,60,0.0163934
44542,61,60,0.0163934
44544,61,60,0.0163934
44547,61,60,0.0163934
44549,61,60,0.0163934
44551,61,60,0.0163934
44554,61,60,0.0163934
44556,61,60,0.0163934
44559,61,60,0.0163934
44561,61,60,0.0163934
44564,61,60,0.0163934
44566,61,60,0.0163934
44568,61,60,0.0163934
44571,61,60,0.0163934
44573,61,60,0.0163934
44576,61,60,0.0163934
44578,61,60,0.0163934
44580,61,60,0.0163934
44583,61,60,0.0163934
44585,61,60,0.0163934
44588,61,60,0.0163934
44592,61,60,0.0163934
44595,61,60,0.0163934
44598,61,60,0.0163934
44600,61,60,0.0163934
44602,61,60,0.0163934
44604,61,60,0.0163934
44606,61,60,0.0163934
44609,61,60,0.0163934
44610,61,60,0.0163934
44612,61,60,0.0163934
44615,61,60,0.0163934
44617,61,60,0.0163934
44619,61,60,0.0163934
44621,61,60,0.0163934
44623,61,60,0.0163934
44625,61,60,0.0163934
44627,61,60,0.0163934
44630,61,60,0.0163934
44634,61,60,0.0163934
44637,61,60,0.0163934
44639,61,60,0.0163934
44641,61,60,0.0163934
44644,61,60,0.0163934
44646,61,60,0.0163934
44650,61,60,0.0163934
44652,61,60,0.0163934
44656,61,60,0.0163934
44659,61,60,0.0163934
44664,61,60,0.0163934
44667,61,60,0.0163934
44669,61,60,0.0163934
44671,61,60,0.0163934
44673,61,60,0.0163934
44677,61,60,0.0163934
44679,61,60,0.0163934
44682,61,60,0.0163934
44684,61,60,0.0163934
44686,61,60,0.0163934
44690,61,60,0.0163934
44692,61,60,0.0163934
44694,61,60,0.0163934
44698,61,60,0.0163934
44700,61,60,0.0163934
44702,61,60,0.0163934
44705,61,60,0.0163934
44707,61,60,0.0163934
44709,61,60,0.0163934
44712,61,60,0.0163934
44717,61,60,0.0163934
44719,61,60,0.0163934
44722,61,60,0.0163934
44724,61,60,0.0163934
44726,61,60,0.0163934
44728,61,60,0.0163934
44731,61,60,0.0163934
44733,61,60,0.0163934
44735,61,60,0.0163934
44737,61,60,0.0163934
44740,61,60,0.0163934
44744,61,60,0.0163934
44746,61,60,0.0163934
44748,61,60,0.0163934
44751,61,60,0.0163934
44753,61,60,0.0163934
44755,61,60,0.0163934
44758,61,60,0.0163934
44761,61,60,0.0163934
44763,61,60,0.0163934
44765,61,60,0.0163934
44767,61,60,0.0163934
44769,61,60,0.0163934
44771,61,60,0.0163934
44774,61,60,0.0163934
44776,61,60,0.0163934
44778,61,60,0.0163934
44783,61,60,0.0163934
44785,61,60,0.0163934
44787,61,60,0.0163934
44791,61,60,0.0163934
44793,61,60,0.0163934
44795,61,60,0.0163934
44797,61,60,0.0163934
44799,61,60,0.0163934
44801,61,60,0.0163934
44804,61,60,0.0163934
44806,61,60,0.0163934
44808,61,60,0.0163934
44810,61,60,0.0163934
44812,61,60,0.0163934
44814,61,60,0.0163934
44818,61,60,0.0163934
44820,61,60,0.0163934
44823,61,60,0.0163934
44825,61,60,0.0163934
44828,61,60,0.0163934
44830,61,60,0.0163934
44832,61,60,0.0163934
44834,61,60,0.0163934
44837,61,60,0.0163934
44839,61,60,0.0163934
44841,61,60,0.0163934
44843,61,60,0.0163934
44846,61,60,0.0163934
44848,61,60,0.0163934
44850,61,60,0.0163934
44853,61,60,0.0163934
44855,61,60,0.0163934
44857,61,60,0.0163934
44859,61,60,0.0163934
44862,61,60,0.0163934
44866,61,60,0.0163934
44869,61,60,0.0163934
44872,61,60,0.0163934
44875,61,60,0.0163934
44877,61,60,0.0163934
44880,61,60,0.0163934
44882,61,60,0.0163934
44884,61,60,0.0163934
44887,61,60,0.0163934
44890,61,60,0.0163934
44893,61,60,0.0163934
44895,61,60,0.0163934
44897,61,60,0.0163934
44899,61,60,0.0163934
44901,61,60,0.0163934
44903,61,60,0.0163934
44906,61,60,0.0163934
44909,61,60,0.0163934
44911,61,60,0.0163934
44913,61,60,0.0163934
44915,61,60,0.0163934
44918,61,60,0.0163934
44921,61,60,0.0163934
44924,61,60,0.0163934
44927,61,60,0.0163934
44930,61,60,0.0163934
44932,61,60,0.0163934
44935,61,60,0.0163934
44937,61,60,0.0163934
44940,61,60,0.0163934
44943,61,60,0.0163934
44946,61,60,0.0163934
44948,61,60,0.0163934
44951,61,60,0.0163934
44954,61,60,0.0163934
44958,61,60,0.0163934
44962,61,60,0.0163934
44965,61,60,0.0163934
44968,61,60,0.0163934
44970,61,60,0.0163934
44973,61,60,0.0163934
44977,61,60,0.0163934
44983,61,60,0.0163934
44989,61,60,0.0163934
44993,61,60,0.0163934
44996,61,60,0.0163934
44999,61,60,0.0163934
45003,61,60,0.0163934
45006,61,60,0.0163934
45013,61,60,0.0163934
45015,61,60,0.0163934
45018,61,60,0.0163934
45021,61,60,0.0163934
45024,61,60,0.0163934
45028,61,60,0.0163934
45031,61,60,0.0163934
45034,61,60,0.0163934
45038,61,60,0.0163934
45041,61,60,0.0163934
45045,61,60,0.0163934
45048,61,60,0.0163934
45051,61,60,0.0163934
45054,61,60,0.0163934
45057,61,60,0.0163934
45061,61,60,0.0163934
45065,61,60,0.0163934
45068,61,60,0.0163934
45072,61,60,0.0163934
45077,61,60,0.0163934
45080,61,60,0.0163934
45083,61,60,0.0163934
45085,61,60,0.0163934
45088,61,60,0.0163934
45092,61,60,0.0163934
45098,61,60,0.0163934
45101,61,60,0.0163934
45104,61,60,0.0163934
45107,61,60,0.0163934
45110,61,60,0.0163934
45112,61,60,0.0163934
45115,61,60,0.0163934
45118,61,60,0.0163934
45121,61,60,0.0163934
45125,61,60,0.0163934
45128,61,60,0.0163934
45131,61,60,0.0163934
45135,61,60,0.0163934
45138,61,60,0.0163934
45142,61,60,0.0163934
45145,61,60,0.0163934
45147,61,60,0.0163934
45150,61,60,0.0163934
45152,61,60,0.0163934
45155,61,60,0.0163934
45160,61,60,0.0163934
45163,61,60,0.0163934
45165,61,60,0.0163934
45168,61,60,0.0163934
45170,61,60,0.0163934
45173,61,60,0.0163934
45175,61,60,0.0163934
45177,61,60,0.0163934
45181,61,60,0.0163934
45184,61,60,0.0163934
45188,61,60,0.0163934
45191,61,60,0.0163934
45194,61,60,0.0163934
45196,61,60,0.0163934
45200,61,60,0.0163934
45202,61,60,0.0163934
45205,61,60,0.0163934
45207,61,60,0.0163934
45209,61,60,0.0163934
45212,61,60,0.0163934
45215,61,60,0.0163934
45217,61,60,0.0163934
45220,61,60,0.0163934
45223,61,60,0.0163934
45225,61,60,0.0163934
45229,61,60,0.0163934
45233,61,60,0.0163934
45236,61,60,0.0163934
45241,61,60,0.0163934
45244,61,60,0.0163934
45246,61,60,0.0163934
45250,61,60,0.0163934
45253,61,60,0.0163934
45256,61,60,0.0163934
45258,61,60,0.0163934
45261,61,60,0.0163934
45264,61,60,0.0163934
45267,61,60,0.0163934
45271,61,60,0.0163934
45274,61,60,0.0163934
45277,61,60,0.0163934
45280,61,60,0.0163934
45283,61,60,0.0163934
45287,61,60,0.0163934
45291,61,60,0.0163934
45293,61,60,0.0163934
45296,61,60,0.0163934
45298,61,60,0.0163934
45302,61,60,0.0163934
45304,61,60,0.0163934
45306,61,60,0.0163934
45309,61,60,0.0163934
45311,61,60,0.0163934
45315,61,60,0.0163934
45317,61,60,0.0163934
45323,61,60,0.0163934
45326,61,60,0.0163934
45329,61,60,0.0163934
45332,61,60,0.0163934
45335,61,60,0.0163934
45338,61,60,0.0163934
45340,61,60,0.0163934
45343,61,60,0.0163934
45345,61,60,0.0163934
45348,61,60,0.0163934
45351,61,60,0.0163934
45354,61,60,0.0163934
45357,61,60,0.0163934
45360,61,60,0.0163934
45362,61,60,0.0163934
45365,61,60,0.0163934
45369,61,60,0.0163934
45372,61,60,0.0163934
45375,61,60,0.0163934
45380,61,60,0.0163934
45383,61,60,0.0163934
45387,61,60,0.0163934
45390,61,60,0.0163934
45393,61,60,0.0163934
45397,61,60,0.0163934
45399,61,60,0.0163934
45402,61,60,0.0163934
45406,61,60,0.0163934
45409,61,60,0.0163934
45413,61,60,0.0163934
45416,61,60,0.0163934
45418,61,60,0.0163934
45421,61,60,0.0163934
45423,61,60,0.0163934
45425,61,60,0.0163934
45429,61,60,0.0163934
45432,61,60,0.0163934
45436,61,60,0.0163934
45443,61,60,0.0163934
45445,61,60,0.0163934
45448,61,60,0.0163934
45451,61,60,0.0163934
45453,61,60,0.0163934
45456,61,60,0.0163934
45459,61,60,0.0163934
45462,61,60,0.0163934
45465,61,60,0.0163934
45467,61,60,0.0163934
45472,61,60,0.0163934
45475,61,60,0.0163934
45478,61,60,0.0163934
45480,61,60,0.0163934
45483,61,60,0.0163934
45486,61,60,0.0163934
45489,61,60,0.0163934
45492,61,60,0.0163934
45495,61,60,0.0163934
45498,61,60,0.0163934
45501,61,60,0.0163934
45504,61,60,0.0163934
45507,61,60,0.0163934
45510,61,60,0.0163934
45512,61,60,0.0163934
45516,61,60,0.0163934
45518,61,60,0.0163934
45520,61,60,0.0163934
45522,61,60,0.0163934
45524,61,60,0.0163934
45527,61,60,0.0163934
45529,61,60,0.0163934
45531,61,60,0.0163934
45535,61,60,0.0163934
45537,61,60,0.0163934
45539,61,60,0.0163934
45544,61,60,0.0163934
45547,61,60,0.0163934
45549,61,60,0.0163934
45552,61,60,0.0163934
45554,61,60,0.0163934
45557,61,60,0.0163934
45561,61,60,0.0163934
45564,61,60,0.0163934
45567,61,60,0.0163934
45569,61,60,0.0163934
45571,61,60,0.0163934
45573,61,60,0.0163934
45576,61,60,0.0163934
45578,61,60,0.0163934
45581,61,60,0.0163934
45583,61,60,0.0163934
45585,61,60,0.0163934
45587,61,60,0.0163934
45590,61,60,0.0163934
45595,61,60,0.0163934
45599,61,60,0.0163934
45601,61,60,0.0163934
45604,61,60,0.0163934
45606,61,60,0.0163934
45613,61,60,0.0163934
45616,61,60,0.0163934
45619,61,60,0.0163934
45621,61,60,0.0163934
45623,61,60,0.0163934
45626,61,60,0.0163934
45629,61,60,0.0163934
45632,61,60,0.0163934
45635,61,60,0.0163934
45638,61,60,0.0163934
45640,61,60,0.0163934
45644,61,60,0.0163934
45647,61,60,0.0163934
45650,61,60,0.0163934
45653,61,60,0.0163934
45655,61,60,0.0163934
45658,61,60,0.0163934
45660,61,60,0.0163934
45663,61,60,0.0163934
45665,61,60,0.0163934
45667,61,60,0.0163934
45670,61,60,0.0163934
45673,61,60,0.0163934
45677,61,60,0.0163934
45680,61,60,0.0163934
45683,61,60,0.0163934
45687,61,60,0.0163934
45689,61,60,0.0163934
45691,61,60,0.0163934
45694,61,60,0.0163934
45696,61,60,0.0163934
45699,61,60,0.0163934
45701,61,60,0.0163934
45706,61,60,0.0163934
45709,61,60,0.0163934
45710,61,60,0.0163934
45714,61,60,0.0163934
45715,61,60,0.0163934
45718,61,60,0.0163934
45720,61,60,0.0163934
45722,61,60,0.0163934
45724,61,60,0.0163934
45726,61,60,0.0163934
45728,61,60,0.0163934
45731,61,60,0.0163934
45733,61,60,0.0163934
45737,61,60,0.0163934
45740,61,60,0.0163934
45743,61,60,0.0163934
45745,61,60,0.0163934
45747,61,60,0.0163934
45750,61,60,0.0163934
45752,61,60,0.0163934
45755,61,60,0.0163934
45757,61,60,0.0163934
45759,61,60,0.0163934
45762,61,60,0.0163934
45765,61,60,0.0163934
45767,61,60,0.0163934
45769,61,60,0.0163934
45773,61,60,0.0163934
45777,61,60,0.0163934
45779,61,60,0.0163934
45781,61,60,0.0163934
45783,61,60,0.0163934
45790,61,60,0.0163934
45793,61,60,0.0163934
45795,61,60,0.0163934
45797,61,60,0.0163934
45799,61,60,0.0163934
45802,61,60,0.0163934
45804,61,60,0.0163934
45806,61,60,0.0163934
45809,61,60,0.0163934
45812,61,60,0.0163934
45814,61,60,0.0163934
45817,61,60,0.0163934
45819,61,60,0.0163934
45822,61,60,0.0163934
45825,61,60,0.0163934
45828,61,60,0.0163934
45831,61,60,0.0163934
45833,61,60,0.0163934
45837,61,60,0.0163934
45839,61,60,0.0163934
45841,61,60,0.0163934
45845,61,60,0.0163934
45848,61,60,0.0163934
45851,61,60,0.0163934
45853,61,60,0.0163934
45855,61,60,0.0163934
45858,61,60,0.0163934
45861,61,60,0.0163934
45864,61,60,0.0163934
45866,61,60,0.0163934
45869,61,60,0.0163934
45872,61,60,0.0163934
45875,61,60,0.0163934
45878,61,60,0.0163934
45883,61,60,0.0163934
45887,61,60,0.0163934
45890,61,60,0.0163934
45892,61,60,0.0163934
45895,61,60,0.0163934
45898,61,60,0.0163934
45901,61,60,0.0163934
45903,61,60,0.0163934
45906,61,60,0.0163934
45908,61,60,0.0163934
45911,61,60,0.0163934
45913,61,60,0.0163934
45915,61,60,0.0163934
45918,61,60,0.0163934
45921,61,60,0.0163934
45924,61,60,0.0163934
45926,61,60,0.0163934
45929,61,60,0.0163934
45931,61,60,0.0163934
45934,61,60,0.0163934
45936,61,60,0.0163934
45939,61,60,0.0163934
45942,61,60,0.0163934
45945,61,60,0.0163934
45948,61,60,0.0163934
45950,61,60,0.0163934
45953,61,60,0.0163934
45955,61,60,0.0163934
45957,61,60,0.0163934
45961,61,60,0.0163934
45964,61,60,0.0163934
45967,61,60,0.0163934
45969,61,60,0.0163934
45972,61,60,0.0163934
45976,61,60,0.0163934
45979,61,60,0.0163934
45981,61,60,0.0163934
45984,61,60,0.0163934
45987,61,60,0.0163934
45991,61,60,0.0163934
45995,61,60,0.0163934
45998,61,60,0.0163934
46001,61,60,0.0163934
46003,61,60,0.0163934
46005,61,60,0.0163934
46009,61,60,0.0163934
46012,61,60,0.0163934
46014,61,60,0.0163934
46018,61,60,0.0163934
46020,61,60,0.0163934
46022,61,60,0.0163934
46026,61,60,0.0163934
46029,61,60,0.0163934
46034,61,60,0.0163934
46088,61,60,0.0163934
46092,61,60,0.0163934
46106,61,60,0.0163934
46109,61,60,0.0163934
46112,61,60,0.0163934
46115,61,60,0.0163934
46120,61,60,0.0163934
46124,61,60,0.0163934
46130,61,60,0.0163934
46133,61,60,0.0163934
46136,61,60,0.0163934
46138,61,60,0.0163934
46143,61,60,0.0163934
46146,61,60,0.0163934
46148,61,60,0.0163934
46151,61,60,0.0163934
46154,61,60,0.0163934
46157,61,60,0.0163934
46160,61,60,0.0163934
46163,61,60,0.0163934
46168,61,60,0.0163934
46171,61,60,0.0163934
46174,61,60,0.0163934
46177,61,60,0.0163934
46182,61,60,0.0163934
46184,61,60,0.0163934
46186,61,60,0.0163934
46189,61,60,0.0163934
46191,61,60,0.0163934
46194,61,60,0.0163934
46198,61,60,0.0163934
46201,61,60,0.0163934
46205,61,60,0.0163934
46210,61,60,0.0163934
46212,61,60,0.0163934
46215,61,60,0.0163934
46218,61,60,0.0163934
46221,61,60,0.0163934
46223,61,60,0.0163934
46226,61,60,0.0163934
46231,61,60,0.0163934
46234,61,60,0.0163934
46238,61,60,0.0163934
46243,61,60,0.0163934
46246,61,60,0.0163934
46248,61,60,0.0163934
46251,61,60,0.0163934
46253,61,60,0.0163934
46255,61,60,0.0163934
46260,61,60,0.0163934
46262,61,60,0.0163934
46266,61,60,0.0163934
46268,61,60,0.0163934
46270,61,60,0.0163934
46272,61,60,0.0163934
46275,61,60,0.0163934
46277,61,60,0.0163934
46281,61,60,0.0163934
46283,61,60,0.0163934
46287,61,60,0.0163934
46290,61,60,0.0163934
46294,61,60,0.0163934
46296,61,60,0.0163934
46298,61,60,0.0163934
46300,61,60,0.0163934
46302,61,60,0.0163934
46305,61,60,0.0163934
46309,61,60,0.0163934
46312,61,60,0.0163934
46315,61,60,0.0163934
46317,61,60,0.0163934
46320,61,60,0.0163934
46322,61,60,0.0163934
46325,61,60,0.0163934
46328,61,60,0.0163934
46331,61,60,0.0163934
46333,61,60,0.0163934
46335,61,60,0.0163934
46337,61,60,0.0163934
46340,61,60,0.0163934
46344,61,60,0.0163934
46347,61,60,0.0163934
46349,61,60,0.0163934
46351,61,60,0.0163934
46353,61,60,0.0163934
46355,61,60,0.0163934
46360,61,60,0.0163934
46362,61,60,0.0163934
46364,61,60,0.0163934
46366,61,60,0.0163934
46368,61,60,0.0163934
46370,61,60,0.0163934
46372,61,60,0.0163934
46374,61,60,0.0163934
46376,61,60,0.0163934
46378,61,60,0.0163934
46380,61,60,0.0163934
46382,61,60,0.0163934
46385,61,60,0.0163934
46387,61,60,0.0163934
46389,61,60,0.0163934
46391,61,60,0.0163934
46393,61,60,0.0163934
46395,61,60,0.0163934
46399,61,60,0.0163934
46401,61,60,0.0163934
46403,61,60,0.0163934
46405,61,60,0.0163934
46407,61,60,0.0163934
46409,61,60,0.0163934
46412,61,60,0.0163934
46414,61,60,0.0163934
46416,61,60,0.0163934
46418,61,60,0.0163934
46421,61,60,0.0163934
46424,61,60,0.0163934
46428,61,60,0.0163934
46430,61,60,0.0163934
46433,61,60,0.0163934
46435,61,60,0.0163934
46437,61,60,0.0163934
46440,61,60,0.0163934
46443,61,60,0.0163934
46445,61,60,0.0163934
46448,61,60,0.0163934
46451,61,60,0.0163934
46454,61,60,0.0163934
46456,61,60,0.0163934
46459,61,60,0.0163934
46463,61,60,0.0163934
46466,61,60,0.0163934
46468,61,60,0.0163934
46472,61,60,0.0163934
46476,61,60,0.0163934
46478,61,60,0.0163934
46480,61,60,0.0163934
46483,61,60,0.0163934
46485,61,60,0.0163934
46488,61,60,0.0163934
46490,61,60,0.0163934
46492,61,60,0.0163934
46494,61,60,0.0163934
46497,61,60,0.0163934
46500,61,60,0.0163934
46503,61,60,0.0163934
46506,61,60,0.0163934
46508,61,60,0.0163934
46510,61,60,0.0163934
46512,61,60,0.0163934
46515,61,60,0.0163934
46517,61,60,0.0163934
46519,61,60,0.0163934
46521,61,60,0.0163934
46523,61,60,0.0163934
46526,61,60,0.0163934
46528,61,60,0.0163934
46530,61,60,0.0163934
46532,61,60,0.0163934
46534,61,60,0.0163934
46536,61,60,0.0163934
46538,61,60,0.0163934
46545,61,60,0.0163934
46547,61,60,0.0163934
46549,61,60,0.0163934
46552,61,60,0.0163934
46555,61,60,0.0163934
46558,61,60,0.0163934
46561,61,60,0.0163934
46563,61,60,0.0163934
46566,61,60,0.0163934
46568,61,60,0.0163934
46570,61,60,0.0163934
46572,61,60,0.0163934
46575,61,60,0.0163934
46577,61,60,0.0163934
46579,61,60,0.0163934
46581,61,60,0.0163934
46583,61,60,0.0163934
46585,61,60,0.0163934
46587,61,60,0.0163934
46589,61,60,0.0163934
46591,61,60,0.0163934
46593,61,60,0.0163934
46596,61,60,0.0163934
46599,61,60,0.0163934
46603,61,60,0.0163934
46606,61,60,0.0163934
46608,61,60,0.0163934
46610,61,60,0.0163934
46613,61,60,0.0163934
46616,61,60,0.0163934
46618,61,60,0.0163934
46620,61,60,0.0163934
46624,61,60,0.0163934
46627,61,60,0.0163934
46629,61,60,0.0163934
46632,61,60,0.0163934
46634,61,60,0.0163934
46636,61,60,0.0163934
46638,61,60,0.0163934
46642,61,60,0.0163934
46644,61,60,0.0163934
46647,61,60,0.0163934
46649,61,60,0.0163934
46651,61,60,0.0163934
46653,61,60,0.0163934
46656,61,60,0.0163934
46658,61,60,0.0163934
46660,61,60,0.0163934
46662,61,60,0.0163934
46664,61,60,0.0163934
46667,61,60,0.0163934
46669,61,60,0.0163934
46671,61,60,0.0163934
46673,61,60,0.0163934
46676,61,60,0.0163934
46678,61,60,0.0163934
46680,61,60,0.0163934
46683,61,60,0.0163934
46686,61,60,0.0163934
46689,61,60,0.0163934
46692,61,60,0.0163934
46694,61,60,0.0163934
46697,61,60,0.0163934
46700,61,60,0.0163934
46702,61,60,0.0163934
46705,61,60,0.0163934
46708,61,60,0.0163934
46711,61,60,0.0163934
46713,61,60,0.0163934
46715,61,60,0.0163934
46718,61,60,0.0163934
46720,61,60,0.0163934
46722,61,60,0.0163934
46725,61,60,0.0163934
46727,61,60,0.0163934
46729,61,60,0.0163934
46732,61,60,0.0163934
46734,61,60,0.0163934
46736,61,60,0.0163934
46738,61,60,0.0163934
46741,61,60,0.0163934
46743,61,60,0.0163934
46746,61,60,0.0163934
46748,61,60,0.0163934
46750,61,60,0.0163934
46755,61,60,0.0163934
46757,61,60,0.0163934
46760,61,60,0.0163934
46764,61,60,0.0163934
46766,61,60,0.0163934
46769,61,60,0.0163934
46771,61,60,0.0163934
46774,61,60,0.0163934
46776,61,60,0.0163934
46779,61,60,0.0163934
46781,61,60,0.0163934
46785,61,60,0.0163934
46789,61,60,0.0163934
46791,61,60,0.0163934
46796,61,60,0.0163934
46798,61,60,0.0163934
46800,61,60,0.0163934
46802,61,60,0.0163934
46804,61,60,0.0163934
46806,61,60,0.0163934
46808,61,60,0.0163934
46810,61,60,0.0163934
46813,61,60,0.0163934
46816,61,60,0.0163934
46819,61,60,0.0163934
46821,61,60,0.0163934
46824,61,60,0.0163934
46826,61,60,0.0163934
46830,61,60,0.0163934
46836,61,60,0.0163934
46838,61,60,0.0163934
46840,61,60,0.0163934
46846,61,60,0.0163934
46849,61,60,0.0163934
46851,61,60,0.0163934
46854,61,60,0.0163934
46856,61,60,0.0163934
46859,61,60,0.0163934
46863,61,60,0.0163934
46865,61,60,0.0163934
46868,61,60,0.0163934
46871,61,60,0.0163934
46873,61,60,0.0163934
46876,61,60,0.0163934
46879,61,60,0.0163934
46881,61,60,0.0163934
46885,61,60,0.0163934
46887,61,60,0.0163934
46890,61,60,0.0163934
46893,61,60,0.0163934
46896,61,60,0.0163934
46898,61,60,0.0163934
46901,61,60,0.0163934
46903,61,60,0.0163934
46905,61,60,0.0163934
46907,61,60,0.0163934
46909,61,60,0.0163934
46912,61,60,0.0163934
46914,61,60,0.0163934
46917,61,60,0.0163934
46919,61,60,0.0163934
46922,61,60,0.0163934
46924,61,60,0.0163934
46926,61,60,0.0163934
46930,61,60,0.0163934
46933,61,60,0.0163934
46935,61,60,0.0163934
46937,61,60,0.0163934
46940,61,60,0.0163934
46942,61,60,0.0163934
46944,61,60,0.0163934
46947,61,60,0.0163934
46949,61,60,0.0163934
46952,61,60,0.0163934
46955,61,60,0.0163934
46957,61,60,0.0163934
46964,61,60,0.0163934
46966,61,60,0.0163934
46970,61,60,0.0163934
46973,61,60,0.0163934
46975,61,60,0.0163934
46978,61,60,0.0163934
46980,61,60,0.0163934
46983,61,60,0.0163934
46985,61,60,0.0163934
46988,61,60,0.0163934
46992,61,60,0.0163934
46994,61,60,0.0163934
47000,61,60,0.0163934
47003,61,60,0.0163934
47007,61,60,0.0163934
47011,61,60,0.0163934
47013,61,60,0.0163934
47015,61,60,0.0163934
47018,61,60,0.0163934
47021,61,60,0.0163934
47024,61,60,0.0163934
47026,61,60,0.0163934
47029,61,60,0.0163934
47032,61,60,0.0163934
47035,61,60,0.0163934
47039,61,60,0.0163934
47043,61,60,0.0163934
47046,61,60,0.0163934
47049,61,60,0.0163934
47052,61,60,0.0163934
47055,61,60,0.0163934
47059,61,60,0.0163934
47062,61,60,0.0163934
47065,61,60,0.0163934
47068,61,60,0.0163934
47071,61,60,0.0163934
47074,61,60,0.0163934
47077,61,60,0.0163934
47081,61,60,0.0163934
47084,61,60,0.0163934
47087,61,60,0.0163934
47091,61,60,0.0163934
47094,61,60,0.0163934
47096,61,60,0.0163934
47098,61,60,0.0163934
47101,61,60,0.0163934
47106,61,60,0.0163934
47108,61,60,0.0163934
47111,61,60,0.0163934
47113,61,60,0.0163934
47117,61,60,0.0163934
47120,61,60,0.0163934
47123,61,60,0.0163934
47126,61,60,0.0163934
47128,61,60,0.0163934
47131,61,60,0.0163934
47133,61,60,0.0163934
47137,61,60,0.0163934
47140,61,60,0.0163934
47144,61,60,0.0163934
47148,61,60,0.0163934
47151,61,60,0.0163934
47154,61,60,0.0163934
47156,61,60,0.0163934
47159,61,60,0.0163934
47161,61,60,0.0163934
47163,61,60,0.0163934
47166,61,60,0.0163934
47168,61,60,0.0163934
47172,61,60,0.0163934
47178,61,60,0.0163934
47180,61,60,0.0163934
47182,61,60,0.0163934
47186,61,60,0.0163934
47190,61,60,0.0163934
47193,61,60,0.0163934
47195,61,60,0.0163934
47197,61,60,0.0163934
47200,61,60,0.0163934
47203,61,60,0.0163934
47205,61,60,0.0163934
47207,61,60,0.0163934
47210,61,60,0.0163934
47212,61,60,0.0163934
47215,61,60,0.0163934
47217,61,60,0.0163934
47220,61,60,0.0163934
47222,61,60,0.0163934
47224,61,60,0.0163934
47227,61,60,0.0163934
47231,61,60,0.0163934
47233,61,60,0.0163934
47235,61,60,0.0163934
47240,61,60,0.0163934
47244,61,60,0.0163934
47247,61,60,0.0163934
47249,61,60,0.0163934
47252,61,60,0.0163934
47254,61,60,0.0163934
47257,61,60,0.0163934
47260,61,60,0.0163934
47262,61,60,0.0163934
47264,61,60,0.0163934
47266,61,60,0.0163934
47268,61,60,0.0163934
47270,61,60,0.0163934
47272,61,60,0.0163934
47274,61,60,0.0163934
47276,61,60,0.0163934
47279,61,60,0.0163934
47282,61,60,0.0163934
47286,61,60,0.0163934
47289,61,60,0.0163934
47292,61,60,0.0163934
47295,61,60,0.0163934
47297,61,60,0.0163934
47299,61,60,0.0163934
47301,61,60,0.0163934
47306,61,60,0.0163934
47309,61,60,0.0163934
47311,61,60,0.0163934
47314,61,60,0.0163934
47317,61,60,0.0163934
47319,61,60,0.0163934
47321,61,60,0.0163934
47323,61,60,0.0163934
47326,61,60,0.0163934
47329,61,60,0.0163934
47331,61,60,0.0163934
47333,61,60,0.0163934
47336,61,60,0.0163934
47338,61,60,0.0163934
47340,61,60,0.0163934
47342,61,60,0.0163934
47344,61,60,0.0163934
47349,61,60,0.0163934
47351,61,60,0.0163934
47353,61,60,0.0163934
47358,61,60,0.0163934
47360,61,60,0.0163934
47362,61,60,0.0163934
47364,61,60,0.0163934
47367,61,60,0.0163934
47369,61,60,0.0163934
47371,61,60,0.0163934
47374,61,60,0.0163934
47377,61,60,0.0163934
47379,61,60,0.0163934
47381,61,60,0.0163934
47384,61,60,0.0163934
47386,61,60,0.0163934
47389,61,60,0.0163934
47392,61,60,0.0163934
47394,61,60,0.0163934
47397,61,60,0.0163934
47400,61,60,0.0163934
47402,61,60,0.0163934
47405,61,60,0.0163934
47407,61,60,0.0163934
47410,61,60,0.0163934
47412,61,60,0.0163934
47416,61,60,0.0163934
47418,61,60,0.0163934
47420,61,60,0.0163934
47423,61,60,0.0163934
47424,61,60,0.0163934
47428,61,60,0.0163934
47430,61,60,0.0163934
47433,61,60,0.0163934
47435,61,60,0.0163934
47437,61,60,0.0163934
47440,61,60,0.0163934
47442,61,60,0.0163934
47444,61,60,0.0163934
47448,61,60,0.0163934
47450,61,60,0.0163934
47452,61,60,0.0163934
47454,61,60,0.0163934
47457,61,60,0.0163934
47460,61,60,0.0163934
47462,61,60,0.0163934
47464,61,60,0.0163934
47466,61,60,0.0163934
47469,61,60,0.0163934
47471,61,60,0.0163934
47473,61,60,0.0163934
47475,61,60,0.0163934
47477,61,60,0.0163934
47479,61,60,0.0163934
47482,61,60,0.0163934
47484,61,60,0.0163934
47486,61,60,0.0163934
47490,61,60,0.0163934
47492,61,60,0.0163934
47495,61,60,0.0163934
47497,61,60,0.0163934
47501,61,60,0.0163934
47503,61,60,0.0163934
47507,61,60,0.0163934
47510,61,60,0.0163934
47513,61,60,0.0163934
47515,61,60,0.0163934
47517,61,60,0.0163934
47519,61,60,0.0163934
47521,61,60,0.0163934
47523,61,60,0.0163934
47525,61,60,0.0163934
47528,61,60,0.0163934
47530,61,60,0.0163934
47535,61,60,0.0163934
47537,61,60,0.0163934
47540,61,60,0.0163934
47542,61,60,0.0163934
47544,61,60,0.0163934
47547,61,60,0.0163934
47549,61,60,0.0163934
47552,61,60,0.0163934
47556,61,60,0.0163934
47559,61,60,0.0163934
47562,61,60,0.0163934
47564,61,60,0.0163934
47566,61,60,0.0163934
47568,61,60,0.0163934
47570,61,60,0.0163934
47574,61,60,0.0163934
47578,61,60,0.0163934
47581,61,60,0.0163934
47585,61,60,0.0163934
47588,61,60,0.0163934
47591,61,60,0.0163934
47594,61,60,0.0163934
47597,61,60,0.0163934
47600,61,60,0.0163934
47602,61,60,0.0163934
47605,61,60,0.0163934
47609,61,60,0.0163934
47612,61,60,0.0163934
47615,61,60,0.0163934
47617,61,60,0.0163934
47619,61,60,0.0163934
47621,61,60,0.0163934
47624,61,60,0.0163934
47627,61,60,0.0163934
47629,61,60,0.0163934
47632,61,60,0.0163934
47634,61,60,0.0163934
47636,61,60,0.0163934
47639,61,60,0.0163934
47643,61,60,0.0163934
47646,61,60,0.0163934
47649,61,60,0.0163934
47651,61,60,0.0163934
47653,61,60,0.0163934
47656,61,60,0.0163934
47660,61,60,0.0163934
47662,61,60,0.0163934
47665,61,60,0.0163934
47668,61,60,0.0163934
47671,61,60,0.0163934
47673,61,60,0.0163934
47677,61,60,0.0163934
47680,61,60,0.0163934
47682,61,60,0.0163934
47684,61,60,0.0163934
47686,61,60,0.0163934
47692,61,60,0.0163934
47696,61,60,0.0163934
47699,61,60,0.0163934
47701,61,60,0.0163934
47703,61,60,0.0163934
47705,61,60,0.0163934
47710,61,60,0.0163934
47713,61,60,0.0163934
47718,61,60,0.0163934
47721,61,60,0.0163934
47723,61,60,0.0163934
47725,61,60,0.0163934
47728,61,60,0.0163934
47731,61,60,0.0163934
47734,61,60,0.0163934
47736,61,60,0.0163934
47739,61,60,0.0163934
47742,61,60,0.0163934
47744,61,60,0.0163934
47746,61,60,0.0163934
47749,61,60,0.0163934
47751,61,60,0.0163934
47753,61,60,0.0163934
47755,61,60,0.0163934
47758,61,60,0.0163934
47760,61,60,0.0163934
47762,61,60,0.0163934
47765,61,60,0.0163934
47767,61,60,0.0163934
47770,61,60,0.0163934
47773,61,60,0.0163934
47775,61,60,0.0163934
47778,61,60,0.0163934
47780,61,60,0.0163934
47784,61,60,0.0163934
47787,61,60,0.0163934
47790,61,60,0.0163934
47792,61,60,0.0163934
47795,61,60,0.0163934
47798,61,60,0.0163934
47801,61,60,0.0163934
47803,61,60,0.0163934
47805,61,60,0.0163934
47807,61,60,0.0163934
47811,61,60,0.0163934
47813,61,60,0.0163934
47816,61,60,0.0163934
47817,61,60,0.0163934
47820,61,60,0.0163934
47823,61,60,0.0163934
47824,61,60,0.0163934
47827,61,60,0.0163934
47830,61,60,0.0163934
47832,61,60,0.0163934
47836,61,60,0.0163934
47839,61,60,0.0163934
47842,61,60,0.0163934
47844,61,60,0.0163934
47847,61,60,0.0163934
47849,61,60,0.0163934
47851,61,60,0.0163934
47854,61,60,0.0163934
47856,61,60,0.0163934
47861,61,60,0.0163934
47864,61,60,0.0163934
47867,61,60,0.0163934
47870,61,60,0.0163934
47872,61,60,0.0163934
47875,61,60,0.0163934
47877,61,60,0.0163934
47880,61,60,0.0163934
47882,61,60,0.0163934
47884,61,60,0.0163934
47886,61,60,0.0163934
47888,61,60,0.0163934
47891,61,60,0.0163934
47894,61,60,0.0163934
47896,61,60,0.0163934
47898,61,60,0.0163934
47901,61,60,0.0163934
47903,61,60,0.0163934
47905,61,60,0.0163934
47909,61,60,0.0163934
47914,61,60,0.0163934
47916,61,60,0.0163934
47918,61,60,0.0163934
47920,61,60,0.0163934
47923,61,60,0.0163934
47926,61,60,0.0163934
47929,61,60,0.0163934
47931,61,60,0.0163934
47935,61,60,0.0163934
47937,61,60,0.0163934
47939,61,60,0.0163934
47943,61,60,0.0163934
47945,61,60,0.0163934
47947,61,60,0.0163934
47950,61,60,0.0163934
47952,61,60,0.0163934
47956,61,60,0.0163934
47958,61,60,0.0163934
47960,61,60,0.0163934
47964,61,60,0.0163934
47968,61,60,0.0163934
47971,61,60,0.0163934
47975,61,60,0.0163934
47978,61,60,0.0163934
47981,61,60,0.0163934
47984,61,60,0.0163934
47986,61,60,0.0163934
47988,61,60,0.0163934
47990,61,60,0.0163934
47994,61,60,0.0163934
47996,61,60,0.0163934
47999,61,60,0.0163934
48003,61,60,0.0163934
48006,61,60,0.0163934
48010,61,60,0.0163934
48013,61,60,0.0163934
48017,61,60,0.0163934
48020,61,60,0.0163934
48025,61,60,0.0163934
48028,61,60,0.0163934
48030,61,60,0.0163934
48033,61,60,0.0163934
48037,61,60,0.0163934
48041,61,60,0.0163934
48046,61,60,0.0163934
48049,61,60,0.0163934
48051,61,60,0.0163934
48053,61,60,0.0163934
48056,61,60,0.0163934
48059,61,60,0.0163934
48061,61,60,0.0163934
48067,61,60,0.0163934
48069,61,60,0.0163934
48072,61,60,0.0163934
48075,61,60,0.0163934
48078,61,60,0.0163934
48080,61,60,0.0163934
48083,61,60,0.0163934
48085,61,60,0.0163934
48089,61,60,0.0163934
48093,61,60,0.0163934
48096,61,60,0.0163934
48100,61,60,0.0163934
48103,61,60,0.0163934
48106,61,60,0.0163934
48110,61,60,0.0163934
48115,61,60,0.0163934
48118,61,60,0.0163934
48121,61,60,0.0163934
48128,61,60,0.0163934
48131,61,60,0.0163934
48133,61,60,0.0163934
48136,61,60,0.0163934
48138,61,60,0.0163934
48141,61,60,0.0163934
48144,61,60,0.0163934
48146,61,60,0.0163934
48148,61,60,0.0163934
48150,61,60,0.0163934
48153,61,60,0.0163934
48157,61,60,0.0163934
48160,61,60,0.0163934
48162,61,60,0.0163934
48164,61,60,0.0163934
48166,61,60,0.0163934
48168,61,60,0.0163934
48171,61,60,0.0163934
48173,61,60,0.0163934
48176,61,60,0.0163934
48180,61,60,0.0163934
48182,61,60,0.0163934
48186,61,60,0.0163934
48188,61,60,0.0163934
48192,61,60,0.0163934
48194,61,60,0.0163934
48197,61,60,0.0163934
48199,61,60,0.0163934
48202,61,60,0.0163934
48204,61,60,0.0163934
48206,61,60,0.0163934
48208,61,60,0.0163934
48211,61,60,0.0163934
48213,61,60,0.0163934
48216,61,60,0.0163934
48219,61,60,0.0163934
48221,61,60,0.0163934
48224,61,60,0.0163934
48228,61,60,0.0163934
48231,61,60,0.0163934
48233,61,60,0.0163934
48235,61,60,0.0163934
48237,61,60,0.0163934
48241,61,60,0.0163934
48244,61,60,0.0163934
48246,61,60,0.0163934
48249,61,60,0.0163934
48252,61,60,0.0163934
48254,61,60,0.0163934
48256,61,60,0.0163934
48259,61,60,0.0163934
48261,61,60,0.0163934
48264,61,60,0.0163934
48266,61,60,0.0163934
48269,61,60,0.0163934
48272,61,60,0.0163934
48276,61,60,0.0163934
48279,61,60,0.0163934
48281,61,60,0.0163934
48283,61,60,0.0163934
48287,61,60,0.0163934
48289,61,60,0.0163934
48292,61,60,0.0163934
48295,61,60,0.0163934
48298,61,60,0.0163934
48300,61,60,0.0163934
48302,61,60,0.0163934
48304,61,60,0.0163934
48307,61,60,0.0163934
48309,61,60,0.0163934
48311,61,60,0.0163934
48314,61,60,0.0163934
48317,61,60,0.0163934
48319,61,60,0.0163934
48322,61,60,0.0163934
48324,61,60,0.0163934
48327,61,60,0.0163934
48329,61,60,0.0163934
48333,61,60,0.0163934
48335,61,60,0.0163934
48337,61,60,0.0163934
48340,61,60,0.0163934
48342,61,60,0.0163934
48344,61,60,0.0163934
48346,61,60,0.0163934
48349,61,60,0.0163934
48354,61,60,0.0163934
48356,61,60,0.0163934
48358,61,60,0.0163934
48361,61,60,0.0163934
48364,61,60,0.0163934
48367,61,60,0.0163934
48371,61,60,0.0163934
48373,61,60,0.0163934
48377,61,60,0.0163934
48379,61,60,0.0163934
48383,61,60,0.0163934
48385,61,60,0.0163934
48387,61,60,0.0163934
48390,61,60,0.0163934
48393,61,60,0.0163934
48395,61,60,0.0163934
48398,61,60,0.0163934
48400,61,60,0.0163934
48404,61,60,0.0163934
48407,61,60,0.0163934
48412,61,60,0.0163934
48415,61,60,0.0163934
48417,61,60,0.0163934
48420,61,60,0.0163934
48424,61,60,0.0163934
48429,61,60,0.0163934
48431,61,60,0.0163934
48433,61,60,0.0163934
48435,61,60,0.0163934
48437,61,60,0.0163934
48440,61,60,0.0163934
48442,61,60,0.0163934
48445,61,60,0.0163934
48447,61,60,0.0163934
48451,61,60,0.0163934
48454,61,60,0.0163934
48456,61,60,0.0163934
48459,61,60,0.0163934
48461,61,60,0.0163934
48464,61,60,0.0163934
48467,61,60,0.0163934
48469,61,60,0.0163934
48473,61,60,0.0163934
48476,61,60,0.0163934
48478,61,60,0.0163934
48480,61,60,0.0163934
48482,61,60,0.0163934
48485,61,60,0.0163934
48487,61,60,0.0163934
48491,61,60,0.0163934
48494,61,60,0.0163934
48497,61,60,0.0163934
48499,61,60,0.0163934
48503,61,60,0.0163934
48506,61,60,0.0163934
48508,61,60,0.0163934
48510,61,60,0.0163934
48513,61,60,0.0163934
48516,61,60,0.0163934
48518,61,60,0.0163934
48522,61,60,0.0163934
48526,61,60,0.0163934
48528,61,60,0.0163934
48530,61,60,0.0163934
48532,61,60,0.0163934
48536,61,60,0.0163934
48539,61,60,0.0163934
48540,61,60,0.0163934
48543,61,60,0.0163934
48548,61,60,0.0163934
48550,61,60,0.0163934
48553,61,60,0.0163934
48556,61,60,0.0163934
48559,61,60,0.0163934
48562,61,60,0.0163934
48564,61,60,0.0163934
48567,61,60,0.0163934
48569,61,60,0.0163934
48571,61,60,0.0163934
48574,61,60,0.0163934
48577,61,60,0.0163934
48579,61,60,0.0163934
48580,61,60,0.0163934
48582,61,60,0.0163934
48584,61,60,0.0163934
48587,61,60,0.0163934
48590,61,60,0.0163934
48592,61,60,0.0163934
48594,61,60,0.0163934
48596,61,60,0.0163934
48598,61,60,0.0163934
48600,61,60,0.0163934
48603,61,60,0.0163934
48605,61,60,0.0163934
48607,61,60,0.0163934
48611,61,60,0.0163934
48613,61,60,0.0163934
48615,61,60,0.0163934
48618,61,60,0.0163934
48620,61,60,0.0163934
48623,61,60,0.0163934
48626,61,60,0.0163934
48629,61,60,0.0163934
48631,61,60,0.0163934
48634,61,60,0.0163934
48637,61,60,0.0163934
48643,61,60,0.0163934
48646,61,60,0.0163934
48649,61,60,0.0163934
48651,61,60,0.0163934
48654,61,60,0.0163934
48657,61,60,0.0163934
48662,61,60,0.0163934
48665,61,60,0.0163934
48669,61,60,0.0163934
48673,61,60,0.0163934
48675,61,60,0.0163934
48679,61,60,0.0163934
48681,61,60,0.0163934
48684,61,60,0.0163934
48687,61,60,0.0163934
48689,61,60,0.0163934
48691,61,60,0.0163934
48694,61,60,0.0163934
48696,61,60,0.0163934
48698,61,60,0.0163934
48700,61,60,0.0163934
48704,61,60,0.0163934
48706,61,60,0.0163934
48710,61,60,0.0163934
48713,61,60,0.0163934
48716,61,60,0.0163934
48719,61,60,0.0163934
48722,61,60,0.0163934
48725,61,60,0.0163934
48728,61,60,0.0163934
48731,61,60,0.0163934
48734,61,60,0.0163934
48737,61,60,0.0163934
48739,61,60,0.0163934
48742,61,60,0.0163934
48747,61,60,0.0163934
48749,61,60,0.0163934
48752,61,60,0.0163934
48754,61,60,0.0163934
48756,61,60,0.0163934
48759,61,60,0.0163934
48761,61,60,0.0163934
48763,61,60,0.0163934
48765,61,60,0.0163934
48768,61,60,0.0163934
48769,61,60,0.0163934
48772,61,60,0.0163934
48775,61,60,0.0163934
48777,61,60,0.0163934
48781,61,60,0.0163934
48783,61,60,0.0163934
48785,61,60,0.0163934
48787,61,60,0.0163934
48790,61,60,0.0163934
48794,61,60,0.0163934
48797,61,60,0.0163934
48800,61,60,0.0163934
48803,61,60,0.0163934
48805,61,60,0.0163934
48809,61,60,0.0163934
48813,61,60,0.0163934
48815,61,60,0.0163934
48818,61,60,0.0163934
48820,61,60,0.0163934
48822,61,60,0.0163934
48825,61,60,0.0163934
48827,61,60,0.0163934
48831,61,60,0.0163934
48833,61,60,0.0163934
48835,61,60,0.0163934
48839,61,60,0.0163934
48841,61,60,0.0163934
48843,61,60,0.0163934
48845,61,60,0.0163934
48847,61,60,0.0163934
48850,61,60,0.0163934
48853,61,60,0.0163934
48855,61,60,0.0163934
48858,61,60,0.0163934
48860,61,60,0.0163934
48864,61,60,0.0163934
48866,61,60,0.0163934
48869,61,60,0.0163934
48872,61,60,0.0163934
48875,61,60,0.0163934
48878,61,60,0.0163934
48881,61,60,0.0163934
48884,61,60,0.0163934
48887,61,60,0.0163934
48890,61,60,0.0163934
48893,61,60,0.0163934
48897,61,60,0.0163934
48901,61,60,0.0163934
48903,61,60,0.0163934
48906,61,60,0.0163934
48910,61,60,0.0163934
48912,61,60,0.0163934
48916,61,60,0.0163934
48918,61,60,0.0163934
48921,61,60,0.0163934
48925,61,60,0.0163934
48929,61,60,0.0163934
48932,61,60,0.0163934
48934,61,60,0.0163934
48936,61,60,0.0163934
48939,61,60,0.0163934
48943,61,60,0.0163934
48945,61,60,0.0163934
48948,61,60,0.0163934
48950,61,60,0.0163934
48952,61,60,0.0163934
48954,61,60,0.0163934
48957,61,60,0.0163934
48960,61,60,0.0163934
48962,61,60,0.0163934
48965,61,60,0.0163934
48967,61,60,0.0163934
48970,61,60,0.0163934
48972,61,60,0.0163934
48975,61,60,0.0163934
48977,61,60,0.0163934
48980,61,60,0.0163934
48983,61,60,0.0163934
48986,61,60,0.0163934
48990,61,60,0.0163934
48994,61,60,0.0163934
48996,61,60,0.0163934
48999,61,60,0.0163934
49002,61,60,0.0163934
49006,61,60,0.0163934
49010,61,60,0.0163934
49013,61,60,0.0163934
49016,61,60,0.0163934
49018,61,60,0.0163934
49020,61,60,0.0163934
49024,61,60,0.0163934
49026,61,60,0.0163934
49029,61,60,0.0163934
49032,61,60,0.0163934
49034,61,60,0.0163934
49038,61,60,0.0163934
49040,61,60,0.0163934
49044,61,60,0.0163934
49046,61,60,0.0163934
49048,61,60,0.0163934
49050,61,60,0.0163934
49053,61,60,0.0163934
49056,61,60,0.0163934
49059,61,60,0.0163934
49062,61,60,0.0163934
49064,61,60,0.0163934
49067,61,60,0.0163934
49071,61,60,0.0163934
49074,61,60,0.0163934
49076,61,60,0.0163934
49079,61,60,0.0163934
49082,61,60,0.0163934
49086,61,60,0.0163934
49090,61,60,0.0163934
49095,61,60,0.0163934
49097,61,60,0.0163934
49100,61,60,0.0163934
49104,61,60,0.0163934
49106,61,60,0.0163934
49108,61,60,0.0163934
49112,61,60,0.0163934
49114,61,60,0.0163934
49116,61,60,0.0163934
49118,61,60,0.0163934
49121,61,60,0.0163934
49123,61,60,0.0163934
49127,61,60,0.0163934
49131,61,60,0.0163934
49134,61,60,0.0163934
49137,61,60,0.0163934
49139,61,60,0.0163934
49144,61,60,0.0163934
49147,61,60,0.0163934
49150,61,60,0.0163934
49152,61,60,0.0163934
49156,61,60,0.0163934
49159,61,60,0.0163934
49162,61,60,0.0163934
49164,61,60,0.0163934
49166,61,60,0.0163934
49169,61,60,0.0163934
49171,61,60,0.0163934
49174,61,60,0.0163934
49177,61,60,0.0163934
49181,61,60,0.0163934
49183,61,60,0.0163934
49184,61,60,0.0163934
49187,61,60,0.0163934
49191,61,60,0.0163934
49193,61,60,0.0163934
49196,61,60,0.0163934
49199,61,60,0.0163934
49201,61,60,0.0163934
49204,61,60,0.0163934
49206,61,60,0.0163934
49209,61,60,0.0163934
49211,61,60,0.0163934
49214,61,60,0.0163934
49216,61,60,0.0163934
49218,61,60,0.0163934
49220,61,60,0.0163934
49223,61,60,0.0163934
49226,61,60,0.0163934
49229,61,60,0.0163934
49232,61,60,0.0163934
49234,61,60,0.0163934
49237,61,60,0.0163934
49239,61,60,0.0163934
49243,61,60,0.0163934
49245,61,60,0.0163934
49248,61,60,0.0163934
49251,61,60,0.0163934
49254,61,60,0.0163934
49256,61,60,0.0163934
49258,61,60,0.0163934
49261,61,60,0.0163934
49262,61,60,0.0163934
49266,61,60,0.0163934
49269,61,60,0.0163934
49272,61,60,0.0163934
49275,61,60,0.0163934
49278,61,60,0.0163934
49281,61,60,0.0163934
49284,61,60,0.0163934
49287,61,60,0.0163934
49289,61,60,0.0163934
49292,61,60,0.0163934
49295,61,60,0.0163934
49298,61,60,0.0163934
49301,61,60,0.0163934
49304,61,60,0.0163934
49307,61,60,0.0163934
49309,61,60,0.0163934
49312,61,60,0.0163934
49314,61,60,0.0163934
49317,61,60,0.0163934
49320,61,60,0.0163934
49322,61,60,0.0163934
49325,61,60,0.0163934
49327,61,60,0.0163934
49330,61,60,0.0163934
49333,61,60,0.0163934
49335,61,60,0.0163934
49339,61,60,0.0163934
49342,61,60,0.0163934
49345,61,60,0.0163934
49348,61,60,0.0163934
49352,61,60,0.0163934
49356,61,60,0.0163934
49360,61,60,0.0163934
49362,61,60,0.0163934
49364,61,60,0.0163934
49366,61,60,0.0163934
49369,61,60,0.0163934
49372,61,60,0.0163934
49375,61,60,0.0163934
49377,61,60,0.0163934
49380,61,60,0.0163934
49382,61,60,0.0163934
49384,61,60,0.0163934
49386,61,60,0.0163934
49389,61,60,0.0163934
49391,61,60,0.0163934
49394,61,60,0.0163934
49397,61,60,0.0163934
49399,61,60,0.0163934
49404,61,60,0.0163934
49407,61,60,0.0163934
49410,61,60,0.0163934
49413,61,60,0.0163934
49416,61,60,0.0163934
49418,61,60,0.0163934
49420,61,60,0.0163934
49422,61,60,0.0163934
49425,61,60,0.0163934
49427,61,60,0.0163934
49431,61,60,0.0163934
49433,61,60,0.0163934
49436,61,60,0.0163934
49439,61,60,0.0163934
49441,61,60,0.0163934
49444,61,60,0.0163934
49447,61,60,0.0163934
49449,61,60,0.0163934
49452,61,60,0.0163934
49455,61,60,0.0163934
49458,61,60,0.0163934
49460,61,60,0.0163934
49463,61,60,0.0163934
49466,61,60,0.0163934
49470,61,60,0.0163934
49474,61,60,0.0163934
49477,61,60,0.0163934
49479,61,60,0.0163934
49482,61,60,0.0163934
49485,61,60,0.0163934
49489,61,60,0.0163934
49492,61,60,0.0163934
49495,61,60,0.0163934
49498,61,60,0.0163934
49502,61,60,0.0163934
49504,61,60,0.0163934
49507,61,60,0.0163934
49513,61,60,0.0163934
49520,61,60,0.0163934
49524,61,60,0.0163934
49527,61,60,0.0163934
49530,61,60,0.0163934
49533,61,60,0.0163934
49536,61,60,0.0163934
49539,61,60,0.0163934
49542,61,60,0.0163934
49545,61,60,0.0163934
49549,61,60,0.0163934
49553,61,60,0.0163934
49556,61,60,0.0163934
49559,61,60,0.0163934
49560,61,60,0.0163934
49564,61,60,0.0163934
49567,61,60,0.0163934
49570,61,60,0.0163934
49572,61,60,0.0163934
49575,61,60,0.0163934
49578,61,60,0.0163934
49581,61,60,0.0163934
49584,61,60,0.0163934
49586,61,60,0.0163934
49589,61,60,0.0163934
49592,61,60,0.0163934
49595,61,60,0.0163934
49598,61,60,0.0163934
49602,61,60,0.0163934
49605,61,60,0.0163934
49607,61,60,0.0163934
49610,61,60,0.0163934
49613,61,60,0.0163934
49616,61,60,0.0163934
49625,61,60,0.0163934
49630,61,60,0.0163934
49632,61,60,0.0163934
49635,61,60,0.0163934
49637,61,60,0.0163934
49640,61,60,0.0163934
49643,61,60,0.0163934
49646,61,60,0.0163934
49648,61,60,0.0163934
49651,61,60,0.0163934
49655,61,60,0.0163934
49657,61,60,0.0163934
49660,61,60,0.0163934
49663,61,60,0.0163934
49666,61,60,0.0163934
49668,61,60,0.0163934
49671,61,60,0.0163934
49675,61,60,0.0163934
49678,61,60,0.0163934
49681,61,60,0.0163934
49683,61,60,0.0163934
49686,61,60,0.0163934
49689,61,60,0.0163934
49693,61,60,0.0163934
49695,61,60,0.0163934
49697,61,60,0.0163934
49699,61,60,0.0163934
49702,61,60,0.0163934
49704,61,60,0.0163934
49707,61,60,0.0163934
49709,61,60,0.0163934
49712,61,60,0.0163934
49715,61,60,0.0163934
49718,61,60,0.0163934
49722,61,60,0.0163934
49725,61,60,0.0163934
49728,61,60,0.0163934
49731,61,60,0.0163934
49736,61,60,0.0163934
49739,61,60,0.0163934
49742,61,60,0.0163934
49746,61,60,0.0163934
49749,61,60,0.0163934
49751,61,60,0.0163934
49754,61,60,0.0163934
49757,61,60,0.0163934
49761,61,60,0.0163934
49763,61,60,0.0163934
49765,61,60,0.0163934
49767,61,60,0.0163934
49770,61,60,0.0163934
49773,61,60,0.0163934
49776,61,60,0.0163934
49779,61,60,0.0163934
49782,61,60,0.0163934
49785,61,60,0.0163934
49788,61,60,0.0163934
49791,61,60,0.0163934
49794,61,60,0.0163934
49797,61,60,0.0163934
49799,61,60,0.0163934
49803,61,60,0.0163934
49806,61,60,0.0163934
49809,61,60,0.0163934
49812,61,60,0.0163934
49815,61,60,0.0163934
49818,61,60,0.0163934
49820,61,60,0.0163934
49822,61,60,0.0163934
49824,61,60,0.0163934
49828,61,60,0.0163934
49830,61,60,0.0163934
49833,61,60,0.0163934
49835,61,60,0.0163934
49837,61,60,0.0163934
49840,61,60,0.0163934
49842,61,60,0.0163934
49844,61,60,0.0163934
49846,61,60,0.0163934
49848,61,60,0.0163934
49851,61,60,0.0163934
49855,61,60,0.0163934
49857,61,60,0.0163934
49862,61,60,0.0163934
49864,61,60,0.0163934
49866,61,60,0.0163934
49869,61,60,0.0163934
49873,61,60,0.0163934
49877,61,60,0.0163934
49879,61,60,0.0163934
49882,61,60,0.0163934
49885,61,60,0.0163934
49887,61,60,0.0163934
49890,61,60,0.0163934
49893,61,60,0.0163934
49897,61,60,0.0163934
49899,61,60,0.0163934
49901,61,60,0.0163934
49904,61,60,0.0163934
49907,61,60,0.0163934
49909,61,60,0.0163934
49912,61,60,0.0163934
49916,61,60,0.0163934
49919,61,60,0.0163934
49921,61,60,0.0163934
49924,61,60,0.0163934
49927,61,60,0.0163934
49931,61,60,0.0163934
49934,61,60,0.0163934
49937,61,60,0.0163934
49940,61,60,0.0163934
49943,61,60,0.0163934
49945,61,60,0.0163934
49948,61,60,0.0163934
49950,61,60,0.0163934
49954,61,60,0.0163934
49958,61,60,0.0163934
49962,61,60,0.0163934
49966,61,60,0.0163934
49969,61,60,0.0163934
49971,61,60,0.0163934
49974,61,60,0.0163934
49977,61,60,0.0163934
49979,61,60,0.0163934
49982,61,60,0.0163934
49984,61,60,0.0163934
49988,61,60,0.0163934
49990,61,60,0.0163934
49994,61,60,0.0163934
49995,61,60,0.0163934
49997,61,60,0.0163934
49999,61,60,0.0163934
50002,61,60,0.0163934
50006,61,60,0.0163934
50010,61,60,0.0163934
50014,61,60,0.0163934
50017,61,60,0.0163934
50019,61,60,0.0163934
50023,61,60,0.0163934
50027,61,60,0.0163934
50032,61,60,0.0163934
50035,61,60,0.0163934
50037,61,60,0.0163934
50040,61,60,0.0163934
50042,61,60,0.0163934
50046,61,60,0.0163934
50049,61,60,0.0163934
50053,61,60,0.0163934
50057,61,60,0.0163934
50060,61,60,0.0163934
50064,61,60,0.0163934
50068,61,60,0.0163934
50071,61,60,0.0163934
50073,61,60,0.0163934
50076,61,60,0.0163934
50079,61,60,0.0163934
50081,61,60,0.0163934
50083,61,60,0.0163934
50086,61,60,0.0163934
50088,61,60,0.0163934
50090,61,60,0.0163934
50093,61,60,0.0163934
50096,61,60,0.0163934
50098,61,60,0.0163934
50101,61,60,0.0163934
50103,61,60,0.0163934
50105,61,60,0.0163934
50108,61,60,0.0163934
50111,61,60,0.0163934
50114,61,60,0.0163934
50118,61,60,0.0163934
50120,61,60,0.0163934
50123,61,60,0.0163934
50125,61,60,0.0163934
50128,61,60,0.0163934
50130,61,60,0.0163934
50133,61,60,0.0163934
50136,61,60,0.0163934
50138,61,60,0.0163934
50140,61,60,0.0163934
50142,61,60,0.0163934
50145,61,60,0.0163934
50148,61,60,0.0163934
50150,61,60,0.0163934
50153,61,60,0.0163934
50155,61,60,0.0163934
50158,61,60,0.0163934
50161,61,60,0.0163934
50163,61,60,0.0163934
50165,61,60,0.0163934
50168,61,60,0.0163934
50171,61,60,0.0163934
50173,61,60,0.0163934
50176,61,60,0.0163934
50181,61,60,0.0163934
50184,61,60,0.0163934
50186,61,60,0.0163934
50189,61,60,0.0163934
50191,61,60,0.0163934
50192,61,60,0.0163934
50195,61,60,0.0163934
50197,61,60,0.0163934
50201,61,60,0.0163934
50203,61,60,0.0163934
50207,61,60,0.0163934
50209,61,60,0.0163934
50213,61,60,0.0163934
50217,61,60,0.0163934
50220,61,60,0.0163934
50224,61,60,0.0163934
50226,61,60,0.0163934
50228,61,60,0.0163934
50230,61,60,0.0163934
50232,61,60,0.0163934
50235,61,60,0.0163934
50237,61,60,0.0163934
50239,61,60,0.0163934
50242,61,60,0.0163934
50244,61,60,0.0163934
50248,61,60,0.0163934
50250,61,60,0.0163934
50252,61,60,0.0163934
50255,61,60,0.0163934
50257,61,60,0.0163934
50259,61,60,0.0163934
50262,61,60,0.0163934
50264,61,60,0.0163934
50267,61,60,0.0163934
50269,61,60,0.0163934
50272,61,60,0.0163934
50276,61,60,0.0163934
50280,61,60,0.0163934
50282,61,60,0.0163934
50285,61,60,0.0163934
50288,61,60,0.0163934
50291,61,60,0.0163934
50293,61,60,0.0163934
50295,61,60,0.0163934
50297,61,60,0.0163934
50300,61,60,0.0163934
50302,61,60,0.0163934
50304,61,60,0.0163934
50307,61,60,0.0163934
50310,61,60,0.0163934
50312,61,60,0.0163934
50315,61,60,0.0163934
50317,61,60,0.0163934
50319,61,60,0.0163934
50322,61,60,0.0163934
50324,61,60,0.0163934
50326,61,60,0.0163934
50329,61,60,0.0163934
50331,61,60,0.0163934
50334,61,60,0.0163934
50337,61,60,0.0163934
50341,61,60,0.0163934
50344,61,60,0.0163934
50346,61,60,0.0163934
50349,61,60,0.0163934
50352,61,60,0.0163934
50355,61,60,0.0163934
50358,61,60,0.0163934
50361,61,60,0.0163934
50365,61,60,0.0163934
50368,61,60,0.0163934
50371,61,60,0.0163934
50374,61,60,0.0163934
50377,61,60,0.0163934
50380,61,60,0.0163934
50382,61,60,0.0163934
50384,61,60,0.0163934
50386,61,60,0.0163934
50388,61,60,0.0163934
50390,61,60,0.0163934
50392,61,60,0.0163934
50394,61,60,0.0163934
50397,61,60,0.0163934
50401,61,60,0.0163934
50404,61,60,0.0163934
50409,61,60,0.0163934
50413,61,60,0.0163934
50417,61,60,0.0163934
50420,61,60,0.0163934
50422,61,60,0.0163934
50426,61,60,0.0163934
50429,61,60,0.0163934
50431,61,60,0.0163934
50434,61,60,0.0163934
50436,61,60,0.0163934
50438,61,60,0.0163934
50442,61,60,0.0163934
50446,61,60,0.0163934
50449,61,60,0.0163934
50451,61,60,0.0163934
50454,61,60,0.0163934
50456,61,60,0.0163934
50460,61,60,0.0163934
50463,61,60,0.0163934
50466,61,60,0.0163934
50470,61,60,0.0163934
50475,61,60,0.0163934
50479,61,60,0.0163934
50482,61,60,0.0163934
50485,61,60,0.0163934
50489,61,60,0.0163934
50492,61,60,0.0163934
50495,61,60,0.0163934
50497,61,60,0.0163934
50500,61,60,0.0163934
50502,61,60,0.0163934
50504,61,60,0.0163934
50507,61,60,0.0163934
50511,61,60,0.0163934
50515,61,60,0.0163934
50517,61,60,0.0163934
50520,61,60,0.0163934
50522,61,60,0.0163934
50526,61,60,0.0163934
50528,61,60,0.0163934
50532,61,60,0.0163934
50535,61,60,0.0163934
50539,61,60,0.0163934
50542,61,60,0.0163934
50544,61,60,0.0163934
50546,61,60,0.0163934
50550,61,60,0.0163934
50554,61,60,0.0163934
50559,61,60,0.0163934
50561,61,60,0.0163934
50566,61,60,0.0163934
50568,61,60,0.0163934
50570,61,60,0.0163934
50573,61,60,0.0163934
50575,61,60,0.0163934
50579,61,60,0.0163934
50582,61,60,0.0163934
50585,61,60,0.0163934
50588,61,60,0.0163934
50591,61,60,0.0163934
50593,61,60,0.0163934
50596,61,60,0.0163934
50599,61,60,0.0163934
50603,61,60,0.0163934
50606,61,60,0.0163934
50609,61,60,0.0163934
50611,61,60,0.0163934
50613,61,60,0.0163934
50617,61,60,0.0163934
50620,61,60,0.0163934
50623,61,60,0.0163934
50626,61,60,0.0163934
50629,61,60,0.0163934
50633,61,60,0.0163934
50636,61,60,0.0163934
50639,61,60,0.0163934
50642,61,60,0.0163934
50644,61,60,0.0163934
50646,61,60,0.0163934
50649,61,60,0.0163934
50652,61,60,0.0163934
50657,61,60,0.0163934
50661,61,60,0.0163934
50663,61,60,0.0163934
50668,61,60,0.0163934
50671,61,60,0.0163934
50674,61,60,0.0163934
50678,61,60,0.0163934
50681,61,60,0.0163934
50684,61,60,0.0163934
50687,61,60,0.0163934
50690,61,60,0.0163934
50695,61,60,0.0163934
50697,61,60,0.0163934
50700,61,60,0.0163934
50702,61,60,0.0163934
50705,61,60,0.0163934
50710,61,60,0.0163934
50713,61,60,0.0163934
50715,61,60,0.0163934
50718,61,60,0.0163934
50721,61,60,0.0163934
50724,61,60,0.0163934
50727,61,60,0.0163934
50730,61,60,0.0163934
50734,61,60,0.0163934
50740,61,60,0.0163934
50743,61,60,0.0163934
50746,61,60,0.0163934
50750,61,60,0.0163934
50754,61,60,0.0163934
50757,61,60,0.0163934
50760,61,60,0.0163934
50763,61,60,0.0163934
50765,61,60,0.0163934
50768,61,60,0.0163934
50770,61,60,0.0163934
50773,61,60,0.0163934
50777,61,60,0.0163934
50779,61,60,0.0163934
50784,61,60,0.0163934
50786,61,60,0.0163934
50789,61,60,0.0163934
50794,61,60,0.0163934
50796,61,60,0.0163934
50798,61,60,0.0163934
50801,61,60,0.0163934
50803,61,60,0.0163934
50806,61,60,0.0163934
50810,61,60,0.0163934
50813,61,60,0.0163934
50816,61,60,0.0163934
50819,61,60,0.0163934
50821,61,60,0.0163934
50824,61,60,0.0163934
50827,61,60,0.0163934
50830,61,60,0.0163934
50834,61,60,0.0163934
50836,61,60,0.0163934
50838,61,60,0.0163934
50840,61,60,0.0163934
50843,61,60,0.0163934
50846,61,60,0.0163934
50849,61,60,0.0163934
50852,61,60,0.0163934
50854,61,60,0.0163934
50859,61,60,0.0163934
50863,61,60,0.0163934
50867,61,60,0.0163934
50870,61,60,0.0163934
50874,61,60,0.0163934
50877,61,60,0.0163934
50881,61,60,0.0163934
50885,61,60,0.0163934
50889,61,60,0.0163934
50892,61,60,0.0163934
50896,61,60,0.0163934
50898,61,60,0.0163934
50901,61,60,0.0163934
50903,61,60,0.0163934
50907,61,60,0.0163934
50912,61,60,0.0163934
50915,61,60,0.0163934
50919,61,60,0.0163934
50922,61,60,0.0163934
50925,61,60,0.0163934
50927,61,60,0.0163934
50931,61,60,0.0163934
50934,61,60,0.0163934
50938,61,60,0.0163934
50944,61,60,0.0163934
50947,61,60,0.0163934
50950,61,60,0.0163934
50953,61,60,0.0163934
50957,61,60,0.0163934
50961,61,60,0.0163934
50965,61,60,0.0163934
50969,61,60,0.0163934
50975,61,60,0.0163934
50980,61,60,0.0163934
50983,61,60,0.0163934
50987,61,60,0.0163934
50990,61,60,0.0163934
50993,61,60,0.0163934
50997,61,60,0.0163934
51000,61,60,0.0163934
51004,61,60,0.0163934
51008,61,60,0.0163934
51012,61,60,0.0163934
51014,61,60,0.0163934
51017,61,60,0.0163934
51020,61,60,0.0163934
51022,61,60,0.0163934
51025,61,60,0.0163934
51029,61,60,0.0163934
51033,61,60,0.0163934
51035,61,60,0.0163934
51037,61,60,0.0163934
51039,61,60,0.0163934
51042,61,60,0.0163934
51047,61,60,0.0163934
51049,61,60,0.0163934
51052,61,60,0.0163934
51055,61,60,0.0163934
51059,61,60,0.0163934
51062,61,60,0.0163934
51065,61,60,0.0163934
51068,61,60,0.0163934
51070,61,60,0.0163934
51072,61,60,0.0163934
51074,61,60,0.0163934
51079,61,60,0.0163934
51081,61,60,0.0163934
51084,61,60,0.0163934
51086,61,60,0.0163934
51090,61,60,0.0163934
51094,61,60,0.0163934
51096,61,60,0.0163934
51101,61,60,0.0163934
51104,61,60,0.0163934
51106,61,60,0.0163934
51109,61,60,0.0163934
51112,61,60,0.0163934
51118,61,60,0.0163934
51121,61,60,0.0163934
51124,61,60,0.0163934
51127,61,60,0.0163934
51130,61,60,0.0163934
51134,61,60,0.0163934
51138,61,60,0.0163934
51141,61,60,0.0163934
51143,61,60,0.0163934
51146,61,60,0.0163934
51148,61,60,0.0163934
51151,61,60,0.0163934
51154,61,60,0.0163934
51159,61,60,0.0163934
51163,61,60,0.0163934
51165,61,60,0.0163934
51168,61,60,0.0163934
51171,61,60,0.0163934
51174,61,60,0.0163934
51177,61,60,0.0163934
51181,61,60,0.0163934
51183,61,60,0.0163934
51184,61,60,0.0163934
51186,61,60,0.0163934
51189,61,60,0.0163934
51191,61,60,0.0163934
51193,61,60,0.0163934
51196,61,60,0.0163934
51200,61,60,0.0163934
51203,61,60,0.0163934
51206,61,60,0.0163934
51209,61,60,0.0163934
51212,61,60,0.0163934
51214,61,60,0.0163934
51217,61,60,0.0163934
51219,61,60,0.0163934
51221,61,60,0.0163934
51223,61,60,0.0163934
51226,61,60,0.0163934
51228,61,60,0.0163934
51231,61,60,0.0163934
51233,61,60,0.0163934
51235,61,60,0.0163934
51237,61,60,0.0163934
51239,61,60,0.0163934
51243,61,60,0.0163934
51246,61,60,0.0163934
51250,61,60,0.0163934
51252,61,60,0.0163934
51255,61,60,0.0163934
51259,61,60,0.0163934
51262,61,60,0.0163934
51264,61,60,0.0163934
51268,61,60,0.0163934
51270,61,60,0.0163934
51272,61,60,0.0163934
51274,61,60,0.0163934
51278,61,60,0.0163934
51282,61,60,0.0163934
51286,61,60,0.0163934
51288,61,60,0.0163934
51290,61,60,0.0163934
51293,61,60,0.0163934
51296,61,60,0.0163934
51298,61,60,0.0163934
51301,61,60,0.0163934
51304,61,60,0.0163934
51308,61,60,0.0163934
51310,61,60,0.0163934
51314,61,60,0.0163934
51317,61,60,0.0163934
51319,61,60,0.0163934
51321,61,60,0.0163934
51323,61,60,0.0163934
51325,61,60,0.0163934
51327,61,60,0.0163934
51329,61,60,0.0163934
51332,61,60,0.0163934
51334,61,60,0.0163934
51339,61,60,0.0163934
51341,61,60,0.0163934
51344,61,60,0.0163934
51348,61,60,0.0163934
51351,61,60,0.0163934
51353,61,60,0.0163934
51355,61,60,0.0163934
51359,61,60,0.0163934
51361,61,60,0.0163934
51363,61,60,0.0163934
51366,61,60,0.0163934
51369,61,60,0.0163934
51372,61,60,0.0163934
51376,61,60,0.0163934
51379,61,60,0.0163934
51382,61,60,0.0163934
51386,61,60,0.0163934
51389,61,60,0.0163934
51392,61,60,0.0163934
51395,61,60,0.0163934
51398,61,60,0.0163934
51402,61,60,0.0163934
51405,61,60,0.0163934
51408,61,60,0.0163934
51411,61,60,0.0163934
51413,61,60,0.0163934
51416,61,60,0.0163934
51418,61,60,0.0163934
51421,61,60,0.0163934
51424,61,60,0.0163934
51426,61,60,0.0163934
51430,61,60,0.0163934
51432,61,60,0.0163934
51434,61,60,0.0163934
51437,61,60,0.0163934
51439,61,60,0.0163934
51441,61,60,0.0163934
51443,61,60,0.0163934
51447,61,60,0.0163934
51449,61,60,0.0163934
51453,61,60,0.0163934
51456,61,60,0.0163934
51460,61,60,0.0163934
51464,61,60,0.0163934
51467,61,60,0.0163934
51470,61,60,0.0163934
51473,61,60,0.0163934
51475,61,60,0.0163934
51478,61,60,0.0163934
51480,61,60,0.0163934
51483,61,60,0.0163934
51486,61,60,0.0163934
51488,61,60,0.0163934
51491,61,60,0.0163934
51495,61,60,0.0163934
51498,61,60,0.0163934
51500,61,60,0.0163934
51503,61,60,0.0163934
51505,61,60,0.0163934
51507,61,60,0.0163934
51510,61,60,0.0163934
51512,61,60,0.0163934
51515,61,60,0.0163934
51517,61,60,0.0163934
51519,61,60,0.0163934
51522,61,60,0.0163934
51527,61,60,0.0163934
51530,61,60,0.0163934
51532,61,60,0.0163934
51537,61,60,0.0163934
51539,61,60,0.0163934
51542,61,60,0.0163934
51545,61,60,0.0163934
51548,61,60,0.0163934
51551,61,60,0.0163934
51553,61,60,0.0163934
51556,61,60,0.0163934
51559,61,60,0.0163934
51561,61,60,0.0163934
51564,61,60,0.0163934
51566,61,60,0.0163934
51569,61,60,0.0163934
51573,61,60,0.0163934
51577,61,60,0.0163934
51579,61,60,0.0163934
51582,61,60,0.0163934
51584,61,60,0.0163934
51587,61,60,0.0163934
51590,61,60,0.0163934
51594,61,60,0.0163934
51597,61,60,0.0163934
51599,61,60,0.0163934
51601,61,60,0.0163934
51603,61,60,0.0163934
51605,61,60,0.0163934
51609,61,60,0.0163934
51612,61,60,0.0163934
51614,61,60,0.0163934
51618,61,60,0.0163934
51620,61,60,0.0163934
51622,61,60,0.0163934
51624,61,60,0.0163934
51628,61,60,0.0163934
51632,61,60,0.0163934
51635,61,60,0.0163934
51638,61,60,0.0163934
51641,61,60,0.0163934
51646,61,60,0.0163934
51648,61,60,0.0163934
51650,61,60,0.0163934
51653,61,60,0.0163934
51656,61,60,0.0163934
51659,61,60,0.0163934
51661,61,60,0.0163934
51663,61,60,0.0163934
51666,61,60,0.0163934
51668,61,60,0.0163934
51671,61,60,0.0163934
51673,61,60,0.0163934
51677,61,60,0.0163934
51679,61,60,0.0163934
51682,61,60,0.0163934
51685,61,60,0.0163934
51689,61,60,0.0163934
51693,61,60,0.0163934
51695,61,60,0.0163934
51697,61,60,0.0163934
51701,61,60,0.0163934
51704,61,60,0.0163934
51706,61,60,0.0163934
51708,61,60,0.0163934
51711,61,60,0.0163934
51713,61,60,0.0163934
51715,61,60,0.0163934
51719,61,60,0.0163934
51722,61,60,0.0163934
51727,61,60,0.0163934
51731,61,60,0.0163934
51735,61,60,0.0163934
51738,61,60,0.0163934
51741,61,60,0.0163934
51743,61,60,0.0163934
51746,61,60,0.0163934
51750,61,60,0.0163934
51752,61,60,0.0163934
51754,61,60,0.0163934
51756,61,60,0.0163934
51759,61,60,0.0163934
51766,61,60,0.0163934
51770,61,60,0.0163934
51773,61,60,0.0163934
51777,61,60,0.0163934
51782,61,60,0.0163934
51786,61,60,0.0163934
51789,61,60,0.0163934
51793,61,60,0.0163934
51795,61,60,0.0163934
51799,61,60,0.0163934
51801,61,60,0.0163934
51803,61,60,0.0163934
51805,61,60,0.0163934
51807,61,60,0.0163934
51810,61,60,0.0163934
51812,61,60,0.0163934
51814,61,60,0.0163934
51817,61,60,0.0163934
51819,61,60,0.0163934
51821,61,60,0.0163934
51824,61,60,0.0163934
51827,61,60,0.0163934
51829,61,60,0.0163934
51832,61,60,0.0163934
51834,61,60,0.0163934
51838,61,60,0.0163934
51840,61,60,0.0163934
51842,61,60,0.0163934
51845,61,60,0.0163934
51849,61,60,0.0163934
51851,61,60,0.0163934
51853,61,60,0.0163934
51856,61,60,0.0163934
51858,61,60,0.0163934
51860,61,60,0.0163934
51863,61,60,0.0163934
51865,61,60,0.0163934
51867,61,60,0.0163934
51869,61,60,0.0163934
51871,61,60,0.0163934
51874,61,60,0.0163934
51876,61,60,0.0163934
51878,61,60,0.0163934
51880,61,60,0.0163934
51882,61,60,0.0163934
51884,61,60,0.0163934
51886,61,60,0.0163934
51889,61,60,0.0163934
51891,61,60,0.0163934
51895,61,60,0.0163934
51897,61,60,0.0163934
51899,61,60,0.0163934
51902,61,60,0.0163934
51904,61,60,0.0163934
51906,61,60,0.0163934
51908,61,60,0.0163934
51910,61,60,0.0163934
51912,61,60,0.0163934
51914,61,60,0.0163934
51916,61,60,0.0163934
51919,61,60,0.0163934
51922,61,60,0.0163934
51926,61,60,0.0163934
51928,61,60,0.0163934
51930,61,60,0.0163934
51933,61,60,0.0163934
51935,61,60,0.0163934
51938,61,60,0.0163934
51942,61,60,0.0163934
51944,61,60,0.0163934
51946,61,60,0.0163934
51949,61,60,0.0163934
51951,61,60,0.0163934
51953,61,60,0.0163934
51956,61,60,0.0163934
51959,61,60,0.0163934
51963,61,60,0.0163934
51965,61,60,0.0163934
51967,61,60,0.0163934
51969,61,60,0.0163934
51971,61,60,0.0163934
51974,61,60,0.0163934
51976,61,60,0.0163934
51978,61,60,0.0163934
51980,61,60,0.0163934
51982,61,60,0.0163934
51987,61,60,0.0163934
51990,61,60,0.0163934
51992,61,60,0.0163934
51995,61,60,0.0163934
51998,61,60,0.0163934
52000,61,60,0.0163934
52002,61,60,0.0163934
52004,61,60,0.0163934
52006,61,60,0.0163934
52009,61,60,0.0163934
52011,61,60,0.0163934
52014,61,60,0.0163934
52016,61,60,0.0163934
52019,61,60,0.0163934
52021,61,60,0.0163934
52024,61,60,0.0163934
52027,61,60,0.0163934
52029,61,60,0.0163934
52031,61,60,0.0163934
52033,61,60,0.0163934
52035,61,60,0.0163934
52038,61,60,0.0163934
52040,61,60,0.0163934
52043,61,60,0.0163934
52045,61,60,0.0163934
52047,61,60,0.0163934
52050,61,60,0.0163934
52053,61,60,0.0163934
52056,61,60,0.0163934
52058,61,60,0.0163934
52061,61,60,0.0163934
52064,61,60,0.0163934
52066,61,60,0.0163934
52068,61,60,0.0163934
52071,61,60,0.0163934
52073,61,60,0.0163934
52076,61,60,0.0163934
52078,61,60,0.0163934
52081,61,60,0.0163934
52083,61,60,0.0163934
52085,61,60,0.0163934
52087,61,60,0.0163934
52089,61,60,0.0163934
52093,61,60,0.0163934
52096,61,60,0.0163934
52098,61,60,0.0163934
52101,61,60,0.0163934
52103,61,60,0.0163934
52106,61,60,0.0163934
52108,61,60,0.0163934
52111,61,60,0.0163934
52114,61,60,0.0163934
52116,61,60,0.0163934
52118,61,60,0.0163934
52120,61,60,0.0163934
52122,61,60,0.0163934
52124,61,60,0.0163934
52127,61,60,0.0163934
52129,61,60,0.0163934
52131,61,60,0.0163934
52134,61,60,0.0163934
52136,61,60,0.0163934
52138,61,60,0.0163934
52140,61,60,0.0163934
52144,61,60,0.0163934
52146,61,60,0.0163934
52149,61,60,0.0163934
52151,61,60,0.0163934
52154,61,60,0.0163934
52156,61,60,0.0163934
52158,61,60,0.0163934
52160,61,60,0.0163934
52162,61,60,0.0163934
52164,61,60,0.0163934
52166,61,60,0.0163934
52168,61,60,0.0163934
52170,61,60,0.0163934
52173,61,60,0.0163934
52175,61,60,0.0163934
52177,61,60,0.0163934
52179,61,60,0.0163934
52181,61,60,0.0163934
52184,61,60,0.0163934
52186,61,60,0.0163934
52188,61,60,0.0163934
52193,61,60,0.0163934
52195,61,60,0.0163934
52197,61,60,0.0163934
52199,61,60,0.0163934
52201,61,60,0.0163934
52204,61,60,0.0163934
52206,61,60,0.0163934
52210,61,60,0.0163934
52213,61,60,0.0163934
52216,61,60,0.0163934
52218,61,60,0.0163934
52224,61,60,0.0163934
52227,61,60,0.0163934
52229,61,60,0.0163934
52231,61,60,0.0163934
52234,61,60,0.0163934
52238,61,60,0.0163934
52241,61,60,0.0163934
52243,61,60,0.0163934
52246,61,60,0.0163934
52249,61,60,0.0163934
52252,61,60,0.0163934
52254,61,60,0.0163934
52257,61,60,0.0163934
52259,61,60,0.0163934
52261,61,60,0.0163934
52263,61,60,0.0163934
52265,61,60,0.0163934
52268,61,60,0.0163934
52270,61,60,0.0163934
52272,61,60,0.0163934
52275,61,60,0.0163934
52277,61,60,0.0163934
52279,61,60,0.0163934
52281,61,60,0.0163934
52283,61,60,0.0163934
52286,61,60,0.0163934
52290,61,60,0.0163934
52292,61,60,0.0163934
52295,61,60,0.0163934
52297,61,60,0.0163934
52299,61,60,0.0163934
52301,61,60,0.0163934
52303,61,60,0.0163934
52305,61,60,0.0163934
52307,61,60,0.0163934
52310,61,60,0.0163934
52312,61,60,0.0163934
52315,61,60,0.0163934
52317,61,60,0.0163934
52319,61,60,0.0163934
52321,61,60,0.0163934
52324,61,60,0.0163934
52326,61,60,0.0163934
52329,61,60,0.0163934
52331,61,60,0.0163934
52333,61,60,0.0163934
52335,61,60,0.0163934
52338,61,60,0.0163934
52340,61,60,0.0163934
52342,61,60,0.0163934
52344,61,60,0.0163934
52346,61,60,0.0163934
52349,61,60,0.0163934
52351,61,60,0.0163934
52353,61,60,0.0163934
52355,61,60,0.0163934
52357,61,60,0.0163934
52362,61,60,0.0163934
52365,61,60,0.0163934
52367,61,60,0.0163934
52369,61,60,0.0163934
52371,61,60,0.0163934
52373,61,60,0.0163934
52375,61,60,0.0163934
52380,61,60,0.0163934
52383,61,60,0.0163934
52385,61,60,0.0163934
52387,61,60,0.0163934
52392,61,60,0.0163934
52395,61,60,0.0163934
52399,61,60,0.0163934
52401,61,60,0.0163934
52404,61,60,0.0163934
52406,61,60,0.0163934
52408,61,60,0.0163934
52410,61,60,0.0163934
52413,61,60,0.0163934
52415,61,60,0.0163934
52417,61,60,0.0163934
52419,61,60,0.0163934
52421,61,60,0.0163934
52423,61,60,0.0163934
52425,61,60,0.0163934
52427,61,60,0.0163934
52430,61,60,0.0163934
52432,61,60,0.0163934
52435,61,60,0.0163934
52437,61,60,0.0163934
52439,61,60,0.0163934
52441,61,60,0.0163934
52443,61,60,0.0163934
52445,61,60,0.0163934
52448,61,60,0.0163934
52450,61,60,0.0163934
52452,61,60,0.0163934
52454,61,60,0.0163934
52457,61,60,0.0163934
52459,61,60,0.0163934
52461,61,60,0.0163934
52463,61,60,0.0163934
52465,61,60,0.0163934
52467,61,60,0.0163934
52469,61,60,0.0163934
52471,61,60,0.0163934
52474,61,60,0.0163934
52476,61,60,0.0163934
52478,61,60,0.0163934
52481,61,60,0.0163934
52483,61,60,0.0163934
52486,61,60,0.0163934
52489,61,60,0.0163934
52491,61,60,0.0163934
52494,61,60,0.0163934
52497,61,60,0.0163934
52499,61,60,0.0163934
52502,61,60,0.0163934
52505,61,60,0.0163934
52507,61,60,0.0163934
52510,61,60,0.0163934
52512,61,60,0.0163934
52515,61,60,0.0163934
52517,61,60,0.0163934
52521,61,60,0.0163934
52526,61,60,0.0163934
52528,61,60,0.0163934
52530,61,60,0.0163934
52532,61,60,0.0163934
52534,61,60,0.0163934
52537,61,60,0.0163934
52539,61,60,0.0163934
52541,61,60,0.0163934
52545,61,60,0.0163934
52547,61,60,0.0163934
52549,61,60,0.0163934
52551,61,60,0.0163934
52554,61,60,0.0163934
52556,61,60,0.0163934
52559,61,60,0.0163934
52561,61,60,0.0163934
52563,61,60,0.0163934
52565,61,60,0.0163934
52567,61,60,0.0163934
52569,61,60,0.0163934
52571,61,60,0.0163934
52574,61,60,0.0163934
52576,61,60,0.0163934
52580,61,60,0.0163934
52582,61,60,0.0163934
52586,61,60,0.0163934
52588,61,60,0.0163934
52590,61,60,0.0163934
52593,61,60,0.0163934
52595,61,60,0.0163934
52598,61,60,0.0163934
52600,61,60,0.0163934
52604,61,60,0.0163934
52607,61,60,0.0163934
52609,61,60,0.0163934
52611,61,60,0.0163934
52613,61,60,0.0163934
52616,61,60,0.0163934
52618,61,60,0.0163934
52620,61,60,0.0163934
52622,61,60,0.0163934
52625,61,60,0.0163934
52627,61,60,0.0163934
52630,61,60,0.0163934
52632,61,60,0.0163934
52634,61,60,0.0163934
52636,61,60,0.0163934
52638,61,60,0.0163934
52640,61,60,0.0163934
52643,61,60,0.0163934
52648,61,60,0.0163934
52651,61,60,0.0163934
52656,61,60,0.0163934
52658,61,60,0.0163934
52661,61,60,0.0163934
52663,61,60,0.0163934
52665,61,60,0.0163934
52667,61,60,0.0163934
52670,61,60,0.0163934
52672,61,60,0.0163934
52675,61,60,0.0163934
52678,61,60,0.0163934
52680,61,60,0.0163934
52682,61,60,0.0163934
52684,61,60,0.0163934
52686,61,60,0.0163934
52688,61,60,0.0163934
52694,61,60,0.0163934
52696,61,60,0.0163934
52698,61,60,0.0163934
52701,61,60,0.0163934
52703,61,60,0.0163934
52705,61,60,0.0163934
52707,61,60,0.0163934
52710,61,60,0.0163934
52715,61,60,0.0163934
52717,61,60,0.0163934
52719,61,60,0.0163934
52721,61,60,0.0163934
52723,61,60,0.0163934
52726,61,60,0.0163934
52728,61,60,0.0163934
52730,61,60,0.0163934
52732,61,60,0.0163934
52734,61,60,0.0163934
52737,61,60,0.0163934
52739,61,60,0.0163934
52741,61,60,0.0163934
52744,61,60,0.0163934
52746,61,60,0.0163934
52748,61,60,0.0163934
52751,61,60,0.0163934
52753,61,60,0.0163934
52757,61,60,0.0163934
52760,61,60,0.0163934
52762,61,60,0.0163934
52765,61,60,0.0163934
52767,61,60,0.0163934
52771,61,60,0.0163934
52774,61,60,0.0163934
52776,61,60,0.0163934
52778,61,60,0.0163934
52780,61,60,0.0163934
52783,61,60,0.0163934
52785,61,60,0.0163934
52787,61,60,0.0163934
52789,61,60,0.0163934
52791,61,60,0.0163934
52796,61,60,0.0163934
52798,61,60,0.0163934
52800,61,60,0.0163934
52803,61,60,0.0163934
52805,61,60,0.0163934
52807,61,60,0.0163934
52810,61,60,0.0163934
52812,61,60,0.0163934
52814,61,60,0.0163934
52816,61,60,0.0163934
52818,61,60,0.0163934
52820,61,60,0.0163934
52822,61,60,0.0163934
52824,61,60,0.0163934
52827,61,60,0.0163934
52829,61,60,0.0163934
52831,61,60,0.0163934
52833,61,60,0.0163934
52836,61,60,0.0163934
52838,61,60,0.0163934
52840,61,60,0.0163934
52843,61,60,0.0163934
52845,61,60,0.0163934
52847,61,60,0.0163934
52849,61,60,0.0163934
52853,61,60,0.0163934
52855,61,60,0.0163934
52858,61,60,0.0163934
52862,61,60,0.0163934
52864,61,60,0.0163934
52866,61,60,0.0163934
52868,61,60,0.0163934
52871,61,60,0.0163934
52874,61,60,0.0163934
52877,61,60,0.0163934
52879,61,60,0.0163934
52882,61,60,0.0163934
52884,61,60,0.0163934
52886,61,60,0.0163934
52888,61,60,0.0163934
52892,61,60,0.0163934
52895,61,60,0.0163934
52898,61,60,0.0163934
52900,61,60,0.0163934
52902,61,60,0.0163934
52904,61,60,0.0163934
52906,61,60,0.0163934
52909,61,60,0.0163934
52911,61,60,0.0163934
52915,61,60,0.0163934
52917,61,60,0.0163934
52919,61,60,0.0163934
52921,61,60,0.0163934
52923,61,60,0.0163934
52926,61,60,0.0163934
52928,61,60,0.0163934
52932,61,60,0.0163934
52935,61,60,0.0163934
52937,61,60,0.0163934
52939,61,60,0.0163934
52945,61,60,0.0163934
52947,61,60,0.0163934
52950,61,60,0.0163934
52952,61,60,0.0163934
52954,61,60,0.0163934
52956,61,60,0.0163934
52958,61,60,0.0163934
52960,61,60,0.0163934
52963,61,60,0.0163934
52965,61,60,0.0163934
52967,61,60,0.0163934
52969,61,60,0.0163934
52971,61,60,0.0163934
52973,61,60,0.0163934
52975,61,60,0.0163934
52978,61,60,0.0163934
52980,61,60,0.0163934
52982,61,60,0.0163934
52984,61,60,0.0163934
52986,61,60,0.0163934
52990,61,60,0.0163934
52992,61,60,0.0163934
52995,61,60,0.0163934
52997,61,60,0.0163934
52999,61,60,0.0163934
53002,61,60,0.0163934
53004,61,60,0.0163934
53007,61,60,0.0163934
53009,61,60,0.0163934
53011,61,60,0.0163934
53013,61,60,0.0163934
53015,61,60,0.0163934
53018,61,60,0.0163934
53020,61,60,0.0163934
53022,61,60,0.0163934
53024,61,60,0.0163934
53026,61,60,0.0163934
53028,61,60,0.0163934
53031,61,60,0.0163934
53034,61,60,0.0163934
53036,61,60,0.0163934
53039,61,60,0.0163934
53041,61,60,0.0163934
53043,61,60,0.0163934
53046,61,60,0.0163934
53048,61,60,0.0163934
53050,61,60,0.0163934
53052,61,60,0.0163934
53054,61,60,0.0163934
53056,61,60,0.0163934
53058,61,60,0.0163934
53060,61,60,0.0163934
53062,61,60,0.0163934
53065,61,60,0.0163934
53070,61,60,0.0163934
53072,61,60,0.0163934
53075,61,60,0.0163934
53078,61,60,0.0163934
53082,61,60,0.0163934
53088,61,60,0.0163934
53090,61,60,0.0163934
53094,61,60,0.0163934
53097,61,60,0.0163934
53100,61,60,0.0163934
53102,61,60,0.0163934
53105,61,60,0.0163934
53107,61,60,0.0163934
53110,61,60,0.0163934
53112,61,60,0.0163934
53114,61,60,0.0163934
53117,61,60,0.0163934
53119,61,60,0.0163934
53122,61,60,0.0163934
53124,61,60,0.0163934
53126,61,60,0.0163934
53129,61,60,0.0163934
53131,61,60,0.0163934
53136,61,60,0.0163934
53139,61,60,0.0163934
53141,61,60,0.0163934
53144,61,60,0.0163934
53146,61,60,0.0163934
53150,61,60,0.0163934
53153,61,60,0.0163934
53155,61,60,0.0163934
53157,61,60,0.0163934
53161,61,60,0.0163934
53164,61,60,0.0163934
53166,61,60,0.0163934
53168,61,60,0.0163934
53170,61,60,0.0163934
53172,61,60,0.0163934
53175,61,60,0.0163934
53177,61,60,0.0163934
53180,61,60,0.0163934
53182,61,60,0.0163934
53185,61,60,0.0163934
53190,61,60,0.0163934
53193,61,60,0.0163934
53196,61,60,0.0163934
53198,61,60,0.0163934
53202,61,60,0.0163934
53204,61,60,0.0163934
53206,61,60,0.0163934
53209,61,60,0.0163934
53211,61,60,0.0163934
53214,61,60,0.0163934
53216,61,60,0.0163934
53218,61,60,0.0163934
53221,61,60,0.0163934
53224,61,60,0.0163934
53228,61,60,0.0163934
53231,61,60,0.0163934
53233,61,60,0.0163934
53236,61,60,0.0163934
53239,61,60,0.0163934
53241,61,60,0.0163934
53243,61,60,0.0163934
53245,61,60,0.0163934
53250,61,60,0.0163934
53252,61,60,0.0163934
53254,61,60,0.0163934
53257,61,60,0.0163934
53259,61,60,0.0163934
53261,61,60,0.0163934
53264,61,60,0.0163934
53267,61,60,0.0163934
53269,61,60,0.0163934
53271,61,60,0.0163934
53274,61,60,0.0163934
53276,61,60,0.0163934
53278,61,60,0.0163934
53280,61,60,0.0163934
53283,61,60,0.0163934
53285,61,60,0.0163934
53287,61,60,0.0163934
53290,61,60,0.0163934
53292,61,60,0.0163934
53297,61,60,0.0163934
53299,61,60,0.0163934
53301,61,60,0.0163934
53303,61,60,0.0163934
53305,61,60,0.0163934
53307,61,60,0.0163934
53309,61,60,0.0163934
53311,61,60,0.0163934
53315,61,60,0.0163934
53317,61,60,0.0163934
53319,61,60,0.0163934
53321,61,60,0.0163934
53325,61,60,0.0163934
53327,61,60,0.0163934
53330,61,60,0.0163934
53332,61,60,0.0163934
53334,61,60,0.0163934
53337,61,60,0.0163934
53339,61,60,0.0163934
53342,61,60,0.0163934
53344,61,60,0.0163934
53348,61,60,0.0163934
53350,61,60,0.0163934
53352,61,60,0.0163934
53354,61,60,0.0163934
53357,61,60,0.0163934
53359,61,60,0.0163934
53362,61,60,0.0163934
53364,61,60,0.0163934
53367,61,60,0.0163934
53369,61,60,0.0163934
53373,61,60,0.0163934
53375,61,60,0.0163934
53378,61,60,0.0163934
53381,61,60,0.0163934
53384,61,60,0.0163934
53386,61,60,0.0163934
53388,61,60,0.0163934
53391,61,60,0.0163934
53395,61,60,0.0163934
53397,61,60,0.0163934
53399,61,60,0.0163934
53404,61,60,0.0163934
53407,61,60,0.0163934
53409,61,60,0.0163934
53411,61,60,0.0163934
53414,61,60,0.0163934
53417,61,60,0.0163934
53419,61,60,0.0163934
53422,61,60,0.0163934
53424,61,60,0.0163934
53426,61,60,0.0163934
53428,61,60,0.0163934
53431,61,60,0.0163934
53433,61,60,0.0163934
53435,61,60,0.0163934
53437,61,60,0.0163934
53441,61,60,0.0163934
53444,61,60,0.0163934
53448,61,60,0.0163934
53450,61,60,0.0163934
53452,61,60,0.0163934
53454,61,60,0.0163934
53458,61,60,0.0163934
53460,61,60,0.0163934
53464,61,60,0.0163934
53466,61,60,0.0163934
53468,61,60,0.0163934
53471,61,60,0.0163934
53475,61,60,0.0163934
53477,61,60,0.0163934
53479,61,60,0.0163934
53482,61,60,0.0163934
53484,61,60,0.0163934
53487,61,60,0.0163934
53490,61,60,0.0163934
53492,61,60,0.0163934
53494,61,60,0.0163934
53496,61,60,0.0163934
53498,61,60,0.0163934
53501,61,60,0.0163934
53502,61,60,0.0163934
53505,61,60,0.0163934
53507,61,60,0.0163934
53509,61,60,0.0163934
53511,61,60,0.0163934
53514,61,60,0.0163934
53516,61,60,0.0163934
53518,61,60,0.0163934
53520,61,60,0.0163934
53522,61,60,0.0163934
53525,61,60,0.0163934
53527,61,60,0.0163934
53531,61,60,0.0163934
53533,61,60,0.0163934
53536,61,60,0.0163934
53538,61,60,0.0163934
53543,61,60,0.0163934
53545,61,60,0.0163934
53547,61,60,0.0163934
53550,61,60,0.0163934
53555,61,60,0.0163934
53557,61,60,0.0163934
53562,61,60,0.0163934
53564,61,60,0.0163934
53567,61,60,0.0163934
53569,61,60,0.0163934
53571,61,60,0.0163934
53573,61,60,0.0163934
53575,61,60,0.0163934
53577,61,60,0.0163934
53579,61,60,0.0163934
53581,61,60,0.0163934
53583,61,60,0.0163934
53585,61,60,0.0163934
53588,61,60,0.0163934
53590,61,60,0.0163934
53594,61,60,0.0163934
53597,61,60,0.0163934
53600,61,60,0.0163934
53603,61,60,0.0163934
53605,61,60,0.0163934
53607,61,60,0.0163934
53612,61,60,0.0163934
53615,61,60,0.0163934
53621,61,60,0.0163934
53624,61,60,0.0163934
53627,61,60,0.0163934
53630,61,60,0.0163934
53632,61,60,0.0163934
53634,61,60,0.0163934
53637,61,60,0.0163934
53639,61,60,0.0163934
53644,61,60,0.0163934
53646,61,60,0.0163934
53650,61,60,0.0163934
53655,61,60,0.0163934
53657,61,60,0.0163934
53662,61,60,0.0163934
53665,61,60,0.0163934
53668,61,60,0.0163934
53670,61,60,0.0163934
53674,61,60,0.0163934
53677,61,60,0.0163934
53679,61,60,0.0163934
53681,61,60,0.0163934
53683,61,60,0.0163934
53685,61,60,0.0163934
53688,61,60,0.0163934
53691,61,60,0.0163934
53694,61,60,0.0163934
53696,61,60,0.0163934
53698,61,60,0.0163934
53700,61,60,0.0163934
53702,61,60,0.0163934
53705,61,60,0.0163934
53708,61,60,0.0163934
53710,61,60,0.0163934
53712,61,60,0.0163934
53714,61,60,0.0163934
53716,61,60,0.0163934
53718,61,60,0.0163934
53720,61,60,0.0163934
53723,61,60,0.0163934
53725,61,60,0.0163934
53727,61,60,0.0163934
53730,61,60,0.0163934
53735,61,60,0.0163934
53737,61,60,0.0163934
53738,61,60,0.0163934
53741,61,60,0.0163934
53744,61,60,0.0163934
53749,61,60,0.0163934
53751,61,60,0.0163934
53753,61,60,0.0163934
53755,61,60,0.0163934
53758,61,60,0.0163934
53760,61,60,0.0163934
53762,61,60,0.0163934
53765,61,60,0.0163934
53767,61,60,0.0163934
53769,61,60,0.0163934
53773,61,60,0.0163934
53777,61,60,0.0163934
53779,61,60,0.0163934
53783,61,60,0.0163934
53785,61,60,0.0163934
53787,61,60,0.0163934
53789,61,60,0.0163934
53792,61,60,0.0163934
53794,61,60,0.0163934
53796,61,60,0.0163934
53798,61,60,0.0163934
53800,61,60,0.0163934
53802,61,60,0.0163934
53804,61,60,0.0163934
53806,61,60,0.0163934
53809,61,60,0.0163934
53811,61,60,0.0163934
53814,61,60,0.0163934
53816,61,60,0.0163934
53818,61,60,0.0163934
53820,61,60,0.0163934
53822,61,60,0.0163934
53824,61,60,0.0163934
53827,61,60,0.0163934
53829,61,60,0.0163934
53833,61,60,0.0163934
53835,61,60,0.0163934
53837,61,60,0.0163934
53840,61,60,0.0163934
53842,61,60,0.0163934
53845,61,60,0.0163934
53848,61,60,0.0163934
53852,61,60,0.0163934
53855,61,60,0.0163934
53857,61,60,0.0163934
53860,61,60,0.0163934
53862,61,60,0.0163934
53864,61,60,0.0163934
53866,61,60,0.0163934
53868,61,60,0.0163934
53871,61,60,0.0163934
53873,61,60,0.0163934
53876,61,60,0.0163934
53880,61,60,0.0163934
53882,61,60,0.0163934
53884,61,60,0.0163934
53886,61,60,0.0163934
53889,61,60,0.0163934
53892,61,60,0.0163934
53895,61,60,0.0163934
53897,61,60,0.0163934
53899,61,60,0.0163934
53903,61,60,0.0163934
53905,61,60,0.0163934
53907,61,60,0.0163934
53910,61,60,0.0163934
53912,61,60,0.0163934
53914,61,60,0.0163934
53916,61,60,0.0163934
53918,61,60,0.0163934
53921,61,60,0.0163934
53923,61,60,0.0163934
53927,61,60,0.0163934
53930,61,60,0.0163934
53933,61,60,0.0163934
53937,61,60,0.0163934
53940,61,60,0.0163934
53942,61,60,0.0163934
53944,61,60,0.0163934
53947,61,60,0.0163934
53949,61,60,0.0163934
53952,61,60,0.0163934
53956,61,60,0.0163934
53959,61,60,0.0163934
53963,61,60,0.0163934
53965,61,60,0.0163934
53968,61,60,0.0163934
53971,61,60,0.0163934
53973,61,60,0.0163934
53977,61,60,0.0163934
53980,61,60,0.0163934
53982,61,60,0.0163934
53985,61,60,0.0163934
53990,61,60,0.0163934
53994,61,60,0.0163934
53998,61,60,0.0163934
54003,61,60,0.0163934
54007,61,60,0.0163934
54010,61,60,0.0163934
54013,61,60,0.0163934
54016,61,60,0.0163934
54022,61,60,0.0163934
54026,61,60,0.0163934
54029,61,60,0.0163934
54032,61,60,0.0163934
54034,61,60,0.0163934
54036,61,60,0.0163934
54038,61,60,0.0163934
54041,61,60,0.0163934
54045,61,60,0.0163934
54048,61,60,0.0163934
54051,61,60,0.0163934
54056,61,60,0.0163934
54059,61,60,0.0163934
54062,61,60,0.0163934
54064,61,60,0.0163934
54067,61,60,0.0163934
54071,61,60,0.0163934
54077,61,60,0.0163934
54081,61,60,0.0163934
54085,61,60,0.0163934
54089,61,60,0.0163934
54092,61,60,0.0163934
54095,61,60,0.0163934
54097,61,60,0.0163934
54100,61,60,0.0163934
54102,61,60,0.0163934
54104,61,60,0.0163934
54108,61,60,0.0163934
54111,61,60,0.0163934
54113,61,60,0.0163934
54116,61,60,0.0163934
54118,61,60,0.0163934
54126,61,60,0.0163934
54131,61,60,0.0163934
54133,61,60,0.0163934
54136,61,60,0.0163934
54139,61,60,0.0163934
54142,61,60,0.0163934
54144,61,60,0.0163934
54146,61,60,0.0163934
54148,61,60,0.0163934
54150,61,60,0.0163934
54153,61,60,0.0163934
54155,61,60,0.0163934
54157,61,60,0.0163934
54160,61,60,0.0163934
54163,61,60,0.0163934
54170,61,60,0.0163934
54173,61,60,0.0163934
54176,61,60,0.0163934
54181,61,60,0.0163934
54183,61,60,0.0163934
54185,61,60,0.0163934
54187,61,60,0.0163934
54190,61,60,0.0163934
54193,61,60,0.0163934
54197,61,60,0.0163934
54201,61,60,0.0163934
54203,61,60,0.0163934
54209,61,60,0.0163934
54213,61,60,0.0163934
54217,61,60,0.0163934
54220,61,60,0.0163934
54223,61,60,0.0163934
54225,61,60,0.0163934
54228,61,60,0.0163934
54230,61,60,0.0163934
54235,61,60,0.0163934
54237,61,60,0.0163934
54239,61,60,0.0163934
54243,61,60,0.0163934
54247,61,60,0.0163934
54249,61,60,0.0163934
54252,61,60,0.0163934
54254,61,60,0.0163934
54257,61,60,0.0163934
54260,61,60,0.0163934
54264,61,60,0.0163934
54266,61,60,0.0163934
54269,61,60,0.0163934
54272,61,60,0.0163934
54274,61,60,0.0163934
54276,61,60,0.0163934
54279,61,60,0.0163934
54282,61,60,0.0163934
54284,61,60,0.0163934
54286,61,60,0.0163934
54290,61,60,0.0163934
54292,61,60,0.0163934
54295,61,60,0.0163934
54298,61,60,0.0163934
54301,61,60,0.0163934
54303,61,60,0.0163934
54306,61,60,0.0163934
54309,61,60,0.0163934
54313,61,60,0.0163934
54315,61,60,0.0163934
54318,61,60,0.0163934
54320,61,60,0.0163934
54324,61,60,0.0163934
54329,61,60,0.0163934
54334,61,60,0.0163934
54337,61,60,0.0163934
54345,61,60,0.0163934
54348,61,60,0.0163934
54350,61,60,0.0163934
54352,61,60,0.0163934
54354,61,60,0.0163934
54356,61,60,0.0163934
54359,61,60,0.0163934
54361,61,60,0.0163934
54365,61,60,0.0163934
54368,61,60,0.0163934
54372,61,60,0.0163934
54374,61,60,0.0163934
54377,61,60,0.0163934
54380,61,60,0.0163934
54382,61,60,0.0163934
54384,61,60,0.0163934
54389,61,60,0.0163934
54392,61,60,0.0163934
54395,61,60,0.0163934
54398,61,60,0.0163934
54402,61,60,0.0163934
54405,61,60,0.0163934
54408,61,60,0.0163934
54411,61,60,0.0163934
54415,61,60,0.0163934
54418,61,60,0.0163934
54420,61,60,0.0163934
54423,61,60,0.0163934
54425,61,60,0.0163934
54428,61,60,0.0163934
54432,61,60,0.0163934
54435,61,60,0.0163934
54439,61,60,0.0163934
54443,61,60,0.0163934
54446,61,60,0.0163934
54448,61,60,0.0163934
54452,61,60,0.0163934
54455,61,60,0.0163934
54458,61,60,0.0163934
54461,61,60,0.0163934
54463,61,60,0.0163934
54466,61,60,0.0163934
54469,61,60,0.0163934
54472,61,60,0.0163934
54475,61,60,0.0163934
54477,61,60,0.0163934
54481,61,60,0.0163934
54483,61,60,0.0163934
54486,61,60,0.0163934
54489,61,60,0.0163934
54491,61,60,0.0163934
54494,61,60,0.0163934
54496,61,60,0.0163934
54499,61,60,0.0163934
54501,61,60,0.0163934
54504,61,60,0.0163934
54507,61,60,0.0163934
54510,61,60,0.0163934
54512,61,60,0.0163934
54515,61,60,0.0163934
54518,61,60,0.0163934
54521,61,60,0.0163934
54523,61,60,0.0163934
54527,61,60,0.0163934
54531,61,60,0.0163934
54535,61,60,0.0163934
54539,61,60,0.0163934
54543,61,60,0.0163934
54547,61,60,0.0163934
54553,61,60,0.0163934
54556,61,60,0.0163934
54559,61,60,0.0163934
54562,61,60,0.0163934
54565,61,60,0.0163934
54568,61,60,0.0163934
54570,61,60,0.0163934
54577,61,60,0.0163934
54580,61,60,0.0163934
54582,61,60,0.0163934
54585,61,60,0.0163934
54590,61,60,0.0163934
54595,61,60,0.0163934
54597,61,60,0.0163934
54600,61,60,0.0163934
54604,61,60,0.0163934
54606,61,60,0.0163934
54611,61,60,0.0163934
54615,61,60,0.0163934
54622,61,60,0.0163934
54624,61,60,0.0163934
54629,61,60,0.0163934
54632,61,60,0.0163934
54635,61,60,0.0163934
54639,61,60,0.0163934
54644,61,60,0.0163934
54650,61,60,0.0163934
54654,61,60,0.0163934
54658,61,60,0.0163934
54661,61,60,0.0163934
54664,61,60,0.0163934
54668,61,60,0.0163934
54674,61,60,0.0163934
54679,61,60,0.0163934
54681,61,60,0.0163934
54683,61,60,0.0163934
54689,61,60,0.0163934
54692,61,60,0.0163934
54695,61,60,0.0163934
54699,61,60,0.0163934
54702,61,60,0.0163934
54705,61,60,0.0163934
54708,61,60,0.0163934
54711,61,60,0.0163934
54714,61,60,0.0163934
54717,61,60,0.0163934
54722,61,60,0.0163934
54725,61,60,0.0163934
54727,61,60,0.0163934
54730,61,60,0.0163934
54734,61,60,0.0163934
54738,61,60,0.0163934
54741,61,60,0.0163934
54745,61,60,0.0163934
54748,61,60,0.0163934
54752,61,60,0.0163934
54755,61,60,0.0163934
54760,61,60,0.0163934
54762,61,60,0.0163934
54765,61,60,0.0163934
54768,61,60,0.0163934
54771,61,60,0.0163934
54773,61,60,0.0163934
54778,61,60,0.0163934
54780,61,60,0.0163934
54782,61,60,0.0163934
54785,61,60,0.0163934
54787,61,60,0.0163934
54789,61,60,0.0163934
54792,61,60,0.0163934
54794,61,60,0.0163934
54797,61,60,0.0163934
54800,61,60,0.0163934
54804,61,60,0.0163934
54808,61,60,0.0163934
54811,61,60,0.0163934
54814,61,60,0.0163934
54817,61,60,0.0163934
54821,61,60,0.0163934
54825,61,60,0.0163934
54828,61,60,0.0163934
54832,61,60,0.0163934
54834,61,60,0.0163934
54836,61,60,0.0163934
54840,61,60,0.0163934
54843,61,60,0.0163934
54846,61,60,0.0163934
54850,61,60,0.0163934
54853,61,60,0.0163934
54855,61,60,0.0163934
54859,61,60,0.0163934
54862,61,60,0.0163934
54866,61,60,0.0163934
54870,61,60,0.0163934
54874,61,60,0.0163934
54877,61,60,0.0163934
54880,61,60,0.0163934
54882,61,60,0.0163934
54885,61,60,0.0163934
54889,61,60,0.0163934
54893,61,60,0.0163934
54896,61,60,0.0163934
54900,61,60,0.0163934
54904,61,60,0.0163934
54908,61,60,0.0163934
54911,61,60,0.0163934
54915,61,60,0.0163934
54918,61,60,0.0163934
54921,61,60,0.0163934
54925,61,60,0.0163934
54929,61,60,0.0163934
54931,61,60,0.0163934
54935,61,60,0.0163934
54939,61,60,0.0163934
54941,61,60,0.0163934
54944,61,60,0.0163934
54947,61,60,0.0163934
54951,61,60,0.0163934
54953,61,60,0.0163934
54956,61,60,0.0163934
54961,61,60,0.0163934
54965,61,60,0.0163934
54970,61,60,0.0163934
54974,61,60,0.0163934
54980,61,60,0.0163934
54983,61,60,0.0163934
54987,61,60,0.0163934
54993,61,60,0.0163934
54999,61,60,0.0163934
55003,61,60,0.0163934
55008,61,60,0.0163934
55010,61,60,0.0163934
55013,61,60,0.0163934
55015,61,60,0.0163934
55021,61,60,0.0163934
55025,61,60,0.0163934
55027,61,60,0.0163934
55031,61,60,0.0163934
55035,61,60,0.0163934
55038,61,60,0.0163934
55043,61,60,0.0163934
55047,61,60,0.0163934
55052,61,60,0.0163934
55056,61,60,0.0163934
55061,61,60,0.0163934
55065,61,60,0.0163934
55068,61,60,0.0163934
55072,61,60,0.0163934
55074,61,60,0.0163934
55079,61,60,0.0163934
55087,61,60,0.0163934
55089,61,60,0.0163934
55093,61,60,0.0163934
55096,61,60,0.0163934
55099,61,60,0.0163934
55102,61,60,0.0163934
55104,61,60,0.0163934
55107,61,60,0.0163934
55111,61,60,0.0163934
55113,61,60,0.0163934
55117,61,60,0.0163934
55122,61,60,0.0163934
55125,61,60,0.0163934
55128,61,60,0.0163934
55131,61,60,0.0163934
55134,61,60,0.0163934
55137,61,60,0.0163934
55140,61,60,0.0163934
55143,61,60,0.0163934
55146,61,60,0.0163934
55149,61,60,0.0163934
55153,61,60,0.0163934
55157,61,60,0.0163934
55162,61,60,0.0163934
55167,61,60,0.0163934
55171,61,60,0.0163934
55175,61,60,0.0163934
55177,61,60,0.0163934
55179,61,60,0.0163934
55185,61,60,0.0163934
55188,61,60,0.0163934
55192,61,60,0.0163934
55195,61,60,0.0163934
55198,61,60,0.0163934
55200,61,60,0.0163934
55205,61,60,0.0163934
55208,61,60,0.0163934
55211,61,60,0.0163934
55216,61,60,0.0163934
55219,61,60,0.0163934
55221,61,60,0.0163934
55224,61,60,0.0163934
55226,61,60,0.0163934
55228,61,60,0.0163934
55231,61,60,0.0163934
55235,61,60,0.0163934
55238,61,60,0.0163934
55240,61,60,0.0163934
55243,61,60,0.0163934
55245,61,60,0.0163934
55250,61,60,0.0163934
55252,61,60,0.0163934
55254,61,60,0.0163934
55256,61,60,0.0163934
55259,61,60,0.0163934
55262,61,60,0.0163934
55264,61,60,0.0163934
55267,61,60,0.0163934
55269,61,60,0.0163934
55278,61,60,0.0163934
55282,61,60,0.0163934
55286,61,60,0.0163934
55288,61,60,0.0163934
55290,61,60,0.0163934
55293,61,60,0.0163934
55295,61,60,0.0163934
55297,61,60,0.0163934
55300,61,60,0.0163934
55305,61,60,0.0163934
55309,61,60,0.0163934
55311,61,60,0.0163934
55313,61,60,0.0163934
55316,61,60,0.0163934
55318,61,60,0.0163934
55320,61,60,0.0163934
55324,61,60,0.0163934
55327,61,60,0.0163934
55329,61,60,0.0163934
55331,61,60,0.0163934
55334,61,60,0.0163934
55337,61,60,0.0163934
55341,61,60,0.0163934
55344,61,60,0.0163934
55346,61,60,0.0163934
55349,61,60,0.0163934
55354,61,60,0.0163934
55357,61,60,0.0163934
55359,61,60,0.0163934
55362,61,60,0.0163934
55365,61,60,0.0163934
55369,61,60,0.0163934
55373,61,60,0.0163934
55377,61,60,0.0163934
55379,61,60,0.0163934
55382,61,60,0.0163934
55385,61,60,0.0163934
55388,61,60,0.0163934
55392,61,60,0.0163934
55395,61,60,0.0163934
55400,61,60,0.0163934
55402,61,60,0.0163934
55405,61,60,0.0163934
55407,61,60,0.0163934
55409,61,60,0.0163934
55412,61,60,0.0163934
55414,61,60,0.0163934
55417,61,60,0.0163934
55420,61,60,0.0163934
55422,61,60,0.0163934
55426,61,60,0.0163934
55428,61,60,0.0163934
55432,61,60,0.0163934
55434,61,60,0.0163934
55436,61,60,0.0163934
55439,61,60,0.0163934
55442,61,60,0.0163934
55446,61,60,0.0163934
55449,61,60,0.0163934
55451,61,60,0.0163934
55454,61,60,0.0163934
55456,61,60,0.0163934
55458,61,60,0.0163934
55461,61,60,0.0163934
55463,61,60,0.0163934
55465,61,60,0.0163934
55468,61,60,0.0163934
55470,61,60,0.0163934
55472,61,60,0.0163934
55474,61,60,0.0163934
55477,61,60,0.0163934
55480,61,60,0.0163934
55483,61,60,0.0163934
55485,61,60,0.0163934
55489,61,60,0.0163934
55491,61,60,0.0163934
55493,61,60,0.0163934
55495,61,60,0.0163934
55498,61,60,0.0163934
55500,61,60,0.0163934
55502,61,60,0.0163934
55504,61,60,0.0163934
55508,61,60,0.0163934
55511,61,60,0.0163934
55516,61,60,0.0163934
55518,61,60,0.0163934
55524,61,60,0.0163934
55528,61,60,0.0163934
55530,61,60,0.0163934
55532,61,60,0.0163934
55534,61,60,0.0163934
55537,61,60,0.0163934
55542,61,60,0.0163934
55545,61,60,0.0163934
55549,61,60,0.0163934
55554,61,60,0.0163934
55559,61,60,0.0163934
55563,61,60,0.0163934
55567,61,60,0.0163934
55569,61,60,0.0163934
55576,61,60,0.0163934
55579,61,60,0.0163934
55581,61,60,0.0163934
55587,61,60,0.0163934
55652,61,60,0.0163934
55658,61,60,0.0163934
55678,61,60,0.0163934
55681,61,60,0.0163934
55683,61,60,0.0163934
55686,61,60,0.0163934
55689,61,60,0.0163934
55692,61,60,0.0163934
55697,61,60,0.0163934
55699,61,60,0.0163934
55702,61,60,0.0163934
55705,61,60,0.0163934
55709,61,60,0.0163934
55713,61,60,0.0163934
55715,61,60,0.0163934
55717,61,60,0.0163934
55719,61,60,0.0163934
55722,61,60,0.0163934
55725,61,60,0.0163934
55728,61,60,0.0163934
55730,61,60,0.0163934
55732,61,60,0.0163934
55734,61,60,0.0163934
55737,61,60,0.0163934
55739,61,60,0.0163934
55743,61,60,0.0163934
55745,61,60,0.0163934
55748,61,60,0.0163934
55751,61,60,0.0163934
55756,61,60,0.0163934
55761,61,60,0.0163934
55764,61,60,0.0163934
55767,61,60,0.0163934
55770,61,60,0.0163934
55773,61,60,0.0163934
55777,61,60,0.0163934
55781,61,60,0.0163934
55783,61,60,0.0163934
55785,61,60,0.0163934
55788,61,60,0.0163934
55794,61,60,0.0163934
55799,61,60,0.0163934
55801,61,60,0.0163934
55803,61,60,0.0163934
55805,61,60,0.0163934
55807,61,60,0.0163934
55811,61,60,0.0163934
55815,61,60,0.0163934
55817,61,60,0.0163934
55820,61,60,0.0163934
55823,61,60,0.0163934
55829,61,60,0.0163934
55833,61,60,0.0163934
55835,61,60,0.0163934
55838,61,60,0.0163934
55843,61,60,0.0163934
55846,61,60,0.0163934
55849,61,60,0.0163934
55851,61,60,0.0163934
55854,61,60,0.0163934
55859,61,60,0.0163934
55861,61,60,0.0163934
55864,61,60,0.0163934
55867,61,60,0.0163934
55870,61,60,0.0163934
55873,61,60,0.0163934
55877,61,60,0.0163934
55881,61,60,0.0163934
55885,61,60,0.0163934
55888,61,60,0.0163934
55891,61,60,0.0163934
55894,61,60,0.0163934
55897,61,60,0.0163934
55900,61,60,0.0163934
55903,61,60,0.0163934
55906,61,60,0.0163934
55909,61,60,0.0163934
55912,61,60,0.0163934
55915,61,60,0.0163934
55918,61,60,0.0163934
55921,61,60,0.0163934
55923,61,60,0.0163934
55927,61,60,0.0163934
55931,61,60,0.0163934
55933,61,60,0.0163934
55936,61,60,0.0163934
55938,61,60,0.0163934
55942,61,60,0.0163934
55945,61,60,0.0163934
55948,61,60,0.0163934
55950,61,60,0.0163934
55952,61,60,0.0163934
55956,61,60,0.0163934
55961,61,60,0.0163934
55964,61,60,0.0163934
55966,61,60,0.0163934
55968,61,60,0.0163934
55970,61,60,0.0163934
55972,61,60,0.0163934
55975,61,60,0.0163934
55978,61,60,0.0163934
55980,61,60,0.0163934
55982,61,60,0.0163934
55985,61,60,0.0163934
55988,61,60,0.0163934
55991,61,60,0.0163934
55994,61,60,0.0163934
55996,61,60,0.0163934
55998,61,60,0.0163934
56000,61,60,0.0163934
56001,61,60,0.0163934
56004,61,60,0.0163934
56006,61,60,0.0163934
56011,61,60,0.0163934
56015,61,60,0.0163934
56017,61,60,0.0163934
56020,61,60,0.0163934
56022,61,60,0.0163934
56025,61,60,0.0163934
56028,61,60,0.0163934
56030,61,60,0.0163934
56033,61,60,0.0163934
56037,61,60,0.0163934
56041,61,60,0.0163934
56044,61,60,0.0163934
56046,61,60,0.0163934
56049,61,60,0.0163934
56051,61,60,0.0163934
56053,61,60,0.0163934
56056,61,60,0.0163934
56058,61,60,0.0163934
56061,61,60,0.0163934
56064,61,60,0.0163934
56068,61,60,0.0163934
56071,61,60,0.0163934
56073,61,60,0.0163934
56076,61,60,0.0163934
56078,61,60,0.0163934
56081,61,60,0.0163934
56085,61,60,0.0163934
56088,61,60,0.0163934
56092,61,60,0.0163934
56095,61,60,0.0163934
56097,61,60,0.0163934
56099,61,60,0.0163934
56102,61,60,0.0163934
56104,61,60,0.0163934
56107,61,60,0.0163934
56110,61,60,0.0163934
56112,61,60,0.0163934
56115,61,60,0.0163934
56118,61,60,0.0163934
56122,61,60,0.0163934
56127,61,60,0.0163934
56129,61,60,0.0163934
56132,61,60,0.0163934
56134,61,60,0.0163934
56137,61,60,0.0163934
56143,61,60,0.0163934
56147,61,60,0.0163934
56151,61,60,0.0163934
56155,61,60,0.0163934
56160,61,60,0.0163934
56164,61,60,0.0163934
56168,61,60,0.0163934
56172,61,60,0.0163934
56175,61,60,0.0163934
56180,61,60,0.0163934
56184,61,60,0.0163934
56186,61,60,0.0163934
56189,61,60,0.0163934
56193,61,60,0.0163934
56195,61,60,0.0163934
56197,61,60,0.0163934
56199,61,60,0.0163934
56201,61,60,0.0163934
56203,61,60,0.0163934
56206,61,60,0.0163934
56210,61,60,0.0163934
56212,61,60,0.0163934
56216,61,60,0.0163934
56219,61,60,0.0163934
56222,61,60,0.0163934
56224,61,60,0.0163934
56227,61,60,0.0163934
56230,61,60,0.0163934
56233,61,60,0.0163934
56235,61,60,0.0163934
56237,61,60,0.0163934
56239,61,60,0.0163934
56245,61,60,0.0163934
56247,61,60,0.0163934
56249,61,60,0.0163934
56252,61,60,0.0163934
56256,61,60,0.0163934
56258,61,60,0.0163934
56261,61,60,0.0163934
56264,61,60,0.0163934
56265,61,60,0.0163934
56270,61,60,0.0163934
56274,61,60,0.0163934
56277,61,60,0.0163934
56279,61,60,0.0163934
56282,61,60,0.0163934
56284,61,60,0.0163934
56287,61,60,0.0163934
56290,61,60,0.0163934
56294,61,60,0.0163934
56299,61,60,0.0163934
56301,61,60,0.0163934
56303,61,60,0.0163934
56306,61,60,0.0163934
56309,61,60,0.0163934
56311,61,60,0.0163934
56315,61,60,0.0163934
56317,61,60,0.0163934
56320,61,60,0.0163934
56322,61,60,0.0163934
56327,61,60,0.0163934
56331,61,60,0.0163934
56334,61,60,0.0163934
56336,61,60,0.0163934
56338,61,60,0.0163934
56340,61,60,0.0163934
56342,61,60,0.0163934
56345,61,60,0.0163934
56347,61,60,0.0163934
56350,61,60,0.0163934
56352,61,60,0.0163934
56358,61,60,0.0163934
56360,61,60,0.0163934
56362,61,60,0.0163934
56365,61,60,0.0163934
56368,61,60,0.0163934
56371,61,60,0.0163934
56375,61,60,0.0163934
56378,61,60,0.0163934
56380,61,60,0.0163934
56383,61,60,0.0163934
56385,61,60,0.0163934
56387,61,60,0.0163934
56389,61,60,0.0163934
56391,61,60,0.0163934
56393,61,60,0.0163934
56395,61,60,0.0163934
56399,61,60,0.0163934
56403,61,60,0.0163934
56405,61,60,0.0163934
56407,61,60,0.0163934
56410,61,60,0.0163934
56412,61,60,0.0163934
56414,61,60,0.0163934
56417,61,60,0.0163934
56419,61,60,0.0163934
56422,61,60,0.0163934
56426,61,60,0.0163934
56430,61,60,0.0163934
56434,61,60,0.0163934
56437,61,60,0.0163934
56439,61,60,0.0163934
56442,61,60,0.0163934
56445,61,60,0.0163934
56448,61,60,0.0163934
56452,61,60,0.0163934
56456,61,60,0.0163934
56460,61,60,0.0163934
56463,61,60,0.0163934
56465,61,60,0.0163934
56468,61,60,0.0163934
56472,61,60,0.0163934
56474,61,60,0.0163934
56476,61,60,0.0163934
56482,61,60,0.0163934
56485,61,60,0.0163934
56487,61,60,0.0163934
56489,61,60,0.0163934
56492,61,60,0.0163934
56495,61,60,0.0163934
56498,61,60,0.0163934
56503,61,60,0.0163934
56508,61,60,0.0163934
56510,61,60,0.0163934
56514,61,60,0.0163934
56519,61,60,0.0163934
56522,61,60,0.0163934
56525,61,60,0.0163934
56528,61,60,0.0163934
56530,61,60,0.0163934
56533,61,60,0.0163934
56535,61,60,0.0163934
56537,61,60,0.0163934
56539,61,60,0.0163934
56542,61,60,0.0163934
56545,61,60,0.0163934
56547,61,60,0.0163934
56549,61,60,0.0163934
56551,61,60,0.0163934
56553,61,60,0.0163934
56556,61,60,0.0163934
56560,61,60,0.0163934
56563,61,60,0.0163934
56566,61,60,0.0163934
56568,61,60,0.0163934
56571,61,60,0.0163934
56574,61,60,0.0163934
56578,61,60,0.0163934
56582,61,60,0.0163934
56585,61,60,0.0163934
56589,61,60,0.0163934
56593,61,60,0.0163934
56596,61,60,0.0163934
56598,61,60,0.0163934
56602,61,60,0.0163934
56605,61,60,0.0163934
56610,61,60,0.0163934
56613,61,60,0.0163934
56618,61,60,0.0163934
56622,61,60,0.0163934
56628,61,60,0.0163934
56631,61,60,0.0163934
56634,61,60,0.0163934
56637,61,60,0.0163934
56639,61,60,0.0163934
56642,61,60,0.0163934
56645,61,60,0.0163934
56647,61,60,0.0163934
56649,61,60,0.0163934
56651,61,60,0.0163934
56656,61,60,0.0163934
56662,61,60,0.0163934
56666,61,60,0.0163934
56670,61,60,0.0163934
56674,61,60,0.0163934
56677,61,60,0.0163934
56681,61,60,0.0163934
56684,61,60,0.0163934
56686,61,60,0.0163934
56689,61,60,0.0163934
56692,61,60,0.0163934
56694,61,60,0.0163934
56697,61,60,0.0163934
56700,61,60,0.0163934
56704,61,60,0.0163934
56709,61,60,0.0163934
56714,61,60,0.0163934
56716,61,60,0.0163934
56719,61,60,0.0163934
56723,61,60,0.0163934
56728,61,60,0.0163934
56730,61,60,0.0163934
56733,61,60,0.0163934
56738,61,60,0.0163934
56741,61,60,0.0163934
56745,61,60,0.0163934
56748,61,60,0.0163934
56751,61,60,0.0163934
56754,61,60,0.0163934
56757,61,60,0.0163934
56760,61,60,0.0163934
56762,61,60,0.0163934
56765,61,60,0.0163934
56770,61,60,0.0163934
56774,61,60,0.0163934
56777,61,60,0.0163934
56778,61,60,0.0163934
56781,61,60,0.0163934
56784,61,60,0.0163934
56787,61,60,0.0163934
56789,61,60,0.0163934
56792,61,60,0.0163934
56795,61,60,0.0163934
56798,61,60,0.0163934
56800,61,60,0.0163934
56803,61,60,0.0163934
56806,61,60,0.0163934
56809,61,60,0.0163934
56812,61,60,0.0163934
56814,61,60,0.0163934
56817,61,60,0.0163934
56820,61,60,0.0163934
56824,61,60,0.0163934
56826,61,60,0.0163934
56830,61,60,0.0163934
56834,61,60,0.0163934
56837,61,60,0.0163934
56840,61,60,0.0163934
56847,61,60,0.0163934
56850,61,60,0.0163934
56852,61,60,0.0163934
56860,61,60,0.0163934
56863,61,60,0.0163934
56866,61,60,0.0163934
56870,61,60,0.0163934
56873,61,60,0.0163934
56877,61,60,0.0163934
56881,61,60,0.0163934
56885,61,60,0.0163934
56888,61,60,0.0163934
56891,61,60,0.0163934
56894,61,60,0.0163934
56896,61,60,0.0163934
56898,61,60,0.0163934
56903,61,60,0.0163934
56905,61,60,0.0163934
56907,61,60,0.0163934
56910,61,60,0.0163934
56914,61,60,0.0163934
56916,61,60,0.0163934
56918,61,60,0.0163934
56920,61,60,0.0163934
56923,61,60,0.0163934
56927,61,60,0.0163934
56929,61,60,0.0163934
56931,61,60,0.0163934
56934,61,60,0.0163934
56939,61,60,0.0163934
56944,61,60,0.0163934
56947,61,60,0.0163934
56950,61,60,0.0163934
56953,61,60,0.0163934
56955,61,60,0.0163934
56957,61,60,0.0163934
56960,61,60,0.0163934
56962,61,60,0.0163934
56965,61,60,0.0163934
56968,61,60,0.0163934
56970,61,60,0.0163934
56972,61,60,0.0163934
56974,61,60,0.0163934
56977,61,60,0.0163934
56980,61,60,0.0163934
56982,61,60,0.0163934
56985,61,60,0.0163934
56987,61,60,0.0163934
56990,61,60,0.0163934
56992,61,60,0.0163934
56994,61,60,0.0163934
56998,61,60,0.0163934
57001,61,60,0.0163934
57003,61,60,0.0163934
57005,61,60,0.0163934
57007,61,60,0.0163934
57010,61,60,0.0163934
57012,61,60,0.0163934
57014,61,60,0.0163934
57017,61,60,0.0163934
57019,61,60,0.0163934
57022,61,60,0.0163934
57024,61,60,0.0163934
57026,61,60,0.0163934
57028,61,60,0.0163934
57033,61,60,0.0163934
57036,61,60,0.0163934
57040,61,60,0.0163934
57042,61,60,0.0163934
57045,61,60,0.0163934
57048,61,60,0.0163934
57051,61,60,0.0163934
57054,61,60,0.0163934
57057,61,60,0.0163934
57062,61,60,0.0163934
57066,61,60,0.0163934
57068,61,60,0.0163934
57071,61,60,0.0163934
57075,61,60,0.0163934
57078,61,60,0.0163934
57081,61,60,0.0163934
57083,61,60,0.0163934
57086,61,60,0.0163934
57088,61,60,0.0163934
57090,61,60,0.0163934
57092,61,60,0.0163934
57095,61,60,0.0163934
57097,61,60,0.0163934
57100,61,60,0.0163934
57102,61,60,0.0163934
57104,61,60,0.0163934
57107,61,60,0.0163934
57110,61,60,0.0163934
57112,61,60,0.0163934
57115,61,60,0.0163934
57117,61,60,0.0163934
57119,61,60,0.0163934
57121,61,60,0.0163934
57123,61,60,0.0163934
57125,61,60,0.0163934
57127,61,60,0.0163934
57129,61,60,0.0163934
57132,61,60,0.0163934
57134,61,60,0.0163934
57136,61,60,0.0163934
57138,61,60,0.0163934
57142,61,60,0.0163934
57144,61,60,0.0163934
57148,61,60,0.0163934
57150,61,60,0.0163934
57154,61,60,0.0163934
57156,61,60,0.0163934
57160,61,60,0.0163934
57163,61,60,0.0163934
57165,61,60,0.0163934
57167,61,60,0.0163934
57169,61,60,0.0163934
57173,61,60,0.0163934
57175,61,60,0.0163934
57177,61,60,0.0163934
57180,61,60,0.0163934
57183,61,60,0.0163934
57185,61,60,0.0163934
57188,61,60,0.0163934
57191,61,60,0.0163934
57194,61,60,0.0163934
57198,61,60,0.0163934
57200,61,60,0.0163934
57205,61,60,0.0163934
57209,61,60,0.0163934
57212,61,60,0.0163934
57214,61,60,0.0163934
57216,61,60,0.0163934
57219,61,60,0.0163934
57221,61,60,0.0163934
57223,61,60,0.0163934
57226,61,60,0.0163934
57228,61,60,0.0163934
57231,61,60,0.0163934
57233,61,60,0.0163934
57236,61,60,0.0163934
57239,61,60,0.0163934
57241,61,60,0.0163934
57244,61,60,0.0163934
57246,61,60,0.0163934
57250,61,60,0.0163934
57252,61,60,0.0163934
57254,61,60,0.0163934
57257,61,60,0.0163934
57259,61,60,0.0163934
57262,61,60,0.0163934
57264,61,60,0.0163934
57266,61,60,0.0163934
57268,61,60,0.0163934
57270,61,60,0.0163934
57272,61,60,0.0163934
57275,61,60,0.0163934
57278,61,60,0.0163934
57281,61,60,0.0163934
57284,61,60,0.0163934
57287,61,60,0.0163934
57290,61,60,0.0163934
57294,61,60,0.0163934
57297,61,60,0.0163934
57301,61,60,0.0163934
57305,61,60,0.0163934
57308,61,60,0.0163934
57311,61,60,0.0163934
57314,61,60,0.0163934
57316,61,60,0.0163934
57319,61,60,0.0163934
57322,61,60,0.0163934
57324,61,60,0.0163934
57326,61,60,0.0163934
57328,61,60,0.0163934
57331,61,60,0.0163934
57333,61,60,0.0163934
57335,61,60,0.0163934
57337,61,60,0.0163934
57339,61,60,0.0163934
57344,61,60,0.0163934
57347,61,60,0.0163934
57349,61,60,0.0163934
57351,61,60,0.0163934
57353,61,60,0.0163934
57355,61,60,0.0163934
57358,61,60,0.0163934
57360,61,60,0.0163934
57362,61,60,0.0163934
57364,61,60,0.0163934
57366,61,60,0.0163934
57368,61,60,0.0163934
57370,61,60,0.0163934
57372,61,60,0.0163934
57374,61,60,0.0163934
57377,61,60,0.0163934
57384,61,60,0.0163934
57386,61,60,0.0163934
57388,61,60,0.0163934
57390,61,60,0.0163934
57393,61,60,0.0163934
57395,61,60,0.0163934
57398,61,60,0.0163934
57400,61,60,0.0163934
57402,61,60,0.0163934
57404,61,60,0.0163934
57406,61,60,0.0163934
57410,61,60,0.0163934
57412,61,60,0.0163934
57414,61,60,0.0163934
57417,61,60,0.0163934
57419,61,60,0.0163934
57421,61,60,0.0163934
57423,61,60,0.0163934
57425,61,60,0.0163934
57428,61,60,0.0163934
57430,61,60,0.0163934
57432,61,60,0.0163934
57434,61,60,0.0163934
57437,61,60,0.0163934
57439,61,60,0.0163934
57441,61,60,0.0163934
57444,61,60,0.0163934
57446,61,60,0.0163934
57448,61,60,0.0163934
57451,61,60,0.0163934
57454,61,60,0.0163934
57456,61,60,0.0163934
57459,61,60,0.0163934
57462,61,60,0.0163934
57464,61,60,0.0163934
57466,61,60,0.0163934
57468,61,60,0.0163934
57470,61,60,0.0163934
57472,61,60,0.0163934
57474,61,60,0.0163934
57476,61,60,0.0163934
57478,61,60,0.0163934
57480,61,60,0.0163934
57484,61,60,0.0163934
57486,61,60,0.0163934
57488,61,60,0.0163934
57492,61,60,0.0163934
57494,61,60,0.0163934
57496,61,60,0.0163934
57498,61,60,0.0163934
57501,61,60,0.0163934
57503,61,60,0.0163934
57505,61,60,0.0163934
57507,61,60,0.0163934
57510,61,60,0.0163934
57512,61,60,0.0163934
57515,61,60,0.0163934
57517,61,60,0.0163934
57519,61,60,0.0163934
57521,61,60,0.0163934
57524,61,60,0.0163934
57526,61,60,0.0163934
57528,61,60,0.0163934
57531,61,60,0.0163934
57533,61,60,0.0163934
57535,61,60,0.0163934
57538,61,60,0.0163934
57540,61,60,0.0163934
57542,61,60,0.0163934
57545,61,60,0.0163934
57547,61,60,0.0163934
57549,61,60,0.0163934
57551,61,60,0.0163934
57558,61,60,0.0163934
57560,61,60,0.0163934
57563,61,60,0.0163934
57565,61,60,0.0163934
57567,61,60,0.0163934
57569,61,60,0.0163934
57572,61,60,0.0163934
57574,61,60,0.0163934
57576,61,60,0.0163934
57578,61,60,0.0163934
57582,61,60,0.0163934
57584,61,60,0.0163934
57586,61,60,0.0163934
57589,61,60,0.0163934
57592,61,60,0.0163934
57597,61,60,0.0163934
57599,61,60,0.0163934
57601,61,60,0.0163934
57604,61,60,0.0163934
57608,61,60,0.0163934
57611,61,60,0.0163934
57613,61,60,0.0163934
57615,61,60,0.0163934
57618,61,60,0.0163934
57620,61,60,0.0163934
57624,61,60,0.0163934
57626,61,60,0.0163934
57629,61,60,0.0163934
57631,61,60,0.0163934
57633,61,60,0.0163934
57637,61,60,0.0163934
57640,61,60,0.0163934
57642,61,60,0.0163934
57646,61,60,0.0163934
57649,61,60,0.0163934
57651,61,60,0.0163934
57654,61,60,0.0163934
57659,61,60,0.0163934
57662,61,60,0.0163934
57664,61,60,0.0163934
57667,61,60,0.0163934
57669,61,60,0.0163934
57672,61,60,0.0163934
57678,61,60,0.0163934
57680,61,60,0.0163934
57683,61,60,0.0163934
57685,61,60,0.0163934
57688,61,60,0.0163934
57691,61,60,0.0163934
57693,61,60,0.0163934
57696,61,60,0.0163934
57698,61,60,0.0163934
57700,61,60,0.0163934
57703,61,60,0.0163934
57705,61,60,0.0163934
57708,61,60,0.0163934
57710,61,60,0.0163934
57713,61,60,0.0163934
57716,61,60,0.0163934
57718,61,60,0.0163934
57721,61,60,0.0163934
57723,61,60,0.0163934
57725,61,60,0.0163934
57728,61,60,0.0163934
57730,61,60,0.0163934
57733,61,60,0.0163934
57735,61,60,0.0163934
57737,61,60,0.0163934
57739,61,60,0.0163934
57741,61,60,0.0163934
57743,61,60,0.0163934
57745,61,60,0.0163934
57747,61,60,0.0163934
57750,61,60,0.0163934
57752,61,60,0.0163934
57754,61,60,0.0163934
57756,61,60,0.0163934
57759,61,60,0.0163934
57761,61,60,0.0163934
57764,61,60,0.0163934
57766,61,60,0.0163934
57769,61,60,0.0163934
57771,61,60,0.0163934
57773,61,60,0.0163934
57778,61,60,0.0163934
57783,61,60,0.0163934
57785,61,60,0.0163934
57787,61,60,0.0163934
57789,61,60,0.0163934
57792,61,60,0.0163934
57796,61,60,0.0163934
57798,61,60,0.0163934
57800,61,60,0.0163934
57803,61,60,0.0163934
57805,61,60,0.0163934
57808,61,60,0.0163934
57811,61,60,0.0163934
57813,61,60,0.0163934
57816,61,60,0.0163934
57818,61,60,0.0163934
57820,61,60,0.0163934
57825,61,60,0.0163934
57828,61,60,0.0163934
57830,61,60,0.0163934
57832,61,60,0.0163934
57834,61,60,0.0163934
57837,61,60,0.0163934
57839,61,60,0.0163934
57843,61,60,0.0163934
57846,61,60,0.0163934
57848,61,60,0.0163934
57850,61,60,0.0163934
57852,61,60,0.0163934
57855,61,60,0.0163934
57857,61,60,0.0163934
57859,61,60,0.0163934
57861,61,60,0.0163934
57865,61,60,0.0163934
57867,61,60,0.0163934
57870,61,60,0.0163934
57872,61,60,0.0163934
57875,61,60,0.0163934
57878,61,60,0.0163934
57881,61,60,0.0163934
57883,61,60,0.0163934
57886,61,60,0.0163934
57888,61,60,0.0163934
57894,61,60,0.0163934
57899,61,60,0.0163934
57903,61,60,0.0163934
57905,61,60,0.0163934
57908,61,60,0.0163934
57910,61,60,0.0163934
57912,61,60,0.0163934
57914,61,60,0.0163934
57916,61,60,0.0163934
57918,61,60,0.0163934
57921,61,60,0.0163934
57923,61,60,0.0163934
57925,61,60,0.0163934
57929,61,60,0.0163934
57931,61,60,0.0163934
57933,61,60,0.0163934
57936,61,60,0.0163934
57938,61,60,0.0163934
57940,61,60,0.0163934
57943,61,60,0.0163934
57945,61,60,0.0163934
57948,61,60,0.0163934
57950,61,60,0.0163934
57952,61,60,0.0163934
57955,61,60,0.0163934
57957,61,60,0.0163934
57960,61,60,0.0163934
57964,61,60,0.0163934
57966,61,60,0.0163934
57968,61,60,0.0163934
57971,61,60,0.0163934
57976,61,60,0.0163934
57978,61,60,0.0163934
57980,61,60,0.0163934
57982,61,60,0.0163934
57986,61,60,0.0163934
57988,61,60,0.0163934
57990,61,60,0.0163934
57992,61,60,0.0163934
57995,61,60,0.0163934
57998,61,60,0.0163934
58002,61,60,0.0163934
58004,61,60,0.0163934
58006,61,60,0.0163934
58008,61,60,0.0163934
58011,61,60,0.0163934
58013,61,60,0.0163934
58016,61,60,0.0163934
58018,61,60,0.0163934
58021,61,60,0.0163934
58025,61,60,0.0163934
58028,61,60,0.0163934
58033,61,60,0.0163934
58035,61,60,0.0163934
58037,61,60,0.0163934
58039,61,60,0.0163934
58041,61,60,0.0163934
58045,61,60,0.0163934
58048,61,60,0.0163934
58051,61,60,0.0163934
58053,61,60,0.0163934
58058,61,60,0.0163934
58061,61,60,0.0163934
58064,61,60,0.0163934
58066,61,60,0.0163934
58068,61,60,0.0163934
58070,61,60,0.0163934
58073,61,60,0.0163934
58076,61,60,0.0163934
58078,61,60,0.0163934
58083,61,60,0.0163934
58085,61,60,0.0163934
58087,61,60,0.0163934
58089,61,60,0.0163934
58092,61,60,0.0163934
58094,61,60,0.0163934
58098,61,60,0.0163934
58100,61,60,0.0163934
58102,61,60,0.0163934
58105,61,60,0.0163934
58108,61,60,0.0163934
58110,61,60,0.0163934
58113,61,60,0.0163934
58116,61,60,0.0163934
58122,61,60,0.0163934
58125,61,60,0.0163934
58128,61,60,0.0163934
58131,61,60,0.0163934
58133,61,60,0.0163934
58138,61,60,0.0163934
58140,61,60,0.0163934
58143,61,60,0.0163934
58146,61,60,0.0163934
58149,61,60,0.0163934
58155,61,60,0.0163934
58158,61,60,0.0163934
58161,61,60,0.0163934
58164,61,60,0.0163934
58166,61,60,0.0163934
58168,61,60,0.0163934
58173,61,60,0.0163934
58176,61,60,0.0163934
58178,61,60,0.0163934
58181,61,60,0.0163934
58184,61,60,0.0163934
58187,61,60,0.0163934
58191,61,60,0.0163934
58194,61,60,0.0163934
58197,61,60,0.0163934
58199,61,60,0.0163934
58201,61,60,0.0163934
58204,61,60,0.0163934
58206,61,60,0.0163934
58211,61,60,0.0163934
58214,61,60,0.0163934
58217,61,60,0.0163934
58219,61,60,0.0163934
58222,61,60,0.0163934
58225,61,60,0.0163934
58229,61,60,0.0163934
58232,61,60,0.0163934
58234,61,60,0.0163934
58236,61,60,0.0163934
58238,61,60,0.0163934
58240,61,60,0.0163934
58243,61,60,0.0163934
58246,61,60,0.0163934
58248,61,60,0.0163934
58250,61,60,0.0163934
58253,61,60,0.0163934
58255,61,60,0.0163934
58257,61,60,0.0163934
58259,61,60,0.0163934
58262,61,60,0.0163934
58265,61,60,0.0163934
58267,61,60,0.0163934
58269,61,60,0.0163934
58271,61,60,0.0163934
58276,61,60,0.0163934
58278,61,60,0.0163934
58280,61,60,0.0163934
58282,61,60,0.0163934
58286,61,60,0.0163934
58288,61,60,0.0163934
58292,61,60,0.0163934
58295,61,60,0.0163934
58297,61,60,0.0163934
58299,61,60,0.0163934
58302,61,60,0.0163934
58304,61,60,0.0163934
58307,61,60,0.0163934
58310,61,60,0.0163934
58312,61,60,0.0163934
58314,61,60,0.0163934
58317,61,60,0.0163934
58321,61,60,0.0163934
58324,61,60,0.0163934
58327,61,60,0.0163934
58330,61,60,0.0163934
58332,61,60,0.0163934
58334,61,60,0.0163934
58336,61,60,0.0163934
58339,61,60,0.0163934
58341,61,60,0.0163934
58344,61,60,0.0163934
58347,61,60,0.0163934
58349,61,60,0.0163934
58352,61,60,0.0163934
58356,61,60,0.0163934
58358,61,60,0.0163934
58361,61,60,0.0163934
58363,61,60,0.0163934
58365,61,60,0.0163934
58368,61,60,0.0163934
58371,61,60,0.0163934
58374,61,60,0.0163934
58377,61,60,0.0163934
58379,61,60,0.0163934
58382,61,60,0.0163934
58384,61,60,0.0163934
58386,61,60,0.0163934
58388,61,60,0.0163934
58390,61,60,0.0163934
58393,61,60,0.0163934
58395,61,60,0.0163934
58397,61,60,0.0163934
58400,61,60,0.0163934
58402,61,60,0.0163934
58404,61,60,0.0163934
58407,61,60,0.0163934
58410,61,60,0.0163934
58413,61,60,0.0163934
58415,61,60,0.0163934
58417,61,60,0.0163934
58419,61,60,0.0163934
58425,61,60,0.0163934
58427,61,60,0.0163934
58429,61,60,0.0163934
58432,61,60,0.0163934
58434,61,60,0.0163934
58437,61,60,0.0163934
58439,61,60,0.0163934
58442,61,60,0.0163934
58444,61,60,0.0163934
58447,61,60,0.0163934
58450,61,60,0.0163934
58452,61,60,0.0163934
58454,61,60,0.0163934
58456,61,60,0.0163934
58459,61,60,0.0163934
58461,61,60,0.0163934
58464,61,60,0.0163934
58467,61,60,0.0163934
58471,61,60,0.0163934
58474,61,60,0.0163934
58478,61,60,0.0163934
58481,61,60,0.0163934
58483,61,60,0.0163934
58485,61,60,0.0163934
58487,61,60,0.0163934
58490,61,60,0.0163934
58493,61,60,0.0163934
58495,61,60,0.0163934
58498,61,60,0.0163934
58500,61,60,0.0163934
58502,61,60,0.0163934
58504,61,60,0.0163934
58506,61,60,0.0163934
58508,61,60,0.0163934
58511,61,60,0.0163934
58513,61,60,0.0163934
58515,61,60,0.0163934
58518,61,60,0.0163934
58520,61,60,0.0163934
58522,61,60,0.0163934
58524,61,60,0.0163934
58527,61,60,0.0163934
58529,61,60,0.0163934
58532,61,60,0.0163934
58534,61,60,0.0163934
58537,61,60,0.0163934
58539,61,60,0.0163934
58542,61,60,0.0163934
58545,61,60,0.0163934
58547,61,60,0.0163934
58550,61,60,0.0163934
58552,61,60,0.0163934
58554,61,60,0.0163934
58558,61,60,0.0163934
58560,61,60,0.0163934
58562,61,60,0.0163934
58567,61,60,0.0163934
58570,61,60,0.0163934
58573,61,60,0.0163934
58576,61,60,0.0163934
58578,61,60,0.0163934
58580,61,60,0.0163934
58582,61,60,0.0163934
58584,61,60,0.0163934
58587,61,60,0.0163934
58589,61,60,0.0163934
58592,61,60,0.0163934
58594,61,60,0.0163934
58596,61,60,0.0163934
58599,61,60,0.0163934
58602,61,60,0.0163934
58606,61,60,0.0163934
58608,61,60,0.0163934
58611,61,60,0.0163934
58613,61,60,0.0163934
58616,61,60,0.0163934
58619,61,60,0.0163934
58621,61,60,0.0163934
58623,61,60,0.0163934
58626,61,60,0.0163934
58628,61,60,0.0163934
58630,61,60,0.0163934
58635,61,60,0.0163934
58637,61,60,0.0163934
58640,61,60,0.0163934
58643,61,60,0.0163934
58646,61,60,0.0163934
58649,61,60,0.0163934
58651,61,60,0.0163934
58653,61,60,0.0163934
58656,61,60,0.0163934
58660,61,60,0.0163934
58665,61,60,0.0163934
58668,61,60,0.0163934
58671,61,60,0.0163934
58673,61,60,0.0163934
58677,61,60,0.0163934
58679,61,60,0.0163934
58682,61,60,0.0163934
58685,61,60,0.0163934
58688,61,60,0.0163934
58695,61,60,0.0163934
58698,61,60,0.0163934
58700,61,60,0.0163934
58703,61,60,0.0163934
58705,61,60,0.0163934
58707,61,60,0.0163934
58710,61,60,0.0163934
58712,61,60,0.0163934
58715,61,60,0.0163934
58717,61,60,0.0163934
58720,61,60,0.0163934
58722,61,60,0.0163934
58724,61,60,0.0163934
58727,61,60,0.0163934
58729,61,60,0.0163934
58731,61,60,0.0163934
58733,61,60,0.0163934
58737,61,60,0.0163934
58739,61,60,0.0163934
58744,61,60,0.0163934
58748,61,60,0.0163934
58750,61,60,0.0163934
58752,61,60,0.0163934
58754,61,60,0.0163934
58757,61,60,0.0163934
58760,61,60,0.0163934
58762,61,60,0.0163934
58765,61,60,0.0163934
58768,61,60,0.0163934
58770,61,60,0.0163934
58773,61,60,0.0163934
58776,61,60,0.0163934
58778,61,60,0.0163934
58780,61,60,0.0163934
58782,61,60,0.0163934
58784,61,60,0.0163934
58786,61,60,0.0163934
58788,61,60,0.0163934
58792,61,60,0.0163934
58795,61,60,0.0163934
58799,61,60,0.0163934
58801,61,60,0.0163934
58804,61,60,0.0163934
58806,61,60,0.0163934
58809,61,60,0.0163934
58811,61,60,0.0163934
58814,61,60,0.0163934
58817,61,60,0.0163934
58821,61,60,0.0163934
58824,61,60,0.0163934
58826,61,60,0.0163934
58829,61,60,0.0163934
58831,61,60,0.0163934
58833,61,60,0.0163934
58835,61,60,0.0163934
58837,61,60,0.0163934
58839,61,60,0.0163934
58842,61,60,0.0163934
58844,61,60,0.0163934
58846,61,60,0.0163934
58848,61,60,0.0163934
58856,61,60,0.0163934
58860,61,60,0.0163934
58862,61,60,0.0163934
58865,61,60,0.0163934
58867,61,60,0.0163934
58870,61,60,0.0163934
58873,61,60,0.0163934
58875,61,60,0.0163934
58878,61,60,0.0163934
58880,61,60,0.0163934
58882,61,60,0.0163934
58884,61,60,0.0163934
58887,61,60,0.0163934
58889,61,60,0.0163934
58892,61,60,0.0163934
58897,61,60,0.0163934
58899,61,60,0.0163934
58903,61,60,0.0163934
58905,61,60,0.0163934
58908,61,60,0.0163934
58910,61,60,0.0163934
58912,61,60,0.0163934
58914,61,60,0.0163934
58917,61,60,0.0163934
58919,61,60,0.0163934
58922,61,60,0.0163934
58924,61,60,0.0163934
58927,61,60,0.0163934
58929,61,60,0.0163934
58932,61,60,0.0163934
58934,61,60,0.0163934
58936,61,60,0.0163934
58939,61,60,0.0163934
58942,61,60,0.0163934
58944,61,60,0.0163934
58949,61,60,0.0163934
58951,61,60,0.0163934
58953,61,60,0.0163934
58955,61,60,0.0163934
58958,61,60,0.0163934
58960,61,60,0.0163934
58962,61,60,0.0163934
58965,61,60,0.0163934
58967,61,60,0.0163934
58969,61,60,0.0163934
58973,61,60,0.0163934
58976,61,60,0.0163934
58979,61,60,0.0163934
58981,61,60,0.0163934
58983,61,60,0.0163934
58985,61,60,0.0163934
58988,61,60,0.0163934
58990,61,60,0.0163934
58992,61,60,0.0163934
58994,61,60,0.0163934
58999,61,60,0.0163934
59001,61,60,0.0163934
59003,61,60,0.0163934
59008,61,60,0.0163934
59011,61,60,0.0163934
59013,61,60,0.0163934
59016,61,60,0.0163934
59020,61,60,0.0163934
59023,61,60,0.0163934
59025,61,60,0.0163934
59027,61,60,0.0163934
59030,61,60,0.0163934
59032,61,60,0.0163934
59034,61,60,0.0163934
59037,61,60,0.0163934
59039,61,60,0.0163934
59041,61,60,0.0163934
59043,61,60,0.0163934
59046,61,60,0.0163934
59048,61,60,0.0163934
59052,61,60,0.0163934
59054,61,60,0.0163934
59057,61,60,0.0163934
59059,61,60,0.0163934
59062,61,60,0.0163934
59064,61,60,0.0163934
59066,61,60,0.0163934
59069,61,60,0.0163934
59073,61,60,0.0163934
59077,61,60,0.0163934
59079,61,60,0.0163934
59082,61,60,0.0163934
59084,61,60,0.0163934
59087,61,60,0.0163934
59089,61,60,0.0163934
59092,61,60,0.0163934
59094,61,60,0.0163934
59096,61,60,0.0163934
59098,61,60,0.0163934
59100,61,60,0.0163934
59102,61,60,0.0163934
59105,61,60,0.0163934
59107,61,60,0.0163934
59114,61,60,0.0163934
59116,61,60,0.0163934
59118,61,60,0.0163934
59120,61,60,0.0163934
59123,61,60,0.0163934
59126,61,60,0.0163934
59128,61,60,0.0163934
59130,61,60,0.0163934
59133,61,60,0.0163934
59135,61,60,0.0163934
59138,61,60,0.0163934
59140,61,60,0.0163934
59143,61,60,0.0163934
59145,61,60,0.0163934
59148,61,60,0.0163934
59152,61,60,0.0163934
59155,61,60,0.0163934
59157,61,60,0.0163934
59160,61,60,0.0163934
59162,61,60,0.0163934
59164,61,60,0.0163934
59166,61,60,0.0163934
59169,61,60,0.0163934
59171,61,60,0.0163934
59173,61,60,0.0163934
59175,61,60,0.0163934
59178,61,60,0.0163934
59180,61,60,0.0163934
59182,61,60,0.0163934
59185,61,60,0.0163934
59187,61,60,0.0163934
59190,61,60,0.0163934
59192,61,60,0.0163934
59194,61,60,0.0163934
59196,61,60,0.0163934
59199,61,60,0.0163934
59201,61,60,0.0163934
59203,61,60,0.0163934
59206,61,60,0.0163934
59208,61,60,0.0163934
59210,61,60,0.0163934
59212,61,60,0.0163934
59214,61,60,0.0163934
59217,61,60,0.0163934
59219,61,60,0.0163934
59221,61,60,0.0163934
59223,61,60,0.0163934
59225,61,60,0.0163934
59227,61,60,0.0163934
59229,61,60,0.0163934
59231,61,60,0.0163934
59234,61,60,0.0163934
59236,61,60,0.0163934
59239,61,60,0.0163934
59242,61,60,0.0163934
59245,61,60,0.0163934
59247,61,60,0.0163934
59249,61,60,0.0163934
59252,61,60,0.0163934
59254,61,60,0.0163934
59256,61,60,0.0163934
59262,61,60,0.0163934
59264,61,60,0.0163934
59266,61,60,0.0163934
59268,61,60,0.0163934
59270,61,60,0.0163934
59272,61,60,0.0163934
59274,61,60,0.0163934
59276,61,60,0.0163934
59278,61,60,0.0163934
59280,61,60,0.0163934
59282,61,60,0.0163934
59284,61,60,0.0163934
59286,61,60,0.0163934
59288,61,60,0.0163934
59291,61,60,0.0163934
59294,61,60,0.0163934
59296,61,60,0.0163934
59298,61,60,0.0163934
59300,61,60,0.0163934
59302,61,60,0.0163934
59304,61,60,0.0163934
59306,61,60,0.0163934
59308,61,60,0.0163934
59310,61,60,0.0163934
59312,61,60,0.0163934
59314,61,60,0.0163934
59316,61,60,0.0163934
59320,61,60,0.0163934
59323,61,60,0.0163934
59326,61,60,0.0163934
59328,61,60,0.0163934
59330,61,60,0.0163934
59332,61,60,0.0163934
59335,61,60,0.0163934
59339,61,60,0.0163934
59341,61,60,0.0163934
59343,61,60,0.0163934
59345,61,60,0.0163934
59347,61,60,0.0163934
59349,61,60,0.0163934
59352,61,60,0.0163934
59354,61,60,0.0163934
59356,61,60,0.0163934
59358,61,60,0.0163934
59360,61,60,0.0163934
59362,61,60,0.0163934
59364,61,60,0.0163934
59369,61,60,0.0163934
59371,61,60,0.0163934
59373,61,60,0.0163934
59375,61,60,0.0163934
59377,61,60,0.0163934
59379,61,60,0.0163934
59381,61,60,0.0163934
59383,61,60,0.0163934
59385,61,60,0.0163934
59387,61,60,0.0163934
59389,61,60,0.0163934
59391,61,60,0.0163934
59393,61,60,0.0163934
59395,61,60,0.0163934
59397,61,60,0.0163934
59399,61,60,0.0163934
59401,61,60,0.0163934
59403,61,60,0.0163934
59405,61,60,0.0163934
59407,61,60,0.0163934
59409,61,60,0.0163934
59411,61,60,0.0163934
59413,61,60,0.0163934
59415,61,60,0.0163934
59417,61,60,0.0163934
59418,61,60,0.0163934
59421,61,60,0.0163934
59423,61,60,0.0163934
59425,61,60,0.0163934
59427,61,60,0.0163934
59429,61,60,0.0163934
59431,61,60,0.0163934
59433,61,60,0.0163934
59435,61,60,0.0163934
59437,61,60,0.0163934
59439,61,60,0.0163934
59440,61,60,0.0163934
59443,61,60,0.0163934
59445,61,60,0.0163934
59447,61,60,0.0163934
59450,61,60,0.0163934
59452,61,60,0.0163934
59454,61,60,0.0163934
59456,61,60,0.0163934
59458,61,60,0.0163934
59460,61,60,0.0163934
59463,61,60,0.0163934
59465,61,60,0.0163934
59467,61,60,0.0163934
59470,61,60,0.0163934
59472,61,60,0.0163934
59474,61,60,0.0163934
59477,61,60,0.0163934
59479,61,60,0.0163934
59481,61,60,0.0163934
59483,61,60,0.0163934
59485,61,60,0.0163934
59487,61,60,0.0163934
59489,61,60,0.0163934
59492,61,60,0.0163934
59494,61,60,0.0163934
59496,61,60,0.0163934
59498,61,60,0.0163934
59500,61,60,0.0163934
59502,61,60,0.0163934
59503,61,60,0.0163934
59505,61,60,0.0163934
59507,61,60,0.0163934
59509,61,60,0.0163934
59511,61,60,0.0163934
59512,61,60,0.0163934
59516,61,60,0.0163934
59518,61,60,0.0163934
59519,61,60,0.0163934
59521,61,60,0.0163934
59523,61,60,0.0163934
59525,61,60,0.0163934
59528,61,60,0.0163934
59530,61,60,0.0163934
59532,61,60,0.0163934
59534,61,60,0.0163934
59536,61,60,0.0163934
59538,61,60,0.0163934
59541,61,60,0.0163934
59543,61,60,0.0163934
59545,61,60,0.0163934
59547,61,60,0.0163934
59548,61,60,0.0163934
59550,61,60,0.0163934
59552,61,60,0.0163934
59554,61,60,0.0163934
59556,61,60,0.0163934
59558,61,60,0.0163934
59562,61,60,0.0163934
59564,61,60,0.0163934
59566,61,60,0.0163934
59568,61,60,0.0163934
59570,61,60,0.0163934
59572,61,60,0.0163934
59575,61,60,0.0163934
59577,61,60,0.0163934
59579,61,60,0.0163934
59581,61,60,0.0163934
59583,61,60,0.0163934
59586,61,60,0.0163934
59590,61,60,0.0163934
59592,61,60,0.0163934
59593,61,60,0.0163934
59596,61,60,0.0163934
59599,61,60,0.0163934
59601,61,60,0.0163934
59603,61,60,0.0163934
59605,61,60,0.0163934
59607,61,60,0.0163934
59609,61,60,0.0163934
59614,61,60,0.0163934
59616,61,60,0.0163934
59621,61,60,0.0163934
59623,61,60,0.0163934
59626,61,60,0.0163934
59629,61,60,0.0163934
59632,61,60,0.0163934
59635,61,60,0.0163934
59637,61,60,0.0163934
59640,61,60,0.0163934
59643,61,60,0.0163934
59646,61,60,0.0163934
59648,61,60,0.0163934
59651,61,60,0.0163934
59653,61,60,0.0163934
59656,61,60,0.0163934
59659,61,60,0.0163934
59662,61,60,0.0163934
59664,61,60,0.0163934
59666,61,60,0.0163934
59668,61,60,0.0163934
59674,61,60,0.0163934
59677,61,60,0.0163934
59679,61,60,0.0163934
59681,61,60,0.0163934
59683,61,60,0.0163934
59686,61,60,0.0163934
59688,61,60,0.0163934
59690,61,60,0.0163934
59692,61,60,0.0163934
59695,61,60,0.0163934
59697,61,60,0.0163934
59699,61,60,0.0163934
59701,61,60,0.0163934
59703,61,60,0.0163934
59705,61,60,0.0163934
59707,61,60,0.0163934
59710,61,60,0.0163934
59713,61,60,0.0163934
59715,61,60,0.0163934
59717,61,60,0.0163934
59719,61,60,0.0163934
59721,61,60,0.0163934
59722,61,60,0.0163934
59725,61,60,0.0163934
59727,61,60,0.0163934
59731,61,60,0.0163934
59733,61,60,0.0163934
59734,61,60,0.0163934
59736,61,60,0.0163934
59741,61,60,0.0163934
59743,61,60,0.0163934
59745,61,60,0.0163934
59748,61,60,0.0163934
59751,61,60,0.0163934
59753,61,60,0.0163934
59755,61,60,0.0163934
59757,61,60,0.0163934
59760,61,60,0.0163934
59762,61,60,0.0163934
59765,61,60,0.0163934
59767,61,60,0.0163934
59769,61,60,0.0163934
59771,61,60,0.0163934
59773,61,60,0.0163934
59775,61,60,0.0163934
59778,61,60,0.0163934
59780,61,60,0.0163934
59782,61,60,0.0163934
59784,61,60,0.0163934
59786,61,60,0.0163934
59788,61,60,0.0163934
59793,61,60,0.0163934
59796,61,60,0.0163934
59798,61,60,0.0163934
59800,61,60,0.0163934
59801,61,60,0.0163934
59803,61,60,0.0163934
59805,61,60,0.0163934
59807,61,60,0.0163934
59810,61,60,0.0163934
59811,61,60,0.0163934
59813,61,60,0.0163934
59815,61,60,0.0163934
59817,61,60,0.0163934
59819,61,60,0.0163934
59821,61,60,0.0163934
59822,61,60,0.0163934
59824,61,60,0.0163934
59827,61,60,0.0163934
59829,61,60,0.0163934
59831,61,60,0.0163934
59833,61,60,0.0163934
59835,61,60,0.0163934
59837,61,60,0.0163934
59838,61,60,0.0163934
59840,61,60,0.0163934
59842,61,60,0.0163934
59845,61,60,0.0163934
59847,61,60,0.0163934
59849,61,60,0.0163934
59851,61,60,0.0163934
59854,61,60,0.0163934
59856,61,60,0.0163934
59858,61,60,0.0163934
59861,61,60,0.0163934
59863,61,60,0.0163934
59865,61,60,0.0163934
59867,61,60,0.0163934
59869,61,60,0.0163934
59872,61,60,0.0163934
59874,61,60,0.0163934
59879,61,60,0.0163934
59881,61,60,0.0163934
59883,61,60,0.0163934
59889,61,60,0.0163934
59892,61,60,0.0163934
59897,61,60,0.0163934
59899,61,60,0.0163934
59901,61,60,0.0163934
59903,61,60,0.0163934
59905,61,60,0.0163934
59910,61,60,0.0163934
59913,61,60,0.0163934
59915,61,60,0.0163934
59916,61,60,0.0163934
59918,61,60,0.0163934
59920,61,60,0.0163934
59922,61,60,0.0163934
59924,61,60,0.0163934
59928,61,60,0.0163934
59930,61,60,0.0163934
59932,61,60,0.0163934
59934,61,60,0.0163934
59936,61,60,0.0163934
59938,61,60,0.0163934
59940,61,60,0.0163934
59942,61,60,0.0163934
59944,61,60,0.0163934
59946,61,60,0.0163934
59948,61,60,0.0163934
59951,61,60,0.0163934
59954,61,60,0.0163934
59956,61,60,0.0163934
59958,61,60,0.0163934
59960,61,60,0.0163934
59962,61,60,0.0163934
59966,61,60,0.0163934
59968,61,60,0.0163934
59970,61,60,0.0163934
59972,61,60,0.0163934
59974,61,60,0.0163934
59976,61,60,0.0163934
59978,61,60,0.0163934
59979,61,60,0.0163934
59981,61,60,0.0163934
59983,61,60,0.0163934
59985,61,60,0.0163934
59988,61,60,0.0163934
59991,61,60,0.0163934
59996,61,60,0.0163934
60000,61,60,0.0163934
60456,61,60,0.0163934
