time_ms,ub,lb,gap
7,56,52,0.0714286
7,56,52,0.0714286
8,56,52,0.0714286
8,56,52,0.0714286
9,56,52,0.0714286
10,56,52,0.0714286
10,56,52,0.0714286
10,56,52,0.0714286
11,56,52,0.0714286
12,56,52,0.0714286
12,56,52,0.0714286
13,56,52,0.0714286
13,56,52,0.0714286
14,56,52,0.0714286
15,56,52,0.0714286
15,56,52,0.0714286
16,56,52,0.0714286
16,56,52,0.0714286
17,56,52,0.0714286
18,56,52,0.0714286
19,56,52,0.0714286
20,56,52,0.0714286
21,56,52,0.0714286
21,56,52,0.0714286
22,56,52,0.0714286
22,56,52,0.0714286
23,56,52,0.0714286
23,56,52,0.0714286
24,56,52,0.0714286
25,56,52,0.0714286
25,56,52,0.0714286
26,56,52,0.0714286
26,56,52,0.0714286
27,56,52,0.0714286
27,56,52,0.0714286
27,56,52,0.0714286
28,56,52,0.0714286
28,56,52,0.0714286
29,56,52,0.0714286
30,56,52,0.0714286
31,56,52,0.0714286
32,56,52,0.0714286
33,56,52,0.0714286
33,56,52,0.0714286
34,56,52,0.0714286
35,56,52,0.0714286
36,56,52,0.0714286
37,56,52,0.0714286
38,56,52,0.0714286
38,56,52,0.0714286
39,56,52,0.0714286
39,56,52,0.0714286
40,56,52,0.0714286
40,56,52,0.0714286
41,56,52,0.0714286
41,56,52,0.0714286
42,56,52,0.0714286
42,56,52,0.0714286
43,56,52,0.0714286
43,56,52,0.0714286
44,56,52,0.0714286
44,56,52,0.0714286
45,56,52,0.0714286
45,56,52,0.0714286
46,56,52,0.0714286
47,56,52,0.0714286
48,56,52,0.0714286
48,56,52,0.0714286
49,56,52,0.0714286
49,56,52,0.0714286
50,56,52,0.0714286
51,56,52,0.0714286
51,56,52,0.0714286
52,56,52,0.0714286
53,56,52,0.0714286
53,56,52,0.0714286
54,56,52,0.0714286
55,56,52,0.0714286
55,56,52,0.0714286
56,56,52,0.0714286
56,56,52,0.0714286
57,56,52,0.0714286
57,56,52,0.0714286
58,56,52,0.0714286
58,56,52,0.0714286
59,56,52,0.0714286
60,56,52,0.0714286
60,56,52,0.0714286
61,56,52,0.0714286
61,56,52,0.0714286
62,56,52,0.0714286
63,56,52,0.0714286
64,56,52,0.0714286
65,56,52,0.0714286
65,56,52,0.0714286
66,56,52,0.0714286
66,56,52,0.0714286
67,56,52,0.0714286
68,56,52,0.0714286
68,56,52,0.0714286
69,56,52,0.0714286
69,56,52,0.0714286
70,56,52,0.0714286
71,56,52,0.0714286
72,56,52,0.0714286
72,56,52,0.0714286
73,56,52,0.0714286
74,56,52,0.0714286
74,56,52,0.0714286
75,56,52,0.0714286
76,56,52,0.0714286
76,56,52,0.0714286
77,56,52,0.0714286
78,56,52,0.0714286
78,56,52,0.0714286
79,56,52,0.0714286
79,56,52,0.0714286
80,56,52,0.0714286
81,56,52,0.0714286
82,56,52,0.0714286
82,56,52,0.0714286
83,56,52,0.0714286
84,56,52,0.0714286
85,56,52,0.0714286
86,56,52,0.0714286
86,56,52,0.0714286
87,56,52,0.0714286
88,56,52,0.0714286
89,56,52,0.0714286
89,56,52,0.0714286
90,56,52,0.0714286
90,56,52,0.0714286
91,56,52,0.0714286
92,56,52,0.0714286
92,56,52,0.0714286
93,56,52,0.0714286
93,56,52,0.0714286
94,56,52,0.0714286
94,56,52,0.0714286
95,56,52,0.0714286
96,56,52,0.0714286
96,56,52,0.0714286
97,56,52,0.0714286
98,56,52,0.0714286
98,56,52,0.0714286
99,56,52,0.0714286
99,56,52,0.0714286
100,56,52,0.0714286
101,56,52,0.0714286
101,56,52,0.0714286
102,56,52,0.0714286
103,56,52,0.0714286
104,56,52,0.0714286
105,56,52,0.0714286
105,56,52,0.0714286
106,56,52,0.0714286
107,56,52,0.0714286
107,56,52,0.0714286
108,56,52,0.0714286
108,56,52,0.0714286
109,56,52,0.0714286
110,56,52,0.0714286
110,56,52,0.0714286
111,56,52,0.0714286
112,56,52,0.0714286
112,56,52,0.0714286
113,56,52,0.0714286
114,56,52,0.0714286
114,56,52,0.0714286
115,56,52,0.0714286
116,56,52,0.0714286
117,56,52,0.0714286
118,56,52,0.0714286
119,56,52,0.0714286
119,56,52,0.0714286
120,56,52,0.0714286
121,56,52,0.0714286
122,55,52,0.0545455
122,55,52,0.0545455
122,55,52,0.0545455
122,55,52,0.0545455
123,55,52,0.0545455
123,55,52,0.0545455
123,55,52,0.0545455
123,55,52,0.0545455
123,55,52,0.0545455
124,55,52,0.0545455
124,55,52,0.0545455
124,55,52,0.0545455
125,55,52,0.0545455
125,55,52,0.0545455
125,55,52,0.0545455
126,55,52,0.0545455
126,55,52,0.0545455
127,55,52,0.0545455
127,55,52,0.0545455
128,55,52,0.0545455
128,55,52,0.0545455
129,55,52,0.0545455
129,55,52,0.0545455
130,55,52,0.0545455
130,55,52,0.0545455
131,55,52,0.0545455
131,55,52,0.0545455
132,55,52,0.0545455
132,55,52,0.0545455
133,55,52,0.0545455
133,55,52,0.0545455
134,55,52,0.0545455
134,55,52,0.0545455
135,55,52,0.0545455
135,55,52,0.0545455
136,55,52,0.0545455
136,55,52,0.0545455
137,55,52,0.0545455
137,55,52,0.0545455
138,55,52,0.0545455
138,55,52,0.0545455
139,55,52,0.0545455
139,55,52,0.0545455
140,55,52,0.0545455
140,55,52,0.0545455
141,55,52,0.0545455
142,55,52,0.0545455
142,55,52,0.0545455
143,55,52,0.0545455
143,55,52,0.0545455
144,55,52,0.0545455
144,55,52,0.0545455
145,55,52,0.0545455
145,55,52,0.0545455
146,55,52,0.0545455
147,55,52,0.0545455
148,55,52,0.0545455
149,55,52,0.0545455
150,55,52,0.0545455
151,55,52,0.0545455
152,55,52,0.0545455
153,55,52,0.0545455
154,55,52,0.0545455
155,55,52,0.0545455
156,55,52,0.0545455
156,55,52,0.0545455
157,55,52,0.0545455
158,55,52,0.0545455
159,55,52,0.0545455
160,55,52,0.0545455
161,55,52,0.0545455
161,55,52,0.0545455
162,55,52,0.0545455
163,55,52,0.0545455
164,55,52,0.0545455
164,55,52,0.0545455
165,55,52,0.0545455
166,55,52,0.0545455
166,55,52,0.0545455
167,55,52,0.0545455
168,55,52,0.0545455
169,55,52,0.0545455
170,55,52,0.0545455
171,55,52,0.0545455
171,55,52,0.0545455
172,55,52,0.0545455
173,55,52,0.0545455
173,55,52,0.0545455
174,55,52,0.0545455
174,55,52,0.0545455
175,55,52,0.0545455
175,55,52,0.0545455
176,55,52,0.0545455
176,55,52,0.0545455
177,55,52,0.0545455
177,55,52,0.0545455
178,55,52,0.0545455
178,55,52,0.0545455
179,55,52,0.0545455
180,55,52,0.0545455
181,55,52,0.0545455
182,55,52,0.0545455
182,55,52,0.0545455
183,55,52,0.0545455
184,55,52,0.0545455
185,55,52,0.0545455
186,55,52,0.0545455
186,55,52,0.0545455
187,55,52,0.0545455
188,55,52,0.0545455
188,55,52,0.0545455
189,55,52,0.0545455
190,55,52,0.0545455
190,55,52,0.0545455
191,55,52,0.0545455
191,55,52,0.0545455
192,55,52,0.0545455
192,55,52,0.0545455
193,55,52,0.0545455
193,55,52,0.0545455
194,55,52,0.0545455
194,55,52,0.0545455
195,55,52,0.0545455
195,55,52,0.0545455
196,55,52,0.0545455
196,55,52,0.0545455
197,55,52,0.0545455
198,55,52,0.0545455
198,55,52,0.0545455
199,55,52,0.0545455
200,55,52,0.0545455
200,55,52,0.0545455
201,55,52,0.0545455
201,55,52,0.0545455
202,55,52,0.0545455
203,55,52,0.0545455
203,55,52,0.0545455
204,55,52,0.0545455
205,55,52,0.0545455
205,55,52,0.0545455
206,55,52,0.0545455
207,55,52,0.0545455
207,55,52,0.0545455
208,55,52,0.0545455
208,55,52,0.0545455
209,55,52,0.0545455
209,55,52,0.0545455
210,55,52,0.0545455
211,55,52,0.0545455
211,55,52,0.0545455
212,55,52,0.0545455
213,55,52,0.0545455
214,55,52,0.0545455
215,55,52,0.0545455
216,55,52,0.0545455
216,55,52,0.0545455
217,55,52,0.0545455
218,55,52,0.0545455
219,55,52,0.0545455
220,55,52,0.0545455
221,55,52,0.0545455
222,55,52,0.0545455
223,55,52,0.0545455
224,55,52,0.0545455
224,55,52,0.0545455
225,55,52,0.0545455
226,55,52,0.0545455
226,55,52,0.0545455
227,55,52,0.0545455
228,55,52,0.0545455
229,55,52,0.0545455
230,55,52,0.0545455
230,55,52,0.0545455
231,55,52,0.0545455
232,55,52,0.0545455
233,55,52,0.0545455
234,55,52,0.0545455
235,55,52,0.0545455
236,55,52,0.0545455
237,55,52,0.0545455
239,55,52,0.0545455
240,55,52,0.0545455
241,55,52,0.0545455
241,55,52,0.0545455
242,55,52,0.0545455
243,55,52,0.0545455
244,55,52,0.0545455
244,55,52,0.0545455
245,55,52,0.0545455
246,55,52,0.0545455
247,55,52,0.0545455
248,55,52,0.0545455
249,55,52,0.0545455
250,55,52,0.0545455
252,55,52,0.0545455
252,55,52,0.0545455
253,55,52,0.0545455
254,55,52,0.0545455
255,55,52,0.0545455
256,55,52,0.0545455
257,55,52,0.0545455
258,55,52,0.0545455
258,55,52,0.0545455
259,55,52,0.0545455
259,55,52,0.0545455
260,55,52,0.0545455
261,55,52,0.0545455
262,55,52,0.0545455
263,55,52,0.0545455
264,55,52,0.0545455
266,55,52,0.0545455
267,55,52,0.0545455
269,55,52,0.0545455
270,55,52,0.0545455
272,55,52,0.0545455
272,55,52,0.0545455
273,55,52,0.0545455
274,55,52,0.0545455
275,55,52,0.0545455
276,55,52,0.0545455
277,54,52,0.037037
277,54,52,0.037037
277,54,52,0.037037
278,54,52,0.037037
278,54,52,0.037037
278,54,52,0.037037
278,54,52,0.037037
279,54,52,0.037037
279,54,52,0.037037
280,54,52,0.037037
280,54,52,0.037037
281,54,52,0.037037
282,54,52,0.037037
283,54,52,0.037037
283,54,52,0.037037
284,54,52,0.037037
285,54,52,0.037037
286,54,52,0.037037
287,54,52,0.037037
288,54,52,0.037037
289,54,52,0.037037
289,54,52,0.037037
290,54,52,0.037037
291,54,52,0.037037
291,54,52,0.037037
292,54,52,0.037037
292,54,52,0.037037
293,54,52,0.037037
294,54,52,0.037037
294,54,52,0.037037
295,54,52,0.037037
296,54,52,0.037037
297,54,52,0.037037
298,54,52,0.037037
299,54,52,0.037037
299,54,52,0.037037
300,54,52,0.037037
301,54,52,0.037037
302,54,52,0.037037
302,54,52,0.037037
303,54,52,0.037037
304,54,52,0.037037
306,54,52,0.037037
306,54,52,0.037037
307,54,52,0.037037
308,54,52,0.037037
309,54,52,0.037037
309,54,52,0.037037
310,54,52,0.037037
310,54,52,0.037037
311,54,52,0.037037
312,54,52,0.037037
313,54,52,0.037037
314,54,52,0.037037
314,54,52,0.037037
315,54,52,0.037037
316,54,52,0.037037
317,54,52,0.037037
318,54,52,0.037037
319,54,52,0.037037
320,54,52,0.037037
321,54,52,0.037037
323,54,52,0.037037
324,54,52,0.037037
324,54,52,0.037037
325,54,52,0.037037
326,54,52,0.037037
326,54,52,0.037037
327,54,52,0.037037
328,54,52,0.037037
329,54,52,0.037037
330,54,52,0.037037
331,54,52,0.037037
332,54,52,0.037037
334,54,52,0.037037
335,54,52,0.037037
336,54,52,0.037037
338,54,52,0.037037
339,54,52,0.037037
341,54,52,0.037037
342,54,52,0.037037
342,54,52,0.037037
343,54,52,0.037037
344,54,52,0.037037
345,54,52,0.037037
346,54,52,0.037037
347,54,52,0.037037
348,54,52,0.037037
349,54,52,0.037037
350,54,52,0.037037
351,54,52,0.037037
353,54,52,0.037037
354,54,52,0.037037
356,54,52,0.037037
357,54,52,0.037037
358,54,52,0.037037
359,54,52,0.037037
360,54,52,0.037037
361,54,52,0.037037
362,54,52,0.037037
364,54,52,0.037037
364,54,52,0.037037
365,54,52,0.037037
366,54,52,0.037037
367,54,52,0.037037
369,54,52,0.037037
370,54,52,0.037037
371,54,52,0.037037
373,54,52,0.037037
374,54,52,0.037037
375,54,52,0.037037
375,54,52,0.037037
376,54,52,0.037037
377,54,52,0.037037
378,54,52,0.037037
379,54,52,0.037037
380,54,52,0.037037
381,54,52,0.037037
382,54,52,0.037037
384,54,52,0.037037
385,54,52,0.037037
386,54,52,0.037037
388,54,52,0.037037
389,54,52,0.037037
390,54,52,0.037037
391,54,52,0.037037
392,54,52,0.037037
392,54,52,0.037037
393,54,52,0.037037
394,54,52,0.037037
395,54,52,0.037037
396,54,52,0.037037
397,54,52,0.037037
398,54,52,0.037037
399,54,52,0.037037
400,54,52,0.037037
400,54,52,0.037037
402,54,52,0.037037
403,54,52,0.037037
404,54,52,0.037037
406,54,52,0.037037
406,54,52,0.037037
407,54,52,0.037037
408,54,52,0.037037
409,54,52,0.037037
410,54,52,0.037037
411,54,52,0.037037
411,54,52,0.037037
412,54,52,0.037037
413,54,52,0.037037
414,54,52,0.037037
415,54,52,0.037037
416,54,52,0.037037
417,54,52,0.037037
418,54,52,0.037037
419,54,52,0.037037
421,54,52,0.037037
422,54,52,0.037037
423,54,52,0.037037
425,54,52,0.037037
425,54,52,0.037037
426,54,52,0.037037
427,54,52,0.037037
428,54,52,0.037037
430,54,52,0.037037
431,54,52,0.037037
432,54,52,0.037037
432,54,52,0.037037
434,54,52,0.037037
435,54,52,0.037037
436,54,52,0.037037
437,54,52,0.037037
439,54,52,0.037037
440,54,52,0.037037
441,54,52,0.037037
442,54,52,0.037037
443,54,52,0.037037
444,54,52,0.037037
446,54,52,0.037037
447,54,52,0.037037
448,54,52,0.037037
449,54,52,0.037037
450,54,52,0.037037
451,54,52,0.037037
453,54,52,0.037037
453,54,52,0.037037
455,54,52,0.037037
456,54,52,0.037037
457,54,52,0.037037
458,54,52,0.037037
459,54,52,0.037037
460,54,52,0.037037
461,54,52,0.037037
462,54,52,0.037037
464,54,52,0.037037
465,54,52,0.037037
466,54,52,0.037037
467,54,52,0.037037
468,54,52,0.037037
470,54,52,0.037037
471,54,52,0.037037
472,54,52,0.037037
473,54,52,0.037037
474,54,52,0.037037
475,54,52,0.037037
475,54,52,0.037037
476,54,52,0.037037
477,54,52,0.037037
478,54,52,0.037037
478,54,52,0.037037
480,54,52,0.037037
481,54,52,0.037037
482,54,52,0.037037
483,54,52,0.037037
484,54,52,0.037037
485,54,52,0.037037
486,54,52,0.037037
487,54,52,0.037037
489,54,52,0.037037
490,54,52,0.037037
491,54,52,0.037037
492,54,52,0.037037
493,54,52,0.037037
494,54,52,0.037037
495,54,52,0.037037
496,54,52,0.037037
497,54,52,0.037037
498,54,52,0.037037
499,54,52,0.037037
500,54,52,0.037037
501,54,52,0.037037
502,54,52,0.037037
503,54,52,0.037037
504,54,52,0.037037
506,54,52,0.037037
507,54,52,0.037037
508,54,52,0.037037
509,54,52,0.037037
510,54,52,0.037037
510,54,52,0.037037
511,54,52,0.037037
512,54,52,0.037037
513,54,52,0.037037
514,54,52,0.037037
516,54,52,0.037037
516,54,52,0.037037
517,54,52,0.037037
518,54,52,0.037037
519,54,52,0.037037
520,54,52,0.037037
521,54,52,0.037037
522,54,52,0.037037
523,54,52,0.037037
524,54,52,0.037037
524,54,52,0.037037
525,54,52,0.037037
526,54,52,0.037037
527,54,52,0.037037
527,54,52,0.037037
528,54,52,0.037037
529,54,52,0.037037
530,54,52,0.037037
531,54,52,0.037037
531,54,52,0.037037
532,54,52,0.037037
533,54,52,0.037037
534,54,52,0.037037
535,54,52,0.037037
535,54,52,0.037037
536,54,52,0.037037
537,54,52,0.037037
538,54,52,0.037037
539,54,52,0.037037
540,54,52,0.037037
541,54,52,0.037037
542,54,52,0.037037
542,54,52,0.037037
543,54,52,0.037037
544,54,52,0.037037
545,54,52,0.037037
545,54,52,0.037037
546,54,52,0.037037
547,54,52,0.037037
548,54,52,0.037037
548,54,52,0.037037
549,54,52,0.037037
550,54,52,0.037037
551,54,52,0.037037
552,54,52,0.037037
553,54,52,0.037037
555,54,52,0.037037
556,54,52,0.037037
556,54,52,0.037037
557,54,52,0.037037
559,54,52,0.037037
559,54,52,0.037037
560,54,52,0.037037
561,54,52,0.037037
562,54,52,0.037037
564,54,52,0.037037
564,54,52,0.037037
565,54,52,0.037037
567,54,52,0.037037
567,54,52,0.037037
568,54,52,0.037037
569,54,52,0.037037
571,54,52,0.037037
573,54,52,0.037037
574,54,52,0.037037
574,54,52,0.037037
575,54,52,0.037037
576,54,52,0.037037
577,54,52,0.037037
578,54,52,0.037037
578,54,52,0.037037
579,54,52,0.037037
580,54,52,0.037037
581,54,52,0.037037
582,54,52,0.037037
584,54,52,0.037037
585,54,52,0.037037
587,54,52,0.037037
588,54,52,0.037037
589,54,52,0.037037
590,54,52,0.037037
591,54,52,0.037037
592,54,52,0.037037
593,54,52,0.037037
594,54,52,0.037037
595,54,52,0.037037
596,54,52,0.037037
597,54,52,0.037037
598,54,52,0.037037
599,54,52,0.037037
600,54,52,0.037037
601,54,52,0.037037
601,54,52,0.037037
602,54,52,0.037037
603,54,52,0.037037
604,54,52,0.037037
605,54,52,0.037037
606,54,52,0.037037
607,54,52,0.037037
608,54,52,0.037037
609,54,52,0.037037
609,54,52,0.037037
610,54,52,0.037037
611,54,52,0.037037
612,54,52,0.037037
613,54,52,0.037037
614,54,52,0.037037
615,54,52,0.037037
616,54,52,0.037037
616,54,52,0.037037
617,54,52,0.037037
618,54,52,0.037037
619,54,52,0.037037
621,54,52,0.037037
622,54,52,0.037037
623,54,52,0.037037
624,54,52,0.037037
625,54,52,0.037037
625,54,52,0.037037
626,54,52,0.037037
627,54,52,0.037037
628,54,52,0.037037
629,54,52,0.037037
630,54,52,0.037037
631,54,52,0.037037
632,54,52,0.037037
633,54,52,0.037037
634,54,52,0.037037
635,54,52,0.037037
636,54,52,0.037037
637,54,52,0.037037
638,54,52,0.037037
639,54,52,0.037037
640,54,52,0.037037
641,54,52,0.037037
642,54,52,0.037037
643,54,52,0.037037
643,54,52,0.037037
644,54,52,0.037037
645,54,52,0.037037
646,54,52,0.037037
647,54,52,0.037037
648,54,52,0.037037
649,54,52,0.037037
650,54,52,0.037037
652,54,52,0.037037
653,54,52,0.037037
655,54,52,0.037037
656,54,52,0.037037
657,54,52,0.037037
658,54,52,0.037037
659,54,52,0.037037
660,54,52,0.037037
661,54,52,0.037037
663,54,52,0.037037
664,54,52,0.037037
665,54,52,0.037037
667,54,52,0.037037
668,54,52,0.037037
669,54,52,0.037037
670,54,52,0.037037
672,54,52,0.037037
673,54,52,0.037037
674,54,52,0.037037
675,54,52,0.037037
676,54,52,0.037037
677,54,52,0.037037
678,54,52,0.037037
679,54,52,0.037037
681,54,52,0.037037
683,54,52,0.037037
683,54,52,0.037037
684,54,52,0.037037
686,54,52,0.037037
686,54,52,0.037037
688,54,52,0.037037
689,54,52,0.037037
691,54,52,0.037037
692,54,52,0.037037
693,54,52,0.037037
694,54,52,0.037037
694,54,52,0.037037
696,54,52,0.037037
697,54,52,0.037037
698,54,52,0.037037
699,54,52,0.037037
700,54,52,0.037037
701,54,52,0.037037
703,54,52,0.037037
704,54,52,0.037037
706,54,52,0.037037
707,54,52,0.037037
708,54,52,0.037037
709,54,52,0.037037
710,54,52,0.037037
711,54,52,0.037037
713,54,52,0.037037
714,54,52,0.037037
716,54,52,0.037037
717,54,52,0.037037
718,54,52,0.037037
719,54,52,0.037037
721,54,52,0.037037
722,54,52,0.037037
724,54,52,0.037037
725,54,52,0.037037
726,54,52,0.037037
727,54,52,0.037037
728,54,52,0.037037
729,54,52,0.037037
730,54,52,0.037037
731,54,52,0.037037
732,54,52,0.037037
734,54,52,0.037037
735,54,52,0.037037
736,54,52,0.037037
737,54,52,0.037037
739,54,52,0.037037
741,54,52,0.037037
742,54,52,0.037037
743,54,52,0.037037
744,54,52,0.037037
745,54,52,0.037037
747,54,52,0.037037
748,54,52,0.037037
750,54,52,0.037037
752,54,52,0.037037
753,54,52,0.037037
755,54,52,0.037037
756,54,52,0.037037
758,54,52,0.037037
759,54,52,0.037037
760,54,52,0.037037
761,54,52,0.037037
762,54,52,0.037037
763,54,52,0.037037
764,54,52,0.037037
765,54,52,0.037037
766,54,52,0.037037
767,54,52,0.037037
768,54,52,0.037037
770,54,52,0.037037
771,54,52,0.037037
773,54,52,0.037037
774,54,52,0.037037
775,54,52,0.037037
776,54,52,0.037037
777,54,52,0.037037
778,54,52,0.037037
779,54,52,0.037037
780,54,52,0.037037
781,54,52,0.037037
782,54,52,0.037037
783,54,52,0.037037
785,54,52,0.037037
786,54,52,0.037037
788,54,52,0.037037
789,54,52,0.037037
790,54,52,0.037037
791,54,52,0.037037
792,54,52,0.037037
794,54,52,0.037037
795,54,52,0.037037
796,54,52,0.037037
797,54,52,0.037037
798,54,52,0.037037
799,54,52,0.037037
801,54,52,0.037037
803,54,52,0.037037
805,54,52,0.037037
806,54,52,0.037037
808,54,52,0.037037
809,54,52,0.037037
810,54,52,0.037037
810,54,52,0.037037
811,54,52,0.037037
813,54,52,0.037037
814,54,52,0.037037
815,54,52,0.037037
816,54,52,0.037037
817,54,52,0.037037
818,54,52,0.037037
819,54,52,0.037037
823,54,52,0.037037
823,54,52,0.037037
825,54,52,0.037037
826,54,52,0.037037
826,54,52,0.037037
827,54,52,0.037037
828,54,52,0.037037
830,54,52,0.037037
831,54,52,0.037037
833,54,52,0.037037
834,54,52,0.037037
836,54,52,0.037037
837,54,52,0.037037
840,54,52,0.037037
841,54,52,0.037037
841,54,52,0.037037
843,54,52,0.037037
843,54,52,0.037037
844,54,52,0.037037
846,54,52,0.037037
847,54,52,0.037037
848,54,52,0.037037
849,54,52,0.037037
850,54,52,0.037037
851,54,52,0.037037
853,54,52,0.037037
855,54,52,0.037037
856,54,52,0.037037
857,54,52,0.037037
858,54,52,0.037037
860,54,52,0.037037
861,54,52,0.037037
862,54,52,0.037037
865,54,52,0.037037
866,54,52,0.037037
867,54,52,0.037037
869,54,52,0.037037
871,54,52,0.037037
873,54,52,0.037037
874,54,52,0.037037
875,54,52,0.037037
876,54,52,0.037037
877,54,52,0.037037
878,54,52,0.037037
880,54,52,0.037037
881,54,52,0.037037
882,54,52,0.037037
883,54,52,0.037037
884,54,52,0.037037
885,54,52,0.037037
887,54,52,0.037037
889,54,52,0.037037
890,54,52,0.037037
891,54,52,0.037037
892,54,52,0.037037
894,54,52,0.037037
895,54,52,0.037037
897,54,52,0.037037
899,54,52,0.037037
900,54,52,0.037037
902,54,52,0.037037
904,54,52,0.037037
906,54,52,0.037037
907,54,52,0.037037
909,54,52,0.037037
910,54,52,0.037037
911,54,52,0.037037
912,54,52,0.037037
914,54,52,0.037037
915,54,52,0.037037
916,54,52,0.037037
917,54,52,0.037037
918,54,52,0.037037
921,54,52,0.037037
923,54,52,0.037037
924,54,52,0.037037
925,54,52,0.037037
926,54,52,0.037037
926,54,52,0.037037
927,54,52,0.037037
928,54,52,0.037037
930,54,52,0.037037
931,54,52,0.037037
932,54,52,0.037037
934,54,52,0.037037
935,54,52,0.037037
936,54,52,0.037037
937,54,52,0.037037
939,54,52,0.037037
940,54,52,0.037037
941,54,52,0.037037
942,54,52,0.037037
943,54,52,0.037037
944,54,52,0.037037
945,54,52,0.037037
946,54,52,0.037037
948,54,52,0.037037
949,54,52,0.037037
950,54,52,0.037037
951,54,52,0.037037
952,54,52,0.037037
954,54,52,0.037037
955,54,52,0.037037
957,54,52,0.037037
958,54,52,0.037037
958,54,52,0.037037
959,54,52,0.037037
960,54,52,0.037037
961,54,52,0.037037
962,54,52,0.037037
964,54,52,0.037037
965,54,52,0.037037
967,54,52,0.037037
968,54,52,0.037037
970,54,52,0.037037
971,54,52,0.037037
973,54,52,0.037037
974,54,52,0.037037
975,54,52,0.037037
975,54,52,0.037037
976,54,52,0.037037
978,54,52,0.037037
979,54,52,0.037037
980,54,52,0.037037
982,54,52,0.037037
984,54,52,0.037037
985,54,52,0.037037
986,54,52,0.037037
988,54,52,0.037037
990,54,52,0.037037
991,54,52,0.037037
992,54,52,0.037037
993,54,52,0.037037
994,54,52,0.037037
995,54,52,0.037037
997,54,52,0.037037
999,54,52,0.037037
1000,54,52,0.037037
1001,54,52,0.037037
1002,54,52,0.037037
1004,54,52,0.037037
1006,54,52,0.037037
1007,54,52,0.037037
1008,54,52,0.037037
1009,54,52,0.037037
1010,54,52,0.037037
1011,54,52,0.037037
1012,54,52,0.037037
1014,54,52,0.037037
1015,54,52,0.037037
1016,54,52,0.037037
1018,54,52,0.037037
1019,54,52,0.037037
1021,54,52,0.037037
1022,54,52,0.037037
1024,54,52,0.037037
1025,54,52,0.037037
1026,54,52,0.037037
1027,54,52,0.037037
1028,54,52,0.037037
1029,54,52,0.037037
1030,54,52,0.037037
1032,54,52,0.037037
1033,54,52,0.037037
1034,54,52,0.037037
1036,54,52,0.037037
1038,54,52,0.037037
1040,54,52,0.037037
1041,54,52,0.037037
1042,54,52,0.037037
1043,54,52,0.037037
1044,54,52,0.037037
1045,54,52,0.037037
1047,54,52,0.037037
1048,54,52,0.037037
1050,54,52,0.037037
1051,54,52,0.037037
1052,54,52,0.037037
1054,54,52,0.037037
1056,54,52,0.037037
1058,54,52,0.037037
1059,54,52,0.037037
1060,54,52,0.037037
1061,54,52,0.037037
1063,54,52,0.037037
1065,54,52,0.037037
1066,54,52,0.037037
1068,54,52,0.037037
1070,54,52,0.037037
1072,54,52,0.037037
1074,54,52,0.037037
1075,54,52,0.037037
1076,54,52,0.037037
1077,54,52,0.037037
1078,54,52,0.037037
1080,54,52,0.037037
1081,54,52,0.037037
1082,54,52,0.037037
1083,54,52,0.037037
1084,54,52,0.037037
1085,54,52,0.037037
1086,54,52,0.037037
1087,54,52,0.037037
1089,54,52,0.037037
1090,54,52,0.037037
1091,54,52,0.037037
1092,54,52,0.037037
1093,54,52,0.037037
1094,54,52,0.037037
1095,54,52,0.037037
1097,54,52,0.037037
1097,54,52,0.037037
1099,54,52,0.037037
1100,54,52,0.037037
1101,54,52,0.037037
1103,54,52,0.037037
1104,54,52,0.037037
1106,54,52,0.037037
1108,54,52,0.037037
1109,54,52,0.037037
1110,54,52,0.037037
1111,54,52,0.037037
1113,54,52,0.037037
1114,54,52,0.037037
1115,54,52,0.037037
1117,54,52,0.037037
1118,54,52,0.037037
1120,54,52,0.037037
1121,54,52,0.037037
1122,54,52,0.037037
1124,54,52,0.037037
1125,54,52,0.037037
1126,54,52,0.037037
1127,54,52,0.037037
1128,54,52,0.037037
1129,54,52,0.037037
1131,54,52,0.037037
1132,54,52,0.037037
1133,54,52,0.037037
1134,54,52,0.037037
1135,54,52,0.037037
1137,54,52,0.037037
1139,54,52,0.037037
1141,54,52,0.037037
1142,54,52,0.037037
1143,54,52,0.037037
1144,54,52,0.037037
1145,54,52,0.037037
1147,54,52,0.037037
1148,54,52,0.037037
1149,54,52,0.037037
1151,54,52,0.037037
1152,54,52,0.037037
1154,54,52,0.037037
1156,54,52,0.037037
1157,54,52,0.037037
1158,54,52,0.037037
1159,54,52,0.037037
1160,54,52,0.037037
1161,54,52,0.037037
1162,54,52,0.037037
1164,54,52,0.037037
1166,54,52,0.037037
1167,54,52,0.037037
1167,54,52,0.037037
1169,54,52,0.037037
1170,54,52,0.037037
1171,54,52,0.037037
1172,54,52,0.037037
1174,54,52,0.037037
1175,54,52,0.037037
1176,54,52,0.037037
1177,54,52,0.037037
1178,54,52,0.037037
1180,54,52,0.037037
1181,54,52,0.037037
1183,54,52,0.037037
1184,54,52,0.037037
1185,54,52,0.037037
1187,54,52,0.037037
1189,54,52,0.037037
1191,54,52,0.037037
1191,54,52,0.037037
1192,54,52,0.037037
1193,54,52,0.037037
1194,54,52,0.037037
1196,54,52,0.037037
1198,54,52,0.037037
1200,54,52,0.037037
1201,54,52,0.037037
1202,54,52,0.037037
1203,54,52,0.037037
1205,54,52,0.037037
1208,54,52,0.037037
1209,54,52,0.037037
1210,54,52,0.037037
1211,54,52,0.037037
1212,54,52,0.037037
1214,54,52,0.037037
1215,54,52,0.037037
1217,54,52,0.037037
1218,54,52,0.037037
1220,54,52,0.037037
1222,54,52,0.037037
1223,54,52,0.037037
1225,54,52,0.037037
1226,54,52,0.037037
1227,54,52,0.037037
1228,54,52,0.037037
1229,54,52,0.037037
1230,54,52,0.037037
1231,54,52,0.037037
1232,54,52,0.037037
1233,54,52,0.037037
1234,54,52,0.037037
1235,54,52,0.037037
1237,54,52,0.037037
1237,54,52,0.037037
1239,54,52,0.037037
1240,54,52,0.037037
1241,54,52,0.037037
1241,54,52,0.037037
1242,54,52,0.037037
1243,54,52,0.037037
1245,54,52,0.037037
1246,54,52,0.037037
1247,54,52,0.037037
1248,54,52,0.037037
1249,54,52,0.037037
1250,54,52,0.037037
1251,54,52,0.037037
1253,54,52,0.037037
1254,54,52,0.037037
1255,54,52,0.037037
1256,54,52,0.037037
1257,54,52,0.037037
1258,54,52,0.037037
1259,54,52,0.037037
1260,54,52,0.037037
1261,54,52,0.037037
1262,54,52,0.037037
1263,54,52,0.037037
1264,54,52,0.037037
1265,54,52,0.037037
1266,54,52,0.037037
1267,54,52,0.037037
1269,54,52,0.037037
1270,54,52,0.037037
1271,54,52,0.037037
1273,54,52,0.037037
1274,54,52,0.037037
1275,54,52,0.037037
1276,54,52,0.037037
1277,54,52,0.037037
1278,54,52,0.037037
1279,54,52,0.037037
1280,54,52,0.037037
1282,54,52,0.037037
1283,54,52,0.037037
1284,54,52,0.037037
1286,54,52,0.037037
1287,54,52,0.037037
1289,54,52,0.037037
1290,54,52,0.037037
1291,54,52,0.037037
1292,54,52,0.037037
1293,54,52,0.037037
1294,54,52,0.037037
1295,54,52,0.037037
1296,54,52,0.037037
1297,54,52,0.037037
1298,54,52,0.037037
1299,54,52,0.037037
1301,54,52,0.037037
1302,54,52,0.037037
1303,54,52,0.037037
1304,54,52,0.037037
1305,54,52,0.037037
1306,54,52,0.037037
1307,54,52,0.037037
1309,54,52,0.037037
1310,54,52,0.037037
1311,54,52,0.037037
1311,54,52,0.037037
1313,54,52,0.037037
1314,54,52,0.037037
1315,54,52,0.037037
1316,54,52,0.037037
1317,54,52,0.037037
1318,54,52,0.037037
1319,54,52,0.037037
1320,54,52,0.037037
1321,54,52,0.037037
1323,54,52,0.037037
1324,54,52,0.037037
1325,54,52,0.037037
1326,54,52,0.037037
1328,54,52,0.037037
1329,54,52,0.037037
1330,54,52,0.037037
1331,54,52,0.037037
1332,54,52,0.037037
1334,54,52,0.037037
1336,54,52,0.037037
1339,54,52,0.037037
1340,54,52,0.037037
1342,54,52,0.037037
1343,54,52,0.037037
1344,54,52,0.037037
1346,54,52,0.037037
1348,54,52,0.037037
1349,54,52,0.037037
1351,54,52,0.037037
1354,54,52,0.037037
1356,54,52,0.037037
1357,54,52,0.037037
1358,54,52,0.037037
1359,54,52,0.037037
1360,54,52,0.037037
1362,54,52,0.037037
1363,54,52,0.037037
1365,54,52,0.037037
1366,54,52,0.037037
1367,54,52,0.037037
1369,54,52,0.037037
1370,54,52,0.037037
1372,54,52,0.037037
1374,54,52,0.037037
1376,54,52,0.037037
1377,54,52,0.037037
1378,54,52,0.037037
1380,54,52,0.037037
1382,54,52,0.037037
1383,54,52,0.037037
1385,54,52,0.037037
1386,54,52,0.037037
1388,54,52,0.037037
1390,54,52,0.037037
1391,54,52,0.037037
1393,54,52,0.037037
1394,54,52,0.037037
1395,54,52,0.037037
1397,54,52,0.037037
1398,54,52,0.037037
1399,54,52,0.037037
1401,54,52,0.037037
1403,54,52,0.037037
1405,54,52,0.037037
1407,54,52,0.037037
1408,54,52,0.037037
1409,54,52,0.037037
1410,54,52,0.037037
1411,54,52,0.037037
1412,54,52,0.037037
1413,54,52,0.037037
1415,54,52,0.037037
1416,54,52,0.037037
1417,54,52,0.037037
1420,54,52,0.037037
1422,54,52,0.037037
1423,54,52,0.037037
1424,54,52,0.037037
1425,54,52,0.037037
1426,54,52,0.037037
1427,54,52,0.037037
1428,54,52,0.037037
1429,54,52,0.037037
1430,54,52,0.037037
1431,54,52,0.037037
1432,54,52,0.037037
1433,54,52,0.037037
1434,54,52,0.037037
1436,54,52,0.037037
1437,54,52,0.037037
1439,54,52,0.037037
1440,54,52,0.037037
1441,54,52,0.037037
1442,54,52,0.037037
1443,54,52,0.037037
1444,54,52,0.037037
1445,54,52,0.037037
1446,54,52,0.037037
1447,54,52,0.037037
1448,54,52,0.037037
1449,54,52,0.037037
1450,54,52,0.037037
1451,54,52,0.037037
1452,54,52,0.037037
1453,54,52,0.037037
1454,54,52,0.037037
1456,54,52,0.037037
1457,54,52,0.037037
1457,54,52,0.037037
1458,54,52,0.037037
1459,54,52,0.037037
1460,54,52,0.037037
1461,54,52,0.037037
1462,54,52,0.037037
1463,54,52,0.037037
1464,54,52,0.037037
1465,54,52,0.037037
1466,54,52,0.037037
1467,54,52,0.037037
1468,54,52,0.037037
1469,54,52,0.037037
1470,54,52,0.037037
1472,54,52,0.037037
1473,54,52,0.037037
1474,54,52,0.037037
1474,54,52,0.037037
1475,54,52,0.037037
1476,54,52,0.037037
1477,54,52,0.037037
1478,54,52,0.037037
1479,54,52,0.037037
1480,54,52,0.037037
1482,54,52,0.037037
1483,54,52,0.037037
1484,54,52,0.037037
1485,54,52,0.037037
1486,54,52,0.037037
1487,54,52,0.037037
1488,54,52,0.037037
1489,54,52,0.037037
1490,54,52,0.037037
1491,54,52,0.037037
1492,54,52,0.037037
1493,54,52,0.037037
1494,54,52,0.037037
1495,54,52,0.037037
1496,54,52,0.037037
1498,54,52,0.037037
1500,54,52,0.037037
1502,54,52,0.037037
1504,54,52,0.037037
1505,54,52,0.037037
1506,54,52,0.037037
1507,54,52,0.037037
1508,54,52,0.037037
1509,54,52,0.037037
1510,54,52,0.037037
1511,54,52,0.037037
1512,54,52,0.037037
1514,54,52,0.037037
1515,54,52,0.037037
1516,54,52,0.037037
1518,54,52,0.037037
1519,54,52,0.037037
1521,54,52,0.037037
1522,54,52,0.037037
1524,54,52,0.037037
1525,54,52,0.037037
1526,54,52,0.037037
1527,54,52,0.037037
1528,54,52,0.037037
1529,54,52,0.037037
1531,54,52,0.037037
1532,54,52,0.037037
1533,54,52,0.037037
1534,54,52,0.037037
1535,54,52,0.037037
1538,54,52,0.037037
1540,54,52,0.037037
1541,54,52,0.037037
1542,54,52,0.037037
1543,54,52,0.037037
1544,54,52,0.037037
1545,54,52,0.037037
1547,54,52,0.037037
1548,54,52,0.037037
1549,54,52,0.037037
1551,54,52,0.037037
1552,54,52,0.037037
1554,54,52,0.037037
1556,54,52,0.037037
1557,54,52,0.037037
1558,54,52,0.037037
1559,54,52,0.037037
1560,54,52,0.037037
1561,54,52,0.037037
1562,54,52,0.037037
1563,54,52,0.037037
1565,54,52,0.037037
1567,54,52,0.037037
1568,54,52,0.037037
1569,54,52,0.037037
1572,54,52,0.037037
1574,54,52,0.037037
1575,54,52,0.037037
1576,54,52,0.037037
1577,54,52,0.037037
1579,54,52,0.037037
1581,54,52,0.037037
1582,54,52,0.037037
1584,54,52,0.037037
1585,54,52,0.037037
1587,54,52,0.037037
1590,54,52,0.037037
1591,54,52,0.037037
1592,54,52,0.037037
1594,54,52,0.037037
1595,54,52,0.037037
1597,54,52,0.037037
1598,54,52,0.037037
1600,54,52,0.037037
1601,54,52,0.037037
1602,54,52,0.037037
1604,54,52,0.037037
1606,54,52,0.037037
1607,54,52,0.037037
1608,54,52,0.037037
1610,54,52,0.037037
1611,54,52,0.037037
1613,54,52,0.037037
1614,54,52,0.037037
1616,54,52,0.037037
1617,54,52,0.037037
1619,54,52,0.037037
1620,54,52,0.037037
1623,54,52,0.037037
1624,54,52,0.037037
1626,54,52,0.037037
1627,54,52,0.037037
1628,54,52,0.037037
1629,54,52,0.037037
1630,54,52,0.037037
1632,54,52,0.037037
1633,54,52,0.037037
1634,54,52,0.037037
1636,54,52,0.037037
1638,54,52,0.037037
1640,54,52,0.037037
1642,54,52,0.037037
1643,54,52,0.037037
1644,54,52,0.037037
1645,54,52,0.037037
1647,54,52,0.037037
1649,54,52,0.037037
1650,54,52,0.037037
1652,54,52,0.037037
1653,54,52,0.037037
1655,54,52,0.037037
1656,54,52,0.037037
1657,54,52,0.037037
1658,54,52,0.037037
1659,54,52,0.037037
1661,54,52,0.037037
1662,54,52,0.037037
1664,54,52,0.037037
1665,54,52,0.037037
1666,54,52,0.037037
1668,54,52,0.037037
1669,54,52,0.037037
1671,54,52,0.037037
1673,54,52,0.037037
1674,54,52,0.037037
1675,54,52,0.037037
1676,54,52,0.037037
1677,54,52,0.037037
1678,54,52,0.037037
1681,54,52,0.037037
1682,54,52,0.037037
1683,54,52,0.037037
1684,54,52,0.037037
1686,54,52,0.037037
1687,54,52,0.037037
1688,54,52,0.037037
1690,54,52,0.037037
1691,54,52,0.037037
1692,54,52,0.037037
1693,54,52,0.037037
1694,54,52,0.037037
1696,54,52,0.037037
1697,54,52,0.037037
1699,54,52,0.037037
1700,54,52,0.037037
1701,54,52,0.037037
1703,54,52,0.037037
1704,54,52,0.037037
1706,54,52,0.037037
1707,54,52,0.037037
1708,54,52,0.037037
1710,54,52,0.037037
1711,54,52,0.037037
1712,54,52,0.037037
1714,54,52,0.037037
1716,54,52,0.037037
1717,54,52,0.037037
1719,54,52,0.037037
1720,54,52,0.037037
1722,54,52,0.037037
1724,54,52,0.037037
1725,54,52,0.037037
1726,54,52,0.037037
1727,54,52,0.037037
1728,54,52,0.037037
1730,54,52,0.037037
1732,54,52,0.037037
1733,54,52,0.037037
1734,54,52,0.037037
1736,54,52,0.037037
1737,54,52,0.037037
1740,54,52,0.037037
1741,54,52,0.037037
1743,54,52,0.037037
1744,54,52,0.037037
1745,54,52,0.037037
1747,54,52,0.037037
1748,54,52,0.037037
1749,54,52,0.037037
1751,54,52,0.037037
1752,54,52,0.037037
1754,54,52,0.037037
1756,54,52,0.037037
1757,54,52,0.037037
1758,54,52,0.037037
1759,54,52,0.037037
1760,54,52,0.037037
1761,54,52,0.037037
1762,54,52,0.037037
1764,54,52,0.037037
1766,54,52,0.037037
1768,54,52,0.037037
1770,54,52,0.037037
1773,54,52,0.037037
1774,54,52,0.037037
1775,54,52,0.037037
1776,54,52,0.037037
1778,54,52,0.037037
1779,54,52,0.037037
1780,54,52,0.037037
1782,54,52,0.037037
1783,54,52,0.037037
1785,54,52,0.037037
1787,54,52,0.037037
1789,54,52,0.037037
1790,54,52,0.037037
1792,54,52,0.037037
1793,54,52,0.037037
1794,54,52,0.037037
1795,54,52,0.037037
1797,54,52,0.037037
1798,54,52,0.037037
1799,54,52,0.037037
1801,54,52,0.037037
1803,54,52,0.037037
1804,54,52,0.037037
1806,54,52,0.037037
1807,54,52,0.037037
1808,54,52,0.037037
1809,54,52,0.037037
1811,54,52,0.037037
1812,54,52,0.037037
1814,54,52,0.037037
1815,54,52,0.037037
1817,54,52,0.037037
1819,54,52,0.037037
1820,54,52,0.037037
1822,54,52,0.037037
1823,54,52,0.037037
1824,54,52,0.037037
1825,54,52,0.037037
1827,54,52,0.037037
1828,54,52,0.037037
1829,54,52,0.037037
1830,54,52,0.037037
1831,54,52,0.037037
1833,54,52,0.037037
1834,54,52,0.037037
1836,54,52,0.037037
1837,54,52,0.037037
1839,54,52,0.037037
1840,54,52,0.037037
1841,54,52,0.037037
1842,54,52,0.037037
1843,54,52,0.037037
1844,54,52,0.037037
1845,54,52,0.037037
1847,54,52,0.037037
1849,54,52,0.037037
1850,54,52,0.037037
1852,54,52,0.037037
1853,54,52,0.037037
1854,54,52,0.037037
1855,54,52,0.037037
1856,54,52,0.037037
1857,54,52,0.037037
1858,54,52,0.037037
1859,54,52,0.037037
1860,54,52,0.037037
1861,54,52,0.037037
1862,54,52,0.037037
1863,54,52,0.037037
1864,54,52,0.037037
1865,54,52,0.037037
1867,54,52,0.037037
1869,54,52,0.037037
1871,54,52,0.037037
1872,54,52,0.037037
1873,54,52,0.037037
1874,54,52,0.037037
1875,54,52,0.037037
1876,54,52,0.037037
1877,54,52,0.037037
1877,54,52,0.037037
1879,54,52,0.037037
1880,54,52,0.037037
1882,54,52,0.037037
1883,54,52,0.037037
1885,54,52,0.037037
1886,54,52,0.037037
1887,54,52,0.037037
1888,54,52,0.037037
1889,54,52,0.037037
1890,54,52,0.037037
1891,54,52,0.037037
1892,54,52,0.037037
1892,54,52,0.037037
1893,54,52,0.037037
1894,54,52,0.037037
1896,54,52,0.037037
1897,54,52,0.037037
1899,54,52,0.037037
1901,54,52,0.037037
1903,54,52,0.037037
1906,54,52,0.037037
1907,54,52,0.037037
1907,54,52,0.037037
1909,54,52,0.037037
1910,54,52,0.037037
1910,54,52,0.037037
1911,54,52,0.037037
1913,54,52,0.037037
1914,54,52,0.037037
1915,54,52,0.037037
1917,54,52,0.037037
1918,54,52,0.037037
1920,54,52,0.037037
1922,54,52,0.037037
1923,54,52,0.037037
1924,54,52,0.037037
1925,54,52,0.037037
1926,54,52,0.037037
1927,54,52,0.037037
1928,54,52,0.037037
1930,54,52,0.037037
1931,54,52,0.037037
1933,54,52,0.037037
1935,54,52,0.037037
1937,54,52,0.037037
1938,54,52,0.037037
1939,54,52,0.037037
1940,54,52,0.037037
1941,54,52,0.037037
1942,54,52,0.037037
1943,54,52,0.037037
1944,54,52,0.037037
1945,54,52,0.037037
1947,54,52,0.037037
1948,54,52,0.037037
1949,54,52,0.037037
1950,54,52,0.037037
1952,54,52,0.037037
1953,54,52,0.037037
1955,54,52,0.037037
1955,54,52,0.037037
1956,54,52,0.037037
1957,54,52,0.037037
1958,54,52,0.037037
1959,54,52,0.037037
1960,54,52,0.037037
1961,54,52,0.037037
1962,54,52,0.037037
1963,54,52,0.037037
1964,54,52,0.037037
1966,54,52,0.037037
1967,54,52,0.037037
1968,54,52,0.037037
1969,54,52,0.037037
1970,54,52,0.037037
1972,54,52,0.037037
1973,54,52,0.037037
1974,54,52,0.037037
1975,54,52,0.037037
1975,54,52,0.037037
1976,54,52,0.037037
1977,54,52,0.037037
1978,54,52,0.037037
1979,54,52,0.037037
1981,54,52,0.037037
1982,54,52,0.037037
1983,54,52,0.037037
1984,54,52,0.037037
1986,54,52,0.037037
1987,54,52,0.037037
1988,54,52,0.037037
1989,54,52,0.037037
1990,54,52,0.037037
1991,54,52,0.037037
1992,54,52,0.037037
1993,54,52,0.037037
1994,54,52,0.037037
1995,54,52,0.037037
1996,54,52,0.037037
1997,54,52,0.037037
1999,54,52,0.037037
2002,54,52,0.037037
2003,54,52,0.037037
2006,54,52,0.037037
2007,54,52,0.037037
2008,54,52,0.037037
2010,54,52,0.037037
2011,54,52,0.037037
2012,54,52,0.037037
2014,54,52,0.037037
2015,54,52,0.037037
2016,54,52,0.037037
2018,54,52,0.037037
2020,54,52,0.037037
2022,54,52,0.037037
2023,54,52,0.037037
2024,54,52,0.037037
2025,54,52,0.037037
2027,54,52,0.037037
2028,54,52,0.037037
2029,54,52,0.037037
2031,54,52,0.037037
2032,54,52,0.037037
2034,54,52,0.037037
2037,54,52,0.037037
2039,54,52,0.037037
2041,54,52,0.037037
2042,54,52,0.037037
2042,54,52,0.037037
2044,54,52,0.037037
2045,54,52,0.037037
2046,54,52,0.037037
2048,54,52,0.037037
2049,54,52,0.037037
2050,54,52,0.037037
2052,54,52,0.037037
2054,54,52,0.037037
2055,54,52,0.037037
2056,54,52,0.037037
2057,54,52,0.037037
2058,54,52,0.037037
2059,54,52,0.037037
2060,54,52,0.037037
2061,54,52,0.037037
2063,54,52,0.037037
2064,54,52,0.037037
2065,54,52,0.037037
2066,54,52,0.037037
2068,54,52,0.037037
2070,54,52,0.037037
2071,54,52,0.037037
2072,54,52,0.037037
2073,54,52,0.037037
2074,54,52,0.037037
2075,54,52,0.037037
2076,54,52,0.037037
2077,54,52,0.037037
2078,54,52,0.037037
2080,54,52,0.037037
2081,54,52,0.037037
2083,54,52,0.037037
2085,54,52,0.037037
2086,54,52,0.037037
2088,54,52,0.037037
2089,54,52,0.037037
2090,54,52,0.037037
2091,54,52,0.037037
2092,54,52,0.037037
2093,54,52,0.037037
2094,54,52,0.037037
2095,54,52,0.037037
2096,54,52,0.037037
2097,54,52,0.037037
2098,54,52,0.037037
2100,54,52,0.037037
2102,54,52,0.037037
2103,54,52,0.037037
2105,54,52,0.037037
2106,54,52,0.037037
2107,54,52,0.037037
2108,54,52,0.037037
2109,54,52,0.037037
2110,54,52,0.037037
2111,54,52,0.037037
2113,54,52,0.037037
2114,54,52,0.037037
2115,54,52,0.037037
2117,54,52,0.037037
2118,54,52,0.037037
2119,54,52,0.037037
2120,54,52,0.037037
2121,54,52,0.037037
2122,54,52,0.037037
2123,54,52,0.037037
2124,54,52,0.037037
2125,54,52,0.037037
2126,54,52,0.037037
2127,54,52,0.037037
2128,54,52,0.037037
2129,54,52,0.037037
2129,54,52,0.037037
2130,54,52,0.037037
2132,54,52,0.037037
2133,54,52,0.037037
2134,54,52,0.037037
2135,54,52,0.037037
2137,54,52,0.037037
2138,54,52,0.037037
2139,54,52,0.037037
2141,54,52,0.037037
2142,54,52,0.037037
2143,54,52,0.037037
2144,54,52,0.037037
2145,54,52,0.037037
2147,54,52,0.037037
2148,54,52,0.037037
2149,54,52,0.037037
2150,54,52,0.037037
2152,54,52,0.037037
2154,54,52,0.037037
2156,54,52,0.037037
2157,54,52,0.037037
2158,54,52,0.037037
2159,54,52,0.037037
2160,54,52,0.037037
2161,54,52,0.037037
2162,54,52,0.037037
2163,54,52,0.037037
2164,54,52,0.037037
2165,54,52,0.037037
2166,54,52,0.037037
2167,54,52,0.037037
2168,54,52,0.037037
2169,54,52,0.037037
2170,54,52,0.037037
2171,54,52,0.037037
2172,54,52,0.037037
2173,54,52,0.037037
2175,54,52,0.037037
2176,54,52,0.037037
2177,54,52,0.037037
2182,54,52,0.037037
2183,54,52,0.037037
2185,54,52,0.037037
2186,54,52,0.037037
2187,54,52,0.037037
2188,54,52,0.037037
2189,54,52,0.037037
2190,54,52,0.037037
2192,54,52,0.037037
2193,54,52,0.037037
2194,54,52,0.037037
2195,54,52,0.037037
2196,54,52,0.037037
2197,54,52,0.037037
2198,54,52,0.037037
2199,54,52,0.037037
2200,54,52,0.037037
2202,54,52,0.037037
2203,54,52,0.037037
2203,54,52,0.037037
2204,54,52,0.037037
2205,54,52,0.037037
2207,54,52,0.037037
2207,54,52,0.037037
2208,54,52,0.037037
2209,54,52,0.037037
2210,54,52,0.037037
2211,54,52,0.037037
2212,54,52,0.037037
2213,54,52,0.037037
2214,54,52,0.037037
2215,54,52,0.037037
2217,54,52,0.037037
2218,54,52,0.037037
2219,54,52,0.037037
2220,54,52,0.037037
2222,54,52,0.037037
2223,54,52,0.037037
2224,54,52,0.037037
2225,54,52,0.037037
2226,54,52,0.037037
2226,54,52,0.037037
2227,54,52,0.037037
2228,54,52,0.037037
2230,54,52,0.037037
2230,54,52,0.037037
2232,54,52,0.037037
2233,54,52,0.037037
2234,54,52,0.037037
2236,54,52,0.037037
2237,54,52,0.037037
2238,54,52,0.037037
2239,54,52,0.037037
2240,54,52,0.037037
2241,54,52,0.037037
2243,54,52,0.037037
2244,54,52,0.037037
2245,54,52,0.037037
2247,54,52,0.037037
2249,54,52,0.037037
2250,54,52,0.037037
2253,54,52,0.037037
2254,54,52,0.037037
2255,54,52,0.037037
2256,54,52,0.037037
2257,54,52,0.037037
2258,54,52,0.037037
2259,54,52,0.037037
2261,54,52,0.037037
2262,54,52,0.037037
2263,54,52,0.037037
2264,54,52,0.037037
2266,54,52,0.037037
2267,54,52,0.037037
2269,54,52,0.037037
2271,54,52,0.037037
2272,54,52,0.037037
2273,54,52,0.037037
2274,54,52,0.037037
2275,54,52,0.037037
2276,54,52,0.037037
2277,54,52,0.037037
2278,54,52,0.037037
2279,54,52,0.037037
2280,54,52,0.037037
2282,54,52,0.037037
2283,54,52,0.037037
2284,54,52,0.037037
2285,54,52,0.037037
2286,54,52,0.037037
2287,54,52,0.037037
2288,54,52,0.037037
2289,54,52,0.037037
2290,54,52,0.037037
2292,54,52,0.037037
2293,54,52,0.037037
2294,54,52,0.037037
2295,54,52,0.037037
2296,54,52,0.037037
2297,54,52,0.037037
2298,54,52,0.037037
2299,54,52,0.037037
2300,54,52,0.037037
2301,54,52,0.037037
2302,54,52,0.037037
2303,54,52,0.037037
2304,54,52,0.037037
2305,54,52,0.037037
2307,54,52,0.037037
2308,54,52,0.037037
2309,54,52,0.037037
2310,54,52,0.037037
2311,54,52,0.037037
2312,54,52,0.037037
2313,54,52,0.037037
2314,54,52,0.037037
2315,54,52,0.037037
2316,54,52,0.037037
2317,54,52,0.037037
2318,54,52,0.037037
2319,54,52,0.037037
2320,54,52,0.037037
2321,54,52,0.037037
2322,54,52,0.037037
2323,54,52,0.037037
2324,54,52,0.037037
2325,54,52,0.037037
2326,54,52,0.037037
2327,54,52,0.037037
2328,54,52,0.037037
2330,54,52,0.037037
2331,54,52,0.037037
2332,54,52,0.037037
2334,54,52,0.037037
2335,54,52,0.037037
2335,54,52,0.037037
2336,54,52,0.037037
2337,54,52,0.037037
2339,54,52,0.037037
2340,54,52,0.037037
2342,54,52,0.037037
2343,54,52,0.037037
2344,54,52,0.037037
2346,54,52,0.037037
2347,54,52,0.037037
2348,54,52,0.037037
2349,54,52,0.037037
2351,54,52,0.037037
2352,54,52,0.037037
2354,54,52,0.037037
2355,54,52,0.037037
2356,54,52,0.037037
2357,54,52,0.037037
2358,54,52,0.037037
2359,54,52,0.037037
2360,54,52,0.037037
2361,54,52,0.037037
2363,54,52,0.037037
2364,54,52,0.037037
2365,54,52,0.037037
2367,54,52,0.037037
2368,54,52,0.037037
2370,54,52,0.037037
2371,54,52,0.037037
2372,54,52,0.037037
2373,54,52,0.037037
2375,54,52,0.037037
2376,54,52,0.037037
2377,54,52,0.037037
2378,54,52,0.037037
2379,54,52,0.037037
2381,54,52,0.037037
2382,54,52,0.037037
2384,54,52,0.037037
2385,54,52,0.037037
2387,54,52,0.037037
2388,54,52,0.037037
2389,54,52,0.037037
2390,54,52,0.037037
2391,54,52,0.037037
2392,54,52,0.037037
2393,54,52,0.037037
2394,54,52,0.037037
2395,54,52,0.037037
2397,54,52,0.037037
2398,54,52,0.037037
2399,54,52,0.037037
2400,54,52,0.037037
2402,54,52,0.037037
2403,54,52,0.037037
2404,54,52,0.037037
2406,54,52,0.037037
2407,54,52,0.037037
2409,54,52,0.037037
2410,54,52,0.037037
2411,54,52,0.037037
2412,54,52,0.037037
2414,54,52,0.037037
2415,54,52,0.037037
2417,54,52,0.037037
2419,54,52,0.037037
2420,54,52,0.037037
2422,54,52,0.037037
2423,54,52,0.037037
2424,54,52,0.037037
2425,54,52,0.037037
2427,54,52,0.037037
2428,54,52,0.037037
2429,54,52,0.037037
2430,54,52,0.037037
2431,54,52,0.037037
2433,54,52,0.037037
2435,54,52,0.037037
2436,54,52,0.037037
2437,54,52,0.037037
2439,54,52,0.037037
2440,54,52,0.037037
2441,54,52,0.037037
2442,54,52,0.037037
2443,54,52,0.037037
2445,54,52,0.037037
2446,54,52,0.037037
2448,54,52,0.037037
2449,54,52,0.037037
2451,54,52,0.037037
2453,54,52,0.037037
2456,54,52,0.037037
2458,54,52,0.037037
2460,54,52,0.037037
2461,54,52,0.037037
2463,54,52,0.037037
2464,54,52,0.037037
2466,54,52,0.037037
2469,54,52,0.037037
2471,54,52,0.037037
2474,54,52,0.037037
2476,54,52,0.037037
2478,54,52,0.037037
2480,54,52,0.037037
2482,54,52,0.037037
2483,54,52,0.037037
2487,54,52,0.037037
2495,54,52,0.037037
2547,54,52,0.037037
2550,54,52,0.037037
2552,54,52,0.037037
2553,54,52,0.037037
2555,54,52,0.037037
2557,54,52,0.037037
2559,54,52,0.037037
2560,54,52,0.037037
2562,54,52,0.037037
2563,54,52,0.037037
2567,54,52,0.037037
2569,54,52,0.037037
2572,54,52,0.037037
2574,54,52,0.037037
2577,54,52,0.037037
2580,54,52,0.037037
2582,54,52,0.037037
2584,54,52,0.037037
2586,54,52,0.037037
2588,54,52,0.037037
2590,54,52,0.037037
2592,54,52,0.037037
2594,54,52,0.037037
2597,54,52,0.037037
2598,54,52,0.037037
2601,54,52,0.037037
2603,54,52,0.037037
2606,54,52,0.037037
2608,54,52,0.037037
2610,54,52,0.037037
2612,54,52,0.037037
2613,54,52,0.037037
2615,54,52,0.037037
2616,54,52,0.037037
2617,54,52,0.037037
2618,54,52,0.037037
2619,54,52,0.037037
2621,54,52,0.037037
2623,54,52,0.037037
2624,54,52,0.037037
2626,54,52,0.037037
2627,54,52,0.037037
2629,54,52,0.037037
2631,54,52,0.037037
2633,54,52,0.037037
2634,54,52,0.037037
2638,54,52,0.037037
2642,54,52,0.037037
2644,54,52,0.037037
2646,54,52,0.037037
2648,54,52,0.037037
2650,54,52,0.037037
2653,54,52,0.037037
2655,54,52,0.037037
2659,54,52,0.037037
2664,54,52,0.037037
2666,54,52,0.037037
2669,54,52,0.037037
2670,54,52,0.037037
2674,54,52,0.037037
2677,54,52,0.037037
2680,54,52,0.037037
2683,54,52,0.037037
2685,54,52,0.037037
2687,54,52,0.037037
2690,54,52,0.037037
2692,54,52,0.037037
2694,54,52,0.037037
2698,54,52,0.037037
2701,54,52,0.037037
2703,54,52,0.037037
2708,54,52,0.037037
2710,54,52,0.037037
2713,54,52,0.037037
2715,54,52,0.037037
2718,54,52,0.037037
2720,54,52,0.037037
2723,54,52,0.037037
2724,54,52,0.037037
2726,54,52,0.037037
2730,54,52,0.037037
2732,54,52,0.037037
2734,54,52,0.037037
2736,54,52,0.037037
2739,54,52,0.037037
2740,54,52,0.037037
2743,54,52,0.037037
2745,54,52,0.037037
2747,54,52,0.037037
2749,54,52,0.037037
2751,54,52,0.037037
2753,54,52,0.037037
2755,54,52,0.037037
2756,54,52,0.037037
2757,54,52,0.037037
2758,54,52,0.037037
2760,54,52,0.037037
2761,54,52,0.037037
2763,54,52,0.037037
2765,54,52,0.037037
2767,54,52,0.037037
2768,54,52,0.037037
2770,54,52,0.037037
2772,54,52,0.037037
2774,54,52,0.037037
2775,54,52,0.037037
2776,54,52,0.037037
2778,54,52,0.037037
2780,54,52,0.037037
2781,54,52,0.037037
2783,54,52,0.037037
2784,54,52,0.037037
2786,54,52,0.037037
2788,54,52,0.037037
2790,54,52,0.037037
2791,54,52,0.037037
2793,54,52,0.037037
2794,54,52,0.037037
2796,54,52,0.037037
2798,54,52,0.037037
2800,54,52,0.037037
2802,54,52,0.037037
2804,54,52,0.037037
2806,54,52,0.037037
2809,54,52,0.037037
2810,54,52,0.037037
2812,54,52,0.037037
2814,54,52,0.037037
2816,54,52,0.037037
2817,54,52,0.037037
2819,54,52,0.037037
2821,54,52,0.037037
2823,54,52,0.037037
2825,54,52,0.037037
2826,54,52,0.037037
2828,54,52,0.037037
2829,54,52,0.037037
2831,54,52,0.037037
2835,54,52,0.037037
2838,54,52,0.037037
2840,54,52,0.037037
2841,54,52,0.037037
2843,54,52,0.037037
2844,54,52,0.037037
2845,54,52,0.037037
2847,54,52,0.037037
2849,54,52,0.037037
2852,54,52,0.037037
2854,54,52,0.037037
2857,54,52,0.037037
2858,54,52,0.037037
2860,54,52,0.037037
2861,54,52,0.037037
2863,54,52,0.037037
2865,54,52,0.037037
2866,54,52,0.037037
2869,54,52,0.037037
2870,54,52,0.037037
2873,54,52,0.037037
2874,54,52,0.037037
2876,54,52,0.037037
2877,54,52,0.037037
2879,54,52,0.037037
2881,54,52,0.037037
2883,54,52,0.037037
2885,54,52,0.037037
2886,54,52,0.037037
2888,54,52,0.037037
2890,54,52,0.037037
2891,54,52,0.037037
2892,54,52,0.037037
2894,54,52,0.037037
2895,54,52,0.037037
2897,54,52,0.037037
2899,54,52,0.037037
2901,54,52,0.037037
2903,54,52,0.037037
2905,54,52,0.037037
2907,54,52,0.037037
2908,54,52,0.037037
2910,54,52,0.037037
2912,54,52,0.037037
2913,54,52,0.037037
2915,54,52,0.037037
2917,54,52,0.037037
2918,54,52,0.037037
2919,54,52,0.037037
2921,54,52,0.037037
2923,54,52,0.037037
2925,54,52,0.037037
2926,54,52,0.037037
2927,54,52,0.037037
2928,54,52,0.037037
2930,54,52,0.037037
2932,54,52,0.037037
2934,54,52,0.037037
2936,54,52,0.037037
2937,54,52,0.037037
2940,54,52,0.037037
2941,54,52,0.037037
2942,54,52,0.037037
2944,54,52,0.037037
2945,54,52,0.037037
2947,54,52,0.037037
2949,54,52,0.037037
2951,54,52,0.037037
2953,54,52,0.037037
2954,54,52,0.037037
2956,54,52,0.037037
2958,54,52,0.037037
2960,54,52,0.037037
2961,54,52,0.037037
2964,54,52,0.037037
2966,54,52,0.037037
2968,54,52,0.037037
2969,54,52,0.037037
2972,54,52,0.037037
2974,54,52,0.037037
2975,54,52,0.037037
2977,54,52,0.037037
2978,54,52,0.037037
2980,54,52,0.037037
2982,54,52,0.037037
2983,54,52,0.037037
2984,54,52,0.037037
2986,54,52,0.037037
2988,54,52,0.037037
2990,54,52,0.037037
2991,54,52,0.037037
2993,54,52,0.037037
2994,54,52,0.037037
2996,54,52,0.037037
2997,54,52,0.037037
2998,54,52,0.037037
3000,54,52,0.037037
3001,54,52,0.037037
3003,54,52,0.037037
3005,54,52,0.037037
3006,54,52,0.037037
3007,54,52,0.037037
3009,54,52,0.037037
3010,54,52,0.037037
3012,54,52,0.037037
3014,54,52,0.037037
3015,54,52,0.037037
3017,54,52,0.037037
3019,54,52,0.037037
3021,54,52,0.037037
3023,54,52,0.037037
3024,54,52,0.037037
3026,54,52,0.037037
3028,54,52,0.037037
3029,54,52,0.037037
3032,54,52,0.037037
3034,54,52,0.037037
3036,54,52,0.037037
3039,54,52,0.037037
3041,54,52,0.037037
3042,54,52,0.037037
3044,54,52,0.037037
3045,54,52,0.037037
3047,54,52,0.037037
3049,54,52,0.037037
3051,54,52,0.037037
3052,54,52,0.037037
3054,54,52,0.037037
3056,54,52,0.037037
3057,54,52,0.037037
3059,54,52,0.037037
3060,54,52,0.037037
3062,54,52,0.037037
3064,54,52,0.037037
3065,54,52,0.037037
3067,54,52,0.037037
3069,54,52,0.037037
3071,54,52,0.037037
3073,54,52,0.037037
3074,54,52,0.037037
3076,54,52,0.037037
3077,54,52,0.037037
3079,54,52,0.037037
3082,54,52,0.037037
3083,54,52,0.037037
3085,54,52,0.037037
3088,54,52,0.037037
3090,54,52,0.037037
3092,54,52,0.037037
3093,54,52,0.037037
3094,54,52,0.037037
3096,54,52,0.037037
3098,54,52,0.037037
3100,54,52,0.037037
3102,54,52,0.037037
3104,54,52,0.037037
3106,54,52,0.037037
3107,54,52,0.037037
3109,54,52,0.037037
3110,54,52,0.037037
3112,54,52,0.037037
3114,54,52,0.037037
3116,54,52,0.037037
3117,54,52,0.037037
3119,54,52,0.037037
3122,54,52,0.037037
3123,54,52,0.037037
3124,54,52,0.037037
3126,54,52,0.037037
3127,54,52,0.037037
3129,54,52,0.037037
3131,54,52,0.037037
3133,54,52,0.037037
3135,54,52,0.037037
3137,54,52,0.037037
3138,54,52,0.037037
3140,54,52,0.037037
3141,54,52,0.037037
3142,54,52,0.037037
3144,54,52,0.037037
3145,54,52,0.037037
3146,54,52,0.037037
3148,54,52,0.037037
3150,54,52,0.037037
3151,54,52,0.037037
3152,54,52,0.037037
3154,54,52,0.037037
3156,54,52,0.037037
3157,54,52,0.037037
3158,54,52,0.037037
3160,54,52,0.037037
3161,54,52,0.037037
3162,54,52,0.037037
3164,54,52,0.037037
3165,54,52,0.037037
3167,54,52,0.037037
3168,54,52,0.037037
3170,54,52,0.037037
3172,54,52,0.037037
3173,54,52,0.037037
3175,54,52,0.037037
3176,54,52,0.037037
3177,54,52,0.037037
3178,54,52,0.037037
3179,54,52,0.037037
3181,54,52,0.037037
3183,54,52,0.037037
3185,54,52,0.037037
3186,54,52,0.037037
3188,54,52,0.037037
3190,54,52,0.037037
3191,54,52,0.037037
3192,54,52,0.037037
3194,54,52,0.037037
3195,54,52,0.037037
3197,54,52,0.037037
3199,54,52,0.037037
3201,54,52,0.037037
3203,54,52,0.037037
3205,54,52,0.037037
3207,54,52,0.037037
3208,54,52,0.037037
3209,54,52,0.037037
3210,54,52,0.037037
3212,54,52,0.037037
3214,54,52,0.037037
3215,54,52,0.037037
3217,54,52,0.037037
3218,54,52,0.037037
3221,54,52,0.037037
3223,54,52,0.037037
3224,54,52,0.037037
3225,54,52,0.037037
3226,54,52,0.037037
3228,54,52,0.037037
3230,54,52,0.037037
3232,54,52,0.037037
3233,54,52,0.037037
3235,54,52,0.037037
3236,54,52,0.037037
3238,54,52,0.037037
3240,54,52,0.037037
3241,54,52,0.037037
3242,54,52,0.037037
3243,54,52,0.037037
3245,54,52,0.037037
3247,54,52,0.037037
3248,54,52,0.037037
3249,54,52,0.037037
3251,54,52,0.037037
3252,54,52,0.037037
3254,54,52,0.037037
3255,54,52,0.037037
3257,54,52,0.037037
3258,54,52,0.037037
3259,54,52,0.037037
3261,54,52,0.037037
3262,54,52,0.037037
3263,54,52,0.037037
3265,54,52,0.037037
3266,54,52,0.037037
3268,54,52,0.037037
3269,54,52,0.037037
3270,54,52,0.037037
3272,54,52,0.037037
3273,54,52,0.037037
3275,54,52,0.037037
3276,54,52,0.037037
3277,54,52,0.037037
3278,54,52,0.037037
3280,54,52,0.037037
3281,54,52,0.037037
3282,54,52,0.037037
3284,54,52,0.037037
3285,54,52,0.037037
3286,54,52,0.037037
3288,54,52,0.037037
3289,54,52,0.037037
3290,54,52,0.037037
3292,54,52,0.037037
3293,54,52,0.037037
3294,54,52,0.037037
3296,54,52,0.037037
3297,54,52,0.037037
3299,54,52,0.037037
3300,54,52,0.037037
3301,54,52,0.037037
3303,54,52,0.037037
3304,54,52,0.037037
3307,54,52,0.037037
3308,54,52,0.037037
3309,54,52,0.037037
3311,54,52,0.037037
3312,54,52,0.037037
3314,54,52,0.037037
3315,54,52,0.037037
3317,54,52,0.037037
3318,54,52,0.037037
3319,54,52,0.037037
3321,54,52,0.037037
3323,54,52,0.037037
3325,54,52,0.037037
3328,54,52,0.037037
3331,54,52,0.037037
3334,54,52,0.037037
3335,54,52,0.037037
3337,54,52,0.037037
3338,54,52,0.037037
3339,54,52,0.037037
3342,54,52,0.037037
3344,54,52,0.037037
3347,54,52,0.037037
3349,54,52,0.037037
3351,54,52,0.037037
3352,54,52,0.037037
3355,54,52,0.037037
3357,54,52,0.037037
3359,54,52,0.037037
3361,54,52,0.037037
3363,54,52,0.037037
3366,54,52,0.037037
3368,54,52,0.037037
3370,54,52,0.037037
3372,54,52,0.037037
3374,54,52,0.037037
3376,54,52,0.037037
3378,54,52,0.037037
3379,54,52,0.037037
3381,54,52,0.037037
3383,54,52,0.037037
3385,54,52,0.037037
3387,54,52,0.037037
3388,54,52,0.037037
3390,54,52,0.037037
3391,54,52,0.037037
3392,54,52,0.037037
3394,54,52,0.037037
3395,54,52,0.037037
3397,54,52,0.037037
3399,54,52,0.037037
3400,54,52,0.037037
3402,54,52,0.037037
3404,54,52,0.037037
3405,54,52,0.037037
3407,54,52,0.037037
3408,54,52,0.037037
3409,54,52,0.037037
3410,54,52,0.037037
3412,54,52,0.037037
3413,54,52,0.037037
3415,54,52,0.037037
3416,54,52,0.037037
3418,54,52,0.037037
3419,54,52,0.037037
3421,54,52,0.037037
3422,54,52,0.037037
3423,54,52,0.037037
3425,54,52,0.037037
3426,54,52,0.037037
3427,54,52,0.037037
3429,54,52,0.037037
3430,54,52,0.037037
3432,54,52,0.037037
3433,54,52,0.037037
3435,54,52,0.037037
3436,54,52,0.037037
3437,54,52,0.037037
3439,54,52,0.037037
3440,54,52,0.037037
3441,54,52,0.037037
3443,54,52,0.037037
3444,54,52,0.037037
3446,54,52,0.037037
3447,54,52,0.037037
3448,54,52,0.037037
3450,54,52,0.037037
3451,54,52,0.037037
3453,54,52,0.037037
3454,54,52,0.037037
3456,54,52,0.037037
3457,54,52,0.037037
3458,54,52,0.037037
3460,54,52,0.037037
3461,54,52,0.037037
3462,54,52,0.037037
3463,54,52,0.037037
3465,54,52,0.037037
3466,54,52,0.037037
3468,54,52,0.037037
3470,54,52,0.037037
3471,54,52,0.037037
3473,54,52,0.037037
3474,54,52,0.037037
3476,54,52,0.037037
3477,54,52,0.037037
3478,54,52,0.037037
3479,54,52,0.037037
3481,54,52,0.037037
3482,54,52,0.037037
3484,54,52,0.037037
3485,54,52,0.037037
3486,54,52,0.037037
3488,54,52,0.037037
3489,54,52,0.037037
3491,54,52,0.037037
3492,54,52,0.037037
3493,54,52,0.037037
3495,54,52,0.037037
3496,54,52,0.037037
3498,54,52,0.037037
3500,54,52,0.037037
3501,54,52,0.037037
3502,54,52,0.037037
3504,54,52,0.037037
3505,54,52,0.037037
3507,54,52,0.037037
3508,54,52,0.037037
3509,54,52,0.037037
3510,54,52,0.037037
3512,54,52,0.037037
3513,54,52,0.037037
3515,54,52,0.037037
3516,54,52,0.037037
3518,54,52,0.037037
3520,54,52,0.037037
3521,54,52,0.037037
3523,54,52,0.037037
3524,54,52,0.037037
3525,54,52,0.037037
3527,54,52,0.037037
3528,54,52,0.037037
3529,54,52,0.037037
3531,54,52,0.037037
3532,54,52,0.037037
3534,54,52,0.037037
3535,54,52,0.037037
3538,54,52,0.037037
3539,54,52,0.037037
3540,54,52,0.037037
3542,54,52,0.037037
3543,54,52,0.037037
3544,54,52,0.037037
3546,54,52,0.037037
3548,54,52,0.037037
3549,54,52,0.037037
3551,54,52,0.037037
3553,54,52,0.037037
3555,54,52,0.037037
3557,54,52,0.037037
3558,54,52,0.037037
3559,54,52,0.037037
3561,54,52,0.037037
3562,54,52,0.037037
3563,54,52,0.037037
3566,54,52,0.037037
3568,54,52,0.037037
3569,54,52,0.037037
3571,54,52,0.037037
3574,54,52,0.037037
3575,54,52,0.037037
3578,54,52,0.037037
3579,54,52,0.037037
3581,54,52,0.037037
3583,54,52,0.037037
3585,54,52,0.037037
3587,54,52,0.037037
3590,54,52,0.037037
3592,54,52,0.037037
3593,54,52,0.037037
3595,54,52,0.037037
3597,54,52,0.037037
3599,54,52,0.037037
3600,54,52,0.037037
3602,54,52,0.037037
3605,54,52,0.037037
3608,54,52,0.037037
3609,54,52,0.037037
3610,54,52,0.037037
3612,54,52,0.037037
3614,54,52,0.037037
3616,54,52,0.037037
3617,54,52,0.037037
3619,54,52,0.037037
3620,54,52,0.037037
3622,54,52,0.037037
3624,54,52,0.037037
3625,54,52,0.037037
3627,54,52,0.037037
3628,54,52,0.037037
3630,54,52,0.037037
3631,54,52,0.037037
3633,54,52,0.037037
3634,54,52,0.037037
3635,54,52,0.037037
3637,54,52,0.037037
3639,54,52,0.037037
3641,54,52,0.037037
3643,54,52,0.037037
3645,54,52,0.037037
3647,54,52,0.037037
3649,54,52,0.037037
3650,54,52,0.037037
3651,54,52,0.037037
3653,54,52,0.037037
3654,54,52,0.037037
3656,54,52,0.037037
3657,54,52,0.037037
3658,54,52,0.037037
3660,54,52,0.037037
3661,54,52,0.037037
3662,54,52,0.037037
3664,54,52,0.037037
3665,54,52,0.037037
3667,54,52,0.037037
3668,54,52,0.037037
3670,54,52,0.037037
3672,54,52,0.037037
3673,54,52,0.037037
3675,54,52,0.037037
3676,54,52,0.037037
3677,54,52,0.037037
3678,54,52,0.037037
3680,54,52,0.037037
3681,54,52,0.037037
3682,54,52,0.037037
3684,54,52,0.037037
3685,54,52,0.037037
3687,54,52,0.037037
3689,54,52,0.037037
3690,54,52,0.037037
3691,54,52,0.037037
3692,54,52,0.037037
3693,54,52,0.037037
3695,54,52,0.037037
3696,54,52,0.037037
3697,54,52,0.037037
3699,54,52,0.037037
3700,54,52,0.037037
3701,54,52,0.037037
3703,54,52,0.037037
3704,54,52,0.037037
3706,54,52,0.037037
3707,54,52,0.037037
3708,54,52,0.037037
3710,54,52,0.037037
3711,54,52,0.037037
3712,54,52,0.037037
3713,54,52,0.037037
3715,54,52,0.037037
3716,54,52,0.037037
3717,54,52,0.037037
3718,54,52,0.037037
3720,54,52,0.037037
3722,54,52,0.037037
3723,54,52,0.037037
3724,54,52,0.037037
3726,54,52,0.037037
3727,54,52,0.037037
3728,54,52,0.037037
3729,54,52,0.037037
3731,54,52,0.037037
3732,54,52,0.037037
3733,54,52,0.037037
3734,54,52,0.037037
3736,54,52,0.037037
3738,54,52,0.037037
3739,54,52,0.037037
3740,54,52,0.037037
3742,54,52,0.037037
3743,54,52,0.037037
3744,54,52,0.037037
3746,54,52,0.037037
3748,54,52,0.037037
3749,54,52,0.037037
3750,54,52,0.037037
3753,54,52,0.037037
3757,54,52,0.037037
3759,54,52,0.037037
3760,54,52,0.037037
3762,54,52,0.037037
3764,54,52,0.037037
3765,54,52,0.037037
3769,54,52,0.037037
3771,54,52,0.037037
3773,54,52,0.037037
3775,54,52,0.037037
3776,54,52,0.037037
3778,54,52,0.037037
3781,54,52,0.037037
3783,54,52,0.037037
3784,54,52,0.037037
3786,54,52,0.037037
3788,54,52,0.037037
3789,54,52,0.037037
3791,54,52,0.037037
3792,54,52,0.037037
3794,54,52,0.037037
3796,54,52,0.037037
3798,54,52,0.037037
3800,54,52,0.037037
3801,54,52,0.037037
3803,54,52,0.037037
3805,54,52,0.037037
3807,54,52,0.037037
3808,54,52,0.037037
3810,54,52,0.037037
3811,54,52,0.037037
3813,54,52,0.037037
3815,54,52,0.037037
3816,54,52,0.037037
3818,54,52,0.037037
3821,54,52,0.037037
3823,54,52,0.037037
3824,54,52,0.037037
3826,54,52,0.037037
3827,54,52,0.037037
3829,54,52,0.037037
3830,54,52,0.037037
3832,54,52,0.037037
3833,54,52,0.037037
3835,54,52,0.037037
3837,54,52,0.037037
3839,54,52,0.037037
3841,54,52,0.037037
3842,54,52,0.037037
3843,54,52,0.037037
3845,54,52,0.037037
3847,54,52,0.037037
3848,54,52,0.037037
3850,54,52,0.037037
3852,54,52,0.037037
3853,54,52,0.037037
3855,54,52,0.037037
3856,54,52,0.037037
3857,54,52,0.037037
3858,54,52,0.037037
3860,54,52,0.037037
3861,54,52,0.037037
3862,54,52,0.037037
3864,54,52,0.037037
3865,54,52,0.037037
3867,54,52,0.037037
3868,54,52,0.037037
3870,54,52,0.037037
3872,54,52,0.037037
3873,54,52,0.037037
3874,54,52,0.037037
3876,54,52,0.037037
3877,54,52,0.037037
3879,54,52,0.037037
3881,54,52,0.037037
3882,54,52,0.037037
3884,54,52,0.037037
3885,54,52,0.037037
3887,54,52,0.037037
3888,54,52,0.037037
3889,54,52,0.037037
3891,54,52,0.037037
3892,54,52,0.037037
3894,54,52,0.037037
3895,54,52,0.037037
3897,54,52,0.037037
3898,54,52,0.037037
3901,54,52,0.037037
3902,54,52,0.037037
3904,54,52,0.037037
3906,54,52,0.037037
3907,54,52,0.037037
3908,54,52,0.037037
3910,54,52,0.037037
3911,54,52,0.037037
3913,54,52,0.037037
3915,54,52,0.037037
3916,54,52,0.037037
3918,54,52,0.037037
3919,54,52,0.037037
3920,54,52,0.037037
3922,54,52,0.037037
3923,54,52,0.037037
3924,54,52,0.037037
3925,54,52,0.037037
3927,54,52,0.037037
3928,54,52,0.037037
3930,54,52,0.037037
3931,54,52,0.037037
3933,54,52,0.037037
3934,54,52,0.037037
3936,54,52,0.037037
3937,54,52,0.037037
3939,54,52,0.037037
3940,54,52,0.037037
3942,54,52,0.037037
3943,54,52,0.037037
3945,54,52,0.037037
3946,54,52,0.037037
3948,54,52,0.037037
3949,54,52,0.037037
3951,54,52,0.037037
3953,54,52,0.037037
3955,54,52,0.037037
3956,54,52,0.037037
3958,54,52,0.037037
3959,54,52,0.037037
3960,54,52,0.037037
3961,54,52,0.037037
3964,54,52,0.037037
3965,54,52,0.037037
3967,54,52,0.037037
3968,54,52,0.037037
3969,54,52,0.037037
3971,54,52,0.037037
3972,54,52,0.037037
3974,54,52,0.037037
3976,54,52,0.037037
3977,54,52,0.037037
3980,54,52,0.037037
3982,54,52,0.037037
3983,54,52,0.037037
3985,54,52,0.037037
3986,54,52,0.037037
3989,54,52,0.037037
3990,54,52,0.037037
3992,54,52,0.037037
3994,54,52,0.037037
3996,54,52,0.037037
3999,54,52,0.037037
4001,54,52,0.037037
4002,54,52,0.037037
4005,54,52,0.037037
4007,54,52,0.037037
4009,54,52,0.037037
4010,54,52,0.037037
4012,54,52,0.037037
4014,54,52,0.037037
4016,54,52,0.037037
4018,54,52,0.037037
4020,54,52,0.037037
4021,54,52,0.037037
4023,54,52,0.037037
4024,54,52,0.037037
4026,54,52,0.037037
4028,54,52,0.037037
4030,54,52,0.037037
4031,54,52,0.037037
4033,54,52,0.037037
4035,54,52,0.037037
4037,54,52,0.037037
4039,54,52,0.037037
4041,54,52,0.037037
4042,54,52,0.037037
4044,54,52,0.037037
4046,54,52,0.037037
4048,54,52,0.037037
4050,54,52,0.037037
4052,54,52,0.037037
4053,54,52,0.037037
4056,54,52,0.037037
4058,54,52,0.037037
4060,54,52,0.037037
4061,54,52,0.037037
4063,54,52,0.037037
4065,54,52,0.037037
4066,54,52,0.037037
4068,54,52,0.037037
4070,54,52,0.037037
4072,54,52,0.037037
4074,54,52,0.037037
4075,54,52,0.037037
4077,54,52,0.037037
4078,54,52,0.037037
4080,54,52,0.037037
4083,54,52,0.037037
4085,54,52,0.037037
4087,54,52,0.037037
4090,54,52,0.037037
4092,54,52,0.037037
4093,54,52,0.037037
4094,54,52,0.037037
4096,54,52,0.037037
4098,54,52,0.037037
4100,54,52,0.037037
4101,54,52,0.037037
4102,54,52,0.037037
4104,54,52,0.037037
4106,54,52,0.037037
4108,54,52,0.037037
4110,54,52,0.037037
4111,54,52,0.037037
4113,54,52,0.037037
4115,54,52,0.037037
4116,54,52,0.037037
4118,54,52,0.037037
4120,54,52,0.037037
4121,54,52,0.037037
4123,54,52,0.037037
4125,54,52,0.037037
4127,54,52,0.037037
4128,54,52,0.037037
4130,54,52,0.037037
4132,54,52,0.037037
4134,54,52,0.037037
4136,54,52,0.037037
4137,54,52,0.037037
4140,54,52,0.037037
4141,54,52,0.037037
4143,54,52,0.037037
4144,54,52,0.037037
4147,54,52,0.037037
4149,54,52,0.037037
4151,54,52,0.037037
4153,54,52,0.037037
4155,54,52,0.037037
4157,54,52,0.037037
4158,54,52,0.037037
4160,54,52,0.037037
4162,54,52,0.037037
4164,54,52,0.037037
4165,54,52,0.037037
4167,54,52,0.037037
4169,54,52,0.037037
4170,54,52,0.037037
4172,54,52,0.037037
4173,54,52,0.037037
4175,54,52,0.037037
4176,54,52,0.037037
4177,54,52,0.037037
4179,54,52,0.037037
4180,54,52,0.037037
4181,54,52,0.037037
4183,54,52,0.037037
4184,54,52,0.037037
4186,54,52,0.037037
4187,54,52,0.037037
4189,54,52,0.037037
4191,54,52,0.037037
4192,54,52,0.037037
4194,54,52,0.037037
4195,54,52,0.037037
4196,54,52,0.037037
4198,54,52,0.037037
4199,54,52,0.037037
4201,54,52,0.037037
4202,54,52,0.037037
4203,54,52,0.037037
4205,54,52,0.037037
4207,54,52,0.037037
4208,54,52,0.037037
4210,54,52,0.037037
4211,54,52,0.037037
4212,54,52,0.037037
4214,54,52,0.037037
4216,54,52,0.037037
4218,54,52,0.037037
4219,54,52,0.037037
4221,54,52,0.037037
4222,54,52,0.037037
4223,54,52,0.037037
4224,54,52,0.037037
4226,54,52,0.037037
4227,54,52,0.037037
4229,54,52,0.037037
4231,54,52,0.037037
4232,54,52,0.037037
4234,54,52,0.037037
4235,54,52,0.037037
4236,54,52,0.037037
4237,54,52,0.037037
4239,54,52,0.037037
4240,54,52,0.037037
4241,54,52,0.037037
4242,54,52,0.037037
4244,54,52,0.037037
4245,54,52,0.037037
4246,54,52,0.037037
4248,54,52,0.037037
4249,54,52,0.037037
4250,54,52,0.037037
4251,54,52,0.037037
4253,54,52,0.037037
4254,54,52,0.037037
4256,54,52,0.037037
4258,54,52,0.037037
4259,54,52,0.037037
4260,54,52,0.037037
4262,54,52,0.037037
4263,54,52,0.037037
4265,54,52,0.037037
4266,54,52,0.037037
4267,54,52,0.037037
4269,54,52,0.037037
4270,54,52,0.037037
4272,54,52,0.037037
4273,54,52,0.037037
4275,54,52,0.037037
4276,54,52,0.037037
4277,54,52,0.037037
4279,54,52,0.037037
4280,54,52,0.037037
4281,54,52,0.037037
4283,54,52,0.037037
4284,54,52,0.037037
4285,54,52,0.037037
4286,54,52,0.037037
4288,54,52,0.037037
4289,54,52,0.037037
4291,54,52,0.037037
4292,54,52,0.037037
4294,54,52,0.037037
4296,54,52,0.037037
4298,54,52,0.037037
4299,54,52,0.037037
4301,54,52,0.037037
4302,54,52,0.037037
4303,54,52,0.037037
4305,54,52,0.037037
4306,54,52,0.037037
4307,54,52,0.037037
4308,54,52,0.037037
4310,54,52,0.037037
4311,54,52,0.037037
4313,54,52,0.037037
4314,54,52,0.037037
4315,54,52,0.037037
4317,54,52,0.037037
4318,54,52,0.037037
4319,54,52,0.037037
4321,54,52,0.037037
4322,54,52,0.037037
4323,54,52,0.037037
4325,54,52,0.037037
4326,54,52,0.037037
4327,54,52,0.037037
4329,54,52,0.037037
4332,54,52,0.037037
4333,54,52,0.037037
4336,54,52,0.037037
4340,54,52,0.037037
4343,54,52,0.037037
4344,54,52,0.037037
4347,54,52,0.037037
4351,54,52,0.037037
4357,54,52,0.037037
4359,54,52,0.037037
4361,54,52,0.037037
4363,54,52,0.037037
4365,54,52,0.037037
4367,54,52,0.037037
4369,54,52,0.037037
4372,54,52,0.037037
4373,54,52,0.037037
4375,54,52,0.037037
4376,54,52,0.037037
4378,54,52,0.037037
4380,54,52,0.037037
4381,54,52,0.037037
4383,54,52,0.037037
4385,54,52,0.037037
4387,54,52,0.037037
4389,54,52,0.037037
4391,54,52,0.037037
4393,54,52,0.037037
4394,54,52,0.037037
4396,54,52,0.037037
4398,54,52,0.037037
4401,54,52,0.037037
4404,54,52,0.037037
4406,54,52,0.037037
4407,54,52,0.037037
4409,54,52,0.037037
4410,54,52,0.037037
4411,54,52,0.037037
4413,54,52,0.037037
4414,54,52,0.037037
4416,54,52,0.037037
4418,54,52,0.037037
4420,54,52,0.037037
4422,54,52,0.037037
4423,54,52,0.037037
4424,54,52,0.037037
4426,54,52,0.037037
4427,54,52,0.037037
4428,54,52,0.037037
4430,54,52,0.037037
4431,54,52,0.037037
4433,54,52,0.037037
4436,54,52,0.037037
4437,54,52,0.037037
4439,54,52,0.037037
4440,54,52,0.037037
4442,54,52,0.037037
4443,54,52,0.037037
4445,54,52,0.037037
4447,54,52,0.037037
4448,54,52,0.037037
4452,54,52,0.037037
4454,54,52,0.037037
4455,54,52,0.037037
4457,54,52,0.037037
4458,54,52,0.037037
4460,54,52,0.037037
4461,54,52,0.037037
4463,54,52,0.037037
4465,54,52,0.037037
4467,54,52,0.037037
4469,54,52,0.037037
4471,54,52,0.037037
4473,54,52,0.037037
4474,54,52,0.037037
4476,54,52,0.037037
4477,54,52,0.037037
4479,54,52,0.037037
4481,54,52,0.037037
4483,54,52,0.037037
4486,54,52,0.037037
4488,54,52,0.037037
4490,54,52,0.037037
4492,54,52,0.037037
4493,54,52,0.037037
4494,54,52,0.037037
4496,54,52,0.037037
4498,54,52,0.037037
4501,54,52,0.037037
4504,54,52,0.037037
4506,54,52,0.037037
4508,54,52,0.037037
4509,54,52,0.037037
4510,54,52,0.037037
4512,54,52,0.037037
4513,54,52,0.037037
4515,54,52,0.037037
4517,54,52,0.037037
4519,54,52,0.037037
4522,54,52,0.037037
4523,54,52,0.037037
4525,54,52,0.037037
4526,54,52,0.037037
4528,54,52,0.037037
4530,54,52,0.037037
4532,54,52,0.037037
4533,54,52,0.037037
4535,54,52,0.037037
4537,54,52,0.037037
4539,54,52,0.037037
4541,54,52,0.037037
4542,54,52,0.037037
4546,54,52,0.037037
4548,54,52,0.037037
4550,54,52,0.037037
4552,54,52,0.037037
4555,54,52,0.037037
4556,54,52,0.037037
4557,54,52,0.037037
4559,54,52,0.037037
4560,54,52,0.037037
4561,54,52,0.037037
4563,54,52,0.037037
4565,54,52,0.037037
4567,54,52,0.037037
4569,54,52,0.037037
4570,54,52,0.037037
4572,54,52,0.037037
4574,54,52,0.037037
4575,54,52,0.037037
4576,54,52,0.037037
4578,54,52,0.037037
4579,54,52,0.037037
4581,54,52,0.037037
4583,54,52,0.037037
4585,54,52,0.037037
4587,54,52,0.037037
4589,54,52,0.037037
4591,54,52,0.037037
4592,54,52,0.037037
4594,54,52,0.037037
4596,54,52,0.037037
4598,54,52,0.037037
4600,54,52,0.037037
4602,54,52,0.037037
4605,54,52,0.037037
4607,54,52,0.037037
4609,54,52,0.037037
4610,54,52,0.037037
4612,54,52,0.037037
4615,54,52,0.037037
4616,54,52,0.037037
4618,54,52,0.037037
4619,54,52,0.037037
4621,54,52,0.037037
4623,54,52,0.037037
4624,54,52,0.037037
4625,54,52,0.037037
4626,54,52,0.037037
4628,54,52,0.037037
4629,54,52,0.037037
4631,54,52,0.037037
4633,54,52,0.037037
4634,54,52,0.037037
4636,54,52,0.037037
4638,54,52,0.037037
4640,54,52,0.037037
4641,54,52,0.037037
4642,54,52,0.037037
4644,54,52,0.037037
4645,54,52,0.037037
4647,54,52,0.037037
4648,54,52,0.037037
4650,54,52,0.037037
4652,54,52,0.037037
4654,54,52,0.037037
4655,54,52,0.037037
4657,54,52,0.037037
4658,54,52,0.037037
4660,54,52,0.037037
4661,54,52,0.037037
4663,54,52,0.037037
4665,54,52,0.037037
4667,54,52,0.037037
4668,54,52,0.037037
4670,54,52,0.037037
4671,54,52,0.037037
4673,54,52,0.037037
4675,54,52,0.037037
4676,54,52,0.037037
4677,54,52,0.037037
4679,54,52,0.037037
4681,54,52,0.037037
4683,54,52,0.037037
4684,54,52,0.037037
4685,54,52,0.037037
4687,54,52,0.037037
4689,54,52,0.037037
4690,54,52,0.037037
4691,54,52,0.037037
4693,54,52,0.037037
4694,54,52,0.037037
4696,54,52,0.037037
4698,54,52,0.037037
4700,54,52,0.037037
4703,54,52,0.037037
4705,54,52,0.037037
4707,54,52,0.037037
4709,54,52,0.037037
4710,54,52,0.037037
4712,54,52,0.037037
4714,54,52,0.037037
4715,54,52,0.037037
4717,54,52,0.037037
4718,54,52,0.037037
4720,54,52,0.037037
4722,54,52,0.037037
4724,54,52,0.037037
4725,54,52,0.037037
4726,54,52,0.037037
4728,54,52,0.037037
4730,54,52,0.037037
4731,54,52,0.037037
4733,54,52,0.037037
4734,54,52,0.037037
4736,54,52,0.037037
4739,54,52,0.037037
4740,54,52,0.037037
4742,54,52,0.037037
4744,54,52,0.037037
4745,54,52,0.037037
4748,54,52,0.037037
4750,54,52,0.037037
4753,54,52,0.037037
4755,54,52,0.037037
4756,54,52,0.037037
4758,54,52,0.037037
4759,54,52,0.037037
4761,54,52,0.037037
4763,54,52,0.037037
4764,54,52,0.037037
4766,54,52,0.037037
4768,54,52,0.037037
4772,54,52,0.037037
4774,54,52,0.037037
4776,54,52,0.037037
4778,54,52,0.037037
4780,54,52,0.037037
4782,54,52,0.037037
4784,54,52,0.037037
4787,54,52,0.037037
4789,54,52,0.037037
4790,54,52,0.037037
4792,54,52,0.037037
4793,54,52,0.037037
4795,54,52,0.037037
4797,54,52,0.037037
4798,54,52,0.037037
4800,54,52,0.037037
4802,54,52,0.037037
4805,54,52,0.037037
4807,54,52,0.037037
4809,54,52,0.037037
4811,54,52,0.037037
4813,54,52,0.037037
4815,54,52,0.037037
4817,54,52,0.037037
4819,54,52,0.037037
4822,54,52,0.037037
4824,54,52,0.037037
4825,54,52,0.037037
4827,54,52,0.037037
4829,54,52,0.037037
4831,54,52,0.037037
4833,54,52,0.037037
4836,54,52,0.037037
4838,54,52,0.037037
4840,54,52,0.037037
4842,54,52,0.037037
4844,54,52,0.037037
4845,54,52,0.037037
4847,54,52,0.037037
4849,54,52,0.037037
4852,54,52,0.037037
4854,54,52,0.037037
4856,54,52,0.037037
4858,54,52,0.037037
4860,54,52,0.037037
4862,54,52,0.037037
4863,54,52,0.037037
4865,54,52,0.037037
4867,54,52,0.037037
4870,54,52,0.037037
4872,54,52,0.037037
4874,54,52,0.037037
4875,54,52,0.037037
4877,54,52,0.037037
4878,54,52,0.037037
4881,54,52,0.037037
4883,54,52,0.037037
4885,54,52,0.037037
4887,54,52,0.037037
4889,54,52,0.037037
4891,54,52,0.037037
4892,54,52,0.037037
4893,54,52,0.037037
4895,54,52,0.037037
4897,54,52,0.037037
4899,54,52,0.037037
4900,54,52,0.037037
4902,54,52,0.037037
4905,54,52,0.037037
4906,54,52,0.037037
4908,54,52,0.037037
4909,54,52,0.037037
4910,54,52,0.037037
4912,54,52,0.037037
4914,54,52,0.037037
4916,54,52,0.037037
4918,54,52,0.037037
4920,54,52,0.037037
4922,54,52,0.037037
4923,54,52,0.037037
4925,54,52,0.037037
4926,54,52,0.037037
4928,54,52,0.037037
4929,54,52,0.037037
4930,54,52,0.037037
4932,54,52,0.037037
4934,54,52,0.037037
4936,54,52,0.037037
4937,54,52,0.037037
4939,54,52,0.037037
4940,54,52,0.037037
4942,54,52,0.037037
4943,54,52,0.037037
4944,54,52,0.037037
4946,54,52,0.037037
4948,54,52,0.037037
4950,54,52,0.037037
4952,54,52,0.037037
4953,54,52,0.037037
4955,54,52,0.037037
4957,54,52,0.037037
4958,54,52,0.037037
4960,54,52,0.037037
4961,54,52,0.037037
4963,54,52,0.037037
4964,54,52,0.037037
4966,54,52,0.037037
4967,54,52,0.037037
4969,54,52,0.037037
4971,54,52,0.037037
4972,54,52,0.037037
4973,54,52,0.037037
4975,54,52,0.037037
4976,54,52,0.037037
4977,54,52,0.037037
4979,54,52,0.037037
4981,54,52,0.037037
4983,54,52,0.037037
4985,54,52,0.037037
4986,54,52,0.037037
4988,54,52,0.037037
4989,54,52,0.037037
4990,54,52,0.037037
4992,54,52,0.037037
4993,54,52,0.037037
4994,54,52,0.037037
4996,54,52,0.037037
4997,54,52,0.037037
4999,54,52,0.037037
5000,54,52,0.037037
5001,54,52,0.037037
5003,54,52,0.037037
5004,54,52,0.037037
5006,54,52,0.037037
5007,54,52,0.037037
5009,54,52,0.037037
5010,54,52,0.037037
5011,54,52,0.037037
5013,54,52,0.037037
5014,54,52,0.037037
5016,54,52,0.037037
5017,54,52,0.037037
5018,54,52,0.037037
5020,54,52,0.037037
5021,54,52,0.037037
5023,54,52,0.037037
5024,54,52,0.037037
5026,54,52,0.037037
5027,54,52,0.037037
5029,54,52,0.037037
5031,54,52,0.037037
5033,54,52,0.037037
5035,54,52,0.037037
5037,54,52,0.037037
5038,54,52,0.037037
5040,54,52,0.037037
5041,54,52,0.037037
5043,54,52,0.037037
5044,54,52,0.037037
5046,54,52,0.037037
5047,54,52,0.037037
5049,54,52,0.037037
5050,54,52,0.037037
5051,54,52,0.037037
5053,54,52,0.037037
5054,54,52,0.037037
5056,54,52,0.037037
5057,54,52,0.037037
5058,54,52,0.037037
5060,54,52,0.037037
5062,54,52,0.037037
5064,54,52,0.037037
5066,54,52,0.037037
5068,54,52,0.037037
5070,54,52,0.037037
5072,54,52,0.037037
5074,54,52,0.037037
5076,54,52,0.037037
5077,54,52,0.037037
5079,54,52,0.037037
5081,54,52,0.037037
5083,54,52,0.037037
5086,54,52,0.037037
5087,54,52,0.037037
5089,54,52,0.037037
5090,54,52,0.037037
5092,54,52,0.037037
5093,54,52,0.037037
5095,54,52,0.037037
5098,54,52,0.037037
5099,54,52,0.037037
5101,54,52,0.037037
5103,54,52,0.037037
5104,54,52,0.037037
5106,54,52,0.037037
5107,54,52,0.037037
5109,54,52,0.037037
5110,54,52,0.037037
5112,54,52,0.037037
5113,54,52,0.037037
5115,54,52,0.037037
5116,54,52,0.037037
5118,54,52,0.037037
5119,54,52,0.037037
5120,54,52,0.037037
5121,54,52,0.037037
5123,54,52,0.037037
5125,54,52,0.037037
5127,54,52,0.037037
5129,54,52,0.037037
5130,54,52,0.037037
5132,54,52,0.037037
5133,54,52,0.037037
5134,54,52,0.037037
5136,54,52,0.037037
5138,54,52,0.037037
5139,54,52,0.037037
5141,54,52,0.037037
5143,54,52,0.037037
5144,54,52,0.037037
5145,54,52,0.037037
5147,54,52,0.037037
5148,54,52,0.037037
5149,54,52,0.037037
5151,54,52,0.037037
5153,54,52,0.037037
5154,54,52,0.037037
5156,54,52,0.037037
5157,54,52,0.037037
5158,54,52,0.037037
5160,54,52,0.037037
5161,54,52,0.037037
5162,54,52,0.037037
5164,54,52,0.037037
5166,54,52,0.037037
5167,54,52,0.037037
5169,54,52,0.037037
5171,54,52,0.037037
5173,54,52,0.037037
5174,54,52,0.037037
5176,54,52,0.037037
5178,54,52,0.037037
5179,54,52,0.037037
5181,54,52,0.037037
5182,54,52,0.037037
5183,54,52,0.037037
5185,54,52,0.037037
5186,54,52,0.037037
5187,54,52,0.037037
5189,54,52,0.037037
5190,54,52,0.037037
5191,54,52,0.037037
5193,54,52,0.037037
5194,54,52,0.037037
5196,54,52,0.037037
5197,54,52,0.037037
5198,54,52,0.037037
5200,54,52,0.037037
5201,54,52,0.037037
5203,54,52,0.037037
5205,54,52,0.037037
5206,54,52,0.037037
5207,54,52,0.037037
5208,54,52,0.037037
5211,54,52,0.037037
5212,54,52,0.037037
5214,54,52,0.037037
5217,54,52,0.037037
5218,54,52,0.037037
5220,54,52,0.037037
5221,54,52,0.037037
5223,54,52,0.037037
5225,54,52,0.037037
5226,54,52,0.037037
5228,54,52,0.037037
5229,54,52,0.037037
5231,54,52,0.037037
5232,54,52,0.037037
5234,54,52,0.037037
5235,54,52,0.037037
5237,54,52,0.037037
5239,54,52,0.037037
5240,54,52,0.037037
5242,54,52,0.037037
5243,54,52,0.037037
5244,54,52,0.037037
5245,54,52,0.037037
5247,54,52,0.037037
5249,54,52,0.037037
5250,54,52,0.037037
5252,54,52,0.037037
5253,54,52,0.037037
5255,54,52,0.037037
5257,54,52,0.037037
5258,54,52,0.037037
5259,54,52,0.037037
5261,54,52,0.037037
5262,54,52,0.037037
5264,54,52,0.037037
5265,54,52,0.037037
5267,54,52,0.037037
5268,54,52,0.037037
5270,54,52,0.037037
5271,54,52,0.037037
5272,54,52,0.037037
5274,54,52,0.037037
5276,54,52,0.037037
5278,54,52,0.037037
5279,54,52,0.037037
5280,54,52,0.037037
5282,54,52,0.037037
5283,54,52,0.037037
5284,54,52,0.037037
5286,54,52,0.037037
5287,54,52,0.037037
5288,54,52,0.037037
5290,54,52,0.037037
5291,54,52,0.037037
5292,54,52,0.037037
5294,54,52,0.037037
5295,54,52,0.037037
5297,54,52,0.037037
5298,54,52,0.037037
5300,54,52,0.037037
5301,54,52,0.037037
5303,54,52,0.037037
5304,54,52,0.037037
5305,54,52,0.037037
5306,54,52,0.037037
5308,54,52,0.037037
5309,54,52,0.037037
5310,54,52,0.037037
5311,54,52,0.037037
5313,54,52,0.037037
5314,54,52,0.037037
5316,54,52,0.037037
5318,54,52,0.037037
5319,54,52,0.037037
5321,54,52,0.037037
5322,54,52,0.037037
5324,54,52,0.037037
5325,54,52,0.037037
5327,54,52,0.037037
5328,54,52,0.037037
5330,54,52,0.037037
5331,54,52,0.037037
5332,54,52,0.037037
5333,54,52,0.037037
5335,54,52,0.037037
5336,54,52,0.037037
5337,54,52,0.037037
5339,54,52,0.037037
5340,54,52,0.037037
5341,54,52,0.037037
5342,54,52,0.037037
5344,54,52,0.037037
5345,54,52,0.037037
5347,54,52,0.037037
5349,54,52,0.037037
5352,54,52,0.037037
5355,54,52,0.037037
5357,54,52,0.037037
5359,54,52,0.037037
5360,54,52,0.037037
5361,54,52,0.037037
5363,54,52,0.037037
5365,54,52,0.037037
5366,54,52,0.037037
5368,54,52,0.037037
5371,54,52,0.037037
5373,54,52,0.037037
5374,54,52,0.037037
5376,54,52,0.037037
5378,54,52,0.037037
5380,54,52,0.037037
5382,54,52,0.037037
5384,54,52,0.037037
5387,54,52,0.037037
5389,54,52,0.037037
5391,54,52,0.037037
5392,54,52,0.037037
5394,54,52,0.037037
5396,54,52,0.037037
5398,54,52,0.037037
5402,54,52,0.037037
5404,54,52,0.037037
5406,54,52,0.037037
5408,54,52,0.037037
5409,54,52,0.037037
5411,54,52,0.037037
5413,54,52,0.037037
5414,54,52,0.037037
5416,54,52,0.037037
5418,54,52,0.037037
5419,54,52,0.037037
5421,54,52,0.037037
5424,54,52,0.037037
5425,54,52,0.037037
5427,54,52,0.037037
5429,54,52,0.037037
5431,54,52,0.037037
5433,54,52,0.037037
5435,54,52,0.037037
5437,54,52,0.037037
5440,54,52,0.037037
5441,54,52,0.037037
5443,54,52,0.037037
5444,54,52,0.037037
5446,54,52,0.037037
5448,54,52,0.037037
5451,54,52,0.037037
5453,54,52,0.037037
5455,54,52,0.037037
5456,54,52,0.037037
5458,54,52,0.037037
5459,54,52,0.037037
5461,54,52,0.037037
5463,54,52,0.037037
5465,54,52,0.037037
5467,54,52,0.037037
5469,54,52,0.037037
5472,54,52,0.037037
5473,54,52,0.037037
5475,54,52,0.037037
5476,54,52,0.037037
5477,54,52,0.037037
5480,54,52,0.037037
5481,54,52,0.037037
5483,54,52,0.037037
5485,54,52,0.037037
5487,54,52,0.037037
5490,54,52,0.037037
5491,54,52,0.037037
5493,54,52,0.037037
5494,54,52,0.037037
5496,54,52,0.037037
5498,54,52,0.037037
5499,54,52,0.037037
5501,54,52,0.037037
5503,54,52,0.037037
5504,54,52,0.037037
5506,54,52,0.037037
5507,54,52,0.037037
5508,54,52,0.037037
5510,54,52,0.037037
5511,54,52,0.037037
5512,54,52,0.037037
5514,54,52,0.037037
5516,54,52,0.037037
5517,54,52,0.037037
5519,54,52,0.037037
5521,54,52,0.037037
5523,54,52,0.037037
5525,54,52,0.037037
5526,54,52,0.037037
5538,54,52,0.037037
5539,54,52,0.037037
5541,54,52,0.037037
5542,54,52,0.037037
5543,54,52,0.037037
5545,54,52,0.037037
5547,54,52,0.037037
5549,54,52,0.037037
5550,54,52,0.037037
5552,54,52,0.037037
5554,54,52,0.037037
5555,54,52,0.037037
5557,54,52,0.037037
5558,54,52,0.037037
5560,54,52,0.037037
5561,54,52,0.037037
5563,54,52,0.037037
5565,54,52,0.037037
5566,54,52,0.037037
5568,54,52,0.037037
5571,54,52,0.037037
5573,54,52,0.037037
5575,54,52,0.037037
5576,54,52,0.037037
5577,54,52,0.037037
5579,54,52,0.037037
5580,54,52,0.037037
5582,54,52,0.037037
5584,54,52,0.037037
5586,54,52,0.037037
5587,54,52,0.037037
5588,54,52,0.037037
5590,54,52,0.037037
5591,54,52,0.037037
5593,54,52,0.037037
5595,54,52,0.037037
5597,54,52,0.037037
5599,54,52,0.037037
5600,54,52,0.037037
5601,54,52,0.037037
5603,54,52,0.037037
5606,54,52,0.037037
5607,54,52,0.037037
5608,54,52,0.037037
5610,54,52,0.037037
5611,54,52,0.037037
5613,54,52,0.037037
5615,54,52,0.037037
5617,54,52,0.037037
5618,54,52,0.037037
5620,54,52,0.037037
5622,54,52,0.037037
5623,54,52,0.037037
5624,54,52,0.037037
5626,54,52,0.037037
5628,54,52,0.037037
5629,54,52,0.037037
5630,54,52,0.037037
5632,54,52,0.037037
5634,54,52,0.037037
5636,54,52,0.037037
5639,54,52,0.037037
5640,54,52,0.037037
5641,54,52,0.037037
5643,54,52,0.037037
5644,54,52,0.037037
5646,54,52,0.037037
5647,54,52,0.037037
5649,54,52,0.037037
5650,54,52,0.037037
5651,54,52,0.037037
5653,54,52,0.037037
5654,54,52,0.037037
5656,54,52,0.037037
5657,54,52,0.037037
5659,54,52,0.037037
5660,54,52,0.037037
5661,54,52,0.037037
5663,54,52,0.037037
5664,54,52,0.037037
5665,54,52,0.037037
5668,54,52,0.037037
5669,54,52,0.037037
5670,54,52,0.037037
5672,54,52,0.037037
5673,54,52,0.037037
5674,54,52,0.037037
5676,54,52,0.037037
5677,54,52,0.037037
5678,54,52,0.037037
5679,54,52,0.037037
5681,54,52,0.037037
5683,54,52,0.037037
5686,54,52,0.037037
5688,54,52,0.037037
5690,54,52,0.037037
5691,54,52,0.037037
5693,54,52,0.037037
5694,54,52,0.037037
5696,54,52,0.037037
5698,54,52,0.037037
5700,54,52,0.037037
5702,54,52,0.037037
5704,54,52,0.037037
5705,54,52,0.037037
5707,54,52,0.037037
5708,54,52,0.037037
5710,54,52,0.037037
5711,54,52,0.037037
5713,54,52,0.037037
5714,54,52,0.037037
5716,54,52,0.037037
5718,54,52,0.037037
5721,54,52,0.037037
5723,54,52,0.037037
5724,54,52,0.037037
5726,54,52,0.037037
5728,54,52,0.037037
5730,54,52,0.037037
5732,54,52,0.037037
5734,54,52,0.037037
5735,54,52,0.037037
5737,54,52,0.037037
5739,54,52,0.037037
5741,54,52,0.037037
5742,54,52,0.037037
5743,54,52,0.037037
5745,54,52,0.037037
5747,54,52,0.037037
5749,54,52,0.037037
5751,54,52,0.037037
5753,54,52,0.037037
5755,54,52,0.037037
5756,54,52,0.037037
5757,54,52,0.037037
5759,54,52,0.037037
5760,54,52,0.037037
5761,54,52,0.037037
5763,54,52,0.037037
5765,54,52,0.037037
5767,54,52,0.037037
5769,54,52,0.037037
5771,54,52,0.037037
5773,54,52,0.037037
5774,54,52,0.037037
5776,54,52,0.037037
5777,54,52,0.037037
5778,54,52,0.037037
5780,54,52,0.037037
5782,54,52,0.037037
5783,54,52,0.037037
5785,54,52,0.037037
5787,54,52,0.037037
5789,54,52,0.037037
5790,54,52,0.037037
5792,54,52,0.037037
5793,54,52,0.037037
5795,54,52,0.037037
5796,54,52,0.037037
5798,54,52,0.037037
5799,54,52,0.037037
5803,54,52,0.037037
5804,54,52,0.037037
5806,54,52,0.037037
5807,54,52,0.037037
5809,54,52,0.037037
5810,54,52,0.037037
5811,54,52,0.037037
5813,54,52,0.037037
5815,54,52,0.037037
5817,54,52,0.037037
5818,54,52,0.037037
5821,54,52,0.037037
5822,54,52,0.037037
5824,54,52,0.037037
5825,54,52,0.037037
5826,54,52,0.037037
5828,54,52,0.037037
5830,54,52,0.037037
5832,54,52,0.037037
5833,54,52,0.037037
5835,54,52,0.037037
5838,54,52,0.037037
5840,54,52,0.037037
5841,54,52,0.037037
5843,54,52,0.037037
5844,54,52,0.037037
5846,54,52,0.037037
5847,54,52,0.037037
5850,54,52,0.037037
5852,54,52,0.037037
5853,54,52,0.037037
5855,54,52,0.037037
5857,54,52,0.037037
5858,54,52,0.037037
5860,54,52,0.037037
5862,54,52,0.037037
5864,54,52,0.037037
5865,54,52,0.037037
5867,54,52,0.037037
5869,54,52,0.037037
5872,54,52,0.037037
5874,54,52,0.037037
5875,54,52,0.037037
5877,54,52,0.037037
5878,54,52,0.037037
5881,54,52,0.037037
5882,54,52,0.037037
5884,54,52,0.037037
5886,54,52,0.037037
5888,54,52,0.037037
5890,54,52,0.037037
5892,54,52,0.037037
5893,54,52,0.037037
5895,54,52,0.037037
5897,54,52,0.037037
5899,54,52,0.037037
5901,54,52,0.037037
5903,54,52,0.037037
5905,54,52,0.037037
5906,54,52,0.037037
5908,54,52,0.037037
5910,54,52,0.037037
5911,54,52,0.037037
5913,54,52,0.037037
5915,54,52,0.037037
5917,54,52,0.037037
5919,54,52,0.037037
5921,54,52,0.037037
5923,54,52,0.037037
5925,54,52,0.037037
5927,54,52,0.037037
5929,54,52,0.037037
5931,54,52,0.037037
5933,54,52,0.037037
5934,54,52,0.037037
5937,54,52,0.037037
5940,54,52,0.037037
5941,54,52,0.037037
5943,54,52,0.037037
5945,54,52,0.037037
5947,54,52,0.037037
5949,54,52,0.037037
5951,54,52,0.037037
5953,54,52,0.037037
5956,54,52,0.037037
5958,54,52,0.037037
5959,54,52,0.037037
5961,54,52,0.037037
5963,54,52,0.037037
5965,54,52,0.037037
5966,54,52,0.037037
5968,54,52,0.037037
5970,54,52,0.037037
5971,54,52,0.037037
5973,54,52,0.037037
5974,54,52,0.037037
5976,54,52,0.037037
5978,54,52,0.037037
5980,54,52,0.037037
5982,54,52,0.037037
5985,54,52,0.037037
5987,54,52,0.037037
5989,54,52,0.037037
5991,54,52,0.037037
5992,54,52,0.037037
5993,54,52,0.037037
5995,54,52,0.037037
5996,54,52,0.037037
5999,54,52,0.037037
6000,54,52,0.037037
6002,54,52,0.037037
6003,54,52,0.037037
6005,54,52,0.037037
6006,54,52,0.037037
6008,54,52,0.037037
6009,54,52,0.037037
6011,54,52,0.037037
6012,54,52,0.037037
6014,54,52,0.037037
6016,54,52,0.037037
6017,54,52,0.037037
6019,54,52,0.037037
6020,54,52,0.037037
6022,54,52,0.037037
6023,54,52,0.037037
6025,54,52,0.037037
6026,54,52,0.037037
6027,54,52,0.037037
6029,54,52,0.037037
6030,54,52,0.037037
6032,54,52,0.037037
6034,54,52,0.037037
6035,54,52,0.037037
6037,54,52,0.037037
6038,54,52,0.037037
6040,54,52,0.037037
6041,54,52,0.037037
6042,54,52,0.037037
6043,54,52,0.037037
6045,54,52,0.037037
6047,54,52,0.037037
6049,54,52,0.037037
6050,54,52,0.037037
6051,54,52,0.037037
6053,54,52,0.037037
6054,54,52,0.037037
6055,54,52,0.037037
6057,54,52,0.037037
6059,54,52,0.037037
6061,54,52,0.037037
6062,54,52,0.037037
6063,54,52,0.037037
6065,54,52,0.037037
6067,54,52,0.037037
6068,54,52,0.037037
6069,54,52,0.037037
6071,54,52,0.037037
6072,54,52,0.037037
6073,54,52,0.037037
6075,54,52,0.037037
6076,54,52,0.037037
6077,54,52,0.037037
6078,54,52,0.037037
6080,54,52,0.037037
6081,54,52,0.037037
6083,54,52,0.037037
6084,54,52,0.037037
6085,54,52,0.037037
6087,54,52,0.037037
6088,54,52,0.037037
6089,54,52,0.037037
6091,54,52,0.037037
6092,54,52,0.037037
6094,54,52,0.037037
6095,54,52,0.037037
6096,54,52,0.037037
6098,54,52,0.037037
6099,54,52,0.037037
6101,54,52,0.037037
6102,54,52,0.037037
6103,54,52,0.037037
6105,54,52,0.037037
6106,54,52,0.037037
6108,54,52,0.037037
6109,54,52,0.037037
6110,54,52,0.037037
6112,54,52,0.037037
6113,54,52,0.037037
6115,54,52,0.037037
6116,54,52,0.037037
6117,54,52,0.037037
6119,54,52,0.037037
6120,54,52,0.037037
6121,54,52,0.037037
6123,54,52,0.037037
6124,54,52,0.037037
6125,54,52,0.037037
6127,54,52,0.037037
6128,54,52,0.037037
6130,54,52,0.037037
6131,54,52,0.037037
6133,54,52,0.037037
6134,54,52,0.037037
6137,54,52,0.037037
6139,54,52,0.037037
6140,54,52,0.037037
6142,54,52,0.037037
6143,54,52,0.037037
6145,54,52,0.037037
6146,54,52,0.037037
6148,54,52,0.037037
6150,54,52,0.037037
6155,54,52,0.037037
6157,54,52,0.037037
6158,54,52,0.037037
6159,54,52,0.037037
6161,54,52,0.037037
6162,54,52,0.037037
6164,54,52,0.037037
6165,54,52,0.037037
6168,54,52,0.037037
6170,54,52,0.037037
6172,54,52,0.037037
6173,54,52,0.037037
6175,54,52,0.037037
6177,54,52,0.037037
6178,54,52,0.037037
6180,54,52,0.037037
6181,54,52,0.037037
6183,54,52,0.037037
6185,54,52,0.037037
6186,54,52,0.037037
6187,54,52,0.037037
6190,54,52,0.037037
6192,54,52,0.037037
6193,54,52,0.037037
6195,54,52,0.037037
6196,54,52,0.037037
6198,54,52,0.037037
6199,54,52,0.037037
6201,54,52,0.037037
6202,54,52,0.037037
6204,54,52,0.037037
6205,54,52,0.037037
6207,54,52,0.037037
6208,54,52,0.037037
6209,54,52,0.037037
6211,54,52,0.037037
6212,54,52,0.037037
6214,54,52,0.037037
6215,54,52,0.037037
6217,54,52,0.037037
6218,54,52,0.037037
6220,54,52,0.037037
6221,54,52,0.037037
6223,54,52,0.037037
6225,54,52,0.037037
6226,54,52,0.037037
6227,54,52,0.037037
6229,54,52,0.037037
6231,54,52,0.037037
6232,54,52,0.037037
6233,54,52,0.037037
6235,54,52,0.037037
6236,54,52,0.037037
6238,54,52,0.037037
6239,54,52,0.037037
6241,54,52,0.037037
6242,54,52,0.037037
6243,54,52,0.037037
6245,54,52,0.037037
6246,54,52,0.037037
6248,54,52,0.037037
6249,54,52,0.037037
6251,54,52,0.037037
6252,54,52,0.037037
6253,54,52,0.037037
6255,54,52,0.037037
6256,54,52,0.037037
6258,54,52,0.037037
6259,54,52,0.037037
6260,54,52,0.037037
6262,54,52,0.037037
6264,54,52,0.037037
6265,54,52,0.037037
6266,54,52,0.037037
6268,54,52,0.037037
6269,54,52,0.037037
6272,54,52,0.037037
6273,54,52,0.037037
6274,54,52,0.037037
6276,54,52,0.037037
6277,54,52,0.037037
6278,54,52,0.037037
6280,54,52,0.037037
6281,54,52,0.037037
6283,54,52,0.037037
6284,54,52,0.037037
6286,54,52,0.037037
6287,54,52,0.037037
6289,54,52,0.037037
6290,54,52,0.037037
6291,54,52,0.037037
6293,54,52,0.037037
6294,54,52,0.037037
6295,54,52,0.037037
6297,54,52,0.037037
6298,54,52,0.037037
6300,54,52,0.037037
6301,54,52,0.037037
6303,54,52,0.037037
6304,54,52,0.037037
6305,54,52,0.037037
6307,54,52,0.037037
6308,54,52,0.037037
6309,54,52,0.037037
6311,54,52,0.037037
6312,54,52,0.037037
6314,54,52,0.037037
6316,54,52,0.037037
6317,54,52,0.037037
6318,54,52,0.037037
6319,54,52,0.037037
6321,54,52,0.037037
6323,54,52,0.037037
6325,54,52,0.037037
6327,54,52,0.037037
6329,54,52,0.037037
6331,54,52,0.037037
6333,54,52,0.037037
6335,54,52,0.037037
6336,54,52,0.037037
6338,54,52,0.037037
6342,54,52,0.037037
6344,54,52,0.037037
6347,54,52,0.037037
6350,54,52,0.037037
6352,54,52,0.037037
6355,54,52,0.037037
6357,54,52,0.037037
6359,54,52,0.037037
6361,54,52,0.037037
6363,54,52,0.037037
6364,54,52,0.037037
6366,54,52,0.037037
6368,54,52,0.037037
6372,54,52,0.037037
6373,54,52,0.037037
6374,54,52,0.037037
6376,54,52,0.037037
6378,54,52,0.037037
6379,54,52,0.037037
6381,54,52,0.037037
6383,54,52,0.037037
6384,54,52,0.037037
6386,54,52,0.037037
6388,54,52,0.037037
6389,54,52,0.037037
6391,54,52,0.037037
6392,54,52,0.037037
6394,54,52,0.037037
6396,54,52,0.037037
6397,54,52,0.037037
6398,54,52,0.037037
6400,54,52,0.037037
6401,54,52,0.037037
6403,54,52,0.037037
6406,54,52,0.037037
6407,54,52,0.037037
6409,54,52,0.037037
6410,54,52,0.037037
6412,54,52,0.037037
6413,54,52,0.037037
6415,54,52,0.037037
6416,54,52,0.037037
6417,54,52,0.037037
6419,54,52,0.037037
6420,54,52,0.037037
6422,54,52,0.037037
6424,54,52,0.037037
6425,54,52,0.037037
6426,54,52,0.037037
6428,54,52,0.037037
6429,54,52,0.037037
6431,54,52,0.037037
6432,54,52,0.037037
6434,54,52,0.037037
6435,54,52,0.037037
6437,54,52,0.037037
6439,54,52,0.037037
6441,54,52,0.037037
6442,54,52,0.037037
6444,54,52,0.037037
6445,54,52,0.037037
6446,54,52,0.037037
6448,54,52,0.037037
6449,54,52,0.037037
6451,54,52,0.037037
6453,54,52,0.037037
6455,54,52,0.037037
6456,54,52,0.037037
6458,54,52,0.037037
6459,54,52,0.037037
6461,54,52,0.037037
6462,54,52,0.037037
6463,54,52,0.037037
6465,54,52,0.037037
6466,54,52,0.037037
6468,54,52,0.037037
6469,54,52,0.037037
6472,54,52,0.037037
6474,54,52,0.037037
6475,54,52,0.037037
6477,54,52,0.037037
6478,54,52,0.037037
6480,54,52,0.037037
6482,54,52,0.037037
6484,54,52,0.037037
6487,54,52,0.037037
6489,54,52,0.037037
6491,54,52,0.037037
6493,54,52,0.037037
6495,54,52,0.037037
6497,54,52,0.037037
6498,54,52,0.037037
6500,54,52,0.037037
6501,54,52,0.037037
6503,54,52,0.037037
6506,54,52,0.037037
6508,54,52,0.037037
6509,54,52,0.037037
6511,54,52,0.037037
6512,54,52,0.037037
6514,54,52,0.037037
6515,54,52,0.037037
6516,54,52,0.037037
6518,54,52,0.037037
6519,54,52,0.037037
6520,54,52,0.037037
6522,54,52,0.037037
6524,54,52,0.037037
6526,54,52,0.037037
6527,54,52,0.037037
6528,54,52,0.037037
6530,54,52,0.037037
6531,54,52,0.037037
6533,54,52,0.037037
6534,54,52,0.037037
6536,54,52,0.037037
6538,54,52,0.037037
6539,54,52,0.037037
6542,54,52,0.037037
6543,54,52,0.037037
6545,54,52,0.037037
6546,54,52,0.037037
6547,54,52,0.037037
6549,54,52,0.037037
6551,54,52,0.037037
6553,54,52,0.037037
6555,54,52,0.037037
6557,54,52,0.037037
6558,54,52,0.037037
6560,54,52,0.037037
6561,54,52,0.037037
6562,54,52,0.037037
6564,54,52,0.037037
6565,54,52,0.037037
6567,54,52,0.037037
6569,54,52,0.037037
6571,54,52,0.037037
6573,54,52,0.037037
6575,54,52,0.037037
6577,54,52,0.037037
6580,54,52,0.037037
6581,54,52,0.037037
6583,54,52,0.037037
6584,54,52,0.037037
6587,54,52,0.037037
6590,54,52,0.037037
6591,54,52,0.037037
6593,54,52,0.037037
6595,54,52,0.037037
6596,54,52,0.037037
6598,54,52,0.037037
6599,54,52,0.037037
6601,54,52,0.037037
6602,54,52,0.037037
6605,54,52,0.037037
6606,54,52,0.037037
6608,54,52,0.037037
6609,54,52,0.037037
6611,54,52,0.037037
6612,54,52,0.037037
6614,54,52,0.037037
6615,54,52,0.037037
6617,54,52,0.037037
6618,54,52,0.037037
6619,54,52,0.037037
6622,54,52,0.037037
6624,54,52,0.037037
6626,54,52,0.037037
6628,54,52,0.037037
6629,54,52,0.037037
6630,54,52,0.037037
6632,54,52,0.037037
6633,54,52,0.037037
6635,54,52,0.037037
6636,54,52,0.037037
6638,54,52,0.037037
6641,54,52,0.037037
6642,54,52,0.037037
6645,54,52,0.037037
6647,54,52,0.037037
6648,54,52,0.037037
6651,54,52,0.037037
6653,54,52,0.037037
6654,54,52,0.037037
6656,54,52,0.037037
6658,54,52,0.037037
6659,54,52,0.037037
6661,54,52,0.037037
6662,54,52,0.037037
6664,54,52,0.037037
6665,54,52,0.037037
6667,54,52,0.037037
6669,54,52,0.037037
6670,54,52,0.037037
6672,54,52,0.037037
6673,54,52,0.037037
6675,54,52,0.037037
6676,54,52,0.037037
6678,54,52,0.037037
6680,54,52,0.037037
6681,54,52,0.037037
6682,54,52,0.037037
6684,54,52,0.037037
6685,54,52,0.037037
6687,54,52,0.037037
6688,54,52,0.037037
6690,54,52,0.037037
6691,54,52,0.037037
6693,54,52,0.037037
6694,54,52,0.037037
6696,54,52,0.037037
6697,54,52,0.037037
6699,54,52,0.037037
6700,54,52,0.037037
6701,54,52,0.037037
6704,54,52,0.037037
6707,54,52,0.037037
6709,54,52,0.037037
6710,54,52,0.037037
6712,54,52,0.037037
6713,54,52,0.037037
6715,54,52,0.037037
6716,54,52,0.037037
6718,54,52,0.037037
6720,54,52,0.037037
6722,54,52,0.037037
6724,54,52,0.037037
6725,54,52,0.037037
6727,54,52,0.037037
6729,54,52,0.037037
6730,54,52,0.037037
6732,54,52,0.037037
6733,54,52,0.037037
6735,54,52,0.037037
6737,54,52,0.037037
6738,54,52,0.037037
6740,54,52,0.037037
6741,54,52,0.037037
6743,54,52,0.037037
6744,54,52,0.037037
6745,54,52,0.037037
6747,54,52,0.037037
6748,54,52,0.037037
6749,54,52,0.037037
6751,54,52,0.037037
6753,54,52,0.037037
6755,54,52,0.037037
6756,54,52,0.037037
6758,54,52,0.037037
6759,54,52,0.037037
6760,54,52,0.037037
6762,54,52,0.037037
6763,54,52,0.037037
6765,54,52,0.037037
6766,54,52,0.037037
6768,54,52,0.037037
6769,54,52,0.037037
6771,54,52,0.037037
6773,54,52,0.037037
6775,54,52,0.037037
6776,54,52,0.037037
6778,54,52,0.037037
6780,54,52,0.037037
6782,54,52,0.037037
6783,54,52,0.037037
6786,54,52,0.037037
6788,54,52,0.037037
6789,54,52,0.037037
6791,54,52,0.037037
6792,54,52,0.037037
6794,54,52,0.037037
6796,54,52,0.037037
6798,54,52,0.037037
6800,54,52,0.037037
6802,54,52,0.037037
6804,54,52,0.037037
6807,54,52,0.037037
6810,54,52,0.037037
6812,54,52,0.037037
6813,54,52,0.037037
6815,54,52,0.037037
6817,54,52,0.037037
6819,54,52,0.037037
6821,54,52,0.037037
6823,54,52,0.037037
6824,54,52,0.037037
6826,54,52,0.037037
6827,54,52,0.037037
6829,54,52,0.037037
6831,54,52,0.037037
6832,54,52,0.037037
6834,54,52,0.037037
6836,54,52,0.037037
6839,54,52,0.037037
6841,54,52,0.037037
6842,54,52,0.037037
6844,54,52,0.037037
6845,54,52,0.037037
6847,54,52,0.037037
6849,54,52,0.037037
6851,54,52,0.037037
6853,54,52,0.037037
6854,54,52,0.037037
6856,54,52,0.037037
6857,54,52,0.037037
6859,54,52,0.037037
6861,54,52,0.037037
6863,54,52,0.037037
6864,54,52,0.037037
6866,54,52,0.037037
6867,54,52,0.037037
6869,54,52,0.037037
6870,54,52,0.037037
6871,54,52,0.037037
6873,54,52,0.037037
6875,54,52,0.037037
6877,54,52,0.037037
6879,54,52,0.037037
6880,54,52,0.037037
6882,54,52,0.037037
6885,54,52,0.037037
6886,54,52,0.037037
6888,54,52,0.037037
6889,54,52,0.037037
6891,54,52,0.037037
6892,54,52,0.037037
6894,54,52,0.037037
6895,54,52,0.037037
6897,54,52,0.037037
6898,54,52,0.037037
6900,54,52,0.037037
6902,54,52,0.037037
6903,54,52,0.037037
6905,54,52,0.037037
6906,54,52,0.037037
6908,54,52,0.037037
6909,54,52,0.037037
6911,54,52,0.037037
6913,54,52,0.037037
6914,54,52,0.037037
6916,54,52,0.037037
6917,54,52,0.037037
6919,54,52,0.037037
6920,54,52,0.037037
6922,54,52,0.037037
6926,54,52,0.037037
6927,54,52,0.037037
6930,54,52,0.037037
6931,54,52,0.037037
6934,54,52,0.037037
6935,54,52,0.037037
6938,54,52,0.037037
6941,54,52,0.037037
6942,54,52,0.037037
6944,54,52,0.037037
6946,54,52,0.037037
6948,54,52,0.037037
6950,54,52,0.037037
6952,54,52,0.037037
6954,54,52,0.037037
6956,54,52,0.037037
6958,54,52,0.037037
6960,54,52,0.037037
6963,54,52,0.037037
6966,54,52,0.037037
6968,54,52,0.037037
6970,54,52,0.037037
6972,54,52,0.037037
6974,54,52,0.037037
6976,54,52,0.037037
6978,54,52,0.037037
6980,54,52,0.037037
6982,54,52,0.037037
6984,54,52,0.037037
6986,54,52,0.037037
6989,54,52,0.037037
6991,54,52,0.037037
6993,54,52,0.037037
6995,54,52,0.037037
6997,54,52,0.037037
7000,54,52,0.037037
7003,54,52,0.037037
7005,54,52,0.037037
7007,54,52,0.037037
7009,54,52,0.037037
7011,54,52,0.037037
7013,54,52,0.037037
7015,54,52,0.037037
7016,54,52,0.037037
7018,54,52,0.037037
7020,54,52,0.037037
7021,54,52,0.037037
7023,54,52,0.037037
7024,54,52,0.037037
7026,54,52,0.037037
7027,54,52,0.037037
7029,54,52,0.037037
7031,54,52,0.037037
7032,54,52,0.037037
7034,54,52,0.037037
7035,54,52,0.037037
7037,54,52,0.037037
7038,54,52,0.037037
7041,54,52,0.037037
7042,54,52,0.037037
7044,54,52,0.037037
7046,54,52,0.037037
7048,54,52,0.037037
7050,54,52,0.037037
7051,54,52,0.037037
7053,54,52,0.037037
7054,54,52,0.037037
7056,54,52,0.037037
7058,54,52,0.037037
7060,54,52,0.037037
7061,54,52,0.037037
7064,54,52,0.037037
7065,54,52,0.037037
7067,54,52,0.037037
7068,54,52,0.037037
7070,54,52,0.037037
7072,54,52,0.037037
7073,54,52,0.037037
7075,54,52,0.037037
7076,54,52,0.037037
7077,54,52,0.037037
7079,54,52,0.037037
7081,54,52,0.037037
7083,54,52,0.037037
7084,54,52,0.037037
7087,54,52,0.037037
7089,54,52,0.037037
7091,54,52,0.037037
7092,54,52,0.037037
7094,54,52,0.037037
7095,54,52,0.037037
7097,54,52,0.037037
7098,54,52,0.037037
7100,54,52,0.037037
7101,54,52,0.037037
7103,54,52,0.037037
7104,54,52,0.037037
7106,54,52,0.037037
7108,54,52,0.037037
7110,54,52,0.037037
7111,54,52,0.037037
7113,54,52,0.037037
7115,54,52,0.037037
7117,54,52,0.037037
7118,54,52,0.037037
7120,54,52,0.037037
7122,54,52,0.037037
7124,54,52,0.037037
7125,54,52,0.037037
7127,54,52,0.037037
7128,54,52,0.037037
7130,54,52,0.037037
7131,54,52,0.037037
7133,54,52,0.037037
7135,54,52,0.037037
7136,54,52,0.037037
7138,54,52,0.037037
7139,54,52,0.037037
7141,54,52,0.037037
7142,54,52,0.037037
7144,54,52,0.037037
7147,54,52,0.037037
7149,54,52,0.037037
7152,54,52,0.037037
7155,54,52,0.037037
7157,54,52,0.037037
7159,54,52,0.037037
7161,54,52,0.037037
7164,54,52,0.037037
7167,54,52,0.037037
7169,54,52,0.037037
7172,54,52,0.037037
7175,54,52,0.037037
7178,54,52,0.037037
7180,54,52,0.037037
7182,54,52,0.037037
7184,54,52,0.037037
7187,54,52,0.037037
7190,54,52,0.037037
7192,54,52,0.037037
7193,54,52,0.037037
7195,54,52,0.037037
7197,54,52,0.037037
7199,54,52,0.037037
7201,54,52,0.037037
7203,54,52,0.037037
7206,54,52,0.037037
7208,54,52,0.037037
7210,54,52,0.037037
7212,54,52,0.037037
7214,54,52,0.037037
7216,54,52,0.037037
7218,54,52,0.037037
7220,54,52,0.037037
7222,54,52,0.037037
7224,54,52,0.037037
7226,54,52,0.037037
7227,54,52,0.037037
7230,54,52,0.037037
7231,54,52,0.037037
7234,54,52,0.037037
7237,54,52,0.037037
7239,54,52,0.037037
7240,54,52,0.037037
7242,54,52,0.037037
7244,54,52,0.037037
7246,54,52,0.037037
7248,54,52,0.037037
7250,54,52,0.037037
7253,54,52,0.037037
7255,54,52,0.037037
7257,54,52,0.037037
7258,54,52,0.037037
7260,54,52,0.037037
7262,54,52,0.037037
7264,54,52,0.037037
7267,54,52,0.037037
7268,54,52,0.037037
7270,54,52,0.037037
7272,54,52,0.037037
7275,54,52,0.037037
7276,54,52,0.037037
7277,54,52,0.037037
7279,54,52,0.037037
7281,54,52,0.037037
7283,54,52,0.037037
7285,54,52,0.037037
7288,54,52,0.037037
7290,54,52,0.037037
7292,54,52,0.037037
7293,54,52,0.037037
7295,54,52,0.037037
7297,54,52,0.037037
7298,54,52,0.037037
7301,54,52,0.037037
7303,54,52,0.037037
7305,54,52,0.037037
7307,54,52,0.037037
7308,54,52,0.037037
7310,54,52,0.037037
7311,54,52,0.037037
7314,54,52,0.037037
7315,54,52,0.037037
7317,54,52,0.037037
7318,54,52,0.037037
7321,54,52,0.037037
7322,54,52,0.037037
7324,54,52,0.037037
7325,54,52,0.037037
7327,54,52,0.037037
7329,54,52,0.037037
7331,54,52,0.037037
7333,54,52,0.037037
7335,54,52,0.037037
7338,54,52,0.037037
7340,54,52,0.037037
7341,54,52,0.037037
7344,54,52,0.037037
7347,54,52,0.037037
7349,54,52,0.037037
7351,54,52,0.037037
7353,54,52,0.037037
7356,54,52,0.037037
7358,54,52,0.037037
7359,54,52,0.037037
7361,54,52,0.037037
7363,54,52,0.037037
7367,54,52,0.037037
7369,54,52,0.037037
7371,54,52,0.037037
7373,54,52,0.037037
7375,54,52,0.037037
7376,54,52,0.037037
7377,54,52,0.037037
7379,54,52,0.037037
7381,54,52,0.037037
7383,54,52,0.037037
7384,54,52,0.037037
7386,54,52,0.037037
7388,54,52,0.037037
7389,54,52,0.037037
7391,54,52,0.037037
7393,54,52,0.037037
7394,54,52,0.037037
7397,54,52,0.037037
7399,54,52,0.037037
7401,54,52,0.037037
7404,54,52,0.037037
7406,54,52,0.037037
7407,54,52,0.037037
7409,54,52,0.037037
7410,54,52,0.037037
7412,54,52,0.037037
7413,54,52,0.037037
7415,54,52,0.037037
7417,54,52,0.037037
7420,54,52,0.037037
7421,54,52,0.037037
7423,54,52,0.037037
7425,54,52,0.037037
7426,54,52,0.037037
7428,54,52,0.037037
7430,54,52,0.037037
7432,54,52,0.037037
7434,54,52,0.037037
7436,54,52,0.037037
7439,54,52,0.037037
7440,54,52,0.037037
7442,54,52,0.037037
7444,54,52,0.037037
7445,54,52,0.037037
7447,54,52,0.037037
7449,54,52,0.037037
7452,54,52,0.037037
7454,54,52,0.037037
7456,54,52,0.037037
7457,54,52,0.037037
7459,54,52,0.037037
7461,54,52,0.037037
7462,54,52,0.037037
7465,54,52,0.037037
7467,54,52,0.037037
7469,54,52,0.037037
7471,54,52,0.037037
7472,54,52,0.037037
7474,54,52,0.037037
7475,54,52,0.037037
7477,54,52,0.037037
7478,54,52,0.037037
7481,54,52,0.037037
7482,54,52,0.037037
7485,54,52,0.037037
7487,54,52,0.037037
7489,54,52,0.037037
7491,54,52,0.037037
7492,54,52,0.037037
7493,54,52,0.037037
7495,54,52,0.037037
7498,54,52,0.037037
7500,54,52,0.037037
7502,54,52,0.037037
7504,54,52,0.037037
7505,54,52,0.037037
7507,54,52,0.037037
7508,54,52,0.037037
7510,54,52,0.037037
7511,54,52,0.037037
7514,54,52,0.037037
7516,54,52,0.037037
7518,54,52,0.037037
7521,54,52,0.037037
7523,54,52,0.037037
7525,54,52,0.037037
7527,54,52,0.037037
7528,54,52,0.037037
7531,54,52,0.037037
7533,54,52,0.037037
7535,54,52,0.037037
7537,54,52,0.037037
7539,54,52,0.037037
7540,54,52,0.037037
7542,54,52,0.037037
7543,54,52,0.037037
7545,54,52,0.037037
7547,54,52,0.037037
7549,54,52,0.037037
7552,54,52,0.037037
7553,54,52,0.037037
7555,54,52,0.037037
7557,54,52,0.037037
7559,54,52,0.037037
7561,54,52,0.037037
7564,54,52,0.037037
7566,54,52,0.037037
7568,54,52,0.037037
7570,54,52,0.037037
7572,54,52,0.037037
7574,54,52,0.037037
7576,54,52,0.037037
7578,54,52,0.037037
7580,54,52,0.037037
7582,54,52,0.037037
7584,54,52,0.037037
7586,54,52,0.037037
7588,54,52,0.037037
7590,54,52,0.037037
7593,54,52,0.037037
7595,54,52,0.037037
7596,54,52,0.037037
7598,54,52,0.037037
7601,54,52,0.037037
7603,54,52,0.037037
7605,54,52,0.037037
7607,54,52,0.037037
7609,54,52,0.037037
7610,54,52,0.037037
7612,54,52,0.037037
7614,54,52,0.037037
7615,54,52,0.037037
7617,54,52,0.037037
7618,54,52,0.037037
7620,54,52,0.037037
7622,54,52,0.037037
7623,54,52,0.037037
7625,54,52,0.037037
7626,54,52,0.037037
7628,54,52,0.037037
7629,54,52,0.037037
7631,54,52,0.037037
7634,54,52,0.037037
7636,54,52,0.037037
7638,54,52,0.037037
7640,54,52,0.037037
7641,54,52,0.037037
7644,54,52,0.037037
7645,54,52,0.037037
7647,54,52,0.037037
7649,54,52,0.037037
7651,54,52,0.037037
7653,54,52,0.037037
7654,54,52,0.037037
7656,54,52,0.037037
7657,54,52,0.037037
7659,54,52,0.037037
7660,54,52,0.037037
7661,54,52,0.037037
7663,54,52,0.037037
7665,54,52,0.037037
7666,54,52,0.037037
7668,54,52,0.037037
7669,54,52,0.037037
7671,54,52,0.037037
7673,54,52,0.037037
7674,54,52,0.037037
7676,54,52,0.037037
7677,54,52,0.037037
7679,54,52,0.037037
7681,54,52,0.037037
7682,54,52,0.037037
7684,54,52,0.037037
7686,54,52,0.037037
7688,54,52,0.037037
7689,54,52,0.037037
7690,54,52,0.037037
7692,54,52,0.037037
7693,54,52,0.037037
7695,54,52,0.037037
7696,54,52,0.037037
7698,54,52,0.037037
7700,54,52,0.037037
7702,54,52,0.037037
7704,54,52,0.037037
7705,54,52,0.037037
7707,54,52,0.037037
7708,54,52,0.037037
7710,54,52,0.037037
7711,54,52,0.037037
7713,54,52,0.037037
7714,54,52,0.037037
7717,54,52,0.037037
7718,54,52,0.037037
7720,54,52,0.037037
7722,54,52,0.037037
7723,54,52,0.037037
7725,54,52,0.037037
7726,54,52,0.037037
7728,54,52,0.037037
7729,54,52,0.037037
7731,54,52,0.037037
7733,54,52,0.037037
7734,54,52,0.037037
7736,54,52,0.037037
7737,54,52,0.037037
7739,54,52,0.037037
7740,54,52,0.037037
7742,54,52,0.037037
7743,54,52,0.037037
7745,54,52,0.037037
7747,54,52,0.037037
7748,54,52,0.037037
7750,54,52,0.037037
7751,54,52,0.037037
7753,54,52,0.037037
7754,54,52,0.037037
7756,54,52,0.037037
7758,54,52,0.037037
7759,54,52,0.037037
7761,54,52,0.037037
7763,54,52,0.037037
7765,54,52,0.037037
7767,54,52,0.037037
7770,54,52,0.037037
7772,54,52,0.037037
7774,54,52,0.037037
7776,54,52,0.037037
7777,54,52,0.037037
7780,54,52,0.037037
7781,54,52,0.037037
7783,54,52,0.037037
7785,54,52,0.037037
7787,54,52,0.037037
7788,54,52,0.037037
7790,54,52,0.037037
7792,54,52,0.037037
7794,54,52,0.037037
7796,54,52,0.037037
7797,54,52,0.037037
7798,54,52,0.037037
7800,54,52,0.037037
7802,54,52,0.037037
7804,54,52,0.037037
7807,54,52,0.037037
7808,54,52,0.037037
7810,54,52,0.037037
7811,54,52,0.037037
7813,54,52,0.037037
7815,54,52,0.037037
7816,54,52,0.037037
7818,54,52,0.037037
7819,54,52,0.037037
7821,54,52,0.037037
7823,54,52,0.037037
7825,54,52,0.037037
7826,54,52,0.037037
7828,54,52,0.037037
7829,54,52,0.037037
7831,54,52,0.037037
7832,54,52,0.037037
7834,54,52,0.037037
7836,54,52,0.037037
7837,54,52,0.037037
7839,54,52,0.037037
7841,54,52,0.037037
7842,54,52,0.037037
7844,54,52,0.037037
7845,54,52,0.037037
7847,54,52,0.037037
7848,54,52,0.037037
7850,54,52,0.037037
7851,54,52,0.037037
7853,54,52,0.037037
7854,54,52,0.037037
7857,54,52,0.037037
7858,54,52,0.037037
7860,54,52,0.037037
7861,54,52,0.037037
7863,54,52,0.037037
7864,54,52,0.037037
7866,54,52,0.037037
7868,54,52,0.037037
7869,54,52,0.037037
7872,54,52,0.037037
7873,54,52,0.037037
7875,54,52,0.037037
7877,54,52,0.037037
7878,54,52,0.037037
7879,54,52,0.037037
7881,54,52,0.037037
7883,54,52,0.037037
7886,54,52,0.037037
7888,54,52,0.037037
7890,54,52,0.037037
7891,54,52,0.037037
7893,54,52,0.037037
7894,54,52,0.037037
7896,54,52,0.037037
7897,54,52,0.037037
7898,54,52,0.037037
7900,54,52,0.037037
7902,54,52,0.037037
7903,54,52,0.037037
7904,54,52,0.037037
7906,54,52,0.037037
7908,54,52,0.037037
7909,54,52,0.037037
7911,54,52,0.037037
7912,54,52,0.037037
7913,54,52,0.037037
7915,54,52,0.037037
7918,54,52,0.037037
7922,54,52,0.037037
7925,54,52,0.037037
7927,54,52,0.037037
7929,54,52,0.037037
7931,54,52,0.037037
7933,54,52,0.037037
7936,54,52,0.037037
7939,54,52,0.037037
7942,54,52,0.037037
7943,54,52,0.037037
7946,54,52,0.037037
7949,54,52,0.037037
7950,54,52,0.037037
7953,54,52,0.037037
7956,54,52,0.037037
7957,54,52,0.037037
7959,54,52,0.037037
7961,54,52,0.037037
7964,54,52,0.037037
7967,54,52,0.037037
7969,54,52,0.037037
7971,54,52,0.037037
7973,54,52,0.037037
7975,54,52,0.037037
7977,54,52,0.037037
7978,54,52,0.037037
7981,54,52,0.037037
7984,54,52,0.037037
7986,54,52,0.037037
7989,54,52,0.037037
7991,54,52,0.037037
7993,54,52,0.037037
7995,54,52,0.037037
7997,54,52,0.037037
7999,54,52,0.037037
8001,54,52,0.037037
8003,54,52,0.037037
8005,54,52,0.037037
8007,54,52,0.037037
8009,54,52,0.037037
8011,54,52,0.037037
8014,54,52,0.037037
8016,54,52,0.037037
8017,54,52,0.037037
8020,54,52,0.037037
8022,54,52,0.037037
8024,54,52,0.037037
8026,54,52,0.037037
8027,54,52,0.037037
8030,54,52,0.037037
8032,54,52,0.037037
8033,54,52,0.037037
8035,54,52,0.037037
8038,54,52,0.037037
8040,54,52,0.037037
8042,54,52,0.037037
8044,54,52,0.037037
8046,54,52,0.037037
8048,54,52,0.037037
8050,54,52,0.037037
8052,54,52,0.037037
8053,54,52,0.037037
8056,54,52,0.037037
8057,54,52,0.037037
8059,54,52,0.037037
8061,54,52,0.037037
8062,54,52,0.037037
8064,54,52,0.037037
8065,54,52,0.037037
8067,54,52,0.037037
8069,54,52,0.037037
8070,54,52,0.037037
8072,54,52,0.037037
8074,54,52,0.037037
8075,54,52,0.037037
8077,54,52,0.037037
8078,54,52,0.037037
8081,54,52,0.037037
8082,54,52,0.037037
8084,54,52,0.037037
8086,54,52,0.037037
8088,54,52,0.037037
8090,54,52,0.037037
8092,54,52,0.037037
8093,54,52,0.037037
8095,54,52,0.037037
8097,54,52,0.037037
8099,54,52,0.037037
8100,54,52,0.037037
8102,54,52,0.037037
8104,54,52,0.037037
8106,54,52,0.037037
8108,54,52,0.037037
8110,54,52,0.037037
8112,54,52,0.037037
8114,54,52,0.037037
8116,54,52,0.037037
8117,54,52,0.037037
8119,54,52,0.037037
8120,54,52,0.037037
8122,54,52,0.037037
8124,54,52,0.037037
8125,54,52,0.037037
8126,54,52,0.037037
8128,54,52,0.037037
8130,54,52,0.037037
8131,54,52,0.037037
8133,54,52,0.037037
8134,54,52,0.037037
8136,54,52,0.037037
8138,54,52,0.037037
8141,54,52,0.037037
8142,54,52,0.037037
8144,54,52,0.037037
8146,54,52,0.037037
8147,54,52,0.037037
8149,54,52,0.037037
8151,54,52,0.037037
8153,54,52,0.037037
8155,54,52,0.037037
8157,54,52,0.037037
8158,54,52,0.037037
8160,54,52,0.037037
8161,54,52,0.037037
8163,54,52,0.037037
8165,54,52,0.037037
8166,54,52,0.037037
8168,54,52,0.037037
8170,54,52,0.037037
8172,54,52,0.037037
8174,54,52,0.037037
8176,54,52,0.037037
8178,54,52,0.037037
8180,54,52,0.037037
8181,54,52,0.037037
8183,54,52,0.037037
8185,54,52,0.037037
8186,54,52,0.037037
8188,54,52,0.037037
8190,54,52,0.037037
8192,54,52,0.037037
8193,54,52,0.037037
8195,54,52,0.037037
8196,54,52,0.037037
8198,54,52,0.037037
8201,54,52,0.037037
8202,54,52,0.037037
8204,54,52,0.037037
8206,54,52,0.037037
8209,54,52,0.037037
8210,54,52,0.037037
8212,54,52,0.037037
8214,54,52,0.037037
8217,54,52,0.037037
8219,54,52,0.037037
8222,54,52,0.037037
8223,54,52,0.037037
8225,54,52,0.037037
8227,54,52,0.037037
8229,54,52,0.037037
8231,54,52,0.037037
8233,54,52,0.037037
8235,54,52,0.037037
8237,54,52,0.037037
8239,54,52,0.037037
8240,54,52,0.037037
8242,54,52,0.037037
8244,54,52,0.037037
8246,54,52,0.037037
8248,54,52,0.037037
8250,54,52,0.037037
8251,54,52,0.037037
8253,54,52,0.037037
8255,54,52,0.037037
8257,54,52,0.037037
8258,54,52,0.037037
8260,54,52,0.037037
8263,54,52,0.037037
8264,54,52,0.037037
8266,54,52,0.037037
8268,54,52,0.037037
8270,54,52,0.037037
8272,54,52,0.037037
8273,54,52,0.037037
8278,54,52,0.037037
8281,54,52,0.037037
8284,54,52,0.037037
8289,54,52,0.037037
8291,54,52,0.037037
8293,54,52,0.037037
8295,54,52,0.037037
8297,54,52,0.037037
8299,54,52,0.037037
8301,54,52,0.037037
8304,54,52,0.037037
8306,54,52,0.037037
8307,54,52,0.037037
8308,54,52,0.037037
8310,54,52,0.037037
8312,54,52,0.037037
8313,54,52,0.037037
8315,54,52,0.037037
8316,54,52,0.037037
8318,54,52,0.037037
8319,54,52,0.037037
8321,54,52,0.037037
8323,54,52,0.037037
8324,54,52,0.037037
8326,54,52,0.037037
8327,54,52,0.037037
8329,54,52,0.037037
8331,54,52,0.037037
8333,54,52,0.037037
8335,54,52,0.037037
8337,54,52,0.037037
8339,54,52,0.037037
8342,54,52,0.037037
8344,54,52,0.037037
8346,54,52,0.037037
8348,54,52,0.037037
8350,54,52,0.037037
8353,54,52,0.037037
8356,54,52,0.037037
8358,54,52,0.037037
8360,54,52,0.037037
8363,54,52,0.037037
8365,54,52,0.037037
8367,54,52,0.037037
8369,54,52,0.037037
8371,54,52,0.037037
8372,54,52,0.037037
8374,54,52,0.037037
8377,54,52,0.037037
8378,54,52,0.037037
8380,54,52,0.037037
8383,54,52,0.037037
8385,54,52,0.037037
8386,54,52,0.037037
8388,54,52,0.037037
8389,54,52,0.037037
8391,54,52,0.037037
8393,54,52,0.037037
8394,54,52,0.037037
8396,54,52,0.037037
8398,54,52,0.037037
8400,54,52,0.037037
8402,54,52,0.037037
8403,54,52,0.037037
8405,54,52,0.037037
8407,54,52,0.037037
8408,54,52,0.037037
8410,54,52,0.037037
8411,54,52,0.037037
8413,54,52,0.037037
8415,54,52,0.037037
8416,54,52,0.037037
8418,54,52,0.037037
8421,54,52,0.037037
8422,54,52,0.037037
8424,54,52,0.037037
8425,54,52,0.037037
8427,54,52,0.037037
8428,54,52,0.037037
8430,54,52,0.037037
8432,54,52,0.037037
8433,54,52,0.037037
8435,54,52,0.037037
8437,54,52,0.037037
8438,54,52,0.037037
8440,54,52,0.037037
8442,54,52,0.037037
8444,54,52,0.037037
8445,54,52,0.037037
8447,54,52,0.037037
8450,54,52,0.037037
8452,54,52,0.037037
8454,54,52,0.037037
8455,54,52,0.037037
8457,54,52,0.037037
8458,54,52,0.037037
8460,54,52,0.037037
8461,54,52,0.037037
8463,54,52,0.037037
8464,54,52,0.037037
8466,54,52,0.037037
8469,54,52,0.037037
8470,54,52,0.037037
8472,54,52,0.037037
8473,54,52,0.037037
8475,54,52,0.037037
8477,54,52,0.037037
8479,54,52,0.037037
8480,54,52,0.037037
8482,54,52,0.037037
8485,54,52,0.037037
8486,54,52,0.037037
8488,54,52,0.037037
8490,54,52,0.037037
8492,54,52,0.037037
8493,54,52,0.037037
8495,54,52,0.037037
8497,54,52,0.037037
8498,54,52,0.037037
8500,54,52,0.037037
8502,54,52,0.037037
8503,54,52,0.037037
8505,54,52,0.037037
8507,54,52,0.037037
8508,54,52,0.037037
8510,54,52,0.037037
8512,54,52,0.037037
8514,54,52,0.037037
8517,54,52,0.037037
8520,54,52,0.037037
8523,54,52,0.037037
8524,54,52,0.037037
8526,54,52,0.037037
8527,54,52,0.037037
8529,54,52,0.037037
8531,54,52,0.037037
8534,54,52,0.037037
8537,54,52,0.037037
8540,54,52,0.037037
8542,54,52,0.037037
8543,54,52,0.037037
8545,54,52,0.037037
8548,54,52,0.037037
8550,54,52,0.037037
8552,54,52,0.037037
8555,54,52,0.037037
8557,54,52,0.037037
8558,54,52,0.037037
8560,54,52,0.037037
8561,54,52,0.037037
8564,54,52,0.037037
8566,54,52,0.037037
8569,54,52,0.037037
8572,54,52,0.037037
8574,54,52,0.037037
8576,54,52,0.037037
8578,54,52,0.037037
8581,54,52,0.037037
8584,54,52,0.037037
8588,54,52,0.037037
8590,54,52,0.037037
8593,54,52,0.037037
8595,54,52,0.037037
8598,54,52,0.037037
8600,54,52,0.037037
8602,54,52,0.037037
8605,54,52,0.037037
8607,54,52,0.037037
8609,54,52,0.037037
8612,54,52,0.037037
8615,54,52,0.037037
8617,54,52,0.037037
8620,54,52,0.037037
8623,54,52,0.037037
8626,54,52,0.037037
8628,54,52,0.037037
8632,54,52,0.037037
8634,54,52,0.037037
8637,54,52,0.037037
8640,54,52,0.037037
8642,54,52,0.037037
8645,54,52,0.037037
8647,54,52,0.037037
8648,54,52,0.037037
8650,54,52,0.037037
8652,54,52,0.037037
8656,54,52,0.037037
8658,54,52,0.037037
8659,54,52,0.037037
8661,54,52,0.037037
8664,54,52,0.037037
8666,54,52,0.037037
8669,54,52,0.037037
8671,54,52,0.037037
8673,54,52,0.037037
8675,54,52,0.037037
8677,54,52,0.037037
8679,54,52,0.037037
8681,54,52,0.037037
8683,54,52,0.037037
8685,54,52,0.037037
8687,54,52,0.037037
8691,54,52,0.037037
8693,54,52,0.037037
8695,54,52,0.037037
8698,54,52,0.037037
8700,54,52,0.037037
8704,54,52,0.037037
8706,54,52,0.037037
8708,54,52,0.037037
8709,54,52,0.037037
8711,54,52,0.037037
8713,54,52,0.037037
8715,54,52,0.037037
8718,54,52,0.037037
8719,54,52,0.037037
8722,54,52,0.037037
8723,54,52,0.037037
8725,54,52,0.037037
8727,54,52,0.037037
8729,54,52,0.037037
8731,54,52,0.037037
8733,54,52,0.037037
8736,54,52,0.037037
8738,54,52,0.037037
8740,54,52,0.037037
8741,54,52,0.037037
8743,54,52,0.037037
8745,54,52,0.037037
8746,54,52,0.037037
8748,54,52,0.037037
8750,54,52,0.037037
8752,54,52,0.037037
8754,54,52,0.037037
8756,54,52,0.037037
8758,54,52,0.037037
8759,54,52,0.037037
8761,54,52,0.037037
8762,54,52,0.037037
8764,54,52,0.037037
8765,54,52,0.037037
8767,54,52,0.037037
8769,54,52,0.037037
8771,54,52,0.037037
8772,54,52,0.037037
8774,54,52,0.037037
8776,54,52,0.037037
8778,54,52,0.037037
8781,54,52,0.037037
8783,54,52,0.037037
8784,54,52,0.037037
8787,54,52,0.037037
8788,54,52,0.037037
8790,54,52,0.037037
8792,54,52,0.037037
8794,54,52,0.037037
8795,54,52,0.037037
8797,54,52,0.037037
8799,54,52,0.037037
8800,54,52,0.037037
8802,54,52,0.037037
8804,54,52,0.037037
8805,54,52,0.037037
8807,54,52,0.037037
8808,54,52,0.037037
8809,54,52,0.037037
8811,54,52,0.037037
8813,54,52,0.037037
8815,54,52,0.037037
8817,54,52,0.037037
8819,54,52,0.037037
8821,54,52,0.037037
8823,54,52,0.037037
8825,54,52,0.037037
8826,54,52,0.037037
8827,54,52,0.037037
8829,54,52,0.037037
8831,54,52,0.037037
8833,54,52,0.037037
8835,54,52,0.037037
8837,54,52,0.037037
8838,54,52,0.037037
8840,54,52,0.037037
8841,54,52,0.037037
8843,54,52,0.037037
8844,54,52,0.037037
8846,54,52,0.037037
8848,54,52,0.037037
8850,54,52,0.037037
8852,54,52,0.037037
8854,54,52,0.037037
8855,54,52,0.037037
8857,54,52,0.037037
8858,54,52,0.037037
8860,54,52,0.037037
8862,54,52,0.037037
8864,54,52,0.037037
8866,54,52,0.037037
8869,54,52,0.037037
8871,54,52,0.037037
8873,54,52,0.037037
8874,54,52,0.037037
8877,54,52,0.037037
8878,54,52,0.037037
8880,54,52,0.037037
8882,54,52,0.037037
8884,54,52,0.037037
8886,54,52,0.037037
8888,54,52,0.037037
8889,54,52,0.037037
8891,54,52,0.037037
8893,54,52,0.037037
8894,54,52,0.037037
8896,54,52,0.037037
8898,54,52,0.037037
8899,54,52,0.037037
8902,54,52,0.037037
8904,54,52,0.037037
8906,54,52,0.037037
8907,54,52,0.037037
8909,54,52,0.037037
8911,54,52,0.037037
8912,54,52,0.037037
8914,54,52,0.037037
8916,54,52,0.037037
8917,54,52,0.037037
8920,54,52,0.037037
8922,54,52,0.037037
8923,54,52,0.037037
8924,54,52,0.037037
8926,54,52,0.037037
8928,54,52,0.037037
8930,54,52,0.037037
8931,54,52,0.037037
8933,54,52,0.037037
8935,54,52,0.037037
8937,54,52,0.037037
8939,54,52,0.037037
8941,54,52,0.037037
8942,54,52,0.037037
8944,54,52,0.037037
8945,54,52,0.037037
8947,54,52,0.037037
8949,54,52,0.037037
8951,54,52,0.037037
8954,54,52,0.037037
8955,54,52,0.037037
8957,54,52,0.037037
8958,54,52,0.037037
8960,54,52,0.037037
8962,54,52,0.037037
8964,54,52,0.037037
8966,54,52,0.037037
8967,54,52,0.037037
8969,54,52,0.037037
8972,54,52,0.037037
8973,54,52,0.037037
8975,54,52,0.037037
8977,54,52,0.037037
8978,54,52,0.037037
8980,54,52,0.037037
8982,54,52,0.037037
8984,54,52,0.037037
8985,54,52,0.037037
8986,54,52,0.037037
8988,54,52,0.037037
8990,54,52,0.037037
8991,54,52,0.037037
8994,54,52,0.037037
8995,54,52,0.037037
8997,54,52,0.037037
8998,54,52,0.037037
9000,54,52,0.037037
9002,54,52,0.037037
9003,54,52,0.037037
9005,54,52,0.037037
9007,54,52,0.037037
9008,54,52,0.037037
9010,54,52,0.037037
9012,54,52,0.037037
9014,54,52,0.037037
9016,54,52,0.037037
9018,54,52,0.037037
9021,54,52,0.037037
9023,54,52,0.037037
9026,54,52,0.037037
9028,54,52,0.037037
9030,54,52,0.037037
9032,54,52,0.037037
9034,54,52,0.037037
9036,54,52,0.037037
9038,54,52,0.037037
9039,54,52,0.037037
9041,54,52,0.037037
9042,54,52,0.037037
9044,54,52,0.037037
9046,54,52,0.037037
9048,54,52,0.037037
9049,54,52,0.037037
9051,54,52,0.037037
9053,54,52,0.037037
9055,54,52,0.037037
9056,54,52,0.037037
9058,54,52,0.037037
9060,54,52,0.037037
9061,54,52,0.037037
9062,54,52,0.037037
9064,54,52,0.037037
9065,54,52,0.037037
9067,54,52,0.037037
9069,54,52,0.037037
9071,54,52,0.037037
9072,54,52,0.037037
9074,54,52,0.037037
9075,54,52,0.037037
9077,54,52,0.037037
9078,54,52,0.037037
9080,54,52,0.037037
9081,54,52,0.037037
9083,54,52,0.037037
9084,54,52,0.037037
9086,54,52,0.037037
9088,54,52,0.037037
9089,54,52,0.037037
9091,54,52,0.037037
9092,54,52,0.037037
9094,54,52,0.037037
9095,54,52,0.037037
9097,54,52,0.037037
9098,54,52,0.037037
9099,54,52,0.037037
9101,54,52,0.037037
9103,54,52,0.037037
9104,54,52,0.037037
9106,54,52,0.037037
9108,54,52,0.037037
9110,54,52,0.037037
9111,54,52,0.037037
9113,54,52,0.037037
9114,54,52,0.037037
9116,54,52,0.037037
9117,54,52,0.037037
9118,54,52,0.037037
9120,54,52,0.037037
9122,54,52,0.037037
9123,54,52,0.037037
9124,54,52,0.037037
9127,54,52,0.037037
9129,54,52,0.037037
9130,54,52,0.037037
9132,54,52,0.037037
9134,54,52,0.037037
9137,54,52,0.037037
9141,54,52,0.037037
9142,54,52,0.037037
9144,54,52,0.037037
9146,54,52,0.037037
9149,54,52,0.037037
9152,54,52,0.037037
9154,54,52,0.037037
9157,54,52,0.037037
9158,54,52,0.037037
9160,54,52,0.037037
9163,54,52,0.037037
9167,54,52,0.037037
9171,54,52,0.037037
9174,54,52,0.037037
9177,54,52,0.037037
9180,54,52,0.037037
9183,54,52,0.037037
9185,54,52,0.037037
9187,54,52,0.037037
9190,54,52,0.037037
9193,54,52,0.037037
9195,54,52,0.037037
9198,54,52,0.037037
9201,54,52,0.037037
9204,54,52,0.037037
9207,54,52,0.037037
9209,54,52,0.037037
9212,54,52,0.037037
9215,54,52,0.037037
9218,54,52,0.037037
9222,54,52,0.037037
9225,54,52,0.037037
9228,54,52,0.037037
9230,54,52,0.037037
9232,54,52,0.037037
9234,54,52,0.037037
9236,54,52,0.037037
9238,54,52,0.037037
9240,54,52,0.037037
9242,54,52,0.037037
9244,54,52,0.037037
9248,54,52,0.037037
9250,54,52,0.037037
9253,54,52,0.037037
9258,54,52,0.037037
9260,54,52,0.037037
9263,54,52,0.037037
9264,54,52,0.037037
9266,54,52,0.037037
9268,54,52,0.037037
9270,54,52,0.037037
9273,54,52,0.037037
9275,54,52,0.037037
9277,54,52,0.037037
9279,54,52,0.037037
9282,54,52,0.037037
9284,54,52,0.037037
9287,54,52,0.037037
9289,54,52,0.037037
9291,54,52,0.037037
9293,54,52,0.037037
9295,54,52,0.037037
9297,54,52,0.037037
9299,54,52,0.037037
9302,54,52,0.037037
9306,54,52,0.037037
9308,54,52,0.037037
9310,54,52,0.037037
9313,54,52,0.037037
9315,54,52,0.037037
9316,54,52,0.037037
9318,54,52,0.037037
9320,54,52,0.037037
9323,54,52,0.037037
9324,54,52,0.037037
9327,54,52,0.037037
9329,54,52,0.037037
9331,54,52,0.037037
9333,54,52,0.037037
9336,54,52,0.037037
9338,54,52,0.037037
9341,54,52,0.037037
9345,54,52,0.037037
9347,54,52,0.037037
9350,54,52,0.037037
9352,54,52,0.037037
9355,54,52,0.037037
9358,54,52,0.037037
9359,54,52,0.037037
9361,54,52,0.037037
9364,54,52,0.037037
9366,54,52,0.037037
9369,54,52,0.037037
9371,54,52,0.037037
9374,54,52,0.037037
9376,54,52,0.037037
9379,54,52,0.037037
9381,54,52,0.037037
9383,54,52,0.037037
9386,54,52,0.037037
9388,54,52,0.037037
9390,54,52,0.037037
9392,54,52,0.037037
9394,54,52,0.037037
9395,54,52,0.037037
9398,54,52,0.037037
9402,54,52,0.037037
9404,54,52,0.037037
9406,54,52,0.037037
9408,54,52,0.037037
9410,54,52,0.037037
9411,54,52,0.037037
9413,54,52,0.037037
9415,54,52,0.037037
9417,54,52,0.037037
9419,54,52,0.037037
9421,54,52,0.037037
9423,54,52,0.037037
9424,54,52,0.037037
9426,54,52,0.037037
9428,54,52,0.037037
9429,54,52,0.037037
9431,54,52,0.037037
9433,54,52,0.037037
9435,54,52,0.037037
9437,54,52,0.037037
9439,54,52,0.037037
9440,54,52,0.037037
9442,54,52,0.037037
9443,54,52,0.037037
9445,54,52,0.037037
9447,54,52,0.037037
9448,54,52,0.037037
9451,54,52,0.037037
9453,54,52,0.037037
9455,54,52,0.037037
9456,54,52,0.037037
9458,54,52,0.037037
9460,54,52,0.037037
9461,54,52,0.037037
9463,54,52,0.037037
9465,54,52,0.037037
9467,54,52,0.037037
9468,54,52,0.037037
9470,54,52,0.037037
9471,54,52,0.037037
9473,54,52,0.037037
9475,54,52,0.037037
9477,54,52,0.037037
9478,54,52,0.037037
9480,54,52,0.037037
9483,54,52,0.037037
9486,54,52,0.037037
9488,54,52,0.037037
9490,54,52,0.037037
9492,54,52,0.037037
9493,54,52,0.037037
9496,54,52,0.037037
9498,54,52,0.037037
9500,54,52,0.037037
9502,54,52,0.037037
9505,54,52,0.037037
9507,54,52,0.037037
9508,54,52,0.037037
9510,54,52,0.037037
9512,54,52,0.037037
9514,54,52,0.037037
9516,54,52,0.037037
9519,54,52,0.037037
9520,54,52,0.037037
9523,54,52,0.037037
9524,54,52,0.037037
9526,54,52,0.037037
9528,54,52,0.037037
9530,54,52,0.037037
9531,54,52,0.037037
9534,54,52,0.037037
9537,54,52,0.037037
9539,54,52,0.037037
9540,54,52,0.037037
9542,54,52,0.037037
9543,54,52,0.037037
9545,54,52,0.037037
9547,54,52,0.037037
9548,54,52,0.037037
9550,54,52,0.037037
9552,54,52,0.037037
9554,54,52,0.037037
9556,54,52,0.037037
9557,54,52,0.037037
9559,54,52,0.037037
9562,54,52,0.037037
9565,54,52,0.037037
9567,54,52,0.037037
9570,54,52,0.037037
9572,54,52,0.037037
9574,54,52,0.037037
9576,54,52,0.037037
9578,54,52,0.037037
9580,54,52,0.037037
9582,54,52,0.037037
9585,54,52,0.037037
9587,54,52,0.037037
9588,54,52,0.037037
9590,54,52,0.037037
9592,54,52,0.037037
9594,54,52,0.037037
9597,54,52,0.037037
9599,54,52,0.037037
9601,54,52,0.037037
9603,54,52,0.037037
9605,54,52,0.037037
9607,54,52,0.037037
9609,54,52,0.037037
9611,54,52,0.037037
9613,54,52,0.037037
9614,54,52,0.037037
9616,54,52,0.037037
9618,54,52,0.037037
9620,54,52,0.037037
9622,54,52,0.037037
9624,54,52,0.037037
9625,54,52,0.037037
9627,54,52,0.037037
9629,54,52,0.037037
9631,54,52,0.037037
9633,54,52,0.037037
9634,54,52,0.037037
9637,54,52,0.037037
9639,54,52,0.037037
9640,54,52,0.037037
9642,54,52,0.037037
9644,54,52,0.037037
9645,54,52,0.037037
9647,54,52,0.037037
9649,54,52,0.037037
9651,54,52,0.037037
9653,54,52,0.037037
9654,54,52,0.037037
9656,54,52,0.037037
9658,54,52,0.037037
9659,54,52,0.037037
9661,54,52,0.037037
9662,54,52,0.037037
9664,54,52,0.037037
9666,54,52,0.037037
9668,54,52,0.037037
9670,54,52,0.037037
9671,54,52,0.037037
9673,54,52,0.037037
9675,54,52,0.037037
9676,54,52,0.037037
9678,54,52,0.037037
9680,54,52,0.037037
9682,54,52,0.037037
9689,54,52,0.037037
9691,54,52,0.037037
9693,54,52,0.037037
9694,54,52,0.037037
9696,54,52,0.037037
9698,54,52,0.037037
9700,54,52,0.037037
9701,54,52,0.037037
9703,54,52,0.037037
9704,54,52,0.037037
9706,54,52,0.037037
9708,54,52,0.037037
9709,54,52,0.037037
9710,54,52,0.037037
9712,54,52,0.037037
9714,54,52,0.037037
9717,54,52,0.037037
9721,54,52,0.037037
9724,54,52,0.037037
9726,54,52,0.037037
9728,54,52,0.037037
9730,54,52,0.037037
9733,54,52,0.037037
9735,54,52,0.037037
9737,54,52,0.037037
9739,54,52,0.037037
9741,54,52,0.037037
9742,54,52,0.037037
9744,54,52,0.037037
9746,54,52,0.037037
9748,54,52,0.037037
9749,54,52,0.037037
9751,54,52,0.037037
9753,54,52,0.037037
9754,54,52,0.037037
9756,54,52,0.037037
9757,54,52,0.037037
9759,54,52,0.037037
9760,54,52,0.037037
9763,54,52,0.037037
9764,54,52,0.037037
9766,54,52,0.037037
9768,54,52,0.037037
9770,54,52,0.037037
9771,54,52,0.037037
9773,54,52,0.037037
9775,54,52,0.037037
9776,54,52,0.037037
9777,54,52,0.037037
9779,54,52,0.037037
9781,54,52,0.037037
9783,54,52,0.037037
9786,54,52,0.037037
9788,54,52,0.037037
9789,54,52,0.037037
9791,54,52,0.037037
9792,54,52,0.037037
9794,54,52,0.037037
9796,54,52,0.037037
9797,54,52,0.037037
9799,54,52,0.037037
9801,54,52,0.037037
9804,54,52,0.037037
9806,54,52,0.037037
9807,54,52,0.037037
9810,54,52,0.037037
9812,54,52,0.037037
9813,54,52,0.037037
9815,54,52,0.037037
9817,54,52,0.037037
9818,54,52,0.037037
9821,54,52,0.037037
9822,54,52,0.037037
9824,54,52,0.037037
9825,54,52,0.037037
9827,54,52,0.037037
9828,54,52,0.037037
9830,54,52,0.037037
9831,54,52,0.037037
9833,54,52,0.037037
9834,54,52,0.037037
9836,54,52,0.037037
9838,54,52,0.037037
9840,54,52,0.037037
9842,54,52,0.037037
9843,54,52,0.037037
9845,54,52,0.037037
9846,54,52,0.037037
9847,54,52,0.037037
9849,54,52,0.037037
9851,54,52,0.037037
9853,54,52,0.037037
9855,54,52,0.037037
9857,54,52,0.037037
9859,54,52,0.037037
9861,54,52,0.037037
9862,54,52,0.037037
9865,54,52,0.037037
9867,54,52,0.037037
9868,54,52,0.037037
9871,54,52,0.037037
9873,54,52,0.037037
9875,54,52,0.037037
9877,54,52,0.037037
9879,54,52,0.037037
9881,54,52,0.037037
9883,54,52,0.037037
9885,54,52,0.037037
9888,54,52,0.037037
9891,54,52,0.037037
9892,54,52,0.037037
9894,54,52,0.037037
9895,54,52,0.037037
9897,54,52,0.037037
9899,54,52,0.037037
9901,54,52,0.037037
9902,54,52,0.037037
9907,54,52,0.037037
9909,54,52,0.037037
9910,54,52,0.037037
9912,54,52,0.037037
9913,54,52,0.037037
9916,54,52,0.037037
9917,54,52,0.037037
9919,54,52,0.037037
9921,54,52,0.037037
9923,54,52,0.037037
9925,54,52,0.037037
9926,54,52,0.037037
9928,54,52,0.037037
9929,54,52,0.037037
9931,54,52,0.037037
9932,54,52,0.037037
9934,54,52,0.037037
9936,54,52,0.037037
9937,54,52,0.037037
9939,54,52,0.037037
9940,54,52,0.037037
9942,54,52,0.037037
9943,54,52,0.037037
9944,54,52,0.037037
9946,54,52,0.037037
9947,54,52,0.037037
9949,54,52,0.037037
9950,54,52,0.037037
9952,54,52,0.037037
9954,54,52,0.037037
9956,54,52,0.037037
9957,54,52,0.037037
9959,54,52,0.037037
9961,54,52,0.037037
9963,54,52,0.037037
9965,54,52,0.037037
9967,54,52,0.037037
9968,54,52,0.037037
9970,54,52,0.037037
9971,54,52,0.037037
9973,54,52,0.037037
9975,54,52,0.037037
9976,54,52,0.037037
9978,54,52,0.037037
9979,54,52,0.037037
9981,54,52,0.037037
9982,54,52,0.037037
9984,54,52,0.037037
9985,54,52,0.037037
9987,54,52,0.037037
9988,54,52,0.037037
9989,54,52,0.037037
9991,54,52,0.037037
9993,54,52,0.037037
9995,54,52,0.037037
9996,54,52,0.037037
9998,54,52,0.037037
10000,54,52,0.037037
10001,54,52,0.037037
10003,54,52,0.037037
10005,54,52,0.037037
10007,54,52,0.037037
10009,54,52,0.037037
10011,54,52,0.037037
10013,54,52,0.037037
10014,54,52,0.037037
10017,54,52,0.037037
10019,54,52,0.037037
10021,54,52,0.037037
10024,54,52,0.037037
10026,54,52,0.037037
10028,54,52,0.037037
10029,54,52,0.037037
10031,54,52,0.037037
10033,54,52,0.037037
10034,54,52,0.037037
10037,54,52,0.037037
10040,54,52,0.037037
10042,54,52,0.037037
10043,54,52,0.037037
10045,54,52,0.037037
10046,54,52,0.037037
10048,54,52,0.037037
10049,54,52,0.037037
10051,54,52,0.037037
10053,54,52,0.037037
10055,54,52,0.037037
10057,54,52,0.037037
10058,54,52,0.037037
10060,54,52,0.037037
10062,54,52,0.037037
10063,54,52,0.037037
10066,54,52,0.037037
10068,54,52,0.037037
10069,54,52,0.037037
10072,54,52,0.037037
10074,54,52,0.037037
10075,54,52,0.037037
10077,54,52,0.037037
10079,54,52,0.037037
10080,54,52,0.037037
10082,54,52,0.037037
10084,54,52,0.037037
10086,54,52,0.037037
10087,54,52,0.037037
10089,54,52,0.037037
10091,54,52,0.037037
10092,54,52,0.037037
10094,54,52,0.037037
10096,54,52,0.037037
10097,54,52,0.037037
10099,54,52,0.037037
10101,54,52,0.037037
10103,54,52,0.037037
10105,54,52,0.037037
10106,54,52,0.037037
10108,54,52,0.037037
10109,54,52,0.037037
10111,54,52,0.037037
10112,54,52,0.037037
10114,54,52,0.037037
10116,54,52,0.037037
10117,54,52,0.037037
10119,54,52,0.037037
10121,54,52,0.037037
10122,54,52,0.037037
10124,54,52,0.037037
10125,54,52,0.037037
10128,54,52,0.037037
10130,54,52,0.037037
10132,54,52,0.037037
10135,54,52,0.037037
10137,54,52,0.037037
10140,54,52,0.037037
10141,54,52,0.037037
10143,54,52,0.037037
10145,54,52,0.037037
10146,54,52,0.037037
10148,54,52,0.037037
10150,54,52,0.037037
10151,54,52,0.037037
10153,54,52,0.037037
10154,54,52,0.037037
10156,54,52,0.037037
10158,54,52,0.037037
10159,54,52,0.037037
10161,54,52,0.037037
10163,54,52,0.037037
10165,54,52,0.037037
10167,54,52,0.037037
10168,54,52,0.037037
10170,54,52,0.037037
10172,54,52,0.037037
10174,54,52,0.037037
10177,54,52,0.037037
10179,54,52,0.037037
10181,54,52,0.037037
10182,54,52,0.037037
10184,54,52,0.037037
10185,54,52,0.037037
10187,54,52,0.037037
10190,54,52,0.037037
10191,54,52,0.037037
10194,54,52,0.037037
10196,54,52,0.037037
10198,54,52,0.037037
10199,54,52,0.037037
10201,54,52,0.037037
10203,54,52,0.037037
10204,54,52,0.037037
10207,54,52,0.037037
10209,54,52,0.037037
10210,54,52,0.037037
10212,54,52,0.037037
10213,54,52,0.037037
10215,54,52,0.037037
10216,54,52,0.037037
10218,54,52,0.037037
10220,54,52,0.037037
10222,54,52,0.037037
10223,54,52,0.037037
10225,54,52,0.037037
10227,54,52,0.037037
10229,54,52,0.037037
10230,54,52,0.037037
10232,54,52,0.037037
10233,54,52,0.037037
10234,54,52,0.037037
10236,54,52,0.037037
10238,54,52,0.037037
10239,54,52,0.037037
10241,54,52,0.037037
10242,54,52,0.037037
10244,54,52,0.037037
10246,54,52,0.037037
10248,54,52,0.037037
10249,54,52,0.037037
10251,54,52,0.037037
10253,54,52,0.037037
10256,54,52,0.037037
10258,54,52,0.037037
10259,54,52,0.037037
10261,54,52,0.037037
10263,54,52,0.037037
10264,54,52,0.037037
10266,54,52,0.037037
10268,54,52,0.037037
10270,54,52,0.037037
10272,54,52,0.037037
10273,54,52,0.037037
10275,54,52,0.037037
10277,54,52,0.037037
10278,54,52,0.037037
10280,54,52,0.037037
10281,54,52,0.037037
10283,54,52,0.037037
10285,54,52,0.037037
10287,54,52,0.037037
10289,54,52,0.037037
10290,54,52,0.037037
10292,54,52,0.037037
10293,54,52,0.037037
10295,54,52,0.037037
10296,54,52,0.037037
10298,54,52,0.037037
10300,54,52,0.037037
10302,54,52,0.037037
10304,54,52,0.037037
10305,54,52,0.037037
10307,54,52,0.037037
10309,54,52,0.037037
10310,54,52,0.037037
10312,54,52,0.037037
10313,54,52,0.037037
10315,54,52,0.037037
10317,54,52,0.037037
10319,54,52,0.037037
10322,54,52,0.037037
10325,54,52,0.037037
10327,54,52,0.037037
10328,54,52,0.037037
10330,54,52,0.037037
10332,54,52,0.037037
10334,54,52,0.037037
10336,54,52,0.037037
10338,54,52,0.037037
10341,54,52,0.037037
10343,54,52,0.037037
10346,54,52,0.037037
10348,54,52,0.037037
10350,54,52,0.037037
10353,54,52,0.037037
10356,54,52,0.037037
10359,54,52,0.037037
10360,54,52,0.037037
10362,54,52,0.037037
10364,54,52,0.037037
10366,54,52,0.037037
10368,54,52,0.037037
10370,54,52,0.037037
10373,54,52,0.037037
10375,54,52,0.037037
10377,54,52,0.037037
10378,54,52,0.037037
10380,54,52,0.037037
10382,54,52,0.037037
10385,54,52,0.037037
10386,54,52,0.037037
10388,54,52,0.037037
10390,54,52,0.037037
10392,54,52,0.037037
10393,54,52,0.037037
10394,54,52,0.037037
10396,54,52,0.037037
10398,54,52,0.037037
10399,54,52,0.037037
10401,54,52,0.037037
10403,54,52,0.037037
10404,54,52,0.037037
10406,54,52,0.037037
10408,54,52,0.037037
10409,54,52,0.037037
10411,54,52,0.037037
10412,54,52,0.037037
10414,54,52,0.037037
10415,54,52,0.037037
10417,54,52,0.037037
10418,54,52,0.037037
10420,54,52,0.037037
10421,54,52,0.037037
10423,54,52,0.037037
10424,54,52,0.037037
10426,54,52,0.037037
10427,54,52,0.037037
10429,54,52,0.037037
10430,54,52,0.037037
10432,54,52,0.037037
10433,54,52,0.037037
10434,54,52,0.037037
10436,54,52,0.037037
10439,54,52,0.037037
10440,54,52,0.037037
10442,54,52,0.037037
10443,54,52,0.037037
10445,54,52,0.037037
10447,54,52,0.037037
10449,54,52,0.037037
10450,54,52,0.037037
10452,54,52,0.037037
10454,54,52,0.037037
10456,54,52,0.037037
10457,54,52,0.037037
10459,54,52,0.037037
10460,54,52,0.037037
10462,54,52,0.037037
10464,54,52,0.037037
10466,54,52,0.037037
10467,54,52,0.037037
10469,54,52,0.037037
10471,54,52,0.037037
10472,54,52,0.037037
10474,54,52,0.037037
10476,54,52,0.037037
10479,54,52,0.037037
10480,54,52,0.037037
10482,54,52,0.037037
10484,54,52,0.037037
10487,54,52,0.037037
10489,54,52,0.037037
10490,54,52,0.037037
10492,54,52,0.037037
10494,54,52,0.037037
10495,54,52,0.037037
10497,54,52,0.037037
10499,54,52,0.037037
10501,54,52,0.037037
10504,54,52,0.037037
10506,54,52,0.037037
10508,54,52,0.037037
10510,54,52,0.037037
10511,54,52,0.037037
10513,54,52,0.037037
10515,54,52,0.037037
10516,54,52,0.037037
10518,54,52,0.037037
10520,54,52,0.037037
10522,54,52,0.037037
10523,54,52,0.037037
10525,54,52,0.037037
10528,54,52,0.037037
10530,54,52,0.037037
10531,54,52,0.037037
10533,54,52,0.037037
10536,54,52,0.037037
10537,54,52,0.037037
10539,54,52,0.037037
10541,54,52,0.037037
10542,54,52,0.037037
10544,54,52,0.037037
10545,54,52,0.037037
10547,54,52,0.037037
10548,54,52,0.037037
10550,54,52,0.037037
10552,54,52,0.037037
10554,54,52,0.037037
10555,54,52,0.037037
10557,54,52,0.037037
10558,54,52,0.037037
10560,54,52,0.037037
10562,54,52,0.037037
10564,54,52,0.037037
10566,54,52,0.037037
10568,54,52,0.037037
10570,54,52,0.037037
10573,54,52,0.037037
10575,54,52,0.037037
10577,54,52,0.037037
10579,54,52,0.037037
10580,54,52,0.037037
10582,54,52,0.037037
10591,54,52,0.037037
10592,54,52,0.037037
10594,54,52,0.037037
10595,54,52,0.037037
10597,54,52,0.037037
10599,54,52,0.037037
10601,54,52,0.037037
10602,54,52,0.037037
10604,54,52,0.037037
10606,54,52,0.037037
10608,54,52,0.037037
10609,54,52,0.037037
10611,54,52,0.037037
10612,54,52,0.037037
10614,54,52,0.037037
10615,54,52,0.037037
10617,54,52,0.037037
10618,54,52,0.037037
10620,54,52,0.037037
10621,54,52,0.037037
10623,54,52,0.037037
10625,54,52,0.037037
10627,54,52,0.037037
10628,54,52,0.037037
10630,54,52,0.037037
10631,54,52,0.037037
10633,54,52,0.037037
10635,54,52,0.037037
10636,54,52,0.037037
10641,54,52,0.037037
10644,54,52,0.037037
10647,54,52,0.037037
10650,54,52,0.037037
10652,54,52,0.037037
10654,54,52,0.037037
10656,54,52,0.037037
10658,54,52,0.037037
10660,54,52,0.037037
10662,54,52,0.037037
10663,54,52,0.037037
10665,54,52,0.037037
10667,54,52,0.037037
10670,54,52,0.037037
10673,54,52,0.037037
10675,54,52,0.037037
10678,54,52,0.037037
10679,54,52,0.037037
10681,54,52,0.037037
10684,54,52,0.037037
10686,54,52,0.037037
10689,54,52,0.037037
10692,54,52,0.037037
10693,54,52,0.037037
10695,54,52,0.037037
10697,54,52,0.037037
10698,54,52,0.037037
10700,54,52,0.037037
10702,54,52,0.037037
10705,54,52,0.037037
10707,54,52,0.037037
10708,54,52,0.037037
10710,54,52,0.037037
10712,54,52,0.037037
10713,54,52,0.037037
10715,54,52,0.037037
10716,54,52,0.037037
10718,54,52,0.037037
10719,54,52,0.037037
10721,54,52,0.037037
10723,54,52,0.037037
10725,54,52,0.037037
10727,54,52,0.037037
10728,54,52,0.037037
10730,54,52,0.037037
10731,54,52,0.037037
10734,54,52,0.037037
10735,54,52,0.037037
10737,54,52,0.037037
10738,54,52,0.037037
10740,54,52,0.037037
10742,54,52,0.037037
10745,54,52,0.037037
10746,54,52,0.037037
10748,54,52,0.037037
10750,54,52,0.037037
10752,54,52,0.037037
10755,54,52,0.037037
10757,54,52,0.037037
10759,54,52,0.037037
10760,54,52,0.037037
10762,54,52,0.037037
10764,54,52,0.037037
10766,54,52,0.037037
10767,54,52,0.037037
10769,54,52,0.037037
10771,54,52,0.037037
10773,54,52,0.037037
10775,54,52,0.037037
10777,54,52,0.037037
10779,54,52,0.037037
10781,54,52,0.037037
10782,54,52,0.037037
10784,54,52,0.037037
10785,54,52,0.037037
10788,54,52,0.037037
10790,54,52,0.037037
10792,54,52,0.037037
10794,54,52,0.037037
10796,54,52,0.037037
10797,54,52,0.037037
10799,54,52,0.037037
10801,54,52,0.037037
10802,54,52,0.037037
10806,54,52,0.037037
10808,54,52,0.037037
10810,54,52,0.037037
10811,54,52,0.037037
10813,54,52,0.037037
10815,54,52,0.037037
10818,54,52,0.037037
10821,54,52,0.037037
10824,54,52,0.037037
10826,54,52,0.037037
10828,54,52,0.037037
10830,54,52,0.037037
10832,54,52,0.037037
10833,54,52,0.037037
10835,54,52,0.037037
10837,54,52,0.037037
10839,54,52,0.037037
10841,54,52,0.037037
10843,54,52,0.037037
10845,54,52,0.037037
10846,54,52,0.037037
10848,54,52,0.037037
10849,54,52,0.037037
10851,54,52,0.037037
10852,54,52,0.037037
10854,54,52,0.037037
10855,54,52,0.037037
10857,54,52,0.037037
10858,54,52,0.037037
10860,54,52,0.037037
10861,54,52,0.037037
10863,54,52,0.037037
10865,54,52,0.037037
10866,54,52,0.037037
10868,54,52,0.037037
10869,54,52,0.037037
10871,54,52,0.037037
10872,54,52,0.037037
10874,54,52,0.037037
10876,54,52,0.037037
10877,54,52,0.037037
10880,54,52,0.037037
10881,54,52,0.037037
10883,54,52,0.037037
10885,54,52,0.037037
10887,54,52,0.037037
10889,54,52,0.037037
10890,54,52,0.037037
10892,54,52,0.037037
10894,54,52,0.037037
10895,54,52,0.037037
10897,54,52,0.037037
10898,54,52,0.037037
10900,54,52,0.037037
10901,54,52,0.037037
10903,54,52,0.037037
10905,54,52,0.037037
10907,54,52,0.037037
10908,54,52,0.037037
10910,54,52,0.037037
10911,54,52,0.037037
10914,54,52,0.037037
10915,54,52,0.037037
10917,54,52,0.037037
10919,54,52,0.037037
10921,54,52,0.037037
10923,54,52,0.037037
10924,54,52,0.037037
10926,54,52,0.037037
10928,54,52,0.037037
10929,54,52,0.037037
10931,54,52,0.037037
10933,54,52,0.037037
10934,54,52,0.037037
10936,54,52,0.037037
10939,54,52,0.037037
10940,54,52,0.037037
10942,54,52,0.037037
10944,54,52,0.037037
10946,54,52,0.037037
10947,54,52,0.037037
10949,54,52,0.037037
10950,54,52,0.037037
10953,54,52,0.037037
10955,54,52,0.037037
10957,54,52,0.037037
10958,54,52,0.037037
10960,54,52,0.037037
10962,54,52,0.037037
10964,54,52,0.037037
10965,54,52,0.037037
10967,54,52,0.037037
10968,54,52,0.037037
10971,54,52,0.037037
10973,54,52,0.037037
10976,54,52,0.037037
10978,54,52,0.037037
10980,54,52,0.037037
10982,54,52,0.037037
10983,54,52,0.037037
10985,54,52,0.037037
10987,54,52,0.037037
10990,54,52,0.037037
10992,54,52,0.037037
10994,54,52,0.037037
10996,54,52,0.037037
10998,54,52,0.037037
10999,54,52,0.037037
11001,54,52,0.037037
11003,54,52,0.037037
11004,54,52,0.037037
11006,54,52,0.037037
11008,54,52,0.037037
11011,54,52,0.037037
11013,54,52,0.037037
11014,54,52,0.037037
11016,54,52,0.037037
11017,54,52,0.037037
11019,54,52,0.037037
11021,54,52,0.037037
11024,54,52,0.037037
11026,54,52,0.037037
11027,54,52,0.037037
11029,54,52,0.037037
11031,54,52,0.037037
11033,54,52,0.037037
11034,54,52,0.037037
11036,54,52,0.037037
11038,54,52,0.037037
11040,54,52,0.037037
11041,54,52,0.037037
11043,54,52,0.037037
11045,54,52,0.037037
11047,54,52,0.037037
11049,54,52,0.037037
11051,54,52,0.037037
11052,54,52,0.037037
11054,54,52,0.037037
11056,54,52,0.037037
11058,54,52,0.037037
11060,54,52,0.037037
11061,54,52,0.037037
11063,54,52,0.037037
11064,54,52,0.037037
11066,54,52,0.037037
11068,54,52,0.037037
11070,54,52,0.037037
11071,54,52,0.037037
11073,54,52,0.037037
11074,54,52,0.037037
11076,54,52,0.037037
11077,54,52,0.037037
11079,54,52,0.037037
11081,54,52,0.037037
11083,54,52,0.037037
11084,54,52,0.037037
11086,54,52,0.037037
11088,54,52,0.037037
11089,54,52,0.037037
11091,54,52,0.037037
11092,54,52,0.037037
11094,54,52,0.037037
11096,54,52,0.037037
11097,54,52,0.037037
11099,54,52,0.037037
11100,54,52,0.037037
11102,54,52,0.037037
11103,54,52,0.037037
11105,54,52,0.037037
11106,54,52,0.037037
11109,54,52,0.037037
11110,54,52,0.037037
11112,54,52,0.037037
11114,54,52,0.037037
11116,54,52,0.037037
11118,54,52,0.037037
11120,54,52,0.037037
11122,54,52,0.037037
11124,54,52,0.037037
11126,54,52,0.037037
11128,54,52,0.037037
11130,54,52,0.037037
11132,54,52,0.037037
11133,54,52,0.037037
11135,54,52,0.037037
11137,54,52,0.037037
11139,54,52,0.037037
11141,54,52,0.037037
11143,54,52,0.037037
11145,54,52,0.037037
11147,54,52,0.037037
11149,54,52,0.037037
11151,54,52,0.037037
11155,54,52,0.037037
11157,54,52,0.037037
11158,54,52,0.037037
11160,54,52,0.037037
11163,54,52,0.037037
11165,54,52,0.037037
11167,54,52,0.037037
11169,54,52,0.037037
11171,54,52,0.037037
11173,54,52,0.037037
11175,54,52,0.037037
11176,54,52,0.037037
11179,54,52,0.037037
11180,54,52,0.037037
11182,54,52,0.037037
11184,54,52,0.037037
11186,54,52,0.037037
11189,54,52,0.037037
11190,54,52,0.037037
11192,54,52,0.037037
11194,54,52,0.037037
11195,54,52,0.037037
11197,54,52,0.037037
11199,54,52,0.037037
11201,54,52,0.037037
11203,54,52,0.037037
11204,54,52,0.037037
11206,54,52,0.037037
11207,54,52,0.037037
11209,54,52,0.037037
11211,54,52,0.037037
11212,54,52,0.037037
11214,54,52,0.037037
11216,54,52,0.037037
11217,54,52,0.037037
11219,54,52,0.037037
11221,54,52,0.037037
11224,54,52,0.037037
11226,54,52,0.037037
11228,54,52,0.037037
11230,54,52,0.037037
11231,54,52,0.037037
11233,54,52,0.037037
11234,54,52,0.037037
11236,54,52,0.037037
11238,54,52,0.037037
11239,54,52,0.037037
11241,54,52,0.037037
11242,54,52,0.037037
11244,54,52,0.037037
11246,54,52,0.037037
11247,54,52,0.037037
11249,54,52,0.037037
11251,54,52,0.037037
11253,54,52,0.037037
11256,54,52,0.037037
11258,54,52,0.037037
11259,54,52,0.037037
11261,54,52,0.037037
11263,54,52,0.037037
11264,54,52,0.037037
11266,54,52,0.037037
11267,54,52,0.037037
11270,54,52,0.037037
11273,54,52,0.037037
11276,54,52,0.037037
11278,54,52,0.037037
11280,54,52,0.037037
11282,54,52,0.037037
11284,54,52,0.037037
11286,54,52,0.037037
11289,54,52,0.037037
11291,54,52,0.037037
11292,54,52,0.037037
11294,54,52,0.037037
11296,54,52,0.037037
11298,54,52,0.037037
11300,54,52,0.037037
11302,54,52,0.037037
11304,54,52,0.037037
11306,54,52,0.037037
11308,54,52,0.037037
11310,54,52,0.037037
11313,54,52,0.037037
11315,54,52,0.037037
11317,54,52,0.037037
11319,54,52,0.037037
11321,54,52,0.037037
11324,54,52,0.037037
11327,54,52,0.037037
11330,54,52,0.037037
11332,54,52,0.037037
11334,54,52,0.037037
11337,54,52,0.037037
11339,54,52,0.037037
11342,54,52,0.037037
11344,54,52,0.037037
11349,54,52,0.037037
11351,54,52,0.037037
11355,54,52,0.037037
11357,54,52,0.037037
11359,54,52,0.037037
11360,54,52,0.037037
11363,54,52,0.037037
11365,54,52,0.037037
11367,54,52,0.037037
11370,54,52,0.037037
11373,54,52,0.037037
11375,54,52,0.037037
11377,54,52,0.037037
11380,54,52,0.037037
11384,54,52,0.037037
11386,54,52,0.037037
11389,54,52,0.037037
11391,54,52,0.037037
11392,54,52,0.037037
11394,54,52,0.037037
11397,54,52,0.037037
11400,54,52,0.037037
11403,54,52,0.037037
11405,54,52,0.037037
11407,54,52,0.037037
11409,54,52,0.037037
11411,54,52,0.037037
11414,54,52,0.037037
11417,54,52,0.037037
11420,54,52,0.037037
11422,54,52,0.037037
11424,54,52,0.037037
11426,54,52,0.037037
11428,54,52,0.037037
11430,54,52,0.037037
11432,54,52,0.037037
11434,54,52,0.037037
11436,54,52,0.037037
11437,54,52,0.037037
11439,54,52,0.037037
11441,54,52,0.037037
11443,54,52,0.037037
11444,54,52,0.037037
11446,54,52,0.037037
11448,54,52,0.037037
11450,54,52,0.037037
11452,54,52,0.037037
11454,54,52,0.037037
11455,54,52,0.037037
11457,54,52,0.037037
11459,54,52,0.037037
11460,54,52,0.037037
11463,54,52,0.037037
11465,54,52,0.037037
11466,54,52,0.037037
11469,54,52,0.037037
11470,54,52,0.037037
11472,54,52,0.037037
11474,54,52,0.037037
11475,54,52,0.037037
11477,54,52,0.037037
11478,54,52,0.037037
11481,54,52,0.037037
11483,54,52,0.037037
11485,54,52,0.037037
11487,54,52,0.037037
11489,54,52,0.037037
11490,54,52,0.037037
11492,54,52,0.037037
11494,54,52,0.037037
11495,54,52,0.037037
11497,54,52,0.037037
11499,54,52,0.037037
11502,54,52,0.037037
11504,54,52,0.037037
11506,54,52,0.037037
11507,54,52,0.037037
11509,54,52,0.037037
11510,54,52,0.037037
11512,54,52,0.037037
11516,54,52,0.037037
11518,54,52,0.037037
11521,54,52,0.037037
11524,54,52,0.037037
11526,54,52,0.037037
11528,54,52,0.037037
11531,54,52,0.037037
11533,54,52,0.037037
11536,54,52,0.037037
11537,54,52,0.037037
11540,54,52,0.037037
11541,54,52,0.037037
11543,54,52,0.037037
11545,54,52,0.037037
11547,54,52,0.037037
11550,54,52,0.037037
11552,54,52,0.037037
11556,54,52,0.037037
11558,54,52,0.037037
11559,54,52,0.037037
11561,54,52,0.037037
11564,54,52,0.037037
11566,54,52,0.037037
11570,54,52,0.037037
11572,54,52,0.037037
11575,54,52,0.037037
11577,54,52,0.037037
11582,54,52,0.037037
11585,54,52,0.037037
11588,54,52,0.037037
11591,54,52,0.037037
11594,54,52,0.037037
11597,54,52,0.037037
11599,54,52,0.037037
11603,54,52,0.037037
11606,54,52,0.037037
11608,54,52,0.037037
11610,54,52,0.037037
11611,54,52,0.037037
11615,54,52,0.037037
11618,54,52,0.037037
11621,54,52,0.037037
11623,54,52,0.037037
11626,54,52,0.037037
11628,54,52,0.037037
11630,54,52,0.037037
11633,54,52,0.037037
11635,54,52,0.037037
11638,54,52,0.037037
11640,54,52,0.037037
11642,54,52,0.037037
11644,54,52,0.037037
11645,54,52,0.037037
11648,54,52,0.037037
11651,54,52,0.037037
11653,54,52,0.037037
11656,54,52,0.037037
11658,54,52,0.037037
11659,54,52,0.037037
11661,54,52,0.037037
11664,54,52,0.037037
11667,54,52,0.037037
11670,54,52,0.037037
11672,54,52,0.037037
11674,54,52,0.037037
11676,54,52,0.037037
11678,54,52,0.037037
11681,54,52,0.037037
11683,54,52,0.037037
11685,54,52,0.037037
11687,54,52,0.037037
11690,54,52,0.037037
11691,54,52,0.037037
11693,54,52,0.037037
11696,54,52,0.037037
11698,54,52,0.037037
11700,54,52,0.037037
11702,54,52,0.037037
11705,54,52,0.037037
11707,54,52,0.037037
11708,54,52,0.037037
11710,54,52,0.037037
11712,54,52,0.037037
11715,54,52,0.037037
11719,54,52,0.037037
11722,54,52,0.037037
11724,54,52,0.037037
11725,54,52,0.037037
11728,54,52,0.037037
11730,54,52,0.037037
11732,54,52,0.037037
11734,54,52,0.037037
11737,54,52,0.037037
11740,54,52,0.037037
11742,54,52,0.037037
11744,54,52,0.037037
11746,54,52,0.037037
11748,54,52,0.037037
11751,54,52,0.037037
11755,54,52,0.037037
11757,54,52,0.037037
11759,54,52,0.037037
11761,54,52,0.037037
11763,54,52,0.037037
11765,54,52,0.037037
11767,54,52,0.037037
11771,54,52,0.037037
11773,54,52,0.037037
11775,54,52,0.037037
11777,54,52,0.037037
11780,54,52,0.037037
11782,54,52,0.037037
11785,54,52,0.037037
11787,54,52,0.037037
11790,54,52,0.037037
11792,54,52,0.037037
11794,54,52,0.037037
11796,54,52,0.037037
11798,54,52,0.037037
11800,54,52,0.037037
11803,54,52,0.037037
11805,54,52,0.037037
11807,54,52,0.037037
11809,54,52,0.037037
11812,54,52,0.037037
11815,54,52,0.037037
11817,54,52,0.037037
11819,54,52,0.037037
11822,54,52,0.037037
11824,54,52,0.037037
11826,54,52,0.037037
11827,54,52,0.037037
11830,54,52,0.037037
11831,54,52,0.037037
11833,54,52,0.037037
11836,54,52,0.037037
11838,54,52,0.037037
11840,54,52,0.037037
11842,54,52,0.037037
11843,54,52,0.037037
11845,54,52,0.037037
11847,54,52,0.037037
11849,54,52,0.037037
11851,54,52,0.037037
11853,54,52,0.037037
11855,54,52,0.037037
11856,54,52,0.037037
11858,54,52,0.037037
11860,54,52,0.037037
11861,54,52,0.037037
11863,54,52,0.037037
11865,54,52,0.037037
11867,54,52,0.037037
11869,54,52,0.037037
11870,54,52,0.037037
11872,54,52,0.037037
11874,54,52,0.037037
11875,54,52,0.037037
11877,54,52,0.037037
11879,54,52,0.037037
11880,54,52,0.037037
11882,54,52,0.037037
11884,54,52,0.037037
11886,54,52,0.037037
11888,54,52,0.037037
11890,54,52,0.037037
11891,54,52,0.037037
11893,54,52,0.037037
11895,54,52,0.037037
11897,54,52,0.037037
11899,54,52,0.037037
11901,54,52,0.037037
11902,54,52,0.037037
11905,54,52,0.037037
11907,54,52,0.037037
11909,54,52,0.037037
11910,54,52,0.037037
11912,54,52,0.037037
11914,54,52,0.037037
11917,54,52,0.037037
11919,54,52,0.037037
11922,54,52,0.037037
11924,54,52,0.037037
11925,54,52,0.037037
11927,54,52,0.037037
11929,54,52,0.037037
11931,54,52,0.037037
11933,54,52,0.037037
11936,54,52,0.037037
11938,54,52,0.037037
11940,54,52,0.037037
11942,54,52,0.037037
11944,54,52,0.037037
11947,54,52,0.037037
11949,54,52,0.037037
11951,54,52,0.037037
11954,54,52,0.037037
11956,54,52,0.037037
11958,53,52,0.0188679
11960,53,52,0.0188679
11962,53,52,0.0188679
11963,53,52,0.0188679
11965,53,52,0.0188679
11967,53,52,0.0188679
11969,53,52,0.0188679
11970,53,52,0.0188679
11972,53,52,0.0188679
11973,53,52,0.0188679
11974,53,52,0.0188679
11975,53,52,0.0188679
11976,53,52,0.0188679
11977,53,52,0.0188679
11977,53,52,0.0188679
11978,53,52,0.0188679
11978,53,52,0.0188679
11978,53,52,0.0188679
11979,53,52,0.0188679
11979,53,52,0.0188679
11980,53,52,0.0188679
11980,53,52,0.0188679
11981,53,52,0.0188679
11982,53,52,0.0188679
11983,53,52,0.0188679
11984,53,52,0.0188679
11985,53,52,0.0188679
11985,53,52,0.0188679
11986,53,52,0.0188679
11986,53,52,0.0188679
11987,53,52,0.0188679
11987,53,52,0.0188679
11988,53,52,0.0188679
11989,53,52,0.0188679
11989,53,52,0.0188679
11989,53,52,0.0188679
11990,53,52,0.0188679
11990,53,52,0.0188679
11991,53,52,0.0188679
11991,53,52,0.0188679
11992,53,52,0.0188679
11992,53,52,0.0188679
11993,53,52,0.0188679
11993,53,52,0.0188679
11993,53,52,0.0188679
11994,53,52,0.0188679
11994,53,52,0.0188679
11995,53,52,0.0188679
11995,53,52,0.0188679
11996,53,52,0.0188679
11997,53,52,0.0188679
11997,53,52,0.0188679
11997,53,52,0.0188679
11998,53,52,0.0188679
11999,53,52,0.0188679
12000,53,52,0.0188679
12001,53,52,0.0188679
12001,53,52,0.0188679
12002,53,52,0.0188679
12003,53,52,0.0188679
12003,53,52,0.0188679
12004,53,52,0.0188679
12005,53,52,0.0188679
12005,53,52,0.0188679
12005,53,52,0.0188679
12006,53,52,0.0188679
12006,53,52,0.0188679
12007,53,52,0.0188679
12007,53,52,0.0188679
12008,53,52,0.0188679
12008,53,52,0.0188679
12009,53,52,0.0188679
12009,53,52,0.0188679
12010,53,52,0.0188679
12010,53,52,0.0188679
12011,53,52,0.0188679
12011,53,52,0.0188679
12012,53,52,0.0188679
12012,53,52,0.0188679
12013,53,52,0.0188679
12014,53,52,0.0188679
12015,53,52,0.0188679
12015,53,52,0.0188679
12015,53,52,0.0188679
12016,53,52,0.0188679
12016,53,52,0.0188679
12016,53,52,0.0188679
12017,53,52,0.0188679
12018,53,52,0.0188679
12018,53,52,0.0188679
12019,53,52,0.0188679
12019,53,52,0.0188679
12020,53,52,0.0188679
12021,53,52,0.0188679
12021,53,52,0.0188679
12021,53,52,0.0188679
12022,53,52,0.0188679
12022,53,52,0.0188679
12023,53,52,0.0188679
12023,53,52,0.0188679
12024,53,52,0.0188679
12024,53,52,0.0188679
12025,53,52,0.0188679
12025,53,52,0.0188679
12026,53,52,0.0188679
12026,53,52,0.0188679
12027,53,52,0.0188679
12027,53,52,0.0188679
12028,53,52,0.0188679
12028,53,52,0.0188679
12029,53,52,0.0188679
12030,53,52,0.0188679
12030,53,52,0.0188679
12031,53,52,0.0188679
12032,53,52,0.0188679
12033,53,52,0.0188679
12034,53,52,0.0188679
12035,53,52,0.0188679
12035,53,52,0.0188679
12036,53,52,0.0188679
12037,53,52,0.0188679
12038,53,52,0.0188679
12039,53,52,0.0188679
12039,53,52,0.0188679
12040,53,52,0.0188679
12040,53,52,0.0188679
12041,53,52,0.0188679
12042,53,52,0.0188679
12042,53,52,0.0188679
12043,53,52,0.0188679
12044,53,52,0.0188679
12044,53,52,0.0188679
12045,53,52,0.0188679
12045,53,52,0.0188679
12046,53,52,0.0188679
12047,53,52,0.0188679
12048,53,52,0.0188679
12048,53,52,0.0188679
12049,53,52,0.0188679
12049,53,52,0.0188679
12050,53,52,0.0188679
12051,53,52,0.0188679
12051,53,52,0.0188679
12052,53,52,0.0188679
12053,53,52,0.0188679
12054,53,52,0.0188679
12054,53,52,0.0188679
12055,53,52,0.0188679
12056,53,52,0.0188679
12056,53,52,0.0188679
12057,53,52,0.0188679
12057,53,52,0.0188679
12058,53,52,0.0188679
12059,53,52,0.0188679
12059,53,52,0.0188679
12060,53,52,0.0188679
12061,53,52,0.0188679
12061,53,52,0.0188679
12062,53,52,0.0188679
12063,53,52,0.0188679
12063,53,52,0.0188679
12064,53,52,0.0188679
12065,53,52,0.0188679
12065,53,52,0.0188679
12066,53,52,0.0188679
12067,53,52,0.0188679
12068,53,52,0.0188679
12068,53,52,0.0188679
12069,53,52,0.0188679
12069,53,52,0.0188679
12070,53,52,0.0188679
12071,53,52,0.0188679
12071,53,52,0.0188679
12072,53,52,0.0188679
12073,53,52,0.0188679
12073,53,52,0.0188679
12074,53,52,0.0188679
12075,53,52,0.0188679
12075,53,52,0.0188679
12076,53,52,0.0188679
12077,53,52,0.0188679
12077,53,52,0.0188679
12078,53,52,0.0188679
12078,53,52,0.0188679
12079,53,52,0.0188679
12080,53,52,0.0188679
12081,53,52,0.0188679
12081,53,52,0.0188679
12082,53,52,0.0188679
12083,53,52,0.0188679
12083,53,52,0.0188679
12084,53,52,0.0188679
12085,53,52,0.0188679
12085,53,52,0.0188679
12086,53,52,0.0188679
12087,53,52,0.0188679
12087,53,52,0.0188679
12088,53,52,0.0188679
12089,53,52,0.0188679
12090,53,52,0.0188679
12091,53,52,0.0188679
12091,53,52,0.0188679
12092,53,52,0.0188679
12093,53,52,0.0188679
12093,53,52,0.0188679
12094,53,52,0.0188679
12095,53,52,0.0188679
12095,53,52,0.0188679
12096,53,52,0.0188679
12097,53,52,0.0188679
12098,53,52,0.0188679
12098,53,52,0.0188679
12099,53,52,0.0188679
12100,53,52,0.0188679
12100,53,52,0.0188679
12101,53,52,0.0188679
12102,53,52,0.0188679
12102,53,52,0.0188679
12103,53,52,0.0188679
12104,53,52,0.0188679
12104,53,52,0.0188679
12105,53,52,0.0188679
12106,53,52,0.0188679
12107,53,52,0.0188679
12107,53,52,0.0188679
12108,53,52,0.0188679
12109,53,52,0.0188679
12110,53,52,0.0188679
12111,53,52,0.0188679
12111,53,52,0.0188679
12112,53,52,0.0188679
12114,53,52,0.0188679
12114,53,52,0.0188679
12115,53,52,0.0188679
12116,53,52,0.0188679
12117,53,52,0.0188679
12117,53,52,0.0188679
12118,53,52,0.0188679
12119,53,52,0.0188679
12119,53,52,0.0188679
12120,53,52,0.0188679
12121,53,52,0.0188679
12122,53,52,0.0188679
12122,53,52,0.0188679
12123,53,52,0.0188679
12124,53,52,0.0188679
12125,53,52,0.0188679
12126,53,52,0.0188679
12126,53,52,0.0188679
12127,53,52,0.0188679
12128,53,52,0.0188679
12129,53,52,0.0188679
12130,53,52,0.0188679
12130,53,52,0.0188679
12131,53,52,0.0188679
12132,53,52,0.0188679
12133,53,52,0.0188679
12134,53,52,0.0188679
12134,53,52,0.0188679
12135,53,52,0.0188679
12136,53,52,0.0188679
12136,53,52,0.0188679
12137,53,52,0.0188679
12138,53,52,0.0188679
12139,53,52,0.0188679
12141,53,52,0.0188679
12143,53,52,0.0188679
12145,53,52,0.0188679
12147,53,52,0.0188679
12150,53,52,0.0188679
12151,53,52,0.0188679
12153,53,52,0.0188679
12155,53,52,0.0188679
12156,53,52,0.0188679
12158,53,52,0.0188679
12160,53,52,0.0188679
12161,53,52,0.0188679
12163,53,52,0.0188679
12164,53,52,0.0188679
12165,53,52,0.0188679
12166,53,52,0.0188679
12167,53,52,0.0188679
12169,53,52,0.0188679
12170,53,52,0.0188679
12170,53,52,0.0188679
12172,53,52,0.0188679
12173,53,52,0.0188679
12173,53,52,0.0188679
12174,53,52,0.0188679
12175,53,52,0.0188679
12176,53,52,0.0188679
12176,53,52,0.0188679
12177,53,52,0.0188679
12178,53,52,0.0188679
12179,53,52,0.0188679
12179,53,52,0.0188679
12181,53,52,0.0188679
12182,53,52,0.0188679
12182,53,52,0.0188679
12184,53,52,0.0188679
12185,53,52,0.0188679
12186,53,52,0.0188679
12187,53,52,0.0188679
12187,53,52,0.0188679
12189,53,52,0.0188679
12189,53,52,0.0188679
12190,53,52,0.0188679
12190,53,52,0.0188679
12191,53,52,0.0188679
12191,53,52,0.0188679
12192,53,52,0.0188679
12193,53,52,0.0188679
12193,53,52,0.0188679
12194,53,52,0.0188679
12195,53,52,0.0188679
12195,53,52,0.0188679
12196,53,52,0.0188679
12197,53,52,0.0188679
12198,53,52,0.0188679
12198,53,52,0.0188679
12199,53,52,0.0188679
12200,53,52,0.0188679
12201,53,52,0.0188679
12202,53,52,0.0188679
12202,53,52,0.0188679
12203,53,52,0.0188679
12203,53,52,0.0188679
12204,53,52,0.0188679
12205,53,52,0.0188679
12205,53,52,0.0188679
12206,53,52,0.0188679
12206,53,52,0.0188679
12207,53,52,0.0188679
12207,53,52,0.0188679
12208,53,52,0.0188679
12208,53,52,0.0188679
12209,53,52,0.0188679
12209,53,52,0.0188679
12210,53,52,0.0188679
12210,53,52,0.0188679
12211,53,52,0.0188679
12211,53,52,0.0188679
12212,53,52,0.0188679
12213,53,52,0.0188679
12214,53,52,0.0188679
12214,53,52,0.0188679
12215,53,52,0.0188679
12215,53,52,0.0188679
12216,53,52,0.0188679
12217,53,52,0.0188679
12217,53,52,0.0188679
12218,53,52,0.0188679
12219,53,52,0.0188679
12220,53,52,0.0188679
12221,53,52,0.0188679
12222,53,52,0.0188679
12222,53,52,0.0188679
12223,53,52,0.0188679
12223,53,52,0.0188679
12224,53,52,0.0188679
12225,53,52,0.0188679
12226,53,52,0.0188679
12227,53,52,0.0188679
12227,53,52,0.0188679
12228,53,52,0.0188679
12229,53,52,0.0188679
12230,53,52,0.0188679
12231,53,52,0.0188679
12231,53,52,0.0188679
12232,53,52,0.0188679
12233,53,52,0.0188679
12234,53,52,0.0188679
12234,53,52,0.0188679
12235,53,52,0.0188679
12236,53,52,0.0188679
12237,53,52,0.0188679
12238,53,52,0.0188679
12239,53,52,0.0188679
12240,53,52,0.0188679
12240,53,52,0.0188679
12241,53,52,0.0188679
12242,53,52,0.0188679
12242,53,52,0.0188679
12243,53,52,0.0188679
12244,53,52,0.0188679
12244,53,52,0.0188679
12245,53,52,0.0188679
12246,53,52,0.0188679
12247,53,52,0.0188679
12248,53,52,0.0188679
12249,53,52,0.0188679
12250,53,52,0.0188679
12250,53,52,0.0188679
12251,53,52,0.0188679
12252,53,52,0.0188679
12253,53,52,0.0188679
12254,53,52,0.0188679
12255,53,52,0.0188679
12255,53,52,0.0188679
12256,53,52,0.0188679
12257,53,52,0.0188679
12257,53,52,0.0188679
12257,53,52,0.0188679
12258,53,52,0.0188679
12258,53,52,0.0188679
12259,53,52,0.0188679
12259,53,52,0.0188679
12260,53,52,0.0188679
12260,53,52,0.0188679
12261,53,52,0.0188679
12262,53,52,0.0188679
12262,53,52,0.0188679
12263,53,52,0.0188679
12264,53,52,0.0188679
12264,53,52,0.0188679
12265,53,52,0.0188679
12266,53,52,0.0188679
12267,53,52,0.0188679
12268,53,52,0.0188679
12269,53,52,0.0188679
12270,53,52,0.0188679
12271,53,52,0.0188679
12272,53,52,0.0188679
12272,53,52,0.0188679
12273,53,52,0.0188679
12274,53,52,0.0188679
12274,53,52,0.0188679
12275,53,52,0.0188679
12275,53,52,0.0188679
12276,53,52,0.0188679
12277,53,52,0.0188679
12277,53,52,0.0188679
12278,53,52,0.0188679
12278,53,52,0.0188679
12280,53,52,0.0188679
12281,53,52,0.0188679
12281,53,52,0.0188679
12282,53,52,0.0188679
12283,53,52,0.0188679
12284,53,52,0.0188679
12284,53,52,0.0188679
12285,53,52,0.0188679
12286,53,52,0.0188679
12286,53,52,0.0188679
12287,53,52,0.0188679
12288,53,52,0.0188679
12289,53,52,0.0188679
12290,53,52,0.0188679
12291,53,52,0.0188679
12291,53,52,0.0188679
12292,53,52,0.0188679
12293,53,52,0.0188679
12293,53,52,0.0188679
12294,53,52,0.0188679
12295,53,52,0.0188679
12296,53,52,0.0188679
12297,53,52,0.0188679
12298,53,52,0.0188679
12299,53,52,0.0188679
12299,53,52,0.0188679
12300,53,52,0.0188679
12300,53,52,0.0188679
12301,53,52,0.0188679
12301,53,52,0.0188679
12302,53,52,0.0188679
12303,53,52,0.0188679
12303,53,52,0.0188679
12304,53,52,0.0188679
12305,53,52,0.0188679
12305,53,52,0.0188679
12306,53,52,0.0188679
12306,53,52,0.0188679
12307,53,52,0.0188679
12308,53,52,0.0188679
12308,53,52,0.0188679
12309,53,52,0.0188679
12310,53,52,0.0188679
12310,53,52,0.0188679
12311,53,52,0.0188679
12312,53,52,0.0188679
12313,53,52,0.0188679
12314,53,52,0.0188679
12314,53,52,0.0188679
12315,53,52,0.0188679
12316,53,52,0.0188679
12316,53,52,0.0188679
12317,53,52,0.0188679
12318,53,52,0.0188679
12319,53,52,0.0188679
12320,53,52,0.0188679
12321,53,52,0.0188679
12322,53,52,0.0188679
12323,53,52,0.0188679
12323,53,52,0.0188679
12324,53,52,0.0188679
12324,53,52,0.0188679
12325,53,52,0.0188679
12326,53,52,0.0188679
12326,53,52,0.0188679
12327,53,52,0.0188679
12327,53,52,0.0188679
12328,53,52,0.0188679
12328,53,52,0.0188679
12330,53,52,0.0188679
12330,53,52,0.0188679
12331,53,52,0.0188679
12332,53,52,0.0188679
12332,53,52,0.0188679
12333,53,52,0.0188679
12334,53,52,0.0188679
12334,53,52,0.0188679
12335,53,52,0.0188679
12336,53,52,0.0188679
12337,53,52,0.0188679
12338,53,52,0.0188679
12339,53,52,0.0188679
12340,53,52,0.0188679
12341,53,52,0.0188679
12342,53,52,0.0188679
12343,53,52,0.0188679
12343,53,52,0.0188679
12344,53,52,0.0188679
12345,53,52,0.0188679
12345,53,52,0.0188679
12346,53,52,0.0188679
12347,53,52,0.0188679
12347,53,52,0.0188679
12348,53,52,0.0188679
12350,53,52,0.0188679
12351,53,52,0.0188679
12352,53,52,0.0188679
12353,53,52,0.0188679
12354,53,52,0.0188679
12355,53,52,0.0188679
12355,53,52,0.0188679
12356,53,52,0.0188679
12357,53,52,0.0188679
12357,53,52,0.0188679
12358,53,52,0.0188679
12359,53,52,0.0188679
12360,53,52,0.0188679
12360,53,52,0.0188679
12361,53,52,0.0188679
12361,53,52,0.0188679
12362,53,52,0.0188679
12363,53,52,0.0188679
12363,53,52,0.0188679
12364,53,52,0.0188679
12365,53,52,0.0188679
12365,53,52,0.0188679
12366,53,52,0.0188679
12368,53,52,0.0188679
12369,53,52,0.0188679
12369,53,52,0.0188679
12371,53,52,0.0188679
12372,53,52,0.0188679
12372,53,52,0.0188679
12373,53,52,0.0188679
12373,53,52,0.0188679
12374,53,52,0.0188679
12374,53,52,0.0188679
12375,53,52,0.0188679
12376,53,52,0.0188679
12376,53,52,0.0188679
12377,53,52,0.0188679
12378,53,52,0.0188679
12378,53,52,0.0188679
12379,53,52,0.0188679
12380,53,52,0.0188679
12381,53,52,0.0188679
12381,53,52,0.0188679
12382,53,52,0.0188679
12383,53,52,0.0188679
12384,53,52,0.0188679
12384,53,52,0.0188679
12385,53,52,0.0188679
12386,53,52,0.0188679
12386,53,52,0.0188679
12387,53,52,0.0188679
12388,53,52,0.0188679
12388,53,52,0.0188679
12389,53,52,0.0188679
12389,53,52,0.0188679
12390,53,52,0.0188679
12391,53,52,0.0188679
12392,53,52,0.0188679
12392,53,52,0.0188679
12393,53,52,0.0188679
12394,53,52,0.0188679
12394,53,52,0.0188679
12395,53,52,0.0188679
12396,53,52,0.0188679
12396,53,52,0.0188679
12397,53,52,0.0188679
12398,53,52,0.0188679
12399,53,52,0.0188679
12399,53,52,0.0188679
12401,53,52,0.0188679
12402,53,52,0.0188679
12402,53,52,0.0188679
12403,53,52,0.0188679
12404,53,52,0.0188679
12404,53,52,0.0188679
12405,53,52,0.0188679
12405,53,52,0.0188679
12406,53,52,0.0188679
12406,53,52,0.0188679
12407,53,52,0.0188679
12408,53,52,0.0188679
12408,53,52,0.0188679
12409,53,52,0.0188679
12410,53,52,0.0188679
12410,53,52,0.0188679
12411,53,52,0.0188679
12412,53,52,0.0188679
12412,53,52,0.0188679
12413,53,52,0.0188679
12414,53,52,0.0188679
12414,53,52,0.0188679
12415,53,52,0.0188679
12416,53,52,0.0188679
12417,53,52,0.0188679
12417,53,52,0.0188679
12418,53,52,0.0188679
12419,53,52,0.0188679
12420,53,52,0.0188679
12421,53,52,0.0188679
12421,53,52,0.0188679
12422,53,52,0.0188679
12423,53,52,0.0188679
12423,53,52,0.0188679
12424,53,52,0.0188679
12425,53,52,0.0188679
12426,53,52,0.0188679
12426,53,52,0.0188679
12427,53,52,0.0188679
12428,53,52,0.0188679
12428,53,52,0.0188679
12429,53,52,0.0188679
12430,53,52,0.0188679
12431,53,52,0.0188679
12432,53,52,0.0188679
12433,53,52,0.0188679
12433,53,52,0.0188679
12434,53,52,0.0188679
12435,53,52,0.0188679
12436,53,52,0.0188679
12436,53,52,0.0188679
12437,53,52,0.0188679
12437,53,52,0.0188679
12438,53,52,0.0188679
12440,53,52,0.0188679
12440,53,52,0.0188679
12441,53,52,0.0188679
12442,53,52,0.0188679
12442,53,52,0.0188679
12443,53,52,0.0188679
12444,53,52,0.0188679
12445,53,52,0.0188679
12445,53,52,0.0188679
12446,53,52,0.0188679
12447,53,52,0.0188679
12447,53,52,0.0188679
12448,53,52,0.0188679
12449,53,52,0.0188679
12450,53,52,0.0188679
12450,53,52,0.0188679
12451,53,52,0.0188679
12451,53,52,0.0188679
12452,53,52,0.0188679
12453,53,52,0.0188679
12453,53,52,0.0188679
12454,53,52,0.0188679
12455,53,52,0.0188679
12455,53,52,0.0188679
12456,53,52,0.0188679
12456,53,52,0.0188679
12457,53,52,0.0188679
12457,53,52,0.0188679
12458,53,52,0.0188679
12458,53,52,0.0188679
12459,53,52,0.0188679
12459,53,52,0.0188679
12460,53,52,0.0188679
12480,53,52,0.0188679
12480,53,52,0.0188679
12481,53,52,0.0188679
12481,53,52,0.0188679
12482,53,52,0.0188679
12482,53,52,0.0188679
12483,53,52,0.0188679
12483,53,52,0.0188679
12484,53,52,0.0188679
12484,53,52,0.0188679
12485,53,52,0.0188679
12486,53,52,0.0188679
12487,53,52,0.0188679
12487,53,52,0.0188679
12489,53,52,0.0188679
12489,53,52,0.0188679
12490,53,52,0.0188679
12490,53,52,0.0188679
12491,53,52,0.0188679
12491,53,52,0.0188679
12492,53,52,0.0188679
12492,53,52,0.0188679
12493,53,52,0.0188679
12493,53,52,0.0188679
12493,53,52,0.0188679
12494,53,52,0.0188679
12494,53,52,0.0188679
12495,53,52,0.0188679
12495,53,52,0.0188679
12496,53,52,0.0188679
12496,53,52,0.0188679
12497,53,52,0.0188679
12497,53,52,0.0188679
12498,53,52,0.0188679
12498,53,52,0.0188679
12499,53,52,0.0188679
12499,53,52,0.0188679
12500,53,52,0.0188679
12500,53,52,0.0188679
12501,53,52,0.0188679
12501,53,52,0.0188679
12502,53,52,0.0188679
12502,53,52,0.0188679
12504,53,52,0.0188679
12504,53,52,0.0188679
12505,53,52,0.0188679
12505,53,52,0.0188679
12506,53,52,0.0188679
12507,53,52,0.0188679
12508,53,52,0.0188679
12508,53,52,0.0188679
12509,53,52,0.0188679
12510,53,52,0.0188679
12510,53,52,0.0188679
12511,53,52,0.0188679
12513,53,52,0.0188679
12514,53,52,0.0188679
12515,53,52,0.0188679
12516,53,52,0.0188679
12517,53,52,0.0188679
12518,53,52,0.0188679
12520,53,52,0.0188679
12521,53,52,0.0188679
12523,53,52,0.0188679
12523,53,52,0.0188679
12524,53,52,0.0188679
12525,53,52,0.0188679
12526,53,52,0.0188679
12527,53,52,0.0188679
12528,53,52,0.0188679
12529,53,52,0.0188679
12530,53,52,0.0188679
12531,53,52,0.0188679
12532,53,52,0.0188679
12533,53,52,0.0188679
12534,53,52,0.0188679
12535,53,52,0.0188679
12536,53,52,0.0188679
12537,53,52,0.0188679
12539,53,52,0.0188679
12540,53,52,0.0188679
12541,53,52,0.0188679
12542,53,52,0.0188679
12542,53,52,0.0188679
12543,53,52,0.0188679
12543,53,52,0.0188679
12544,53,52,0.0188679
12545,53,52,0.0188679
12545,53,52,0.0188679
12546,53,52,0.0188679
12547,53,52,0.0188679
12547,53,52,0.0188679
12548,53,52,0.0188679
12549,53,52,0.0188679
12549,53,52,0.0188679
12550,53,52,0.0188679
12550,53,52,0.0188679
12551,53,52,0.0188679
12552,53,52,0.0188679
12553,53,52,0.0188679
12554,53,52,0.0188679
12554,53,52,0.0188679
12555,53,52,0.0188679
12556,53,52,0.0188679
12556,53,52,0.0188679
12557,53,52,0.0188679
12557,53,52,0.0188679
12558,53,52,0.0188679
12558,53,52,0.0188679
12559,53,52,0.0188679
12559,53,52,0.0188679
12560,53,52,0.0188679
12561,53,52,0.0188679
12561,53,52,0.0188679
12562,53,52,0.0188679
12563,53,52,0.0188679
12564,53,52,0.0188679
12564,53,52,0.0188679
12565,53,52,0.0188679
12566,53,52,0.0188679
12567,53,52,0.0188679
12568,53,52,0.0188679
12569,53,52,0.0188679
12570,53,52,0.0188679
12572,53,52,0.0188679
12573,53,52,0.0188679
12574,53,52,0.0188679
12575,53,52,0.0188679
12575,53,52,0.0188679
12576,53,52,0.0188679
12577,53,52,0.0188679
12577,53,52,0.0188679
12578,53,52,0.0188679
12580,53,52,0.0188679
12581,53,52,0.0188679
12582,53,52,0.0188679
12583,53,52,0.0188679
12584,53,52,0.0188679
12586,53,52,0.0188679
12587,53,52,0.0188679
12589,53,52,0.0188679
12590,53,52,0.0188679
12591,53,52,0.0188679
12592,53,52,0.0188679
12592,53,52,0.0188679
12593,53,52,0.0188679
12594,53,52,0.0188679
12595,53,52,0.0188679
12596,53,52,0.0188679
12597,53,52,0.0188679
12597,53,52,0.0188679
12598,53,52,0.0188679
12598,53,52,0.0188679
12599,53,52,0.0188679
12600,53,52,0.0188679
12601,53,52,0.0188679
12601,53,52,0.0188679
12602,53,52,0.0188679
12603,53,52,0.0188679
12605,53,52,0.0188679
12606,53,52,0.0188679
12607,53,52,0.0188679
12607,53,52,0.0188679
12608,53,52,0.0188679
12609,53,52,0.0188679
12609,53,52,0.0188679
12610,53,52,0.0188679
12611,53,52,0.0188679
12612,53,52,0.0188679
12614,53,52,0.0188679
12615,53,52,0.0188679
12616,53,52,0.0188679
12617,53,52,0.0188679
12618,53,52,0.0188679
12619,53,52,0.0188679
12620,53,52,0.0188679
12622,53,52,0.0188679
12623,53,52,0.0188679
12624,53,52,0.0188679
12625,53,52,0.0188679
12625,53,52,0.0188679
12626,53,52,0.0188679
12627,53,52,0.0188679
12628,53,52,0.0188679
12628,53,52,0.0188679
12629,53,52,0.0188679
12631,53,52,0.0188679
12632,53,52,0.0188679
12632,53,52,0.0188679
12633,53,52,0.0188679
12633,53,52,0.0188679
12635,53,52,0.0188679
12636,53,52,0.0188679
12637,53,52,0.0188679
12639,53,52,0.0188679
12640,53,52,0.0188679
12641,53,52,0.0188679
12642,53,52,0.0188679
12643,53,52,0.0188679
12644,53,52,0.0188679
12645,53,52,0.0188679
12647,53,52,0.0188679
12647,53,52,0.0188679
12648,53,52,0.0188679
12649,53,52,0.0188679
12649,53,52,0.0188679
12651,53,52,0.0188679
12651,53,52,0.0188679
12652,53,52,0.0188679
12653,53,52,0.0188679
12655,53,52,0.0188679
12656,53,52,0.0188679
12657,53,52,0.0188679
12657,53,52,0.0188679
12658,53,52,0.0188679
12659,53,52,0.0188679
12660,53,52,0.0188679
12660,53,52,0.0188679
12661,53,52,0.0188679
12662,53,52,0.0188679
12663,53,52,0.0188679
12664,53,52,0.0188679
12665,53,52,0.0188679
12666,53,52,0.0188679
12667,53,52,0.0188679
12667,53,52,0.0188679
12668,53,52,0.0188679
12669,53,52,0.0188679
12670,53,52,0.0188679
12672,53,52,0.0188679
12673,53,52,0.0188679
12673,53,52,0.0188679
12674,53,52,0.0188679
12675,53,52,0.0188679
12676,53,52,0.0188679
12676,53,52,0.0188679
12677,53,52,0.0188679
12677,53,52,0.0188679
12678,53,52,0.0188679
12679,53,52,0.0188679
12680,53,52,0.0188679
12681,53,52,0.0188679
12682,53,52,0.0188679
12683,53,52,0.0188679
12684,53,52,0.0188679
12685,53,52,0.0188679
12686,53,52,0.0188679
12687,53,52,0.0188679
12688,53,52,0.0188679
12689,53,52,0.0188679
12690,53,52,0.0188679
12691,53,52,0.0188679
12691,53,52,0.0188679
12692,53,52,0.0188679
12693,53,52,0.0188679
12694,53,52,0.0188679
12694,53,52,0.0188679
12695,53,52,0.0188679
12696,53,52,0.0188679
12697,53,52,0.0188679
12698,53,52,0.0188679
12699,53,52,0.0188679
12699,53,52,0.0188679
12700,53,52,0.0188679
12701,53,52,0.0188679
12702,53,52,0.0188679
12703,53,52,0.0188679
12705,53,52,0.0188679
12706,53,52,0.0188679
12706,53,52,0.0188679
12707,53,52,0.0188679
12708,53,52,0.0188679
12708,53,52,0.0188679
12709,53,52,0.0188679
12709,53,52,0.0188679
12710,53,52,0.0188679
12711,53,52,0.0188679
12712,53,52,0.0188679
12713,53,52,0.0188679
12714,53,52,0.0188679
12715,53,52,0.0188679
12716,53,52,0.0188679
12716,53,52,0.0188679
12717,53,52,0.0188679
12718,53,52,0.0188679
12719,53,52,0.0188679
12720,53,52,0.0188679
12720,53,52,0.0188679
12721,53,52,0.0188679
12722,53,52,0.0188679
12723,53,52,0.0188679
12724,53,52,0.0188679
12725,53,52,0.0188679
12725,53,52,0.0188679
12726,53,52,0.0188679
12727,53,52,0.0188679
12727,53,52,0.0188679
12728,53,52,0.0188679
12729,53,52,0.0188679
12730,53,52,0.0188679
12731,53,52,0.0188679
12732,53,52,0.0188679
12733,53,52,0.0188679
12735,53,52,0.0188679
12736,53,52,0.0188679
12736,53,52,0.0188679
12737,53,52,0.0188679
12738,53,52,0.0188679
12739,53,52,0.0188679
12739,53,52,0.0188679
12740,53,52,0.0188679
12741,53,52,0.0188679
12741,53,52,0.0188679
12742,53,52,0.0188679
12743,53,52,0.0188679
12743,53,52,0.0188679
12744,53,52,0.0188679
12745,53,52,0.0188679
12745,53,52,0.0188679
12747,53,52,0.0188679
12748,53,52,0.0188679
12749,53,52,0.0188679
12749,53,52,0.0188679
12750,53,52,0.0188679
12751,53,52,0.0188679
12753,53,52,0.0188679
12754,53,52,0.0188679
12755,53,52,0.0188679
12756,53,52,0.0188679
12757,53,52,0.0188679
12757,53,52,0.0188679
12758,53,52,0.0188679
12759,53,52,0.0188679
12759,53,52,0.0188679
12760,53,52,0.0188679
12760,53,52,0.0188679
12761,53,52,0.0188679
12762,53,52,0.0188679
12762,53,52,0.0188679
12763,53,52,0.0188679
12764,53,52,0.0188679
12765,53,52,0.0188679
12765,53,52,0.0188679
12767,53,52,0.0188679
12767,53,52,0.0188679
12768,53,52,0.0188679
12769,53,52,0.0188679
12769,53,52,0.0188679
12770,53,52,0.0188679
12771,53,52,0.0188679
12772,53,52,0.0188679
12773,53,52,0.0188679
12773,53,52,0.0188679
12774,53,52,0.0188679
12775,53,52,0.0188679
12776,53,52,0.0188679
12777,53,52,0.0188679
12778,53,52,0.0188679
12779,53,52,0.0188679
12780,53,52,0.0188679
12780,53,52,0.0188679
12781,53,52,0.0188679
12782,53,52,0.0188679
12783,53,52,0.0188679
12783,53,52,0.0188679
12784,53,52,0.0188679
12785,53,52,0.0188679
12786,53,52,0.0188679
12787,53,52,0.0188679
12787,53,52,0.0188679
12788,53,52,0.0188679
12789,53,52,0.0188679
12789,53,52,0.0188679
12790,53,52,0.0188679
12791,53,52,0.0188679
12792,53,52,0.0188679
12792,53,52,0.0188679
12793,53,52,0.0188679
12794,53,52,0.0188679
12795,53,52,0.0188679
12795,53,52,0.0188679
12796,53,52,0.0188679
12797,53,52,0.0188679
12798,53,52,0.0188679
12798,53,52,0.0188679
12799,53,52,0.0188679
12800,53,52,0.0188679
12801,53,52,0.0188679
12802,53,52,0.0188679
12802,53,52,0.0188679
12803,53,52,0.0188679
12804,53,52,0.0188679
12805,53,52,0.0188679
12805,53,52,0.0188679
12806,53,52,0.0188679
12807,53,52,0.0188679
12808,53,52,0.0188679
12808,53,52,0.0188679
12809,53,52,0.0188679
12810,53,52,0.0188679
12810,53,52,0.0188679
12811,53,52,0.0188679
12812,53,52,0.0188679
12812,53,52,0.0188679
12814,53,52,0.0188679
12814,53,52,0.0188679
12815,53,52,0.0188679
12816,53,52,0.0188679
12817,53,52,0.0188679
12818,53,52,0.0188679
12818,53,52,0.0188679
12819,53,52,0.0188679
12820,53,52,0.0188679
12820,53,52,0.0188679
12821,53,52,0.0188679
12822,53,52,0.0188679
12822,53,52,0.0188679
12823,53,52,0.0188679
12823,53,52,0.0188679
12824,53,52,0.0188679
12825,53,52,0.0188679
12826,53,52,0.0188679
12826,53,52,0.0188679
12827,53,52,0.0188679
12828,53,52,0.0188679
12828,53,52,0.0188679
12829,53,52,0.0188679
12830,53,52,0.0188679
12830,53,52,0.0188679
12831,53,52,0.0188679
12832,53,52,0.0188679
12833,53,52,0.0188679
12834,53,52,0.0188679
12835,53,52,0.0188679
12836,53,52,0.0188679
12836,53,52,0.0188679
12837,53,52,0.0188679
12838,53,52,0.0188679
12839,53,52,0.0188679
12839,53,52,0.0188679
12840,53,52,0.0188679
12840,53,52,0.0188679
12841,53,52,0.0188679
12842,53,52,0.0188679
12842,53,52,0.0188679
12843,53,52,0.0188679
12844,53,52,0.0188679
12845,53,52,0.0188679
12846,53,52,0.0188679
12847,53,52,0.0188679
12848,53,52,0.0188679
12848,53,52,0.0188679
12849,53,52,0.0188679
12850,53,52,0.0188679
12851,53,52,0.0188679
12852,53,52,0.0188679
12852,53,52,0.0188679
12853,53,52,0.0188679
12854,53,52,0.0188679
12854,53,52,0.0188679
12855,53,52,0.0188679
12855,53,52,0.0188679
12856,53,52,0.0188679
12857,53,52,0.0188679
12857,53,52,0.0188679
12858,53,52,0.0188679
12859,53,52,0.0188679
12859,53,52,0.0188679
12860,53,52,0.0188679
12861,53,52,0.0188679
12862,53,52,0.0188679
12862,53,52,0.0188679
12863,53,52,0.0188679
12864,53,52,0.0188679
12865,53,52,0.0188679
12866,53,52,0.0188679
12867,53,52,0.0188679
12868,53,52,0.0188679
12869,53,52,0.0188679
12869,53,52,0.0188679
12870,53,52,0.0188679
12871,53,52,0.0188679
12871,53,52,0.0188679
12872,53,52,0.0188679
12873,53,52,0.0188679
12874,53,52,0.0188679
12874,53,52,0.0188679
12875,53,52,0.0188679
12876,53,52,0.0188679
12876,53,52,0.0188679
12877,53,52,0.0188679
12878,53,52,0.0188679
12879,53,52,0.0188679
12879,53,52,0.0188679
12880,53,52,0.0188679
12881,53,52,0.0188679
12882,53,52,0.0188679
12883,53,52,0.0188679
12884,53,52,0.0188679
12885,53,52,0.0188679
12886,53,52,0.0188679
12887,53,52,0.0188679
12888,53,52,0.0188679
12889,53,52,0.0188679
12890,53,52,0.0188679
12891,53,52,0.0188679
12891,53,52,0.0188679
12892,53,52,0.0188679
12893,53,52,0.0188679
12894,53,52,0.0188679
12895,53,52,0.0188679
12896,53,52,0.0188679
12897,53,52,0.0188679
12898,53,52,0.0188679
12899,53,52,0.0188679
12900,53,52,0.0188679
12901,53,52,0.0188679
12902,53,52,0.0188679
12903,53,52,0.0188679
12904,53,52,0.0188679
12905,53,52,0.0188679
12905,53,52,0.0188679
12906,53,52,0.0188679
12907,53,52,0.0188679
12907,53,52,0.0188679
12908,53,52,0.0188679
12909,53,52,0.0188679
12910,53,52,0.0188679
12911,53,52,0.0188679
12912,53,52,0.0188679
12913,53,52,0.0188679
12914,53,52,0.0188679
12915,53,52,0.0188679
12916,53,52,0.0188679
12917,53,52,0.0188679
12917,53,52,0.0188679
12918,53,52,0.0188679
12919,53,52,0.0188679
12920,53,52,0.0188679
12920,53,52,0.0188679
12922,53,52,0.0188679
12922,53,52,0.0188679
12923,53,52,0.0188679
12924,53,52,0.0188679
12924,53,52,0.0188679
12925,53,52,0.0188679
12926,53,52,0.0188679
12927,53,52,0.0188679
12928,53,52,0.0188679
12928,53,52,0.0188679
12929,53,52,0.0188679
12930,53,52,0.0188679
12931,53,52,0.0188679
12932,53,52,0.0188679
12933,53,52,0.0188679
12934,53,52,0.0188679
12935,53,52,0.0188679
12936,53,52,0.0188679
12936,53,52,0.0188679
12937,53,52,0.0188679
12938,53,52,0.0188679
12938,53,52,0.0188679
12939,53,52,0.0188679
12940,53,52,0.0188679
12940,53,52,0.0188679
12941,53,52,0.0188679
12942,53,52,0.0188679
12942,53,52,0.0188679
12943,53,52,0.0188679
12944,53,52,0.0188679
12944,53,52,0.0188679
12945,53,52,0.0188679
12946,53,52,0.0188679
12947,53,52,0.0188679
12948,53,52,0.0188679
12949,53,52,0.0188679
12950,53,52,0.0188679
12951,53,52,0.0188679
12952,53,52,0.0188679
12953,53,52,0.0188679
12953,53,52,0.0188679
12954,53,52,0.0188679
12955,53,52,0.0188679
12956,53,52,0.0188679
12957,53,52,0.0188679
12957,53,52,0.0188679
12958,53,52,0.0188679
12959,53,52,0.0188679
12959,53,52,0.0188679
12960,53,52,0.0188679
12961,53,52,0.0188679
12962,53,52,0.0188679
12963,53,52,0.0188679
12963,53,52,0.0188679
12964,53,52,0.0188679
12965,53,52,0.0188679
12966,53,52,0.0188679
12966,53,52,0.0188679
12967,53,52,0.0188679
12967,53,52,0.0188679
12968,53,52,0.0188679
12969,53,52,0.0188679
12969,53,52,0.0188679
12970,53,52,0.0188679
12971,53,52,0.0188679
12971,53,52,0.0188679
12972,53,52,0.0188679
12973,53,52,0.0188679
12973,53,52,0.0188679
12974,53,52,0.0188679
12975,53,52,0.0188679
12976,53,52,0.0188679
12977,53,52,0.0188679
12977,53,52,0.0188679
12978,53,52,0.0188679
12979,53,52,0.0188679
12980,53,52,0.0188679
12980,53,52,0.0188679
12981,53,52,0.0188679
12982,53,52,0.0188679
12983,53,52,0.0188679
12983,53,52,0.0188679
12984,53,52,0.0188679
12985,53,52,0.0188679
12986,53,52,0.0188679
12986,53,52,0.0188679
12987,53,52,0.0188679
12988,53,52,0.0188679
12989,53,52,0.0188679
12990,53,52,0.0188679
12990,53,52,0.0188679
12991,53,52,0.0188679
12991,53,52,0.0188679
12992,53,52,0.0188679
12993,53,52,0.0188679
12993,53,52,0.0188679
12994,53,52,0.0188679
12995,53,52,0.0188679
12995,53,52,0.0188679
12996,53,52,0.0188679
12997,53,52,0.0188679
12998,53,52,0.0188679
12998,53,52,0.0188679
12999,53,52,0.0188679
13000,53,52,0.0188679
13000,53,52,0.0188679
13001,53,52,0.0188679
13002,53,52,0.0188679
13003,53,52,0.0188679
13003,53,52,0.0188679
13004,53,52,0.0188679
13005,53,52,0.0188679
13005,53,52,0.0188679
13006,53,52,0.0188679
13007,53,52,0.0188679
13007,53,52,0.0188679
13008,53,52,0.0188679
13008,53,52,0.0188679
13009,53,52,0.0188679
13010,53,52,0.0188679
13010,53,52,0.0188679
13011,53,52,0.0188679
13012,53,52,0.0188679
13013,53,52,0.0188679
13013,53,52,0.0188679
13014,53,52,0.0188679
13015,53,52,0.0188679
13015,53,52,0.0188679
13016,53,52,0.0188679
13017,53,52,0.0188679
13017,53,52,0.0188679
13018,53,52,0.0188679
13019,53,52,0.0188679
13020,53,52,0.0188679
13020,53,52,0.0188679
13021,53,52,0.0188679
13022,53,52,0.0188679
13023,53,52,0.0188679
13023,53,52,0.0188679
13024,53,52,0.0188679
13025,53,52,0.0188679
13025,53,52,0.0188679
13026,53,52,0.0188679
13027,53,52,0.0188679
13027,53,52,0.0188679
13028,53,52,0.0188679
13028,53,52,0.0188679
13029,53,52,0.0188679
13030,53,52,0.0188679
13030,53,52,0.0188679
13031,53,52,0.0188679
13032,53,52,0.0188679
13032,53,52,0.0188679
13033,53,52,0.0188679
13033,53,52,0.0188679
13034,53,52,0.0188679
13035,53,52,0.0188679
13035,53,52,0.0188679
13036,53,52,0.0188679
13036,53,52,0.0188679
13037,53,52,0.0188679
13038,53,52,0.0188679
13038,53,52,0.0188679
13039,53,52,0.0188679
13039,53,52,0.0188679
13040,53,52,0.0188679
13041,53,52,0.0188679
13042,53,52,0.0188679
13042,53,52,0.0188679
13043,53,52,0.0188679
13044,53,52,0.0188679
13045,53,52,0.0188679
13046,53,52,0.0188679
13046,53,52,0.0188679
13047,53,52,0.0188679
13048,53,52,0.0188679
13048,53,52,0.0188679
13049,53,52,0.0188679
13050,53,52,0.0188679
13050,53,52,0.0188679
13051,53,52,0.0188679
13051,53,52,0.0188679
13052,53,52,0.0188679
13053,53,52,0.0188679
13053,53,52,0.0188679
13054,53,52,0.0188679
13055,53,52,0.0188679
13056,53,52,0.0188679
13056,53,52,0.0188679
13057,53,52,0.0188679
13057,53,52,0.0188679
13058,53,52,0.0188679
13059,53,52,0.0188679
13059,53,52,0.0188679
13060,53,52,0.0188679
13061,53,52,0.0188679
13061,53,52,0.0188679
13062,53,52,0.0188679
13063,53,52,0.0188679
13063,53,52,0.0188679
13064,53,52,0.0188679
13065,53,52,0.0188679
13065,53,52,0.0188679
13066,53,52,0.0188679
13066,53,52,0.0188679
13067,53,52,0.0188679
13068,53,52,0.0188679
13068,53,52,0.0188679
13069,53,52,0.0188679
13070,53,52,0.0188679
13071,53,52,0.0188679
13071,53,52,0.0188679
13072,53,52,0.0188679
13072,53,52,0.0188679
13074,53,52,0.0188679
13074,53,52,0.0188679
13075,53,52,0.0188679
13076,53,52,0.0188679
13076,53,52,0.0188679
13077,53,52,0.0188679
13078,53,52,0.0188679
13079,53,52,0.0188679
13079,53,52,0.0188679
13080,53,52,0.0188679
13080,53,52,0.0188679
13081,53,52,0.0188679
13081,53,52,0.0188679
13082,53,52,0.0188679
13083,53,52,0.0188679
13083,53,52,0.0188679
13084,53,52,0.0188679
13085,53,52,0.0188679
13085,53,52,0.0188679
13086,53,52,0.0188679
13086,53,52,0.0188679
13087,53,52,0.0188679
13088,53,52,0.0188679
13088,53,52,0.0188679
13089,53,52,0.0188679
13089,53,52,0.0188679
13090,53,52,0.0188679
13091,53,52,0.0188679
13092,53,52,0.0188679
13093,53,52,0.0188679
13093,53,52,0.0188679
13094,53,52,0.0188679
13095,53,52,0.0188679
13095,53,52,0.0188679
13096,53,52,0.0188679
13097,53,52,0.0188679
13097,53,52,0.0188679
13098,53,52,0.0188679
13098,53,52,0.0188679
13099,53,52,0.0188679
13100,53,52,0.0188679
13100,53,52,0.0188679
13101,53,52,0.0188679
13102,53,52,0.0188679
13102,53,52,0.0188679
13103,53,52,0.0188679
13104,53,52,0.0188679
13104,53,52,0.0188679
13105,53,52,0.0188679
13106,53,52,0.0188679
13106,53,52,0.0188679
13107,53,52,0.0188679
13107,53,52,0.0188679
13108,53,52,0.0188679
13109,53,52,0.0188679
13109,53,52,0.0188679
13110,53,52,0.0188679
13111,53,52,0.0188679
13111,53,52,0.0188679
13112,53,52,0.0188679
13113,53,52,0.0188679
13113,53,52,0.0188679
13114,53,52,0.0188679
13114,53,52,0.0188679
13115,53,52,0.0188679
13116,53,52,0.0188679
13117,53,52,0.0188679
13117,53,52,0.0188679
13118,53,52,0.0188679
13118,53,52,0.0188679
13119,53,52,0.0188679
13121,53,52,0.0188679
13122,53,52,0.0188679
13122,53,52,0.0188679
13123,53,52,0.0188679
13124,53,52,0.0188679
13125,53,52,0.0188679
13126,53,52,0.0188679
13126,53,52,0.0188679
13127,53,52,0.0188679
13128,53,52,0.0188679
13128,53,52,0.0188679
13129,53,52,0.0188679
13130,53,52,0.0188679
13130,53,52,0.0188679
13131,53,52,0.0188679
13132,53,52,0.0188679
13132,53,52,0.0188679
13133,53,52,0.0188679
13134,53,52,0.0188679
13134,53,52,0.0188679
13135,53,52,0.0188679
13136,53,52,0.0188679
13136,53,52,0.0188679
13137,53,52,0.0188679
13138,53,52,0.0188679
13138,53,52,0.0188679
13139,53,52,0.0188679
13140,53,52,0.0188679
13140,53,52,0.0188679
13141,53,52,0.0188679
13142,53,52,0.0188679
13142,53,52,0.0188679
13143,53,52,0.0188679
13144,53,52,0.0188679
13144,53,52,0.0188679
13145,53,52,0.0188679
13145,53,52,0.0188679
13146,53,52,0.0188679
13146,53,52,0.0188679
13147,53,52,0.0188679
13148,53,52,0.0188679
13148,53,52,0.0188679
13149,53,52,0.0188679
13150,53,52,0.0188679
13151,53,52,0.0188679
13151,53,52,0.0188679
13152,53,52,0.0188679
13153,53,52,0.0188679
13153,53,52,0.0188679
13154,53,52,0.0188679
13154,53,52,0.0188679
13155,53,52,0.0188679
13156,53,52,0.0188679
13156,53,52,0.0188679
13157,53,52,0.0188679
13158,53,52,0.0188679
13159,53,52,0.0188679
13159,53,52,0.0188679
13160,53,52,0.0188679
13161,53,52,0.0188679
13161,53,52,0.0188679
13162,53,52,0.0188679
13163,53,52,0.0188679
13163,53,52,0.0188679
13164,53,52,0.0188679
13165,53,52,0.0188679
13166,53,52,0.0188679
13166,53,52,0.0188679
13167,53,52,0.0188679
13168,53,52,0.0188679
13168,53,52,0.0188679
13169,53,52,0.0188679
13170,53,52,0.0188679
13171,53,52,0.0188679
13171,53,52,0.0188679
13172,53,52,0.0188679
13173,53,52,0.0188679
13173,53,52,0.0188679
13174,53,52,0.0188679
13175,53,52,0.0188679
13176,53,52,0.0188679
13177,53,52,0.0188679
13178,53,52,0.0188679
13179,53,52,0.0188679
13179,53,52,0.0188679
13180,53,52,0.0188679
13180,53,52,0.0188679
13181,53,52,0.0188679
13182,53,52,0.0188679
13183,53,52,0.0188679
13184,53,52,0.0188679
13184,53,52,0.0188679
13186,53,52,0.0188679
13187,53,52,0.0188679
13189,53,52,0.0188679
13190,53,52,0.0188679
13190,53,52,0.0188679
13191,53,52,0.0188679
13192,53,52,0.0188679
13193,53,52,0.0188679
13193,53,52,0.0188679
13194,53,52,0.0188679
13195,53,52,0.0188679
13195,53,52,0.0188679
13196,53,52,0.0188679
13196,53,52,0.0188679
13197,53,52,0.0188679
13198,53,52,0.0188679
13199,53,52,0.0188679
13200,53,52,0.0188679
13200,53,52,0.0188679
13201,53,52,0.0188679
13202,53,52,0.0188679
13203,53,52,0.0188679
13203,53,52,0.0188679
13204,53,52,0.0188679
13205,53,52,0.0188679
13205,53,52,0.0188679
13206,53,52,0.0188679
13206,53,52,0.0188679
13207,53,52,0.0188679
13208,53,52,0.0188679
13208,53,52,0.0188679
13209,53,52,0.0188679
13210,53,52,0.0188679
13210,53,52,0.0188679
13211,53,52,0.0188679
13211,53,52,0.0188679
13212,53,52,0.0188679
13212,53,52,0.0188679
13213,53,52,0.0188679
13214,53,52,0.0188679
13214,53,52,0.0188679
13215,53,52,0.0188679
13216,53,52,0.0188679
13216,53,52,0.0188679
13217,53,52,0.0188679
13218,53,52,0.0188679
13218,53,52,0.0188679
13219,53,52,0.0188679
13220,53,52,0.0188679
13220,53,52,0.0188679
13221,53,52,0.0188679
13222,53,52,0.0188679
13222,53,52,0.0188679
13223,53,52,0.0188679
13224,53,52,0.0188679
13224,53,52,0.0188679
13225,53,52,0.0188679
13226,53,52,0.0188679
13226,53,52,0.0188679
13227,53,52,0.0188679
13228,53,52,0.0188679
13228,53,52,0.0188679
13229,53,52,0.0188679
13230,53,52,0.0188679
13230,53,52,0.0188679
13231,53,52,0.0188679
13232,53,52,0.0188679
13232,53,52,0.0188679
13233,53,52,0.0188679
13234,53,52,0.0188679
13234,53,52,0.0188679
13235,53,52,0.0188679
13236,53,52,0.0188679
13236,53,52,0.0188679
13237,53,52,0.0188679
13238,53,52,0.0188679
13239,53,52,0.0188679
13241,53,52,0.0188679
13242,53,52,0.0188679
13243,53,52,0.0188679
13244,53,52,0.0188679
13245,53,52,0.0188679
13246,53,52,0.0188679
13247,53,52,0.0188679
13248,53,52,0.0188679
13249,53,52,0.0188679
13250,53,52,0.0188679
13251,53,52,0.0188679
13252,53,52,0.0188679
13253,53,52,0.0188679
13253,53,52,0.0188679
13255,53,52,0.0188679
13256,53,52,0.0188679
13257,53,52,0.0188679
13258,53,52,0.0188679
13258,53,52,0.0188679
13259,53,52,0.0188679
13260,53,52,0.0188679
13260,53,52,0.0188679
13261,53,52,0.0188679
13262,53,52,0.0188679
13264,53,52,0.0188679
13265,53,52,0.0188679
13266,53,52,0.0188679
13267,53,52,0.0188679
13268,53,52,0.0188679
13269,53,52,0.0188679
13271,53,52,0.0188679
13272,53,52,0.0188679
13273,53,52,0.0188679
13274,53,52,0.0188679
13275,53,52,0.0188679
13276,53,52,0.0188679
13276,53,52,0.0188679
13277,53,52,0.0188679
13279,53,52,0.0188679
13280,53,52,0.0188679
13281,53,52,0.0188679
13282,53,52,0.0188679
13283,53,52,0.0188679
13284,53,52,0.0188679
13285,53,52,0.0188679
13285,53,52,0.0188679
13287,53,52,0.0188679
13287,53,52,0.0188679
13288,53,52,0.0188679
13289,53,52,0.0188679
13290,53,52,0.0188679
13291,53,52,0.0188679
13292,53,52,0.0188679
13293,53,52,0.0188679
13294,53,52,0.0188679
13295,53,52,0.0188679
13296,53,52,0.0188679
13297,53,52,0.0188679
13297,53,52,0.0188679
13298,53,52,0.0188679
13299,53,52,0.0188679
13300,53,52,0.0188679
13301,53,52,0.0188679
13302,53,52,0.0188679
13302,53,52,0.0188679
13303,53,52,0.0188679
13304,53,52,0.0188679
13305,53,52,0.0188679
13306,53,52,0.0188679
13307,53,52,0.0188679
13308,53,52,0.0188679
13309,53,52,0.0188679
13309,53,52,0.0188679
13310,53,52,0.0188679
13311,53,52,0.0188679
13312,53,52,0.0188679
13313,53,52,0.0188679
13314,53,52,0.0188679
13316,53,52,0.0188679
13317,53,52,0.0188679
13318,53,52,0.0188679
13319,53,52,0.0188679
13320,53,52,0.0188679
13320,53,52,0.0188679
13321,53,52,0.0188679
13322,53,52,0.0188679
13323,53,52,0.0188679
13324,53,52,0.0188679
13325,53,52,0.0188679
13326,53,52,0.0188679
13327,53,52,0.0188679
13328,53,52,0.0188679
13328,53,52,0.0188679
13330,53,52,0.0188679
13331,53,52,0.0188679
13332,53,52,0.0188679
13333,53,52,0.0188679
13334,53,52,0.0188679
13335,53,52,0.0188679
13337,53,52,0.0188679
13339,53,52,0.0188679
13340,53,52,0.0188679
13341,53,52,0.0188679
13342,53,52,0.0188679
13343,53,52,0.0188679
13344,53,52,0.0188679
13345,53,52,0.0188679
13347,53,52,0.0188679
13349,53,52,0.0188679
13350,53,52,0.0188679
13352,53,52,0.0188679
13354,53,52,0.0188679
13355,53,52,0.0188679
13357,53,52,0.0188679
13358,53,52,0.0188679
13358,53,52,0.0188679
13359,53,52,0.0188679
13360,53,52,0.0188679
13361,53,52,0.0188679
13362,53,52,0.0188679
13363,53,52,0.0188679
13364,53,52,0.0188679
13366,53,52,0.0188679
13367,53,52,0.0188679
13369,53,52,0.0188679
13371,53,52,0.0188679
13372,53,52,0.0188679
13373,53,52,0.0188679
13374,53,52,0.0188679
13375,53,52,0.0188679
13376,53,52,0.0188679
13377,53,52,0.0188679
13378,53,52,0.0188679
13379,53,52,0.0188679
13380,53,52,0.0188679
13382,53,52,0.0188679
13383,53,52,0.0188679
13384,53,52,0.0188679
13385,53,52,0.0188679
13385,53,52,0.0188679
13386,53,52,0.0188679
13389,53,52,0.0188679
13389,53,52,0.0188679
13390,53,52,0.0188679
13391,53,52,0.0188679
13392,53,52,0.0188679
13393,53,52,0.0188679
13394,53,52,0.0188679
13394,53,52,0.0188679
13395,53,52,0.0188679
13397,53,52,0.0188679
13398,53,52,0.0188679
13399,53,52,0.0188679
13400,53,52,0.0188679
13401,53,52,0.0188679
13403,53,52,0.0188679
13404,53,52,0.0188679
13406,53,52,0.0188679
13407,53,52,0.0188679
13407,53,52,0.0188679
13408,53,52,0.0188679
13409,53,52,0.0188679
13410,53,52,0.0188679
13411,53,52,0.0188679
13412,53,52,0.0188679
13413,53,52,0.0188679
13414,53,52,0.0188679
13416,53,52,0.0188679
13416,53,52,0.0188679
13418,53,52,0.0188679
13419,53,52,0.0188679
13420,53,52,0.0188679
13422,53,52,0.0188679
13423,53,52,0.0188679
13424,53,52,0.0188679
13425,53,52,0.0188679
13427,53,52,0.0188679
13428,53,52,0.0188679
13429,53,52,0.0188679
13430,53,52,0.0188679
13431,53,52,0.0188679
13433,53,52,0.0188679
13434,53,52,0.0188679
13435,53,52,0.0188679
13436,53,52,0.0188679
13437,53,52,0.0188679
13438,53,52,0.0188679
13439,53,52,0.0188679
13440,53,52,0.0188679
13441,53,52,0.0188679
13442,53,52,0.0188679
13443,53,52,0.0188679
13444,53,52,0.0188679
13444,53,52,0.0188679
13446,53,52,0.0188679
13446,53,52,0.0188679
13447,53,52,0.0188679
13448,53,52,0.0188679
13448,53,52,0.0188679
13450,53,52,0.0188679
13451,53,52,0.0188679
13452,53,52,0.0188679
13453,53,52,0.0188679
13454,53,52,0.0188679
13456,53,52,0.0188679
13456,53,52,0.0188679
13457,53,52,0.0188679
13458,53,52,0.0188679
13459,53,52,0.0188679
13459,53,52,0.0188679
13460,53,52,0.0188679
13461,53,52,0.0188679
13462,53,52,0.0188679
13463,53,52,0.0188679
13463,53,52,0.0188679
13464,53,52,0.0188679
13465,53,52,0.0188679
13466,53,52,0.0188679
13466,53,52,0.0188679
13467,53,52,0.0188679
13468,53,52,0.0188679
13469,53,52,0.0188679
13470,53,52,0.0188679
13472,53,52,0.0188679
13472,53,52,0.0188679
13473,53,52,0.0188679
13474,53,52,0.0188679
13475,53,52,0.0188679
13476,53,52,0.0188679
13476,53,52,0.0188679
13477,53,52,0.0188679
13478,53,52,0.0188679
13479,53,52,0.0188679
13480,53,52,0.0188679
13481,53,52,0.0188679
13481,53,52,0.0188679
13482,53,52,0.0188679
13484,53,52,0.0188679
13485,53,52,0.0188679
13486,53,52,0.0188679
13487,53,52,0.0188679
13489,53,52,0.0188679
13489,53,52,0.0188679
13490,53,52,0.0188679
13491,53,52,0.0188679
13491,53,52,0.0188679
13492,53,52,0.0188679
13493,53,52,0.0188679
13493,53,52,0.0188679
13494,53,52,0.0188679
13495,53,52,0.0188679
13496,53,52,0.0188679
13497,53,52,0.0188679
13498,53,52,0.0188679
13499,53,52,0.0188679
13499,53,52,0.0188679
13500,53,52,0.0188679
13501,53,52,0.0188679
13502,53,52,0.0188679
13503,53,52,0.0188679
13504,53,52,0.0188679
13506,53,52,0.0188679
13506,53,52,0.0188679
13507,53,52,0.0188679
13508,53,52,0.0188679
13509,53,52,0.0188679
13510,53,52,0.0188679
13510,53,52,0.0188679
13511,53,52,0.0188679
13512,53,52,0.0188679
13514,53,52,0.0188679
13515,53,52,0.0188679
13517,53,52,0.0188679
13518,53,52,0.0188679
13519,53,52,0.0188679
13520,53,52,0.0188679
13521,53,52,0.0188679
13522,53,52,0.0188679
13523,53,52,0.0188679
13524,53,52,0.0188679
13525,53,52,0.0188679
13526,53,52,0.0188679
13526,53,52,0.0188679
13527,53,52,0.0188679
13528,53,52,0.0188679
13529,53,52,0.0188679
13530,53,52,0.0188679
13531,53,52,0.0188679
13533,53,52,0.0188679
13533,53,52,0.0188679
13534,53,52,0.0188679
13536,53,52,0.0188679
13536,53,52,0.0188679
13538,53,52,0.0188679
13539,53,52,0.0188679
13540,53,52,0.0188679
13540,53,52,0.0188679
13541,53,52,0.0188679
13542,53,52,0.0188679
13542,53,52,0.0188679
13543,53,52,0.0188679
13544,53,52,0.0188679
13545,53,52,0.0188679
13546,53,52,0.0188679
13547,53,52,0.0188679
13548,53,52,0.0188679
13548,53,52,0.0188679
13549,53,52,0.0188679
13550,53,52,0.0188679
13551,53,52,0.0188679
13551,53,52,0.0188679
13553,53,52,0.0188679
13554,53,52,0.0188679
13555,53,52,0.0188679
13556,53,52,0.0188679
13556,53,52,0.0188679
13557,53,52,0.0188679
13558,53,52,0.0188679
13560,53,52,0.0188679
13561,53,52,0.0188679
13561,53,52,0.0188679
13563,53,52,0.0188679
13564,53,52,0.0188679
13565,53,52,0.0188679
13566,53,52,0.0188679
13567,53,52,0.0188679
13568,53,52,0.0188679
13569,53,52,0.0188679
13570,53,52,0.0188679
13571,53,52,0.0188679
13571,53,52,0.0188679
13572,53,52,0.0188679
13573,53,52,0.0188679
13574,53,52,0.0188679
13575,53,52,0.0188679
13576,53,52,0.0188679
13576,53,52,0.0188679
13577,53,52,0.0188679
13578,53,52,0.0188679
13578,53,52,0.0188679
13580,53,52,0.0188679
13581,53,52,0.0188679
13581,53,52,0.0188679
13582,53,52,0.0188679
13584,53,52,0.0188679
13585,53,52,0.0188679
13585,53,52,0.0188679
13586,53,52,0.0188679
13587,53,52,0.0188679
13589,53,52,0.0188679
13590,53,52,0.0188679
13590,53,52,0.0188679
13591,53,52,0.0188679
13592,53,52,0.0188679
13592,53,52,0.0188679
13593,53,52,0.0188679
13594,53,52,0.0188679
13595,53,52,0.0188679
13595,53,52,0.0188679
13596,53,52,0.0188679
13597,53,52,0.0188679
13598,53,52,0.0188679
13598,53,52,0.0188679
13599,53,52,0.0188679
13600,53,52,0.0188679
13601,53,52,0.0188679
13602,53,52,0.0188679
13603,53,52,0.0188679
13603,53,52,0.0188679
13604,53,52,0.0188679
13605,53,52,0.0188679
13606,53,52,0.0188679
13607,53,52,0.0188679
13607,53,52,0.0188679
13608,53,52,0.0188679
13609,53,52,0.0188679
13609,53,52,0.0188679
13610,53,52,0.0188679
13611,53,52,0.0188679
13612,53,52,0.0188679
13612,53,52,0.0188679
13613,53,52,0.0188679
13614,53,52,0.0188679
13614,53,52,0.0188679
13615,53,52,0.0188679
13616,53,52,0.0188679
13617,53,52,0.0188679
13618,53,52,0.0188679
13619,53,52,0.0188679
13619,53,52,0.0188679
13620,53,52,0.0188679
13621,53,52,0.0188679
13622,53,52,0.0188679
13622,53,52,0.0188679
13623,53,52,0.0188679
13624,53,52,0.0188679
13624,53,52,0.0188679
13625,53,52,0.0188679
13626,53,52,0.0188679
13627,53,52,0.0188679
13628,53,52,0.0188679
13628,53,52,0.0188679
13629,53,52,0.0188679
13630,53,52,0.0188679
13631,53,52,0.0188679
13631,53,52,0.0188679
13632,53,52,0.0188679
13633,53,52,0.0188679
13634,53,52,0.0188679
13635,53,52,0.0188679
13636,53,52,0.0188679
13637,53,52,0.0188679
13638,53,52,0.0188679
13638,53,52,0.0188679
13639,53,52,0.0188679
13640,53,52,0.0188679
13641,53,52,0.0188679
13641,53,52,0.0188679
13642,53,52,0.0188679
13643,53,52,0.0188679
13643,53,52,0.0188679
13644,53,52,0.0188679
13645,53,52,0.0188679
13646,53,52,0.0188679
13646,53,52,0.0188679
13647,53,52,0.0188679
13648,53,52,0.0188679
13648,53,52,0.0188679
13649,53,52,0.0188679
13650,53,52,0.0188679
13651,53,52,0.0188679
13651,53,52,0.0188679
13652,53,52,0.0188679
13653,53,52,0.0188679
13654,53,52,0.0188679
13655,53,52,0.0188679
13655,53,52,0.0188679
13656,53,52,0.0188679
13656,53,52,0.0188679
13657,53,52,0.0188679
13658,53,52,0.0188679
13658,53,52,0.0188679
13659,53,52,0.0188679
13660,53,52,0.0188679
13660,53,52,0.0188679
13661,53,52,0.0188679
13662,53,52,0.0188679
13663,53,52,0.0188679
13663,53,52,0.0188679
13664,53,52,0.0188679
13665,53,52,0.0188679
13666,53,52,0.0188679
13667,53,52,0.0188679
13669,53,52,0.0188679
13670,53,52,0.0188679
13672,53,52,0.0188679
13672,53,52,0.0188679
13673,53,52,0.0188679
13674,53,52,0.0188679
13674,53,52,0.0188679
13675,53,52,0.0188679
13676,53,52,0.0188679
13677,53,52,0.0188679
13678,53,52,0.0188679
13678,53,52,0.0188679
13679,53,52,0.0188679
13680,53,52,0.0188679
13681,53,52,0.0188679
13682,53,52,0.0188679
13683,53,52,0.0188679
13684,53,52,0.0188679
13685,53,52,0.0188679
13687,53,52,0.0188679
13688,53,52,0.0188679
13688,53,52,0.0188679
13689,53,52,0.0188679
13690,53,52,0.0188679
13690,53,52,0.0188679
13691,53,52,0.0188679
13691,53,52,0.0188679
13692,53,52,0.0188679
13693,53,52,0.0188679
13693,53,52,0.0188679
13694,53,52,0.0188679
13694,53,52,0.0188679
13696,53,52,0.0188679
13696,53,52,0.0188679
13697,53,52,0.0188679
13698,53,52,0.0188679
13699,53,52,0.0188679
13699,53,52,0.0188679
13700,53,52,0.0188679
13701,53,52,0.0188679
13701,53,52,0.0188679
13702,53,52,0.0188679
13702,53,52,0.0188679
13703,53,52,0.0188679
13704,53,52,0.0188679
13704,53,52,0.0188679
13705,53,52,0.0188679
13706,53,52,0.0188679
13706,53,52,0.0188679
13707,53,52,0.0188679
13708,53,52,0.0188679
13708,53,52,0.0188679
13709,53,52,0.0188679
13709,53,52,0.0188679
13710,53,52,0.0188679
13711,53,52,0.0188679
13712,53,52,0.0188679
13713,53,52,0.0188679
13713,53,52,0.0188679
13714,53,52,0.0188679
13715,53,52,0.0188679
13716,53,52,0.0188679
13717,53,52,0.0188679
13717,53,52,0.0188679
13718,53,52,0.0188679
13719,53,52,0.0188679
13719,53,52,0.0188679
13720,53,52,0.0188679
13721,53,52,0.0188679
13721,53,52,0.0188679
13722,53,52,0.0188679
13723,53,52,0.0188679
13723,53,52,0.0188679
13724,53,52,0.0188679
13725,53,52,0.0188679
13725,53,52,0.0188679
13726,53,52,0.0188679
13727,53,52,0.0188679
13728,53,52,0.0188679
13729,53,52,0.0188679
13729,53,52,0.0188679
13730,53,52,0.0188679
13731,53,52,0.0188679
13732,53,52,0.0188679
13733,53,52,0.0188679
13734,53,52,0.0188679
13735,53,52,0.0188679
13736,53,52,0.0188679
13737,53,52,0.0188679
13738,53,52,0.0188679
13738,53,52,0.0188679
13739,53,52,0.0188679
13740,53,52,0.0188679
13741,53,52,0.0188679
13742,53,52,0.0188679
13742,53,52,0.0188679
13743,53,52,0.0188679
13743,53,52,0.0188679
13744,53,52,0.0188679
13745,53,52,0.0188679
13746,53,52,0.0188679
13747,53,52,0.0188679
13748,53,52,0.0188679
13749,53,52,0.0188679
13749,53,52,0.0188679
13750,53,52,0.0188679
13751,53,52,0.0188679
13752,53,52,0.0188679
13753,53,52,0.0188679
13753,53,52,0.0188679
13754,53,52,0.0188679
13755,53,52,0.0188679
13756,53,52,0.0188679
13757,53,52,0.0188679
13757,53,52,0.0188679
13758,53,52,0.0188679
13759,53,52,0.0188679
13759,53,52,0.0188679
13760,53,52,0.0188679
13761,53,52,0.0188679
13762,53,52,0.0188679
13763,53,52,0.0188679
13764,53,52,0.0188679
13766,53,52,0.0188679
13767,53,52,0.0188679
13769,53,52,0.0188679
13769,53,52,0.0188679
13770,53,52,0.0188679
13771,53,52,0.0188679
13772,53,52,0.0188679
13772,53,52,0.0188679
13773,53,52,0.0188679
13774,53,52,0.0188679
13775,53,52,0.0188679
13775,53,52,0.0188679
13776,53,52,0.0188679
13777,53,52,0.0188679
13777,53,52,0.0188679
13778,53,52,0.0188679
13779,53,52,0.0188679
13779,53,52,0.0188679
13780,53,52,0.0188679
13782,53,52,0.0188679
13783,53,52,0.0188679
13784,53,52,0.0188679
13785,53,52,0.0188679
13785,53,52,0.0188679
13786,53,52,0.0188679
13787,53,52,0.0188679
13787,53,52,0.0188679
13788,53,52,0.0188679
13789,53,52,0.0188679
13789,53,52,0.0188679
13790,53,52,0.0188679
13791,53,52,0.0188679
13791,53,52,0.0188679
13792,53,52,0.0188679
13793,53,52,0.0188679
13793,53,52,0.0188679
13794,53,52,0.0188679
13795,53,52,0.0188679
13796,53,52,0.0188679
13796,53,52,0.0188679
13797,53,52,0.0188679
13798,53,52,0.0188679
13799,53,52,0.0188679
13800,53,52,0.0188679
13800,53,52,0.0188679
13801,53,52,0.0188679
13802,53,52,0.0188679
13803,53,52,0.0188679
13804,53,52,0.0188679
13804,53,52,0.0188679
13805,53,52,0.0188679
13806,53,52,0.0188679
13807,53,52,0.0188679
13807,53,52,0.0188679
13808,53,52,0.0188679
13809,53,52,0.0188679
13810,53,52,0.0188679
13811,53,52,0.0188679
13812,53,52,0.0188679
13812,53,52,0.0188679
13813,53,52,0.0188679
13814,53,52,0.0188679
13814,53,52,0.0188679
13815,53,52,0.0188679
13816,53,52,0.0188679
13816,53,52,0.0188679
13817,53,52,0.0188679
13818,53,52,0.0188679
13818,53,52,0.0188679
13819,53,52,0.0188679
13820,53,52,0.0188679
13821,53,52,0.0188679
13821,53,52,0.0188679
13822,53,52,0.0188679
13823,53,52,0.0188679
13824,53,52,0.0188679
13824,53,52,0.0188679
13825,53,52,0.0188679
13826,53,52,0.0188679
13827,53,52,0.0188679
13827,53,52,0.0188679
13828,53,52,0.0188679
13829,53,52,0.0188679
13829,53,52,0.0188679
13830,53,52,0.0188679
13831,53,52,0.0188679
13832,53,52,0.0188679
13832,53,52,0.0188679
13833,53,52,0.0188679
13834,53,52,0.0188679
13835,53,52,0.0188679
13835,53,52,0.0188679
13837,53,52,0.0188679
13837,53,52,0.0188679
13838,53,52,0.0188679
13839,53,52,0.0188679
13839,53,52,0.0188679
13840,53,52,0.0188679
13841,53,52,0.0188679
13841,53,52,0.0188679
13842,53,52,0.0188679
13843,53,52,0.0188679
13844,53,52,0.0188679
13845,53,52,0.0188679
13845,53,52,0.0188679
13846,53,52,0.0188679
13847,53,52,0.0188679
13847,53,52,0.0188679
13848,53,52,0.0188679
13849,53,52,0.0188679
13850,53,52,0.0188679
13850,53,52,0.0188679
13851,53,52,0.0188679
13852,53,52,0.0188679
13852,53,52,0.0188679
13853,53,52,0.0188679
13854,53,52,0.0188679
13855,53,52,0.0188679
13855,53,52,0.0188679
13857,53,52,0.0188679
13858,53,52,0.0188679
13858,53,52,0.0188679
13859,53,52,0.0188679
13860,53,52,0.0188679
13861,53,52,0.0188679
13861,53,52,0.0188679
13862,53,52,0.0188679
13863,53,52,0.0188679
13863,53,52,0.0188679
13864,53,52,0.0188679
13865,53,52,0.0188679
13865,53,52,0.0188679
13866,53,52,0.0188679
13867,53,52,0.0188679
13868,53,52,0.0188679
13868,53,52,0.0188679
13869,53,52,0.0188679
13870,53,52,0.0188679
13871,53,52,0.0188679
13871,53,52,0.0188679
13872,53,52,0.0188679
13873,53,52,0.0188679
13873,53,52,0.0188679
13874,53,52,0.0188679
13875,53,52,0.0188679
13876,53,52,0.0188679
13877,53,52,0.0188679
13877,53,52,0.0188679
13878,53,52,0.0188679
13878,53,52,0.0188679
13879,53,52,0.0188679
13880,53,52,0.0188679
13881,53,52,0.0188679
13882,53,52,0.0188679
13882,53,52,0.0188679
13883,53,52,0.0188679
13884,53,52,0.0188679
13885,53,52,0.0188679
13885,53,52,0.0188679
13886,53,52,0.0188679
13887,53,52,0.0188679
13888,53,52,0.0188679
13889,53,52,0.0188679
13890,53,52,0.0188679
13891,53,52,0.0188679
13893,53,52,0.0188679
13894,53,52,0.0188679
13894,53,52,0.0188679
13895,53,52,0.0188679
13896,53,52,0.0188679
13897,53,52,0.0188679
13898,53,52,0.0188679
13899,53,52,0.0188679
13900,53,52,0.0188679
13901,53,52,0.0188679
13902,53,52,0.0188679
13903,53,52,0.0188679
13904,53,52,0.0188679
13905,53,52,0.0188679
13906,53,52,0.0188679
13907,53,52,0.0188679
13908,53,52,0.0188679
13909,53,52,0.0188679
13909,53,52,0.0188679
13910,53,52,0.0188679
13911,53,52,0.0188679
13912,53,52,0.0188679
13912,53,52,0.0188679
13913,53,52,0.0188679
13914,53,52,0.0188679
13915,53,52,0.0188679
13915,53,52,0.0188679
13916,53,52,0.0188679
13917,53,52,0.0188679
13917,53,52,0.0188679
13918,53,52,0.0188679
13919,53,52,0.0188679
13919,53,52,0.0188679
13920,53,52,0.0188679
13921,53,52,0.0188679
13921,53,52,0.0188679
13922,53,52,0.0188679
13923,53,52,0.0188679
13924,53,52,0.0188679
13924,53,52,0.0188679
13925,53,52,0.0188679
13926,53,52,0.0188679
13927,53,52,0.0188679
13928,53,52,0.0188679
13929,53,52,0.0188679
13930,53,52,0.0188679
13930,53,52,0.0188679
13931,53,52,0.0188679
13932,53,52,0.0188679
13933,53,52,0.0188679
13934,53,52,0.0188679
13935,53,52,0.0188679
13936,53,52,0.0188679
13937,53,52,0.0188679
13938,53,52,0.0188679
13939,53,52,0.0188679
13940,53,52,0.0188679
13940,53,52,0.0188679
13941,53,52,0.0188679
13942,53,52,0.0188679
13943,53,52,0.0188679
13943,53,52,0.0188679
13944,53,52,0.0188679
13945,53,52,0.0188679
13945,53,52,0.0188679
13946,53,52,0.0188679
13947,53,52,0.0188679
13947,53,52,0.0188679
13948,53,52,0.0188679
13949,53,52,0.0188679
13949,53,52,0.0188679
13950,53,52,0.0188679
13951,53,52,0.0188679
13952,53,52,0.0188679
13954,53,52,0.0188679
13955,53,52,0.0188679
13956,53,52,0.0188679
13957,53,52,0.0188679
13958,53,52,0.0188679
13959,53,52,0.0188679
13960,53,52,0.0188679
13960,53,52,0.0188679
13961,53,52,0.0188679
13961,53,52,0.0188679
13962,53,52,0.0188679
13963,53,52,0.0188679
13963,53,52,0.0188679
13964,53,52,0.0188679
13965,53,52,0.0188679
13965,53,52,0.0188679
13966,53,52,0.0188679
13967,53,52,0.0188679
13967,53,52,0.0188679
13968,53,52,0.0188679
13969,53,52,0.0188679
13970,53,52,0.0188679
13970,53,52,0.0188679
13971,53,52,0.0188679
13972,53,52,0.0188679
13973,53,52,0.0188679
13973,53,52,0.0188679
13974,53,52,0.0188679
13975,53,52,0.0188679
13975,53,52,0.0188679
13976,53,52,0.0188679
13978,53,52,0.0188679
13979,53,52,0.0188679
13980,53,52,0.0188679
13981,53,52,0.0188679
13982,53,52,0.0188679
13982,53,52,0.0188679
13983,53,52,0.0188679
13984,53,52,0.0188679
13984,53,52,0.0188679
13985,53,52,0.0188679
13986,53,52,0.0188679
13987,53,52,0.0188679
13987,53,52,0.0188679
13988,53,52,0.0188679
13989,53,52,0.0188679
13990,53,52,0.0188679
13990,53,52,0.0188679
13991,53,52,0.0188679
13991,53,52,0.0188679
13992,53,52,0.0188679
13993,53,52,0.0188679
13993,53,52,0.0188679
13994,53,52,0.0188679
13995,53,52,0.0188679
13996,53,52,0.0188679
13997,53,52,0.0188679
13997,53,52,0.0188679
13998,53,52,0.0188679
13999,53,52,0.0188679
14000,53,52,0.0188679
14000,53,52,0.0188679
14001,53,52,0.0188679
14002,53,52,0.0188679
14003,53,52,0.0188679
14003,53,52,0.0188679
14004,53,52,0.0188679
14005,53,52,0.0188679
14005,53,52,0.0188679
14006,53,52,0.0188679
14007,53,52,0.0188679
14008,53,52,0.0188679
14009,53,52,0.0188679
14010,53,52,0.0188679
14011,53,52,0.0188679
14011,53,52,0.0188679
14012,53,52,0.0188679
14013,53,52,0.0188679
14013,53,52,0.0188679
14014,53,52,0.0188679
14015,53,52,0.0188679
14016,53,52,0.0188679
14017,53,52,0.0188679
14018,53,52,0.0188679
14019,53,52,0.0188679
14019,53,52,0.0188679
14020,53,52,0.0188679
14021,53,52,0.0188679
14021,53,52,0.0188679
14022,53,52,0.0188679
14023,53,52,0.0188679
14024,53,52,0.0188679
14025,53,52,0.0188679
14026,53,52,0.0188679
14027,53,52,0.0188679
14028,53,52,0.0188679
14029,53,52,0.0188679
14030,53,52,0.0188679
14030,53,52,0.0188679
14031,53,52,0.0188679
14032,53,52,0.0188679
14032,53,52,0.0188679
14033,53,52,0.0188679
14034,53,52,0.0188679
14035,53,52,0.0188679
14036,53,52,0.0188679
14036,53,52,0.0188679
14037,53,52,0.0188679
14039,53,52,0.0188679
14040,53,52,0.0188679
14041,53,52,0.0188679
14043,53,52,0.0188679
14044,53,52,0.0188679
14044,53,52,0.0188679
14045,53,52,0.0188679
14046,53,52,0.0188679
14047,53,52,0.0188679
14048,53,52,0.0188679
14049,53,52,0.0188679
14050,53,52,0.0188679
14051,53,52,0.0188679
14052,53,52,0.0188679
14053,53,52,0.0188679
14054,53,52,0.0188679
14055,53,52,0.0188679
14055,53,52,0.0188679
14056,53,52,0.0188679
14057,53,52,0.0188679
14058,53,52,0.0188679
14059,53,52,0.0188679
14060,53,52,0.0188679
14060,53,52,0.0188679
14062,53,52,0.0188679
14063,53,52,0.0188679
14065,53,52,0.0188679
14066,53,52,0.0188679
14067,53,52,0.0188679
14068,53,52,0.0188679
14069,53,52,0.0188679
14070,53,52,0.0188679
14071,53,52,0.0188679
14072,53,52,0.0188679
14073,53,52,0.0188679
14074,53,52,0.0188679
14075,53,52,0.0188679
14076,53,52,0.0188679
14077,53,52,0.0188679
14077,53,52,0.0188679
14078,53,52,0.0188679
14079,53,52,0.0188679
14080,53,52,0.0188679
14081,53,52,0.0188679
14081,53,52,0.0188679
14082,53,52,0.0188679
14084,53,52,0.0188679
14085,53,52,0.0188679
14086,53,52,0.0188679
14087,53,52,0.0188679
14088,53,52,0.0188679
14088,53,52,0.0188679
14089,53,52,0.0188679
14090,53,52,0.0188679
14091,53,52,0.0188679
14091,53,52,0.0188679
14092,53,52,0.0188679
14093,53,52,0.0188679
14094,53,52,0.0188679
14095,53,52,0.0188679
14096,53,52,0.0188679
14097,53,52,0.0188679
14098,53,52,0.0188679
14099,53,52,0.0188679
14099,53,52,0.0188679
14100,53,52,0.0188679
14101,53,52,0.0188679
14102,53,52,0.0188679
14102,53,52,0.0188679
14104,53,52,0.0188679
14105,53,52,0.0188679
14106,53,52,0.0188679
14106,53,52,0.0188679
14107,53,52,0.0188679
14108,53,52,0.0188679
14109,53,52,0.0188679
14110,53,52,0.0188679
14110,53,52,0.0188679
14111,53,52,0.0188679
14112,53,52,0.0188679
14113,53,52,0.0188679
14114,53,52,0.0188679
14115,53,52,0.0188679
14116,53,52,0.0188679
14117,53,52,0.0188679
14118,53,52,0.0188679
14119,53,52,0.0188679
14120,53,52,0.0188679
14123,53,52,0.0188679
14124,53,52,0.0188679
14125,53,52,0.0188679
14126,53,52,0.0188679
14127,53,52,0.0188679
14128,53,52,0.0188679
14129,53,52,0.0188679
14129,53,52,0.0188679
14130,53,52,0.0188679
14131,53,52,0.0188679
14132,53,52,0.0188679
14132,53,52,0.0188679
14133,53,52,0.0188679
14134,53,52,0.0188679
14135,53,52,0.0188679
14136,53,52,0.0188679
14137,53,52,0.0188679
14137,53,52,0.0188679
14138,53,52,0.0188679
14139,53,52,0.0188679
14139,53,52,0.0188679
14140,53,52,0.0188679
14141,53,52,0.0188679
14142,53,52,0.0188679
14142,53,52,0.0188679
14143,53,52,0.0188679
14144,53,52,0.0188679
14145,53,52,0.0188679
14146,53,52,0.0188679
14147,53,52,0.0188679
14147,53,52,0.0188679
14148,53,52,0.0188679
14149,53,52,0.0188679
14149,53,52,0.0188679
14150,53,52,0.0188679
14151,53,52,0.0188679
14152,53,52,0.0188679
14153,53,52,0.0188679
14154,53,52,0.0188679
14155,53,52,0.0188679
14155,53,52,0.0188679
14156,53,52,0.0188679
14157,53,52,0.0188679
14158,53,52,0.0188679
14158,53,52,0.0188679
14159,53,52,0.0188679
14160,53,52,0.0188679
14161,53,52,0.0188679
14162,53,52,0.0188679
14163,53,52,0.0188679
14164,53,52,0.0188679
14165,53,52,0.0188679
14165,53,52,0.0188679
14166,53,52,0.0188679
14167,53,52,0.0188679
14167,53,52,0.0188679
14169,53,52,0.0188679
14169,53,52,0.0188679
14170,53,52,0.0188679
14171,53,52,0.0188679
14173,53,52,0.0188679
14174,53,52,0.0188679
14175,53,52,0.0188679
14176,53,52,0.0188679
14177,53,52,0.0188679
14177,53,52,0.0188679
14178,53,52,0.0188679
14179,53,52,0.0188679
14180,53,52,0.0188679
14181,53,52,0.0188679
14181,53,52,0.0188679
14182,53,52,0.0188679
14183,53,52,0.0188679
14184,53,52,0.0188679
14185,53,52,0.0188679
14186,53,52,0.0188679
14187,53,52,0.0188679
14187,53,52,0.0188679
14188,53,52,0.0188679
14189,53,52,0.0188679
14189,53,52,0.0188679
14190,53,52,0.0188679
14191,53,52,0.0188679
14191,53,52,0.0188679
14192,53,52,0.0188679
14193,53,52,0.0188679
14194,53,52,0.0188679
14194,53,52,0.0188679
14195,53,52,0.0188679
14196,53,52,0.0188679
14196,53,52,0.0188679
14197,53,52,0.0188679
14198,53,52,0.0188679
14198,53,52,0.0188679
14199,53,52,0.0188679
14200,53,52,0.0188679
14202,53,52,0.0188679
14203,53,52,0.0188679
14206,53,52,0.0188679
14207,53,52,0.0188679
14208,53,52,0.0188679
14209,53,52,0.0188679
14209,53,52,0.0188679
14210,53,52,0.0188679
14213,53,52,0.0188679
14214,53,52,0.0188679
14216,53,52,0.0188679
14217,53,52,0.0188679
14217,53,52,0.0188679
14218,53,52,0.0188679
14219,53,52,0.0188679
14220,53,52,0.0188679
14221,53,52,0.0188679
14222,53,52,0.0188679
14223,53,52,0.0188679
14224,53,52,0.0188679
14225,53,52,0.0188679
14226,53,52,0.0188679
14227,53,52,0.0188679
14228,53,52,0.0188679
14229,53,52,0.0188679
14229,53,52,0.0188679
14230,53,52,0.0188679
14231,53,52,0.0188679
14232,53,52,0.0188679
14232,53,52,0.0188679
14233,53,52,0.0188679
14234,53,52,0.0188679
14234,53,52,0.0188679
14235,53,52,0.0188679
14236,53,52,0.0188679
14237,53,52,0.0188679
14238,53,52,0.0188679
14239,53,52,0.0188679
14239,53,52,0.0188679
14240,53,52,0.0188679
14241,53,52,0.0188679
14241,53,52,0.0188679
14242,53,52,0.0188679
14243,53,52,0.0188679
14244,53,52,0.0188679
14245,53,52,0.0188679
14246,53,52,0.0188679
14247,53,52,0.0188679
14247,53,52,0.0188679
14248,53,52,0.0188679
14250,53,52,0.0188679
14251,53,52,0.0188679
14252,53,52,0.0188679
14253,53,52,0.0188679
14253,53,52,0.0188679
14254,53,52,0.0188679
14255,53,52,0.0188679
14255,53,52,0.0188679
14256,53,52,0.0188679
14257,53,52,0.0188679
14258,53,52,0.0188679
14259,53,52,0.0188679
14259,53,52,0.0188679
14260,53,52,0.0188679
14261,53,52,0.0188679
14262,53,52,0.0188679
14263,53,52,0.0188679
14263,53,52,0.0188679
14264,53,52,0.0188679
14265,53,52,0.0188679
14266,53,52,0.0188679
14267,53,52,0.0188679
14268,53,52,0.0188679
14270,53,52,0.0188679
14271,53,52,0.0188679
14272,53,52,0.0188679
14273,53,52,0.0188679
14273,53,52,0.0188679
14274,53,52,0.0188679
14275,53,52,0.0188679
14276,53,52,0.0188679
14277,53,52,0.0188679
14277,53,52,0.0188679
14278,53,52,0.0188679
14279,53,52,0.0188679
14279,53,52,0.0188679
14280,53,52,0.0188679
14281,53,52,0.0188679
14282,53,52,0.0188679
14283,53,52,0.0188679
14284,53,52,0.0188679
14285,53,52,0.0188679
14287,53,52,0.0188679
14287,53,52,0.0188679
14288,53,52,0.0188679
14289,53,52,0.0188679
14290,53,52,0.0188679
14291,53,52,0.0188679
14292,53,52,0.0188679
14293,53,52,0.0188679
14294,53,52,0.0188679
14295,53,52,0.0188679
14295,53,52,0.0188679
14296,53,52,0.0188679
14297,53,52,0.0188679
14297,53,52,0.0188679
14298,53,52,0.0188679
14300,53,52,0.0188679
14301,53,52,0.0188679
14302,53,52,0.0188679
14303,53,52,0.0188679
14303,53,52,0.0188679
14304,53,52,0.0188679
14306,53,52,0.0188679
14306,53,52,0.0188679
14307,53,52,0.0188679
14308,53,52,0.0188679
14308,53,52,0.0188679
14309,53,52,0.0188679
14310,53,52,0.0188679
14311,53,52,0.0188679
14312,53,52,0.0188679
14314,53,52,0.0188679
14315,53,52,0.0188679
14316,53,52,0.0188679
14316,53,52,0.0188679
14317,53,52,0.0188679
14318,53,52,0.0188679
14319,53,52,0.0188679
14320,53,52,0.0188679
14320,53,52,0.0188679
14321,53,52,0.0188679
14322,53,52,0.0188679
14323,53,52,0.0188679
14323,53,52,0.0188679
14324,53,52,0.0188679
14325,53,52,0.0188679
14326,53,52,0.0188679
14327,53,52,0.0188679
14329,53,52,0.0188679
14330,53,52,0.0188679
14331,53,52,0.0188679
14331,53,52,0.0188679
14332,53,52,0.0188679
14333,53,52,0.0188679
14334,53,52,0.0188679
14334,53,52,0.0188679
14335,53,52,0.0188679
14336,53,52,0.0188679
14337,53,52,0.0188679
14338,53,52,0.0188679
14339,53,52,0.0188679
14340,53,52,0.0188679
14341,53,52,0.0188679
14341,53,52,0.0188679
14342,53,52,0.0188679
14343,53,52,0.0188679
14344,53,52,0.0188679
14344,53,52,0.0188679
14345,53,52,0.0188679
14346,53,52,0.0188679
14347,53,52,0.0188679
14348,53,52,0.0188679
14348,53,52,0.0188679
14349,53,52,0.0188679
14350,53,52,0.0188679
14350,53,52,0.0188679
14351,53,52,0.0188679
14352,53,52,0.0188679
14353,53,52,0.0188679
14354,53,52,0.0188679
14354,53,52,0.0188679
14355,53,52,0.0188679
14356,53,52,0.0188679
14357,53,52,0.0188679
14358,53,52,0.0188679
14359,53,52,0.0188679
14361,53,52,0.0188679
14362,53,52,0.0188679
14364,53,52,0.0188679
14366,53,52,0.0188679
14367,53,52,0.0188679
14368,53,52,0.0188679
14369,53,52,0.0188679
14370,53,52,0.0188679
14371,53,52,0.0188679
14372,53,52,0.0188679
14372,53,52,0.0188679
14373,53,52,0.0188679
14374,53,52,0.0188679
14375,53,52,0.0188679
14376,53,52,0.0188679
14377,53,52,0.0188679
14378,53,52,0.0188679
14379,53,52,0.0188679
14380,53,52,0.0188679
14381,53,52,0.0188679
14382,53,52,0.0188679
14383,53,52,0.0188679
14384,53,52,0.0188679
14385,53,52,0.0188679
14386,53,52,0.0188679
14389,53,52,0.0188679
14390,53,52,0.0188679
14391,53,52,0.0188679
14391,53,52,0.0188679
14392,53,52,0.0188679
14393,53,52,0.0188679
14394,53,52,0.0188679
14394,53,52,0.0188679
14395,53,52,0.0188679
14396,53,52,0.0188679
14396,53,52,0.0188679
14397,53,52,0.0188679
14398,53,52,0.0188679
14399,53,52,0.0188679
14399,53,52,0.0188679
14400,53,52,0.0188679
14402,53,52,0.0188679
14403,53,52,0.0188679
14403,53,52,0.0188679
14404,53,52,0.0188679
14405,53,52,0.0188679
14406,53,52,0.0188679
14407,53,52,0.0188679
14407,53,52,0.0188679
14408,53,52,0.0188679
14409,53,52,0.0188679
14410,53,52,0.0188679
14410,53,52,0.0188679
14411,53,52,0.0188679
14412,53,52,0.0188679
14413,53,52,0.0188679
14413,53,52,0.0188679
14415,53,52,0.0188679
14415,53,52,0.0188679
14416,53,52,0.0188679
14417,53,52,0.0188679
14418,53,52,0.0188679
14419,53,52,0.0188679
14420,53,52,0.0188679
14422,53,52,0.0188679
14423,53,52,0.0188679
14423,53,52,0.0188679
14424,53,52,0.0188679
14425,53,52,0.0188679
14425,53,52,0.0188679
14426,53,52,0.0188679
14427,53,52,0.0188679
14427,53,52,0.0188679
14428,53,52,0.0188679
14429,53,52,0.0188679
14429,53,52,0.0188679
14431,53,52,0.0188679
14431,53,52,0.0188679
14432,53,52,0.0188679
14433,53,52,0.0188679
14433,53,52,0.0188679
14434,53,52,0.0188679
14435,53,52,0.0188679
14436,53,52,0.0188679
14437,53,52,0.0188679
14438,53,52,0.0188679
14439,53,52,0.0188679
14440,53,52,0.0188679
14441,53,52,0.0188679
14442,53,52,0.0188679
14442,53,52,0.0188679
14443,53,52,0.0188679
14444,53,52,0.0188679
14444,53,52,0.0188679
14445,53,52,0.0188679
14446,53,52,0.0188679
14446,53,52,0.0188679
14447,53,52,0.0188679
14448,53,52,0.0188679
14449,53,52,0.0188679
14450,53,52,0.0188679
14450,53,52,0.0188679
14451,53,52,0.0188679
14452,53,52,0.0188679
14453,53,52,0.0188679
14453,53,52,0.0188679
14455,53,52,0.0188679
14456,53,52,0.0188679
14457,53,52,0.0188679
14458,53,52,0.0188679
14459,53,52,0.0188679
14459,53,52,0.0188679
14460,53,52,0.0188679
14461,53,52,0.0188679
14462,53,52,0.0188679
14462,53,52,0.0188679
14463,53,52,0.0188679
14464,53,52,0.0188679
14464,53,52,0.0188679
14465,53,52,0.0188679
14465,53,52,0.0188679
14466,53,52,0.0188679
14467,53,52,0.0188679
14468,53,52,0.0188679
14469,53,52,0.0188679
14469,53,52,0.0188679
14470,53,52,0.0188679
14471,53,52,0.0188679
14472,53,52,0.0188679
14474,53,52,0.0188679
14475,53,52,0.0188679
14475,53,52,0.0188679
14476,53,52,0.0188679
14477,53,52,0.0188679
14478,53,52,0.0188679
14479,53,52,0.0188679
14480,53,52,0.0188679
14480,53,52,0.0188679
14481,53,52,0.0188679
14482,53,52,0.0188679
14483,53,52,0.0188679
14483,53,52,0.0188679
14485,53,52,0.0188679
14486,53,52,0.0188679
14487,53,52,0.0188679
14488,53,52,0.0188679
14489,53,52,0.0188679
14490,53,52,0.0188679
14491,53,52,0.0188679
14492,53,52,0.0188679
14492,53,52,0.0188679
14493,53,52,0.0188679
14494,53,52,0.0188679
14495,53,52,0.0188679
14495,53,52,0.0188679
14496,53,52,0.0188679
14497,53,52,0.0188679
14498,53,52,0.0188679
14498,53,52,0.0188679
14499,53,52,0.0188679
14500,53,52,0.0188679
14501,53,52,0.0188679
14501,53,52,0.0188679
14502,53,52,0.0188679
14503,53,52,0.0188679
14503,53,52,0.0188679
14505,53,52,0.0188679
14505,53,52,0.0188679
14506,53,52,0.0188679
14507,53,52,0.0188679
14507,53,52,0.0188679
14508,53,52,0.0188679
14509,53,52,0.0188679
14510,53,52,0.0188679
14510,53,52,0.0188679
14511,53,52,0.0188679
14512,53,52,0.0188679
14513,53,52,0.0188679
14515,53,52,0.0188679
14515,53,52,0.0188679
14516,53,52,0.0188679
14517,53,52,0.0188679
14518,53,52,0.0188679
14519,53,52,0.0188679
14519,53,52,0.0188679
14520,53,52,0.0188679
14521,53,52,0.0188679
14523,53,52,0.0188679
14525,53,52,0.0188679
14525,53,52,0.0188679
14526,53,52,0.0188679
14527,53,52,0.0188679
14528,53,52,0.0188679
14529,53,52,0.0188679
14530,53,52,0.0188679
14531,53,52,0.0188679
14532,53,52,0.0188679
14533,53,52,0.0188679
14534,53,52,0.0188679
14535,53,52,0.0188679
14536,53,52,0.0188679
14537,53,52,0.0188679
14539,53,52,0.0188679
14540,53,52,0.0188679
14542,53,52,0.0188679
14543,53,52,0.0188679
14544,53,52,0.0188679
14545,53,52,0.0188679
14546,53,52,0.0188679
14547,53,52,0.0188679
14548,53,52,0.0188679
14549,53,52,0.0188679
14550,53,52,0.0188679
14551,53,52,0.0188679
14552,53,52,0.0188679
14553,53,52,0.0188679
14554,53,52,0.0188679
14554,53,52,0.0188679
14556,53,52,0.0188679
14557,53,52,0.0188679
14558,53,52,0.0188679
14560,53,52,0.0188679
14561,53,52,0.0188679
14562,53,52,0.0188679
14564,53,52,0.0188679
14565,53,52,0.0188679
14565,53,52,0.0188679
14566,53,52,0.0188679
14568,53,52,0.0188679
14568,53,52,0.0188679
14569,53,52,0.0188679
14570,53,52,0.0188679
14570,53,52,0.0188679
14571,53,52,0.0188679
14573,53,52,0.0188679
14574,53,52,0.0188679
14575,53,52,0.0188679
14577,53,52,0.0188679
14577,53,52,0.0188679
14579,53,52,0.0188679
14580,53,52,0.0188679
14580,53,52,0.0188679
14581,53,52,0.0188679
14582,53,52,0.0188679
14583,53,52,0.0188679
14584,53,52,0.0188679
14585,53,52,0.0188679
14586,53,52,0.0188679
14587,53,52,0.0188679
14587,53,52,0.0188679
14589,53,52,0.0188679
14590,53,52,0.0188679
14591,53,52,0.0188679
14591,53,52,0.0188679
14593,53,52,0.0188679
14594,53,52,0.0188679
14595,53,52,0.0188679
14596,53,52,0.0188679
14596,53,52,0.0188679
14597,53,52,0.0188679
14598,53,52,0.0188679
14599,53,52,0.0188679
14600,53,52,0.0188679
14600,53,52,0.0188679
14601,53,52,0.0188679
14603,53,52,0.0188679
14604,53,52,0.0188679
14605,53,52,0.0188679
14605,53,52,0.0188679
14606,53,52,0.0188679
14607,53,52,0.0188679
14608,53,52,0.0188679
14608,53,52,0.0188679
14609,53,52,0.0188679
14610,53,52,0.0188679
14611,53,52,0.0188679
14611,53,52,0.0188679
14612,53,52,0.0188679
14613,53,52,0.0188679
14613,53,52,0.0188679
14614,53,52,0.0188679
14615,53,52,0.0188679
14616,53,52,0.0188679
14617,53,52,0.0188679
14617,53,52,0.0188679
14618,53,52,0.0188679
14619,53,52,0.0188679
14620,53,52,0.0188679
14621,53,52,0.0188679
14622,53,52,0.0188679
14622,53,52,0.0188679
14624,53,52,0.0188679
14624,53,52,0.0188679
14625,53,52,0.0188679
14626,53,52,0.0188679
14626,53,52,0.0188679
14627,53,52,0.0188679
14629,53,52,0.0188679
14630,53,52,0.0188679
14630,53,52,0.0188679
14631,53,52,0.0188679
14632,53,52,0.0188679
14632,53,52,0.0188679
14633,53,52,0.0188679
14634,53,52,0.0188679
14635,53,52,0.0188679
14636,53,52,0.0188679
14637,53,52,0.0188679
14638,53,52,0.0188679
14639,53,52,0.0188679
14640,53,52,0.0188679
14641,53,52,0.0188679
14642,53,52,0.0188679
14643,53,52,0.0188679
14644,53,52,0.0188679
14645,53,52,0.0188679
14646,53,52,0.0188679
14646,53,52,0.0188679
14648,53,52,0.0188679
14649,53,52,0.0188679
14650,53,52,0.0188679
14651,53,52,0.0188679
14652,53,52,0.0188679
14654,53,52,0.0188679
14655,53,52,0.0188679
14656,53,52,0.0188679
14656,53,52,0.0188679
14657,53,52,0.0188679
14658,53,52,0.0188679
14659,53,52,0.0188679
14659,53,52,0.0188679
14660,53,52,0.0188679
14661,53,52,0.0188679
14661,53,52,0.0188679
14662,53,52,0.0188679
14663,53,52,0.0188679
14664,53,52,0.0188679
14665,53,52,0.0188679
14666,53,52,0.0188679
14666,53,52,0.0188679
14667,53,52,0.0188679
14668,53,52,0.0188679
14668,53,52,0.0188679
14669,53,52,0.0188679
14670,53,52,0.0188679
14670,53,52,0.0188679
14673,53,52,0.0188679
14674,53,52,0.0188679
14675,53,52,0.0188679
14675,53,52,0.0188679
14676,53,52,0.0188679
14677,53,52,0.0188679
14677,53,52,0.0188679
14678,53,52,0.0188679
14679,53,52,0.0188679
14680,53,52,0.0188679
14682,53,52,0.0188679
14683,53,52,0.0188679
14684,53,52,0.0188679
14685,53,52,0.0188679
14686,53,52,0.0188679
14687,53,52,0.0188679
14688,53,52,0.0188679
14689,53,52,0.0188679
14690,53,52,0.0188679
14690,53,52,0.0188679
14692,53,52,0.0188679
14693,53,52,0.0188679
14693,53,52,0.0188679
14694,53,52,0.0188679
14695,53,52,0.0188679
14696,53,52,0.0188679
14697,53,52,0.0188679
14697,53,52,0.0188679
14699,53,52,0.0188679
14703,53,52,0.0188679
14703,53,52,0.0188679
14704,53,52,0.0188679
14705,53,52,0.0188679
14706,53,52,0.0188679
14707,53,52,0.0188679
14708,53,52,0.0188679
14709,53,52,0.0188679
14709,53,52,0.0188679
14710,53,52,0.0188679
14711,53,52,0.0188679
14712,53,52,0.0188679
14713,53,52,0.0188679
14714,53,52,0.0188679
14715,53,52,0.0188679
14716,53,52,0.0188679
14717,53,52,0.0188679
14718,53,52,0.0188679
14719,53,52,0.0188679
14719,53,52,0.0188679
14720,53,52,0.0188679
14721,53,52,0.0188679
14722,53,52,0.0188679
14723,53,52,0.0188679
14724,53,52,0.0188679
14724,53,52,0.0188679
14725,53,52,0.0188679
14726,53,52,0.0188679
14727,53,52,0.0188679
14728,53,52,0.0188679
14728,53,52,0.0188679
14729,53,52,0.0188679
14730,53,52,0.0188679
14730,53,52,0.0188679
14731,53,52,0.0188679
14732,53,52,0.0188679
14733,53,52,0.0188679
14734,53,52,0.0188679
14734,53,52,0.0188679
14735,53,52,0.0188679
14736,53,52,0.0188679
14737,53,52,0.0188679
14737,53,52,0.0188679
14738,53,52,0.0188679
14739,53,52,0.0188679
14740,53,52,0.0188679
14740,53,52,0.0188679
14741,53,52,0.0188679
14742,53,52,0.0188679
14743,53,52,0.0188679
14743,53,52,0.0188679
14745,53,52,0.0188679
14746,53,52,0.0188679
14748,53,52,0.0188679
14748,53,52,0.0188679
14749,53,52,0.0188679
14750,53,52,0.0188679
14751,53,52,0.0188679
14752,53,52,0.0188679
14754,53,52,0.0188679
14755,53,52,0.0188679
14756,53,52,0.0188679
14757,53,52,0.0188679
14758,53,52,0.0188679
14759,53,52,0.0188679
14760,53,52,0.0188679
14761,53,52,0.0188679
14762,53,52,0.0188679
14763,53,52,0.0188679
14764,53,52,0.0188679
14765,53,52,0.0188679
14767,53,52,0.0188679
14768,53,52,0.0188679
14769,53,52,0.0188679
14770,53,52,0.0188679
14771,53,52,0.0188679
14772,53,52,0.0188679
14773,53,52,0.0188679
14774,53,52,0.0188679
14775,53,52,0.0188679
14776,53,52,0.0188679
14776,53,52,0.0188679
14778,53,52,0.0188679
14779,53,52,0.0188679
14780,53,52,0.0188679
14781,53,52,0.0188679
14781,53,52,0.0188679
14782,53,52,0.0188679
14783,53,52,0.0188679
14784,53,52,0.0188679
14785,53,52,0.0188679
14786,53,52,0.0188679
14789,53,52,0.0188679
14790,53,52,0.0188679
14791,53,52,0.0188679
14791,53,52,0.0188679
14792,53,52,0.0188679
14793,53,52,0.0188679
14794,53,52,0.0188679
14795,53,52,0.0188679
14796,53,52,0.0188679
14796,53,52,0.0188679
14797,53,52,0.0188679
14798,53,52,0.0188679
14799,53,52,0.0188679
14800,53,52,0.0188679
14800,53,52,0.0188679
14802,53,52,0.0188679
14803,53,52,0.0188679
14803,53,52,0.0188679
14806,53,52,0.0188679
14807,53,52,0.0188679
14808,53,52,0.0188679
14808,53,52,0.0188679
14809,53,52,0.0188679
14810,53,52,0.0188679
14810,53,52,0.0188679
14811,53,52,0.0188679
14812,53,52,0.0188679
14813,53,52,0.0188679
14813,53,52,0.0188679
14814,53,52,0.0188679
14815,53,52,0.0188679
14816,53,52,0.0188679
14816,53,52,0.0188679
14817,53,52,0.0188679
14818,53,52,0.0188679
14818,53,52,0.0188679
14819,53,52,0.0188679
14820,53,52,0.0188679
14820,53,52,0.0188679
14821,53,52,0.0188679
14823,53,52,0.0188679
14824,53,52,0.0188679
14824,53,52,0.0188679
14825,53,52,0.0188679
14826,53,52,0.0188679
14827,53,52,0.0188679
14828,53,52,0.0188679
14829,53,52,0.0188679
14829,53,52,0.0188679
14830,53,52,0.0188679
14831,53,52,0.0188679
14832,53,52,0.0188679
14833,53,52,0.0188679
14834,53,52,0.0188679
14835,53,52,0.0188679
14836,53,52,0.0188679
14838,53,52,0.0188679
14839,53,52,0.0188679
14839,53,52,0.0188679
14840,53,52,0.0188679
14841,53,52,0.0188679
14842,53,52,0.0188679
14843,53,52,0.0188679
14844,53,52,0.0188679
14845,53,52,0.0188679
14846,53,52,0.0188679
14846,53,52,0.0188679
14848,53,52,0.0188679
14849,53,52,0.0188679
14849,53,52,0.0188679
14850,53,52,0.0188679
14852,53,52,0.0188679
14853,53,52,0.0188679
14854,53,52,0.0188679
14855,53,52,0.0188679
14856,53,52,0.0188679
14857,53,52,0.0188679
14858,53,52,0.0188679
14858,53,52,0.0188679
14859,53,52,0.0188679
14860,53,52,0.0188679
14860,53,52,0.0188679
14861,53,52,0.0188679
14862,53,52,0.0188679
14863,53,52,0.0188679
14864,53,52,0.0188679
14864,53,52,0.0188679
14865,53,52,0.0188679
14866,53,52,0.0188679
14866,53,52,0.0188679
14869,53,52,0.0188679
14870,53,52,0.0188679
14871,53,52,0.0188679
14872,53,52,0.0188679
14873,53,52,0.0188679
14874,53,52,0.0188679
14874,53,52,0.0188679
14875,53,52,0.0188679
14876,53,52,0.0188679
14877,53,52,0.0188679
14877,53,52,0.0188679
14878,53,52,0.0188679
14879,53,52,0.0188679
14880,53,52,0.0188679
14880,53,52,0.0188679
14881,53,52,0.0188679
14882,53,52,0.0188679
14882,53,52,0.0188679
14883,53,52,0.0188679
14884,53,52,0.0188679
14885,53,52,0.0188679
14886,53,52,0.0188679
14887,53,52,0.0188679
14888,53,52,0.0188679
14888,53,52,0.0188679
14889,53,52,0.0188679
14891,53,52,0.0188679
14892,53,52,0.0188679
14893,53,52,0.0188679
14894,53,52,0.0188679
14894,53,52,0.0188679
14895,53,52,0.0188679
14896,53,52,0.0188679
14896,53,52,0.0188679
14897,53,52,0.0188679
14898,53,52,0.0188679
14898,53,52,0.0188679
14899,53,52,0.0188679
14900,53,52,0.0188679
14901,53,52,0.0188679
14901,53,52,0.0188679
14902,53,52,0.0188679
14903,53,52,0.0188679
14904,53,52,0.0188679
14905,53,52,0.0188679
14905,53,52,0.0188679
14906,53,52,0.0188679
14907,53,52,0.0188679
14908,53,52,0.0188679
14909,53,52,0.0188679
14909,53,52,0.0188679
14910,53,52,0.0188679
14911,53,52,0.0188679
14911,53,52,0.0188679
14912,53,52,0.0188679
14913,53,52,0.0188679
14914,53,52,0.0188679
14914,53,52,0.0188679
14915,53,52,0.0188679
14916,53,52,0.0188679
14916,53,52,0.0188679
14917,53,52,0.0188679
14918,53,52,0.0188679
14919,53,52,0.0188679
14920,53,52,0.0188679
14920,53,52,0.0188679
14921,53,52,0.0188679
14922,53,52,0.0188679
14923,53,52,0.0188679
14924,53,52,0.0188679
14924,53,52,0.0188679
14925,53,52,0.0188679
14926,53,52,0.0188679
14927,53,52,0.0188679
14927,53,52,0.0188679
14928,53,52,0.0188679
14929,53,52,0.0188679
14929,53,52,0.0188679
14930,53,52,0.0188679
14930,53,52,0.0188679
14932,53,52,0.0188679
14934,53,52,0.0188679
14935,53,52,0.0188679
14935,53,52,0.0188679
14936,53,52,0.0188679
14937,53,52,0.0188679
14938,53,52,0.0188679
14938,53,52,0.0188679
14939,53,52,0.0188679
14939,53,52,0.0188679
14940,53,52,0.0188679
14941,53,52,0.0188679
14941,53,52,0.0188679
14942,53,52,0.0188679
14942,53,52,0.0188679
14943,53,52,0.0188679
14944,53,52,0.0188679
14944,53,52,0.0188679
14945,53,52,0.0188679
14946,53,52,0.0188679
14946,53,52,0.0188679
14947,53,52,0.0188679
14948,53,52,0.0188679
14948,53,52,0.0188679
14949,53,52,0.0188679
14950,53,52,0.0188679
14951,53,52,0.0188679
14951,53,52,0.0188679
14952,53,52,0.0188679
14953,53,52,0.0188679
14954,53,52,0.0188679
14955,53,52,0.0188679
14955,53,52,0.0188679
14956,53,52,0.0188679
14956,53,52,0.0188679
14957,53,52,0.0188679
14958,53,52,0.0188679
14959,53,52,0.0188679
14960,53,52,0.0188679
14961,53,52,0.0188679
14961,53,52,0.0188679
14962,53,52,0.0188679
14963,53,52,0.0188679
14964,53,52,0.0188679
14965,53,52,0.0188679
14965,53,52,0.0188679
14966,53,52,0.0188679
14968,53,52,0.0188679
14968,53,52,0.0188679
14969,53,52,0.0188679
14970,53,52,0.0188679
14971,53,52,0.0188679
14972,53,52,0.0188679
14972,53,52,0.0188679
14973,53,52,0.0188679
14973,53,52,0.0188679
14974,53,52,0.0188679
14975,53,52,0.0188679
14976,53,52,0.0188679
14977,53,52,0.0188679
14978,53,52,0.0188679
14979,53,52,0.0188679
14979,53,52,0.0188679
14980,53,52,0.0188679
14981,53,52,0.0188679
14982,53,52,0.0188679
14983,53,52,0.0188679
14983,53,52,0.0188679
14984,53,52,0.0188679
14984,53,52,0.0188679
14985,53,52,0.0188679
14987,53,52,0.0188679
14987,53,52,0.0188679
14988,53,52,0.0188679
14989,53,52,0.0188679
14989,53,52,0.0188679
14990,53,52,0.0188679
14991,53,52,0.0188679
14992,53,52,0.0188679
14992,53,52,0.0188679
14993,53,52,0.0188679
14994,53,52,0.0188679
14995,53,52,0.0188679
14995,53,52,0.0188679
14996,53,52,0.0188679
14998,53,52,0.0188679
14998,53,52,0.0188679
14999,53,52,0.0188679
15000,53,52,0.0188679
15002,53,52,0.0188679
15003,53,52,0.0188679
15003,53,52,0.0188679
15004,53,52,0.0188679
15005,53,52,0.0188679
15005,53,52,0.0188679
15006,53,52,0.0188679
15007,53,52,0.0188679
15008,53,52,0.0188679
15008,53,52,0.0188679
15009,53,52,0.0188679
15010,53,52,0.0188679
15011,53,52,0.0188679
15012,53,52,0.0188679
15012,53,52,0.0188679
15013,53,52,0.0188679
15014,53,52,0.0188679
15015,53,52,0.0188679
15015,53,52,0.0188679
15016,53,52,0.0188679
15017,53,52,0.0188679
15018,53,52,0.0188679
15019,53,52,0.0188679
15020,53,52,0.0188679
15021,53,52,0.0188679
15022,53,52,0.0188679
15023,53,52,0.0188679
15023,53,52,0.0188679
15024,53,52,0.0188679
15025,53,52,0.0188679
15026,53,52,0.0188679
15026,53,52,0.0188679
15027,53,52,0.0188679
15028,53,52,0.0188679
15029,53,52,0.0188679
15030,53,52,0.0188679
15031,53,52,0.0188679
15031,53,52,0.0188679
15032,53,52,0.0188679
15033,53,52,0.0188679
15033,53,52,0.0188679
15034,53,52,0.0188679
15035,53,52,0.0188679
15035,53,52,0.0188679
15036,53,52,0.0188679
15037,53,52,0.0188679
15038,53,52,0.0188679
15040,53,52,0.0188679
15041,53,52,0.0188679
15042,53,52,0.0188679
15043,53,52,0.0188679
15044,53,52,0.0188679
15044,53,52,0.0188679
15045,53,52,0.0188679
15046,53,52,0.0188679
15046,53,52,0.0188679
15047,53,52,0.0188679
15048,53,52,0.0188679
15049,53,52,0.0188679
15050,53,52,0.0188679
15051,53,52,0.0188679
15051,53,52,0.0188679
15052,53,52,0.0188679
15053,53,52,0.0188679
15053,53,52,0.0188679
15054,53,52,0.0188679
15055,53,52,0.0188679
15056,53,52,0.0188679
15058,53,52,0.0188679
15059,53,52,0.0188679
15060,53,52,0.0188679
15060,53,52,0.0188679
15061,53,52,0.0188679
15062,53,52,0.0188679
15062,53,52,0.0188679
15064,53,52,0.0188679
15065,53,52,0.0188679
15066,53,52,0.0188679
15067,53,52,0.0188679
15068,53,52,0.0188679
15068,53,52,0.0188679
15070,53,52,0.0188679
15070,53,52,0.0188679
15072,53,52,0.0188679
15072,53,52,0.0188679
15073,53,52,0.0188679
15074,53,52,0.0188679
15074,53,52,0.0188679
15075,53,52,0.0188679
15076,53,52,0.0188679
15077,53,52,0.0188679
15078,53,52,0.0188679
15078,53,52,0.0188679
15079,53,52,0.0188679
15080,53,52,0.0188679
15080,53,52,0.0188679
15081,53,52,0.0188679
15082,53,52,0.0188679
15082,53,52,0.0188679
15083,53,52,0.0188679
15084,53,52,0.0188679
15085,53,52,0.0188679
15086,53,52,0.0188679
15087,53,52,0.0188679
15088,53,52,0.0188679
15089,53,52,0.0188679
15090,53,52,0.0188679
15090,53,52,0.0188679
15091,53,52,0.0188679
15092,53,52,0.0188679
15092,53,52,0.0188679
15093,53,52,0.0188679
15094,53,52,0.0188679
15094,53,52,0.0188679
15095,53,52,0.0188679
15096,53,52,0.0188679
15096,53,52,0.0188679
15097,53,52,0.0188679
15098,53,52,0.0188679
15098,53,52,0.0188679
15099,53,52,0.0188679
15100,53,52,0.0188679
15101,53,52,0.0188679
15101,53,52,0.0188679
15102,53,52,0.0188679
15103,53,52,0.0188679
15104,53,52,0.0188679
15104,53,52,0.0188679
15105,53,52,0.0188679
15106,53,52,0.0188679
15107,53,52,0.0188679
15108,53,52,0.0188679
15108,53,52,0.0188679
15109,53,52,0.0188679
15110,53,52,0.0188679
15111,53,52,0.0188679
15112,53,52,0.0188679
15112,53,52,0.0188679
15113,53,52,0.0188679
15113,53,52,0.0188679
15114,53,52,0.0188679
15115,53,52,0.0188679
15115,53,52,0.0188679
15116,53,52,0.0188679
15117,53,52,0.0188679
15117,53,52,0.0188679
15118,53,52,0.0188679
15119,53,52,0.0188679
15120,53,52,0.0188679
15120,53,52,0.0188679
15121,53,52,0.0188679
15122,53,52,0.0188679
15122,53,52,0.0188679
15123,53,52,0.0188679
15124,53,52,0.0188679
15124,53,52,0.0188679
15125,53,52,0.0188679
15126,53,52,0.0188679
15127,53,52,0.0188679
15128,53,52,0.0188679
15128,53,52,0.0188679
15129,53,52,0.0188679
15130,53,52,0.0188679
15130,53,52,0.0188679
15131,53,52,0.0188679
15132,53,52,0.0188679
15133,53,52,0.0188679
15134,53,52,0.0188679
15134,53,52,0.0188679
15135,53,52,0.0188679
15137,53,52,0.0188679
15138,53,52,0.0188679
15139,53,52,0.0188679
15139,53,52,0.0188679
15140,53,52,0.0188679
15141,53,52,0.0188679
15142,53,52,0.0188679
15142,53,52,0.0188679
15143,53,52,0.0188679
15144,53,52,0.0188679
15144,53,52,0.0188679
15145,53,52,0.0188679
15146,53,52,0.0188679
15147,53,52,0.0188679
15147,53,52,0.0188679
15148,53,52,0.0188679
15149,53,52,0.0188679
15150,53,52,0.0188679
15150,53,52,0.0188679
15151,53,52,0.0188679
15152,53,52,0.0188679
15153,53,52,0.0188679
15154,53,52,0.0188679
15154,53,52,0.0188679
15155,53,52,0.0188679
15156,53,52,0.0188679
15157,53,52,0.0188679
15157,53,52,0.0188679
15158,53,52,0.0188679
15159,53,52,0.0188679
15160,53,52,0.0188679
15161,53,52,0.0188679
15162,53,52,0.0188679
15163,53,52,0.0188679
15163,53,52,0.0188679
15164,53,52,0.0188679
15165,53,52,0.0188679
15166,53,52,0.0188679
15166,53,52,0.0188679
15168,53,52,0.0188679
15168,53,52,0.0188679
15169,53,52,0.0188679
15170,53,52,0.0188679
15171,53,52,0.0188679
15172,53,52,0.0188679
15173,53,52,0.0188679
15174,53,52,0.0188679
15175,53,52,0.0188679
15175,53,52,0.0188679
15176,53,52,0.0188679
15177,53,52,0.0188679
15177,53,52,0.0188679
15178,53,52,0.0188679
15179,53,52,0.0188679
15179,53,52,0.0188679
15180,53,52,0.0188679
15181,53,52,0.0188679
15182,53,52,0.0188679
15183,53,52,0.0188679
15184,53,52,0.0188679
15185,53,52,0.0188679
15185,53,52,0.0188679
15186,53,52,0.0188679
15187,53,52,0.0188679
15189,53,52,0.0188679
15190,53,52,0.0188679
15191,53,52,0.0188679
15192,53,52,0.0188679
15193,53,52,0.0188679
15194,53,52,0.0188679
15194,53,52,0.0188679
15195,53,52,0.0188679
15196,53,52,0.0188679
15196,53,52,0.0188679
15197,53,52,0.0188679
15198,53,52,0.0188679
15198,53,52,0.0188679
15199,53,52,0.0188679
15200,53,52,0.0188679
15202,53,52,0.0188679
15203,53,52,0.0188679
15203,53,52,0.0188679
15204,53,52,0.0188679
15205,53,52,0.0188679
15205,53,52,0.0188679
15206,53,52,0.0188679
15207,53,52,0.0188679
15208,53,52,0.0188679
15209,53,52,0.0188679
15210,53,52,0.0188679
15210,53,52,0.0188679
15211,53,52,0.0188679
15212,53,52,0.0188679
15213,53,52,0.0188679
15213,53,52,0.0188679
15215,53,52,0.0188679
15216,53,52,0.0188679
15217,53,52,0.0188679
15218,53,52,0.0188679
15219,53,52,0.0188679
15220,53,52,0.0188679
15221,53,52,0.0188679
15223,53,52,0.0188679
15223,53,52,0.0188679
15224,53,52,0.0188679
15225,53,52,0.0188679
15226,53,52,0.0188679
15226,53,52,0.0188679
15227,53,52,0.0188679
15228,53,52,0.0188679
15229,53,52,0.0188679
15230,53,52,0.0188679
15230,53,52,0.0188679
15231,53,52,0.0188679
15232,53,52,0.0188679
15233,53,52,0.0188679
15234,53,52,0.0188679
15235,53,52,0.0188679
15235,53,52,0.0188679
15236,53,52,0.0188679
15237,53,52,0.0188679
15238,53,52,0.0188679
15238,53,52,0.0188679
15239,53,52,0.0188679
15240,53,52,0.0188679
15241,53,52,0.0188679
15242,53,52,0.0188679
15243,53,52,0.0188679
15244,53,52,0.0188679
15245,53,52,0.0188679
15246,53,52,0.0188679
15246,53,52,0.0188679
15247,53,52,0.0188679
15248,53,52,0.0188679
15249,53,52,0.0188679
15250,53,52,0.0188679
15251,53,52,0.0188679
15252,53,52,0.0188679
15253,53,52,0.0188679
15254,53,52,0.0188679
15256,53,52,0.0188679
15256,53,52,0.0188679
15257,53,52,0.0188679
15258,53,52,0.0188679
15258,53,52,0.0188679
15259,53,52,0.0188679
15260,53,52,0.0188679
15261,53,52,0.0188679
15262,53,52,0.0188679
15263,53,52,0.0188679
15264,53,52,0.0188679
15265,53,52,0.0188679
15265,53,52,0.0188679
15266,53,52,0.0188679
15267,53,52,0.0188679
15268,53,52,0.0188679
15269,53,52,0.0188679
15270,53,52,0.0188679
15270,53,52,0.0188679
15271,53,52,0.0188679
15272,53,52,0.0188679
15272,53,52,0.0188679
15274,53,52,0.0188679
15275,53,52,0.0188679
15275,53,52,0.0188679
15276,53,52,0.0188679
15277,53,52,0.0188679
15278,53,52,0.0188679
15278,53,52,0.0188679
15279,53,52,0.0188679
15280,53,52,0.0188679
15280,53,52,0.0188679
15281,53,52,0.0188679
15282,53,52,0.0188679
15282,53,52,0.0188679
15283,53,52,0.0188679
15284,53,52,0.0188679
15285,53,52,0.0188679
15286,53,52,0.0188679
15287,53,52,0.0188679
15288,53,52,0.0188679
15289,53,52,0.0188679
15290,53,52,0.0188679
15291,53,52,0.0188679
15292,53,52,0.0188679
15292,53,52,0.0188679
15293,53,52,0.0188679
15294,53,52,0.0188679
15294,53,52,0.0188679
15295,53,52,0.0188679
15296,53,52,0.0188679
15296,53,52,0.0188679
15297,53,52,0.0188679
15298,53,52,0.0188679
15299,53,52,0.0188679
15299,53,52,0.0188679
15300,53,52,0.0188679
15302,53,52,0.0188679
15302,53,52,0.0188679
15303,53,52,0.0188679
15304,53,52,0.0188679
15304,53,52,0.0188679
15305,53,52,0.0188679
15306,53,52,0.0188679
15307,53,52,0.0188679
15307,53,52,0.0188679
15308,53,52,0.0188679
15309,53,52,0.0188679
15310,53,52,0.0188679
15311,53,52,0.0188679
15312,53,52,0.0188679
15312,53,52,0.0188679
15313,53,52,0.0188679
15314,53,52,0.0188679
15315,53,52,0.0188679
15316,53,52,0.0188679
15317,53,52,0.0188679
15319,53,52,0.0188679
15320,53,52,0.0188679
15322,53,52,0.0188679
15322,53,52,0.0188679
15323,53,52,0.0188679
15324,53,52,0.0188679
15325,53,52,0.0188679
15325,53,52,0.0188679
15326,53,52,0.0188679
15327,53,52,0.0188679
15328,53,52,0.0188679
15329,53,52,0.0188679
15330,53,52,0.0188679
15331,53,52,0.0188679
15332,53,52,0.0188679
15333,53,52,0.0188679
15334,53,52,0.0188679
15334,53,52,0.0188679
15335,53,52,0.0188679
15336,53,52,0.0188679
15337,53,52,0.0188679
15337,53,52,0.0188679
15338,53,52,0.0188679
15339,53,52,0.0188679
15340,53,52,0.0188679
15342,53,52,0.0188679
15343,53,52,0.0188679
15343,53,52,0.0188679
15344,53,52,0.0188679
15345,53,52,0.0188679
15346,53,52,0.0188679
15346,53,52,0.0188679
15347,53,52,0.0188679
15349,53,52,0.0188679
15349,53,52,0.0188679
15352,53,52,0.0188679
15353,53,52,0.0188679
15354,53,52,0.0188679
15355,53,52,0.0188679
15356,53,52,0.0188679
15357,53,52,0.0188679
15357,53,52,0.0188679
15358,53,52,0.0188679
15359,53,52,0.0188679
15360,53,52,0.0188679
15360,53,52,0.0188679
15361,53,52,0.0188679
15362,53,52,0.0188679
15363,53,52,0.0188679
15364,53,52,0.0188679
15366,53,52,0.0188679
15366,53,52,0.0188679
15368,53,52,0.0188679
15369,53,52,0.0188679
15369,53,52,0.0188679
15370,53,52,0.0188679
15371,53,52,0.0188679
15372,53,52,0.0188679
15374,53,52,0.0188679
15375,53,52,0.0188679
15376,53,52,0.0188679
15377,53,52,0.0188679
15377,53,52,0.0188679
15378,53,52,0.0188679
15379,53,52,0.0188679
15379,53,52,0.0188679
15380,53,52,0.0188679
15380,53,52,0.0188679
15381,53,52,0.0188679
15382,53,52,0.0188679
15382,53,52,0.0188679
15383,53,52,0.0188679
15384,53,52,0.0188679
15385,53,52,0.0188679
15387,53,52,0.0188679
15389,53,52,0.0188679
15390,53,52,0.0188679
15391,53,52,0.0188679
15392,53,52,0.0188679
15393,53,52,0.0188679
15393,53,52,0.0188679
15394,53,52,0.0188679
15395,53,52,0.0188679
15395,53,52,0.0188679
15396,53,52,0.0188679
15396,53,52,0.0188679
15397,53,52,0.0188679
15398,53,52,0.0188679
15398,53,52,0.0188679
15399,53,52,0.0188679
15399,53,52,0.0188679
15400,53,52,0.0188679
15401,53,52,0.0188679
15401,53,52,0.0188679
15402,53,52,0.0188679
15403,53,52,0.0188679
15403,53,52,0.0188679
15404,53,52,0.0188679
15405,53,52,0.0188679
15405,53,52,0.0188679
15406,53,52,0.0188679
15407,53,52,0.0188679
15408,53,52,0.0188679
15408,53,52,0.0188679
15409,53,52,0.0188679
15410,53,52,0.0188679
15410,53,52,0.0188679
15411,53,52,0.0188679
15412,53,52,0.0188679
15412,53,52,0.0188679
15413,53,52,0.0188679
15414,53,52,0.0188679
15415,53,52,0.0188679
15415,53,52,0.0188679
15416,53,52,0.0188679
15417,53,52,0.0188679
15418,53,52,0.0188679
15419,53,52,0.0188679
15420,53,52,0.0188679
15421,53,52,0.0188679
15422,53,52,0.0188679
15424,53,52,0.0188679
15425,53,52,0.0188679
15426,53,52,0.0188679
15427,53,52,0.0188679
15428,53,52,0.0188679
15428,53,52,0.0188679
15429,53,52,0.0188679
15430,53,52,0.0188679
15431,53,52,0.0188679
15432,53,52,0.0188679
15433,53,52,0.0188679
15433,53,52,0.0188679
15434,53,52,0.0188679
15435,53,52,0.0188679
15436,53,52,0.0188679
15437,53,52,0.0188679
15437,53,52,0.0188679
15438,53,52,0.0188679
15439,53,52,0.0188679
15441,53,52,0.0188679
15441,53,52,0.0188679
15442,53,52,0.0188679
15443,53,52,0.0188679
15443,53,52,0.0188679
15444,53,52,0.0188679
15445,53,52,0.0188679
15446,53,52,0.0188679
15447,53,52,0.0188679
15448,53,52,0.0188679
15448,53,52,0.0188679
15449,53,52,0.0188679
15450,53,52,0.0188679
15451,53,52,0.0188679
15452,53,52,0.0188679
15453,53,52,0.0188679
15454,53,52,0.0188679
15455,53,52,0.0188679
15455,53,52,0.0188679
15458,53,52,0.0188679
15458,53,52,0.0188679
15459,53,52,0.0188679
15460,53,52,0.0188679
15460,53,52,0.0188679
15461,53,52,0.0188679
15462,53,52,0.0188679
15463,53,52,0.0188679
15464,53,52,0.0188679
15465,53,52,0.0188679
15466,53,52,0.0188679
15467,53,52,0.0188679
15469,53,52,0.0188679
15470,53,52,0.0188679
15472,53,52,0.0188679
15473,53,52,0.0188679
15474,53,52,0.0188679
15474,53,52,0.0188679
15475,53,52,0.0188679
15476,53,52,0.0188679
15478,53,52,0.0188679
15479,53,52,0.0188679
15479,53,52,0.0188679
15480,53,52,0.0188679
15481,53,52,0.0188679
15481,53,52,0.0188679
15482,53,52,0.0188679
15483,53,52,0.0188679
15484,53,52,0.0188679
15485,53,52,0.0188679
15488,53,52,0.0188679
15489,53,52,0.0188679
15490,53,52,0.0188679
15491,53,52,0.0188679
15492,53,52,0.0188679
15493,53,52,0.0188679
15493,53,52,0.0188679
15494,53,52,0.0188679
15495,53,52,0.0188679
15495,53,52,0.0188679
15496,53,52,0.0188679
15497,53,52,0.0188679
15497,53,52,0.0188679
15498,53,52,0.0188679
15498,53,52,0.0188679
15499,53,52,0.0188679
15500,53,52,0.0188679
15500,53,52,0.0188679
15501,53,52,0.0188679
15502,53,52,0.0188679
15502,53,52,0.0188679
15504,53,52,0.0188679
15504,53,52,0.0188679
15505,53,52,0.0188679
15506,53,52,0.0188679
15507,53,52,0.0188679
15507,53,52,0.0188679
15508,53,52,0.0188679
15509,53,52,0.0188679
15510,53,52,0.0188679
15511,53,52,0.0188679
15511,53,52,0.0188679
15512,53,52,0.0188679
15513,53,52,0.0188679
15514,53,52,0.0188679
15515,53,52,0.0188679
15516,53,52,0.0188679
15517,53,52,0.0188679
15518,53,52,0.0188679
15519,53,52,0.0188679
15520,53,52,0.0188679
15522,53,52,0.0188679
15523,53,52,0.0188679
15524,53,52,0.0188679
15525,53,52,0.0188679
15526,53,52,0.0188679
15527,53,52,0.0188679
15528,53,52,0.0188679
15529,53,52,0.0188679
15530,53,52,0.0188679
15531,53,52,0.0188679
15532,53,52,0.0188679
15532,53,52,0.0188679
15533,53,52,0.0188679
15534,53,52,0.0188679
15535,53,52,0.0188679
15535,53,52,0.0188679
15536,53,52,0.0188679
15538,53,52,0.0188679
15540,53,52,0.0188679
15541,53,52,0.0188679
15542,53,52,0.0188679
15543,53,52,0.0188679
15544,53,52,0.0188679
15545,53,52,0.0188679
15545,53,52,0.0188679
15546,53,52,0.0188679
15546,53,52,0.0188679
15547,53,52,0.0188679
15548,53,52,0.0188679
15548,53,52,0.0188679
15549,53,52,0.0188679
15550,53,52,0.0188679
15551,53,52,0.0188679
15552,53,52,0.0188679
15553,53,52,0.0188679
15554,53,52,0.0188679
15557,53,52,0.0188679
15558,53,52,0.0188679
15558,53,52,0.0188679
15560,53,52,0.0188679
15560,53,52,0.0188679
15561,53,52,0.0188679
15562,53,52,0.0188679
15562,53,52,0.0188679
15563,53,52,0.0188679
15564,53,52,0.0188679
15564,53,52,0.0188679
15565,53,52,0.0188679
15566,53,52,0.0188679
15567,53,52,0.0188679
15568,53,52,0.0188679
15568,53,52,0.0188679
15569,53,52,0.0188679
15570,53,52,0.0188679
15571,53,52,0.0188679
15572,53,52,0.0188679
15573,53,52,0.0188679
15574,53,52,0.0188679
15575,53,52,0.0188679
15576,53,52,0.0188679
15577,53,52,0.0188679
15579,53,52,0.0188679
15581,53,52,0.0188679
15582,53,52,0.0188679
15583,53,52,0.0188679
15584,53,52,0.0188679
15586,53,52,0.0188679
15586,53,52,0.0188679
15587,53,52,0.0188679
15590,53,52,0.0188679
15592,53,52,0.0188679
15592,53,52,0.0188679
15593,53,52,0.0188679
15594,53,52,0.0188679
15594,53,52,0.0188679
15595,53,52,0.0188679
15597,53,52,0.0188679
15598,53,52,0.0188679
15599,53,52,0.0188679
15600,53,52,0.0188679
15601,53,52,0.0188679
15602,53,52,0.0188679
15603,53,52,0.0188679
15605,53,52,0.0188679
15605,53,52,0.0188679
15606,53,52,0.0188679
15607,53,52,0.0188679
15608,53,52,0.0188679
15609,53,52,0.0188679
15611,53,52,0.0188679
15612,53,52,0.0188679
15613,53,52,0.0188679
15614,53,52,0.0188679
15616,53,52,0.0188679
15617,53,52,0.0188679
15617,53,52,0.0188679
15620,53,52,0.0188679
15623,53,52,0.0188679
15624,53,52,0.0188679
15625,53,52,0.0188679
15626,53,52,0.0188679
15628,53,52,0.0188679
15629,53,52,0.0188679
15629,53,52,0.0188679
15630,53,52,0.0188679
15631,53,52,0.0188679
15631,53,52,0.0188679
15633,53,52,0.0188679
15635,53,52,0.0188679
15636,53,52,0.0188679
15637,53,52,0.0188679
15638,53,52,0.0188679
15639,53,52,0.0188679
15641,53,52,0.0188679
15642,53,52,0.0188679
15643,53,52,0.0188679
15644,53,52,0.0188679
15646,53,52,0.0188679
15647,53,52,0.0188679
15648,53,52,0.0188679
15649,53,52,0.0188679
15651,53,52,0.0188679
15652,53,52,0.0188679
15654,53,52,0.0188679
15656,53,52,0.0188679
15657,53,52,0.0188679
15658,53,52,0.0188679
15658,53,52,0.0188679
15659,53,52,0.0188679
15660,53,52,0.0188679
15661,53,52,0.0188679
15662,53,52,0.0188679
15662,53,52,0.0188679
15663,53,52,0.0188679
15664,53,52,0.0188679
15665,53,52,0.0188679
15665,53,52,0.0188679
15666,53,52,0.0188679
15667,53,52,0.0188679
15667,53,52,0.0188679
15669,53,52,0.0188679
15670,53,52,0.0188679
15671,53,52,0.0188679
15673,53,52,0.0188679
15674,53,52,0.0188679
15675,53,52,0.0188679
15677,53,52,0.0188679
15679,53,52,0.0188679
15679,53,52,0.0188679
15681,53,52,0.0188679
15682,53,52,0.0188679
15684,53,52,0.0188679
15685,53,52,0.0188679
15687,53,52,0.0188679
15688,53,52,0.0188679
15689,53,52,0.0188679
15690,53,52,0.0188679
15691,53,52,0.0188679
15692,53,52,0.0188679
15693,53,52,0.0188679
15694,53,52,0.0188679
15696,53,52,0.0188679
15697,53,52,0.0188679
15697,53,52,0.0188679
15698,53,52,0.0188679
15699,53,52,0.0188679
15700,53,52,0.0188679
15700,53,52,0.0188679
15701,53,52,0.0188679
15702,53,52,0.0188679
15703,53,52,0.0188679
15704,53,52,0.0188679
15705,53,52,0.0188679
15707,53,52,0.0188679
15709,53,52,0.0188679
15709,53,52,0.0188679
15710,53,52,0.0188679
15711,53,52,0.0188679
15712,53,52,0.0188679
15712,53,52,0.0188679
15713,53,52,0.0188679
15714,53,52,0.0188679
15715,53,52,0.0188679
15716,53,52,0.0188679
15717,53,52,0.0188679
15718,53,52,0.0188679
15719,53,52,0.0188679
15720,53,52,0.0188679
15721,53,52,0.0188679
15722,53,52,0.0188679
15722,53,52,0.0188679
15723,53,52,0.0188679
15724,53,52,0.0188679
15724,53,52,0.0188679
15725,53,52,0.0188679
15726,53,52,0.0188679
15726,53,52,0.0188679
15727,53,52,0.0188679
15727,53,52,0.0188679
15729,53,52,0.0188679
15730,53,52,0.0188679
15730,53,52,0.0188679
15731,53,52,0.0188679
15732,53,52,0.0188679
15732,53,52,0.0188679
15733,53,52,0.0188679
15734,53,52,0.0188679
15734,53,52,0.0188679
15735,53,52,0.0188679
15736,53,52,0.0188679
15736,53,52,0.0188679
15737,53,52,0.0188679
15738,53,52,0.0188679
15739,53,52,0.0188679
15740,53,52,0.0188679
15741,53,52,0.0188679
15742,53,52,0.0188679
15743,53,52,0.0188679
15744,53,52,0.0188679
15745,53,52,0.0188679
15745,53,52,0.0188679
15746,53,52,0.0188679
15747,53,52,0.0188679
15748,53,52,0.0188679
15748,53,52,0.0188679
15750,53,52,0.0188679
15750,53,52,0.0188679
15752,53,52,0.0188679
15755,53,52,0.0188679
15756,53,52,0.0188679
15756,53,52,0.0188679
15757,53,52,0.0188679
15758,53,52,0.0188679
15759,53,52,0.0188679
15760,53,52,0.0188679
15761,53,52,0.0188679
15762,53,52,0.0188679
15762,53,52,0.0188679
15763,53,52,0.0188679
15764,53,52,0.0188679
15765,53,52,0.0188679
15765,53,52,0.0188679
15766,53,52,0.0188679
15767,53,52,0.0188679
15768,53,52,0.0188679
15768,53,52,0.0188679
15769,53,52,0.0188679
15770,53,52,0.0188679
15771,53,52,0.0188679
15772,53,52,0.0188679
15772,53,52,0.0188679
15773,53,52,0.0188679
15774,53,52,0.0188679
15775,53,52,0.0188679
15776,53,52,0.0188679
15776,53,52,0.0188679
15777,53,52,0.0188679
15779,53,52,0.0188679
15780,53,52,0.0188679
15781,53,52,0.0188679
15782,53,52,0.0188679
15785,53,52,0.0188679
15786,53,52,0.0188679
15788,53,52,0.0188679
15791,53,52,0.0188679
15792,53,52,0.0188679
15793,53,52,0.0188679
15793,53,52,0.0188679
15794,53,52,0.0188679
15795,53,52,0.0188679
15797,53,52,0.0188679
15798,53,52,0.0188679
15799,53,52,0.0188679
15800,53,52,0.0188679
15801,53,52,0.0188679
15803,53,52,0.0188679
15805,53,52,0.0188679
15806,53,52,0.0188679
15807,53,52,0.0188679
15808,53,52,0.0188679
15808,53,52,0.0188679
15809,53,52,0.0188679
15810,53,52,0.0188679
15811,53,52,0.0188679
15811,53,52,0.0188679
15812,53,52,0.0188679
15813,53,52,0.0188679
15814,53,52,0.0188679
15814,53,52,0.0188679
15816,53,52,0.0188679
15817,53,52,0.0188679
15817,53,52,0.0188679
15818,53,52,0.0188679
15819,53,52,0.0188679
15820,53,52,0.0188679
15821,53,52,0.0188679
15823,53,52,0.0188679
15823,53,52,0.0188679
15826,53,52,0.0188679
15826,53,52,0.0188679
15827,53,52,0.0188679
15828,53,52,0.0188679
15829,53,52,0.0188679
15830,53,52,0.0188679
15831,53,52,0.0188679
15832,53,52,0.0188679
15832,53,52,0.0188679
15833,53,52,0.0188679
15835,53,52,0.0188679
15835,53,52,0.0188679
15836,53,52,0.0188679
15837,53,52,0.0188679
15838,53,52,0.0188679
15839,53,52,0.0188679
15839,53,52,0.0188679
15840,53,52,0.0188679
15841,53,52,0.0188679
15842,53,52,0.0188679
15842,53,52,0.0188679
15843,53,52,0.0188679
15843,53,52,0.0188679
15844,53,52,0.0188679
15845,53,52,0.0188679
15847,53,52,0.0188679
15848,53,52,0.0188679
15848,53,52,0.0188679
15849,53,52,0.0188679
15851,53,52,0.0188679
15851,53,52,0.0188679
15852,53,52,0.0188679
15853,53,52,0.0188679
15854,53,52,0.0188679
15854,53,52,0.0188679
15855,53,52,0.0188679
15856,53,52,0.0188679
15857,53,52,0.0188679
15858,53,52,0.0188679
15858,53,52,0.0188679
15861,53,52,0.0188679
15861,53,52,0.0188679
15863,53,52,0.0188679
15863,53,52,0.0188679
15864,53,52,0.0188679
15865,53,52,0.0188679
15865,53,52,0.0188679
15866,53,52,0.0188679
15868,53,52,0.0188679
15869,53,52,0.0188679
15870,53,52,0.0188679
15872,53,52,0.0188679
15873,53,52,0.0188679
15873,53,52,0.0188679
15874,53,52,0.0188679
15875,53,52,0.0188679
15875,53,52,0.0188679
15876,53,52,0.0188679
15877,53,52,0.0188679
15877,53,52,0.0188679
15878,53,52,0.0188679
15879,53,52,0.0188679
15879,53,52,0.0188679
15880,53,52,0.0188679
15881,53,52,0.0188679
15881,53,52,0.0188679
15882,53,52,0.0188679
15883,53,52,0.0188679
15884,53,52,0.0188679
15885,53,52,0.0188679
15887,53,52,0.0188679
15888,53,52,0.0188679
15889,53,52,0.0188679
15890,53,52,0.0188679
15891,53,52,0.0188679
15892,53,52,0.0188679
15892,53,52,0.0188679
15893,53,52,0.0188679
15894,53,52,0.0188679
15895,53,52,0.0188679
15896,53,52,0.0188679
15896,53,52,0.0188679
15897,53,52,0.0188679
15898,53,52,0.0188679
15899,53,52,0.0188679
15900,53,52,0.0188679
15900,53,52,0.0188679
15901,53,52,0.0188679
15902,53,52,0.0188679
15903,53,52,0.0188679
15904,53,52,0.0188679
15904,53,52,0.0188679
15906,53,52,0.0188679
15907,53,52,0.0188679
15909,53,52,0.0188679
15909,53,52,0.0188679
15910,53,52,0.0188679
15911,53,52,0.0188679
15912,53,52,0.0188679
15912,53,52,0.0188679
15913,53,52,0.0188679
15914,53,52,0.0188679
15914,53,52,0.0188679
15915,53,52,0.0188679
15916,53,52,0.0188679
15917,53,52,0.0188679
15917,53,52,0.0188679
15918,53,52,0.0188679
15919,53,52,0.0188679
15919,53,52,0.0188679
15920,53,52,0.0188679
15922,53,52,0.0188679
15923,53,52,0.0188679
15924,53,52,0.0188679
15924,53,52,0.0188679
15926,53,52,0.0188679
15927,53,52,0.0188679
15928,53,52,0.0188679
15928,53,52,0.0188679
15929,53,52,0.0188679
15930,53,52,0.0188679
15930,53,52,0.0188679
15931,53,52,0.0188679
15932,53,52,0.0188679
15933,53,52,0.0188679
15934,53,52,0.0188679
15935,53,52,0.0188679
15936,53,52,0.0188679
15937,53,52,0.0188679
15937,53,52,0.0188679
15938,53,52,0.0188679
15939,53,52,0.0188679
15940,53,52,0.0188679
15941,53,52,0.0188679
15942,53,52,0.0188679
15943,53,52,0.0188679
15944,53,52,0.0188679
15945,53,52,0.0188679
15946,53,52,0.0188679
15947,53,52,0.0188679
15948,53,52,0.0188679
15948,53,52,0.0188679
15949,53,52,0.0188679
15950,53,52,0.0188679
15951,53,52,0.0188679
15952,53,52,0.0188679
15953,53,52,0.0188679
15954,53,52,0.0188679
15954,53,52,0.0188679
15955,53,52,0.0188679
15957,53,52,0.0188679
15958,53,52,0.0188679
15959,53,52,0.0188679
15960,53,52,0.0188679
15961,53,52,0.0188679
15962,53,52,0.0188679
15963,53,52,0.0188679
15965,53,52,0.0188679
15966,53,52,0.0188679
15967,53,52,0.0188679
15968,53,52,0.0188679
15969,53,52,0.0188679
15970,53,52,0.0188679
15970,53,52,0.0188679
15972,53,52,0.0188679
15973,53,52,0.0188679
15974,53,52,0.0188679
15974,53,52,0.0188679
15976,53,52,0.0188679
15976,53,52,0.0188679
15977,53,52,0.0188679
15978,53,52,0.0188679
15979,53,52,0.0188679
15979,53,52,0.0188679
15980,53,52,0.0188679
15980,53,52,0.0188679
15982,53,52,0.0188679
15982,53,52,0.0188679
15983,53,52,0.0188679
15984,53,52,0.0188679
15985,53,52,0.0188679
15987,53,52,0.0188679
15987,53,52,0.0188679
15988,53,52,0.0188679
15990,53,52,0.0188679
15991,53,52,0.0188679
15992,53,52,0.0188679
15992,53,52,0.0188679
15993,53,52,0.0188679
15994,53,52,0.0188679
15995,53,52,0.0188679
15996,53,52,0.0188679
15996,53,52,0.0188679
15997,53,52,0.0188679
15998,53,52,0.0188679
15999,53,52,0.0188679
16001,53,52,0.0188679
16002,53,52,0.0188679
16004,53,52,0.0188679
16005,53,52,0.0188679
16005,53,52,0.0188679
16006,53,52,0.0188679
16007,53,52,0.0188679
16008,53,52,0.0188679
16008,53,52,0.0188679
16009,53,52,0.0188679
16011,53,52,0.0188679
16012,53,52,0.0188679
16013,53,52,0.0188679
16014,53,52,0.0188679
16015,53,52,0.0188679
16016,53,52,0.0188679
16017,53,52,0.0188679
16018,53,52,0.0188679
16018,53,52,0.0188679
16020,53,52,0.0188679
16021,53,52,0.0188679
16022,53,52,0.0188679
16023,53,52,0.0188679
16024,53,52,0.0188679
16024,53,52,0.0188679
16025,53,52,0.0188679
16026,53,52,0.0188679
16027,53,52,0.0188679
16027,53,52,0.0188679
16028,53,52,0.0188679
16028,53,52,0.0188679
16030,53,52,0.0188679
16030,53,52,0.0188679
16032,53,52,0.0188679
16033,53,52,0.0188679
16033,53,52,0.0188679
16034,53,52,0.0188679
16036,53,52,0.0188679
16037,53,52,0.0188679
16038,53,52,0.0188679
16039,53,52,0.0188679
16040,53,52,0.0188679
16042,53,52,0.0188679
16043,53,52,0.0188679
16044,53,52,0.0188679
16045,53,52,0.0188679
16046,53,52,0.0188679
16046,53,52,0.0188679
16048,53,52,0.0188679
16049,53,52,0.0188679
16051,53,52,0.0188679
16052,53,52,0.0188679
16053,53,52,0.0188679
16054,53,52,0.0188679
16055,53,52,0.0188679
16056,53,52,0.0188679
16058,53,52,0.0188679
16060,53,52,0.0188679
16062,53,52,0.0188679
16062,53,52,0.0188679
16064,53,52,0.0188679
16065,53,52,0.0188679
16066,53,52,0.0188679
16066,53,52,0.0188679
16068,53,52,0.0188679
16068,53,52,0.0188679
16070,53,52,0.0188679
16071,53,52,0.0188679
16072,53,52,0.0188679
16073,53,52,0.0188679
16075,53,52,0.0188679
16076,53,52,0.0188679
16078,53,52,0.0188679
16080,53,52,0.0188679
16081,53,52,0.0188679
16082,53,52,0.0188679
16083,53,52,0.0188679
16085,53,52,0.0188679
16086,53,52,0.0188679
16087,53,52,0.0188679
16088,53,52,0.0188679
16090,53,52,0.0188679
16090,53,52,0.0188679
16092,53,52,0.0188679
16093,53,52,0.0188679
16095,53,52,0.0188679
16097,53,52,0.0188679
16099,53,52,0.0188679
16100,53,52,0.0188679
16103,53,52,0.0188679
16105,53,52,0.0188679
16108,53,52,0.0188679
16110,53,52,0.0188679
16110,53,52,0.0188679
16111,53,52,0.0188679
16112,53,52,0.0188679
16113,53,52,0.0188679
16115,53,52,0.0188679
16116,53,52,0.0188679
16121,53,52,0.0188679
16124,53,52,0.0188679
16126,53,52,0.0188679
16128,53,52,0.0188679
16130,53,52,0.0188679
16132,53,52,0.0188679
16133,53,52,0.0188679
16134,53,52,0.0188679
16136,53,52,0.0188679
16138,53,52,0.0188679
16139,53,52,0.0188679
16141,53,52,0.0188679
16141,53,52,0.0188679
16142,53,52,0.0188679
16143,53,52,0.0188679
16145,53,52,0.0188679
16146,53,52,0.0188679
16147,53,52,0.0188679
16150,53,52,0.0188679
16150,53,52,0.0188679
16152,53,52,0.0188679
16154,53,52,0.0188679
16155,53,52,0.0188679
16156,53,52,0.0188679
16157,53,52,0.0188679
16157,53,52,0.0188679
16159,53,52,0.0188679
16160,53,52,0.0188679
16160,53,52,0.0188679
16161,53,52,0.0188679
16162,53,52,0.0188679
16163,53,52,0.0188679
16164,53,52,0.0188679
16165,53,52,0.0188679
16166,53,52,0.0188679
16167,53,52,0.0188679
16167,53,52,0.0188679
16169,53,52,0.0188679
16170,53,52,0.0188679
16171,53,52,0.0188679
16171,53,52,0.0188679
16173,53,52,0.0188679
16174,53,52,0.0188679
16175,53,52,0.0188679
16176,53,52,0.0188679
16177,53,52,0.0188679
16177,53,52,0.0188679
16178,53,52,0.0188679
16179,53,52,0.0188679
16179,53,52,0.0188679
16180,53,52,0.0188679
16181,53,52,0.0188679
16181,53,52,0.0188679
16182,53,52,0.0188679
16183,53,52,0.0188679
16184,53,52,0.0188679
16185,53,52,0.0188679
16185,53,52,0.0188679
16186,53,52,0.0188679
16187,53,52,0.0188679
16188,53,52,0.0188679
16188,53,52,0.0188679
16189,53,52,0.0188679
16190,53,52,0.0188679
16191,53,52,0.0188679
16191,53,52,0.0188679
16192,53,52,0.0188679
16193,53,52,0.0188679
16194,53,52,0.0188679
16195,53,52,0.0188679
16195,53,52,0.0188679
16196,53,52,0.0188679
16196,53,52,0.0188679
16197,53,52,0.0188679
16198,53,52,0.0188679
16198,53,52,0.0188679
16200,53,52,0.0188679
16200,53,52,0.0188679
16202,53,52,0.0188679
16203,53,52,0.0188679
16205,53,52,0.0188679
16206,53,52,0.0188679
16207,53,52,0.0188679
16208,53,52,0.0188679
16209,53,52,0.0188679
16210,53,52,0.0188679
16210,53,52,0.0188679
16212,53,52,0.0188679
16212,53,52,0.0188679
16213,53,52,0.0188679
16214,53,52,0.0188679
16215,53,52,0.0188679
16216,53,52,0.0188679
16216,53,52,0.0188679
16217,53,52,0.0188679
16218,53,52,0.0188679
16220,53,52,0.0188679
16220,53,52,0.0188679
16221,53,52,0.0188679
16222,53,52,0.0188679
16223,53,52,0.0188679
16225,53,52,0.0188679
16226,53,52,0.0188679
16227,53,52,0.0188679
16228,53,52,0.0188679
16229,53,52,0.0188679
16229,53,52,0.0188679
16230,53,52,0.0188679
16231,53,52,0.0188679
16232,53,52,0.0188679
16233,53,52,0.0188679
16233,53,52,0.0188679
16234,53,52,0.0188679
16236,53,52,0.0188679
16237,53,52,0.0188679
16238,53,52,0.0188679
16238,53,52,0.0188679
16241,53,52,0.0188679
16241,53,52,0.0188679
16242,53,52,0.0188679
16243,53,52,0.0188679
16244,53,52,0.0188679
16245,53,52,0.0188679
16245,53,52,0.0188679
16246,53,52,0.0188679
16247,53,52,0.0188679
16248,53,52,0.0188679
16249,53,52,0.0188679
16250,53,52,0.0188679
16251,53,52,0.0188679
16252,53,52,0.0188679
16253,53,52,0.0188679
16254,53,52,0.0188679
16254,53,52,0.0188679
16255,53,52,0.0188679
16257,53,52,0.0188679
16258,53,52,0.0188679
16259,53,52,0.0188679
16259,53,52,0.0188679
16260,53,52,0.0188679
16261,53,52,0.0188679
16262,53,52,0.0188679
16263,53,52,0.0188679
16263,53,52,0.0188679
16264,53,52,0.0188679
16265,53,52,0.0188679
16267,53,52,0.0188679
16268,53,52,0.0188679
16269,53,52,0.0188679
16270,53,52,0.0188679
16270,53,52,0.0188679
16272,53,52,0.0188679
16273,53,52,0.0188679
16273,53,52,0.0188679
16275,53,52,0.0188679
16275,53,52,0.0188679
16276,53,52,0.0188679
16277,53,52,0.0188679
16278,53,52,0.0188679
16279,53,52,0.0188679
16280,53,52,0.0188679
16281,53,52,0.0188679
16282,53,52,0.0188679
16283,53,52,0.0188679
16284,53,52,0.0188679
16285,53,52,0.0188679
16290,53,52,0.0188679
16291,53,52,0.0188679
16291,53,52,0.0188679
16292,53,52,0.0188679
16293,53,52,0.0188679
16293,53,52,0.0188679
16294,53,52,0.0188679
16295,53,52,0.0188679
16296,53,52,0.0188679
16298,53,52,0.0188679
16300,53,52,0.0188679
16301,53,52,0.0188679
16303,53,52,0.0188679
16305,53,52,0.0188679
16307,53,52,0.0188679
16309,53,52,0.0188679
16311,53,52,0.0188679
16312,53,52,0.0188679
16316,53,52,0.0188679
16318,53,52,0.0188679
16320,53,52,0.0188679
16321,53,52,0.0188679
16323,53,52,0.0188679
16324,53,52,0.0188679
16324,53,52,0.0188679
16325,53,52,0.0188679
16326,53,52,0.0188679
16327,53,52,0.0188679
16327,53,52,0.0188679
16328,53,52,0.0188679
16329,53,52,0.0188679
16330,53,52,0.0188679
16331,53,52,0.0188679
16332,53,52,0.0188679
16333,53,52,0.0188679
16334,53,52,0.0188679
16336,53,52,0.0188679
16336,53,52,0.0188679
16337,53,52,0.0188679
16341,53,52,0.0188679
16343,53,52,0.0188679
16344,53,52,0.0188679
16346,53,52,0.0188679
16347,53,52,0.0188679
16348,53,52,0.0188679
16349,53,52,0.0188679
16350,53,52,0.0188679
16351,53,52,0.0188679
16351,53,52,0.0188679
16354,53,52,0.0188679
16357,53,52,0.0188679
16361,53,52,0.0188679
16363,53,52,0.0188679
16366,53,52,0.0188679
16371,53,52,0.0188679
16374,53,52,0.0188679
16375,53,52,0.0188679
16376,53,52,0.0188679
16377,53,52,0.0188679
16378,53,52,0.0188679
16380,53,52,0.0188679
16380,53,52,0.0188679
16381,53,52,0.0188679
16382,53,52,0.0188679
16385,53,52,0.0188679
16387,53,52,0.0188679
16390,53,52,0.0188679
16391,53,52,0.0188679
16392,53,52,0.0188679
16396,53,52,0.0188679
16397,53,52,0.0188679
16398,53,52,0.0188679
16399,53,52,0.0188679
16401,53,52,0.0188679
16401,53,52,0.0188679
16403,53,52,0.0188679
16404,53,52,0.0188679
16405,53,52,0.0188679
16406,53,52,0.0188679
16407,53,52,0.0188679
16408,53,52,0.0188679
16408,53,52,0.0188679
16409,53,52,0.0188679
16414,53,52,0.0188679
16415,53,52,0.0188679
16416,53,52,0.0188679
16417,53,52,0.0188679
16418,53,52,0.0188679
16420,53,52,0.0188679
16421,53,52,0.0188679
16422,53,52,0.0188679
16423,53,52,0.0188679
16424,53,52,0.0188679
16426,53,52,0.0188679
16426,53,52,0.0188679
16427,53,52,0.0188679
16430,53,52,0.0188679
16432,53,52,0.0188679
16437,53,52,0.0188679
16439,53,52,0.0188679
16442,53,52,0.0188679
16443,53,52,0.0188679
16446,53,52,0.0188679
16447,53,52,0.0188679
16448,53,52,0.0188679
16449,53,52,0.0188679
16450,53,52,0.0188679
16452,53,52,0.0188679
16453,53,52,0.0188679
16453,53,52,0.0188679
16455,53,52,0.0188679
16456,53,52,0.0188679
16457,53,52,0.0188679
16458,53,52,0.0188679
16461,53,52,0.0188679
16462,53,52,0.0188679
16464,53,52,0.0188679
16464,53,52,0.0188679
16465,53,52,0.0188679
16466,53,52,0.0188679
16467,53,52,0.0188679
16469,53,52,0.0188679
16471,53,52,0.0188679
16472,53,52,0.0188679
16472,53,52,0.0188679
16473,53,52,0.0188679
16474,53,52,0.0188679
16474,53,52,0.0188679
16475,53,52,0.0188679
16476,53,52,0.0188679
16476,53,52,0.0188679
16477,53,52,0.0188679
16478,53,52,0.0188679
16479,53,52,0.0188679
16479,53,52,0.0188679
16481,53,52,0.0188679
16482,53,52,0.0188679
16482,53,52,0.0188679
16483,53,52,0.0188679
16484,53,52,0.0188679
16485,53,52,0.0188679
16486,53,52,0.0188679
16486,53,52,0.0188679
16487,53,52,0.0188679
16488,53,52,0.0188679
16490,53,52,0.0188679
16491,53,52,0.0188679
16491,53,52,0.0188679
16492,53,52,0.0188679
16493,53,52,0.0188679
16494,53,52,0.0188679
16496,53,52,0.0188679
16497,53,52,0.0188679
16498,53,52,0.0188679
16499,53,52,0.0188679
16500,53,52,0.0188679
16501,53,52,0.0188679
16503,53,52,0.0188679
16504,53,52,0.0188679
16506,53,52,0.0188679
16507,53,52,0.0188679
16507,53,52,0.0188679
16508,53,52,0.0188679
16509,53,52,0.0188679
16509,53,52,0.0188679
16510,53,52,0.0188679
16511,53,52,0.0188679
16511,53,52,0.0188679
16512,53,52,0.0188679
16513,53,52,0.0188679
16514,53,52,0.0188679
16515,53,52,0.0188679
16516,53,52,0.0188679
16517,53,52,0.0188679
16519,53,52,0.0188679
16520,53,52,0.0188679
16522,53,52,0.0188679
16523,53,52,0.0188679
16524,53,52,0.0188679
16525,53,52,0.0188679
16525,53,52,0.0188679
16526,53,52,0.0188679
16527,53,52,0.0188679
16527,53,52,0.0188679
16528,53,52,0.0188679
16531,53,52,0.0188679
16532,53,52,0.0188679
16533,53,52,0.0188679
16534,53,52,0.0188679
16535,53,52,0.0188679
16536,53,52,0.0188679
16537,53,52,0.0188679
16540,53,52,0.0188679
16542,53,52,0.0188679
16543,53,52,0.0188679
16544,53,52,0.0188679
16546,53,52,0.0188679
16546,53,52,0.0188679
16547,53,52,0.0188679
16549,53,52,0.0188679
16550,53,52,0.0188679
16552,53,52,0.0188679
16554,53,52,0.0188679
16554,53,52,0.0188679
16555,53,52,0.0188679
16555,53,52,0.0188679
16557,53,52,0.0188679
16557,53,52,0.0188679
16558,53,52,0.0188679
16559,53,52,0.0188679
16560,53,52,0.0188679
16561,53,52,0.0188679
16563,53,52,0.0188679
16565,53,52,0.0188679
16567,53,52,0.0188679
16570,53,52,0.0188679
16571,53,52,0.0188679
16572,53,52,0.0188679
16574,53,52,0.0188679
16575,53,52,0.0188679
16576,53,52,0.0188679
16577,53,52,0.0188679
16579,53,52,0.0188679
16580,53,52,0.0188679
16581,53,52,0.0188679
16584,53,52,0.0188679
16585,53,52,0.0188679
16585,53,52,0.0188679
16586,53,52,0.0188679
16587,53,52,0.0188679
16588,53,52,0.0188679
16589,53,52,0.0188679
16590,53,52,0.0188679
16591,53,52,0.0188679
16591,53,52,0.0188679
16593,53,52,0.0188679
16594,53,52,0.0188679
16595,53,52,0.0188679
16596,53,52,0.0188679
16596,53,52,0.0188679
16597,53,52,0.0188679
16598,53,52,0.0188679
16599,53,52,0.0188679
16600,53,52,0.0188679
16602,53,52,0.0188679
16604,53,52,0.0188679
16607,53,52,0.0188679
16609,53,52,0.0188679
16610,53,52,0.0188679
16610,53,52,0.0188679
16612,53,52,0.0188679
16613,53,52,0.0188679
16614,53,52,0.0188679
16615,53,52,0.0188679
16615,53,52,0.0188679
16617,53,52,0.0188679
16618,53,52,0.0188679
16620,53,52,0.0188679
16622,53,52,0.0188679
16623,53,52,0.0188679
16625,53,52,0.0188679
16625,53,52,0.0188679
16626,53,52,0.0188679
16627,53,52,0.0188679
16628,53,52,0.0188679
16629,53,52,0.0188679
16630,53,52,0.0188679
16632,53,52,0.0188679
16633,53,52,0.0188679
16635,53,52,0.0188679
16636,53,52,0.0188679
16639,53,52,0.0188679
16640,53,52,0.0188679
16641,53,52,0.0188679
16642,53,52,0.0188679
16645,53,52,0.0188679
16646,53,52,0.0188679
16648,53,52,0.0188679
16649,53,52,0.0188679
16650,53,52,0.0188679
16652,53,52,0.0188679
16658,53,52,0.0188679
16661,53,52,0.0188679
16663,53,52,0.0188679
16665,53,52,0.0188679
16666,53,52,0.0188679
16667,53,52,0.0188679
16668,53,52,0.0188679
16670,53,52,0.0188679
16671,53,52,0.0188679
16672,53,52,0.0188679
16672,53,52,0.0188679
16674,53,52,0.0188679
16675,53,52,0.0188679
16676,53,52,0.0188679
16678,53,52,0.0188679
16681,53,52,0.0188679
16682,53,52,0.0188679
16683,53,52,0.0188679
16684,53,52,0.0188679
16686,53,52,0.0188679
16687,53,52,0.0188679
16689,53,52,0.0188679
16691,53,52,0.0188679
16692,53,52,0.0188679
16694,53,52,0.0188679
16696,53,52,0.0188679
16698,53,52,0.0188679
16699,53,52,0.0188679
16699,53,52,0.0188679
16700,53,52,0.0188679
16702,53,52,0.0188679
16703,53,52,0.0188679
16704,53,52,0.0188679
16706,53,52,0.0188679
16707,53,52,0.0188679
16708,53,52,0.0188679
16709,53,52,0.0188679
16709,53,52,0.0188679
16711,53,52,0.0188679
16712,53,52,0.0188679
16713,53,52,0.0188679
16714,53,52,0.0188679
16715,53,52,0.0188679
16718,53,52,0.0188679
16719,53,52,0.0188679
16720,53,52,0.0188679
16721,53,52,0.0188679
16722,53,52,0.0188679
16723,53,52,0.0188679
16724,53,52,0.0188679
16725,53,52,0.0188679
16726,53,52,0.0188679
16726,53,52,0.0188679
16727,53,52,0.0188679
16730,53,52,0.0188679
16733,53,52,0.0188679
16734,53,52,0.0188679
16736,53,52,0.0188679
16737,53,52,0.0188679
16741,53,52,0.0188679
16741,53,52,0.0188679
16742,53,52,0.0188679
16744,53,52,0.0188679
16744,53,52,0.0188679
16745,53,52,0.0188679
16746,53,52,0.0188679
16749,53,52,0.0188679
16750,53,52,0.0188679
16752,53,52,0.0188679
16753,53,52,0.0188679
16754,53,52,0.0188679
16756,53,52,0.0188679
16757,53,52,0.0188679
16758,53,52,0.0188679
16760,53,52,0.0188679
16761,53,52,0.0188679
16763,53,52,0.0188679
16766,53,52,0.0188679
16767,53,52,0.0188679
16768,53,52,0.0188679
16769,53,52,0.0188679
16772,53,52,0.0188679
16773,53,52,0.0188679
16773,53,52,0.0188679
16774,53,52,0.0188679
16776,53,52,0.0188679
16776,53,52,0.0188679
16777,53,52,0.0188679
16777,53,52,0.0188679
16778,53,52,0.0188679
16780,53,52,0.0188679
16780,53,52,0.0188679
16783,53,52,0.0188679
16784,53,52,0.0188679
16786,53,52,0.0188679
16787,53,52,0.0188679
16788,53,52,0.0188679
16789,53,52,0.0188679
16791,53,52,0.0188679
16793,53,52,0.0188679
16793,53,52,0.0188679
16794,53,52,0.0188679
16795,53,52,0.0188679
16796,53,52,0.0188679
16797,53,52,0.0188679
16798,53,52,0.0188679
16799,53,52,0.0188679
16799,53,52,0.0188679
16800,53,52,0.0188679
16801,53,52,0.0188679
16803,53,52,0.0188679
16805,53,52,0.0188679
16805,53,52,0.0188679
16807,53,52,0.0188679
16807,53,52,0.0188679
16808,53,52,0.0188679
16809,53,52,0.0188679
16810,53,52,0.0188679
16813,53,52,0.0188679
16814,53,52,0.0188679
16814,53,52,0.0188679
16815,53,52,0.0188679
16816,53,52,0.0188679
16817,53,52,0.0188679
16818,53,52,0.0188679
16820,53,52,0.0188679
16823,53,52,0.0188679
16826,53,52,0.0188679
16827,53,52,0.0188679
16830,53,52,0.0188679
16833,53,52,0.0188679
16835,53,52,0.0188679
16837,53,52,0.0188679
16839,53,52,0.0188679
16840,53,52,0.0188679
16841,53,52,0.0188679
16842,53,52,0.0188679
16845,53,52,0.0188679
16845,53,52,0.0188679
16846,53,52,0.0188679
16847,53,52,0.0188679
16848,53,52,0.0188679
16849,53,52,0.0188679
16849,53,52,0.0188679
16850,53,52,0.0188679
16853,53,52,0.0188679
16855,53,52,0.0188679
16856,53,52,0.0188679
16857,53,52,0.0188679
16858,53,52,0.0188679
16859,53,52,0.0188679
16860,53,52,0.0188679
16860,53,52,0.0188679
16861,53,52,0.0188679
16862,53,52,0.0188679
16865,53,52,0.0188679
16865,53,52,0.0188679
16866,53,52,0.0188679
16867,53,52,0.0188679
16872,53,52,0.0188679
16873,53,52,0.0188679
16874,53,52,0.0188679
16875,53,52,0.0188679
16876,53,52,0.0188679
16878,53,52,0.0188679
16882,53,52,0.0188679
16885,53,52,0.0188679
16889,53,52,0.0188679
16889,53,52,0.0188679
16890,53,52,0.0188679
16891,53,52,0.0188679
16891,53,52,0.0188679
16894,53,52,0.0188679
16894,53,52,0.0188679
16897,53,52,0.0188679
16900,53,52,0.0188679
16901,53,52,0.0188679
16902,53,52,0.0188679
16905,53,52,0.0188679
16906,53,52,0.0188679
16907,53,52,0.0188679
16908,53,52,0.0188679
16909,53,52,0.0188679
16909,53,52,0.0188679
16911,53,52,0.0188679
16912,53,52,0.0188679
16914,53,52,0.0188679
16915,53,52,0.0188679
16915,53,52,0.0188679
16916,53,52,0.0188679
16917,53,52,0.0188679
16918,53,52,0.0188679
16921,53,52,0.0188679
16921,53,52,0.0188679
16922,53,52,0.0188679
16924,53,52,0.0188679
16925,53,52,0.0188679
16927,53,52,0.0188679
16928,53,52,0.0188679
16929,53,52,0.0188679
16931,53,52,0.0188679
16932,53,52,0.0188679
16935,53,52,0.0188679
16935,53,52,0.0188679
16937,53,52,0.0188679
16939,53,52,0.0188679
16939,53,52,0.0188679
16942,53,52,0.0188679
16943,53,52,0.0188679
16945,53,52,0.0188679
16947,53,52,0.0188679
16949,53,52,0.0188679
16951,53,52,0.0188679
16952,53,52,0.0188679
16953,53,52,0.0188679
16954,53,52,0.0188679
16955,53,52,0.0188679
16956,53,52,0.0188679
16956,53,52,0.0188679
16958,53,52,0.0188679
16958,53,52,0.0188679
16959,53,52,0.0188679
16960,53,52,0.0188679
16960,53,52,0.0188679
16962,53,52,0.0188679
16963,53,52,0.0188679
16966,53,52,0.0188679
16971,53,52,0.0188679
16973,53,52,0.0188679
16974,53,52,0.0188679
16976,53,52,0.0188679
16977,53,52,0.0188679
16977,53,52,0.0188679
16978,53,52,0.0188679
16980,53,52,0.0188679
16982,53,52,0.0188679
16982,53,52,0.0188679
16983,53,52,0.0188679
16984,53,52,0.0188679
16987,53,52,0.0188679
16991,53,52,0.0188679
16993,53,52,0.0188679
16995,53,52,0.0188679
16996,53,52,0.0188679
16997,53,52,0.0188679
16998,53,52,0.0188679
16999,53,52,0.0188679
17000,53,52,0.0188679
17001,53,52,0.0188679
17002,53,52,0.0188679
17004,53,52,0.0188679
17005,53,52,0.0188679
17005,53,52,0.0188679
17006,53,52,0.0188679
17007,53,52,0.0188679
17008,53,52,0.0188679
17009,53,52,0.0188679
17009,53,52,0.0188679
17011,53,52,0.0188679
17012,53,52,0.0188679
17013,53,52,0.0188679
17018,53,52,0.0188679
17022,53,52,0.0188679
17024,53,52,0.0188679
17025,53,52,0.0188679
17026,53,52,0.0188679
17027,53,52,0.0188679
17028,53,52,0.0188679
17030,53,52,0.0188679
17032,53,52,0.0188679
17032,53,52,0.0188679
17035,53,52,0.0188679
17037,53,52,0.0188679
17037,53,52,0.0188679
17039,53,52,0.0188679
17040,53,52,0.0188679
17042,53,52,0.0188679
17043,53,52,0.0188679
17043,53,52,0.0188679
17044,53,52,0.0188679
17044,53,52,0.0188679
17046,53,52,0.0188679
17047,53,52,0.0188679
17048,53,52,0.0188679
17051,53,52,0.0188679
17053,53,52,0.0188679
17053,53,52,0.0188679
17054,53,52,0.0188679
17056,53,52,0.0188679
17057,53,52,0.0188679
17060,53,52,0.0188679
17063,53,52,0.0188679
17066,53,52,0.0188679
17066,53,52,0.0188679
17067,53,52,0.0188679
17069,53,52,0.0188679
17069,53,52,0.0188679
17070,53,52,0.0188679
17072,53,52,0.0188679
17074,53,52,0.0188679
17075,53,52,0.0188679
17076,53,52,0.0188679
17077,53,52,0.0188679
17078,53,52,0.0188679
17078,53,52,0.0188679
17079,53,52,0.0188679
17080,53,52,0.0188679
17080,53,52,0.0188679
17081,53,52,0.0188679
17084,53,52,0.0188679
17087,53,52,0.0188679
17088,53,52,0.0188679
17088,53,52,0.0188679
17089,53,52,0.0188679
17090,53,52,0.0188679
17093,53,52,0.0188679
17094,53,52,0.0188679
17094,53,52,0.0188679
17095,53,52,0.0188679
17096,53,52,0.0188679
17098,53,52,0.0188679
17100,53,52,0.0188679
17103,53,52,0.0188679
17105,53,52,0.0188679
17106,53,52,0.0188679
17107,53,52,0.0188679
17108,53,52,0.0188679
17108,53,52,0.0188679
17109,53,52,0.0188679
17110,53,52,0.0188679
17110,53,52,0.0188679
17111,53,52,0.0188679
17112,53,52,0.0188679
17113,53,52,0.0188679
17114,53,52,0.0188679
17114,53,52,0.0188679
17115,53,52,0.0188679
17116,53,52,0.0188679
17116,53,52,0.0188679
17117,53,52,0.0188679
17118,53,52,0.0188679
17121,53,52,0.0188679
17122,53,52,0.0188679
17124,53,52,0.0188679
17125,53,52,0.0188679
17127,53,52,0.0188679
17132,53,52,0.0188679
17132,53,52,0.0188679
17133,53,52,0.0188679
17136,53,52,0.0188679
17137,53,52,0.0188679
17138,53,52,0.0188679
17138,53,52,0.0188679
17142,53,52,0.0188679
17144,53,52,0.0188679
17145,53,52,0.0188679
17149,53,52,0.0188679
17152,53,52,0.0188679
17152,53,52,0.0188679
17154,53,52,0.0188679
17156,53,52,0.0188679
17159,53,52,0.0188679
17162,53,52,0.0188679
17164,53,52,0.0188679
17165,53,52,0.0188679
17166,53,52,0.0188679
17167,53,52,0.0188679
17170,53,52,0.0188679
17173,53,52,0.0188679
17174,53,52,0.0188679
17177,53,52,0.0188679
17179,53,52,0.0188679
17181,53,52,0.0188679
17184,53,52,0.0188679
17185,53,52,0.0188679
17186,53,52,0.0188679
17187,53,52,0.0188679
17187,53,52,0.0188679
17188,53,52,0.0188679
17189,53,52,0.0188679
17190,53,52,0.0188679
17191,53,52,0.0188679
17192,53,52,0.0188679
17192,53,52,0.0188679
17193,53,52,0.0188679
17194,53,52,0.0188679
17195,53,52,0.0188679
17196,53,52,0.0188679
17197,53,52,0.0188679
17197,53,52,0.0188679
17198,53,52,0.0188679
17199,53,52,0.0188679
17199,53,52,0.0188679
17200,53,52,0.0188679
17201,53,52,0.0188679
17201,53,52,0.0188679
17202,53,52,0.0188679
17203,53,52,0.0188679
17204,53,52,0.0188679
17205,53,52,0.0188679
17205,53,52,0.0188679
17206,53,52,0.0188679
17206,53,52,0.0188679
17207,53,52,0.0188679
17208,53,52,0.0188679
17209,53,52,0.0188679
17210,53,52,0.0188679
17211,53,52,0.0188679
17211,53,52,0.0188679
17212,53,52,0.0188679
17213,53,52,0.0188679
17213,53,52,0.0188679
17214,53,52,0.0188679
17215,53,52,0.0188679
17215,53,52,0.0188679
17216,53,52,0.0188679
17216,53,52,0.0188679
17217,53,52,0.0188679
17218,53,52,0.0188679
17218,53,52,0.0188679
17219,53,52,0.0188679
17220,53,52,0.0188679
17220,53,52,0.0188679
17221,53,52,0.0188679
17222,53,52,0.0188679
17223,53,52,0.0188679
17224,53,52,0.0188679
17224,53,52,0.0188679
17227,53,52,0.0188679
17228,53,52,0.0188679
17229,53,52,0.0188679
17230,53,52,0.0188679
17233,53,52,0.0188679
17234,53,52,0.0188679
17237,53,52,0.0188679
17239,53,52,0.0188679
17240,53,52,0.0188679
17241,53,52,0.0188679
17242,53,52,0.0188679
17243,53,52,0.0188679
17245,53,52,0.0188679
17245,53,52,0.0188679
17246,53,52,0.0188679
17247,53,52,0.0188679
17247,53,52,0.0188679
17249,53,52,0.0188679
17250,53,52,0.0188679
17250,53,52,0.0188679
17251,53,52,0.0188679
17252,53,52,0.0188679
17263,53,52,0.0188679
17267,53,52,0.0188679
17268,53,52,0.0188679
17269,53,52,0.0188679
17269,53,52,0.0188679
17271,53,52,0.0188679
17273,53,52,0.0188679
17273,53,52,0.0188679
17274,53,52,0.0188679
17275,53,52,0.0188679
17278,53,52,0.0188679
17279,53,52,0.0188679
17280,53,52,0.0188679
17280,53,52,0.0188679
17281,53,52,0.0188679
17282,53,52,0.0188679
17283,53,52,0.0188679
17283,53,52,0.0188679
17285,53,52,0.0188679
17287,53,52,0.0188679
17288,53,52,0.0188679
17289,53,52,0.0188679
17289,53,52,0.0188679
17290,53,52,0.0188679
17291,53,52,0.0188679
17292,53,52,0.0188679
17292,53,52,0.0188679
17297,53,52,0.0188679
17299,53,52,0.0188679
17300,53,52,0.0188679
17301,53,52,0.0188679
17303,53,52,0.0188679
17305,53,52,0.0188679
17306,53,52,0.0188679
17306,53,52,0.0188679
17307,53,52,0.0188679
17308,53,52,0.0188679
17309,53,52,0.0188679
17310,53,52,0.0188679
17311,53,52,0.0188679
17312,53,52,0.0188679
17314,53,52,0.0188679
17318,53,52,0.0188679
17320,53,52,0.0188679
17321,53,52,0.0188679
17323,53,52,0.0188679
17323,53,52,0.0188679
17324,53,52,0.0188679
17325,53,52,0.0188679
17326,53,52,0.0188679
17327,53,52,0.0188679
17328,53,52,0.0188679
17331,53,52,0.0188679
17332,53,52,0.0188679
17333,53,52,0.0188679
17334,53,52,0.0188679
17336,53,52,0.0188679
17337,53,52,0.0188679
17338,53,52,0.0188679
17339,53,52,0.0188679
17340,53,52,0.0188679
17341,53,52,0.0188679
17342,53,52,0.0188679
17342,53,52,0.0188679
17343,53,52,0.0188679
17344,53,52,0.0188679
17345,53,52,0.0188679
17345,53,52,0.0188679
17347,53,52,0.0188679
17347,53,52,0.0188679
17348,53,52,0.0188679
17349,53,52,0.0188679
17351,53,52,0.0188679
17352,53,52,0.0188679
17353,53,52,0.0188679
17354,53,52,0.0188679
17358,53,52,0.0188679
17358,53,52,0.0188679
17359,53,52,0.0188679
17360,53,52,0.0188679
17361,53,52,0.0188679
17362,53,52,0.0188679
17365,53,52,0.0188679
17366,53,52,0.0188679
17367,53,52,0.0188679
17368,53,52,0.0188679
17368,53,52,0.0188679
17369,53,52,0.0188679
17371,53,52,0.0188679
17372,53,52,0.0188679
17378,53,52,0.0188679
17378,53,52,0.0188679
17379,53,52,0.0188679
17381,53,52,0.0188679
17382,53,52,0.0188679
17382,53,52,0.0188679
17383,53,52,0.0188679
17386,53,52,0.0188679
17386,53,52,0.0188679
17387,53,52,0.0188679
17388,53,52,0.0188679
17389,53,52,0.0188679
17389,53,52,0.0188679
17390,53,52,0.0188679
17392,53,52,0.0188679
17392,53,52,0.0188679
17396,53,52,0.0188679
17397,53,52,0.0188679
17398,53,52,0.0188679
17399,53,52,0.0188679
17400,53,52,0.0188679
17401,53,52,0.0188679
17404,53,52,0.0188679
17406,53,52,0.0188679
17407,53,52,0.0188679
17408,53,52,0.0188679
17408,53,52,0.0188679
17410,53,52,0.0188679
17411,53,52,0.0188679
17412,53,52,0.0188679
17416,53,52,0.0188679
17417,53,52,0.0188679
17421,53,52,0.0188679
17423,53,52,0.0188679
17423,53,52,0.0188679
17424,53,52,0.0188679
17425,53,52,0.0188679
17426,53,52,0.0188679
17429,53,52,0.0188679
17431,53,52,0.0188679
17432,53,52,0.0188679
17433,53,52,0.0188679
17434,53,52,0.0188679
17435,53,52,0.0188679
17436,53,52,0.0188679
17437,53,52,0.0188679
17438,53,52,0.0188679
17439,53,52,0.0188679
17441,53,52,0.0188679
17442,53,52,0.0188679
17443,53,52,0.0188679
17444,53,52,0.0188679
17445,53,52,0.0188679
17446,53,52,0.0188679
17446,53,52,0.0188679
17447,53,52,0.0188679
17449,53,52,0.0188679
17450,53,52,0.0188679
17451,53,52,0.0188679
17452,53,52,0.0188679
17453,53,52,0.0188679
17454,53,52,0.0188679
17456,53,52,0.0188679
17458,53,52,0.0188679
17459,53,52,0.0188679
17460,53,52,0.0188679
17461,53,52,0.0188679
17462,53,52,0.0188679
17463,53,52,0.0188679
17464,53,52,0.0188679
17465,53,52,0.0188679
17467,53,52,0.0188679
17468,53,52,0.0188679
17468,53,52,0.0188679
17469,53,52,0.0188679
17472,53,52,0.0188679
17475,53,52,0.0188679
17476,53,52,0.0188679
17477,53,52,0.0188679
17478,53,52,0.0188679
17479,53,52,0.0188679
17480,53,52,0.0188679
17481,53,52,0.0188679
17482,53,52,0.0188679
17483,53,52,0.0188679
17484,53,52,0.0188679
17485,53,52,0.0188679
17487,53,52,0.0188679
17488,53,52,0.0188679
17489,53,52,0.0188679
17489,53,52,0.0188679
17490,53,52,0.0188679
17491,53,52,0.0188679
17492,53,52,0.0188679
17494,53,52,0.0188679
17494,53,52,0.0188679
17497,53,52,0.0188679
17501,53,52,0.0188679
17502,53,52,0.0188679
17506,53,52,0.0188679
17507,53,52,0.0188679
17507,53,52,0.0188679
17508,53,52,0.0188679
17511,53,52,0.0188679
17511,53,52,0.0188679
17513,53,52,0.0188679
17514,53,52,0.0188679
17515,53,52,0.0188679
17516,53,52,0.0188679
17517,53,52,0.0188679
17519,53,52,0.0188679
17520,53,52,0.0188679
17523,53,52,0.0188679
17524,53,52,0.0188679
17525,53,52,0.0188679
17527,53,52,0.0188679
17528,53,52,0.0188679
17529,53,52,0.0188679
17531,53,52,0.0188679
17533,53,52,0.0188679
17540,53,52,0.0188679
17541,53,52,0.0188679
17542,53,52,0.0188679
17543,53,52,0.0188679
17546,53,52,0.0188679
17548,53,52,0.0188679
17549,53,52,0.0188679
17551,53,52,0.0188679
17558,53,52,0.0188679
17560,53,52,0.0188679
17561,53,52,0.0188679
17562,53,52,0.0188679
17563,53,52,0.0188679
17563,53,52,0.0188679
17566,53,52,0.0188679
17568,53,52,0.0188679
17569,53,52,0.0188679
17570,53,52,0.0188679
17572,53,52,0.0188679
17573,53,52,0.0188679
17574,53,52,0.0188679
17575,53,52,0.0188679
17576,53,52,0.0188679
17578,53,52,0.0188679
17579,53,52,0.0188679
17581,53,52,0.0188679
17583,53,52,0.0188679
17584,53,52,0.0188679
17585,53,52,0.0188679
17589,53,52,0.0188679
17590,53,52,0.0188679
17592,53,52,0.0188679
17595,53,52,0.0188679
17597,53,52,0.0188679
17598,53,52,0.0188679
17600,53,52,0.0188679
17601,53,52,0.0188679
17602,53,52,0.0188679
17603,53,52,0.0188679
17604,53,52,0.0188679
17606,53,52,0.0188679
17607,53,52,0.0188679
17608,53,52,0.0188679
17609,53,52,0.0188679
17610,53,52,0.0188679
17610,53,52,0.0188679
17611,53,52,0.0188679
17612,53,52,0.0188679
17615,53,52,0.0188679
17618,53,52,0.0188679
17619,53,52,0.0188679
17620,53,52,0.0188679
17622,53,52,0.0188679
17624,53,52,0.0188679
17625,53,52,0.0188679
17626,53,52,0.0188679
17628,53,52,0.0188679
17630,53,52,0.0188679
17631,53,52,0.0188679
17632,53,52,0.0188679
17633,53,52,0.0188679
17636,53,52,0.0188679
17641,53,52,0.0188679
17642,53,52,0.0188679
17643,53,52,0.0188679
17644,53,52,0.0188679
17644,53,52,0.0188679
17645,53,52,0.0188679
17647,53,52,0.0188679
17648,53,52,0.0188679
17649,53,52,0.0188679
17651,53,52,0.0188679
17653,53,52,0.0188679
17653,53,52,0.0188679
17656,53,52,0.0188679
17657,53,52,0.0188679
17658,53,52,0.0188679
17659,53,52,0.0188679
17659,53,52,0.0188679
17660,53,52,0.0188679
17663,53,52,0.0188679
17664,53,52,0.0188679
17666,53,52,0.0188679
17667,53,52,0.0188679
17670,53,52,0.0188679
17671,53,52,0.0188679
17672,53,52,0.0188679
17673,53,52,0.0188679
17675,53,52,0.0188679
17676,53,52,0.0188679
17676,53,52,0.0188679
17677,53,52,0.0188679
17678,53,52,0.0188679
17679,53,52,0.0188679
17680,53,52,0.0188679
17681,53,52,0.0188679
17681,53,52,0.0188679
17682,53,52,0.0188679
17683,53,52,0.0188679
17685,53,52,0.0188679
17686,53,52,0.0188679
17687,53,52,0.0188679
17687,53,52,0.0188679
17688,53,52,0.0188679
17689,53,52,0.0188679
17690,53,52,0.0188679
17690,53,52,0.0188679
17692,53,52,0.0188679
17693,53,52,0.0188679
17694,53,52,0.0188679
17696,53,52,0.0188679
17699,53,52,0.0188679
17700,53,52,0.0188679
17701,53,52,0.0188679
17701,53,52,0.0188679
17702,53,52,0.0188679
17704,53,52,0.0188679
17705,53,52,0.0188679
17705,53,52,0.0188679
17706,53,52,0.0188679
17707,53,52,0.0188679
17708,53,52,0.0188679
17708,53,52,0.0188679
17709,53,52,0.0188679
17710,53,52,0.0188679
17710,53,52,0.0188679
17711,53,52,0.0188679
17712,53,52,0.0188679
17718,53,52,0.0188679
17718,53,52,0.0188679
17721,53,52,0.0188679
17723,53,52,0.0188679
17723,53,52,0.0188679
17724,53,52,0.0188679
17727,53,52,0.0188679
17728,53,52,0.0188679
17730,53,52,0.0188679
17731,53,52,0.0188679
17732,53,52,0.0188679
17733,53,52,0.0188679
17734,53,52,0.0188679
17735,53,52,0.0188679
17736,53,52,0.0188679
17738,53,52,0.0188679
17738,53,52,0.0188679
17739,53,52,0.0188679
17740,53,52,0.0188679
17741,53,52,0.0188679
17742,53,52,0.0188679
17744,53,52,0.0188679
17744,53,52,0.0188679
17746,53,52,0.0188679
17747,53,52,0.0188679
17751,53,52,0.0188679
17753,53,52,0.0188679
17755,53,52,0.0188679
17756,53,52,0.0188679
17757,53,52,0.0188679
17758,53,52,0.0188679
17759,53,52,0.0188679
17763,53,52,0.0188679
17765,53,52,0.0188679
17765,53,52,0.0188679
17766,53,52,0.0188679
17768,53,52,0.0188679
17769,53,52,0.0188679
17771,53,52,0.0188679
17772,53,52,0.0188679
17773,53,52,0.0188679
17774,53,52,0.0188679
17775,53,52,0.0188679
17776,53,52,0.0188679
17777,53,52,0.0188679
17778,53,52,0.0188679
17779,53,52,0.0188679
17780,53,52,0.0188679
17781,53,52,0.0188679
17782,53,52,0.0188679
17782,53,52,0.0188679
17783,53,52,0.0188679
17784,53,52,0.0188679
17785,53,52,0.0188679
17785,53,52,0.0188679
17788,53,52,0.0188679
17790,53,52,0.0188679
17791,53,52,0.0188679
17792,53,52,0.0188679
17792,53,52,0.0188679
17793,53,52,0.0188679
17794,53,52,0.0188679
17795,53,52,0.0188679
17796,53,52,0.0188679
17796,53,52,0.0188679
17797,53,52,0.0188679
17801,53,52,0.0188679
17803,53,52,0.0188679
17804,53,52,0.0188679
17805,53,52,0.0188679
17806,53,52,0.0188679
17806,53,52,0.0188679
17807,53,52,0.0188679
17809,53,52,0.0188679
17810,53,52,0.0188679
17810,53,52,0.0188679
17811,53,52,0.0188679
17812,53,52,0.0188679
17814,53,52,0.0188679
17814,53,52,0.0188679
17815,53,52,0.0188679
17816,53,52,0.0188679
17816,53,52,0.0188679
17817,53,52,0.0188679
17818,53,52,0.0188679
17819,53,52,0.0188679
17819,53,52,0.0188679
17820,53,52,0.0188679
17821,53,52,0.0188679
17822,53,52,0.0188679
17822,53,52,0.0188679
17823,53,52,0.0188679
17824,53,52,0.0188679
17824,53,52,0.0188679
17825,53,52,0.0188679
17827,53,52,0.0188679
17827,53,52,0.0188679
17828,53,52,0.0188679
17829,53,52,0.0188679
17831,53,52,0.0188679
17832,53,52,0.0188679
17835,53,52,0.0188679
17836,53,52,0.0188679
17837,53,52,0.0188679
17838,53,52,0.0188679
17839,53,52,0.0188679
17840,53,52,0.0188679
17841,53,52,0.0188679
17842,53,52,0.0188679
17843,53,52,0.0188679
17844,53,52,0.0188679
17845,53,52,0.0188679
17846,53,52,0.0188679
17847,53,52,0.0188679
17848,53,52,0.0188679
17848,53,52,0.0188679
17849,53,52,0.0188679
17850,53,52,0.0188679
17852,53,52,0.0188679
17853,53,52,0.0188679
17854,53,52,0.0188679
17855,53,52,0.0188679
17856,53,52,0.0188679
17857,53,52,0.0188679
17859,53,52,0.0188679
17860,53,52,0.0188679
17861,53,52,0.0188679
17862,53,52,0.0188679
17863,53,52,0.0188679
17864,53,52,0.0188679
17865,53,52,0.0188679
17866,53,52,0.0188679
17867,53,52,0.0188679
17868,53,52,0.0188679
17869,53,52,0.0188679
17870,53,52,0.0188679
17870,53,52,0.0188679
17871,53,52,0.0188679
17872,53,52,0.0188679
17874,53,52,0.0188679
17874,53,52,0.0188679
17875,53,52,0.0188679
17876,53,52,0.0188679
17878,53,52,0.0188679
17879,53,52,0.0188679
17880,53,52,0.0188679
17880,53,52,0.0188679
17881,53,52,0.0188679
17883,53,52,0.0188679
17884,53,52,0.0188679
17885,53,52,0.0188679
17887,53,52,0.0188679
17887,53,52,0.0188679
17888,53,52,0.0188679
17890,53,52,0.0188679
17890,53,52,0.0188679
17892,53,52,0.0188679
17893,53,52,0.0188679
17896,53,52,0.0188679
17897,53,52,0.0188679
17897,53,52,0.0188679
17898,53,52,0.0188679
17899,53,52,0.0188679
17900,53,52,0.0188679
17901,53,52,0.0188679
17902,53,52,0.0188679
17903,53,52,0.0188679
17904,53,52,0.0188679
17905,53,52,0.0188679
17906,53,52,0.0188679
17907,53,52,0.0188679
17909,53,52,0.0188679
17909,53,52,0.0188679
17910,53,52,0.0188679
17911,53,52,0.0188679
17912,53,52,0.0188679
17912,53,52,0.0188679
17913,53,52,0.0188679
17914,53,52,0.0188679
17916,53,52,0.0188679
17916,53,52,0.0188679
17918,53,52,0.0188679
17919,53,52,0.0188679
17920,53,52,0.0188679
17921,53,52,0.0188679
17921,53,52,0.0188679
17922,53,52,0.0188679
17923,53,52,0.0188679
17924,53,52,0.0188679
17925,53,52,0.0188679
17925,53,52,0.0188679
17926,53,52,0.0188679
17927,53,52,0.0188679
17928,53,52,0.0188679
17930,53,52,0.0188679
17931,53,52,0.0188679
17932,53,52,0.0188679
17933,53,52,0.0188679
17934,53,52,0.0188679
17935,53,52,0.0188679
17936,53,52,0.0188679
17937,53,52,0.0188679
17937,53,52,0.0188679
17938,53,52,0.0188679
17939,53,52,0.0188679
17940,53,52,0.0188679
17941,53,52,0.0188679
17942,53,52,0.0188679
17942,53,52,0.0188679
17943,53,52,0.0188679
17944,53,52,0.0188679
17944,53,52,0.0188679
17946,53,52,0.0188679
17946,53,52,0.0188679
17947,53,52,0.0188679
17948,53,52,0.0188679
17948,53,52,0.0188679
17949,53,52,0.0188679
17950,53,52,0.0188679
17950,53,52,0.0188679
17951,53,52,0.0188679
17953,53,52,0.0188679
17954,53,52,0.0188679
17955,53,52,0.0188679
17956,53,52,0.0188679
17956,53,52,0.0188679
17957,53,52,0.0188679
17958,53,52,0.0188679
17960,53,52,0.0188679
17962,53,52,0.0188679
17963,53,52,0.0188679
17963,53,52,0.0188679
17964,53,52,0.0188679
17964,53,52,0.0188679
17965,53,52,0.0188679
17966,53,52,0.0188679
17968,53,52,0.0188679
17969,53,52,0.0188679
17970,53,52,0.0188679
17970,53,52,0.0188679
17971,53,52,0.0188679
17972,53,52,0.0188679
17973,53,52,0.0188679
17973,53,52,0.0188679
17974,53,52,0.0188679
17975,53,52,0.0188679
17976,53,52,0.0188679
17976,53,52,0.0188679
17977,53,52,0.0188679
17978,53,52,0.0188679
17979,53,52,0.0188679
17979,53,52,0.0188679
17980,53,52,0.0188679
17980,53,52,0.0188679
17981,53,52,0.0188679
17982,53,52,0.0188679
17982,53,52,0.0188679
17983,53,52,0.0188679
17984,53,52,0.0188679
17984,53,52,0.0188679
17985,53,52,0.0188679
17986,53,52,0.0188679
17986,53,52,0.0188679
17987,53,52,0.0188679
17987,53,52,0.0188679
17989,53,52,0.0188679
17990,53,52,0.0188679
17990,53,52,0.0188679
17991,53,52,0.0188679
17991,53,52,0.0188679
17993,53,52,0.0188679
17995,53,52,0.0188679
17995,53,52,0.0188679
17996,53,52,0.0188679
17997,53,52,0.0188679
17997,53,52,0.0188679
17998,53,52,0.0188679
17998,53,52,0.0188679
17999,53,52,0.0188679
18000,53,52,0.0188679
18001,53,52,0.0188679
18002,53,52,0.0188679
18003,53,52,0.0188679
18004,53,52,0.0188679
18006,53,52,0.0188679
18007,53,52,0.0188679
18008,53,52,0.0188679
18009,53,52,0.0188679
18009,53,52,0.0188679
18010,53,52,0.0188679
18012,53,52,0.0188679
18012,53,52,0.0188679
18014,53,52,0.0188679
18014,53,52,0.0188679
18015,53,52,0.0188679
18017,53,52,0.0188679
18017,53,52,0.0188679
18018,53,52,0.0188679
18019,53,52,0.0188679
18019,53,52,0.0188679
18020,53,52,0.0188679
18021,53,52,0.0188679
18021,53,52,0.0188679
18022,53,52,0.0188679
18023,53,52,0.0188679
18023,53,52,0.0188679
18024,53,52,0.0188679
18025,53,52,0.0188679
18027,53,52,0.0188679
18027,53,52,0.0188679
18028,53,52,0.0188679
18029,53,52,0.0188679
18029,53,52,0.0188679
18030,53,52,0.0188679
18031,53,52,0.0188679
18032,53,52,0.0188679
18033,53,52,0.0188679
18034,53,52,0.0188679
18035,53,52,0.0188679
18035,53,52,0.0188679
18036,53,52,0.0188679
18038,53,52,0.0188679
18039,53,52,0.0188679
18039,53,52,0.0188679
18041,53,52,0.0188679
18042,53,52,0.0188679
18043,53,52,0.0188679
18043,53,52,0.0188679
18045,53,52,0.0188679
18045,53,52,0.0188679
18047,53,52,0.0188679
18050,53,52,0.0188679
18050,53,52,0.0188679
18051,53,52,0.0188679
18052,53,52,0.0188679
18052,53,52,0.0188679
18053,53,52,0.0188679
18054,53,52,0.0188679
18054,53,52,0.0188679
18055,53,52,0.0188679
18057,53,52,0.0188679
18058,53,52,0.0188679
18059,53,52,0.0188679
18059,53,52,0.0188679
18060,53,52,0.0188679
18061,53,52,0.0188679
18061,53,52,0.0188679
18062,53,52,0.0188679
18062,53,52,0.0188679
18063,53,52,0.0188679
18064,53,52,0.0188679
18064,53,52,0.0188679
18065,53,52,0.0188679
18066,53,52,0.0188679
18066,53,52,0.0188679
18067,53,52,0.0188679
18068,53,52,0.0188679
18068,53,52,0.0188679
18069,53,52,0.0188679
18070,53,52,0.0188679
18070,53,52,0.0188679
18071,53,52,0.0188679
18073,53,52,0.0188679
18074,53,52,0.0188679
18074,53,52,0.0188679
18076,53,52,0.0188679
18077,53,52,0.0188679
18078,53,52,0.0188679
18079,53,52,0.0188679
18080,53,52,0.0188679
18081,53,52,0.0188679
18081,53,52,0.0188679
18085,53,52,0.0188679
18085,53,52,0.0188679
18086,53,52,0.0188679
18086,53,52,0.0188679
18087,53,52,0.0188679
18088,53,52,0.0188679
18089,53,52,0.0188679
18090,53,52,0.0188679
18091,53,52,0.0188679
18091,53,52,0.0188679
18092,53,52,0.0188679
18092,53,52,0.0188679
18093,53,52,0.0188679
18094,53,52,0.0188679
18095,53,52,0.0188679
18095,53,52,0.0188679
18096,53,52,0.0188679
18097,53,52,0.0188679
18098,53,52,0.0188679
18099,53,52,0.0188679
18099,53,52,0.0188679
18100,53,52,0.0188679
18101,53,52,0.0188679
18102,53,52,0.0188679
18103,53,52,0.0188679
18103,53,52,0.0188679
18104,53,52,0.0188679
18105,53,52,0.0188679
18105,53,52,0.0188679
18106,53,52,0.0188679
18107,53,52,0.0188679
18107,53,52,0.0188679
18108,53,52,0.0188679
18110,53,52,0.0188679
18110,53,52,0.0188679
18111,53,52,0.0188679
18112,53,52,0.0188679
18113,53,52,0.0188679
18114,53,52,0.0188679
18115,53,52,0.0188679
18115,53,52,0.0188679
18116,53,52,0.0188679
18117,53,52,0.0188679
18117,53,52,0.0188679
18118,53,52,0.0188679
18119,53,52,0.0188679
18120,53,52,0.0188679
18121,53,52,0.0188679
18122,53,52,0.0188679
18122,53,52,0.0188679
18124,53,52,0.0188679
18125,53,52,0.0188679
18128,53,52,0.0188679
18128,53,52,0.0188679
18129,53,52,0.0188679
18130,53,52,0.0188679
18130,53,52,0.0188679
18131,53,52,0.0188679
18132,53,52,0.0188679
18133,53,52,0.0188679
18134,53,52,0.0188679
18135,53,52,0.0188679
18136,53,52,0.0188679
18137,53,52,0.0188679
18138,53,52,0.0188679
18139,53,52,0.0188679
18140,53,52,0.0188679
18142,53,52,0.0188679
18144,53,52,0.0188679
18145,53,52,0.0188679
18148,53,52,0.0188679
18149,53,52,0.0188679
18151,53,52,0.0188679
18152,53,52,0.0188679
18155,53,52,0.0188679
18157,53,52,0.0188679
18158,53,52,0.0188679
18161,53,52,0.0188679
18162,53,52,0.0188679
18163,53,52,0.0188679
18166,53,52,0.0188679
18168,53,52,0.0188679
18169,53,52,0.0188679
18170,53,52,0.0188679
18172,53,52,0.0188679
18173,53,52,0.0188679
18174,53,52,0.0188679
18175,53,52,0.0188679
18176,53,52,0.0188679
18177,53,52,0.0188679
18178,53,52,0.0188679
18178,53,52,0.0188679
18180,53,52,0.0188679
18181,53,52,0.0188679
18182,53,52,0.0188679
18183,53,52,0.0188679
18183,53,52,0.0188679
18184,53,52,0.0188679
18185,53,52,0.0188679
18188,53,52,0.0188679
18189,53,52,0.0188679
18190,53,52,0.0188679
18191,53,52,0.0188679
18192,53,52,0.0188679
18192,53,52,0.0188679
18193,53,52,0.0188679
18194,53,52,0.0188679
18194,53,52,0.0188679
18195,53,52,0.0188679
18197,53,52,0.0188679
18198,53,52,0.0188679
18199,53,52,0.0188679
18200,53,52,0.0188679
18202,53,52,0.0188679
18202,53,52,0.0188679
18203,53,52,0.0188679
18204,53,52,0.0188679
18206,53,52,0.0188679
18207,53,52,0.0188679
18208,53,52,0.0188679
18209,53,52,0.0188679
18209,53,52,0.0188679
18210,53,52,0.0188679
18211,53,52,0.0188679
18213,53,52,0.0188679
18215,53,52,0.0188679
18216,53,52,0.0188679
18217,53,52,0.0188679
18218,53,52,0.0188679
18219,53,52,0.0188679
18221,53,52,0.0188679
18222,53,52,0.0188679
18223,53,52,0.0188679
18224,53,52,0.0188679
18226,53,52,0.0188679
18227,53,52,0.0188679
18228,53,52,0.0188679
18228,53,52,0.0188679
18229,53,52,0.0188679
18230,53,52,0.0188679
18230,53,52,0.0188679
18231,53,52,0.0188679
18232,53,52,0.0188679
18232,53,52,0.0188679
18234,53,52,0.0188679
18235,53,52,0.0188679
18236,53,52,0.0188679
18237,53,52,0.0188679
18239,53,52,0.0188679
18240,53,52,0.0188679
18240,53,52,0.0188679
18242,53,52,0.0188679
18243,53,52,0.0188679
18243,53,52,0.0188679
18244,53,52,0.0188679
18245,53,52,0.0188679
18246,53,52,0.0188679
18247,53,52,0.0188679
18248,53,52,0.0188679
18249,53,52,0.0188679
18250,53,52,0.0188679
18251,53,52,0.0188679
18252,53,52,0.0188679
18252,53,52,0.0188679
18254,53,52,0.0188679
18255,53,52,0.0188679
18256,53,52,0.0188679
18257,53,52,0.0188679
18257,53,52,0.0188679
18258,53,52,0.0188679
18259,53,52,0.0188679
18260,53,52,0.0188679
18260,53,52,0.0188679
18261,53,52,0.0188679
18262,53,52,0.0188679
18263,53,52,0.0188679
18266,53,52,0.0188679
18266,53,52,0.0188679
18267,53,52,0.0188679
18268,53,52,0.0188679
18269,53,52,0.0188679
18270,53,52,0.0188679
18271,53,52,0.0188679
18272,53,52,0.0188679
18272,53,52,0.0188679
18273,53,52,0.0188679
18274,53,52,0.0188679
18274,53,52,0.0188679
18275,53,52,0.0188679
18276,53,52,0.0188679
18276,53,52,0.0188679
18277,53,52,0.0188679
18278,53,52,0.0188679
18278,53,52,0.0188679
18280,53,52,0.0188679
18281,53,52,0.0188679
18282,53,52,0.0188679
18282,53,52,0.0188679
18283,53,52,0.0188679
18284,53,52,0.0188679
18285,53,52,0.0188679
18286,53,52,0.0188679
18286,53,52,0.0188679
18288,53,52,0.0188679
18288,53,52,0.0188679
18289,53,52,0.0188679
18290,53,52,0.0188679
18291,53,52,0.0188679
18291,53,52,0.0188679
18292,53,52,0.0188679
18293,53,52,0.0188679
18293,53,52,0.0188679
18295,53,52,0.0188679
18296,53,52,0.0188679
18297,53,52,0.0188679
18297,53,52,0.0188679
18298,53,52,0.0188679
18299,53,52,0.0188679
18300,53,52,0.0188679
18302,53,52,0.0188679
18302,53,52,0.0188679
18303,53,52,0.0188679
18304,53,52,0.0188679
18305,53,52,0.0188679
18305,53,52,0.0188679
18306,53,52,0.0188679
18307,53,52,0.0188679
18307,53,52,0.0188679
18308,53,52,0.0188679
18310,53,52,0.0188679
18310,53,52,0.0188679
18311,53,52,0.0188679
18312,53,52,0.0188679
18313,53,52,0.0188679
18315,53,52,0.0188679
18316,53,52,0.0188679
18317,53,52,0.0188679
18318,53,52,0.0188679
18320,53,52,0.0188679
18321,53,52,0.0188679
18321,53,52,0.0188679
18322,53,52,0.0188679
18323,53,52,0.0188679
18324,53,52,0.0188679
18325,53,52,0.0188679
18326,53,52,0.0188679
18327,53,52,0.0188679
18328,53,52,0.0188679
18329,53,52,0.0188679
18329,53,52,0.0188679
18330,53,52,0.0188679
18331,53,52,0.0188679
18332,53,52,0.0188679
18333,53,52,0.0188679
18334,53,52,0.0188679
18335,53,52,0.0188679
18336,53,52,0.0188679
18336,53,52,0.0188679
18337,53,52,0.0188679
18338,53,52,0.0188679
18340,53,52,0.0188679
18341,53,52,0.0188679
18342,53,52,0.0188679
18343,53,52,0.0188679
18344,53,52,0.0188679
18345,53,52,0.0188679
18346,53,52,0.0188679
18347,53,52,0.0188679
18348,53,52,0.0188679
18349,53,52,0.0188679
18349,53,52,0.0188679
18350,53,52,0.0188679
18351,53,52,0.0188679
18352,53,52,0.0188679
18354,53,52,0.0188679
18355,53,52,0.0188679
18355,53,52,0.0188679
18356,53,52,0.0188679
18357,53,52,0.0188679
18357,53,52,0.0188679
18358,53,52,0.0188679
18359,53,52,0.0188679
18360,53,52,0.0188679
18360,53,52,0.0188679
18363,53,52,0.0188679
18364,53,52,0.0188679
18364,53,52,0.0188679
18365,53,52,0.0188679
18366,53,52,0.0188679
18367,53,52,0.0188679
18368,53,52,0.0188679
18368,53,52,0.0188679
18369,53,52,0.0188679
18370,53,52,0.0188679
18372,53,52,0.0188679
18373,53,52,0.0188679
18374,53,52,0.0188679
18376,53,52,0.0188679
18377,53,52,0.0188679
18377,53,52,0.0188679
18378,53,52,0.0188679
18380,53,52,0.0188679
18381,53,52,0.0188679
18382,53,52,0.0188679
18382,53,52,0.0188679
18383,53,52,0.0188679
18384,53,52,0.0188679
18385,53,52,0.0188679
18387,53,52,0.0188679
18389,53,52,0.0188679
18390,53,52,0.0188679
18391,53,52,0.0188679
18392,53,52,0.0188679
18392,53,52,0.0188679
18393,53,52,0.0188679
18394,53,52,0.0188679
18394,53,52,0.0188679
18395,53,52,0.0188679
18396,53,52,0.0188679
18396,53,52,0.0188679
18397,53,52,0.0188679
18398,53,52,0.0188679
18399,53,52,0.0188679
18399,53,52,0.0188679
18401,53,52,0.0188679
18403,53,52,0.0188679
18404,53,52,0.0188679
18404,53,52,0.0188679
18406,53,52,0.0188679
18406,53,52,0.0188679
18408,53,52,0.0188679
18408,53,52,0.0188679
18409,53,52,0.0188679
18410,53,52,0.0188679
18411,53,52,0.0188679
18412,53,52,0.0188679
18414,53,52,0.0188679
18416,53,52,0.0188679
18417,53,52,0.0188679
18418,53,52,0.0188679
18421,53,52,0.0188679
18423,53,52,0.0188679
18425,53,52,0.0188679
18425,53,52,0.0188679
18426,53,52,0.0188679
18427,53,52,0.0188679
18427,53,52,0.0188679
18428,53,52,0.0188679
18429,53,52,0.0188679
18430,53,52,0.0188679
18431,53,52,0.0188679
18432,53,52,0.0188679
18433,53,52,0.0188679
18434,53,52,0.0188679
18434,53,52,0.0188679
18437,53,52,0.0188679
18438,53,52,0.0188679
18438,53,52,0.0188679
18439,53,52,0.0188679
18440,53,52,0.0188679
18441,53,52,0.0188679
18442,53,52,0.0188679
18442,53,52,0.0188679
18443,53,52,0.0188679
18444,53,52,0.0188679
18444,53,52,0.0188679
18445,53,52,0.0188679
18446,53,52,0.0188679
18446,53,52,0.0188679
18447,53,52,0.0188679
18448,53,52,0.0188679
18448,53,52,0.0188679
18449,53,52,0.0188679
18450,53,52,0.0188679
18451,53,52,0.0188679
18452,53,52,0.0188679
18453,53,52,0.0188679
18454,53,52,0.0188679
18457,53,52,0.0188679
18458,53,52,0.0188679
18459,53,52,0.0188679
18460,53,52,0.0188679
18460,53,52,0.0188679
18461,53,52,0.0188679
18462,53,52,0.0188679
18463,53,52,0.0188679
18463,53,52,0.0188679
18464,53,52,0.0188679
18465,53,52,0.0188679
18465,53,52,0.0188679
18466,53,52,0.0188679
18467,53,52,0.0188679
18468,53,52,0.0188679
18469,53,52,0.0188679
18470,53,52,0.0188679
18471,53,52,0.0188679
18472,53,52,0.0188679
18472,53,52,0.0188679
18473,53,52,0.0188679
18474,53,52,0.0188679
18475,53,52,0.0188679
18476,53,52,0.0188679
18477,53,52,0.0188679
18478,53,52,0.0188679
18478,53,52,0.0188679
18479,53,52,0.0188679
18480,53,52,0.0188679
18480,53,52,0.0188679
18481,53,52,0.0188679
18481,53,52,0.0188679
18482,53,52,0.0188679
18483,53,52,0.0188679
18483,53,52,0.0188679
18484,53,52,0.0188679
18485,53,52,0.0188679
18486,53,52,0.0188679
18486,53,52,0.0188679
18487,53,52,0.0188679
18488,53,52,0.0188679
18489,53,52,0.0188679
18489,53,52,0.0188679
18490,53,52,0.0188679
18491,53,52,0.0188679
18491,53,52,0.0188679
18492,53,52,0.0188679
18493,53,52,0.0188679
18493,53,52,0.0188679
18494,53,52,0.0188679
18495,53,52,0.0188679
18495,53,52,0.0188679
18496,53,52,0.0188679
18497,53,52,0.0188679
18497,53,52,0.0188679
18498,53,52,0.0188679
18499,53,52,0.0188679
18500,53,52,0.0188679
18501,53,52,0.0188679
18501,53,52,0.0188679
18502,53,52,0.0188679
18503,53,52,0.0188679
18503,53,52,0.0188679
18504,53,52,0.0188679
18507,53,52,0.0188679
18507,53,52,0.0188679
18508,53,52,0.0188679
18509,53,52,0.0188679
18509,53,52,0.0188679
18510,53,52,0.0188679
18510,53,52,0.0188679
18511,53,52,0.0188679
18512,53,52,0.0188679
18513,53,52,0.0188679
18513,53,52,0.0188679
18514,53,52,0.0188679
18515,53,52,0.0188679
18516,53,52,0.0188679
18516,53,52,0.0188679
18517,53,52,0.0188679
18518,53,52,0.0188679
18518,53,52,0.0188679
18519,53,52,0.0188679
18520,53,52,0.0188679
18520,53,52,0.0188679
18521,53,52,0.0188679
18522,53,52,0.0188679
18522,53,52,0.0188679
18523,53,52,0.0188679
18524,53,52,0.0188679
18525,53,52,0.0188679
18525,53,52,0.0188679
18526,53,52,0.0188679
18527,53,52,0.0188679
18528,53,52,0.0188679
18528,53,52,0.0188679
18529,53,52,0.0188679
18530,53,52,0.0188679
18530,53,52,0.0188679
18531,53,52,0.0188679
18532,53,52,0.0188679
18532,53,52,0.0188679
18533,53,52,0.0188679
18534,53,52,0.0188679
18534,53,52,0.0188679
18535,53,52,0.0188679
18536,53,52,0.0188679
18536,53,52,0.0188679
18538,53,52,0.0188679
18540,53,52,0.0188679
18541,53,52,0.0188679
18542,53,52,0.0188679
18542,53,52,0.0188679
18543,53,52,0.0188679
18544,53,52,0.0188679
18545,53,52,0.0188679
18545,53,52,0.0188679
18546,53,52,0.0188679
18546,53,52,0.0188679
18548,53,52,0.0188679
18549,53,52,0.0188679
18549,53,52,0.0188679
18550,53,52,0.0188679
18551,53,52,0.0188679
18552,53,52,0.0188679
18553,53,52,0.0188679
18553,53,52,0.0188679
18554,53,52,0.0188679
18556,53,52,0.0188679
18557,53,52,0.0188679
18557,53,52,0.0188679
18558,53,52,0.0188679
18559,53,52,0.0188679
18560,53,52,0.0188679
18562,53,52,0.0188679
18563,53,52,0.0188679
18563,53,52,0.0188679
18565,53,52,0.0188679
18566,53,52,0.0188679
18568,53,52,0.0188679
18569,53,52,0.0188679
18571,53,52,0.0188679
18572,53,52,0.0188679
18575,53,52,0.0188679
18575,53,52,0.0188679
18578,53,52,0.0188679
18579,53,52,0.0188679
18581,53,52,0.0188679
18582,53,52,0.0188679
18583,53,52,0.0188679
18584,53,52,0.0188679
18586,53,52,0.0188679
18588,53,52,0.0188679
18589,53,52,0.0188679
18590,53,52,0.0188679
18591,53,52,0.0188679
18592,53,52,0.0188679
18593,53,52,0.0188679
18594,53,52,0.0188679
18594,53,52,0.0188679
18595,53,52,0.0188679
18596,53,52,0.0188679
18597,53,52,0.0188679
18597,53,52,0.0188679
18598,53,52,0.0188679
18599,53,52,0.0188679
18600,53,52,0.0188679
18601,53,52,0.0188679
18602,53,52,0.0188679
18603,53,52,0.0188679
18605,53,52,0.0188679
18607,53,52,0.0188679
18608,53,52,0.0188679
18609,53,52,0.0188679
18610,53,52,0.0188679
18610,53,52,0.0188679
18611,53,52,0.0188679
18612,53,52,0.0188679
18614,53,52,0.0188679
18615,53,52,0.0188679
18616,53,52,0.0188679
18617,53,52,0.0188679
18619,53,52,0.0188679
18620,53,52,0.0188679
18621,53,52,0.0188679
18623,53,52,0.0188679
18624,53,52,0.0188679
18625,53,52,0.0188679
18625,53,52,0.0188679
18626,53,52,0.0188679
18627,53,52,0.0188679
18628,53,52,0.0188679
18630,53,52,0.0188679
18631,53,52,0.0188679
18632,53,52,0.0188679
18633,53,52,0.0188679
18634,53,52,0.0188679
18635,53,52,0.0188679
18635,53,52,0.0188679
18636,53,52,0.0188679
18637,53,52,0.0188679
18638,53,52,0.0188679
18639,53,52,0.0188679
18640,53,52,0.0188679
18641,53,52,0.0188679
18641,53,52,0.0188679
18642,53,52,0.0188679
18643,53,52,0.0188679
18644,53,52,0.0188679
18644,53,52,0.0188679
18645,53,52,0.0188679
18646,53,52,0.0188679
18647,53,52,0.0188679
18649,53,52,0.0188679
18649,53,52,0.0188679
18650,53,52,0.0188679
18652,53,52,0.0188679
18653,53,52,0.0188679
18654,53,52,0.0188679
18656,53,52,0.0188679
18657,53,52,0.0188679
18658,53,52,0.0188679
18658,53,52,0.0188679
18659,53,52,0.0188679
18660,53,52,0.0188679
18661,53,52,0.0188679
18662,53,52,0.0188679
18663,53,52,0.0188679
18664,53,52,0.0188679
18665,53,52,0.0188679
18666,53,52,0.0188679
18667,53,52,0.0188679
18669,53,52,0.0188679
18670,53,52,0.0188679
18671,53,52,0.0188679
18672,53,52,0.0188679
18673,53,52,0.0188679
18673,53,52,0.0188679
18674,53,52,0.0188679
18675,53,52,0.0188679
18676,53,52,0.0188679
18676,53,52,0.0188679
18677,53,52,0.0188679
18678,53,52,0.0188679
18679,53,52,0.0188679
18679,53,52,0.0188679
18680,53,52,0.0188679
18681,53,52,0.0188679
18682,53,52,0.0188679
18683,53,52,0.0188679
18684,53,52,0.0188679
18684,53,52,0.0188679
18686,53,52,0.0188679
18687,53,52,0.0188679
18688,53,52,0.0188679
18688,53,52,0.0188679
18689,53,52,0.0188679
18690,53,52,0.0188679
18691,53,52,0.0188679
18691,53,52,0.0188679
18692,53,52,0.0188679
18693,53,52,0.0188679
18694,53,52,0.0188679
18695,53,52,0.0188679
18695,53,52,0.0188679
18697,53,52,0.0188679
18698,53,52,0.0188679
18698,53,52,0.0188679
18699,53,52,0.0188679
18700,53,52,0.0188679
18702,53,52,0.0188679
18703,53,52,0.0188679
18704,53,52,0.0188679
18705,53,52,0.0188679
18706,53,52,0.0188679
18707,53,52,0.0188679
18708,53,52,0.0188679
18709,53,52,0.0188679
18710,53,52,0.0188679
18711,53,52,0.0188679
18711,53,52,0.0188679
18712,53,52,0.0188679
18713,53,52,0.0188679
18714,53,52,0.0188679
18715,53,52,0.0188679
18716,53,52,0.0188679
18717,53,52,0.0188679
18717,53,52,0.0188679
18718,53,52,0.0188679
18719,53,52,0.0188679
18720,53,52,0.0188679
18720,53,52,0.0188679
18721,53,52,0.0188679
18722,53,52,0.0188679
18723,53,52,0.0188679
18723,53,52,0.0188679
18724,53,52,0.0188679
18726,53,52,0.0188679
18728,53,52,0.0188679
18728,53,52,0.0188679
18729,53,52,0.0188679
18730,53,52,0.0188679
18731,53,52,0.0188679
18732,53,52,0.0188679
18732,53,52,0.0188679
18733,53,52,0.0188679
18734,53,52,0.0188679
18736,53,52,0.0188679
18737,53,52,0.0188679
18738,53,52,0.0188679
18739,53,52,0.0188679
18739,53,52,0.0188679
18740,53,52,0.0188679
18741,53,52,0.0188679
18741,53,52,0.0188679
18742,53,52,0.0188679
18742,53,52,0.0188679
18743,53,52,0.0188679
18744,53,52,0.0188679
18744,53,52,0.0188679
18745,53,52,0.0188679
18746,53,52,0.0188679
18747,53,52,0.0188679
18747,53,52,0.0188679
18749,53,52,0.0188679
18749,53,52,0.0188679
18750,53,52,0.0188679
18751,53,52,0.0188679
18752,53,52,0.0188679
18752,53,52,0.0188679
18753,53,52,0.0188679
18753,53,52,0.0188679
18754,53,52,0.0188679
18755,53,52,0.0188679
18755,53,52,0.0188679
18756,53,52,0.0188679
18756,53,52,0.0188679
18758,53,52,0.0188679
18759,53,52,0.0188679
18759,53,52,0.0188679
18760,53,52,0.0188679
18760,53,52,0.0188679
18761,53,52,0.0188679
18762,53,52,0.0188679
18762,53,52,0.0188679
18763,53,52,0.0188679
18764,53,52,0.0188679
18764,53,52,0.0188679
18765,53,52,0.0188679
18766,53,52,0.0188679
18767,53,52,0.0188679
18768,53,52,0.0188679
18769,53,52,0.0188679
18770,53,52,0.0188679
18770,53,52,0.0188679
18771,53,52,0.0188679
18771,53,52,0.0188679
18772,53,52,0.0188679
18773,53,52,0.0188679
18773,53,52,0.0188679
18774,53,52,0.0188679
18775,53,52,0.0188679
18776,53,52,0.0188679
18776,53,52,0.0188679
18777,53,52,0.0188679
18777,53,52,0.0188679
18778,53,52,0.0188679
18779,53,52,0.0188679
18780,53,52,0.0188679
18781,53,52,0.0188679
18782,53,52,0.0188679
18782,53,52,0.0188679
18783,53,52,0.0188679
18784,53,52,0.0188679
18785,53,52,0.0188679
18785,53,52,0.0188679
18786,53,52,0.0188679
18787,53,52,0.0188679
18788,53,52,0.0188679
18789,53,52,0.0188679
18790,53,52,0.0188679
18791,53,52,0.0188679
18792,53,52,0.0188679
18793,53,52,0.0188679
18794,53,52,0.0188679
18794,53,52,0.0188679
18795,53,52,0.0188679
18795,53,52,0.0188679
18796,53,52,0.0188679
18797,53,52,0.0188679
18799,53,52,0.0188679
18800,53,52,0.0188679
18800,53,52,0.0188679
18801,53,52,0.0188679
18802,53,52,0.0188679
18804,53,52,0.0188679
18805,53,52,0.0188679
18806,53,52,0.0188679
18807,53,52,0.0188679
18808,53,52,0.0188679
18808,53,52,0.0188679
18809,53,52,0.0188679
18810,53,52,0.0188679
18811,53,52,0.0188679
18811,53,52,0.0188679
18812,53,52,0.0188679
18813,53,52,0.0188679
18814,53,52,0.0188679
18815,53,52,0.0188679
18816,53,52,0.0188679
18817,53,52,0.0188679
18818,53,52,0.0188679
18819,53,52,0.0188679
18820,53,52,0.0188679
18820,53,52,0.0188679
18822,53,52,0.0188679
18822,53,52,0.0188679
18823,53,52,0.0188679
18824,53,52,0.0188679
18825,53,52,0.0188679
18825,53,52,0.0188679
18827,53,52,0.0188679
18828,53,52,0.0188679
18829,53,52,0.0188679
18830,53,52,0.0188679
18831,53,52,0.0188679
18832,53,52,0.0188679
18833,53,52,0.0188679
18834,53,52,0.0188679
18835,53,52,0.0188679
18836,53,52,0.0188679
18838,53,52,0.0188679
18839,53,52,0.0188679
18839,53,52,0.0188679
18840,53,52,0.0188679
18841,53,52,0.0188679
18842,53,52,0.0188679
18843,53,52,0.0188679
18843,53,52,0.0188679
18845,53,52,0.0188679
18846,53,52,0.0188679
18847,53,52,0.0188679
18848,53,52,0.0188679
18849,53,52,0.0188679
18849,53,52,0.0188679
18850,53,52,0.0188679
18851,53,52,0.0188679
18852,53,52,0.0188679
18853,53,52,0.0188679
18854,53,52,0.0188679
18856,53,52,0.0188679
18857,53,52,0.0188679
18858,53,52,0.0188679
18859,53,52,0.0188679
18860,53,52,0.0188679
18861,53,52,0.0188679
18861,53,52,0.0188679
18862,53,52,0.0188679
18863,53,52,0.0188679
18864,53,52,0.0188679
18865,53,52,0.0188679
18865,53,52,0.0188679
18866,53,52,0.0188679
18867,53,52,0.0188679
18867,53,52,0.0188679
18868,53,52,0.0188679
18869,53,52,0.0188679
18870,53,52,0.0188679
18871,53,52,0.0188679
18872,53,52,0.0188679
18872,53,52,0.0188679
18873,53,52,0.0188679
18874,53,52,0.0188679
18875,53,52,0.0188679
18876,53,52,0.0188679
18876,53,52,0.0188679
18877,53,52,0.0188679
18878,53,52,0.0188679
18878,53,52,0.0188679
18880,53,52,0.0188679
18881,53,52,0.0188679
18881,53,52,0.0188679
18883,53,52,0.0188679
18884,53,52,0.0188679
18884,53,52,0.0188679
18885,53,52,0.0188679
18886,53,52,0.0188679
18886,53,52,0.0188679
18887,53,52,0.0188679
18888,53,52,0.0188679
18889,53,52,0.0188679
18890,53,52,0.0188679
18891,53,52,0.0188679
18892,53,52,0.0188679
18893,53,52,0.0188679
18893,53,52,0.0188679
18895,53,52,0.0188679
18895,53,52,0.0188679
18896,53,52,0.0188679
18897,53,52,0.0188679
18898,53,52,0.0188679
18898,53,52,0.0188679
18899,53,52,0.0188679
18900,53,52,0.0188679
18900,53,52,0.0188679
18901,53,52,0.0188679
18902,53,52,0.0188679
18903,53,52,0.0188679
18903,53,52,0.0188679
18905,53,52,0.0188679
18906,53,52,0.0188679
18907,53,52,0.0188679
18907,53,52,0.0188679
18908,53,52,0.0188679
18909,53,52,0.0188679
18910,53,52,0.0188679
18911,53,52,0.0188679
18912,53,52,0.0188679
18913,53,52,0.0188679
18913,53,52,0.0188679
18914,53,52,0.0188679
18915,53,52,0.0188679
18915,53,52,0.0188679
18916,53,52,0.0188679
18917,53,52,0.0188679
18918,53,52,0.0188679
18919,53,52,0.0188679
18920,53,52,0.0188679
18922,53,52,0.0188679
18923,53,52,0.0188679
18924,53,52,0.0188679
18924,53,52,0.0188679
18925,53,52,0.0188679
18926,53,52,0.0188679
18926,53,52,0.0188679
18927,53,52,0.0188679
18929,53,52,0.0188679
18929,53,52,0.0188679
18930,53,52,0.0188679
18930,53,52,0.0188679
18931,53,52,0.0188679
18932,53,52,0.0188679
18932,53,52,0.0188679
18933,53,52,0.0188679
18934,53,52,0.0188679
18934,53,52,0.0188679
18936,53,52,0.0188679
18936,53,52,0.0188679
18937,53,52,0.0188679
18938,53,52,0.0188679
18938,53,52,0.0188679
18939,53,52,0.0188679
18940,53,52,0.0188679
18941,53,52,0.0188679
18941,53,52,0.0188679
18942,53,52,0.0188679
18943,53,52,0.0188679
18943,53,52,0.0188679
18945,53,52,0.0188679
18946,53,52,0.0188679
18946,53,52,0.0188679
18947,53,52,0.0188679
18948,53,52,0.0188679
18948,53,52,0.0188679
18949,53,52,0.0188679
18950,53,52,0.0188679
18951,53,52,0.0188679
18951,53,52,0.0188679
18952,53,52,0.0188679
18952,53,52,0.0188679
18953,53,52,0.0188679
18954,53,52,0.0188679
18954,53,52,0.0188679
18956,53,52,0.0188679
18957,53,52,0.0188679
18958,53,52,0.0188679
18959,53,52,0.0188679
18959,53,52,0.0188679
18960,53,52,0.0188679
18962,53,52,0.0188679
18962,53,52,0.0188679
18963,53,52,0.0188679
18964,53,52,0.0188679
18964,53,52,0.0188679
18965,53,52,0.0188679
18966,53,52,0.0188679
18967,53,52,0.0188679
18968,53,52,0.0188679
18968,53,52,0.0188679
18969,53,52,0.0188679
18970,53,52,0.0188679
18970,53,52,0.0188679
18971,53,52,0.0188679
18972,53,52,0.0188679
18973,53,52,0.0188679
18974,53,52,0.0188679
18974,53,52,0.0188679
18975,53,52,0.0188679
18976,53,52,0.0188679
18977,53,52,0.0188679
18978,53,52,0.0188679
18978,53,52,0.0188679
18979,53,52,0.0188679
18980,53,52,0.0188679
18980,53,52,0.0188679
18981,53,52,0.0188679
18982,53,52,0.0188679
18983,53,52,0.0188679
18984,53,52,0.0188679
18987,53,52,0.0188679
18989,53,52,0.0188679
18991,53,52,0.0188679
18992,53,52,0.0188679
18993,53,52,0.0188679
18994,53,52,0.0188679
18994,53,52,0.0188679
18996,53,52,0.0188679
18997,53,52,0.0188679
18998,53,52,0.0188679
18999,53,52,0.0188679
18999,53,52,0.0188679
19000,53,52,0.0188679
19001,53,52,0.0188679
19002,53,52,0.0188679
19003,53,52,0.0188679
19004,53,52,0.0188679
19004,53,52,0.0188679
19005,53,52,0.0188679
19006,53,52,0.0188679
19006,53,52,0.0188679
19007,53,52,0.0188679
19008,53,52,0.0188679
19009,53,52,0.0188679
19010,53,52,0.0188679
19011,53,52,0.0188679
19012,53,52,0.0188679
19013,53,52,0.0188679
19014,53,52,0.0188679
19015,53,52,0.0188679
19016,53,52,0.0188679
19016,53,52,0.0188679
19017,53,52,0.0188679
19018,53,52,0.0188679
19019,53,52,0.0188679
19019,53,52,0.0188679
19020,53,52,0.0188679
19021,53,52,0.0188679
19022,53,52,0.0188679
19023,53,52,0.0188679
19023,53,52,0.0188679
19024,53,52,0.0188679
19025,53,52,0.0188679
19025,53,52,0.0188679
19026,53,52,0.0188679
19027,53,52,0.0188679
19028,53,52,0.0188679
19028,53,52,0.0188679
19029,53,52,0.0188679
19030,53,52,0.0188679
19031,53,52,0.0188679
19032,53,52,0.0188679
19033,53,52,0.0188679
19033,53,52,0.0188679
19034,53,52,0.0188679
19036,53,52,0.0188679
19036,53,52,0.0188679
19037,53,52,0.0188679
19038,53,52,0.0188679
19039,53,52,0.0188679
19040,53,52,0.0188679
19040,53,52,0.0188679
19041,53,52,0.0188679
19042,53,52,0.0188679
19043,53,52,0.0188679
19043,53,52,0.0188679
19044,53,52,0.0188679
19045,53,52,0.0188679
19046,53,52,0.0188679
19047,53,52,0.0188679
19048,53,52,0.0188679
19049,53,52,0.0188679
19050,53,52,0.0188679
19050,53,52,0.0188679
19052,53,52,0.0188679
19053,53,52,0.0188679
19054,53,52,0.0188679
19055,53,52,0.0188679
19056,53,52,0.0188679
19057,53,52,0.0188679
19057,53,52,0.0188679
19058,53,52,0.0188679
19059,53,52,0.0188679
19060,53,52,0.0188679
19061,53,52,0.0188679
19061,53,52,0.0188679
19062,53,52,0.0188679
19063,53,52,0.0188679
19064,53,52,0.0188679
19066,53,52,0.0188679
19067,53,52,0.0188679
19068,53,52,0.0188679
19069,53,52,0.0188679
19070,53,52,0.0188679
19071,53,52,0.0188679
19072,53,52,0.0188679
19072,53,52,0.0188679
19073,53,52,0.0188679
19074,53,52,0.0188679
19076,53,52,0.0188679
19077,53,52,0.0188679
19078,53,52,0.0188679
19079,53,52,0.0188679
19080,53,52,0.0188679
19080,53,52,0.0188679
19081,53,52,0.0188679
19082,53,52,0.0188679
19083,53,52,0.0188679
19084,53,52,0.0188679
19085,53,52,0.0188679
19086,53,52,0.0188679
19087,53,52,0.0188679
19088,53,52,0.0188679
19089,53,52,0.0188679
19090,53,52,0.0188679
19091,53,52,0.0188679
19091,53,52,0.0188679
19093,53,52,0.0188679
19094,53,52,0.0188679
19095,53,52,0.0188679
19095,53,52,0.0188679
19096,53,52,0.0188679
19097,53,52,0.0188679
19098,53,52,0.0188679
19099,53,52,0.0188679
19100,53,52,0.0188679
19101,53,52,0.0188679
19101,53,52,0.0188679
19102,53,52,0.0188679
19103,53,52,0.0188679
19104,53,52,0.0188679
19105,53,52,0.0188679
19105,53,52,0.0188679
19106,53,52,0.0188679
19107,53,52,0.0188679
19108,53,52,0.0188679
19109,53,52,0.0188679
19110,53,52,0.0188679
19111,53,52,0.0188679
19111,53,52,0.0188679
19112,53,52,0.0188679
19113,53,52,0.0188679
19114,53,52,0.0188679
19115,53,52,0.0188679
19116,53,52,0.0188679
19116,53,52,0.0188679
19117,53,52,0.0188679
19118,53,52,0.0188679
19119,53,52,0.0188679
19121,53,52,0.0188679
19122,53,52,0.0188679
19122,53,52,0.0188679
19123,53,52,0.0188679
19124,53,52,0.0188679
19125,53,52,0.0188679
19126,53,52,0.0188679
19126,53,52,0.0188679
19127,53,52,0.0188679
19128,53,52,0.0188679
19129,53,52,0.0188679
19130,53,52,0.0188679
19131,53,52,0.0188679
19132,53,52,0.0188679
19133,53,52,0.0188679
19134,53,52,0.0188679
19134,53,52,0.0188679
19135,53,52,0.0188679
19136,53,52,0.0188679
19137,53,52,0.0188679
19138,53,52,0.0188679
19138,53,52,0.0188679
19139,53,52,0.0188679
19140,53,52,0.0188679
19140,53,52,0.0188679
19141,53,52,0.0188679
19143,53,52,0.0188679
19144,53,52,0.0188679
19145,53,52,0.0188679
19145,53,52,0.0188679
19146,53,52,0.0188679
19147,53,52,0.0188679
19147,53,52,0.0188679
19149,53,52,0.0188679
19150,53,52,0.0188679
19152,53,52,0.0188679
19153,53,52,0.0188679
19154,53,52,0.0188679
19155,53,52,0.0188679
19156,53,52,0.0188679
19157,53,52,0.0188679
19157,53,52,0.0188679
19158,53,52,0.0188679
19159,53,52,0.0188679
19160,53,52,0.0188679
19161,53,52,0.0188679
19162,53,52,0.0188679
19164,53,52,0.0188679
19165,53,52,0.0188679
19165,53,52,0.0188679
19166,53,52,0.0188679
19167,53,52,0.0188679
19168,53,52,0.0188679
19169,53,52,0.0188679
19170,53,52,0.0188679
19171,53,52,0.0188679
19172,53,52,0.0188679
19173,53,52,0.0188679
19174,53,52,0.0188679
19174,53,52,0.0188679
19175,53,52,0.0188679
19176,53,52,0.0188679
19177,53,52,0.0188679
19177,53,52,0.0188679
19178,53,52,0.0188679
19180,53,52,0.0188679
19180,53,52,0.0188679
19181,53,52,0.0188679
19182,53,52,0.0188679
19184,53,52,0.0188679
19185,53,52,0.0188679
19186,53,52,0.0188679
19187,53,52,0.0188679
19188,53,52,0.0188679
19189,53,52,0.0188679
19190,53,52,0.0188679
19191,53,52,0.0188679
19191,53,52,0.0188679
19192,53,52,0.0188679
19193,53,52,0.0188679
19194,53,52,0.0188679
19194,53,52,0.0188679
19195,53,52,0.0188679
19196,53,52,0.0188679
19197,53,52,0.0188679
19197,53,52,0.0188679
19198,53,52,0.0188679
19199,53,52,0.0188679
19199,53,52,0.0188679
19200,53,52,0.0188679
19201,53,52,0.0188679
19201,53,52,0.0188679
19202,53,52,0.0188679
19203,53,52,0.0188679
19204,53,52,0.0188679
19205,53,52,0.0188679
19205,53,52,0.0188679
19206,53,52,0.0188679
19208,53,52,0.0188679
19209,53,52,0.0188679
19210,53,52,0.0188679
19211,53,52,0.0188679
19213,53,52,0.0188679
19214,53,52,0.0188679
19215,53,52,0.0188679
19216,53,52,0.0188679
19217,53,52,0.0188679
19218,53,52,0.0188679
19219,53,52,0.0188679
19220,53,52,0.0188679
19221,53,52,0.0188679
19222,53,52,0.0188679
19224,53,52,0.0188679
19225,53,52,0.0188679
19226,53,52,0.0188679
19227,53,52,0.0188679
19227,53,52,0.0188679
19228,53,52,0.0188679
19229,53,52,0.0188679
19230,53,52,0.0188679
19231,53,52,0.0188679
19231,53,52,0.0188679
19233,53,52,0.0188679
19234,53,52,0.0188679
19235,53,52,0.0188679
19236,53,52,0.0188679
19236,53,52,0.0188679
19237,53,52,0.0188679
19238,53,52,0.0188679
19239,53,52,0.0188679
19239,53,52,0.0188679
19240,53,52,0.0188679
19241,53,52,0.0188679
19242,53,52,0.0188679
19243,53,52,0.0188679
19244,53,52,0.0188679
19245,53,52,0.0188679
19246,53,52,0.0188679
19246,53,52,0.0188679
19248,53,52,0.0188679
19249,53,52,0.0188679
19251,53,52,0.0188679
19252,53,52,0.0188679
19253,53,52,0.0188679
19256,53,52,0.0188679
19257,53,52,0.0188679
19258,53,52,0.0188679
19259,53,52,0.0188679
19261,53,52,0.0188679
19262,53,52,0.0188679
19263,53,52,0.0188679
19264,53,52,0.0188679
19265,53,52,0.0188679
19265,53,52,0.0188679
19266,53,52,0.0188679
19268,53,52,0.0188679
19268,53,52,0.0188679
19269,53,52,0.0188679
19270,53,52,0.0188679
19271,53,52,0.0188679
19271,53,52,0.0188679
19272,53,52,0.0188679
19273,53,52,0.0188679
19274,53,52,0.0188679
19274,53,52,0.0188679
19275,53,52,0.0188679
19276,53,52,0.0188679
19277,53,52,0.0188679
19277,53,52,0.0188679
19278,53,52,0.0188679
19279,53,52,0.0188679
19280,53,52,0.0188679
19280,53,52,0.0188679
19281,53,52,0.0188679
19282,53,52,0.0188679
19283,53,52,0.0188679
19284,53,52,0.0188679
19285,53,52,0.0188679
19286,53,52,0.0188679
19287,53,52,0.0188679
19288,53,52,0.0188679
19289,53,52,0.0188679
19289,53,52,0.0188679
19290,53,52,0.0188679
19291,53,52,0.0188679
19292,53,52,0.0188679
19294,53,52,0.0188679
19295,53,52,0.0188679
19295,53,52,0.0188679
19296,53,52,0.0188679
19297,53,52,0.0188679
19298,53,52,0.0188679
19299,53,52,0.0188679
19299,53,52,0.0188679
19300,53,52,0.0188679
19301,53,52,0.0188679
19303,53,52,0.0188679
19304,53,52,0.0188679
19306,53,52,0.0188679
19308,53,52,0.0188679
19309,53,52,0.0188679
19310,53,52,0.0188679
19311,53,52,0.0188679
19312,53,52,0.0188679
19313,53,52,0.0188679
19314,53,52,0.0188679
19315,53,52,0.0188679
19316,53,52,0.0188679
19316,53,52,0.0188679
19317,53,52,0.0188679
19318,53,52,0.0188679
19319,53,52,0.0188679
19319,53,52,0.0188679
19320,53,52,0.0188679
19321,53,52,0.0188679
19322,53,52,0.0188679
19323,53,52,0.0188679
19324,53,52,0.0188679
19324,53,52,0.0188679
19325,53,52,0.0188679
19326,53,52,0.0188679
19327,53,52,0.0188679
19327,53,52,0.0188679
19328,53,52,0.0188679
19329,53,52,0.0188679
19331,53,52,0.0188679
19332,53,52,0.0188679
19332,53,52,0.0188679
19333,53,52,0.0188679
19334,53,52,0.0188679
19335,53,52,0.0188679
19336,53,52,0.0188679
19337,53,52,0.0188679
19337,53,52,0.0188679
19338,53,52,0.0188679
19339,53,52,0.0188679
19340,53,52,0.0188679
19341,53,52,0.0188679
19342,53,52,0.0188679
19343,53,52,0.0188679
19344,53,52,0.0188679
19344,53,52,0.0188679
19345,53,52,0.0188679
19347,53,52,0.0188679
19348,53,52,0.0188679
19350,53,52,0.0188679
19352,53,52,0.0188679
19353,53,52,0.0188679
19354,53,52,0.0188679
19355,53,52,0.0188679
19356,53,52,0.0188679
19357,53,52,0.0188679
19358,53,52,0.0188679
19359,53,52,0.0188679
19361,53,52,0.0188679
19362,53,52,0.0188679
19363,53,52,0.0188679
19364,53,52,0.0188679
19365,53,52,0.0188679
19366,53,52,0.0188679
19367,53,52,0.0188679
19368,53,52,0.0188679
19369,53,52,0.0188679
19370,53,52,0.0188679
19371,53,52,0.0188679
19372,53,52,0.0188679
19373,53,52,0.0188679
19374,53,52,0.0188679
19375,53,52,0.0188679
19376,53,52,0.0188679
19377,53,52,0.0188679
19379,53,52,0.0188679
19380,53,52,0.0188679
19381,53,52,0.0188679
19382,53,52,0.0188679
19383,53,52,0.0188679
19384,53,52,0.0188679
19385,53,52,0.0188679
19386,53,52,0.0188679
19387,53,52,0.0188679
19388,53,52,0.0188679
19388,53,52,0.0188679
19389,53,52,0.0188679
19390,53,52,0.0188679
19391,53,52,0.0188679
19391,53,52,0.0188679
19393,53,52,0.0188679
19394,53,52,0.0188679
19395,53,52,0.0188679
19396,53,52,0.0188679
19397,53,52,0.0188679
19398,53,52,0.0188679
19399,53,52,0.0188679
19400,53,52,0.0188679
19401,53,52,0.0188679
19403,53,52,0.0188679
19403,53,52,0.0188679
19404,53,52,0.0188679
19405,53,52,0.0188679
19406,53,52,0.0188679
19407,53,52,0.0188679
19408,53,52,0.0188679
19409,53,52,0.0188679
19409,53,52,0.0188679
19410,53,52,0.0188679
19412,53,52,0.0188679
19413,53,52,0.0188679
19414,53,52,0.0188679
19414,53,52,0.0188679
19417,53,52,0.0188679
19418,53,52,0.0188679
19420,53,52,0.0188679
19421,53,52,0.0188679
19422,53,52,0.0188679
19424,53,52,0.0188679
19425,53,52,0.0188679
19425,53,52,0.0188679
19426,53,52,0.0188679
19427,53,52,0.0188679
19428,53,52,0.0188679
19429,53,52,0.0188679
19430,53,52,0.0188679
19430,53,52,0.0188679
19431,53,52,0.0188679
19432,53,52,0.0188679
19433,53,52,0.0188679
19435,53,52,0.0188679
19436,53,52,0.0188679
19438,53,52,0.0188679
19439,53,52,0.0188679
19439,53,52,0.0188679
19440,53,52,0.0188679
19441,53,52,0.0188679
19442,53,52,0.0188679
19442,53,52,0.0188679
19443,53,52,0.0188679
19444,53,52,0.0188679
19445,53,52,0.0188679
19445,53,52,0.0188679
19446,53,52,0.0188679
19447,53,52,0.0188679
19448,53,52,0.0188679
19448,53,52,0.0188679
19449,53,52,0.0188679
19450,53,52,0.0188679
19451,53,52,0.0188679
19452,53,52,0.0188679
19453,53,52,0.0188679
19454,53,52,0.0188679
19455,53,52,0.0188679
19456,53,52,0.0188679
19457,53,52,0.0188679
19457,53,52,0.0188679
19458,53,52,0.0188679
19459,53,52,0.0188679
19460,53,52,0.0188679
19460,53,52,0.0188679
19462,53,52,0.0188679
19463,53,52,0.0188679
19464,53,52,0.0188679
19464,53,52,0.0188679
19465,53,52,0.0188679
19466,53,52,0.0188679
19467,53,52,0.0188679
19468,53,52,0.0188679
19469,53,52,0.0188679
19470,53,52,0.0188679
19471,53,52,0.0188679
19471,53,52,0.0188679
19472,53,52,0.0188679
19473,53,52,0.0188679
19474,53,52,0.0188679
19474,53,52,0.0188679
19475,53,52,0.0188679
19476,53,52,0.0188679
19477,53,52,0.0188679
19478,53,52,0.0188679
19480,53,52,0.0188679
19481,53,52,0.0188679
19482,53,52,0.0188679
19482,53,52,0.0188679
19483,53,52,0.0188679
19484,53,52,0.0188679
19485,53,52,0.0188679
19486,53,52,0.0188679
19487,53,52,0.0188679
19488,53,52,0.0188679
19489,53,52,0.0188679
19489,53,52,0.0188679
19490,53,52,0.0188679
19491,53,52,0.0188679
19492,53,52,0.0188679
19493,53,52,0.0188679
19494,53,52,0.0188679
19494,53,52,0.0188679
19495,53,52,0.0188679
19496,53,52,0.0188679
19497,53,52,0.0188679
19497,53,52,0.0188679
19498,53,52,0.0188679
19499,53,52,0.0188679
19502,53,52,0.0188679
19503,53,52,0.0188679
19505,53,52,0.0188679
19505,53,52,0.0188679
19507,53,52,0.0188679
19508,53,52,0.0188679
19509,53,52,0.0188679
19510,53,52,0.0188679
19513,53,52,0.0188679
19514,53,52,0.0188679
19515,53,52,0.0188679
19516,53,52,0.0188679
19517,53,52,0.0188679
19518,53,52,0.0188679
19520,53,52,0.0188679
19523,53,52,0.0188679
19524,53,52,0.0188679
19524,53,52,0.0188679
19525,53,52,0.0188679
19526,53,52,0.0188679
19527,53,52,0.0188679
19528,53,52,0.0188679
19530,53,52,0.0188679
19532,53,52,0.0188679
19533,53,52,0.0188679
19534,53,52,0.0188679
19535,53,52,0.0188679
19537,53,52,0.0188679
19539,53,52,0.0188679
19541,53,52,0.0188679
19542,53,52,0.0188679
19543,53,52,0.0188679
19544,53,52,0.0188679
19546,53,52,0.0188679
19547,53,52,0.0188679
19549,53,52,0.0188679
19550,53,52,0.0188679
19551,53,52,0.0188679
19553,53,52,0.0188679
19556,53,52,0.0188679
19558,53,52,0.0188679
19559,53,52,0.0188679
19561,53,52,0.0188679
19563,53,52,0.0188679
19564,53,52,0.0188679
19565,53,52,0.0188679
19566,53,52,0.0188679
19567,53,52,0.0188679
19569,53,52,0.0188679
19569,53,52,0.0188679
19571,53,52,0.0188679
19573,53,52,0.0188679
19574,53,52,0.0188679
19575,53,52,0.0188679
19576,53,52,0.0188679
19577,53,52,0.0188679
19578,53,52,0.0188679
19580,53,52,0.0188679
19581,53,52,0.0188679
19582,53,52,0.0188679
19584,53,52,0.0188679
19585,53,52,0.0188679
19586,53,52,0.0188679
19588,53,52,0.0188679
19589,53,52,0.0188679
19590,53,52,0.0188679
19591,53,52,0.0188679
19592,53,52,0.0188679
19593,53,52,0.0188679
19594,53,52,0.0188679
19595,53,52,0.0188679
19597,53,52,0.0188679
19598,53,52,0.0188679
19599,53,52,0.0188679
19600,53,52,0.0188679
19601,53,52,0.0188679
19602,53,52,0.0188679
19603,53,52,0.0188679
19605,53,52,0.0188679
19606,53,52,0.0188679
19608,53,52,0.0188679
19608,53,52,0.0188679
19609,53,52,0.0188679
19610,53,52,0.0188679
19612,53,52,0.0188679
19613,53,52,0.0188679
19613,53,52,0.0188679
19614,53,52,0.0188679
19615,53,52,0.0188679
19616,53,52,0.0188679
19617,53,52,0.0188679
19617,53,52,0.0188679
19618,53,52,0.0188679
19619,53,52,0.0188679
19620,53,52,0.0188679
19621,53,52,0.0188679
19622,53,52,0.0188679
19623,53,52,0.0188679
19623,53,52,0.0188679
19624,53,52,0.0188679
19625,53,52,0.0188679
19625,53,52,0.0188679
19626,53,52,0.0188679
19627,53,52,0.0188679
19628,53,52,0.0188679
19628,53,52,0.0188679
19630,53,52,0.0188679
19631,53,52,0.0188679
19632,53,52,0.0188679
19633,53,52,0.0188679
19634,53,52,0.0188679
19635,53,52,0.0188679
19636,53,52,0.0188679
19637,53,52,0.0188679
19638,53,52,0.0188679
19639,53,52,0.0188679
19640,53,52,0.0188679
19640,53,52,0.0188679
19641,53,52,0.0188679
19642,53,52,0.0188679
19643,53,52,0.0188679
19643,53,52,0.0188679
19644,53,52,0.0188679
19645,53,52,0.0188679
19646,53,52,0.0188679
19646,53,52,0.0188679
19648,53,52,0.0188679
19649,53,52,0.0188679
19650,53,52,0.0188679
19651,53,52,0.0188679
19652,53,52,0.0188679
19653,53,52,0.0188679
19655,53,52,0.0188679
19655,53,52,0.0188679
19656,53,52,0.0188679
19657,53,52,0.0188679
19658,53,52,0.0188679
19658,53,52,0.0188679
19659,53,52,0.0188679
19660,53,52,0.0188679
19662,53,52,0.0188679
19662,53,52,0.0188679
19663,53,52,0.0188679
19664,53,52,0.0188679
19665,53,52,0.0188679
19666,53,52,0.0188679
19667,53,52,0.0188679
19667,53,52,0.0188679
19668,53,52,0.0188679
19669,53,52,0.0188679
19670,53,52,0.0188679
19671,53,52,0.0188679
19672,53,52,0.0188679
19673,53,52,0.0188679
19673,53,52,0.0188679
19674,53,52,0.0188679
19675,53,52,0.0188679
19676,53,52,0.0188679
19676,53,52,0.0188679
19677,53,52,0.0188679
19678,53,52,0.0188679
19679,53,52,0.0188679
19680,53,52,0.0188679
19680,53,52,0.0188679
19681,53,52,0.0188679
19682,53,52,0.0188679
19683,53,52,0.0188679
19685,53,52,0.0188679
19686,53,52,0.0188679
19687,53,52,0.0188679
19688,53,52,0.0188679
19689,53,52,0.0188679
19690,53,52,0.0188679
19692,53,52,0.0188679
19692,53,52,0.0188679
19693,53,52,0.0188679
19694,53,52,0.0188679
19695,53,52,0.0188679
19697,53,52,0.0188679
19697,53,52,0.0188679
19698,53,52,0.0188679
19699,53,52,0.0188679
19700,53,52,0.0188679
19701,53,52,0.0188679
19702,53,52,0.0188679
19702,53,52,0.0188679
19703,53,52,0.0188679
19704,53,52,0.0188679
19705,53,52,0.0188679
19706,53,52,0.0188679
19707,53,52,0.0188679
19708,53,52,0.0188679
19708,53,52,0.0188679
19709,53,52,0.0188679
19710,53,52,0.0188679
19711,53,52,0.0188679
19712,53,52,0.0188679
19713,53,52,0.0188679
19714,53,52,0.0188679
19715,53,52,0.0188679
19716,53,52,0.0188679
19717,53,52,0.0188679
19718,53,52,0.0188679
19718,53,52,0.0188679
19719,53,52,0.0188679
19721,53,52,0.0188679
19722,53,52,0.0188679
19723,53,52,0.0188679
19724,53,52,0.0188679
19724,53,52,0.0188679
19725,53,52,0.0188679
19726,53,52,0.0188679
19727,53,52,0.0188679
19728,53,52,0.0188679
19730,53,52,0.0188679
19731,53,52,0.0188679
19732,53,52,0.0188679
19735,53,52,0.0188679
19736,53,52,0.0188679
19737,53,52,0.0188679
19738,53,52,0.0188679
19739,53,52,0.0188679
19740,53,52,0.0188679
19741,53,52,0.0188679
19742,53,52,0.0188679
19744,53,52,0.0188679
19745,53,52,0.0188679
19747,53,52,0.0188679
19748,53,52,0.0188679
19749,53,52,0.0188679
19750,53,52,0.0188679
19751,53,52,0.0188679
19752,53,52,0.0188679
19756,53,52,0.0188679
19757,53,52,0.0188679
19758,53,52,0.0188679
19759,53,52,0.0188679
19759,53,52,0.0188679
19760,53,52,0.0188679
19761,53,52,0.0188679
19763,53,52,0.0188679
19764,53,52,0.0188679
19764,53,52,0.0188679
19766,53,52,0.0188679
19767,53,52,0.0188679
19769,53,52,0.0188679
19770,53,52,0.0188679
19772,53,52,0.0188679
19773,53,52,0.0188679
19774,53,52,0.0188679
19775,53,52,0.0188679
19776,53,52,0.0188679
19777,53,52,0.0188679
19778,53,52,0.0188679
19779,53,52,0.0188679
19780,53,52,0.0188679
19781,53,52,0.0188679
19782,53,52,0.0188679
19783,53,52,0.0188679
19784,53,52,0.0188679
19786,53,52,0.0188679
19788,53,52,0.0188679
19790,53,52,0.0188679
19791,53,52,0.0188679
19791,53,52,0.0188679
19792,53,52,0.0188679
19793,53,52,0.0188679
19794,53,52,0.0188679
19795,53,52,0.0188679
19797,53,52,0.0188679
19798,53,52,0.0188679
19799,53,52,0.0188679
19800,53,52,0.0188679
19801,53,52,0.0188679
19803,53,52,0.0188679
19807,53,52,0.0188679
19809,53,52,0.0188679
19810,53,52,0.0188679
19811,53,52,0.0188679
19812,53,52,0.0188679
19813,53,52,0.0188679
19814,53,52,0.0188679
19816,53,52,0.0188679
19817,53,52,0.0188679
19818,53,52,0.0188679
19820,53,52,0.0188679
19822,53,52,0.0188679
19824,53,52,0.0188679
19825,53,52,0.0188679
19826,53,52,0.0188679
19827,53,52,0.0188679
19828,53,52,0.0188679
19829,53,52,0.0188679
19830,53,52,0.0188679
19831,53,52,0.0188679
19833,53,52,0.0188679
19836,53,52,0.0188679
19838,53,52,0.0188679
19840,53,52,0.0188679
19841,53,52,0.0188679
19842,53,52,0.0188679
19843,53,52,0.0188679
19844,53,52,0.0188679
19846,53,52,0.0188679
19847,53,52,0.0188679
19850,53,52,0.0188679
19851,53,52,0.0188679
19852,53,52,0.0188679
19853,53,52,0.0188679
19855,53,52,0.0188679
19856,53,52,0.0188679
19857,53,52,0.0188679
19857,53,52,0.0188679
19859,53,52,0.0188679
19860,53,52,0.0188679
19861,53,52,0.0188679
19862,53,52,0.0188679
19863,53,52,0.0188679
19864,53,52,0.0188679
19865,53,52,0.0188679
19867,53,52,0.0188679
19869,53,52,0.0188679
19870,53,52,0.0188679
19871,53,52,0.0188679
19873,53,52,0.0188679
19873,53,52,0.0188679
19874,53,52,0.0188679
19875,53,52,0.0188679
19876,53,52,0.0188679
19877,53,52,0.0188679
19878,53,52,0.0188679
19879,53,52,0.0188679
19880,53,52,0.0188679
19881,53,52,0.0188679
19882,53,52,0.0188679
19883,53,52,0.0188679
19884,53,52,0.0188679
19885,53,52,0.0188679
19886,53,52,0.0188679
19887,53,52,0.0188679
19888,53,52,0.0188679
19889,53,52,0.0188679
19890,53,52,0.0188679
19891,53,52,0.0188679
19892,53,52,0.0188679
19893,53,52,0.0188679
19894,53,52,0.0188679
19895,53,52,0.0188679
19896,53,52,0.0188679
19897,53,52,0.0188679
19898,53,52,0.0188679
19899,53,52,0.0188679
19900,53,52,0.0188679
19901,53,52,0.0188679
19902,53,52,0.0188679
19903,53,52,0.0188679
19904,53,52,0.0188679
19905,53,52,0.0188679
19905,53,52,0.0188679
19906,53,52,0.0188679
19907,53,52,0.0188679
19908,53,52,0.0188679
19909,53,52,0.0188679
19910,53,52,0.0188679
19911,53,52,0.0188679
19911,53,52,0.0188679
19912,53,52,0.0188679
19913,53,52,0.0188679
19914,53,52,0.0188679
19915,53,52,0.0188679
19916,53,52,0.0188679
19917,53,52,0.0188679
19918,53,52,0.0188679
19919,53,52,0.0188679
19920,53,52,0.0188679
19921,53,52,0.0188679
19921,53,52,0.0188679
19922,53,52,0.0188679
19923,53,52,0.0188679
19924,53,52,0.0188679
19925,53,52,0.0188679
19926,53,52,0.0188679
19927,53,52,0.0188679
19927,53,52,0.0188679
19928,53,52,0.0188679
19929,53,52,0.0188679
19932,53,52,0.0188679
19933,53,52,0.0188679
19934,53,52,0.0188679
19935,53,52,0.0188679
19936,53,52,0.0188679
19938,53,52,0.0188679
19939,53,52,0.0188679
19939,53,52,0.0188679
19940,53,52,0.0188679
19941,53,52,0.0188679
19942,53,52,0.0188679
19943,53,52,0.0188679
19945,53,52,0.0188679
19946,53,52,0.0188679
19948,53,52,0.0188679
19948,53,52,0.0188679
19950,53,52,0.0188679
19952,53,52,0.0188679
19953,53,52,0.0188679
19954,53,52,0.0188679
19955,53,52,0.0188679
19956,53,52,0.0188679
19957,53,52,0.0188679
19958,53,52,0.0188679
19958,53,52,0.0188679
19959,53,52,0.0188679
19960,53,52,0.0188679
19961,53,52,0.0188679
19962,53,52,0.0188679
19963,53,52,0.0188679
19964,53,52,0.0188679
19964,53,52,0.0188679
19965,53,52,0.0188679
19967,53,52,0.0188679
19968,53,52,0.0188679
19969,53,52,0.0188679
19970,53,52,0.0188679
19971,53,52,0.0188679
19972,53,52,0.0188679
19973,53,52,0.0188679
19974,53,52,0.0188679
19974,53,52,0.0188679
19976,53,52,0.0188679
19978,53,52,0.0188679
19979,53,52,0.0188679
19980,53,52,0.0188679
19981,53,52,0.0188679
19982,53,52,0.0188679
19985,53,52,0.0188679
19986,53,52,0.0188679
19987,53,52,0.0188679
19989,53,52,0.0188679
19990,53,52,0.0188679
19990,53,52,0.0188679
19991,53,52,0.0188679
19992,53,52,0.0188679
19993,53,52,0.0188679
19994,53,52,0.0188679
19995,53,52,0.0188679
19996,53,52,0.0188679
19996,53,52,0.0188679
19997,53,52,0.0188679
20000,53,52,0.0188679
20001,53,52,0.0188679
20001,53,52,0.0188679
20002,53,52,0.0188679
20003,53,52,0.0188679
20005,53,52,0.0188679
20006,53,52,0.0188679
20007,53,52,0.0188679
20008,53,52,0.0188679
20009,53,52,0.0188679
20010,53,52,0.0188679
20010,53,52,0.0188679
20012,53,52,0.0188679
20013,53,52,0.0188679
20014,53,52,0.0188679
20015,53,52,0.0188679
20016,53,52,0.0188679
20017,53,52,0.0188679
20018,53,52,0.0188679
20018,53,52,0.0188679
20019,53,52,0.0188679
20020,53,52,0.0188679
20021,53,52,0.0188679
20022,53,52,0.0188679
20022,53,52,0.0188679
20023,53,52,0.0188679
20024,53,52,0.0188679
20025,53,52,0.0188679
20027,53,52,0.0188679
20028,53,52,0.0188679
20030,53,52,0.0188679
20031,53,52,0.0188679
20032,53,52,0.0188679
20033,53,52,0.0188679
20034,53,52,0.0188679
20034,53,52,0.0188679
20035,53,52,0.0188679
20038,53,52,0.0188679
20039,53,52,0.0188679
20040,53,52,0.0188679
20041,53,52,0.0188679
20042,53,52,0.0188679
20043,53,52,0.0188679
20044,53,52,0.0188679
20045,53,52,0.0188679
20046,53,52,0.0188679
20047,53,52,0.0188679
20048,53,52,0.0188679
20049,53,52,0.0188679
20049,53,52,0.0188679
20050,53,52,0.0188679
20051,53,52,0.0188679
20052,53,52,0.0188679
20053,53,52,0.0188679
20054,53,52,0.0188679
20055,53,52,0.0188679
20056,53,52,0.0188679
20057,53,52,0.0188679
20058,53,52,0.0188679
20059,53,52,0.0188679
20061,53,52,0.0188679
20062,53,52,0.0188679
20064,53,52,0.0188679
20065,53,52,0.0188679
20070,53,52,0.0188679
20071,53,52,0.0188679
20072,53,52,0.0188679
20073,53,52,0.0188679
20074,53,52,0.0188679
20075,53,52,0.0188679
20076,53,52,0.0188679
20077,53,52,0.0188679
20078,53,52,0.0188679
20080,53,52,0.0188679
20081,53,52,0.0188679
20083,53,52,0.0188679
20085,53,52,0.0188679
20086,53,52,0.0188679
20087,53,52,0.0188679
20088,53,52,0.0188679
20091,53,52,0.0188679
20092,53,52,0.0188679
20093,53,52,0.0188679
20094,53,52,0.0188679
20095,53,52,0.0188679
20096,53,52,0.0188679
20098,53,52,0.0188679
20099,53,52,0.0188679
20101,53,52,0.0188679
20103,53,52,0.0188679
20104,53,52,0.0188679
20107,53,52,0.0188679
20108,53,52,0.0188679
20109,53,52,0.0188679
20110,53,52,0.0188679
20111,53,52,0.0188679
20111,53,52,0.0188679
20113,53,52,0.0188679
20114,53,52,0.0188679
20115,53,52,0.0188679
20116,53,52,0.0188679
20118,53,52,0.0188679
20120,53,52,0.0188679
20121,53,52,0.0188679
20123,53,52,0.0188679
20124,53,52,0.0188679
20125,53,52,0.0188679
20126,53,52,0.0188679
20127,53,52,0.0188679
20128,53,52,0.0188679
20130,53,52,0.0188679
20131,53,52,0.0188679
20132,53,52,0.0188679
20133,53,52,0.0188679
20135,53,52,0.0188679
20136,53,52,0.0188679
20137,53,52,0.0188679
20139,53,52,0.0188679
20140,53,52,0.0188679
20141,53,52,0.0188679
20142,53,52,0.0188679
20142,53,52,0.0188679
20143,53,52,0.0188679
20144,53,52,0.0188679
20145,53,52,0.0188679
20147,53,52,0.0188679
20152,53,52,0.0188679
20153,53,52,0.0188679
20154,53,52,0.0188679
20155,53,52,0.0188679
20156,53,52,0.0188679
20157,53,52,0.0188679
20158,53,52,0.0188679
20159,53,52,0.0188679
20160,53,52,0.0188679
20161,53,52,0.0188679
20162,53,52,0.0188679
20164,53,52,0.0188679
20165,53,52,0.0188679
20167,53,52,0.0188679
20168,53,52,0.0188679
20169,53,52,0.0188679
20170,53,52,0.0188679
20171,53,52,0.0188679
20172,53,52,0.0188679
20173,53,52,0.0188679
20175,53,52,0.0188679
20176,53,52,0.0188679
20177,53,52,0.0188679
20178,53,52,0.0188679
20179,53,52,0.0188679
20180,53,52,0.0188679
20181,53,52,0.0188679
20182,53,52,0.0188679
20183,53,52,0.0188679
20184,53,52,0.0188679
20185,53,52,0.0188679
20186,53,52,0.0188679
20187,53,52,0.0188679
20188,53,52,0.0188679
20189,53,52,0.0188679
20190,53,52,0.0188679
20191,53,52,0.0188679
20192,53,52,0.0188679
20193,53,52,0.0188679
20194,53,52,0.0188679
20194,53,52,0.0188679
20195,53,52,0.0188679
20197,53,52,0.0188679
20198,53,52,0.0188679
20198,53,52,0.0188679
20199,53,52,0.0188679
20200,53,52,0.0188679
20202,53,52,0.0188679
20203,53,52,0.0188679
20204,53,52,0.0188679
20205,53,52,0.0188679
20206,53,52,0.0188679
20207,53,52,0.0188679
20208,53,52,0.0188679
20209,53,52,0.0188679
20209,53,52,0.0188679
20210,53,52,0.0188679
20211,53,52,0.0188679
20213,53,52,0.0188679
20213,53,52,0.0188679
20215,53,52,0.0188679
20216,53,52,0.0188679
20218,53,52,0.0188679
20219,53,52,0.0188679
20219,53,52,0.0188679
20220,53,52,0.0188679
20221,53,52,0.0188679
20222,53,52,0.0188679
20223,53,52,0.0188679
20223,53,52,0.0188679
20224,53,52,0.0188679
20225,53,52,0.0188679
20227,53,52,0.0188679
20230,53,52,0.0188679
20231,53,52,0.0188679
20232,53,52,0.0188679
20233,53,52,0.0188679
20234,53,52,0.0188679
20235,53,52,0.0188679
20236,53,52,0.0188679
20237,53,52,0.0188679
20239,53,52,0.0188679
20240,53,52,0.0188679
20241,53,52,0.0188679
20242,53,52,0.0188679
20242,53,52,0.0188679
20244,53,52,0.0188679
20245,53,52,0.0188679
20246,53,52,0.0188679
20248,53,52,0.0188679
20249,53,52,0.0188679
20249,53,52,0.0188679
20250,53,52,0.0188679
20252,53,52,0.0188679
20253,53,52,0.0188679
20254,53,52,0.0188679
20255,53,52,0.0188679
20256,53,52,0.0188679
20256,53,52,0.0188679
20257,53,52,0.0188679
20258,53,52,0.0188679
20259,53,52,0.0188679
20260,53,52,0.0188679
20261,53,52,0.0188679
20262,53,52,0.0188679
20262,53,52,0.0188679
20264,53,52,0.0188679
20264,53,52,0.0188679
20265,53,52,0.0188679
20266,53,52,0.0188679
20267,53,52,0.0188679
20268,53,52,0.0188679
20268,53,52,0.0188679
20270,53,52,0.0188679
20271,53,52,0.0188679
20272,53,52,0.0188679
20273,53,52,0.0188679
20274,53,52,0.0188679
20275,53,52,0.0188679
20276,53,52,0.0188679
20278,53,52,0.0188679
20279,53,52,0.0188679
20282,53,52,0.0188679
20283,53,52,0.0188679
20285,53,52,0.0188679
20286,53,52,0.0188679
20286,53,52,0.0188679
20287,53,52,0.0188679
20288,53,52,0.0188679
20289,53,52,0.0188679
20290,53,52,0.0188679
20291,53,52,0.0188679
20292,53,52,0.0188679
20292,53,52,0.0188679
20294,53,52,0.0188679
20295,53,52,0.0188679
20296,53,52,0.0188679
20296,53,52,0.0188679
20298,53,52,0.0188679
20299,53,52,0.0188679
20300,53,52,0.0188679
20301,53,52,0.0188679
20302,53,52,0.0188679
20303,53,52,0.0188679
20304,53,52,0.0188679
20304,53,52,0.0188679
20305,53,52,0.0188679
20306,53,52,0.0188679
20307,53,52,0.0188679
20308,53,52,0.0188679
20309,53,52,0.0188679
20310,53,52,0.0188679
20311,53,52,0.0188679
20312,53,52,0.0188679
20313,53,52,0.0188679
20314,53,52,0.0188679
20315,53,52,0.0188679
20316,53,52,0.0188679
20316,53,52,0.0188679
20317,53,52,0.0188679
20318,53,52,0.0188679
20319,53,52,0.0188679
20321,53,52,0.0188679
20322,53,52,0.0188679
20323,53,52,0.0188679
20324,53,52,0.0188679
20325,53,52,0.0188679
20327,53,52,0.0188679
20328,53,52,0.0188679
20328,53,52,0.0188679
20329,53,52,0.0188679
20330,53,52,0.0188679
20331,53,52,0.0188679
20332,53,52,0.0188679
20333,53,52,0.0188679
20334,53,52,0.0188679
20335,53,52,0.0188679
20336,53,52,0.0188679
20336,53,52,0.0188679
20338,53,52,0.0188679
20339,53,52,0.0188679
20341,53,52,0.0188679
20342,53,52,0.0188679
20344,53,52,0.0188679
20345,53,52,0.0188679
20351,53,52,0.0188679
20353,53,52,0.0188679
20355,53,52,0.0188679
20356,53,52,0.0188679
20357,53,52,0.0188679
20358,53,52,0.0188679
20359,53,52,0.0188679
20361,53,52,0.0188679
20362,53,52,0.0188679
20364,53,52,0.0188679
20365,53,52,0.0188679
20367,53,52,0.0188679
20370,53,52,0.0188679
20371,53,52,0.0188679
20372,53,52,0.0188679
20373,53,52,0.0188679
20373,53,52,0.0188679
20375,53,52,0.0188679
20378,53,52,0.0188679
20379,53,52,0.0188679
20380,53,52,0.0188679
20382,53,52,0.0188679
20383,53,52,0.0188679
20386,53,52,0.0188679
20386,53,52,0.0188679
20387,53,52,0.0188679
20390,53,52,0.0188679
20394,53,52,0.0188679
20395,53,52,0.0188679
20396,53,52,0.0188679
20397,53,52,0.0188679
20399,53,52,0.0188679
20400,53,52,0.0188679
20402,53,52,0.0188679
20403,53,52,0.0188679
20403,53,52,0.0188679
20404,53,52,0.0188679
20406,53,52,0.0188679
20407,53,52,0.0188679
20408,53,52,0.0188679
20409,53,52,0.0188679
20409,53,52,0.0188679
20410,53,52,0.0188679
20411,53,52,0.0188679
20412,53,52,0.0188679
20413,53,52,0.0188679
20413,53,52,0.0188679
20414,53,52,0.0188679
20415,53,52,0.0188679
20417,53,52,0.0188679
20419,53,52,0.0188679
20419,53,52,0.0188679
20420,53,52,0.0188679
20421,53,52,0.0188679
20422,53,52,0.0188679
20423,53,52,0.0188679
20424,53,52,0.0188679
20425,53,52,0.0188679
20427,53,52,0.0188679
20428,53,52,0.0188679
20429,53,52,0.0188679
20430,53,52,0.0188679
20431,53,52,0.0188679
20433,53,52,0.0188679
20434,53,52,0.0188679
20435,53,52,0.0188679
20437,53,52,0.0188679
20437,53,52,0.0188679
20439,53,52,0.0188679
20440,53,52,0.0188679
20441,53,52,0.0188679
20442,53,52,0.0188679
20443,53,52,0.0188679
20444,53,52,0.0188679
20445,53,52,0.0188679
20446,53,52,0.0188679
20446,53,52,0.0188679
20447,53,52,0.0188679
20448,53,52,0.0188679
20449,53,52,0.0188679
20450,53,52,0.0188679
20451,53,52,0.0188679
20452,53,52,0.0188679
20453,53,52,0.0188679
20454,53,52,0.0188679
20455,53,52,0.0188679
20456,53,52,0.0188679
20457,53,52,0.0188679
20457,53,52,0.0188679
20458,53,52,0.0188679
20459,53,52,0.0188679
20460,53,52,0.0188679
20461,53,52,0.0188679
20461,53,52,0.0188679
20462,53,52,0.0188679
20463,53,52,0.0188679
20464,53,52,0.0188679
20465,53,52,0.0188679
20466,53,52,0.0188679
20466,53,52,0.0188679
20467,53,52,0.0188679
20468,53,52,0.0188679
20470,53,52,0.0188679
20471,53,52,0.0188679
20472,53,52,0.0188679
20473,53,52,0.0188679
20474,53,52,0.0188679
20475,53,52,0.0188679
20476,53,52,0.0188679
20477,53,52,0.0188679
20477,53,52,0.0188679
20478,53,52,0.0188679
20481,53,52,0.0188679
20483,53,52,0.0188679
20484,53,52,0.0188679
20485,53,52,0.0188679
20486,53,52,0.0188679
20488,53,52,0.0188679
20491,53,52,0.0188679
20492,53,52,0.0188679
20494,53,52,0.0188679
20495,53,52,0.0188679
20495,53,52,0.0188679
20496,53,52,0.0188679
20497,53,52,0.0188679
20498,53,52,0.0188679
20499,53,52,0.0188679
20500,53,52,0.0188679
20501,53,52,0.0188679
20501,53,52,0.0188679
20502,53,52,0.0188679
20503,53,52,0.0188679
20505,53,52,0.0188679
20506,53,52,0.0188679
20507,53,52,0.0188679
20509,53,52,0.0188679
20511,53,52,0.0188679
20513,53,52,0.0188679
20514,53,52,0.0188679
20515,53,52,0.0188679
20516,53,52,0.0188679
20517,53,52,0.0188679
20518,53,52,0.0188679
20519,53,52,0.0188679
20520,53,52,0.0188679
20521,53,52,0.0188679
20522,53,52,0.0188679
20523,53,52,0.0188679
20524,53,52,0.0188679
20525,53,52,0.0188679
20526,53,52,0.0188679
20527,53,52,0.0188679
20528,53,52,0.0188679
20528,53,52,0.0188679
20531,53,52,0.0188679
20532,53,52,0.0188679
20533,53,52,0.0188679
20534,53,52,0.0188679
20534,53,52,0.0188679
20535,53,52,0.0188679
20536,53,52,0.0188679
20537,53,52,0.0188679
20538,53,52,0.0188679
20538,53,52,0.0188679
20539,53,52,0.0188679
20540,53,52,0.0188679
20541,53,52,0.0188679
20542,53,52,0.0188679
20542,53,52,0.0188679
20543,53,52,0.0188679
20545,53,52,0.0188679
20546,53,52,0.0188679
20548,53,52,0.0188679
20548,53,52,0.0188679
20549,53,52,0.0188679
20550,53,52,0.0188679
20551,53,52,0.0188679
20552,53,52,0.0188679
20553,53,52,0.0188679
20553,53,52,0.0188679
20554,53,52,0.0188679
20555,53,52,0.0188679
20556,53,52,0.0188679
20558,53,52,0.0188679
20559,53,52,0.0188679
20561,53,52,0.0188679
20563,53,52,0.0188679
20566,53,52,0.0188679
20567,53,52,0.0188679
20568,53,52,0.0188679
20570,53,52,0.0188679
20571,53,52,0.0188679
20573,53,52,0.0188679
20574,53,52,0.0188679
20575,53,52,0.0188679
20577,53,52,0.0188679
20578,53,52,0.0188679
20580,53,52,0.0188679
20584,53,52,0.0188679
20586,53,52,0.0188679
20588,53,52,0.0188679
20589,53,52,0.0188679
20590,53,52,0.0188679
20591,53,52,0.0188679
20592,53,52,0.0188679
20593,53,52,0.0188679
20594,53,52,0.0188679
20596,53,52,0.0188679
20598,53,52,0.0188679
20604,53,52,0.0188679
20606,53,52,0.0188679
20607,53,52,0.0188679
20608,53,52,0.0188679
20609,53,52,0.0188679
20612,53,52,0.0188679
20613,53,52,0.0188679
20615,53,52,0.0188679
20616,53,52,0.0188679
20617,53,52,0.0188679
20619,53,52,0.0188679
20620,53,52,0.0188679
20622,53,52,0.0188679
20623,53,52,0.0188679
20624,53,52,0.0188679
20625,53,52,0.0188679
20626,53,52,0.0188679
20627,53,52,0.0188679
20628,53,52,0.0188679
20630,53,52,0.0188679
20631,53,52,0.0188679
20632,53,52,0.0188679
20633,53,52,0.0188679
20635,53,52,0.0188679
20636,53,52,0.0188679
20637,53,52,0.0188679
20641,53,52,0.0188679
20642,53,52,0.0188679
20643,53,52,0.0188679
20644,53,52,0.0188679
20645,53,52,0.0188679
20646,53,52,0.0188679
20647,53,52,0.0188679
20649,53,52,0.0188679
20650,53,52,0.0188679
20651,53,52,0.0188679
20653,53,52,0.0188679
20655,53,52,0.0188679
20656,53,52,0.0188679
20657,53,52,0.0188679
20658,53,52,0.0188679
20659,53,52,0.0188679
20660,53,52,0.0188679
20661,53,52,0.0188679
20662,53,52,0.0188679
20663,53,52,0.0188679
20667,53,52,0.0188679
20668,53,52,0.0188679
20669,53,52,0.0188679
20673,53,52,0.0188679
20674,53,52,0.0188679
20675,53,52,0.0188679
20676,53,52,0.0188679
20678,53,52,0.0188679
20679,53,52,0.0188679
20680,53,52,0.0188679
20682,53,52,0.0188679
20685,53,52,0.0188679
20688,53,52,0.0188679
20690,53,52,0.0188679
20691,53,52,0.0188679
20692,53,52,0.0188679
20693,53,52,0.0188679
20693,53,52,0.0188679
20694,53,52,0.0188679
20695,53,52,0.0188679
20697,53,52,0.0188679
20697,53,52,0.0188679
20698,53,52,0.0188679
20700,53,52,0.0188679
20701,53,52,0.0188679
20702,53,52,0.0188679
20705,53,52,0.0188679
20706,53,52,0.0188679
20707,53,52,0.0188679
20708,53,52,0.0188679
20709,53,52,0.0188679
20710,53,52,0.0188679
20711,53,52,0.0188679
20711,53,52,0.0188679
20712,53,52,0.0188679
20714,53,52,0.0188679
20715,53,52,0.0188679
20716,53,52,0.0188679
20717,53,52,0.0188679
20718,53,52,0.0188679
20719,53,52,0.0188679
20720,53,52,0.0188679
20721,53,52,0.0188679
20722,53,52,0.0188679
20723,53,52,0.0188679
20724,53,52,0.0188679
20725,53,52,0.0188679
20726,53,52,0.0188679
20726,53,52,0.0188679
20729,53,52,0.0188679
20730,53,52,0.0188679
20730,53,52,0.0188679
20731,53,52,0.0188679
20732,53,52,0.0188679
20735,53,52,0.0188679
20736,53,52,0.0188679
20737,53,52,0.0188679
20737,53,52,0.0188679
20738,53,52,0.0188679
20739,53,52,0.0188679
20740,53,52,0.0188679
20741,53,52,0.0188679
20741,53,52,0.0188679
20742,53,52,0.0188679
20743,53,52,0.0188679
20744,53,52,0.0188679
20745,53,52,0.0188679
20745,53,52,0.0188679
20746,53,52,0.0188679
20747,53,52,0.0188679
20748,53,52,0.0188679
20749,53,52,0.0188679
20751,53,52,0.0188679
20752,53,52,0.0188679
20753,53,52,0.0188679
20754,53,52,0.0188679
20755,53,52,0.0188679
20756,53,52,0.0188679
20758,53,52,0.0188679
20761,53,52,0.0188679
20762,53,52,0.0188679
20763,53,52,0.0188679
20764,53,52,0.0188679
20765,53,52,0.0188679
20766,53,52,0.0188679
20767,53,52,0.0188679
20769,53,52,0.0188679
20770,53,52,0.0188679
20772,53,52,0.0188679
20773,53,52,0.0188679
20774,53,52,0.0188679
20776,53,52,0.0188679
20778,53,52,0.0188679
20779,53,52,0.0188679
20780,53,52,0.0188679
20782,53,52,0.0188679
20783,53,52,0.0188679
20784,53,52,0.0188679
20784,53,52,0.0188679
20785,53,52,0.0188679
20786,53,52,0.0188679
20787,53,52,0.0188679
20788,53,52,0.0188679
20789,53,52,0.0188679
20791,53,52,0.0188679
20792,53,52,0.0188679
20793,53,52,0.0188679
20794,53,52,0.0188679
20795,53,52,0.0188679
20796,53,52,0.0188679
20799,53,52,0.0188679
20802,53,52,0.0188679
20803,53,52,0.0188679
20804,53,52,0.0188679
20805,53,52,0.0188679
20806,53,52,0.0188679
20807,53,52,0.0188679
20808,53,52,0.0188679
20811,53,52,0.0188679
20811,53,52,0.0188679
20813,53,52,0.0188679
20814,53,52,0.0188679
20815,53,52,0.0188679
20816,53,52,0.0188679
20817,53,52,0.0188679
20818,53,52,0.0188679
20821,53,52,0.0188679
20824,53,52,0.0188679
20825,53,52,0.0188679
20826,53,52,0.0188679
20827,53,52,0.0188679
20828,53,52,0.0188679
20829,53,52,0.0188679
20830,53,52,0.0188679
20831,53,52,0.0188679
20832,53,52,0.0188679
20833,53,52,0.0188679
20835,53,52,0.0188679
20837,53,52,0.0188679
20838,53,52,0.0188679
20839,53,52,0.0188679
20840,53,52,0.0188679
20841,53,52,0.0188679
20842,53,52,0.0188679
20843,53,52,0.0188679
20844,53,52,0.0188679
20845,53,52,0.0188679
20847,53,52,0.0188679
20848,53,52,0.0188679
20849,53,52,0.0188679
20852,53,52,0.0188679
20853,53,52,0.0188679
20854,53,52,0.0188679
20856,53,52,0.0188679
20857,53,52,0.0188679
20857,53,52,0.0188679
20858,53,52,0.0188679
20860,53,52,0.0188679
20860,53,52,0.0188679
20863,53,52,0.0188679
20865,53,52,0.0188679
20866,53,52,0.0188679
20867,53,52,0.0188679
20868,53,52,0.0188679
20869,53,52,0.0188679
20870,53,52,0.0188679
20872,53,52,0.0188679
20873,53,52,0.0188679
20874,53,52,0.0188679
20875,53,52,0.0188679
20877,53,52,0.0188679
20878,53,52,0.0188679
20880,53,52,0.0188679
20881,53,52,0.0188679
20882,53,52,0.0188679
20883,53,52,0.0188679
20884,53,52,0.0188679
20887,53,52,0.0188679
20888,53,52,0.0188679
20889,53,52,0.0188679
20890,53,52,0.0188679
20891,53,52,0.0188679
20892,53,52,0.0188679
20893,53,52,0.0188679
20894,53,52,0.0188679
20895,53,52,0.0188679
20897,53,52,0.0188679
20898,53,52,0.0188679
20900,53,52,0.0188679
20901,53,52,0.0188679
20902,53,52,0.0188679
20904,53,52,0.0188679
20906,53,52,0.0188679
20907,53,52,0.0188679
20908,53,52,0.0188679
20909,53,52,0.0188679
20910,53,52,0.0188679
20910,53,52,0.0188679
20911,53,52,0.0188679
20913,53,52,0.0188679
20914,53,52,0.0188679
20915,53,52,0.0188679
20916,53,52,0.0188679
20918,53,52,0.0188679
20919,53,52,0.0188679
20921,53,52,0.0188679
20922,53,52,0.0188679
20923,53,52,0.0188679
20924,53,52,0.0188679
20925,53,52,0.0188679
20927,53,52,0.0188679
20928,53,52,0.0188679
20930,53,52,0.0188679
20931,53,52,0.0188679
20933,53,52,0.0188679
20934,53,52,0.0188679
20936,53,52,0.0188679
20937,53,52,0.0188679
20939,53,52,0.0188679
20940,53,52,0.0188679
20941,53,52,0.0188679
20942,53,52,0.0188679
20943,53,52,0.0188679
20945,53,52,0.0188679
20946,53,52,0.0188679
20947,53,52,0.0188679
20949,53,52,0.0188679
20950,53,52,0.0188679
20952,53,52,0.0188679
20953,53,52,0.0188679
20954,53,52,0.0188679
20955,53,52,0.0188679
20956,53,52,0.0188679
20960,53,52,0.0188679
20960,53,52,0.0188679
20961,53,52,0.0188679
20962,53,52,0.0188679
20965,53,52,0.0188679
20966,53,52,0.0188679
20968,53,52,0.0188679
20969,53,52,0.0188679
20970,53,52,0.0188679
20971,53,52,0.0188679
20972,53,52,0.0188679
20974,53,52,0.0188679
20975,53,52,0.0188679
20975,53,52,0.0188679
20976,53,52,0.0188679
20977,53,52,0.0188679
20978,53,52,0.0188679
20980,53,52,0.0188679
20980,53,52,0.0188679
20981,53,52,0.0188679
20982,53,52,0.0188679
20983,53,52,0.0188679
20984,53,52,0.0188679
20985,53,52,0.0188679
20987,53,52,0.0188679
20988,53,52,0.0188679
20989,53,52,0.0188679
20990,53,52,0.0188679
20991,53,52,0.0188679
20992,53,52,0.0188679
20993,53,52,0.0188679
20993,53,52,0.0188679
20994,53,52,0.0188679
20995,53,52,0.0188679
20996,53,52,0.0188679
20998,53,52,0.0188679
20999,53,52,0.0188679
20999,53,52,0.0188679
21000,53,52,0.0188679
21001,53,52,0.0188679
21003,53,52,0.0188679
21004,53,52,0.0188679
21005,53,52,0.0188679
21006,53,52,0.0188679
21007,53,52,0.0188679
21007,53,52,0.0188679
21008,53,52,0.0188679
21009,53,52,0.0188679
21010,53,52,0.0188679
21011,53,52,0.0188679
21012,53,52,0.0188679
21013,53,52,0.0188679
21014,53,52,0.0188679
21015,53,52,0.0188679
21016,53,52,0.0188679
21017,53,52,0.0188679
21018,53,52,0.0188679
21019,53,52,0.0188679
21019,53,52,0.0188679
21020,53,52,0.0188679
21021,53,52,0.0188679
21022,53,52,0.0188679
21023,53,52,0.0188679
21025,53,52,0.0188679
21025,53,52,0.0188679
21026,53,52,0.0188679
21027,53,52,0.0188679
21028,53,52,0.0188679
21029,53,52,0.0188679
21030,53,52,0.0188679
21031,53,52,0.0188679
21032,53,52,0.0188679
21033,53,52,0.0188679
21034,53,52,0.0188679
21035,53,52,0.0188679
21037,53,52,0.0188679
21038,53,52,0.0188679
21039,53,52,0.0188679
21040,53,52,0.0188679
21041,53,52,0.0188679
21042,53,52,0.0188679
21042,53,52,0.0188679
21043,53,52,0.0188679
21044,53,52,0.0188679
21045,53,52,0.0188679
21046,53,52,0.0188679
21046,53,52,0.0188679
21048,53,52,0.0188679
21048,53,52,0.0188679
21049,53,52,0.0188679
21050,53,52,0.0188679
21051,53,52,0.0188679
21052,53,52,0.0188679
21053,53,52,0.0188679
21055,53,52,0.0188679
21056,53,52,0.0188679
21057,53,52,0.0188679
21058,53,52,0.0188679
21059,53,52,0.0188679
21060,53,52,0.0188679
21061,53,52,0.0188679
21061,53,52,0.0188679
21062,53,52,0.0188679
21063,53,52,0.0188679
21064,53,52,0.0188679
21065,53,52,0.0188679
21066,53,52,0.0188679
21067,53,52,0.0188679
21068,53,52,0.0188679
21068,53,52,0.0188679
21069,53,52,0.0188679
21070,53,52,0.0188679
21073,53,52,0.0188679
21074,53,52,0.0188679
21074,53,52,0.0188679
21075,53,52,0.0188679
21076,53,52,0.0188679
21077,53,52,0.0188679
21078,53,52,0.0188679
21080,53,52,0.0188679
21081,53,52,0.0188679
21082,53,52,0.0188679
21084,53,52,0.0188679
21085,53,52,0.0188679
21086,53,52,0.0188679
21087,53,52,0.0188679
21089,53,52,0.0188679
21090,53,52,0.0188679
21091,53,52,0.0188679
21092,53,52,0.0188679
21093,53,52,0.0188679
21094,53,52,0.0188679
21096,53,52,0.0188679
21097,53,52,0.0188679
21099,53,52,0.0188679
21100,53,52,0.0188679
21102,53,52,0.0188679
21103,53,52,0.0188679
21104,53,52,0.0188679
21105,53,52,0.0188679
21106,53,52,0.0188679
21107,53,52,0.0188679
21108,53,52,0.0188679
21109,53,52,0.0188679
21110,53,52,0.0188679
21111,53,52,0.0188679
21112,53,52,0.0188679
21114,53,52,0.0188679
21115,53,52,0.0188679
21116,53,52,0.0188679
21118,53,52,0.0188679
21119,53,52,0.0188679
21120,53,52,0.0188679
21121,53,52,0.0188679
21122,53,52,0.0188679
21123,53,52,0.0188679
21124,53,52,0.0188679
21125,53,52,0.0188679
21128,53,52,0.0188679
21130,53,52,0.0188679
21131,53,52,0.0188679
21132,53,52,0.0188679
21136,53,52,0.0188679
21137,53,52,0.0188679
21138,53,52,0.0188679
21140,53,52,0.0188679
21141,53,52,0.0188679
21142,53,52,0.0188679
21143,53,52,0.0188679
21143,53,52,0.0188679
21146,53,52,0.0188679
21147,53,52,0.0188679
21148,53,52,0.0188679
21149,53,52,0.0188679
21150,53,52,0.0188679
21152,53,52,0.0188679
21153,53,52,0.0188679
21154,53,52,0.0188679
21155,53,52,0.0188679
21156,53,52,0.0188679
21157,53,52,0.0188679
21158,53,52,0.0188679
21159,53,52,0.0188679
21160,53,52,0.0188679
21161,53,52,0.0188679
21162,53,52,0.0188679
21163,53,52,0.0188679
21165,53,52,0.0188679
21166,53,52,0.0188679
21167,53,52,0.0188679
21168,53,52,0.0188679
21169,53,52,0.0188679
21170,53,52,0.0188679
21171,53,52,0.0188679
21172,53,52,0.0188679
21173,53,52,0.0188679
21175,53,52,0.0188679
21176,53,52,0.0188679
21177,53,52,0.0188679
21179,53,52,0.0188679
21181,53,52,0.0188679
21182,53,52,0.0188679
21183,53,52,0.0188679
21185,53,52,0.0188679
21186,53,52,0.0188679
21187,53,52,0.0188679
21188,53,52,0.0188679
21189,53,52,0.0188679
21189,53,52,0.0188679
21191,53,52,0.0188679
21192,53,52,0.0188679
21192,53,52,0.0188679
21193,53,52,0.0188679
21194,53,52,0.0188679
21195,53,52,0.0188679
21200,53,52,0.0188679
21201,53,52,0.0188679
21203,53,52,0.0188679
21204,53,52,0.0188679
21205,53,52,0.0188679
21207,53,52,0.0188679
21208,53,52,0.0188679
21209,53,52,0.0188679
21210,53,52,0.0188679
21211,53,52,0.0188679
21211,53,52,0.0188679
21212,53,52,0.0188679
21213,53,52,0.0188679
21214,53,52,0.0188679
21215,53,52,0.0188679
21217,53,52,0.0188679
21218,53,52,0.0188679
21219,53,52,0.0188679
21220,53,52,0.0188679
21221,53,52,0.0188679
21222,53,52,0.0188679
21222,53,52,0.0188679
21223,53,52,0.0188679
21224,53,52,0.0188679
21225,53,52,0.0188679
21226,53,52,0.0188679
21226,53,52,0.0188679
21227,53,52,0.0188679
21228,53,52,0.0188679
21229,53,52,0.0188679
21230,53,52,0.0188679
21231,53,52,0.0188679
21232,53,52,0.0188679
21233,53,52,0.0188679
21234,53,52,0.0188679
21236,53,52,0.0188679
21236,53,52,0.0188679
21237,53,52,0.0188679
21239,53,52,0.0188679
21239,53,52,0.0188679
21240,53,52,0.0188679
21241,53,52,0.0188679
21242,53,52,0.0188679
21242,53,52,0.0188679
21243,53,52,0.0188679
21244,53,52,0.0188679
21245,53,52,0.0188679
21248,53,52,0.0188679
21249,53,52,0.0188679
21250,53,52,0.0188679
21251,53,52,0.0188679
21252,53,52,0.0188679
21253,53,52,0.0188679
21254,53,52,0.0188679
21255,53,52,0.0188679
21256,53,52,0.0188679
21257,53,52,0.0188679
21258,53,52,0.0188679
21259,53,52,0.0188679
21260,53,52,0.0188679
21261,53,52,0.0188679
21262,53,52,0.0188679
21263,53,52,0.0188679
21264,53,52,0.0188679
21265,53,52,0.0188679
21266,53,52,0.0188679
21267,53,52,0.0188679
21268,53,52,0.0188679
21270,53,52,0.0188679
21270,53,52,0.0188679
21271,53,52,0.0188679
21274,53,52,0.0188679
21275,53,52,0.0188679
21276,53,52,0.0188679
21277,53,52,0.0188679
21278,53,52,0.0188679
21279,53,52,0.0188679
21280,53,52,0.0188679
21281,53,52,0.0188679
21282,53,52,0.0188679
21283,53,52,0.0188679
21284,53,52,0.0188679
21285,53,52,0.0188679
21286,53,52,0.0188679
21287,53,52,0.0188679
21289,53,52,0.0188679
21290,53,52,0.0188679
21290,53,52,0.0188679
21291,53,52,0.0188679
21292,53,52,0.0188679
21293,53,52,0.0188679
21294,53,52,0.0188679
21295,53,52,0.0188679
21296,53,52,0.0188679
21297,53,52,0.0188679
21298,53,52,0.0188679
21299,53,52,0.0188679
21300,53,52,0.0188679
21301,53,52,0.0188679
21302,53,52,0.0188679
21302,53,52,0.0188679
21303,53,52,0.0188679
21304,53,52,0.0188679
21305,53,52,0.0188679
21306,53,52,0.0188679
21307,53,52,0.0188679
21308,53,52,0.0188679
21309,53,52,0.0188679
21310,53,52,0.0188679
21311,53,52,0.0188679
21312,53,52,0.0188679
21313,53,52,0.0188679
21314,53,52,0.0188679
21315,53,52,0.0188679
21316,53,52,0.0188679
21316,53,52,0.0188679
21317,53,52,0.0188679
21318,53,52,0.0188679
21319,53,52,0.0188679
21319,53,52,0.0188679
21321,53,52,0.0188679
21322,53,52,0.0188679
21323,53,52,0.0188679
21324,53,52,0.0188679
21325,53,52,0.0188679
21326,53,52,0.0188679
21327,53,52,0.0188679
21328,53,52,0.0188679
21329,53,52,0.0188679
21330,53,52,0.0188679
21330,53,52,0.0188679
21331,53,52,0.0188679
21332,53,52,0.0188679
21333,53,52,0.0188679
21335,53,52,0.0188679
21336,53,52,0.0188679
21338,53,52,0.0188679
21339,53,52,0.0188679
21340,53,52,0.0188679
21341,53,52,0.0188679
21342,53,52,0.0188679
21343,53,52,0.0188679
21344,53,52,0.0188679
21345,53,52,0.0188679
21346,53,52,0.0188679
21348,53,52,0.0188679
21349,53,52,0.0188679
21351,53,52,0.0188679
21352,53,52,0.0188679
21354,53,52,0.0188679
21355,53,52,0.0188679
21356,53,52,0.0188679
21357,53,52,0.0188679
21358,53,52,0.0188679
21358,53,52,0.0188679
21359,53,52,0.0188679
21360,53,52,0.0188679
21361,53,52,0.0188679
21362,53,52,0.0188679
21363,53,52,0.0188679
21364,53,52,0.0188679
21365,53,52,0.0188679
21367,53,52,0.0188679
21368,53,52,0.0188679
21369,53,52,0.0188679
21370,53,52,0.0188679
21371,53,52,0.0188679
21372,53,52,0.0188679
21373,53,52,0.0188679
21373,53,52,0.0188679
21374,53,52,0.0188679
21375,53,52,0.0188679
21376,53,52,0.0188679
21377,53,52,0.0188679
21378,53,52,0.0188679
21379,53,52,0.0188679
21382,53,52,0.0188679
21383,53,52,0.0188679
21386,53,52,0.0188679
21387,53,52,0.0188679
21388,53,52,0.0188679
21389,53,52,0.0188679
21389,53,52,0.0188679
21391,53,52,0.0188679
21392,53,52,0.0188679
21393,53,52,0.0188679
21394,53,52,0.0188679
21395,53,52,0.0188679
21396,53,52,0.0188679
21397,53,52,0.0188679
21398,53,52,0.0188679
21399,53,52,0.0188679
21400,53,52,0.0188679
21403,53,52,0.0188679
21406,53,52,0.0188679
21407,53,52,0.0188679
21408,53,52,0.0188679
21409,53,52,0.0188679
21411,53,52,0.0188679
21411,53,52,0.0188679
21412,53,52,0.0188679
21413,53,52,0.0188679
21414,53,52,0.0188679
21415,53,52,0.0188679
21416,53,52,0.0188679
21417,53,52,0.0188679
21418,53,52,0.0188679
21419,53,52,0.0188679
21420,53,52,0.0188679
21421,53,52,0.0188679
21422,53,52,0.0188679
21423,53,52,0.0188679
21425,53,52,0.0188679
21425,53,52,0.0188679
21426,53,52,0.0188679
21427,53,52,0.0188679
21428,53,52,0.0188679
21429,53,52,0.0188679
21430,53,52,0.0188679
21430,53,52,0.0188679
21431,53,52,0.0188679
21432,53,52,0.0188679
21433,53,52,0.0188679
21437,53,52,0.0188679
21439,53,52,0.0188679
21440,53,52,0.0188679
21441,53,52,0.0188679
21442,53,52,0.0188679
21443,53,52,0.0188679
21444,53,52,0.0188679
21445,53,52,0.0188679
21446,53,52,0.0188679
21449,53,52,0.0188679
21449,53,52,0.0188679
21450,53,52,0.0188679
21452,53,52,0.0188679
21453,53,52,0.0188679
21454,53,52,0.0188679
21455,53,52,0.0188679
21457,53,52,0.0188679
21458,53,52,0.0188679
21458,53,52,0.0188679
21459,53,52,0.0188679
21461,53,52,0.0188679
21462,53,52,0.0188679
21463,53,52,0.0188679
21464,53,52,0.0188679
21464,53,52,0.0188679
21465,53,52,0.0188679
21466,53,52,0.0188679
21467,53,52,0.0188679
21467,53,52,0.0188679
21468,53,52,0.0188679
21469,53,52,0.0188679
21470,53,52,0.0188679
21471,53,52,0.0188679
21471,53,52,0.0188679
21472,53,52,0.0188679
21474,53,52,0.0188679
21475,53,52,0.0188679
21476,53,52,0.0188679
21477,53,52,0.0188679
21478,53,52,0.0188679
21479,53,52,0.0188679
21480,53,52,0.0188679
21480,53,52,0.0188679
21481,53,52,0.0188679
21482,53,52,0.0188679
21483,53,52,0.0188679
21484,53,52,0.0188679
21485,53,52,0.0188679
21486,53,52,0.0188679
21487,53,52,0.0188679
21488,53,52,0.0188679
21489,53,52,0.0188679
21490,53,52,0.0188679
21491,53,52,0.0188679
21492,53,52,0.0188679
21492,53,52,0.0188679
21493,53,52,0.0188679
21494,53,52,0.0188679
21495,53,52,0.0188679
21496,53,52,0.0188679
21496,53,52,0.0188679
21497,53,52,0.0188679
21498,53,52,0.0188679
21499,53,52,0.0188679
21500,53,52,0.0188679
21501,53,52,0.0188679
21502,53,52,0.0188679
21502,53,52,0.0188679
21503,53,52,0.0188679
21504,53,52,0.0188679
21505,53,52,0.0188679
21506,53,52,0.0188679
21506,53,52,0.0188679
21507,53,52,0.0188679
21508,53,52,0.0188679
21510,53,52,0.0188679
21511,53,52,0.0188679
21512,53,52,0.0188679
21513,53,52,0.0188679
21515,53,52,0.0188679
21515,53,52,0.0188679
21516,53,52,0.0188679
21517,53,52,0.0188679
21518,53,52,0.0188679
21519,53,52,0.0188679
21520,53,52,0.0188679
21521,53,52,0.0188679
21522,53,52,0.0188679
21523,53,52,0.0188679
21524,53,52,0.0188679
21526,53,52,0.0188679
21527,53,52,0.0188679
21528,53,52,0.0188679
21529,53,52,0.0188679
21531,53,52,0.0188679
21532,53,52,0.0188679
21533,53,52,0.0188679
21533,53,52,0.0188679
21534,53,52,0.0188679
21535,53,52,0.0188679
21536,53,52,0.0188679
21537,53,52,0.0188679
21538,53,52,0.0188679
21539,53,52,0.0188679
21541,53,52,0.0188679
21542,53,52,0.0188679
21543,53,52,0.0188679
21544,53,52,0.0188679
21545,53,52,0.0188679
21546,53,52,0.0188679
21547,53,52,0.0188679
21548,53,52,0.0188679
21549,53,52,0.0188679
21553,53,52,0.0188679
21555,53,52,0.0188679
21557,53,52,0.0188679
21557,53,52,0.0188679
21558,53,52,0.0188679
21559,53,52,0.0188679
21560,53,52,0.0188679
21561,53,52,0.0188679
21561,53,52,0.0188679
21563,53,52,0.0188679
21564,53,52,0.0188679
21569,53,52,0.0188679
21570,53,52,0.0188679
21571,53,52,0.0188679
21573,53,52,0.0188679
21573,53,52,0.0188679
21575,53,52,0.0188679
21575,53,52,0.0188679
21576,53,52,0.0188679
21577,53,52,0.0188679
21578,53,52,0.0188679
21579,53,52,0.0188679
21580,53,52,0.0188679
21581,53,52,0.0188679
21582,53,52,0.0188679
21583,53,52,0.0188679
21583,53,52,0.0188679
21586,53,52,0.0188679
21587,53,52,0.0188679
21589,53,52,0.0188679
21590,53,52,0.0188679
21591,53,52,0.0188679
21591,53,52,0.0188679
21593,53,52,0.0188679
21594,53,52,0.0188679
21594,53,52,0.0188679
21595,53,52,0.0188679
21596,53,52,0.0188679
21597,53,52,0.0188679
21599,53,52,0.0188679
21600,53,52,0.0188679
21600,53,52,0.0188679
21601,53,52,0.0188679
21602,53,52,0.0188679
21604,53,52,0.0188679
21605,53,52,0.0188679
21605,53,52,0.0188679
21606,53,52,0.0188679
21608,53,52,0.0188679
21609,53,52,0.0188679
21610,53,52,0.0188679
21611,53,52,0.0188679
21612,53,52,0.0188679
21613,53,52,0.0188679
21614,53,52,0.0188679
21615,53,52,0.0188679
21616,53,52,0.0188679
21617,53,52,0.0188679
21618,53,52,0.0188679
21618,53,52,0.0188679
21619,53,52,0.0188679
21620,53,52,0.0188679
21621,53,52,0.0188679
21623,53,52,0.0188679
21624,53,52,0.0188679
21625,53,52,0.0188679
21626,53,52,0.0188679
21627,53,52,0.0188679
21627,53,52,0.0188679
21629,53,52,0.0188679
21630,53,52,0.0188679
21631,53,52,0.0188679
21632,53,52,0.0188679
21633,53,52,0.0188679
21634,53,52,0.0188679
21634,53,52,0.0188679
21635,53,52,0.0188679
21636,53,52,0.0188679
21637,53,52,0.0188679
21640,53,52,0.0188679
21641,53,52,0.0188679
21642,53,52,0.0188679
21643,53,52,0.0188679
21643,53,52,0.0188679
21644,53,52,0.0188679
21645,53,52,0.0188679
21647,53,52,0.0188679
21648,53,52,0.0188679
21649,53,52,0.0188679
21650,53,52,0.0188679
21651,53,52,0.0188679
21653,53,52,0.0188679
21654,53,52,0.0188679
21655,53,52,0.0188679
21655,53,52,0.0188679
21656,53,52,0.0188679
21657,53,52,0.0188679
21658,53,52,0.0188679
21659,53,52,0.0188679
21660,53,52,0.0188679
21661,53,52,0.0188679
21661,53,52,0.0188679
21662,53,52,0.0188679
21663,53,52,0.0188679
21664,53,52,0.0188679
21665,53,52,0.0188679
21666,53,52,0.0188679
21667,53,52,0.0188679
21668,53,52,0.0188679
21669,53,52,0.0188679
21670,53,52,0.0188679
21672,53,52,0.0188679
21673,53,52,0.0188679
21674,53,52,0.0188679
21675,53,52,0.0188679
21676,53,52,0.0188679
21677,53,52,0.0188679
21677,53,52,0.0188679
21724,53,52,0.0188679
21725,53,52,0.0188679
21726,53,52,0.0188679
21727,53,52,0.0188679
21728,53,52,0.0188679
21729,53,52,0.0188679
21730,53,52,0.0188679
21731,53,52,0.0188679
21732,53,52,0.0188679
21733,53,52,0.0188679
21733,53,52,0.0188679
21734,53,52,0.0188679
21735,53,52,0.0188679
21739,53,52,0.0188679
21741,53,52,0.0188679
21742,53,52,0.0188679
21743,53,52,0.0188679
21744,53,52,0.0188679
21745,53,52,0.0188679
21746,53,52,0.0188679
21747,53,52,0.0188679
21748,53,52,0.0188679
21749,53,52,0.0188679
21750,53,52,0.0188679
21751,53,52,0.0188679
21752,53,52,0.0188679
21753,53,52,0.0188679
21754,53,52,0.0188679
21755,53,52,0.0188679
21756,53,52,0.0188679
21758,53,52,0.0188679
21759,53,52,0.0188679
21760,53,52,0.0188679
21762,53,52,0.0188679
21765,53,52,0.0188679
21766,53,52,0.0188679
21768,53,52,0.0188679
21769,53,52,0.0188679
21770,53,52,0.0188679
21771,53,52,0.0188679
21773,53,52,0.0188679
21774,53,52,0.0188679
21775,53,52,0.0188679
21776,53,52,0.0188679
21777,53,52,0.0188679
21781,53,52,0.0188679
21782,53,52,0.0188679
21784,53,52,0.0188679
21786,53,52,0.0188679
21787,53,52,0.0188679
21789,53,52,0.0188679
21790,53,52,0.0188679
21791,53,52,0.0188679
21792,53,52,0.0188679
21793,53,52,0.0188679
21794,53,52,0.0188679
21795,53,52,0.0188679
21797,53,52,0.0188679
21797,53,52,0.0188679
21799,53,52,0.0188679
21800,53,52,0.0188679
21801,53,52,0.0188679
21802,53,52,0.0188679
21804,53,52,0.0188679
21805,53,52,0.0188679
21806,53,52,0.0188679
21809,53,52,0.0188679
21810,53,52,0.0188679
21811,53,52,0.0188679
21813,53,52,0.0188679
21815,53,52,0.0188679
21817,53,52,0.0188679
21818,53,52,0.0188679
21820,53,52,0.0188679
21821,53,52,0.0188679
21822,53,52,0.0188679
21823,53,52,0.0188679
21827,53,52,0.0188679
21828,53,52,0.0188679
21829,53,52,0.0188679
21830,53,52,0.0188679
21831,53,52,0.0188679
21835,53,52,0.0188679
21837,53,52,0.0188679
21838,53,52,0.0188679
21839,53,52,0.0188679
21840,53,52,0.0188679
21841,53,52,0.0188679
21843,53,52,0.0188679
21846,53,52,0.0188679
21847,53,52,0.0188679
21848,53,52,0.0188679
21849,53,52,0.0188679
21851,53,52,0.0188679
21852,53,52,0.0188679
21854,53,52,0.0188679
21855,53,52,0.0188679
21858,53,52,0.0188679
21858,53,52,0.0188679
21859,53,52,0.0188679
21860,53,52,0.0188679
21861,53,52,0.0188679
21862,53,52,0.0188679
21863,53,52,0.0188679
21864,53,52,0.0188679
21865,53,52,0.0188679
21866,53,52,0.0188679
21867,53,52,0.0188679
21868,53,52,0.0188679
21870,53,52,0.0188679
21871,53,52,0.0188679
21872,53,52,0.0188679
21873,53,52,0.0188679
21874,53,52,0.0188679
21875,53,52,0.0188679
21876,53,52,0.0188679
21878,53,52,0.0188679
21879,53,52,0.0188679
21880,53,52,0.0188679
21882,53,52,0.0188679
21882,53,52,0.0188679
21883,53,52,0.0188679
21884,53,52,0.0188679
21885,53,52,0.0188679
21886,53,52,0.0188679
21887,53,52,0.0188679
21888,53,52,0.0188679
21889,53,52,0.0188679
21890,53,52,0.0188679
21891,53,52,0.0188679
21892,53,52,0.0188679
21893,53,52,0.0188679
21895,53,52,0.0188679
21897,53,52,0.0188679
21898,53,52,0.0188679
21899,53,52,0.0188679
21900,53,52,0.0188679
21901,53,52,0.0188679
21901,53,52,0.0188679
21902,53,52,0.0188679
21903,53,52,0.0188679
21904,53,52,0.0188679
21905,53,52,0.0188679
21906,53,52,0.0188679
21907,53,52,0.0188679
21908,53,52,0.0188679
21909,53,52,0.0188679
21910,53,52,0.0188679
21911,53,52,0.0188679
21912,53,52,0.0188679
21913,53,52,0.0188679
21914,53,52,0.0188679
21914,53,52,0.0188679
21915,53,52,0.0188679
21916,53,52,0.0188679
21919,53,52,0.0188679
21920,53,52,0.0188679
21921,53,52,0.0188679
21922,53,52,0.0188679
21924,53,52,0.0188679
21925,53,52,0.0188679
21926,53,52,0.0188679
21927,53,52,0.0188679
21928,53,52,0.0188679
21930,53,52,0.0188679
21931,53,52,0.0188679
21932,53,52,0.0188679
21933,53,52,0.0188679
21934,53,52,0.0188679
21935,53,52,0.0188679
21936,53,52,0.0188679
21937,53,52,0.0188679
21938,53,52,0.0188679
21939,53,52,0.0188679
21940,53,52,0.0188679
21940,53,52,0.0188679
21941,53,52,0.0188679
21942,53,52,0.0188679
21944,53,52,0.0188679
21945,53,52,0.0188679
21947,53,52,0.0188679
21948,53,52,0.0188679
21949,53,52,0.0188679
21951,53,52,0.0188679
21951,53,52,0.0188679
21953,53,52,0.0188679
21955,53,52,0.0188679
21956,53,52,0.0188679
21957,53,52,0.0188679
21958,53,52,0.0188679
21958,53,52,0.0188679
21959,53,52,0.0188679
21960,53,52,0.0188679
21961,53,52,0.0188679
21962,53,52,0.0188679
21963,53,52,0.0188679
21964,53,52,0.0188679
21965,53,52,0.0188679
21967,53,52,0.0188679
21968,53,52,0.0188679
21969,53,52,0.0188679
21969,53,52,0.0188679
21970,53,52,0.0188679
21971,53,52,0.0188679
21972,53,52,0.0188679
21973,53,52,0.0188679
21975,53,52,0.0188679
21976,53,52,0.0188679
21977,53,52,0.0188679
21978,53,52,0.0188679
21979,53,52,0.0188679
21980,53,52,0.0188679
21981,53,52,0.0188679
21982,53,52,0.0188679
21983,53,52,0.0188679
21985,53,52,0.0188679
21986,53,52,0.0188679
21987,53,52,0.0188679
21988,53,52,0.0188679
21989,53,52,0.0188679
21990,53,52,0.0188679
21991,53,52,0.0188679
21991,53,52,0.0188679
21992,53,52,0.0188679
21993,53,52,0.0188679
21994,53,52,0.0188679
21996,53,52,0.0188679
21997,53,52,0.0188679
21999,53,52,0.0188679
21999,53,52,0.0188679
22000,53,52,0.0188679
22001,53,52,0.0188679
22002,53,52,0.0188679
22003,53,52,0.0188679
22004,53,52,0.0188679
22004,53,52,0.0188679
22005,53,52,0.0188679
22006,53,52,0.0188679
22007,53,52,0.0188679
22008,53,52,0.0188679
22009,53,52,0.0188679
22010,53,52,0.0188679
22011,53,52,0.0188679
22012,53,52,0.0188679
22013,53,52,0.0188679
22014,53,52,0.0188679
22015,53,52,0.0188679
22017,53,52,0.0188679
22018,53,52,0.0188679
22019,53,52,0.0188679
22019,53,52,0.0188679
22020,53,52,0.0188679
22021,53,52,0.0188679
22022,53,52,0.0188679
22023,53,52,0.0188679
22024,53,52,0.0188679
22024,53,52,0.0188679
22025,53,52,0.0188679
22026,53,52,0.0188679
22028,53,52,0.0188679
22029,53,52,0.0188679
22030,53,52,0.0188679
22031,53,52,0.0188679
22032,53,52,0.0188679
22033,53,52,0.0188679
22034,53,52,0.0188679
22035,53,52,0.0188679
22036,53,52,0.0188679
22037,53,52,0.0188679
22038,53,52,0.0188679
22039,53,52,0.0188679
22039,53,52,0.0188679
22040,53,52,0.0188679
22041,53,52,0.0188679
22043,53,52,0.0188679
22044,53,52,0.0188679
22045,53,52,0.0188679
22046,53,52,0.0188679
22047,53,52,0.0188679
22048,53,52,0.0188679
22049,53,52,0.0188679
22050,53,52,0.0188679
22051,53,52,0.0188679
22052,53,52,0.0188679
22053,53,52,0.0188679
22054,53,52,0.0188679
22055,53,52,0.0188679
22056,53,52,0.0188679
22057,53,52,0.0188679
22058,53,52,0.0188679
22058,53,52,0.0188679
22060,53,52,0.0188679
22062,53,52,0.0188679
22063,53,52,0.0188679
22064,53,52,0.0188679
22065,53,52,0.0188679
22066,53,52,0.0188679
22067,53,52,0.0188679
22068,53,52,0.0188679
22069,53,52,0.0188679
22070,53,52,0.0188679
22071,53,52,0.0188679
22071,53,52,0.0188679
22072,53,52,0.0188679
22074,53,52,0.0188679
22075,53,52,0.0188679
22077,53,52,0.0188679
22078,53,52,0.0188679
22079,53,52,0.0188679
22080,53,52,0.0188679
22081,53,52,0.0188679
22082,53,52,0.0188679
22083,53,52,0.0188679
22085,53,52,0.0188679
22086,53,52,0.0188679
22087,53,52,0.0188679
22088,53,52,0.0188679
22089,53,52,0.0188679
22090,53,52,0.0188679
22092,53,52,0.0188679
22093,53,52,0.0188679
22094,53,52,0.0188679
22095,53,52,0.0188679
22095,53,52,0.0188679
22096,53,52,0.0188679
22097,53,52,0.0188679
22098,53,52,0.0188679
22099,53,52,0.0188679
22100,53,52,0.0188679
22101,53,52,0.0188679
22102,53,52,0.0188679
22103,53,52,0.0188679
22103,53,52,0.0188679
22105,53,52,0.0188679
22106,53,52,0.0188679
22106,53,52,0.0188679
22107,53,52,0.0188679
22108,53,52,0.0188679
22109,53,52,0.0188679
22110,53,52,0.0188679
22111,53,52,0.0188679
22112,53,52,0.0188679
22113,53,52,0.0188679
22114,53,52,0.0188679
22115,53,52,0.0188679
22116,53,52,0.0188679
22117,53,52,0.0188679
22118,53,52,0.0188679
22119,53,52,0.0188679
22120,53,52,0.0188679
22121,53,52,0.0188679
22122,53,52,0.0188679
22123,53,52,0.0188679
22124,53,52,0.0188679
22125,53,52,0.0188679
22126,53,52,0.0188679
22127,53,52,0.0188679
22128,53,52,0.0188679
22129,53,52,0.0188679
22129,53,52,0.0188679
22130,53,52,0.0188679
22132,53,52,0.0188679
22133,53,52,0.0188679
22134,53,52,0.0188679
22136,53,52,0.0188679
22137,53,52,0.0188679
22137,53,52,0.0188679
22138,53,52,0.0188679
22139,53,52,0.0188679
22140,53,52,0.0188679
22141,53,52,0.0188679
22142,53,52,0.0188679
22144,53,52,0.0188679
22145,53,52,0.0188679
22146,53,52,0.0188679
22147,53,52,0.0188679
22148,53,52,0.0188679
22149,53,52,0.0188679
22150,53,52,0.0188679
22151,53,52,0.0188679
22152,53,52,0.0188679
22152,53,52,0.0188679
22153,53,52,0.0188679
22154,53,52,0.0188679
22155,53,52,0.0188679
22156,53,52,0.0188679
22157,53,52,0.0188679
22158,53,52,0.0188679
22159,53,52,0.0188679
22159,53,52,0.0188679
22160,53,52,0.0188679
22161,53,52,0.0188679
22162,53,52,0.0188679
22163,53,52,0.0188679
22164,53,52,0.0188679
22165,53,52,0.0188679
22166,53,52,0.0188679
22168,53,52,0.0188679
22169,53,52,0.0188679
22170,53,52,0.0188679
22171,53,52,0.0188679
22172,53,52,0.0188679
22173,53,52,0.0188679
22173,53,52,0.0188679
22174,53,52,0.0188679
22175,53,52,0.0188679
22176,53,52,0.0188679
22177,53,52,0.0188679
22178,53,52,0.0188679
22178,53,52,0.0188679
22179,53,52,0.0188679
22180,53,52,0.0188679
22181,53,52,0.0188679
22182,53,52,0.0188679
22183,53,52,0.0188679
22184,53,52,0.0188679
22185,53,52,0.0188679
22188,53,52,0.0188679
22189,53,52,0.0188679
22191,53,52,0.0188679
22192,53,52,0.0188679
22193,53,52,0.0188679
22194,53,52,0.0188679
22195,53,52,0.0188679
22195,53,52,0.0188679
22196,53,52,0.0188679
22197,53,52,0.0188679
22198,53,52,0.0188679
22198,53,52,0.0188679
22199,53,52,0.0188679
22200,53,52,0.0188679
22201,53,52,0.0188679
22202,53,52,0.0188679
22203,53,52,0.0188679
22204,53,52,0.0188679
22205,53,52,0.0188679
22206,53,52,0.0188679
22207,53,52,0.0188679
22208,53,52,0.0188679
22209,53,52,0.0188679
22210,53,52,0.0188679
22211,53,52,0.0188679
22212,53,52,0.0188679
22213,53,52,0.0188679
22213,53,52,0.0188679
22214,53,52,0.0188679
22215,53,52,0.0188679
22216,53,52,0.0188679
22217,53,52,0.0188679
22218,53,52,0.0188679
22219,53,52,0.0188679
22221,53,52,0.0188679
22223,53,52,0.0188679
22224,53,52,0.0188679
22225,53,52,0.0188679
22226,53,52,0.0188679
22227,53,52,0.0188679
22227,53,52,0.0188679
22228,53,52,0.0188679
22229,53,52,0.0188679
22230,53,52,0.0188679
22231,53,52,0.0188679
22232,53,52,0.0188679
22233,53,52,0.0188679
22233,53,52,0.0188679
22234,53,52,0.0188679
22235,53,52,0.0188679
22236,53,52,0.0188679
22237,53,52,0.0188679
22239,53,52,0.0188679
22240,53,52,0.0188679
22241,53,52,0.0188679
22242,53,52,0.0188679
22243,53,52,0.0188679
22245,53,52,0.0188679
22246,53,52,0.0188679
22247,53,52,0.0188679
22247,53,52,0.0188679
22248,53,52,0.0188679
22249,53,52,0.0188679
22250,53,52,0.0188679
22251,53,52,0.0188679
22252,53,52,0.0188679
22253,53,52,0.0188679
22254,53,52,0.0188679
22255,53,52,0.0188679
22256,53,52,0.0188679
22258,53,52,0.0188679
22259,53,52,0.0188679
22259,53,52,0.0188679
22260,53,52,0.0188679
22261,53,52,0.0188679
22262,53,52,0.0188679
22263,53,52,0.0188679
22264,53,52,0.0188679
22265,53,52,0.0188679
22266,53,52,0.0188679
22267,53,52,0.0188679
22268,53,52,0.0188679
22269,53,52,0.0188679
22269,53,52,0.0188679
22273,53,52,0.0188679
22274,53,52,0.0188679
22275,53,52,0.0188679
22276,53,52,0.0188679
22277,53,52,0.0188679
22278,53,52,0.0188679
22278,53,52,0.0188679
22279,53,52,0.0188679
22280,53,52,0.0188679
22281,53,52,0.0188679
22281,53,52,0.0188679
22284,53,52,0.0188679
22285,53,52,0.0188679
22286,53,52,0.0188679
22287,53,52,0.0188679
22288,53,52,0.0188679
22289,53,52,0.0188679
22290,53,52,0.0188679
22291,53,52,0.0188679
22293,53,52,0.0188679
22294,53,52,0.0188679
22295,53,52,0.0188679
22295,53,52,0.0188679
22296,53,52,0.0188679
22297,53,52,0.0188679
22298,53,52,0.0188679
22299,53,52,0.0188679
22300,53,52,0.0188679
22300,53,52,0.0188679
22301,53,52,0.0188679
22302,53,52,0.0188679
22303,53,52,0.0188679
22304,53,52,0.0188679
22305,53,52,0.0188679
22306,53,52,0.0188679
22307,53,52,0.0188679
22308,53,52,0.0188679
22309,53,52,0.0188679
22310,53,52,0.0188679
22311,53,52,0.0188679
22311,53,52,0.0188679
22312,53,52,0.0188679
22313,53,52,0.0188679
22314,53,52,0.0188679
22315,53,52,0.0188679
22315,53,52,0.0188679
22316,53,52,0.0188679
22317,53,52,0.0188679
22318,53,52,0.0188679
22319,53,52,0.0188679
22321,53,52,0.0188679
22322,53,52,0.0188679
22323,53,52,0.0188679
22324,53,52,0.0188679
22325,53,52,0.0188679
22326,53,52,0.0188679
22327,53,52,0.0188679
22328,53,52,0.0188679
22329,53,52,0.0188679
22330,53,52,0.0188679
22330,53,52,0.0188679
22331,53,52,0.0188679
22332,53,52,0.0188679
22333,53,52,0.0188679
22334,53,52,0.0188679
22335,53,52,0.0188679
22338,53,52,0.0188679
22339,53,52,0.0188679
22340,53,52,0.0188679
22341,53,52,0.0188679
22342,53,52,0.0188679
22345,53,52,0.0188679
22346,53,52,0.0188679
22347,53,52,0.0188679
22348,53,52,0.0188679
22349,53,52,0.0188679
22350,53,52,0.0188679
22351,53,52,0.0188679
22352,53,52,0.0188679
22354,53,52,0.0188679
22356,53,52,0.0188679
22358,53,52,0.0188679
22359,53,52,0.0188679
22360,53,52,0.0188679
22361,53,52,0.0188679
22363,53,52,0.0188679
22363,53,52,0.0188679
22366,53,52,0.0188679
22366,53,52,0.0188679
22367,53,52,0.0188679
22368,53,52,0.0188679
22369,53,52,0.0188679
22370,53,52,0.0188679
22373,53,52,0.0188679
22374,53,52,0.0188679
22375,53,52,0.0188679
22377,53,52,0.0188679
22378,53,52,0.0188679
22380,53,52,0.0188679
22381,53,52,0.0188679
22383,53,52,0.0188679
22383,53,52,0.0188679
22384,53,52,0.0188679
22386,53,52,0.0188679
22389,53,52,0.0188679
22390,53,52,0.0188679
22391,53,52,0.0188679
22391,53,52,0.0188679
22392,53,52,0.0188679
22393,53,52,0.0188679
22394,53,52,0.0188679
22395,53,52,0.0188679
22397,53,52,0.0188679
22398,53,52,0.0188679
22399,53,52,0.0188679
22400,53,52,0.0188679
22401,53,52,0.0188679
22402,53,52,0.0188679
22403,53,52,0.0188679
22404,53,52,0.0188679
22405,53,52,0.0188679
22406,53,52,0.0188679
22407,53,52,0.0188679
22407,53,52,0.0188679
22408,53,52,0.0188679
22409,53,52,0.0188679
22410,53,52,0.0188679
22411,53,52,0.0188679
22412,53,52,0.0188679
22412,53,52,0.0188679
22413,53,52,0.0188679
22416,53,52,0.0188679
22417,53,52,0.0188679
22417,53,52,0.0188679
22418,53,52,0.0188679
22419,53,52,0.0188679
22421,53,52,0.0188679
22421,53,52,0.0188679
22422,53,52,0.0188679
22426,53,52,0.0188679
22426,53,52,0.0188679
22427,53,52,0.0188679
22430,53,52,0.0188679
22430,53,52,0.0188679
22431,53,52,0.0188679
22432,53,52,0.0188679
22434,53,52,0.0188679
22435,53,52,0.0188679
22436,53,52,0.0188679
22437,53,52,0.0188679
22438,53,52,0.0188679
22439,53,52,0.0188679
22440,53,52,0.0188679
22441,53,52,0.0188679
22442,53,52,0.0188679
22444,53,52,0.0188679
22444,53,52,0.0188679
22445,53,52,0.0188679
22446,53,52,0.0188679
22447,53,52,0.0188679
22448,53,52,0.0188679
22449,53,52,0.0188679
22450,53,52,0.0188679
22451,53,52,0.0188679
22452,53,52,0.0188679
22453,53,52,0.0188679
22455,53,52,0.0188679
22455,53,52,0.0188679
22456,53,52,0.0188679
22457,53,52,0.0188679
22458,53,52,0.0188679
22459,53,52,0.0188679
22461,53,52,0.0188679
22462,53,52,0.0188679
22463,53,52,0.0188679
22464,53,52,0.0188679
22465,53,52,0.0188679
22466,53,52,0.0188679
22467,53,52,0.0188679
22468,53,52,0.0188679
22468,53,52,0.0188679
22469,53,52,0.0188679
22470,53,52,0.0188679
22471,53,52,0.0188679
22472,53,52,0.0188679
22473,53,52,0.0188679
22474,53,52,0.0188679
22475,53,52,0.0188679
22476,53,52,0.0188679
22477,53,52,0.0188679
22478,53,52,0.0188679
22479,53,52,0.0188679
22479,53,52,0.0188679
22480,53,52,0.0188679
22481,53,52,0.0188679
22482,53,52,0.0188679
22482,53,52,0.0188679
22483,53,52,0.0188679
22484,53,52,0.0188679
22485,53,52,0.0188679
22486,53,52,0.0188679
22487,53,52,0.0188679
22488,53,52,0.0188679
22489,53,52,0.0188679
22489,53,52,0.0188679
22490,53,52,0.0188679
22491,53,52,0.0188679
22494,53,52,0.0188679
22495,53,52,0.0188679
22497,53,52,0.0188679
22498,53,52,0.0188679
22498,53,52,0.0188679
22499,53,52,0.0188679
22500,53,52,0.0188679
22501,53,52,0.0188679
22502,53,52,0.0188679
22503,53,52,0.0188679
22504,53,52,0.0188679
22505,53,52,0.0188679
22506,53,52,0.0188679
22507,53,52,0.0188679
22508,53,52,0.0188679
22511,53,52,0.0188679
22511,53,52,0.0188679
22512,53,52,0.0188679
22513,53,52,0.0188679
22514,53,52,0.0188679
22515,53,52,0.0188679
22516,53,52,0.0188679
22516,53,52,0.0188679
22517,53,52,0.0188679
22518,53,52,0.0188679
22519,53,52,0.0188679
22520,53,52,0.0188679
22521,53,52,0.0188679
22522,53,52,0.0188679
22523,53,52,0.0188679
22523,53,52,0.0188679
22524,53,52,0.0188679
22525,53,52,0.0188679
22526,53,52,0.0188679
22527,53,52,0.0188679
22528,53,52,0.0188679
22529,53,52,0.0188679
22530,53,52,0.0188679
22531,53,52,0.0188679
22532,53,52,0.0188679
22534,53,52,0.0188679
22535,53,52,0.0188679
22536,53,52,0.0188679
22538,53,52,0.0188679
22539,53,52,0.0188679
22540,53,52,0.0188679
22541,53,52,0.0188679
22543,53,52,0.0188679
22544,53,52,0.0188679
22545,53,52,0.0188679
22545,53,52,0.0188679
22546,53,52,0.0188679
22547,53,52,0.0188679
22548,53,52,0.0188679
22549,53,52,0.0188679
22550,53,52,0.0188679
22551,53,52,0.0188679
22553,53,52,0.0188679
22557,53,52,0.0188679
22559,53,52,0.0188679
22560,53,52,0.0188679
22561,53,52,0.0188679
22563,53,52,0.0188679
22564,53,52,0.0188679
22565,53,52,0.0188679
22567,53,52,0.0188679
22572,53,52,0.0188679
22573,53,52,0.0188679
22575,53,52,0.0188679
22577,53,52,0.0188679
22578,53,52,0.0188679
22579,53,52,0.0188679
22581,53,52,0.0188679
22583,53,52,0.0188679
22584,53,52,0.0188679
22586,53,52,0.0188679
22587,53,52,0.0188679
22589,53,52,0.0188679
22590,53,52,0.0188679
22591,53,52,0.0188679
22593,53,52,0.0188679
22594,53,52,0.0188679
22595,53,52,0.0188679
22597,53,52,0.0188679
22597,53,52,0.0188679
22599,53,52,0.0188679
22601,53,52,0.0188679
22603,53,52,0.0188679
22605,53,52,0.0188679
22607,53,52,0.0188679
22608,53,52,0.0188679
22609,53,52,0.0188679
22610,53,52,0.0188679
22611,53,52,0.0188679
22612,53,52,0.0188679
22614,53,52,0.0188679
22614,53,52,0.0188679
22616,53,52,0.0188679
22617,53,52,0.0188679
22619,53,52,0.0188679
22620,53,52,0.0188679
22622,53,52,0.0188679
22625,53,52,0.0188679
22626,53,52,0.0188679
22627,53,52,0.0188679
22628,53,52,0.0188679
22630,53,52,0.0188679
22631,53,52,0.0188679
22632,53,52,0.0188679
22634,53,52,0.0188679
22635,53,52,0.0188679
22636,53,52,0.0188679
22638,53,52,0.0188679
22640,53,52,0.0188679
22641,53,52,0.0188679
22642,53,52,0.0188679
22643,53,52,0.0188679
22645,53,52,0.0188679
22646,53,52,0.0188679
22647,53,52,0.0188679
22648,53,52,0.0188679
22650,53,52,0.0188679
22651,53,52,0.0188679
22653,53,52,0.0188679
22655,53,52,0.0188679
22656,53,52,0.0188679
22657,53,52,0.0188679
22658,53,52,0.0188679
22659,53,52,0.0188679
22660,53,52,0.0188679
22661,53,52,0.0188679
22662,53,52,0.0188679
22663,53,52,0.0188679
22665,53,52,0.0188679
22665,53,52,0.0188679
22667,53,52,0.0188679
22668,53,52,0.0188679
22669,53,52,0.0188679
22671,53,52,0.0188679
22673,53,52,0.0188679
22674,53,52,0.0188679
22674,53,52,0.0188679
22676,53,52,0.0188679
22676,53,52,0.0188679
22678,53,52,0.0188679
22678,53,52,0.0188679
22680,53,52,0.0188679
22682,53,52,0.0188679
22682,53,52,0.0188679
22684,53,52,0.0188679
22685,53,52,0.0188679
22687,53,52,0.0188679
22688,53,52,0.0188679
22689,53,52,0.0188679
22690,53,52,0.0188679
22691,53,52,0.0188679
22692,53,52,0.0188679
22693,53,52,0.0188679
22694,53,52,0.0188679
22694,53,52,0.0188679
22696,53,52,0.0188679
22697,53,52,0.0188679
22698,53,52,0.0188679
22700,53,52,0.0188679
22702,53,52,0.0188679
22703,53,52,0.0188679
22705,53,52,0.0188679
22706,53,52,0.0188679
22707,53,52,0.0188679
22708,53,52,0.0188679
22709,53,52,0.0188679
22710,53,52,0.0188679
22710,53,52,0.0188679
22711,53,52,0.0188679
22713,53,52,0.0188679
22714,53,52,0.0188679
22715,53,52,0.0188679
22717,53,52,0.0188679
22721,53,52,0.0188679
22722,53,52,0.0188679
22723,53,52,0.0188679
22724,53,52,0.0188679
22726,53,52,0.0188679
22727,53,52,0.0188679
22728,53,52,0.0188679
22728,53,52,0.0188679
22729,53,52,0.0188679
22730,53,52,0.0188679
22731,53,52,0.0188679
22733,53,52,0.0188679
22734,53,52,0.0188679
22736,53,52,0.0188679
22737,53,52,0.0188679
22738,53,52,0.0188679
22739,53,52,0.0188679
22740,53,52,0.0188679
22740,53,52,0.0188679
22741,53,52,0.0188679
22742,53,52,0.0188679
22743,53,52,0.0188679
22744,53,52,0.0188679
22745,53,52,0.0188679
22746,53,52,0.0188679
22748,53,52,0.0188679
22748,53,52,0.0188679
22749,53,52,0.0188679
22750,53,52,0.0188679
22753,53,52,0.0188679
22754,53,52,0.0188679
22755,53,52,0.0188679
22756,53,52,0.0188679
22757,53,52,0.0188679
22759,53,52,0.0188679
22760,53,52,0.0188679
22763,53,52,0.0188679
22764,53,52,0.0188679
22765,53,52,0.0188679
22766,53,52,0.0188679
22767,53,52,0.0188679
22768,53,52,0.0188679
22769,53,52,0.0188679
22770,53,52,0.0188679
22770,53,52,0.0188679
22771,53,52,0.0188679
22772,53,52,0.0188679
22773,53,52,0.0188679
22774,53,52,0.0188679
22775,53,52,0.0188679
22776,53,52,0.0188679
22777,53,52,0.0188679
22777,53,52,0.0188679
22778,53,52,0.0188679
22779,53,52,0.0188679
22781,53,52,0.0188679
22782,53,52,0.0188679
22783,53,52,0.0188679
22784,53,52,0.0188679
22785,53,52,0.0188679
22786,53,52,0.0188679
22786,53,52,0.0188679
22787,53,52,0.0188679
22788,53,52,0.0188679
22789,53,52,0.0188679
22790,53,52,0.0188679
22791,53,52,0.0188679
22792,53,52,0.0188679
22793,53,52,0.0188679
22793,53,52,0.0188679
22794,53,52,0.0188679
22795,53,52,0.0188679
22796,53,52,0.0188679
22797,53,52,0.0188679
22798,53,52,0.0188679
22799,53,52,0.0188679
22800,53,52,0.0188679
22801,53,52,0.0188679
22803,53,52,0.0188679
22804,53,52,0.0188679
22805,53,52,0.0188679
22806,53,52,0.0188679
22807,53,52,0.0188679
22808,53,52,0.0188679
22809,53,52,0.0188679
22810,53,52,0.0188679
22811,53,52,0.0188679
22812,53,52,0.0188679
22813,53,52,0.0188679
22814,53,52,0.0188679
22816,53,52,0.0188679
22817,53,52,0.0188679
22818,53,52,0.0188679
22819,53,52,0.0188679
22820,53,52,0.0188679
22821,53,52,0.0188679
22822,53,52,0.0188679
22823,53,52,0.0188679
22824,53,52,0.0188679
22825,53,52,0.0188679
22826,53,52,0.0188679
22827,53,52,0.0188679
22828,53,52,0.0188679
22829,53,52,0.0188679
22830,53,52,0.0188679
22831,53,52,0.0188679
22832,53,52,0.0188679
22834,53,52,0.0188679
22836,53,52,0.0188679
22838,53,52,0.0188679
22839,53,52,0.0188679
22840,53,52,0.0188679
22841,53,52,0.0188679
22841,53,52,0.0188679
22842,53,52,0.0188679
22843,53,52,0.0188679
22844,53,52,0.0188679
22845,53,52,0.0188679
22846,53,52,0.0188679
22846,53,52,0.0188679
22848,53,52,0.0188679
22849,53,52,0.0188679
22850,53,52,0.0188679
22851,53,52,0.0188679
22851,53,52,0.0188679
22852,53,52,0.0188679
22853,53,52,0.0188679
22854,53,52,0.0188679
22855,53,52,0.0188679
22856,53,52,0.0188679
22857,53,52,0.0188679
22858,53,52,0.0188679
22859,53,52,0.0188679
22860,53,52,0.0188679
22860,53,52,0.0188679
22863,53,52,0.0188679
22864,53,52,0.0188679
22865,53,52,0.0188679
22866,53,52,0.0188679
22867,53,52,0.0188679
22869,53,52,0.0188679
22871,53,52,0.0188679
22872,53,52,0.0188679
22873,53,52,0.0188679
22874,53,52,0.0188679
22875,53,52,0.0188679
22876,53,52,0.0188679
22877,53,52,0.0188679
22878,53,52,0.0188679
22879,53,52,0.0188679
22879,53,52,0.0188679
22880,53,52,0.0188679
22881,53,52,0.0188679
22882,53,52,0.0188679
22883,53,52,0.0188679
22884,53,52,0.0188679
22885,53,52,0.0188679
22886,53,52,0.0188679
22887,53,52,0.0188679
22888,53,52,0.0188679
22889,53,52,0.0188679
22890,53,52,0.0188679
22891,53,52,0.0188679
22891,53,52,0.0188679
22893,53,52,0.0188679
22896,53,52,0.0188679
22896,53,52,0.0188679
22897,53,52,0.0188679
22898,53,52,0.0188679
22900,53,52,0.0188679
22902,53,52,0.0188679
22904,53,52,0.0188679
22905,53,52,0.0188679
22906,53,52,0.0188679
22907,53,52,0.0188679
22908,53,52,0.0188679
22909,53,52,0.0188679
22910,53,52,0.0188679
22912,53,52,0.0188679
22915,53,52,0.0188679
22916,53,52,0.0188679
22918,53,52,0.0188679
22920,53,52,0.0188679
22921,53,52,0.0188679
22923,53,52,0.0188679
22924,53,52,0.0188679
22925,53,52,0.0188679
22926,53,52,0.0188679
22927,53,52,0.0188679
22928,53,52,0.0188679
22929,53,52,0.0188679
22931,53,52,0.0188679
22931,53,52,0.0188679
22932,53,52,0.0188679
22933,53,52,0.0188679
22934,53,52,0.0188679
22935,53,52,0.0188679
22936,53,52,0.0188679
22937,53,52,0.0188679
22938,53,52,0.0188679
22939,53,52,0.0188679
22940,53,52,0.0188679
22941,53,52,0.0188679
22942,53,52,0.0188679
22943,53,52,0.0188679
22944,53,52,0.0188679
22945,53,52,0.0188679
22946,53,52,0.0188679
22948,53,52,0.0188679
22949,53,52,0.0188679
22951,53,52,0.0188679
22952,53,52,0.0188679
22953,53,52,0.0188679
22954,53,52,0.0188679
22955,53,52,0.0188679
22955,53,52,0.0188679
22956,53,52,0.0188679
22957,53,52,0.0188679
22958,53,52,0.0188679
22960,53,52,0.0188679
22961,53,52,0.0188679
22962,53,52,0.0188679
22963,53,52,0.0188679
22963,53,52,0.0188679
22964,53,52,0.0188679
22965,53,52,0.0188679
22966,53,52,0.0188679
22967,53,52,0.0188679
22968,53,52,0.0188679
22969,53,52,0.0188679
22971,53,52,0.0188679
22972,53,52,0.0188679
22973,53,52,0.0188679
22974,53,52,0.0188679
22975,53,52,0.0188679
22976,53,52,0.0188679
22977,53,52,0.0188679
22978,53,52,0.0188679
22978,53,52,0.0188679
22979,53,52,0.0188679
22980,53,52,0.0188679
22981,53,52,0.0188679
22982,53,52,0.0188679
22983,53,52,0.0188679
22984,53,52,0.0188679
22984,53,52,0.0188679
22985,53,52,0.0188679
22986,53,52,0.0188679
22988,53,52,0.0188679
22989,53,52,0.0188679
22990,53,52,0.0188679
22992,53,52,0.0188679
22993,53,52,0.0188679
22994,53,52,0.0188679
22995,53,52,0.0188679
22996,53,52,0.0188679
22997,53,52,0.0188679
22999,53,52,0.0188679
23000,53,52,0.0188679
23001,53,52,0.0188679
23002,53,52,0.0188679
23003,53,52,0.0188679
23004,53,52,0.0188679
23004,53,52,0.0188679
23005,53,52,0.0188679
23006,53,52,0.0188679
23007,53,52,0.0188679
23008,53,52,0.0188679
23009,53,52,0.0188679
23010,53,52,0.0188679
23011,53,52,0.0188679
23012,53,52,0.0188679
23012,53,52,0.0188679
23013,53,52,0.0188679
23014,53,52,0.0188679
23015,53,52,0.0188679
23017,53,52,0.0188679
23018,53,52,0.0188679
23019,53,52,0.0188679
23021,53,52,0.0188679
23023,53,52,0.0188679
23023,53,52,0.0188679
23024,53,52,0.0188679
23025,53,52,0.0188679
23026,53,52,0.0188679
23027,53,52,0.0188679
23028,53,52,0.0188679
23029,53,52,0.0188679
23029,53,52,0.0188679
23030,53,52,0.0188679
23031,53,52,0.0188679
23032,53,52,0.0188679
23033,53,52,0.0188679
23034,53,52,0.0188679
23037,53,52,0.0188679
23040,53,52,0.0188679
23041,53,52,0.0188679
23042,53,52,0.0188679
23043,53,52,0.0188679
23044,53,52,0.0188679
23046,53,52,0.0188679
23047,53,52,0.0188679
23049,53,52,0.0188679
23051,53,52,0.0188679
23053,53,52,0.0188679
23055,53,52,0.0188679
23057,53,52,0.0188679
23058,53,52,0.0188679
23059,53,52,0.0188679
23060,53,52,0.0188679
23062,53,52,0.0188679
23063,53,52,0.0188679
23065,53,52,0.0188679
23067,53,52,0.0188679
23069,53,52,0.0188679
23070,53,52,0.0188679
23074,53,52,0.0188679
23076,53,52,0.0188679
23077,53,52,0.0188679
23078,53,52,0.0188679
23079,53,52,0.0188679
23080,53,52,0.0188679
23081,53,52,0.0188679
23082,53,52,0.0188679
23083,53,52,0.0188679
23086,53,52,0.0188679
23087,53,52,0.0188679
23087,53,52,0.0188679
23088,53,52,0.0188679
23090,53,52,0.0188679
23091,53,52,0.0188679
23094,53,52,0.0188679
23095,53,52,0.0188679
23096,53,52,0.0188679
23097,53,52,0.0188679
23098,53,52,0.0188679
23099,53,52,0.0188679
23100,53,52,0.0188679
23101,53,52,0.0188679
23104,53,52,0.0188679
23107,53,52,0.0188679
23107,53,52,0.0188679
23109,53,52,0.0188679
23110,53,52,0.0188679
23111,53,52,0.0188679
23112,53,52,0.0188679
23113,53,52,0.0188679
23114,53,52,0.0188679
23115,53,52,0.0188679
23116,53,52,0.0188679
23117,53,52,0.0188679
23117,53,52,0.0188679
23118,53,52,0.0188679
23119,53,52,0.0188679
23120,53,52,0.0188679
23121,53,52,0.0188679
23122,53,52,0.0188679
23123,53,52,0.0188679
23124,53,52,0.0188679
23125,53,52,0.0188679
23126,53,52,0.0188679
23126,53,52,0.0188679
23127,53,52,0.0188679
23128,53,52,0.0188679
23129,53,52,0.0188679
23130,53,52,0.0188679
23131,53,52,0.0188679
23132,53,52,0.0188679
23132,53,52,0.0188679
23133,53,52,0.0188679
23134,53,52,0.0188679
23135,53,52,0.0188679
23137,53,52,0.0188679
23138,53,52,0.0188679
23139,53,52,0.0188679
23140,53,52,0.0188679
23140,53,52,0.0188679
23141,53,52,0.0188679
23142,53,52,0.0188679
23143,53,52,0.0188679
23144,53,52,0.0188679
23145,53,52,0.0188679
23146,53,52,0.0188679
23147,53,52,0.0188679
23148,53,52,0.0188679
23150,53,52,0.0188679
23152,53,52,0.0188679
23153,53,52,0.0188679
23154,53,52,0.0188679
23155,53,52,0.0188679
23156,53,52,0.0188679
23157,53,52,0.0188679
23158,53,52,0.0188679
23158,53,52,0.0188679
23159,53,52,0.0188679
23161,53,52,0.0188679
23162,53,52,0.0188679
23163,53,52,0.0188679
23164,53,52,0.0188679
23165,53,52,0.0188679
23166,53,52,0.0188679
23167,53,52,0.0188679
23168,53,52,0.0188679
23169,53,52,0.0188679
23170,53,52,0.0188679
23171,53,52,0.0188679
23173,53,52,0.0188679
23174,53,52,0.0188679
23175,53,52,0.0188679
23176,53,52,0.0188679
23177,53,52,0.0188679
23178,53,52,0.0188679
23180,53,52,0.0188679
23181,53,52,0.0188679
23182,53,52,0.0188679
23183,53,52,0.0188679
23184,53,52,0.0188679
23185,53,52,0.0188679
23186,53,52,0.0188679
23186,53,52,0.0188679
23187,53,52,0.0188679
23188,53,52,0.0188679
23189,53,52,0.0188679
23190,53,52,0.0188679
23191,53,52,0.0188679
23192,53,52,0.0188679
23193,53,52,0.0188679
23194,53,52,0.0188679
23195,53,52,0.0188679
23196,53,52,0.0188679
23197,53,52,0.0188679
23198,53,52,0.0188679
23199,53,52,0.0188679
23200,53,52,0.0188679
23201,53,52,0.0188679
23202,53,52,0.0188679
23203,53,52,0.0188679
23204,53,52,0.0188679
23204,53,52,0.0188679
23205,53,52,0.0188679
23207,53,52,0.0188679
23208,53,52,0.0188679
23211,53,52,0.0188679
23211,53,52,0.0188679
23212,53,52,0.0188679
23215,53,52,0.0188679
23216,53,52,0.0188679
23217,53,52,0.0188679
23218,53,52,0.0188679
23219,53,52,0.0188679
23222,53,52,0.0188679
23225,53,52,0.0188679
23226,53,52,0.0188679
23227,53,52,0.0188679
23229,53,52,0.0188679
23230,53,52,0.0188679
23232,53,52,0.0188679
23233,53,52,0.0188679
23234,53,52,0.0188679
23236,53,52,0.0188679
23238,53,52,0.0188679
23239,53,52,0.0188679
23241,53,52,0.0188679
23242,53,52,0.0188679
23243,53,52,0.0188679
23244,53,52,0.0188679
23245,53,52,0.0188679
23246,53,52,0.0188679
23246,53,52,0.0188679
23248,53,52,0.0188679
23250,53,52,0.0188679
23250,53,52,0.0188679
23251,53,52,0.0188679
23252,53,52,0.0188679
23256,53,52,0.0188679
23256,53,52,0.0188679
23257,53,52,0.0188679
23258,53,52,0.0188679
23259,53,52,0.0188679
23260,53,52,0.0188679
23261,53,52,0.0188679
23262,53,52,0.0188679
23263,53,52,0.0188679
23264,53,52,0.0188679
23266,53,52,0.0188679
23268,53,52,0.0188679
23269,53,52,0.0188679
23272,53,52,0.0188679
23273,53,52,0.0188679
23274,53,52,0.0188679
23275,53,52,0.0188679
23276,53,52,0.0188679
23276,53,52,0.0188679
23277,53,52,0.0188679
23278,53,52,0.0188679
23279,53,52,0.0188679
23280,53,52,0.0188679
23280,53,52,0.0188679
23282,53,52,0.0188679
23282,53,52,0.0188679
23283,53,52,0.0188679
23284,53,52,0.0188679
23285,53,52,0.0188679
23286,53,52,0.0188679
23288,53,52,0.0188679
23290,53,52,0.0188679
23291,53,52,0.0188679
23292,53,52,0.0188679
23294,53,52,0.0188679
23295,53,52,0.0188679
23295,53,52,0.0188679
23296,53,52,0.0188679
23297,53,52,0.0188679
23299,53,52,0.0188679
23302,53,52,0.0188679
23302,53,52,0.0188679
23303,53,52,0.0188679
23304,53,52,0.0188679
23305,53,52,0.0188679
23306,53,52,0.0188679
23307,53,52,0.0188679
23308,53,52,0.0188679
23309,53,52,0.0188679
23311,53,52,0.0188679
23312,53,52,0.0188679
23313,53,52,0.0188679
23314,53,52,0.0188679
23314,53,52,0.0188679
23315,53,52,0.0188679
23316,53,52,0.0188679
23317,53,52,0.0188679
23318,53,52,0.0188679
23319,53,52,0.0188679
23320,53,52,0.0188679
23321,53,52,0.0188679
23321,53,52,0.0188679
23322,53,52,0.0188679
23323,53,52,0.0188679
23324,53,52,0.0188679
23325,53,52,0.0188679
23326,53,52,0.0188679
23326,53,52,0.0188679
23328,53,52,0.0188679
23329,53,52,0.0188679
23330,53,52,0.0188679
23331,53,52,0.0188679
23334,53,52,0.0188679
23336,53,52,0.0188679
23337,53,52,0.0188679
23339,53,52,0.0188679
23341,53,52,0.0188679
23341,53,52,0.0188679
23342,53,52,0.0188679
23343,53,52,0.0188679
23344,53,52,0.0188679
23345,53,52,0.0188679
23346,53,52,0.0188679
23346,53,52,0.0188679
23348,53,52,0.0188679
23349,53,52,0.0188679
23349,53,52,0.0188679
23350,53,52,0.0188679
23351,53,52,0.0188679
23352,53,52,0.0188679
23353,53,52,0.0188679
23354,53,52,0.0188679
23355,53,52,0.0188679
23357,53,52,0.0188679
23361,53,52,0.0188679
23362,53,52,0.0188679
23363,53,52,0.0188679
23364,53,52,0.0188679
23366,53,52,0.0188679
23367,53,52,0.0188679
23369,53,52,0.0188679
23373,53,52,0.0188679
23374,53,52,0.0188679
23375,53,52,0.0188679
23375,53,52,0.0188679
23376,53,52,0.0188679
23379,53,52,0.0188679
23380,53,52,0.0188679
23380,53,52,0.0188679
23381,53,52,0.0188679
23382,53,52,0.0188679
23383,53,52,0.0188679
23385,53,52,0.0188679
23387,53,52,0.0188679
23388,53,52,0.0188679
23389,53,52,0.0188679
23390,53,52,0.0188679
23391,53,52,0.0188679
23391,53,52,0.0188679
23392,53,52,0.0188679
23393,53,52,0.0188679
23394,53,52,0.0188679
23395,53,52,0.0188679
23395,53,52,0.0188679
23396,53,52,0.0188679
23397,53,52,0.0188679
23398,53,52,0.0188679
23399,53,52,0.0188679
23400,53,52,0.0188679
23401,53,52,0.0188679
23402,53,52,0.0188679
23403,53,52,0.0188679
23404,53,52,0.0188679
23405,53,52,0.0188679
23406,53,52,0.0188679
23407,53,52,0.0188679
23408,53,52,0.0188679
23409,53,52,0.0188679
23410,53,52,0.0188679
23411,53,52,0.0188679
23412,53,52,0.0188679
23413,53,52,0.0188679
23415,53,52,0.0188679
23416,53,52,0.0188679
23416,53,52,0.0188679
23419,53,52,0.0188679
23420,53,52,0.0188679
23421,53,52,0.0188679
23422,53,52,0.0188679
23422,53,52,0.0188679
23423,53,52,0.0188679
23424,53,52,0.0188679
23425,53,52,0.0188679
23426,53,52,0.0188679
23427,53,52,0.0188679
23428,53,52,0.0188679
23429,53,52,0.0188679
23431,53,52,0.0188679
23432,53,52,0.0188679
23434,53,52,0.0188679
23434,53,52,0.0188679
23435,53,52,0.0188679
23436,53,52,0.0188679
23437,53,52,0.0188679
23438,53,52,0.0188679
23440,53,52,0.0188679
23442,53,52,0.0188679
23443,53,52,0.0188679
23444,53,52,0.0188679
23445,53,52,0.0188679
23446,53,52,0.0188679
23447,53,52,0.0188679
23447,53,52,0.0188679
23448,53,52,0.0188679
23451,53,52,0.0188679
23452,53,52,0.0188679
23453,53,52,0.0188679
23454,53,52,0.0188679
23455,53,52,0.0188679
23456,53,52,0.0188679
23458,53,52,0.0188679
23458,53,52,0.0188679
23459,53,52,0.0188679
23460,53,52,0.0188679
23461,53,52,0.0188679
23462,53,52,0.0188679
23463,53,52,0.0188679
23463,53,52,0.0188679
23464,53,52,0.0188679
23465,53,52,0.0188679
23466,53,52,0.0188679
23467,53,52,0.0188679
23468,53,52,0.0188679
23469,53,52,0.0188679
23470,53,52,0.0188679
23471,53,52,0.0188679
23472,53,52,0.0188679
23473,53,52,0.0188679
23474,53,52,0.0188679
23475,53,52,0.0188679
23476,53,52,0.0188679
23477,53,52,0.0188679
23478,53,52,0.0188679
23479,53,52,0.0188679
23480,53,52,0.0188679
23480,53,52,0.0188679
23481,53,52,0.0188679
23482,53,52,0.0188679
23483,53,52,0.0188679
23484,53,52,0.0188679
23485,53,52,0.0188679
23486,53,52,0.0188679
23487,53,52,0.0188679
23488,53,52,0.0188679
23489,53,52,0.0188679
23490,53,52,0.0188679
23491,53,52,0.0188679
23492,53,52,0.0188679
23493,53,52,0.0188679
23493,53,52,0.0188679
23494,53,52,0.0188679
23495,53,52,0.0188679
23496,53,52,0.0188679
23497,53,52,0.0188679
23498,53,52,0.0188679
23499,53,52,0.0188679
23500,53,52,0.0188679
23501,53,52,0.0188679
23503,53,52,0.0188679
23505,53,52,0.0188679
23507,53,52,0.0188679
23508,53,52,0.0188679
23509,53,52,0.0188679
23510,53,52,0.0188679
23510,53,52,0.0188679
23514,53,52,0.0188679
23515,53,52,0.0188679
23517,53,52,0.0188679
23518,53,52,0.0188679
23520,53,52,0.0188679
23521,53,52,0.0188679
23522,53,52,0.0188679
23523,53,52,0.0188679
23524,53,52,0.0188679
23525,53,52,0.0188679
23526,53,52,0.0188679
23527,53,52,0.0188679
23528,53,52,0.0188679
23529,53,52,0.0188679
23529,53,52,0.0188679
23530,53,52,0.0188679
23531,53,52,0.0188679
23534,53,52,0.0188679
23535,53,52,0.0188679
23536,53,52,0.0188679
23537,53,52,0.0188679
23538,53,52,0.0188679
23539,53,52,0.0188679
23540,53,52,0.0188679
23541,53,52,0.0188679
23542,53,52,0.0188679
23543,53,52,0.0188679
23544,53,52,0.0188679
23545,53,52,0.0188679
23546,53,52,0.0188679
23547,53,52,0.0188679
23548,53,52,0.0188679
23549,53,52,0.0188679
23550,53,52,0.0188679
23551,53,52,0.0188679
23552,53,52,0.0188679
23554,53,52,0.0188679
23556,53,52,0.0188679
23558,53,52,0.0188679
23559,53,52,0.0188679
23561,53,52,0.0188679
23562,53,52,0.0188679
23563,53,52,0.0188679
23564,53,52,0.0188679
23566,53,52,0.0188679
23570,53,52,0.0188679
23571,53,52,0.0188679
23572,53,52,0.0188679
23573,53,52,0.0188679
23574,53,52,0.0188679
23575,53,52,0.0188679
23578,53,52,0.0188679
23579,53,52,0.0188679
23580,53,52,0.0188679
23581,53,52,0.0188679
23582,53,52,0.0188679
23583,53,52,0.0188679
23585,53,52,0.0188679
23587,53,52,0.0188679
23588,53,52,0.0188679
23589,53,52,0.0188679
23590,53,52,0.0188679
23591,53,52,0.0188679
23592,53,52,0.0188679
23593,53,52,0.0188679
23594,53,52,0.0188679
23595,53,52,0.0188679
23595,53,52,0.0188679
23596,53,52,0.0188679
23597,53,52,0.0188679
23598,53,52,0.0188679
23599,53,52,0.0188679
23600,53,52,0.0188679
23601,53,52,0.0188679
23602,53,52,0.0188679
23602,53,52,0.0188679
23603,53,52,0.0188679
23604,53,52,0.0188679
23606,53,52,0.0188679
23607,53,52,0.0188679
23608,53,52,0.0188679
23608,53,52,0.0188679
23609,53,52,0.0188679
23610,53,52,0.0188679
23611,53,52,0.0188679
23612,53,52,0.0188679
23613,53,52,0.0188679
23614,53,52,0.0188679
23615,53,52,0.0188679
23616,53,52,0.0188679
23620,53,52,0.0188679
23621,53,52,0.0188679
23622,53,52,0.0188679
23623,53,52,0.0188679
23625,53,52,0.0188679
23626,53,52,0.0188679
23626,53,52,0.0188679
23627,53,52,0.0188679
23628,53,52,0.0188679
23629,53,52,0.0188679
23630,53,52,0.0188679
23631,53,52,0.0188679
23632,53,52,0.0188679
23633,53,52,0.0188679
23634,53,52,0.0188679
23634,53,52,0.0188679
23635,53,52,0.0188679
23636,53,52,0.0188679
23637,53,52,0.0188679
23639,53,52,0.0188679
23640,53,52,0.0188679
23641,53,52,0.0188679
23642,53,52,0.0188679
23643,53,52,0.0188679
23644,53,52,0.0188679
23645,53,52,0.0188679
23646,53,52,0.0188679
23646,53,52,0.0188679
23647,53,52,0.0188679
23648,53,52,0.0188679
23649,53,52,0.0188679
23651,53,52,0.0188679
23652,53,52,0.0188679
23653,53,52,0.0188679
23654,53,52,0.0188679
23655,53,52,0.0188679
23656,53,52,0.0188679
23657,53,52,0.0188679
23658,53,52,0.0188679
23659,53,52,0.0188679
23660,53,52,0.0188679
23661,53,52,0.0188679
23662,53,52,0.0188679
23663,53,52,0.0188679
23664,53,52,0.0188679
23665,53,52,0.0188679
23666,53,52,0.0188679
23667,53,52,0.0188679
23668,53,52,0.0188679
23671,53,52,0.0188679
23673,53,52,0.0188679
23673,53,52,0.0188679
23674,53,52,0.0188679
23676,53,52,0.0188679
23676,53,52,0.0188679
23677,53,52,0.0188679
23678,53,52,0.0188679
23680,53,52,0.0188679
23681,53,52,0.0188679
23682,53,52,0.0188679
23683,53,52,0.0188679
23684,53,52,0.0188679
23685,53,52,0.0188679
23686,53,52,0.0188679
23687,53,52,0.0188679
23687,53,52,0.0188679
23688,53,52,0.0188679
23689,53,52,0.0188679
23690,53,52,0.0188679
23691,53,52,0.0188679
23692,53,52,0.0188679
23693,53,52,0.0188679
23694,53,52,0.0188679
23695,53,52,0.0188679
23696,53,52,0.0188679
23697,53,52,0.0188679
23697,53,52,0.0188679
23700,53,52,0.0188679
23701,53,52,0.0188679
23702,53,52,0.0188679
23703,53,52,0.0188679
23704,53,52,0.0188679
23705,53,52,0.0188679
23705,53,52,0.0188679
23706,53,52,0.0188679
23707,53,52,0.0188679
23708,53,52,0.0188679
23709,53,52,0.0188679
23710,53,52,0.0188679
23711,53,52,0.0188679
23712,53,52,0.0188679
23713,53,52,0.0188679
23714,53,52,0.0188679
23715,53,52,0.0188679
23716,53,52,0.0188679
23717,53,52,0.0188679
23719,53,52,0.0188679
23720,53,52,0.0188679
23722,53,52,0.0188679
23722,53,52,0.0188679
23723,53,52,0.0188679
23724,53,52,0.0188679
23725,53,52,0.0188679
23726,53,52,0.0188679
23726,53,52,0.0188679
23727,53,52,0.0188679
23728,53,52,0.0188679
23729,53,52,0.0188679
23730,53,52,0.0188679
23731,53,52,0.0188679
23732,53,52,0.0188679
23733,53,52,0.0188679
23733,53,52,0.0188679
23734,53,52,0.0188679
23735,53,52,0.0188679
23736,53,52,0.0188679
23737,53,52,0.0188679
23738,53,52,0.0188679
23739,53,52,0.0188679
23740,53,52,0.0188679
23740,53,52,0.0188679
23742,53,52,0.0188679
23743,53,52,0.0188679
23744,53,52,0.0188679
23744,53,52,0.0188679
23745,53,52,0.0188679
23746,53,52,0.0188679
23747,53,52,0.0188679
23748,53,52,0.0188679
23749,53,52,0.0188679
23750,53,52,0.0188679
23754,53,52,0.0188679
23755,53,52,0.0188679
23756,53,52,0.0188679
23757,53,52,0.0188679
23759,53,52,0.0188679
23759,53,52,0.0188679
23760,53,52,0.0188679
23761,53,52,0.0188679
23762,53,52,0.0188679
23763,53,52,0.0188679
23764,53,52,0.0188679
23765,53,52,0.0188679
23766,53,52,0.0188679
23768,53,52,0.0188679
23769,53,52,0.0188679
23772,53,52,0.0188679
23773,53,52,0.0188679
23774,53,52,0.0188679
23775,53,52,0.0188679
23776,53,52,0.0188679
23777,53,52,0.0188679
23778,53,52,0.0188679
23780,53,52,0.0188679
23781,53,52,0.0188679
23785,53,52,0.0188679
23786,53,52,0.0188679
23788,53,52,0.0188679
23789,53,52,0.0188679
23790,53,52,0.0188679
23791,53,52,0.0188679
23792,53,52,0.0188679
23793,53,52,0.0188679
23794,53,52,0.0188679
23795,53,52,0.0188679
23796,53,52,0.0188679
23798,53,52,0.0188679
23799,53,52,0.0188679
23800,53,52,0.0188679
23801,53,52,0.0188679
23802,53,52,0.0188679
23803,53,52,0.0188679
23804,53,52,0.0188679
23805,53,52,0.0188679
23806,53,52,0.0188679
23807,53,52,0.0188679
23808,53,52,0.0188679
23809,53,52,0.0188679
23810,53,52,0.0188679
23810,53,52,0.0188679
23811,53,52,0.0188679
23812,53,52,0.0188679
23815,53,52,0.0188679
23816,53,52,0.0188679
23817,53,52,0.0188679
23818,53,52,0.0188679
23820,53,52,0.0188679
23821,53,52,0.0188679
23822,53,52,0.0188679
23823,53,52,0.0188679
23825,53,52,0.0188679
23826,53,52,0.0188679
23828,53,52,0.0188679
23829,53,52,0.0188679
23830,53,52,0.0188679
23831,53,52,0.0188679
23832,53,52,0.0188679
23833,53,52,0.0188679
23836,53,52,0.0188679
23837,53,52,0.0188679
23839,53,52,0.0188679
23840,53,52,0.0188679
23842,53,52,0.0188679
23843,53,52,0.0188679
23844,53,52,0.0188679
23845,53,52,0.0188679
23846,53,52,0.0188679
23848,53,52,0.0188679
23849,53,52,0.0188679
23850,53,52,0.0188679
23851,53,52,0.0188679
23853,53,52,0.0188679
23854,53,52,0.0188679
23856,53,52,0.0188679
23857,53,52,0.0188679
23858,53,52,0.0188679
23860,53,52,0.0188679
23861,53,52,0.0188679
23864,53,52,0.0188679
23866,53,52,0.0188679
23867,53,52,0.0188679
23869,53,52,0.0188679
23871,53,52,0.0188679
23873,53,52,0.0188679
23874,53,52,0.0188679
23875,53,52,0.0188679
23876,53,52,0.0188679
23877,53,52,0.0188679
23878,53,52,0.0188679
23879,53,52,0.0188679
23881,53,52,0.0188679
23882,53,52,0.0188679
23884,53,52,0.0188679
23886,53,52,0.0188679
23887,53,52,0.0188679
23889,53,52,0.0188679
23890,53,52,0.0188679
23891,53,52,0.0188679
23892,53,52,0.0188679
23893,53,52,0.0188679
23894,53,52,0.0188679
23896,53,52,0.0188679
23897,53,52,0.0188679
23899,53,52,0.0188679
23900,53,52,0.0188679
23902,53,52,0.0188679
23904,53,52,0.0188679
23906,53,52,0.0188679
23907,53,52,0.0188679
23908,53,52,0.0188679
23909,53,52,0.0188679
23910,53,52,0.0188679
23914,53,52,0.0188679
23915,53,52,0.0188679
23917,53,52,0.0188679
23918,53,52,0.0188679
23919,53,52,0.0188679
23921,53,52,0.0188679
23922,53,52,0.0188679
23924,53,52,0.0188679
23925,53,52,0.0188679
23927,53,52,0.0188679
23928,53,52,0.0188679
23929,53,52,0.0188679
23930,53,52,0.0188679
23931,53,52,0.0188679
23932,53,52,0.0188679
23935,53,52,0.0188679
23936,53,52,0.0188679
23937,53,52,0.0188679
23938,53,52,0.0188679
23939,53,52,0.0188679
23940,53,52,0.0188679
23941,53,52,0.0188679
23942,53,52,0.0188679
23943,53,52,0.0188679
23947,53,52,0.0188679
23948,53,52,0.0188679
23949,53,52,0.0188679
23950,53,52,0.0188679
23952,53,52,0.0188679
23954,53,52,0.0188679
23957,53,52,0.0188679
23958,53,52,0.0188679
23959,53,52,0.0188679
23960,53,52,0.0188679
23961,53,52,0.0188679
23962,53,52,0.0188679
23964,53,52,0.0188679
23965,53,52,0.0188679
23966,53,52,0.0188679
23967,53,52,0.0188679
23968,53,52,0.0188679
23969,53,52,0.0188679
23970,53,52,0.0188679
23971,53,52,0.0188679
23972,53,52,0.0188679
23973,53,52,0.0188679
23974,53,52,0.0188679
23976,53,52,0.0188679
23977,53,52,0.0188679
23978,53,52,0.0188679
23979,53,52,0.0188679
23980,53,52,0.0188679
23981,53,52,0.0188679
23982,53,52,0.0188679
23983,53,52,0.0188679
23984,53,52,0.0188679
23985,53,52,0.0188679
23986,53,52,0.0188679
23987,53,52,0.0188679
23988,53,52,0.0188679
23989,53,52,0.0188679
23991,53,52,0.0188679
23992,53,52,0.0188679
23993,53,52,0.0188679
23994,53,52,0.0188679
23995,53,52,0.0188679
23996,53,52,0.0188679
23997,53,52,0.0188679
23998,53,52,0.0188679
23999,53,52,0.0188679
24000,53,52,0.0188679
24001,53,52,0.0188679
24002,53,52,0.0188679
24003,53,52,0.0188679
24003,53,52,0.0188679
24004,53,52,0.0188679
24005,53,52,0.0188679
24006,53,52,0.0188679
24007,53,52,0.0188679
24008,53,52,0.0188679
24010,53,52,0.0188679
24011,53,52,0.0188679
24012,53,52,0.0188679
24017,53,52,0.0188679
24018,53,52,0.0188679
24018,53,52,0.0188679
24019,53,52,0.0188679
24020,53,52,0.0188679
24021,53,52,0.0188679
24022,53,52,0.0188679
24023,53,52,0.0188679
24024,53,52,0.0188679
24025,53,52,0.0188679
24026,53,52,0.0188679
24027,53,52,0.0188679
24028,53,52,0.0188679
24029,53,52,0.0188679
24029,53,52,0.0188679
24030,53,52,0.0188679
24031,53,52,0.0188679
24032,53,52,0.0188679
24033,53,52,0.0188679
24034,53,52,0.0188679
24035,53,52,0.0188679
24036,53,52,0.0188679
24037,53,52,0.0188679
24038,53,52,0.0188679
24039,53,52,0.0188679
24040,53,52,0.0188679
24041,53,52,0.0188679
24042,53,52,0.0188679
24043,53,52,0.0188679
24043,53,52,0.0188679
24044,53,52,0.0188679
24045,53,52,0.0188679
24046,53,52,0.0188679
24048,53,52,0.0188679
24049,53,52,0.0188679
24050,53,52,0.0188679
24050,53,52,0.0188679
24051,53,52,0.0188679
24052,53,52,0.0188679
24053,53,52,0.0188679
24054,53,52,0.0188679
24055,53,52,0.0188679
24055,53,52,0.0188679
24056,53,52,0.0188679
24057,53,52,0.0188679
24058,53,52,0.0188679
24059,53,52,0.0188679
24060,53,52,0.0188679
24061,53,52,0.0188679
24061,53,52,0.0188679
24064,53,52,0.0188679
24065,53,52,0.0188679
24066,53,52,0.0188679
24067,53,52,0.0188679
24068,53,52,0.0188679
24070,53,52,0.0188679
24071,53,52,0.0188679
24072,53,52,0.0188679
24073,53,52,0.0188679
24074,53,52,0.0188679
24076,53,52,0.0188679
24077,53,52,0.0188679
24078,53,52,0.0188679
24079,53,52,0.0188679
24081,53,52,0.0188679
24082,53,52,0.0188679
24083,53,52,0.0188679
24084,53,52,0.0188679
24085,53,52,0.0188679
24086,53,52,0.0188679
24086,53,52,0.0188679
24087,53,52,0.0188679
24088,53,52,0.0188679
24090,53,52,0.0188679
24091,53,52,0.0188679
24092,53,52,0.0188679
24093,53,52,0.0188679
24094,53,52,0.0188679
24095,53,52,0.0188679
24096,53,52,0.0188679
24097,53,52,0.0188679
24100,53,52,0.0188679
24101,53,52,0.0188679
24102,53,52,0.0188679
24102,53,52,0.0188679
24103,53,52,0.0188679
24104,53,52,0.0188679
24105,53,52,0.0188679
24106,53,52,0.0188679
24107,53,52,0.0188679
24108,53,52,0.0188679
24109,53,52,0.0188679
24110,53,52,0.0188679
24111,53,52,0.0188679
24112,53,52,0.0188679
24115,53,52,0.0188679
24116,53,52,0.0188679
24117,53,52,0.0188679
24121,53,52,0.0188679
24121,53,52,0.0188679
24123,53,52,0.0188679
24124,53,52,0.0188679
24125,53,52,0.0188679
24126,53,52,0.0188679
24126,53,52,0.0188679
24128,53,52,0.0188679
24129,53,52,0.0188679
24130,53,52,0.0188679
24132,53,52,0.0188679
24133,53,52,0.0188679
24134,53,52,0.0188679
24135,53,52,0.0188679
24136,53,52,0.0188679
24137,53,52,0.0188679
24139,53,52,0.0188679
24140,53,52,0.0188679
24143,53,52,0.0188679
24144,53,52,0.0188679
24145,53,52,0.0188679
24147,53,52,0.0188679
24149,53,52,0.0188679
24150,53,52,0.0188679
24152,53,52,0.0188679
24153,53,52,0.0188679
24156,53,52,0.0188679
24159,53,52,0.0188679
24160,53,52,0.0188679
24161,53,52,0.0188679
24163,53,52,0.0188679
24165,53,52,0.0188679
24166,53,52,0.0188679
24167,53,52,0.0188679
24168,53,52,0.0188679
24169,53,52,0.0188679
24171,53,52,0.0188679
24172,53,52,0.0188679
24173,53,52,0.0188679
24175,53,52,0.0188679
24176,53,52,0.0188679
24177,53,52,0.0188679
24178,53,52,0.0188679
24180,53,52,0.0188679
24183,53,52,0.0188679
24185,53,52,0.0188679
24186,53,52,0.0188679
24187,53,52,0.0188679
24188,53,52,0.0188679
24189,53,52,0.0188679
24190,53,52,0.0188679
24191,53,52,0.0188679
24192,53,52,0.0188679
24193,53,52,0.0188679
24194,53,52,0.0188679
24195,53,52,0.0188679
24196,53,52,0.0188679
24197,53,52,0.0188679
24198,53,52,0.0188679
24200,53,52,0.0188679
24201,53,52,0.0188679
24202,53,52,0.0188679
24203,53,52,0.0188679
24204,53,52,0.0188679
24205,53,52,0.0188679
24206,53,52,0.0188679
24208,53,52,0.0188679
24209,53,52,0.0188679
24210,53,52,0.0188679
24211,53,52,0.0188679
24214,53,52,0.0188679
24216,53,52,0.0188679
24218,53,52,0.0188679
24219,53,52,0.0188679
24221,53,52,0.0188679
24222,53,52,0.0188679
24225,53,52,0.0188679
24226,53,52,0.0188679
24233,53,52,0.0188679
24234,53,52,0.0188679
24235,53,52,0.0188679
24237,53,52,0.0188679
24238,53,52,0.0188679
24239,53,52,0.0188679
24240,53,52,0.0188679
24242,53,52,0.0188679
24243,53,52,0.0188679
24244,53,52,0.0188679
24245,53,52,0.0188679
24247,53,52,0.0188679
24248,53,52,0.0188679
24250,53,52,0.0188679
24251,53,52,0.0188679
24253,53,52,0.0188679
24254,53,52,0.0188679
24255,53,52,0.0188679
24256,53,52,0.0188679
24257,53,52,0.0188679
24258,53,52,0.0188679
24259,53,52,0.0188679
24260,53,52,0.0188679
24263,53,52,0.0188679
24264,53,52,0.0188679
24265,53,52,0.0188679
24266,53,52,0.0188679
24267,53,52,0.0188679
24268,53,52,0.0188679
24272,53,52,0.0188679
24274,53,52,0.0188679
24276,53,52,0.0188679
24277,53,52,0.0188679
24278,53,52,0.0188679
24280,53,52,0.0188679
24281,53,52,0.0188679
24282,53,52,0.0188679
24283,53,52,0.0188679
24285,53,52,0.0188679
24286,53,52,0.0188679
24287,53,52,0.0188679
24287,53,52,0.0188679
24288,53,52,0.0188679
24290,53,52,0.0188679
24291,53,52,0.0188679
24292,53,52,0.0188679
24294,53,52,0.0188679
24295,53,52,0.0188679
24296,53,52,0.0188679
24297,53,52,0.0188679
24298,53,52,0.0188679
24299,53,52,0.0188679
24301,53,52,0.0188679
24302,53,52,0.0188679
24303,53,52,0.0188679
24304,53,52,0.0188679
24305,53,52,0.0188679
24306,53,52,0.0188679
24307,53,52,0.0188679
24308,53,52,0.0188679
24310,53,52,0.0188679
24311,53,52,0.0188679
24312,53,52,0.0188679
24314,53,52,0.0188679
24315,53,52,0.0188679
24316,53,52,0.0188679
24318,53,52,0.0188679
24319,53,52,0.0188679
24320,53,52,0.0188679
24322,53,52,0.0188679
24323,53,52,0.0188679
24324,53,52,0.0188679
24324,53,52,0.0188679
24325,53,52,0.0188679
24326,53,52,0.0188679
24327,53,52,0.0188679
24328,53,52,0.0188679
24329,53,52,0.0188679
24330,53,52,0.0188679
24331,53,52,0.0188679
24332,53,52,0.0188679
24333,53,52,0.0188679
24334,53,52,0.0188679
24335,53,52,0.0188679
24336,53,52,0.0188679
24337,53,52,0.0188679
24339,53,52,0.0188679
24340,53,52,0.0188679
24342,53,52,0.0188679
24344,53,52,0.0188679
24345,53,52,0.0188679
24346,53,52,0.0188679
24347,53,52,0.0188679
24348,53,52,0.0188679
24350,53,52,0.0188679
24352,53,52,0.0188679
24354,53,52,0.0188679
24355,53,52,0.0188679
24356,53,52,0.0188679
24358,53,52,0.0188679
24359,53,52,0.0188679
24360,53,52,0.0188679
24361,53,52,0.0188679
24363,53,52,0.0188679
24367,53,52,0.0188679
24368,53,52,0.0188679
24370,53,52,0.0188679
24372,53,52,0.0188679
24373,53,52,0.0188679
24374,53,52,0.0188679
24375,53,52,0.0188679
24377,53,52,0.0188679
24378,53,52,0.0188679
24379,53,52,0.0188679
24381,53,52,0.0188679
24382,53,52,0.0188679
24384,53,52,0.0188679
24385,53,52,0.0188679
24387,53,52,0.0188679
24389,53,52,0.0188679
24390,53,52,0.0188679
24391,53,52,0.0188679
24394,53,52,0.0188679
24395,53,52,0.0188679
24397,53,52,0.0188679
24399,53,52,0.0188679
24400,53,52,0.0188679
24401,53,52,0.0188679
24403,53,52,0.0188679
24404,53,52,0.0188679
24406,53,52,0.0188679
24407,53,52,0.0188679
24408,53,52,0.0188679
24409,53,52,0.0188679
24410,53,52,0.0188679
24411,53,52,0.0188679
24413,53,52,0.0188679
24414,53,52,0.0188679
24415,53,52,0.0188679
24416,53,52,0.0188679
24418,53,52,0.0188679
24420,53,52,0.0188679
24421,53,52,0.0188679
24422,53,52,0.0188679
24424,53,52,0.0188679
24424,53,52,0.0188679
24426,53,52,0.0188679
24427,53,52,0.0188679
24428,53,52,0.0188679
24430,53,52,0.0188679
24431,53,52,0.0188679
24432,53,52,0.0188679
24433,53,52,0.0188679
24435,53,52,0.0188679
24436,53,52,0.0188679
24437,53,52,0.0188679
24439,53,52,0.0188679
24440,53,52,0.0188679
24441,53,52,0.0188679
24442,53,52,0.0188679
24443,53,52,0.0188679
24444,53,52,0.0188679
24445,53,52,0.0188679
24446,53,52,0.0188679
24448,53,52,0.0188679
24449,53,52,0.0188679
24450,53,52,0.0188679
24451,53,52,0.0188679
24453,53,52,0.0188679
24455,53,52,0.0188679
24456,53,52,0.0188679
24457,53,52,0.0188679
24460,53,52,0.0188679
24461,53,52,0.0188679
24464,53,52,0.0188679
24465,53,52,0.0188679
24470,53,52,0.0188679
24471,53,52,0.0188679
24473,53,52,0.0188679
24474,53,52,0.0188679
24475,53,52,0.0188679
24478,53,52,0.0188679
24479,53,52,0.0188679
24480,53,52,0.0188679
24485,53,52,0.0188679
24486,53,52,0.0188679
24488,53,52,0.0188679
24489,53,52,0.0188679
24491,53,52,0.0188679
24492,53,52,0.0188679
24493,53,52,0.0188679
24494,53,52,0.0188679
24495,53,52,0.0188679
24496,53,52,0.0188679
24498,53,52,0.0188679
24499,53,52,0.0188679
24500,53,52,0.0188679
24501,53,52,0.0188679
24503,53,52,0.0188679
24504,53,52,0.0188679
24505,53,52,0.0188679
24506,53,52,0.0188679
24507,53,52,0.0188679
24508,53,52,0.0188679
24509,53,52,0.0188679
24510,53,52,0.0188679
24511,53,52,0.0188679
24512,53,52,0.0188679
24513,53,52,0.0188679
24514,53,52,0.0188679
24515,53,52,0.0188679
24516,53,52,0.0188679
24517,53,52,0.0188679
24519,53,52,0.0188679
24520,53,52,0.0188679
24521,53,52,0.0188679
24522,53,52,0.0188679
24523,53,52,0.0188679
24524,53,52,0.0188679
24525,53,52,0.0188679
24526,53,52,0.0188679
24527,53,52,0.0188679
24528,53,52,0.0188679
24532,53,52,0.0188679
24533,53,52,0.0188679
24534,53,52,0.0188679
24535,53,52,0.0188679
24537,53,52,0.0188679
24539,53,52,0.0188679
24540,53,52,0.0188679
24541,53,52,0.0188679
24541,53,52,0.0188679
24542,53,52,0.0188679
24543,53,52,0.0188679
24544,53,52,0.0188679
24545,53,52,0.0188679
24547,53,52,0.0188679
24548,53,52,0.0188679
24551,53,52,0.0188679
24552,53,52,0.0188679
24553,53,52,0.0188679
24554,53,52,0.0188679
24555,53,52,0.0188679
24556,53,52,0.0188679
24557,53,52,0.0188679
24559,53,52,0.0188679
24560,53,52,0.0188679
24562,53,52,0.0188679
24565,53,52,0.0188679
24566,53,52,0.0188679
24569,53,52,0.0188679
24570,53,52,0.0188679
24571,53,52,0.0188679
24573,53,52,0.0188679
24574,53,52,0.0188679
24575,53,52,0.0188679
24576,53,52,0.0188679
24579,53,52,0.0188679
24580,53,52,0.0188679
24581,53,52,0.0188679
24583,53,52,0.0188679
24584,53,52,0.0188679
24585,53,52,0.0188679
24588,53,52,0.0188679
24589,53,52,0.0188679
24590,53,52,0.0188679
24591,53,52,0.0188679
24593,53,52,0.0188679
24594,53,52,0.0188679
24597,53,52,0.0188679
24603,53,52,0.0188679
24607,53,52,0.0188679
24610,53,52,0.0188679
24610,53,52,0.0188679
24611,53,52,0.0188679
24612,53,52,0.0188679
24613,53,52,0.0188679
24614,53,52,0.0188679
24615,53,52,0.0188679
24616,53,52,0.0188679
24617,53,52,0.0188679
24620,53,52,0.0188679
24621,53,52,0.0188679
24623,53,52,0.0188679
24625,53,52,0.0188679
24626,53,52,0.0188679
24628,53,52,0.0188679
24629,53,52,0.0188679
24630,53,52,0.0188679
24631,53,52,0.0188679
24632,53,52,0.0188679
24633,53,52,0.0188679
24634,53,52,0.0188679
24635,53,52,0.0188679
24637,53,52,0.0188679
24638,53,52,0.0188679
24639,53,52,0.0188679
24640,53,52,0.0188679
24641,53,52,0.0188679
24642,53,52,0.0188679
24643,53,52,0.0188679
24644,53,52,0.0188679
24645,53,52,0.0188679
24646,53,52,0.0188679
24647,53,52,0.0188679
24648,53,52,0.0188679
24648,53,52,0.0188679
24650,53,52,0.0188679
24651,53,52,0.0188679
24655,53,52,0.0188679
24656,53,52,0.0188679
24657,53,52,0.0188679
24657,53,52,0.0188679
24658,53,52,0.0188679
24659,53,52,0.0188679
24660,53,52,0.0188679
24661,53,52,0.0188679
24662,53,52,0.0188679
24663,53,52,0.0188679
24664,53,52,0.0188679
24665,53,52,0.0188679
24666,53,52,0.0188679
24667,53,52,0.0188679
24669,53,52,0.0188679
24670,53,52,0.0188679
24671,53,52,0.0188679
24673,53,52,0.0188679
24675,53,52,0.0188679
24678,53,52,0.0188679
24679,53,52,0.0188679
24680,53,52,0.0188679
24681,53,52,0.0188679
24682,53,52,0.0188679
24687,53,52,0.0188679
24688,53,52,0.0188679
24690,53,52,0.0188679
24691,53,52,0.0188679
24692,53,52,0.0188679
24693,53,52,0.0188679
24694,53,52,0.0188679
24695,53,52,0.0188679
24696,53,52,0.0188679
24697,53,52,0.0188679
24698,53,52,0.0188679
24699,53,52,0.0188679
24702,53,52,0.0188679
24703,53,52,0.0188679
24704,53,52,0.0188679
24705,53,52,0.0188679
24706,53,52,0.0188679
24707,53,52,0.0188679
24707,53,52,0.0188679
24708,53,52,0.0188679
24709,53,52,0.0188679
24710,53,52,0.0188679
24711,53,52,0.0188679
24712,53,52,0.0188679
24713,53,52,0.0188679
24714,53,52,0.0188679
24715,53,52,0.0188679
24715,53,52,0.0188679
24717,53,52,0.0188679
24718,53,52,0.0188679
24719,53,52,0.0188679
24720,53,52,0.0188679
24724,53,52,0.0188679
24725,53,52,0.0188679
24726,53,52,0.0188679
24727,53,52,0.0188679
24729,53,52,0.0188679
24731,53,52,0.0188679
24733,53,52,0.0188679
24735,53,52,0.0188679
24736,53,52,0.0188679
24739,53,52,0.0188679
24741,53,52,0.0188679
24742,53,52,0.0188679
24744,53,52,0.0188679
24746,53,52,0.0188679
24747,53,52,0.0188679
24749,53,52,0.0188679
24750,53,52,0.0188679
24752,53,52,0.0188679
24753,53,52,0.0188679
24754,53,52,0.0188679
24756,53,52,0.0188679
24757,53,52,0.0188679
24758,53,52,0.0188679
24760,53,52,0.0188679
24761,53,52,0.0188679
24762,53,52,0.0188679
24764,53,52,0.0188679
24765,53,52,0.0188679
24766,53,52,0.0188679
24768,53,52,0.0188679
24769,53,52,0.0188679
24771,53,52,0.0188679
24772,53,52,0.0188679
24773,53,52,0.0188679
24774,53,52,0.0188679
24775,53,52,0.0188679
24776,53,52,0.0188679
24778,53,52,0.0188679
24779,53,52,0.0188679
24781,53,52,0.0188679
24782,53,52,0.0188679
24784,53,52,0.0188679
24785,53,52,0.0188679
24786,53,52,0.0188679
24788,53,52,0.0188679
24789,53,52,0.0188679
24790,53,52,0.0188679
24792,53,52,0.0188679
24793,53,52,0.0188679
24794,53,52,0.0188679
24795,53,52,0.0188679
24797,53,52,0.0188679
24798,53,52,0.0188679
24799,53,52,0.0188679
24801,53,52,0.0188679
24802,53,52,0.0188679
24803,53,52,0.0188679
24805,53,52,0.0188679
24806,53,52,0.0188679
24807,53,52,0.0188679
24808,53,52,0.0188679
24810,53,52,0.0188679
24811,53,52,0.0188679
24812,53,52,0.0188679
24813,53,52,0.0188679
24815,53,52,0.0188679
24817,53,52,0.0188679
24817,53,52,0.0188679
24819,53,52,0.0188679
24820,53,52,0.0188679
24821,53,52,0.0188679
24826,53,52,0.0188679
24828,53,52,0.0188679
24830,53,52,0.0188679
24831,53,52,0.0188679
24832,53,52,0.0188679
24833,53,52,0.0188679
24834,53,52,0.0188679
24837,53,52,0.0188679
24839,53,52,0.0188679
24840,53,52,0.0188679
24841,53,52,0.0188679
24842,53,52,0.0188679
24843,53,52,0.0188679
24844,53,52,0.0188679
24845,53,52,0.0188679
24849,53,52,0.0188679
24850,53,52,0.0188679
24852,53,52,0.0188679
24853,53,52,0.0188679
24855,53,52,0.0188679
24857,53,52,0.0188679
24858,53,52,0.0188679
24859,53,52,0.0188679
24860,53,52,0.0188679
24861,53,52,0.0188679
24865,53,52,0.0188679
24866,53,52,0.0188679
24867,53,52,0.0188679
24871,53,52,0.0188679
24873,53,52,0.0188679
24874,53,52,0.0188679
24876,53,52,0.0188679
24877,53,52,0.0188679
24878,53,52,0.0188679
24883,53,52,0.0188679
24888,53,52,0.0188679
24889,53,52,0.0188679
24890,53,52,0.0188679
24892,53,52,0.0188679
24893,53,52,0.0188679
24894,53,52,0.0188679
24895,53,52,0.0188679
24897,53,52,0.0188679
24898,53,52,0.0188679
24899,53,52,0.0188679
24901,53,52,0.0188679
24902,53,52,0.0188679
24904,53,52,0.0188679
24905,53,52,0.0188679
24906,53,52,0.0188679
24907,53,52,0.0188679
24908,53,52,0.0188679
24909,53,52,0.0188679
24910,53,52,0.0188679
24911,53,52,0.0188679
24911,53,52,0.0188679
24913,53,52,0.0188679
24914,53,52,0.0188679
24915,53,52,0.0188679
24916,53,52,0.0188679
24918,53,52,0.0188679
24919,53,52,0.0188679
24921,53,52,0.0188679
24922,53,52,0.0188679
24923,53,52,0.0188679
24924,53,52,0.0188679
24925,53,52,0.0188679
24926,53,52,0.0188679
24927,53,52,0.0188679
24928,53,52,0.0188679
24929,53,52,0.0188679
24930,53,52,0.0188679
24931,53,52,0.0188679
24932,53,52,0.0188679
24934,53,52,0.0188679
24935,53,52,0.0188679
24936,53,52,0.0188679
24938,53,52,0.0188679
24939,53,52,0.0188679
24940,53,52,0.0188679
24941,53,52,0.0188679
24942,53,52,0.0188679
24943,53,52,0.0188679
24944,53,52,0.0188679
24945,53,52,0.0188679
24946,53,52,0.0188679
24947,53,52,0.0188679
24949,53,52,0.0188679
24950,53,52,0.0188679
24951,53,52,0.0188679
24952,53,52,0.0188679
24954,53,52,0.0188679
24957,53,52,0.0188679
24958,53,52,0.0188679
24961,53,52,0.0188679
24962,53,52,0.0188679
24963,53,52,0.0188679
24965,53,52,0.0188679
24966,53,52,0.0188679
24967,53,52,0.0188679
24968,53,52,0.0188679
24969,53,52,0.0188679
24970,53,52,0.0188679
24972,53,52,0.0188679
24973,53,52,0.0188679
24974,53,52,0.0188679
24975,53,52,0.0188679
24976,53,52,0.0188679
24977,53,52,0.0188679
24978,53,52,0.0188679
24979,53,52,0.0188679
24980,53,52,0.0188679
24981,53,52,0.0188679
24983,53,52,0.0188679
24985,53,52,0.0188679
24987,53,52,0.0188679
24988,53,52,0.0188679
24989,53,52,0.0188679
24990,53,52,0.0188679
24991,53,52,0.0188679
24993,53,52,0.0188679
24994,53,52,0.0188679
24995,53,52,0.0188679
24996,53,52,0.0188679
24997,53,52,0.0188679
24998,53,52,0.0188679
24999,53,52,0.0188679
25000,53,52,0.0188679
25001,53,52,0.0188679
25002,53,52,0.0188679
25003,53,52,0.0188679
25004,53,52,0.0188679
25005,53,52,0.0188679
25006,53,52,0.0188679
25008,53,52,0.0188679
25009,53,52,0.0188679
25010,53,52,0.0188679
25011,53,52,0.0188679
25012,53,52,0.0188679
25014,53,52,0.0188679
25015,53,52,0.0188679
25016,53,52,0.0188679
25017,53,52,0.0188679
25019,53,52,0.0188679
25020,53,52,0.0188679
25021,53,52,0.0188679
25022,53,52,0.0188679
25023,53,52,0.0188679
25024,53,52,0.0188679
25025,53,52,0.0188679
25026,53,52,0.0188679
25027,53,52,0.0188679
25028,53,52,0.0188679
25029,53,52,0.0188679
25030,53,52,0.0188679
25031,53,52,0.0188679
25034,53,52,0.0188679
25035,53,52,0.0188679
25035,53,52,0.0188679
25036,53,52,0.0188679
25038,53,52,0.0188679
25038,53,52,0.0188679
25040,53,52,0.0188679
25041,53,52,0.0188679
25042,53,52,0.0188679
25043,53,52,0.0188679
25044,53,52,0.0188679
25045,53,52,0.0188679
25046,53,52,0.0188679
25047,53,52,0.0188679
25048,53,52,0.0188679
25049,53,52,0.0188679
25052,53,52,0.0188679
25053,53,52,0.0188679
25054,53,52,0.0188679
25055,53,52,0.0188679
25056,53,52,0.0188679
25059,53,52,0.0188679
25061,53,52,0.0188679
25062,53,52,0.0188679
25063,53,52,0.0188679
25064,53,52,0.0188679
25065,53,52,0.0188679
25067,53,52,0.0188679
25068,53,52,0.0188679
25069,53,52,0.0188679
25070,53,52,0.0188679
25072,53,52,0.0188679
25073,53,52,0.0188679
25074,53,52,0.0188679
25075,53,52,0.0188679
25076,53,52,0.0188679
25077,53,52,0.0188679
25078,53,52,0.0188679
25079,53,52,0.0188679
25080,53,52,0.0188679
25081,53,52,0.0188679
25083,53,52,0.0188679
25084,53,52,0.0188679
25085,53,52,0.0188679
25086,53,52,0.0188679
25090,53,52,0.0188679
25091,53,52,0.0188679
25092,53,52,0.0188679
25093,53,52,0.0188679
25094,53,52,0.0188679
25095,53,52,0.0188679
25096,53,52,0.0188679
25097,53,52,0.0188679
25098,53,52,0.0188679
25099,53,52,0.0188679
25100,53,52,0.0188679
25103,53,52,0.0188679
25104,53,52,0.0188679
25105,53,52,0.0188679
25106,53,52,0.0188679
25107,53,52,0.0188679
25108,53,52,0.0188679
25109,53,52,0.0188679
25110,53,52,0.0188679
25112,53,52,0.0188679
25113,53,52,0.0188679
25114,53,52,0.0188679
25115,53,52,0.0188679
25116,53,52,0.0188679
25117,53,52,0.0188679
25119,53,52,0.0188679
25120,53,52,0.0188679
25121,53,52,0.0188679
25122,53,52,0.0188679
25124,53,52,0.0188679
25125,53,52,0.0188679
25126,53,52,0.0188679
25127,53,52,0.0188679
25128,53,52,0.0188679
25129,53,52,0.0188679
25130,53,52,0.0188679
25132,53,52,0.0188679
25133,53,52,0.0188679
25136,53,52,0.0188679
25137,53,52,0.0188679
25138,53,52,0.0188679
25139,53,52,0.0188679
25140,53,52,0.0188679
25141,53,52,0.0188679
25142,53,52,0.0188679
25143,53,52,0.0188679
25144,53,52,0.0188679
25145,53,52,0.0188679
25146,53,52,0.0188679
25147,53,52,0.0188679
25147,53,52,0.0188679
25148,53,52,0.0188679
25149,53,52,0.0188679
25150,53,52,0.0188679
25151,53,52,0.0188679
25152,53,52,0.0188679
25153,53,52,0.0188679
25154,53,52,0.0188679
25155,53,52,0.0188679
25156,53,52,0.0188679
25158,53,52,0.0188679
25159,53,52,0.0188679
25160,53,52,0.0188679
25161,53,52,0.0188679
25162,53,52,0.0188679
25163,53,52,0.0188679
25164,53,52,0.0188679
25165,53,52,0.0188679
25166,53,52,0.0188679
25167,53,52,0.0188679
25168,53,52,0.0188679
25169,53,52,0.0188679
25170,53,52,0.0188679
25171,53,52,0.0188679
25172,53,52,0.0188679
25173,53,52,0.0188679
25174,53,52,0.0188679
25175,53,52,0.0188679
25176,53,52,0.0188679
25176,53,52,0.0188679
25178,53,52,0.0188679
25179,53,52,0.0188679
25181,53,52,0.0188679
25182,53,52,0.0188679
25183,53,52,0.0188679
25184,53,52,0.0188679
25185,53,52,0.0188679
25186,53,52,0.0188679
25187,53,52,0.0188679
25188,53,52,0.0188679
25189,53,52,0.0188679
25190,53,52,0.0188679
25191,53,52,0.0188679
25195,53,52,0.0188679
25197,53,52,0.0188679
25200,53,52,0.0188679
25202,53,52,0.0188679
25203,53,52,0.0188679
25204,53,52,0.0188679
25206,53,52,0.0188679
25208,53,52,0.0188679
25209,53,52,0.0188679
25210,53,52,0.0188679
25211,53,52,0.0188679
25212,53,52,0.0188679
25214,53,52,0.0188679
25215,53,52,0.0188679
25217,53,52,0.0188679
25218,53,52,0.0188679
25220,53,52,0.0188679
25222,53,52,0.0188679
25224,53,52,0.0188679
25225,53,52,0.0188679
25226,53,52,0.0188679
25227,53,52,0.0188679
25229,53,52,0.0188679
25230,53,52,0.0188679
25231,53,52,0.0188679
25234,53,52,0.0188679
25235,53,52,0.0188679
25237,53,52,0.0188679
25240,53,52,0.0188679
25241,53,52,0.0188679
25242,53,52,0.0188679
25243,53,52,0.0188679
25244,53,52,0.0188679
25245,53,52,0.0188679
25246,53,52,0.0188679
25247,53,52,0.0188679
25248,53,52,0.0188679
25250,53,52,0.0188679
25251,53,52,0.0188679
25252,53,52,0.0188679
25253,53,52,0.0188679
25254,53,52,0.0188679
25255,53,52,0.0188679
25256,53,52,0.0188679
25257,53,52,0.0188679
25258,53,52,0.0188679
25260,53,52,0.0188679
25262,53,52,0.0188679
25263,53,52,0.0188679
25264,53,52,0.0188679
25266,53,52,0.0188679
25267,53,52,0.0188679
25268,53,52,0.0188679
25269,53,52,0.0188679
25270,53,52,0.0188679
25271,53,52,0.0188679
25272,53,52,0.0188679
25273,53,52,0.0188679
25275,53,52,0.0188679
25276,53,52,0.0188679
25277,53,52,0.0188679
25278,53,52,0.0188679
25279,53,52,0.0188679
25280,53,52,0.0188679
25280,53,52,0.0188679
25281,53,52,0.0188679
25282,53,52,0.0188679
25285,53,52,0.0188679
25289,53,52,0.0188679
25290,53,52,0.0188679
25291,53,52,0.0188679
25292,53,52,0.0188679
25293,53,52,0.0188679
25294,53,52,0.0188679
25295,53,52,0.0188679
25296,53,52,0.0188679
25297,53,52,0.0188679
25298,53,52,0.0188679
25299,53,52,0.0188679
25300,53,52,0.0188679
25301,53,52,0.0188679
25303,53,52,0.0188679
25304,53,52,0.0188679
25305,53,52,0.0188679
25306,53,52,0.0188679
25307,53,52,0.0188679
25308,53,52,0.0188679
25309,53,52,0.0188679
25310,53,52,0.0188679
25311,53,52,0.0188679
25312,53,52,0.0188679
25313,53,52,0.0188679
25314,53,52,0.0188679
25315,53,52,0.0188679
25316,53,52,0.0188679
25317,53,52,0.0188679
25318,53,52,0.0188679
25319,53,52,0.0188679
25320,53,52,0.0188679
25321,53,52,0.0188679
25322,53,52,0.0188679
25323,53,52,0.0188679
25324,53,52,0.0188679
25325,53,52,0.0188679
25326,53,52,0.0188679
25327,53,52,0.0188679
25328,53,52,0.0188679
25329,53,52,0.0188679
25330,53,52,0.0188679
25331,53,52,0.0188679
25332,53,52,0.0188679
25333,53,52,0.0188679
25334,53,52,0.0188679
25335,53,52,0.0188679
25336,53,52,0.0188679
25337,53,52,0.0188679
25338,53,52,0.0188679
25339,53,52,0.0188679
25340,53,52,0.0188679
25341,53,52,0.0188679
25343,53,52,0.0188679
25346,53,52,0.0188679
25347,53,52,0.0188679
25348,53,52,0.0188679
25349,53,52,0.0188679
25351,53,52,0.0188679
25353,53,52,0.0188679
25358,53,52,0.0188679
25359,53,52,0.0188679
25361,53,52,0.0188679
25362,53,52,0.0188679
25363,53,52,0.0188679
25364,53,52,0.0188679
25365,53,52,0.0188679
25367,53,52,0.0188679
25368,53,52,0.0188679
25369,53,52,0.0188679
25370,53,52,0.0188679
25372,53,52,0.0188679
25374,53,52,0.0188679
25375,53,52,0.0188679
25376,53,52,0.0188679
25377,53,52,0.0188679
25378,53,52,0.0188679
25379,53,52,0.0188679
25380,53,52,0.0188679
25381,53,52,0.0188679
25383,53,52,0.0188679
25384,53,52,0.0188679
25385,53,52,0.0188679
25386,53,52,0.0188679
25388,53,52,0.0188679
25389,53,52,0.0188679
25391,53,52,0.0188679
25394,53,52,0.0188679
25394,53,52,0.0188679
25396,53,52,0.0188679
25397,53,52,0.0188679
25398,53,52,0.0188679
25399,53,52,0.0188679
25400,53,52,0.0188679
25401,53,52,0.0188679
25402,53,52,0.0188679
25403,53,52,0.0188679
25404,53,52,0.0188679
25405,53,52,0.0188679
25406,53,52,0.0188679
25409,53,52,0.0188679
25409,53,52,0.0188679
25411,53,52,0.0188679
25412,53,52,0.0188679
25413,53,52,0.0188679
25414,53,52,0.0188679
25415,53,52,0.0188679
25416,53,52,0.0188679
25417,53,52,0.0188679
25418,53,52,0.0188679
25419,53,52,0.0188679
25420,53,52,0.0188679
25421,53,52,0.0188679
25423,53,52,0.0188679
25424,53,52,0.0188679
25425,53,52,0.0188679
25427,53,52,0.0188679
25428,53,52,0.0188679
25429,53,52,0.0188679
25430,53,52,0.0188679
25431,53,52,0.0188679
25432,53,52,0.0188679
25433,53,52,0.0188679
25434,53,52,0.0188679
25435,53,52,0.0188679
25436,53,52,0.0188679
25438,53,52,0.0188679
25439,53,52,0.0188679
25441,53,52,0.0188679
25442,53,52,0.0188679
25445,53,52,0.0188679
25446,53,52,0.0188679
25448,53,52,0.0188679
25449,53,52,0.0188679
25450,53,52,0.0188679
25451,53,52,0.0188679
25455,53,52,0.0188679
25456,53,52,0.0188679
25457,53,52,0.0188679
25458,53,52,0.0188679
25459,53,52,0.0188679
25460,53,52,0.0188679
25461,53,52,0.0188679
25466,53,52,0.0188679
25467,53,52,0.0188679
25469,53,52,0.0188679
25472,53,52,0.0188679
25473,53,52,0.0188679
25474,53,52,0.0188679
25477,53,52,0.0188679
25478,53,52,0.0188679
25481,53,52,0.0188679
25484,53,52,0.0188679
25486,53,52,0.0188679
25487,53,52,0.0188679
25489,53,52,0.0188679
25490,53,52,0.0188679
25491,53,52,0.0188679
25494,53,52,0.0188679
25496,53,52,0.0188679
25500,53,52,0.0188679
25501,53,52,0.0188679
25503,53,52,0.0188679
25504,53,52,0.0188679
25505,53,52,0.0188679
25506,53,52,0.0188679
25507,53,52,0.0188679
25508,53,52,0.0188679
25510,53,52,0.0188679
25513,53,52,0.0188679
25514,53,52,0.0188679
25517,53,52,0.0188679
25518,53,52,0.0188679
25520,53,52,0.0188679
25521,53,52,0.0188679
25523,53,52,0.0188679
25524,53,52,0.0188679
25525,53,52,0.0188679
25526,53,52,0.0188679
25529,53,52,0.0188679
25530,53,52,0.0188679
25531,53,52,0.0188679
25532,53,52,0.0188679
25533,53,52,0.0188679
25534,53,52,0.0188679
25535,53,52,0.0188679
25536,53,52,0.0188679
25537,53,52,0.0188679
25538,53,52,0.0188679
25541,53,52,0.0188679
25542,53,52,0.0188679
25544,53,52,0.0188679
25545,53,52,0.0188679
25546,53,52,0.0188679
25547,53,52,0.0188679
25548,53,52,0.0188679
25549,53,52,0.0188679
25550,53,52,0.0188679
25552,53,52,0.0188679
25554,53,52,0.0188679
25555,53,52,0.0188679
25557,53,52,0.0188679
25558,53,52,0.0188679
25561,53,52,0.0188679
25565,53,52,0.0188679
25566,53,52,0.0188679
25567,53,52,0.0188679
25568,53,52,0.0188679
25570,53,52,0.0188679
25571,53,52,0.0188679
25572,53,52,0.0188679
25573,53,52,0.0188679
25575,53,52,0.0188679
25576,53,52,0.0188679
25577,53,52,0.0188679
25579,53,52,0.0188679
25580,53,52,0.0188679
25582,53,52,0.0188679
25583,53,52,0.0188679
25587,53,52,0.0188679
25590,53,52,0.0188679
25593,53,52,0.0188679
25594,53,52,0.0188679
25595,53,52,0.0188679
25596,53,52,0.0188679
25598,53,52,0.0188679
25599,53,52,0.0188679
25601,53,52,0.0188679
25602,53,52,0.0188679
25603,53,52,0.0188679
25604,53,52,0.0188679
25606,53,52,0.0188679
25609,53,52,0.0188679
25610,53,52,0.0188679
25612,53,52,0.0188679
25613,53,52,0.0188679
25617,53,52,0.0188679
25618,53,52,0.0188679
25620,53,52,0.0188679
25624,53,52,0.0188679
25625,53,52,0.0188679
25627,53,52,0.0188679
25628,53,52,0.0188679
25629,53,52,0.0188679
25630,53,52,0.0188679
25632,53,52,0.0188679
25633,53,52,0.0188679
25634,53,52,0.0188679
25636,53,52,0.0188679
25637,53,52,0.0188679
25638,53,52,0.0188679
25640,53,52,0.0188679
25641,53,52,0.0188679
25643,53,52,0.0188679
25646,53,52,0.0188679
25647,53,52,0.0188679
25651,53,52,0.0188679
25654,53,52,0.0188679
25656,53,52,0.0188679
25659,53,52,0.0188679
25660,53,52,0.0188679
25663,53,52,0.0188679
25664,53,52,0.0188679
25665,53,52,0.0188679
25666,53,52,0.0188679
25667,53,52,0.0188679
25673,53,52,0.0188679
25674,53,52,0.0188679
25675,53,52,0.0188679
25678,53,52,0.0188679
25679,53,52,0.0188679
25680,53,52,0.0188679
25681,53,52,0.0188679
25685,53,52,0.0188679
25689,53,52,0.0188679
25690,53,52,0.0188679
25692,53,52,0.0188679
25693,53,52,0.0188679
25697,53,52,0.0188679
25699,53,52,0.0188679
25702,53,52,0.0188679
25704,53,52,0.0188679
25706,53,52,0.0188679
25707,53,52,0.0188679
25710,53,52,0.0188679
25711,53,52,0.0188679
25712,53,52,0.0188679
25713,53,52,0.0188679
25714,53,52,0.0188679
25716,53,52,0.0188679
25717,53,52,0.0188679
25718,53,52,0.0188679
25720,53,52,0.0188679
25722,53,52,0.0188679
25723,53,52,0.0188679
25725,53,52,0.0188679
25726,53,52,0.0188679
25727,53,52,0.0188679
25728,53,52,0.0188679
25729,53,52,0.0188679
25730,53,52,0.0188679
25731,53,52,0.0188679
25732,53,52,0.0188679
25734,53,52,0.0188679
25737,53,52,0.0188679
25739,53,52,0.0188679
25742,53,52,0.0188679
25743,53,52,0.0188679
25747,53,52,0.0188679
25749,53,52,0.0188679
25752,53,52,0.0188679
25756,53,52,0.0188679
25758,53,52,0.0188679
25759,53,52,0.0188679
25761,53,52,0.0188679
25763,53,52,0.0188679
25767,53,52,0.0188679
25769,53,52,0.0188679
25772,53,52,0.0188679
25776,53,52,0.0188679
25778,53,52,0.0188679
25782,53,52,0.0188679
25784,53,52,0.0188679
25785,53,52,0.0188679
25787,53,52,0.0188679
25789,53,52,0.0188679
25790,53,52,0.0188679
25791,53,52,0.0188679
25792,53,52,0.0188679
25796,53,52,0.0188679
25798,53,52,0.0188679
25800,53,52,0.0188679
25801,53,52,0.0188679
25802,53,52,0.0188679
25803,53,52,0.0188679
25805,53,52,0.0188679
25806,53,52,0.0188679
25807,53,52,0.0188679
25808,53,52,0.0188679
25809,53,52,0.0188679
25810,53,52,0.0188679
25811,53,52,0.0188679
25812,53,52,0.0188679
25813,53,52,0.0188679
25814,53,52,0.0188679
25816,53,52,0.0188679
25817,53,52,0.0188679
25819,53,52,0.0188679
25820,53,52,0.0188679
25821,53,52,0.0188679
25822,53,52,0.0188679
25824,53,52,0.0188679
25825,53,52,0.0188679
25826,53,52,0.0188679
25828,53,52,0.0188679
25829,53,52,0.0188679
25831,53,52,0.0188679
25832,53,52,0.0188679
25834,53,52,0.0188679
25835,53,52,0.0188679
25836,53,52,0.0188679
25837,53,52,0.0188679
25839,53,52,0.0188679
25840,53,52,0.0188679
25841,53,52,0.0188679
25843,53,52,0.0188679
25845,53,52,0.0188679
25846,53,52,0.0188679
25848,53,52,0.0188679
25849,53,52,0.0188679
25850,53,52,0.0188679
25852,53,52,0.0188679
25853,53,52,0.0188679
25854,53,52,0.0188679
25855,53,52,0.0188679
25856,53,52,0.0188679
25857,53,52,0.0188679
25858,53,52,0.0188679
25859,53,52,0.0188679
25860,53,52,0.0188679
25861,53,52,0.0188679
25862,53,52,0.0188679
25863,53,52,0.0188679
25865,53,52,0.0188679
25868,53,52,0.0188679
25869,53,52,0.0188679
25870,53,52,0.0188679
25873,53,52,0.0188679
25875,53,52,0.0188679
25876,53,52,0.0188679
25877,53,52,0.0188679
25878,53,52,0.0188679
25881,53,52,0.0188679
25882,53,52,0.0188679
25884,53,52,0.0188679
25885,53,52,0.0188679
25886,53,52,0.0188679
25887,53,52,0.0188679
25888,53,52,0.0188679
25890,53,52,0.0188679
25891,53,52,0.0188679
25892,53,52,0.0188679
25893,53,52,0.0188679
25894,53,52,0.0188679
25895,53,52,0.0188679
25896,53,52,0.0188679
25897,53,52,0.0188679
25898,53,52,0.0188679
25899,53,52,0.0188679
25903,53,52,0.0188679
25904,53,52,0.0188679
25905,53,52,0.0188679
25906,53,52,0.0188679
25907,53,52,0.0188679
25908,53,52,0.0188679
25909,53,52,0.0188679
25910,53,52,0.0188679
25911,53,52,0.0188679
25912,53,52,0.0188679
25914,53,52,0.0188679
25915,53,52,0.0188679
25916,53,52,0.0188679
25917,53,52,0.0188679
25918,53,52,0.0188679
25920,53,52,0.0188679
25924,53,52,0.0188679
25925,53,52,0.0188679
25926,53,52,0.0188679
25928,53,52,0.0188679
25929,53,52,0.0188679
25930,53,52,0.0188679
25932,53,52,0.0188679
25933,53,52,0.0188679
25935,53,52,0.0188679
25937,53,52,0.0188679
25940,53,52,0.0188679
25942,53,52,0.0188679
25943,53,52,0.0188679
25945,53,52,0.0188679
25946,53,52,0.0188679
25947,53,52,0.0188679
25951,53,52,0.0188679
25952,53,52,0.0188679
25954,53,52,0.0188679
25955,53,52,0.0188679
25956,53,52,0.0188679
25958,53,52,0.0188679
25959,53,52,0.0188679
25960,53,52,0.0188679
25961,53,52,0.0188679
25964,53,52,0.0188679
25965,53,52,0.0188679
25966,53,52,0.0188679
25967,53,52,0.0188679
25968,53,52,0.0188679
25969,53,52,0.0188679
25970,53,52,0.0188679
25971,53,52,0.0188679
25972,53,52,0.0188679
25974,53,52,0.0188679
25975,53,52,0.0188679
25976,53,52,0.0188679
25977,53,52,0.0188679
25978,53,52,0.0188679
25979,53,52,0.0188679
25982,53,52,0.0188679
25983,53,52,0.0188679
25984,53,52,0.0188679
25985,53,52,0.0188679
25987,53,52,0.0188679
25988,53,52,0.0188679
25989,53,52,0.0188679
25990,53,52,0.0188679
25991,53,52,0.0188679
25992,53,52,0.0188679
25994,53,52,0.0188679
25995,53,52,0.0188679
25996,53,52,0.0188679
25997,53,52,0.0188679
25998,53,52,0.0188679
25999,53,52,0.0188679
26000,53,52,0.0188679
26001,53,52,0.0188679
26004,53,52,0.0188679
26005,53,52,0.0188679
26006,53,52,0.0188679
26007,53,52,0.0188679
26008,53,52,0.0188679
26009,53,52,0.0188679
26010,53,52,0.0188679
26011,53,52,0.0188679
26012,53,52,0.0188679
26013,53,52,0.0188679
26014,53,52,0.0188679
26016,53,52,0.0188679
26017,53,52,0.0188679
26018,53,52,0.0188679
26019,53,52,0.0188679
26021,53,52,0.0188679
26022,53,52,0.0188679
26024,53,52,0.0188679
26025,53,52,0.0188679
26026,53,52,0.0188679
26027,53,52,0.0188679
26028,53,52,0.0188679
26030,53,52,0.0188679
26032,53,52,0.0188679
26033,53,52,0.0188679
26034,53,52,0.0188679
26035,53,52,0.0188679
26036,53,52,0.0188679
26037,53,52,0.0188679
26041,53,52,0.0188679
26043,53,52,0.0188679
26047,53,52,0.0188679
26048,53,52,0.0188679
26049,53,52,0.0188679
26050,53,52,0.0188679
26052,53,52,0.0188679
26053,53,52,0.0188679
26054,53,52,0.0188679
26055,53,52,0.0188679
26056,53,52,0.0188679
26057,53,52,0.0188679
26058,53,52,0.0188679
26061,53,52,0.0188679
26062,53,52,0.0188679
26063,53,52,0.0188679
26064,53,52,0.0188679
26065,53,52,0.0188679
26067,53,52,0.0188679
26068,53,52,0.0188679
26069,53,52,0.0188679
26070,53,52,0.0188679
26071,53,52,0.0188679
26072,53,52,0.0188679
26073,53,52,0.0188679
26074,53,52,0.0188679
26075,53,52,0.0188679
26076,53,52,0.0188679
26077,53,52,0.0188679
26078,53,52,0.0188679
26079,53,52,0.0188679
26080,53,52,0.0188679
26081,53,52,0.0188679
26082,53,52,0.0188679
26083,53,52,0.0188679
26084,53,52,0.0188679
26085,53,52,0.0188679
26086,53,52,0.0188679
26087,53,52,0.0188679
26088,53,52,0.0188679
26089,53,52,0.0188679
26090,53,52,0.0188679
26092,53,52,0.0188679
26094,53,52,0.0188679
26095,53,52,0.0188679
26096,53,52,0.0188679
26102,53,52,0.0188679
26103,53,52,0.0188679
26105,53,52,0.0188679
26107,53,52,0.0188679
26108,53,52,0.0188679
26109,53,52,0.0188679
26110,53,52,0.0188679
26112,53,52,0.0188679
26113,53,52,0.0188679
26114,53,52,0.0188679
26115,53,52,0.0188679
26116,53,52,0.0188679
26118,53,52,0.0188679
26120,53,52,0.0188679
26121,53,52,0.0188679
26122,53,52,0.0188679
26123,53,52,0.0188679
26124,53,52,0.0188679
26125,53,52,0.0188679
26127,53,52,0.0188679
26128,53,52,0.0188679
26129,53,52,0.0188679
26130,53,52,0.0188679
26132,53,52,0.0188679
26133,53,52,0.0188679
26134,53,52,0.0188679
26135,53,52,0.0188679
26136,53,52,0.0188679
26139,53,52,0.0188679
26140,53,52,0.0188679
26141,53,52,0.0188679
26142,53,52,0.0188679
26144,53,52,0.0188679
26145,53,52,0.0188679
26146,53,52,0.0188679
26147,53,52,0.0188679
26148,53,52,0.0188679
26149,53,52,0.0188679
26151,53,52,0.0188679
26152,53,52,0.0188679
26153,53,52,0.0188679
26154,53,52,0.0188679
26155,53,52,0.0188679
26156,53,52,0.0188679
26158,53,52,0.0188679
26159,53,52,0.0188679
26160,53,52,0.0188679
26161,53,52,0.0188679
26162,53,52,0.0188679
26163,53,52,0.0188679
26164,53,52,0.0188679
26165,53,52,0.0188679
26167,53,52,0.0188679
26168,53,52,0.0188679
26169,53,52,0.0188679
26170,53,52,0.0188679
26171,53,52,0.0188679
26172,53,52,0.0188679
26173,53,52,0.0188679
26174,53,52,0.0188679
26176,53,52,0.0188679
26177,53,52,0.0188679
26178,53,52,0.0188679
26179,53,52,0.0188679
26180,53,52,0.0188679
26181,53,52,0.0188679
26182,53,52,0.0188679
26183,53,52,0.0188679
26185,53,52,0.0188679
26186,53,52,0.0188679
26187,53,52,0.0188679
26188,53,52,0.0188679
26189,53,52,0.0188679
26190,53,52,0.0188679
26191,53,52,0.0188679
26193,53,52,0.0188679
26195,53,52,0.0188679
26196,53,52,0.0188679
26197,53,52,0.0188679
26198,53,52,0.0188679
26199,53,52,0.0188679
26200,53,52,0.0188679
26201,53,52,0.0188679
26203,53,52,0.0188679
26205,53,52,0.0188679
26210,53,52,0.0188679
26211,53,52,0.0188679
26212,53,52,0.0188679
26213,53,52,0.0188679
26214,53,52,0.0188679
26216,53,52,0.0188679
26217,53,52,0.0188679
26218,53,52,0.0188679
26221,53,52,0.0188679
26222,53,52,0.0188679
26224,53,52,0.0188679
26225,53,52,0.0188679
26227,53,52,0.0188679
26228,53,52,0.0188679
26229,53,52,0.0188679
26230,53,52,0.0188679
26231,53,52,0.0188679
26232,53,52,0.0188679
26233,53,52,0.0188679
26234,53,52,0.0188679
26235,53,52,0.0188679
26237,53,52,0.0188679
26240,53,52,0.0188679
26241,53,52,0.0188679
26242,53,52,0.0188679
26244,53,52,0.0188679
26245,53,52,0.0188679
26246,53,52,0.0188679
26248,53,52,0.0188679
26251,53,52,0.0188679
26253,53,52,0.0188679
26255,53,52,0.0188679
26256,53,52,0.0188679
26258,53,52,0.0188679
26261,53,52,0.0188679
26263,53,52,0.0188679
26264,53,52,0.0188679
26265,53,52,0.0188679
26266,53,52,0.0188679
26269,53,52,0.0188679
26271,53,52,0.0188679
26273,53,52,0.0188679
26274,53,52,0.0188679
26277,53,52,0.0188679
26279,53,52,0.0188679
26280,53,52,0.0188679
26281,53,52,0.0188679
26284,53,52,0.0188679
26285,53,52,0.0188679
26286,53,52,0.0188679
26287,53,52,0.0188679
26289,53,52,0.0188679
26290,53,52,0.0188679
26291,53,52,0.0188679
26292,53,52,0.0188679
26293,53,52,0.0188679
26294,53,52,0.0188679
26295,53,52,0.0188679
26296,53,52,0.0188679
26298,53,52,0.0188679
26299,53,52,0.0188679
26300,53,52,0.0188679
26301,53,52,0.0188679
26303,53,52,0.0188679
26304,53,52,0.0188679
26305,53,52,0.0188679
26306,53,52,0.0188679
26307,53,52,0.0188679
26308,53,52,0.0188679
26309,53,52,0.0188679
26312,53,52,0.0188679
26313,53,52,0.0188679
26314,53,52,0.0188679
26315,53,52,0.0188679
26318,53,52,0.0188679
26319,53,52,0.0188679
26321,53,52,0.0188679
26322,53,52,0.0188679
26323,53,52,0.0188679
26324,53,52,0.0188679
26325,53,52,0.0188679
26326,53,52,0.0188679
26328,53,52,0.0188679
26330,53,52,0.0188679
26331,53,52,0.0188679
26332,53,52,0.0188679
26333,53,52,0.0188679
26334,53,52,0.0188679
26335,53,52,0.0188679
26337,53,52,0.0188679
26338,53,52,0.0188679
26341,53,52,0.0188679
26342,53,52,0.0188679
26343,53,52,0.0188679
26345,53,52,0.0188679
26346,53,52,0.0188679
26347,53,52,0.0188679
26349,53,52,0.0188679
26350,53,52,0.0188679
26352,53,52,0.0188679
26353,53,52,0.0188679
26355,53,52,0.0188679
26357,53,52,0.0188679
26359,53,52,0.0188679
26360,53,52,0.0188679
26365,53,52,0.0188679
26366,53,52,0.0188679
26367,53,52,0.0188679
26369,53,52,0.0188679
26370,53,52,0.0188679
26372,53,52,0.0188679
26373,53,52,0.0188679
26375,53,52,0.0188679
26377,53,52,0.0188679
26378,53,52,0.0188679
26379,53,52,0.0188679
26380,53,52,0.0188679
26382,53,52,0.0188679
26383,53,52,0.0188679
26384,53,52,0.0188679
26385,53,52,0.0188679
26387,53,52,0.0188679
26388,53,52,0.0188679
26389,53,52,0.0188679
26390,53,52,0.0188679
26391,53,52,0.0188679
26392,53,52,0.0188679
26393,53,52,0.0188679
26395,53,52,0.0188679
26396,53,52,0.0188679
26397,53,52,0.0188679
26398,53,52,0.0188679
26399,53,52,0.0188679
26400,53,52,0.0188679
26404,53,52,0.0188679
26406,53,52,0.0188679
26409,53,52,0.0188679
26411,53,52,0.0188679
26412,53,52,0.0188679
26414,53,52,0.0188679
26416,53,52,0.0188679
26417,53,52,0.0188679
26419,53,52,0.0188679
26420,53,52,0.0188679
26422,53,52,0.0188679
26424,53,52,0.0188679
26425,53,52,0.0188679
26427,53,52,0.0188679
26428,53,52,0.0188679
26430,53,52,0.0188679
26431,53,52,0.0188679
26434,53,52,0.0188679
26436,53,52,0.0188679
26437,53,52,0.0188679
26438,53,52,0.0188679
26440,53,52,0.0188679
26442,53,52,0.0188679
26443,53,52,0.0188679
26444,53,52,0.0188679
26445,53,52,0.0188679
26446,53,52,0.0188679
26448,53,52,0.0188679
26451,53,52,0.0188679
26452,53,52,0.0188679
26453,53,52,0.0188679
26454,53,52,0.0188679
26455,53,52,0.0188679
26457,53,52,0.0188679
26458,53,52,0.0188679
26460,53,52,0.0188679
26461,53,52,0.0188679
26462,53,52,0.0188679
26464,53,52,0.0188679
26465,53,52,0.0188679
26467,53,52,0.0188679
26468,53,52,0.0188679
26472,53,52,0.0188679
26473,53,52,0.0188679
26474,53,52,0.0188679
26475,53,52,0.0188679
26477,53,52,0.0188679
26478,53,52,0.0188679
26479,53,52,0.0188679
26480,53,52,0.0188679
26481,53,52,0.0188679
26482,53,52,0.0188679
26483,53,52,0.0188679
26485,53,52,0.0188679
26486,53,52,0.0188679
26487,53,52,0.0188679
26489,53,52,0.0188679
26490,53,52,0.0188679
26492,53,52,0.0188679
26494,53,52,0.0188679
26495,53,52,0.0188679
26496,53,52,0.0188679
26497,53,52,0.0188679
26498,53,52,0.0188679
26499,53,52,0.0188679
26500,53,52,0.0188679
26501,53,52,0.0188679
26503,53,52,0.0188679
26506,53,52,0.0188679
26507,53,52,0.0188679
26509,53,52,0.0188679
26510,53,52,0.0188679
26511,53,52,0.0188679
26512,53,52,0.0188679
26514,53,52,0.0188679
26515,53,52,0.0188679
26517,53,52,0.0188679
26518,53,52,0.0188679
26520,53,52,0.0188679
26521,53,52,0.0188679
26525,53,52,0.0188679
26526,53,52,0.0188679
26527,53,52,0.0188679
26528,53,52,0.0188679
26530,53,52,0.0188679
26532,53,52,0.0188679
26533,53,52,0.0188679
26534,53,52,0.0188679
26536,53,52,0.0188679
26537,53,52,0.0188679
26538,53,52,0.0188679
26539,53,52,0.0188679
26540,53,52,0.0188679
26541,53,52,0.0188679
26542,53,52,0.0188679
26544,53,52,0.0188679
26545,53,52,0.0188679
26548,53,52,0.0188679
26549,53,52,0.0188679
26552,53,52,0.0188679
26554,53,52,0.0188679
26556,53,52,0.0188679
26557,53,52,0.0188679
26558,53,52,0.0188679
26560,53,52,0.0188679
26561,53,52,0.0188679
26563,53,52,0.0188679
26565,53,52,0.0188679
26566,53,52,0.0188679
26569,53,52,0.0188679
26572,53,52,0.0188679
26574,53,52,0.0188679
26576,53,52,0.0188679
26578,53,52,0.0188679
26580,53,52,0.0188679
26582,53,52,0.0188679
26584,53,52,0.0188679
26585,53,52,0.0188679
26589,53,52,0.0188679
26590,53,52,0.0188679
26591,53,52,0.0188679
26593,53,52,0.0188679
26594,53,52,0.0188679
26595,53,52,0.0188679
26597,53,52,0.0188679
26600,53,52,0.0188679
26601,53,52,0.0188679
26603,53,52,0.0188679
26605,53,52,0.0188679
26606,53,52,0.0188679
26608,53,52,0.0188679
26609,53,52,0.0188679
26610,53,52,0.0188679
26611,53,52,0.0188679
26612,53,52,0.0188679
26613,53,52,0.0188679
26614,53,52,0.0188679
26615,53,52,0.0188679
26617,53,52,0.0188679
26618,53,52,0.0188679
26619,53,52,0.0188679
26621,53,52,0.0188679
26622,53,52,0.0188679
26624,53,52,0.0188679
26626,53,52,0.0188679
26629,53,52,0.0188679
26630,53,52,0.0188679
26631,53,52,0.0188679
26633,53,52,0.0188679
26634,53,52,0.0188679
26636,53,52,0.0188679
26637,53,52,0.0188679
26638,53,52,0.0188679
26640,53,52,0.0188679
26641,53,52,0.0188679
26644,53,52,0.0188679
26645,53,52,0.0188679
26646,53,52,0.0188679
26648,53,52,0.0188679
26650,53,52,0.0188679
26653,53,52,0.0188679
26654,53,52,0.0188679
26656,53,52,0.0188679
26658,53,52,0.0188679
26659,53,52,0.0188679
26661,53,52,0.0188679
26662,53,52,0.0188679
26666,53,52,0.0188679
26667,53,52,0.0188679
26669,53,52,0.0188679
26670,53,52,0.0188679
26672,53,52,0.0188679
26674,53,52,0.0188679
26675,53,52,0.0188679
26676,53,52,0.0188679
26677,53,52,0.0188679
26679,53,52,0.0188679
26680,53,52,0.0188679
26681,53,52,0.0188679
26682,53,52,0.0188679
26684,53,52,0.0188679
26688,53,52,0.0188679
26692,53,52,0.0188679
26695,53,52,0.0188679
26698,53,52,0.0188679
26699,53,52,0.0188679
26702,53,52,0.0188679
26703,53,52,0.0188679
26705,53,52,0.0188679
26706,53,52,0.0188679
26708,53,52,0.0188679
26709,53,52,0.0188679
26710,53,52,0.0188679
26711,53,52,0.0188679
26713,53,52,0.0188679
26715,53,52,0.0188679
26716,53,52,0.0188679
26717,53,52,0.0188679
26718,53,52,0.0188679
26720,53,52,0.0188679
26722,53,52,0.0188679
26725,53,52,0.0188679
26726,53,52,0.0188679
26730,53,52,0.0188679
26731,53,52,0.0188679
26733,53,52,0.0188679
26734,53,52,0.0188679
26737,53,52,0.0188679
26739,53,52,0.0188679
26741,53,52,0.0188679
26742,53,52,0.0188679
26743,53,52,0.0188679
26745,53,52,0.0188679
26747,53,52,0.0188679
26748,53,52,0.0188679
26749,53,52,0.0188679
26751,53,52,0.0188679
26752,53,52,0.0188679
26753,53,52,0.0188679
26755,53,52,0.0188679
26758,53,52,0.0188679
26760,53,52,0.0188679
26761,53,52,0.0188679
26763,53,52,0.0188679
26765,53,52,0.0188679
26766,53,52,0.0188679
26767,53,52,0.0188679
26768,53,52,0.0188679
26770,53,52,0.0188679
26772,53,52,0.0188679
26773,53,52,0.0188679
26774,53,52,0.0188679
26775,53,52,0.0188679
26777,53,52,0.0188679
26778,53,52,0.0188679
26780,53,52,0.0188679
26782,53,52,0.0188679
26783,53,52,0.0188679
26784,53,52,0.0188679
26785,53,52,0.0188679
26786,53,52,0.0188679
26787,53,52,0.0188679
26788,53,52,0.0188679
26790,53,52,0.0188679
26791,53,52,0.0188679
26792,53,52,0.0188679
26793,53,52,0.0188679
26794,53,52,0.0188679
26795,53,52,0.0188679
26797,53,52,0.0188679
26798,53,52,0.0188679
26799,53,52,0.0188679
26801,53,52,0.0188679
26802,53,52,0.0188679
26803,53,52,0.0188679
26804,53,52,0.0188679
26805,53,52,0.0188679
26806,53,52,0.0188679
26807,53,52,0.0188679
26809,53,52,0.0188679
26810,53,52,0.0188679
26811,53,52,0.0188679
26812,53,52,0.0188679
26813,53,52,0.0188679
26814,53,52,0.0188679
26815,53,52,0.0188679
26816,53,52,0.0188679
26818,53,52,0.0188679
26819,53,52,0.0188679
26820,53,52,0.0188679
26821,53,52,0.0188679
26822,53,52,0.0188679
26823,53,52,0.0188679
26824,53,52,0.0188679
26825,53,52,0.0188679
26827,53,52,0.0188679
26828,53,52,0.0188679
26831,53,52,0.0188679
26832,53,52,0.0188679
26833,53,52,0.0188679
26834,53,52,0.0188679
26836,53,52,0.0188679
26837,53,52,0.0188679
26840,53,52,0.0188679
26841,53,52,0.0188679
26842,53,52,0.0188679
26844,53,52,0.0188679
26845,53,52,0.0188679
26847,53,52,0.0188679
26848,53,52,0.0188679
26849,53,52,0.0188679
26850,53,52,0.0188679
26851,53,52,0.0188679
26854,53,52,0.0188679
26855,53,52,0.0188679
26856,53,52,0.0188679
26857,53,52,0.0188679
26858,53,52,0.0188679
26859,53,52,0.0188679
26860,53,52,0.0188679
26861,53,52,0.0188679
26863,53,52,0.0188679
26864,53,52,0.0188679
26865,53,52,0.0188679
26869,53,52,0.0188679
26870,53,52,0.0188679
26871,53,52,0.0188679
26872,53,52,0.0188679
26873,53,52,0.0188679
26874,53,52,0.0188679
26875,53,52,0.0188679
26876,53,52,0.0188679
26877,53,52,0.0188679
26878,53,52,0.0188679
26880,53,52,0.0188679
26884,53,52,0.0188679
26887,53,52,0.0188679
26888,53,52,0.0188679
26889,53,52,0.0188679
26891,53,52,0.0188679
26896,53,52,0.0188679
26898,53,52,0.0188679
26901,53,52,0.0188679
26902,53,52,0.0188679
26903,53,52,0.0188679
26904,53,52,0.0188679
26906,53,52,0.0188679
26907,53,52,0.0188679
26908,53,52,0.0188679
26909,53,52,0.0188679
26910,53,52,0.0188679
26912,53,52,0.0188679
26913,53,52,0.0188679
26914,53,52,0.0188679
26915,53,52,0.0188679
26916,53,52,0.0188679
26917,53,52,0.0188679
26918,53,52,0.0188679
26919,53,52,0.0188679
26923,53,52,0.0188679
26925,53,52,0.0188679
26926,53,52,0.0188679
26928,53,52,0.0188679
26930,53,52,0.0188679
26931,53,52,0.0188679
26933,53,52,0.0188679
26935,53,52,0.0188679
26937,53,52,0.0188679
26941,53,52,0.0188679
26942,53,52,0.0188679
26943,53,52,0.0188679
26946,53,52,0.0188679
26950,53,52,0.0188679
26951,53,52,0.0188679
26955,53,52,0.0188679
26956,53,52,0.0188679
26958,53,52,0.0188679
26959,53,52,0.0188679
26963,53,52,0.0188679
26964,53,52,0.0188679
26965,53,52,0.0188679
26966,53,52,0.0188679
26968,53,52,0.0188679
26969,53,52,0.0188679
26972,53,52,0.0188679
26973,53,52,0.0188679
26975,53,52,0.0188679
26976,53,52,0.0188679
26977,53,52,0.0188679
26978,53,52,0.0188679
26980,53,52,0.0188679
26981,53,52,0.0188679
26982,53,52,0.0188679
26984,53,52,0.0188679
26985,53,52,0.0188679
26986,53,52,0.0188679
26987,53,52,0.0188679
26988,53,52,0.0188679
26989,53,52,0.0188679
26990,53,52,0.0188679
26991,53,52,0.0188679
26993,53,52,0.0188679
26994,53,52,0.0188679
26995,53,52,0.0188679
26998,53,52,0.0188679
26999,53,52,0.0188679
27000,53,52,0.0188679
27004,53,52,0.0188679
27005,53,52,0.0188679
27006,53,52,0.0188679
27007,53,52,0.0188679
27008,53,52,0.0188679
27009,53,52,0.0188679
27010,53,52,0.0188679
27011,53,52,0.0188679
27012,53,52,0.0188679
27014,53,52,0.0188679
27015,53,52,0.0188679
27016,53,52,0.0188679
27017,53,52,0.0188679
27018,53,52,0.0188679
27019,53,52,0.0188679
27020,53,52,0.0188679
27021,53,52,0.0188679
27023,53,52,0.0188679
27024,53,52,0.0188679
27025,53,52,0.0188679
27026,53,52,0.0188679
27027,53,52,0.0188679
27028,53,52,0.0188679
27029,53,52,0.0188679
27031,53,52,0.0188679
27031,53,52,0.0188679
27033,53,52,0.0188679
27034,53,52,0.0188679
27035,53,52,0.0188679
27036,53,52,0.0188679
27037,53,52,0.0188679
27039,53,52,0.0188679
27041,53,52,0.0188679
27042,53,52,0.0188679
27043,53,52,0.0188679
27044,53,52,0.0188679
27045,53,52,0.0188679
27047,53,52,0.0188679
27048,53,52,0.0188679
27049,53,52,0.0188679
27052,53,52,0.0188679
27057,53,52,0.0188679
27059,53,52,0.0188679
27061,53,52,0.0188679
27062,53,52,0.0188679
27063,53,52,0.0188679
27064,53,52,0.0188679
27066,53,52,0.0188679
27068,53,52,0.0188679
27070,53,52,0.0188679
27071,53,52,0.0188679
27073,53,52,0.0188679
27074,53,52,0.0188679
27076,53,52,0.0188679
27081,53,52,0.0188679
27082,53,52,0.0188679
27083,53,52,0.0188679
27085,53,52,0.0188679
27086,53,52,0.0188679
27087,53,52,0.0188679
27089,53,52,0.0188679
27090,53,52,0.0188679
27091,53,52,0.0188679
27094,53,52,0.0188679
27096,53,52,0.0188679
27097,53,52,0.0188679
27098,53,52,0.0188679
27099,53,52,0.0188679
27100,53,52,0.0188679
27101,53,52,0.0188679
27103,53,52,0.0188679
27104,53,52,0.0188679
27105,53,52,0.0188679
27106,53,52,0.0188679
27108,53,52,0.0188679
27109,53,52,0.0188679
27110,53,52,0.0188679
27112,53,52,0.0188679
27113,53,52,0.0188679
27114,53,52,0.0188679
27115,53,52,0.0188679
27116,53,52,0.0188679
27117,53,52,0.0188679
27119,53,52,0.0188679
27120,53,52,0.0188679
27122,53,52,0.0188679
27124,53,52,0.0188679
27125,53,52,0.0188679
27127,53,52,0.0188679
27128,53,52,0.0188679
27130,53,52,0.0188679
27133,53,52,0.0188679
27135,53,52,0.0188679
27137,53,52,0.0188679
27139,53,52,0.0188679
27140,53,52,0.0188679
27141,53,52,0.0188679
27143,53,52,0.0188679
27147,53,52,0.0188679
27148,53,52,0.0188679
27150,53,52,0.0188679
27152,53,52,0.0188679
27155,53,52,0.0188679
27157,53,52,0.0188679
27158,53,52,0.0188679
27165,53,52,0.0188679
27168,53,52,0.0188679
27171,53,52,0.0188679
27173,53,52,0.0188679
27175,53,52,0.0188679
27176,53,52,0.0188679
27178,53,52,0.0188679
27179,53,52,0.0188679
27180,53,52,0.0188679
27182,53,52,0.0188679
27183,53,52,0.0188679
27185,53,52,0.0188679
27187,53,52,0.0188679
27189,53,52,0.0188679
27191,53,52,0.0188679
27192,53,52,0.0188679
27193,53,52,0.0188679
27194,53,52,0.0188679
27199,53,52,0.0188679
27201,53,52,0.0188679
27203,53,52,0.0188679
27204,53,52,0.0188679
27208,53,52,0.0188679
27209,53,52,0.0188679
27211,53,52,0.0188679
27215,53,52,0.0188679
27216,53,52,0.0188679
27218,53,52,0.0188679
27219,53,52,0.0188679
27221,53,52,0.0188679
27223,53,52,0.0188679
27225,53,52,0.0188679
27226,53,52,0.0188679
27227,53,52,0.0188679
27228,53,52,0.0188679
27231,53,52,0.0188679
27232,53,52,0.0188679
27233,53,52,0.0188679
27235,53,52,0.0188679
27236,53,52,0.0188679
27238,53,52,0.0188679
27239,53,52,0.0188679
27240,53,52,0.0188679
27241,53,52,0.0188679
27243,53,52,0.0188679
27244,53,52,0.0188679
27245,53,52,0.0188679
27246,53,52,0.0188679
27247,53,52,0.0188679
27249,53,52,0.0188679
27250,53,52,0.0188679
27251,53,52,0.0188679
27253,53,52,0.0188679
27254,53,52,0.0188679
27255,53,52,0.0188679
27257,53,52,0.0188679
27258,53,52,0.0188679
27259,53,52,0.0188679
27261,53,52,0.0188679
27262,53,52,0.0188679
27263,53,52,0.0188679
27264,53,52,0.0188679
27265,53,52,0.0188679
27266,53,52,0.0188679
27267,53,52,0.0188679
27268,53,52,0.0188679
27269,53,52,0.0188679
27270,53,52,0.0188679
27271,53,52,0.0188679
27272,53,52,0.0188679
27273,53,52,0.0188679
27274,53,52,0.0188679
27275,53,52,0.0188679
27276,53,52,0.0188679
27277,53,52,0.0188679
27279,53,52,0.0188679
27280,53,52,0.0188679
27281,53,52,0.0188679
27282,53,52,0.0188679
27283,53,52,0.0188679
27284,53,52,0.0188679
27289,53,52,0.0188679
27290,53,52,0.0188679
27291,53,52,0.0188679
27294,53,52,0.0188679
27296,53,52,0.0188679
27298,53,52,0.0188679
27301,53,52,0.0188679
27302,53,52,0.0188679
27303,53,52,0.0188679
27304,53,52,0.0188679
27305,53,52,0.0188679
27306,53,52,0.0188679
27308,53,52,0.0188679
27309,53,52,0.0188679
27311,53,52,0.0188679
27313,53,52,0.0188679
27315,53,52,0.0188679
27316,53,52,0.0188679
27317,53,52,0.0188679
27318,53,52,0.0188679
27319,53,52,0.0188679
27320,53,52,0.0188679
27322,53,52,0.0188679
27324,53,52,0.0188679
27325,53,52,0.0188679
27326,53,52,0.0188679
27327,53,52,0.0188679
27328,53,52,0.0188679
27329,53,52,0.0188679
27331,53,52,0.0188679
27332,53,52,0.0188679
27333,53,52,0.0188679
27334,53,52,0.0188679
27335,53,52,0.0188679
27336,53,52,0.0188679
27338,53,52,0.0188679
27342,53,52,0.0188679
27344,53,52,0.0188679
27345,53,52,0.0188679
27347,53,52,0.0188679
27348,53,52,0.0188679
27349,53,52,0.0188679
27351,53,52,0.0188679
27352,53,52,0.0188679
27353,53,52,0.0188679
27355,53,52,0.0188679
27356,53,52,0.0188679
27357,53,52,0.0188679
27363,53,52,0.0188679
27364,53,52,0.0188679
27367,53,52,0.0188679
27369,53,52,0.0188679
27371,53,52,0.0188679
27373,53,52,0.0188679
27374,53,52,0.0188679
27376,53,52,0.0188679
27378,53,52,0.0188679
27379,53,52,0.0188679
27380,53,52,0.0188679
27382,53,52,0.0188679
27383,53,52,0.0188679
27385,53,52,0.0188679
27387,53,52,0.0188679
27388,53,52,0.0188679
27389,53,52,0.0188679
27391,53,52,0.0188679
27394,53,52,0.0188679
27395,53,52,0.0188679
27396,53,52,0.0188679
27397,53,52,0.0188679
27398,53,52,0.0188679
27402,53,52,0.0188679
27403,53,52,0.0188679
27405,53,52,0.0188679
27406,53,52,0.0188679
27409,53,52,0.0188679
27412,53,52,0.0188679
27413,53,52,0.0188679
27414,53,52,0.0188679
27415,53,52,0.0188679
27416,53,52,0.0188679
27418,53,52,0.0188679
27419,53,52,0.0188679
27420,53,52,0.0188679
27421,53,52,0.0188679
27422,53,52,0.0188679
27423,53,52,0.0188679
27425,53,52,0.0188679
27426,53,52,0.0188679
27427,53,52,0.0188679
27428,53,52,0.0188679
27429,53,52,0.0188679
27430,53,52,0.0188679
27431,53,52,0.0188679
27432,53,52,0.0188679
27433,53,52,0.0188679
27434,53,52,0.0188679
27436,53,52,0.0188679
27437,53,52,0.0188679
27438,53,52,0.0188679
27440,53,52,0.0188679
27443,53,52,0.0188679
27444,53,52,0.0188679
27446,53,52,0.0188679
27447,53,52,0.0188679
27448,53,52,0.0188679
27449,53,52,0.0188679
27450,53,52,0.0188679
27451,53,52,0.0188679
27453,53,52,0.0188679
27454,53,52,0.0188679
27456,53,52,0.0188679
27458,53,52,0.0188679
27459,53,52,0.0188679
27460,53,52,0.0188679
27463,53,52,0.0188679
27464,53,52,0.0188679
27465,53,52,0.0188679
27466,53,52,0.0188679
27467,53,52,0.0188679
27469,53,52,0.0188679
27470,53,52,0.0188679
27471,53,52,0.0188679
27472,53,52,0.0188679
27473,53,52,0.0188679
27474,53,52,0.0188679
27475,53,52,0.0188679
27476,53,52,0.0188679
27477,53,52,0.0188679
27478,53,52,0.0188679
27479,53,52,0.0188679
27480,53,52,0.0188679
27481,53,52,0.0188679
27482,53,52,0.0188679
27483,53,52,0.0188679
27484,53,52,0.0188679
27485,53,52,0.0188679
27486,53,52,0.0188679
27488,53,52,0.0188679
27489,53,52,0.0188679
27490,53,52,0.0188679
27491,53,52,0.0188679
27492,53,52,0.0188679
27493,53,52,0.0188679
27494,53,52,0.0188679
27495,53,52,0.0188679
27497,53,52,0.0188679
27498,53,52,0.0188679
27498,53,52,0.0188679
27500,53,52,0.0188679
27501,53,52,0.0188679
27502,53,52,0.0188679
27503,53,52,0.0188679
27504,53,52,0.0188679
27505,53,52,0.0188679
27506,53,52,0.0188679
27507,53,52,0.0188679
27508,53,52,0.0188679
27509,53,52,0.0188679
27510,53,52,0.0188679
27511,53,52,0.0188679
27512,53,52,0.0188679
27513,53,52,0.0188679
27514,53,52,0.0188679
27515,53,52,0.0188679
27517,53,52,0.0188679
27518,53,52,0.0188679
27521,53,52,0.0188679
27525,53,52,0.0188679
27526,53,52,0.0188679
27527,53,52,0.0188679
27530,53,52,0.0188679
27531,53,52,0.0188679
27534,53,52,0.0188679
27538,53,52,0.0188679
27539,53,52,0.0188679
27540,53,52,0.0188679
27542,53,52,0.0188679
27544,53,52,0.0188679
27546,53,52,0.0188679
27547,53,52,0.0188679
27548,53,52,0.0188679
27550,53,52,0.0188679
27551,53,52,0.0188679
27552,53,52,0.0188679
27553,53,52,0.0188679
27555,53,52,0.0188679
27557,53,52,0.0188679
27559,53,52,0.0188679
27561,53,52,0.0188679
27562,53,52,0.0188679
27563,53,52,0.0188679
27564,53,52,0.0188679
27565,53,52,0.0188679
27566,53,52,0.0188679
27568,53,52,0.0188679
27569,53,52,0.0188679
27570,53,52,0.0188679
27571,53,52,0.0188679
27573,53,52,0.0188679
27574,53,52,0.0188679
27575,53,52,0.0188679
27577,53,52,0.0188679
27578,53,52,0.0188679
27579,53,52,0.0188679
27583,53,52,0.0188679
27584,53,52,0.0188679
27585,53,52,0.0188679
27587,53,52,0.0188679
27589,53,52,0.0188679
27592,53,52,0.0188679
27593,53,52,0.0188679
27594,53,52,0.0188679
27595,53,52,0.0188679
27596,53,52,0.0188679
27598,53,52,0.0188679
27599,53,52,0.0188679
27600,53,52,0.0188679
27601,53,52,0.0188679
27602,53,52,0.0188679
27603,53,52,0.0188679
27604,53,52,0.0188679
27606,53,52,0.0188679
27607,53,52,0.0188679
27608,53,52,0.0188679
27609,53,52,0.0188679
27610,53,52,0.0188679
27611,53,52,0.0188679
27612,53,52,0.0188679
27613,53,52,0.0188679
27615,53,52,0.0188679
27616,53,52,0.0188679
27617,53,52,0.0188679
27620,53,52,0.0188679
27625,53,52,0.0188679
27626,53,52,0.0188679
27628,53,52,0.0188679
27629,53,52,0.0188679
27630,53,52,0.0188679
27633,53,52,0.0188679
27636,53,52,0.0188679
27637,53,52,0.0188679
27638,53,52,0.0188679
27639,53,52,0.0188679
27640,53,52,0.0188679
27643,53,52,0.0188679
27644,53,52,0.0188679
27645,53,52,0.0188679
27646,53,52,0.0188679
27647,53,52,0.0188679
27648,53,52,0.0188679
27649,53,52,0.0188679
27650,53,52,0.0188679
27652,53,52,0.0188679
27653,53,52,0.0188679
27655,53,52,0.0188679
27656,53,52,0.0188679
27657,53,52,0.0188679
27658,53,52,0.0188679
27659,53,52,0.0188679
27660,53,52,0.0188679
27662,53,52,0.0188679
27663,53,52,0.0188679
27664,53,52,0.0188679
27665,53,52,0.0188679
27666,53,52,0.0188679
27667,53,52,0.0188679
27675,53,52,0.0188679
27676,53,52,0.0188679
27678,53,52,0.0188679
27679,53,52,0.0188679
27682,53,52,0.0188679
27683,53,52,0.0188679
27684,53,52,0.0188679
27685,53,52,0.0188679
27687,53,52,0.0188679
27688,53,52,0.0188679
27689,53,52,0.0188679
27691,53,52,0.0188679
27692,53,52,0.0188679
27693,53,52,0.0188679
27694,53,52,0.0188679
27696,53,52,0.0188679
27697,53,52,0.0188679
27699,53,52,0.0188679
27700,53,52,0.0188679
27701,53,52,0.0188679
27703,53,52,0.0188679
27705,53,52,0.0188679
27709,53,52,0.0188679
27710,53,52,0.0188679
27712,53,52,0.0188679
27713,53,52,0.0188679
27714,53,52,0.0188679
27716,53,52,0.0188679
27717,53,52,0.0188679
27718,53,52,0.0188679
27719,53,52,0.0188679
27721,53,52,0.0188679
27722,53,52,0.0188679
27724,53,52,0.0188679
27725,53,52,0.0188679
27726,53,52,0.0188679
27727,53,52,0.0188679
27728,53,52,0.0188679
27729,53,52,0.0188679
27730,53,52,0.0188679
27732,53,52,0.0188679
27733,53,52,0.0188679
27734,53,52,0.0188679
27735,53,52,0.0188679
27739,53,52,0.0188679
27740,53,52,0.0188679
27742,53,52,0.0188679
27743,53,52,0.0188679
27744,53,52,0.0188679
27745,53,52,0.0188679
27746,53,52,0.0188679
27747,53,52,0.0188679
27748,53,52,0.0188679
27749,53,52,0.0188679
27750,53,52,0.0188679
27751,53,52,0.0188679
27752,53,52,0.0188679
27754,53,52,0.0188679
27755,53,52,0.0188679
27757,53,52,0.0188679
27758,53,52,0.0188679
27759,53,52,0.0188679
27760,53,52,0.0188679
27761,53,52,0.0188679
27762,53,52,0.0188679
27764,53,52,0.0188679
27765,53,52,0.0188679
27766,53,52,0.0188679
27767,53,52,0.0188679
27768,53,52,0.0188679
27769,53,52,0.0188679
27770,53,52,0.0188679
27772,53,52,0.0188679
27773,53,52,0.0188679
27774,53,52,0.0188679
27775,53,52,0.0188679
27776,53,52,0.0188679
27777,53,52,0.0188679
27778,53,52,0.0188679
27779,53,52,0.0188679
27780,53,52,0.0188679
27784,53,52,0.0188679
27785,53,52,0.0188679
27787,53,52,0.0188679
27788,53,52,0.0188679
27790,53,52,0.0188679
27793,53,52,0.0188679
27794,53,52,0.0188679
27795,53,52,0.0188679
27799,53,52,0.0188679
27800,53,52,0.0188679
27801,53,52,0.0188679
27803,53,52,0.0188679
27805,53,52,0.0188679
27806,53,52,0.0188679
27808,53,52,0.0188679
27809,53,52,0.0188679
27813,53,52,0.0188679
27814,53,52,0.0188679
27815,53,52,0.0188679
27816,53,52,0.0188679
27817,53,52,0.0188679
27818,53,52,0.0188679
27819,53,52,0.0188679
27820,53,52,0.0188679
27822,53,52,0.0188679
27823,53,52,0.0188679
27824,53,52,0.0188679
27827,53,52,0.0188679
27827,53,52,0.0188679
27829,53,52,0.0188679
27830,53,52,0.0188679
27831,53,52,0.0188679
27833,53,52,0.0188679
27834,53,52,0.0188679
27837,53,52,0.0188679
27838,53,52,0.0188679
27839,53,52,0.0188679
27840,53,52,0.0188679
27841,53,52,0.0188679
27842,53,52,0.0188679
27843,53,52,0.0188679
27844,53,52,0.0188679
27845,53,52,0.0188679
27846,53,52,0.0188679
27848,53,52,0.0188679
27849,53,52,0.0188679
27850,53,52,0.0188679
27853,53,52,0.0188679
27854,53,52,0.0188679
27855,53,52,0.0188679
27859,53,52,0.0188679
27860,53,52,0.0188679
27862,53,52,0.0188679
27863,53,52,0.0188679
27865,53,52,0.0188679
27866,53,52,0.0188679
27867,53,52,0.0188679
27870,53,52,0.0188679
27872,53,52,0.0188679
27876,53,52,0.0188679
27877,53,52,0.0188679
27879,53,52,0.0188679
27880,53,52,0.0188679
27881,53,52,0.0188679
27882,53,52,0.0188679
27883,53,52,0.0188679
27884,53,52,0.0188679
27886,53,52,0.0188679
27887,53,52,0.0188679
27888,53,52,0.0188679
27889,53,52,0.0188679
27890,53,52,0.0188679
27892,53,52,0.0188679
27893,53,52,0.0188679
27895,53,52,0.0188679
27896,53,52,0.0188679
27897,53,52,0.0188679
27898,53,52,0.0188679
27899,53,52,0.0188679
27900,53,52,0.0188679
27904,53,52,0.0188679
27905,53,52,0.0188679
27906,53,52,0.0188679
27907,53,52,0.0188679
27908,53,52,0.0188679
27909,53,52,0.0188679
27910,53,52,0.0188679
27913,53,52,0.0188679
27916,53,52,0.0188679
27917,53,52,0.0188679
27918,53,52,0.0188679
27920,53,52,0.0188679
27921,53,52,0.0188679
27923,53,52,0.0188679
27924,53,52,0.0188679
27925,53,52,0.0188679
27926,53,52,0.0188679
27927,53,52,0.0188679
27928,53,52,0.0188679
27929,53,52,0.0188679
27930,53,52,0.0188679
27931,53,52,0.0188679
27932,53,52,0.0188679
27933,53,52,0.0188679
27934,53,52,0.0188679
27935,53,52,0.0188679
27936,53,52,0.0188679
27937,53,52,0.0188679
27938,53,52,0.0188679
27939,53,52,0.0188679
27940,53,52,0.0188679
27941,53,52,0.0188679
27942,53,52,0.0188679
27943,53,52,0.0188679
27944,53,52,0.0188679
27945,53,52,0.0188679
27946,53,52,0.0188679
27947,53,52,0.0188679
27948,53,52,0.0188679
27952,53,52,0.0188679
27953,53,52,0.0188679
27956,53,52,0.0188679
27957,53,52,0.0188679
27958,53,52,0.0188679
27959,53,52,0.0188679
27960,53,52,0.0188679
27962,53,52,0.0188679
27963,53,52,0.0188679
27964,53,52,0.0188679
27965,53,52,0.0188679
27966,53,52,0.0188679
27967,53,52,0.0188679
27968,53,52,0.0188679
27969,53,52,0.0188679
27970,53,52,0.0188679
27971,53,52,0.0188679
27972,53,52,0.0188679
27973,53,52,0.0188679
27974,53,52,0.0188679
27975,53,52,0.0188679
27978,53,52,0.0188679
27979,53,52,0.0188679
27981,53,52,0.0188679
27982,53,52,0.0188679
27983,53,52,0.0188679
27984,53,52,0.0188679
27987,53,52,0.0188679
27988,53,52,0.0188679
27989,53,52,0.0188679
27992,53,52,0.0188679
27993,53,52,0.0188679
27994,53,52,0.0188679
27997,53,52,0.0188679
28000,53,52,0.0188679
28002,53,52,0.0188679
28003,53,52,0.0188679
28004,53,52,0.0188679
28007,53,52,0.0188679
28009,53,52,0.0188679
28010,53,52,0.0188679
28011,53,52,0.0188679
28012,53,52,0.0188679
28014,53,52,0.0188679
28015,53,52,0.0188679
28017,53,52,0.0188679
28018,53,52,0.0188679
28020,53,52,0.0188679
28022,53,52,0.0188679
28023,53,52,0.0188679
28024,53,52,0.0188679
28026,53,52,0.0188679
28030,53,52,0.0188679
28031,53,52,0.0188679
28032,53,52,0.0188679
28033,53,52,0.0188679
28035,53,52,0.0188679
28036,53,52,0.0188679
28038,53,52,0.0188679
28041,53,52,0.0188679
28042,53,52,0.0188679
28043,53,52,0.0188679
28046,53,52,0.0188679
28047,53,52,0.0188679
28049,53,52,0.0188679
28050,53,52,0.0188679
28051,53,52,0.0188679
28052,53,52,0.0188679
28054,53,52,0.0188679
28055,53,52,0.0188679
28056,53,52,0.0188679
28057,53,52,0.0188679
28058,53,52,0.0188679
28059,53,52,0.0188679
28061,53,52,0.0188679
28062,53,52,0.0188679
28065,53,52,0.0188679
28066,53,52,0.0188679
28067,53,52,0.0188679
28068,53,52,0.0188679
28069,53,52,0.0188679
28070,53,52,0.0188679
28071,53,52,0.0188679
28073,53,52,0.0188679
28074,53,52,0.0188679
28075,53,52,0.0188679
28078,53,52,0.0188679
28082,53,52,0.0188679
28083,53,52,0.0188679
28084,53,52,0.0188679
28085,53,52,0.0188679
28087,53,52,0.0188679
28088,53,52,0.0188679
28089,53,52,0.0188679
28091,53,52,0.0188679
28092,53,52,0.0188679
28094,53,52,0.0188679
28095,53,52,0.0188679
28096,53,52,0.0188679
28097,53,52,0.0188679
28099,53,52,0.0188679
28100,53,52,0.0188679
28101,53,52,0.0188679
28102,53,52,0.0188679
28103,53,52,0.0188679
28105,53,52,0.0188679
28106,53,52,0.0188679
28107,53,52,0.0188679
28109,53,52,0.0188679
28113,53,52,0.0188679
28114,53,52,0.0188679
28115,53,52,0.0188679
28117,53,52,0.0188679
28118,53,52,0.0188679
28119,53,52,0.0188679
28120,53,52,0.0188679
28121,53,52,0.0188679
28122,53,52,0.0188679
28123,53,52,0.0188679
28125,53,52,0.0188679
28126,53,52,0.0188679
28129,53,52,0.0188679
28130,53,52,0.0188679
28131,53,52,0.0188679
28132,53,52,0.0188679
28133,53,52,0.0188679
28134,53,52,0.0188679
28135,53,52,0.0188679
28136,53,52,0.0188679
28137,53,52,0.0188679
28139,53,52,0.0188679
28142,53,52,0.0188679
28143,53,52,0.0188679
28144,53,52,0.0188679
28145,53,52,0.0188679
28146,53,52,0.0188679
28147,53,52,0.0188679
28148,53,52,0.0188679
28149,53,52,0.0188679
28151,53,52,0.0188679
28152,53,52,0.0188679
28153,53,52,0.0188679
28154,53,52,0.0188679
28155,53,52,0.0188679
28156,53,52,0.0188679
28157,53,52,0.0188679
28158,53,52,0.0188679
28162,53,52,0.0188679
28163,53,52,0.0188679
28165,53,52,0.0188679
28166,53,52,0.0188679
28169,53,52,0.0188679
28173,53,52,0.0188679
28174,53,52,0.0188679
28175,53,52,0.0188679
28177,53,52,0.0188679
28178,53,52,0.0188679
28180,53,52,0.0188679
28181,53,52,0.0188679
28182,53,52,0.0188679
28183,53,52,0.0188679
28185,53,52,0.0188679
28186,53,52,0.0188679
28187,53,52,0.0188679
28190,53,52,0.0188679
28191,53,52,0.0188679
28192,53,52,0.0188679
28195,53,52,0.0188679
28197,53,52,0.0188679
28198,53,52,0.0188679
28199,53,52,0.0188679
28200,53,52,0.0188679
28201,53,52,0.0188679
28202,53,52,0.0188679
28203,53,52,0.0188679
28206,53,52,0.0188679
28208,53,52,0.0188679
28209,53,52,0.0188679
28210,53,52,0.0188679
28212,53,52,0.0188679
28213,53,52,0.0188679
28214,53,52,0.0188679
28218,53,52,0.0188679
28220,53,52,0.0188679
28222,53,52,0.0188679
28223,53,52,0.0188679
28227,53,52,0.0188679
28228,53,52,0.0188679
28229,53,52,0.0188679
28230,53,52,0.0188679
28231,53,52,0.0188679
28232,53,52,0.0188679
28234,53,52,0.0188679
28235,53,52,0.0188679
28236,53,52,0.0188679
28237,53,52,0.0188679
28238,53,52,0.0188679
28239,53,52,0.0188679
28242,53,52,0.0188679
28243,53,52,0.0188679
28244,53,52,0.0188679
28247,53,52,0.0188679
28248,53,52,0.0188679
28252,53,52,0.0188679
28254,53,52,0.0188679
28255,53,52,0.0188679
28257,53,52,0.0188679
28258,53,52,0.0188679
28259,53,52,0.0188679
28260,53,52,0.0188679
28261,53,52,0.0188679
28262,53,52,0.0188679
28263,53,52,0.0188679
28268,53,52,0.0188679
28269,53,52,0.0188679
28270,53,52,0.0188679
28272,53,52,0.0188679
28273,53,52,0.0188679
28274,53,52,0.0188679
28275,53,52,0.0188679
28277,53,52,0.0188679
28278,53,52,0.0188679
28281,53,52,0.0188679
28282,53,52,0.0188679
28283,53,52,0.0188679
28285,53,52,0.0188679
28286,53,52,0.0188679
28287,53,52,0.0188679
28288,53,52,0.0188679
28289,53,52,0.0188679
28290,53,52,0.0188679
28291,53,52,0.0188679
28292,53,52,0.0188679
28293,53,52,0.0188679
28296,53,52,0.0188679
28302,53,52,0.0188679
28303,53,52,0.0188679
28305,53,52,0.0188679
28307,53,52,0.0188679
28308,53,52,0.0188679
28309,53,52,0.0188679
28310,53,52,0.0188679
28311,53,52,0.0188679
28314,53,52,0.0188679
28316,53,52,0.0188679
28320,53,52,0.0188679
28322,53,52,0.0188679
28323,53,52,0.0188679
28326,53,52,0.0188679
28327,53,52,0.0188679
28329,53,52,0.0188679
28332,53,52,0.0188679
28333,53,52,0.0188679
28334,53,52,0.0188679
28336,53,52,0.0188679
28338,53,52,0.0188679
28342,53,52,0.0188679
28343,53,52,0.0188679
28345,53,52,0.0188679
28347,53,52,0.0188679
28349,53,52,0.0188679
28351,53,52,0.0188679
28352,53,52,0.0188679
28353,53,52,0.0188679
28355,53,52,0.0188679
28358,53,52,0.0188679
28359,53,52,0.0188679
28361,53,52,0.0188679
28362,53,52,0.0188679
28364,53,52,0.0188679
28367,53,52,0.0188679
28371,53,52,0.0188679
28373,53,52,0.0188679
28374,53,52,0.0188679
28375,53,52,0.0188679
28376,53,52,0.0188679
28377,53,52,0.0188679
28378,53,52,0.0188679
28380,53,52,0.0188679
28381,53,52,0.0188679
28383,53,52,0.0188679
28385,53,52,0.0188679
28386,53,52,0.0188679
28387,53,52,0.0188679
28388,53,52,0.0188679
28390,53,52,0.0188679
28393,53,52,0.0188679
28395,53,52,0.0188679
28397,53,52,0.0188679
28401,53,52,0.0188679
28402,53,52,0.0188679
28404,53,52,0.0188679
28405,53,52,0.0188679
28406,53,52,0.0188679
28408,53,52,0.0188679
28409,53,52,0.0188679
28410,53,52,0.0188679
28411,53,52,0.0188679
28412,53,52,0.0188679
28415,53,52,0.0188679
28419,53,52,0.0188679
28424,53,52,0.0188679
28429,53,52,0.0188679
28430,53,52,0.0188679
28431,53,52,0.0188679
28432,53,52,0.0188679
28434,53,52,0.0188679
28435,53,52,0.0188679
28436,53,52,0.0188679
28437,53,52,0.0188679
28438,53,52,0.0188679
28440,53,52,0.0188679
28441,53,52,0.0188679
28442,53,52,0.0188679
28443,53,52,0.0188679
28444,53,52,0.0188679
28445,53,52,0.0188679
28448,53,52,0.0188679
28452,53,52,0.0188679
28453,53,52,0.0188679
28456,53,52,0.0188679
28457,53,52,0.0188679
28458,53,52,0.0188679
28459,53,52,0.0188679
28460,53,52,0.0188679
28461,53,52,0.0188679
28463,53,52,0.0188679
28464,53,52,0.0188679
28465,53,52,0.0188679
28466,53,52,0.0188679
28467,53,52,0.0188679
28468,53,52,0.0188679
28469,53,52,0.0188679
28470,53,52,0.0188679
28472,53,52,0.0188679
28474,53,52,0.0188679
28475,53,52,0.0188679
28477,53,52,0.0188679
28478,53,52,0.0188679
28480,53,52,0.0188679
28481,53,52,0.0188679
28483,53,52,0.0188679
28485,53,52,0.0188679
28488,53,52,0.0188679
28491,53,52,0.0188679
28492,53,52,0.0188679
28494,53,52,0.0188679
28495,53,52,0.0188679
28497,53,52,0.0188679
28498,53,52,0.0188679
28502,53,52,0.0188679
28503,53,52,0.0188679
28505,53,52,0.0188679
28508,53,52,0.0188679
28509,53,52,0.0188679
28510,53,52,0.0188679
28511,53,52,0.0188679
28512,53,52,0.0188679
28513,53,52,0.0188679
28515,53,52,0.0188679
28516,53,52,0.0188679
28519,53,52,0.0188679
28521,53,52,0.0188679
28523,53,52,0.0188679
28524,53,52,0.0188679
28525,53,52,0.0188679
28526,53,52,0.0188679
28528,53,52,0.0188679
28529,53,52,0.0188679
28530,53,52,0.0188679
28539,53,52,0.0188679
28542,53,52,0.0188679
28545,53,52,0.0188679
28547,53,52,0.0188679
28548,53,52,0.0188679
28549,53,52,0.0188679
28550,53,52,0.0188679
28554,53,52,0.0188679
28557,53,52,0.0188679
28560,53,52,0.0188679
28561,53,52,0.0188679
28562,53,52,0.0188679
28564,53,52,0.0188679
28565,53,52,0.0188679
28567,53,52,0.0188679
28568,53,52,0.0188679
28569,53,52,0.0188679
28572,53,52,0.0188679
28573,53,52,0.0188679
28574,53,52,0.0188679
28578,53,52,0.0188679
28580,53,52,0.0188679
28582,53,52,0.0188679
28584,53,52,0.0188679
28585,53,52,0.0188679
28588,53,52,0.0188679
28591,53,52,0.0188679
28592,53,52,0.0188679
28593,53,52,0.0188679
28594,53,52,0.0188679
28596,53,52,0.0188679
28597,53,52,0.0188679
28600,53,52,0.0188679
28601,53,52,0.0188679
28603,53,52,0.0188679
28604,53,52,0.0188679
28605,53,52,0.0188679
28611,53,52,0.0188679
28617,53,52,0.0188679
28619,53,52,0.0188679
28620,53,52,0.0188679
28621,53,52,0.0188679
28627,53,52,0.0188679
28630,53,52,0.0188679
28631,53,52,0.0188679
28636,53,52,0.0188679
28642,53,52,0.0188679
28645,53,52,0.0188679
28647,53,52,0.0188679
28648,53,52,0.0188679
28650,53,52,0.0188679
28652,53,52,0.0188679
28654,53,52,0.0188679
28660,53,52,0.0188679
28664,53,52,0.0188679
28668,53,52,0.0188679
28671,53,52,0.0188679
28673,53,52,0.0188679
28674,53,52,0.0188679
28675,53,52,0.0188679
28676,53,52,0.0188679
28677,53,52,0.0188679
28679,53,52,0.0188679
28680,53,52,0.0188679
28681,53,52,0.0188679
28682,53,52,0.0188679
28683,53,52,0.0188679
28684,53,52,0.0188679
28686,53,52,0.0188679
28687,53,52,0.0188679
28688,53,52,0.0188679
28689,53,52,0.0188679
28690,53,52,0.0188679
28692,53,52,0.0188679
28693,53,52,0.0188679
28694,53,52,0.0188679
28695,53,52,0.0188679
28696,53,52,0.0188679
28699,53,52,0.0188679
28700,53,52,0.0188679
28701,53,52,0.0188679
28702,53,52,0.0188679
28703,53,52,0.0188679
28705,53,52,0.0188679
28706,53,52,0.0188679
28708,53,52,0.0188679
28710,53,52,0.0188679
28711,53,52,0.0188679
28712,53,52,0.0188679
28714,53,52,0.0188679
28715,53,52,0.0188679
28716,53,52,0.0188679
28717,53,52,0.0188679
28719,53,52,0.0188679
28720,53,52,0.0188679
28722,53,52,0.0188679
28723,53,52,0.0188679
28724,53,52,0.0188679
28725,53,52,0.0188679
28727,53,52,0.0188679
28728,53,52,0.0188679
28729,53,52,0.0188679
28730,53,52,0.0188679
28732,53,52,0.0188679
28733,53,52,0.0188679
28734,53,52,0.0188679
28735,53,52,0.0188679
28737,53,52,0.0188679
28738,53,52,0.0188679
28739,53,52,0.0188679
28740,53,52,0.0188679
28741,53,52,0.0188679
28743,53,52,0.0188679
28744,53,52,0.0188679
28746,53,52,0.0188679
28748,53,52,0.0188679
28749,53,52,0.0188679
28751,53,52,0.0188679
28752,53,52,0.0188679
28754,53,52,0.0188679
28756,53,52,0.0188679
28757,53,52,0.0188679
28758,53,52,0.0188679
28759,53,52,0.0188679
28760,53,52,0.0188679
28762,53,52,0.0188679
28763,53,52,0.0188679
28764,53,52,0.0188679
28768,53,52,0.0188679
28769,53,52,0.0188679
28771,53,52,0.0188679
28772,53,52,0.0188679
28773,53,52,0.0188679
28774,53,52,0.0188679
28776,53,52,0.0188679
28777,53,52,0.0188679
28778,53,52,0.0188679
28781,53,52,0.0188679
28782,53,52,0.0188679
28783,53,52,0.0188679
28785,53,52,0.0188679
28786,53,52,0.0188679
28788,53,52,0.0188679
28789,53,52,0.0188679
28791,53,52,0.0188679
28792,53,52,0.0188679
28793,53,52,0.0188679
28795,53,52,0.0188679
28796,53,52,0.0188679
28798,53,52,0.0188679
28799,53,52,0.0188679
28800,53,52,0.0188679
28804,53,52,0.0188679
28806,53,52,0.0188679
28807,53,52,0.0188679
28809,53,52,0.0188679
28810,53,52,0.0188679
28812,53,52,0.0188679
28813,53,52,0.0188679
28815,53,52,0.0188679
28816,53,52,0.0188679
28818,53,52,0.0188679
28820,53,52,0.0188679
28822,53,52,0.0188679
28825,53,52,0.0188679
28827,53,52,0.0188679
28828,53,52,0.0188679
28829,53,52,0.0188679
28832,53,52,0.0188679
28833,53,52,0.0188679
28834,53,52,0.0188679
28835,53,52,0.0188679
28836,53,52,0.0188679
28838,53,52,0.0188679
28839,53,52,0.0188679
28841,53,52,0.0188679
28843,53,52,0.0188679
28844,53,52,0.0188679
28845,53,52,0.0188679
28847,53,52,0.0188679
28848,53,52,0.0188679
28849,53,52,0.0188679
28850,53,52,0.0188679
28852,53,52,0.0188679
28853,53,52,0.0188679
28854,53,52,0.0188679
28855,53,52,0.0188679
28857,53,52,0.0188679
28858,53,52,0.0188679
28859,53,52,0.0188679
28860,53,52,0.0188679
28861,53,52,0.0188679
28862,53,52,0.0188679
28865,53,52,0.0188679
28867,53,52,0.0188679
28869,53,52,0.0188679
28871,53,52,0.0188679
28872,53,52,0.0188679
28874,53,52,0.0188679
28876,53,52,0.0188679
28877,53,52,0.0188679
28878,53,52,0.0188679
28880,53,52,0.0188679
28881,53,52,0.0188679
28882,53,52,0.0188679
28883,53,52,0.0188679
28885,53,52,0.0188679
28886,53,52,0.0188679
28888,53,52,0.0188679
28890,53,52,0.0188679
28891,53,52,0.0188679
28892,53,52,0.0188679
28893,53,52,0.0188679
28894,53,52,0.0188679
28896,53,52,0.0188679
28897,53,52,0.0188679
28898,53,52,0.0188679
28899,53,52,0.0188679
28901,53,52,0.0188679
28902,53,52,0.0188679
28903,53,52,0.0188679
28904,53,52,0.0188679
28905,53,52,0.0188679
28906,53,52,0.0188679
28908,53,52,0.0188679
28909,53,52,0.0188679
28910,53,52,0.0188679
28912,53,52,0.0188679
28913,53,52,0.0188679
28914,53,52,0.0188679
28916,53,52,0.0188679
28917,53,52,0.0188679
28918,53,52,0.0188679
28920,53,52,0.0188679
28921,53,52,0.0188679
28922,53,52,0.0188679
28924,53,52,0.0188679
28925,53,52,0.0188679
28926,53,52,0.0188679
28928,53,52,0.0188679
28929,53,52,0.0188679
28931,53,52,0.0188679
28932,53,52,0.0188679
28933,53,52,0.0188679
28935,53,52,0.0188679
28936,53,52,0.0188679
28938,53,52,0.0188679
28939,53,52,0.0188679
28940,53,52,0.0188679
28942,53,52,0.0188679
28944,53,52,0.0188679
28945,53,52,0.0188679
28947,53,52,0.0188679
28948,53,52,0.0188679
28949,53,52,0.0188679
28951,53,52,0.0188679
28952,53,52,0.0188679
28953,53,52,0.0188679
28954,53,52,0.0188679
28956,53,52,0.0188679
28957,53,52,0.0188679
28959,53,52,0.0188679
28960,53,52,0.0188679
28962,53,52,0.0188679
28963,53,52,0.0188679
28965,53,52,0.0188679
28966,53,52,0.0188679
28967,53,52,0.0188679
28969,53,52,0.0188679
28970,53,52,0.0188679
28972,53,52,0.0188679
28973,53,52,0.0188679
28974,53,52,0.0188679
28975,53,52,0.0188679
28977,53,52,0.0188679
28978,53,52,0.0188679
28979,53,52,0.0188679
28980,53,52,0.0188679
28982,53,52,0.0188679
28983,53,52,0.0188679
28984,53,52,0.0188679
28985,53,52,0.0188679
28987,53,52,0.0188679
28988,53,52,0.0188679
28989,53,52,0.0188679
28990,53,52,0.0188679
28992,53,52,0.0188679
28993,53,52,0.0188679
28994,53,52,0.0188679
28995,53,52,0.0188679
28996,53,52,0.0188679
28998,53,52,0.0188679
28999,53,52,0.0188679
29000,53,52,0.0188679
29003,53,52,0.0188679
29004,53,52,0.0188679
29005,53,52,0.0188679
29007,53,52,0.0188679
29008,53,52,0.0188679
29010,53,52,0.0188679
29011,53,52,0.0188679
29012,53,52,0.0188679
29013,53,52,0.0188679
29014,53,52,0.0188679
29016,53,52,0.0188679
29017,53,52,0.0188679
29018,53,52,0.0188679
29020,53,52,0.0188679
29021,53,52,0.0188679
29022,53,52,0.0188679
29023,53,52,0.0188679
29024,53,52,0.0188679
29026,53,52,0.0188679
29027,53,52,0.0188679
29028,53,52,0.0188679
29030,53,52,0.0188679
29031,53,52,0.0188679
29032,53,52,0.0188679
29033,53,52,0.0188679
29035,53,52,0.0188679
29036,53,52,0.0188679
29040,53,52,0.0188679
29041,53,52,0.0188679
29042,53,52,0.0188679
29044,53,52,0.0188679
29045,53,52,0.0188679
29046,53,52,0.0188679
29047,53,52,0.0188679
29048,53,52,0.0188679
29050,53,52,0.0188679
29051,53,52,0.0188679
29052,53,52,0.0188679
29053,53,52,0.0188679
29054,53,52,0.0188679
29056,53,52,0.0188679
29057,53,52,0.0188679
29058,53,52,0.0188679
29059,53,52,0.0188679
29060,53,52,0.0188679
29062,53,52,0.0188679
29064,53,52,0.0188679
29065,53,52,0.0188679
29067,53,52,0.0188679
29068,53,52,0.0188679
29070,53,52,0.0188679
29071,53,52,0.0188679
29073,53,52,0.0188679
29074,53,52,0.0188679
29076,53,52,0.0188679
29077,53,52,0.0188679
29078,53,52,0.0188679
29080,53,52,0.0188679
29082,53,52,0.0188679
29084,53,52,0.0188679
29086,53,52,0.0188679
29088,53,52,0.0188679
29090,53,52,0.0188679
29091,53,52,0.0188679
29093,53,52,0.0188679
29094,53,52,0.0188679
29096,53,52,0.0188679
29098,53,52,0.0188679
29099,53,52,0.0188679
29101,53,52,0.0188679
29102,53,52,0.0188679
29104,53,52,0.0188679
29106,53,52,0.0188679
29107,53,52,0.0188679
29109,53,52,0.0188679
29110,53,52,0.0188679
29112,53,52,0.0188679
29114,53,52,0.0188679
29116,53,52,0.0188679
29117,53,52,0.0188679
29119,53,52,0.0188679
29121,53,52,0.0188679
29122,53,52,0.0188679
29124,53,52,0.0188679
29125,53,52,0.0188679
29127,53,52,0.0188679
29129,53,52,0.0188679
29131,53,52,0.0188679
29133,53,52,0.0188679
29135,53,52,0.0188679
29136,53,52,0.0188679
29139,53,52,0.0188679
29142,53,52,0.0188679
29144,53,52,0.0188679
29145,53,52,0.0188679
29150,53,52,0.0188679
29151,53,52,0.0188679
29153,53,52,0.0188679
29155,53,52,0.0188679
29156,53,52,0.0188679
29158,53,52,0.0188679
29159,53,52,0.0188679
29161,53,52,0.0188679
29163,53,52,0.0188679
29164,53,52,0.0188679
29165,53,52,0.0188679
29167,53,52,0.0188679
29169,53,52,0.0188679
29171,53,52,0.0188679
29173,53,52,0.0188679
29175,53,52,0.0188679
29176,53,52,0.0188679
29178,53,52,0.0188679
29180,53,52,0.0188679
29181,53,52,0.0188679
29184,53,52,0.0188679
29188,53,52,0.0188679
29190,53,52,0.0188679
29191,53,52,0.0188679
29193,53,52,0.0188679
29194,53,52,0.0188679
29196,53,52,0.0188679
29198,53,52,0.0188679
29200,53,52,0.0188679
29201,53,52,0.0188679
29203,53,52,0.0188679
29204,53,52,0.0188679
29206,53,52,0.0188679
29208,53,52,0.0188679
29210,53,52,0.0188679
29211,53,52,0.0188679
29213,53,52,0.0188679
29215,53,52,0.0188679
29216,53,52,0.0188679
29219,53,52,0.0188679
29221,53,52,0.0188679
29223,53,52,0.0188679
29225,53,52,0.0188679
29226,53,52,0.0188679
29228,53,52,0.0188679
29230,53,52,0.0188679
29232,53,52,0.0188679
29233,53,52,0.0188679
29234,53,52,0.0188679
29236,53,52,0.0188679
29237,53,52,0.0188679
29239,53,52,0.0188679
29241,53,52,0.0188679
29242,53,52,0.0188679
29243,53,52,0.0188679
29245,53,52,0.0188679
29247,53,52,0.0188679
29249,53,52,0.0188679
29250,53,52,0.0188679
29252,53,52,0.0188679
29253,53,52,0.0188679
29255,53,52,0.0188679
29256,53,52,0.0188679
29258,53,52,0.0188679
29259,53,52,0.0188679
29260,53,52,0.0188679
29261,53,52,0.0188679
29263,53,52,0.0188679
29265,53,52,0.0188679
29266,53,52,0.0188679
29267,53,52,0.0188679
29268,53,52,0.0188679
29270,53,52,0.0188679
29272,53,52,0.0188679
29274,53,52,0.0188679
29277,53,52,0.0188679
29278,53,52,0.0188679
29279,53,52,0.0188679
29280,53,52,0.0188679
29282,53,52,0.0188679
29283,53,52,0.0188679
29284,53,52,0.0188679
29286,53,52,0.0188679
29287,53,52,0.0188679
29289,53,52,0.0188679
29290,53,52,0.0188679
29291,53,52,0.0188679
29293,53,52,0.0188679
29294,53,52,0.0188679
29295,53,52,0.0188679
29297,53,52,0.0188679
29299,53,52,0.0188679
29300,53,52,0.0188679
29302,53,52,0.0188679
29303,53,52,0.0188679
29304,53,52,0.0188679
29306,53,52,0.0188679
29308,53,52,0.0188679
29309,53,52,0.0188679
29310,53,52,0.0188679
29311,53,52,0.0188679
29313,53,52,0.0188679
29315,53,52,0.0188679
29316,53,52,0.0188679
29317,53,52,0.0188679
29318,53,52,0.0188679
29319,53,52,0.0188679
29321,53,52,0.0188679
29323,53,52,0.0188679
29324,53,52,0.0188679
29325,53,52,0.0188679
29326,53,52,0.0188679
29328,53,52,0.0188679
29329,53,52,0.0188679
29330,53,52,0.0188679
29332,53,52,0.0188679
29333,53,52,0.0188679
29335,53,52,0.0188679
29339,53,52,0.0188679
29341,53,52,0.0188679
29343,53,52,0.0188679
29344,53,52,0.0188679
29346,53,52,0.0188679
29348,53,52,0.0188679
29351,53,52,0.0188679
29352,53,52,0.0188679
29354,53,52,0.0188679
29357,53,52,0.0188679
29358,53,52,0.0188679
29360,53,52,0.0188679
29361,53,52,0.0188679
29364,53,52,0.0188679
29366,53,52,0.0188679
29368,53,52,0.0188679
29370,53,52,0.0188679
29372,53,52,0.0188679
29374,53,52,0.0188679
29375,53,52,0.0188679
29377,53,52,0.0188679
29378,53,52,0.0188679
29381,53,52,0.0188679
29383,53,52,0.0188679
29385,53,52,0.0188679
29389,53,52,0.0188679
29392,53,52,0.0188679
29394,53,52,0.0188679
29395,53,52,0.0188679
29397,53,52,0.0188679
29399,53,52,0.0188679
29401,53,52,0.0188679
29402,53,52,0.0188679
29404,53,52,0.0188679
29406,53,52,0.0188679
29408,53,52,0.0188679
29409,53,52,0.0188679
29411,53,52,0.0188679
29412,53,52,0.0188679
29414,53,52,0.0188679
29416,53,52,0.0188679
29418,53,52,0.0188679
29420,53,52,0.0188679
29421,53,52,0.0188679
29423,53,52,0.0188679
29424,53,52,0.0188679
29425,53,52,0.0188679
29426,53,52,0.0188679
29428,53,52,0.0188679
29430,53,52,0.0188679
29431,53,52,0.0188679
29436,53,52,0.0188679
29440,53,52,0.0188679
29441,53,52,0.0188679
29443,53,52,0.0188679
29444,53,52,0.0188679
29446,53,52,0.0188679
29448,53,52,0.0188679
29450,53,52,0.0188679
29452,53,52,0.0188679
29454,53,52,0.0188679
29456,53,52,0.0188679
29457,53,52,0.0188679
29458,53,52,0.0188679
29460,53,52,0.0188679
29461,53,52,0.0188679
29463,53,52,0.0188679
29464,53,52,0.0188679
29466,53,52,0.0188679
29469,53,52,0.0188679
29471,53,52,0.0188679
29473,53,52,0.0188679
29474,53,52,0.0188679
29476,53,52,0.0188679
29478,53,52,0.0188679
29480,53,52,0.0188679
29482,53,52,0.0188679
29484,53,52,0.0188679
29486,53,52,0.0188679
29487,53,52,0.0188679
29488,53,52,0.0188679
29490,53,52,0.0188679
29491,53,52,0.0188679
29493,53,52,0.0188679
29494,53,52,0.0188679
29496,53,52,0.0188679
29497,53,52,0.0188679
29498,53,52,0.0188679
29500,53,52,0.0188679
29501,53,52,0.0188679
29502,53,52,0.0188679
29503,53,52,0.0188679
29505,53,52,0.0188679
29506,53,52,0.0188679
29508,53,52,0.0188679
29509,53,52,0.0188679
29510,53,52,0.0188679
29511,53,52,0.0188679
29512,53,52,0.0188679
29513,53,52,0.0188679
29515,53,52,0.0188679
29516,53,52,0.0188679
29518,53,52,0.0188679
29519,53,52,0.0188679
29521,53,52,0.0188679
29522,53,52,0.0188679
29524,53,52,0.0188679
29525,53,52,0.0188679
29526,53,52,0.0188679
29527,53,52,0.0188679
29528,53,52,0.0188679
29530,53,52,0.0188679
29532,53,52,0.0188679
29533,53,52,0.0188679
29534,53,52,0.0188679
29535,53,52,0.0188679
29536,53,52,0.0188679
29538,53,52,0.0188679
29540,53,52,0.0188679
29541,53,52,0.0188679
29543,53,52,0.0188679
29544,53,52,0.0188679
29545,53,52,0.0188679
29546,53,52,0.0188679
29548,53,52,0.0188679
29549,53,52,0.0188679
29551,53,52,0.0188679
29553,53,52,0.0188679
29554,53,52,0.0188679
29555,53,52,0.0188679
29556,53,52,0.0188679
29558,53,52,0.0188679
29563,53,52,0.0188679
29566,53,52,0.0188679
29578,53,52,0.0188679
29581,53,52,0.0188679
29582,53,52,0.0188679
29586,53,52,0.0188679
29590,53,52,0.0188679
29593,53,52,0.0188679
29594,53,52,0.0188679
29597,53,52,0.0188679
29599,53,52,0.0188679
29603,53,52,0.0188679
29606,53,52,0.0188679
29608,53,52,0.0188679
29610,53,52,0.0188679
29612,53,52,0.0188679
29614,53,52,0.0188679
29616,53,52,0.0188679
29621,53,52,0.0188679
29623,53,52,0.0188679
29625,53,52,0.0188679
29626,53,52,0.0188679
29637,53,52,0.0188679
29644,53,52,0.0188679
29645,53,52,0.0188679
29646,53,52,0.0188679
29648,53,52,0.0188679
29651,53,52,0.0188679
29739,53,52,0.0188679
29742,53,52,0.0188679
29743,53,52,0.0188679
29746,53,52,0.0188679
29749,53,52,0.0188679
29751,53,52,0.0188679
29753,53,52,0.0188679
29761,53,52,0.0188679
29763,53,52,0.0188679
29765,53,52,0.0188679
29767,53,52,0.0188679
29770,53,52,0.0188679
29773,53,52,0.0188679
29775,53,52,0.0188679
29777,53,52,0.0188679
29778,53,52,0.0188679
29780,53,52,0.0188679
29781,53,52,0.0188679
29783,53,52,0.0188679
29785,53,52,0.0188679
29786,53,52,0.0188679
29788,53,52,0.0188679
29790,53,52,0.0188679
29792,53,52,0.0188679
29793,53,52,0.0188679
29795,53,52,0.0188679
29797,53,52,0.0188679
29799,53,52,0.0188679
29801,53,52,0.0188679
29802,53,52,0.0188679
29803,53,52,0.0188679
29805,53,52,0.0188679
29807,53,52,0.0188679
29808,53,52,0.0188679
29810,53,52,0.0188679
29812,53,52,0.0188679
29816,53,52,0.0188679
29818,53,52,0.0188679
29821,53,52,0.0188679
29825,53,52,0.0188679
29828,53,52,0.0188679
29833,53,52,0.0188679
29834,53,52,0.0188679
29837,53,52,0.0188679
29839,53,52,0.0188679
29841,53,52,0.0188679
29848,53,52,0.0188679
29852,53,52,0.0188679
29855,53,52,0.0188679
29859,53,52,0.0188679
29861,53,52,0.0188679
29863,53,52,0.0188679
29865,53,52,0.0188679
29868,53,52,0.0188679
29870,53,52,0.0188679
29874,53,52,0.0188679
29877,53,52,0.0188679
29879,53,52,0.0188679
29881,53,52,0.0188679
29883,53,52,0.0188679
29885,53,52,0.0188679
29887,53,52,0.0188679
29889,53,52,0.0188679
29890,53,52,0.0188679
29892,53,52,0.0188679
29893,53,52,0.0188679
29898,53,52,0.0188679
29900,53,52,0.0188679
29902,53,52,0.0188679
29904,53,52,0.0188679
29905,53,52,0.0188679
29907,53,52,0.0188679
29908,53,52,0.0188679
29909,53,52,0.0188679
29911,53,52,0.0188679
29912,53,52,0.0188679
29914,53,52,0.0188679
29915,53,52,0.0188679
29917,53,52,0.0188679
29918,53,52,0.0188679
29920,53,52,0.0188679
29923,53,52,0.0188679
29924,53,52,0.0188679
29926,53,52,0.0188679
29927,53,52,0.0188679
29928,53,52,0.0188679
29930,53,52,0.0188679
29931,53,52,0.0188679
29933,53,52,0.0188679
29934,53,52,0.0188679
29936,53,52,0.0188679
29937,53,52,0.0188679
29939,53,52,0.0188679
29941,53,52,0.0188679
29942,53,52,0.0188679
29945,53,52,0.0188679
29947,53,52,0.0188679
29949,53,52,0.0188679
29951,53,52,0.0188679
29952,53,52,0.0188679
29953,53,52,0.0188679
29955,53,52,0.0188679
29958,53,52,0.0188679
29960,53,52,0.0188679
29961,53,52,0.0188679
29962,53,52,0.0188679
29964,53,52,0.0188679
29965,53,52,0.0188679
29967,53,52,0.0188679
29968,53,52,0.0188679
29970,53,52,0.0188679
29971,53,52,0.0188679
29972,53,52,0.0188679
29973,53,52,0.0188679
29974,53,52,0.0188679
29976,53,52,0.0188679
29977,53,52,0.0188679
29978,53,52,0.0188679
29979,53,52,0.0188679
29980,53,52,0.0188679
29982,53,52,0.0188679
29984,53,52,0.0188679
29985,53,52,0.0188679
29987,53,52,0.0188679
29989,53,52,0.0188679
29990,53,52,0.0188679
29991,53,52,0.0188679
29992,53,52,0.0188679
29993,53,52,0.0188679
29995,53,52,0.0188679
29996,53,52,0.0188679
29997,53,52,0.0188679
30000,53,52,0.0188679
30002,53,52,0.0188679
30003,53,52,0.0188679
30005,53,52,0.0188679
30007,53,52,0.0188679
30011,53,52,0.0188679
30012,53,52,0.0188679
30014,53,52,0.0188679
30016,53,52,0.0188679
30017,53,52,0.0188679
30018,53,52,0.0188679
30020,53,52,0.0188679
30021,53,52,0.0188679
30022,53,52,0.0188679
30024,53,52,0.0188679
30025,53,52,0.0188679
30026,53,52,0.0188679
30028,53,52,0.0188679
30029,53,52,0.0188679
30030,53,52,0.0188679
30031,53,52,0.0188679
30033,53,52,0.0188679
30035,53,52,0.0188679
30036,53,52,0.0188679
30038,53,52,0.0188679
30039,53,52,0.0188679
30042,53,52,0.0188679
30045,53,52,0.0188679
30046,53,52,0.0188679
30049,53,52,0.0188679
30050,53,52,0.0188679
30052,53,52,0.0188679
30053,53,52,0.0188679
30054,53,52,0.0188679
30056,53,52,0.0188679
30057,53,52,0.0188679
30058,53,52,0.0188679
30059,53,52,0.0188679
30061,53,52,0.0188679
30062,53,52,0.0188679
30064,53,52,0.0188679
30065,53,52,0.0188679
30067,53,52,0.0188679
30069,53,52,0.0188679
30070,53,52,0.0188679
30072,53,52,0.0188679
30074,53,52,0.0188679
30075,53,52,0.0188679
30076,53,52,0.0188679
30077,53,52,0.0188679
30078,53,52,0.0188679
30082,53,52,0.0188679
30083,53,52,0.0188679
30085,53,52,0.0188679
30087,53,52,0.0188679
30088,53,52,0.0188679
30092,53,52,0.0188679
30094,53,52,0.0188679
30097,53,52,0.0188679
30108,53,52,0.0188679
30115,53,52,0.0188679
30117,53,52,0.0188679
30119,53,52,0.0188679
30210,53,52,0.0188679
30213,53,52,0.0188679
30217,53,52,0.0188679
30225,53,52,0.0188679
30233,53,52,0.0188679
30234,53,52,0.0188679
30236,53,52,0.0188679
30238,53,52,0.0188679
30240,53,52,0.0188679
30241,53,52,0.0188679
30243,53,52,0.0188679
30244,53,52,0.0188679
30246,53,52,0.0188679
30248,53,52,0.0188679
30249,53,52,0.0188679
30250,53,52,0.0188679
30252,53,52,0.0188679
30253,53,52,0.0188679
30255,53,52,0.0188679
30256,53,52,0.0188679
30258,53,52,0.0188679
30259,53,52,0.0188679
30261,53,52,0.0188679
30262,53,52,0.0188679
30264,53,52,0.0188679
30265,53,52,0.0188679
30268,53,52,0.0188679
30271,53,52,0.0188679
30277,53,52,0.0188679
30280,53,52,0.0188679
30282,53,52,0.0188679
30285,53,52,0.0188679
30288,53,52,0.0188679
30291,53,52,0.0188679
30293,53,52,0.0188679
30294,53,52,0.0188679
30295,53,52,0.0188679
30297,53,52,0.0188679
30299,53,52,0.0188679
30300,53,52,0.0188679
30301,53,52,0.0188679
30304,53,52,0.0188679
30306,53,52,0.0188679
30308,53,52,0.0188679
30309,53,52,0.0188679
30310,53,52,0.0188679
30312,53,52,0.0188679
30314,53,52,0.0188679
30315,53,52,0.0188679
30316,53,52,0.0188679
30318,53,52,0.0188679
30319,53,52,0.0188679
30320,53,52,0.0188679
30322,53,52,0.0188679
30323,53,52,0.0188679
30324,53,52,0.0188679
30325,53,52,0.0188679
30327,53,52,0.0188679
30328,53,52,0.0188679
30330,53,52,0.0188679
30331,53,52,0.0188679
30332,53,52,0.0188679
30333,53,52,0.0188679
30334,53,52,0.0188679
30336,53,52,0.0188679
30337,53,52,0.0188679
30339,53,52,0.0188679
30340,53,52,0.0188679
30342,53,52,0.0188679
30343,53,52,0.0188679
30345,53,52,0.0188679
30347,53,52,0.0188679
30348,53,52,0.0188679
30349,53,52,0.0188679
30351,53,52,0.0188679
30353,53,52,0.0188679
30356,53,52,0.0188679
30358,53,52,0.0188679
30360,53,52,0.0188679
30361,53,52,0.0188679
30363,53,52,0.0188679
30364,53,52,0.0188679
30365,53,52,0.0188679
30367,53,52,0.0188679
30369,53,52,0.0188679
30372,53,52,0.0188679
30373,53,52,0.0188679
30375,53,52,0.0188679
30376,53,52,0.0188679
30378,53,52,0.0188679
30380,53,52,0.0188679
30381,53,52,0.0188679
30382,53,52,0.0188679
30384,53,52,0.0188679
30385,53,52,0.0188679
30387,53,52,0.0188679
30389,53,52,0.0188679
30390,53,52,0.0188679
30392,53,52,0.0188679
30394,53,52,0.0188679
30395,53,52,0.0188679
30396,53,52,0.0188679
30399,53,52,0.0188679
30400,53,52,0.0188679
30402,53,52,0.0188679
30403,53,52,0.0188679
30408,53,52,0.0188679
30409,53,52,0.0188679
30411,53,52,0.0188679
30412,53,52,0.0188679
30413,53,52,0.0188679
30415,53,52,0.0188679
30416,53,52,0.0188679
30417,53,52,0.0188679
30419,53,52,0.0188679
30421,53,52,0.0188679
30424,53,52,0.0188679
30428,53,52,0.0188679
30429,53,52,0.0188679
30431,53,52,0.0188679
30432,53,52,0.0188679
30434,53,52,0.0188679
30436,53,52,0.0188679
30440,53,52,0.0188679
30442,53,52,0.0188679
30443,53,52,0.0188679
30445,53,52,0.0188679
30447,53,52,0.0188679
30449,53,52,0.0188679
30450,53,52,0.0188679
30452,53,52,0.0188679
30455,53,52,0.0188679
30456,53,52,0.0188679
30457,53,52,0.0188679
30459,53,52,0.0188679
30460,53,52,0.0188679
30462,53,52,0.0188679
30464,53,52,0.0188679
30465,53,52,0.0188679
30466,53,52,0.0188679
30468,53,52,0.0188679
30470,53,52,0.0188679
30471,53,52,0.0188679
30473,53,52,0.0188679
30474,53,52,0.0188679
30475,53,52,0.0188679
30476,53,52,0.0188679
30478,53,52,0.0188679
30479,53,52,0.0188679
30480,53,52,0.0188679
30484,53,52,0.0188679
30486,53,52,0.0188679
30487,53,52,0.0188679
30489,53,52,0.0188679
30490,53,52,0.0188679
30491,53,52,0.0188679
30492,53,52,0.0188679
30493,53,52,0.0188679
30495,53,52,0.0188679
30497,53,52,0.0188679
30498,53,52,0.0188679
30499,53,52,0.0188679
30500,53,52,0.0188679
30502,53,52,0.0188679
30504,53,52,0.0188679
30506,53,52,0.0188679
30507,53,52,0.0188679
30508,53,52,0.0188679
30510,53,52,0.0188679
30511,53,52,0.0188679
30512,53,52,0.0188679
30514,53,52,0.0188679
30515,53,52,0.0188679
30516,53,52,0.0188679
30517,53,52,0.0188679
30519,53,52,0.0188679
30522,53,52,0.0188679
30523,53,52,0.0188679
30525,53,52,0.0188679
30526,53,52,0.0188679
30527,53,52,0.0188679
30529,53,52,0.0188679
30530,53,52,0.0188679
30531,53,52,0.0188679
30532,53,52,0.0188679
30533,53,52,0.0188679
30535,53,52,0.0188679
30537,53,52,0.0188679
30539,53,52,0.0188679
30541,53,52,0.0188679
30542,53,52,0.0188679
30543,53,52,0.0188679
30544,53,52,0.0188679
30545,53,52,0.0188679
30547,53,52,0.0188679
30549,53,52,0.0188679
30551,53,52,0.0188679
30553,53,52,0.0188679
30557,53,52,0.0188679
30559,53,52,0.0188679
30562,53,52,0.0188679
30563,53,52,0.0188679
30564,53,52,0.0188679
30566,53,52,0.0188679
30568,53,52,0.0188679
30570,53,52,0.0188679
30575,53,52,0.0188679
30577,53,52,0.0188679
30579,53,52,0.0188679
30581,53,52,0.0188679
30584,53,52,0.0188679
30589,53,52,0.0188679
30590,53,52,0.0188679
30592,53,52,0.0188679
30594,53,52,0.0188679
30596,53,52,0.0188679
30598,53,52,0.0188679
30602,53,52,0.0188679
30605,53,52,0.0188679
30607,53,52,0.0188679
30609,53,52,0.0188679
30610,53,52,0.0188679
30611,53,52,0.0188679
30613,53,52,0.0188679
30614,53,52,0.0188679
30615,53,52,0.0188679
30616,53,52,0.0188679
30617,53,52,0.0188679
30618,53,52,0.0188679
30620,53,52,0.0188679
30623,53,52,0.0188679
30624,53,52,0.0188679
30626,53,52,0.0188679
30627,53,52,0.0188679
30629,53,52,0.0188679
30631,53,52,0.0188679
30633,53,52,0.0188679
30634,53,52,0.0188679
30636,53,52,0.0188679
30638,53,52,0.0188679
30640,53,52,0.0188679
30641,53,52,0.0188679
30643,53,52,0.0188679
30645,53,52,0.0188679
30647,53,52,0.0188679
30648,53,52,0.0188679
30650,53,52,0.0188679
30651,53,52,0.0188679
30652,53,52,0.0188679
30655,53,52,0.0188679
30657,53,52,0.0188679
30658,53,52,0.0188679
30659,53,52,0.0188679
30660,53,52,0.0188679
30661,53,52,0.0188679
30663,53,52,0.0188679
30666,53,52,0.0188679
30667,53,52,0.0188679
30670,53,52,0.0188679
30672,53,52,0.0188679
30673,53,52,0.0188679
30674,53,52,0.0188679
30675,53,52,0.0188679
30676,53,52,0.0188679
30677,53,52,0.0188679
30678,53,52,0.0188679
30681,53,52,0.0188679
30682,53,52,0.0188679
30683,53,52,0.0188679
30685,53,52,0.0188679
30686,53,52,0.0188679
30688,53,52,0.0188679
30690,53,52,0.0188679
30692,53,52,0.0188679
30693,53,52,0.0188679
30696,53,52,0.0188679
30697,53,52,0.0188679
30698,53,52,0.0188679
30699,53,52,0.0188679
30700,53,52,0.0188679
30702,53,52,0.0188679
30703,53,52,0.0188679
30705,53,52,0.0188679
30706,53,52,0.0188679
30707,53,52,0.0188679
30708,53,52,0.0188679
30710,53,52,0.0188679
30711,53,52,0.0188679
30712,53,52,0.0188679
30713,53,52,0.0188679
30715,53,52,0.0188679
30716,53,52,0.0188679
30719,53,52,0.0188679
30720,53,52,0.0188679
30721,53,52,0.0188679
30722,53,52,0.0188679
30724,53,52,0.0188679
30725,53,52,0.0188679
30727,53,52,0.0188679
30728,53,52,0.0188679
30729,53,52,0.0188679
30730,53,52,0.0188679
30733,53,52,0.0188679
30735,53,52,0.0188679
30736,53,52,0.0188679
30739,53,52,0.0188679
30740,53,52,0.0188679
30741,53,52,0.0188679
30743,53,52,0.0188679
30744,53,52,0.0188679
30745,53,52,0.0188679
30747,53,52,0.0188679
30751,53,52,0.0188679
30753,53,52,0.0188679
30757,53,52,0.0188679
30759,53,52,0.0188679
30762,53,52,0.0188679
30768,53,52,0.0188679
30770,53,52,0.0188679
30772,53,52,0.0188679
30774,53,52,0.0188679
30775,53,52,0.0188679
30778,53,52,0.0188679
30779,53,52,0.0188679
30781,53,52,0.0188679
30782,53,52,0.0188679
30784,53,52,0.0188679
30785,53,52,0.0188679
30787,53,52,0.0188679
30789,53,52,0.0188679
30791,53,52,0.0188679
30792,53,52,0.0188679
30793,53,52,0.0188679
30795,53,52,0.0188679
30796,53,52,0.0188679
30797,53,52,0.0188679
30798,53,52,0.0188679
30800,53,52,0.0188679
30801,53,52,0.0188679
30802,53,52,0.0188679
30803,53,52,0.0188679
30807,53,52,0.0188679
30810,53,52,0.0188679
30811,53,52,0.0188679
30812,53,52,0.0188679
30813,53,52,0.0188679
30815,53,52,0.0188679
30816,53,52,0.0188679
30817,53,52,0.0188679
30818,53,52,0.0188679
30820,53,52,0.0188679
30822,53,52,0.0188679
30823,53,52,0.0188679
30826,53,52,0.0188679
30828,53,52,0.0188679
30829,53,52,0.0188679
30831,53,52,0.0188679
30833,53,52,0.0188679
30835,53,52,0.0188679
30837,53,52,0.0188679
30838,53,52,0.0188679
30840,53,52,0.0188679
30842,53,52,0.0188679
30843,53,52,0.0188679
30845,53,52,0.0188679
30846,53,52,0.0188679
30847,53,52,0.0188679
30848,53,52,0.0188679
30850,53,52,0.0188679
30851,53,52,0.0188679
30853,53,52,0.0188679
30857,53,52,0.0188679
30860,53,52,0.0188679
30862,53,52,0.0188679
30863,53,52,0.0188679
30866,53,52,0.0188679
30868,53,52,0.0188679
30870,53,52,0.0188679
30872,53,52,0.0188679
30873,53,52,0.0188679
30874,53,52,0.0188679
30876,53,52,0.0188679
30877,53,52,0.0188679
30878,53,52,0.0188679
30880,53,52,0.0188679
30881,53,52,0.0188679
30882,53,52,0.0188679
30883,53,52,0.0188679
30885,53,52,0.0188679
30886,53,52,0.0188679
30887,53,52,0.0188679
30891,53,52,0.0188679
30892,53,52,0.0188679
30893,53,52,0.0188679
30894,53,52,0.0188679
30896,53,52,0.0188679
30897,53,52,0.0188679
30898,53,52,0.0188679
30899,53,52,0.0188679
30900,53,52,0.0188679
30902,53,52,0.0188679
30903,53,52,0.0188679
30906,53,52,0.0188679
30908,53,52,0.0188679
30910,53,52,0.0188679
30911,53,52,0.0188679
30913,53,52,0.0188679
30914,53,52,0.0188679
30916,53,52,0.0188679
30917,53,52,0.0188679
30919,53,52,0.0188679
30922,53,52,0.0188679
30925,53,52,0.0188679
30928,53,52,0.0188679
30930,53,52,0.0188679
30932,53,52,0.0188679
30933,53,52,0.0188679
30935,53,52,0.0188679
30936,53,52,0.0188679
30938,53,52,0.0188679
30939,53,52,0.0188679
30940,53,52,0.0188679
30941,53,52,0.0188679
30943,53,52,0.0188679
30944,53,52,0.0188679
30946,53,52,0.0188679
30947,53,52,0.0188679
30948,53,52,0.0188679
30949,53,52,0.0188679
30950,53,52,0.0188679
30952,53,52,0.0188679
30953,53,52,0.0188679
30954,53,52,0.0188679
30956,53,52,0.0188679
30958,53,52,0.0188679
30959,53,52,0.0188679
30960,53,52,0.0188679
30961,53,52,0.0188679
30963,53,52,0.0188679
30964,53,52,0.0188679
30965,53,52,0.0188679
30966,53,52,0.0188679
30970,53,52,0.0188679
30972,53,52,0.0188679
30974,53,52,0.0188679
30975,53,52,0.0188679
30976,53,52,0.0188679
30978,53,52,0.0188679
30979,53,52,0.0188679
30981,53,52,0.0188679
30983,53,52,0.0188679
30984,53,52,0.0188679
30985,53,52,0.0188679
30986,53,52,0.0188679
30987,53,52,0.0188679
30989,53,52,0.0188679
30990,53,52,0.0188679
30991,53,52,0.0188679
30992,53,52,0.0188679
30995,53,52,0.0188679
30996,53,52,0.0188679
30997,53,52,0.0188679
30998,53,52,0.0188679
31004,53,52,0.0188679
31007,53,52,0.0188679
31008,53,52,0.0188679
31009,53,52,0.0188679
31011,53,52,0.0188679
31012,53,52,0.0188679
31013,53,52,0.0188679
31014,53,52,0.0188679
31016,53,52,0.0188679
31017,53,52,0.0188679
31018,53,52,0.0188679
31019,53,52,0.0188679
31023,53,52,0.0188679
31024,53,52,0.0188679
31025,53,52,0.0188679
31026,53,52,0.0188679
31028,53,52,0.0188679
31029,53,52,0.0188679
31033,53,52,0.0188679
31034,53,52,0.0188679
31035,53,52,0.0188679
31037,53,52,0.0188679
31038,53,52,0.0188679
31043,53,52,0.0188679
31045,53,52,0.0188679
31046,53,52,0.0188679
31048,53,52,0.0188679
31049,53,52,0.0188679
31056,53,52,0.0188679
31057,53,52,0.0188679
31059,53,52,0.0188679
31064,53,52,0.0188679
31065,53,52,0.0188679
31066,53,52,0.0188679
31068,53,52,0.0188679
31072,53,52,0.0188679
31073,53,52,0.0188679
31074,53,52,0.0188679
31076,53,52,0.0188679
31077,53,52,0.0188679
31079,53,52,0.0188679
31081,53,52,0.0188679
31083,53,52,0.0188679
31084,53,52,0.0188679
31086,53,52,0.0188679
31087,53,52,0.0188679
31091,53,52,0.0188679
31092,53,52,0.0188679
31094,53,52,0.0188679
31095,53,52,0.0188679
31096,53,52,0.0188679
31097,53,52,0.0188679
31099,53,52,0.0188679
31101,53,52,0.0188679
31102,53,52,0.0188679
31103,53,52,0.0188679
31105,53,52,0.0188679
31106,53,52,0.0188679
31108,53,52,0.0188679
31110,53,52,0.0188679
31111,53,52,0.0188679
31112,53,52,0.0188679
31113,53,52,0.0188679
31116,53,52,0.0188679
31117,53,52,0.0188679
31118,53,52,0.0188679
31119,53,52,0.0188679
31121,53,52,0.0188679
31122,53,52,0.0188679
31123,53,52,0.0188679
31124,53,52,0.0188679
31125,53,52,0.0188679
31126,53,52,0.0188679
31127,53,52,0.0188679
31129,53,52,0.0188679
31130,53,52,0.0188679
31131,53,52,0.0188679
31132,53,52,0.0188679
31134,53,52,0.0188679
31135,53,52,0.0188679
31138,53,52,0.0188679
31140,53,52,0.0188679
31141,53,52,0.0188679
31142,53,52,0.0188679
31146,53,52,0.0188679
31147,53,52,0.0188679
31149,53,52,0.0188679
31151,53,52,0.0188679
31153,53,52,0.0188679
31154,53,52,0.0188679
31155,53,52,0.0188679
31157,53,52,0.0188679
31159,53,52,0.0188679
31164,53,52,0.0188679
31165,53,52,0.0188679
31166,53,52,0.0188679
31167,53,52,0.0188679
31168,53,52,0.0188679
31170,53,52,0.0188679
31173,53,52,0.0188679
31176,53,52,0.0188679
31177,53,52,0.0188679
31178,53,52,0.0188679
31179,53,52,0.0188679
31181,53,52,0.0188679
31182,53,52,0.0188679
31183,53,52,0.0188679
31188,53,52,0.0188679
31190,53,52,0.0188679
31192,53,52,0.0188679
31193,53,52,0.0188679
31194,53,52,0.0188679
31196,53,52,0.0188679
31197,53,52,0.0188679
31198,53,52,0.0188679
31199,53,52,0.0188679
31201,53,52,0.0188679
31202,53,52,0.0188679
31203,53,52,0.0188679
31204,53,52,0.0188679
31206,53,52,0.0188679
31207,53,52,0.0188679
31208,53,52,0.0188679
31209,53,52,0.0188679
31210,53,52,0.0188679
31212,53,52,0.0188679
31213,53,52,0.0188679
31214,53,52,0.0188679
31215,53,52,0.0188679
31217,53,52,0.0188679
31222,53,52,0.0188679
31224,53,52,0.0188679
31225,53,52,0.0188679
31226,53,52,0.0188679
31228,53,52,0.0188679
31230,53,52,0.0188679
31231,53,52,0.0188679
31233,53,52,0.0188679
31235,53,52,0.0188679
31238,53,52,0.0188679
31241,53,52,0.0188679
31242,53,52,0.0188679
31244,53,52,0.0188679
31246,53,52,0.0188679
31247,53,52,0.0188679
31248,53,52,0.0188679
31249,53,52,0.0188679
31253,53,52,0.0188679
31254,53,52,0.0188679
31255,53,52,0.0188679
31257,53,52,0.0188679
31258,53,52,0.0188679
31259,53,52,0.0188679
31260,53,52,0.0188679
31263,53,52,0.0188679
31265,53,52,0.0188679
31266,53,52,0.0188679
31267,53,52,0.0188679
31268,53,52,0.0188679
31270,53,52,0.0188679
31271,53,52,0.0188679
31274,53,52,0.0188679
31276,53,52,0.0188679
31277,53,52,0.0188679
31279,53,52,0.0188679
31280,53,52,0.0188679
31281,53,52,0.0188679
31282,53,52,0.0188679
31287,53,52,0.0188679
31288,53,52,0.0188679
31289,53,52,0.0188679
31290,53,52,0.0188679
31292,53,52,0.0188679
31293,53,52,0.0188679
31298,53,52,0.0188679
31300,53,52,0.0188679
31301,53,52,0.0188679
31302,53,52,0.0188679
31303,53,52,0.0188679
31304,53,52,0.0188679
31307,53,52,0.0188679
31310,53,52,0.0188679
31311,53,52,0.0188679
31312,53,52,0.0188679
31313,53,52,0.0188679
31314,53,52,0.0188679
31315,53,52,0.0188679
31319,53,52,0.0188679
31320,53,52,0.0188679
31321,53,52,0.0188679
31323,53,52,0.0188679
31324,53,52,0.0188679
31326,53,52,0.0188679
31327,53,52,0.0188679
31328,53,52,0.0188679
31329,53,52,0.0188679
31330,53,52,0.0188679
31333,53,52,0.0188679
31334,53,52,0.0188679
31335,53,52,0.0188679
31336,53,52,0.0188679
31338,53,52,0.0188679
31339,53,52,0.0188679
31341,53,52,0.0188679
31343,53,52,0.0188679
31345,53,52,0.0188679
31347,53,52,0.0188679
31351,53,52,0.0188679
31356,53,52,0.0188679
31358,53,52,0.0188679
31359,53,52,0.0188679
31362,53,52,0.0188679
31363,53,52,0.0188679
31365,53,52,0.0188679
31366,53,52,0.0188679
31368,53,52,0.0188679
31370,53,52,0.0188679
31371,53,52,0.0188679
31377,53,52,0.0188679
31380,53,52,0.0188679
31381,53,52,0.0188679
31383,53,52,0.0188679
31384,53,52,0.0188679
31386,53,52,0.0188679
31388,53,52,0.0188679
31390,53,52,0.0188679
31391,53,52,0.0188679
31392,53,52,0.0188679
31393,53,52,0.0188679
31394,53,52,0.0188679
31396,53,52,0.0188679
31397,53,52,0.0188679
31398,53,52,0.0188679
31399,53,52,0.0188679
31401,53,52,0.0188679
31402,53,52,0.0188679
31404,53,52,0.0188679
31405,53,52,0.0188679
31406,53,52,0.0188679
31407,53,52,0.0188679
31408,53,52,0.0188679
31410,53,52,0.0188679
31411,53,52,0.0188679
31412,53,52,0.0188679
31413,53,52,0.0188679
31414,53,52,0.0188679
31415,53,52,0.0188679
31416,53,52,0.0188679
31417,53,52,0.0188679
31419,53,52,0.0188679
31420,53,52,0.0188679
31421,53,52,0.0188679
31422,53,52,0.0188679
31426,53,52,0.0188679
31427,53,52,0.0188679
31431,53,52,0.0188679
31432,53,52,0.0188679
31433,53,52,0.0188679
31434,53,52,0.0188679
31435,53,52,0.0188679
31437,53,52,0.0188679
31438,53,52,0.0188679
31439,53,52,0.0188679
31441,53,52,0.0188679
31442,53,52,0.0188679
31443,53,52,0.0188679
31445,53,52,0.0188679
31447,53,52,0.0188679
31448,53,52,0.0188679
31449,53,52,0.0188679
31450,53,52,0.0188679
31452,53,52,0.0188679
31453,53,52,0.0188679
31454,53,52,0.0188679
31456,53,52,0.0188679
31457,53,52,0.0188679
31459,53,52,0.0188679
31461,53,52,0.0188679
31462,53,52,0.0188679
31468,53,52,0.0188679
31469,53,52,0.0188679
31470,53,52,0.0188679
31473,53,52,0.0188679
31474,53,52,0.0188679
31477,53,52,0.0188679
31478,53,52,0.0188679
31479,53,52,0.0188679
31481,53,52,0.0188679
31482,53,52,0.0188679
31487,53,52,0.0188679
31489,53,52,0.0188679
31492,53,52,0.0188679
31493,53,52,0.0188679
31495,53,52,0.0188679
31497,53,52,0.0188679
31498,53,52,0.0188679
31499,53,52,0.0188679
31500,53,52,0.0188679
31501,53,52,0.0188679
31502,53,52,0.0188679
31504,53,52,0.0188679
31505,53,52,0.0188679
31506,53,52,0.0188679
31507,53,52,0.0188679
31508,53,52,0.0188679
31510,53,52,0.0188679
31511,53,52,0.0188679
31512,53,52,0.0188679
31513,53,52,0.0188679
31517,53,52,0.0188679
31519,53,52,0.0188679
31520,53,52,0.0188679
31522,53,52,0.0188679
31524,53,52,0.0188679
31526,53,52,0.0188679
31527,53,52,0.0188679
31528,53,52,0.0188679
31529,53,52,0.0188679
31531,53,52,0.0188679
31532,53,52,0.0188679
31535,53,52,0.0188679
31536,53,52,0.0188679
31541,53,52,0.0188679
31543,53,52,0.0188679
31544,53,52,0.0188679
31549,53,52,0.0188679
31550,53,52,0.0188679
31552,53,52,0.0188679
31554,53,52,0.0188679
31556,53,52,0.0188679
31558,53,52,0.0188679
31560,53,52,0.0188679
31561,53,52,0.0188679
31563,53,52,0.0188679
31565,53,52,0.0188679
31567,53,52,0.0188679
31569,53,52,0.0188679
31572,53,52,0.0188679
31574,53,52,0.0188679
31576,53,52,0.0188679
31577,53,52,0.0188679
31578,53,52,0.0188679
31580,53,52,0.0188679
31584,53,52,0.0188679
31585,53,52,0.0188679
31586,53,52,0.0188679
31588,53,52,0.0188679
31589,53,52,0.0188679
31590,53,52,0.0188679
31592,53,52,0.0188679
31593,53,52,0.0188679
31594,53,52,0.0188679
31600,53,52,0.0188679
31601,53,52,0.0188679
31605,53,52,0.0188679
31606,53,52,0.0188679
31607,53,52,0.0188679
31609,53,52,0.0188679
31610,53,52,0.0188679
31613,53,52,0.0188679
31614,53,52,0.0188679
31615,53,52,0.0188679
31616,53,52,0.0188679
31618,53,52,0.0188679
31621,53,52,0.0188679
31624,53,52,0.0188679
31626,53,52,0.0188679
31627,53,52,0.0188679
31628,53,52,0.0188679
31631,53,52,0.0188679
31633,53,52,0.0188679
31634,53,52,0.0188679
31636,53,52,0.0188679
31637,53,52,0.0188679
31639,53,52,0.0188679
31640,53,52,0.0188679
31642,53,52,0.0188679
31643,53,52,0.0188679
31644,53,52,0.0188679
31649,53,52,0.0188679
31651,53,52,0.0188679
31652,53,52,0.0188679
31653,53,52,0.0188679
31656,53,52,0.0188679
31657,53,52,0.0188679
31661,53,52,0.0188679
31668,53,52,0.0188679
31674,53,52,0.0188679
31676,53,52,0.0188679
31677,53,52,0.0188679
31678,53,52,0.0188679
31679,53,52,0.0188679
31681,53,52,0.0188679
31682,53,52,0.0188679
31683,53,52,0.0188679
31685,53,52,0.0188679
31688,53,52,0.0188679
31693,53,52,0.0188679
31698,53,52,0.0188679
31700,53,52,0.0188679
31705,53,52,0.0188679
31709,53,52,0.0188679
31714,53,52,0.0188679
31716,53,52,0.0188679
31718,53,52,0.0188679
31720,53,52,0.0188679
31722,53,52,0.0188679
31725,53,52,0.0188679
31728,53,52,0.0188679
31729,53,52,0.0188679
31730,53,52,0.0188679
31732,53,52,0.0188679
31733,53,52,0.0188679
31734,53,52,0.0188679
31736,53,52,0.0188679
31739,53,52,0.0188679
31742,53,52,0.0188679
31745,53,52,0.0188679
31747,53,52,0.0188679
31754,53,52,0.0188679
31755,53,52,0.0188679
31756,53,52,0.0188679
31758,53,52,0.0188679
31760,53,52,0.0188679
31761,53,52,0.0188679
31762,53,52,0.0188679
31764,53,52,0.0188679
31765,53,52,0.0188679
31766,53,52,0.0188679
31769,53,52,0.0188679
31771,53,52,0.0188679
31774,53,52,0.0188679
31776,53,52,0.0188679
31777,53,52,0.0188679
31778,53,52,0.0188679
31779,53,52,0.0188679
31781,53,52,0.0188679
31782,53,52,0.0188679
31783,53,52,0.0188679
31789,53,52,0.0188679
31790,53,52,0.0188679
31791,53,52,0.0188679
31793,53,52,0.0188679
31794,53,52,0.0188679
31795,53,52,0.0188679
31796,53,52,0.0188679
31799,53,52,0.0188679
31802,53,52,0.0188679
31805,53,52,0.0188679
31807,53,52,0.0188679
31808,53,52,0.0188679
31809,53,52,0.0188679
31810,53,52,0.0188679
31811,53,52,0.0188679
31814,53,52,0.0188679
31815,53,52,0.0188679
31817,53,52,0.0188679
31820,53,52,0.0188679
31821,53,52,0.0188679
31826,53,52,0.0188679
31829,53,52,0.0188679
31831,53,52,0.0188679
31833,53,52,0.0188679
31834,53,52,0.0188679
31838,53,52,0.0188679
31840,53,52,0.0188679
31844,53,52,0.0188679
31847,53,52,0.0188679
31848,53,52,0.0188679
31856,53,52,0.0188679
31857,53,52,0.0188679
31859,53,52,0.0188679
31860,53,52,0.0188679
31861,53,52,0.0188679
31863,53,52,0.0188679
31868,53,52,0.0188679
31870,53,52,0.0188679
31873,53,52,0.0188679
31875,53,52,0.0188679
31876,53,52,0.0188679
31878,53,52,0.0188679
31879,53,52,0.0188679
31880,53,52,0.0188679
31881,53,52,0.0188679
31886,53,52,0.0188679
31888,53,52,0.0188679
31891,53,52,0.0188679
31892,53,52,0.0188679
31894,53,52,0.0188679
31897,53,52,0.0188679
31901,53,52,0.0188679
31904,53,52,0.0188679
31905,53,52,0.0188679
31907,53,52,0.0188679
31909,53,52,0.0188679
31913,53,52,0.0188679
31914,53,52,0.0188679
31915,53,52,0.0188679
31917,53,52,0.0188679
31919,53,52,0.0188679
31925,53,52,0.0188679
31928,53,52,0.0188679
31929,53,52,0.0188679
31931,53,52,0.0188679
31935,53,52,0.0188679
31937,53,52,0.0188679
31942,53,52,0.0188679
31944,53,52,0.0188679
31946,53,52,0.0188679
31949,53,52,0.0188679
31950,53,52,0.0188679
31953,53,52,0.0188679
31956,53,52,0.0188679
31962,53,52,0.0188679
31963,53,52,0.0188679
31964,53,52,0.0188679
31965,53,52,0.0188679
31967,53,52,0.0188679
31968,53,52,0.0188679
31969,53,52,0.0188679
31973,53,52,0.0188679
31974,53,52,0.0188679
31975,53,52,0.0188679
31976,53,52,0.0188679
31977,53,52,0.0188679
31978,53,52,0.0188679
31979,53,52,0.0188679
31980,53,52,0.0188679
31982,53,52,0.0188679
31983,53,52,0.0188679
31985,53,52,0.0188679
31986,53,52,0.0188679
31987,53,52,0.0188679
31988,53,52,0.0188679
31990,53,52,0.0188679
31994,53,52,0.0188679
31996,53,52,0.0188679
31997,53,52,0.0188679
31998,53,52,0.0188679
31999,53,52,0.0188679
32001,53,52,0.0188679
32002,53,52,0.0188679
32007,53,52,0.0188679
32008,53,52,0.0188679
32012,53,52,0.0188679
32014,53,52,0.0188679
32015,53,52,0.0188679
32016,53,52,0.0188679
32018,53,52,0.0188679
32022,53,52,0.0188679
32024,53,52,0.0188679
32026,53,52,0.0188679
32030,53,52,0.0188679
32032,53,52,0.0188679
32033,53,52,0.0188679
32039,53,52,0.0188679
32040,53,52,0.0188679
32045,53,52,0.0188679
32046,53,52,0.0188679
32051,53,52,0.0188679
32053,53,52,0.0188679
32054,53,52,0.0188679
32055,53,52,0.0188679
32056,53,52,0.0188679
32061,53,52,0.0188679
32063,53,52,0.0188679
32064,53,52,0.0188679
32065,53,52,0.0188679
32067,53,52,0.0188679
32069,53,52,0.0188679
32070,53,52,0.0188679
32072,53,52,0.0188679
32074,53,52,0.0188679
32075,53,52,0.0188679
32076,53,52,0.0188679
32077,53,52,0.0188679
32078,53,52,0.0188679
32079,53,52,0.0188679
32080,53,52,0.0188679
32084,53,52,0.0188679
32085,53,52,0.0188679
32086,53,52,0.0188679
32087,53,52,0.0188679
32091,53,52,0.0188679
32092,53,52,0.0188679
32093,53,52,0.0188679
32094,53,52,0.0188679
32096,53,52,0.0188679
32098,53,52,0.0188679
32099,53,52,0.0188679
32100,53,52,0.0188679
32101,53,52,0.0188679
32103,53,52,0.0188679
32104,53,52,0.0188679
32106,53,52,0.0188679
32107,53,52,0.0188679
32109,53,52,0.0188679
32113,53,52,0.0188679
32116,53,52,0.0188679
32117,53,52,0.0188679
32119,53,52,0.0188679
32122,53,52,0.0188679
32124,53,52,0.0188679
32125,53,52,0.0188679
32126,53,52,0.0188679
32127,53,52,0.0188679
32128,53,52,0.0188679
32129,53,52,0.0188679
32130,53,52,0.0188679
32132,53,52,0.0188679
32135,53,52,0.0188679
32136,53,52,0.0188679
32137,53,52,0.0188679
32141,53,52,0.0188679
32142,53,52,0.0188679
32143,53,52,0.0188679
32144,53,52,0.0188679
32145,53,52,0.0188679
32147,53,52,0.0188679
32150,53,52,0.0188679
32151,53,52,0.0188679
32153,53,52,0.0188679
32154,53,52,0.0188679
32155,53,52,0.0188679
32158,53,52,0.0188679
32161,53,52,0.0188679
32164,53,52,0.0188679
32173,53,52,0.0188679
32177,53,52,0.0188679
32179,53,52,0.0188679
32187,53,52,0.0188679
32189,53,52,0.0188679
32190,53,52,0.0188679
32197,53,52,0.0188679
32199,53,52,0.0188679
32203,53,52,0.0188679
32206,53,52,0.0188679
32207,53,52,0.0188679
32208,53,52,0.0188679
32209,53,52,0.0188679
32213,53,52,0.0188679
32215,53,52,0.0188679
32217,53,52,0.0188679
32220,53,52,0.0188679
32226,53,52,0.0188679
32231,53,52,0.0188679
32236,53,52,0.0188679
32240,53,52,0.0188679
32242,53,52,0.0188679
32244,53,52,0.0188679
32248,53,52,0.0188679
32250,53,52,0.0188679
32256,53,52,0.0188679
32257,53,52,0.0188679
32259,53,52,0.0188679
32263,53,52,0.0188679
32265,53,52,0.0188679
32267,53,52,0.0188679
32271,53,52,0.0188679
32273,53,52,0.0188679
32275,53,52,0.0188679
32277,53,52,0.0188679
32279,53,52,0.0188679
32281,53,52,0.0188679
32285,53,52,0.0188679
32288,53,52,0.0188679
32291,53,52,0.0188679
32292,53,52,0.0188679
32297,53,52,0.0188679
32298,53,52,0.0188679
32300,53,52,0.0188679
32302,53,52,0.0188679
32304,53,52,0.0188679
32306,53,52,0.0188679
32307,53,52,0.0188679
32309,53,52,0.0188679
32311,53,52,0.0188679
32313,53,52,0.0188679
32314,53,52,0.0188679
32316,53,52,0.0188679
32319,53,52,0.0188679
32322,53,52,0.0188679
32325,53,52,0.0188679
32327,53,52,0.0188679
32329,53,52,0.0188679
32331,53,52,0.0188679
32333,53,52,0.0188679
32335,53,52,0.0188679
32337,53,52,0.0188679
32339,53,52,0.0188679
32343,53,52,0.0188679
32346,53,52,0.0188679
32348,53,52,0.0188679
32351,53,52,0.0188679
32353,53,52,0.0188679
32359,53,52,0.0188679
32361,53,52,0.0188679
32362,53,52,0.0188679
32364,53,52,0.0188679
32365,53,52,0.0188679
32368,53,52,0.0188679
32373,53,52,0.0188679
32376,53,52,0.0188679
32380,53,52,0.0188679
32382,53,52,0.0188679
32384,53,52,0.0188679
32387,53,52,0.0188679
32389,53,52,0.0188679
32390,53,52,0.0188679
32391,53,52,0.0188679
32392,53,52,0.0188679
32393,53,52,0.0188679
32395,53,52,0.0188679
32396,53,52,0.0188679
32397,53,52,0.0188679
32398,53,52,0.0188679
32399,53,52,0.0188679
32401,53,52,0.0188679
32402,53,52,0.0188679
32405,53,52,0.0188679
32409,53,52,0.0188679
32411,53,52,0.0188679
32412,53,52,0.0188679
32413,53,52,0.0188679
32414,53,52,0.0188679
32415,53,52,0.0188679
32416,53,52,0.0188679
32417,53,52,0.0188679
32418,53,52,0.0188679
32420,53,52,0.0188679
32421,53,52,0.0188679
32422,53,52,0.0188679
32424,53,52,0.0188679
32425,53,52,0.0188679
32430,53,52,0.0188679
32431,53,52,0.0188679
32433,53,52,0.0188679
32434,53,52,0.0188679
32435,53,52,0.0188679
32436,53,52,0.0188679
32438,53,52,0.0188679
32440,53,52,0.0188679
32441,53,52,0.0188679
32443,53,52,0.0188679
32444,53,52,0.0188679
32445,53,52,0.0188679
32446,53,52,0.0188679
32450,53,52,0.0188679
32452,53,52,0.0188679
32453,53,52,0.0188679
32454,53,52,0.0188679
32456,53,52,0.0188679
32458,53,52,0.0188679
32460,53,52,0.0188679
32462,53,52,0.0188679
32467,53,52,0.0188679
32471,53,52,0.0188679
32472,53,52,0.0188679
32476,53,52,0.0188679
32478,53,52,0.0188679
32480,53,52,0.0188679
32484,53,52,0.0188679
32486,53,52,0.0188679
32489,53,52,0.0188679
32493,53,52,0.0188679
32495,53,52,0.0188679
32500,53,52,0.0188679
32502,53,52,0.0188679
32511,53,52,0.0188679
32514,53,52,0.0188679
32515,53,52,0.0188679
32517,53,52,0.0188679
32519,53,52,0.0188679
32520,53,52,0.0188679
32524,53,52,0.0188679
32525,53,52,0.0188679
32526,53,52,0.0188679
32528,53,52,0.0188679
32531,53,52,0.0188679
32532,53,52,0.0188679
32533,53,52,0.0188679
32534,53,52,0.0188679
32538,53,52,0.0188679
32540,53,52,0.0188679
32546,53,52,0.0188679
32548,53,52,0.0188679
32549,53,52,0.0188679
32550,53,52,0.0188679
32553,53,52,0.0188679
32554,53,52,0.0188679
32555,53,52,0.0188679
32556,53,52,0.0188679
32558,53,52,0.0188679
32561,53,52,0.0188679
32568,53,52,0.0188679
32571,53,52,0.0188679
32572,53,52,0.0188679
32574,53,52,0.0188679
32576,53,52,0.0188679
32577,53,52,0.0188679
32579,53,52,0.0188679
32580,53,52,0.0188679
32581,53,52,0.0188679
32583,53,52,0.0188679
32584,53,52,0.0188679
32592,53,52,0.0188679
32594,53,52,0.0188679
32595,53,52,0.0188679
32596,53,52,0.0188679
32597,53,52,0.0188679
32598,53,52,0.0188679
32599,53,52,0.0188679
32602,53,52,0.0188679
32603,53,52,0.0188679
32604,53,52,0.0188679
32605,53,52,0.0188679
32609,53,52,0.0188679
32610,53,52,0.0188679
32612,53,52,0.0188679
32613,53,52,0.0188679
32616,53,52,0.0188679
32617,53,52,0.0188679
32619,53,52,0.0188679
32620,53,52,0.0188679
32621,53,52,0.0188679
32622,53,52,0.0188679
32624,53,52,0.0188679
32625,53,52,0.0188679
32626,53,52,0.0188679
32628,53,52,0.0188679
32629,53,52,0.0188679
32630,53,52,0.0188679
32633,53,52,0.0188679
32634,53,52,0.0188679
32636,53,52,0.0188679
32640,53,52,0.0188679
32642,53,52,0.0188679
32648,53,52,0.0188679
32657,53,52,0.0188679
32658,53,52,0.0188679
32660,53,52,0.0188679
32662,53,52,0.0188679
32663,53,52,0.0188679
32665,53,52,0.0188679
32666,53,52,0.0188679
32668,53,52,0.0188679
32670,53,52,0.0188679
32672,53,52,0.0188679
32673,53,52,0.0188679
32677,53,52,0.0188679
32679,53,52,0.0188679
32680,53,52,0.0188679
32681,53,52,0.0188679
32686,53,52,0.0188679
32688,53,52,0.0188679
32689,53,52,0.0188679
32693,53,52,0.0188679
32694,53,52,0.0188679
32695,53,52,0.0188679
32700,53,52,0.0188679
32701,53,52,0.0188679
32702,53,52,0.0188679
32704,53,52,0.0188679
32706,53,52,0.0188679
32707,53,52,0.0188679
32709,53,52,0.0188679
32712,53,52,0.0188679
32714,53,52,0.0188679
32715,53,52,0.0188679
32716,53,52,0.0188679
32723,53,52,0.0188679
32725,53,52,0.0188679
32727,53,52,0.0188679
32729,53,52,0.0188679
32731,53,52,0.0188679
32732,53,52,0.0188679
32733,53,52,0.0188679
32734,53,52,0.0188679
32735,53,52,0.0188679
32737,53,52,0.0188679
32739,53,52,0.0188679
32740,53,52,0.0188679
32741,53,52,0.0188679
32743,53,52,0.0188679
32744,53,52,0.0188679
32745,53,52,0.0188679
32746,53,52,0.0188679
32753,53,52,0.0188679
32755,53,52,0.0188679
32756,53,52,0.0188679
32757,53,52,0.0188679
32758,53,52,0.0188679
32759,53,52,0.0188679
32760,53,52,0.0188679
32762,53,52,0.0188679
32763,53,52,0.0188679
32764,53,52,0.0188679
32765,53,52,0.0188679
32766,53,52,0.0188679
32768,53,52,0.0188679
32770,53,52,0.0188679
32771,53,52,0.0188679
32773,53,52,0.0188679
32774,53,52,0.0188679
32775,53,52,0.0188679
32777,53,52,0.0188679
32778,53,52,0.0188679
32780,53,52,0.0188679
32781,53,52,0.0188679
32783,53,52,0.0188679
32784,53,52,0.0188679
32786,53,52,0.0188679
32787,53,52,0.0188679
32790,53,52,0.0188679
32791,53,52,0.0188679
32792,53,52,0.0188679
32793,53,52,0.0188679
32794,53,52,0.0188679
32795,53,52,0.0188679
32797,53,52,0.0188679
32806,53,52,0.0188679
32807,53,52,0.0188679
32808,53,52,0.0188679
32810,53,52,0.0188679
32815,53,52,0.0188679
32817,53,52,0.0188679
32820,53,52,0.0188679
32821,53,52,0.0188679
32822,53,52,0.0188679
32823,53,52,0.0188679
32824,53,52,0.0188679
32826,53,52,0.0188679
32827,53,52,0.0188679
32828,53,52,0.0188679
32830,53,52,0.0188679
32831,53,52,0.0188679
32832,53,52,0.0188679
32833,53,52,0.0188679
32834,53,52,0.0188679
32835,53,52,0.0188679
32837,53,52,0.0188679
32838,53,52,0.0188679
32840,53,52,0.0188679
32842,53,52,0.0188679
32844,53,52,0.0188679
32845,53,52,0.0188679
32846,53,52,0.0188679
32848,53,52,0.0188679
32849,53,52,0.0188679
32850,53,52,0.0188679
32852,53,52,0.0188679
32855,53,52,0.0188679
32856,53,52,0.0188679
32858,53,52,0.0188679
32859,53,52,0.0188679
32860,53,52,0.0188679
32861,53,52,0.0188679
32863,53,52,0.0188679
32864,53,52,0.0188679
32866,53,52,0.0188679
32867,53,52,0.0188679
32868,53,52,0.0188679
32869,53,52,0.0188679
32870,53,52,0.0188679
32872,53,52,0.0188679
32873,53,52,0.0188679
32875,53,52,0.0188679
32876,53,52,0.0188679
32877,53,52,0.0188679
32879,53,52,0.0188679
32880,53,52,0.0188679
32881,53,52,0.0188679
32882,53,52,0.0188679
32885,53,52,0.0188679
32887,53,52,0.0188679
32888,53,52,0.0188679
32890,53,52,0.0188679
32893,53,52,0.0188679
32896,53,52,0.0188679
32897,53,52,0.0188679
32898,53,52,0.0188679
32899,53,52,0.0188679
32901,53,52,0.0188679
32904,53,52,0.0188679
32906,53,52,0.0188679
32908,53,52,0.0188679
32910,53,52,0.0188679
32911,53,52,0.0188679
32913,53,52,0.0188679
32914,53,52,0.0188679
32915,53,52,0.0188679
32918,53,52,0.0188679
32919,53,52,0.0188679
32921,53,52,0.0188679
32922,53,52,0.0188679
32923,53,52,0.0188679
32925,53,52,0.0188679
32926,53,52,0.0188679
32927,53,52,0.0188679
32928,53,52,0.0188679
32929,53,52,0.0188679
32930,53,52,0.0188679
32931,53,52,0.0188679
32933,53,52,0.0188679
32934,53,52,0.0188679
32937,53,52,0.0188679
32940,53,52,0.0188679
32941,53,52,0.0188679
32942,53,52,0.0188679
32943,53,52,0.0188679
32944,53,52,0.0188679
32946,53,52,0.0188679
32948,53,52,0.0188679
32953,53,52,0.0188679
32956,53,52,0.0188679
32962,53,52,0.0188679
32964,53,52,0.0188679
32965,53,52,0.0188679
32966,53,52,0.0188679
32967,53,52,0.0188679
32971,53,52,0.0188679
32972,53,52,0.0188679
32974,53,52,0.0188679
32975,53,52,0.0188679
32978,53,52,0.0188679
32979,53,52,0.0188679
32981,53,52,0.0188679
32982,53,52,0.0188679
32985,53,52,0.0188679
32986,53,52,0.0188679
32988,53,52,0.0188679
32989,53,52,0.0188679
32990,53,52,0.0188679
32991,53,52,0.0188679
32993,53,52,0.0188679
32994,53,52,0.0188679
32995,53,52,0.0188679
32996,53,52,0.0188679
32997,53,52,0.0188679
32998,53,52,0.0188679
33002,53,52,0.0188679
33003,53,52,0.0188679
33004,53,52,0.0188679
33005,53,52,0.0188679
33006,53,52,0.0188679
33007,53,52,0.0188679
33009,53,52,0.0188679
33011,53,52,0.0188679
33012,53,52,0.0188679
33014,53,52,0.0188679
33015,53,52,0.0188679
33016,53,52,0.0188679
33018,53,52,0.0188679
33019,53,52,0.0188679
33021,53,52,0.0188679
33024,53,52,0.0188679
33025,53,52,0.0188679
33026,53,52,0.0188679
33027,53,52,0.0188679
33028,53,52,0.0188679
33029,53,52,0.0188679
33031,53,52,0.0188679
33032,53,52,0.0188679
33033,53,52,0.0188679
33034,53,52,0.0188679
33035,53,52,0.0188679
33037,53,52,0.0188679
33038,53,52,0.0188679
33040,53,52,0.0188679
33042,53,52,0.0188679
33043,53,52,0.0188679
33045,53,52,0.0188679
33047,53,52,0.0188679
33050,53,52,0.0188679
33051,53,52,0.0188679
33052,53,52,0.0188679
33053,53,52,0.0188679
33055,53,52,0.0188679
33056,53,52,0.0188679
33058,53,52,0.0188679
33059,53,52,0.0188679
33060,53,52,0.0188679
33062,53,52,0.0188679
33063,53,52,0.0188679
33066,53,52,0.0188679
33068,53,52,0.0188679
33069,53,52,0.0188679
33071,53,52,0.0188679
33072,53,52,0.0188679
33074,53,52,0.0188679
33076,53,52,0.0188679
33077,53,52,0.0188679
33078,53,52,0.0188679
33080,53,52,0.0188679
33081,53,52,0.0188679
33082,53,52,0.0188679
33083,53,52,0.0188679
33084,53,52,0.0188679
33085,53,52,0.0188679
33087,53,52,0.0188679
33089,53,52,0.0188679
33091,53,52,0.0188679
33092,53,52,0.0188679
33093,53,52,0.0188679
33094,53,52,0.0188679
33096,53,52,0.0188679
33097,53,52,0.0188679
33098,53,52,0.0188679
33099,53,52,0.0188679
33104,53,52,0.0188679
33105,53,52,0.0188679
33108,53,52,0.0188679
33111,53,52,0.0188679
33112,53,52,0.0188679
33113,53,52,0.0188679
33114,53,52,0.0188679
33116,53,52,0.0188679
33118,53,52,0.0188679
33119,53,52,0.0188679
33120,53,52,0.0188679
33121,53,52,0.0188679
33122,53,52,0.0188679
33123,53,52,0.0188679
33127,53,52,0.0188679
33128,53,52,0.0188679
33130,53,52,0.0188679
33131,53,52,0.0188679
33134,53,52,0.0188679
33142,53,52,0.0188679
33143,53,52,0.0188679
33144,53,52,0.0188679
33145,53,52,0.0188679
33147,53,52,0.0188679
33149,53,52,0.0188679
33152,53,52,0.0188679
33156,53,52,0.0188679
33159,53,52,0.0188679
33161,53,52,0.0188679
33164,53,52,0.0188679
33165,53,52,0.0188679
33167,53,52,0.0188679
33168,53,52,0.0188679
33169,53,52,0.0188679
33170,53,52,0.0188679
33171,53,52,0.0188679
33172,53,52,0.0188679
33174,53,52,0.0188679
33177,53,52,0.0188679
33178,53,52,0.0188679
33179,53,52,0.0188679
33180,53,52,0.0188679
33181,53,52,0.0188679
33182,53,52,0.0188679
33184,53,52,0.0188679
33185,53,52,0.0188679
33186,53,52,0.0188679
33187,53,52,0.0188679
33188,53,52,0.0188679
33189,53,52,0.0188679
33190,53,52,0.0188679
33191,53,52,0.0188679
33192,53,52,0.0188679
33194,53,52,0.0188679
33199,53,52,0.0188679
33200,53,52,0.0188679
33202,53,52,0.0188679
33203,53,52,0.0188679
33204,53,52,0.0188679
33206,53,52,0.0188679
33207,53,52,0.0188679
33208,53,52,0.0188679
33210,53,52,0.0188679
33211,53,52,0.0188679
33214,53,52,0.0188679
33215,53,52,0.0188679
33217,53,52,0.0188679
33218,53,52,0.0188679
33219,53,52,0.0188679
33221,53,52,0.0188679
33222,53,52,0.0188679
33223,53,52,0.0188679
33224,53,52,0.0188679
33225,53,52,0.0188679
33226,53,52,0.0188679
33227,53,52,0.0188679
33228,53,52,0.0188679
33229,53,52,0.0188679
33232,53,52,0.0188679
33237,53,52,0.0188679
33238,53,52,0.0188679
33239,53,52,0.0188679
33241,53,52,0.0188679
33243,53,52,0.0188679
33244,53,52,0.0188679
33245,53,52,0.0188679
33246,53,52,0.0188679
33247,53,52,0.0188679
33251,53,52,0.0188679
33255,53,52,0.0188679
33256,53,52,0.0188679
33257,53,52,0.0188679
33259,53,52,0.0188679
33263,53,52,0.0188679
33267,53,52,0.0188679
33268,53,52,0.0188679
33271,53,52,0.0188679
33276,53,52,0.0188679
33278,53,52,0.0188679
33279,53,52,0.0188679
33280,53,52,0.0188679
33281,53,52,0.0188679
33282,53,52,0.0188679
33284,53,52,0.0188679
33285,53,52,0.0188679
33286,53,52,0.0188679
33287,53,52,0.0188679
33288,53,52,0.0188679
33289,53,52,0.0188679
33291,53,52,0.0188679
33296,53,52,0.0188679
33298,53,52,0.0188679
33300,53,52,0.0188679
33302,53,52,0.0188679
33303,53,52,0.0188679
33305,53,52,0.0188679
33306,53,52,0.0188679
33308,53,52,0.0188679
33309,53,52,0.0188679
33310,53,52,0.0188679
33312,53,52,0.0188679
33313,53,52,0.0188679
33315,53,52,0.0188679
33316,53,52,0.0188679
33317,53,52,0.0188679
33319,53,52,0.0188679
33321,53,52,0.0188679
33322,53,52,0.0188679
33323,53,52,0.0188679
33329,53,52,0.0188679
33330,53,52,0.0188679
33335,53,52,0.0188679
33337,53,52,0.0188679
33348,53,52,0.0188679
33352,53,52,0.0188679
33359,53,52,0.0188679
33363,53,52,0.0188679
33364,53,52,0.0188679
33366,53,52,0.0188679
33368,53,52,0.0188679
33369,53,52,0.0188679
33371,53,52,0.0188679
33375,53,52,0.0188679
33377,53,52,0.0188679
33378,53,52,0.0188679
33379,53,52,0.0188679
33382,53,52,0.0188679
33383,53,52,0.0188679
33386,53,52,0.0188679
33388,53,52,0.0188679
33390,53,52,0.0188679
33393,53,52,0.0188679
33394,53,52,0.0188679
33396,53,52,0.0188679
33397,53,52,0.0188679
33398,53,52,0.0188679
33399,53,52,0.0188679
33401,53,52,0.0188679
33403,53,52,0.0188679
33405,53,52,0.0188679
33407,53,52,0.0188679
33409,53,52,0.0188679
33411,53,52,0.0188679
33412,53,52,0.0188679
33413,53,52,0.0188679
33414,53,52,0.0188679
33417,53,52,0.0188679
33419,53,52,0.0188679
33421,53,52,0.0188679
33423,53,52,0.0188679
33425,53,52,0.0188679
33426,53,52,0.0188679
33427,53,52,0.0188679
33428,53,52,0.0188679
33429,53,52,0.0188679
33430,53,52,0.0188679
33435,53,52,0.0188679
33438,53,52,0.0188679
33441,53,52,0.0188679
33443,53,52,0.0188679
33444,53,52,0.0188679
33445,53,52,0.0188679
33447,53,52,0.0188679
33448,53,52,0.0188679
33450,53,52,0.0188679
33451,53,52,0.0188679
33453,53,52,0.0188679
33454,53,52,0.0188679
33458,53,52,0.0188679
33459,53,52,0.0188679
33460,53,52,0.0188679
33462,53,52,0.0188679
33464,53,52,0.0188679
33465,53,52,0.0188679
33469,53,52,0.0188679
33471,53,52,0.0188679
33476,53,52,0.0188679
33478,53,52,0.0188679
33479,53,52,0.0188679
33481,53,52,0.0188679
33483,53,52,0.0188679
33485,53,52,0.0188679
33486,53,52,0.0188679
33487,53,52,0.0188679
33488,53,52,0.0188679
33490,53,52,0.0188679
33493,53,52,0.0188679
33494,53,52,0.0188679
33495,53,52,0.0188679
33496,53,52,0.0188679
33498,53,52,0.0188679
33499,53,52,0.0188679
33500,53,52,0.0188679
33501,53,52,0.0188679
33503,53,52,0.0188679
33510,53,52,0.0188679
33511,53,52,0.0188679
33516,53,52,0.0188679
33517,53,52,0.0188679
33519,53,52,0.0188679
33521,53,52,0.0188679
33525,53,52,0.0188679
33526,53,52,0.0188679
33528,53,52,0.0188679
33532,53,52,0.0188679
33535,53,52,0.0188679
33541,53,52,0.0188679
33543,53,52,0.0188679
33544,53,52,0.0188679
33545,53,52,0.0188679
33547,53,52,0.0188679
33548,53,52,0.0188679
33549,53,52,0.0188679
33550,53,52,0.0188679
33551,53,52,0.0188679
33553,53,52,0.0188679
33555,53,52,0.0188679
33556,53,52,0.0188679
33558,53,52,0.0188679
33559,53,52,0.0188679
33560,53,52,0.0188679
33562,53,52,0.0188679
33563,53,52,0.0188679
33564,53,52,0.0188679
33565,53,52,0.0188679
33566,53,52,0.0188679
33567,53,52,0.0188679
33571,53,52,0.0188679
33574,53,52,0.0188679
33575,53,52,0.0188679
33577,53,52,0.0188679
33580,53,52,0.0188679
33581,53,52,0.0188679
33582,53,52,0.0188679
33583,53,52,0.0188679
33584,53,52,0.0188679
33586,53,52,0.0188679
33587,53,52,0.0188679
33588,53,52,0.0188679
33590,53,52,0.0188679
33592,53,52,0.0188679
33594,53,52,0.0188679
33595,53,52,0.0188679
33596,53,52,0.0188679
33597,53,52,0.0188679
33598,53,52,0.0188679
33602,53,52,0.0188679
33603,53,52,0.0188679
33607,53,52,0.0188679
33609,53,52,0.0188679
33610,53,52,0.0188679
33611,53,52,0.0188679
33613,53,52,0.0188679
33614,53,52,0.0188679
33617,53,52,0.0188679
33618,53,52,0.0188679
33620,53,52,0.0188679
33623,53,52,0.0188679
33625,53,52,0.0188679
33630,53,52,0.0188679
33635,53,52,0.0188679
33640,53,52,0.0188679
33641,53,52,0.0188679
33643,53,52,0.0188679
33644,53,52,0.0188679
33645,53,52,0.0188679
33647,53,52,0.0188679
33648,53,52,0.0188679
33653,53,52,0.0188679
33655,53,52,0.0188679
33656,53,52,0.0188679
33659,53,52,0.0188679
33661,53,52,0.0188679
33666,53,52,0.0188679
33667,53,52,0.0188679
33670,53,52,0.0188679
33672,53,52,0.0188679
33675,53,52,0.0188679
33676,53,52,0.0188679
33677,53,52,0.0188679
33680,53,52,0.0188679
33681,53,52,0.0188679
33683,53,52,0.0188679
33684,53,52,0.0188679
33685,53,52,0.0188679
33687,53,52,0.0188679
33689,53,52,0.0188679
33691,53,52,0.0188679
33692,53,52,0.0188679
33693,53,52,0.0188679
33695,53,52,0.0188679
33696,53,52,0.0188679
33699,53,52,0.0188679
33700,53,52,0.0188679
33701,53,52,0.0188679
33703,53,52,0.0188679
33704,53,52,0.0188679
33705,53,52,0.0188679
33706,53,52,0.0188679
33707,53,52,0.0188679
33708,53,52,0.0188679
33710,53,52,0.0188679
33712,53,52,0.0188679
33713,53,52,0.0188679
33714,53,52,0.0188679
33716,53,52,0.0188679
33717,53,52,0.0188679
33718,53,52,0.0188679
33720,53,52,0.0188679
33721,53,52,0.0188679
33723,53,52,0.0188679
33724,53,52,0.0188679
33725,53,52,0.0188679
33726,53,52,0.0188679
33727,53,52,0.0188679
33729,53,52,0.0188679
33735,53,52,0.0188679
33738,53,52,0.0188679
33740,53,52,0.0188679
33742,53,52,0.0188679
33744,53,52,0.0188679
33745,53,52,0.0188679
33749,53,52,0.0188679
33750,53,52,0.0188679
33753,53,52,0.0188679
33757,53,52,0.0188679
33758,53,52,0.0188679
33759,53,52,0.0188679
33760,53,52,0.0188679
33761,53,52,0.0188679
33763,53,52,0.0188679
33764,53,52,0.0188679
33765,53,52,0.0188679
33766,53,52,0.0188679
33768,53,52,0.0188679
33777,53,52,0.0188679
33782,53,52,0.0188679
33783,53,52,0.0188679
33785,53,52,0.0188679
33789,53,52,0.0188679
33790,53,52,0.0188679
33795,53,52,0.0188679
33797,53,52,0.0188679
33801,53,52,0.0188679
33808,53,52,0.0188679
33809,53,52,0.0188679
33811,53,52,0.0188679
33812,53,52,0.0188679
33815,53,52,0.0188679
33816,53,52,0.0188679
33817,53,52,0.0188679
33819,53,52,0.0188679
33820,53,52,0.0188679
33822,53,52,0.0188679
33823,53,52,0.0188679
33824,53,52,0.0188679
33826,53,52,0.0188679
33827,53,52,0.0188679
33828,53,52,0.0188679
33829,53,52,0.0188679
33830,53,52,0.0188679
33831,53,52,0.0188679
33833,53,52,0.0188679
33835,53,52,0.0188679
33838,53,52,0.0188679
33839,53,52,0.0188679
33841,53,52,0.0188679
33844,53,52,0.0188679
33847,53,52,0.0188679
33850,53,52,0.0188679
33854,53,52,0.0188679
33859,53,52,0.0188679
33862,53,52,0.0188679
33864,53,52,0.0188679
33866,53,52,0.0188679
33867,53,52,0.0188679
33868,53,52,0.0188679
33869,53,52,0.0188679
33871,53,52,0.0188679
33873,53,52,0.0188679
33875,53,52,0.0188679
33876,53,52,0.0188679
33879,53,52,0.0188679
33880,53,52,0.0188679
33881,53,52,0.0188679
33882,53,52,0.0188679
33883,53,52,0.0188679
33884,53,52,0.0188679
33886,53,52,0.0188679
33890,53,52,0.0188679
33893,53,52,0.0188679
33894,53,52,0.0188679
33895,53,52,0.0188679
33896,53,52,0.0188679
33897,53,52,0.0188679
33898,53,52,0.0188679
33900,53,52,0.0188679
33901,53,52,0.0188679
33902,53,52,0.0188679
33903,53,52,0.0188679
33906,53,52,0.0188679
33912,53,52,0.0188679
33913,53,52,0.0188679
33917,53,52,0.0188679
33918,53,52,0.0188679
33923,53,52,0.0188679
33925,53,52,0.0188679
33926,53,52,0.0188679
33930,53,52,0.0188679
33933,53,52,0.0188679
33939,53,52,0.0188679
33941,53,52,0.0188679
33945,53,52,0.0188679
33947,53,52,0.0188679
33948,53,52,0.0188679
33953,53,52,0.0188679
33954,53,52,0.0188679
33955,53,52,0.0188679
33957,53,52,0.0188679
33958,53,52,0.0188679
33959,53,52,0.0188679
33960,53,52,0.0188679
33961,53,52,0.0188679
33962,53,52,0.0188679
33963,53,52,0.0188679
33965,53,52,0.0188679
33966,53,52,0.0188679
33967,53,52,0.0188679
33969,53,52,0.0188679
33970,53,52,0.0188679
33973,53,52,0.0188679
33974,53,52,0.0188679
33975,53,52,0.0188679
33977,53,52,0.0188679
33978,53,52,0.0188679
33979,53,52,0.0188679
33980,53,52,0.0188679
33984,53,52,0.0188679
33987,53,52,0.0188679
33988,53,52,0.0188679
33989,53,52,0.0188679
33990,53,52,0.0188679
33991,53,52,0.0188679
33993,53,52,0.0188679
33994,53,52,0.0188679
34002,53,52,0.0188679
34004,53,52,0.0188679
34005,53,52,0.0188679
34007,53,52,0.0188679
34008,53,52,0.0188679
34011,53,52,0.0188679
34014,53,52,0.0188679
34015,53,52,0.0188679
34016,53,52,0.0188679
34017,53,52,0.0188679
34018,53,52,0.0188679
34020,53,52,0.0188679
34023,53,52,0.0188679
34024,53,52,0.0188679
34026,53,52,0.0188679
34027,53,52,0.0188679
34028,53,52,0.0188679
34029,53,52,0.0188679
34030,53,52,0.0188679
34032,53,52,0.0188679
34035,53,52,0.0188679
34038,53,52,0.0188679
34041,53,52,0.0188679
34042,53,52,0.0188679
34044,53,52,0.0188679
34045,53,52,0.0188679
34048,53,52,0.0188679
34049,53,52,0.0188679
34051,53,52,0.0188679
34053,53,52,0.0188679
34055,53,52,0.0188679
34057,53,52,0.0188679
34058,53,52,0.0188679
34061,53,52,0.0188679
34062,53,52,0.0188679
34063,53,52,0.0188679
34064,53,52,0.0188679
34065,53,52,0.0188679
34067,53,52,0.0188679
34068,53,52,0.0188679
34070,53,52,0.0188679
34071,53,52,0.0188679
34072,53,52,0.0188679
34077,53,52,0.0188679
34079,53,52,0.0188679
34081,53,52,0.0188679
34082,53,52,0.0188679
34083,53,52,0.0188679
34085,53,52,0.0188679
34086,53,52,0.0188679
34088,53,52,0.0188679
34089,53,52,0.0188679
34091,53,52,0.0188679
34092,53,52,0.0188679
34093,53,52,0.0188679
34097,53,52,0.0188679
34098,53,52,0.0188679
34100,53,52,0.0188679
34102,53,52,0.0188679
34105,53,52,0.0188679
34107,53,52,0.0188679
34108,53,52,0.0188679
34109,53,52,0.0188679
34110,53,52,0.0188679
34111,53,52,0.0188679
34112,53,52,0.0188679
34114,53,52,0.0188679
34116,53,52,0.0188679
34119,53,52,0.0188679
34121,53,52,0.0188679
34125,53,52,0.0188679
34127,53,52,0.0188679
34128,53,52,0.0188679
34129,53,52,0.0188679
34131,53,52,0.0188679
34132,53,52,0.0188679
34133,53,52,0.0188679
34135,53,52,0.0188679
34137,53,52,0.0188679
34139,53,52,0.0188679
34141,53,52,0.0188679
34142,53,52,0.0188679
34144,53,52,0.0188679
34145,53,52,0.0188679
34146,53,52,0.0188679
34147,53,52,0.0188679
34149,53,52,0.0188679
34150,53,52,0.0188679
34151,53,52,0.0188679
34153,53,52,0.0188679
34154,53,52,0.0188679
34156,53,52,0.0188679
34158,53,52,0.0188679
34161,53,52,0.0188679
34162,53,52,0.0188679
34163,53,52,0.0188679
34164,53,52,0.0188679
34165,53,52,0.0188679
34166,53,52,0.0188679
34168,53,52,0.0188679
34170,53,52,0.0188679
34171,53,52,0.0188679
34172,53,52,0.0188679
34173,53,52,0.0188679
34174,53,52,0.0188679
34178,53,52,0.0188679
34179,53,52,0.0188679
34180,53,52,0.0188679
34181,53,52,0.0188679
34182,53,52,0.0188679
34184,53,52,0.0188679
34185,53,52,0.0188679
34186,53,52,0.0188679
34187,53,52,0.0188679
34189,53,52,0.0188679
34191,53,52,0.0188679
34192,53,52,0.0188679
34193,53,52,0.0188679
34195,53,52,0.0188679
34196,53,52,0.0188679
34197,53,52,0.0188679
34199,53,52,0.0188679
34201,53,52,0.0188679
34207,53,52,0.0188679
34208,53,52,0.0188679
34212,53,52,0.0188679
34213,53,52,0.0188679
34214,53,52,0.0188679
34215,53,52,0.0188679
34217,53,52,0.0188679
34219,53,52,0.0188679
34220,53,52,0.0188679
34221,53,52,0.0188679
34222,53,52,0.0188679
34223,53,52,0.0188679
34225,53,52,0.0188679
34226,53,52,0.0188679
34227,53,52,0.0188679
34228,53,52,0.0188679
34230,53,52,0.0188679
34231,53,52,0.0188679
34232,53,52,0.0188679
34234,53,52,0.0188679
34235,53,52,0.0188679
34236,53,52,0.0188679
34239,53,52,0.0188679
34241,53,52,0.0188679
34242,53,52,0.0188679
34244,53,52,0.0188679
34245,53,52,0.0188679
34246,53,52,0.0188679
34247,53,52,0.0188679
34249,53,52,0.0188679
34250,53,52,0.0188679
34252,53,52,0.0188679
34253,53,52,0.0188679
34255,53,52,0.0188679
34256,53,52,0.0188679
34257,53,52,0.0188679
34259,53,52,0.0188679
34261,53,52,0.0188679
34263,53,52,0.0188679
34264,53,52,0.0188679
34265,53,52,0.0188679
34274,53,52,0.0188679
34276,53,52,0.0188679
34278,53,52,0.0188679
34279,53,52,0.0188679
34281,53,52,0.0188679
34283,53,52,0.0188679
34284,53,52,0.0188679
34285,53,52,0.0188679
34286,53,52,0.0188679
34288,53,52,0.0188679
34290,53,52,0.0188679
34291,53,52,0.0188679
34292,53,52,0.0188679
34293,53,52,0.0188679
34295,53,52,0.0188679
34296,53,52,0.0188679
34297,53,52,0.0188679
34298,53,52,0.0188679
34300,53,52,0.0188679
34301,53,52,0.0188679
34303,53,52,0.0188679
34309,53,52,0.0188679
34310,53,52,0.0188679
34311,53,52,0.0188679
34312,53,52,0.0188679
34314,53,52,0.0188679
34315,53,52,0.0188679
34320,53,52,0.0188679
34321,53,52,0.0188679
34326,53,52,0.0188679
34327,53,52,0.0188679
34328,53,52,0.0188679
34329,53,52,0.0188679
34330,53,52,0.0188679
34332,53,52,0.0188679
34335,53,52,0.0188679
34342,53,52,0.0188679
34344,53,52,0.0188679
34346,53,52,0.0188679
34348,53,52,0.0188679
34349,53,52,0.0188679
34351,53,52,0.0188679
34353,53,52,0.0188679
34355,53,52,0.0188679
34357,53,52,0.0188679
34359,53,52,0.0188679
34360,53,52,0.0188679
34361,53,52,0.0188679
34364,53,52,0.0188679
34365,53,52,0.0188679
34366,53,52,0.0188679
34367,53,52,0.0188679
34369,53,52,0.0188679
34371,53,52,0.0188679
34375,53,52,0.0188679
34377,53,52,0.0188679
34379,53,52,0.0188679
34380,53,52,0.0188679
34385,53,52,0.0188679
34386,53,52,0.0188679
34388,53,52,0.0188679
34391,53,52,0.0188679
34392,53,52,0.0188679
34393,53,52,0.0188679
34395,53,52,0.0188679
34442,53,52,0.0188679
34444,53,52,0.0188679
34445,53,52,0.0188679
34446,53,52,0.0188679
34450,53,52,0.0188679
34451,53,52,0.0188679
34453,53,52,0.0188679
34455,53,52,0.0188679
34456,53,52,0.0188679
34457,53,52,0.0188679
34458,53,52,0.0188679
34459,53,52,0.0188679
34461,53,52,0.0188679
34462,53,52,0.0188679
34463,53,52,0.0188679
34464,53,52,0.0188679
34466,53,52,0.0188679
34467,53,52,0.0188679
34469,53,52,0.0188679
34470,53,52,0.0188679
34471,53,52,0.0188679
34472,53,52,0.0188679
34474,53,52,0.0188679
34476,53,52,0.0188679
34477,53,52,0.0188679
34479,53,52,0.0188679
34480,53,52,0.0188679
34483,53,52,0.0188679
34484,53,52,0.0188679
34485,53,52,0.0188679
34487,53,52,0.0188679
34488,53,52,0.0188679
34490,53,52,0.0188679
34492,53,52,0.0188679
34493,53,52,0.0188679
34494,53,52,0.0188679
34495,53,52,0.0188679
34499,53,52,0.0188679
34502,53,52,0.0188679
34503,53,52,0.0188679
34504,53,52,0.0188679
34508,53,52,0.0188679
34509,53,52,0.0188679
34511,53,52,0.0188679
34513,53,52,0.0188679
34514,53,52,0.0188679
34519,53,52,0.0188679
34520,53,52,0.0188679
34521,53,52,0.0188679
34524,53,52,0.0188679
34525,53,52,0.0188679
34526,53,52,0.0188679
34527,53,52,0.0188679
34528,53,52,0.0188679
34531,53,52,0.0188679
34533,53,52,0.0188679
34538,53,52,0.0188679
34539,53,52,0.0188679
34541,53,52,0.0188679
34543,53,52,0.0188679
34546,53,52,0.0188679
34548,53,52,0.0188679
34549,53,52,0.0188679
34551,53,52,0.0188679
34553,53,52,0.0188679
34555,53,52,0.0188679
34557,53,52,0.0188679
34558,53,52,0.0188679
34559,53,52,0.0188679
34560,53,52,0.0188679
34561,53,52,0.0188679
34562,53,52,0.0188679
34563,53,52,0.0188679
34565,53,52,0.0188679
34574,53,52,0.0188679
34576,53,52,0.0188679
34577,53,52,0.0188679
34578,53,52,0.0188679
34579,53,52,0.0188679
34581,53,52,0.0188679
34582,53,52,0.0188679
34586,53,52,0.0188679
34588,53,52,0.0188679
34589,53,52,0.0188679
34591,53,52,0.0188679
34593,53,52,0.0188679
34594,53,52,0.0188679
34596,53,52,0.0188679
34597,53,52,0.0188679
34599,53,52,0.0188679
34600,53,52,0.0188679
34601,53,52,0.0188679
34602,53,52,0.0188679
34603,53,52,0.0188679
34605,53,52,0.0188679
34606,53,52,0.0188679
34607,53,52,0.0188679
34611,53,52,0.0188679
34612,53,52,0.0188679
34616,53,52,0.0188679
34617,53,52,0.0188679
34618,53,52,0.0188679
34619,53,52,0.0188679
34623,53,52,0.0188679
34625,53,52,0.0188679
34627,53,52,0.0188679
34631,53,52,0.0188679
34633,53,52,0.0188679
34634,53,52,0.0188679
34635,53,52,0.0188679
34636,53,52,0.0188679
34643,53,52,0.0188679
34645,53,52,0.0188679
34649,53,52,0.0188679
34651,53,52,0.0188679
34653,53,52,0.0188679
34655,53,52,0.0188679
34657,53,52,0.0188679
34658,53,52,0.0188679
34659,53,52,0.0188679
34660,53,52,0.0188679
34662,53,52,0.0188679
34663,53,52,0.0188679
34664,53,52,0.0188679
34665,53,52,0.0188679
34667,53,52,0.0188679
34668,53,52,0.0188679
34669,53,52,0.0188679
34671,53,52,0.0188679
34672,53,52,0.0188679
34673,53,52,0.0188679
34674,53,52,0.0188679
34676,53,52,0.0188679
34677,53,52,0.0188679
34678,53,52,0.0188679
34679,53,52,0.0188679
34680,53,52,0.0188679
34681,53,52,0.0188679
34682,53,52,0.0188679
34683,53,52,0.0188679
34684,53,52,0.0188679
34686,53,52,0.0188679
34688,53,52,0.0188679
34690,53,52,0.0188679
34691,53,52,0.0188679
34692,53,52,0.0188679
34693,53,52,0.0188679
34697,53,52,0.0188679
34699,53,52,0.0188679
34703,53,52,0.0188679
34707,53,52,0.0188679
34710,53,52,0.0188679
34719,53,52,0.0188679
34723,53,52,0.0188679
34728,53,52,0.0188679
34733,53,52,0.0188679
34735,53,52,0.0188679
34736,53,52,0.0188679
34739,53,52,0.0188679
34741,53,52,0.0188679
34742,53,52,0.0188679
34743,53,52,0.0188679
34745,53,52,0.0188679
34747,53,52,0.0188679
34748,53,52,0.0188679
34749,53,52,0.0188679
34751,53,52,0.0188679
34752,53,52,0.0188679
34753,53,52,0.0188679
34755,53,52,0.0188679
34756,53,52,0.0188679
34757,53,52,0.0188679
34759,53,52,0.0188679
34760,53,52,0.0188679
34762,53,52,0.0188679
34764,53,52,0.0188679
34766,53,52,0.0188679
34769,53,52,0.0188679
34773,53,52,0.0188679
34774,53,52,0.0188679
34778,53,52,0.0188679
34784,53,52,0.0188679
34787,53,52,0.0188679
34790,53,52,0.0188679
34792,53,52,0.0188679
34793,53,52,0.0188679
34794,53,52,0.0188679
34795,53,52,0.0188679
34796,53,52,0.0188679
34798,53,52,0.0188679
34801,53,52,0.0188679
34802,53,52,0.0188679
34803,53,52,0.0188679
34807,53,52,0.0188679
34808,53,52,0.0188679
34809,53,52,0.0188679
34813,53,52,0.0188679
34815,53,52,0.0188679
34820,53,52,0.0188679
34823,53,52,0.0188679
34827,53,52,0.0188679
34829,53,52,0.0188679
34832,53,52,0.0188679
34833,53,52,0.0188679
34834,53,52,0.0188679
34835,53,52,0.0188679
34837,53,52,0.0188679
34840,53,52,0.0188679
34842,53,52,0.0188679
34844,53,52,0.0188679
34845,53,52,0.0188679
34846,53,52,0.0188679
34847,53,52,0.0188679
34849,53,52,0.0188679
34851,53,52,0.0188679
34854,53,52,0.0188679
34858,53,52,0.0188679
34860,53,52,0.0188679
34861,53,52,0.0188679
34863,53,52,0.0188679
34866,53,52,0.0188679
34869,53,52,0.0188679
34873,53,52,0.0188679
34875,53,52,0.0188679
34876,53,52,0.0188679
34877,53,52,0.0188679
34878,53,52,0.0188679
34880,53,52,0.0188679
34881,53,52,0.0188679
34882,53,52,0.0188679
34883,53,52,0.0188679
34885,53,52,0.0188679
34888,53,52,0.0188679
34892,53,52,0.0188679
34893,53,52,0.0188679
34895,53,52,0.0188679
34896,53,52,0.0188679
34897,53,52,0.0188679
34898,53,52,0.0188679
34899,53,52,0.0188679
34900,53,52,0.0188679
34904,53,52,0.0188679
34906,53,52,0.0188679
34909,53,52,0.0188679
34913,53,52,0.0188679
34914,53,52,0.0188679
34920,53,52,0.0188679
34922,53,52,0.0188679
34923,53,52,0.0188679
34925,53,52,0.0188679
34927,53,52,0.0188679
34928,53,52,0.0188679
34929,53,52,0.0188679
34931,53,52,0.0188679
34935,53,52,0.0188679
34937,53,52,0.0188679
34938,53,52,0.0188679
34940,53,52,0.0188679
34942,53,52,0.0188679
34944,53,52,0.0188679
34945,53,52,0.0188679
34947,53,52,0.0188679
34948,53,52,0.0188679
34949,53,52,0.0188679
34951,53,52,0.0188679
34952,53,52,0.0188679
34954,53,52,0.0188679
34955,53,52,0.0188679
34956,53,52,0.0188679
34960,53,52,0.0188679
34961,53,52,0.0188679
34963,53,52,0.0188679
34967,53,52,0.0188679
34973,53,52,0.0188679
34976,53,52,0.0188679
34980,53,52,0.0188679
34981,53,52,0.0188679
34985,53,52,0.0188679
34988,53,52,0.0188679
34989,53,52,0.0188679
34991,53,52,0.0188679
34992,53,52,0.0188679
34993,53,52,0.0188679
34995,53,52,0.0188679
34996,53,52,0.0188679
34998,53,52,0.0188679
34999,53,52,0.0188679
35000,53,52,0.0188679
35001,53,52,0.0188679
35003,53,52,0.0188679
35006,53,52,0.0188679
35007,53,52,0.0188679
35008,53,52,0.0188679
35009,53,52,0.0188679
35011,53,52,0.0188679
35012,53,52,0.0188679
35013,53,52,0.0188679
35014,53,52,0.0188679
35015,53,52,0.0188679
35017,53,52,0.0188679
35019,53,52,0.0188679
35022,53,52,0.0188679
35023,53,52,0.0188679
35025,53,52,0.0188679
35026,53,52,0.0188679
35032,53,52,0.0188679
35034,53,52,0.0188679
35036,53,52,0.0188679
35039,53,52,0.0188679
35041,53,52,0.0188679
35042,53,52,0.0188679
35044,53,52,0.0188679
35048,53,52,0.0188679
35054,53,52,0.0188679
35055,53,52,0.0188679
35056,53,52,0.0188679
35058,53,52,0.0188679
35059,53,52,0.0188679
35060,53,52,0.0188679
35061,53,52,0.0188679
35063,53,52,0.0188679
35069,53,52,0.0188679
35070,53,52,0.0188679
35071,53,52,0.0188679
35072,53,52,0.0188679
35073,53,52,0.0188679
35075,53,52,0.0188679
35076,53,52,0.0188679
35077,53,52,0.0188679
35079,53,52,0.0188679
35082,53,52,0.0188679
35085,53,52,0.0188679
35086,53,52,0.0188679
35088,53,52,0.0188679
35089,53,52,0.0188679
35090,53,52,0.0188679
35091,53,52,0.0188679
35092,53,52,0.0188679
35093,53,52,0.0188679
35095,53,52,0.0188679
35096,53,52,0.0188679
35102,53,52,0.0188679
35103,53,52,0.0188679
35104,53,52,0.0188679
35106,53,52,0.0188679
35107,53,52,0.0188679
35108,53,52,0.0188679
35109,53,52,0.0188679
35110,53,52,0.0188679
35112,53,52,0.0188679
35113,53,52,0.0188679
35114,53,52,0.0188679
35115,53,52,0.0188679
35117,53,52,0.0188679
35119,53,52,0.0188679
35122,53,52,0.0188679
35125,53,52,0.0188679
35126,53,52,0.0188679
35128,53,52,0.0188679
35129,53,52,0.0188679
35133,53,52,0.0188679
35135,53,52,0.0188679
35136,53,52,0.0188679
35137,53,52,0.0188679
35139,53,52,0.0188679
35140,53,52,0.0188679
35142,53,52,0.0188679
35143,53,52,0.0188679
35144,53,52,0.0188679
35146,53,52,0.0188679
35147,53,52,0.0188679
35153,53,52,0.0188679
35155,53,52,0.0188679
35160,53,52,0.0188679
35163,53,52,0.0188679
35165,53,52,0.0188679
35172,53,52,0.0188679
35174,53,52,0.0188679
35175,53,52,0.0188679
35181,53,52,0.0188679
35183,53,52,0.0188679
35185,53,52,0.0188679
35187,53,52,0.0188679
35193,53,52,0.0188679
35195,53,52,0.0188679
35196,53,52,0.0188679
35197,53,52,0.0188679
35199,53,52,0.0188679
35200,53,52,0.0188679
35202,53,52,0.0188679
35203,53,52,0.0188679
35205,53,52,0.0188679
35207,53,52,0.0188679
35208,53,52,0.0188679
35210,53,52,0.0188679
35211,53,52,0.0188679
35215,53,52,0.0188679
35216,53,52,0.0188679
35217,53,52,0.0188679
35219,53,52,0.0188679
35221,53,52,0.0188679
35223,53,52,0.0188679
35225,53,52,0.0188679
35226,53,52,0.0188679
35227,53,52,0.0188679
35228,53,52,0.0188679
35229,53,52,0.0188679
35230,53,52,0.0188679
35231,53,52,0.0188679
35232,53,52,0.0188679
35233,53,52,0.0188679
35235,53,52,0.0188679
35236,53,52,0.0188679
35237,53,52,0.0188679
35238,53,52,0.0188679
35240,53,52,0.0188679
35241,53,52,0.0188679
35243,53,52,0.0188679
35244,53,52,0.0188679
35245,53,52,0.0188679
35247,53,52,0.0188679
35248,53,52,0.0188679
35249,53,52,0.0188679
35250,53,52,0.0188679
35251,53,52,0.0188679
35253,53,52,0.0188679
35257,53,52,0.0188679
35259,53,52,0.0188679
35260,53,52,0.0188679
35261,53,52,0.0188679
35262,53,52,0.0188679
35263,53,52,0.0188679
35265,53,52,0.0188679
35273,53,52,0.0188679
35276,53,52,0.0188679
35280,53,52,0.0188679
35281,53,52,0.0188679
35283,53,52,0.0188679
35284,53,52,0.0188679
35286,53,52,0.0188679
35287,53,52,0.0188679
35288,53,52,0.0188679
35290,53,52,0.0188679
35292,53,52,0.0188679
35293,53,52,0.0188679
35294,53,52,0.0188679
35295,53,52,0.0188679
35297,53,52,0.0188679
35301,53,52,0.0188679
35302,53,52,0.0188679
35303,53,52,0.0188679
35309,53,52,0.0188679
35310,53,52,0.0188679
35311,53,52,0.0188679
35314,53,52,0.0188679
35316,53,52,0.0188679
35317,53,52,0.0188679
35318,53,52,0.0188679
35320,53,52,0.0188679
35322,53,52,0.0188679
35324,53,52,0.0188679
35325,53,52,0.0188679
35326,53,52,0.0188679
35328,53,52,0.0188679
35331,53,52,0.0188679
35332,53,52,0.0188679
35333,53,52,0.0188679
35334,53,52,0.0188679
35339,53,52,0.0188679
35342,53,52,0.0188679
35346,53,52,0.0188679
35348,53,52,0.0188679
35349,53,52,0.0188679
35351,53,52,0.0188679
35353,53,52,0.0188679
35357,53,52,0.0188679
35359,53,52,0.0188679
35361,53,52,0.0188679
35367,53,52,0.0188679
35369,53,52,0.0188679
35376,53,52,0.0188679
35377,53,52,0.0188679
35379,53,52,0.0188679
35383,53,52,0.0188679
35385,53,52,0.0188679
35387,53,52,0.0188679
35390,53,52,0.0188679
35392,53,52,0.0188679
35394,53,52,0.0188679
35395,53,52,0.0188679
35397,53,52,0.0188679
35398,53,52,0.0188679
35400,53,52,0.0188679
35401,53,52,0.0188679
35404,53,52,0.0188679
35405,53,52,0.0188679
35408,53,52,0.0188679
35410,53,52,0.0188679
35411,53,52,0.0188679
35412,53,52,0.0188679
35413,53,52,0.0188679
35415,53,52,0.0188679
35417,53,52,0.0188679
35418,53,52,0.0188679
35419,53,52,0.0188679
35421,53,52,0.0188679
35422,53,52,0.0188679
35425,53,52,0.0188679
35427,53,52,0.0188679
35428,53,52,0.0188679
35431,53,52,0.0188679
35434,53,52,0.0188679
35435,53,52,0.0188679
35436,53,52,0.0188679
35441,53,52,0.0188679
35442,53,52,0.0188679
35444,53,52,0.0188679
35445,53,52,0.0188679
35446,53,52,0.0188679
35448,53,52,0.0188679
35449,53,52,0.0188679
35450,53,52,0.0188679
35452,53,52,0.0188679
35454,53,52,0.0188679
35456,53,52,0.0188679
35457,53,52,0.0188679
35458,53,52,0.0188679
35460,53,52,0.0188679
35463,53,52,0.0188679
35465,53,52,0.0188679
35466,53,52,0.0188679
35467,53,52,0.0188679
35469,53,52,0.0188679
35474,53,52,0.0188679
35476,53,52,0.0188679
35478,53,52,0.0188679
35481,53,52,0.0188679
35482,53,52,0.0188679
35484,53,52,0.0188679
35486,53,52,0.0188679
35487,53,52,0.0188679
35490,53,52,0.0188679
35492,53,52,0.0188679
35493,53,52,0.0188679
35494,53,52,0.0188679
35497,53,52,0.0188679
35499,53,52,0.0188679
35500,53,52,0.0188679
35501,53,52,0.0188679
35503,53,52,0.0188679
35506,53,52,0.0188679
35508,53,52,0.0188679
35509,53,52,0.0188679
35512,53,52,0.0188679
35514,53,52,0.0188679
35517,53,52,0.0188679
35521,53,52,0.0188679
35525,53,52,0.0188679
35526,53,52,0.0188679
35528,53,52,0.0188679
35529,53,52,0.0188679
35530,53,52,0.0188679
35532,53,52,0.0188679
35536,53,52,0.0188679
35538,53,52,0.0188679
35539,53,52,0.0188679
35540,53,52,0.0188679
35542,53,52,0.0188679
35543,53,52,0.0188679
35544,53,52,0.0188679
35546,53,52,0.0188679
35547,53,52,0.0188679
35549,53,52,0.0188679
35550,53,52,0.0188679
35552,53,52,0.0188679
35553,53,52,0.0188679
35556,53,52,0.0188679
35558,53,52,0.0188679
35561,53,52,0.0188679
35563,53,52,0.0188679
35565,53,52,0.0188679
35568,53,52,0.0188679
35573,53,52,0.0188679
35576,53,52,0.0188679
35578,53,52,0.0188679
35581,53,52,0.0188679
35582,53,52,0.0188679
35584,53,52,0.0188679
35585,53,52,0.0188679
35587,53,52,0.0188679
35588,53,52,0.0188679
35589,53,52,0.0188679
35590,53,52,0.0188679
35592,53,52,0.0188679
35594,53,52,0.0188679
35598,53,52,0.0188679
35603,53,52,0.0188679
35604,53,52,0.0188679
35606,53,52,0.0188679
35607,53,52,0.0188679
35609,53,52,0.0188679
35610,53,52,0.0188679
35612,53,52,0.0188679
35615,53,52,0.0188679
35616,53,52,0.0188679
35617,53,52,0.0188679
35619,53,52,0.0188679
35623,53,52,0.0188679
35626,53,52,0.0188679
35631,53,52,0.0188679
35632,53,52,0.0188679
35633,53,52,0.0188679
35635,53,52,0.0188679
35639,53,52,0.0188679
35642,53,52,0.0188679
35643,53,52,0.0188679
35645,53,52,0.0188679
35646,53,52,0.0188679
35647,53,52,0.0188679
35651,53,52,0.0188679
35655,53,52,0.0188679
35659,53,52,0.0188679
35661,53,52,0.0188679
35663,53,52,0.0188679
35665,53,52,0.0188679
35669,53,52,0.0188679
35671,53,52,0.0188679
35673,53,52,0.0188679
35674,53,52,0.0188679
35676,53,52,0.0188679
35677,53,52,0.0188679
35679,53,52,0.0188679
35680,53,52,0.0188679
35681,53,52,0.0188679
35688,53,52,0.0188679
35693,53,52,0.0188679
35695,53,52,0.0188679
35696,53,52,0.0188679
35697,53,52,0.0188679
35699,53,52,0.0188679
35703,53,52,0.0188679
35704,53,52,0.0188679
35705,53,52,0.0188679
35708,53,52,0.0188679
35709,53,52,0.0188679
35710,53,52,0.0188679
35711,53,52,0.0188679
35713,53,52,0.0188679
35714,53,52,0.0188679
35715,53,52,0.0188679
35716,53,52,0.0188679
35718,53,52,0.0188679
35720,53,52,0.0188679
35721,53,52,0.0188679
35723,53,52,0.0188679
35725,53,52,0.0188679
35727,53,52,0.0188679
35729,53,52,0.0188679
35731,53,52,0.0188679
35732,53,52,0.0188679
35734,53,52,0.0188679
35737,53,52,0.0188679
35740,53,52,0.0188679
35744,53,52,0.0188679
35746,53,52,0.0188679
35748,53,52,0.0188679
35750,53,52,0.0188679
35751,53,52,0.0188679
35753,53,52,0.0188679
35755,53,52,0.0188679
35763,53,52,0.0188679
35765,53,52,0.0188679
35769,53,52,0.0188679
35770,53,52,0.0188679
35771,53,52,0.0188679
35775,53,52,0.0188679
35784,53,52,0.0188679
35787,53,52,0.0188679
35790,53,52,0.0188679
35792,53,52,0.0188679
35794,53,52,0.0188679
35796,53,52,0.0188679
35799,53,52,0.0188679
35800,53,52,0.0188679
35802,53,52,0.0188679
35806,53,52,0.0188679
35808,53,52,0.0188679
35809,53,52,0.0188679
35810,53,52,0.0188679
35812,53,52,0.0188679
35816,53,52,0.0188679
35818,53,52,0.0188679
35819,53,52,0.0188679
35820,53,52,0.0188679
35822,53,52,0.0188679
35823,53,52,0.0188679
35824,53,52,0.0188679
35829,53,52,0.0188679
35835,53,52,0.0188679
35836,53,52,0.0188679
35839,53,52,0.0188679
35842,53,52,0.0188679
35844,53,52,0.0188679
35846,53,52,0.0188679
35848,53,52,0.0188679
35850,53,52,0.0188679
35852,53,52,0.0188679
35855,53,52,0.0188679
35857,53,52,0.0188679
35860,53,52,0.0188679
35863,53,52,0.0188679
35868,53,52,0.0188679
35870,53,52,0.0188679
35872,53,52,0.0188679
35875,53,52,0.0188679
35877,53,52,0.0188679
35878,53,52,0.0188679
35880,53,52,0.0188679
35883,53,52,0.0188679
35884,53,52,0.0188679
35886,53,52,0.0188679
35888,53,52,0.0188679
35890,53,52,0.0188679
35891,53,52,0.0188679
35892,53,52,0.0188679
35894,53,52,0.0188679
35895,53,52,0.0188679
35898,53,52,0.0188679
35899,53,52,0.0188679
35901,53,52,0.0188679
35902,53,52,0.0188679
35905,53,52,0.0188679
35909,53,52,0.0188679
35912,53,52,0.0188679
35917,53,52,0.0188679
35918,53,52,0.0188679
35921,53,52,0.0188679
35924,53,52,0.0188679
35925,53,52,0.0188679
35928,53,52,0.0188679
35930,53,52,0.0188679
35932,53,52,0.0188679
35934,53,52,0.0188679
35935,53,52,0.0188679
35937,53,52,0.0188679
35938,53,52,0.0188679
35940,53,52,0.0188679
35941,53,52,0.0188679
35943,53,52,0.0188679
35944,53,52,0.0188679
35948,53,52,0.0188679
35949,53,52,0.0188679
35954,53,52,0.0188679
35955,53,52,0.0188679
35957,53,52,0.0188679
35958,53,52,0.0188679
35959,53,52,0.0188679
35960,53,52,0.0188679
35961,53,52,0.0188679
35962,53,52,0.0188679
35964,53,52,0.0188679
35965,53,52,0.0188679
35966,53,52,0.0188679
35968,53,52,0.0188679
35969,53,52,0.0188679
35970,53,52,0.0188679
35972,53,52,0.0188679
35973,53,52,0.0188679
35974,53,52,0.0188679
35980,53,52,0.0188679
35981,53,52,0.0188679
35984,53,52,0.0188679
35985,53,52,0.0188679
35987,53,52,0.0188679
35988,53,52,0.0188679
35989,53,52,0.0188679
35990,53,52,0.0188679
35992,53,52,0.0188679
35993,53,52,0.0188679
35996,53,52,0.0188679
35998,53,52,0.0188679
36000,53,52,0.0188679
36004,53,52,0.0188679
36005,53,52,0.0188679
36007,53,52,0.0188679
36008,53,52,0.0188679
36010,53,52,0.0188679
36013,53,52,0.0188679
36016,53,52,0.0188679
36018,53,52,0.0188679
36021,53,52,0.0188679
36023,53,52,0.0188679
36025,53,52,0.0188679
36026,53,52,0.0188679
36028,53,52,0.0188679
36029,53,52,0.0188679
36030,53,52,0.0188679
36031,53,52,0.0188679
36033,53,52,0.0188679
36041,53,52,0.0188679
36042,53,52,0.0188679
36045,53,52,0.0188679
36046,53,52,0.0188679
36047,53,52,0.0188679
36049,53,52,0.0188679
36050,53,52,0.0188679
36052,53,52,0.0188679
36053,53,52,0.0188679
36055,53,52,0.0188679
36057,53,52,0.0188679
36060,53,52,0.0188679
36061,53,52,0.0188679
36063,53,52,0.0188679
36064,53,52,0.0188679
36067,53,52,0.0188679
36068,53,52,0.0188679
36070,53,52,0.0188679
36074,53,52,0.0188679
36075,53,52,0.0188679
36076,53,52,0.0188679
36077,53,52,0.0188679
36078,53,52,0.0188679
36080,53,52,0.0188679
36082,53,52,0.0188679
36083,53,52,0.0188679
36084,53,52,0.0188679
36085,53,52,0.0188679
36086,53,52,0.0188679
36087,53,52,0.0188679
36088,53,52,0.0188679
36090,53,52,0.0188679
36091,53,52,0.0188679
36093,53,52,0.0188679
36094,53,52,0.0188679
36095,53,52,0.0188679
36096,53,52,0.0188679
36097,53,52,0.0188679
36099,53,52,0.0188679
36101,53,52,0.0188679
36102,53,52,0.0188679
36103,53,52,0.0188679
36105,53,52,0.0188679
36108,53,52,0.0188679
36109,53,52,0.0188679
36112,53,52,0.0188679
36114,53,52,0.0188679
36116,53,52,0.0188679
36117,53,52,0.0188679
36119,53,52,0.0188679
36120,53,52,0.0188679
36123,53,52,0.0188679
36124,53,52,0.0188679
36125,53,52,0.0188679
36131,53,52,0.0188679
36135,53,52,0.0188679
36136,53,52,0.0188679
36137,53,52,0.0188679
36139,53,52,0.0188679
36140,53,52,0.0188679
36141,53,52,0.0188679
36143,53,52,0.0188679
36145,53,52,0.0188679
36151,53,52,0.0188679
36156,53,52,0.0188679
36157,53,52,0.0188679
36158,53,52,0.0188679
36161,53,52,0.0188679
36162,53,52,0.0188679
36164,53,52,0.0188679
36166,53,52,0.0188679
36168,53,52,0.0188679
36170,53,52,0.0188679
36171,53,52,0.0188679
36172,53,52,0.0188679
36173,53,52,0.0188679
36174,53,52,0.0188679
36180,53,52,0.0188679
36182,53,52,0.0188679
36183,53,52,0.0188679
36184,53,52,0.0188679
36187,53,52,0.0188679
36188,53,52,0.0188679
36190,53,52,0.0188679
36191,53,52,0.0188679
36192,53,52,0.0188679
36193,53,52,0.0188679
36194,53,52,0.0188679
36196,53,52,0.0188679
36198,53,52,0.0188679
36200,53,52,0.0188679
36202,53,52,0.0188679
36203,53,52,0.0188679
36204,53,52,0.0188679
36206,53,52,0.0188679
36207,53,52,0.0188679
36208,53,52,0.0188679
36209,53,52,0.0188679
36210,53,52,0.0188679
36212,53,52,0.0188679
36213,53,52,0.0188679
36214,53,52,0.0188679
36215,53,52,0.0188679
36216,53,52,0.0188679
36218,53,52,0.0188679
36219,53,52,0.0188679
36220,53,52,0.0188679
36222,53,52,0.0188679
36225,53,52,0.0188679
36231,53,52,0.0188679
36235,53,52,0.0188679
36237,53,52,0.0188679
36238,53,52,0.0188679
36240,53,52,0.0188679
36244,53,52,0.0188679
36247,53,52,0.0188679
36249,53,52,0.0188679
36250,53,52,0.0188679
36252,53,52,0.0188679
36253,53,52,0.0188679
36256,53,52,0.0188679
36257,53,52,0.0188679
36260,53,52,0.0188679
36264,53,52,0.0188679
36268,53,52,0.0188679
36272,53,52,0.0188679
36275,53,52,0.0188679
36277,53,52,0.0188679
36278,53,52,0.0188679
36279,53,52,0.0188679
36280,53,52,0.0188679
36282,53,52,0.0188679
36283,53,52,0.0188679
36286,53,52,0.0188679
36291,53,52,0.0188679
36293,53,52,0.0188679
36302,53,52,0.0188679
36308,53,52,0.0188679
36310,53,52,0.0188679
36312,53,52,0.0188679
36313,53,52,0.0188679
36315,53,52,0.0188679
36316,53,52,0.0188679
36319,53,52,0.0188679
36321,53,52,0.0188679
36325,53,52,0.0188679
36327,53,52,0.0188679
36336,53,52,0.0188679
36343,53,52,0.0188679
36346,53,52,0.0188679
36348,53,52,0.0188679
36358,53,52,0.0188679
36360,53,52,0.0188679
36362,53,52,0.0188679
36363,53,52,0.0188679
36368,53,52,0.0188679
36371,53,52,0.0188679
36373,53,52,0.0188679
36374,53,52,0.0188679
36375,53,52,0.0188679
36377,53,52,0.0188679
36378,53,52,0.0188679
36381,53,52,0.0188679
36383,53,52,0.0188679
36385,53,52,0.0188679
36386,53,52,0.0188679
36388,53,52,0.0188679
36389,53,52,0.0188679
36390,53,52,0.0188679
36391,53,52,0.0188679
36392,53,52,0.0188679
36393,53,52,0.0188679
36395,53,52,0.0188679
36396,53,52,0.0188679
36399,53,52,0.0188679
36405,53,52,0.0188679
36406,53,52,0.0188679
36407,53,52,0.0188679
36409,53,52,0.0188679
36412,53,52,0.0188679
36416,53,52,0.0188679
36418,53,52,0.0188679
36419,53,52,0.0188679
36420,53,52,0.0188679
36422,53,52,0.0188679
36424,53,52,0.0188679
36425,53,52,0.0188679
36427,53,52,0.0188679
36431,53,52,0.0188679
36433,53,52,0.0188679
36434,53,52,0.0188679
36435,53,52,0.0188679
36437,53,52,0.0188679
36438,53,52,0.0188679
36440,53,52,0.0188679
36441,53,52,0.0188679
36442,53,52,0.0188679
36443,53,52,0.0188679
36444,53,52,0.0188679
36445,53,52,0.0188679
36446,53,52,0.0188679
36448,53,52,0.0188679
36449,53,52,0.0188679
36451,53,52,0.0188679
36457,53,52,0.0188679
36458,53,52,0.0188679
36459,53,52,0.0188679
36460,53,52,0.0188679
36461,53,52,0.0188679
36465,53,52,0.0188679
36467,53,52,0.0188679
36468,53,52,0.0188679
36469,53,52,0.0188679
36470,53,52,0.0188679
36472,53,52,0.0188679
36473,53,52,0.0188679
36475,53,52,0.0188679
36476,53,52,0.0188679
36477,53,52,0.0188679
36479,53,52,0.0188679
36480,53,52,0.0188679
36482,53,52,0.0188679
36483,53,52,0.0188679
36485,53,52,0.0188679
36486,53,52,0.0188679
36488,53,52,0.0188679
36490,53,52,0.0188679
36492,53,52,0.0188679
36494,53,52,0.0188679
36495,53,52,0.0188679
36497,53,52,0.0188679
36500,53,52,0.0188679
36502,53,52,0.0188679
36503,53,52,0.0188679
36505,53,52,0.0188679
36506,53,52,0.0188679
36507,53,52,0.0188679
36509,53,52,0.0188679
36510,53,52,0.0188679
36512,53,52,0.0188679
36513,53,52,0.0188679
36515,53,52,0.0188679
36516,53,52,0.0188679
36518,53,52,0.0188679
36522,53,52,0.0188679
36527,53,52,0.0188679
36528,53,52,0.0188679
36530,53,52,0.0188679
36531,53,52,0.0188679
36533,53,52,0.0188679
36534,53,52,0.0188679
36536,53,52,0.0188679
36539,53,52,0.0188679
36543,53,52,0.0188679
36544,53,52,0.0188679
36545,53,52,0.0188679
36546,53,52,0.0188679
36547,53,52,0.0188679
36549,53,52,0.0188679
36550,53,52,0.0188679
36552,53,52,0.0188679
36554,53,52,0.0188679
36555,53,52,0.0188679
36557,53,52,0.0188679
36560,53,52,0.0188679
36562,53,52,0.0188679
36563,53,52,0.0188679
36564,53,52,0.0188679
36566,53,52,0.0188679
36567,53,52,0.0188679
36572,53,52,0.0188679
36577,53,52,0.0188679
36579,53,52,0.0188679
36581,53,52,0.0188679
36583,53,52,0.0188679
36585,53,52,0.0188679
36587,53,52,0.0188679
36589,53,52,0.0188679
36591,53,52,0.0188679
36595,53,52,0.0188679
36596,53,52,0.0188679
36597,53,52,0.0188679
36598,53,52,0.0188679
36599,53,52,0.0188679
36600,53,52,0.0188679
36603,53,52,0.0188679
36608,53,52,0.0188679
36609,53,52,0.0188679
36611,53,52,0.0188679
36612,53,52,0.0188679
36613,53,52,0.0188679
36615,53,52,0.0188679
36616,53,52,0.0188679
36618,53,52,0.0188679
36619,53,52,0.0188679
36620,53,52,0.0188679
36623,53,52,0.0188679
36624,53,52,0.0188679
36627,53,52,0.0188679
36628,53,52,0.0188679
36630,53,52,0.0188679
36631,53,52,0.0188679
36632,53,52,0.0188679
36634,53,52,0.0188679
36635,53,52,0.0188679
36642,53,52,0.0188679
36644,53,52,0.0188679
36646,53,52,0.0188679
36652,53,52,0.0188679
36657,53,52,0.0188679
36658,53,52,0.0188679
36659,53,52,0.0188679
36660,53,52,0.0188679
36662,53,52,0.0188679
36665,53,52,0.0188679
36666,53,52,0.0188679
36667,53,52,0.0188679
36669,53,52,0.0188679
36670,53,52,0.0188679
36677,53,52,0.0188679
36679,53,52,0.0188679
36680,53,52,0.0188679
36682,53,52,0.0188679
36684,53,52,0.0188679
36685,53,52,0.0188679
36690,53,52,0.0188679
36693,53,52,0.0188679
36694,53,52,0.0188679
36697,53,52,0.0188679
36698,53,52,0.0188679
36699,53,52,0.0188679
36700,53,52,0.0188679
36707,53,52,0.0188679
36708,53,52,0.0188679
36710,53,52,0.0188679
36716,53,52,0.0188679
36717,53,52,0.0188679
36718,53,52,0.0188679
36722,53,52,0.0188679
36725,53,52,0.0188679
36726,53,52,0.0188679
36729,53,52,0.0188679
36731,53,52,0.0188679
36732,53,52,0.0188679
36733,53,52,0.0188679
36734,53,52,0.0188679
36740,53,52,0.0188679
36742,53,52,0.0188679
36743,53,52,0.0188679
36748,53,52,0.0188679
36749,53,52,0.0188679
36750,53,52,0.0188679
36756,53,52,0.0188679
36758,53,52,0.0188679
36761,53,52,0.0188679
36762,53,52,0.0188679
36763,53,52,0.0188679
36769,53,52,0.0188679
36770,53,52,0.0188679
36773,53,52,0.0188679
36775,53,52,0.0188679
36776,53,52,0.0188679
36777,53,52,0.0188679
36779,53,52,0.0188679
36780,53,52,0.0188679
36781,53,52,0.0188679
36782,53,52,0.0188679
36787,53,52,0.0188679
36790,53,52,0.0188679
36791,53,52,0.0188679
36793,53,52,0.0188679
36794,53,52,0.0188679
36795,53,52,0.0188679
36798,53,52,0.0188679
36799,53,52,0.0188679
36805,53,52,0.0188679
36809,53,52,0.0188679
36810,53,52,0.0188679
36811,53,52,0.0188679
36815,53,52,0.0188679
36816,53,52,0.0188679
36822,53,52,0.0188679
36824,53,52,0.0188679
36826,53,52,0.0188679
36828,53,52,0.0188679
36830,53,52,0.0188679
36831,53,52,0.0188679
36833,53,52,0.0188679
36834,53,52,0.0188679
36840,53,52,0.0188679
36843,53,52,0.0188679
36851,53,52,0.0188679
36852,53,52,0.0188679
36854,53,52,0.0188679
36855,53,52,0.0188679
36857,53,52,0.0188679
36859,53,52,0.0188679
36863,53,52,0.0188679
36867,53,52,0.0188679
36871,53,52,0.0188679
36873,53,52,0.0188679
36875,53,52,0.0188679
36876,53,52,0.0188679
36877,53,52,0.0188679
36879,53,52,0.0188679
36880,53,52,0.0188679
36882,53,52,0.0188679
36889,53,52,0.0188679
36892,53,52,0.0188679
36895,53,52,0.0188679
36903,53,52,0.0188679
36908,53,52,0.0188679
36915,53,52,0.0188679
36917,53,52,0.0188679
36918,53,52,0.0188679
36919,53,52,0.0188679
36921,53,52,0.0188679
36922,53,52,0.0188679
36927,53,52,0.0188679
36928,53,52,0.0188679
36930,53,52,0.0188679
36931,53,52,0.0188679
36934,53,52,0.0188679
36935,53,52,0.0188679
36939,53,52,0.0188679
36940,53,52,0.0188679
36941,53,52,0.0188679
36942,53,52,0.0188679
36944,53,52,0.0188679
36946,53,52,0.0188679
36948,53,52,0.0188679
36951,53,52,0.0188679
36953,53,52,0.0188679
36955,53,52,0.0188679
36958,53,52,0.0188679
36962,53,52,0.0188679
36963,53,52,0.0188679
36964,53,52,0.0188679
36971,53,52,0.0188679
36972,53,52,0.0188679
36973,53,52,0.0188679
36974,53,52,0.0188679
36976,53,52,0.0188679
36977,53,52,0.0188679
36978,53,52,0.0188679
36979,53,52,0.0188679
36981,53,52,0.0188679
36984,53,52,0.0188679
36985,53,52,0.0188679
36992,53,52,0.0188679
36993,53,52,0.0188679
36994,53,52,0.0188679
36995,53,52,0.0188679
36998,53,52,0.0188679
36999,53,52,0.0188679
37002,53,52,0.0188679
37003,53,52,0.0188679
37005,53,52,0.0188679
37007,53,52,0.0188679
37008,53,52,0.0188679
37009,53,52,0.0188679
37010,53,52,0.0188679
37011,53,52,0.0188679
37012,53,52,0.0188679
37016,53,52,0.0188679
37018,53,52,0.0188679
37019,53,52,0.0188679
37021,53,52,0.0188679
37024,53,52,0.0188679
37025,53,52,0.0188679
37027,53,52,0.0188679
37028,53,52,0.0188679
37029,53,52,0.0188679
37032,53,52,0.0188679
37035,53,52,0.0188679
37037,53,52,0.0188679
37038,53,52,0.0188679
37039,53,52,0.0188679
37040,53,52,0.0188679
37041,53,52,0.0188679
37042,53,52,0.0188679
37044,53,52,0.0188679
37045,53,52,0.0188679
37046,53,52,0.0188679
37047,53,52,0.0188679
37049,53,52,0.0188679
37050,53,52,0.0188679
37051,53,52,0.0188679
37052,53,52,0.0188679
37053,53,52,0.0188679
37054,53,52,0.0188679
37057,53,52,0.0188679
37059,53,52,0.0188679
37060,53,52,0.0188679
37061,53,52,0.0188679
37062,53,52,0.0188679
37064,53,52,0.0188679
37065,53,52,0.0188679
37070,53,52,0.0188679
37071,53,52,0.0188679
37077,53,52,0.0188679
37086,53,52,0.0188679
37088,53,52,0.0188679
37089,53,52,0.0188679
37091,53,52,0.0188679
37092,53,52,0.0188679
37094,53,52,0.0188679
37095,53,52,0.0188679
37097,53,52,0.0188679
37099,53,52,0.0188679
37101,53,52,0.0188679
37102,53,52,0.0188679
37103,53,52,0.0188679
37106,53,52,0.0188679
37107,53,52,0.0188679
37108,53,52,0.0188679
37109,53,52,0.0188679
37111,53,52,0.0188679
37121,53,52,0.0188679
37123,53,52,0.0188679
37127,53,52,0.0188679
37129,53,52,0.0188679
37131,53,52,0.0188679
37132,53,52,0.0188679
37134,53,52,0.0188679
37136,53,52,0.0188679
37137,53,52,0.0188679
37141,53,52,0.0188679
37143,53,52,0.0188679
37144,53,52,0.0188679
37145,53,52,0.0188679
37149,53,52,0.0188679
37151,53,52,0.0188679
37152,53,52,0.0188679
37153,53,52,0.0188679
37157,53,52,0.0188679
37161,53,52,0.0188679
37162,53,52,0.0188679
37165,53,52,0.0188679
37166,53,52,0.0188679
37167,53,52,0.0188679
37168,53,52,0.0188679
37169,53,52,0.0188679
37170,53,52,0.0188679
37171,53,52,0.0188679
37173,53,52,0.0188679
37174,53,52,0.0188679
37176,53,52,0.0188679
37177,53,52,0.0188679
37178,53,52,0.0188679
37179,53,52,0.0188679
37180,53,52,0.0188679
37181,53,52,0.0188679
37183,53,52,0.0188679
37186,53,52,0.0188679
37187,53,52,0.0188679
37189,53,52,0.0188679
37190,53,52,0.0188679
37191,53,52,0.0188679
37195,53,52,0.0188679
37196,53,52,0.0188679
37198,53,52,0.0188679
37202,53,52,0.0188679
37205,53,52,0.0188679
37206,53,52,0.0188679
37207,53,52,0.0188679
37208,53,52,0.0188679
37210,53,52,0.0188679
37211,53,52,0.0188679
37213,53,52,0.0188679
37215,53,52,0.0188679
37218,53,52,0.0188679
37219,53,52,0.0188679
37221,53,52,0.0188679
37222,53,52,0.0188679
37223,53,52,0.0188679
37225,53,52,0.0188679
37226,53,52,0.0188679
37227,53,52,0.0188679
37229,53,52,0.0188679
37231,53,52,0.0188679
37232,53,52,0.0188679
37233,53,52,0.0188679
37234,53,52,0.0188679
37235,53,52,0.0188679
37236,53,52,0.0188679
37238,53,52,0.0188679
37239,53,52,0.0188679
37241,53,52,0.0188679
37243,53,52,0.0188679
37244,53,52,0.0188679
37246,53,52,0.0188679
37249,53,52,0.0188679
37250,53,52,0.0188679
37251,53,52,0.0188679
37254,53,52,0.0188679
37255,53,52,0.0188679
37256,53,52,0.0188679
37258,53,52,0.0188679
37263,53,52,0.0188679
37264,53,52,0.0188679
37265,53,52,0.0188679
37266,53,52,0.0188679
37267,53,52,0.0188679
37268,53,52,0.0188679
37270,53,52,0.0188679
37271,53,52,0.0188679
37272,53,52,0.0188679
37273,53,52,0.0188679
37275,53,52,0.0188679
37276,53,52,0.0188679
37277,53,52,0.0188679
37279,53,52,0.0188679
37280,53,52,0.0188679
37282,53,52,0.0188679
37283,53,52,0.0188679
37284,53,52,0.0188679
37285,53,52,0.0188679
37288,53,52,0.0188679
37294,53,52,0.0188679
37299,53,52,0.0188679
37306,53,52,0.0188679
37307,53,52,0.0188679
37308,53,52,0.0188679
37309,53,52,0.0188679
37310,53,52,0.0188679
37311,53,52,0.0188679
37313,53,52,0.0188679
37314,53,52,0.0188679
37316,53,52,0.0188679
37317,53,52,0.0188679
37321,53,52,0.0188679
37324,53,52,0.0188679
37325,53,52,0.0188679
37326,53,52,0.0188679
37327,53,52,0.0188679
37330,53,52,0.0188679
37332,53,52,0.0188679
37333,53,52,0.0188679
37338,53,52,0.0188679
37339,53,52,0.0188679
37342,53,52,0.0188679
37344,53,52,0.0188679
37346,53,52,0.0188679
37347,53,52,0.0188679
37348,53,52,0.0188679
37350,53,52,0.0188679
37351,53,52,0.0188679
37352,53,52,0.0188679
37358,53,52,0.0188679
37359,53,52,0.0188679
37360,53,52,0.0188679
37361,53,52,0.0188679
37363,53,52,0.0188679
37368,53,52,0.0188679
37370,53,52,0.0188679
37371,53,52,0.0188679
37372,53,52,0.0188679
37373,53,52,0.0188679
37375,53,52,0.0188679
37377,53,52,0.0188679
37378,53,52,0.0188679
37379,53,52,0.0188679
37380,53,52,0.0188679
37382,53,52,0.0188679
37383,53,52,0.0188679
37384,53,52,0.0188679
37389,53,52,0.0188679
37391,53,52,0.0188679
37393,53,52,0.0188679
37395,53,52,0.0188679
37396,53,52,0.0188679
37397,53,52,0.0188679
37399,53,52,0.0188679
37400,53,52,0.0188679
37402,53,52,0.0188679
37403,53,52,0.0188679
37404,53,52,0.0188679
37405,53,52,0.0188679
37407,53,52,0.0188679
37408,53,52,0.0188679
37409,53,52,0.0188679
37411,53,52,0.0188679
37412,53,52,0.0188679
37414,53,52,0.0188679
37418,53,52,0.0188679
37419,53,52,0.0188679
37420,53,52,0.0188679
37421,53,52,0.0188679
37423,53,52,0.0188679
37426,53,52,0.0188679
37428,53,52,0.0188679
37429,53,52,0.0188679
37430,53,52,0.0188679
37432,53,52,0.0188679
37433,53,52,0.0188679
37437,53,52,0.0188679
37439,53,52,0.0188679
37441,53,52,0.0188679
37442,53,52,0.0188679
37444,53,52,0.0188679
37445,53,52,0.0188679
37447,53,52,0.0188679
37453,53,52,0.0188679
37458,53,52,0.0188679
37460,53,52,0.0188679
37461,53,52,0.0188679
37462,53,52,0.0188679
37463,53,52,0.0188679
37464,53,52,0.0188679
37466,53,52,0.0188679
37472,53,52,0.0188679
37474,53,52,0.0188679
37476,53,52,0.0188679
37479,53,52,0.0188679
37483,53,52,0.0188679
37484,53,52,0.0188679
37485,53,52,0.0188679
37487,53,52,0.0188679
37488,53,52,0.0188679
37489,53,52,0.0188679
37490,53,52,0.0188679
37491,53,52,0.0188679
37493,53,52,0.0188679
37494,53,52,0.0188679
37495,53,52,0.0188679
37498,53,52,0.0188679
37503,53,52,0.0188679
37505,53,52,0.0188679
37507,53,52,0.0188679
37508,53,52,0.0188679
37509,53,52,0.0188679
37510,53,52,0.0188679
37512,53,52,0.0188679
37514,53,52,0.0188679
37522,53,52,0.0188679
37525,53,52,0.0188679
37527,53,52,0.0188679
37528,53,52,0.0188679
37529,53,52,0.0188679
37530,53,52,0.0188679
37532,53,52,0.0188679
37533,53,52,0.0188679
37534,53,52,0.0188679
37535,53,52,0.0188679
37536,53,52,0.0188679
37537,53,52,0.0188679
37538,53,52,0.0188679
37540,53,52,0.0188679
37541,53,52,0.0188679
37542,53,52,0.0188679
37543,53,52,0.0188679
37544,53,52,0.0188679
37546,53,52,0.0188679
37550,53,52,0.0188679
37551,53,52,0.0188679
37552,53,52,0.0188679
37554,53,52,0.0188679
37555,53,52,0.0188679
37557,53,52,0.0188679
37558,53,52,0.0188679
37559,53,52,0.0188679
37561,53,52,0.0188679
37567,53,52,0.0188679
37574,53,52,0.0188679
37577,53,52,0.0188679
37579,53,52,0.0188679
37581,53,52,0.0188679
37585,53,52,0.0188679
37587,53,52,0.0188679
37589,53,52,0.0188679
37593,53,52,0.0188679
37596,53,52,0.0188679
37597,53,52,0.0188679
37598,53,52,0.0188679
37601,53,52,0.0188679
37602,53,52,0.0188679
37603,53,52,0.0188679
37606,53,52,0.0188679
37608,53,52,0.0188679
37609,53,52,0.0188679
37610,53,52,0.0188679
37611,53,52,0.0188679
37614,53,52,0.0188679
37617,53,52,0.0188679
37618,53,52,0.0188679
37619,53,52,0.0188679
37620,53,52,0.0188679
37622,53,52,0.0188679
37623,53,52,0.0188679
37625,53,52,0.0188679
37627,53,52,0.0188679
37628,53,52,0.0188679
37629,53,52,0.0188679
37630,53,52,0.0188679
37631,53,52,0.0188679
37632,53,52,0.0188679
37634,53,52,0.0188679
37635,53,52,0.0188679
37637,53,52,0.0188679
37644,53,52,0.0188679
37650,53,52,0.0188679
37654,53,52,0.0188679
37659,53,52,0.0188679
37663,53,52,0.0188679
37664,53,52,0.0188679
37665,53,52,0.0188679
37666,53,52,0.0188679
37668,53,52,0.0188679
37669,53,52,0.0188679
37671,53,52,0.0188679
37673,53,52,0.0188679
37674,53,52,0.0188679
37675,53,52,0.0188679
37676,53,52,0.0188679
37677,53,52,0.0188679
37678,53,52,0.0188679
37679,53,52,0.0188679
37681,53,52,0.0188679
37685,53,52,0.0188679
37686,53,52,0.0188679
37688,53,52,0.0188679
37691,53,52,0.0188679
37693,53,52,0.0188679
37694,53,52,0.0188679
37695,53,52,0.0188679
37696,53,52,0.0188679
37697,53,52,0.0188679
37699,53,52,0.0188679
37701,53,52,0.0188679
37702,53,52,0.0188679
37703,53,52,0.0188679
37705,53,52,0.0188679
37706,53,52,0.0188679
37708,53,52,0.0188679
37709,53,52,0.0188679
37711,53,52,0.0188679
37712,53,52,0.0188679
37715,53,52,0.0188679
37717,53,52,0.0188679
37718,53,52,0.0188679
37724,53,52,0.0188679
37727,53,52,0.0188679
37728,53,52,0.0188679
37734,53,52,0.0188679
37736,53,52,0.0188679
37738,53,52,0.0188679
37740,53,52,0.0188679
37742,53,52,0.0188679
37745,53,52,0.0188679
37747,53,52,0.0188679
37748,53,52,0.0188679
37751,53,52,0.0188679
37759,53,52,0.0188679
37760,53,52,0.0188679
37762,53,52,0.0188679
37764,53,52,0.0188679
37765,53,52,0.0188679
37768,53,52,0.0188679
37769,53,52,0.0188679
37770,53,52,0.0188679
37772,53,52,0.0188679
37775,53,52,0.0188679
37780,53,52,0.0188679
37781,53,52,0.0188679
37782,53,52,0.0188679
37783,53,52,0.0188679
37784,53,52,0.0188679
37788,53,52,0.0188679
37789,53,52,0.0188679
37790,53,52,0.0188679
37792,53,52,0.0188679
37795,53,52,0.0188679
37800,53,52,0.0188679
37802,53,52,0.0188679
37804,53,52,0.0188679
37807,53,52,0.0188679
37810,53,52,0.0188679
37818,53,52,0.0188679
37820,53,52,0.0188679
37821,53,52,0.0188679
37823,53,52,0.0188679
37824,53,52,0.0188679
37825,53,52,0.0188679
37826,53,52,0.0188679
37829,53,52,0.0188679
37832,53,52,0.0188679
37835,53,52,0.0188679
37837,53,52,0.0188679
37841,53,52,0.0188679
37846,53,52,0.0188679
37847,53,52,0.0188679
37852,53,52,0.0188679
37853,53,52,0.0188679
37854,53,52,0.0188679
37855,53,52,0.0188679
37858,53,52,0.0188679
37862,53,52,0.0188679
37867,53,52,0.0188679
37873,53,52,0.0188679
37880,53,52,0.0188679
37888,53,52,0.0188679
37891,53,52,0.0188679
37895,53,52,0.0188679
37898,53,52,0.0188679
37907,53,52,0.0188679
37910,53,52,0.0188679
37912,53,52,0.0188679
37915,53,52,0.0188679
37923,53,52,0.0188679
37924,53,52,0.0188679
37926,53,52,0.0188679
37936,53,52,0.0188679
37941,53,52,0.0188679
37943,53,52,0.0188679
37947,53,52,0.0188679
37949,53,52,0.0188679
37956,53,52,0.0188679
37957,53,52,0.0188679
37960,53,52,0.0188679
37962,53,52,0.0188679
37966,53,52,0.0188679
37970,53,52,0.0188679
37979,53,52,0.0188679
37983,53,52,0.0188679
37984,53,52,0.0188679
37986,53,52,0.0188679
37987,53,52,0.0188679
37991,53,52,0.0188679
37993,53,52,0.0188679
37998,53,52,0.0188679
38000,53,52,0.0188679
38001,53,52,0.0188679
38008,53,52,0.0188679
38011,53,52,0.0188679
38013,53,52,0.0188679
38014,53,52,0.0188679
38017,53,52,0.0188679
38019,53,52,0.0188679
38029,53,52,0.0188679
38030,53,52,0.0188679
38039,53,52,0.0188679
38041,53,52,0.0188679
38043,53,52,0.0188679
38045,53,52,0.0188679
38047,53,52,0.0188679
38050,53,52,0.0188679
38052,53,52,0.0188679
38054,53,52,0.0188679
38055,53,52,0.0188679
38056,53,52,0.0188679
38057,53,52,0.0188679
38058,53,52,0.0188679
38065,53,52,0.0188679
38067,53,52,0.0188679
38069,53,52,0.0188679
38070,53,52,0.0188679
38072,53,52,0.0188679
38074,53,52,0.0188679
38081,53,52,0.0188679
38083,53,52,0.0188679
38085,53,52,0.0188679
38086,53,52,0.0188679
38087,53,52,0.0188679
38089,53,52,0.0188679
38091,53,52,0.0188679
38093,53,52,0.0188679
38098,53,52,0.0188679
38101,53,52,0.0188679
38103,53,52,0.0188679
38105,53,52,0.0188679
38106,53,52,0.0188679
38108,53,52,0.0188679
38109,53,52,0.0188679
38110,53,52,0.0188679
38111,53,52,0.0188679
38112,53,52,0.0188679
38114,53,52,0.0188679
38115,53,52,0.0188679
38117,53,52,0.0188679
38120,53,52,0.0188679
38122,53,52,0.0188679
38124,53,52,0.0188679
38126,53,52,0.0188679
38127,53,52,0.0188679
38129,53,52,0.0188679
38134,53,52,0.0188679
38136,53,52,0.0188679
38137,53,52,0.0188679
38139,53,52,0.0188679
38141,53,52,0.0188679
38142,53,52,0.0188679
38146,53,52,0.0188679
38148,53,52,0.0188679
38150,53,52,0.0188679
38153,53,52,0.0188679
38155,53,52,0.0188679
38156,53,52,0.0188679
38158,53,52,0.0188679
38160,53,52,0.0188679
38161,53,52,0.0188679
38163,53,52,0.0188679
38166,53,52,0.0188679
38167,53,52,0.0188679
38169,53,52,0.0188679
38171,53,52,0.0188679
38173,53,52,0.0188679
38175,53,52,0.0188679
38179,53,52,0.0188679
38182,53,52,0.0188679
38184,53,52,0.0188679
38188,53,52,0.0188679
38192,53,52,0.0188679
38194,53,52,0.0188679
38197,53,52,0.0188679
38199,53,52,0.0188679
38201,53,52,0.0188679
38203,53,52,0.0188679
38205,53,52,0.0188679
38209,53,52,0.0188679
38212,53,52,0.0188679
38216,53,52,0.0188679
38218,53,52,0.0188679
38219,53,52,0.0188679
38223,53,52,0.0188679
38224,53,52,0.0188679
38226,53,52,0.0188679
38227,53,52,0.0188679
38232,53,52,0.0188679
38236,53,52,0.0188679
38239,53,52,0.0188679
38242,53,52,0.0188679
38245,53,52,0.0188679
38246,53,52,0.0188679
38248,53,52,0.0188679
38249,53,52,0.0188679
38250,53,52,0.0188679
38251,53,52,0.0188679
38253,53,52,0.0188679
38255,53,52,0.0188679
38257,53,52,0.0188679
38258,53,52,0.0188679
38259,53,52,0.0188679
38261,53,52,0.0188679
38265,53,52,0.0188679
38269,53,52,0.0188679
38273,53,52,0.0188679
38275,53,52,0.0188679
38278,53,52,0.0188679
38280,53,52,0.0188679
38283,53,52,0.0188679
38284,53,52,0.0188679
38286,53,52,0.0188679
38287,53,52,0.0188679
38288,53,52,0.0188679
38290,53,52,0.0188679
38291,53,52,0.0188679
38292,53,52,0.0188679
38294,53,52,0.0188679
38295,53,52,0.0188679
38298,53,52,0.0188679
38300,53,52,0.0188679
38302,53,52,0.0188679
38303,53,52,0.0188679
38304,53,52,0.0188679
38306,53,52,0.0188679
38307,53,52,0.0188679
38309,53,52,0.0188679
38310,53,52,0.0188679
38313,53,52,0.0188679
38314,53,52,0.0188679
38316,53,52,0.0188679
38317,53,52,0.0188679
38319,53,52,0.0188679
38322,53,52,0.0188679
38324,53,52,0.0188679
38326,53,52,0.0188679
38328,53,52,0.0188679
38330,53,52,0.0188679
38331,53,52,0.0188679
38338,53,52,0.0188679
38340,53,52,0.0188679
38342,53,52,0.0188679
38343,53,52,0.0188679
38345,53,52,0.0188679
38347,53,52,0.0188679
38349,53,52,0.0188679
38351,53,52,0.0188679
38354,53,52,0.0188679
38357,53,52,0.0188679
38359,53,52,0.0188679
38361,53,52,0.0188679
38362,53,52,0.0188679
38364,53,52,0.0188679
38366,53,52,0.0188679
38367,53,52,0.0188679
38372,53,52,0.0188679
38375,53,52,0.0188679
38377,53,52,0.0188679
38383,53,52,0.0188679
38385,53,52,0.0188679
38387,53,52,0.0188679
38388,53,52,0.0188679
38392,53,52,0.0188679
38394,53,52,0.0188679
38395,53,52,0.0188679
38401,53,52,0.0188679
38406,53,52,0.0188679
38407,53,52,0.0188679
38408,53,52,0.0188679
38409,53,52,0.0188679
38410,53,52,0.0188679
38412,53,52,0.0188679
38413,53,52,0.0188679
38414,53,52,0.0188679
38416,53,52,0.0188679
38422,53,52,0.0188679
38423,53,52,0.0188679
38424,53,52,0.0188679
38425,53,52,0.0188679
38426,53,52,0.0188679
38427,53,52,0.0188679
38429,53,52,0.0188679
38430,53,52,0.0188679
38431,53,52,0.0188679
38433,53,52,0.0188679
38439,53,52,0.0188679
38440,53,52,0.0188679
38441,53,52,0.0188679
38442,53,52,0.0188679
38444,53,52,0.0188679
38447,53,52,0.0188679
38448,53,52,0.0188679
38449,53,52,0.0188679
38451,53,52,0.0188679
38452,53,52,0.0188679
38453,53,52,0.0188679
38456,53,52,0.0188679
38457,53,52,0.0188679
38459,53,52,0.0188679
38461,53,52,0.0188679
38464,53,52,0.0188679
38465,53,52,0.0188679
38467,53,52,0.0188679
38468,53,52,0.0188679
38469,53,52,0.0188679
38471,53,52,0.0188679
38474,53,52,0.0188679
38481,53,52,0.0188679
38485,53,52,0.0188679
38487,53,52,0.0188679
38490,53,52,0.0188679
38491,53,52,0.0188679
38492,53,52,0.0188679
38493,53,52,0.0188679
38495,53,52,0.0188679
38506,53,52,0.0188679
38508,53,52,0.0188679
38513,53,52,0.0188679
38519,53,52,0.0188679
38527,53,52,0.0188679
38533,53,52,0.0188679
38534,53,52,0.0188679
38539,53,52,0.0188679
38541,53,52,0.0188679
38543,53,52,0.0188679
38547,53,52,0.0188679
38555,53,52,0.0188679
38559,53,52,0.0188679
38562,53,52,0.0188679
38568,53,52,0.0188679
38571,53,52,0.0188679
38574,53,52,0.0188679
38575,53,52,0.0188679
38576,53,52,0.0188679
38578,53,52,0.0188679
38583,53,52,0.0188679
38584,53,52,0.0188679
38585,53,52,0.0188679
38587,53,52,0.0188679
38590,53,52,0.0188679
38592,53,52,0.0188679
38594,53,52,0.0188679
38595,53,52,0.0188679
38604,53,52,0.0188679
38606,53,52,0.0188679
38609,53,52,0.0188679
38610,53,52,0.0188679
38618,53,52,0.0188679
38620,53,52,0.0188679
38623,53,52,0.0188679
38624,53,52,0.0188679
38625,53,52,0.0188679
38631,53,52,0.0188679
38633,53,52,0.0188679
38635,53,52,0.0188679
38637,53,52,0.0188679
38638,53,52,0.0188679
38639,53,52,0.0188679
38641,53,52,0.0188679
38642,53,52,0.0188679
38645,53,52,0.0188679
38648,53,52,0.0188679
38653,53,52,0.0188679
38656,53,52,0.0188679
38659,53,52,0.0188679
38660,53,52,0.0188679
38662,53,52,0.0188679
38664,53,52,0.0188679
38666,53,52,0.0188679
38668,53,52,0.0188679
38671,53,52,0.0188679
38673,53,52,0.0188679
38674,53,52,0.0188679
38675,53,52,0.0188679
38676,53,52,0.0188679
38677,53,52,0.0188679
38679,53,52,0.0188679
38680,53,52,0.0188679
38682,53,52,0.0188679
38683,53,52,0.0188679
38684,53,52,0.0188679
38686,53,52,0.0188679
38687,53,52,0.0188679
38689,53,52,0.0188679
38690,53,52,0.0188679
38691,53,52,0.0188679
38692,53,52,0.0188679
38694,53,52,0.0188679
38695,53,52,0.0188679
38697,53,52,0.0188679
38703,53,52,0.0188679
38710,53,52,0.0188679
38711,53,52,0.0188679
38713,53,52,0.0188679
38715,53,52,0.0188679
38723,53,52,0.0188679
38726,53,52,0.0188679
38728,53,52,0.0188679
38738,53,52,0.0188679
38745,53,52,0.0188679
38747,53,52,0.0188679
38757,53,52,0.0188679
38761,53,52,0.0188679
38763,53,52,0.0188679
38764,53,52,0.0188679
38771,53,52,0.0188679
38774,53,52,0.0188679
38776,53,52,0.0188679
38777,53,52,0.0188679
38778,53,52,0.0188679
38779,53,52,0.0188679
38781,53,52,0.0188679
38783,53,52,0.0188679
38784,53,52,0.0188679
38785,53,52,0.0188679
38789,53,52,0.0188679
38792,53,52,0.0188679
38794,53,52,0.0188679
38797,53,52,0.0188679
38799,53,52,0.0188679
38806,53,52,0.0188679
38807,53,52,0.0188679
38809,53,52,0.0188679
38811,53,52,0.0188679
38812,53,52,0.0188679
38813,53,52,0.0188679
38815,53,52,0.0188679
38817,53,52,0.0188679
38819,53,52,0.0188679
38820,53,52,0.0188679
38824,53,52,0.0188679
38825,53,52,0.0188679
38826,53,52,0.0188679
38828,53,52,0.0188679
38832,53,52,0.0188679
38833,53,52,0.0188679
38834,53,52,0.0188679
38836,53,52,0.0188679
38838,53,52,0.0188679
38847,53,52,0.0188679
38849,53,52,0.0188679
38850,53,52,0.0188679
38851,53,52,0.0188679
38853,53,52,0.0188679
38858,53,52,0.0188679
38861,53,52,0.0188679
38863,53,52,0.0188679
38866,53,52,0.0188679
38874,53,52,0.0188679
38877,53,52,0.0188679
38879,53,52,0.0188679
38881,53,52,0.0188679
38884,53,52,0.0188679
38887,53,52,0.0188679
38888,53,52,0.0188679
38893,53,52,0.0188679
38895,53,52,0.0188679
38898,53,52,0.0188679
38900,53,52,0.0188679
38901,53,52,0.0188679
38902,53,52,0.0188679
38903,53,52,0.0188679
38908,53,52,0.0188679
38909,53,52,0.0188679
38911,53,52,0.0188679
38913,53,52,0.0188679
38914,53,52,0.0188679
38916,53,52,0.0188679
38917,53,52,0.0188679
38918,53,52,0.0188679
38919,53,52,0.0188679
38921,53,52,0.0188679
38922,53,52,0.0188679
38923,53,52,0.0188679
38924,53,52,0.0188679
38925,53,52,0.0188679
38926,53,52,0.0188679
38927,53,52,0.0188679
38928,53,52,0.0188679
38931,53,52,0.0188679
38940,53,52,0.0188679
38943,53,52,0.0188679
38944,53,52,0.0188679
38945,53,52,0.0188679
38946,53,52,0.0188679
38948,53,52,0.0188679
38949,53,52,0.0188679
38950,53,52,0.0188679
38951,53,52,0.0188679
38953,53,52,0.0188679
38954,53,52,0.0188679
38955,53,52,0.0188679
38957,53,52,0.0188679
38958,53,52,0.0188679
38960,53,52,0.0188679
38962,53,52,0.0188679
38964,53,52,0.0188679
38966,53,52,0.0188679
38969,53,52,0.0188679
38972,53,52,0.0188679
38973,53,52,0.0188679
38975,53,52,0.0188679
38977,53,52,0.0188679
38980,53,52,0.0188679
38986,53,52,0.0188679
38988,53,52,0.0188679
38989,53,52,0.0188679
38990,53,52,0.0188679
38991,53,52,0.0188679
38993,53,52,0.0188679
38995,53,52,0.0188679
38996,53,52,0.0188679
38997,53,52,0.0188679
38998,53,52,0.0188679
39000,53,52,0.0188679
39001,53,52,0.0188679
39003,53,52,0.0188679
39004,53,52,0.0188679
39009,53,52,0.0188679
39012,53,52,0.0188679
39013,53,52,0.0188679
39014,53,52,0.0188679
39016,53,52,0.0188679
39017,53,52,0.0188679
39018,53,52,0.0188679
39019,53,52,0.0188679
39022,53,52,0.0188679
39024,53,52,0.0188679
39026,53,52,0.0188679
39027,53,52,0.0188679
39029,53,52,0.0188679
39038,53,52,0.0188679
39040,53,52,0.0188679
39042,53,52,0.0188679
39046,53,52,0.0188679
39048,53,52,0.0188679
39053,53,52,0.0188679
39056,53,52,0.0188679
39057,53,52,0.0188679
39058,53,52,0.0188679
39059,53,52,0.0188679
39061,53,52,0.0188679
39065,53,52,0.0188679
39068,53,52,0.0188679
39070,53,52,0.0188679
39071,53,52,0.0188679
39072,53,52,0.0188679
39077,53,52,0.0188679
39078,53,52,0.0188679
39080,53,52,0.0188679
39083,53,52,0.0188679
39084,53,52,0.0188679
39085,53,52,0.0188679
39087,53,52,0.0188679
39088,53,52,0.0188679
39094,53,52,0.0188679
39096,53,52,0.0188679
39097,53,52,0.0188679
39099,53,52,0.0188679
39100,53,52,0.0188679
39101,53,52,0.0188679
39102,53,52,0.0188679
39108,53,52,0.0188679
39109,53,52,0.0188679
39111,53,52,0.0188679
39114,53,52,0.0188679
39115,53,52,0.0188679
39116,53,52,0.0188679
39119,53,52,0.0188679
39121,53,52,0.0188679
39122,53,52,0.0188679
39123,53,52,0.0188679
39125,53,52,0.0188679
39126,53,52,0.0188679
39127,53,52,0.0188679
39128,53,52,0.0188679
39129,53,52,0.0188679
39130,53,52,0.0188679
39131,53,52,0.0188679
39132,53,52,0.0188679
39134,53,52,0.0188679
39136,53,52,0.0188679
39140,53,52,0.0188679
39141,53,52,0.0188679
39142,53,52,0.0188679
39143,53,52,0.0188679
39145,53,52,0.0188679
39147,53,52,0.0188679
39149,53,52,0.0188679
39150,53,52,0.0188679
39151,53,52,0.0188679
39153,53,52,0.0188679
39157,53,52,0.0188679
39158,53,52,0.0188679
39159,53,52,0.0188679
39164,53,52,0.0188679
39165,53,52,0.0188679
39168,53,52,0.0188679
39177,53,52,0.0188679
39184,53,52,0.0188679
39192,53,52,0.0188679
39198,53,52,0.0188679
39200,53,52,0.0188679
39206,53,52,0.0188679
39208,53,52,0.0188679
39209,53,52,0.0188679
39210,53,52,0.0188679
39212,53,52,0.0188679
39213,53,52,0.0188679
39216,53,52,0.0188679
39217,53,52,0.0188679
39219,53,52,0.0188679
39222,53,52,0.0188679
39226,53,52,0.0188679
39229,53,52,0.0188679
39230,53,52,0.0188679
39232,53,52,0.0188679
39239,53,52,0.0188679
39244,53,52,0.0188679
39246,53,52,0.0188679
39247,53,52,0.0188679
39248,53,52,0.0188679
39249,53,52,0.0188679
39251,53,52,0.0188679
39253,53,52,0.0188679
39255,53,52,0.0188679
39257,53,52,0.0188679
39258,53,52,0.0188679
39259,53,52,0.0188679
39260,53,52,0.0188679
39263,53,52,0.0188679
39265,53,52,0.0188679
39276,53,52,0.0188679
39277,53,52,0.0188679
39279,53,52,0.0188679
39282,53,52,0.0188679
39284,53,52,0.0188679
39291,53,52,0.0188679
39292,53,52,0.0188679
39293,53,52,0.0188679
39295,53,52,0.0188679
39296,53,52,0.0188679
39301,53,52,0.0188679
39308,53,52,0.0188679
39309,53,52,0.0188679
39310,53,52,0.0188679
39312,53,52,0.0188679
39313,53,52,0.0188679
39315,53,52,0.0188679
39319,53,52,0.0188679
39323,53,52,0.0188679
39326,53,52,0.0188679
39330,53,52,0.0188679
39335,53,52,0.0188679
39336,53,52,0.0188679
39337,53,52,0.0188679
39338,53,52,0.0188679
39339,53,52,0.0188679
39342,53,52,0.0188679
39344,53,52,0.0188679
39345,53,52,0.0188679
39346,53,52,0.0188679
39348,53,52,0.0188679
39349,53,52,0.0188679
39350,53,52,0.0188679
39351,53,52,0.0188679
39352,53,52,0.0188679
39357,53,52,0.0188679
39360,53,52,0.0188679
39364,53,52,0.0188679
39366,53,52,0.0188679
39368,53,52,0.0188679
39373,53,52,0.0188679
39377,53,52,0.0188679
39379,53,52,0.0188679
39382,53,52,0.0188679
39386,53,52,0.0188679
39388,53,52,0.0188679
39389,53,52,0.0188679
39391,53,52,0.0188679
39392,53,52,0.0188679
39393,53,52,0.0188679
39395,53,52,0.0188679
39396,53,52,0.0188679
39397,53,52,0.0188679
39402,53,52,0.0188679
39404,53,52,0.0188679
39406,53,52,0.0188679
39407,53,52,0.0188679
39408,53,52,0.0188679
39410,53,52,0.0188679
39411,53,52,0.0188679
39412,53,52,0.0188679
39413,53,52,0.0188679
39415,53,52,0.0188679
39417,53,52,0.0188679
39418,53,52,0.0188679
39420,53,52,0.0188679
39421,53,52,0.0188679
39422,53,52,0.0188679
39424,53,52,0.0188679
39430,53,52,0.0188679
39433,53,52,0.0188679
39435,53,52,0.0188679
39437,53,52,0.0188679
39438,53,52,0.0188679
39440,53,52,0.0188679
39441,53,52,0.0188679
39443,53,52,0.0188679
39444,53,52,0.0188679
39445,53,52,0.0188679
39446,53,52,0.0188679
39447,53,52,0.0188679
39448,53,52,0.0188679
39453,53,52,0.0188679
39454,53,52,0.0188679
39458,53,52,0.0188679
39459,53,52,0.0188679
39460,53,52,0.0188679
39464,53,52,0.0188679
39466,53,52,0.0188679
39468,53,52,0.0188679
39469,53,52,0.0188679
39471,53,52,0.0188679
39473,53,52,0.0188679
39474,53,52,0.0188679
39475,53,52,0.0188679
39477,53,52,0.0188679
39479,53,52,0.0188679
39480,53,52,0.0188679
39482,53,52,0.0188679
39483,53,52,0.0188679
39484,53,52,0.0188679
39488,53,52,0.0188679
39490,53,52,0.0188679
39491,53,52,0.0188679
39492,53,52,0.0188679
39493,53,52,0.0188679
39497,53,52,0.0188679
39498,53,52,0.0188679
39499,53,52,0.0188679
39500,53,52,0.0188679
39503,53,52,0.0188679
39505,53,52,0.0188679
39508,53,52,0.0188679
39515,53,52,0.0188679
39517,53,52,0.0188679
39518,53,52,0.0188679
39523,53,52,0.0188679
39525,53,52,0.0188679
39527,53,52,0.0188679
39528,53,52,0.0188679
39529,53,52,0.0188679
39533,53,52,0.0188679
39539,53,52,0.0188679
39546,53,52,0.0188679
39552,53,52,0.0188679
39554,53,52,0.0188679
39558,53,52,0.0188679
39560,53,52,0.0188679
39562,53,52,0.0188679
39564,53,52,0.0188679
39571,53,52,0.0188679
39576,53,52,0.0188679
39578,53,52,0.0188679
39579,53,52,0.0188679
39581,53,52,0.0188679
39583,53,52,0.0188679
39586,53,52,0.0188679
39589,53,52,0.0188679
39590,53,52,0.0188679
39592,53,52,0.0188679
39594,53,52,0.0188679
39595,53,52,0.0188679
39596,53,52,0.0188679
39604,53,52,0.0188679
39610,53,52,0.0188679
39612,53,52,0.0188679
39615,53,52,0.0188679
39618,53,52,0.0188679
39621,53,52,0.0188679
39626,53,52,0.0188679
39627,53,52,0.0188679
39628,53,52,0.0188679
39629,53,52,0.0188679
39631,53,52,0.0188679
39635,53,52,0.0188679
39637,53,52,0.0188679
39638,53,52,0.0188679
39639,53,52,0.0188679
39641,53,52,0.0188679
39642,53,52,0.0188679
39645,53,52,0.0188679
39646,53,52,0.0188679
39650,53,52,0.0188679
39652,53,52,0.0188679
39654,53,52,0.0188679
39661,53,52,0.0188679
39667,53,52,0.0188679
39668,53,52,0.0188679
39670,53,52,0.0188679
39672,53,52,0.0188679
39676,53,52,0.0188679
39686,53,52,0.0188679
39689,53,52,0.0188679
39693,53,52,0.0188679
39694,53,52,0.0188679
39695,53,52,0.0188679
39696,53,52,0.0188679
39697,53,52,0.0188679
39699,53,52,0.0188679
39700,53,52,0.0188679
39701,53,52,0.0188679
39704,53,52,0.0188679
39712,53,52,0.0188679
39713,53,52,0.0188679
39715,53,52,0.0188679
39716,53,52,0.0188679
39719,53,52,0.0188679
39721,53,52,0.0188679
39724,53,52,0.0188679
39726,53,52,0.0188679
39727,53,52,0.0188679
39728,53,52,0.0188679
39730,53,52,0.0188679
39731,53,52,0.0188679
39733,53,52,0.0188679
39742,53,52,0.0188679
39744,53,52,0.0188679
39750,53,52,0.0188679
39756,53,52,0.0188679
39759,53,52,0.0188679
39764,53,52,0.0188679
39766,53,52,0.0188679
39768,53,52,0.0188679
39769,53,52,0.0188679
39771,53,52,0.0188679
39772,53,52,0.0188679
39773,53,52,0.0188679
39774,53,52,0.0188679
39775,53,52,0.0188679
39779,53,52,0.0188679
39781,53,52,0.0188679
39785,53,52,0.0188679
39787,53,52,0.0188679
39788,53,52,0.0188679
39789,53,52,0.0188679
39790,53,52,0.0188679
39791,53,52,0.0188679
39794,53,52,0.0188679
39804,53,52,0.0188679
39805,53,52,0.0188679
39806,53,52,0.0188679
39807,53,52,0.0188679
39809,53,52,0.0188679
39812,53,52,0.0188679
39814,53,52,0.0188679
39816,53,52,0.0188679
39822,53,52,0.0188679
39824,53,52,0.0188679
39830,53,52,0.0188679
39831,53,52,0.0188679
39833,53,52,0.0188679
39835,53,52,0.0188679
39837,53,52,0.0188679
39839,53,52,0.0188679
39840,53,52,0.0188679
39841,53,52,0.0188679
39842,53,52,0.0188679
39843,53,52,0.0188679
39845,53,52,0.0188679
39846,53,52,0.0188679
39850,53,52,0.0188679
39851,53,52,0.0188679
39853,53,52,0.0188679
39854,53,52,0.0188679
39855,53,52,0.0188679
39856,53,52,0.0188679
39857,53,52,0.0188679
39859,53,52,0.0188679
39860,53,52,0.0188679
39865,53,52,0.0188679
39868,53,52,0.0188679
39876,53,52,0.0188679
39878,53,52,0.0188679
39884,53,52,0.0188679
39888,53,52,0.0188679
39890,53,52,0.0188679
39895,53,52,0.0188679
39897,53,52,0.0188679
39899,53,52,0.0188679
39900,53,52,0.0188679
39902,53,52,0.0188679
39907,53,52,0.0188679
39910,53,52,0.0188679
39912,53,52,0.0188679
39915,53,52,0.0188679
39916,53,52,0.0188679
39921,53,52,0.0188679
39923,53,52,0.0188679
39925,53,52,0.0188679
39927,53,52,0.0188679
39930,53,52,0.0188679
39932,53,52,0.0188679
39933,53,52,0.0188679
39937,53,52,0.0188679
39939,53,52,0.0188679
39941,53,52,0.0188679
39942,53,52,0.0188679
39944,53,52,0.0188679
39945,53,52,0.0188679
39946,53,52,0.0188679
39947,53,52,0.0188679
39948,53,52,0.0188679
39951,53,52,0.0188679
39952,53,52,0.0188679
39954,53,52,0.0188679
39955,53,52,0.0188679
39958,53,52,0.0188679
39959,53,52,0.0188679
39960,53,52,0.0188679
39962,53,52,0.0188679
39964,53,52,0.0188679
39966,53,52,0.0188679
39971,53,52,0.0188679
39974,53,52,0.0188679
39975,53,52,0.0188679
39976,53,52,0.0188679
39978,53,52,0.0188679
39979,53,52,0.0188679
39980,53,52,0.0188679
39982,53,52,0.0188679
39983,53,52,0.0188679
39985,53,52,0.0188679
39986,53,52,0.0188679
39987,53,52,0.0188679
39988,53,52,0.0188679
39990,53,52,0.0188679
39991,53,52,0.0188679
39992,53,52,0.0188679
39994,53,52,0.0188679
40003,53,52,0.0188679
40008,53,52,0.0188679
40014,53,52,0.0188679
40015,53,52,0.0188679
40016,53,52,0.0188679
40017,53,52,0.0188679
40019,53,52,0.0188679
40020,53,52,0.0188679
40024,53,52,0.0188679
40026,53,52,0.0188679
40027,53,52,0.0188679
40029,53,52,0.0188679
40031,53,52,0.0188679
40033,53,52,0.0188679
40034,53,52,0.0188679
40038,53,52,0.0188679
40039,53,52,0.0188679
40040,53,52,0.0188679
40041,53,52,0.0188679
40042,53,52,0.0188679
40044,53,52,0.0188679
40045,53,52,0.0188679
40046,53,52,0.0188679
40048,53,52,0.0188679
40049,53,52,0.0188679
40051,53,52,0.0188679
40054,53,52,0.0188679
40055,53,52,0.0188679
40056,53,52,0.0188679
40057,53,52,0.0188679
40060,53,52,0.0188679
40061,53,52,0.0188679
40062,53,52,0.0188679
40075,53,52,0.0188679
40082,53,52,0.0188679
40090,53,52,0.0188679
40094,53,52,0.0188679
40097,53,52,0.0188679
40099,53,52,0.0188679
40104,53,52,0.0188679
40108,53,52,0.0188679
40113,53,52,0.0188679
40120,53,52,0.0188679
40124,53,52,0.0188679
40125,53,52,0.0188679
40127,53,52,0.0188679
40132,53,52,0.0188679
40133,53,52,0.0188679
40135,53,52,0.0188679
40136,53,52,0.0188679
40138,53,52,0.0188679
40139,53,52,0.0188679
40141,53,52,0.0188679
40142,53,52,0.0188679
40144,53,52,0.0188679
40146,53,52,0.0188679
40150,53,52,0.0188679
40156,53,52,0.0188679
40162,53,52,0.0188679
40163,53,52,0.0188679
40166,53,52,0.0188679
40167,53,52,0.0188679
40169,53,52,0.0188679
40170,53,52,0.0188679
40171,53,52,0.0188679
40172,53,52,0.0188679
40178,53,52,0.0188679
40180,53,52,0.0188679
40185,53,52,0.0188679
40188,53,52,0.0188679
40190,53,52,0.0188679
40191,53,52,0.0188679
40194,53,52,0.0188679
40195,53,52,0.0188679
40196,53,52,0.0188679
40200,53,52,0.0188679
40203,53,52,0.0188679
40204,53,52,0.0188679
40205,53,52,0.0188679
40206,53,52,0.0188679
40207,53,52,0.0188679
40209,53,52,0.0188679
40213,53,52,0.0188679
40215,53,52,0.0188679
40217,53,52,0.0188679
40218,53,52,0.0188679
40219,53,52,0.0188679
40221,53,52,0.0188679
40222,53,52,0.0188679
40226,53,52,0.0188679
40229,53,52,0.0188679
40235,53,52,0.0188679
40239,53,52,0.0188679
40240,53,52,0.0188679
40241,53,52,0.0188679
40246,53,52,0.0188679
40247,53,52,0.0188679
40248,53,52,0.0188679
40250,53,52,0.0188679
40251,53,52,0.0188679
40253,53,52,0.0188679
40254,53,52,0.0188679
40258,53,52,0.0188679
40262,53,52,0.0188679
40264,53,52,0.0188679
40265,53,52,0.0188679
40268,53,52,0.0188679
40269,53,52,0.0188679
40271,53,52,0.0188679
40272,53,52,0.0188679
40273,53,52,0.0188679
40274,53,52,0.0188679
40275,53,52,0.0188679
40278,53,52,0.0188679
40280,53,52,0.0188679
40281,53,52,0.0188679
40282,53,52,0.0188679
40283,53,52,0.0188679
40285,53,52,0.0188679
40291,53,52,0.0188679
40292,53,52,0.0188679
40293,53,52,0.0188679
40295,53,52,0.0188679
40301,53,52,0.0188679
40302,53,52,0.0188679
40304,53,52,0.0188679
40307,53,52,0.0188679
40311,53,52,0.0188679
40313,53,52,0.0188679
40318,53,52,0.0188679
40319,53,52,0.0188679
40323,53,52,0.0188679
40324,53,52,0.0188679
40327,53,52,0.0188679
40328,53,52,0.0188679
40329,53,52,0.0188679
40331,53,52,0.0188679
40333,53,52,0.0188679
40334,53,52,0.0188679
40335,53,52,0.0188679
40336,53,52,0.0188679
40339,53,52,0.0188679
40340,53,52,0.0188679
40341,53,52,0.0188679
40342,53,52,0.0188679
40344,53,52,0.0188679
40346,53,52,0.0188679
40347,53,52,0.0188679
40348,53,52,0.0188679
40350,53,52,0.0188679
40352,53,52,0.0188679
40359,53,52,0.0188679
40360,53,52,0.0188679
40363,53,52,0.0188679
40364,53,52,0.0188679
40368,53,52,0.0188679
40372,53,52,0.0188679
40373,53,52,0.0188679
40378,53,52,0.0188679
40381,53,52,0.0188679
40385,53,52,0.0188679
40386,53,52,0.0188679
40389,53,52,0.0188679
40391,53,52,0.0188679
40392,53,52,0.0188679
40394,53,52,0.0188679
40399,53,52,0.0188679
40401,53,52,0.0188679
40402,53,52,0.0188679
40404,53,52,0.0188679
40409,53,52,0.0188679
40410,53,52,0.0188679
40417,53,52,0.0188679
40421,53,52,0.0188679
40423,53,52,0.0188679
40425,53,52,0.0188679
40430,53,52,0.0188679
40437,53,52,0.0188679
40438,53,52,0.0188679
40442,53,52,0.0188679
40444,53,52,0.0188679
40449,53,52,0.0188679
40453,53,52,0.0188679
40456,53,52,0.0188679
40458,53,52,0.0188679
40461,53,52,0.0188679
40469,53,52,0.0188679
40471,53,52,0.0188679
40472,53,52,0.0188679
40473,53,52,0.0188679
40474,53,52,0.0188679
40477,53,52,0.0188679
40478,53,52,0.0188679
40480,53,52,0.0188679
40484,53,52,0.0188679
40485,53,52,0.0188679
40486,53,52,0.0188679
40488,53,52,0.0188679
40489,53,52,0.0188679
40490,53,52,0.0188679
40492,53,52,0.0188679
40494,53,52,0.0188679
40495,53,52,0.0188679
40498,53,52,0.0188679
40505,53,52,0.0188679
40510,53,52,0.0188679
40511,53,52,0.0188679
40513,53,52,0.0188679
40514,53,52,0.0188679
40517,53,52,0.0188679
40521,53,52,0.0188679
40522,53,52,0.0188679
40527,53,52,0.0188679
40528,53,52,0.0188679
40531,53,52,0.0188679
40534,53,52,0.0188679
40535,53,52,0.0188679
40537,53,52,0.0188679
40539,53,52,0.0188679
40540,53,52,0.0188679
40545,53,52,0.0188679
40547,53,52,0.0188679
40549,53,52,0.0188679
40557,53,52,0.0188679
40559,53,52,0.0188679
40560,53,52,0.0188679
40563,53,52,0.0188679
40564,53,52,0.0188679
40565,53,52,0.0188679
40572,53,52,0.0188679
40573,53,52,0.0188679
40575,53,52,0.0188679
40577,53,52,0.0188679
40579,53,52,0.0188679
40580,53,52,0.0188679
40585,53,52,0.0188679
40586,53,52,0.0188679
40589,53,52,0.0188679
40591,53,52,0.0188679
40595,53,52,0.0188679
40596,53,52,0.0188679
40597,53,52,0.0188679
40598,53,52,0.0188679
40604,53,52,0.0188679
40606,53,52,0.0188679
40608,53,52,0.0188679
40611,53,52,0.0188679
40613,53,52,0.0188679
40615,53,52,0.0188679
40616,53,52,0.0188679
40617,53,52,0.0188679
40618,53,52,0.0188679
40621,53,52,0.0188679
40622,53,52,0.0188679
40626,53,52,0.0188679
40628,53,52,0.0188679
40629,53,52,0.0188679
40630,53,52,0.0188679
40631,53,52,0.0188679
40632,53,52,0.0188679
40633,53,52,0.0188679
40634,53,52,0.0188679
40635,53,52,0.0188679
40642,53,52,0.0188679
40643,53,52,0.0188679
40645,53,52,0.0188679
40647,53,52,0.0188679
40648,53,52,0.0188679
40649,53,52,0.0188679
40657,53,52,0.0188679
40660,53,52,0.0188679
40663,53,52,0.0188679
40665,53,52,0.0188679
40668,53,52,0.0188679
40672,53,52,0.0188679
40674,53,52,0.0188679
40675,53,52,0.0188679
40676,53,52,0.0188679
40678,53,52,0.0188679
40679,53,52,0.0188679
40680,53,52,0.0188679
40682,53,52,0.0188679
40685,53,52,0.0188679
40689,53,52,0.0188679
40690,53,52,0.0188679
40691,53,52,0.0188679
40693,53,52,0.0188679
40698,53,52,0.0188679
40700,53,52,0.0188679
40702,53,52,0.0188679
40703,53,52,0.0188679
40705,53,52,0.0188679
40707,53,52,0.0188679
40709,53,52,0.0188679
40713,53,52,0.0188679
40714,53,52,0.0188679
40715,53,52,0.0188679
40717,53,52,0.0188679
40724,53,52,0.0188679
40725,53,52,0.0188679
40726,53,52,0.0188679
40727,53,52,0.0188679
40729,53,52,0.0188679
40730,53,52,0.0188679
40732,53,52,0.0188679
40735,53,52,0.0188679
40736,53,52,0.0188679
40738,53,52,0.0188679
40739,53,52,0.0188679
40741,53,52,0.0188679
40743,53,52,0.0188679
40744,53,52,0.0188679
40745,53,52,0.0188679
40746,53,52,0.0188679
40747,53,52,0.0188679
40748,53,52,0.0188679
40751,53,52,0.0188679
40755,53,52,0.0188679
40757,53,52,0.0188679
40759,53,52,0.0188679
40762,53,52,0.0188679
40766,53,52,0.0188679
40777,53,52,0.0188679
40779,53,52,0.0188679
40783,53,52,0.0188679
40784,53,52,0.0188679
40785,53,52,0.0188679
40789,53,52,0.0188679
40791,53,52,0.0188679
40795,53,52,0.0188679
40796,53,52,0.0188679
40797,53,52,0.0188679
40798,53,52,0.0188679
40802,53,52,0.0188679
40804,53,52,0.0188679
40805,53,52,0.0188679
40806,53,52,0.0188679
40811,53,52,0.0188679
40812,53,52,0.0188679
40814,53,52,0.0188679
40817,53,52,0.0188679
40825,53,52,0.0188679
40828,53,52,0.0188679
40829,53,52,0.0188679
40830,53,52,0.0188679
40831,53,52,0.0188679
40832,53,52,0.0188679
40836,53,52,0.0188679
40838,53,52,0.0188679
40844,53,52,0.0188679
40848,53,52,0.0188679
40855,53,52,0.0188679
40857,53,52,0.0188679
40858,53,52,0.0188679
40860,53,52,0.0188679
40861,53,52,0.0188679
40862,53,52,0.0188679
40863,53,52,0.0188679
40864,53,52,0.0188679
40865,53,52,0.0188679
40866,53,52,0.0188679
40868,53,52,0.0188679
40870,53,52,0.0188679
40873,53,52,0.0188679
40874,53,52,0.0188679
40876,53,52,0.0188679
40877,53,52,0.0188679
40879,53,52,0.0188679
40880,53,52,0.0188679
40881,53,52,0.0188679
40882,53,52,0.0188679
40883,53,52,0.0188679
40884,53,52,0.0188679
40890,53,52,0.0188679
40891,53,52,0.0188679
40892,53,52,0.0188679
40893,53,52,0.0188679
40895,53,52,0.0188679
40897,53,52,0.0188679
40898,53,52,0.0188679
40903,53,52,0.0188679
40904,53,52,0.0188679
40907,53,52,0.0188679
40908,53,52,0.0188679
40909,53,52,0.0188679
40910,53,52,0.0188679
40912,53,52,0.0188679
40913,53,52,0.0188679
40914,53,52,0.0188679
40915,53,52,0.0188679
40917,53,52,0.0188679
40919,53,52,0.0188679
40921,53,52,0.0188679
40923,53,52,0.0188679
40924,53,52,0.0188679
40928,53,52,0.0188679
40929,53,52,0.0188679
40932,53,52,0.0188679
40933,53,52,0.0188679
40934,53,52,0.0188679
40935,53,52,0.0188679
40937,53,52,0.0188679
40939,53,52,0.0188679
40940,53,52,0.0188679
40941,53,52,0.0188679
40942,53,52,0.0188679
40943,53,52,0.0188679
40944,53,52,0.0188679
40945,53,52,0.0188679
40947,53,52,0.0188679
40948,53,52,0.0188679
40950,53,52,0.0188679
40951,53,52,0.0188679
40952,53,52,0.0188679
40956,53,52,0.0188679
40958,53,52,0.0188679
40962,53,52,0.0188679
40964,53,52,0.0188679
40965,53,52,0.0188679
40966,53,52,0.0188679
40967,53,52,0.0188679
40971,53,52,0.0188679
40972,53,52,0.0188679
40974,53,52,0.0188679
40975,53,52,0.0188679
40977,53,52,0.0188679
40978,53,52,0.0188679
40982,53,52,0.0188679
40985,53,52,0.0188679
40987,53,52,0.0188679
40989,53,52,0.0188679
40990,53,52,0.0188679
40992,53,52,0.0188679
40996,53,52,0.0188679
40997,53,52,0.0188679
41001,53,52,0.0188679
41004,53,52,0.0188679
41006,53,52,0.0188679
41011,53,52,0.0188679
41012,53,52,0.0188679
41014,53,52,0.0188679
41015,53,52,0.0188679
41016,53,52,0.0188679
41017,53,52,0.0188679
41018,53,52,0.0188679
41019,53,52,0.0188679
41024,53,52,0.0188679
41028,53,52,0.0188679
41029,53,52,0.0188679
41030,53,52,0.0188679
41031,53,52,0.0188679
41034,53,52,0.0188679
41038,53,52,0.0188679
41040,53,52,0.0188679
41042,53,52,0.0188679
41044,53,52,0.0188679
41049,53,52,0.0188679
41050,53,52,0.0188679
41051,53,52,0.0188679
41052,53,52,0.0188679
41053,53,52,0.0188679
41057,53,52,0.0188679
41060,53,52,0.0188679
41063,53,52,0.0188679
41064,53,52,0.0188679
41065,53,52,0.0188679
41066,53,52,0.0188679
41067,53,52,0.0188679
41069,53,52,0.0188679
41070,53,52,0.0188679
41071,53,52,0.0188679
41073,53,52,0.0188679
41076,53,52,0.0188679
41078,53,52,0.0188679
41079,53,52,0.0188679
41080,53,52,0.0188679
41081,53,52,0.0188679
41086,53,52,0.0188679
41088,53,52,0.0188679
41090,53,52,0.0188679
41092,53,52,0.0188679
41093,53,52,0.0188679
41094,53,52,0.0188679
41096,53,52,0.0188679
41097,53,52,0.0188679
41098,53,52,0.0188679
41099,53,52,0.0188679
41100,53,52,0.0188679
41104,53,52,0.0188679
41106,53,52,0.0188679
41107,53,52,0.0188679
41108,53,52,0.0188679
41109,53,52,0.0188679
41113,53,52,0.0188679
41118,53,52,0.0188679
41119,53,52,0.0188679
41120,53,52,0.0188679
41122,53,52,0.0188679
41123,53,52,0.0188679
41124,53,52,0.0188679
41125,53,52,0.0188679
41126,53,52,0.0188679
41127,53,52,0.0188679
41128,53,52,0.0188679
41129,53,52,0.0188679
41130,53,52,0.0188679
41131,53,52,0.0188679
41133,53,52,0.0188679
41135,53,52,0.0188679
41136,53,52,0.0188679
41138,53,52,0.0188679
41139,53,52,0.0188679
41140,53,52,0.0188679
41141,53,52,0.0188679
41142,53,52,0.0188679
41145,53,52,0.0188679
41146,53,52,0.0188679
41150,53,52,0.0188679
41154,53,52,0.0188679
41155,53,52,0.0188679
41157,53,52,0.0188679
41158,53,52,0.0188679
41166,53,52,0.0188679
41167,53,52,0.0188679
41169,53,52,0.0188679
41171,53,52,0.0188679
41173,53,52,0.0188679
41174,53,52,0.0188679
41175,53,52,0.0188679
41176,53,52,0.0188679
41177,53,52,0.0188679
41179,53,52,0.0188679
41180,53,52,0.0188679
41181,53,52,0.0188679
41182,53,52,0.0188679
41183,53,52,0.0188679
41184,53,52,0.0188679
41185,53,52,0.0188679
41191,53,52,0.0188679
41192,53,52,0.0188679
41194,53,52,0.0188679
41197,53,52,0.0188679
41198,53,52,0.0188679
41202,53,52,0.0188679
41203,53,52,0.0188679
41207,53,52,0.0188679
41208,53,52,0.0188679
41212,53,52,0.0188679
41221,53,52,0.0188679
41228,53,52,0.0188679
41230,53,52,0.0188679
41232,53,52,0.0188679
41233,53,52,0.0188679
41234,53,52,0.0188679
41242,53,52,0.0188679
41243,53,52,0.0188679
41246,53,52,0.0188679
41248,53,52,0.0188679
41250,53,52,0.0188679
41251,53,52,0.0188679
41253,53,52,0.0188679
41254,53,52,0.0188679
41255,53,52,0.0188679
41257,53,52,0.0188679
41258,53,52,0.0188679
41259,53,52,0.0188679
41260,53,52,0.0188679
41262,53,52,0.0188679
41264,53,52,0.0188679
41265,53,52,0.0188679
41266,53,52,0.0188679
41271,53,52,0.0188679
41273,53,52,0.0188679
41274,53,52,0.0188679
41276,53,52,0.0188679
41277,53,52,0.0188679
41279,53,52,0.0188679
41282,53,52,0.0188679
41285,53,52,0.0188679
41286,53,52,0.0188679
41288,53,52,0.0188679
41290,53,52,0.0188679
41292,53,52,0.0188679
41294,53,52,0.0188679
41295,53,52,0.0188679
41297,53,52,0.0188679
41299,53,52,0.0188679
41302,53,52,0.0188679
41306,53,52,0.0188679
41307,53,52,0.0188679
41308,53,52,0.0188679
41310,53,52,0.0188679
41312,53,52,0.0188679
41313,53,52,0.0188679
41314,53,52,0.0188679
41316,53,52,0.0188679
41317,53,52,0.0188679
41323,53,52,0.0188679
41325,53,52,0.0188679
41326,53,52,0.0188679
41330,53,52,0.0188679
41331,53,52,0.0188679
41332,53,52,0.0188679
41336,53,52,0.0188679
41339,53,52,0.0188679
41348,53,52,0.0188679
41353,53,52,0.0188679
41355,53,52,0.0188679
41356,53,52,0.0188679
41361,53,52,0.0188679
41363,53,52,0.0188679
41364,53,52,0.0188679
41365,53,52,0.0188679
41366,53,52,0.0188679
41368,53,52,0.0188679
41370,53,52,0.0188679
41371,53,52,0.0188679
41373,53,52,0.0188679
41374,53,52,0.0188679
41375,53,52,0.0188679
41377,53,52,0.0188679
41381,53,52,0.0188679
41385,53,52,0.0188679
41386,53,52,0.0188679
41388,53,52,0.0188679
41389,53,52,0.0188679
41390,53,52,0.0188679
41391,53,52,0.0188679
41393,53,52,0.0188679
41396,53,52,0.0188679
41397,53,52,0.0188679
41398,53,52,0.0188679
41402,53,52,0.0188679
41404,53,52,0.0188679
41405,53,52,0.0188679
41406,53,52,0.0188679
41408,53,52,0.0188679
41409,53,52,0.0188679
41410,53,52,0.0188679
41412,53,52,0.0188679
41414,53,52,0.0188679
41415,53,52,0.0188679
41417,53,52,0.0188679
41418,53,52,0.0188679
41420,53,52,0.0188679
41425,53,52,0.0188679
41427,53,52,0.0188679
41431,53,52,0.0188679
41434,53,52,0.0188679
41439,53,52,0.0188679
41441,53,52,0.0188679
41443,53,52,0.0188679
41444,53,52,0.0188679
41445,53,52,0.0188679
41446,53,52,0.0188679
41448,53,52,0.0188679
41449,53,52,0.0188679
41450,53,52,0.0188679
41451,53,52,0.0188679
41453,53,52,0.0188679
41454,53,52,0.0188679
41455,53,52,0.0188679
41457,53,52,0.0188679
41459,53,52,0.0188679
41461,53,52,0.0188679
41464,53,52,0.0188679
41465,53,52,0.0188679
41468,53,52,0.0188679
41471,53,52,0.0188679
41476,53,52,0.0188679
41480,53,52,0.0188679
41482,53,52,0.0188679
41489,53,52,0.0188679
41492,53,52,0.0188679
41494,53,52,0.0188679
41498,53,52,0.0188679
41499,53,52,0.0188679
41500,53,52,0.0188679
41504,53,52,0.0188679
41506,53,52,0.0188679
41507,53,52,0.0188679
41508,53,52,0.0188679
41509,53,52,0.0188679
41510,53,52,0.0188679
41512,53,52,0.0188679
41513,53,52,0.0188679
41515,53,52,0.0188679
41516,53,52,0.0188679
41519,53,52,0.0188679
41520,53,52,0.0188679
41522,53,52,0.0188679
41524,53,52,0.0188679
41525,53,52,0.0188679
41526,53,52,0.0188679
41528,53,52,0.0188679
41529,53,52,0.0188679
41530,53,52,0.0188679
41531,53,52,0.0188679
41532,53,52,0.0188679
41534,53,52,0.0188679
41540,53,52,0.0188679
41542,53,52,0.0188679
41544,53,52,0.0188679
41545,53,52,0.0188679
41549,53,52,0.0188679
41551,53,52,0.0188679
41552,53,52,0.0188679
41554,53,52,0.0188679
41555,53,52,0.0188679
41556,53,52,0.0188679
41557,53,52,0.0188679
41559,53,52,0.0188679
41560,53,52,0.0188679
41561,53,52,0.0188679
41563,53,52,0.0188679
41567,53,52,0.0188679
41569,53,52,0.0188679
41579,53,52,0.0188679
41580,53,52,0.0188679
41585,53,52,0.0188679
41598,53,52,0.0188679
41602,53,52,0.0188679
41603,53,52,0.0188679
41606,53,52,0.0188679
41607,53,52,0.0188679
41608,53,52,0.0188679
41610,53,52,0.0188679
41611,53,52,0.0188679
41612,53,52,0.0188679
41613,53,52,0.0188679
41615,53,52,0.0188679
41616,53,52,0.0188679
41617,53,52,0.0188679
41619,53,52,0.0188679
41623,53,52,0.0188679
41628,53,52,0.0188679
41629,53,52,0.0188679
41634,53,52,0.0188679
41637,53,52,0.0188679
41644,53,52,0.0188679
41646,53,52,0.0188679
41649,53,52,0.0188679
41651,53,52,0.0188679
41657,53,52,0.0188679
41658,53,52,0.0188679
41660,53,52,0.0188679
41661,53,52,0.0188679
41662,53,52,0.0188679
41664,53,52,0.0188679
41665,53,52,0.0188679
41666,53,52,0.0188679
41668,53,52,0.0188679
41675,53,52,0.0188679
41676,53,52,0.0188679
41677,53,52,0.0188679
41678,53,52,0.0188679
41679,53,52,0.0188679
41680,53,52,0.0188679
41681,53,52,0.0188679
41683,53,52,0.0188679
41684,53,52,0.0188679
41685,53,52,0.0188679
41686,53,52,0.0188679
41687,53,52,0.0188679
41688,53,52,0.0188679
41689,53,52,0.0188679
41690,53,52,0.0188679
41692,53,52,0.0188679
41693,53,52,0.0188679
41696,53,52,0.0188679
41698,53,52,0.0188679
41702,53,52,0.0188679
41703,53,52,0.0188679
41705,53,52,0.0188679
41706,53,52,0.0188679
41708,53,52,0.0188679
41712,53,52,0.0188679
41714,53,52,0.0188679
41715,53,52,0.0188679
41717,53,52,0.0188679
41718,53,52,0.0188679
41722,53,52,0.0188679
41724,53,52,0.0188679
41725,53,52,0.0188679
41730,53,52,0.0188679
41734,53,52,0.0188679
41735,53,52,0.0188679
41738,53,52,0.0188679
41740,53,52,0.0188679
41742,53,52,0.0188679
41743,53,52,0.0188679
41747,53,52,0.0188679
41748,53,52,0.0188679
41751,53,52,0.0188679
41753,53,52,0.0188679
41754,53,52,0.0188679
41755,53,52,0.0188679
41756,53,52,0.0188679
41758,53,52,0.0188679
41759,53,52,0.0188679
41760,53,52,0.0188679
41764,53,52,0.0188679
41767,53,52,0.0188679
41768,53,52,0.0188679
41772,53,52,0.0188679
41775,53,52,0.0188679
41776,53,52,0.0188679
41777,53,52,0.0188679
41784,53,52,0.0188679
41787,53,52,0.0188679
41791,53,52,0.0188679
41793,53,52,0.0188679
41795,53,52,0.0188679
41796,53,52,0.0188679
41798,53,52,0.0188679
41801,53,52,0.0188679
41804,53,52,0.0188679
41806,53,52,0.0188679
41808,53,52,0.0188679
41809,53,52,0.0188679
41811,53,52,0.0188679
41812,53,52,0.0188679
41813,53,52,0.0188679
41814,53,52,0.0188679
41816,53,52,0.0188679
41818,53,52,0.0188679
41820,53,52,0.0188679
41823,53,52,0.0188679
41824,53,52,0.0188679
41825,53,52,0.0188679
41827,53,52,0.0188679
41828,53,52,0.0188679
41830,53,52,0.0188679
41831,53,52,0.0188679
41832,53,52,0.0188679
41833,53,52,0.0188679
41834,53,52,0.0188679
41835,53,52,0.0188679
41836,53,52,0.0188679
41838,53,52,0.0188679
41840,53,52,0.0188679
41845,53,52,0.0188679
41854,53,52,0.0188679
41861,53,52,0.0188679
41864,53,52,0.0188679
41867,53,52,0.0188679
41870,53,52,0.0188679
41877,53,52,0.0188679
41883,53,52,0.0188679
41885,53,52,0.0188679
41888,53,52,0.0188679
41890,53,52,0.0188679
41896,53,52,0.0188679
41897,53,52,0.0188679
41898,53,52,0.0188679
41899,53,52,0.0188679
41901,53,52,0.0188679
41902,53,52,0.0188679
41903,53,52,0.0188679
41904,53,52,0.0188679
41907,53,52,0.0188679
41909,53,52,0.0188679
41913,53,52,0.0188679
41914,53,52,0.0188679
41915,53,52,0.0188679
41916,53,52,0.0188679
41917,53,52,0.0188679
41918,53,52,0.0188679
41923,53,52,0.0188679
41924,53,52,0.0188679
41925,53,52,0.0188679
41926,53,52,0.0188679
41928,53,52,0.0188679
41929,53,52,0.0188679
41930,53,52,0.0188679
41931,53,52,0.0188679
41932,53,52,0.0188679
41933,53,52,0.0188679
41934,53,52,0.0188679
41936,53,52,0.0188679
41938,53,52,0.0188679
41943,53,52,0.0188679
41945,53,52,0.0188679
41947,53,52,0.0188679
41959,53,52,0.0188679
41961,53,52,0.0188679
41963,53,52,0.0188679
41965,53,52,0.0188679
41966,53,52,0.0188679
41968,53,52,0.0188679
41975,53,52,0.0188679
41976,53,52,0.0188679
41977,53,52,0.0188679
41978,53,52,0.0188679
41983,53,52,0.0188679
41984,53,52,0.0188679
41986,53,52,0.0188679
41987,53,52,0.0188679
41989,53,52,0.0188679
41990,53,52,0.0188679
41992,53,52,0.0188679
41993,53,52,0.0188679
41994,53,52,0.0188679
41995,53,52,0.0188679
41997,53,52,0.0188679
42001,53,52,0.0188679
42004,53,52,0.0188679
42005,53,52,0.0188679
42010,53,52,0.0188679
42012,53,52,0.0188679
42021,53,52,0.0188679
42026,53,52,0.0188679
42029,53,52,0.0188679
42030,53,52,0.0188679
42032,53,52,0.0188679
42034,53,52,0.0188679
42036,53,52,0.0188679
42038,53,52,0.0188679
42040,53,52,0.0188679
42041,53,52,0.0188679
42042,53,52,0.0188679
42045,53,52,0.0188679
42046,53,52,0.0188679
42047,53,52,0.0188679
42050,53,52,0.0188679
42051,53,52,0.0188679
42054,53,52,0.0188679
42056,53,52,0.0188679
42057,53,52,0.0188679
42058,53,52,0.0188679
42062,53,52,0.0188679
42064,53,52,0.0188679
42065,53,52,0.0188679
42066,53,52,0.0188679
42067,53,52,0.0188679
42068,53,52,0.0188679
42070,53,52,0.0188679
42076,53,52,0.0188679
42078,53,52,0.0188679
42079,53,52,0.0188679
42083,53,52,0.0188679
42086,53,52,0.0188679
42095,53,52,0.0188679
42104,53,52,0.0188679
42109,53,52,0.0188679
42114,53,52,0.0188679
42118,53,52,0.0188679
42120,53,52,0.0188679
42121,53,52,0.0188679
42122,53,52,0.0188679
42126,53,52,0.0188679
42127,53,52,0.0188679
42132,53,52,0.0188679
42133,53,52,0.0188679
42134,53,52,0.0188679
42140,53,52,0.0188679
42143,53,52,0.0188679
42144,53,52,0.0188679
42147,53,52,0.0188679
42149,53,52,0.0188679
42150,53,52,0.0188679
42154,53,52,0.0188679
42155,53,52,0.0188679
42156,53,52,0.0188679
42157,53,52,0.0188679
42159,53,52,0.0188679
42160,53,52,0.0188679
42162,53,52,0.0188679
42163,53,52,0.0188679
42164,53,52,0.0188679
42168,53,52,0.0188679
42170,53,52,0.0188679
42171,53,52,0.0188679
42175,53,52,0.0188679
42176,53,52,0.0188679
42177,53,52,0.0188679
42180,53,52,0.0188679
42184,53,52,0.0188679
42187,53,52,0.0188679
42196,53,52,0.0188679
42197,53,52,0.0188679
42201,53,52,0.0188679
42202,53,52,0.0188679
42211,53,52,0.0188679
42215,53,52,0.0188679
42219,53,52,0.0188679
42222,53,52,0.0188679
42224,53,52,0.0188679
42230,53,52,0.0188679
42241,53,52,0.0188679
42248,53,52,0.0188679
42249,53,52,0.0188679
42262,53,52,0.0188679
42267,53,52,0.0188679
42270,53,52,0.0188679
42274,53,52,0.0188679
42276,53,52,0.0188679
42281,53,52,0.0188679
42283,53,52,0.0188679
42287,53,52,0.0188679
42289,53,52,0.0188679
42291,53,52,0.0188679
42301,53,52,0.0188679
42302,53,52,0.0188679
42304,53,52,0.0188679
42306,53,52,0.0188679
42311,53,52,0.0188679
42313,53,52,0.0188679
42324,53,52,0.0188679
42325,53,52,0.0188679
42327,53,52,0.0188679
42329,53,52,0.0188679
42332,53,52,0.0188679
42337,53,52,0.0188679
42339,53,52,0.0188679
42340,53,52,0.0188679
42343,53,52,0.0188679
42344,53,52,0.0188679
42345,53,52,0.0188679
42347,53,52,0.0188679
42349,53,52,0.0188679
42354,53,52,0.0188679
42357,53,52,0.0188679
42359,53,52,0.0188679
42361,53,52,0.0188679
42369,53,52,0.0188679
42371,53,52,0.0188679
42373,53,52,0.0188679
42375,53,52,0.0188679
42377,53,52,0.0188679
42379,53,52,0.0188679
42381,53,52,0.0188679
42386,53,52,0.0188679
42402,53,52,0.0188679
42403,53,52,0.0188679
42458,53,52,0.0188679
42460,53,52,0.0188679
42472,53,52,0.0188679
42474,53,52,0.0188679
42476,53,52,0.0188679
42482,53,52,0.0188679
42483,53,52,0.0188679
42486,53,52,0.0188679
42490,53,52,0.0188679
42492,53,52,0.0188679
42493,53,52,0.0188679
42494,53,52,0.0188679
42496,53,52,0.0188679
42497,53,52,0.0188679
42498,53,52,0.0188679
42499,53,52,0.0188679
42505,53,52,0.0188679
42507,53,52,0.0188679
42508,53,52,0.0188679
42509,53,52,0.0188679
42510,53,52,0.0188679
42512,53,52,0.0188679
42513,53,52,0.0188679
42519,53,52,0.0188679
42520,53,52,0.0188679
42522,53,52,0.0188679
42528,53,52,0.0188679
42532,53,52,0.0188679
42543,53,52,0.0188679
42544,53,52,0.0188679
42545,53,52,0.0188679
42546,53,52,0.0188679
42548,53,52,0.0188679
42550,53,52,0.0188679
42556,53,52,0.0188679
42559,53,52,0.0188679
42560,53,52,0.0188679
42561,53,52,0.0188679
42563,53,52,0.0188679
42564,53,52,0.0188679
42567,53,52,0.0188679
42574,53,52,0.0188679
42578,53,52,0.0188679
42581,53,52,0.0188679
42592,53,52,0.0188679
42598,53,52,0.0188679
42601,53,52,0.0188679
42609,53,52,0.0188679
42617,53,52,0.0188679
42620,53,52,0.0188679
42623,53,52,0.0188679
42624,53,52,0.0188679
42625,53,52,0.0188679
42627,53,52,0.0188679
42630,53,52,0.0188679
42641,53,52,0.0188679
42642,53,52,0.0188679
42647,53,52,0.0188679
42650,53,52,0.0188679
42652,53,52,0.0188679
42653,53,52,0.0188679
42655,53,52,0.0188679
42657,53,52,0.0188679
42664,53,52,0.0188679
42666,53,52,0.0188679
42667,53,52,0.0188679
42671,53,52,0.0188679
42673,53,52,0.0188679
42674,53,52,0.0188679
42676,53,52,0.0188679
42680,53,52,0.0188679
42681,53,52,0.0188679
42683,53,52,0.0188679
42688,53,52,0.0188679
42689,53,52,0.0188679
42694,53,52,0.0188679
42695,53,52,0.0188679
42696,53,52,0.0188679
42697,53,52,0.0188679
42698,53,52,0.0188679
42700,53,52,0.0188679
42706,53,52,0.0188679
42707,53,52,0.0188679
42709,53,52,0.0188679
42710,53,52,0.0188679
42714,53,52,0.0188679
42719,53,52,0.0188679
42723,53,52,0.0188679
42725,53,52,0.0188679
42727,53,52,0.0188679
42728,53,52,0.0188679
42729,53,52,0.0188679
42730,53,52,0.0188679
42732,53,52,0.0188679
42733,53,52,0.0188679
42735,53,52,0.0188679
42739,53,52,0.0188679
42740,53,52,0.0188679
42741,53,52,0.0188679
42744,53,52,0.0188679
42746,53,52,0.0188679
42747,53,52,0.0188679
42748,53,52,0.0188679
42751,53,52,0.0188679
42756,53,52,0.0188679
42758,53,52,0.0188679
42759,53,52,0.0188679
42760,53,52,0.0188679
42761,53,52,0.0188679
42763,53,52,0.0188679
42764,53,52,0.0188679
42774,53,52,0.0188679
42777,53,52,0.0188679
42791,53,52,0.0188679
42793,53,52,0.0188679
42795,53,52,0.0188679
42796,53,52,0.0188679
42799,53,52,0.0188679
42801,53,52,0.0188679
42803,53,52,0.0188679
42808,53,52,0.0188679
42809,53,52,0.0188679
42811,53,52,0.0188679
42813,53,52,0.0188679
42814,53,52,0.0188679
42815,53,52,0.0188679
42817,53,52,0.0188679
42818,53,52,0.0188679
42819,53,52,0.0188679
42820,53,52,0.0188679
42822,53,52,0.0188679
42825,53,52,0.0188679
42826,53,52,0.0188679
42829,53,52,0.0188679
42834,53,52,0.0188679
42835,53,52,0.0188679
42836,53,52,0.0188679
42837,53,52,0.0188679
42839,53,52,0.0188679
42840,53,52,0.0188679
42842,53,52,0.0188679
42843,53,52,0.0188679
42844,53,52,0.0188679
42846,53,52,0.0188679
42847,53,52,0.0188679
42848,53,52,0.0188679
42850,53,52,0.0188679
42851,53,52,0.0188679
42852,53,52,0.0188679
42854,53,52,0.0188679
42857,53,52,0.0188679
42859,53,52,0.0188679
42860,53,52,0.0188679
42861,53,52,0.0188679
42862,53,52,0.0188679
42863,53,52,0.0188679
42864,53,52,0.0188679
42865,53,52,0.0188679
42866,53,52,0.0188679
42869,53,52,0.0188679
42875,53,52,0.0188679
42882,53,52,0.0188679
42884,53,52,0.0188679
42888,53,52,0.0188679
42890,53,52,0.0188679
42892,53,52,0.0188679
42894,53,52,0.0188679
42897,53,52,0.0188679
42903,53,52,0.0188679
42909,53,52,0.0188679
42913,53,52,0.0188679
42915,53,52,0.0188679
42916,53,52,0.0188679
42918,53,52,0.0188679
42919,53,52,0.0188679
42922,53,52,0.0188679
42924,53,52,0.0188679
42928,53,52,0.0188679
42929,53,52,0.0188679
42931,53,52,0.0188679
42933,53,52,0.0188679
42935,53,52,0.0188679
42936,53,52,0.0188679
42938,53,52,0.0188679
42940,53,52,0.0188679
42941,53,52,0.0188679
42943,53,52,0.0188679
42944,53,52,0.0188679
42949,53,52,0.0188679
42953,53,52,0.0188679
42960,53,52,0.0188679
42961,53,52,0.0188679
42962,53,52,0.0188679
42965,53,52,0.0188679
42974,53,52,0.0188679
42977,53,52,0.0188679
42979,53,52,0.0188679
42980,53,52,0.0188679
42981,53,52,0.0188679
42989,53,52,0.0188679
42991,53,52,0.0188679
42992,53,52,0.0188679
42994,53,52,0.0188679
42995,53,52,0.0188679
42996,53,52,0.0188679
42997,53,52,0.0188679
43007,53,52,0.0188679
43008,53,52,0.0188679
43013,53,52,0.0188679
43014,53,52,0.0188679
43015,53,52,0.0188679
43019,53,52,0.0188679
43021,53,52,0.0188679
43023,53,52,0.0188679
43025,53,52,0.0188679
43026,53,52,0.0188679
43028,53,52,0.0188679
43029,53,52,0.0188679
43040,53,52,0.0188679
43045,53,52,0.0188679
43047,53,52,0.0188679
43055,53,52,0.0188679
43062,53,52,0.0188679
43064,53,52,0.0188679
43065,53,52,0.0188679
43069,53,52,0.0188679
43080,53,52,0.0188679
43082,53,52,0.0188679
43085,53,52,0.0188679
43091,53,52,0.0188679
43094,53,52,0.0188679
43100,53,52,0.0188679
43103,53,52,0.0188679
43107,53,52,0.0188679
43109,53,52,0.0188679
43110,53,52,0.0188679
43115,53,52,0.0188679
43117,53,52,0.0188679
43122,53,52,0.0188679
43126,53,52,0.0188679
43131,53,52,0.0188679
43134,53,52,0.0188679
43138,53,52,0.0188679
43142,53,52,0.0188679
43144,53,52,0.0188679
43151,53,52,0.0188679
43154,53,52,0.0188679
43155,53,52,0.0188679
43157,53,52,0.0188679
43158,53,52,0.0188679
43163,53,52,0.0188679
43164,53,52,0.0188679
43165,53,52,0.0188679
43167,53,52,0.0188679
43168,53,52,0.0188679
43169,53,52,0.0188679
43170,53,52,0.0188679
43172,53,52,0.0188679
43176,53,52,0.0188679
43177,53,52,0.0188679
43179,53,52,0.0188679
43182,53,52,0.0188679
43184,53,52,0.0188679
43187,53,52,0.0188679
43189,53,52,0.0188679
43190,53,52,0.0188679
43194,53,52,0.0188679
43197,53,52,0.0188679
43200,53,52,0.0188679
43201,53,52,0.0188679
43202,53,52,0.0188679
43204,53,52,0.0188679
43205,53,52,0.0188679
43207,53,52,0.0188679
43208,53,52,0.0188679
43210,53,52,0.0188679
43215,53,52,0.0188679
43217,53,52,0.0188679
43218,53,52,0.0188679
43220,53,52,0.0188679
43221,53,52,0.0188679
43222,53,52,0.0188679
43223,53,52,0.0188679
43225,53,52,0.0188679
43226,53,52,0.0188679
43227,53,52,0.0188679
43229,53,52,0.0188679
43236,53,52,0.0188679
43240,53,52,0.0188679
43250,53,52,0.0188679
43256,53,52,0.0188679
43261,53,52,0.0188679
43263,53,52,0.0188679
43274,53,52,0.0188679
43281,53,52,0.0188679
43282,53,52,0.0188679
43289,53,52,0.0188679
43295,53,52,0.0188679
43302,53,52,0.0188679
43310,53,52,0.0188679
43312,53,52,0.0188679
43315,53,52,0.0188679
43317,53,52,0.0188679
43325,53,52,0.0188679
43330,53,52,0.0188679
43333,53,52,0.0188679
43334,53,52,0.0188679
43336,53,52,0.0188679
43344,53,52,0.0188679
43348,53,52,0.0188679
43353,53,52,0.0188679
43356,53,52,0.0188679
43358,53,52,0.0188679
43359,53,52,0.0188679
43361,53,52,0.0188679
43364,53,52,0.0188679
43370,53,52,0.0188679
43378,53,52,0.0188679
43385,53,52,0.0188679
43390,53,52,0.0188679
43397,53,52,0.0188679
43409,53,52,0.0188679
43417,53,52,0.0188679
43419,53,52,0.0188679
43421,53,52,0.0188679
43424,53,52,0.0188679
43426,53,52,0.0188679
43428,53,52,0.0188679
43430,53,52,0.0188679
43431,53,52,0.0188679
43436,53,52,0.0188679
43443,53,52,0.0188679
43445,53,52,0.0188679
43450,53,52,0.0188679
43452,53,52,0.0188679
43453,53,52,0.0188679
43458,53,52,0.0188679
43461,53,52,0.0188679
43462,53,52,0.0188679
43469,53,52,0.0188679
43471,53,52,0.0188679
43473,53,52,0.0188679
43475,53,52,0.0188679
43479,53,52,0.0188679
43481,53,52,0.0188679
43484,53,52,0.0188679
43487,53,52,0.0188679
43488,53,52,0.0188679
43489,53,52,0.0188679
43499,53,52,0.0188679
43502,53,52,0.0188679
43503,53,52,0.0188679
43505,53,52,0.0188679
43506,53,52,0.0188679
43512,53,52,0.0188679
43515,53,52,0.0188679
43516,53,52,0.0188679
43517,53,52,0.0188679
43520,53,52,0.0188679
43527,53,52,0.0188679
43528,53,52,0.0188679
43530,53,52,0.0188679
43533,53,52,0.0188679
43536,53,52,0.0188679
43542,53,52,0.0188679
43545,53,52,0.0188679
43547,53,52,0.0188679
43550,53,52,0.0188679
43557,53,52,0.0188679
43560,53,52,0.0188679
43571,53,52,0.0188679
43575,53,52,0.0188679
43578,53,52,0.0188679
43580,53,52,0.0188679
43590,53,52,0.0188679
43594,53,52,0.0188679
43596,53,52,0.0188679
43601,53,52,0.0188679
43603,53,52,0.0188679
43605,53,52,0.0188679
43607,53,52,0.0188679
43609,53,52,0.0188679
43611,53,52,0.0188679
43615,53,52,0.0188679
43617,53,52,0.0188679
43622,53,52,0.0188679
43623,53,52,0.0188679
43625,53,52,0.0188679
43627,53,52,0.0188679
43628,53,52,0.0188679
43629,53,52,0.0188679
43638,53,52,0.0188679
43646,53,52,0.0188679
43650,53,52,0.0188679
43654,53,52,0.0188679
43656,53,52,0.0188679
43662,53,52,0.0188679
43666,53,52,0.0188679
43668,53,52,0.0188679
43672,53,52,0.0188679
43678,53,52,0.0188679
43679,53,52,0.0188679
43680,53,52,0.0188679
43688,53,52,0.0188679
43689,53,52,0.0188679
43690,53,52,0.0188679
43692,53,52,0.0188679
43699,53,52,0.0188679
43702,53,52,0.0188679
43704,53,52,0.0188679
43712,53,52,0.0188679
43720,53,52,0.0188679
43723,53,52,0.0188679
43731,53,52,0.0188679
43738,53,52,0.0188679
43745,53,52,0.0188679
43758,53,52,0.0188679
43769,53,52,0.0188679
43771,53,52,0.0188679
43773,53,52,0.0188679
43774,53,52,0.0188679
43780,53,52,0.0188679
43784,53,52,0.0188679
43790,53,52,0.0188679
43793,53,52,0.0188679
43796,53,52,0.0188679
43799,53,52,0.0188679
43801,53,52,0.0188679
43803,53,52,0.0188679
43807,53,52,0.0188679
43809,53,52,0.0188679
43810,53,52,0.0188679
43816,53,52,0.0188679
43823,53,52,0.0188679
43825,53,52,0.0188679
43831,53,52,0.0188679
43837,53,52,0.0188679
43838,53,52,0.0188679
43841,53,52,0.0188679
43845,53,52,0.0188679
43849,53,52,0.0188679
43854,53,52,0.0188679
43857,53,52,0.0188679
43860,53,52,0.0188679
43861,53,52,0.0188679
43865,53,52,0.0188679
43869,53,52,0.0188679
43874,53,52,0.0188679
43876,53,52,0.0188679
43885,53,52,0.0188679
43889,53,52,0.0188679
43896,53,52,0.0188679
43897,53,52,0.0188679
43902,53,52,0.0188679
43907,53,52,0.0188679
43911,53,52,0.0188679
43917,53,52,0.0188679
43920,53,52,0.0188679
43924,53,52,0.0188679
43936,53,52,0.0188679
43941,53,52,0.0188679
43942,53,52,0.0188679
43952,53,52,0.0188679
43955,53,52,0.0188679
43958,53,52,0.0188679
43963,53,52,0.0188679
43966,53,52,0.0188679
43970,53,52,0.0188679
43973,53,52,0.0188679
43974,53,52,0.0188679
43983,53,52,0.0188679
43987,53,52,0.0188679
43989,53,52,0.0188679
43990,53,52,0.0188679
43991,53,52,0.0188679
43996,53,52,0.0188679
43998,53,52,0.0188679
43999,53,52,0.0188679
44002,53,52,0.0188679
44003,53,52,0.0188679
44008,53,52,0.0188679
44018,53,52,0.0188679
44024,53,52,0.0188679
44031,53,52,0.0188679
44039,53,52,0.0188679
44041,53,52,0.0188679
44043,53,52,0.0188679
44045,53,52,0.0188679
44049,53,52,0.0188679
44055,53,52,0.0188679
44056,53,52,0.0188679
44061,53,52,0.0188679
44066,53,52,0.0188679
44070,53,52,0.0188679
44073,53,52,0.0188679
44080,53,52,0.0188679
44081,53,52,0.0188679
44089,53,52,0.0188679
44092,53,52,0.0188679
44104,53,52,0.0188679
44106,53,52,0.0188679
44108,53,52,0.0188679
44109,53,52,0.0188679
44111,53,52,0.0188679
44116,53,52,0.0188679
44119,53,52,0.0188679
44124,53,52,0.0188679
44126,53,52,0.0188679
44129,53,52,0.0188679
44131,53,52,0.0188679
44132,53,52,0.0188679
44135,53,52,0.0188679
44139,53,52,0.0188679
44142,53,52,0.0188679
44143,53,52,0.0188679
44148,53,52,0.0188679
44154,53,52,0.0188679
44159,53,52,0.0188679
44161,53,52,0.0188679
44164,53,52,0.0188679
44171,53,52,0.0188679
44175,53,52,0.0188679
44181,53,52,0.0188679
44198,53,52,0.0188679
44200,53,52,0.0188679
44208,53,52,0.0188679
44211,53,52,0.0188679
44219,53,52,0.0188679
44221,53,52,0.0188679
44223,53,52,0.0188679
44226,53,52,0.0188679
44234,53,52,0.0188679
44235,53,52,0.0188679
44238,53,52,0.0188679
44240,53,52,0.0188679
44244,53,52,0.0188679
44251,53,52,0.0188679
44258,53,52,0.0188679
44261,53,52,0.0188679
44262,53,52,0.0188679
44266,53,52,0.0188679
44270,53,52,0.0188679
44271,53,52,0.0188679
44273,53,52,0.0188679
44276,53,52,0.0188679
44277,53,52,0.0188679
44283,53,52,0.0188679
44284,53,52,0.0188679
44288,53,52,0.0188679
44292,53,52,0.0188679
44293,53,52,0.0188679
44295,53,52,0.0188679
44302,53,52,0.0188679
44307,53,52,0.0188679
44310,53,52,0.0188679
44312,53,52,0.0188679
44317,53,52,0.0188679
44323,53,52,0.0188679
44328,53,52,0.0188679
44329,53,52,0.0188679
44332,53,52,0.0188679
44335,53,52,0.0188679
44338,53,52,0.0188679
44339,53,52,0.0188679
44341,53,52,0.0188679
44350,53,52,0.0188679
44360,53,52,0.0188679
44362,53,52,0.0188679
44365,53,52,0.0188679
44376,53,52,0.0188679
44378,53,52,0.0188679
44382,53,52,0.0188679
44389,53,52,0.0188679
44391,53,52,0.0188679
44393,53,52,0.0188679
44401,53,52,0.0188679
44409,53,52,0.0188679
44411,53,52,0.0188679
44417,53,52,0.0188679
44424,53,52,0.0188679
44428,53,52,0.0188679
44429,53,52,0.0188679
44433,53,52,0.0188679
44437,53,52,0.0188679
44446,53,52,0.0188679
44456,53,52,0.0188679
44461,53,52,0.0188679
44462,53,52,0.0188679
44464,53,52,0.0188679
44476,53,52,0.0188679
44481,53,52,0.0188679
44487,53,52,0.0188679
44490,53,52,0.0188679
44494,53,52,0.0188679
44500,53,52,0.0188679
44503,53,52,0.0188679
44506,53,52,0.0188679
44511,53,52,0.0188679
44519,53,52,0.0188679
44524,53,52,0.0188679
44535,53,52,0.0188679
44541,53,52,0.0188679
44543,53,52,0.0188679
44545,53,52,0.0188679
44553,53,52,0.0188679
44556,53,52,0.0188679
44557,53,52,0.0188679
44566,53,52,0.0188679
44572,53,52,0.0188679
44573,53,52,0.0188679
44577,53,52,0.0188679
44582,53,52,0.0188679
44589,53,52,0.0188679
44595,53,52,0.0188679
44602,53,52,0.0188679
44605,53,52,0.0188679
44610,53,52,0.0188679
44616,53,52,0.0188679
44623,53,52,0.0188679
44628,53,52,0.0188679
44634,53,52,0.0188679
44639,53,52,0.0188679
44649,53,52,0.0188679
44651,53,52,0.0188679
44656,53,52,0.0188679
44659,53,52,0.0188679
44666,53,52,0.0188679
44670,53,52,0.0188679
44674,53,52,0.0188679
44680,53,52,0.0188679
44683,53,52,0.0188679
44688,53,52,0.0188679
44692,53,52,0.0188679
44693,53,52,0.0188679
44696,53,52,0.0188679
44703,53,52,0.0188679
44708,53,52,0.0188679
44710,53,52,0.0188679
44713,53,52,0.0188679
44724,53,52,0.0188679
44735,53,52,0.0188679
44743,53,52,0.0188679
44745,53,52,0.0188679
44753,53,52,0.0188679
44756,53,52,0.0188679
44758,53,52,0.0188679
44760,53,52,0.0188679
44784,53,52,0.0188679
44787,53,52,0.0188679
44794,53,52,0.0188679
44798,53,52,0.0188679
44801,53,52,0.0188679
44806,53,52,0.0188679
44808,53,52,0.0188679
44811,53,52,0.0188679
44813,53,52,0.0188679
44818,53,52,0.0188679
44824,53,52,0.0188679
44827,53,52,0.0188679
44834,53,52,0.0188679
44839,53,52,0.0188679
44844,53,52,0.0188679
44854,53,52,0.0188679
44861,53,52,0.0188679
44863,53,52,0.0188679
44867,53,52,0.0188679
44871,53,52,0.0188679
44876,53,52,0.0188679
44877,53,52,0.0188679
44881,53,52,0.0188679
44886,53,52,0.0188679
44893,53,52,0.0188679
44902,53,52,0.0188679
44922,53,52,0.0188679
44926,53,52,0.0188679
44931,53,52,0.0188679
44933,53,52,0.0188679
44936,53,52,0.0188679
44942,53,52,0.0188679
44953,53,52,0.0188679
44957,53,52,0.0188679
44961,53,52,0.0188679
44968,53,52,0.0188679
44973,53,52,0.0188679
44978,53,52,0.0188679
44981,53,52,0.0188679
44982,53,52,0.0188679
44984,53,52,0.0188679
44989,53,52,0.0188679
44993,53,52,0.0188679
44995,53,52,0.0188679
45006,53,52,0.0188679
45012,53,52,0.0188679
45015,53,52,0.0188679
45016,53,52,0.0188679
45025,53,52,0.0188679
45030,53,52,0.0188679
45034,53,52,0.0188679
45036,53,52,0.0188679
45040,53,52,0.0188679
45043,53,52,0.0188679
45049,53,52,0.0188679
45054,53,52,0.0188679
45059,53,52,0.0188679
45061,53,52,0.0188679
45062,53,52,0.0188679
45064,53,52,0.0188679
45071,53,52,0.0188679
45073,53,52,0.0188679
45076,53,52,0.0188679
45078,53,52,0.0188679
45080,53,52,0.0188679
45082,53,52,0.0188679
45088,53,52,0.0188679
45090,53,52,0.0188679
45096,53,52,0.0188679
45100,53,52,0.0188679
45103,53,52,0.0188679
45108,53,52,0.0188679
45115,53,52,0.0188679
45116,53,52,0.0188679
45119,53,52,0.0188679
45124,53,52,0.0188679
45126,53,52,0.0188679
45138,53,52,0.0188679
45140,53,52,0.0188679
45142,53,52,0.0188679
45148,53,52,0.0188679
45156,53,52,0.0188679
45159,53,52,0.0188679
45167,53,52,0.0188679
45169,53,52,0.0188679
45172,53,52,0.0188679
45178,53,52,0.0188679
45181,53,52,0.0188679
45188,53,52,0.0188679
45190,53,52,0.0188679
45193,53,52,0.0188679
45194,53,52,0.0188679
45200,53,52,0.0188679
45206,53,52,0.0188679
45210,53,52,0.0188679
45214,53,52,0.0188679
45224,53,52,0.0188679
45226,53,52,0.0188679
45230,53,52,0.0188679
45233,53,52,0.0188679
45237,53,52,0.0188679
45239,53,52,0.0188679
45242,53,52,0.0188679
45244,53,52,0.0188679
45246,53,52,0.0188679
45250,53,52,0.0188679
45253,53,52,0.0188679
45254,53,52,0.0188679
45258,53,52,0.0188679
45262,53,52,0.0188679
45267,53,52,0.0188679
45268,53,52,0.0188679
45273,53,52,0.0188679
45277,53,52,0.0188679
45279,53,52,0.0188679
45282,53,52,0.0188679
45284,53,52,0.0188679
45286,53,52,0.0188679
45292,53,52,0.0188679
45294,53,52,0.0188679
45300,53,52,0.0188679
45306,53,52,0.0188679
45308,53,52,0.0188679
45312,53,52,0.0188679
45321,53,52,0.0188679
45324,53,52,0.0188679
45327,53,52,0.0188679
45330,53,52,0.0188679
45332,53,52,0.0188679
45339,53,52,0.0188679
45342,53,52,0.0188679
45345,53,52,0.0188679
45353,53,52,0.0188679
45356,53,52,0.0188679
45360,53,52,0.0188679
45375,53,52,0.0188679
45378,53,52,0.0188679
45382,53,52,0.0188679
45385,53,52,0.0188679
45387,53,52,0.0188679
45395,53,52,0.0188679
45406,53,52,0.0188679
45407,53,52,0.0188679
45411,53,52,0.0188679
45412,53,52,0.0188679
45418,53,52,0.0188679
45419,53,52,0.0188679
45424,53,52,0.0188679
45427,53,52,0.0188679
45431,53,52,0.0188679
45439,53,52,0.0188679
45447,53,52,0.0188679
45449,53,52,0.0188679
45452,53,52,0.0188679
45457,53,52,0.0188679
45460,53,52,0.0188679
45475,53,52,0.0188679
45487,53,52,0.0188679
45488,53,52,0.0188679
45503,53,52,0.0188679
45506,53,52,0.0188679
45516,53,52,0.0188679
45524,53,52,0.0188679
45530,53,52,0.0188679
45534,53,52,0.0188679
45538,53,52,0.0188679
45542,53,52,0.0188679
45546,53,52,0.0188679
45548,53,52,0.0188679
45551,53,52,0.0188679
45559,53,52,0.0188679
45562,53,52,0.0188679
45570,53,52,0.0188679
45576,53,52,0.0188679
45578,53,52,0.0188679
45579,53,52,0.0188679
45587,53,52,0.0188679
45592,53,52,0.0188679
45596,53,52,0.0188679
45599,53,52,0.0188679
45600,53,52,0.0188679
45603,53,52,0.0188679
45607,53,52,0.0188679
45609,53,52,0.0188679
45613,53,52,0.0188679
45616,53,52,0.0188679
45621,53,52,0.0188679
45628,53,52,0.0188679
45633,53,52,0.0188679
45636,53,52,0.0188679
45640,53,52,0.0188679
45643,53,52,0.0188679
45645,53,52,0.0188679
45648,53,52,0.0188679
45654,53,52,0.0188679
45657,53,52,0.0188679
45661,53,52,0.0188679
45663,53,52,0.0188679
45664,53,52,0.0188679
45666,53,52,0.0188679
45672,53,52,0.0188679
45680,53,52,0.0188679
45686,53,52,0.0188679
45690,53,52,0.0188679
45694,53,52,0.0188679
45697,53,52,0.0188679
45704,53,52,0.0188679
45706,53,52,0.0188679
45711,53,52,0.0188679
45715,53,52,0.0188679
45719,53,52,0.0188679
45729,53,52,0.0188679
45733,53,52,0.0188679
45734,53,52,0.0188679
45736,53,52,0.0188679
45738,53,52,0.0188679
45741,53,52,0.0188679
45742,53,52,0.0188679
45744,53,52,0.0188679
45749,53,52,0.0188679
45752,53,52,0.0188679
45759,53,52,0.0188679
45764,53,52,0.0188679
45766,53,52,0.0188679
45774,53,52,0.0188679
45782,53,52,0.0188679
45785,53,52,0.0188679
45787,53,52,0.0188679
45791,53,52,0.0188679
45794,53,52,0.0188679
45799,53,52,0.0188679
45803,53,52,0.0188679
45819,53,52,0.0188679
45823,53,52,0.0188679
45828,53,52,0.0188679
45836,53,52,0.0188679
45842,53,52,0.0188679
45845,53,52,0.0188679
45847,53,52,0.0188679
45851,53,52,0.0188679
45854,53,52,0.0188679
45862,53,52,0.0188679
45865,53,52,0.0188679
45873,53,52,0.0188679
45877,53,52,0.0188679
45886,53,52,0.0188679
45891,53,52,0.0188679
45896,53,52,0.0188679
45905,53,52,0.0188679
45915,53,52,0.0188679
45917,53,52,0.0188679
45921,53,52,0.0188679
45923,53,52,0.0188679
45924,53,52,0.0188679
45925,53,52,0.0188679
45928,53,52,0.0188679
45933,53,52,0.0188679
45941,53,52,0.0188679
45942,53,52,0.0188679
45945,53,52,0.0188679
45952,53,52,0.0188679
45954,53,52,0.0188679
45961,53,52,0.0188679
45964,53,52,0.0188679
45966,53,52,0.0188679
45970,53,52,0.0188679
45975,53,52,0.0188679
45978,53,52,0.0188679
45983,53,52,0.0188679
45985,53,52,0.0188679
45987,53,52,0.0188679
45988,53,52,0.0188679
46001,53,52,0.0188679
46004,53,52,0.0188679
46005,53,52,0.0188679
46012,53,52,0.0188679
46018,53,52,0.0188679
46021,53,52,0.0188679
46025,53,52,0.0188679
46026,53,52,0.0188679
46030,53,52,0.0188679
46042,53,52,0.0188679
46046,53,52,0.0188679
46055,53,52,0.0188679
46058,53,52,0.0188679
46062,53,52,0.0188679
46070,53,52,0.0188679
46072,53,52,0.0188679
46073,53,52,0.0188679
46075,53,52,0.0188679
46077,53,52,0.0188679
46082,53,52,0.0188679
46090,53,52,0.0188679
46096,53,52,0.0188679
46098,53,52,0.0188679
46102,53,52,0.0188679
46109,53,52,0.0188679
46111,53,52,0.0188679
46114,53,52,0.0188679
46126,53,52,0.0188679
46131,53,52,0.0188679
46135,53,52,0.0188679
46140,53,52,0.0188679
46144,53,52,0.0188679
46147,53,52,0.0188679
46153,53,52,0.0188679
46156,53,52,0.0188679
46157,53,52,0.0188679
46160,53,52,0.0188679
46162,53,52,0.0188679
46165,53,52,0.0188679
46172,53,52,0.0188679
46175,53,52,0.0188679
46179,53,52,0.0188679
46181,53,52,0.0188679
46182,53,52,0.0188679
46191,53,52,0.0188679
46192,53,52,0.0188679
46197,53,52,0.0188679
46200,53,52,0.0188679
46202,53,52,0.0188679
46203,53,52,0.0188679
46205,53,52,0.0188679
46207,53,52,0.0188679
46208,53,52,0.0188679
46209,53,52,0.0188679
46211,53,52,0.0188679
46213,53,52,0.0188679
46217,53,52,0.0188679
46220,53,52,0.0188679
46226,53,52,0.0188679
46230,53,52,0.0188679
46237,53,52,0.0188679
46244,53,52,0.0188679
46251,53,52,0.0188679
46253,53,52,0.0188679
46254,53,52,0.0188679
46261,53,52,0.0188679
46267,53,52,0.0188679
46271,53,52,0.0188679
46277,53,52,0.0188679
46283,53,52,0.0188679
46287,53,52,0.0188679
46291,53,52,0.0188679
46295,53,52,0.0188679
46299,53,52,0.0188679
46307,53,52,0.0188679
46311,53,52,0.0188679
46315,53,52,0.0188679
46321,53,52,0.0188679
46340,53,52,0.0188679
46347,53,52,0.0188679
46356,53,52,0.0188679
46365,53,52,0.0188679
46373,53,52,0.0188679
46375,53,52,0.0188679
46381,53,52,0.0188679
46390,53,52,0.0188679
46394,53,52,0.0188679
46398,53,52,0.0188679
46402,53,52,0.0188679
46403,53,52,0.0188679
46409,53,52,0.0188679
46411,53,52,0.0188679
46412,53,52,0.0188679
46424,53,52,0.0188679
46426,53,52,0.0188679
46427,53,52,0.0188679
46429,53,52,0.0188679
46434,53,52,0.0188679
46444,53,52,0.0188679
46449,53,52,0.0188679
46452,53,52,0.0188679
46454,53,52,0.0188679
46460,53,52,0.0188679
46465,53,52,0.0188679
46470,53,52,0.0188679
46472,53,52,0.0188679
46474,53,52,0.0188679
46477,53,52,0.0188679
46480,53,52,0.0188679
46481,53,52,0.0188679
46485,53,52,0.0188679
46495,53,52,0.0188679
46502,53,52,0.0188679
46506,53,52,0.0188679
46509,53,52,0.0188679
46510,53,52,0.0188679
46511,53,52,0.0188679
46513,53,52,0.0188679
46517,53,52,0.0188679
46526,53,52,0.0188679
46532,53,52,0.0188679
46533,53,52,0.0188679
46540,53,52,0.0188679
46547,53,52,0.0188679
46548,53,52,0.0188679
46550,53,52,0.0188679
46565,53,52,0.0188679
46577,53,52,0.0188679
46591,53,52,0.0188679
46601,53,52,0.0188679
46610,53,52,0.0188679
46619,53,52,0.0188679
46635,53,52,0.0188679
46640,53,52,0.0188679
46642,53,52,0.0188679
46648,53,52,0.0188679
46651,53,52,0.0188679
46653,53,52,0.0188679
46659,53,52,0.0188679
46663,53,52,0.0188679
46668,53,52,0.0188679
46677,53,52,0.0188679
46689,53,52,0.0188679
46693,53,52,0.0188679
46697,53,52,0.0188679
46706,53,52,0.0188679
46708,53,52,0.0188679
46712,53,52,0.0188679
46714,53,52,0.0188679
46717,53,52,0.0188679
46719,53,52,0.0188679
46721,53,52,0.0188679
46724,53,52,0.0188679
46728,53,52,0.0188679
46734,53,52,0.0188679
46736,53,52,0.0188679
46738,53,52,0.0188679
46742,53,52,0.0188679
46753,53,52,0.0188679
46765,53,52,0.0188679
46767,53,52,0.0188679
46769,53,52,0.0188679
46771,53,52,0.0188679
46773,53,52,0.0188679
46777,53,52,0.0188679
46781,53,52,0.0188679
46783,53,52,0.0188679
46791,53,52,0.0188679
46799,53,52,0.0188679
46804,53,52,0.0188679
46808,53,52,0.0188679
46812,53,52,0.0188679
46813,53,52,0.0188679
46824,53,52,0.0188679
46827,53,52,0.0188679
46830,53,52,0.0188679
46840,53,52,0.0188679
46842,53,52,0.0188679
46852,53,52,0.0188679
46857,53,52,0.0188679
46861,53,52,0.0188679
46866,53,52,0.0188679
46876,53,52,0.0188679
46884,53,52,0.0188679
46889,53,52,0.0188679
46893,53,52,0.0188679
46896,53,52,0.0188679
46899,53,52,0.0188679
46904,53,52,0.0188679
46915,53,52,0.0188679
46922,53,52,0.0188679
46923,53,52,0.0188679
46926,53,52,0.0188679
46928,53,52,0.0188679
46950,53,52,0.0188679
46958,53,52,0.0188679
46961,53,52,0.0188679
46963,53,52,0.0188679
46975,53,52,0.0188679
46977,53,52,0.0188679
46980,53,52,0.0188679
46988,53,52,0.0188679
46990,53,52,0.0188679
46994,53,52,0.0188679
47000,53,52,0.0188679
47010,53,52,0.0188679
47012,53,52,0.0188679
47018,53,52,0.0188679
47020,53,52,0.0188679
47029,53,52,0.0188679
47040,53,52,0.0188679
47042,53,52,0.0188679
47048,53,52,0.0188679
47053,53,52,0.0188679
47061,53,52,0.0188679
47066,53,52,0.0188679
47067,53,52,0.0188679
47070,53,52,0.0188679
47072,53,52,0.0188679
47075,53,52,0.0188679
47078,53,52,0.0188679
47081,53,52,0.0188679
47085,53,52,0.0188679
47092,53,52,0.0188679
47105,53,52,0.0188679
47108,53,52,0.0188679
47111,53,52,0.0188679
47119,53,52,0.0188679
47123,53,52,0.0188679
47125,53,52,0.0188679
47126,53,52,0.0188679
47132,53,52,0.0188679
47136,53,52,0.0188679
47137,53,52,0.0188679
47138,53,52,0.0188679
47139,53,52,0.0188679
47140,53,52,0.0188679
47147,53,52,0.0188679
47152,53,52,0.0188679
47157,53,52,0.0188679
47158,53,52,0.0188679
47159,53,52,0.0188679
47160,53,52,0.0188679
47161,53,52,0.0188679
47163,53,52,0.0188679
47168,53,52,0.0188679
47170,53,52,0.0188679
47181,53,52,0.0188679
47185,53,52,0.0188679
47187,53,52,0.0188679
47192,53,52,0.0188679
47195,53,52,0.0188679
47197,53,52,0.0188679
47198,53,52,0.0188679
47200,53,52,0.0188679
47204,53,52,0.0188679
47210,53,52,0.0188679
47213,53,52,0.0188679
47215,53,52,0.0188679
47216,53,52,0.0188679
47219,53,52,0.0188679
47224,53,52,0.0188679
47234,53,52,0.0188679
47237,53,52,0.0188679
47240,53,52,0.0188679
47244,53,52,0.0188679
47248,53,52,0.0188679
47254,53,52,0.0188679
47256,53,52,0.0188679
47258,53,52,0.0188679
47259,53,52,0.0188679
47269,53,52,0.0188679
47274,53,52,0.0188679
47275,53,52,0.0188679
47279,53,52,0.0188679
47286,53,52,0.0188679
47290,53,52,0.0188679
47294,53,52,0.0188679
47301,53,52,0.0188679
47308,53,52,0.0188679
47309,53,52,0.0188679
47325,53,52,0.0188679
47330,53,52,0.0188679
47334,53,52,0.0188679
47337,53,52,0.0188679
47350,53,52,0.0188679
47360,53,52,0.0188679
47362,53,52,0.0188679
47367,53,52,0.0188679
47378,53,52,0.0188679
47382,53,52,0.0188679
47393,53,52,0.0188679
47395,53,52,0.0188679
47399,53,52,0.0188679
47406,53,52,0.0188679
47409,53,52,0.0188679
47411,53,52,0.0188679
47412,53,52,0.0188679
47413,53,52,0.0188679
47416,53,52,0.0188679
47422,53,52,0.0188679
47425,53,52,0.0188679
47431,53,52,0.0188679
47440,53,52,0.0188679
47450,53,52,0.0188679
47459,53,52,0.0188679
47460,53,52,0.0188679
47462,53,52,0.0188679
47469,53,52,0.0188679
47472,53,52,0.0188679
47479,53,52,0.0188679
47484,53,52,0.0188679
47498,53,52,0.0188679
47499,53,52,0.0188679
47500,53,52,0.0188679
47503,53,52,0.0188679
47509,53,52,0.0188679
47510,53,52,0.0188679
47515,53,52,0.0188679
47520,53,52,0.0188679
47522,53,52,0.0188679
47524,53,52,0.0188679
47525,53,52,0.0188679
47528,53,52,0.0188679
47529,53,52,0.0188679
47530,53,52,0.0188679
47532,53,52,0.0188679
47535,53,52,0.0188679
47538,53,52,0.0188679
47541,53,52,0.0188679
47544,53,52,0.0188679
47550,53,52,0.0188679
47553,53,52,0.0188679
47557,53,52,0.0188679
47561,53,52,0.0188679
47562,53,52,0.0188679
47569,53,52,0.0188679
47575,53,52,0.0188679
47583,53,52,0.0188679
47588,53,52,0.0188679
47593,53,52,0.0188679
47601,53,52,0.0188679
47603,53,52,0.0188679
47609,53,52,0.0188679
47613,53,52,0.0188679
47617,53,52,0.0188679
47625,53,52,0.0188679
47631,53,52,0.0188679
47632,53,52,0.0188679
47641,53,52,0.0188679
47643,53,52,0.0188679
47645,53,52,0.0188679
47646,53,52,0.0188679
47649,53,52,0.0188679
47652,53,52,0.0188679
47658,53,52,0.0188679
47660,53,52,0.0188679
47664,53,52,0.0188679
47667,53,52,0.0188679
47670,53,52,0.0188679
47673,53,52,0.0188679
47681,53,52,0.0188679
47683,53,52,0.0188679
47691,53,52,0.0188679
47694,53,52,0.0188679
47698,53,52,0.0188679
47703,53,52,0.0188679
47705,53,52,0.0188679
47708,53,52,0.0188679
47717,53,52,0.0188679
47727,53,52,0.0188679
47732,53,52,0.0188679
47745,53,52,0.0188679
47748,53,52,0.0188679
47752,53,52,0.0188679
47765,53,52,0.0188679
47768,53,52,0.0188679
47770,53,52,0.0188679
47773,53,52,0.0188679
47775,53,52,0.0188679
47777,53,52,0.0188679
47782,53,52,0.0188679
47785,53,52,0.0188679
47794,53,52,0.0188679
47809,53,52,0.0188679
47813,53,52,0.0188679
47824,53,52,0.0188679
47833,53,52,0.0188679
47846,53,52,0.0188679
47852,53,52,0.0188679
47861,53,52,0.0188679
47871,53,52,0.0188679
47872,53,52,0.0188679
47876,53,52,0.0188679
47882,53,52,0.0188679
47886,53,52,0.0188679
47898,53,52,0.0188679
47907,53,52,0.0188679
47910,53,52,0.0188679
47915,53,52,0.0188679
47916,53,52,0.0188679
47922,53,52,0.0188679
47925,53,52,0.0188679
47928,53,52,0.0188679
47932,53,52,0.0188679
47937,53,52,0.0188679
47941,53,52,0.0188679
47945,53,52,0.0188679
47951,53,52,0.0188679
47958,53,52,0.0188679
47961,53,52,0.0188679
47968,53,52,0.0188679
47980,53,52,0.0188679
47986,53,52,0.0188679
47995,53,52,0.0188679
48004,53,52,0.0188679
48008,53,52,0.0188679
48014,53,52,0.0188679
48025,53,52,0.0188679
48028,53,52,0.0188679
48033,53,52,0.0188679
48041,53,52,0.0188679
48042,53,52,0.0188679
48050,53,52,0.0188679
48054,53,52,0.0188679
48057,53,52,0.0188679
48058,53,52,0.0188679
48062,53,52,0.0188679
48074,53,52,0.0188679
48076,53,52,0.0188679
48081,53,52,0.0188679
48090,53,52,0.0188679
48097,53,52,0.0188679
48101,53,52,0.0188679
48105,53,52,0.0188679
48110,53,52,0.0188679
48111,53,52,0.0188679
48120,53,52,0.0188679
48121,53,52,0.0188679
48128,53,52,0.0188679
48133,53,52,0.0188679
48143,53,52,0.0188679
48148,53,52,0.0188679
48159,53,52,0.0188679
48162,53,52,0.0188679
48167,53,52,0.0188679
48175,53,52,0.0188679
48178,53,52,0.0188679
48187,53,52,0.0188679
48190,53,52,0.0188679
48199,53,52,0.0188679
48201,53,52,0.0188679
48206,53,52,0.0188679
48210,53,52,0.0188679
48216,53,52,0.0188679
48219,53,52,0.0188679
48221,53,52,0.0188679
48222,53,52,0.0188679
48225,53,52,0.0188679
48228,53,52,0.0188679
48231,53,52,0.0188679
48234,53,52,0.0188679
48240,53,52,0.0188679
48244,53,52,0.0188679
48252,53,52,0.0188679
48256,53,52,0.0188679
48258,53,52,0.0188679
48266,53,52,0.0188679
48276,53,52,0.0188679
48282,53,52,0.0188679
48293,53,52,0.0188679
48297,53,52,0.0188679
48305,53,52,0.0188679
48311,53,52,0.0188679
48315,53,52,0.0188679
48326,53,52,0.0188679
48332,53,52,0.0188679
48333,53,52,0.0188679
48337,53,52,0.0188679
48344,53,52,0.0188679
48352,53,52,0.0188679
48354,53,52,0.0188679
48356,53,52,0.0188679
48357,53,52,0.0188679
48363,53,52,0.0188679
48374,53,52,0.0188679
48378,53,52,0.0188679
48381,53,52,0.0188679
48389,53,52,0.0188679
48390,53,52,0.0188679
48393,53,52,0.0188679
48405,53,52,0.0188679
48407,53,52,0.0188679
48413,53,52,0.0188679
48419,53,52,0.0188679
48420,53,52,0.0188679
48425,53,52,0.0188679
48428,53,52,0.0188679
48442,53,52,0.0188679
48443,53,52,0.0188679
48448,53,52,0.0188679
48458,53,52,0.0188679
48463,53,52,0.0188679
48475,53,52,0.0188679
48482,53,52,0.0188679
48488,53,52,0.0188679
48493,53,52,0.0188679
48495,53,52,0.0188679
48501,53,52,0.0188679
48503,53,52,0.0188679
48505,53,52,0.0188679
48507,53,52,0.0188679
48510,53,52,0.0188679
48517,53,52,0.0188679
48520,53,52,0.0188679
48523,53,52,0.0188679
48524,53,52,0.0188679
48527,53,52,0.0188679
48530,53,52,0.0188679
48541,53,52,0.0188679
48545,53,52,0.0188679
48561,53,52,0.0188679
48563,53,52,0.0188679
48570,53,52,0.0188679
48574,53,52,0.0188679
48582,53,52,0.0188679
48586,53,52,0.0188679
48590,53,52,0.0188679
48594,53,52,0.0188679
48601,53,52,0.0188679
48608,53,52,0.0188679
48618,53,52,0.0188679
48623,53,52,0.0188679
48635,53,52,0.0188679
48640,53,52,0.0188679
48647,53,52,0.0188679
48659,53,52,0.0188679
48666,53,52,0.0188679
48673,53,52,0.0188679
48677,53,52,0.0188679
48681,53,52,0.0188679
48683,53,52,0.0188679
48685,53,52,0.0188679
48688,53,52,0.0188679
48702,53,52,0.0188679
48704,53,52,0.0188679
48708,53,52,0.0188679
48709,53,52,0.0188679
48714,53,52,0.0188679
48715,53,52,0.0188679
48720,53,52,0.0188679
48725,53,52,0.0188679
48728,53,52,0.0188679
48732,53,52,0.0188679
48735,53,52,0.0188679
48742,53,52,0.0188679
48744,53,52,0.0188679
48748,53,52,0.0188679
48762,53,52,0.0188679
48772,53,52,0.0188679
48778,53,52,0.0188679
48781,53,52,0.0188679
48788,53,52,0.0188679
48792,53,52,0.0188679
48798,53,52,0.0188679
48801,53,52,0.0188679
48805,53,52,0.0188679
48809,53,52,0.0188679
48814,53,52,0.0188679
48823,53,52,0.0188679
48829,53,52,0.0188679
48839,53,52,0.0188679
48843,53,52,0.0188679
48848,53,52,0.0188679
48858,53,52,0.0188679
48861,53,52,0.0188679
48874,53,52,0.0188679
48876,53,52,0.0188679
48882,53,52,0.0188679
48889,53,52,0.0188679
48891,53,52,0.0188679
48892,53,52,0.0188679
48895,53,52,0.0188679
48900,53,52,0.0188679
48910,53,52,0.0188679
48915,53,52,0.0188679
48917,53,52,0.0188679
48926,53,52,0.0188679
48928,53,52,0.0188679
48941,53,52,0.0188679
48950,53,52,0.0188679
48960,53,52,0.0188679
48972,53,52,0.0188679
48975,53,52,0.0188679
48977,53,52,0.0188679
48987,53,52,0.0188679
48995,53,52,0.0188679
48996,53,52,0.0188679
48998,53,52,0.0188679
49001,53,52,0.0188679
49012,53,52,0.0188679
49021,53,52,0.0188679
49033,53,52,0.0188679
49036,53,52,0.0188679
49045,53,52,0.0188679
49051,53,52,0.0188679
49057,53,52,0.0188679
49063,53,52,0.0188679
49066,53,52,0.0188679
49072,53,52,0.0188679
49077,53,52,0.0188679
49088,53,52,0.0188679
49090,53,52,0.0188679
49091,53,52,0.0188679
49100,53,52,0.0188679
49106,53,52,0.0188679
49112,53,52,0.0188679
49114,53,52,0.0188679
49117,53,52,0.0188679
49120,53,52,0.0188679
49121,53,52,0.0188679
49124,53,52,0.0188679
49129,53,52,0.0188679
49137,53,52,0.0188679
49138,53,52,0.0188679
49143,53,52,0.0188679
49151,53,52,0.0188679
49155,53,52,0.0188679
49160,53,52,0.0188679
49162,53,52,0.0188679
49165,53,52,0.0188679
49168,53,52,0.0188679
49170,53,52,0.0188679
49175,53,52,0.0188679
49179,53,52,0.0188679
49183,53,52,0.0188679
49188,53,52,0.0188679
49201,53,52,0.0188679
49207,53,52,0.0188679
49214,53,52,0.0188679
49225,53,52,0.0188679
49226,53,52,0.0188679
49232,53,52,0.0188679
49237,53,52,0.0188679
49243,53,52,0.0188679
49244,53,52,0.0188679
49248,53,52,0.0188679
49249,53,52,0.0188679
49250,53,52,0.0188679
49257,53,52,0.0188679
49261,53,52,0.0188679
49267,53,52,0.0188679
49274,53,52,0.0188679
49285,53,52,0.0188679
49295,53,52,0.0188679
49310,53,52,0.0188679
49318,53,52,0.0188679
49327,53,52,0.0188679
49332,53,52,0.0188679
49346,53,52,0.0188679
49367,53,52,0.0188679
49385,53,52,0.0188679
49393,53,52,0.0188679
49396,53,52,0.0188679
49403,53,52,0.0188679
49415,53,52,0.0188679
49420,53,52,0.0188679
49425,53,52,0.0188679
49442,53,52,0.0188679
49445,53,52,0.0188679
49452,53,52,0.0188679
49456,53,52,0.0188679
49459,53,52,0.0188679
49460,53,52,0.0188679
49463,53,52,0.0188679
49466,53,52,0.0188679
49484,53,52,0.0188679
49506,53,52,0.0188679
49508,53,52,0.0188679
49511,53,52,0.0188679
49512,53,52,0.0188679
49515,53,52,0.0188679
49524,53,52,0.0188679
49528,53,52,0.0188679
49529,53,52,0.0188679
49531,53,52,0.0188679
49540,53,52,0.0188679
49543,53,52,0.0188679
49547,53,52,0.0188679
49552,53,52,0.0188679
49557,53,52,0.0188679
49559,53,52,0.0188679
49562,53,52,0.0188679
49564,53,52,0.0188679
49566,53,52,0.0188679
49576,53,52,0.0188679
49577,53,52,0.0188679
49582,53,52,0.0188679
49592,53,52,0.0188679
49602,53,52,0.0188679
49611,53,52,0.0188679
49617,53,52,0.0188679
49625,53,52,0.0188679
49633,53,52,0.0188679
49640,53,52,0.0188679
49650,53,52,0.0188679
49659,53,52,0.0188679
49663,53,52,0.0188679
49669,53,52,0.0188679
49674,53,52,0.0188679
49678,53,52,0.0188679
49683,53,52,0.0188679
49693,53,52,0.0188679
49697,53,52,0.0188679
49699,53,52,0.0188679
49707,53,52,0.0188679
49712,53,52,0.0188679
49717,53,52,0.0188679
49726,53,52,0.0188679
49730,53,52,0.0188679
49740,53,52,0.0188679
49756,53,52,0.0188679
49764,53,52,0.0188679
49767,53,52,0.0188679
49772,53,52,0.0188679
49780,53,52,0.0188679
49781,53,52,0.0188679
49787,53,52,0.0188679
49810,53,52,0.0188679
49812,53,52,0.0188679
49817,53,52,0.0188679
49831,53,52,0.0188679
49843,53,52,0.0188679
49846,53,52,0.0188679
49852,53,52,0.0188679
49867,53,52,0.0188679
49878,53,52,0.0188679
49886,53,52,0.0188679
49903,53,52,0.0188679
49910,53,52,0.0188679
49920,53,52,0.0188679
49923,53,52,0.0188679
49941,53,52,0.0188679
49946,53,52,0.0188679
49955,53,52,0.0188679
49963,53,52,0.0188679
49964,53,52,0.0188679
49974,53,52,0.0188679
49977,53,52,0.0188679
49984,53,52,0.0188679
49987,53,52,0.0188679
49993,53,52,0.0188679
49998,53,52,0.0188679
50008,53,52,0.0188679
50013,53,52,0.0188679
50020,53,52,0.0188679
50036,53,52,0.0188679
50044,53,52,0.0188679
50054,53,52,0.0188679
50062,53,52,0.0188679
50067,53,52,0.0188679
50076,53,52,0.0188679
50082,53,52,0.0188679
50095,53,52,0.0188679
50101,53,52,0.0188679
50107,53,52,0.0188679
50119,53,52,0.0188679
50122,53,52,0.0188679
50126,53,52,0.0188679
50130,53,52,0.0188679
50138,53,52,0.0188679
50139,53,52,0.0188679
50143,53,52,0.0188679
50152,53,52,0.0188679
50156,53,52,0.0188679
50158,53,52,0.0188679
50162,53,52,0.0188679
50164,53,52,0.0188679
50165,53,52,0.0188679
50166,53,52,0.0188679
50171,53,52,0.0188679
50173,53,52,0.0188679
50175,53,52,0.0188679
50182,53,52,0.0188679
50185,53,52,0.0188679
50187,53,52,0.0188679
50192,53,52,0.0188679
50198,53,52,0.0188679
50200,53,52,0.0188679
50204,53,52,0.0188679
50210,53,52,0.0188679
50215,53,52,0.0188679
50217,53,52,0.0188679
50220,53,52,0.0188679
50227,53,52,0.0188679
50228,53,52,0.0188679
50233,53,52,0.0188679
50237,53,52,0.0188679
50240,53,52,0.0188679
50243,53,52,0.0188679
50249,53,52,0.0188679
50252,53,52,0.0188679
50256,53,52,0.0188679
50258,53,52,0.0188679
50264,53,52,0.0188679
50269,53,52,0.0188679
50271,53,52,0.0188679
50278,53,52,0.0188679
50285,53,52,0.0188679
50291,53,52,0.0188679
50292,53,52,0.0188679
50295,53,52,0.0188679
50308,53,52,0.0188679
50311,53,52,0.0188679
50321,53,52,0.0188679
50324,53,52,0.0188679
50330,53,52,0.0188679
50332,53,52,0.0188679
50339,53,52,0.0188679
50354,53,52,0.0188679
50363,53,52,0.0188679
50369,53,52,0.0188679
50393,53,52,0.0188679
50415,53,52,0.0188679
50431,53,52,0.0188679
50437,53,52,0.0188679
50451,53,52,0.0188679
50462,53,52,0.0188679
50470,53,52,0.0188679
50477,53,52,0.0188679
50481,53,52,0.0188679
50490,53,52,0.0188679
50492,53,52,0.0188679
50501,53,52,0.0188679
50503,53,52,0.0188679
50505,53,52,0.0188679
50507,53,52,0.0188679
50532,53,52,0.0188679
50538,53,52,0.0188679
50540,53,52,0.0188679
50546,53,52,0.0188679
50559,53,52,0.0188679
50570,53,52,0.0188679
50574,53,52,0.0188679
50576,53,52,0.0188679
50590,53,52,0.0188679
50599,53,52,0.0188679
50610,53,52,0.0188679
50624,53,52,0.0188679
50625,53,52,0.0188679
50632,53,52,0.0188679
50633,53,52,0.0188679
50634,53,52,0.0188679
50635,53,52,0.0188679
50639,53,52,0.0188679
50647,53,52,0.0188679
50650,53,52,0.0188679
50653,53,52,0.0188679
50657,53,52,0.0188679
50662,53,52,0.0188679
50668,53,52,0.0188679
50672,53,52,0.0188679
50673,53,52,0.0188679
50680,53,52,0.0188679
50683,53,52,0.0188679
50685,53,52,0.0188679
50686,53,52,0.0188679
50694,53,52,0.0188679
50697,53,52,0.0188679
50707,53,52,0.0188679
50713,53,52,0.0188679
50724,53,52,0.0188679
50735,53,52,0.0188679
50737,53,52,0.0188679
50742,53,52,0.0188679
50750,53,52,0.0188679
50760,53,52,0.0188679
50765,53,52,0.0188679
50779,53,52,0.0188679
50781,53,52,0.0188679
50787,53,52,0.0188679
50794,53,52,0.0188679
50816,53,52,0.0188679
50832,53,52,0.0188679
50840,53,52,0.0188679
50844,53,52,0.0188679
50851,53,52,0.0188679
50854,53,52,0.0188679
50862,53,52,0.0188679
50864,53,52,0.0188679
50867,53,52,0.0188679
50872,53,52,0.0188679
50875,53,52,0.0188679
50885,53,52,0.0188679
50900,53,52,0.0188679
50905,53,52,0.0188679
50915,53,52,0.0188679
50919,53,52,0.0188679
50922,53,52,0.0188679
50931,53,52,0.0188679
50934,53,52,0.0188679
50947,53,52,0.0188679
50959,53,52,0.0188679
50968,53,52,0.0188679
50986,53,52,0.0188679
50995,53,52,0.0188679
51003,53,52,0.0188679
51009,53,52,0.0188679
51023,53,52,0.0188679
51025,53,52,0.0188679
51027,53,52,0.0188679
51030,53,52,0.0188679
51034,53,52,0.0188679
51043,53,52,0.0188679
51051,53,52,0.0188679
51061,53,52,0.0188679
51068,53,52,0.0188679
51074,53,52,0.0188679
51079,53,52,0.0188679
51086,53,52,0.0188679
51095,53,52,0.0188679
51109,53,52,0.0188679
51110,53,52,0.0188679
51113,53,52,0.0188679
51131,53,52,0.0188679
51148,53,52,0.0188679
51156,53,52,0.0188679
51158,53,52,0.0188679
51167,53,52,0.0188679
51176,53,52,0.0188679
51184,53,52,0.0188679
51193,53,52,0.0188679
51197,53,52,0.0188679
51206,53,52,0.0188679
51217,53,52,0.0188679
51228,53,52,0.0188679
51234,53,52,0.0188679
51244,53,52,0.0188679
51249,53,52,0.0188679
51256,53,52,0.0188679
51260,53,52,0.0188679
51269,53,52,0.0188679
51276,53,52,0.0188679
51277,53,52,0.0188679
51282,53,52,0.0188679
51287,53,52,0.0188679
51289,53,52,0.0188679
51291,53,52,0.0188679
51299,53,52,0.0188679
51306,53,52,0.0188679
51310,53,52,0.0188679
51313,53,52,0.0188679
51315,53,52,0.0188679
51317,53,52,0.0188679
51324,53,52,0.0188679
51339,53,52,0.0188679
51342,53,52,0.0188679
51352,53,52,0.0188679
51356,53,52,0.0188679
51369,53,52,0.0188679
51373,53,52,0.0188679
51380,53,52,0.0188679
51385,53,52,0.0188679
51391,53,52,0.0188679
51400,53,52,0.0188679
51408,53,52,0.0188679
51417,53,52,0.0188679
51428,53,52,0.0188679
51433,53,52,0.0188679
51442,53,52,0.0188679
51445,53,52,0.0188679
51450,53,52,0.0188679
51456,53,52,0.0188679
51469,53,52,0.0188679
51483,53,52,0.0188679
51488,53,52,0.0188679
51496,53,52,0.0188679
51502,53,52,0.0188679
51504,53,52,0.0188679
51513,53,52,0.0188679
51519,53,52,0.0188679
51524,53,52,0.0188679
51534,53,52,0.0188679
51538,53,52,0.0188679
51547,53,52,0.0188679
51548,53,52,0.0188679
51554,53,52,0.0188679
51561,53,52,0.0188679
51570,53,52,0.0188679
51573,53,52,0.0188679
51576,53,52,0.0188679
51579,53,52,0.0188679
51581,53,52,0.0188679
51593,53,52,0.0188679
51601,53,52,0.0188679
51609,53,52,0.0188679
51613,53,52,0.0188679
51618,53,52,0.0188679
51627,53,52,0.0188679
51630,53,52,0.0188679
51639,53,52,0.0188679
51642,53,52,0.0188679
51643,53,52,0.0188679
51646,53,52,0.0188679
51649,53,52,0.0188679
51659,53,52,0.0188679
51663,53,52,0.0188679
51665,53,52,0.0188679
51672,53,52,0.0188679
51682,53,52,0.0188679
51687,53,52,0.0188679
51689,53,52,0.0188679
51691,53,52,0.0188679
51694,53,52,0.0188679
51699,53,52,0.0188679
51701,53,52,0.0188679
51702,53,52,0.0188679
51706,53,52,0.0188679
51710,53,52,0.0188679
51712,53,52,0.0188679
51716,53,52,0.0188679
51719,53,52,0.0188679
51721,53,52,0.0188679
51729,53,52,0.0188679
51733,53,52,0.0188679
51735,53,52,0.0188679
51739,53,52,0.0188679
51752,53,52,0.0188679
51759,53,52,0.0188679
51763,53,52,0.0188679
51771,53,52,0.0188679
51776,53,52,0.0188679
51780,53,52,0.0188679
51786,53,52,0.0188679
51790,53,52,0.0188679
51795,53,52,0.0188679
51802,53,52,0.0188679
51805,53,52,0.0188679
51809,53,52,0.0188679
51810,53,52,0.0188679
51812,53,52,0.0188679
51813,53,52,0.0188679
51822,53,52,0.0188679
51829,53,52,0.0188679
51837,53,52,0.0188679
51844,53,52,0.0188679
51847,53,52,0.0188679
51853,53,52,0.0188679
51860,53,52,0.0188679
51862,53,52,0.0188679
51865,53,52,0.0188679
51874,53,52,0.0188679
51878,53,52,0.0188679
51880,53,52,0.0188679
51881,53,52,0.0188679
51886,53,52,0.0188679
51887,53,52,0.0188679
51895,53,52,0.0188679
51897,53,52,0.0188679
51902,53,52,0.0188679
51910,53,52,0.0188679
51913,53,52,0.0188679
51919,53,52,0.0188679
51922,53,52,0.0188679
51925,53,52,0.0188679
51932,53,52,0.0188679
51933,53,52,0.0188679
51935,53,52,0.0188679
51939,53,52,0.0188679
51947,53,52,0.0188679
51954,53,52,0.0188679
51957,53,52,0.0188679
51960,53,52,0.0188679
51963,53,52,0.0188679
51968,53,52,0.0188679
51971,53,52,0.0188679
51975,53,52,0.0188679
51981,53,52,0.0188679
51982,53,52,0.0188679
51985,53,52,0.0188679
51988,53,52,0.0188679
51992,53,52,0.0188679
51996,53,52,0.0188679
51997,53,52,0.0188679
52000,53,52,0.0188679
52003,53,52,0.0188679
52006,53,52,0.0188679
52009,53,52,0.0188679
52014,53,52,0.0188679
52018,53,52,0.0188679
52021,53,52,0.0188679
52027,53,52,0.0188679
52033,53,52,0.0188679
52045,53,52,0.0188679
52059,53,52,0.0188679
52062,53,52,0.0188679
52069,53,52,0.0188679
52075,53,52,0.0188679
52098,53,52,0.0188679
52111,53,52,0.0188679
52127,53,52,0.0188679
52139,53,52,0.0188679
52143,53,52,0.0188679
52145,53,52,0.0188679
52159,53,52,0.0188679
52172,53,52,0.0188679
52179,53,52,0.0188679
52195,53,52,0.0188679
52204,53,52,0.0188679
52211,53,52,0.0188679
52219,53,52,0.0188679
52220,53,52,0.0188679
52222,53,52,0.0188679
52223,53,52,0.0188679
52225,53,52,0.0188679
52230,53,52,0.0188679
52242,53,52,0.0188679
52247,53,52,0.0188679
52256,53,52,0.0188679
52258,53,52,0.0188679
52259,53,52,0.0188679
52265,53,52,0.0188679
52269,53,52,0.0188679
52278,53,52,0.0188679
52286,53,52,0.0188679
52297,53,52,0.0188679
52477,53,52,0.0188679
52496,53,52,0.0188679
52505,53,52,0.0188679
52510,53,52,0.0188679
52517,53,52,0.0188679
52520,53,52,0.0188679
52526,53,52,0.0188679
52527,53,52,0.0188679
52535,53,52,0.0188679
52543,53,52,0.0188679
52550,53,52,0.0188679
52559,53,52,0.0188679
52564,53,52,0.0188679
52569,53,52,0.0188679
52575,53,52,0.0188679
52580,53,52,0.0188679
52583,53,52,0.0188679
52589,53,52,0.0188679
52603,53,52,0.0188679
52615,53,52,0.0188679
52631,53,52,0.0188679
52639,53,52,0.0188679
52643,53,52,0.0188679
52649,53,52,0.0188679
52655,53,52,0.0188679
52659,53,52,0.0188679
52661,53,52,0.0188679
52667,53,52,0.0188679
52675,53,52,0.0188679
52681,53,52,0.0188679
52684,53,52,0.0188679
52693,53,52,0.0188679
52700,53,52,0.0188679
52706,53,52,0.0188679
52709,53,52,0.0188679
52711,53,52,0.0188679
52713,53,52,0.0188679
52722,53,52,0.0188679
52727,53,52,0.0188679
52728,53,52,0.0188679
52733,53,52,0.0188679
52740,53,52,0.0188679
52743,53,52,0.0188679
52747,53,52,0.0188679
52752,53,52,0.0188679
52758,53,52,0.0188679
52761,53,52,0.0188679
52762,53,52,0.0188679
52769,53,52,0.0188679
52775,53,52,0.0188679
52780,53,52,0.0188679
52796,53,52,0.0188679
52812,53,52,0.0188679
52816,53,52,0.0188679
52827,53,52,0.0188679
52832,53,52,0.0188679
52844,53,52,0.0188679
52852,53,52,0.0188679
52859,53,52,0.0188679
52861,53,52,0.0188679
52882,53,52,0.0188679
52890,53,52,0.0188679
52896,53,52,0.0188679
52904,53,52,0.0188679
52907,53,52,0.0188679
52932,53,52,0.0188679
52939,53,52,0.0188679
52947,53,52,0.0188679
52954,53,52,0.0188679
52956,53,52,0.0188679
52960,53,52,0.0188679
52973,53,52,0.0188679
52980,53,52,0.0188679
52986,53,52,0.0188679
52989,53,52,0.0188679
52995,53,52,0.0188679
53006,53,52,0.0188679
53011,53,52,0.0188679
53018,53,52,0.0188679
53028,53,52,0.0188679
53032,53,52,0.0188679
53039,53,52,0.0188679
53041,53,52,0.0188679
53042,53,52,0.0188679
53048,53,52,0.0188679
53058,53,52,0.0188679
53061,53,52,0.0188679
53062,53,52,0.0188679
53068,53,52,0.0188679
53070,53,52,0.0188679
53079,53,52,0.0188679
53081,53,52,0.0188679
53087,53,52,0.0188679
53091,53,52,0.0188679
53092,53,52,0.0188679
53094,53,52,0.0188679
53096,53,52,0.0188679
53098,53,52,0.0188679
53103,53,52,0.0188679
53107,53,52,0.0188679
53109,53,52,0.0188679
53110,53,52,0.0188679
53112,53,52,0.0188679
53117,53,52,0.0188679
53118,53,52,0.0188679
53124,53,52,0.0188679
53133,53,52,0.0188679
53146,53,52,0.0188679
53157,53,52,0.0188679
53163,53,52,0.0188679
53169,53,52,0.0188679
53171,53,52,0.0188679
53176,53,52,0.0188679
53182,53,52,0.0188679
53184,53,52,0.0188679
53189,53,52,0.0188679
53198,53,52,0.0188679
53205,53,52,0.0188679
53207,53,52,0.0188679
53211,53,52,0.0188679
53213,53,52,0.0188679
53221,53,52,0.0188679
53223,53,52,0.0188679
53227,53,52,0.0188679
53229,53,52,0.0188679
53233,53,52,0.0188679
53241,53,52,0.0188679
53246,53,52,0.0188679
53250,53,52,0.0188679
53261,53,52,0.0188679
53267,53,52,0.0188679
53268,53,52,0.0188679
53274,53,52,0.0188679
53288,53,52,0.0188679
53290,53,52,0.0188679
53299,53,52,0.0188679
53304,53,52,0.0188679
53308,53,52,0.0188679
53314,53,52,0.0188679
53316,53,52,0.0188679
53322,53,52,0.0188679
53325,53,52,0.0188679
53333,53,52,0.0188679
53340,53,52,0.0188679
53345,53,52,0.0188679
53346,53,52,0.0188679
53347,53,52,0.0188679
53349,53,52,0.0188679
53351,53,52,0.0188679
53359,53,52,0.0188679
53367,53,52,0.0188679
53376,53,52,0.0188679
53380,53,52,0.0188679
53383,53,52,0.0188679
53384,53,52,0.0188679
53393,53,52,0.0188679
53406,53,52,0.0188679
53416,53,52,0.0188679
53417,53,52,0.0188679
53423,53,52,0.0188679
53427,53,52,0.0188679
53432,53,52,0.0188679
53433,53,52,0.0188679
53439,53,52,0.0188679
53442,53,52,0.0188679
53449,53,52,0.0188679
53456,53,52,0.0188679
53463,53,52,0.0188679
53470,53,52,0.0188679
53471,53,52,0.0188679
53478,53,52,0.0188679
53482,53,52,0.0188679
53486,53,52,0.0188679
53487,53,52,0.0188679
53489,53,52,0.0188679
53490,53,52,0.0188679
53497,53,52,0.0188679
53500,53,52,0.0188679
53503,53,52,0.0188679
53506,53,52,0.0188679
53513,53,52,0.0188679
53515,53,52,0.0188679
53517,53,52,0.0188679
53522,53,52,0.0188679
53523,53,52,0.0188679
53525,53,52,0.0188679
53533,53,52,0.0188679
53534,53,52,0.0188679
53535,53,52,0.0188679
53537,53,52,0.0188679
53541,53,52,0.0188679
53546,53,52,0.0188679
53549,53,52,0.0188679
53552,53,52,0.0188679
53554,53,52,0.0188679
53558,53,52,0.0188679
53559,53,52,0.0188679
53563,53,52,0.0188679
53567,53,52,0.0188679
53575,53,52,0.0188679
53580,53,52,0.0188679
53584,53,52,0.0188679
53586,53,52,0.0188679
53590,53,52,0.0188679
53591,53,52,0.0188679
53598,53,52,0.0188679
53602,53,52,0.0188679
53605,53,52,0.0188679
53612,53,52,0.0188679
53619,53,52,0.0188679
53628,53,52,0.0188679
53629,53,52,0.0188679
53645,53,52,0.0188679
53649,53,52,0.0188679
53660,53,52,0.0188679
53661,53,52,0.0188679
53663,53,52,0.0188679
53673,53,52,0.0188679
53676,53,52,0.0188679
53677,53,52,0.0188679
53682,53,52,0.0188679
53687,53,52,0.0188679
53688,53,52,0.0188679
53703,53,52,0.0188679
53711,53,52,0.0188679
53716,53,52,0.0188679
53723,53,52,0.0188679
53727,53,52,0.0188679
53730,53,52,0.0188679
53736,53,52,0.0188679
53739,53,52,0.0188679
53743,53,52,0.0188679
53744,53,52,0.0188679
53747,53,52,0.0188679
53756,53,52,0.0188679
53760,53,52,0.0188679
53774,53,52,0.0188679
53779,53,52,0.0188679
53790,53,52,0.0188679
53799,53,52,0.0188679
53804,53,52,0.0188679
53813,53,52,0.0188679
53823,53,52,0.0188679
53827,53,52,0.0188679
53833,53,52,0.0188679
53840,53,52,0.0188679
53850,53,52,0.0188679
53856,53,52,0.0188679
53859,53,52,0.0188679
53863,53,52,0.0188679
53873,53,52,0.0188679
53880,53,52,0.0188679
53886,53,52,0.0188679
53891,53,52,0.0188679
53894,53,52,0.0188679
53900,53,52,0.0188679
53904,53,52,0.0188679
53909,53,52,0.0188679
53915,53,52,0.0188679
53916,53,52,0.0188679
53927,53,52,0.0188679
53937,53,52,0.0188679
53938,53,52,0.0188679
53943,53,52,0.0188679
53945,53,52,0.0188679
53950,53,52,0.0188679
53961,53,52,0.0188679
53963,53,52,0.0188679
53965,53,52,0.0188679
53980,53,52,0.0188679
53981,53,52,0.0188679
53984,53,52,0.0188679
53985,53,52,0.0188679
53989,53,52,0.0188679
53992,53,52,0.0188679
53994,53,52,0.0188679
53995,53,52,0.0188679
54001,53,52,0.0188679
54007,53,52,0.0188679
54016,53,52,0.0188679
54026,53,52,0.0188679
54032,53,52,0.0188679
54036,53,52,0.0188679
54041,53,52,0.0188679
54044,53,52,0.0188679
54045,53,52,0.0188679
54048,53,52,0.0188679
54052,53,52,0.0188679
54063,53,52,0.0188679
54069,53,52,0.0188679
54072,53,52,0.0188679
54073,53,52,0.0188679
54075,53,52,0.0188679
54078,53,52,0.0188679
54090,53,52,0.0188679
54091,53,52,0.0188679
54098,53,52,0.0188679
54110,53,52,0.0188679
54114,53,52,0.0188679
54121,53,52,0.0188679
54126,53,52,0.0188679
54131,53,52,0.0188679
54135,53,52,0.0188679
54139,53,52,0.0188679
54147,53,52,0.0188679
54154,53,52,0.0188679
54157,53,52,0.0188679
54162,53,52,0.0188679
54171,53,52,0.0188679
54174,53,52,0.0188679
54179,53,52,0.0188679
54180,53,52,0.0188679
54183,53,52,0.0188679
54186,53,52,0.0188679
54191,53,52,0.0188679
54195,53,52,0.0188679
54202,53,52,0.0188679
54205,53,52,0.0188679
54208,53,52,0.0188679
54213,53,52,0.0188679
54215,53,52,0.0188679
54217,53,52,0.0188679
54219,53,52,0.0188679
54226,53,52,0.0188679
54238,53,52,0.0188679
54244,53,52,0.0188679
54250,53,52,0.0188679
54253,53,52,0.0188679
54264,53,52,0.0188679
54270,53,52,0.0188679
54271,53,52,0.0188679
54276,53,52,0.0188679
54283,53,52,0.0188679
54297,53,52,0.0188679
54305,53,52,0.0188679
54306,53,52,0.0188679
54313,53,52,0.0188679
54318,53,52,0.0188679
54326,53,52,0.0188679
54329,53,52,0.0188679
54337,53,52,0.0188679
54343,53,52,0.0188679
54350,53,52,0.0188679
54366,53,52,0.0188679
54368,53,52,0.0188679
54379,53,52,0.0188679
54384,53,52,0.0188679
54393,53,52,0.0188679
54404,53,52,0.0188679
54406,53,52,0.0188679
54408,53,52,0.0188679
54413,53,52,0.0188679
54417,53,52,0.0188679
54419,53,52,0.0188679
54422,53,52,0.0188679
54427,53,52,0.0188679
54428,53,52,0.0188679
54431,53,52,0.0188679
54434,53,52,0.0188679
54440,53,52,0.0188679
54444,53,52,0.0188679
54447,53,52,0.0188679
54456,53,52,0.0188679
54460,53,52,0.0188679
54461,53,52,0.0188679
54462,53,52,0.0188679
54467,53,52,0.0188679
54474,53,52,0.0188679
54477,53,52,0.0188679
54478,53,52,0.0188679
54482,53,52,0.0188679
54485,53,52,0.0188679
54490,53,52,0.0188679
54491,53,52,0.0188679
54495,53,52,0.0188679
54498,53,52,0.0188679
54503,53,52,0.0188679
54506,53,52,0.0188679
54510,53,52,0.0188679
54522,53,52,0.0188679
54525,53,52,0.0188679
54527,53,52,0.0188679
54530,53,52,0.0188679
54541,53,52,0.0188679
54542,53,52,0.0188679
54549,53,52,0.0188679
54550,53,52,0.0188679
54552,53,52,0.0188679
54560,53,52,0.0188679
54565,53,52,0.0188679
54569,53,52,0.0188679
54573,53,52,0.0188679
54579,53,52,0.0188679
54583,53,52,0.0188679
54587,53,52,0.0188679
54597,53,52,0.0188679
54608,53,52,0.0188679
54611,53,52,0.0188679
54615,53,52,0.0188679
54620,53,52,0.0188679
54625,53,52,0.0188679
54631,53,52,0.0188679
54641,53,52,0.0188679
54642,53,52,0.0188679
54647,53,52,0.0188679
54651,53,52,0.0188679
54653,53,52,0.0188679
54661,53,52,0.0188679
54665,53,52,0.0188679
54673,53,52,0.0188679
54677,53,52,0.0188679
54679,53,52,0.0188679
54680,53,52,0.0188679
54687,53,52,0.0188679
54698,53,52,0.0188679
54701,53,52,0.0188679
54709,53,52,0.0188679
54714,53,52,0.0188679
54732,53,52,0.0188679
54734,53,52,0.0188679
54745,53,52,0.0188679
54750,53,52,0.0188679
54754,53,52,0.0188679
54759,53,52,0.0188679
54764,53,52,0.0188679
54774,53,52,0.0188679
54779,53,52,0.0188679
54787,53,52,0.0188679
54791,53,52,0.0188679
54796,53,52,0.0188679
54806,53,52,0.0188679
54811,53,52,0.0188679
54815,53,52,0.0188679
54816,53,52,0.0188679
54818,53,52,0.0188679
54820,53,52,0.0188679
54823,53,52,0.0188679
54831,53,52,0.0188679
54834,53,52,0.0188679
54835,53,52,0.0188679
54838,53,52,0.0188679
54841,53,52,0.0188679
54844,53,52,0.0188679
54847,53,52,0.0188679
54850,53,52,0.0188679
54852,53,52,0.0188679
54853,53,52,0.0188679
54859,53,52,0.0188679
54865,53,52,0.0188679
54868,53,52,0.0188679
54876,53,52,0.0188679
54881,53,52,0.0188679
54889,53,52,0.0188679
54892,53,52,0.0188679
54893,53,52,0.0188679
54896,53,52,0.0188679
54900,53,52,0.0188679
54902,53,52,0.0188679
54904,53,52,0.0188679
54905,53,52,0.0188679
54906,53,52,0.0188679
54912,53,52,0.0188679
54914,53,52,0.0188679
54922,53,52,0.0188679
54925,53,52,0.0188679
54928,53,52,0.0188679
54932,53,52,0.0188679
54937,53,52,0.0188679
54938,53,52,0.0188679
54939,53,52,0.0188679
54941,53,52,0.0188679
54942,53,52,0.0188679
54945,53,52,0.0188679
54946,53,52,0.0188679
54949,53,52,0.0188679
54954,53,52,0.0188679
54955,53,52,0.0188679
54956,53,52,0.0188679
54958,53,52,0.0188679
54959,53,52,0.0188679
54960,53,52,0.0188679
54961,53,52,0.0188679
54962,53,52,0.0188679
54966,53,52,0.0188679
54969,53,52,0.0188679
54975,53,52,0.0188679
54976,53,52,0.0188679
54978,53,52,0.0188679
54979,53,52,0.0188679
54980,53,52,0.0188679
54988,53,52,0.0188679
54992,53,52,0.0188679
54993,53,52,0.0188679
54994,53,52,0.0188679
54996,53,52,0.0188679
54999,53,52,0.0188679
55001,53,52,0.0188679
55005,53,52,0.0188679
55006,53,52,0.0188679
55007,53,52,0.0188679
55008,53,52,0.0188679
55012,53,52,0.0188679
55014,53,52,0.0188679
55019,53,52,0.0188679
55023,53,52,0.0188679
55025,53,52,0.0188679
55028,53,52,0.0188679
55031,53,52,0.0188679
55034,53,52,0.0188679
55036,53,52,0.0188679
55038,53,52,0.0188679
55044,53,52,0.0188679
55046,53,52,0.0188679
55048,53,52,0.0188679
55050,53,52,0.0188679
55056,53,52,0.0188679
55058,53,52,0.0188679
55059,53,52,0.0188679
55065,53,52,0.0188679
55066,53,52,0.0188679
55074,53,52,0.0188679
55075,53,52,0.0188679
55082,53,52,0.0188679
55084,53,52,0.0188679
55086,53,52,0.0188679
55087,53,52,0.0188679
55095,53,52,0.0188679
55099,53,52,0.0188679
55110,53,52,0.0188679
55119,53,52,0.0188679
55122,53,52,0.0188679
55130,53,52,0.0188679
55133,53,52,0.0188679
55134,53,52,0.0188679
55141,53,52,0.0188679
55142,53,52,0.0188679
55143,53,52,0.0188679
55145,53,52,0.0188679
55147,53,52,0.0188679
55148,53,52,0.0188679
55153,53,52,0.0188679
55157,53,52,0.0188679
55161,53,52,0.0188679
55162,53,52,0.0188679
55164,53,52,0.0188679
55166,53,52,0.0188679
55167,53,52,0.0188679
55168,53,52,0.0188679
55177,53,52,0.0188679
55178,53,52,0.0188679
55180,53,52,0.0188679
55185,53,52,0.0188679
55186,53,52,0.0188679
55187,53,52,0.0188679
55191,53,52,0.0188679
55194,53,52,0.0188679
55198,53,52,0.0188679
55199,53,52,0.0188679
55201,53,52,0.0188679
55202,53,52,0.0188679
55207,53,52,0.0188679
55208,53,52,0.0188679
55215,53,52,0.0188679
55216,53,52,0.0188679
55219,53,52,0.0188679
55221,53,52,0.0188679
55222,53,52,0.0188679
55223,53,52,0.0188679
55224,53,52,0.0188679
55226,53,52,0.0188679
55227,53,52,0.0188679
55229,53,52,0.0188679
55231,53,52,0.0188679
55232,53,52,0.0188679
55235,53,52,0.0188679
55236,53,52,0.0188679
55238,53,52,0.0188679
55242,53,52,0.0188679
55250,53,52,0.0188679
55251,53,52,0.0188679
55256,53,52,0.0188679
55260,53,52,0.0188679
55263,53,52,0.0188679
55268,53,52,0.0188679
55269,53,52,0.0188679
55270,53,52,0.0188679
55275,53,52,0.0188679
55279,53,52,0.0188679
55282,53,52,0.0188679
55287,53,52,0.0188679
55290,53,52,0.0188679
55294,53,52,0.0188679
55295,53,52,0.0188679
55297,53,52,0.0188679
55300,53,52,0.0188679
55306,53,52,0.0188679
55307,53,52,0.0188679
55310,53,52,0.0188679
55311,53,52,0.0188679
55313,53,52,0.0188679
55316,53,52,0.0188679
55321,53,52,0.0188679
55322,53,52,0.0188679
55327,53,52,0.0188679
55332,53,52,0.0188679
55334,53,52,0.0188679
55338,53,52,0.0188679
55344,53,52,0.0188679
55349,53,52,0.0188679
55354,53,52,0.0188679
55359,53,52,0.0188679
55367,53,52,0.0188679
55376,53,52,0.0188679
55382,53,52,0.0188679
55387,53,52,0.0188679
55392,53,52,0.0188679
55395,53,52,0.0188679
55397,53,52,0.0188679
55398,53,52,0.0188679
55400,53,52,0.0188679
55401,53,52,0.0188679
55406,53,52,0.0188679
55409,53,52,0.0188679
55410,53,52,0.0188679
55415,53,52,0.0188679
55416,53,52,0.0188679
55420,53,52,0.0188679
55423,53,52,0.0188679
55427,53,52,0.0188679
55434,53,52,0.0188679
55441,53,52,0.0188679
55447,53,52,0.0188679
55451,53,52,0.0188679
55453,53,52,0.0188679
55454,53,52,0.0188679
55456,53,52,0.0188679
55460,53,52,0.0188679
55461,53,52,0.0188679
55464,53,52,0.0188679
55465,53,52,0.0188679
55473,53,52,0.0188679
55478,53,52,0.0188679
55479,53,52,0.0188679
55488,53,52,0.0188679
55489,53,52,0.0188679
55492,53,52,0.0188679
55500,53,52,0.0188679
55508,53,52,0.0188679
55511,53,52,0.0188679
55513,53,52,0.0188679
55518,53,52,0.0188679
55523,53,52,0.0188679
55530,53,52,0.0188679
55536,53,52,0.0188679
55545,53,52,0.0188679
55551,53,52,0.0188679
55557,53,52,0.0188679
55561,53,52,0.0188679
55567,53,52,0.0188679
55569,53,52,0.0188679
55574,53,52,0.0188679
55577,53,52,0.0188679
55584,53,52,0.0188679
55587,53,52,0.0188679
55595,53,52,0.0188679
55602,53,52,0.0188679
55608,53,52,0.0188679
55611,53,52,0.0188679
55616,53,52,0.0188679
55627,53,52,0.0188679
55631,53,52,0.0188679
55633,53,52,0.0188679
55641,53,52,0.0188679
55643,53,52,0.0188679
55650,53,52,0.0188679
55653,53,52,0.0188679
55659,53,52,0.0188679
55661,53,52,0.0188679
55664,53,52,0.0188679
55673,53,52,0.0188679
55683,53,52,0.0188679
55684,53,52,0.0188679
55693,53,52,0.0188679
55694,53,52,0.0188679
55698,53,52,0.0188679
55709,53,52,0.0188679
55710,53,52,0.0188679
55720,53,52,0.0188679
55722,53,52,0.0188679
55727,53,52,0.0188679
55740,53,52,0.0188679
55744,53,52,0.0188679
55751,53,52,0.0188679
55757,53,52,0.0188679
55758,53,52,0.0188679
55762,53,52,0.0188679
55764,53,52,0.0188679
55766,53,52,0.0188679
55780,53,52,0.0188679
55783,53,52,0.0188679
55787,53,52,0.0188679
55791,53,52,0.0188679
55792,53,52,0.0188679
55799,53,52,0.0188679
55804,53,52,0.0188679
55806,53,52,0.0188679
55807,53,52,0.0188679
55810,53,52,0.0188679
55814,53,52,0.0188679
55824,53,52,0.0188679
55828,53,52,0.0188679
55829,53,52,0.0188679
55831,53,52,0.0188679
55837,53,52,0.0188679
55839,53,52,0.0188679
55844,53,52,0.0188679
55855,53,52,0.0188679
55860,53,52,0.0188679
55866,53,52,0.0188679
55871,53,52,0.0188679
55875,53,52,0.0188679
55876,53,52,0.0188679
55878,53,52,0.0188679
55881,53,52,0.0188679
55882,53,52,0.0188679
55890,53,52,0.0188679
55894,53,52,0.0188679
55898,53,52,0.0188679
55904,53,52,0.0188679
55908,53,52,0.0188679
55910,53,52,0.0188679
55912,53,52,0.0188679
55919,53,52,0.0188679
55923,53,52,0.0188679
55929,53,52,0.0188679
55936,53,52,0.0188679
55938,53,52,0.0188679
55940,53,52,0.0188679
55942,53,52,0.0188679
55945,53,52,0.0188679
55947,53,52,0.0188679
55962,53,52,0.0188679
55964,53,52,0.0188679
55969,53,52,0.0188679
55975,53,52,0.0188679
55982,53,52,0.0188679
55987,53,52,0.0188679
55992,53,52,0.0188679
55996,53,52,0.0188679
55999,53,52,0.0188679
56001,53,52,0.0188679
56006,53,52,0.0188679
56011,53,52,0.0188679
56014,53,52,0.0188679
56019,53,52,0.0188679
56026,53,52,0.0188679
56027,53,52,0.0188679
56032,53,52,0.0188679
56035,53,52,0.0188679
56040,53,52,0.0188679
56048,53,52,0.0188679
56051,53,52,0.0188679
56052,53,52,0.0188679
56060,53,52,0.0188679
56064,53,52,0.0188679
56069,53,52,0.0188679
56071,53,52,0.0188679
56073,53,52,0.0188679
56075,53,52,0.0188679
56081,53,52,0.0188679
56083,53,52,0.0188679
56086,53,52,0.0188679
56088,53,52,0.0188679
56089,53,52,0.0188679
56094,53,52,0.0188679
56096,53,52,0.0188679
56100,53,52,0.0188679
56105,53,52,0.0188679
56106,53,52,0.0188679
56108,53,52,0.0188679
56109,53,52,0.0188679
56110,53,52,0.0188679
56116,53,52,0.0188679
56126,53,52,0.0188679
56130,53,52,0.0188679
56135,53,52,0.0188679
56139,53,52,0.0188679
56141,53,52,0.0188679
56146,53,52,0.0188679
56160,53,52,0.0188679
56165,53,52,0.0188679
56173,53,52,0.0188679
56177,53,52,0.0188679
56178,53,52,0.0188679
56179,53,52,0.0188679
56181,53,52,0.0188679
56182,53,52,0.0188679
56185,53,52,0.0188679
56191,53,52,0.0188679
56194,53,52,0.0188679
56197,53,52,0.0188679
56203,53,52,0.0188679
56207,53,52,0.0188679
56209,53,52,0.0188679
56210,53,52,0.0188679
56220,53,52,0.0188679
56224,53,52,0.0188679
56225,53,52,0.0188679
56234,53,52,0.0188679
56244,53,52,0.0188679
56245,53,52,0.0188679
56246,53,52,0.0188679
56249,53,52,0.0188679
56251,53,52,0.0188679
56252,53,52,0.0188679
56254,53,52,0.0188679
56257,53,52,0.0188679
56258,53,52,0.0188679
56261,53,52,0.0188679
56262,53,52,0.0188679
56266,53,52,0.0188679
56267,53,52,0.0188679
56270,53,52,0.0188679
56272,53,52,0.0188679
56275,53,52,0.0188679
56279,53,52,0.0188679
56286,53,52,0.0188679
56290,53,52,0.0188679
56292,53,52,0.0188679
56294,53,52,0.0188679
56295,53,52,0.0188679
56297,53,52,0.0188679
56299,53,52,0.0188679
56307,53,52,0.0188679
56308,53,52,0.0188679
56319,53,52,0.0188679
56322,53,52,0.0188679
56323,53,52,0.0188679
56325,53,52,0.0188679
56330,53,52,0.0188679
56333,53,52,0.0188679
56338,53,52,0.0188679
56346,53,52,0.0188679
56348,53,52,0.0188679
56349,53,52,0.0188679
56354,53,52,0.0188679
56358,53,52,0.0188679
56368,53,52,0.0188679
56371,53,52,0.0188679
56373,53,52,0.0188679
56378,53,52,0.0188679
56384,53,52,0.0188679
56386,53,52,0.0188679
56389,53,52,0.0188679
56390,53,52,0.0188679
56397,53,52,0.0188679
56398,53,52,0.0188679
56406,53,52,0.0188679
56409,53,52,0.0188679
56414,53,52,0.0188679
56419,53,52,0.0188679
56426,53,52,0.0188679
56429,53,52,0.0188679
56432,53,52,0.0188679
56440,53,52,0.0188679
56443,53,52,0.0188679
56447,53,52,0.0188679
56457,53,52,0.0188679
56461,53,52,0.0188679
56468,53,52,0.0188679
56475,53,52,0.0188679
56476,53,52,0.0188679
56482,53,52,0.0188679
56488,53,52,0.0188679
56490,53,52,0.0188679
56495,53,52,0.0188679
56499,53,52,0.0188679
56502,53,52,0.0188679
56508,53,52,0.0188679
56511,53,52,0.0188679
56514,53,52,0.0188679
56515,53,52,0.0188679
56518,53,52,0.0188679
56526,53,52,0.0188679
56527,53,52,0.0188679
56532,53,52,0.0188679
56536,53,52,0.0188679
56545,53,52,0.0188679
56548,53,52,0.0188679
56549,53,52,0.0188679
56553,53,52,0.0188679
56558,53,52,0.0188679
56565,53,52,0.0188679
56571,53,52,0.0188679
56580,53,52,0.0188679
56587,53,52,0.0188679
56588,53,52,0.0188679
56596,53,52,0.0188679
56608,53,52,0.0188679
56611,53,52,0.0188679
56612,53,52,0.0188679
56617,53,52,0.0188679
56627,53,52,0.0188679
56631,53,52,0.0188679
56639,53,52,0.0188679
56647,53,52,0.0188679
56653,53,52,0.0188679
56655,53,52,0.0188679
56657,53,52,0.0188679
56665,53,52,0.0188679
56669,53,52,0.0188679
56676,53,52,0.0188679
56687,53,52,0.0188679
56691,53,52,0.0188679
56700,53,52,0.0188679
56708,53,52,0.0188679
56714,53,52,0.0188679
56719,53,52,0.0188679
56726,53,52,0.0188679
56728,53,52,0.0188679
56746,53,52,0.0188679
56756,53,52,0.0188679
56764,53,52,0.0188679
56772,53,52,0.0188679
56773,53,52,0.0188679
56775,53,52,0.0188679
56782,53,52,0.0188679
56783,53,52,0.0188679
56785,53,52,0.0188679
56792,53,52,0.0188679
56798,53,52,0.0188679
56799,53,52,0.0188679
56802,53,52,0.0188679
56810,53,52,0.0188679
56818,53,52,0.0188679
56822,53,52,0.0188679
56826,53,52,0.0188679
56829,53,52,0.0188679
56830,53,52,0.0188679
56835,53,52,0.0188679
56840,53,52,0.0188679
56843,53,52,0.0188679
56844,53,52,0.0188679
56852,53,52,0.0188679
56855,53,52,0.0188679
56860,53,52,0.0188679
56861,53,52,0.0188679
56863,53,52,0.0188679
56866,53,52,0.0188679
56873,53,52,0.0188679
56878,53,52,0.0188679
56879,53,52,0.0188679
56881,53,52,0.0188679
56893,53,52,0.0188679
56905,53,52,0.0188679
56906,53,52,0.0188679
56911,53,52,0.0188679
56919,53,52,0.0188679
56929,53,52,0.0188679
56933,53,52,0.0188679
56941,53,52,0.0188679
56950,53,52,0.0188679
56953,53,52,0.0188679
56956,53,52,0.0188679
56964,53,52,0.0188679
56966,53,52,0.0188679
56967,53,52,0.0188679
56968,53,52,0.0188679
56970,53,52,0.0188679
56971,53,52,0.0188679
56973,53,52,0.0188679
56977,53,52,0.0188679
56978,53,52,0.0188679
56979,53,52,0.0188679
56980,53,52,0.0188679
56981,53,52,0.0188679
56982,53,52,0.0188679
56983,53,52,0.0188679
56985,53,52,0.0188679
56986,53,52,0.0188679
56988,53,52,0.0188679
56989,53,52,0.0188679
56990,53,52,0.0188679
56994,53,52,0.0188679
56997,53,52,0.0188679
57004,53,52,0.0188679
57008,53,52,0.0188679
57015,53,52,0.0188679
57021,53,52,0.0188679
57025,53,52,0.0188679
57030,53,52,0.0188679
57032,53,52,0.0188679
57033,53,52,0.0188679
57039,53,52,0.0188679
57047,53,52,0.0188679
57055,53,52,0.0188679
57061,53,52,0.0188679
57075,53,52,0.0188679
57078,53,52,0.0188679
57079,53,52,0.0188679
57082,53,52,0.0188679
57084,53,52,0.0188679
57086,53,52,0.0188679
57090,53,52,0.0188679
57097,53,52,0.0188679
57103,53,52,0.0188679
57113,53,52,0.0188679
57120,53,52,0.0188679
57123,53,52,0.0188679
57130,53,52,0.0188679
57136,53,52,0.0188679
57149,53,52,0.0188679
57152,53,52,0.0188679
57154,53,52,0.0188679
57155,53,52,0.0188679
57158,53,52,0.0188679
57163,53,52,0.0188679
57164,53,52,0.0188679
57166,53,52,0.0188679
57169,53,52,0.0188679
57174,53,52,0.0188679
57177,53,52,0.0188679
57183,53,52,0.0188679
57186,53,52,0.0188679
57187,53,52,0.0188679
57188,53,52,0.0188679
57196,53,52,0.0188679
57203,53,52,0.0188679
57204,53,52,0.0188679
57206,53,52,0.0188679
57207,53,52,0.0188679
57211,53,52,0.0188679
57218,53,52,0.0188679
57219,53,52,0.0188679
57224,53,52,0.0188679
57235,53,52,0.0188679
57242,53,52,0.0188679
57258,53,52,0.0188679
57259,53,52,0.0188679
57260,53,52,0.0188679
57263,53,52,0.0188679
57265,53,52,0.0188679
57268,53,52,0.0188679
57276,53,52,0.0188679
57284,53,52,0.0188679
57287,53,52,0.0188679
57289,53,52,0.0188679
57296,53,52,0.0188679
57303,53,52,0.0188679
57308,53,52,0.0188679
57310,53,52,0.0188679
57311,53,52,0.0188679
57319,53,52,0.0188679
57325,53,52,0.0188679
57332,53,52,0.0188679
57340,53,52,0.0188679
57346,53,52,0.0188679
57347,53,52,0.0188679
57348,53,52,0.0188679
57353,53,52,0.0188679
57359,53,52,0.0188679
57360,53,52,0.0188679
57363,53,52,0.0188679
57366,53,52,0.0188679
57369,53,52,0.0188679
57380,53,52,0.0188679
57388,53,52,0.0188679
57392,53,52,0.0188679
57402,53,52,0.0188679
57407,53,52,0.0188679
57410,53,52,0.0188679
57416,53,52,0.0188679
57424,53,52,0.0188679
57427,53,52,0.0188679
57428,53,52,0.0188679
57431,53,52,0.0188679
57433,53,52,0.0188679
57441,53,52,0.0188679
57443,53,52,0.0188679
57449,53,52,0.0188679
57452,53,52,0.0188679
57456,53,52,0.0188679
57458,53,52,0.0188679
57459,53,52,0.0188679
57460,53,52,0.0188679
57462,53,52,0.0188679
57471,53,52,0.0188679
57476,53,52,0.0188679
57480,53,52,0.0188679
57481,53,52,0.0188679
57482,53,52,0.0188679
57488,53,52,0.0188679
57496,53,52,0.0188679
57500,53,52,0.0188679
57507,53,52,0.0188679
57510,53,52,0.0188679
57514,53,52,0.0188679
57517,53,52,0.0188679
57522,53,52,0.0188679
57530,53,52,0.0188679
57542,53,52,0.0188679
57543,53,52,0.0188679
57550,53,52,0.0188679
57562,53,52,0.0188679
57566,53,52,0.0188679
57568,53,52,0.0188679
57570,53,52,0.0188679
57574,53,52,0.0188679
57577,53,52,0.0188679
57588,53,52,0.0188679
57595,53,52,0.0188679
57597,53,52,0.0188679
57601,53,52,0.0188679
57608,53,52,0.0188679
57613,53,52,0.0188679
57617,53,52,0.0188679
57624,53,52,0.0188679
57627,53,52,0.0188679
57628,53,52,0.0188679
57629,53,52,0.0188679
57640,53,52,0.0188679
57644,53,52,0.0188679
57646,53,52,0.0188679
57654,53,52,0.0188679
57657,53,52,0.0188679
57666,53,52,0.0188679
57674,53,52,0.0188679
57685,53,52,0.0188679
57696,53,52,0.0188679
57704,53,52,0.0188679
57711,53,52,0.0188679
57722,53,52,0.0188679
57725,53,52,0.0188679
57726,53,52,0.0188679
57734,53,52,0.0188679
57735,53,52,0.0188679
57742,53,52,0.0188679
57745,53,52,0.0188679
57748,53,52,0.0188679
57755,53,52,0.0188679
57769,53,52,0.0188679
57780,53,52,0.0188679
57786,53,52,0.0188679
57787,53,52,0.0188679
57791,53,52,0.0188679
57796,53,52,0.0188679
57799,53,52,0.0188679
57801,53,52,0.0188679
57804,53,52,0.0188679
57816,53,52,0.0188679
57825,53,52,0.0188679
57838,53,52,0.0188679
57841,53,52,0.0188679
57843,53,52,0.0188679
57845,53,52,0.0188679
57851,53,52,0.0188679
57855,53,52,0.0188679
57859,53,52,0.0188679
57861,53,52,0.0188679
57867,53,52,0.0188679
57874,53,52,0.0188679
57879,53,52,0.0188679
57885,53,52,0.0188679
57891,53,52,0.0188679
57892,53,52,0.0188679
57902,53,52,0.0188679
57906,53,52,0.0188679
57913,53,52,0.0188679
57925,53,52,0.0188679
57927,53,52,0.0188679
57931,53,52,0.0188679
57936,53,52,0.0188679
57942,53,52,0.0188679
57943,53,52,0.0188679
57947,53,52,0.0188679
57955,53,52,0.0188679
57966,53,52,0.0188679
57975,53,52,0.0188679
57978,53,52,0.0188679
57980,53,52,0.0188679
57986,53,52,0.0188679
57988,53,52,0.0188679
57991,53,52,0.0188679
57995,53,52,0.0188679
58000,53,52,0.0188679
58001,53,52,0.0188679
58009,53,52,0.0188679
58010,53,52,0.0188679
58011,53,52,0.0188679
58015,53,52,0.0188679
58024,53,52,0.0188679
58027,53,52,0.0188679
58029,53,52,0.0188679
58037,53,52,0.0188679
58043,53,52,0.0188679
58046,53,52,0.0188679
58048,53,52,0.0188679
58059,53,52,0.0188679
58066,53,52,0.0188679
58071,53,52,0.0188679
58074,53,52,0.0188679
58087,53,52,0.0188679
58091,53,52,0.0188679
58098,53,52,0.0188679
58107,53,52,0.0188679
58114,53,52,0.0188679
58115,53,52,0.0188679
58120,53,52,0.0188679
58121,53,52,0.0188679
58122,53,52,0.0188679
58126,53,52,0.0188679
58133,53,52,0.0188679
58141,53,52,0.0188679
58142,53,52,0.0188679
58145,53,52,0.0188679
58151,53,52,0.0188679
58159,53,52,0.0188679
58161,53,52,0.0188679
58162,53,52,0.0188679
58172,53,52,0.0188679
58173,53,52,0.0188679
58175,53,52,0.0188679
58177,53,52,0.0188679
58188,53,52,0.0188679
58193,53,52,0.0188679
58197,53,52,0.0188679
58203,53,52,0.0188679
58207,53,52,0.0188679
58212,53,52,0.0188679
58213,53,52,0.0188679
58214,53,52,0.0188679
58216,53,52,0.0188679
58221,53,52,0.0188679
58226,53,52,0.0188679
58231,53,52,0.0188679
58238,53,52,0.0188679
58239,53,52,0.0188679
58244,53,52,0.0188679
58252,53,52,0.0188679
58256,53,52,0.0188679
58266,53,52,0.0188679
58271,53,52,0.0188679
58277,53,52,0.0188679
58281,53,52,0.0188679
58286,53,52,0.0188679
58290,53,52,0.0188679
58291,53,52,0.0188679
58292,53,52,0.0188679
58301,53,52,0.0188679
58304,53,52,0.0188679
58317,53,52,0.0188679
58324,53,52,0.0188679
58332,53,52,0.0188679
58333,53,52,0.0188679
58336,53,52,0.0188679
58340,53,52,0.0188679
58344,53,52,0.0188679
58346,53,52,0.0188679
58352,53,52,0.0188679
58353,53,52,0.0188679
58357,53,52,0.0188679
58359,53,52,0.0188679
58360,53,52,0.0188679
58361,53,52,0.0188679
58363,53,52,0.0188679
58371,53,52,0.0188679
58377,53,52,0.0188679
58384,53,52,0.0188679
58386,53,52,0.0188679
58393,53,52,0.0188679
58395,53,52,0.0188679
58404,53,52,0.0188679
58405,53,52,0.0188679
58408,53,52,0.0188679
58410,53,52,0.0188679
58415,53,52,0.0188679
58424,53,52,0.0188679
58425,53,52,0.0188679
58430,53,52,0.0188679
58432,53,52,0.0188679
58441,53,52,0.0188679
58444,53,52,0.0188679
58450,53,52,0.0188679
58453,53,52,0.0188679
58458,53,52,0.0188679
58464,53,52,0.0188679
58473,53,52,0.0188679
58478,53,52,0.0188679
58484,53,52,0.0188679
58489,53,52,0.0188679
58501,53,52,0.0188679
58504,53,52,0.0188679
58506,53,52,0.0188679
58512,53,52,0.0188679
58516,53,52,0.0188679
58524,53,52,0.0188679
58529,53,52,0.0188679
58530,53,52,0.0188679
58535,53,52,0.0188679
58536,53,52,0.0188679
58541,53,52,0.0188679
58545,53,52,0.0188679
58547,53,52,0.0188679
58548,53,52,0.0188679
58551,53,52,0.0188679
58555,53,52,0.0188679
58558,53,52,0.0188679
58562,53,52,0.0188679
58563,53,52,0.0188679
58568,53,52,0.0188679
58578,53,52,0.0188679
58590,53,52,0.0188679
58594,53,52,0.0188679
58596,53,52,0.0188679
58604,53,52,0.0188679
58609,53,52,0.0188679
58611,53,52,0.0188679
58614,53,52,0.0188679
58616,53,52,0.0188679
58617,53,52,0.0188679
58619,53,52,0.0188679
58623,53,52,0.0188679
58629,53,52,0.0188679
58631,53,52,0.0188679
58634,53,52,0.0188679
58635,53,52,0.0188679
58639,53,52,0.0188679
58647,53,52,0.0188679
58661,53,52,0.0188679
58662,53,52,0.0188679
58666,53,52,0.0188679
58671,53,52,0.0188679
58675,53,52,0.0188679
58678,53,52,0.0188679
58679,53,52,0.0188679
58682,53,52,0.0188679
58690,53,52,0.0188679
58693,53,52,0.0188679
58705,53,52,0.0188679
58710,53,52,0.0188679
58712,53,52,0.0188679
58713,53,52,0.0188679
58716,53,52,0.0188679
58721,53,52,0.0188679
58724,53,52,0.0188679
58726,53,52,0.0188679
58731,53,52,0.0188679
58735,53,52,0.0188679
58737,53,52,0.0188679
58739,53,52,0.0188679
58740,53,52,0.0188679
58745,53,52,0.0188679
58746,53,52,0.0188679
58752,53,52,0.0188679
58757,53,52,0.0188679
58759,53,52,0.0188679
58762,53,52,0.0188679
58763,53,52,0.0188679
58769,53,52,0.0188679
58773,53,52,0.0188679
58781,53,52,0.0188679
58787,53,52,0.0188679
58794,53,52,0.0188679
58800,53,52,0.0188679
58801,53,52,0.0188679
58803,53,52,0.0188679
58813,53,52,0.0188679
58816,53,52,0.0188679
58817,53,52,0.0188679
58818,53,52,0.0188679
58825,53,52,0.0188679
58827,53,52,0.0188679
58834,53,52,0.0188679
58837,53,52,0.0188679
58848,53,52,0.0188679
58850,53,52,0.0188679
58853,53,52,0.0188679
58856,53,52,0.0188679
58860,53,52,0.0188679
58865,53,52,0.0188679
58868,53,52,0.0188679
58884,53,52,0.0188679
58888,53,52,0.0188679
58896,53,52,0.0188679
58902,53,52,0.0188679
58905,53,52,0.0188679
58906,53,52,0.0188679
58909,53,52,0.0188679
58910,53,52,0.0188679
58913,53,52,0.0188679
58914,53,52,0.0188679
58929,53,52,0.0188679
58932,53,52,0.0188679
58935,53,52,0.0188679
58948,53,52,0.0188679
58951,53,52,0.0188679
58954,53,52,0.0188679
58961,53,52,0.0188679
58963,53,52,0.0188679
58964,53,52,0.0188679
58969,53,52,0.0188679
58970,53,52,0.0188679
58974,53,52,0.0188679
58977,53,52,0.0188679
58985,53,52,0.0188679
58986,53,52,0.0188679
58991,53,52,0.0188679
58998,53,52,0.0188679
59005,53,52,0.0188679
59008,53,52,0.0188679
59011,53,52,0.0188679
59023,53,52,0.0188679
59025,53,52,0.0188679
59028,53,52,0.0188679
59035,53,52,0.0188679
59039,53,52,0.0188679
59042,53,52,0.0188679
59048,53,52,0.0188679
59053,53,52,0.0188679
59056,53,52,0.0188679
59064,53,52,0.0188679
59072,53,52,0.0188679
59073,53,52,0.0188679
59079,53,52,0.0188679
59083,53,52,0.0188679
59087,53,52,0.0188679
59094,53,52,0.0188679
59099,53,52,0.0188679
59101,53,52,0.0188679
59109,53,52,0.0188679
59110,53,52,0.0188679
59112,53,52,0.0188679
59120,53,52,0.0188679
59122,53,52,0.0188679
59123,53,52,0.0188679
59129,53,52,0.0188679
59130,53,52,0.0188679
59141,53,52,0.0188679
59147,53,52,0.0188679
59159,53,52,0.0188679
59166,53,52,0.0188679
59169,53,52,0.0188679
59174,53,52,0.0188679
59176,53,52,0.0188679
59181,53,52,0.0188679
59185,53,52,0.0188679
59188,53,52,0.0188679
59191,53,52,0.0188679
59192,53,52,0.0188679
59197,53,52,0.0188679
59208,53,52,0.0188679
59214,53,52,0.0188679
59219,53,52,0.0188679
59222,53,52,0.0188679
59223,53,52,0.0188679
59232,53,52,0.0188679
59235,53,52,0.0188679
59240,53,52,0.0188679
59268,53,52,0.0188679
59279,53,52,0.0188679
59286,53,52,0.0188679
59294,53,52,0.0188679
59299,53,52,0.0188679
59301,53,52,0.0188679
59308,53,52,0.0188679
59317,53,52,0.0188679
59323,53,52,0.0188679
59324,53,52,0.0188679
59331,53,52,0.0188679
59332,53,52,0.0188679
59339,53,52,0.0188679
59349,53,52,0.0188679
59357,53,52,0.0188679
59364,53,52,0.0188679
59367,53,52,0.0188679
59370,53,52,0.0188679
59378,53,52,0.0188679
59379,53,52,0.0188679
59380,53,52,0.0188679
59385,53,52,0.0188679
59390,53,52,0.0188679
59392,53,52,0.0188679
59399,53,52,0.0188679
59402,53,52,0.0188679
59409,53,52,0.0188679
59411,53,52,0.0188679
59414,53,52,0.0188679
59415,53,52,0.0188679
59423,53,52,0.0188679
59430,53,52,0.0188679
59433,53,52,0.0188679
59441,53,52,0.0188679
59447,53,52,0.0188679
59453,53,52,0.0188679
59456,53,52,0.0188679
59462,53,52,0.0188679
59469,53,52,0.0188679
59476,53,52,0.0188679
59478,53,52,0.0188679
59479,53,52,0.0188679
59486,53,52,0.0188679
59494,53,52,0.0188679
59497,53,52,0.0188679
59503,53,52,0.0188679
59505,53,52,0.0188679
59514,53,52,0.0188679
59517,53,52,0.0188679
59524,53,52,0.0188679
59528,53,52,0.0188679
59529,53,52,0.0188679
59530,53,52,0.0188679
59534,53,52,0.0188679
59541,53,52,0.0188679
59545,53,52,0.0188679
59548,53,52,0.0188679
59557,53,52,0.0188679
59560,53,52,0.0188679
59569,53,52,0.0188679
59578,53,52,0.0188679
59587,53,52,0.0188679
59595,53,52,0.0188679
59599,53,52,0.0188679
59608,53,52,0.0188679
59612,53,52,0.0188679
59616,53,52,0.0188679
59630,53,52,0.0188679
59632,53,52,0.0188679
59642,53,52,0.0188679
59649,53,52,0.0188679
59654,53,52,0.0188679
59656,53,52,0.0188679
59657,53,52,0.0188679
59658,53,52,0.0188679
59665,53,52,0.0188679
59678,53,52,0.0188679
59682,53,52,0.0188679
59696,53,52,0.0188679
59699,53,52,0.0188679
59706,53,52,0.0188679
59710,53,52,0.0188679
59722,53,52,0.0188679
59741,53,52,0.0188679
59748,53,52,0.0188679
59753,53,52,0.0188679
59759,53,52,0.0188679
59777,53,52,0.0188679
59778,53,52,0.0188679
59787,53,52,0.0188679
59790,53,52,0.0188679
59795,53,52,0.0188679
59800,53,52,0.0188679
59803,53,52,0.0188679
59810,53,52,0.0188679
59817,53,52,0.0188679
59825,53,52,0.0188679
59834,53,52,0.0188679
59839,53,52,0.0188679
59850,53,52,0.0188679
59853,53,52,0.0188679
59860,53,52,0.0188679
59861,53,52,0.0188679
59864,53,52,0.0188679
59870,53,52,0.0188679
59880,53,52,0.0188679
59891,53,52,0.0188679
59893,53,52,0.0188679
59894,53,52,0.0188679
59896,53,52,0.0188679
59897,53,52,0.0188679
59908,53,52,0.0188679
59912,53,52,0.0188679
59928,53,52,0.0188679
59930,53,52,0.0188679
59931,53,52,0.0188679
59937,53,52,0.0188679
59944,53,52,0.0188679
59947,53,52,0.0188679
59950,53,52,0.0188679
59952,53,52,0.0188679
59959,53,52,0.0188679
59970,53,52,0.0188679
59980,53,52,0.0188679
59982,53,52,0.0188679
59991,53,52,0.0188679
59992,53,52,0.0188679
59998,53,52,0.0188679
60687,53,52,0.0188679
