time_ms,ub,lb,gap
17,,127,
17,,127,
18,156,127,0.185897
18,156,127,0.185897
18,156,127,0.185897
18,156,127,0.185897
19,156,127,0.185897
20,156,127,0.185897
20,156,127,0.185897
21,156,127,0.185897
21,156,127,0.185897
22,156,127,0.185897
22,156,127,0.185897
23,156,127,0.185897
24,156,127,0.185897
24,156,127,0.185897
25,156,127,0.185897
26,156,127,0.185897
26,156,127,0.185897
27,156,127,0.185897
28,156,127,0.185897
29,156,127,0.185897
30,156,127,0.185897
30,156,127,0.185897
31,156,127,0.185897
32,156,127,0.185897
33,156,127,0.185897
34,156,127,0.185897
35,156,127,0.185897
36,156,127,0.185897
37,156,127,0.185897
37,156,127,0.185897
38,156,127,0.185897
39,156,127,0.185897
40,156,127,0.185897
41,156,127,0.185897
42,156,127,0.185897
43,156,127,0.185897
43,156,127,0.185897
44,156,127,0.185897
45,156,127,0.185897
46,156,127,0.185897
48,156,127,0.185897
49,156,127,0.185897
50,156,127,0.185897
51,156,127,0.185897
53,156,127,0.185897
54,156,127,0.185897
56,156,127,0.185897
57,156,127,0.185897
58,156,127,0.185897
59,156,127,0.185897
60,156,127,0.185897
61,156,127,0.185897
62,156,127,0.185897
63,156,127,0.185897
64,156,127,0.185897
65,156,127,0.185897
66,156,127,0.185897
68,156,127,0.185897
69,156,127,0.185897
70,156,127,0.185897
71,156,127,0.185897
73,156,127,0.185897
74,156,127,0.185897
75,156,127,0.185897
76,156,127,0.185897
77,156,127,0.185897
79,156,127,0.185897
80,156,127,0.185897
81,156,127,0.185897
82,156,127,0.185897
84,156,127,0.185897
85,156,127,0.185897
86,156,127,0.185897
87,156,127,0.185897
89,156,127,0.185897
90,156,127,0.185897
91,156,127,0.185897
93,156,127,0.185897
94,156,127,0.185897
95,156,127,0.185897
97,156,127,0.185897
99,156,127,0.185897
100,156,127,0.185897
101,156,127,0.185897
103,156,127,0.185897
104,156,127,0.185897
106,156,127,0.185897
107,156,127,0.185897
109,156,127,0.185897
111,156,127,0.185897
112,156,127,0.185897
114,156,127,0.185897
115,156,127,0.185897
117,156,127,0.185897
119,156,127,0.185897
120,156,127,0.185897
122,156,127,0.185897
124,156,127,0.185897
125,156,127,0.185897
127,156,127,0.185897
129,156,127,0.185897
130,156,127,0.185897
132,156,127,0.185897
134,156,127,0.185897
135,156,127,0.185897
137,156,127,0.185897
139,156,127,0.185897
141,156,127,0.185897
142,156,127,0.185897
144,156,127,0.185897
146,156,127,0.185897
148,156,127,0.185897
150,156,127,0.185897
151,156,127,0.185897
154,156,127,0.185897
156,156,127,0.185897
157,156,127,0.185897
159,156,127,0.185897
161,156,127,0.185897
163,156,127,0.185897
165,156,127,0.185897
167,156,127,0.185897
169,156,127,0.185897
170,156,127,0.185897
172,156,127,0.185897
174,156,127,0.185897
176,156,127,0.185897
178,156,127,0.185897
180,156,127,0.185897
182,156,127,0.185897
184,156,127,0.185897
186,156,127,0.185897
188,156,127,0.185897
190,156,127,0.185897
192,156,127,0.185897
194,156,127,0.185897
196,156,127,0.185897
198,156,127,0.185897
200,156,127,0.185897
202,156,127,0.185897
204,156,127,0.185897
207,156,127,0.185897
209,156,127,0.185897
211,156,127,0.185897
213,156,127,0.185897
215,156,127,0.185897
218,156,127,0.185897
220,156,127,0.185897
222,156,127,0.185897
224,156,127,0.185897
226,156,127,0.185897
229,156,127,0.185897
231,156,127,0.185897
234,156,127,0.185897
236,156,127,0.185897
239,156,127,0.185897
241,156,127,0.185897
243,156,127,0.185897
246,156,127,0.185897
248,156,127,0.185897
251,156,127,0.185897
254,156,127,0.185897
256,156,127,0.185897
259,156,127,0.185897
261,156,127,0.185897
264,156,127,0.185897
266,156,127,0.185897
269,156,127,0.185897
271,156,127,0.185897
274,156,127,0.185897
276,156,127,0.185897
279,156,127,0.185897
282,156,127,0.185897
284,156,127,0.185897
287,156,127,0.185897
290,156,127,0.185897
293,156,127,0.185897
296,156,127,0.185897
298,156,127,0.185897
301,156,127,0.185897
304,156,127,0.185897
307,156,127,0.185897
310,156,127,0.185897
312,156,127,0.185897
316,156,127,0.185897
319,156,127,0.185897
322,156,127,0.185897
325,156,127,0.185897
328,156,127,0.185897
331,156,127,0.185897
335,156,127,0.185897
338,156,127,0.185897
341,156,127,0.185897
344,156,127,0.185897
347,156,127,0.185897
351,156,127,0.185897
354,156,127,0.185897
357,156,127,0.185897
360,156,127,0.185897
363,156,127,0.185897
366,156,127,0.185897
369,156,127,0.185897
372,156,127,0.185897
375,156,127,0.185897
378,156,127,0.185897
382,156,127,0.185897
385,156,127,0.185897
388,156,127,0.185897
392,156,127,0.185897
395,156,127,0.185897
399,156,127,0.185897
402,156,127,0.185897
405,156,127,0.185897
409,156,127,0.185897
412,156,127,0.185897
415,156,127,0.185897
419,156,127,0.185897
422,156,127,0.185897
426,156,127,0.185897
429,156,127,0.185897
432,156,127,0.185897
435,156,127,0.185897
439,156,127,0.185897
442,156,127,0.185897
446,156,127,0.185897
449,156,127,0.185897
453,156,127,0.185897
457,156,127,0.185897
460,156,127,0.185897
465,156,127,0.185897
469,156,127,0.185897
472,156,127,0.185897
476,156,127,0.185897
479,156,127,0.185897
483,156,127,0.185897
487,156,127,0.185897
491,156,127,0.185897
494,156,127,0.185897
498,156,127,0.185897
501,156,127,0.185897
506,156,127,0.185897
509,156,127,0.185897
513,156,127,0.185897
516,156,127,0.185897
520,156,127,0.185897
524,156,127,0.185897
528,156,127,0.185897
532,156,127,0.185897
535,156,127,0.185897
539,156,127,0.185897
544,156,127,0.185897
547,156,127,0.185897
551,156,127,0.185897
555,156,127,0.185897
558,156,127,0.185897
562,156,127,0.185897
566,156,127,0.185897
570,156,127,0.185897
573,156,127,0.185897
577,156,127,0.185897
581,156,127,0.185897
584,156,127,0.185897
589,156,127,0.185897
593,156,127,0.185897
597,156,127,0.185897
601,156,127,0.185897
605,156,127,0.185897
609,156,127,0.185897
613,156,127,0.185897
617,156,127,0.185897
621,156,127,0.185897
625,156,127,0.185897
629,156,127,0.185897
633,156,127,0.185897
637,156,127,0.185897
641,156,127,0.185897
646,156,127,0.185897
649,156,127,0.185897
654,156,127,0.185897
658,156,127,0.185897
662,156,127,0.185897
665,156,127,0.185897
669,156,127,0.185897
673,156,127,0.185897
678,156,127,0.185897
682,156,127,0.185897
686,156,127,0.185897
691,156,127,0.185897
696,156,127,0.185897
700,156,127,0.185897
705,156,127,0.185897
709,156,127,0.185897
714,156,127,0.185897
719,156,127,0.185897
724,156,127,0.185897
728,156,127,0.185897
732,156,127,0.185897
736,156,127,0.185897
741,156,127,0.185897
745,156,127,0.185897
750,156,127,0.185897
754,156,127,0.185897
759,156,127,0.185897
764,156,127,0.185897
769,156,127,0.185897
774,156,127,0.185897
779,156,127,0.185897
784,156,127,0.185897
789,156,127,0.185897
794,156,127,0.185897
799,156,127,0.185897
805,156,127,0.185897
810,156,127,0.185897
815,156,127,0.185897
819,156,127,0.185897
824,156,127,0.185897
830,156,127,0.185897
836,156,127,0.185897
842,156,127,0.185897
848,156,127,0.185897
853,156,127,0.185897
859,156,127,0.185897
865,156,127,0.185897
870,156,127,0.185897
876,156,127,0.185897
882,156,127,0.185897
888,156,127,0.185897
894,156,127,0.185897
899,156,127,0.185897
905,156,127,0.185897
911,156,127,0.185897
916,156,127,0.185897
922,156,127,0.185897
928,156,127,0.185897
934,156,127,0.185897
940,156,127,0.185897
946,156,127,0.185897
952,156,127,0.185897
958,156,127,0.185897
965,156,127,0.185897
971,156,127,0.185897
977,156,127,0.185897
984,156,127,0.185897
990,156,127,0.185897
996,156,127,0.185897
1002,156,127,0.185897
1008,156,127,0.185897
1013,156,127,0.185897
1018,156,127,0.185897
1024,156,127,0.185897
1030,156,127,0.185897
1035,156,127,0.185897
1040,156,127,0.185897
1047,156,127,0.185897
1053,156,127,0.185897
1060,156,127,0.185897
1067,156,127,0.185897
1074,156,127,0.185897
1079,156,127,0.185897
1085,156,127,0.185897
1090,156,127,0.185897
1097,156,127,0.185897
1104,156,127,0.185897
1111,156,127,0.185897
1117,156,127,0.185897
1122,156,127,0.185897
1128,156,127,0.185897
1136,156,127,0.185897
1141,156,127,0.185897
1147,156,127,0.185897
1154,156,127,0.185897
1160,156,127,0.185897
1167,156,127,0.185897
1172,156,127,0.185897
1179,156,127,0.185897
1185,156,127,0.185897
1192,156,127,0.185897
1199,156,127,0.185897
1207,156,127,0.185897
1213,156,127,0.185897
1220,156,127,0.185897
1226,156,127,0.185897
1232,156,127,0.185897
1239,156,127,0.185897
1246,156,127,0.185897
1251,156,127,0.185897
1257,156,127,0.185897
1263,156,127,0.185897
1270,156,127,0.185897
1276,156,127,0.185897
1282,156,127,0.185897
1287,156,127,0.185897
1292,156,127,0.185897
1298,156,127,0.185897
1304,156,127,0.185897
1310,156,127,0.185897
1316,156,127,0.185897
1322,156,127,0.185897
1329,156,127,0.185897
1334,156,127,0.185897
1340,156,127,0.185897
1346,156,127,0.185897
1352,156,127,0.185897
1359,156,127,0.185897
1365,156,127,0.185897
1371,156,127,0.185897
1376,156,127,0.185897
1383,156,127,0.185897
1390,156,127,0.185897
1397,156,127,0.185897
1403,156,127,0.185897
1409,156,127,0.185897
1415,156,127,0.185897
1421,156,127,0.185897
1428,156,127,0.185897
1435,156,127,0.185897
1441,156,127,0.185897
1448,156,127,0.185897
1455,156,127,0.185897
1461,156,127,0.185897
1467,156,127,0.185897
1474,156,127,0.185897
1481,156,127,0.185897
1488,156,127,0.185897
1495,156,127,0.185897
1502,156,127,0.185897
1508,156,127,0.185897
1515,156,127,0.185897
1522,156,127,0.185897
1529,156,127,0.185897
1535,156,127,0.185897
1542,156,127,0.185897
1549,156,127,0.185897
1555,156,127,0.185897
1561,156,127,0.185897
1568,156,127,0.185897
1575,156,127,0.185897
1582,156,127,0.185897
1589,156,127,0.185897
1596,156,127,0.185897
1602,156,127,0.185897
1609,156,127,0.185897
1616,156,127,0.185897
1623,156,127,0.185897
1629,156,127,0.185897
1636,156,127,0.185897
1642,156,127,0.185897
1648,156,127,0.185897
1654,156,127,0.185897
1662,156,127,0.185897
1669,156,127,0.185897
1676,156,127,0.185897
1682,156,127,0.185897
1688,156,127,0.185897
1695,156,127,0.185897
1701,156,127,0.185897
1708,156,127,0.185897
1714,156,127,0.185897
1721,156,127,0.185897
1728,156,127,0.185897
1735,156,127,0.185897
1742,156,127,0.185897
1749,156,127,0.185897
1756,156,127,0.185897
1763,156,127,0.185897
1770,156,127,0.185897
1777,156,127,0.185897
1783,156,127,0.185897
1791,156,127,0.185897
1798,156,127,0.185897
1806,156,127,0.185897
1813,156,127,0.185897
1820,156,127,0.185897
1827,156,127,0.185897
1836,156,127,0.185897
1843,156,127,0.185897
1852,156,127,0.185897
1860,156,127,0.185897
1866,156,127,0.185897
1873,156,127,0.185897
1881,156,127,0.185897
1888,156,127,0.185897
1895,156,127,0.185897
1903,156,127,0.185897
1911,156,127,0.185897
1918,156,127,0.185897
1926,156,127,0.185897
1934,156,127,0.185897
1941,156,127,0.185897
1948,156,127,0.185897
1956,156,127,0.185897
1964,156,127,0.185897
1971,156,127,0.185897
1978,156,127,0.185897
1986,156,127,0.185897
1995,156,127,0.185897
2002,156,127,0.185897
2009,156,127,0.185897
2016,156,127,0.185897
2022,156,127,0.185897
2031,156,127,0.185897
2039,156,127,0.185897
2049,156,127,0.185897
2057,156,127,0.185897
2064,156,127,0.185897
2071,156,127,0.185897
2079,156,127,0.185897
2086,156,127,0.185897
2093,156,127,0.185897
2102,156,127,0.185897
2110,156,127,0.185897
2117,156,127,0.185897
2125,156,127,0.185897
2132,156,127,0.185897
2140,156,127,0.185897
2147,146,127,0.130137
2147,146,127,0.130137
2147,146,127,0.130137
2150,146,127,0.130137
2159,146,127,0.130137
2167,146,127,0.130137
2176,146,127,0.130137
2185,146,127,0.130137
2193,146,127,0.130137
2202,146,127,0.130137
2210,146,127,0.130137
2219,146,127,0.130137
2227,146,127,0.130137
2236,146,127,0.130137
2245,146,127,0.130137
2254,146,127,0.130137
2262,146,127,0.130137
2271,146,127,0.130137
2280,146,127,0.130137
2289,146,127,0.130137
2297,146,127,0.130137
2306,146,127,0.130137
2315,146,127,0.130137
2324,146,127,0.130137
2332,146,127,0.130137
2341,146,127,0.130137
2349,146,127,0.130137
2357,146,127,0.130137
2366,146,127,0.130137
2374,146,127,0.130137
2383,146,127,0.130137
2391,146,127,0.130137
2399,146,127,0.130137
2408,146,127,0.130137
2416,146,127,0.130137
2424,146,127,0.130137
2433,146,127,0.130137
2441,146,127,0.130137
2450,146,127,0.130137
2459,146,127,0.130137
2468,146,127,0.130137
2477,146,127,0.130137
2485,146,127,0.130137
2494,146,127,0.130137
2502,146,127,0.130137
2511,146,127,0.130137
2520,146,127,0.130137
2528,146,127,0.130137
2537,146,127,0.130137
2546,146,127,0.130137
2555,146,127,0.130137
2564,146,127,0.130137
2572,146,127,0.130137
2581,146,127,0.130137
2589,146,127,0.130137
2598,146,127,0.130137
2607,146,127,0.130137
2615,146,127,0.130137
2624,146,127,0.130137
2632,146,127,0.130137
2641,146,127,0.130137
2649,146,127,0.130137
2658,146,127,0.130137
2667,146,127,0.130137
2676,146,127,0.130137
2684,146,127,0.130137
2693,146,127,0.130137
2702,146,127,0.130137
2710,146,127,0.130137
2719,146,127,0.130137
2727,146,127,0.130137
2736,146,127,0.130137
2744,146,127,0.130137
2754,146,127,0.130137
2763,146,127,0.130137
2772,146,127,0.130137
2782,146,127,0.130137
2791,146,127,0.130137
2800,146,127,0.130137
2810,146,127,0.130137
2819,146,127,0.130137
2828,146,127,0.130137
2838,146,127,0.130137
2848,146,127,0.130137
2858,146,127,0.130137
2867,146,127,0.130137
2876,146,127,0.130137
2886,146,127,0.130137
2895,146,127,0.130137
2905,146,127,0.130137
2914,146,127,0.130137
2923,146,127,0.130137
2933,146,127,0.130137
2942,146,127,0.130137
2952,146,127,0.130137
2962,146,127,0.130137
2971,146,127,0.130137
2981,146,127,0.130137
2990,146,127,0.130137
3000,146,127,0.130137
3009,146,127,0.130137
3018,146,127,0.130137
3028,146,127,0.130137
3037,146,127,0.130137
3047,146,127,0.130137
3058,146,127,0.130137
3068,146,127,0.130137
3078,146,127,0.130137
3087,146,127,0.130137
3096,146,127,0.130137
3106,146,127,0.130137
3115,146,127,0.130137
3125,146,127,0.130137
3135,146,127,0.130137
3145,146,127,0.130137
3154,146,127,0.130137
3164,146,127,0.130137
3173,146,127,0.130137
3183,146,127,0.130137
3193,146,127,0.130137
3202,146,127,0.130137
3212,146,127,0.130137
3222,146,127,0.130137
3231,146,127,0.130137
3240,146,127,0.130137
3249,146,127,0.130137
3259,146,127,0.130137
3269,146,127,0.130137
3279,146,127,0.130137
3289,146,127,0.130137
3298,146,127,0.130137
3308,146,127,0.130137
3317,146,127,0.130137
3327,146,127,0.130137
3336,146,127,0.130137
3345,146,127,0.130137
3355,146,127,0.130137
3365,146,127,0.130137
3375,146,127,0.130137
3384,146,127,0.130137
3394,146,127,0.130137
3404,146,127,0.130137
3415,146,127,0.130137
3424,146,127,0.130137
3434,146,127,0.130137
3443,146,127,0.130137
3454,146,127,0.130137
3463,146,127,0.130137
3473,146,127,0.130137
3483,146,127,0.130137
3494,146,127,0.130137
3503,146,127,0.130137
3513,146,127,0.130137
3524,146,127,0.130137
3533,146,127,0.130137
3544,146,127,0.130137
3554,146,127,0.130137
3563,146,127,0.130137
3573,145,127,0.124138
3581,145,127,0.124138
3591,145,127,0.124138
3601,145,127,0.124138
3611,145,127,0.124138
3620,145,127,0.124138
3629,145,127,0.124138
3639,145,127,0.124138
3648,145,127,0.124138
3657,145,127,0.124138
3666,145,127,0.124138
3675,145,127,0.124138
3685,145,127,0.124138
3695,145,127,0.124138
3705,145,127,0.124138
3714,145,127,0.124138
3723,145,127,0.124138
3732,145,127,0.124138
3742,145,127,0.124138
3751,145,127,0.124138
3761,145,127,0.124138
3770,145,127,0.124138
3779,145,127,0.124138
3788,145,127,0.124138
3797,145,127,0.124138
3807,145,127,0.124138
3816,145,127,0.124138
3826,145,127,0.124138
3838,145,127,0.124138
3847,145,127,0.124138
3857,145,127,0.124138
3866,145,127,0.124138
3876,145,127,0.124138
3885,145,127,0.124138
3894,145,127,0.124138
3903,145,127,0.124138
3912,145,127,0.124138
3922,145,127,0.124138
3932,145,127,0.124138
3941,145,127,0.124138
3951,145,127,0.124138
3960,145,127,0.124138
3970,145,127,0.124138
3980,145,127,0.124138
3990,145,127,0.124138
3999,145,127,0.124138
4009,145,127,0.124138
4018,145,127,0.124138
4027,145,127,0.124138
4036,145,127,0.124138
4046,145,127,0.124138
4055,145,127,0.124138
4066,145,127,0.124138
4076,145,127,0.124138
4085,145,127,0.124138
4095,145,127,0.124138
4106,145,127,0.124138
4115,145,127,0.124138
4125,145,127,0.124138
4134,145,127,0.124138
4144,145,127,0.124138
4154,145,127,0.124138
4163,145,127,0.124138
4172,145,127,0.124138
4181,145,127,0.124138
4190,145,127,0.124138
4199,145,127,0.124138
4208,145,127,0.124138
4217,145,127,0.124138
4226,145,127,0.124138
4236,145,127,0.124138
4245,145,127,0.124138
4255,145,127,0.124138
4264,145,127,0.124138
4274,145,127,0.124138
4283,145,127,0.124138
4292,145,127,0.124138
4301,145,127,0.124138
4311,145,127,0.124138
4320,145,127,0.124138
4330,145,127,0.124138
4340,145,127,0.124138
4349,145,127,0.124138
4359,145,127,0.124138
4368,145,127,0.124138
4378,145,127,0.124138
4388,145,127,0.124138
4397,145,127,0.124138
4407,145,127,0.124138
4417,145,127,0.124138
4426,145,127,0.124138
4436,145,127,0.124138
4446,145,127,0.124138
4456,145,127,0.124138
4465,145,127,0.124138
4476,145,127,0.124138
4485,145,127,0.124138
4495,145,127,0.124138
4505,145,127,0.124138
4515,145,127,0.124138
4524,144,127,0.118056
4533,144,127,0.118056
4543,144,127,0.118056
4551,144,127,0.118056
4560,144,127,0.118056
4568,144,127,0.118056
4576,144,127,0.118056
4585,144,127,0.118056
4594,144,127,0.118056
4602,144,127,0.118056
4610,144,127,0.118056
4618,144,127,0.118056
4626,144,127,0.118056
4634,144,127,0.118056
4642,144,127,0.118056
4650,144,127,0.118056
4658,144,127,0.118056
4665,144,127,0.118056
4673,144,127,0.118056
4681,144,127,0.118056
4689,144,127,0.118056
4696,144,127,0.118056
4704,144,127,0.118056
4711,144,127,0.118056
4719,144,127,0.118056
4726,144,127,0.118056
4734,144,127,0.118056
4741,144,127,0.118056
4748,144,127,0.118056
4755,144,127,0.118056
4762,144,127,0.118056
4769,144,127,0.118056
4776,144,127,0.118056
4783,144,127,0.118056
4790,144,127,0.118056
4797,144,127,0.118056
4803,144,127,0.118056
4810,144,127,0.118056
4816,144,127,0.118056
4823,144,127,0.118056
4830,144,127,0.118056
4838,144,127,0.118056
4845,144,127,0.118056
4852,144,127,0.118056
4858,144,127,0.118056
4865,144,127,0.118056
4871,144,127,0.118056
4877,144,127,0.118056
4883,144,127,0.118056
4889,144,127,0.118056
4895,144,127,0.118056
4901,144,127,0.118056
4907,144,127,0.118056
4912,144,127,0.118056
4917,144,127,0.118056
4923,144,127,0.118056
4928,144,127,0.118056
4934,144,127,0.118056
4939,144,127,0.118056
4946,144,127,0.118056
4952,144,127,0.118056
4957,144,127,0.118056
4963,144,127,0.118056
4969,144,127,0.118056
4975,144,127,0.118056
4981,144,127,0.118056
4986,144,127,0.118056
4993,144,127,0.118056
4998,144,127,0.118056
5004,144,127,0.118056
5010,144,127,0.118056
5016,144,127,0.118056
5020,144,127,0.118056
5024,144,127,0.118056
5030,144,127,0.118056
5037,144,127,0.118056
5043,144,127,0.118056
5053,144,127,0.118056
5059,144,127,0.118056
5065,144,127,0.118056
5071,144,127,0.118056
5077,144,127,0.118056
5083,144,127,0.118056
5088,144,127,0.118056
5095,144,127,0.118056
5102,144,127,0.118056
5109,144,127,0.118056
5115,144,127,0.118056
5122,144,127,0.118056
5129,144,127,0.118056
5136,144,127,0.118056
5143,144,127,0.118056
5151,144,127,0.118056
5157,144,127,0.118056
5163,144,127,0.118056
5170,144,127,0.118056
5177,144,127,0.118056
5183,144,127,0.118056
5190,144,127,0.118056
5197,144,127,0.118056
5204,144,127,0.118056
5211,144,127,0.118056
5218,144,127,0.118056
5225,144,127,0.118056
5232,144,127,0.118056
5239,144,127,0.118056
5247,144,127,0.118056
5254,144,127,0.118056
5261,144,127,0.118056
5269,144,127,0.118056
5278,144,127,0.118056
5285,144,127,0.118056
5292,144,127,0.118056
5299,144,127,0.118056
5306,144,127,0.118056
5313,144,127,0.118056
5320,144,127,0.118056
5329,144,127,0.118056
5336,144,127,0.118056
5343,144,127,0.118056
5351,144,127,0.118056
5358,144,127,0.118056
5365,144,127,0.118056
5373,144,127,0.118056
5380,144,127,0.118056
5388,144,127,0.118056
5395,144,127,0.118056
5403,144,127,0.118056
5411,144,127,0.118056
5417,144,127,0.118056
5425,144,127,0.118056
5431,144,127,0.118056
5439,144,127,0.118056
5446,144,127,0.118056
5454,144,127,0.118056
5461,144,127,0.118056
5470,144,127,0.118056
5477,144,127,0.118056
5485,144,127,0.118056
5491,143,127,0.111888
5498,143,127,0.111888
5507,143,127,0.111888
5514,143,127,0.111888
5522,143,127,0.111888
5531,143,127,0.111888
5539,143,127,0.111888
5547,143,127,0.111888
5554,143,127,0.111888
5560,143,127,0.111888
5568,143,127,0.111888
5576,143,127,0.111888
5583,143,127,0.111888
5591,143,127,0.111888
5597,143,127,0.111888
5604,143,127,0.111888
5612,143,127,0.111888
5618,143,127,0.111888
5624,143,127,0.111888
5632,143,127,0.111888
5639,143,127,0.111888
5645,143,127,0.111888
5653,143,127,0.111888
5660,143,127,0.111888
5665,143,127,0.111888
5672,143,127,0.111888
5680,143,127,0.111888
5687,143,127,0.111888
5695,143,127,0.111888
5702,143,127,0.111888
5709,143,127,0.111888
5715,143,127,0.111888
5722,143,127,0.111888
5729,143,127,0.111888
5736,143,127,0.111888
5744,143,127,0.111888
5751,143,127,0.111888
5758,143,127,0.111888
5765,143,127,0.111888
5772,143,127,0.111888
5780,143,127,0.111888
5787,143,127,0.111888
5793,143,127,0.111888
5800,143,127,0.111888
5807,143,127,0.111888
5814,143,127,0.111888
5821,143,127,0.111888
5828,143,127,0.111888
5836,143,127,0.111888
5843,143,127,0.111888
5850,143,127,0.111888
5857,143,127,0.111888
5864,143,127,0.111888
5871,143,127,0.111888
5878,143,127,0.111888
5886,143,127,0.111888
5893,143,127,0.111888
5900,143,127,0.111888
5907,143,127,0.111888
5914,143,127,0.111888
5921,143,127,0.111888
5927,143,127,0.111888
5935,143,127,0.111888
5942,143,127,0.111888
5948,143,127,0.111888
5955,143,127,0.111888
5962,143,127,0.111888
5969,143,127,0.111888
5977,143,127,0.111888
5984,143,127,0.111888
5992,143,127,0.111888
6002,143,127,0.111888
6009,143,127,0.111888
6016,143,127,0.111888
6024,143,127,0.111888
6031,143,127,0.111888
6038,143,127,0.111888
6044,143,127,0.111888
6050,143,127,0.111888
6058,143,127,0.111888
6065,143,127,0.111888
6073,143,127,0.111888
6080,143,127,0.111888
6087,143,127,0.111888
6094,143,127,0.111888
6101,143,127,0.111888
6108,143,127,0.111888
6115,143,127,0.111888
6123,142,127,0.105634
6132,142,127,0.105634
6141,142,127,0.105634
6147,142,127,0.105634
6150,142,127,0.105634
6153,142,127,0.105634
6155,142,127,0.105634
6158,142,127,0.105634
6161,142,127,0.105634
6163,142,127,0.105634
6165,142,127,0.105634
6168,142,127,0.105634
6170,142,127,0.105634
6172,142,127,0.105634
6174,142,127,0.105634
6176,142,127,0.105634
6180,142,127,0.105634
6183,142,127,0.105634
6185,142,127,0.105634
6187,142,127,0.105634
6190,142,127,0.105634
6194,142,127,0.105634
6196,142,127,0.105634
6198,142,127,0.105634
6202,142,127,0.105634
6208,142,127,0.105634
6210,142,127,0.105634
6212,142,127,0.105634
6216,142,127,0.105634
6220,142,127,0.105634
6226,142,127,0.105634
6231,142,127,0.105634
6236,142,127,0.105634
6240,142,127,0.105634
6245,142,127,0.105634
6250,142,127,0.105634
6255,142,127,0.105634
6261,142,127,0.105634
6269,142,127,0.105634
6273,142,127,0.105634
6279,142,127,0.105634
6286,142,127,0.105634
6293,142,127,0.105634
6299,142,127,0.105634
6305,142,127,0.105634
6311,142,127,0.105634
6317,142,127,0.105634
6324,142,127,0.105634
6330,142,127,0.105634
6336,142,127,0.105634
6341,142,127,0.105634
6348,142,127,0.105634
6354,142,127,0.105634
6361,142,127,0.105634
6367,142,127,0.105634
6374,142,127,0.105634
6380,142,127,0.105634
6386,142,127,0.105634
6393,142,127,0.105634
6398,142,127,0.105634
6405,142,127,0.105634
6411,142,127,0.105634
6418,142,127,0.105634
6424,142,127,0.105634
6431,142,127,0.105634
6438,142,127,0.105634
6445,142,127,0.105634
6451,142,127,0.105634
6457,142,127,0.105634
6464,141,127,0.0992908
6472,141,127,0.0992908
6480,141,127,0.0992908
6487,141,127,0.0992908
6494,141,127,0.0992908
6502,141,127,0.0992908
6509,141,127,0.0992908
6517,141,127,0.0992908
6525,141,127,0.0992908
6532,141,127,0.0992908
6539,141,127,0.0992908
6543,141,127,0.0992908
6544,141,127,0.0992908
6545,141,127,0.0992908
6547,141,127,0.0992908
6551,141,127,0.0992908
6555,141,127,0.0992908
6559,141,127,0.0992908
6563,141,127,0.0992908
6569,141,127,0.0992908
6576,141,127,0.0992908
6580,141,127,0.0992908
6583,141,127,0.0992908
6588,141,127,0.0992908
6593,141,127,0.0992908
6598,141,127,0.0992908
6605,141,127,0.0992908
6610,141,127,0.0992908
6617,141,127,0.0992908
6621,141,127,0.0992908
6626,141,127,0.0992908
6632,141,127,0.0992908
6638,141,127,0.0992908
6643,141,127,0.0992908
6650,141,127,0.0992908
6656,141,127,0.0992908
6661,141,127,0.0992908
6668,141,127,0.0992908
6674,141,127,0.0992908
6679,141,127,0.0992908
6685,141,127,0.0992908
6690,141,127,0.0992908
6696,141,127,0.0992908
6701,141,127,0.0992908
6707,141,127,0.0992908
6713,141,127,0.0992908
6719,141,127,0.0992908
6724,141,127,0.0992908
6729,141,127,0.0992908
6734,141,127,0.0992908
6739,141,127,0.0992908
6744,141,127,0.0992908
6750,141,127,0.0992908
6756,141,127,0.0992908
6761,141,127,0.0992908
6766,141,127,0.0992908
6772,141,127,0.0992908
6777,141,127,0.0992908
6782,141,127,0.0992908
6788,141,127,0.0992908
6794,141,127,0.0992908
6798,141,127,0.0992908
6804,141,127,0.0992908
6809,141,127,0.0992908
6814,141,127,0.0992908
6820,141,127,0.0992908
6825,141,127,0.0992908
6830,141,127,0.0992908
6835,141,127,0.0992908
6842,141,127,0.0992908
6848,141,127,0.0992908
6853,141,127,0.0992908
6858,141,127,0.0992908
6863,141,127,0.0992908
6868,141,127,0.0992908
6873,141,127,0.0992908
6878,141,127,0.0992908
6884,141,127,0.0992908
6889,141,127,0.0992908
6893,141,127,0.0992908
6898,141,127,0.0992908
6903,141,127,0.0992908
6908,141,127,0.0992908
6913,141,127,0.0992908
6918,141,127,0.0992908
6923,141,127,0.0992908
6927,141,127,0.0992908
6932,141,127,0.0992908
6937,141,127,0.0992908
6942,141,127,0.0992908
6947,141,127,0.0992908
6952,141,127,0.0992908
6957,141,127,0.0992908
6961,141,127,0.0992908
6966,141,127,0.0992908
6971,141,127,0.0992908
6976,141,127,0.0992908
6980,141,127,0.0992908
6985,141,127,0.0992908
6990,141,127,0.0992908
6995,141,127,0.0992908
6999,141,127,0.0992908
7003,141,127,0.0992908
7007,141,127,0.0992908
7011,141,127,0.0992908
7016,141,127,0.0992908
7021,141,127,0.0992908
7026,141,127,0.0992908
7031,141,127,0.0992908
7036,141,127,0.0992908
7042,141,127,0.0992908
7047,141,127,0.0992908
7053,141,127,0.0992908
7058,141,127,0.0992908
7062,141,127,0.0992908
7067,141,127,0.0992908
7072,141,127,0.0992908
7077,141,127,0.0992908
7082,141,127,0.0992908
7087,141,127,0.0992908
7091,141,127,0.0992908
7095,141,127,0.0992908
7100,141,127,0.0992908
7105,141,127,0.0992908
7110,141,127,0.0992908
7114,141,127,0.0992908
7119,141,127,0.0992908
7124,141,127,0.0992908
7128,141,127,0.0992908
7132,141,127,0.0992908
7137,141,127,0.0992908
7142,141,127,0.0992908
7146,141,127,0.0992908
7151,141,127,0.0992908
7155,141,127,0.0992908
7160,141,127,0.0992908
7164,141,127,0.0992908
7169,141,127,0.0992908
7173,141,127,0.0992908
7179,141,127,0.0992908
7183,141,127,0.0992908
7188,141,127,0.0992908
7192,141,127,0.0992908
7198,141,127,0.0992908
7202,141,127,0.0992908
7207,141,127,0.0992908
7212,141,127,0.0992908
7216,141,127,0.0992908
7221,141,127,0.0992908
7226,141,127,0.0992908
7230,141,127,0.0992908
7235,141,127,0.0992908
7240,141,127,0.0992908
7245,141,127,0.0992908
7249,141,127,0.0992908
7254,141,127,0.0992908
7259,141,127,0.0992908
7263,141,127,0.0992908
7268,141,127,0.0992908
7273,141,127,0.0992908
7277,141,127,0.0992908
7282,141,127,0.0992908
7287,141,127,0.0992908
7292,141,127,0.0992908
7296,141,127,0.0992908
7301,141,127,0.0992908
7306,141,127,0.0992908
7310,141,127,0.0992908
7314,141,127,0.0992908
7319,141,127,0.0992908
7324,141,127,0.0992908
7328,141,127,0.0992908
7333,141,127,0.0992908
7338,141,127,0.0992908
7343,139,127,0.0863309
7349,139,127,0.0863309
7354,139,127,0.0863309
7359,139,127,0.0863309
7364,139,127,0.0863309
7369,139,127,0.0863309
7374,139,127,0.0863309
7379,139,127,0.0863309
7384,139,127,0.0863309
7388,139,127,0.0863309
7393,139,127,0.0863309
7397,139,127,0.0863309
7402,139,127,0.0863309
7407,139,127,0.0863309
7411,139,127,0.0863309
7415,139,127,0.0863309
7419,139,127,0.0863309
7423,139,127,0.0863309
7427,139,127,0.0863309
7431,139,127,0.0863309
7435,139,127,0.0863309
7439,139,127,0.0863309
7442,139,127,0.0863309
7446,139,127,0.0863309
7450,139,127,0.0863309
7454,139,127,0.0863309
7458,139,127,0.0863309
7462,139,127,0.0863309
7465,139,127,0.0863309
7470,139,127,0.0863309
7473,139,127,0.0863309
7476,139,127,0.0863309
7479,139,127,0.0863309
7483,139,127,0.0863309
7486,139,127,0.0863309
7489,139,127,0.0863309
7491,139,127,0.0863309
7494,139,127,0.0863309
7497,139,127,0.0863309
7500,139,127,0.0863309
7502,139,127,0.0863309
7505,139,127,0.0863309
7507,139,127,0.0863309
7509,139,127,0.0863309
7512,139,127,0.0863309
7514,139,127,0.0863309
7516,139,127,0.0863309
7518,139,127,0.0863309
7520,139,127,0.0863309
7522,139,127,0.0863309
7524,139,127,0.0863309
7525,139,127,0.0863309
7527,139,127,0.0863309
7529,139,127,0.0863309
7531,139,127,0.0863309
7532,139,127,0.0863309
7534,139,127,0.0863309
7535,139,127,0.0863309
7536,139,127,0.0863309
7537,139,127,0.0863309
7538,139,127,0.0863309
7540,139,127,0.0863309
7541,139,127,0.0863309
7542,139,127,0.0863309
7543,139,127,0.0863309
7543,139,127,0.0863309
7544,139,127,0.0863309
7545,139,127,0.0863309
7545,139,127,0.0863309
7546,139,127,0.0863309
7546,139,127,0.0863309
7547,139,127,0.0863309
7547,139,127,0.0863309
7547,139,127,0.0863309
7548,139,127,0.0863309
7548,139,127,0.0863309
7549,139,127,0.0863309
7551,139,127,0.0863309
7552,139,127,0.0863309
7553,139,127,0.0863309
7554,139,127,0.0863309
7555,139,127,0.0863309
7556,139,127,0.0863309
7557,139,127,0.0863309
7558,139,127,0.0863309
7559,139,127,0.0863309
7559,139,127,0.0863309
7560,139,127,0.0863309
7561,139,127,0.0863309
7561,139,127,0.0863309
7562,139,127,0.0863309
7564,139,127,0.0863309
7569,139,127,0.0863309
7574,139,127,0.0863309
7578,139,127,0.0863309
7583,139,127,0.0863309
7587,139,127,0.0863309
7590,139,127,0.0863309
7593,139,127,0.0863309
7597,139,127,0.0863309
7600,139,127,0.0863309
7604,139,127,0.0863309
7609,139,127,0.0863309
7613,139,127,0.0863309
7618,139,127,0.0863309
7622,139,127,0.0863309
7624,139,127,0.0863309
7628,139,127,0.0863309
7632,139,127,0.0863309
7635,139,127,0.0863309
7638,139,127,0.0863309
7642,139,127,0.0863309
7646,139,127,0.0863309
7649,139,127,0.0863309
7653,139,127,0.0863309
7656,139,127,0.0863309
7660,139,127,0.0863309
7663,139,127,0.0863309
7665,139,127,0.0863309
7669,139,127,0.0863309
7672,139,127,0.0863309
7675,139,127,0.0863309
7679,139,127,0.0863309
7682,139,127,0.0863309
7686,139,127,0.0863309
7689,139,127,0.0863309
7692,139,127,0.0863309
7695,139,127,0.0863309
7698,139,127,0.0863309
7701,139,127,0.0863309
7704,139,127,0.0863309
7708,139,127,0.0863309
7710,139,127,0.0863309
7713,139,127,0.0863309
7715,139,127,0.0863309
7718,139,127,0.0863309
7720,139,127,0.0863309
7723,139,127,0.0863309
7725,139,127,0.0863309
7727,139,127,0.0863309
7730,139,127,0.0863309
7733,139,127,0.0863309
7735,139,127,0.0863309
7738,139,127,0.0863309
7740,139,127,0.0863309
7742,139,127,0.0863309
7745,139,127,0.0863309
7747,139,127,0.0863309
7749,139,127,0.0863309
7752,139,127,0.0863309
7754,139,127,0.0863309
7757,139,127,0.0863309
7760,139,127,0.0863309
7762,139,127,0.0863309
7765,139,127,0.0863309
7767,139,127,0.0863309
7769,139,127,0.0863309
7771,139,127,0.0863309
7774,139,127,0.0863309
7776,139,127,0.0863309
7778,139,127,0.0863309
7780,139,127,0.0863309
7783,139,127,0.0863309
7785,139,127,0.0863309
7787,139,127,0.0863309
7790,139,127,0.0863309
7792,139,127,0.0863309
7794,139,127,0.0863309
7797,139,127,0.0863309
7799,139,127,0.0863309
7801,139,127,0.0863309
7804,139,127,0.0863309
7806,139,127,0.0863309
7808,139,127,0.0863309
7810,139,127,0.0863309
7812,139,127,0.0863309
7814,139,127,0.0863309
7816,139,127,0.0863309
7818,139,127,0.0863309
7821,139,127,0.0863309
7823,139,127,0.0863309
7825,139,127,0.0863309
7828,139,127,0.0863309
7831,139,127,0.0863309
7833,139,127,0.0863309
7836,139,127,0.0863309
7838,139,127,0.0863309
7841,139,127,0.0863309
7843,139,127,0.0863309
7845,139,127,0.0863309
7847,139,127,0.0863309
7849,139,127,0.0863309
7852,139,127,0.0863309
7854,139,127,0.0863309
7857,139,127,0.0863309
7859,139,127,0.0863309
7862,139,127,0.0863309
7865,139,127,0.0863309
7867,139,127,0.0863309
7870,139,127,0.0863309
7872,139,127,0.0863309
7875,139,127,0.0863309
7877,139,127,0.0863309
7880,139,127,0.0863309
7883,139,127,0.0863309
7885,139,127,0.0863309
7887,139,127,0.0863309
7890,139,127,0.0863309
7892,139,127,0.0863309
7894,139,127,0.0863309
7897,139,127,0.0863309
7899,139,127,0.0863309
7902,139,127,0.0863309
7905,139,127,0.0863309
7908,139,127,0.0863309
7911,139,127,0.0863309
7913,139,127,0.0863309
7916,139,127,0.0863309
7919,139,127,0.0863309
7922,139,127,0.0863309
7924,139,127,0.0863309
7927,139,127,0.0863309
7929,139,127,0.0863309
7931,139,127,0.0863309
7934,139,127,0.0863309
7937,139,127,0.0863309
7940,139,127,0.0863309
7942,139,127,0.0863309
7945,139,127,0.0863309
7948,139,127,0.0863309
7951,139,127,0.0863309
7954,139,127,0.0863309
7957,139,127,0.0863309
7959,139,127,0.0863309
7962,139,127,0.0863309
7965,139,127,0.0863309
7967,139,127,0.0863309
7970,139,127,0.0863309
7973,139,127,0.0863309
7976,139,127,0.0863309
7978,139,127,0.0863309
7981,139,127,0.0863309
7984,139,127,0.0863309
7986,139,127,0.0863309
7989,139,127,0.0863309
7992,139,127,0.0863309
7995,139,127,0.0863309
7997,139,127,0.0863309
8000,139,127,0.0863309
8004,139,127,0.0863309
8007,139,127,0.0863309
8010,139,127,0.0863309
8013,139,127,0.0863309
8016,139,127,0.0863309
8019,139,127,0.0863309
8022,139,127,0.0863309
8025,139,127,0.0863309
8027,139,127,0.0863309
8030,139,127,0.0863309
8033,139,127,0.0863309
8036,139,127,0.0863309
8039,139,127,0.0863309
8042,139,127,0.0863309
8045,139,127,0.0863309
8048,139,127,0.0863309
8052,139,127,0.0863309
8055,139,127,0.0863309
8058,139,127,0.0863309
8062,139,127,0.0863309
8066,139,127,0.0863309
8069,139,127,0.0863309
8073,139,127,0.0863309
8076,139,127,0.0863309
8079,139,127,0.0863309
8082,139,127,0.0863309
8086,139,127,0.0863309
8089,139,127,0.0863309
8093,139,127,0.0863309
8096,139,127,0.0863309
8099,139,127,0.0863309
8103,139,127,0.0863309
8106,139,127,0.0863309
8109,139,127,0.0863309
8113,139,127,0.0863309
8116,139,127,0.0863309
8120,139,127,0.0863309
8124,139,127,0.0863309
8127,139,127,0.0863309
8131,139,127,0.0863309
8134,139,127,0.0863309
8138,139,127,0.0863309
8142,139,127,0.0863309
8146,139,127,0.0863309
8149,139,127,0.0863309
8153,139,127,0.0863309
8156,139,127,0.0863309
8160,139,127,0.0863309
8164,139,127,0.0863309
8168,139,127,0.0863309
8171,139,127,0.0863309
8175,139,127,0.0863309
8179,139,127,0.0863309
8183,139,127,0.0863309
8187,139,127,0.0863309
8190,139,127,0.0863309
8194,139,127,0.0863309
8198,139,127,0.0863309
8202,139,127,0.0863309
8206,139,127,0.0863309
8210,139,127,0.0863309
8214,139,127,0.0863309
8218,139,127,0.0863309
8221,139,127,0.0863309
8226,139,127,0.0863309
8230,139,127,0.0863309
8235,139,127,0.0863309
8239,139,127,0.0863309
8243,139,127,0.0863309
8247,139,127,0.0863309
8251,139,127,0.0863309
8255,139,127,0.0863309
8259,139,127,0.0863309
8263,139,127,0.0863309
8267,139,127,0.0863309
8272,139,127,0.0863309
8276,139,127,0.0863309
8280,139,127,0.0863309
8284,139,127,0.0863309
8289,139,127,0.0863309
8293,139,127,0.0863309
8297,139,127,0.0863309
8301,139,127,0.0863309
8305,139,127,0.0863309
8309,139,127,0.0863309
8313,139,127,0.0863309
8317,139,127,0.0863309
8322,139,127,0.0863309
8326,139,127,0.0863309
8330,139,127,0.0863309
8334,139,127,0.0863309
8338,139,127,0.0863309
8342,139,127,0.0863309
8347,139,127,0.0863309
8351,139,127,0.0863309
8355,139,127,0.0863309
8360,139,127,0.0863309
8364,139,127,0.0863309
8368,139,127,0.0863309
8373,139,127,0.0863309
8377,139,127,0.0863309
8381,139,127,0.0863309
8384,139,127,0.0863309
8389,139,127,0.0863309
8393,139,127,0.0863309
8397,139,127,0.0863309
8401,139,127,0.0863309
8405,139,127,0.0863309
8410,139,127,0.0863309
8414,139,127,0.0863309
8419,139,127,0.0863309
8424,139,127,0.0863309
8429,139,127,0.0863309
8434,139,127,0.0863309
8439,139,127,0.0863309
8443,139,127,0.0863309
8448,139,127,0.0863309
8452,139,127,0.0863309
8457,139,127,0.0863309
8461,139,127,0.0863309
8466,139,127,0.0863309
8471,139,127,0.0863309
8475,139,127,0.0863309
8480,139,127,0.0863309
8485,139,127,0.0863309
8490,139,127,0.0863309
8495,139,127,0.0863309
8500,139,127,0.0863309
8505,139,127,0.0863309
8510,139,127,0.0863309
8515,139,127,0.0863309
8519,139,127,0.0863309
8524,139,127,0.0863309
8528,139,127,0.0863309
8532,139,127,0.0863309
8537,139,127,0.0863309
8542,139,127,0.0863309
8547,139,127,0.0863309
8552,139,127,0.0863309
8556,139,127,0.0863309
8561,139,127,0.0863309
8566,139,127,0.0863309
8571,139,127,0.0863309
8576,139,127,0.0863309
8580,139,127,0.0863309
8586,139,127,0.0863309
8590,139,127,0.0863309
8595,139,127,0.0863309
8600,139,127,0.0863309
8604,139,127,0.0863309
8610,139,127,0.0863309
8615,139,127,0.0863309
8620,139,127,0.0863309
8624,139,127,0.0863309
8630,139,127,0.0863309
8636,139,127,0.0863309
8641,139,127,0.0863309
8646,139,127,0.0863309
8651,139,127,0.0863309
8656,139,127,0.0863309
8662,139,127,0.0863309
8667,139,127,0.0863309
8672,139,127,0.0863309
8677,139,127,0.0863309
8683,139,127,0.0863309
8688,139,127,0.0863309
8694,139,127,0.0863309
8699,139,127,0.0863309
8705,139,127,0.0863309
8710,139,127,0.0863309
8715,139,127,0.0863309
8720,139,127,0.0863309
8726,139,127,0.0863309
8731,139,127,0.0863309
8736,139,127,0.0863309
8740,139,127,0.0863309
8746,139,127,0.0863309
8751,139,127,0.0863309
8756,139,127,0.0863309
8760,139,127,0.0863309
8767,139,127,0.0863309
8772,139,127,0.0863309
8777,139,127,0.0863309
8782,139,127,0.0863309
8788,139,127,0.0863309
8794,139,127,0.0863309
8801,139,127,0.0863309
8807,139,127,0.0863309
8813,139,127,0.0863309
8818,139,127,0.0863309
8824,139,127,0.0863309
8830,139,127,0.0863309
8836,139,127,0.0863309
8841,139,127,0.0863309
8847,139,127,0.0863309
8853,139,127,0.0863309
8858,139,127,0.0863309
8863,139,127,0.0863309
8869,139,127,0.0863309
8875,139,127,0.0863309
8878,138,127,0.0797101
8882,138,127,0.0797101
8885,138,127,0.0797101
8888,138,127,0.0797101
8891,138,127,0.0797101
8894,138,127,0.0797101
8897,138,127,0.0797101
8900,138,127,0.0797101
8902,138,127,0.0797101
8905,138,127,0.0797101
8907,138,127,0.0797101
8910,138,127,0.0797101
8912,138,127,0.0797101
8914,138,127,0.0797101
8916,138,127,0.0797101
8919,138,127,0.0797101
8921,138,127,0.0797101
8923,138,127,0.0797101
8925,138,127,0.0797101
8926,138,127,0.0797101
8928,138,127,0.0797101
8930,138,127,0.0797101
8932,138,127,0.0797101
8934,138,127,0.0797101
8935,138,127,0.0797101
8937,138,127,0.0797101
8938,138,127,0.0797101
8939,138,127,0.0797101
8940,138,127,0.0797101
8941,138,127,0.0797101
8942,138,127,0.0797101
8943,138,127,0.0797101
8944,138,127,0.0797101
8945,138,127,0.0797101
8946,138,127,0.0797101
8947,138,127,0.0797101
8947,138,127,0.0797101
8948,138,127,0.0797101
8948,138,127,0.0797101
8949,138,127,0.0797101
8949,138,127,0.0797101
8949,138,127,0.0797101
8950,138,127,0.0797101
8953,138,127,0.0797101
8956,138,127,0.0797101
8958,138,127,0.0797101
8961,138,127,0.0797101
8964,138,127,0.0797101
8966,138,127,0.0797101
8968,138,127,0.0797101
8971,138,127,0.0797101
8973,138,127,0.0797101
8975,138,127,0.0797101
8977,138,127,0.0797101
8979,138,127,0.0797101
8982,138,127,0.0797101
8984,138,127,0.0797101
8985,138,127,0.0797101
8987,138,127,0.0797101
8989,138,127,0.0797101
8991,138,127,0.0797101
8992,138,127,0.0797101
8994,138,127,0.0797101
8996,138,127,0.0797101
8997,138,127,0.0797101
8998,138,127,0.0797101
8999,138,127,0.0797101
9000,138,127,0.0797101
9002,138,127,0.0797101
9002,138,127,0.0797101
9003,138,127,0.0797101
9004,138,127,0.0797101
9005,138,127,0.0797101
9006,138,127,0.0797101
9007,138,127,0.0797101
9008,138,127,0.0797101
9008,138,127,0.0797101
9008,138,127,0.0797101
9009,138,127,0.0797101
9009,138,127,0.0797101
9010,138,127,0.0797101
9014,138,127,0.0797101
9021,138,127,0.0797101
9027,138,127,0.0797101
9034,138,127,0.0797101
9039,138,127,0.0797101
9045,138,127,0.0797101
9052,138,127,0.0797101
9057,138,127,0.0797101
9064,138,127,0.0797101
9073,138,127,0.0797101
9077,138,127,0.0797101
9084,138,127,0.0797101
9090,138,127,0.0797101
9098,138,127,0.0797101
9104,138,127,0.0797101
9111,138,127,0.0797101
9117,138,127,0.0797101
9124,138,127,0.0797101
9129,138,127,0.0797101
9136,138,127,0.0797101
9140,138,127,0.0797101
9146,138,127,0.0797101
9150,138,127,0.0797101
9156,138,127,0.0797101
9161,138,127,0.0797101
9167,138,127,0.0797101
9172,138,127,0.0797101
9178,138,127,0.0797101
9184,138,127,0.0797101
9189,138,127,0.0797101
9195,138,127,0.0797101
9201,138,127,0.0797101
9206,138,127,0.0797101
9211,138,127,0.0797101
9216,138,127,0.0797101
9222,138,127,0.0797101
9227,138,127,0.0797101
9232,138,127,0.0797101
9236,138,127,0.0797101
9242,138,127,0.0797101
9248,138,127,0.0797101
9253,138,127,0.0797101
9259,138,127,0.0797101
9265,138,127,0.0797101
9270,138,127,0.0797101
9275,138,127,0.0797101
9280,138,127,0.0797101
9286,138,127,0.0797101
9290,138,127,0.0797101
9295,138,127,0.0797101
9300,138,127,0.0797101
9306,138,127,0.0797101
9311,138,127,0.0797101
9315,138,127,0.0797101
9320,138,127,0.0797101
9326,138,127,0.0797101
9330,138,127,0.0797101
9335,138,127,0.0797101
9340,138,127,0.0797101
9346,138,127,0.0797101
9350,138,127,0.0797101
9355,138,127,0.0797101
9359,138,127,0.0797101
9363,138,127,0.0797101
9367,138,127,0.0797101
9373,138,127,0.0797101
9378,138,127,0.0797101
9384,138,127,0.0797101
9388,138,127,0.0797101
9393,138,127,0.0797101
9397,138,127,0.0797101
9402,138,127,0.0797101
9407,138,127,0.0797101
9412,138,127,0.0797101
9418,138,127,0.0797101
9424,138,127,0.0797101
9429,138,127,0.0797101
9435,138,127,0.0797101
9439,138,127,0.0797101
9443,138,127,0.0797101
9447,138,127,0.0797101
9451,138,127,0.0797101
9457,138,127,0.0797101
9462,138,127,0.0797101
9468,138,127,0.0797101
9472,138,127,0.0797101
9476,138,127,0.0797101
9481,138,127,0.0797101
9485,138,127,0.0797101
9492,138,127,0.0797101
9497,138,127,0.0797101
9502,138,127,0.0797101
9507,138,127,0.0797101
9511,138,127,0.0797101
9515,138,127,0.0797101
9519,138,127,0.0797101
9524,138,127,0.0797101
9529,138,127,0.0797101
9535,138,127,0.0797101
9540,138,127,0.0797101
9545,138,127,0.0797101
9550,138,127,0.0797101
9556,138,127,0.0797101
9561,138,127,0.0797101
9566,138,127,0.0797101
9571,138,127,0.0797101
9576,138,127,0.0797101
9580,138,127,0.0797101
9585,138,127,0.0797101
9590,138,127,0.0797101
9594,138,127,0.0797101
9599,138,127,0.0797101
9603,138,127,0.0797101
9609,138,127,0.0797101
9615,138,127,0.0797101
9619,138,127,0.0797101
9625,138,127,0.0797101
9629,138,127,0.0797101
9633,138,127,0.0797101
9639,138,127,0.0797101
9643,138,127,0.0797101
9648,138,127,0.0797101
9653,138,127,0.0797101
9657,138,127,0.0797101
9663,138,127,0.0797101
9668,138,127,0.0797101
9672,138,127,0.0797101
9677,138,127,0.0797101
9681,138,127,0.0797101
9685,138,127,0.0797101
9690,138,127,0.0797101
9695,138,127,0.0797101
9699,138,127,0.0797101
9703,138,127,0.0797101
9707,138,127,0.0797101
9712,138,127,0.0797101
9716,138,127,0.0797101
9721,138,127,0.0797101
9725,138,127,0.0797101
9729,138,127,0.0797101
9733,138,127,0.0797101
9738,138,127,0.0797101
9743,138,127,0.0797101
9747,138,127,0.0797101
9750,138,127,0.0797101
9755,138,127,0.0797101
9760,138,127,0.0797101
9764,138,127,0.0797101
9769,138,127,0.0797101
9774,138,127,0.0797101
9778,138,127,0.0797101
9783,138,127,0.0797101
9788,138,127,0.0797101
9792,138,127,0.0797101
9797,138,127,0.0797101
9801,138,127,0.0797101
9806,138,127,0.0797101
9811,138,127,0.0797101
9816,138,127,0.0797101
9821,138,127,0.0797101
9825,138,127,0.0797101
9830,138,127,0.0797101
9834,138,127,0.0797101
9840,138,127,0.0797101
9845,138,127,0.0797101
9850,138,127,0.0797101
9854,138,127,0.0797101
9860,138,127,0.0797101
9864,138,127,0.0797101
9870,138,127,0.0797101
9876,138,127,0.0797101
9880,138,127,0.0797101
9885,138,127,0.0797101
9890,138,127,0.0797101
9895,138,127,0.0797101
9900,138,127,0.0797101
9905,138,127,0.0797101
9911,138,127,0.0797101
9916,138,127,0.0797101
9922,138,127,0.0797101
9927,138,127,0.0797101
9932,138,127,0.0797101
9937,138,127,0.0797101
9941,138,127,0.0797101
9947,138,127,0.0797101
9952,138,127,0.0797101
9956,138,127,0.0797101
9962,138,127,0.0797101
9968,138,127,0.0797101
9974,138,127,0.0797101
9980,138,127,0.0797101
9987,138,127,0.0797101
9992,138,127,0.0797101
9998,138,127,0.0797101
10003,138,127,0.0797101
10008,138,127,0.0797101
10013,138,127,0.0797101
10018,138,127,0.0797101
10023,138,127,0.0797101
10028,138,127,0.0797101
10032,138,127,0.0797101
10039,138,127,0.0797101
10045,138,127,0.0797101
10049,138,127,0.0797101
10054,138,127,0.0797101
10062,138,127,0.0797101
10067,138,127,0.0797101
10073,138,127,0.0797101
10078,138,127,0.0797101
10083,138,127,0.0797101
10089,138,127,0.0797101
10094,138,127,0.0797101
10098,138,127,0.0797101
10104,138,127,0.0797101
10109,138,127,0.0797101
10114,138,127,0.0797101
10120,138,127,0.0797101
10125,138,127,0.0797101
10131,138,127,0.0797101
10137,138,127,0.0797101
10143,138,127,0.0797101
10148,138,127,0.0797101
10153,138,127,0.0797101
10159,138,127,0.0797101
10165,138,127,0.0797101
10171,138,127,0.0797101
10177,138,127,0.0797101
10183,138,127,0.0797101
10189,138,127,0.0797101
10194,138,127,0.0797101
10200,138,127,0.0797101
10205,138,127,0.0797101
10210,138,127,0.0797101
10216,138,127,0.0797101
10222,138,127,0.0797101
10227,138,127,0.0797101
10233,138,127,0.0797101
10237,138,127,0.0797101
10243,138,127,0.0797101
10250,138,127,0.0797101
10255,138,127,0.0797101
10261,138,127,0.0797101
10268,138,127,0.0797101
10275,138,127,0.0797101
10281,138,127,0.0797101
10288,138,127,0.0797101
10295,138,127,0.0797101
10301,138,127,0.0797101
10307,138,127,0.0797101
10312,138,127,0.0797101
10318,138,127,0.0797101
10324,138,127,0.0797101
10330,138,127,0.0797101
10336,138,127,0.0797101
10341,138,127,0.0797101
10347,138,127,0.0797101
10353,138,127,0.0797101
10359,138,127,0.0797101
10365,138,127,0.0797101
10371,138,127,0.0797101
10377,138,127,0.0797101
10383,138,127,0.0797101
10389,138,127,0.0797101
10395,138,127,0.0797101
10400,138,127,0.0797101
10407,138,127,0.0797101
10412,138,127,0.0797101
10418,138,127,0.0797101
10424,138,127,0.0797101
10431,138,127,0.0797101
10437,138,127,0.0797101
10444,138,127,0.0797101
10450,138,127,0.0797101
10457,138,127,0.0797101
10462,138,127,0.0797101
10468,138,127,0.0797101
10475,138,127,0.0797101
10481,138,127,0.0797101
10488,138,127,0.0797101
10493,138,127,0.0797101
10499,138,127,0.0797101
10506,138,127,0.0797101
10513,138,127,0.0797101
10519,138,127,0.0797101
10525,138,127,0.0797101
10531,138,127,0.0797101
10538,138,127,0.0797101
10544,138,127,0.0797101
10551,138,127,0.0797101
10557,138,127,0.0797101
10563,138,127,0.0797101
10570,138,127,0.0797101
10577,138,127,0.0797101
10583,138,127,0.0797101
10590,138,127,0.0797101
10595,138,127,0.0797101
10602,138,127,0.0797101
10609,138,127,0.0797101
10615,138,127,0.0797101
10620,138,127,0.0797101
10627,138,127,0.0797101
10634,138,127,0.0797101
10640,138,127,0.0797101
10646,138,127,0.0797101
10653,138,127,0.0797101
10661,138,127,0.0797101
10667,138,127,0.0797101
10674,138,127,0.0797101
10680,138,127,0.0797101
10686,138,127,0.0797101
10693,138,127,0.0797101
10700,138,127,0.0797101
10706,138,127,0.0797101
10713,138,127,0.0797101
10719,138,127,0.0797101
10726,138,127,0.0797101
10733,138,127,0.0797101
10739,138,127,0.0797101
10747,138,127,0.0797101
10755,138,127,0.0797101
10762,138,127,0.0797101
10768,138,127,0.0797101
10775,138,127,0.0797101
10782,138,127,0.0797101
10789,138,127,0.0797101
10796,138,127,0.0797101
10802,138,127,0.0797101
10809,138,127,0.0797101
10815,138,127,0.0797101
10822,138,127,0.0797101
10829,138,127,0.0797101
10836,138,127,0.0797101
10842,138,127,0.0797101
10849,138,127,0.0797101
10856,138,127,0.0797101
10863,138,127,0.0797101
10870,138,127,0.0797101
10878,138,127,0.0797101
10884,138,127,0.0797101
10891,138,127,0.0797101
10900,138,127,0.0797101
10907,138,127,0.0797101
10914,138,127,0.0797101
10920,138,127,0.0797101
10928,138,127,0.0797101
10935,138,127,0.0797101
10942,138,127,0.0797101
10950,138,127,0.0797101
10958,138,127,0.0797101
10966,138,127,0.0797101
10973,138,127,0.0797101
10981,138,127,0.0797101
10990,138,127,0.0797101
10996,138,127,0.0797101
11004,138,127,0.0797101
11013,138,127,0.0797101
11020,138,127,0.0797101
11028,138,127,0.0797101
11036,138,127,0.0797101
11042,138,127,0.0797101
11050,138,127,0.0797101
11059,138,127,0.0797101
11066,138,127,0.0797101
11075,138,127,0.0797101
11083,138,127,0.0797101
11090,138,127,0.0797101
11099,138,127,0.0797101
11106,138,127,0.0797101
11114,138,127,0.0797101
11121,138,127,0.0797101
11129,138,127,0.0797101
11136,138,127,0.0797101
11145,138,127,0.0797101
11153,138,127,0.0797101
11161,138,127,0.0797101
11169,138,127,0.0797101
11177,138,127,0.0797101
11185,138,127,0.0797101
11193,138,127,0.0797101
11200,138,127,0.0797101
11208,138,127,0.0797101
11217,138,127,0.0797101
11225,138,127,0.0797101
11233,138,127,0.0797101
11242,138,127,0.0797101
11248,138,127,0.0797101
11256,138,127,0.0797101
11263,138,127,0.0797101
11269,138,127,0.0797101
11277,138,127,0.0797101
11284,138,127,0.0797101
11292,138,127,0.0797101
11299,138,127,0.0797101
11308,138,127,0.0797101
11317,138,127,0.0797101
11323,138,127,0.0797101
11330,138,127,0.0797101
11338,138,127,0.0797101
11346,138,127,0.0797101
11353,138,127,0.0797101
11361,138,127,0.0797101
11370,138,127,0.0797101
11379,138,127,0.0797101
11388,138,127,0.0797101
11396,138,127,0.0797101
11404,138,127,0.0797101
11413,138,127,0.0797101
11422,138,127,0.0797101
11430,138,127,0.0797101
11438,138,127,0.0797101
11445,138,127,0.0797101
11454,138,127,0.0797101
11463,138,127,0.0797101
11472,138,127,0.0797101
11479,138,127,0.0797101
11488,138,127,0.0797101
11497,138,127,0.0797101
11505,138,127,0.0797101
11513,138,127,0.0797101
11522,138,127,0.0797101
11530,138,127,0.0797101
11539,138,127,0.0797101
11547,138,127,0.0797101
11555,138,127,0.0797101
11562,138,127,0.0797101
11570,138,127,0.0797101
11579,138,127,0.0797101
11586,138,127,0.0797101
11593,138,127,0.0797101
11601,138,127,0.0797101
11609,138,127,0.0797101
11617,138,127,0.0797101
11625,138,127,0.0797101
11633,138,127,0.0797101
11640,138,127,0.0797101
11651,138,127,0.0797101
11659,138,127,0.0797101
11668,138,127,0.0797101
11675,138,127,0.0797101
11682,138,127,0.0797101
11690,138,127,0.0797101
11700,138,127,0.0797101
11707,138,127,0.0797101
11715,138,127,0.0797101
11723,138,127,0.0797101
11733,138,127,0.0797101
11743,138,127,0.0797101
11753,138,127,0.0797101
11761,138,127,0.0797101
11771,138,127,0.0797101
11779,138,127,0.0797101
11788,138,127,0.0797101
11797,138,127,0.0797101
11807,138,127,0.0797101
11815,138,127,0.0797101
11823,138,127,0.0797101
11832,138,127,0.0797101
11839,138,127,0.0797101
11849,138,127,0.0797101
11859,138,127,0.0797101
11867,138,127,0.0797101
11877,138,127,0.0797101
11886,138,127,0.0797101
11894,138,127,0.0797101
11904,138,127,0.0797101
11913,138,127,0.0797101
11922,138,127,0.0797101
11932,138,127,0.0797101
11941,138,127,0.0797101
11950,138,127,0.0797101
11960,138,127,0.0797101
11970,138,127,0.0797101
11979,138,127,0.0797101
11988,138,127,0.0797101
11997,138,127,0.0797101
12006,138,127,0.0797101
12014,138,127,0.0797101
12024,138,127,0.0797101
12033,138,127,0.0797101
12043,138,127,0.0797101
12052,138,127,0.0797101
12061,138,127,0.0797101
12072,138,127,0.0797101
12082,138,127,0.0797101
12091,138,127,0.0797101
12100,138,127,0.0797101
12111,138,127,0.0797101
12120,138,127,0.0797101
12130,138,127,0.0797101
12140,138,127,0.0797101
12150,138,127,0.0797101
12157,138,127,0.0797101
12168,138,127,0.0797101
12177,138,127,0.0797101
12186,138,127,0.0797101
12197,138,127,0.0797101
12206,138,127,0.0797101
12215,138,127,0.0797101
12225,138,127,0.0797101
12235,138,127,0.0797101
12244,138,127,0.0797101
12253,138,127,0.0797101
12264,138,127,0.0797101
12275,138,127,0.0797101
12283,138,127,0.0797101
12293,138,127,0.0797101
12302,138,127,0.0797101
12311,138,127,0.0797101
12320,138,127,0.0797101
12328,138,127,0.0797101
12337,138,127,0.0797101
12348,138,127,0.0797101
12357,138,127,0.0797101
12367,138,127,0.0797101
12378,138,127,0.0797101
12388,138,127,0.0797101
12397,138,127,0.0797101
12408,138,127,0.0797101
12416,138,127,0.0797101
12427,138,127,0.0797101
12433,138,127,0.0797101
12444,138,127,0.0797101
12453,138,127,0.0797101
12462,138,127,0.0797101
12471,138,127,0.0797101
12480,138,127,0.0797101
12491,138,127,0.0797101
12500,138,127,0.0797101
12511,138,127,0.0797101
12521,138,127,0.0797101
12531,138,127,0.0797101
12540,138,127,0.0797101
12553,138,127,0.0797101
12562,138,127,0.0797101
12572,138,127,0.0797101
12580,138,127,0.0797101
12590,138,127,0.0797101
12600,138,127,0.0797101
12611,138,127,0.0797101
12623,138,127,0.0797101
12633,138,127,0.0797101
12645,138,127,0.0797101
12655,138,127,0.0797101
12663,138,127,0.0797101
12675,138,127,0.0797101
12683,138,127,0.0797101
12691,137,127,0.0729927
12697,137,127,0.0729927
12704,137,127,0.0729927
12710,137,127,0.0729927
12716,137,127,0.0729927
12722,137,127,0.0729927
12728,137,127,0.0729927
12734,137,127,0.0729927
12740,137,127,0.0729927
12745,137,127,0.0729927
12751,137,127,0.0729927
12756,137,127,0.0729927
12762,137,127,0.0729927
12767,137,127,0.0729927
12772,137,127,0.0729927
12777,137,127,0.0729927
12782,137,127,0.0729927
12787,137,127,0.0729927
12792,137,127,0.0729927
12796,137,127,0.0729927
12801,137,127,0.0729927
12805,137,127,0.0729927
12809,137,127,0.0729927
12814,137,127,0.0729927
12818,137,127,0.0729927
12822,137,127,0.0729927
12826,137,127,0.0729927
12830,137,127,0.0729927
12834,137,127,0.0729927
12839,137,127,0.0729927
12844,137,127,0.0729927
12849,137,127,0.0729927
12852,137,127,0.0729927
12857,137,127,0.0729927
12861,137,127,0.0729927
12865,137,127,0.0729927
12868,137,127,0.0729927
12872,137,127,0.0729927
12876,137,127,0.0729927
12880,137,127,0.0729927
12883,137,127,0.0729927
12886,137,127,0.0729927
12890,137,127,0.0729927
12893,137,127,0.0729927
12896,137,127,0.0729927
12899,137,127,0.0729927
12902,137,127,0.0729927
12905,137,127,0.0729927
12908,137,127,0.0729927
12910,137,127,0.0729927
12913,137,127,0.0729927
12915,137,127,0.0729927
12918,137,127,0.0729927
12921,137,127,0.0729927
12923,137,127,0.0729927
12925,137,127,0.0729927
12927,137,127,0.0729927
12929,137,127,0.0729927
12931,137,127,0.0729927
12933,137,127,0.0729927
12935,137,127,0.0729927
12937,137,127,0.0729927
12939,137,127,0.0729927
12941,137,127,0.0729927
12942,137,127,0.0729927
12944,137,127,0.0729927
12946,137,127,0.0729927
12947,137,127,0.0729927
12949,137,127,0.0729927
12950,137,127,0.0729927
12952,137,127,0.0729927
12953,137,127,0.0729927
12955,137,127,0.0729927
12956,137,127,0.0729927
12958,137,127,0.0729927
12959,137,127,0.0729927
12960,137,127,0.0729927
12961,137,127,0.0729927
12961,137,127,0.0729927
12962,137,127,0.0729927
12962,137,127,0.0729927
12963,137,127,0.0729927
12963,137,127,0.0729927
12967,137,127,0.0729927
12981,137,127,0.0729927
12995,137,127,0.0729927
13008,137,127,0.0729927
13022,137,127,0.0729927
13035,137,127,0.0729927
13048,137,127,0.0729927
13063,137,127,0.0729927
13077,137,127,0.0729927
13090,137,127,0.0729927
13103,137,127,0.0729927
13116,137,127,0.0729927
13130,137,127,0.0729927
13142,137,127,0.0729927
13155,137,127,0.0729927
13168,137,127,0.0729927
13180,137,127,0.0729927
13193,137,127,0.0729927
13205,137,127,0.0729927
13217,137,127,0.0729927
13229,137,127,0.0729927
13241,137,127,0.0729927
13253,137,127,0.0729927
13265,137,127,0.0729927
13277,137,127,0.0729927
13289,137,127,0.0729927
13300,137,127,0.0729927
13312,137,127,0.0729927
13323,137,127,0.0729927
13334,137,127,0.0729927
13346,137,127,0.0729927
13357,137,127,0.0729927
13368,137,127,0.0729927
13379,137,127,0.0729927
13390,137,127,0.0729927
13400,137,127,0.0729927
13411,137,127,0.0729927
13421,137,127,0.0729927
13431,137,127,0.0729927
13442,137,127,0.0729927
13452,137,127,0.0729927
13462,137,127,0.0729927
13472,137,127,0.0729927
13482,137,127,0.0729927
13492,137,127,0.0729927
13502,137,127,0.0729927
13511,137,127,0.0729927
13521,137,127,0.0729927
13530,137,127,0.0729927
13539,137,127,0.0729927
13548,137,127,0.0729927
13557,137,127,0.0729927
13566,137,127,0.0729927
13575,137,127,0.0729927
13584,137,127,0.0729927
13592,137,127,0.0729927
13601,137,127,0.0729927
13609,137,127,0.0729927
13618,137,127,0.0729927
13626,137,127,0.0729927
13634,137,127,0.0729927
13643,137,127,0.0729927
13651,137,127,0.0729927
13659,137,127,0.0729927
13667,137,127,0.0729927
13676,137,127,0.0729927
13684,137,127,0.0729927
13692,137,127,0.0729927
13700,137,127,0.0729927
13708,137,127,0.0729927
13716,137,127,0.0729927
13724,137,127,0.0729927
13732,137,127,0.0729927
13739,137,127,0.0729927
13747,137,127,0.0729927
13754,137,127,0.0729927
13762,137,127,0.0729927
13770,137,127,0.0729927
13777,137,127,0.0729927
13785,137,127,0.0729927
13792,137,127,0.0729927
13800,137,127,0.0729927
13807,137,127,0.0729927
13815,137,127,0.0729927
13822,137,127,0.0729927
13830,137,127,0.0729927
13839,137,127,0.0729927
13846,137,127,0.0729927
13853,137,127,0.0729927
13860,137,127,0.0729927
13867,137,127,0.0729927
13874,137,127,0.0729927
13881,137,127,0.0729927
13887,137,127,0.0729927
13894,137,127,0.0729927
13901,137,127,0.0729927
13907,137,127,0.0729927
13913,137,127,0.0729927
13920,137,127,0.0729927
13926,137,127,0.0729927
13932,137,127,0.0729927
13938,137,127,0.0729927
13944,137,127,0.0729927
13950,137,127,0.0729927
13956,137,127,0.0729927
13961,137,127,0.0729927
13967,137,127,0.0729927
13973,137,127,0.0729927
13978,137,127,0.0729927
13984,137,127,0.0729927
13989,137,127,0.0729927
13994,137,127,0.0729927
14000,137,127,0.0729927
14006,137,127,0.0729927
14012,137,127,0.0729927
14016,137,127,0.0729927
14021,137,127,0.0729927
14026,137,127,0.0729927
14031,137,127,0.0729927
14035,137,127,0.0729927
14039,137,127,0.0729927
14043,137,127,0.0729927
14049,137,127,0.0729927
14054,137,127,0.0729927
14058,137,127,0.0729927
14062,137,127,0.0729927
14066,137,127,0.0729927
14071,137,127,0.0729927
14075,137,127,0.0729927
14079,137,127,0.0729927
14083,137,127,0.0729927
14086,137,127,0.0729927
14090,137,127,0.0729927
14094,137,127,0.0729927
14097,137,127,0.0729927
14101,137,127,0.0729927
14104,137,127,0.0729927
14106,137,127,0.0729927
14109,137,127,0.0729927
14113,137,127,0.0729927
14116,137,127,0.0729927
14119,137,127,0.0729927
14122,137,127,0.0729927
14125,137,127,0.0729927
14127,137,127,0.0729927
14129,137,127,0.0729927
14132,137,127,0.0729927
14134,137,127,0.0729927
14137,137,127,0.0729927
14140,137,127,0.0729927
14141,137,127,0.0729927
14144,137,127,0.0729927
14146,137,127,0.0729927
14148,137,127,0.0729927
14150,137,127,0.0729927
14153,137,127,0.0729927
14154,137,127,0.0729927
14157,137,127,0.0729927
14159,137,127,0.0729927
14161,137,127,0.0729927
14163,137,127,0.0729927
14165,137,127,0.0729927
14167,137,127,0.0729927
14169,137,127,0.0729927
14171,137,127,0.0729927
14173,137,127,0.0729927
14175,137,127,0.0729927
14177,137,127,0.0729927
14179,137,127,0.0729927
14180,137,127,0.0729927
14182,137,127,0.0729927
14183,137,127,0.0729927
14185,137,127,0.0729927
14187,137,127,0.0729927
14189,137,127,0.0729927
14191,137,127,0.0729927
14193,137,127,0.0729927
14195,137,127,0.0729927
14197,137,127,0.0729927
14199,137,127,0.0729927
14201,137,127,0.0729927
14203,137,127,0.0729927
14205,137,127,0.0729927
14207,137,127,0.0729927
14209,137,127,0.0729927
14211,137,127,0.0729927
14213,137,127,0.0729927
14215,137,127,0.0729927
14217,137,127,0.0729927
14218,137,127,0.0729927
14220,137,127,0.0729927
14222,137,127,0.0729927
14224,137,127,0.0729927
14225,137,127,0.0729927
14227,137,127,0.0729927
14229,137,127,0.0729927
14231,137,127,0.0729927
14233,137,127,0.0729927
14235,137,127,0.0729927
14237,137,127,0.0729927
14240,137,127,0.0729927
14242,137,127,0.0729927
14244,137,127,0.0729927
14246,137,127,0.0729927
14249,137,127,0.0729927
14251,137,127,0.0729927
14253,137,127,0.0729927
14256,137,127,0.0729927
14259,137,127,0.0729927
14261,137,127,0.0729927
14264,137,127,0.0729927
14266,137,127,0.0729927
14269,137,127,0.0729927
14272,137,127,0.0729927
14274,137,127,0.0729927
14276,137,127,0.0729927
14279,137,127,0.0729927
14281,137,127,0.0729927
14284,137,127,0.0729927
14287,137,127,0.0729927
14290,137,127,0.0729927
14292,137,127,0.0729927
14295,137,127,0.0729927
14297,137,127,0.0729927
14300,137,127,0.0729927
14302,137,127,0.0729927
14304,137,127,0.0729927
14306,137,127,0.0729927
14309,137,127,0.0729927
14312,137,127,0.0729927
14315,137,127,0.0729927
14317,137,127,0.0729927
14320,137,127,0.0729927
14322,137,127,0.0729927
14325,137,127,0.0729927
14328,137,127,0.0729927
14331,137,127,0.0729927
14334,137,127,0.0729927
14337,137,127,0.0729927
14340,137,127,0.0729927
14343,137,127,0.0729927
14345,137,127,0.0729927
14349,137,127,0.0729927
14352,137,127,0.0729927
14355,137,127,0.0729927
14357,137,127,0.0729927
14360,137,127,0.0729927
14364,137,127,0.0729927
14367,137,127,0.0729927
14370,137,127,0.0729927
14374,137,127,0.0729927
14377,137,127,0.0729927
14380,137,127,0.0729927
14383,137,127,0.0729927
14386,137,127,0.0729927
14389,137,127,0.0729927
14392,137,127,0.0729927
14395,137,127,0.0729927
14398,137,127,0.0729927
14401,137,127,0.0729927
14404,137,127,0.0729927
14407,137,127,0.0729927
14410,137,127,0.0729927
14413,137,127,0.0729927
14416,137,127,0.0729927
14419,137,127,0.0729927
14422,137,127,0.0729927
14425,137,127,0.0729927
14428,137,127,0.0729927
14431,137,127,0.0729927
14435,137,127,0.0729927
14438,137,127,0.0729927
14442,137,127,0.0729927
14445,137,127,0.0729927
14448,137,127,0.0729927
14452,137,127,0.0729927
14455,137,127,0.0729927
14458,137,127,0.0729927
14461,137,127,0.0729927
14464,137,127,0.0729927
14468,137,127,0.0729927
14471,137,127,0.0729927
14475,137,127,0.0729927
14478,137,127,0.0729927
14482,137,127,0.0729927
14485,137,127,0.0729927
14488,137,127,0.0729927
14491,137,127,0.0729927
14495,137,127,0.0729927
14498,137,127,0.0729927
14502,137,127,0.0729927
14506,137,127,0.0729927
14509,137,127,0.0729927
14512,137,127,0.0729927
14516,137,127,0.0729927
14520,137,127,0.0729927
14524,137,127,0.0729927
14527,137,127,0.0729927
14531,137,127,0.0729927
14534,137,127,0.0729927
14538,137,127,0.0729927
14541,137,127,0.0729927
14545,137,127,0.0729927
14548,137,127,0.0729927
14551,137,127,0.0729927
14555,137,127,0.0729927
14559,137,127,0.0729927
14562,137,127,0.0729927
14565,137,127,0.0729927
14568,137,127,0.0729927
14571,137,127,0.0729927
14574,137,127,0.0729927
14578,137,127,0.0729927
14582,137,127,0.0729927
14585,137,127,0.0729927
14588,137,127,0.0729927
14591,137,127,0.0729927
14594,137,127,0.0729927
14598,137,127,0.0729927
14601,137,127,0.0729927
14605,137,127,0.0729927
14608,137,127,0.0729927
14612,137,127,0.0729927
14616,137,127,0.0729927
14620,137,127,0.0729927
14624,137,127,0.0729927
14627,137,127,0.0729927
14630,137,127,0.0729927
14634,137,127,0.0729927
14638,137,127,0.0729927
14642,137,127,0.0729927
14646,137,127,0.0729927
14650,137,127,0.0729927
14653,137,127,0.0729927
14656,137,127,0.0729927
14660,137,127,0.0729927
14664,137,127,0.0729927
14668,137,127,0.0729927
14672,137,127,0.0729927
14676,137,127,0.0729927
14679,137,127,0.0729927
14684,137,127,0.0729927
14687,137,127,0.0729927
14692,137,127,0.0729927
14696,137,127,0.0729927
14700,137,127,0.0729927
14704,137,127,0.0729927
14708,137,127,0.0729927
14712,137,127,0.0729927
14716,137,127,0.0729927
14721,137,127,0.0729927
14726,137,127,0.0729927
14730,137,127,0.0729927
14734,137,127,0.0729927
14738,137,127,0.0729927
14743,137,127,0.0729927
14748,137,127,0.0729927
14752,137,127,0.0729927
14757,137,127,0.0729927
14761,137,127,0.0729927
14766,137,127,0.0729927
14770,137,127,0.0729927
14775,137,127,0.0729927
14780,137,127,0.0729927
14783,137,127,0.0729927
14788,137,127,0.0729927
14793,137,127,0.0729927
14797,137,127,0.0729927
14802,137,127,0.0729927
14807,137,127,0.0729927
14812,137,127,0.0729927
14816,137,127,0.0729927
14821,137,127,0.0729927
14826,137,127,0.0729927
14830,137,127,0.0729927
14834,137,127,0.0729927
14838,137,127,0.0729927
14845,137,127,0.0729927
14851,137,127,0.0729927
14856,137,127,0.0729927
14861,137,127,0.0729927
14866,137,127,0.0729927
14871,137,127,0.0729927
14876,137,127,0.0729927
14882,137,127,0.0729927
14887,137,127,0.0729927
14893,137,127,0.0729927
14899,137,127,0.0729927
14904,137,127,0.0729927
14908,137,127,0.0729927
14913,137,127,0.0729927
14919,137,127,0.0729927
14924,137,127,0.0729927
14929,137,127,0.0729927
14934,137,127,0.0729927
14939,137,127,0.0729927
14944,137,127,0.0729927
14950,137,127,0.0729927
14955,137,127,0.0729927
14959,137,127,0.0729927
14965,137,127,0.0729927
14971,137,127,0.0729927
14977,137,127,0.0729927
14984,137,127,0.0729927
14990,137,127,0.0729927
14995,137,127,0.0729927
15001,137,127,0.0729927
15007,137,127,0.0729927
15013,137,127,0.0729927
15019,137,127,0.0729927
15024,137,127,0.0729927
15031,137,127,0.0729927
15037,137,127,0.0729927
15043,137,127,0.0729927
15049,137,127,0.0729927
15056,137,127,0.0729927
15061,137,127,0.0729927
15066,137,127,0.0729927
15072,137,127,0.0729927
15077,137,127,0.0729927
15083,137,127,0.0729927
15088,137,127,0.0729927
15094,137,127,0.0729927
15100,137,127,0.0729927
15105,137,127,0.0729927
15111,137,127,0.0729927
15117,137,127,0.0729927
15124,137,127,0.0729927
15130,137,127,0.0729927
15136,137,127,0.0729927
15142,137,127,0.0729927
15148,137,127,0.0729927
15152,137,127,0.0729927
15158,137,127,0.0729927
15163,137,127,0.0729927
15169,137,127,0.0729927
15175,137,127,0.0729927
15180,137,127,0.0729927
15186,137,127,0.0729927
15193,137,127,0.0729927
15199,137,127,0.0729927
15205,137,127,0.0729927
15211,137,127,0.0729927
15218,137,127,0.0729927
15225,137,127,0.0729927
15231,137,127,0.0729927
15236,137,127,0.0729927
15242,137,127,0.0729927
15250,137,127,0.0729927
15255,137,127,0.0729927
15261,137,127,0.0729927
15267,137,127,0.0729927
15273,137,127,0.0729927
15278,137,127,0.0729927
15284,137,127,0.0729927
15289,137,127,0.0729927
15296,137,127,0.0729927
15302,137,127,0.0729927
15307,137,127,0.0729927
15314,137,127,0.0729927
15320,137,127,0.0729927
15328,137,127,0.0729927
15335,137,127,0.0729927
15340,137,127,0.0729927
15346,137,127,0.0729927
15354,137,127,0.0729927
15361,137,127,0.0729927
15367,137,127,0.0729927
15372,137,127,0.0729927
15378,137,127,0.0729927
15384,137,127,0.0729927
15392,137,127,0.0729927
15397,137,127,0.0729927
15404,137,127,0.0729927
15410,137,127,0.0729927
15417,137,127,0.0729927
15423,137,127,0.0729927
15429,137,127,0.0729927
15436,137,127,0.0729927
15442,137,127,0.0729927
15449,137,127,0.0729927
15455,137,127,0.0729927
15460,137,127,0.0729927
15467,137,127,0.0729927
15473,137,127,0.0729927
15479,137,127,0.0729927
15486,137,127,0.0729927
15494,137,127,0.0729927
15500,137,127,0.0729927
15506,137,127,0.0729927
15513,137,127,0.0729927
15519,137,127,0.0729927
15525,137,127,0.0729927
15532,137,127,0.0729927
15539,137,127,0.0729927
15546,137,127,0.0729927
15552,137,127,0.0729927
15557,137,127,0.0729927
15564,137,127,0.0729927
15572,137,127,0.0729927
15578,137,127,0.0729927
15586,137,127,0.0729927
15592,137,127,0.0729927
15600,137,127,0.0729927
15607,137,127,0.0729927
15613,137,127,0.0729927
15618,137,127,0.0729927
15625,137,127,0.0729927
15631,137,127,0.0729927
15638,137,127,0.0729927
15644,137,127,0.0729927
15651,137,127,0.0729927
15658,137,127,0.0729927
15665,137,127,0.0729927
15672,137,127,0.0729927
15678,137,127,0.0729927
15685,137,127,0.0729927
15690,137,127,0.0729927
15697,137,127,0.0729927
15703,137,127,0.0729927
15710,137,127,0.0729927
15716,137,127,0.0729927
15724,137,127,0.0729927
15730,137,127,0.0729927
15736,137,127,0.0729927
15743,137,127,0.0729927
15750,137,127,0.0729927
15755,137,127,0.0729927
15762,137,127,0.0729927
15769,137,127,0.0729927
15775,137,127,0.0729927
15781,137,127,0.0729927
15788,137,127,0.0729927
15795,137,127,0.0729927
15801,137,127,0.0729927
15809,137,127,0.0729927
15816,137,127,0.0729927
15823,137,127,0.0729927
15828,137,127,0.0729927
15835,137,127,0.0729927
15843,137,127,0.0729927
15852,137,127,0.0729927
15860,137,127,0.0729927
15867,137,127,0.0729927
15874,137,127,0.0729927
15882,137,127,0.0729927
15889,137,127,0.0729927
15897,137,127,0.0729927
15905,137,127,0.0729927
15912,137,127,0.0729927
15919,137,127,0.0729927
15926,137,127,0.0729927
15932,137,127,0.0729927
15937,137,127,0.0729927
15945,137,127,0.0729927
15951,137,127,0.0729927
15959,137,127,0.0729927
15968,137,127,0.0729927
15975,137,127,0.0729927
15982,137,127,0.0729927
15990,137,127,0.0729927
15998,137,127,0.0729927
16006,137,127,0.0729927
16012,137,127,0.0729927
16022,137,127,0.0729927
16029,137,127,0.0729927
16038,137,127,0.0729927
16044,137,127,0.0729927
16053,137,127,0.0729927
16062,137,127,0.0729927
16068,137,127,0.0729927
16076,137,127,0.0729927
16085,137,127,0.0729927
16093,137,127,0.0729927
16100,137,127,0.0729927
16106,137,127,0.0729927
16116,137,127,0.0729927
16123,137,127,0.0729927
16131,137,127,0.0729927
16139,137,127,0.0729927
16146,137,127,0.0729927
16155,137,127,0.0729927
16163,137,127,0.0729927
16170,137,127,0.0729927
16178,137,127,0.0729927
16186,137,127,0.0729927
16195,137,127,0.0729927
16204,137,127,0.0729927
16212,137,127,0.0729927
16220,137,127,0.0729927
16228,137,127,0.0729927
16235,137,127,0.0729927
16243,137,127,0.0729927
16250,137,127,0.0729927
16259,137,127,0.0729927
16266,137,127,0.0729927
16275,137,127,0.0729927
16284,137,127,0.0729927
16293,137,127,0.0729927
16301,137,127,0.0729927
16310,137,127,0.0729927
16318,137,127,0.0729927
16324,137,127,0.0729927
16332,137,127,0.0729927
16341,137,127,0.0729927
16350,137,127,0.0729927
16358,137,127,0.0729927
16368,137,127,0.0729927
16375,137,127,0.0729927
16383,137,127,0.0729927
16392,137,127,0.0729927
16402,137,127,0.0729927
16412,137,127,0.0729927
16421,137,127,0.0729927
16429,137,127,0.0729927
16438,137,127,0.0729927
16447,137,127,0.0729927
16455,137,127,0.0729927
16465,137,127,0.0729927
16475,137,127,0.0729927
16483,137,127,0.0729927
16492,137,127,0.0729927
16499,137,127,0.0729927
16509,137,127,0.0729927
16518,137,127,0.0729927
16526,137,127,0.0729927
16535,137,127,0.0729927
16541,137,127,0.0729927
16550,137,127,0.0729927
16559,137,127,0.0729927
16568,137,127,0.0729927
16578,137,127,0.0729927
16587,137,127,0.0729927
16596,137,127,0.0729927
16606,137,127,0.0729927
16614,137,127,0.0729927
16623,137,127,0.0729927
16632,137,127,0.0729927
16641,137,127,0.0729927
16648,137,127,0.0729927
16658,137,127,0.0729927
16667,137,127,0.0729927
16677,137,127,0.0729927
16687,137,127,0.0729927
16697,137,127,0.0729927
16707,137,127,0.0729927
16717,137,127,0.0729927
16727,137,127,0.0729927
16736,137,127,0.0729927
16747,136,127,0.0661765
16758,136,127,0.0661765
16769,136,127,0.0661765
16779,136,127,0.0661765
16790,136,127,0.0661765
16800,136,127,0.0661765
16810,136,127,0.0661765
16821,136,127,0.0661765
16831,136,127,0.0661765
16844,136,127,0.0661765
16854,136,127,0.0661765
16864,136,127,0.0661765
16873,136,127,0.0661765
16883,136,127,0.0661765
16893,136,127,0.0661765
16902,136,127,0.0661765
16911,136,127,0.0661765
16920,136,127,0.0661765
16929,136,127,0.0661765
16938,136,127,0.0661765
16947,136,127,0.0661765
16955,136,127,0.0661765
16964,136,127,0.0661765
16972,136,127,0.0661765
16981,136,127,0.0661765
16989,136,127,0.0661765
16998,136,127,0.0661765
17009,136,127,0.0661765
17018,136,127,0.0661765
17026,136,127,0.0661765
17034,136,127,0.0661765
17042,136,127,0.0661765
17050,136,127,0.0661765
17059,136,127,0.0661765
17067,136,127,0.0661765
17075,136,127,0.0661765
17083,136,127,0.0661765
17091,136,127,0.0661765
17098,136,127,0.0661765
17106,136,127,0.0661765
17114,136,127,0.0661765
17122,136,127,0.0661765
17129,136,127,0.0661765
17137,136,127,0.0661765
17145,136,127,0.0661765
17152,136,127,0.0661765
17160,136,127,0.0661765
17167,136,127,0.0661765
17175,136,127,0.0661765
17182,136,127,0.0661765
17189,136,127,0.0661765
17197,136,127,0.0661765
17204,136,127,0.0661765
17211,136,127,0.0661765
17218,136,127,0.0661765
17225,136,127,0.0661765
17232,136,127,0.0661765
17239,136,127,0.0661765
17246,136,127,0.0661765
17252,136,127,0.0661765
17259,136,127,0.0661765
17265,136,127,0.0661765
17272,136,127,0.0661765
17278,136,127,0.0661765
17285,136,127,0.0661765
17291,136,127,0.0661765
17297,136,127,0.0661765
17303,136,127,0.0661765
17310,136,127,0.0661765
17315,136,127,0.0661765
17322,136,127,0.0661765
17327,136,127,0.0661765
17333,136,127,0.0661765
17339,136,127,0.0661765
17345,136,127,0.0661765
17350,136,127,0.0661765
17355,136,127,0.0661765
17361,136,127,0.0661765
17366,136,127,0.0661765
17371,136,127,0.0661765
17376,136,127,0.0661765
17381,136,127,0.0661765
17385,136,127,0.0661765
17390,136,127,0.0661765
17394,136,127,0.0661765
17399,136,127,0.0661765
17403,136,127,0.0661765
17407,136,127,0.0661765
17411,136,127,0.0661765
17416,136,127,0.0661765
17420,136,127,0.0661765
17424,136,127,0.0661765
17428,136,127,0.0661765
17432,136,127,0.0661765
17436,136,127,0.0661765
17440,136,127,0.0661765
17444,136,127,0.0661765
17448,136,127,0.0661765
17453,136,127,0.0661765
17458,136,127,0.0661765
17463,136,127,0.0661765
17467,136,127,0.0661765
17470,136,127,0.0661765
17474,136,127,0.0661765
17477,136,127,0.0661765
17480,136,127,0.0661765
17484,136,127,0.0661765
17487,136,127,0.0661765
17490,136,127,0.0661765
17493,136,127,0.0661765
17497,136,127,0.0661765
17499,136,127,0.0661765
17502,136,127,0.0661765
17505,136,127,0.0661765
17508,136,127,0.0661765
17510,136,127,0.0661765
17513,136,127,0.0661765
17516,136,127,0.0661765
17518,136,127,0.0661765
17520,136,127,0.0661765
17522,136,127,0.0661765
17524,136,127,0.0661765
17526,136,127,0.0661765
17528,136,127,0.0661765
17530,136,127,0.0661765
17530,136,127,0.0661765
17532,136,127,0.0661765
17533,136,127,0.0661765
17534,136,127,0.0661765
17536,136,127,0.0661765
17537,136,127,0.0661765
17538,136,127,0.0661765
17540,136,127,0.0661765
17542,136,127,0.0661765
17543,136,127,0.0661765
17544,136,127,0.0661765
17545,136,127,0.0661765
17546,136,127,0.0661765
17548,136,127,0.0661765
17549,136,127,0.0661765
17551,136,127,0.0661765
17552,136,127,0.0661765
17554,136,127,0.0661765
17555,136,127,0.0661765
17556,136,127,0.0661765
17558,136,127,0.0661765
17559,136,127,0.0661765
17561,136,127,0.0661765
17562,136,127,0.0661765
17563,136,127,0.0661765
17565,136,127,0.0661765
17566,136,127,0.0661765
17567,136,127,0.0661765
17569,136,127,0.0661765
17570,136,127,0.0661765
17571,136,127,0.0661765
17572,136,127,0.0661765
17574,136,127,0.0661765
17575,136,127,0.0661765
17577,136,127,0.0661765
17579,136,127,0.0661765
17580,136,127,0.0661765
17581,136,127,0.0661765
17583,136,127,0.0661765
17584,136,127,0.0661765
17586,136,127,0.0661765
17587,136,127,0.0661765
17589,136,127,0.0661765
17590,136,127,0.0661765
17592,136,127,0.0661765
17593,136,127,0.0661765
17595,136,127,0.0661765
17596,136,127,0.0661765
17598,136,127,0.0661765
17599,136,127,0.0661765
17601,136,127,0.0661765
17603,136,127,0.0661765
17604,136,127,0.0661765
17606,136,127,0.0661765
17608,136,127,0.0661765
17609,136,127,0.0661765
17611,136,127,0.0661765
17612,136,127,0.0661765
17614,136,127,0.0661765
17616,136,127,0.0661765
17617,136,127,0.0661765
17619,136,127,0.0661765
17620,136,127,0.0661765
17622,136,127,0.0661765
17623,136,127,0.0661765
17624,136,127,0.0661765
17626,136,127,0.0661765
17628,136,127,0.0661765
17629,136,127,0.0661765
17631,136,127,0.0661765
17633,136,127,0.0661765
17634,136,127,0.0661765
17636,136,127,0.0661765
17638,136,127,0.0661765
17640,136,127,0.0661765
17641,136,127,0.0661765
17643,136,127,0.0661765
17645,136,127,0.0661765
17647,136,127,0.0661765
17649,136,127,0.0661765
17650,136,127,0.0661765
17652,136,127,0.0661765
17654,136,127,0.0661765
17655,136,127,0.0661765
17657,136,127,0.0661765
17659,136,127,0.0661765
17660,136,127,0.0661765
17662,136,127,0.0661765
17663,136,127,0.0661765
17665,136,127,0.0661765
17667,136,127,0.0661765
17668,136,127,0.0661765
17670,136,127,0.0661765
17671,136,127,0.0661765
17673,136,127,0.0661765
17675,136,127,0.0661765
17678,136,127,0.0661765
17679,136,127,0.0661765
17681,136,127,0.0661765
17683,136,127,0.0661765
17685,136,127,0.0661765
17686,136,127,0.0661765
17688,136,127,0.0661765
17690,136,127,0.0661765
17692,136,127,0.0661765
17693,136,127,0.0661765
17695,136,127,0.0661765
17696,136,127,0.0661765
17698,136,127,0.0661765
17700,136,127,0.0661765
17701,136,127,0.0661765
17702,136,127,0.0661765
17704,136,127,0.0661765
17706,136,127,0.0661765
17707,136,127,0.0661765
17709,136,127,0.0661765
17711,136,127,0.0661765
17713,136,127,0.0661765
17714,136,127,0.0661765
17716,136,127,0.0661765
17718,136,127,0.0661765
17720,136,127,0.0661765
17722,136,127,0.0661765
17723,136,127,0.0661765
17725,136,127,0.0661765
17727,136,127,0.0661765
17729,136,127,0.0661765
17731,136,127,0.0661765
17733,136,127,0.0661765
17735,136,127,0.0661765
17736,136,127,0.0661765
17738,136,127,0.0661765
17740,136,127,0.0661765
17742,136,127,0.0661765
17744,136,127,0.0661765
17746,136,127,0.0661765
17748,136,127,0.0661765
17749,136,127,0.0661765
17751,136,127,0.0661765
17753,136,127,0.0661765
17755,136,127,0.0661765
17757,136,127,0.0661765
17759,136,127,0.0661765
17761,136,127,0.0661765
17763,136,127,0.0661765
17765,136,127,0.0661765
17766,136,127,0.0661765
17768,136,127,0.0661765
17770,136,127,0.0661765
17772,136,127,0.0661765
17774,136,127,0.0661765
17776,136,127,0.0661765
17778,136,127,0.0661765
17780,136,127,0.0661765
17782,136,127,0.0661765
17784,136,127,0.0661765
17786,136,127,0.0661765
17788,136,127,0.0661765
17789,136,127,0.0661765
17791,136,127,0.0661765
17793,136,127,0.0661765
17795,136,127,0.0661765
17797,136,127,0.0661765
17799,136,127,0.0661765
17801,136,127,0.0661765
17802,136,127,0.0661765
17804,136,127,0.0661765
17806,136,127,0.0661765
17808,136,127,0.0661765
17809,136,127,0.0661765
17811,136,127,0.0661765
17813,136,127,0.0661765
17815,136,127,0.0661765
17816,136,127,0.0661765
17818,136,127,0.0661765
17820,136,127,0.0661765
17822,136,127,0.0661765
17824,136,127,0.0661765
17826,136,127,0.0661765
17828,136,127,0.0661765
17830,136,127,0.0661765
17832,136,127,0.0661765
17834,136,127,0.0661765
17837,136,127,0.0661765
17838,136,127,0.0661765
17841,136,127,0.0661765
17843,136,127,0.0661765
17844,136,127,0.0661765
17846,136,127,0.0661765
17848,136,127,0.0661765
17850,136,127,0.0661765
17852,136,127,0.0661765
17854,136,127,0.0661765
17860,136,127,0.0661765
17862,136,127,0.0661765
17863,136,127,0.0661765
17865,136,127,0.0661765
17867,136,127,0.0661765
17869,136,127,0.0661765
17870,136,127,0.0661765
17872,136,127,0.0661765
17873,136,127,0.0661765
17875,136,127,0.0661765
17877,136,127,0.0661765
17878,136,127,0.0661765
17880,136,127,0.0661765
17882,136,127,0.0661765
17883,136,127,0.0661765
17885,136,127,0.0661765
17887,136,127,0.0661765
17888,136,127,0.0661765
17891,136,127,0.0661765
17893,136,127,0.0661765
17894,136,127,0.0661765
17896,136,127,0.0661765
17898,136,127,0.0661765
17899,136,127,0.0661765
17901,136,127,0.0661765
17904,136,127,0.0661765
17905,136,127,0.0661765
17907,136,127,0.0661765
17909,136,127,0.0661765
17911,136,127,0.0661765
17913,136,127,0.0661765
17914,136,127,0.0661765
17916,136,127,0.0661765
17917,136,127,0.0661765
17919,136,127,0.0661765
17921,136,127,0.0661765
17923,136,127,0.0661765
17925,136,127,0.0661765
17926,136,127,0.0661765
17928,136,127,0.0661765
17930,136,127,0.0661765
17931,136,127,0.0661765
17934,136,127,0.0661765
17935,136,127,0.0661765
17937,136,127,0.0661765
17939,136,127,0.0661765
17941,136,127,0.0661765
17943,136,127,0.0661765
17944,136,127,0.0661765
17946,136,127,0.0661765
17949,136,127,0.0661765
17951,136,127,0.0661765
17953,136,127,0.0661765
17956,136,127,0.0661765
17957,136,127,0.0661765
17959,136,127,0.0661765
17961,136,127,0.0661765
17963,136,127,0.0661765
17966,136,127,0.0661765
17968,136,127,0.0661765
17970,136,127,0.0661765
17972,136,127,0.0661765
17974,136,127,0.0661765
17976,136,127,0.0661765
17978,136,127,0.0661765
17980,136,127,0.0661765
17982,136,127,0.0661765
17984,136,127,0.0661765
17986,136,127,0.0661765
17989,136,127,0.0661765
17991,136,127,0.0661765
17993,136,127,0.0661765
17996,136,127,0.0661765
17998,136,127,0.0661765
18000,136,127,0.0661765
18002,136,127,0.0661765
18005,136,127,0.0661765
18007,136,127,0.0661765
18009,136,127,0.0661765
18012,136,127,0.0661765
18013,136,127,0.0661765
18016,136,127,0.0661765
18018,136,127,0.0661765
18021,136,127,0.0661765
18023,136,127,0.0661765
18025,136,127,0.0661765
18027,136,127,0.0661765
18029,136,127,0.0661765
18031,136,127,0.0661765
18033,136,127,0.0661765
18036,136,127,0.0661765
18038,136,127,0.0661765
18040,136,127,0.0661765
18042,136,127,0.0661765
18044,136,127,0.0661765
18046,136,127,0.0661765
18048,136,127,0.0661765
18051,136,127,0.0661765
18053,136,127,0.0661765
18055,136,127,0.0661765
18058,136,127,0.0661765
18061,136,127,0.0661765
18063,136,127,0.0661765
18066,136,127,0.0661765
18070,136,127,0.0661765
18072,136,127,0.0661765
18074,136,127,0.0661765
18077,136,127,0.0661765
18079,136,127,0.0661765
18081,136,127,0.0661765
18083,136,127,0.0661765
18085,136,127,0.0661765
18087,136,127,0.0661765
18090,136,127,0.0661765
18093,136,127,0.0661765
18095,136,127,0.0661765
18097,136,127,0.0661765
18100,136,127,0.0661765
18102,136,127,0.0661765
18104,136,127,0.0661765
18106,136,127,0.0661765
18109,136,127,0.0661765
18112,136,127,0.0661765
18114,136,127,0.0661765
18116,136,127,0.0661765
18119,136,127,0.0661765
18121,136,127,0.0661765
18123,136,127,0.0661765
18125,136,127,0.0661765
18128,136,127,0.0661765
18130,136,127,0.0661765
18132,136,127,0.0661765
18134,136,127,0.0661765
18137,136,127,0.0661765
18138,136,127,0.0661765
18141,136,127,0.0661765
18143,136,127,0.0661765
18145,136,127,0.0661765
18148,136,127,0.0661765
18150,136,127,0.0661765
18152,136,127,0.0661765
18154,136,127,0.0661765
18156,136,127,0.0661765
18158,136,127,0.0661765
18160,136,127,0.0661765
18163,136,127,0.0661765
18165,136,127,0.0661765
18168,136,127,0.0661765
18171,136,127,0.0661765
18173,136,127,0.0661765
18175,136,127,0.0661765
18178,136,127,0.0661765
18181,136,127,0.0661765
18183,136,127,0.0661765
18186,136,127,0.0661765
18189,136,127,0.0661765
18191,136,127,0.0661765
18193,136,127,0.0661765
18195,136,127,0.0661765
18197,136,127,0.0661765
18199,136,127,0.0661765
18202,136,127,0.0661765
18204,136,127,0.0661765
18206,136,127,0.0661765
18209,136,127,0.0661765
18211,136,127,0.0661765
18214,136,127,0.0661765
18216,136,127,0.0661765
18219,136,127,0.0661765
18221,136,127,0.0661765
18224,136,127,0.0661765
18227,136,127,0.0661765
18229,136,127,0.0661765
18231,136,127,0.0661765
18233,136,127,0.0661765
18235,136,127,0.0661765
18238,136,127,0.0661765
18241,136,127,0.0661765
18244,136,127,0.0661765
18247,136,127,0.0661765
18249,136,127,0.0661765
18251,136,127,0.0661765
18254,136,127,0.0661765
18256,136,127,0.0661765
18259,136,127,0.0661765
18262,136,127,0.0661765
18264,136,127,0.0661765
18267,136,127,0.0661765
18270,136,127,0.0661765
18272,136,127,0.0661765
18275,136,127,0.0661765
18277,136,127,0.0661765
18280,136,127,0.0661765
18282,136,127,0.0661765
18284,136,127,0.0661765
18286,136,127,0.0661765
18289,136,127,0.0661765
18290,136,127,0.0661765
18292,136,127,0.0661765
18295,136,127,0.0661765
18298,136,127,0.0661765
18300,136,127,0.0661765
18303,136,127,0.0661765
18306,136,127,0.0661765
18308,136,127,0.0661765
18311,136,127,0.0661765
18313,136,127,0.0661765
18316,136,127,0.0661765
18318,136,127,0.0661765
18321,136,127,0.0661765
18324,136,127,0.0661765
18327,136,127,0.0661765
18330,136,127,0.0661765
18332,136,127,0.0661765
18334,136,127,0.0661765
18336,136,127,0.0661765
18339,136,127,0.0661765
18341,136,127,0.0661765
18343,136,127,0.0661765
18345,136,127,0.0661765
18348,136,127,0.0661765
18351,136,127,0.0661765
18353,136,127,0.0661765
18356,136,127,0.0661765
18358,136,127,0.0661765
18361,136,127,0.0661765
18363,136,127,0.0661765
18366,136,127,0.0661765
18369,136,127,0.0661765
18372,136,127,0.0661765
18374,136,127,0.0661765
18377,136,127,0.0661765
18380,136,127,0.0661765
18384,136,127,0.0661765
18386,136,127,0.0661765
18388,136,127,0.0661765
18391,136,127,0.0661765
18393,136,127,0.0661765
18396,136,127,0.0661765
18399,136,127,0.0661765
18401,136,127,0.0661765
18404,136,127,0.0661765
18406,136,127,0.0661765
18410,136,127,0.0661765
18412,136,127,0.0661765
18416,136,127,0.0661765
18418,136,127,0.0661765
18421,136,127,0.0661765
18424,136,127,0.0661765
18427,136,127,0.0661765
18430,136,127,0.0661765
18433,136,127,0.0661765
18435,136,127,0.0661765
18438,136,127,0.0661765
18441,136,127,0.0661765
18444,136,127,0.0661765
18447,136,127,0.0661765
18450,136,127,0.0661765
18452,136,127,0.0661765
18455,136,127,0.0661765
18457,136,127,0.0661765
18460,136,127,0.0661765
18462,136,127,0.0661765
18465,136,127,0.0661765
18467,136,127,0.0661765
18470,136,127,0.0661765
18474,136,127,0.0661765
18476,136,127,0.0661765
18479,136,127,0.0661765
18482,136,127,0.0661765
18485,136,127,0.0661765
18488,136,127,0.0661765
18490,136,127,0.0661765
18493,136,127,0.0661765
18496,136,127,0.0661765
18499,136,127,0.0661765
18502,136,127,0.0661765
18504,136,127,0.0661765
18507,136,127,0.0661765
18510,136,127,0.0661765
18513,136,127,0.0661765
18516,136,127,0.0661765
18518,136,127,0.0661765
18521,136,127,0.0661765
18524,136,127,0.0661765
18527,136,127,0.0661765
18529,136,127,0.0661765
18532,136,127,0.0661765
18534,136,127,0.0661765
18537,136,127,0.0661765
18539,136,127,0.0661765
18542,136,127,0.0661765
18545,136,127,0.0661765
18548,136,127,0.0661765
18551,136,127,0.0661765
18554,136,127,0.0661765
18557,136,127,0.0661765
18559,136,127,0.0661765
18562,136,127,0.0661765
18565,136,127,0.0661765
18568,136,127,0.0661765
18571,136,127,0.0661765
18574,136,127,0.0661765
18577,136,127,0.0661765
18580,136,127,0.0661765
18582,136,127,0.0661765
18585,136,127,0.0661765
18588,136,127,0.0661765
18591,136,127,0.0661765
18594,136,127,0.0661765
18596,136,127,0.0661765
18600,136,127,0.0661765
18603,136,127,0.0661765
18606,136,127,0.0661765
18609,136,127,0.0661765
18611,136,127,0.0661765
18615,136,127,0.0661765
18618,136,127,0.0661765
18620,136,127,0.0661765
18623,136,127,0.0661765
18626,136,127,0.0661765
18629,136,127,0.0661765
18631,136,127,0.0661765
18634,136,127,0.0661765
18637,136,127,0.0661765
18640,136,127,0.0661765
18643,136,127,0.0661765
18646,136,127,0.0661765
18649,136,127,0.0661765
18652,136,127,0.0661765
18655,136,127,0.0661765
18659,136,127,0.0661765
18661,136,127,0.0661765
18664,136,127,0.0661765
18667,136,127,0.0661765
18670,136,127,0.0661765
18673,136,127,0.0661765
18676,136,127,0.0661765
18679,136,127,0.0661765
18681,136,127,0.0661765
18684,136,127,0.0661765
18687,136,127,0.0661765
18690,136,127,0.0661765
18692,136,127,0.0661765
18695,136,127,0.0661765
18698,136,127,0.0661765
18701,136,127,0.0661765
18704,136,127,0.0661765
18707,136,127,0.0661765
18710,136,127,0.0661765
18713,136,127,0.0661765
18716,136,127,0.0661765
18719,136,127,0.0661765
18722,136,127,0.0661765
18725,136,127,0.0661765
18728,136,127,0.0661765
18731,136,127,0.0661765
18734,136,127,0.0661765
18737,136,127,0.0661765
18740,136,127,0.0661765
18743,136,127,0.0661765
18746,136,127,0.0661765
18749,136,127,0.0661765
18752,136,127,0.0661765
18754,136,127,0.0661765
18758,136,127,0.0661765
18760,136,127,0.0661765
18763,136,127,0.0661765
18766,136,127,0.0661765
18769,136,127,0.0661765
18772,136,127,0.0661765
18775,136,127,0.0661765
18778,136,127,0.0661765
18781,136,127,0.0661765
18784,136,127,0.0661765
18786,136,127,0.0661765
18789,136,127,0.0661765
18792,136,127,0.0661765
18795,136,127,0.0661765
18798,136,127,0.0661765
18801,136,127,0.0661765
18804,136,127,0.0661765
18807,136,127,0.0661765
18810,136,127,0.0661765
18812,136,127,0.0661765
18815,136,127,0.0661765
18817,136,127,0.0661765
18821,136,127,0.0661765
18824,136,127,0.0661765
18827,136,127,0.0661765
18831,136,127,0.0661765
18834,136,127,0.0661765
18838,136,127,0.0661765
18842,136,127,0.0661765
18845,136,127,0.0661765
18848,136,127,0.0661765
18851,136,127,0.0661765
18854,136,127,0.0661765
18857,136,127,0.0661765
18860,136,127,0.0661765
18863,136,127,0.0661765
18866,136,127,0.0661765
18869,136,127,0.0661765
18872,136,127,0.0661765
18876,136,127,0.0661765
18879,136,127,0.0661765
18881,136,127,0.0661765
18885,136,127,0.0661765
18888,136,127,0.0661765
18891,136,127,0.0661765
18894,136,127,0.0661765
18897,136,127,0.0661765
18900,136,127,0.0661765
18903,136,127,0.0661765
18906,136,127,0.0661765
18908,136,127,0.0661765
18911,136,127,0.0661765
18914,136,127,0.0661765
18917,136,127,0.0661765
18920,136,127,0.0661765
18924,136,127,0.0661765
18927,136,127,0.0661765
18930,136,127,0.0661765
18933,136,127,0.0661765
18936,136,127,0.0661765
18939,136,127,0.0661765
18942,136,127,0.0661765
18945,136,127,0.0661765
18948,136,127,0.0661765
18951,136,127,0.0661765
18954,136,127,0.0661765
18958,136,127,0.0661765
18961,136,127,0.0661765
18965,136,127,0.0661765
18968,136,127,0.0661765
18971,136,127,0.0661765
18975,136,127,0.0661765
18978,136,127,0.0661765
18982,136,127,0.0661765
18984,136,127,0.0661765
18987,136,127,0.0661765
18990,136,127,0.0661765
18993,136,127,0.0661765
18996,136,127,0.0661765
19000,136,127,0.0661765
19003,136,127,0.0661765
19006,136,127,0.0661765
19009,136,127,0.0661765
19013,136,127,0.0661765
19016,136,127,0.0661765
19019,136,127,0.0661765
19022,136,127,0.0661765
19025,136,127,0.0661765
19028,136,127,0.0661765
19031,136,127,0.0661765
19035,136,127,0.0661765
19039,136,127,0.0661765
19042,136,127,0.0661765
19046,136,127,0.0661765
19049,136,127,0.0661765
19053,136,127,0.0661765
19057,136,127,0.0661765
19060,136,127,0.0661765
19064,136,127,0.0661765
19067,136,127,0.0661765
19070,136,127,0.0661765
19073,136,127,0.0661765
19076,136,127,0.0661765
19079,136,127,0.0661765
19082,136,127,0.0661765
19085,136,127,0.0661765
19089,136,127,0.0661765
19092,136,127,0.0661765
19095,136,127,0.0661765
19098,136,127,0.0661765
19102,136,127,0.0661765
19105,136,127,0.0661765
19108,136,127,0.0661765
19111,136,127,0.0661765
19114,136,127,0.0661765
19117,136,127,0.0661765
19121,136,127,0.0661765
19125,136,127,0.0661765
19128,136,127,0.0661765
19131,136,127,0.0661765
19134,136,127,0.0661765
19138,136,127,0.0661765
19142,136,127,0.0661765
19145,136,127,0.0661765
19148,136,127,0.0661765
19151,136,127,0.0661765
19154,136,127,0.0661765
19158,136,127,0.0661765
19161,136,127,0.0661765
19164,136,127,0.0661765
19168,136,127,0.0661765
19171,136,127,0.0661765
19175,136,127,0.0661765
19178,136,127,0.0661765
19182,136,127,0.0661765
19185,136,127,0.0661765
19189,136,127,0.0661765
19192,136,127,0.0661765
19195,136,127,0.0661765
19199,136,127,0.0661765
19203,136,127,0.0661765
19206,136,127,0.0661765
19210,136,127,0.0661765
19213,136,127,0.0661765
19217,136,127,0.0661765
19220,136,127,0.0661765
19224,136,127,0.0661765
19227,136,127,0.0661765
19231,136,127,0.0661765
19234,136,127,0.0661765
19237,136,127,0.0661765
19241,136,127,0.0661765
19245,136,127,0.0661765
19248,136,127,0.0661765
19251,136,127,0.0661765
19255,136,127,0.0661765
19258,136,127,0.0661765
19262,136,127,0.0661765
19265,136,127,0.0661765
19269,136,127,0.0661765
19272,136,127,0.0661765
19276,136,127,0.0661765
19280,136,127,0.0661765
19283,136,127,0.0661765
19286,136,127,0.0661765
19290,136,127,0.0661765
19293,136,127,0.0661765
19297,136,127,0.0661765
19300,136,127,0.0661765
19303,136,127,0.0661765
19306,136,127,0.0661765
19308,136,127,0.0661765
19311,136,127,0.0661765
19314,136,127,0.0661765
19318,136,127,0.0661765
19321,136,127,0.0661765
19325,136,127,0.0661765
19329,136,127,0.0661765
19333,136,127,0.0661765
19336,136,127,0.0661765
19340,136,127,0.0661765
19343,136,127,0.0661765
19348,136,127,0.0661765
19351,136,127,0.0661765
19354,136,127,0.0661765
19358,136,127,0.0661765
19361,136,127,0.0661765
19365,136,127,0.0661765
19368,136,127,0.0661765
19372,136,127,0.0661765
19375,136,127,0.0661765
19379,136,127,0.0661765
19381,136,127,0.0661765
19385,136,127,0.0661765
19388,136,127,0.0661765
19391,136,127,0.0661765
19394,136,127,0.0661765
19398,136,127,0.0661765
19402,136,127,0.0661765
19406,136,127,0.0661765
19409,136,127,0.0661765
19412,136,127,0.0661765
19416,136,127,0.0661765
19419,136,127,0.0661765
19422,136,127,0.0661765
19426,136,127,0.0661765
19430,136,127,0.0661765
19432,136,127,0.0661765
19436,136,127,0.0661765
19439,136,127,0.0661765
19443,136,127,0.0661765
19446,136,127,0.0661765
19450,136,127,0.0661765
19453,136,127,0.0661765
19457,136,127,0.0661765
19461,136,127,0.0661765
19464,136,127,0.0661765
19468,136,127,0.0661765
19472,136,127,0.0661765
19475,136,127,0.0661765
19479,136,127,0.0661765
19483,136,127,0.0661765
19487,136,127,0.0661765
19490,136,127,0.0661765
19494,136,127,0.0661765
19497,136,127,0.0661765
19502,136,127,0.0661765
19505,136,127,0.0661765
19509,136,127,0.0661765
19512,136,127,0.0661765
19515,136,127,0.0661765
19519,136,127,0.0661765
19523,136,127,0.0661765
19526,136,127,0.0661765
19529,136,127,0.0661765
19533,136,127,0.0661765
19536,136,127,0.0661765
19540,136,127,0.0661765
19543,136,127,0.0661765
19546,136,127,0.0661765
19550,136,127,0.0661765
19555,136,127,0.0661765
19559,136,127,0.0661765
19562,136,127,0.0661765
19565,136,127,0.0661765
19568,136,127,0.0661765
19573,136,127,0.0661765
19576,136,127,0.0661765
19580,136,127,0.0661765
19584,136,127,0.0661765
19588,136,127,0.0661765
19591,136,127,0.0661765
19594,136,127,0.0661765
19598,136,127,0.0661765
19601,136,127,0.0661765
19605,136,127,0.0661765
19609,136,127,0.0661765
19612,136,127,0.0661765
19616,136,127,0.0661765
19620,136,127,0.0661765
19624,136,127,0.0661765
19627,136,127,0.0661765
19631,136,127,0.0661765
19635,136,127,0.0661765
19639,136,127,0.0661765
19642,136,127,0.0661765
19646,136,127,0.0661765
19649,136,127,0.0661765
19653,136,127,0.0661765
19658,136,127,0.0661765
19661,136,127,0.0661765
19666,136,127,0.0661765
19669,136,127,0.0661765
19672,136,127,0.0661765
19675,136,127,0.0661765
19678,136,127,0.0661765
19682,136,127,0.0661765
19686,136,127,0.0661765
19690,136,127,0.0661765
19694,136,127,0.0661765
19698,136,127,0.0661765
19702,136,127,0.0661765
19706,136,127,0.0661765
19710,136,127,0.0661765
19714,136,127,0.0661765
19717,136,127,0.0661765
19720,136,127,0.0661765
19724,136,127,0.0661765
19727,136,127,0.0661765
19731,136,127,0.0661765
19734,136,127,0.0661765
19737,136,127,0.0661765
19741,136,127,0.0661765
19744,136,127,0.0661765
19749,136,127,0.0661765
19753,136,127,0.0661765
19757,136,127,0.0661765
19760,136,127,0.0661765
19763,136,127,0.0661765
19768,136,127,0.0661765
19772,136,127,0.0661765
19776,136,127,0.0661765
19780,136,127,0.0661765
19783,136,127,0.0661765
19787,136,127,0.0661765
19790,136,127,0.0661765
19794,136,127,0.0661765
19797,136,127,0.0661765
19800,136,127,0.0661765
19803,136,127,0.0661765
19807,136,127,0.0661765
19810,136,127,0.0661765
19813,136,127,0.0661765
19817,136,127,0.0661765
19821,136,127,0.0661765
19824,136,127,0.0661765
19827,136,127,0.0661765
19830,136,127,0.0661765
19834,136,127,0.0661765
19837,136,127,0.0661765
19842,136,127,0.0661765
19846,136,127,0.0661765
19850,136,127,0.0661765
19853,136,127,0.0661765
19858,136,127,0.0661765
19861,136,127,0.0661765
19864,136,127,0.0661765
19868,136,127,0.0661765
19872,136,127,0.0661765
19875,136,127,0.0661765
19879,136,127,0.0661765
19883,136,127,0.0661765
19887,136,127,0.0661765
19890,136,127,0.0661765
19894,136,127,0.0661765
19897,136,127,0.0661765
19902,136,127,0.0661765
19905,136,127,0.0661765
19909,136,127,0.0661765
19912,136,127,0.0661765
19915,136,127,0.0661765
19920,136,127,0.0661765
19923,136,127,0.0661765
19927,136,127,0.0661765
19931,136,127,0.0661765
19934,136,127,0.0661765
19939,136,127,0.0661765
19942,136,127,0.0661765
19945,136,127,0.0661765
19949,136,127,0.0661765
19953,136,127,0.0661765
19957,136,127,0.0661765
19961,136,127,0.0661765
19965,136,127,0.0661765
19969,136,127,0.0661765
19972,136,127,0.0661765
19976,136,127,0.0661765
19980,136,127,0.0661765
19984,136,127,0.0661765
19987,136,127,0.0661765
19991,136,127,0.0661765
19995,136,127,0.0661765
19999,136,127,0.0661765
20003,136,127,0.0661765
20006,136,127,0.0661765
20010,136,127,0.0661765
20014,136,127,0.0661765
20017,136,127,0.0661765
20021,136,127,0.0661765
20025,136,127,0.0661765
20028,136,127,0.0661765
20032,136,127,0.0661765
20036,136,127,0.0661765
20040,136,127,0.0661765
20043,136,127,0.0661765
20048,136,127,0.0661765
20052,136,127,0.0661765
20056,136,127,0.0661765
20060,136,127,0.0661765
20064,136,127,0.0661765
20068,136,127,0.0661765
20072,136,127,0.0661765
20075,136,127,0.0661765
20079,136,127,0.0661765
20082,136,127,0.0661765
20086,136,127,0.0661765
20090,136,127,0.0661765
20094,136,127,0.0661765
20097,136,127,0.0661765
20101,136,127,0.0661765
20104,136,127,0.0661765
20108,136,127,0.0661765
20111,136,127,0.0661765
20115,136,127,0.0661765
20118,136,127,0.0661765
20121,136,127,0.0661765
20125,136,127,0.0661765
20129,136,127,0.0661765
20133,136,127,0.0661765
20137,136,127,0.0661765
20141,136,127,0.0661765
20146,136,127,0.0661765
20150,136,127,0.0661765
20154,136,127,0.0661765
20158,136,127,0.0661765
20162,136,127,0.0661765
20165,136,127,0.0661765
20169,136,127,0.0661765
20173,136,127,0.0661765
20177,136,127,0.0661765
20181,136,127,0.0661765
20185,136,127,0.0661765
20189,136,127,0.0661765
20192,136,127,0.0661765
20196,136,127,0.0661765
20200,136,127,0.0661765
20204,136,127,0.0661765
20208,136,127,0.0661765
20212,136,127,0.0661765
20216,136,127,0.0661765
20221,136,127,0.0661765
20224,136,127,0.0661765
20229,136,127,0.0661765
20233,136,127,0.0661765
20237,136,127,0.0661765
20241,136,127,0.0661765
20245,136,127,0.0661765
20249,136,127,0.0661765
20253,136,127,0.0661765
20257,136,127,0.0661765
20260,136,127,0.0661765
20263,136,127,0.0661765
20267,136,127,0.0661765
20271,136,127,0.0661765
20274,136,127,0.0661765
20279,136,127,0.0661765
20283,136,127,0.0661765
20287,136,127,0.0661765
20292,136,127,0.0661765
20296,136,127,0.0661765
20300,136,127,0.0661765
20303,136,127,0.0661765
20307,136,127,0.0661765
20311,136,127,0.0661765
20315,136,127,0.0661765
20319,136,127,0.0661765
20323,136,127,0.0661765
20326,136,127,0.0661765
20330,136,127,0.0661765
20334,136,127,0.0661765
20338,136,127,0.0661765
20342,136,127,0.0661765
20346,136,127,0.0661765
20349,136,127,0.0661765
20353,136,127,0.0661765
20357,136,127,0.0661765
20361,136,127,0.0661765
20366,136,127,0.0661765
20369,136,127,0.0661765
20373,136,127,0.0661765
20377,136,127,0.0661765
20381,136,127,0.0661765
20385,136,127,0.0661765
20389,136,127,0.0661765
20393,136,127,0.0661765
20397,136,127,0.0661765
20401,136,127,0.0661765
20404,136,127,0.0661765
20408,136,127,0.0661765
20412,136,127,0.0661765
20416,136,127,0.0661765
20420,136,127,0.0661765
20424,136,127,0.0661765
20428,136,127,0.0661765
20432,136,127,0.0661765
20436,136,127,0.0661765
20440,136,127,0.0661765
20445,136,127,0.0661765
20449,136,127,0.0661765
20453,136,127,0.0661765
20458,136,127,0.0661765
20461,136,127,0.0661765
20465,136,127,0.0661765
20470,136,127,0.0661765
20474,136,127,0.0661765
20478,136,127,0.0661765
20482,136,127,0.0661765
20486,136,127,0.0661765
20490,136,127,0.0661765
20494,136,127,0.0661765
20497,136,127,0.0661765
20501,136,127,0.0661765
20505,136,127,0.0661765
20510,136,127,0.0661765
20513,136,127,0.0661765
20517,136,127,0.0661765
20521,136,127,0.0661765
20524,136,127,0.0661765
20528,136,127,0.0661765
20532,136,127,0.0661765
20536,136,127,0.0661765
20540,136,127,0.0661765
20544,136,127,0.0661765
20548,136,127,0.0661765
20552,136,127,0.0661765
20556,136,127,0.0661765
20559,136,127,0.0661765
20563,136,127,0.0661765
20566,136,127,0.0661765
20571,136,127,0.0661765
20575,136,127,0.0661765
20579,136,127,0.0661765
20583,136,127,0.0661765
20587,136,127,0.0661765
20591,136,127,0.0661765
20594,136,127,0.0661765
20598,136,127,0.0661765
20602,136,127,0.0661765
20606,136,127,0.0661765
20610,136,127,0.0661765
20614,136,127,0.0661765
20619,136,127,0.0661765
20622,136,127,0.0661765
20627,136,127,0.0661765
20631,136,127,0.0661765
20635,136,127,0.0661765
20640,136,127,0.0661765
20644,136,127,0.0661765
20648,136,127,0.0661765
20652,136,127,0.0661765
20656,136,127,0.0661765
20660,136,127,0.0661765
20664,136,127,0.0661765
20667,136,127,0.0661765
20670,136,127,0.0661765
20675,136,127,0.0661765
20679,136,127,0.0661765
20683,136,127,0.0661765
20687,136,127,0.0661765
20692,136,127,0.0661765
20696,136,127,0.0661765
20700,136,127,0.0661765
20704,136,127,0.0661765
20708,136,127,0.0661765
20712,136,127,0.0661765
20716,136,127,0.0661765
20719,136,127,0.0661765
20723,136,127,0.0661765
20727,136,127,0.0661765
20731,136,127,0.0661765
20735,136,127,0.0661765
20739,136,127,0.0661765
20743,136,127,0.0661765
20747,136,127,0.0661765
20750,136,127,0.0661765
20754,136,127,0.0661765
20758,136,127,0.0661765
20762,136,127,0.0661765
20766,136,127,0.0661765
20771,136,127,0.0661765
20775,136,127,0.0661765
20778,136,127,0.0661765
20783,136,127,0.0661765
20787,136,127,0.0661765
20791,136,127,0.0661765
20796,136,127,0.0661765
20799,136,127,0.0661765
20804,136,127,0.0661765
20808,136,127,0.0661765
20812,136,127,0.0661765
20816,136,127,0.0661765
20820,136,127,0.0661765
20824,136,127,0.0661765
20828,136,127,0.0661765
20832,136,127,0.0661765
20837,136,127,0.0661765
20840,136,127,0.0661765
20844,136,127,0.0661765
20849,136,127,0.0661765
20854,136,127,0.0661765
20858,136,127,0.0661765
20862,136,127,0.0661765
20866,136,127,0.0661765
20870,136,127,0.0661765
20875,136,127,0.0661765
20879,136,127,0.0661765
20883,136,127,0.0661765
20887,136,127,0.0661765
20891,136,127,0.0661765
20896,136,127,0.0661765
20900,136,127,0.0661765
20903,136,127,0.0661765
20907,136,127,0.0661765
20911,136,127,0.0661765
20915,136,127,0.0661765
20919,136,127,0.0661765
20923,136,127,0.0661765
20927,136,127,0.0661765
20931,136,127,0.0661765
20935,136,127,0.0661765
20939,136,127,0.0661765
20943,136,127,0.0661765
20946,136,127,0.0661765
20951,136,127,0.0661765
20955,136,127,0.0661765
20959,136,127,0.0661765
20963,136,127,0.0661765
20967,136,127,0.0661765
20971,136,127,0.0661765
20975,136,127,0.0661765
20978,136,127,0.0661765
20982,136,127,0.0661765
20986,136,127,0.0661765
20990,136,127,0.0661765
20993,136,127,0.0661765
20997,136,127,0.0661765
21001,136,127,0.0661765
21006,136,127,0.0661765
21010,136,127,0.0661765
21014,136,127,0.0661765
21018,136,127,0.0661765
21022,136,127,0.0661765
21027,136,127,0.0661765
21031,136,127,0.0661765
21035,136,127,0.0661765
21039,136,127,0.0661765
21044,136,127,0.0661765
21049,136,127,0.0661765
21053,136,127,0.0661765
21057,136,127,0.0661765
21063,136,127,0.0661765
21070,136,127,0.0661765
21074,136,127,0.0661765
21078,136,127,0.0661765
21082,136,127,0.0661765
21088,136,127,0.0661765
21092,136,127,0.0661765
21096,136,127,0.0661765
21100,136,127,0.0661765
21104,136,127,0.0661765
21109,136,127,0.0661765
21113,136,127,0.0661765
21117,136,127,0.0661765
21122,136,127,0.0661765
21126,136,127,0.0661765
21131,136,127,0.0661765
21134,136,127,0.0661765
21137,136,127,0.0661765
21142,136,127,0.0661765
21146,136,127,0.0661765
21151,136,127,0.0661765
21155,136,127,0.0661765
21159,136,127,0.0661765
21163,136,127,0.0661765
21168,136,127,0.0661765
21172,136,127,0.0661765
21176,136,127,0.0661765
21180,136,127,0.0661765
21184,136,127,0.0661765
21188,136,127,0.0661765
21192,136,127,0.0661765
21195,136,127,0.0661765
21200,136,127,0.0661765
21204,136,127,0.0661765
21208,136,127,0.0661765
21212,136,127,0.0661765
21216,136,127,0.0661765
21220,136,127,0.0661765
21225,136,127,0.0661765
21229,136,127,0.0661765
21234,136,127,0.0661765
21239,136,127,0.0661765
21243,136,127,0.0661765
21247,136,127,0.0661765
21252,136,127,0.0661765
21256,136,127,0.0661765
21260,136,127,0.0661765
21263,136,127,0.0661765
21267,136,127,0.0661765
21271,136,127,0.0661765
21276,136,127,0.0661765
21279,136,127,0.0661765
21284,136,127,0.0661765
21288,136,127,0.0661765
21292,136,127,0.0661765
21296,136,127,0.0661765
21301,136,127,0.0661765
21304,136,127,0.0661765
21308,136,127,0.0661765
21312,136,127,0.0661765
21317,136,127,0.0661765
21321,136,127,0.0661765
21325,136,127,0.0661765
21330,136,127,0.0661765
21334,136,127,0.0661765
21339,136,127,0.0661765
21343,136,127,0.0661765
21347,136,127,0.0661765
21351,136,127,0.0661765
21356,136,127,0.0661765
21360,136,127,0.0661765
21364,136,127,0.0661765
21368,136,127,0.0661765
21373,136,127,0.0661765
21377,136,127,0.0661765
21381,136,127,0.0661765
21385,136,127,0.0661765
21389,136,127,0.0661765
21393,136,127,0.0661765
21397,136,127,0.0661765
21402,136,127,0.0661765
21406,136,127,0.0661765
21411,136,127,0.0661765
21415,136,127,0.0661765
21420,136,127,0.0661765
21424,136,127,0.0661765
21428,136,127,0.0661765
21433,136,127,0.0661765
21438,136,127,0.0661765
21443,136,127,0.0661765
21447,136,127,0.0661765
21452,136,127,0.0661765
21456,136,127,0.0661765
21461,136,127,0.0661765
21465,136,127,0.0661765
21469,136,127,0.0661765
21474,136,127,0.0661765
21479,136,127,0.0661765
21484,136,127,0.0661765
21489,136,127,0.0661765
21493,136,127,0.0661765
21498,136,127,0.0661765
21503,136,127,0.0661765
21508,136,127,0.0661765
21513,136,127,0.0661765
21517,136,127,0.0661765
21522,136,127,0.0661765
21527,136,127,0.0661765
21530,136,127,0.0661765
21535,136,127,0.0661765
21540,136,127,0.0661765
21544,136,127,0.0661765
21549,136,127,0.0661765
21554,136,127,0.0661765
21559,136,127,0.0661765
21564,136,127,0.0661765
21567,136,127,0.0661765
21572,136,127,0.0661765
21575,136,127,0.0661765
21580,136,127,0.0661765
21585,136,127,0.0661765
21590,136,127,0.0661765
21594,136,127,0.0661765
21599,136,127,0.0661765
21604,136,127,0.0661765
21608,136,127,0.0661765
21613,136,127,0.0661765
21617,136,127,0.0661765
21622,136,127,0.0661765
21627,136,127,0.0661765
21631,136,127,0.0661765
21636,136,127,0.0661765
21640,136,127,0.0661765
21646,136,127,0.0661765
21651,136,127,0.0661765
21656,136,127,0.0661765
21660,136,127,0.0661765
21664,136,127,0.0661765
21670,136,127,0.0661765
21675,136,127,0.0661765
21681,136,127,0.0661765
21686,136,127,0.0661765
21690,136,127,0.0661765
21695,136,127,0.0661765
21700,136,127,0.0661765
21706,136,127,0.0661765
21710,136,127,0.0661765
21715,136,127,0.0661765
21721,136,127,0.0661765
21726,136,127,0.0661765
21731,136,127,0.0661765
21736,136,127,0.0661765
21742,136,127,0.0661765
21746,136,127,0.0661765
21752,136,127,0.0661765
21756,136,127,0.0661765
21761,136,127,0.0661765
21765,136,127,0.0661765
21769,136,127,0.0661765
21774,136,127,0.0661765
21780,136,127,0.0661765
21784,136,127,0.0661765
21788,136,127,0.0661765
21793,136,127,0.0661765
21797,136,127,0.0661765
21801,136,127,0.0661765
21806,136,127,0.0661765
21811,136,127,0.0661765
21816,136,127,0.0661765
21821,136,127,0.0661765
21826,136,127,0.0661765
21830,136,127,0.0661765
21836,136,127,0.0661765
21843,136,127,0.0661765
21848,136,127,0.0661765
21853,136,127,0.0661765
21858,136,127,0.0661765
21861,136,127,0.0661765
21866,136,127,0.0661765
21871,136,127,0.0661765
21875,136,127,0.0661765
21880,136,127,0.0661765
21885,136,127,0.0661765
21891,136,127,0.0661765
21896,136,127,0.0661765
21900,136,127,0.0661765
21905,136,127,0.0661765
21910,136,127,0.0661765
21915,136,127,0.0661765
21920,136,127,0.0661765
21926,136,127,0.0661765
21931,136,127,0.0661765
21937,136,127,0.0661765
21941,136,127,0.0661765
21946,136,127,0.0661765
21951,136,127,0.0661765
21957,136,127,0.0661765
21960,136,127,0.0661765
21965,136,127,0.0661765
21971,136,127,0.0661765
21975,136,127,0.0661765
21980,136,127,0.0661765
21985,136,127,0.0661765
21991,136,127,0.0661765
21995,136,127,0.0661765
22000,136,127,0.0661765
22006,136,127,0.0661765
22010,136,127,0.0661765
22015,136,127,0.0661765
22019,136,127,0.0661765
22024,136,127,0.0661765
22029,136,127,0.0661765
22035,136,127,0.0661765
22040,136,127,0.0661765
22045,136,127,0.0661765
22049,136,127,0.0661765
22054,136,127,0.0661765
22059,136,127,0.0661765
22066,136,127,0.0661765
22071,136,127,0.0661765
22076,136,127,0.0661765
22081,136,127,0.0661765
22087,136,127,0.0661765
22090,136,127,0.0661765
22095,136,127,0.0661765
22099,136,127,0.0661765
22104,136,127,0.0661765
22108,136,127,0.0661765
22113,136,127,0.0661765
22117,136,127,0.0661765
22122,136,127,0.0661765
22128,136,127,0.0661765
22133,136,127,0.0661765
22137,136,127,0.0661765
22143,136,127,0.0661765
22148,136,127,0.0661765
22152,136,127,0.0661765
22157,136,127,0.0661765
22163,136,127,0.0661765
22166,136,127,0.0661765
22171,136,127,0.0661765
22176,136,127,0.0661765
22181,136,127,0.0661765
22186,136,127,0.0661765
22192,136,127,0.0661765
22197,136,127,0.0661765
22202,136,127,0.0661765
22208,136,127,0.0661765
22212,136,127,0.0661765
22217,136,127,0.0661765
22222,136,127,0.0661765
22228,136,127,0.0661765
22234,136,127,0.0661765
22239,136,127,0.0661765
22244,136,127,0.0661765
22248,136,127,0.0661765
22252,136,127,0.0661765
22257,136,127,0.0661765
22263,136,127,0.0661765
22269,136,127,0.0661765
22275,136,127,0.0661765
22280,136,127,0.0661765
22286,136,127,0.0661765
22291,136,127,0.0661765
22297,136,127,0.0661765
22303,136,127,0.0661765
22308,136,127,0.0661765
22312,136,127,0.0661765
22318,136,127,0.0661765
22323,136,127,0.0661765
22329,136,127,0.0661765
22335,136,127,0.0661765
22340,136,127,0.0661765
22344,136,127,0.0661765
22350,136,127,0.0661765
22356,136,127,0.0661765
22361,136,127,0.0661765
22366,136,127,0.0661765
22372,136,127,0.0661765
22376,136,127,0.0661765
22381,136,127,0.0661765
22386,136,127,0.0661765
22391,136,127,0.0661765
22397,136,127,0.0661765
22401,136,127,0.0661765
22406,136,127,0.0661765
22412,136,127,0.0661765
22416,136,127,0.0661765
22421,136,127,0.0661765
22426,136,127,0.0661765
22430,136,127,0.0661765
22435,136,127,0.0661765
22439,136,127,0.0661765
22443,136,127,0.0661765
22449,136,127,0.0661765
22454,136,127,0.0661765
22459,136,127,0.0661765
22463,136,127,0.0661765
22468,136,127,0.0661765
22474,136,127,0.0661765
22479,136,127,0.0661765
22484,136,127,0.0661765
22488,136,127,0.0661765
22493,136,127,0.0661765
22500,136,127,0.0661765
22504,136,127,0.0661765
22509,136,127,0.0661765
22515,136,127,0.0661765
22521,136,127,0.0661765
22527,136,127,0.0661765
22531,136,127,0.0661765
22537,136,127,0.0661765
22542,136,127,0.0661765
22547,136,127,0.0661765
22553,136,127,0.0661765
22558,136,127,0.0661765
22564,136,127,0.0661765
22569,136,127,0.0661765
22575,136,127,0.0661765
22581,136,127,0.0661765
22588,136,127,0.0661765
22591,136,127,0.0661765
22597,136,127,0.0661765
22602,136,127,0.0661765
22608,136,127,0.0661765
22613,136,127,0.0661765
22619,136,127,0.0661765
22624,136,127,0.0661765
22630,136,127,0.0661765
22636,136,127,0.0661765
22641,136,127,0.0661765
22646,136,127,0.0661765
22652,136,127,0.0661765
22657,136,127,0.0661765
22662,136,127,0.0661765
22668,136,127,0.0661765
22674,136,127,0.0661765
22681,136,127,0.0661765
22687,136,127,0.0661765
22691,136,127,0.0661765
22698,136,127,0.0661765
22703,136,127,0.0661765
22708,136,127,0.0661765
22714,136,127,0.0661765
22718,136,127,0.0661765
22723,136,127,0.0661765
22730,136,127,0.0661765
22735,136,127,0.0661765
22741,136,127,0.0661765
22747,136,127,0.0661765
22752,136,127,0.0661765
22758,136,127,0.0661765
22764,136,127,0.0661765
22769,136,127,0.0661765
22775,136,127,0.0661765
22781,136,127,0.0661765
22786,136,127,0.0661765
22792,136,127,0.0661765
22797,136,127,0.0661765
22802,136,127,0.0661765
22806,136,127,0.0661765
22811,136,127,0.0661765
22818,136,127,0.0661765
22824,136,127,0.0661765
22828,136,127,0.0661765
22833,136,127,0.0661765
22838,136,127,0.0661765
22846,136,127,0.0661765
22852,136,127,0.0661765
22858,136,127,0.0661765
22862,136,127,0.0661765
22869,136,127,0.0661765
22874,136,127,0.0661765
22879,136,127,0.0661765
22884,136,127,0.0661765
22890,136,127,0.0661765
22895,136,127,0.0661765
22900,136,127,0.0661765
22906,136,127,0.0661765
22910,136,127,0.0661765
22916,136,127,0.0661765
22922,136,127,0.0661765
22928,136,127,0.0661765
22933,136,127,0.0661765
22936,136,127,0.0661765
22943,136,127,0.0661765
22948,136,127,0.0661765
22954,136,127,0.0661765
22960,136,127,0.0661765
22965,136,127,0.0661765
22970,136,127,0.0661765
22977,136,127,0.0661765
22981,136,127,0.0661765
22986,136,127,0.0661765
22992,136,127,0.0661765
22997,136,127,0.0661765
23003,136,127,0.0661765
23009,136,127,0.0661765
23014,136,127,0.0661765
23019,136,127,0.0661765
23025,136,127,0.0661765
23030,136,127,0.0661765
23037,136,127,0.0661765
23042,136,127,0.0661765
23049,136,127,0.0661765
23053,136,127,0.0661765
23060,136,127,0.0661765
23067,136,127,0.0661765
23073,136,127,0.0661765
23079,136,127,0.0661765
23085,136,127,0.0661765
23090,136,127,0.0661765
23096,136,127,0.0661765
23102,136,127,0.0661765
23107,136,127,0.0661765
23111,136,127,0.0661765
23116,136,127,0.0661765
23121,136,127,0.0661765
23126,136,127,0.0661765
23132,136,127,0.0661765
23138,136,127,0.0661765
23143,136,127,0.0661765
23147,136,127,0.0661765
23152,136,127,0.0661765
23157,136,127,0.0661765
23164,136,127,0.0661765
23167,136,127,0.0661765
23173,136,127,0.0661765
23180,136,127,0.0661765
23186,136,127,0.0661765
23191,136,127,0.0661765
23197,136,127,0.0661765
23202,136,127,0.0661765
23207,136,127,0.0661765
23212,136,127,0.0661765
23217,136,127,0.0661765
23224,136,127,0.0661765
23230,136,127,0.0661765
23236,136,127,0.0661765
23242,136,127,0.0661765
23247,136,127,0.0661765
23252,136,127,0.0661765
23258,136,127,0.0661765
23263,136,127,0.0661765
23268,136,127,0.0661765
23273,136,127,0.0661765
23280,136,127,0.0661765
23285,136,127,0.0661765
23292,136,127,0.0661765
23297,136,127,0.0661765
23303,136,127,0.0661765
23309,136,127,0.0661765
23314,136,127,0.0661765
23319,136,127,0.0661765
23324,136,127,0.0661765
23330,136,127,0.0661765
23337,136,127,0.0661765
23343,136,127,0.0661765
23348,136,127,0.0661765
23354,136,127,0.0661765
23359,136,127,0.0661765
23365,136,127,0.0661765
23371,136,127,0.0661765
23377,136,127,0.0661765
23383,136,127,0.0661765
23389,136,127,0.0661765
23395,136,127,0.0661765
23400,136,127,0.0661765
23405,136,127,0.0661765
23411,136,127,0.0661765
23416,136,127,0.0661765
23422,136,127,0.0661765
23428,136,127,0.0661765
23434,136,127,0.0661765
23440,136,127,0.0661765
23444,136,127,0.0661765
23450,136,127,0.0661765
23456,136,127,0.0661765
23462,136,127,0.0661765
23468,136,127,0.0661765
23474,136,127,0.0661765
23480,136,127,0.0661765
23484,136,127,0.0661765
23489,136,127,0.0661765
23495,136,127,0.0661765
23500,136,127,0.0661765
23507,136,127,0.0661765
23513,136,127,0.0661765
23519,136,127,0.0661765
23525,136,127,0.0661765
23529,136,127,0.0661765
23535,136,127,0.0661765
23540,136,127,0.0661765
23547,136,127,0.0661765
23554,136,127,0.0661765
23560,136,127,0.0661765
23567,136,127,0.0661765
23573,136,127,0.0661765
23579,136,127,0.0661765
23584,136,127,0.0661765
23590,136,127,0.0661765
23595,136,127,0.0661765
23602,136,127,0.0661765
23605,136,127,0.0661765
23611,136,127,0.0661765
23616,136,127,0.0661765
23621,136,127,0.0661765
23627,136,127,0.0661765
23634,136,127,0.0661765
23639,136,127,0.0661765
23645,136,127,0.0661765
23651,136,127,0.0661765
23657,136,127,0.0661765
23663,136,127,0.0661765
23670,136,127,0.0661765
23676,136,127,0.0661765
23682,136,127,0.0661765
23689,136,127,0.0661765
23694,136,127,0.0661765
23700,136,127,0.0661765
23704,136,127,0.0661765
23711,136,127,0.0661765
23714,136,127,0.0661765
23721,136,127,0.0661765
23727,136,127,0.0661765
23732,136,127,0.0661765
23739,136,127,0.0661765
23744,136,127,0.0661765
23749,136,127,0.0661765
23754,136,127,0.0661765
23760,136,127,0.0661765
23766,136,127,0.0661765
23773,136,127,0.0661765
23778,136,127,0.0661765
23785,136,127,0.0661765
23790,136,127,0.0661765
23795,136,127,0.0661765
23802,136,127,0.0661765
23808,136,127,0.0661765
23816,136,127,0.0661765
23822,136,127,0.0661765
23828,136,127,0.0661765
23833,136,127,0.0661765
23837,136,127,0.0661765
23842,136,127,0.0661765
23848,136,127,0.0661765
23855,136,127,0.0661765
23862,136,127,0.0661765
23868,136,127,0.0661765
23874,136,127,0.0661765
23881,136,127,0.0661765
23887,136,127,0.0661765
23894,136,127,0.0661765
23901,136,127,0.0661765
23908,136,127,0.0661765
23914,136,127,0.0661765
23921,136,127,0.0661765
23927,136,127,0.0661765
23934,136,127,0.0661765
23941,136,127,0.0661765
23947,136,127,0.0661765
23951,136,127,0.0661765
23956,136,127,0.0661765
23961,136,127,0.0661765
23967,136,127,0.0661765
23974,136,127,0.0661765
23980,136,127,0.0661765
23986,136,127,0.0661765
23991,136,127,0.0661765
23996,136,127,0.0661765
24001,136,127,0.0661765
24007,136,127,0.0661765
24014,136,127,0.0661765
24019,136,127,0.0661765
24024,136,127,0.0661765
24030,136,127,0.0661765
24035,136,127,0.0661765
24041,136,127,0.0661765
24048,136,127,0.0661765
24055,136,127,0.0661765
24060,136,127,0.0661765
24068,136,127,0.0661765
24076,136,127,0.0661765
24082,136,127,0.0661765
24087,136,127,0.0661765
24093,136,127,0.0661765
24098,136,127,0.0661765
24105,136,127,0.0661765
24111,136,127,0.0661765
24118,136,127,0.0661765
24123,136,127,0.0661765
24128,136,127,0.0661765
24134,136,127,0.0661765
24140,136,127,0.0661765
24146,136,127,0.0661765
24153,136,127,0.0661765
24159,136,127,0.0661765
24165,136,127,0.0661765
24170,136,127,0.0661765
24176,136,127,0.0661765
24182,136,127,0.0661765
24186,136,127,0.0661765
24190,136,127,0.0661765
24196,136,127,0.0661765
24202,136,127,0.0661765
24209,136,127,0.0661765
24215,136,127,0.0661765
24221,136,127,0.0661765
24227,136,127,0.0661765
24233,136,127,0.0661765
24239,136,127,0.0661765
24244,136,127,0.0661765
24251,136,127,0.0661765
24257,136,127,0.0661765
24264,136,127,0.0661765
24270,136,127,0.0661765
24276,136,127,0.0661765
24283,136,127,0.0661765
24289,136,127,0.0661765
24294,136,127,0.0661765
24300,136,127,0.0661765
24304,136,127,0.0661765
24311,136,127,0.0661765
24317,136,127,0.0661765
24323,136,127,0.0661765
24330,136,127,0.0661765
24335,136,127,0.0661765
24341,136,127,0.0661765
24348,136,127,0.0661765
24353,136,127,0.0661765
24359,136,127,0.0661765
24365,136,127,0.0661765
24372,136,127,0.0661765
24377,136,127,0.0661765
24381,136,127,0.0661765
24386,136,127,0.0661765
24391,136,127,0.0661765
24398,136,127,0.0661765
24405,136,127,0.0661765
24410,136,127,0.0661765
24416,136,127,0.0661765
24421,136,127,0.0661765
24427,136,127,0.0661765
24433,136,127,0.0661765
24440,136,127,0.0661765
24446,136,127,0.0661765
24453,136,127,0.0661765
24459,136,127,0.0661765
24465,136,127,0.0661765
24470,136,127,0.0661765
24476,136,127,0.0661765
24482,136,127,0.0661765
24489,136,127,0.0661765
24494,136,127,0.0661765
24500,136,127,0.0661765
24504,136,127,0.0661765
24510,136,127,0.0661765
24515,136,127,0.0661765
24521,136,127,0.0661765
24528,136,127,0.0661765
24533,136,127,0.0661765
24539,136,127,0.0661765
24546,136,127,0.0661765
24551,136,127,0.0661765
24558,136,127,0.0661765
24564,136,127,0.0661765
24570,136,127,0.0661765
24577,136,127,0.0661765
24584,136,127,0.0661765
24590,136,127,0.0661765
24597,136,127,0.0661765
24603,136,127,0.0661765
24608,136,127,0.0661765
24613,136,127,0.0661765
24618,136,127,0.0661765
24623,136,127,0.0661765
24628,136,127,0.0661765
24633,136,127,0.0661765
24640,136,127,0.0661765
24647,136,127,0.0661765
24653,136,127,0.0661765
24660,136,127,0.0661765
24666,136,127,0.0661765
24673,136,127,0.0661765
24678,136,127,0.0661765
24684,136,127,0.0661765
24690,136,127,0.0661765
24696,136,127,0.0661765
24701,136,127,0.0661765
24706,136,127,0.0661765
24713,136,127,0.0661765
24719,136,127,0.0661765
24725,136,127,0.0661765
24731,136,127,0.0661765
24737,136,127,0.0661765
24743,136,127,0.0661765
24749,136,127,0.0661765
24754,136,127,0.0661765
24760,136,127,0.0661765
24767,136,127,0.0661765
24775,136,127,0.0661765
24782,136,127,0.0661765
24788,136,127,0.0661765
24794,136,127,0.0661765
24799,136,127,0.0661765
24805,136,127,0.0661765
24810,136,127,0.0661765
24816,136,127,0.0661765
24821,136,127,0.0661765
24827,136,127,0.0661765
24832,136,127,0.0661765
24837,136,127,0.0661765
24845,136,127,0.0661765
24852,136,127,0.0661765
24859,136,127,0.0661765
24866,136,127,0.0661765
24873,136,127,0.0661765
24879,136,127,0.0661765
24886,136,127,0.0661765
24892,136,127,0.0661765
24899,136,127,0.0661765
24906,136,127,0.0661765
24913,136,127,0.0661765
24918,136,127,0.0661765
24924,136,127,0.0661765
24929,136,127,0.0661765
24935,136,127,0.0661765
24941,136,127,0.0661765
24946,136,127,0.0661765
24951,136,127,0.0661765
24957,136,127,0.0661765
24963,136,127,0.0661765
24969,136,127,0.0661765
24976,136,127,0.0661765
24981,136,127,0.0661765
24986,136,127,0.0661765
24993,136,127,0.0661765
24998,136,127,0.0661765
25004,136,127,0.0661765
25011,136,127,0.0661765
25016,136,127,0.0661765
25023,136,127,0.0661765
25029,136,127,0.0661765
25036,136,127,0.0661765
25043,136,127,0.0661765
25049,136,127,0.0661765
25056,136,127,0.0661765
25061,136,127,0.0661765
25070,136,127,0.0661765
25077,136,127,0.0661765
25082,136,127,0.0661765
25088,136,127,0.0661765
25094,136,127,0.0661765
25100,136,127,0.0661765
25104,136,127,0.0661765
25110,136,127,0.0661765
25116,136,127,0.0661765
25122,136,127,0.0661765
25128,136,127,0.0661765
25132,136,127,0.0661765
25138,136,127,0.0661765
25145,136,127,0.0661765
25150,136,127,0.0661765
25157,136,127,0.0661765
25163,136,127,0.0661765
25169,136,127,0.0661765
25175,136,127,0.0661765
25181,136,127,0.0661765
25187,136,127,0.0661765
25191,136,127,0.0661765
25196,136,127,0.0661765
25202,136,127,0.0661765
25208,136,127,0.0661765
25214,136,127,0.0661765
25220,136,127,0.0661765
25227,136,127,0.0661765
25233,136,127,0.0661765
25239,136,127,0.0661765
25245,136,127,0.0661765
25250,136,127,0.0661765
25256,136,127,0.0661765
25262,136,127,0.0661765
25268,136,127,0.0661765
25274,136,127,0.0661765
25280,136,127,0.0661765
25287,136,127,0.0661765
25293,136,127,0.0661765
25300,136,127,0.0661765
25306,136,127,0.0661765
25312,136,127,0.0661765
25319,136,127,0.0661765
25325,136,127,0.0661765
25331,136,127,0.0661765
25338,136,127,0.0661765
25345,136,127,0.0661765
25351,136,127,0.0661765
25356,136,127,0.0661765
25362,136,127,0.0661765
25368,136,127,0.0661765
25372,136,127,0.0661765
25378,136,127,0.0661765
25385,136,127,0.0661765
25391,136,127,0.0661765
25396,136,127,0.0661765
25402,136,127,0.0661765
25408,136,127,0.0661765
25415,136,127,0.0661765
25421,136,127,0.0661765
25426,136,127,0.0661765
25432,136,127,0.0661765
25438,136,127,0.0661765
25444,136,127,0.0661765
25450,136,127,0.0661765
25456,136,127,0.0661765
25463,136,127,0.0661765
25469,136,127,0.0661765
25475,136,127,0.0661765
25480,136,127,0.0661765
25487,136,127,0.0661765
25493,136,127,0.0661765
25499,136,127,0.0661765
25504,136,127,0.0661765
25510,136,127,0.0661765
25516,136,127,0.0661765
25523,136,127,0.0661765
25527,136,127,0.0661765
25534,136,127,0.0661765
25542,136,127,0.0661765
25547,136,127,0.0661765
25552,136,127,0.0661765
25557,136,127,0.0661765
25564,136,127,0.0661765
25571,136,127,0.0661765
25578,136,127,0.0661765
25585,136,127,0.0661765
25590,136,127,0.0661765
25596,136,127,0.0661765
25602,136,127,0.0661765
25609,136,127,0.0661765
25614,136,127,0.0661765
25619,136,127,0.0661765
25626,136,127,0.0661765
25632,136,127,0.0661765
25638,136,127,0.0661765
25644,136,127,0.0661765
25650,136,127,0.0661765
25656,136,127,0.0661765
25663,136,127,0.0661765
25669,136,127,0.0661765
25677,136,127,0.0661765
25684,136,127,0.0661765
25689,136,127,0.0661765
25696,136,127,0.0661765
25702,136,127,0.0661765
25708,136,127,0.0661765
25715,136,127,0.0661765
25720,136,127,0.0661765
25726,136,127,0.0661765
25733,136,127,0.0661765
25739,136,127,0.0661765
25745,136,127,0.0661765
25750,136,127,0.0661765
25756,136,127,0.0661765
25762,136,127,0.0661765
25767,136,127,0.0661765
25774,136,127,0.0661765
25779,136,127,0.0661765
25785,136,127,0.0661765
25792,136,127,0.0661765
25797,136,127,0.0661765
25803,136,127,0.0661765
25810,136,127,0.0661765
25817,136,127,0.0661765
25824,136,127,0.0661765
25830,136,127,0.0661765
25839,136,127,0.0661765
25846,136,127,0.0661765
25853,136,127,0.0661765
25859,136,127,0.0661765
25863,136,127,0.0661765
25868,136,127,0.0661765
25874,136,127,0.0661765
25880,136,127,0.0661765
25888,136,127,0.0661765
25895,136,127,0.0661765
25901,136,127,0.0661765
25906,136,127,0.0661765
25912,136,127,0.0661765
25920,136,127,0.0661765
25926,136,127,0.0661765
25933,136,127,0.0661765
25941,136,127,0.0661765
25947,136,127,0.0661765
25953,136,127,0.0661765
25959,136,127,0.0661765
25964,136,127,0.0661765
25970,136,127,0.0661765
25977,136,127,0.0661765
25984,136,127,0.0661765
25990,136,127,0.0661765
25995,136,127,0.0661765
26003,136,127,0.0661765
26008,136,127,0.0661765
26015,136,127,0.0661765
26022,136,127,0.0661765
26028,136,127,0.0661765
26033,136,127,0.0661765
26039,136,127,0.0661765
26046,136,127,0.0661765
26053,136,127,0.0661765
26059,136,127,0.0661765
26066,136,127,0.0661765
26075,136,127,0.0661765
26081,136,127,0.0661765
26087,136,127,0.0661765
26094,136,127,0.0661765
26101,136,127,0.0661765
26107,136,127,0.0661765
26112,136,127,0.0661765
26117,136,127,0.0661765
26123,136,127,0.0661765
26129,136,127,0.0661765
26136,136,127,0.0661765
26143,136,127,0.0661765
26149,136,127,0.0661765
26156,136,127,0.0661765
26163,136,127,0.0661765
26170,136,127,0.0661765
26177,136,127,0.0661765
26184,136,127,0.0661765
26189,136,127,0.0661765
26195,136,127,0.0661765
26203,136,127,0.0661765
26209,136,127,0.0661765
26215,136,127,0.0661765
26221,136,127,0.0661765
26228,136,127,0.0661765
26234,136,127,0.0661765
26240,136,127,0.0661765
26246,136,127,0.0661765
26251,136,127,0.0661765
26257,136,127,0.0661765
26264,136,127,0.0661765
26271,136,127,0.0661765
26277,136,127,0.0661765
26284,136,127,0.0661765
26290,136,127,0.0661765
26297,136,127,0.0661765
26303,136,127,0.0661765
26308,136,127,0.0661765
26314,136,127,0.0661765
26320,136,127,0.0661765
26326,136,127,0.0661765
26334,136,127,0.0661765
26341,136,127,0.0661765
26345,136,127,0.0661765
26351,136,127,0.0661765
26357,136,127,0.0661765
26362,136,127,0.0661765
26369,136,127,0.0661765
26373,136,127,0.0661765
26380,136,127,0.0661765
26387,136,127,0.0661765
26393,136,127,0.0661765
26400,136,127,0.0661765
26406,136,127,0.0661765
26413,136,127,0.0661765
26418,136,127,0.0661765
26424,136,127,0.0661765
26428,136,127,0.0661765
26432,136,127,0.0661765
26437,136,127,0.0661765
26443,136,127,0.0661765
26450,136,127,0.0661765
26457,136,127,0.0661765
26462,136,127,0.0661765
26468,136,127,0.0661765
26472,136,127,0.0661765
26478,136,127,0.0661765
26484,136,127,0.0661765
26490,136,127,0.0661765
26497,136,127,0.0661765
26503,136,127,0.0661765
26509,136,127,0.0661765
26516,136,127,0.0661765
26522,136,127,0.0661765
26528,136,127,0.0661765
26534,136,127,0.0661765
26539,136,127,0.0661765
26544,136,127,0.0661765
26551,136,127,0.0661765
26558,136,127,0.0661765
26565,136,127,0.0661765
26572,136,127,0.0661765
26579,136,127,0.0661765
26587,136,127,0.0661765
26594,136,127,0.0661765
26600,136,127,0.0661765
26606,136,127,0.0661765
26612,136,127,0.0661765
26619,136,127,0.0661765
26623,136,127,0.0661765
26629,136,127,0.0661765
26635,136,127,0.0661765
26641,136,127,0.0661765
26647,136,127,0.0661765
26652,136,127,0.0661765
26659,136,127,0.0661765
26662,136,127,0.0661765
26668,136,127,0.0661765
26673,136,127,0.0661765
26680,136,127,0.0661765
26686,136,127,0.0661765
26693,136,127,0.0661765
26698,136,127,0.0661765
26705,136,127,0.0661765
26713,136,127,0.0661765
26720,136,127,0.0661765
26725,136,127,0.0661765
26732,136,127,0.0661765
26739,136,127,0.0661765
26746,136,127,0.0661765
26753,136,127,0.0661765
26760,136,127,0.0661765
26766,136,127,0.0661765
26775,136,127,0.0661765
26783,136,127,0.0661765
26790,136,127,0.0661765
26797,136,127,0.0661765
26803,136,127,0.0661765
26811,136,127,0.0661765
26818,136,127,0.0661765
26824,136,127,0.0661765
26832,136,127,0.0661765
26839,136,127,0.0661765
26845,136,127,0.0661765
26852,136,127,0.0661765
26859,136,127,0.0661765
26866,136,127,0.0661765
26873,136,127,0.0661765
26880,136,127,0.0661765
26888,136,127,0.0661765
26895,136,127,0.0661765
26900,136,127,0.0661765
26908,136,127,0.0661765
26915,136,127,0.0661765
26923,136,127,0.0661765
26930,136,127,0.0661765
26936,136,127,0.0661765
26942,136,127,0.0661765
26949,136,127,0.0661765
26955,136,127,0.0661765
26960,136,127,0.0661765
26966,136,127,0.0661765
26972,136,127,0.0661765
26979,136,127,0.0661765
26987,136,127,0.0661765
26995,136,127,0.0661765
27002,136,127,0.0661765
27009,136,127,0.0661765
27017,136,127,0.0661765
27023,136,127,0.0661765
27029,136,127,0.0661765
27035,136,127,0.0661765
27041,136,127,0.0661765
27048,136,127,0.0661765
27055,136,127,0.0661765
27062,136,127,0.0661765
27071,136,127,0.0661765
27075,136,127,0.0661765
27084,136,127,0.0661765
27092,136,127,0.0661765
27099,136,127,0.0661765
27106,136,127,0.0661765
27113,136,127,0.0661765
27119,136,127,0.0661765
27127,136,127,0.0661765
27134,136,127,0.0661765
27143,136,127,0.0661765
27150,136,127,0.0661765
27158,136,127,0.0661765
27162,136,127,0.0661765
27168,136,127,0.0661765
27175,136,127,0.0661765
27183,136,127,0.0661765
27189,136,127,0.0661765
27195,136,127,0.0661765
27200,136,127,0.0661765
27207,136,127,0.0661765
27215,136,127,0.0661765
27222,136,127,0.0661765
27230,136,127,0.0661765
27238,136,127,0.0661765
27246,136,127,0.0661765
27252,136,127,0.0661765
27261,136,127,0.0661765
27268,136,127,0.0661765
27275,136,127,0.0661765
27282,136,127,0.0661765
27290,136,127,0.0661765
27296,136,127,0.0661765
27303,136,127,0.0661765
27309,136,127,0.0661765
27316,136,127,0.0661765
27323,136,127,0.0661765
27331,136,127,0.0661765
27339,136,127,0.0661765
27346,136,127,0.0661765
27353,136,127,0.0661765
27360,136,127,0.0661765
27366,136,127,0.0661765
27375,136,127,0.0661765
27382,136,127,0.0661765
27389,136,127,0.0661765
27396,136,127,0.0661765
27404,136,127,0.0661765
27411,136,127,0.0661765
27418,136,127,0.0661765
27425,136,127,0.0661765
27432,136,127,0.0661765
27439,136,127,0.0661765
27445,136,127,0.0661765
27453,136,127,0.0661765
27459,136,127,0.0661765
27466,136,127,0.0661765
27472,136,127,0.0661765
27479,136,127,0.0661765
27485,136,127,0.0661765
27492,136,127,0.0661765
27499,136,127,0.0661765
27505,136,127,0.0661765
27512,136,127,0.0661765
27519,136,127,0.0661765
27525,136,127,0.0661765
27532,136,127,0.0661765
27540,136,127,0.0661765
27547,136,127,0.0661765
27555,136,127,0.0661765
27563,136,127,0.0661765
27570,136,127,0.0661765
27577,136,127,0.0661765
27582,136,127,0.0661765
27589,136,127,0.0661765
27595,136,127,0.0661765
27601,136,127,0.0661765
27608,136,127,0.0661765
27615,136,127,0.0661765
27622,136,127,0.0661765
27629,136,127,0.0661765
27637,136,127,0.0661765
27644,136,127,0.0661765
27653,136,127,0.0661765
27662,136,127,0.0661765
27669,136,127,0.0661765
27676,136,127,0.0661765
27683,136,127,0.0661765
27692,136,127,0.0661765
27700,136,127,0.0661765
27707,136,127,0.0661765
27715,136,127,0.0661765
27721,136,127,0.0661765
27729,136,127,0.0661765
27737,136,127,0.0661765
27745,136,127,0.0661765
27752,136,127,0.0661765
27756,136,127,0.0661765
27763,136,127,0.0661765
27769,136,127,0.0661765
27777,136,127,0.0661765
27784,136,127,0.0661765
27792,136,127,0.0661765
27798,136,127,0.0661765
27806,136,127,0.0661765
27813,136,127,0.0661765
27819,136,127,0.0661765
27827,136,127,0.0661765
27835,136,127,0.0661765
27844,136,127,0.0661765
27851,136,127,0.0661765
27857,136,127,0.0661765
27865,136,127,0.0661765
27872,136,127,0.0661765
27879,136,127,0.0661765
27885,136,127,0.0661765
27892,136,127,0.0661765
27900,136,127,0.0661765
27907,136,127,0.0661765
27914,136,127,0.0661765
27920,136,127,0.0661765
27928,136,127,0.0661765
27936,136,127,0.0661765
27943,136,127,0.0661765
27950,136,127,0.0661765
27957,136,127,0.0661765
27964,136,127,0.0661765
27969,136,127,0.0661765
27977,136,127,0.0661765
27982,136,127,0.0661765
27988,136,127,0.0661765
27995,136,127,0.0661765
28001,136,127,0.0661765
28009,136,127,0.0661765
28017,136,127,0.0661765
28025,136,127,0.0661765
28032,136,127,0.0661765
28039,136,127,0.0661765
28046,136,127,0.0661765
28055,136,127,0.0661765
28064,136,127,0.0661765
28072,136,127,0.0661765
28079,136,127,0.0661765
28087,136,127,0.0661765
28094,136,127,0.0661765
28101,136,127,0.0661765
28108,136,127,0.0661765
28114,136,127,0.0661765
28122,136,127,0.0661765
28129,136,127,0.0661765
28137,136,127,0.0661765
28145,136,127,0.0661765
28153,136,127,0.0661765
28162,136,127,0.0661765
28168,136,127,0.0661765
28174,136,127,0.0661765
28182,136,127,0.0661765
28190,136,127,0.0661765
28198,136,127,0.0661765
28206,136,127,0.0661765
28214,136,127,0.0661765
28220,136,127,0.0661765
28228,136,127,0.0661765
28235,136,127,0.0661765
28243,136,127,0.0661765
28250,136,127,0.0661765
28258,136,127,0.0661765
28267,136,127,0.0661765
28275,136,127,0.0661765
28282,136,127,0.0661765
28290,136,127,0.0661765
28296,136,127,0.0661765
28303,136,127,0.0661765
28309,136,127,0.0661765
28314,136,127,0.0661765
28322,136,127,0.0661765
28329,136,127,0.0661765
28337,136,127,0.0661765
28343,136,127,0.0661765
28352,136,127,0.0661765
28359,136,127,0.0661765
28366,136,127,0.0661765
28375,136,127,0.0661765
28383,136,127,0.0661765
28390,136,127,0.0661765
28398,136,127,0.0661765
28405,136,127,0.0661765
28411,136,127,0.0661765
28418,136,127,0.0661765
28425,136,127,0.0661765
28433,136,127,0.0661765
28441,136,127,0.0661765
28449,136,127,0.0661765
28457,136,127,0.0661765
28462,136,127,0.0661765
28469,136,127,0.0661765
28477,136,127,0.0661765
28485,136,127,0.0661765
28492,136,127,0.0661765
28500,136,127,0.0661765
28506,136,127,0.0661765
28513,136,127,0.0661765
28518,136,127,0.0661765
28526,136,127,0.0661765
28534,136,127,0.0661765
28541,136,127,0.0661765
28549,136,127,0.0661765
28556,136,127,0.0661765
28564,136,127,0.0661765
28572,136,127,0.0661765
28579,136,127,0.0661765
28588,136,127,0.0661765
28594,136,127,0.0661765
28602,136,127,0.0661765
28608,136,127,0.0661765
28615,136,127,0.0661765
28624,136,127,0.0661765
28630,136,127,0.0661765
28639,136,127,0.0661765
28646,136,127,0.0661765
28654,136,127,0.0661765
28661,136,127,0.0661765
28667,136,127,0.0661765
28674,136,127,0.0661765
28682,136,127,0.0661765
28689,136,127,0.0661765
28697,136,127,0.0661765
28705,136,127,0.0661765
28713,136,127,0.0661765
28720,136,127,0.0661765
28726,136,127,0.0661765
28733,136,127,0.0661765
28741,136,127,0.0661765
28747,136,127,0.0661765
28755,136,127,0.0661765
28763,136,127,0.0661765
28771,136,127,0.0661765
28780,136,127,0.0661765
28787,136,127,0.0661765
28794,136,127,0.0661765
28801,136,127,0.0661765
28809,136,127,0.0661765
28817,136,127,0.0661765
28824,136,127,0.0661765
28833,136,127,0.0661765
28841,136,127,0.0661765
28847,136,127,0.0661765
28855,136,127,0.0661765
28860,136,127,0.0661765
28868,136,127,0.0661765
28875,136,127,0.0661765
28883,136,127,0.0661765
28892,136,127,0.0661765
28899,136,127,0.0661765
28908,136,127,0.0661765
28915,136,127,0.0661765
28923,136,127,0.0661765
28929,136,127,0.0661765
28937,136,127,0.0661765
28946,136,127,0.0661765
28954,136,127,0.0661765
28962,136,127,0.0661765
28970,136,127,0.0661765
28977,136,127,0.0661765
28986,136,127,0.0661765
28993,136,127,0.0661765
28999,136,127,0.0661765
29006,136,127,0.0661765
29015,136,127,0.0661765
29024,136,127,0.0661765
29031,136,127,0.0661765
29039,136,127,0.0661765
29046,136,127,0.0661765
29053,136,127,0.0661765
29061,136,127,0.0661765
29071,136,127,0.0661765
29079,136,127,0.0661765
29086,136,127,0.0661765
29093,136,127,0.0661765
29101,136,127,0.0661765
29110,136,127,0.0661765
29117,136,127,0.0661765
29125,136,127,0.0661765
29132,136,127,0.0661765
29139,136,127,0.0661765
29148,136,127,0.0661765
29155,136,127,0.0661765
29163,136,127,0.0661765
29171,136,127,0.0661765
29178,136,127,0.0661765
29186,136,127,0.0661765
29193,136,127,0.0661765
29201,136,127,0.0661765
29209,136,127,0.0661765
29216,136,127,0.0661765
29224,136,127,0.0661765
29230,136,127,0.0661765
29238,136,127,0.0661765
29244,136,127,0.0661765
29251,136,127,0.0661765
29260,136,127,0.0661765
29267,136,127,0.0661765
29274,136,127,0.0661765
29282,136,127,0.0661765
29289,136,127,0.0661765
29298,136,127,0.0661765
29305,136,127,0.0661765
29314,136,127,0.0661765
29322,136,127,0.0661765
29327,136,127,0.0661765
29334,136,127,0.0661765
29342,136,127,0.0661765
29351,136,127,0.0661765
29357,136,127,0.0661765
29365,136,127,0.0661765
29371,136,127,0.0661765
29378,136,127,0.0661765
29385,136,127,0.0661765
29394,136,127,0.0661765
29401,136,127,0.0661765
29410,136,127,0.0661765
29416,136,127,0.0661765
29423,136,127,0.0661765
29430,136,127,0.0661765
29436,136,127,0.0661765
29444,136,127,0.0661765
29449,136,127,0.0661765
29458,136,127,0.0661765
29465,136,127,0.0661765
29469,136,127,0.0661765
29478,136,127,0.0661765
29485,136,127,0.0661765
29493,136,127,0.0661765
29501,136,127,0.0661765
29509,136,127,0.0661765
29513,136,127,0.0661765
29521,136,127,0.0661765
29529,136,127,0.0661765
29537,136,127,0.0661765
29544,136,127,0.0661765
29550,136,127,0.0661765
29560,136,127,0.0661765
29565,136,127,0.0661765
29571,136,127,0.0661765
29579,136,127,0.0661765
29587,136,127,0.0661765
29595,136,127,0.0661765
29604,136,127,0.0661765
29612,136,127,0.0661765
29621,136,127,0.0661765
29627,136,127,0.0661765
29636,136,127,0.0661765
29644,136,127,0.0661765
29650,136,127,0.0661765
29657,136,127,0.0661765
29662,136,127,0.0661765
29671,136,127,0.0661765
29680,136,127,0.0661765
29687,136,127,0.0661765
29694,136,127,0.0661765
29702,136,127,0.0661765
29709,136,127,0.0661765
29717,136,127,0.0661765
29725,136,127,0.0661765
29733,136,127,0.0661765
29741,136,127,0.0661765
29749,136,127,0.0661765
29756,136,127,0.0661765
29764,136,127,0.0661765
29772,136,127,0.0661765
29781,136,127,0.0661765
29788,136,127,0.0661765
29794,136,127,0.0661765
29801,136,127,0.0661765
29808,136,127,0.0661765
29816,136,127,0.0661765
29824,136,127,0.0661765
29831,136,127,0.0661765
29837,136,127,0.0661765
29847,136,127,0.0661765
29854,136,127,0.0661765
29862,136,127,0.0661765
29870,136,127,0.0661765
29878,136,127,0.0661765
29886,136,127,0.0661765
29893,136,127,0.0661765
29900,136,127,0.0661765
29907,136,127,0.0661765
29915,136,127,0.0661765
29922,136,127,0.0661765
29929,136,127,0.0661765
29936,136,127,0.0661765
29942,136,127,0.0661765
29949,136,127,0.0661765
29956,136,127,0.0661765
29965,136,127,0.0661765
29971,136,127,0.0661765
29977,136,127,0.0661765
29984,136,127,0.0661765
29993,136,127,0.0661765
30001,136,127,0.0661765
30008,136,127,0.0661765
30016,136,127,0.0661765
30024,136,127,0.0661765
30031,136,127,0.0661765
30040,136,127,0.0661765
30047,136,127,0.0661765
30056,136,127,0.0661765
30063,136,127,0.0661765
30069,136,127,0.0661765
30078,136,127,0.0661765
30087,136,127,0.0661765
30094,136,127,0.0661765
30100,136,127,0.0661765
30108,136,127,0.0661765
30114,136,127,0.0661765
30123,136,127,0.0661765
30131,136,127,0.0661765
30135,136,127,0.0661765
30141,136,127,0.0661765
30150,136,127,0.0661765
30158,136,127,0.0661765
30166,136,127,0.0661765
30174,136,127,0.0661765
30179,136,127,0.0661765
30187,136,127,0.0661765
30196,136,127,0.0661765
30202,136,127,0.0661765
30210,136,127,0.0661765
30216,136,127,0.0661765
30222,136,127,0.0661765
30231,136,127,0.0661765
30240,136,127,0.0661765
30247,136,127,0.0661765
30254,136,127,0.0661765
30261,136,127,0.0661765
30269,136,127,0.0661765
30276,136,127,0.0661765
30282,136,127,0.0661765
30290,136,127,0.0661765
30297,136,127,0.0661765
30304,136,127,0.0661765
30314,136,127,0.0661765
30323,136,127,0.0661765
30331,136,127,0.0661765
30339,136,127,0.0661765
30347,136,127,0.0661765
30354,136,127,0.0661765
30362,136,127,0.0661765
30370,136,127,0.0661765
30378,136,127,0.0661765
30384,136,127,0.0661765
30391,136,127,0.0661765
30397,136,127,0.0661765
30406,136,127,0.0661765
30414,136,127,0.0661765
30422,136,127,0.0661765
30430,136,127,0.0661765
30437,136,127,0.0661765
30444,136,127,0.0661765
30451,136,127,0.0661765
30458,136,127,0.0661765
30467,136,127,0.0661765
30475,136,127,0.0661765
30482,136,127,0.0661765
30489,136,127,0.0661765
30497,136,127,0.0661765
30505,136,127,0.0661765
30513,136,127,0.0661765
30521,136,127,0.0661765
30529,136,127,0.0661765
30538,136,127,0.0661765
30545,136,127,0.0661765
30553,136,127,0.0661765
30561,136,127,0.0661765
30568,136,127,0.0661765
30576,136,127,0.0661765
30584,136,127,0.0661765
30592,136,127,0.0661765
30600,136,127,0.0661765
30606,136,127,0.0661765
30615,136,127,0.0661765
30622,136,127,0.0661765
30629,136,127,0.0661765
30637,136,127,0.0661765
30644,136,127,0.0661765
30653,136,127,0.0661765
30659,136,127,0.0661765
30668,136,127,0.0661765
30674,136,127,0.0661765
30682,136,127,0.0661765
30687,136,127,0.0661765
30694,136,127,0.0661765
30702,136,127,0.0661765
30711,136,127,0.0661765
30718,136,127,0.0661765
30727,136,127,0.0661765
30735,136,127,0.0661765
30743,136,127,0.0661765
30750,136,127,0.0661765
30757,136,127,0.0661765
30763,136,127,0.0661765
30769,136,127,0.0661765
30777,136,127,0.0661765
30786,136,127,0.0661765
30792,136,127,0.0661765
30800,136,127,0.0661765
30808,136,127,0.0661765
30816,136,127,0.0661765
30823,136,127,0.0661765
30832,136,127,0.0661765
30838,136,127,0.0661765
30847,136,127,0.0661765
30855,136,127,0.0661765
30863,136,127,0.0661765
30870,136,127,0.0661765
30878,136,127,0.0661765
30886,136,127,0.0661765
30894,136,127,0.0661765
30902,136,127,0.0661765
30909,136,127,0.0661765
30917,136,127,0.0661765
30925,136,127,0.0661765
30930,136,127,0.0661765
30938,136,127,0.0661765
30946,136,127,0.0661765
30954,136,127,0.0661765
30962,136,127,0.0661765
30969,136,127,0.0661765
30974,136,127,0.0661765
30981,136,127,0.0661765
30989,136,127,0.0661765
30996,136,127,0.0661765
31003,136,127,0.0661765
31010,136,127,0.0661765
31019,136,127,0.0661765
31027,136,127,0.0661765
31035,136,127,0.0661765
31045,136,127,0.0661765
31055,136,127,0.0661765
31063,136,127,0.0661765
31071,136,127,0.0661765
31080,136,127,0.0661765
31085,136,127,0.0661765
31093,136,127,0.0661765
31102,136,127,0.0661765
31109,136,127,0.0661765
31113,136,127,0.0661765
31121,136,127,0.0661765
31129,136,127,0.0661765
31138,136,127,0.0661765
31146,136,127,0.0661765
31154,136,127,0.0661765
31162,136,127,0.0661765
31170,136,127,0.0661765
31178,136,127,0.0661765
31184,136,127,0.0661765
31192,136,127,0.0661765
31200,136,127,0.0661765
31208,136,127,0.0661765
31217,136,127,0.0661765
31225,136,127,0.0661765
31233,136,127,0.0661765
31241,136,127,0.0661765
31249,136,127,0.0661765
31258,136,127,0.0661765
31266,136,127,0.0661765
31275,136,127,0.0661765
31283,136,127,0.0661765
31289,136,127,0.0661765
31298,136,127,0.0661765
31305,136,127,0.0661765
31314,136,127,0.0661765
31322,136,127,0.0661765
31329,136,127,0.0661765
31338,136,127,0.0661765
31346,136,127,0.0661765
31354,136,127,0.0661765
31363,136,127,0.0661765
31369,136,127,0.0661765
31377,136,127,0.0661765
31385,136,127,0.0661765
31394,136,127,0.0661765
31401,136,127,0.0661765
31409,136,127,0.0661765
31417,136,127,0.0661765
31425,136,127,0.0661765
31432,136,127,0.0661765
31439,136,127,0.0661765
31447,136,127,0.0661765
31454,136,127,0.0661765
31463,136,127,0.0661765
31468,136,127,0.0661765
31475,136,127,0.0661765
31483,136,127,0.0661765
31489,136,127,0.0661765
31496,136,127,0.0661765
31504,136,127,0.0661765
31513,136,127,0.0661765
31521,136,127,0.0661765
31530,136,127,0.0661765
31536,136,127,0.0661765
31545,136,127,0.0661765
31551,136,127,0.0661765
31559,136,127,0.0661765
31567,136,127,0.0661765
31576,136,127,0.0661765
31584,136,127,0.0661765
31592,136,127,0.0661765
31600,136,127,0.0661765
31609,136,127,0.0661765
31617,136,127,0.0661765
31626,136,127,0.0661765
31634,136,127,0.0661765
31643,136,127,0.0661765
31650,136,127,0.0661765
31656,136,127,0.0661765
31664,136,127,0.0661765
31672,136,127,0.0661765
31680,136,127,0.0661765
31686,136,127,0.0661765
31693,136,127,0.0661765
31703,136,127,0.0661765
31709,136,127,0.0661765
31718,136,127,0.0661765
31727,136,127,0.0661765
31733,136,127,0.0661765
31742,136,127,0.0661765
31750,136,127,0.0661765
31758,136,127,0.0661765
31765,136,127,0.0661765
31773,136,127,0.0661765
31781,136,127,0.0661765
31788,136,127,0.0661765
31797,136,127,0.0661765
31805,136,127,0.0661765
31811,136,127,0.0661765
31817,136,127,0.0661765
31825,136,127,0.0661765
31833,136,127,0.0661765
31839,136,127,0.0661765
31850,136,127,0.0661765
31858,136,127,0.0661765
31867,136,127,0.0661765
31875,136,127,0.0661765
31883,136,127,0.0661765
31890,136,127,0.0661765
31899,136,127,0.0661765
31906,136,127,0.0661765
31915,136,127,0.0661765
31923,136,127,0.0661765
31929,136,127,0.0661765
31937,136,127,0.0661765
31944,136,127,0.0661765
31952,136,127,0.0661765
31961,136,127,0.0661765
31969,136,127,0.0661765
31977,136,127,0.0661765
31987,136,127,0.0661765
31994,136,127,0.0661765
32002,136,127,0.0661765
32009,136,127,0.0661765
32016,136,127,0.0661765
32024,136,127,0.0661765
32032,136,127,0.0661765
32038,136,127,0.0661765
32046,136,127,0.0661765
32054,136,127,0.0661765
32063,136,127,0.0661765
32072,136,127,0.0661765
32081,136,127,0.0661765
32088,136,127,0.0661765
32094,136,127,0.0661765
32103,136,127,0.0661765
32109,136,127,0.0661765
32118,136,127,0.0661765
32126,136,127,0.0661765
32136,136,127,0.0661765
32142,136,127,0.0661765
32150,136,127,0.0661765
32159,136,127,0.0661765
32167,136,127,0.0661765
32173,136,127,0.0661765
32180,136,127,0.0661765
32188,136,127,0.0661765
32198,136,127,0.0661765
32204,136,127,0.0661765
32213,136,127,0.0661765
32221,136,127,0.0661765
32229,136,127,0.0661765
32237,136,127,0.0661765
32246,136,127,0.0661765
32255,136,127,0.0661765
32262,136,127,0.0661765
32270,136,127,0.0661765
32278,136,127,0.0661765
32286,136,127,0.0661765
32294,136,127,0.0661765
32302,136,127,0.0661765
32309,136,127,0.0661765
32316,136,127,0.0661765
32324,136,127,0.0661765
32333,136,127,0.0661765
32339,136,127,0.0661765
32347,136,127,0.0661765
32352,136,127,0.0661765
32360,136,127,0.0661765
32369,136,127,0.0661765
32377,136,127,0.0661765
32386,136,127,0.0661765
32393,136,127,0.0661765
32401,136,127,0.0661765
32410,136,127,0.0661765
32417,136,127,0.0661765
32425,136,127,0.0661765
32432,136,127,0.0661765
32438,136,127,0.0661765
32447,136,127,0.0661765
32455,136,127,0.0661765
32463,136,127,0.0661765
32472,136,127,0.0661765
32479,136,127,0.0661765
32485,136,127,0.0661765
32493,136,127,0.0661765
32498,136,127,0.0661765
32507,136,127,0.0661765
32514,136,127,0.0661765
32522,136,127,0.0661765
32529,136,127,0.0661765
32538,136,127,0.0661765
32546,136,127,0.0661765
32555,136,127,0.0661765
32563,136,127,0.0661765
32572,136,127,0.0661765
32581,136,127,0.0661765
32589,136,127,0.0661765
32598,136,127,0.0661765
32606,136,127,0.0661765
32614,136,127,0.0661765
32621,136,127,0.0661765
32628,136,127,0.0661765
32637,136,127,0.0661765
32646,136,127,0.0661765
32654,136,127,0.0661765
32662,136,127,0.0661765
32669,136,127,0.0661765
32678,136,127,0.0661765
32684,136,127,0.0661765
32692,136,127,0.0661765
32700,136,127,0.0661765
32707,136,127,0.0661765
32715,136,127,0.0661765
32722,136,127,0.0661765
32729,136,127,0.0661765
32739,136,127,0.0661765
32746,136,127,0.0661765
32755,136,127,0.0661765
32765,136,127,0.0661765
32772,136,127,0.0661765
32778,136,127,0.0661765
32787,136,127,0.0661765
32795,136,127,0.0661765
32803,136,127,0.0661765
32812,136,127,0.0661765
32819,136,127,0.0661765
32827,136,127,0.0661765
32837,136,127,0.0661765
32845,136,127,0.0661765
32854,136,127,0.0661765
32862,136,127,0.0661765
32870,136,127,0.0661765
32878,136,127,0.0661765
32885,136,127,0.0661765
32893,136,127,0.0661765
32901,136,127,0.0661765
32910,136,127,0.0661765
32916,136,127,0.0661765
32924,136,127,0.0661765
32932,136,127,0.0661765
32941,136,127,0.0661765
32950,136,127,0.0661765
32958,136,127,0.0661765
32968,136,127,0.0661765
32976,136,127,0.0661765
32985,136,127,0.0661765
32994,136,127,0.0661765
33002,136,127,0.0661765
33011,136,127,0.0661765
33019,136,127,0.0661765
33026,136,127,0.0661765
33033,136,127,0.0661765
33041,136,127,0.0661765
33048,136,127,0.0661765
33056,136,127,0.0661765
33062,136,127,0.0661765
33072,136,127,0.0661765
33080,136,127,0.0661765
33087,136,127,0.0661765
33096,136,127,0.0661765
33105,136,127,0.0661765
33112,136,127,0.0661765
33120,136,127,0.0661765
33128,136,127,0.0661765
33135,136,127,0.0661765
33144,136,127,0.0661765
33152,136,127,0.0661765
33162,136,127,0.0661765
33171,136,127,0.0661765
33178,136,127,0.0661765
33186,136,127,0.0661765
33192,136,127,0.0661765
33201,136,127,0.0661765
33208,136,127,0.0661765
33217,136,127,0.0661765
33226,136,127,0.0661765
33233,136,127,0.0661765
33240,136,127,0.0661765
33249,136,127,0.0661765
33255,136,127,0.0661765
33264,136,127,0.0661765
33272,136,127,0.0661765
33279,136,127,0.0661765
33288,136,127,0.0661765
33295,136,127,0.0661765
33302,136,127,0.0661765
33311,136,127,0.0661765
33319,136,127,0.0661765
33327,136,127,0.0661765
33335,136,127,0.0661765
33345,136,127,0.0661765
33352,136,127,0.0661765
33359,136,127,0.0661765
33368,136,127,0.0661765
33377,136,127,0.0661765
33385,136,127,0.0661765
33392,136,127,0.0661765
33400,136,127,0.0661765
33408,136,127,0.0661765
33417,136,127,0.0661765
33423,136,127,0.0661765
33433,136,127,0.0661765
33439,136,127,0.0661765
33448,136,127,0.0661765
33455,136,127,0.0661765
33464,136,127,0.0661765
33473,136,127,0.0661765
33480,136,127,0.0661765
33487,136,127,0.0661765
33493,136,127,0.0661765
33502,136,127,0.0661765
33509,136,127,0.0661765
33517,136,127,0.0661765
33526,136,127,0.0661765
33534,136,127,0.0661765
33541,136,127,0.0661765
33548,136,127,0.0661765
33556,136,127,0.0661765
33564,136,127,0.0661765
33572,136,127,0.0661765
33580,136,127,0.0661765
33587,136,127,0.0661765
33594,136,127,0.0661765
33602,136,127,0.0661765
33610,136,127,0.0661765
33620,136,127,0.0661765
33629,136,127,0.0661765
33638,136,127,0.0661765
33644,136,127,0.0661765
33653,136,127,0.0661765
33661,136,127,0.0661765
33670,136,127,0.0661765
33679,136,127,0.0661765
33687,136,127,0.0661765
33695,136,127,0.0661765
33703,136,127,0.0661765
33711,136,127,0.0661765
33719,136,127,0.0661765
33727,136,127,0.0661765
33735,136,127,0.0661765
33742,136,127,0.0661765
33752,136,127,0.0661765
33759,136,127,0.0661765
33763,136,127,0.0661765
33772,136,127,0.0661765
33779,136,127,0.0661765
33785,136,127,0.0661765
33793,136,127,0.0661765
33801,136,127,0.0661765
33809,136,127,0.0661765
33816,136,127,0.0661765
33824,136,127,0.0661765
33835,136,127,0.0661765
33843,136,127,0.0661765
33852,136,127,0.0661765
33861,136,127,0.0661765
33868,136,127,0.0661765
33877,136,127,0.0661765
33885,136,127,0.0661765
33892,136,127,0.0661765
33900,136,127,0.0661765
33909,136,127,0.0661765
33917,136,127,0.0661765
33923,136,127,0.0661765
33931,136,127,0.0661765
33939,136,127,0.0661765
33946,136,127,0.0661765
33952,136,127,0.0661765
33960,136,127,0.0661765
33970,136,127,0.0661765
33981,136,127,0.0661765
33989,136,127,0.0661765
33998,136,127,0.0661765
34007,136,127,0.0661765
34014,136,127,0.0661765
34023,136,127,0.0661765
34032,136,127,0.0661765
34040,136,127,0.0661765
34049,136,127,0.0661765
34057,136,127,0.0661765
34065,136,127,0.0661765
34073,136,127,0.0661765
34083,136,127,0.0661765
34091,136,127,0.0661765
34098,136,127,0.0661765
34106,136,127,0.0661765
34114,136,127,0.0661765
34120,136,127,0.0661765
34130,136,127,0.0661765
34136,136,127,0.0661765
34145,136,127,0.0661765
34153,136,127,0.0661765
34162,136,127,0.0661765
34170,136,127,0.0661765
34178,136,127,0.0661765
34186,136,127,0.0661765
34193,136,127,0.0661765
34199,136,127,0.0661765
34208,136,127,0.0661765
34216,136,127,0.0661765
34223,136,127,0.0661765
34233,136,127,0.0661765
34241,136,127,0.0661765
34248,136,127,0.0661765
34254,136,127,0.0661765
34261,136,127,0.0661765
34271,136,127,0.0661765
34278,136,127,0.0661765
34287,136,127,0.0661765
34292,136,127,0.0661765
34301,136,127,0.0661765
34309,136,127,0.0661765
34317,136,127,0.0661765
34324,136,127,0.0661765
34332,136,127,0.0661765
34340,136,127,0.0661765
34350,136,127,0.0661765
34359,136,127,0.0661765
34366,136,127,0.0661765
34374,136,127,0.0661765
34383,136,127,0.0661765
34390,136,127,0.0661765
34398,136,127,0.0661765
34406,136,127,0.0661765
34415,136,127,0.0661765
34422,136,127,0.0661765
34429,136,127,0.0661765
34436,136,127,0.0661765
34445,136,127,0.0661765
34454,136,127,0.0661765
34460,136,127,0.0661765
34470,136,127,0.0661765
34477,136,127,0.0661765
34483,136,127,0.0661765
34492,136,127,0.0661765
34498,136,127,0.0661765
34508,136,127,0.0661765
34517,136,127,0.0661765
34525,136,127,0.0661765
34534,136,127,0.0661765
34540,136,127,0.0661765
34547,136,127,0.0661765
34554,136,127,0.0661765
34561,136,127,0.0661765
34569,136,127,0.0661765
34578,136,127,0.0661765
34587,136,127,0.0661765
34595,136,127,0.0661765
34604,136,127,0.0661765
34611,136,127,0.0661765
34617,136,127,0.0661765
34623,136,127,0.0661765
34631,136,127,0.0661765
34638,136,127,0.0661765
34648,136,127,0.0661765
34654,136,127,0.0661765
34663,136,127,0.0661765
34670,136,127,0.0661765
34679,136,127,0.0661765
34687,136,127,0.0661765
34697,136,127,0.0661765
34704,136,127,0.0661765
34714,136,127,0.0661765
34721,136,127,0.0661765
34729,136,127,0.0661765
34736,136,127,0.0661765
34745,136,127,0.0661765
34754,136,127,0.0661765
34763,136,127,0.0661765
34770,136,127,0.0661765
34779,136,127,0.0661765
34788,136,127,0.0661765
34797,136,127,0.0661765
34806,136,127,0.0661765
34815,136,127,0.0661765
34823,136,127,0.0661765
34833,136,127,0.0661765
34842,136,127,0.0661765
34853,136,127,0.0661765
34860,136,127,0.0661765
34868,136,127,0.0661765
34877,136,127,0.0661765
34884,136,127,0.0661765
34893,136,127,0.0661765
34900,136,127,0.0661765
34904,136,127,0.0661765
34913,136,127,0.0661765
34922,136,127,0.0661765
34931,136,127,0.0661765
34940,136,127,0.0661765
34949,136,127,0.0661765
34955,136,127,0.0661765
34964,136,127,0.0661765
34971,136,127,0.0661765
34979,136,127,0.0661765
34987,136,127,0.0661765
34994,136,127,0.0661765
35003,136,127,0.0661765
35011,136,127,0.0661765
35019,136,127,0.0661765
35028,136,127,0.0661765
35035,136,127,0.0661765
35042,136,127,0.0661765
35050,136,127,0.0661765
35059,136,127,0.0661765
35067,136,127,0.0661765
35076,136,127,0.0661765
35085,136,127,0.0661765
35094,136,127,0.0661765
35104,136,127,0.0661765
35111,136,127,0.0661765
35117,136,127,0.0661765
35126,136,127,0.0661765
35134,136,127,0.0661765
35142,136,127,0.0661765
35149,136,127,0.0661765
35156,136,127,0.0661765
35164,136,127,0.0661765
35174,136,127,0.0661765
35183,136,127,0.0661765
35190,136,127,0.0661765
35200,136,127,0.0661765
35208,136,127,0.0661765
35217,136,127,0.0661765
35224,136,127,0.0661765
35232,136,127,0.0661765
35239,136,127,0.0661765
35248,136,127,0.0661765
35255,136,127,0.0661765
35264,136,127,0.0661765
35271,136,127,0.0661765
35279,136,127,0.0661765
35289,136,127,0.0661765
35295,136,127,0.0661765
35303,136,127,0.0661765
35313,136,127,0.0661765
35322,136,127,0.0661765
35328,136,127,0.0661765
35335,136,127,0.0661765
35344,136,127,0.0661765
35352,136,127,0.0661765
35359,136,127,0.0661765
35368,136,127,0.0661765
35376,136,127,0.0661765
35384,136,127,0.0661765
35392,136,127,0.0661765
35400,136,127,0.0661765
35409,136,127,0.0661765
35418,136,127,0.0661765
35425,136,127,0.0661765
35429,136,127,0.0661765
35438,136,127,0.0661765
35448,136,127,0.0661765
35455,136,127,0.0661765
35462,136,127,0.0661765
35470,136,127,0.0661765
35478,136,127,0.0661765
35484,136,127,0.0661765
35494,136,127,0.0661765
35503,136,127,0.0661765
35512,136,127,0.0661765
35521,136,127,0.0661765
35530,136,127,0.0661765
35538,136,127,0.0661765
35545,136,127,0.0661765
35553,136,127,0.0661765
35560,136,127,0.0661765
35568,136,127,0.0661765
35575,136,127,0.0661765
35584,136,127,0.0661765
35590,136,127,0.0661765
35598,136,127,0.0661765
35607,136,127,0.0661765
35615,136,127,0.0661765
35625,136,127,0.0661765
35632,136,127,0.0661765
35641,136,127,0.0661765
35650,136,127,0.0661765
35659,136,127,0.0661765
35668,136,127,0.0661765
35677,136,127,0.0661765
35684,136,127,0.0661765
35694,136,127,0.0661765
35702,136,127,0.0661765
35709,136,127,0.0661765
35717,136,127,0.0661765
35725,136,127,0.0661765
35733,136,127,0.0661765
35741,136,127,0.0661765
35750,136,127,0.0661765
35757,136,127,0.0661765
35765,136,127,0.0661765
35771,136,127,0.0661765
35779,136,127,0.0661765
35788,136,127,0.0661765
35797,136,127,0.0661765
35804,136,127,0.0661765
35812,136,127,0.0661765
35820,136,127,0.0661765
35828,136,127,0.0661765
35836,136,127,0.0661765
35844,136,127,0.0661765
35854,136,127,0.0661765
35861,136,127,0.0661765
35871,136,127,0.0661765
35878,136,127,0.0661765
35885,136,127,0.0661765
35894,136,127,0.0661765
35903,136,127,0.0661765
35910,136,127,0.0661765
35918,136,127,0.0661765
35927,136,127,0.0661765
35933,136,127,0.0661765
35942,136,127,0.0661765
35951,136,127,0.0661765
35959,136,127,0.0661765
35967,136,127,0.0661765
35975,136,127,0.0661765
35984,136,127,0.0661765
35994,136,127,0.0661765
36012,136,127,0.0661765
36021,136,127,0.0661765
36028,136,127,0.0661765
36038,136,127,0.0661765
36045,136,127,0.0661765
36052,136,127,0.0661765
36061,136,127,0.0661765
36070,136,127,0.0661765
36080,136,127,0.0661765
36089,136,127,0.0661765
36096,136,127,0.0661765
36105,136,127,0.0661765
36113,136,127,0.0661765
36122,136,127,0.0661765
36131,136,127,0.0661765
36137,136,127,0.0661765
36144,136,127,0.0661765
36153,136,127,0.0661765
36161,136,127,0.0661765
36170,136,127,0.0661765
36180,136,127,0.0661765
36189,136,127,0.0661765
36197,136,127,0.0661765
36203,136,127,0.0661765
36211,136,127,0.0661765
36218,136,127,0.0661765
36223,136,127,0.0661765
36231,136,127,0.0661765
36242,136,127,0.0661765
36249,136,127,0.0661765
36257,136,127,0.0661765
36266,136,127,0.0661765
36276,136,127,0.0661765
36282,136,127,0.0661765
36289,136,127,0.0661765
36296,136,127,0.0661765
36305,136,127,0.0661765
36311,136,127,0.0661765
36319,136,127,0.0661765
36327,136,127,0.0661765
36337,136,127,0.0661765
36346,136,127,0.0661765
36356,136,127,0.0661765
36365,136,127,0.0661765
36375,136,127,0.0661765
36380,136,127,0.0661765
36388,136,127,0.0661765
36397,136,127,0.0661765
36406,136,127,0.0661765
36415,136,127,0.0661765
36424,136,127,0.0661765
36433,136,127,0.0661765
36441,136,127,0.0661765
36449,136,127,0.0661765
36457,136,127,0.0661765
36463,136,127,0.0661765
36471,136,127,0.0661765
36477,136,127,0.0661765
36484,136,127,0.0661765
36490,136,127,0.0661765
36500,136,127,0.0661765
36507,136,127,0.0661765
36515,136,127,0.0661765
36525,136,127,0.0661765
36534,136,127,0.0661765
36541,136,127,0.0661765
36551,136,127,0.0661765
36559,136,127,0.0661765
36566,136,127,0.0661765
36573,136,127,0.0661765
36582,136,127,0.0661765
36591,136,127,0.0661765
36600,136,127,0.0661765
36608,136,127,0.0661765
36617,136,127,0.0661765
36626,136,127,0.0661765
36633,136,127,0.0661765
36639,136,127,0.0661765
36649,136,127,0.0661765
36657,136,127,0.0661765
36666,136,127,0.0661765
36674,136,127,0.0661765
36683,136,127,0.0661765
36690,136,127,0.0661765
36700,136,127,0.0661765
36709,136,127,0.0661765
36718,136,127,0.0661765
36727,136,127,0.0661765
36735,136,127,0.0661765
36744,136,127,0.0661765
36752,136,127,0.0661765
36760,136,127,0.0661765
36767,136,127,0.0661765
36777,136,127,0.0661765
36786,136,127,0.0661765
36793,136,127,0.0661765
36802,136,127,0.0661765
36809,136,127,0.0661765
36817,136,127,0.0661765
36825,136,127,0.0661765
36833,136,127,0.0661765
36843,136,127,0.0661765
36853,136,127,0.0661765
36861,136,127,0.0661765
36869,136,127,0.0661765
36879,136,127,0.0661765
36889,136,127,0.0661765
36898,136,127,0.0661765
36906,136,127,0.0661765
36915,136,127,0.0661765
36922,136,127,0.0661765
36931,136,127,0.0661765
36939,136,127,0.0661765
36948,136,127,0.0661765
36957,136,127,0.0661765
36966,136,127,0.0661765
36975,136,127,0.0661765
36983,136,127,0.0661765
36992,136,127,0.0661765
37001,136,127,0.0661765
37009,136,127,0.0661765
37019,136,127,0.0661765
37028,136,127,0.0661765
37038,136,127,0.0661765
37047,136,127,0.0661765
37057,136,127,0.0661765
37066,136,127,0.0661765
37075,136,127,0.0661765
37083,136,127,0.0661765
37091,136,127,0.0661765
37100,136,127,0.0661765
37109,136,127,0.0661765
37118,136,127,0.0661765
37127,136,127,0.0661765
37137,136,127,0.0661765
37146,136,127,0.0661765
37156,136,127,0.0661765
37163,136,127,0.0661765
37171,136,127,0.0661765
37180,136,127,0.0661765
37189,136,127,0.0661765
37197,136,127,0.0661765
37207,136,127,0.0661765
37216,136,127,0.0661765
37221,136,127,0.0661765
37229,136,127,0.0661765
37237,136,127,0.0661765
37245,136,127,0.0661765
37253,136,127,0.0661765
37261,136,127,0.0661765
37270,136,127,0.0661765
37278,136,127,0.0661765
37287,136,127,0.0661765
37296,136,127,0.0661765
37307,136,127,0.0661765
37316,136,127,0.0661765
37324,136,127,0.0661765
37332,136,127,0.0661765
37340,136,127,0.0661765
37349,136,127,0.0661765
37358,136,127,0.0661765
37368,136,127,0.0661765
37375,136,127,0.0661765
37383,136,127,0.0661765
37392,136,127,0.0661765
37402,136,127,0.0661765
37412,136,127,0.0661765
37420,136,127,0.0661765
37428,136,127,0.0661765
37437,136,127,0.0661765
37446,136,127,0.0661765
37455,136,127,0.0661765
37465,136,127,0.0661765
37474,136,127,0.0661765
37481,136,127,0.0661765
37489,136,127,0.0661765
37498,136,127,0.0661765
37507,136,127,0.0661765
37515,136,127,0.0661765
37521,136,127,0.0661765
37529,136,127,0.0661765
37539,136,127,0.0661765
37548,136,127,0.0661765
37556,136,127,0.0661765
37564,136,127,0.0661765
37572,136,127,0.0661765
37581,136,127,0.0661765
37589,136,127,0.0661765
37595,136,127,0.0661765
37602,136,127,0.0661765
37610,136,127,0.0661765
37618,136,127,0.0661765
37626,136,127,0.0661765
37636,136,127,0.0661765
37646,136,127,0.0661765
37654,136,127,0.0661765
37665,136,127,0.0661765
37671,136,127,0.0661765
37680,136,127,0.0661765
37687,136,127,0.0661765
37696,136,127,0.0661765
37704,136,127,0.0661765
37710,136,127,0.0661765
37720,136,127,0.0661765
37725,136,127,0.0661765
37735,136,127,0.0661765
37745,136,127,0.0661765
37754,136,127,0.0661765
37762,136,127,0.0661765
37770,136,127,0.0661765
37780,136,127,0.0661765
37789,136,127,0.0661765
37797,136,127,0.0661765
37805,136,127,0.0661765
37814,136,127,0.0661765
37822,136,127,0.0661765
37829,136,127,0.0661765
37839,136,127,0.0661765
37848,136,127,0.0661765
37858,136,127,0.0661765
37864,136,127,0.0661765
37873,136,127,0.0661765
37883,136,127,0.0661765
37893,136,127,0.0661765
37902,136,127,0.0661765
37910,136,127,0.0661765
37918,136,127,0.0661765
37928,136,127,0.0661765
37936,136,127,0.0661765
37946,136,127,0.0661765
37956,136,127,0.0661765
37966,136,127,0.0661765
37975,136,127,0.0661765
37985,136,127,0.0661765
37993,136,127,0.0661765
38002,136,127,0.0661765
38012,136,127,0.0661765
38020,136,127,0.0661765
38029,136,127,0.0661765
38041,136,127,0.0661765
38051,136,127,0.0661765
38061,136,127,0.0661765
38070,136,127,0.0661765
38080,136,127,0.0661765
38088,136,127,0.0661765
38095,136,127,0.0661765
38103,136,127,0.0661765
38110,136,127,0.0661765
38119,136,127,0.0661765
38128,136,127,0.0661765
38138,136,127,0.0661765
38147,136,127,0.0661765
38154,136,127,0.0661765
38161,136,127,0.0661765
38169,136,127,0.0661765
38177,136,127,0.0661765
38184,136,127,0.0661765
38194,136,127,0.0661765
38201,136,127,0.0661765
38210,136,127,0.0661765
38220,136,127,0.0661765
38229,136,127,0.0661765
38238,136,127,0.0661765
38245,136,127,0.0661765
38255,136,127,0.0661765
38265,136,127,0.0661765
38272,136,127,0.0661765
38281,136,127,0.0661765
38291,136,127,0.0661765
38299,136,127,0.0661765
38308,136,127,0.0661765
38316,136,127,0.0661765
38325,136,127,0.0661765
38336,136,127,0.0661765
38344,136,127,0.0661765
38353,136,127,0.0661765
38360,136,127,0.0661765
38369,136,127,0.0661765
38378,136,127,0.0661765
38385,136,127,0.0661765
38394,136,127,0.0661765
38405,136,127,0.0661765
38414,136,127,0.0661765
38424,136,127,0.0661765
38446,136,127,0.0661765
38455,136,127,0.0661765
38462,136,127,0.0661765
38472,136,127,0.0661765
38483,136,127,0.0661765
38490,136,127,0.0661765
38496,136,127,0.0661765
38506,136,127,0.0661765
38516,136,127,0.0661765
38526,136,127,0.0661765
38535,136,127,0.0661765
38540,136,127,0.0661765
38550,136,127,0.0661765
38559,136,127,0.0661765
38569,136,127,0.0661765
38582,136,127,0.0661765
38593,136,127,0.0661765
38602,136,127,0.0661765
38609,136,127,0.0661765
38619,136,127,0.0661765
38627,136,127,0.0661765
38637,136,127,0.0661765
38647,136,127,0.0661765
38655,136,127,0.0661765
38665,136,127,0.0661765
38671,136,127,0.0661765
38681,136,127,0.0661765
38689,136,127,0.0661765
38699,136,127,0.0661765
38708,136,127,0.0661765
38717,136,127,0.0661765
38727,136,127,0.0661765
38736,136,127,0.0661765
38746,136,127,0.0661765
38756,136,127,0.0661765
38764,136,127,0.0661765
38772,136,127,0.0661765
38782,136,127,0.0661765
38791,136,127,0.0661765
38800,136,127,0.0661765
38810,136,127,0.0661765
38819,136,127,0.0661765
38828,136,127,0.0661765
38840,136,127,0.0661765
38850,136,127,0.0661765
38859,136,127,0.0661765
38868,136,127,0.0661765
38877,136,127,0.0661765
38885,136,127,0.0661765
38894,136,127,0.0661765
38904,136,127,0.0661765
38914,136,127,0.0661765
38925,136,127,0.0661765
38932,136,127,0.0661765
38940,136,127,0.0661765
38949,136,127,0.0661765
38959,136,127,0.0661765
38965,136,127,0.0661765
38975,136,127,0.0661765
38985,136,127,0.0661765
38993,136,127,0.0661765
39002,136,127,0.0661765
39011,136,127,0.0661765
39019,136,127,0.0661765
39029,136,127,0.0661765
39038,136,127,0.0661765
39047,136,127,0.0661765
39059,136,127,0.0661765
39069,136,127,0.0661765
39079,136,127,0.0661765
39086,136,127,0.0661765
39095,136,127,0.0661765
39104,136,127,0.0661765
39115,136,127,0.0661765
39124,136,127,0.0661765
39132,136,127,0.0661765
39143,136,127,0.0661765
39154,136,127,0.0661765
39163,136,127,0.0661765
39174,136,127,0.0661765
39180,136,127,0.0661765
39189,136,127,0.0661765
39197,136,127,0.0661765
39208,136,127,0.0661765
39218,136,127,0.0661765
39224,136,127,0.0661765
39234,136,127,0.0661765
39244,136,127,0.0661765
39255,136,127,0.0661765
39266,136,127,0.0661765
39277,136,127,0.0661765
39288,136,127,0.0661765
39296,136,127,0.0661765
39307,136,127,0.0661765
39317,136,127,0.0661765
39328,136,127,0.0661765
39338,136,127,0.0661765
39345,136,127,0.0661765
39355,136,127,0.0661765
39366,136,127,0.0661765
39377,136,127,0.0661765
39388,136,127,0.0661765
39399,136,127,0.0661765
39409,136,127,0.0661765
39418,136,127,0.0661765
39428,136,127,0.0661765
39440,136,127,0.0661765
39449,136,127,0.0661765
39457,136,127,0.0661765
39465,136,127,0.0661765
39474,136,127,0.0661765
39484,136,127,0.0661765
39494,136,127,0.0661765
39504,136,127,0.0661765
39514,136,127,0.0661765
39525,136,127,0.0661765
39535,136,127,0.0661765
39545,136,127,0.0661765
39556,136,127,0.0661765
39564,136,127,0.0661765
39573,136,127,0.0661765
39583,136,127,0.0661765
39591,136,127,0.0661765
39602,136,127,0.0661765
39613,136,127,0.0661765
39622,136,127,0.0661765
39633,136,127,0.0661765
39641,136,127,0.0661765
39651,136,127,0.0661765
39661,136,127,0.0661765
39672,136,127,0.0661765
39681,136,127,0.0661765
39688,136,127,0.0661765
39699,136,127,0.0661765
39709,136,127,0.0661765
39719,136,127,0.0661765
39729,136,127,0.0661765
39738,136,127,0.0661765
39749,136,127,0.0661765
39758,136,127,0.0661765
39769,136,127,0.0661765
39776,136,127,0.0661765
39787,136,127,0.0661765
39797,136,127,0.0661765
39807,136,127,0.0661765
39816,136,127,0.0661765
39824,136,127,0.0661765
39834,136,127,0.0661765
39841,136,127,0.0661765
39851,136,127,0.0661765
39862,136,127,0.0661765
39869,136,127,0.0661765
39879,136,127,0.0661765
39890,136,127,0.0661765
39899,136,127,0.0661765
39910,136,127,0.0661765
39918,136,127,0.0661765
39927,136,127,0.0661765
39937,136,127,0.0661765
39947,136,127,0.0661765
39956,136,127,0.0661765
39965,136,127,0.0661765
39976,136,127,0.0661765
39984,136,127,0.0661765
39993,136,127,0.0661765
40004,136,127,0.0661765
40012,136,127,0.0661765
40020,136,127,0.0661765
40031,136,127,0.0661765
40039,136,127,0.0661765
40047,136,127,0.0661765
40058,136,127,0.0661765
40070,136,127,0.0661765
40081,136,127,0.0661765
40092,136,127,0.0661765
40098,136,127,0.0661765
40106,136,127,0.0661765
40116,136,127,0.0661765
40125,136,127,0.0661765
40135,136,127,0.0661765
40144,136,127,0.0661765
40154,136,127,0.0661765
40165,136,127,0.0661765
40173,136,127,0.0661765
40183,136,127,0.0661765
40194,136,127,0.0661765
40205,136,127,0.0661765
40215,136,127,0.0661765
40225,136,127,0.0661765
40236,136,127,0.0661765
40246,136,127,0.0661765
40257,136,127,0.0661765
40268,136,127,0.0661765
40279,136,127,0.0661765
40290,136,127,0.0661765
40299,136,127,0.0661765
40310,136,127,0.0661765
40318,136,127,0.0661765
40327,136,127,0.0661765
40337,136,127,0.0661765
40347,136,127,0.0661765
40355,136,127,0.0661765
40365,136,127,0.0661765
40374,136,127,0.0661765
40380,136,127,0.0661765
40389,136,127,0.0661765
40399,136,127,0.0661765
40408,136,127,0.0661765
40417,136,127,0.0661765
40427,136,127,0.0661765
40436,136,127,0.0661765
40447,136,127,0.0661765
40457,136,127,0.0661765
40467,136,127,0.0661765
40477,136,127,0.0661765
40486,136,127,0.0661765
40496,136,127,0.0661765
40505,136,127,0.0661765
40515,136,127,0.0661765
40524,136,127,0.0661765
40535,136,127,0.0661765
40545,136,127,0.0661765
40552,136,127,0.0661765
40561,136,127,0.0661765
40569,136,127,0.0661765
40579,136,127,0.0661765
40589,136,127,0.0661765
40598,136,127,0.0661765
40608,136,127,0.0661765
40614,136,127,0.0661765
40620,136,127,0.0661765
40631,136,127,0.0661765
40642,136,127,0.0661765
40651,136,127,0.0661765
40660,136,127,0.0661765
40670,136,127,0.0661765
40678,136,127,0.0661765
40687,136,127,0.0661765
40699,136,127,0.0661765
40709,136,127,0.0661765
40720,136,127,0.0661765
40727,136,127,0.0661765
40737,136,127,0.0661765
40748,136,127,0.0661765
40758,136,127,0.0661765
40767,136,127,0.0661765
40778,136,127,0.0661765
40784,136,127,0.0661765
40794,136,127,0.0661765
40803,136,127,0.0661765
40809,136,127,0.0661765
40817,136,127,0.0661765
40827,136,127,0.0661765
40838,136,127,0.0661765
40846,136,127,0.0661765
40854,136,127,0.0661765
40863,136,127,0.0661765
40872,136,127,0.0661765
40883,136,127,0.0661765
40894,136,127,0.0661765
40904,136,127,0.0661765
40914,136,127,0.0661765
40923,136,127,0.0661765
40933,136,127,0.0661765
40944,136,127,0.0661765
40952,136,127,0.0661765
40963,136,127,0.0661765
40972,136,127,0.0661765
40984,136,127,0.0661765
40994,136,127,0.0661765
41004,136,127,0.0661765
41013,136,127,0.0661765
41022,136,127,0.0661765
41031,136,127,0.0661765
41038,136,127,0.0661765
41051,136,127,0.0661765
41060,136,127,0.0661765
41071,136,127,0.0661765
41081,136,127,0.0661765
41092,136,127,0.0661765
41099,136,127,0.0661765
41110,136,127,0.0661765
41120,136,127,0.0661765
41130,136,127,0.0661765
41138,136,127,0.0661765
41148,136,127,0.0661765
41158,136,127,0.0661765
41167,136,127,0.0661765
41177,136,127,0.0661765
41187,136,127,0.0661765
41198,136,127,0.0661765
41207,136,127,0.0661765
41214,136,127,0.0661765
41224,136,127,0.0661765
41233,136,127,0.0661765
41244,136,127,0.0661765
41253,136,127,0.0661765
41263,136,127,0.0661765
41272,136,127,0.0661765
41281,136,127,0.0661765
41293,136,127,0.0661765
41301,136,127,0.0661765
41311,136,127,0.0661765
41322,136,127,0.0661765
41332,136,127,0.0661765
41342,136,127,0.0661765
41352,136,127,0.0661765
41362,136,127,0.0661765
41369,136,127,0.0661765
41379,136,127,0.0661765
41389,136,127,0.0661765
41399,136,127,0.0661765
41409,136,127,0.0661765
41421,136,127,0.0661765
41430,136,127,0.0661765
41437,136,127,0.0661765
41449,136,127,0.0661765
41460,136,127,0.0661765
41470,136,127,0.0661765
41479,136,127,0.0661765
41490,136,127,0.0661765
41501,136,127,0.0661765
41511,136,127,0.0661765
41522,136,127,0.0661765
41529,136,127,0.0661765
41539,136,127,0.0661765
41550,136,127,0.0661765
41560,136,127,0.0661765
41570,136,127,0.0661765
41580,136,127,0.0661765
41590,136,127,0.0661765
41599,136,127,0.0661765
41609,136,127,0.0661765
41617,136,127,0.0661765
41628,136,127,0.0661765
41638,136,127,0.0661765
41649,136,127,0.0661765
41658,136,127,0.0661765
41668,136,127,0.0661765
41678,136,127,0.0661765
41689,136,127,0.0661765
41700,136,127,0.0661765
41709,136,127,0.0661765
41720,136,127,0.0661765
41730,136,127,0.0661765
41741,136,127,0.0661765
41749,136,127,0.0661765
41756,136,127,0.0661765
41765,136,127,0.0661765
41776,136,127,0.0661765
41786,136,127,0.0661765
41795,136,127,0.0661765
41803,136,127,0.0661765
41812,136,127,0.0661765
41823,136,127,0.0661765
41833,136,127,0.0661765
41842,136,127,0.0661765
41853,136,127,0.0661765
41864,136,127,0.0661765
41873,136,127,0.0661765
41883,136,127,0.0661765
41894,136,127,0.0661765
41900,136,127,0.0661765
41909,136,127,0.0661765
41919,136,127,0.0661765
41927,136,127,0.0661765
41935,136,127,0.0661765
41946,136,127,0.0661765
41957,136,127,0.0661765
41967,136,127,0.0661765
41978,136,127,0.0661765
41987,136,127,0.0661765
41995,136,127,0.0661765
42005,136,127,0.0661765
42015,136,127,0.0661765
42025,136,127,0.0661765
42035,136,127,0.0661765
42045,136,127,0.0661765
42054,136,127,0.0661765
42063,136,127,0.0661765
42075,136,127,0.0661765
42086,136,127,0.0661765
42094,136,127,0.0661765
42104,136,127,0.0661765
42112,136,127,0.0661765
42122,136,127,0.0661765
42133,136,127,0.0661765
42145,136,127,0.0661765
42155,136,127,0.0661765
42165,136,127,0.0661765
42177,136,127,0.0661765
42185,136,127,0.0661765
42196,136,127,0.0661765
42206,136,127,0.0661765
42215,136,127,0.0661765
42227,136,127,0.0661765
42237,136,127,0.0661765
42246,136,127,0.0661765
42257,136,127,0.0661765
42268,136,127,0.0661765
42277,136,127,0.0661765
42288,136,127,0.0661765
42296,136,127,0.0661765
42306,136,127,0.0661765
42315,136,127,0.0661765
42325,136,127,0.0661765
42332,136,127,0.0661765
42342,136,127,0.0661765
42352,136,127,0.0661765
42360,136,127,0.0661765
42368,136,127,0.0661765
42378,136,127,0.0661765
42390,136,127,0.0661765
42400,136,127,0.0661765
42408,136,127,0.0661765
42418,136,127,0.0661765
42429,136,127,0.0661765
42437,136,127,0.0661765
42446,136,127,0.0661765
42456,136,127,0.0661765
42466,136,127,0.0661765
42476,136,127,0.0661765
42487,136,127,0.0661765
42498,136,127,0.0661765
42508,136,127,0.0661765
42515,136,127,0.0661765
42526,136,127,0.0661765
42537,136,127,0.0661765
42547,136,127,0.0661765
42555,136,127,0.0661765
42565,136,127,0.0661765
42577,136,127,0.0661765
42586,136,127,0.0661765
42598,136,127,0.0661765
42607,136,127,0.0661765
42617,136,127,0.0661765
42628,136,127,0.0661765
42639,136,127,0.0661765
42645,136,127,0.0661765
42653,136,127,0.0661765
42663,136,127,0.0661765
42673,136,127,0.0661765
42684,136,127,0.0661765
42693,136,127,0.0661765
42702,136,127,0.0661765
42713,136,127,0.0661765
42722,136,127,0.0661765
42733,136,127,0.0661765
42744,136,127,0.0661765
42755,136,127,0.0661765
42762,136,127,0.0661765
42773,136,127,0.0661765
42783,136,127,0.0661765
42794,136,127,0.0661765
42803,136,127,0.0661765
42813,136,127,0.0661765
42822,136,127,0.0661765
42834,136,127,0.0661765
42846,136,127,0.0661765
42855,136,127,0.0661765
42866,136,127,0.0661765
42877,136,127,0.0661765
42888,136,127,0.0661765
42899,136,127,0.0661765
42910,136,127,0.0661765
42920,136,127,0.0661765
42928,136,127,0.0661765
42938,136,127,0.0661765
42950,136,127,0.0661765
42962,136,127,0.0661765
42971,136,127,0.0661765
42982,136,127,0.0661765
42990,136,127,0.0661765
42996,136,127,0.0661765
43006,136,127,0.0661765
43015,136,127,0.0661765
43026,136,127,0.0661765
43035,136,127,0.0661765
43045,136,127,0.0661765
43050,136,127,0.0661765
43054,136,127,0.0661765
43067,136,127,0.0661765
43079,136,127,0.0661765
43089,136,127,0.0661765
43098,136,127,0.0661765
43108,136,127,0.0661765
43115,136,127,0.0661765
43125,136,127,0.0661765
43136,136,127,0.0661765
43148,136,127,0.0661765
43156,136,127,0.0661765
43165,136,127,0.0661765
43174,136,127,0.0661765
43184,136,127,0.0661765
43193,136,127,0.0661765
43205,136,127,0.0661765
43216,136,127,0.0661765
43228,136,127,0.0661765
43239,136,127,0.0661765
43249,136,127,0.0661765
43255,136,127,0.0661765
43263,136,127,0.0661765
43272,136,127,0.0661765
43283,136,127,0.0661765
43294,136,127,0.0661765
43304,136,127,0.0661765
43313,136,127,0.0661765
43323,136,127,0.0661765
43330,136,127,0.0661765
43339,136,127,0.0661765
43348,136,127,0.0661765
43358,136,127,0.0661765
43369,136,127,0.0661765
43380,136,127,0.0661765
43391,136,127,0.0661765
43402,136,127,0.0661765
43413,136,127,0.0661765
43423,136,127,0.0661765
43434,136,127,0.0661765
43445,136,127,0.0661765
43455,136,127,0.0661765
43463,136,127,0.0661765
43472,136,127,0.0661765
43484,136,127,0.0661765
43493,136,127,0.0661765
43503,136,127,0.0661765
43511,136,127,0.0661765
43521,136,127,0.0661765
43530,136,127,0.0661765
43540,136,127,0.0661765
43551,136,127,0.0661765
43559,136,127,0.0661765
43568,136,127,0.0661765
43579,136,127,0.0661765
43589,136,127,0.0661765
43600,136,127,0.0661765
43608,136,127,0.0661765
43617,136,127,0.0661765
43625,136,127,0.0661765
43635,136,127,0.0661765
43646,136,127,0.0661765
43655,136,127,0.0661765
43664,136,127,0.0661765
43675,136,127,0.0661765
43683,136,127,0.0661765
43692,136,127,0.0661765
43701,136,127,0.0661765
43707,136,127,0.0661765
43717,136,127,0.0661765
43724,136,127,0.0661765
43734,136,127,0.0661765
43742,136,127,0.0661765
43753,136,127,0.0661765
43762,136,127,0.0661765
43771,136,127,0.0661765
43781,136,127,0.0661765
43790,136,127,0.0661765
43800,136,127,0.0661765
43810,136,127,0.0661765
43820,136,127,0.0661765
43829,136,127,0.0661765
43838,136,127,0.0661765
43849,136,127,0.0661765
43858,136,127,0.0661765
43865,136,127,0.0661765
43876,136,127,0.0661765
43887,136,127,0.0661765
43895,136,127,0.0661765
43905,136,127,0.0661765
43912,136,127,0.0661765
43923,136,127,0.0661765
43931,136,127,0.0661765
43935,136,127,0.0661765
43945,136,127,0.0661765
43956,136,127,0.0661765
43966,136,127,0.0661765
43978,136,127,0.0661765
43989,136,127,0.0661765
43998,136,127,0.0661765
44010,136,127,0.0661765
44018,136,127,0.0661765
44030,136,127,0.0661765
44041,136,127,0.0661765
44047,136,127,0.0661765
44059,136,127,0.0661765
44071,136,127,0.0661765
44081,136,127,0.0661765
44092,136,127,0.0661765
44099,136,127,0.0661765
44108,136,127,0.0661765
44118,136,127,0.0661765
44126,136,127,0.0661765
44137,136,127,0.0661765
44148,136,127,0.0661765
44156,136,127,0.0661765
44164,136,127,0.0661765
44174,136,127,0.0661765
44185,136,127,0.0661765
44195,136,127,0.0661765
44202,136,127,0.0661765
44212,136,127,0.0661765
44220,136,127,0.0661765
44229,136,127,0.0661765
44241,136,127,0.0661765
44250,136,127,0.0661765
44260,136,127,0.0661765
44272,136,127,0.0661765
44282,136,127,0.0661765
44292,136,127,0.0661765
44301,136,127,0.0661765
44312,136,127,0.0661765
44323,136,127,0.0661765
44331,136,127,0.0661765
44341,136,127,0.0661765
44351,136,127,0.0661765
44360,136,127,0.0661765
44370,136,127,0.0661765
44376,136,127,0.0661765
44388,136,127,0.0661765
44397,136,127,0.0661765
44408,136,127,0.0661765
44417,136,127,0.0661765
44426,136,127,0.0661765
44438,136,127,0.0661765
44448,136,127,0.0661765
44459,136,127,0.0661765
44468,136,127,0.0661765
44477,136,127,0.0661765
44488,136,127,0.0661765
44498,136,127,0.0661765
44510,136,127,0.0661765
44520,136,127,0.0661765
44528,136,127,0.0661765
44539,136,127,0.0661765
44548,136,127,0.0661765
44555,136,127,0.0661765
44566,136,127,0.0661765
44576,136,127,0.0661765
44586,136,127,0.0661765
44596,136,127,0.0661765
44607,136,127,0.0661765
44611,136,127,0.0661765
44622,136,127,0.0661765
44632,136,127,0.0661765
44643,136,127,0.0661765
44650,136,127,0.0661765
44659,136,127,0.0661765
44669,136,127,0.0661765
44678,136,127,0.0661765
44688,136,127,0.0661765
44695,136,127,0.0661765
44704,136,127,0.0661765
44716,136,127,0.0661765
44726,136,127,0.0661765
44737,136,127,0.0661765
44747,136,127,0.0661765
44758,136,127,0.0661765
44769,136,127,0.0661765
44778,136,127,0.0661765
44788,136,127,0.0661765
44799,136,127,0.0661765
44810,136,127,0.0661765
44821,136,127,0.0661765
44832,136,127,0.0661765
44842,136,127,0.0661765
44854,136,127,0.0661765
44865,136,127,0.0661765
44877,136,127,0.0661765
44889,136,127,0.0661765
44899,136,127,0.0661765
44907,136,127,0.0661765
44919,136,127,0.0661765
44929,136,127,0.0661765
44941,136,127,0.0661765
44951,136,127,0.0661765
44964,136,127,0.0661765
44973,136,127,0.0661765
44984,136,127,0.0661765
44991,136,127,0.0661765
44999,136,127,0.0661765
45008,136,127,0.0661765
45018,136,127,0.0661765
45029,136,127,0.0661765
45039,136,127,0.0661765
45051,136,127,0.0661765
45063,136,127,0.0661765
45075,136,127,0.0661765
45086,136,127,0.0661765
45095,136,127,0.0661765
45103,136,127,0.0661765
45113,136,127,0.0661765
45125,136,127,0.0661765
45136,136,127,0.0661765
45148,136,127,0.0661765
45157,136,127,0.0661765
45165,136,127,0.0661765
45176,136,127,0.0661765
45186,136,127,0.0661765
45196,136,127,0.0661765
45208,136,127,0.0661765
45214,136,127,0.0661765
45220,136,127,0.0661765
45233,136,127,0.0661765
45242,136,127,0.0661765
45249,136,127,0.0661765
45261,136,127,0.0661765
45270,136,127,0.0661765
45282,136,127,0.0661765
45290,136,127,0.0661765
45301,136,127,0.0661765
45313,136,127,0.0661765
45322,136,127,0.0661765
45333,136,127,0.0661765
45345,136,127,0.0661765
45354,136,127,0.0661765
45362,136,127,0.0661765
45372,136,127,0.0661765
45382,136,127,0.0661765
45393,136,127,0.0661765
45403,136,127,0.0661765
45415,136,127,0.0661765
45425,136,127,0.0661765
45432,136,127,0.0661765
45443,136,127,0.0661765
45455,136,127,0.0661765
45467,136,127,0.0661765
45478,136,127,0.0661765
45489,136,127,0.0661765
45502,136,127,0.0661765
45513,136,127,0.0661765
45521,136,127,0.0661765
45533,136,127,0.0661765
45544,136,127,0.0661765
45556,136,127,0.0661765
45567,136,127,0.0661765
45575,136,127,0.0661765
45582,136,127,0.0661765
45589,136,127,0.0661765
45601,136,127,0.0661765
45613,136,127,0.0661765
45622,136,127,0.0661765
45633,136,127,0.0661765
45640,136,127,0.0661765
45649,136,127,0.0661765
45661,136,127,0.0661765
45671,136,127,0.0661765
45682,136,127,0.0661765
45694,136,127,0.0661765
45702,136,127,0.0661765
45714,136,127,0.0661765
45723,136,127,0.0661765
45730,136,127,0.0661765
45741,136,127,0.0661765
45749,136,127,0.0661765
45759,136,127,0.0661765
45771,136,127,0.0661765
45779,136,127,0.0661765
45789,136,127,0.0661765
45799,136,127,0.0661765
45809,136,127,0.0661765
45819,136,127,0.0661765
45828,136,127,0.0661765
45841,136,127,0.0661765
45853,136,127,0.0661765
45861,136,127,0.0661765
45873,136,127,0.0661765
45885,136,127,0.0661765
45894,136,127,0.0661765
45905,136,127,0.0661765
45917,136,127,0.0661765
45927,136,127,0.0661765
45939,136,127,0.0661765
45948,136,127,0.0661765
45958,136,127,0.0661765
45969,136,127,0.0661765
45980,136,127,0.0661765
45991,136,127,0.0661765
46001,136,127,0.0661765
46011,136,127,0.0661765
46023,136,127,0.0661765
46034,136,127,0.0661765
46045,136,127,0.0661765
46059,136,127,0.0661765
46066,136,127,0.0661765
46072,136,127,0.0661765
46083,136,127,0.0661765
46093,136,127,0.0661765
46104,136,127,0.0661765
46112,136,127,0.0661765
46123,136,127,0.0661765
46134,136,127,0.0661765
46146,136,127,0.0661765
46155,136,127,0.0661765
46166,136,127,0.0661765
46176,136,127,0.0661765
46187,136,127,0.0661765
46195,136,127,0.0661765
46206,136,127,0.0661765
46211,136,127,0.0661765
46218,136,127,0.0661765
46231,136,127,0.0661765
46238,136,127,0.0661765
46247,136,127,0.0661765
46259,136,127,0.0661765
46272,136,127,0.0661765
46283,136,127,0.0661765
46292,136,127,0.0661765
46301,136,127,0.0661765
46307,136,127,0.0661765
46318,136,127,0.0661765
46330,136,127,0.0661765
46334,136,127,0.0661765
46342,136,127,0.0661765
46353,136,127,0.0661765
46365,136,127,0.0661765
46370,136,127,0.0661765
46380,136,127,0.0661765
46384,136,127,0.0661765
46392,136,127,0.0661765
46402,136,127,0.0661765
46411,136,127,0.0661765
46417,136,127,0.0661765
46427,136,127,0.0661765
46438,136,127,0.0661765
46442,136,127,0.0661765
46443,136,127,0.0661765
46445,136,127,0.0661765
46447,136,127,0.0661765
46448,136,127,0.0661765
46450,136,127,0.0661765
46452,136,127,0.0661765
46454,136,127,0.0661765
46456,136,127,0.0661765
46458,136,127,0.0661765
46460,136,127,0.0661765
46462,136,127,0.0661765
46464,136,127,0.0661765
46466,136,127,0.0661765
46468,136,127,0.0661765
46471,136,127,0.0661765
46473,136,127,0.0661765
46475,136,127,0.0661765
46477,136,127,0.0661765
46480,136,127,0.0661765
46482,136,127,0.0661765
46484,136,127,0.0661765
46487,136,127,0.0661765
46489,136,127,0.0661765
46492,136,127,0.0661765
46494,136,127,0.0661765
46497,136,127,0.0661765
46499,136,127,0.0661765
46502,136,127,0.0661765
46504,136,127,0.0661765
46507,136,127,0.0661765
46510,136,127,0.0661765
46512,136,127,0.0661765
46515,136,127,0.0661765
46518,136,127,0.0661765
46521,136,127,0.0661765
46523,136,127,0.0661765
46526,136,127,0.0661765
46529,136,127,0.0661765
46532,136,127,0.0661765
46535,136,127,0.0661765
46538,136,127,0.0661765
46542,136,127,0.0661765
46545,136,127,0.0661765
46548,136,127,0.0661765
46552,136,127,0.0661765
46555,136,127,0.0661765
46559,136,127,0.0661765
46562,136,127,0.0661765
46566,136,127,0.0661765
46569,136,127,0.0661765
46573,136,127,0.0661765
46577,136,127,0.0661765
46580,136,127,0.0661765
46584,136,127,0.0661765
46588,136,127,0.0661765
46592,136,127,0.0661765
46595,136,127,0.0661765
46599,136,127,0.0661765
46603,136,127,0.0661765
46607,136,127,0.0661765
46611,136,127,0.0661765
46615,136,127,0.0661765
46619,136,127,0.0661765
46624,136,127,0.0661765
46628,136,127,0.0661765
46632,136,127,0.0661765
46636,136,127,0.0661765
46640,136,127,0.0661765
46644,136,127,0.0661765
46649,136,127,0.0661765
46653,136,127,0.0661765
46657,136,127,0.0661765
46661,136,127,0.0661765
46666,136,127,0.0661765
46670,136,127,0.0661765
46674,136,127,0.0661765
46679,136,127,0.0661765
46683,136,127,0.0661765
46688,136,127,0.0661765
46692,136,127,0.0661765
46697,136,127,0.0661765
46701,136,127,0.0661765
46706,136,127,0.0661765
46710,136,127,0.0661765
46715,136,127,0.0661765
46719,136,127,0.0661765
46724,136,127,0.0661765
46729,136,127,0.0661765
46733,136,127,0.0661765
46738,136,127,0.0661765
46743,136,127,0.0661765
46748,136,127,0.0661765
46752,136,127,0.0661765
46757,136,127,0.0661765
46762,136,127,0.0661765
46767,136,127,0.0661765
46771,136,127,0.0661765
46776,136,127,0.0661765
46781,136,127,0.0661765
46786,136,127,0.0661765
46791,136,127,0.0661765
46796,136,127,0.0661765
46800,136,127,0.0661765
46805,136,127,0.0661765
46810,136,127,0.0661765
46815,136,127,0.0661765
46821,136,127,0.0661765
46826,136,127,0.0661765
46831,136,127,0.0661765
46837,136,127,0.0661765
46843,136,127,0.0661765
46850,136,127,0.0661765
46855,136,127,0.0661765
46861,136,127,0.0661765
46866,136,127,0.0661765
46871,136,127,0.0661765
46877,136,127,0.0661765
46882,136,127,0.0661765
46888,136,127,0.0661765
46894,136,127,0.0661765
46900,136,127,0.0661765
46906,136,127,0.0661765
46912,136,127,0.0661765
46918,136,127,0.0661765
46924,136,127,0.0661765
46930,136,127,0.0661765
46937,136,127,0.0661765
46943,136,127,0.0661765
46949,136,127,0.0661765
46956,136,127,0.0661765
46962,136,127,0.0661765
46969,136,127,0.0661765
46975,136,127,0.0661765
46982,136,127,0.0661765
46988,136,127,0.0661765
46995,136,127,0.0661765
47002,136,127,0.0661765
47008,136,127,0.0661765
47014,136,127,0.0661765
47021,136,127,0.0661765
47028,136,127,0.0661765
47035,136,127,0.0661765
47041,136,127,0.0661765
47048,136,127,0.0661765
47055,136,127,0.0661765
47062,136,127,0.0661765
47084,136,127,0.0661765
47097,136,127,0.0661765
47120,136,127,0.0661765
47133,136,127,0.0661765
47146,136,127,0.0661765
47168,136,127,0.0661765
47195,136,127,0.0661765
47205,136,127,0.0661765
47213,136,127,0.0661765
47220,136,127,0.0661765
47228,136,127,0.0661765
47236,136,127,0.0661765
47244,136,127,0.0661765
47252,136,127,0.0661765
47259,136,127,0.0661765
47267,136,127,0.0661765
47274,136,127,0.0661765
47281,136,127,0.0661765
47289,136,127,0.0661765
47296,136,127,0.0661765
47304,136,127,0.0661765
47311,136,127,0.0661765
47319,136,127,0.0661765
47327,136,127,0.0661765
47336,136,127,0.0661765
47343,136,127,0.0661765
47351,136,127,0.0661765
47359,136,127,0.0661765
47367,136,127,0.0661765
47375,136,127,0.0661765
47384,136,127,0.0661765
47392,136,127,0.0661765
47400,136,127,0.0661765
47409,136,127,0.0661765
47416,136,127,0.0661765
47424,136,127,0.0661765
47433,136,127,0.0661765
47441,136,127,0.0661765
47449,136,127,0.0661765
47457,136,127,0.0661765
47465,136,127,0.0661765
47474,136,127,0.0661765
47483,136,127,0.0661765
47491,136,127,0.0661765
47520,136,127,0.0661765
47529,136,127,0.0661765
47537,136,127,0.0661765
47545,136,127,0.0661765
47553,136,127,0.0661765
47561,136,127,0.0661765
47570,136,127,0.0661765
47579,136,127,0.0661765
47587,136,127,0.0661765
47595,136,127,0.0661765
47603,136,127,0.0661765
47611,136,127,0.0661765
47620,136,127,0.0661765
47628,136,127,0.0661765
47637,136,127,0.0661765
47646,136,127,0.0661765
47655,136,127,0.0661765
47663,136,127,0.0661765
47672,136,127,0.0661765
47681,136,127,0.0661765
47691,136,127,0.0661765
47718,136,127,0.0661765
47728,136,127,0.0661765
47737,136,127,0.0661765
47746,136,127,0.0661765
47755,136,127,0.0661765
47764,136,127,0.0661765
47774,136,127,0.0661765
47785,136,127,0.0661765
47794,136,127,0.0661765
47803,136,127,0.0661765
47812,136,127,0.0661765
47822,136,127,0.0661765
47831,136,127,0.0661765
47840,136,127,0.0661765
47850,136,127,0.0661765
47860,136,127,0.0661765
47870,136,127,0.0661765
47879,136,127,0.0661765
47889,136,127,0.0661765
47899,136,127,0.0661765
47909,136,127,0.0661765
47918,136,127,0.0661765
47928,136,127,0.0661765
47938,136,127,0.0661765
47948,136,127,0.0661765
47957,136,127,0.0661765
47967,136,127,0.0661765
47977,136,127,0.0661765
47987,136,127,0.0661765
47996,136,127,0.0661765
48006,136,127,0.0661765
48015,136,127,0.0661765
48024,136,127,0.0661765
48033,136,127,0.0661765
48043,136,127,0.0661765
48052,136,127,0.0661765
48062,136,127,0.0661765
48073,136,127,0.0661765
48083,136,127,0.0661765
48092,136,127,0.0661765
48101,136,127,0.0661765
48111,136,127,0.0661765
48121,136,127,0.0661765
48131,136,127,0.0661765
48141,136,127,0.0661765
48150,136,127,0.0661765
48160,136,127,0.0661765
48171,136,127,0.0661765
48180,136,127,0.0661765
48191,136,127,0.0661765
48201,135,127,0.0592593
48210,135,127,0.0592593
48219,135,127,0.0592593
48227,135,127,0.0592593
48236,135,127,0.0592593
48245,135,127,0.0592593
48253,135,127,0.0592593
48261,135,127,0.0592593
48269,135,127,0.0592593
48278,135,127,0.0592593
48286,135,127,0.0592593
48294,135,127,0.0592593
48302,135,127,0.0592593
48311,135,127,0.0592593
48319,135,127,0.0592593
48327,135,127,0.0592593
48335,135,127,0.0592593
48343,135,127,0.0592593
48351,135,127,0.0592593
48358,135,127,0.0592593
48366,135,127,0.0592593
48374,135,127,0.0592593
48382,135,127,0.0592593
48389,135,127,0.0592593
48397,135,127,0.0592593
48405,135,127,0.0592593
48413,135,127,0.0592593
48421,135,127,0.0592593
48428,135,127,0.0592593
48436,135,127,0.0592593
48443,135,127,0.0592593
48451,135,127,0.0592593
48458,135,127,0.0592593
48465,135,127,0.0592593
48472,135,127,0.0592593
48480,135,127,0.0592593
48487,135,127,0.0592593
48493,135,127,0.0592593
48500,135,127,0.0592593
48507,135,127,0.0592593
48514,135,127,0.0592593
48520,135,127,0.0592593
48527,135,127,0.0592593
48533,135,127,0.0592593
48540,135,127,0.0592593
48546,135,127,0.0592593
48552,135,127,0.0592593
48558,135,127,0.0592593
48564,135,127,0.0592593
48570,135,127,0.0592593
48576,135,127,0.0592593
48582,135,127,0.0592593
48587,135,127,0.0592593
48593,135,127,0.0592593
48599,135,127,0.0592593
48604,135,127,0.0592593
48610,135,127,0.0592593
48615,135,127,0.0592593
48620,135,127,0.0592593
48625,135,127,0.0592593
48630,135,127,0.0592593
48635,135,127,0.0592593
48639,135,127,0.0592593
48644,135,127,0.0592593
48648,135,127,0.0592593
48652,135,127,0.0592593
48657,135,127,0.0592593
48661,135,127,0.0592593
48665,135,127,0.0592593
48670,135,127,0.0592593
48675,135,127,0.0592593
48679,135,127,0.0592593
48683,135,127,0.0592593
48687,135,127,0.0592593
48691,135,127,0.0592593
48695,135,127,0.0592593
48699,135,127,0.0592593
48703,135,127,0.0592593
48707,135,127,0.0592593
48710,135,127,0.0592593
48715,135,127,0.0592593
48718,135,127,0.0592593
48722,135,127,0.0592593
48725,135,127,0.0592593
48728,135,127,0.0592593
48732,135,127,0.0592593
48735,135,127,0.0592593
48738,135,127,0.0592593
48741,135,127,0.0592593
48744,135,127,0.0592593
48748,135,127,0.0592593
48750,135,127,0.0592593
48753,135,127,0.0592593
48756,135,127,0.0592593
48758,135,127,0.0592593
48761,135,127,0.0592593
48763,135,127,0.0592593
48766,135,127,0.0592593
48768,135,127,0.0592593
48770,135,127,0.0592593
48772,135,127,0.0592593
48774,135,127,0.0592593
48776,135,127,0.0592593
48778,135,127,0.0592593
48780,135,127,0.0592593
48782,135,127,0.0592593
48784,135,127,0.0592593
48786,135,127,0.0592593
48787,135,127,0.0592593
48789,135,127,0.0592593
48790,135,127,0.0592593
48792,135,127,0.0592593
48793,135,127,0.0592593
48795,135,127,0.0592593
48796,135,127,0.0592593
48797,135,127,0.0592593
48798,135,127,0.0592593
48799,135,127,0.0592593
48800,135,127,0.0592593
48800,135,127,0.0592593
48801,135,127,0.0592593
48802,135,127,0.0592593
48802,135,127,0.0592593
48803,135,127,0.0592593
48804,135,127,0.0592593
48804,135,127,0.0592593
48804,135,127,0.0592593
48805,135,127,0.0592593
48805,135,127,0.0592593
48806,135,127,0.0592593
48806,135,127,0.0592593
48807,135,127,0.0592593
48807,135,127,0.0592593
48807,135,127,0.0592593
48808,135,127,0.0592593
48808,135,127,0.0592593
48809,135,127,0.0592593
48809,135,127,0.0592593
48810,135,127,0.0592593
48810,135,127,0.0592593
48811,135,127,0.0592593
48815,135,127,0.0592593
48819,135,127,0.0592593
48823,135,127,0.0592593
48827,135,127,0.0592593
48831,135,127,0.0592593
48834,135,127,0.0592593
48838,135,127,0.0592593
48842,135,127,0.0592593
48846,135,127,0.0592593
48851,135,127,0.0592593
48854,135,127,0.0592593
48858,135,127,0.0592593
48861,135,127,0.0592593
48864,135,127,0.0592593
48867,135,127,0.0592593
48871,135,127,0.0592593
48874,135,127,0.0592593
48876,135,127,0.0592593
48879,135,127,0.0592593
48882,135,127,0.0592593
48884,135,127,0.0592593
48886,135,127,0.0592593
48888,135,127,0.0592593
48891,135,127,0.0592593
48893,135,127,0.0592593
48895,135,127,0.0592593
48897,135,127,0.0592593
48898,135,127,0.0592593
48900,135,127,0.0592593
48902,135,127,0.0592593
48904,135,127,0.0592593
48906,135,127,0.0592593
48907,135,127,0.0592593
48909,135,127,0.0592593
48910,135,127,0.0592593
48912,135,127,0.0592593
48913,135,127,0.0592593
48914,135,127,0.0592593
48916,135,127,0.0592593
48917,135,127,0.0592593
48918,135,127,0.0592593
48919,135,127,0.0592593
48919,135,127,0.0592593
48920,135,127,0.0592593
48921,135,127,0.0592593
48922,135,127,0.0592593
48922,135,127,0.0592593
48923,135,127,0.0592593
48924,135,127,0.0592593
48924,135,127,0.0592593
48925,135,127,0.0592593
48927,135,127,0.0592593
48938,135,127,0.0592593
48949,135,127,0.0592593
48960,135,127,0.0592593
48971,135,127,0.0592593
48982,135,127,0.0592593
48992,135,127,0.0592593
49003,135,127,0.0592593
49014,135,127,0.0592593
49024,135,127,0.0592593
49034,135,127,0.0592593
49045,135,127,0.0592593
49055,135,127,0.0592593
49067,135,127,0.0592593
49078,135,127,0.0592593
49088,135,127,0.0592593
49098,135,127,0.0592593
49108,135,127,0.0592593
49117,135,127,0.0592593
49126,135,127,0.0592593
49136,135,127,0.0592593
49145,135,127,0.0592593
49154,135,127,0.0592593
49163,135,127,0.0592593
49172,135,127,0.0592593
49180,135,127,0.0592593
49189,135,127,0.0592593
49198,135,127,0.0592593
49206,135,127,0.0592593
49215,135,127,0.0592593
49223,135,127,0.0592593
49232,135,127,0.0592593
49241,135,127,0.0592593
49249,135,127,0.0592593
49257,135,127,0.0592593
49266,135,127,0.0592593
49274,135,127,0.0592593
49283,135,127,0.0592593
49291,135,127,0.0592593
49299,135,127,0.0592593
49307,135,127,0.0592593
49315,135,127,0.0592593
49323,135,127,0.0592593
49330,135,127,0.0592593
49338,135,127,0.0592593
49346,135,127,0.0592593
49354,135,127,0.0592593
49361,135,127,0.0592593
49369,135,127,0.0592593
49376,135,127,0.0592593
49384,135,127,0.0592593
49391,135,127,0.0592593
49398,135,127,0.0592593
49405,135,127,0.0592593
49413,135,127,0.0592593
49420,135,127,0.0592593
49427,135,127,0.0592593
49434,135,127,0.0592593
49441,135,127,0.0592593
49448,135,127,0.0592593
49455,135,127,0.0592593
49461,135,127,0.0592593
49468,135,127,0.0592593
49475,135,127,0.0592593
49481,135,127,0.0592593
49487,135,127,0.0592593
49494,135,127,0.0592593
49500,135,127,0.0592593
49506,135,127,0.0592593
49513,135,127,0.0592593
49519,135,127,0.0592593
49525,135,127,0.0592593
49531,135,127,0.0592593
49536,135,127,0.0592593
49542,135,127,0.0592593
49548,135,127,0.0592593
49553,135,127,0.0592593
49558,135,127,0.0592593
49564,135,127,0.0592593
49569,135,127,0.0592593
49574,135,127,0.0592593
49579,135,127,0.0592593
49584,135,127,0.0592593
49589,135,127,0.0592593
49593,135,127,0.0592593
49598,135,127,0.0592593
49602,135,127,0.0592593
49607,135,127,0.0592593
49612,135,127,0.0592593
49616,135,127,0.0592593
49621,135,127,0.0592593
49626,135,127,0.0592593
49632,135,127,0.0592593
49636,135,127,0.0592593
49641,135,127,0.0592593
49645,135,127,0.0592593
49649,135,127,0.0592593
49653,135,127,0.0592593
49656,135,127,0.0592593
49660,135,127,0.0592593
49664,135,127,0.0592593
49668,135,127,0.0592593
49671,135,127,0.0592593
49675,135,127,0.0592593
49678,135,127,0.0592593
49682,135,127,0.0592593
49685,135,127,0.0592593
49688,135,127,0.0592593
49691,135,127,0.0592593
49695,135,127,0.0592593
49698,135,127,0.0592593
49701,135,127,0.0592593
49704,135,127,0.0592593
49706,135,127,0.0592593
49710,135,127,0.0592593
49712,135,127,0.0592593
49715,135,127,0.0592593
49717,135,127,0.0592593
49720,135,127,0.0592593
49722,135,127,0.0592593
49724,135,127,0.0592593
49726,135,127,0.0592593
49729,135,127,0.0592593
49731,135,127,0.0592593
49733,135,127,0.0592593
49735,135,127,0.0592593
49737,135,127,0.0592593
49739,135,127,0.0592593
49741,135,127,0.0592593
49743,135,127,0.0592593
49744,135,127,0.0592593
49746,135,127,0.0592593
49747,135,127,0.0592593
49749,135,127,0.0592593
49751,135,127,0.0592593
49752,135,127,0.0592593
49753,135,127,0.0592593
49755,135,127,0.0592593
49756,135,127,0.0592593
49757,135,127,0.0592593
49759,135,127,0.0592593
49760,135,127,0.0592593
49761,135,127,0.0592593
49762,135,127,0.0592593
49764,135,127,0.0592593
49765,135,127,0.0592593
49766,135,127,0.0592593
49767,135,127,0.0592593
49768,135,127,0.0592593
49770,135,127,0.0592593
49771,135,127,0.0592593
49772,135,127,0.0592593
49773,135,127,0.0592593
49775,135,127,0.0592593
49776,135,127,0.0592593
49777,135,127,0.0592593
49779,135,127,0.0592593
49780,135,127,0.0592593
49782,135,127,0.0592593
49783,135,127,0.0592593
49784,135,127,0.0592593
49786,135,127,0.0592593
49787,135,127,0.0592593
49789,135,127,0.0592593
49791,135,127,0.0592593
49792,135,127,0.0592593
49793,135,127,0.0592593
49794,135,127,0.0592593
49796,135,127,0.0592593
49797,135,127,0.0592593
49799,135,127,0.0592593
49800,135,127,0.0592593
49802,135,127,0.0592593
49804,135,127,0.0592593
49805,135,127,0.0592593
49807,135,127,0.0592593
49808,135,127,0.0592593
49809,135,127,0.0592593
49811,135,127,0.0592593
49812,135,127,0.0592593
49814,135,127,0.0592593
49815,135,127,0.0592593
49817,135,127,0.0592593
49819,135,127,0.0592593
49821,135,127,0.0592593
49822,135,127,0.0592593
49824,135,127,0.0592593
49826,135,127,0.0592593
49828,135,127,0.0592593
49830,135,127,0.0592593
49831,135,127,0.0592593
49833,135,127,0.0592593
49835,135,127,0.0592593
49837,135,127,0.0592593
49839,135,127,0.0592593
49841,135,127,0.0592593
49844,135,127,0.0592593
49846,135,127,0.0592593
49847,135,127,0.0592593
49849,135,127,0.0592593
49850,135,127,0.0592593
49852,135,127,0.0592593
49854,135,127,0.0592593
49855,135,127,0.0592593
49857,135,127,0.0592593
49858,135,127,0.0592593
49860,135,127,0.0592593
49862,135,127,0.0592593
49864,135,127,0.0592593
49866,135,127,0.0592593
49868,135,127,0.0592593
49869,135,127,0.0592593
49871,135,127,0.0592593
49873,135,127,0.0592593
49875,135,127,0.0592593
49876,135,127,0.0592593
49878,135,127,0.0592593
49880,135,127,0.0592593
49881,135,127,0.0592593
49883,135,127,0.0592593
49884,135,127,0.0592593
49886,135,127,0.0592593
49887,135,127,0.0592593
49889,135,127,0.0592593
49891,135,127,0.0592593
49892,135,127,0.0592593
49894,135,127,0.0592593
49896,135,127,0.0592593
49898,135,127,0.0592593
49900,135,127,0.0592593
49902,135,127,0.0592593
49904,135,127,0.0592593
49906,135,127,0.0592593
49907,135,127,0.0592593
49909,135,127,0.0592593
49911,135,127,0.0592593
49913,135,127,0.0592593
49915,135,127,0.0592593
49917,135,127,0.0592593
49919,135,127,0.0592593
49921,135,127,0.0592593
49923,135,127,0.0592593
49925,135,127,0.0592593
49927,135,127,0.0592593
49929,135,127,0.0592593
49931,135,127,0.0592593
49933,135,127,0.0592593
49935,135,127,0.0592593
49937,135,127,0.0592593
49939,135,127,0.0592593
49941,135,127,0.0592593
49943,135,127,0.0592593
49945,135,127,0.0592593
49947,135,127,0.0592593
49949,135,127,0.0592593
49951,135,127,0.0592593
49952,135,127,0.0592593
49954,135,127,0.0592593
49956,135,127,0.0592593
49958,135,127,0.0592593
49960,135,127,0.0592593
49961,135,127,0.0592593
49962,135,127,0.0592593
49964,135,127,0.0592593
49965,135,127,0.0592593
49967,135,127,0.0592593
49969,135,127,0.0592593
49970,135,127,0.0592593
49973,135,127,0.0592593
49975,135,127,0.0592593
49977,135,127,0.0592593
49979,135,127,0.0592593
49981,135,127,0.0592593
49983,135,127,0.0592593
49985,135,127,0.0592593
49987,135,127,0.0592593
49989,135,127,0.0592593
49991,135,127,0.0592593
49993,135,127,0.0592593
49994,135,127,0.0592593
49997,135,127,0.0592593
49998,135,127,0.0592593
50001,135,127,0.0592593
50002,135,127,0.0592593
50004,135,127,0.0592593
50006,135,127,0.0592593
50008,135,127,0.0592593
50011,135,127,0.0592593
50013,135,127,0.0592593
50015,135,127,0.0592593
50017,135,127,0.0592593
50019,135,127,0.0592593
50022,135,127,0.0592593
50024,135,127,0.0592593
50026,135,127,0.0592593
50029,135,127,0.0592593
50032,135,127,0.0592593
50034,135,127,0.0592593
50037,135,127,0.0592593
50039,135,127,0.0592593
50041,135,127,0.0592593
50043,135,127,0.0592593
50046,135,127,0.0592593
50049,135,127,0.0592593
50051,135,127,0.0592593
50054,135,127,0.0592593
50057,135,127,0.0592593
50059,135,127,0.0592593
50062,135,127,0.0592593
50065,135,127,0.0592593
50068,135,127,0.0592593
50071,135,127,0.0592593
50074,135,127,0.0592593
50077,135,127,0.0592593
50079,135,127,0.0592593
50082,135,127,0.0592593
50085,135,127,0.0592593
50088,135,127,0.0592593
50092,135,127,0.0592593
50095,135,127,0.0592593
50098,135,127,0.0592593
50101,135,127,0.0592593
50103,135,127,0.0592593
50106,135,127,0.0592593
50109,135,127,0.0592593
50112,135,127,0.0592593
50115,135,127,0.0592593
50118,135,127,0.0592593
50121,135,127,0.0592593
50124,135,127,0.0592593
50128,135,127,0.0592593
50131,135,127,0.0592593
50134,135,127,0.0592593
50137,135,127,0.0592593
50140,135,127,0.0592593
50142,135,127,0.0592593
50146,135,127,0.0592593
50149,135,127,0.0592593
50153,135,127,0.0592593
50156,135,127,0.0592593
50159,135,127,0.0592593
50162,135,127,0.0592593
50165,135,127,0.0592593
50168,135,127,0.0592593
50172,135,127,0.0592593
50175,135,127,0.0592593
50178,135,127,0.0592593
50182,135,127,0.0592593
50185,135,127,0.0592593
50189,135,127,0.0592593
50192,135,127,0.0592593
50195,135,127,0.0592593
50198,135,127,0.0592593
50202,135,127,0.0592593
50205,135,127,0.0592593
50209,135,127,0.0592593
50213,135,127,0.0592593
50217,135,127,0.0592593
50221,135,127,0.0592593
50224,135,127,0.0592593
50228,135,127,0.0592593
50232,135,127,0.0592593
50236,135,127,0.0592593
50239,135,127,0.0592593
50243,135,127,0.0592593
50247,135,127,0.0592593
50251,135,127,0.0592593
50255,135,127,0.0592593
50258,135,127,0.0592593
50262,135,127,0.0592593
50267,135,127,0.0592593
50271,135,127,0.0592593
50275,135,127,0.0592593
50279,135,127,0.0592593
50283,135,127,0.0592593
50288,135,127,0.0592593
50292,135,127,0.0592593
50297,135,127,0.0592593
50301,135,127,0.0592593
50305,135,127,0.0592593
50310,135,127,0.0592593
50314,135,127,0.0592593
50318,135,127,0.0592593
50322,135,127,0.0592593
50326,135,127,0.0592593
50330,135,127,0.0592593
50335,135,127,0.0592593
50339,135,127,0.0592593
50343,135,127,0.0592593
50348,135,127,0.0592593
50351,135,127,0.0592593
50356,135,127,0.0592593
50360,135,127,0.0592593
50363,135,127,0.0592593
50368,135,127,0.0592593
50372,135,127,0.0592593
50376,135,127,0.0592593
50381,135,127,0.0592593
50386,135,127,0.0592593
50390,135,127,0.0592593
50394,135,127,0.0592593
50400,135,127,0.0592593
50404,135,127,0.0592593
50408,135,127,0.0592593
50413,135,127,0.0592593
50418,135,127,0.0592593
50422,135,127,0.0592593
50427,135,127,0.0592593
50432,135,127,0.0592593
50437,135,127,0.0592593
50442,135,127,0.0592593
50447,135,127,0.0592593
50452,135,127,0.0592593
50457,135,127,0.0592593
50463,135,127,0.0592593
50468,135,127,0.0592593
50474,135,127,0.0592593
50478,135,127,0.0592593
50483,135,127,0.0592593
50488,135,127,0.0592593
50494,135,127,0.0592593
50499,135,127,0.0592593
50504,135,127,0.0592593
50509,135,127,0.0592593
50515,135,127,0.0592593
50520,135,127,0.0592593
50526,135,127,0.0592593
50531,135,127,0.0592593
50536,135,127,0.0592593
50542,135,127,0.0592593
50546,135,127,0.0592593
50552,135,127,0.0592593
50558,135,127,0.0592593
50564,135,127,0.0592593
50569,135,127,0.0592593
50574,135,127,0.0592593
50580,135,127,0.0592593
50586,135,127,0.0592593
50592,135,127,0.0592593
50597,135,127,0.0592593
50603,135,127,0.0592593
50609,135,127,0.0592593
50614,135,127,0.0592593
50620,135,127,0.0592593
50626,135,127,0.0592593
50631,135,127,0.0592593
50637,135,127,0.0592593
50644,135,127,0.0592593
50650,135,127,0.0592593
50656,135,127,0.0592593
50663,135,127,0.0592593
50668,135,127,0.0592593
50674,135,127,0.0592593
50680,135,127,0.0592593
50687,135,127,0.0592593
50694,135,127,0.0592593
50701,135,127,0.0592593
50707,135,127,0.0592593
50713,135,127,0.0592593
50719,135,127,0.0592593
50726,135,127,0.0592593
50732,135,127,0.0592593
50739,135,127,0.0592593
50745,135,127,0.0592593
50750,135,127,0.0592593
50757,135,127,0.0592593
50764,135,127,0.0592593
50770,135,127,0.0592593
50777,135,127,0.0592593
50785,135,127,0.0592593
50791,135,127,0.0592593
50798,135,127,0.0592593
50805,135,127,0.0592593
50812,135,127,0.0592593
50817,135,127,0.0592593
50824,135,127,0.0592593
50830,135,127,0.0592593
50838,135,127,0.0592593
50844,135,127,0.0592593
50851,135,127,0.0592593
50857,135,127,0.0592593
50864,135,127,0.0592593
50870,135,127,0.0592593
50877,135,127,0.0592593
50884,135,127,0.0592593
50890,135,127,0.0592593
50897,135,127,0.0592593
50904,135,127,0.0592593
50911,135,127,0.0592593
50918,135,127,0.0592593
50924,135,127,0.0592593
50931,135,127,0.0592593
50939,135,127,0.0592593
50945,135,127,0.0592593
50952,135,127,0.0592593
50960,135,127,0.0592593
50967,135,127,0.0592593
50976,135,127,0.0592593
50982,135,127,0.0592593
50988,135,127,0.0592593
50996,135,127,0.0592593
51004,135,127,0.0592593
51011,135,127,0.0592593
51018,135,127,0.0592593
51025,135,127,0.0592593
51033,135,127,0.0592593
51039,135,127,0.0592593
51046,135,127,0.0592593
51053,135,127,0.0592593
51061,135,127,0.0592593
51067,135,127,0.0592593
51075,135,127,0.0592593
51082,135,127,0.0592593
51089,135,127,0.0592593
51097,135,127,0.0592593
51103,135,127,0.0592593
51111,135,127,0.0592593
51119,135,127,0.0592593
51127,135,127,0.0592593
51135,135,127,0.0592593
51143,135,127,0.0592593
51151,135,127,0.0592593
51158,135,127,0.0592593
51166,135,127,0.0592593
51174,135,127,0.0592593
51182,135,127,0.0592593
51190,135,127,0.0592593
51197,135,127,0.0592593
51205,135,127,0.0592593
51213,135,127,0.0592593
51219,135,127,0.0592593
51224,135,127,0.0592593
51231,135,127,0.0592593
51238,135,127,0.0592593
51246,135,127,0.0592593
51253,135,127,0.0592593
51261,135,127,0.0592593
51269,135,127,0.0592593
51277,135,127,0.0592593
51286,135,127,0.0592593
51294,135,127,0.0592593
51302,135,127,0.0592593
51310,135,127,0.0592593
51317,135,127,0.0592593
51325,135,127,0.0592593
51332,135,127,0.0592593
51341,135,127,0.0592593
51348,135,127,0.0592593
51357,135,127,0.0592593
51365,135,127,0.0592593
51373,135,127,0.0592593
51382,135,127,0.0592593
51390,135,127,0.0592593
51397,135,127,0.0592593
51406,135,127,0.0592593
51414,135,127,0.0592593
51422,135,127,0.0592593
51431,135,127,0.0592593
51440,135,127,0.0592593
51449,135,127,0.0592593
51458,135,127,0.0592593
51466,135,127,0.0592593
51474,135,127,0.0592593
51483,135,127,0.0592593
51491,135,127,0.0592593
51500,135,127,0.0592593
51509,135,127,0.0592593
51517,135,127,0.0592593
51525,135,127,0.0592593
51534,135,127,0.0592593
51544,135,127,0.0592593
51553,135,127,0.0592593
51563,135,127,0.0592593
51572,135,127,0.0592593
51581,135,127,0.0592593
51590,135,127,0.0592593
51599,135,127,0.0592593
51605,135,127,0.0592593
51614,135,127,0.0592593
51622,135,127,0.0592593
51631,135,127,0.0592593
51640,135,127,0.0592593
51649,135,127,0.0592593
51657,135,127,0.0592593
51666,135,127,0.0592593
51676,135,127,0.0592593
51684,135,127,0.0592593
51693,135,127,0.0592593
51703,135,127,0.0592593
51711,135,127,0.0592593
51720,135,127,0.0592593
51729,135,127,0.0592593
51737,135,127,0.0592593
51745,135,127,0.0592593
51754,135,127,0.0592593
51763,135,127,0.0592593
51772,135,127,0.0592593
51780,135,127,0.0592593
51787,135,127,0.0592593
51796,135,127,0.0592593
51803,135,127,0.0592593
51812,135,127,0.0592593
51821,135,127,0.0592593
51830,135,127,0.0592593
51840,135,127,0.0592593
51851,135,127,0.0592593
51860,135,127,0.0592593
51870,135,127,0.0592593
51879,135,127,0.0592593
51887,135,127,0.0592593
51895,135,127,0.0592593
51906,135,127,0.0592593
51915,135,127,0.0592593
51925,135,127,0.0592593
51934,135,127,0.0592593
51942,135,127,0.0592593
51953,135,127,0.0592593
51962,135,127,0.0592593
51972,135,127,0.0592593
51981,135,127,0.0592593
51991,135,127,0.0592593
52000,135,127,0.0592593
52010,135,127,0.0592593
52020,135,127,0.0592593
52029,135,127,0.0592593
52041,135,127,0.0592593
52050,135,127,0.0592593
52059,135,127,0.0592593
52069,135,127,0.0592593
52080,135,127,0.0592593
52090,135,127,0.0592593
52099,135,127,0.0592593
52108,135,127,0.0592593
52119,135,127,0.0592593
52129,135,127,0.0592593
52138,135,127,0.0592593
52148,135,127,0.0592593
52157,135,127,0.0592593
52167,135,127,0.0592593
52177,135,127,0.0592593
52188,135,127,0.0592593
52199,135,127,0.0592593
52210,135,127,0.0592593
52221,135,127,0.0592593
52232,135,127,0.0592593
52241,135,127,0.0592593
52252,135,127,0.0592593
52262,135,127,0.0592593
52273,135,127,0.0592593
52283,135,127,0.0592593
52293,135,127,0.0592593
52305,135,127,0.0592593
52314,135,127,0.0592593
52325,135,127,0.0592593
52336,135,127,0.0592593
52347,135,127,0.0592593
52359,135,127,0.0592593
52370,135,127,0.0592593
52381,135,127,0.0592593
52393,135,127,0.0592593
52403,135,127,0.0592593
52411,135,127,0.0592593
52423,135,127,0.0592593
52434,135,127,0.0592593
52444,135,127,0.0592593
52456,135,127,0.0592593
52467,135,127,0.0592593
52478,135,127,0.0592593
52491,135,127,0.0592593
52502,135,127,0.0592593
52514,135,127,0.0592593
52526,135,127,0.0592593
52536,135,127,0.0592593
52549,135,127,0.0592593
52561,135,127,0.0592593
52574,135,127,0.0592593
52586,135,127,0.0592593
52597,135,127,0.0592593
52609,135,127,0.0592593
52620,135,127,0.0592593
52632,135,127,0.0592593
52643,135,127,0.0592593
52654,135,127,0.0592593
52666,135,127,0.0592593
52676,135,127,0.0592593
52688,135,127,0.0592593
52695,135,127,0.0592593
52706,135,127,0.0592593
52718,135,127,0.0592593
52730,135,127,0.0592593
52742,135,127,0.0592593
52754,135,127,0.0592593
52766,135,127,0.0592593
52778,135,127,0.0592593
52791,135,127,0.0592593
52803,135,127,0.0592593
52814,135,127,0.0592593
52826,135,127,0.0592593
52838,135,127,0.0592593
52852,135,127,0.0592593
52864,135,127,0.0592593
52876,135,127,0.0592593
52888,135,127,0.0592593
52901,135,127,0.0592593
52912,135,127,0.0592593
52922,135,127,0.0592593
52933,135,127,0.0592593
52945,135,127,0.0592593
52957,135,127,0.0592593
52969,135,127,0.0592593
52982,135,127,0.0592593
52994,135,127,0.0592593
53006,135,127,0.0592593
53016,135,127,0.0592593
53029,135,127,0.0592593
53041,135,127,0.0592593
53055,135,127,0.0592593
53067,135,127,0.0592593
53079,135,127,0.0592593
53092,135,127,0.0592593
53102,135,127,0.0592593
53112,135,127,0.0592593
53125,135,127,0.0592593
53138,135,127,0.0592593
53151,135,127,0.0592593
53163,135,127,0.0592593
53177,135,127,0.0592593
53188,135,127,0.0592593
53201,135,127,0.0592593
53214,135,127,0.0592593
53223,135,127,0.0592593
53236,135,127,0.0592593
53249,135,127,0.0592593
53262,135,127,0.0592593
53275,135,127,0.0592593
53289,135,127,0.0592593
53302,135,127,0.0592593
53314,135,127,0.0592593
53326,135,127,0.0592593
53338,135,127,0.0592593
53351,135,127,0.0592593
53364,135,127,0.0592593
53377,135,127,0.0592593
53389,135,127,0.0592593
53402,135,127,0.0592593
53415,135,127,0.0592593
53429,135,127,0.0592593
53442,135,127,0.0592593
53456,135,127,0.0592593
53469,135,127,0.0592593
53482,135,127,0.0592593
53496,135,127,0.0592593
53508,135,127,0.0592593
53522,135,127,0.0592593
53536,135,127,0.0592593
53549,135,127,0.0592593
53562,135,127,0.0592593
53574,135,127,0.0592593
53588,135,127,0.0592593
53601,135,127,0.0592593
53615,135,127,0.0592593
53627,135,127,0.0592593
53641,135,127,0.0592593
53654,135,127,0.0592593
53668,135,127,0.0592593
53681,135,127,0.0592593
53695,135,127,0.0592593
53710,135,127,0.0592593
53723,135,127,0.0592593
53736,135,127,0.0592593
53751,135,127,0.0592593
53763,135,127,0.0592593
53773,135,127,0.0592593
53786,135,127,0.0592593
53799,135,127,0.0592593
53812,135,127,0.0592593
53826,135,127,0.0592593
53840,135,127,0.0592593
53853,135,127,0.0592593
53868,135,127,0.0592593
53882,135,127,0.0592593
53896,135,127,0.0592593
53910,135,127,0.0592593
53923,135,127,0.0592593
53935,135,127,0.0592593
53947,135,127,0.0592593
53961,135,127,0.0592593
53975,135,127,0.0592593
53989,135,127,0.0592593
54004,135,127,0.0592593
54017,135,127,0.0592593
54029,135,127,0.0592593
54043,135,127,0.0592593
54058,135,127,0.0592593
54073,135,127,0.0592593
54087,135,127,0.0592593
54102,135,127,0.0592593
54114,135,127,0.0592593
54128,135,127,0.0592593
54142,135,127,0.0592593
54156,135,127,0.0592593
54170,135,127,0.0592593
54184,135,127,0.0592593
54199,135,127,0.0592593
54215,135,127,0.0592593
54227,135,127,0.0592593
54242,135,127,0.0592593
54253,135,127,0.0592593
54268,135,127,0.0592593
54282,135,127,0.0592593
54298,135,127,0.0592593
54312,135,127,0.0592593
54327,135,127,0.0592593
54341,135,127,0.0592593
54356,135,127,0.0592593
54370,135,127,0.0592593
54385,135,127,0.0592593
54399,135,127,0.0592593
54414,135,127,0.0592593
54428,135,127,0.0592593
54443,135,127,0.0592593
54455,135,127,0.0592593
54470,135,127,0.0592593
54485,135,127,0.0592593
54499,135,127,0.0592593
54514,135,127,0.0592593
54529,135,127,0.0592593
54543,135,127,0.0592593
54554,135,127,0.0592593
54568,135,127,0.0592593
54583,135,127,0.0592593
54598,135,127,0.0592593
54613,135,127,0.0592593
54627,135,127,0.0592593
54639,135,127,0.0592593
54652,135,127,0.0592593
54667,135,127,0.0592593
54682,135,127,0.0592593
54694,135,127,0.0592593
54709,135,127,0.0592593
54723,135,127,0.0592593
54739,135,127,0.0592593
54750,135,127,0.0592593
54764,135,127,0.0592593
54779,135,127,0.0592593
54796,135,127,0.0592593
54811,135,127,0.0592593
54823,135,127,0.0592593
54838,135,127,0.0592593
54853,135,127,0.0592593
54867,135,127,0.0592593
54883,135,127,0.0592593
54896,135,127,0.0592593
54910,135,127,0.0592593
54926,135,127,0.0592593
54941,135,127,0.0592593
54956,135,127,0.0592593
54969,135,127,0.0592593
54984,135,127,0.0592593
54998,135,127,0.0592593
55013,135,127,0.0592593
55028,135,127,0.0592593
55044,135,127,0.0592593
55059,135,127,0.0592593
55076,135,127,0.0592593
55091,135,127,0.0592593
55104,135,127,0.0592593
55120,135,127,0.0592593
55136,135,127,0.0592593
55150,135,127,0.0592593
55167,135,127,0.0592593
55182,135,127,0.0592593
55197,135,127,0.0592593
55212,135,127,0.0592593
55227,135,127,0.0592593
55241,135,127,0.0592593
55256,135,127,0.0592593
55270,135,127,0.0592593
55287,135,127,0.0592593
55302,135,127,0.0592593
55316,135,127,0.0592593
55332,135,127,0.0592593
55347,135,127,0.0592593
55363,135,127,0.0592593
55379,135,127,0.0592593
55393,135,127,0.0592593
55409,135,127,0.0592593
55425,135,127,0.0592593
55439,135,127,0.0592593
55454,135,127,0.0592593
55468,135,127,0.0592593
55484,135,127,0.0592593
55498,135,127,0.0592593
55514,135,127,0.0592593
55527,135,127,0.0592593
55543,135,127,0.0592593
55557,135,127,0.0592593
55573,135,127,0.0592593
55588,135,127,0.0592593
55604,135,127,0.0592593
55620,135,127,0.0592593
55635,135,127,0.0592593
55649,135,127,0.0592593
55666,135,127,0.0592593
55679,135,127,0.0592593
55695,135,127,0.0592593
55709,135,127,0.0592593
55726,135,127,0.0592593
55741,135,127,0.0592593
55757,135,127,0.0592593
55773,135,127,0.0592593
55789,135,127,0.0592593
55803,135,127,0.0592593
55816,135,127,0.0592593
55832,135,127,0.0592593
55847,135,127,0.0592593
55865,135,127,0.0592593
55884,135,127,0.0592593
55900,135,127,0.0592593
55917,135,127,0.0592593
55933,135,127,0.0592593
55949,135,127,0.0592593
55965,135,127,0.0592593
55980,135,127,0.0592593
55997,135,127,0.0592593
56013,135,127,0.0592593
56030,135,127,0.0592593
56040,135,127,0.0592593
56055,135,127,0.0592593
56074,135,127,0.0592593
56090,135,127,0.0592593
56106,135,127,0.0592593
56123,135,127,0.0592593
56139,135,127,0.0592593
56156,135,127,0.0592593
56171,135,127,0.0592593
56187,135,127,0.0592593
56203,135,127,0.0592593
56218,135,127,0.0592593
56234,135,127,0.0592593
56251,135,127,0.0592593
56267,135,127,0.0592593
56284,135,127,0.0592593
56300,135,127,0.0592593
56315,135,127,0.0592593
56331,135,127,0.0592593
56347,135,127,0.0592593
56363,135,127,0.0592593
56378,135,127,0.0592593
56394,135,127,0.0592593
56409,135,127,0.0592593
56425,135,127,0.0592593
56441,135,127,0.0592593
56456,135,127,0.0592593
56472,135,127,0.0592593
56488,135,127,0.0592593
56500,135,127,0.0592593
56513,135,127,0.0592593
56529,135,127,0.0592593
56545,135,127,0.0592593
56560,135,127,0.0592593
56576,135,127,0.0592593
56592,135,127,0.0592593
56606,135,127,0.0592593
56623,135,127,0.0592593
56640,135,127,0.0592593
56656,135,127,0.0592593
56671,135,127,0.0592593
56689,135,127,0.0592593
56706,135,127,0.0592593
56723,135,127,0.0592593
56735,135,127,0.0592593
56749,135,127,0.0592593
56763,135,127,0.0592593
56780,135,127,0.0592593
56795,135,127,0.0592593
56812,135,127,0.0592593
56826,135,127,0.0592593
56844,135,127,0.0592593
56862,135,127,0.0592593
56879,135,127,0.0592593
56895,135,127,0.0592593
56912,135,127,0.0592593
56929,135,127,0.0592593
56944,135,127,0.0592593
56959,135,127,0.0592593
56976,135,127,0.0592593
56993,135,127,0.0592593
57009,135,127,0.0592593
57024,135,127,0.0592593
57041,135,127,0.0592593
57058,135,127,0.0592593
57075,135,127,0.0592593
57088,135,127,0.0592593
57105,135,127,0.0592593
57121,135,127,0.0592593
57139,135,127,0.0592593
57153,135,127,0.0592593
57168,135,127,0.0592593
57186,135,127,0.0592593
57203,135,127,0.0592593
57220,135,127,0.0592593
57233,135,127,0.0592593
57249,135,127,0.0592593
57266,135,127,0.0592593
57282,135,127,0.0592593
57300,135,127,0.0592593
57313,135,127,0.0592593
57330,135,127,0.0592593
57347,135,127,0.0592593
57364,135,127,0.0592593
57381,135,127,0.0592593
57398,135,127,0.0592593
57415,135,127,0.0592593
57431,135,127,0.0592593
57448,135,127,0.0592593
57464,135,127,0.0592593
57481,135,127,0.0592593
57499,135,127,0.0592593
57517,135,127,0.0592593
57531,135,127,0.0592593
57550,135,127,0.0592593
57567,135,127,0.0592593
57581,135,127,0.0592593
57598,135,127,0.0592593
57614,135,127,0.0592593
57628,135,127,0.0592593
57645,135,127,0.0592593
57658,135,127,0.0592593
57675,135,127,0.0592593
57691,135,127,0.0592593
57710,135,127,0.0592593
57727,135,127,0.0592593
57744,135,127,0.0592593
57762,135,127,0.0592593
57779,135,127,0.0592593
57797,135,127,0.0592593
57815,135,127,0.0592593
57830,135,127,0.0592593
57846,135,127,0.0592593
57863,135,127,0.0592593
57880,135,127,0.0592593
57896,135,127,0.0592593
57914,135,127,0.0592593
57932,135,127,0.0592593
57950,135,127,0.0592593
57967,135,127,0.0592593
57981,135,127,0.0592593
57999,135,127,0.0592593
58017,135,127,0.0592593
58035,135,127,0.0592593
58051,135,127,0.0592593
58068,135,127,0.0592593
58081,135,127,0.0592593
58097,135,127,0.0592593
58115,135,127,0.0592593
58132,135,127,0.0592593
58150,135,127,0.0592593
58167,135,127,0.0592593
58185,135,127,0.0592593
58202,135,127,0.0592593
58219,135,127,0.0592593
58236,135,127,0.0592593
58254,135,127,0.0592593
58268,135,127,0.0592593
58286,135,127,0.0592593
58304,135,127,0.0592593
58322,135,127,0.0592593
58338,135,127,0.0592593
58355,135,127,0.0592593
58372,135,127,0.0592593
58389,135,127,0.0592593
58405,135,127,0.0592593
58423,135,127,0.0592593
58441,135,127,0.0592593
58458,135,127,0.0592593
58476,135,127,0.0592593
58496,135,127,0.0592593
58510,135,127,0.0592593
58526,135,127,0.0592593
58543,135,127,0.0592593
58558,135,127,0.0592593
58576,135,127,0.0592593
58593,135,127,0.0592593
58610,135,127,0.0592593
58625,135,127,0.0592593
58642,135,127,0.0592593
58660,135,127,0.0592593
58678,135,127,0.0592593
58695,135,127,0.0592593
58711,135,127,0.0592593
58731,135,127,0.0592593
58748,135,127,0.0592593
58765,135,127,0.0592593
58780,135,127,0.0592593
58798,135,127,0.0592593
58814,135,127,0.0592593
58832,135,127,0.0592593
58851,135,127,0.0592593
58868,135,127,0.0592593
58887,135,127,0.0592593
58905,135,127,0.0592593
58923,135,127,0.0592593
58942,135,127,0.0592593
58961,135,127,0.0592593
58979,135,127,0.0592593
58997,135,127,0.0592593
59014,135,127,0.0592593
59034,135,127,0.0592593
59051,135,127,0.0592593
59071,135,127,0.0592593
59089,135,127,0.0592593
59108,135,127,0.0592593
59124,135,127,0.0592593
59142,135,127,0.0592593
59160,135,127,0.0592593
59179,135,127,0.0592593
59199,135,127,0.0592593
59219,135,127,0.0592593
59238,135,127,0.0592593
59258,135,127,0.0592593
59276,135,127,0.0592593
59293,135,127,0.0592593
59309,135,127,0.0592593
59328,135,127,0.0592593
59345,135,127,0.0592593
59363,135,127,0.0592593
59380,135,127,0.0592593
59394,135,127,0.0592593
59412,135,127,0.0592593
59430,135,127,0.0592593
59450,135,127,0.0592593
59467,135,127,0.0592593
59487,135,127,0.0592593
59504,135,127,0.0592593
59524,135,127,0.0592593
59539,135,127,0.0592593
59556,135,127,0.0592593
59576,135,127,0.0592593
59594,135,127,0.0592593
59610,135,127,0.0592593
59629,135,127,0.0592593
59647,135,127,0.0592593
59668,135,127,0.0592593
59682,135,127,0.0592593
59700,135,127,0.0592593
59717,135,127,0.0592593
59734,135,127,0.0592593
59754,135,127,0.0592593
59773,135,127,0.0592593
59792,135,127,0.0592593
59802,135,127,0.0592593
59819,135,127,0.0592593
59835,135,127,0.0592593
59853,135,127,0.0592593
59875,135,127,0.0592593
59892,135,127,0.0592593
59910,135,127,0.0592593
59931,135,127,0.0592593
59950,135,127,0.0592593
59968,135,127,0.0592593
59987,135,127,0.0592593
60130,135,127,0.0592593
