time_ms,ub,lb,gap
5,,56,
5,80,56,0.3
6,80,56,0.3
6,80,56,0.3
7,80,56,0.3
8,80,56,0.3
8,80,56,0.3
9,80,56,0.3
9,80,56,0.3
10,80,56,0.3
10,80,56,0.3
11,80,56,0.3
11,80,56,0.3
12,80,56,0.3
12,80,56,0.3
13,80,56,0.3
14,80,56,0.3
14,80,56,0.3
15,80,56,0.3
15,80,56,0.3
16,80,56,0.3
16,80,56,0.3
17,80,56,0.3
18,80,56,0.3
18,80,56,0.3
19,80,56,0.3
19,80,56,0.3
20,80,56,0.3
21,80,56,0.3
21,80,56,0.3
22,80,56,0.3
23,80,56,0.3
23,80,56,0.3
24,80,56,0.3
25,80,56,0.3
26,80,56,0.3
26,80,56,0.3
27,80,56,0.3
28,80,56,0.3
28,80,56,0.3
29,80,56,0.3
30,80,56,0.3
31,80,56,0.3
31,80,56,0.3
32,80,56,0.3
33,80,56,0.3
34,80,56,0.3
34,80,56,0.3
35,80,56,0.3
36,80,56,0.3
37,80,56,0.3
37,80,56,0.3
38,69,56,0.188406
38,69,56,0.188406
38,69,56,0.188406
39,69,56,0.188406
40,69,56,0.188406
41,69,56,0.188406
43,69,56,0.188406
44,69,56,0.188406
45,69,56,0.188406
46,69,56,0.188406
47,69,56,0.188406
48,69,56,0.188406
49,69,56,0.188406
50,69,56,0.188406
52,69,56,0.188406
53,69,56,0.188406
54,69,56,0.188406
55,69,56,0.188406
56,69,56,0.188406
56,69,56,0.188406
57,69,56,0.188406
58,69,56,0.188406
59,69,56,0.188406
60,69,56,0.188406
61,69,56,0.188406
62,69,56,0.188406
63,69,56,0.188406
64,69,56,0.188406
66,69,56,0.188406
67,69,56,0.188406
68,69,56,0.188406
69,69,56,0.188406
70,69,56,0.188406
72,69,56,0.188406
73,69,56,0.188406
74,69,56,0.188406
75,69,56,0.188406
77,69,56,0.188406
78,69,56,0.188406
80,69,56,0.188406
81,69,56,0.188406
82,69,56,0.188406
83,69,56,0.188406
85,69,56,0.188406
86,69,56,0.188406
87,69,56,0.188406
89,69,56,0.188406
90,69,56,0.188406
92,69,56,0.188406
93,69,56,0.188406
94,69,56,0.188406
96,69,56,0.188406
97,69,56,0.188406
99,69,56,0.188406
100,69,56,0.188406
102,66,56,0.151515
103,66,56,0.151515
105,66,56,0.151515
106,66,56,0.151515
106,66,56,0.151515
107,66,56,0.151515
108,66,56,0.151515
109,66,56,0.151515
110,66,56,0.151515
111,66,56,0.151515
113,66,56,0.151515
113,66,56,0.151515
115,66,56,0.151515
115,66,56,0.151515
116,66,56,0.151515
117,66,56,0.151515
118,66,56,0.151515
119,66,56,0.151515
120,66,56,0.151515
121,66,56,0.151515
122,66,56,0.151515
124,66,56,0.151515
124,66,56,0.151515
125,66,56,0.151515
126,66,56,0.151515
127,66,56,0.151515
129,66,56,0.151515
130,66,56,0.151515
131,66,56,0.151515
132,66,56,0.151515
133,66,56,0.151515
134,66,56,0.151515
135,66,56,0.151515
136,66,56,0.151515
138,66,56,0.151515
139,66,56,0.151515
140,66,56,0.151515
141,66,56,0.151515
142,66,56,0.151515
144,66,56,0.151515
145,66,56,0.151515
146,66,56,0.151515
147,65,56,0.138462
149,65,56,0.138462
149,65,56,0.138462
150,65,56,0.138462
151,65,56,0.138462
152,65,56,0.138462
153,65,56,0.138462
154,65,56,0.138462
155,65,56,0.138462
156,65,56,0.138462
158,65,56,0.138462
159,65,56,0.138462
160,65,56,0.138462
161,65,56,0.138462
162,65,56,0.138462
164,65,56,0.138462
165,64,56,0.125
166,64,56,0.125
167,64,56,0.125
168,64,56,0.125
169,64,56,0.125
170,64,56,0.125
171,64,56,0.125
172,64,56,0.125
173,64,56,0.125
174,64,56,0.125
175,64,56,0.125
176,64,56,0.125
177,64,56,0.125
178,64,56,0.125
179,64,56,0.125
180,64,56,0.125
182,64,56,0.125
183,64,56,0.125
184,64,56,0.125
185,64,56,0.125
186,64,56,0.125
187,64,56,0.125
188,64,56,0.125
190,64,56,0.125
191,64,56,0.125
192,64,56,0.125
193,64,56,0.125
194,64,56,0.125
195,63,56,0.111111
196,63,56,0.111111
197,63,56,0.111111
198,63,56,0.111111
199,63,56,0.111111
199,63,56,0.111111
200,63,56,0.111111
200,63,56,0.111111
201,63,56,0.111111
201,63,56,0.111111
202,63,56,0.111111
202,63,56,0.111111
203,63,56,0.111111
203,63,56,0.111111
203,63,56,0.111111
204,63,56,0.111111
205,63,56,0.111111
206,63,56,0.111111
206,63,56,0.111111
207,63,56,0.111111
208,63,56,0.111111
209,63,56,0.111111
210,63,56,0.111111
210,63,56,0.111111
211,63,56,0.111111
212,63,56,0.111111
213,63,56,0.111111
214,63,56,0.111111
215,63,56,0.111111
216,63,56,0.111111
217,63,56,0.111111
218,63,56,0.111111
218,63,56,0.111111
219,63,56,0.111111
220,63,56,0.111111
221,63,56,0.111111
222,63,56,0.111111
223,63,56,0.111111
224,63,56,0.111111
225,63,56,0.111111
226,63,56,0.111111
227,63,56,0.111111
228,63,56,0.111111
229,63,56,0.111111
230,63,56,0.111111
231,63,56,0.111111
232,63,56,0.111111
233,63,56,0.111111
234,63,56,0.111111
235,63,56,0.111111
236,63,56,0.111111
237,63,56,0.111111
239,63,56,0.111111
240,63,56,0.111111
240,63,56,0.111111
241,63,56,0.111111
242,63,56,0.111111
244,63,56,0.111111
245,63,56,0.111111
246,63,56,0.111111
247,63,56,0.111111
249,63,56,0.111111
250,63,56,0.111111
250,63,56,0.111111
251,63,56,0.111111
253,63,56,0.111111
254,63,56,0.111111
255,63,56,0.111111
256,63,56,0.111111
257,63,56,0.111111
258,63,56,0.111111
259,63,56,0.111111
261,63,56,0.111111
262,63,56,0.111111
263,63,56,0.111111
264,63,56,0.111111
266,63,56,0.111111
267,63,56,0.111111
268,63,56,0.111111
269,63,56,0.111111
270,63,56,0.111111
271,63,56,0.111111
273,63,56,0.111111
274,63,56,0.111111
275,63,56,0.111111
276,63,56,0.111111
277,63,56,0.111111
278,63,56,0.111111
279,63,56,0.111111
281,63,56,0.111111
282,63,56,0.111111
283,63,56,0.111111
285,63,56,0.111111
286,63,56,0.111111
287,63,56,0.111111
288,63,56,0.111111
290,63,56,0.111111
291,63,56,0.111111
292,63,56,0.111111
294,63,56,0.111111
295,63,56,0.111111
297,63,56,0.111111
298,63,56,0.111111
299,63,56,0.111111
300,63,56,0.111111
302,63,56,0.111111
303,63,56,0.111111
304,63,56,0.111111
306,63,56,0.111111
307,63,56,0.111111
308,63,56,0.111111
309,63,56,0.111111
311,63,56,0.111111
312,63,56,0.111111
314,63,56,0.111111
315,63,56,0.111111
316,63,56,0.111111
318,63,56,0.111111
319,63,56,0.111111
320,63,56,0.111111
322,63,56,0.111111
323,63,56,0.111111
324,63,56,0.111111
325,63,56,0.111111
327,63,56,0.111111
328,63,56,0.111111
329,63,56,0.111111
331,63,56,0.111111
332,63,56,0.111111
333,63,56,0.111111
335,63,56,0.111111
336,63,56,0.111111
337,63,56,0.111111
339,63,56,0.111111
340,63,56,0.111111
341,63,56,0.111111
342,63,56,0.111111
344,63,56,0.111111
345,63,56,0.111111
347,63,56,0.111111
348,63,56,0.111111
349,63,56,0.111111
351,63,56,0.111111
352,63,56,0.111111
353,63,56,0.111111
354,63,56,0.111111
355,63,56,0.111111
357,63,56,0.111111
358,63,56,0.111111
359,63,56,0.111111
360,63,56,0.111111
362,63,56,0.111111
363,63,56,0.111111
364,63,56,0.111111
366,63,56,0.111111
367,63,56,0.111111
368,63,56,0.111111
369,63,56,0.111111
371,63,56,0.111111
372,63,56,0.111111
373,63,56,0.111111
374,63,56,0.111111
376,63,56,0.111111
377,63,56,0.111111
379,63,56,0.111111
380,63,56,0.111111
381,63,56,0.111111
383,63,56,0.111111
384,63,56,0.111111
385,63,56,0.111111
387,63,56,0.111111
388,63,56,0.111111
390,63,56,0.111111
391,63,56,0.111111
392,63,56,0.111111
394,63,56,0.111111
395,63,56,0.111111
397,63,56,0.111111
398,63,56,0.111111
400,63,56,0.111111
401,63,56,0.111111
402,63,56,0.111111
404,63,56,0.111111
405,63,56,0.111111
407,63,56,0.111111
408,63,56,0.111111
410,63,56,0.111111
411,63,56,0.111111
413,63,56,0.111111
414,63,56,0.111111
416,63,56,0.111111
417,63,56,0.111111
418,63,56,0.111111
420,63,56,0.111111
421,63,56,0.111111
423,63,56,0.111111
424,63,56,0.111111
426,63,56,0.111111
427,63,56,0.111111
429,63,56,0.111111
430,63,56,0.111111
432,63,56,0.111111
434,63,56,0.111111
435,63,56,0.111111
437,63,56,0.111111
438,63,56,0.111111
440,63,56,0.111111
441,63,56,0.111111
443,63,56,0.111111
444,63,56,0.111111
446,63,56,0.111111
448,63,56,0.111111
449,63,56,0.111111
451,63,56,0.111111
452,63,56,0.111111
454,63,56,0.111111
455,63,56,0.111111
456,63,56,0.111111
458,63,56,0.111111
460,63,56,0.111111
461,63,56,0.111111
463,63,56,0.111111
465,63,56,0.111111
466,63,56,0.111111
468,63,56,0.111111
469,63,56,0.111111
471,63,56,0.111111
473,63,56,0.111111
474,63,56,0.111111
476,63,56,0.111111
478,63,56,0.111111
479,63,56,0.111111
481,63,56,0.111111
482,63,56,0.111111
484,63,56,0.111111
485,63,56,0.111111
487,63,56,0.111111
489,63,56,0.111111
490,63,56,0.111111
492,63,56,0.111111
494,63,56,0.111111
495,63,56,0.111111
497,63,56,0.111111
499,63,56,0.111111
500,63,56,0.111111
502,63,56,0.111111
503,63,56,0.111111
505,63,56,0.111111
507,63,56,0.111111
508,63,56,0.111111
510,63,56,0.111111
512,63,56,0.111111
513,63,56,0.111111
515,63,56,0.111111
517,63,56,0.111111
518,63,56,0.111111
520,63,56,0.111111
522,63,56,0.111111
524,63,56,0.111111
525,63,56,0.111111
527,63,56,0.111111
529,63,56,0.111111
530,63,56,0.111111
532,63,56,0.111111
534,63,56,0.111111
535,63,56,0.111111
537,63,56,0.111111
539,63,56,0.111111
541,63,56,0.111111
542,63,56,0.111111
544,63,56,0.111111
546,63,56,0.111111
548,63,56,0.111111
550,63,56,0.111111
552,63,56,0.111111
554,63,56,0.111111
555,63,56,0.111111
557,63,56,0.111111
559,63,56,0.111111
562,63,56,0.111111
564,63,56,0.111111
566,63,56,0.111111
568,63,56,0.111111
570,63,56,0.111111
572,63,56,0.111111
574,63,56,0.111111
576,63,56,0.111111
578,63,56,0.111111
581,63,56,0.111111
582,63,56,0.111111
585,63,56,0.111111
587,63,56,0.111111
589,63,56,0.111111
591,63,56,0.111111
593,63,56,0.111111
596,63,56,0.111111
598,63,56,0.111111
600,63,56,0.111111
602,63,56,0.111111
604,63,56,0.111111
607,63,56,0.111111
609,63,56,0.111111
611,63,56,0.111111
615,63,56,0.111111
617,63,56,0.111111
619,63,56,0.111111
621,63,56,0.111111
623,63,56,0.111111
625,63,56,0.111111
627,63,56,0.111111
630,63,56,0.111111
632,63,56,0.111111
634,63,56,0.111111
636,63,56,0.111111
638,63,56,0.111111
641,63,56,0.111111
643,63,56,0.111111
645,63,56,0.111111
647,63,56,0.111111
649,63,56,0.111111
651,63,56,0.111111
653,63,56,0.111111
655,63,56,0.111111
658,63,56,0.111111
660,63,56,0.111111
661,63,56,0.111111
663,63,56,0.111111
665,63,56,0.111111
667,63,56,0.111111
669,63,56,0.111111
671,63,56,0.111111
673,63,56,0.111111
675,63,56,0.111111
677,63,56,0.111111
678,63,56,0.111111
681,63,56,0.111111
683,63,56,0.111111
685,63,56,0.111111
687,63,56,0.111111
688,63,56,0.111111
690,63,56,0.111111
692,63,56,0.111111
694,63,56,0.111111
696,63,56,0.111111
698,63,56,0.111111
700,63,56,0.111111
702,63,56,0.111111
704,63,56,0.111111
706,63,56,0.111111
708,63,56,0.111111
710,63,56,0.111111
712,63,56,0.111111
714,63,56,0.111111
715,63,56,0.111111
717,63,56,0.111111
719,63,56,0.111111
721,63,56,0.111111
723,63,56,0.111111
725,63,56,0.111111
727,63,56,0.111111
729,63,56,0.111111
731,63,56,0.111111
733,63,56,0.111111
734,63,56,0.111111
736,63,56,0.111111
738,63,56,0.111111
740,63,56,0.111111
742,63,56,0.111111
744,63,56,0.111111
746,63,56,0.111111
748,63,56,0.111111
750,63,56,0.111111
752,63,56,0.111111
754,63,56,0.111111
756,63,56,0.111111
758,63,56,0.111111
760,63,56,0.111111
762,63,56,0.111111
765,63,56,0.111111
767,63,56,0.111111
769,63,56,0.111111
771,63,56,0.111111
774,63,56,0.111111
776,63,56,0.111111
778,63,56,0.111111
780,63,56,0.111111
782,63,56,0.111111
785,63,56,0.111111
787,63,56,0.111111
790,63,56,0.111111
792,63,56,0.111111
794,63,56,0.111111
797,63,56,0.111111
799,63,56,0.111111
801,63,56,0.111111
804,63,56,0.111111
806,63,56,0.111111
808,63,56,0.111111
811,63,56,0.111111
813,63,56,0.111111
816,63,56,0.111111
819,63,56,0.111111
821,63,56,0.111111
824,63,56,0.111111
826,63,56,0.111111
829,63,56,0.111111
832,63,56,0.111111
834,63,56,0.111111
836,63,56,0.111111
839,63,56,0.111111
841,63,56,0.111111
843,63,56,0.111111
846,63,56,0.111111
849,63,56,0.111111
851,63,56,0.111111
854,63,56,0.111111
856,63,56,0.111111
859,63,56,0.111111
861,63,56,0.111111
863,63,56,0.111111
866,63,56,0.111111
868,63,56,0.111111
871,63,56,0.111111
873,63,56,0.111111
876,63,56,0.111111
878,63,56,0.111111
880,63,56,0.111111
883,63,56,0.111111
886,63,56,0.111111
888,63,56,0.111111
891,63,56,0.111111
893,63,56,0.111111
895,63,56,0.111111
898,63,56,0.111111
901,63,56,0.111111
903,63,56,0.111111
906,63,56,0.111111
908,63,56,0.111111
910,63,56,0.111111
913,63,56,0.111111
916,63,56,0.111111
918,63,56,0.111111
920,63,56,0.111111
923,63,56,0.111111
925,63,56,0.111111
927,63,56,0.111111
930,63,56,0.111111
932,63,56,0.111111
934,63,56,0.111111
937,63,56,0.111111
939,63,56,0.111111
941,63,56,0.111111
944,63,56,0.111111
946,63,56,0.111111
949,63,56,0.111111
952,63,56,0.111111
954,63,56,0.111111
957,63,56,0.111111
960,63,56,0.111111
962,63,56,0.111111
965,63,56,0.111111
968,63,56,0.111111
970,63,56,0.111111
973,63,56,0.111111
975,63,56,0.111111
977,63,56,0.111111
980,63,56,0.111111
983,63,56,0.111111
986,63,56,0.111111
988,63,56,0.111111
990,63,56,0.111111
993,63,56,0.111111
996,63,56,0.111111
998,63,56,0.111111
1001,63,56,0.111111
1003,63,56,0.111111
1006,63,56,0.111111
1008,63,56,0.111111
1011,63,56,0.111111
1013,63,56,0.111111
1016,63,56,0.111111
1018,63,56,0.111111
1021,63,56,0.111111
1023,63,56,0.111111
1026,63,56,0.111111
1029,63,56,0.111111
1031,63,56,0.111111
1034,63,56,0.111111
1037,63,56,0.111111
1039,63,56,0.111111
1042,63,56,0.111111
1044,63,56,0.111111
1046,63,56,0.111111
1049,63,56,0.111111
1051,63,56,0.111111
1054,63,56,0.111111
1056,63,56,0.111111
1059,63,56,0.111111
1061,63,56,0.111111
1064,63,56,0.111111
1066,63,56,0.111111
1069,63,56,0.111111
1072,63,56,0.111111
1075,63,56,0.111111
1077,63,56,0.111111
1080,63,56,0.111111
1083,63,56,0.111111
1085,63,56,0.111111
1088,63,56,0.111111
1090,63,56,0.111111
1093,63,56,0.111111
1095,63,56,0.111111
1098,63,56,0.111111
1100,63,56,0.111111
1103,63,56,0.111111
1106,63,56,0.111111
1108,63,56,0.111111
1111,63,56,0.111111
1114,63,56,0.111111
1116,63,56,0.111111
1119,63,56,0.111111
1122,63,56,0.111111
1125,63,56,0.111111
1128,63,56,0.111111
1131,63,56,0.111111
1134,63,56,0.111111
1137,63,56,0.111111
1140,63,56,0.111111
1142,63,56,0.111111
1146,63,56,0.111111
1149,63,56,0.111111
1154,63,56,0.111111
1157,63,56,0.111111
1160,63,56,0.111111
1164,63,56,0.111111
1167,63,56,0.111111
1171,63,56,0.111111
1173,63,56,0.111111
1177,63,56,0.111111
1180,63,56,0.111111
1183,63,56,0.111111
1186,63,56,0.111111
1189,63,56,0.111111
1192,63,56,0.111111
1195,63,56,0.111111
1199,63,56,0.111111
1201,63,56,0.111111
1205,63,56,0.111111
1209,63,56,0.111111
1212,63,56,0.111111
1215,63,56,0.111111
1218,63,56,0.111111
1221,63,56,0.111111
1224,63,56,0.111111
1227,63,56,0.111111
1231,63,56,0.111111
1234,63,56,0.111111
1237,63,56,0.111111
1240,63,56,0.111111
1242,63,56,0.111111
1246,63,56,0.111111
1249,63,56,0.111111
1252,63,56,0.111111
1254,63,56,0.111111
1257,63,56,0.111111
1260,63,56,0.111111
1263,63,56,0.111111
1266,63,56,0.111111
1269,63,56,0.111111
1272,63,56,0.111111
1274,63,56,0.111111
1277,63,56,0.111111
1280,63,56,0.111111
1283,63,56,0.111111
1286,63,56,0.111111
1289,63,56,0.111111
1291,63,56,0.111111
1294,63,56,0.111111
1298,63,56,0.111111
1301,63,56,0.111111
1303,63,56,0.111111
1306,63,56,0.111111
1308,63,56,0.111111
1312,63,56,0.111111
1314,63,56,0.111111
1318,63,56,0.111111
1321,63,56,0.111111
1324,63,56,0.111111
1327,63,56,0.111111
1329,63,56,0.111111
1332,63,56,0.111111
1335,63,56,0.111111
1338,63,56,0.111111
1341,63,56,0.111111
1344,63,56,0.111111
1347,63,56,0.111111
1350,63,56,0.111111
1353,63,56,0.111111
1356,63,56,0.111111
1359,63,56,0.111111
1362,63,56,0.111111
1365,63,56,0.111111
1368,63,56,0.111111
1371,63,56,0.111111
1375,63,56,0.111111
1378,63,56,0.111111
1382,63,56,0.111111
1384,63,56,0.111111
1387,63,56,0.111111
1391,63,56,0.111111
1393,63,56,0.111111
1397,63,56,0.111111
1400,63,56,0.111111
1403,63,56,0.111111
1406,63,56,0.111111
1410,63,56,0.111111
1414,63,56,0.111111
1417,63,56,0.111111
1420,63,56,0.111111
1423,63,56,0.111111
1426,63,56,0.111111
1429,63,56,0.111111
1432,63,56,0.111111
1435,63,56,0.111111
1438,63,56,0.111111
1442,63,56,0.111111
1445,63,56,0.111111
1449,63,56,0.111111
1452,63,56,0.111111
1455,63,56,0.111111
1458,63,56,0.111111
1462,63,56,0.111111
1466,63,56,0.111111
1469,63,56,0.111111
1472,63,56,0.111111
1475,63,56,0.111111
1478,63,56,0.111111
1481,63,56,0.111111
1484,63,56,0.111111
1487,63,56,0.111111
1490,63,56,0.111111
1493,63,56,0.111111
1496,63,56,0.111111
1499,63,56,0.111111
1502,63,56,0.111111
1504,63,56,0.111111
1507,63,56,0.111111
1510,63,56,0.111111
1513,63,56,0.111111
1516,63,56,0.111111
1519,63,56,0.111111
1522,63,56,0.111111
1525,63,56,0.111111
1528,63,56,0.111111
1531,63,56,0.111111
1534,63,56,0.111111
1537,63,56,0.111111
1541,63,56,0.111111
1544,63,56,0.111111
1547,63,56,0.111111
1550,63,56,0.111111
1553,63,56,0.111111
1556,63,56,0.111111
1559,63,56,0.111111
1562,63,56,0.111111
1566,63,56,0.111111
1569,63,56,0.111111
1572,63,56,0.111111
1575,63,56,0.111111
1578,63,56,0.111111
1581,63,56,0.111111
1585,63,56,0.111111
1588,63,56,0.111111
1590,63,56,0.111111
1593,63,56,0.111111
1596,63,56,0.111111
1600,63,56,0.111111
1602,63,56,0.111111
1606,63,56,0.111111
1609,63,56,0.111111
1612,63,56,0.111111
1617,63,56,0.111111
1621,63,56,0.111111
1624,63,56,0.111111
1627,63,56,0.111111
1630,63,56,0.111111
1633,63,56,0.111111
1636,63,56,0.111111
1639,63,56,0.111111
1642,63,56,0.111111
1645,63,56,0.111111
1648,63,56,0.111111
1652,63,56,0.111111
1655,63,56,0.111111
1658,63,56,0.111111
1661,63,56,0.111111
1664,63,56,0.111111
1668,63,56,0.111111
1671,63,56,0.111111
1674,63,56,0.111111
1677,63,56,0.111111
1680,63,56,0.111111
1683,63,56,0.111111
1686,63,56,0.111111
1689,63,56,0.111111
1693,63,56,0.111111
1696,63,56,0.111111
1700,63,56,0.111111
1703,63,56,0.111111
1706,63,56,0.111111
1709,63,56,0.111111
1712,63,56,0.111111
1715,63,56,0.111111
1718,63,56,0.111111
1721,63,56,0.111111
1725,63,56,0.111111
1727,63,56,0.111111
1730,63,56,0.111111
1733,63,56,0.111111
1737,63,56,0.111111
1740,63,56,0.111111
1743,63,56,0.111111
1747,63,56,0.111111
1750,63,56,0.111111
1753,63,56,0.111111
1757,63,56,0.111111
1759,63,56,0.111111
1762,63,56,0.111111
1765,63,56,0.111111
1768,63,56,0.111111
1771,63,56,0.111111
1774,63,56,0.111111
1777,63,56,0.111111
1781,63,56,0.111111
1784,63,56,0.111111
1788,63,56,0.111111
1790,63,56,0.111111
1793,63,56,0.111111
1797,63,56,0.111111
1800,63,56,0.111111
1803,63,56,0.111111
1807,63,56,0.111111
1810,63,56,0.111111
1813,63,56,0.111111
1817,63,56,0.111111
1820,63,56,0.111111
1824,63,56,0.111111
1827,63,56,0.111111
1830,63,56,0.111111
1833,63,56,0.111111
1836,63,56,0.111111
1838,63,56,0.111111
1841,63,56,0.111111
1844,63,56,0.111111
1848,63,56,0.111111
1851,63,56,0.111111
1854,63,56,0.111111
1857,63,56,0.111111
1861,63,56,0.111111
1865,63,56,0.111111
1868,63,56,0.111111
1871,63,56,0.111111
1874,63,56,0.111111
1878,63,56,0.111111
1881,63,56,0.111111
1884,63,56,0.111111
1889,63,56,0.111111
1893,63,56,0.111111
1897,63,56,0.111111
1900,63,56,0.111111
1903,63,56,0.111111
1907,63,56,0.111111
1910,63,56,0.111111
1913,63,56,0.111111
1916,63,56,0.111111
1920,63,56,0.111111
1923,63,56,0.111111
1926,63,56,0.111111
1930,63,56,0.111111
1933,63,56,0.111111
1936,63,56,0.111111
1939,63,56,0.111111
1943,63,56,0.111111
1947,63,56,0.111111
1950,63,56,0.111111
1954,63,56,0.111111
1957,63,56,0.111111
1961,63,56,0.111111
1964,63,56,0.111111
1968,63,56,0.111111
1971,63,56,0.111111
1975,63,56,0.111111
1978,63,56,0.111111
1982,63,56,0.111111
1987,63,56,0.111111
1991,63,56,0.111111
1995,63,56,0.111111
1999,63,56,0.111111
2003,63,56,0.111111
2007,63,56,0.111111
2012,63,56,0.111111
2015,63,56,0.111111
2020,63,56,0.111111
2024,63,56,0.111111
2028,63,56,0.111111
2032,63,56,0.111111
2035,63,56,0.111111
2039,63,56,0.111111
2043,63,56,0.111111
2047,63,56,0.111111
2050,63,56,0.111111
2054,63,56,0.111111
2058,63,56,0.111111
2062,63,56,0.111111
2066,63,56,0.111111
2070,63,56,0.111111
2073,63,56,0.111111
2077,63,56,0.111111
2080,63,56,0.111111
2084,63,56,0.111111
2087,63,56,0.111111
2091,63,56,0.111111
2094,63,56,0.111111
2097,63,56,0.111111
2101,63,56,0.111111
2104,63,56,0.111111
2108,63,56,0.111111
2111,63,56,0.111111
2115,63,56,0.111111
2118,63,56,0.111111
2122,63,56,0.111111
2126,63,56,0.111111
2130,63,56,0.111111
2133,63,56,0.111111
2137,63,56,0.111111
2140,63,56,0.111111
2144,63,56,0.111111
2148,63,56,0.111111
2152,63,56,0.111111
2155,63,56,0.111111
2159,63,56,0.111111
2163,63,56,0.111111
2166,63,56,0.111111
2170,63,56,0.111111
2174,63,56,0.111111
2178,63,56,0.111111
2183,63,56,0.111111
2186,63,56,0.111111
2190,63,56,0.111111
2194,63,56,0.111111
2197,63,56,0.111111
2203,63,56,0.111111
2207,63,56,0.111111
2211,63,56,0.111111
2215,63,56,0.111111
2218,63,56,0.111111
2222,63,56,0.111111
2226,63,56,0.111111
2231,63,56,0.111111
2235,63,56,0.111111
2238,63,56,0.111111
2242,63,56,0.111111
2246,63,56,0.111111
2250,63,56,0.111111
2254,63,56,0.111111
2258,63,56,0.111111
2261,63,56,0.111111
2265,63,56,0.111111
2268,63,56,0.111111
2272,63,56,0.111111
2276,63,56,0.111111
2280,63,56,0.111111
2284,63,56,0.111111
2289,63,56,0.111111
2292,63,56,0.111111
2297,63,56,0.111111
2301,63,56,0.111111
2304,63,56,0.111111
2308,63,56,0.111111
2312,63,56,0.111111
2316,63,56,0.111111
2321,63,56,0.111111
2325,63,56,0.111111
2329,63,56,0.111111
2332,63,56,0.111111
2336,63,56,0.111111
2339,63,56,0.111111
2342,63,56,0.111111
2346,63,56,0.111111
2350,63,56,0.111111
2354,63,56,0.111111
2357,63,56,0.111111
2361,63,56,0.111111
2365,63,56,0.111111
2368,63,56,0.111111
2372,63,56,0.111111
2376,63,56,0.111111
2380,63,56,0.111111
2384,63,56,0.111111
2388,63,56,0.111111
2392,63,56,0.111111
2396,63,56,0.111111
2400,63,56,0.111111
2403,63,56,0.111111
2407,63,56,0.111111
2411,63,56,0.111111
2415,63,56,0.111111
2419,63,56,0.111111
2422,63,56,0.111111
2426,63,56,0.111111
2430,63,56,0.111111
2433,63,56,0.111111
2438,63,56,0.111111
2441,63,56,0.111111
2446,63,56,0.111111
2449,63,56,0.111111
2452,63,56,0.111111
2457,63,56,0.111111
2460,63,56,0.111111
2464,63,56,0.111111
2467,63,56,0.111111
2471,63,56,0.111111
2475,63,56,0.111111
2478,63,56,0.111111
2482,63,56,0.111111
2486,63,56,0.111111
2490,63,56,0.111111
2495,63,56,0.111111
2498,63,56,0.111111
2503,63,56,0.111111
2507,63,56,0.111111
2512,63,56,0.111111
2516,63,56,0.111111
2520,63,56,0.111111
2524,63,56,0.111111
2529,63,56,0.111111
2533,63,56,0.111111
2538,63,56,0.111111
2542,63,56,0.111111
2548,63,56,0.111111
2552,63,56,0.111111
2557,63,56,0.111111
2561,63,56,0.111111
2565,63,56,0.111111
2570,63,56,0.111111
2574,63,56,0.111111
2578,63,56,0.111111
2582,63,56,0.111111
2587,63,56,0.111111
2591,63,56,0.111111
2597,63,56,0.111111
2602,63,56,0.111111
2606,63,56,0.111111
2612,63,56,0.111111
2616,63,56,0.111111
2620,63,56,0.111111
2625,63,56,0.111111
2629,63,56,0.111111
2634,63,56,0.111111
2638,63,56,0.111111
2642,63,56,0.111111
2646,63,56,0.111111
2650,63,56,0.111111
2654,63,56,0.111111
2658,63,56,0.111111
2662,63,56,0.111111
2667,63,56,0.111111
2671,63,56,0.111111
2675,63,56,0.111111
2678,63,56,0.111111
2683,63,56,0.111111
2687,63,56,0.111111
2691,63,56,0.111111
2695,63,56,0.111111
2698,63,56,0.111111
2703,63,56,0.111111
2707,63,56,0.111111
2711,63,56,0.111111
2714,63,56,0.111111
2718,63,56,0.111111
2722,63,56,0.111111
2726,63,56,0.111111
2730,63,56,0.111111
2734,63,56,0.111111
2738,63,56,0.111111
2742,63,56,0.111111
2747,63,56,0.111111
2750,63,56,0.111111
2754,63,56,0.111111
2759,63,56,0.111111
2763,63,56,0.111111
2768,63,56,0.111111
2772,63,56,0.111111
2777,63,56,0.111111
2781,63,56,0.111111
2785,63,56,0.111111
2789,63,56,0.111111
2794,63,56,0.111111
2798,63,56,0.111111
2802,63,56,0.111111
2806,63,56,0.111111
2810,63,56,0.111111
2813,63,56,0.111111
2818,63,56,0.111111
2822,63,56,0.111111
2827,63,56,0.111111
2830,63,56,0.111111
2834,63,56,0.111111
2838,63,56,0.111111
2842,63,56,0.111111
2846,63,56,0.111111
2850,63,56,0.111111
2854,63,56,0.111111
2858,63,56,0.111111
2862,63,56,0.111111
2868,63,56,0.111111
2872,63,56,0.111111
2877,63,56,0.111111
2880,63,56,0.111111
2884,63,56,0.111111
2889,63,56,0.111111
2893,63,56,0.111111
2897,63,56,0.111111
2902,63,56,0.111111
2906,63,56,0.111111
2910,63,56,0.111111
2915,63,56,0.111111
2920,63,56,0.111111
2925,63,56,0.111111
2930,63,56,0.111111
2934,63,56,0.111111
2940,63,56,0.111111
2944,63,56,0.111111
2949,63,56,0.111111
2954,63,56,0.111111
2959,63,56,0.111111
2964,63,56,0.111111
2969,63,56,0.111111
2973,63,56,0.111111
2977,63,56,0.111111
2982,63,56,0.111111
2987,63,56,0.111111
2992,63,56,0.111111
2997,63,56,0.111111
3001,63,56,0.111111
3005,63,56,0.111111
3009,63,56,0.111111
3014,63,56,0.111111
3017,63,56,0.111111
3022,63,56,0.111111
3027,63,56,0.111111
3032,63,56,0.111111
3037,63,56,0.111111
3041,63,56,0.111111
3046,63,56,0.111111
3050,63,56,0.111111
3054,63,56,0.111111
3058,63,56,0.111111
3062,63,56,0.111111
3067,63,56,0.111111
3072,63,56,0.111111
3076,63,56,0.111111
3081,63,56,0.111111
3085,63,56,0.111111
3089,63,56,0.111111
3094,63,56,0.111111
3099,63,56,0.111111
3102,63,56,0.111111
3107,63,56,0.111111
3111,63,56,0.111111
3116,63,56,0.111111
3120,63,56,0.111111
3125,63,56,0.111111
3129,63,56,0.111111
3134,63,56,0.111111
3139,63,56,0.111111
3143,63,56,0.111111
3148,63,56,0.111111
3153,63,56,0.111111
3158,63,56,0.111111
3163,63,56,0.111111
3168,63,56,0.111111
3172,63,56,0.111111
3177,63,56,0.111111
3183,63,56,0.111111
3187,63,56,0.111111
3191,63,56,0.111111
3195,63,56,0.111111
3201,63,56,0.111111
3205,63,56,0.111111
3210,63,56,0.111111
3214,63,56,0.111111
3219,63,56,0.111111
3223,63,56,0.111111
3228,63,56,0.111111
3233,63,56,0.111111
3237,63,56,0.111111
3242,63,56,0.111111
3248,63,56,0.111111
3253,63,56,0.111111
3257,63,56,0.111111
3261,63,56,0.111111
3265,63,56,0.111111
3269,63,56,0.111111
3273,63,56,0.111111
3278,63,56,0.111111
3282,63,56,0.111111
3287,63,56,0.111111
3292,63,56,0.111111
3296,63,56,0.111111
3301,63,56,0.111111
3305,63,56,0.111111
3310,63,56,0.111111
3314,63,56,0.111111
3319,63,56,0.111111
3324,63,56,0.111111
3328,63,56,0.111111
3333,63,56,0.111111
3337,63,56,0.111111
3343,63,56,0.111111
3348,63,56,0.111111
3351,63,56,0.111111
3356,63,56,0.111111
3360,63,56,0.111111
3365,63,56,0.111111
3370,63,56,0.111111
3375,63,56,0.111111
3378,63,56,0.111111
3383,63,56,0.111111
3387,63,56,0.111111
3394,63,56,0.111111
3398,63,56,0.111111
3403,63,56,0.111111
3408,63,56,0.111111
3413,63,56,0.111111
3417,63,56,0.111111
3422,63,56,0.111111
3427,63,56,0.111111
3431,63,56,0.111111
3435,63,56,0.111111
3439,63,56,0.111111
3443,63,56,0.111111
3448,63,56,0.111111
3453,63,56,0.111111
3458,63,56,0.111111
3462,63,56,0.111111
3466,63,56,0.111111
3471,63,56,0.111111
3476,63,56,0.111111
3479,63,56,0.111111
3484,63,56,0.111111
3489,63,56,0.111111
3493,63,56,0.111111
3499,63,56,0.111111
3503,63,56,0.111111
3508,63,56,0.111111
3512,63,56,0.111111
3517,63,56,0.111111
3522,63,56,0.111111
3527,63,56,0.111111
3531,63,56,0.111111
3536,63,56,0.111111
3540,63,56,0.111111
3545,63,56,0.111111
3550,63,56,0.111111
3554,63,56,0.111111
3560,63,56,0.111111
3566,63,56,0.111111
3573,63,56,0.111111
3577,63,56,0.111111
3583,63,56,0.111111
3588,63,56,0.111111
3594,63,56,0.111111
3600,63,56,0.111111
3605,63,56,0.111111
3610,63,56,0.111111
3616,63,56,0.111111
3621,63,56,0.111111
3626,63,56,0.111111
3631,63,56,0.111111
3636,63,56,0.111111
3642,63,56,0.111111
3647,63,56,0.111111
3652,63,56,0.111111
3658,63,56,0.111111
3663,63,56,0.111111
3670,63,56,0.111111
3676,63,56,0.111111
3681,63,56,0.111111
3686,63,56,0.111111
3692,63,56,0.111111
3697,63,56,0.111111
3703,63,56,0.111111
3708,63,56,0.111111
3714,63,56,0.111111
3719,63,56,0.111111
3723,63,56,0.111111
3729,63,56,0.111111
3735,63,56,0.111111
3740,63,56,0.111111
3746,63,56,0.111111
3751,63,56,0.111111
3756,63,56,0.111111
3761,63,56,0.111111
3765,63,56,0.111111
3770,63,56,0.111111
3774,63,56,0.111111
3779,63,56,0.111111
3784,63,56,0.111111
3789,63,56,0.111111
3792,63,56,0.111111
3798,63,56,0.111111
3803,63,56,0.111111
3808,63,56,0.111111
3814,63,56,0.111111
3820,63,56,0.111111
3826,63,56,0.111111
3834,63,56,0.111111
3838,63,56,0.111111
3843,63,56,0.111111
3848,63,56,0.111111
3852,63,56,0.111111
3858,63,56,0.111111
3863,63,56,0.111111
3867,63,56,0.111111
3872,63,56,0.111111
3878,63,56,0.111111
3884,63,56,0.111111
3889,63,56,0.111111
3893,63,56,0.111111
3899,63,56,0.111111
3905,63,56,0.111111
3910,63,56,0.111111
3914,63,56,0.111111
3920,63,56,0.111111
3926,63,56,0.111111
3932,63,56,0.111111
3938,63,56,0.111111
3942,63,56,0.111111
3946,63,56,0.111111
3951,63,56,0.111111
3957,63,56,0.111111
3961,63,56,0.111111
3966,63,56,0.111111
3972,63,56,0.111111
3977,63,56,0.111111
3982,63,56,0.111111
3987,63,56,0.111111
3993,63,56,0.111111
3998,63,56,0.111111
4004,63,56,0.111111
4010,63,56,0.111111
4016,63,56,0.111111
4022,63,56,0.111111
4027,63,56,0.111111
4031,63,56,0.111111
4036,63,56,0.111111
4041,63,56,0.111111
4046,63,56,0.111111
4052,63,56,0.111111
4057,63,56,0.111111
4062,63,56,0.111111
4067,63,56,0.111111
4073,63,56,0.111111
4079,63,56,0.111111
4085,63,56,0.111111
4090,63,56,0.111111
4096,63,56,0.111111
4102,63,56,0.111111
4108,63,56,0.111111
4113,63,56,0.111111
4120,63,56,0.111111
4124,63,56,0.111111
4129,63,56,0.111111
4134,63,56,0.111111
4139,63,56,0.111111
4144,63,56,0.111111
4148,63,56,0.111111
4155,63,56,0.111111
4160,63,56,0.111111
4165,63,56,0.111111
4170,63,56,0.111111
4174,63,56,0.111111
4180,63,56,0.111111
4185,63,56,0.111111
4191,63,56,0.111111
4196,63,56,0.111111
4201,63,56,0.111111
4205,63,56,0.111111
4210,63,56,0.111111
4214,63,56,0.111111
4219,63,56,0.111111
4224,63,56,0.111111
4230,63,56,0.111111
4234,63,56,0.111111
4238,63,56,0.111111
4244,63,56,0.111111
4249,63,56,0.111111
4254,63,56,0.111111
4259,63,56,0.111111
4265,63,56,0.111111
4269,63,56,0.111111
4274,63,56,0.111111
4279,63,56,0.111111
4285,63,56,0.111111
4291,63,56,0.111111
4297,63,56,0.111111
4303,63,56,0.111111
4308,63,56,0.111111
4314,63,56,0.111111
4320,63,56,0.111111
4324,63,56,0.111111
4330,63,56,0.111111
4335,63,56,0.111111
4341,63,56,0.111111
4347,63,56,0.111111
4353,63,56,0.111111
4357,63,56,0.111111
4361,63,56,0.111111
4366,63,56,0.111111
4371,63,56,0.111111
4377,63,56,0.111111
4382,63,56,0.111111
4387,63,56,0.111111
4394,63,56,0.111111
4398,63,56,0.111111
4404,63,56,0.111111
4409,63,56,0.111111
4415,63,56,0.111111
4420,63,56,0.111111
4424,63,56,0.111111
4428,63,56,0.111111
4433,63,56,0.111111
4437,63,56,0.111111
4442,63,56,0.111111
4447,63,56,0.111111
4451,63,56,0.111111
4456,63,56,0.111111
4461,63,56,0.111111
4465,63,56,0.111111
4470,63,56,0.111111
4475,63,56,0.111111
4481,63,56,0.111111
4487,63,56,0.111111
4491,63,56,0.111111
4495,63,56,0.111111
4501,63,56,0.111111
4506,63,56,0.111111
4512,63,56,0.111111
4518,63,56,0.111111
4524,63,56,0.111111
4528,63,56,0.111111
4534,63,56,0.111111
4539,63,56,0.111111
4544,63,56,0.111111
4549,63,56,0.111111
4555,63,56,0.111111
4560,63,56,0.111111
4565,63,56,0.111111
4571,63,56,0.111111
4576,63,56,0.111111
4581,63,56,0.111111
4585,63,56,0.111111
4590,63,56,0.111111
4594,63,56,0.111111
4598,63,56,0.111111
4602,63,56,0.111111
4607,63,56,0.111111
4610,63,56,0.111111
4615,63,56,0.111111
4621,63,56,0.111111
4625,63,56,0.111111
4630,63,56,0.111111
4635,63,56,0.111111
4640,63,56,0.111111
4644,63,56,0.111111
4649,63,56,0.111111
4653,63,56,0.111111
4659,63,56,0.111111
4663,63,56,0.111111
4667,63,56,0.111111
4673,63,56,0.111111
4678,63,56,0.111111
4685,63,56,0.111111
4688,63,56,0.111111
4693,63,56,0.111111
4699,63,56,0.111111
4706,63,56,0.111111
4711,63,56,0.111111
4717,63,56,0.111111
4722,63,56,0.111111
4729,63,56,0.111111
4735,63,56,0.111111
4740,63,56,0.111111
4745,63,56,0.111111
4751,63,56,0.111111
4757,63,56,0.111111
4764,63,56,0.111111
4768,63,56,0.111111
4774,63,56,0.111111
4779,63,56,0.111111
4784,63,56,0.111111
4789,63,56,0.111111
4794,63,56,0.111111
4801,63,56,0.111111
4806,63,56,0.111111
4812,63,56,0.111111
4818,63,56,0.111111
4825,63,56,0.111111
4831,63,56,0.111111
4836,63,56,0.111111
4840,63,56,0.111111
4847,63,56,0.111111
4853,63,56,0.111111
4858,63,56,0.111111
4863,63,56,0.111111
4867,63,56,0.111111
4873,63,56,0.111111
4878,63,56,0.111111
4884,63,56,0.111111
4890,63,56,0.111111
4894,63,56,0.111111
4899,63,56,0.111111
4903,63,56,0.111111
4908,63,56,0.111111
4914,63,56,0.111111
4921,63,56,0.111111
4925,63,56,0.111111
4930,63,56,0.111111
4935,63,56,0.111111
4941,63,56,0.111111
4948,63,56,0.111111
4954,63,56,0.111111
4959,63,56,0.111111
4964,63,56,0.111111
4970,63,56,0.111111
4975,63,56,0.111111
4980,63,56,0.111111
4985,63,56,0.111111
4990,63,56,0.111111
4995,63,56,0.111111
5000,63,56,0.111111
5005,63,56,0.111111
5010,63,56,0.111111
5014,63,56,0.111111
5019,63,56,0.111111
5024,63,56,0.111111
5029,63,56,0.111111
5034,63,56,0.111111
5039,63,56,0.111111
5044,63,56,0.111111
5049,63,56,0.111111
5055,63,56,0.111111
5061,63,56,0.111111
5066,63,56,0.111111
5071,63,56,0.111111
5076,63,56,0.111111
5081,63,56,0.111111
5086,63,56,0.111111
5090,63,56,0.111111
5095,63,56,0.111111
5099,63,56,0.111111
5105,63,56,0.111111
5109,63,56,0.111111
5114,63,56,0.111111
5120,63,56,0.111111
5126,63,56,0.111111
5130,63,56,0.111111
5134,63,56,0.111111
5139,63,56,0.111111
5144,63,56,0.111111
5149,63,56,0.111111
5154,63,56,0.111111
5158,63,56,0.111111
5164,63,56,0.111111
5168,63,56,0.111111
5173,63,56,0.111111
5178,63,56,0.111111
5183,63,56,0.111111
5188,63,56,0.111111
5193,63,56,0.111111
5197,63,56,0.111111
5204,63,56,0.111111
5209,63,56,0.111111
5213,63,56,0.111111
5219,63,56,0.111111
5224,63,56,0.111111
5229,63,56,0.111111
5233,63,56,0.111111
5238,63,56,0.111111
5243,63,56,0.111111
5247,63,56,0.111111
5252,63,56,0.111111
5258,63,56,0.111111
5263,63,56,0.111111
5268,63,56,0.111111
5273,63,56,0.111111
5280,63,56,0.111111
5286,63,56,0.111111
5293,63,56,0.111111
5299,63,56,0.111111
5304,63,56,0.111111
5311,63,56,0.111111
5317,63,56,0.111111
5321,63,56,0.111111
5326,63,56,0.111111
5331,63,56,0.111111
5337,63,56,0.111111
5343,63,56,0.111111
5349,63,56,0.111111
5354,63,56,0.111111
5359,63,56,0.111111
5365,63,56,0.111111
5370,63,56,0.111111
5377,63,56,0.111111
5384,63,56,0.111111
5389,63,56,0.111111
5394,63,56,0.111111
5399,63,56,0.111111
5403,63,56,0.111111
5408,63,56,0.111111
5413,63,56,0.111111
5418,63,56,0.111111
5423,63,56,0.111111
5428,63,56,0.111111
5432,63,56,0.111111
5437,63,56,0.111111
5442,63,56,0.111111
5448,63,56,0.111111
5452,63,56,0.111111
5458,63,56,0.111111
5462,63,56,0.111111
5467,63,56,0.111111
5471,63,56,0.111111
5477,63,56,0.111111
5481,63,56,0.111111
5486,63,56,0.111111
5490,63,56,0.111111
5495,63,56,0.111111
5499,63,56,0.111111
5505,63,56,0.111111
5511,63,56,0.111111
5516,63,56,0.111111
5522,63,56,0.111111
5527,63,56,0.111111
5532,63,56,0.111111
5538,63,56,0.111111
5544,63,56,0.111111
5549,63,56,0.111111
5554,63,56,0.111111
5558,63,56,0.111111
5563,63,56,0.111111
5568,63,56,0.111111
5573,63,56,0.111111
5578,63,56,0.111111
5583,63,56,0.111111
5588,63,56,0.111111
5593,63,56,0.111111
5597,63,56,0.111111
5603,63,56,0.111111
5607,63,56,0.111111
5612,63,56,0.111111
5620,63,56,0.111111
5625,63,56,0.111111
5630,63,56,0.111111
5634,63,56,0.111111
5639,63,56,0.111111
5644,63,56,0.111111
5648,63,56,0.111111
5653,63,56,0.111111
5658,63,56,0.111111
5663,63,56,0.111111
5667,63,56,0.111111
5672,63,56,0.111111
5677,63,56,0.111111
5683,63,56,0.111111
5688,63,56,0.111111
5693,63,56,0.111111
5698,63,56,0.111111
5703,63,56,0.111111
5709,63,56,0.111111
5714,63,56,0.111111
5719,63,56,0.111111
5723,63,56,0.111111
5729,63,56,0.111111
5734,63,56,0.111111
5739,63,56,0.111111
5743,63,56,0.111111
5748,63,56,0.111111
5753,63,56,0.111111
5758,63,56,0.111111
5764,63,56,0.111111
5769,63,56,0.111111
5775,63,56,0.111111
5780,63,56,0.111111
5786,63,56,0.111111
5790,63,56,0.111111
5795,63,56,0.111111
5800,63,56,0.111111
5805,63,56,0.111111
5811,63,56,0.111111
5816,63,56,0.111111
5822,63,56,0.111111
5828,63,56,0.111111
5833,63,56,0.111111
5838,63,56,0.111111
5843,63,56,0.111111
5848,63,56,0.111111
5854,63,56,0.111111
5858,63,56,0.111111
5863,63,56,0.111111
5869,63,56,0.111111
5875,63,56,0.111111
5879,63,56,0.111111
5886,63,56,0.111111
5893,63,56,0.111111
5898,63,56,0.111111
5903,63,56,0.111111
5908,63,56,0.111111
5913,63,56,0.111111
5920,63,56,0.111111
5926,63,56,0.111111
5931,63,56,0.111111
5936,63,56,0.111111
5942,63,56,0.111111
5946,63,56,0.111111
5952,63,56,0.111111
5957,63,56,0.111111
5962,63,56,0.111111
5967,63,56,0.111111
5972,63,56,0.111111
5978,63,56,0.111111
5985,63,56,0.111111
5990,63,56,0.111111
5997,63,56,0.111111
6001,63,56,0.111111
6006,63,56,0.111111
6011,63,56,0.111111
6017,63,56,0.111111
6022,63,56,0.111111
6027,63,56,0.111111
6033,63,56,0.111111
6038,63,56,0.111111
6042,63,56,0.111111
6047,63,56,0.111111
6053,63,56,0.111111
6058,63,56,0.111111
6064,63,56,0.111111
6070,63,56,0.111111
6075,63,56,0.111111
6081,63,56,0.111111
6086,63,56,0.111111
6092,63,56,0.111111
6096,63,56,0.111111
6101,63,56,0.111111
6107,63,56,0.111111
6112,63,56,0.111111
6118,63,56,0.111111
6124,63,56,0.111111
6130,63,56,0.111111
6136,63,56,0.111111
6141,63,56,0.111111
6147,63,56,0.111111
6151,63,56,0.111111
6156,63,56,0.111111
6162,63,56,0.111111
6168,63,56,0.111111
6172,63,56,0.111111
6176,63,56,0.111111
6181,63,56,0.111111
6187,63,56,0.111111
6193,63,56,0.111111
6199,63,56,0.111111
6204,63,56,0.111111
6209,63,56,0.111111
6214,63,56,0.111111
6218,63,56,0.111111
6224,63,56,0.111111
6228,63,56,0.111111
6233,63,56,0.111111
6239,63,56,0.111111
6245,63,56,0.111111
6250,63,56,0.111111
6254,63,56,0.111111
6258,63,56,0.111111
6263,63,56,0.111111
6268,63,56,0.111111
6274,63,56,0.111111
6280,63,56,0.111111
6285,63,56,0.111111
6290,63,56,0.111111
6296,63,56,0.111111
6302,63,56,0.111111
6307,63,56,0.111111
6312,63,56,0.111111
6317,63,56,0.111111
6322,63,56,0.111111
6328,63,56,0.111111
6333,63,56,0.111111
6338,63,56,0.111111
6342,63,56,0.111111
6349,63,56,0.111111
6353,63,56,0.111111
6359,63,56,0.111111
6365,63,56,0.111111
6370,63,56,0.111111
6376,63,56,0.111111
6383,63,56,0.111111
6390,63,56,0.111111
6396,63,56,0.111111
6403,63,56,0.111111
6410,63,56,0.111111
6417,63,56,0.111111
6423,63,56,0.111111
6430,63,56,0.111111
6436,63,56,0.111111
6442,63,56,0.111111
6449,63,56,0.111111
6455,63,56,0.111111
6461,63,56,0.111111
6467,63,56,0.111111
6474,63,56,0.111111
6481,63,56,0.111111
6487,63,56,0.111111
6494,63,56,0.111111
6500,63,56,0.111111
6504,63,56,0.111111
6511,63,56,0.111111
6517,63,56,0.111111
6524,63,56,0.111111
6530,63,56,0.111111
6536,63,56,0.111111
6541,63,56,0.111111
6549,63,56,0.111111
6554,63,56,0.111111
6560,63,56,0.111111
6567,63,56,0.111111
6574,63,56,0.111111
6582,63,56,0.111111
6587,63,56,0.111111
6593,63,56,0.111111
6599,63,56,0.111111
6606,63,56,0.111111
6610,63,56,0.111111
6616,63,56,0.111111
6622,63,56,0.111111
6627,63,56,0.111111
6631,63,56,0.111111
6637,63,56,0.111111
6643,63,56,0.111111
6647,63,56,0.111111
6654,63,56,0.111111
6659,63,56,0.111111
6666,63,56,0.111111
6672,63,56,0.111111
6677,63,56,0.111111
6683,63,56,0.111111
6689,63,56,0.111111
6693,63,56,0.111111
6699,63,56,0.111111
6704,63,56,0.111111
6710,63,56,0.111111
6715,63,56,0.111111
6721,63,56,0.111111
6727,63,56,0.111111
6732,63,56,0.111111
6737,63,56,0.111111
6743,63,56,0.111111
6749,63,56,0.111111
6754,63,56,0.111111
6760,63,56,0.111111
6766,63,56,0.111111
6772,63,56,0.111111
6777,63,56,0.111111
6782,63,56,0.111111
6789,63,56,0.111111
6795,63,56,0.111111
6802,63,56,0.111111
6808,63,56,0.111111
6814,63,56,0.111111
6822,63,56,0.111111
6829,63,56,0.111111
6837,63,56,0.111111
6844,63,56,0.111111
6851,63,56,0.111111
6857,63,56,0.111111
6862,63,56,0.111111
6869,63,56,0.111111
6875,63,56,0.111111
6882,63,56,0.111111
6888,63,56,0.111111
6894,63,56,0.111111
6899,63,56,0.111111
6906,63,56,0.111111
6911,63,56,0.111111
6916,63,56,0.111111
6922,63,56,0.111111
6928,63,56,0.111111
6934,63,56,0.111111
6941,63,56,0.111111
6947,63,56,0.111111
6953,63,56,0.111111
6959,63,56,0.111111
6964,63,56,0.111111
6970,63,56,0.111111
6976,63,56,0.111111
6982,63,56,0.111111
6989,63,56,0.111111
6996,63,56,0.111111
7003,63,56,0.111111
7009,63,56,0.111111
7014,63,56,0.111111
7020,63,56,0.111111
7026,63,56,0.111111
7032,63,56,0.111111
7037,63,56,0.111111
7043,63,56,0.111111
7050,63,56,0.111111
7056,63,56,0.111111
7063,63,56,0.111111
7070,63,56,0.111111
7075,63,56,0.111111
7081,63,56,0.111111
7087,63,56,0.111111
7094,63,56,0.111111
7101,63,56,0.111111
7108,63,56,0.111111
7114,63,56,0.111111
7120,63,56,0.111111
7126,63,56,0.111111
7132,63,56,0.111111
7138,63,56,0.111111
7144,63,56,0.111111
7150,63,56,0.111111
7156,63,56,0.111111
7163,63,56,0.111111
7169,63,56,0.111111
7175,63,56,0.111111
7180,63,56,0.111111
7186,63,56,0.111111
7190,63,56,0.111111
7196,63,56,0.111111
7201,63,56,0.111111
7207,63,56,0.111111
7213,63,56,0.111111
7217,63,56,0.111111
7224,63,56,0.111111
7229,63,56,0.111111
7235,63,56,0.111111
7241,63,56,0.111111
7247,63,56,0.111111
7253,63,56,0.111111
7260,63,56,0.111111
7266,63,56,0.111111
7271,63,56,0.111111
7278,63,56,0.111111
7283,63,56,0.111111
7288,63,56,0.111111
7293,63,56,0.111111
7299,63,56,0.111111
7305,63,56,0.111111
7311,63,56,0.111111
7318,63,56,0.111111
7325,63,56,0.111111
7330,63,56,0.111111
7336,63,56,0.111111
7342,63,56,0.111111
7348,63,56,0.111111
7354,63,56,0.111111
7360,63,56,0.111111
7365,63,56,0.111111
7371,63,56,0.111111
7378,63,56,0.111111
7384,63,56,0.111111
7389,63,56,0.111111
7396,62,56,0.0967742
7401,62,56,0.0967742
7405,62,56,0.0967742
7410,62,56,0.0967742
7415,62,56,0.0967742
7419,62,56,0.0967742
7423,62,56,0.0967742
7428,62,56,0.0967742
7432,62,56,0.0967742
7436,62,56,0.0967742
7441,62,56,0.0967742
7445,62,56,0.0967742
7449,62,56,0.0967742
7453,62,56,0.0967742
7457,62,56,0.0967742
7461,62,56,0.0967742
7465,62,56,0.0967742
7468,62,56,0.0967742
7471,62,56,0.0967742
7474,62,56,0.0967742
7477,62,56,0.0967742
7481,62,56,0.0967742
7483,62,56,0.0967742
7486,62,56,0.0967742
7489,62,56,0.0967742
7491,62,56,0.0967742
7494,62,56,0.0967742
7497,62,56,0.0967742
7499,62,56,0.0967742
7502,62,56,0.0967742
7504,62,56,0.0967742
7506,62,56,0.0967742
7508,62,56,0.0967742
7510,62,56,0.0967742
7512,62,56,0.0967742
7513,62,56,0.0967742
7514,62,56,0.0967742
7515,62,56,0.0967742
7516,62,56,0.0967742
7517,62,56,0.0967742
7518,62,56,0.0967742
7519,62,56,0.0967742
7520,62,56,0.0967742
7520,62,56,0.0967742
7521,62,56,0.0967742
7521,62,56,0.0967742
7522,62,56,0.0967742
7522,62,56,0.0967742
7522,62,56,0.0967742
7525,62,56,0.0967742
7532,62,56,0.0967742
7540,62,56,0.0967742
7546,62,56,0.0967742
7551,62,56,0.0967742
7556,62,56,0.0967742
7560,62,56,0.0967742
7565,62,56,0.0967742
7570,62,56,0.0967742
7574,62,56,0.0967742
7578,62,56,0.0967742
7583,62,56,0.0967742
7589,62,56,0.0967742
7594,62,56,0.0967742
7599,62,56,0.0967742
7605,62,56,0.0967742
7611,62,56,0.0967742
7615,62,56,0.0967742
7619,62,56,0.0967742
7623,62,56,0.0967742
7627,62,56,0.0967742
7631,62,56,0.0967742
7635,62,56,0.0967742
7638,62,56,0.0967742
7642,62,56,0.0967742
7645,62,56,0.0967742
7649,62,56,0.0967742
7652,62,56,0.0967742
7655,62,56,0.0967742
7659,62,56,0.0967742
7662,62,56,0.0967742
7665,62,56,0.0967742
7668,62,56,0.0967742
7674,62,56,0.0967742
7677,62,56,0.0967742
7680,62,56,0.0967742
7685,62,56,0.0967742
7692,62,56,0.0967742
7700,62,56,0.0967742
7703,62,56,0.0967742
7707,62,56,0.0967742
7710,62,56,0.0967742
7716,62,56,0.0967742
7719,62,56,0.0967742
7723,62,56,0.0967742
7726,62,56,0.0967742
7732,62,56,0.0967742
7736,62,56,0.0967742
7741,62,56,0.0967742
7746,62,56,0.0967742
7751,62,56,0.0967742
7758,62,56,0.0967742
7762,62,56,0.0967742
7765,62,56,0.0967742
7769,62,56,0.0967742
7775,62,56,0.0967742
7779,62,56,0.0967742
7784,62,56,0.0967742
7788,62,56,0.0967742
7793,62,56,0.0967742
7795,62,56,0.0967742
7799,62,56,0.0967742
7805,62,56,0.0967742
7808,62,56,0.0967742
7812,62,56,0.0967742
7817,62,56,0.0967742
7824,62,56,0.0967742
7826,62,56,0.0967742
7830,62,56,0.0967742
7837,62,56,0.0967742
7842,62,56,0.0967742
7847,62,56,0.0967742
7851,62,56,0.0967742
7857,62,56,0.0967742
7864,62,56,0.0967742
7869,62,56,0.0967742
7874,62,56,0.0967742
7880,62,56,0.0967742
7886,62,56,0.0967742
7892,62,56,0.0967742
7896,62,56,0.0967742
7903,62,56,0.0967742
7912,62,56,0.0967742
7919,62,56,0.0967742
7925,62,56,0.0967742
7930,62,56,0.0967742
7936,62,56,0.0967742
7942,62,56,0.0967742
7948,62,56,0.0967742
7952,62,56,0.0967742
7958,62,56,0.0967742
7963,62,56,0.0967742
7969,62,56,0.0967742
7971,62,56,0.0967742
7977,62,56,0.0967742
7981,62,56,0.0967742
7987,62,56,0.0967742
7992,62,56,0.0967742
7998,62,56,0.0967742
8003,62,56,0.0967742
8007,62,56,0.0967742
8013,62,56,0.0967742
8020,62,56,0.0967742
8025,62,56,0.0967742
8031,62,56,0.0967742
8035,62,56,0.0967742
8040,62,56,0.0967742
8047,62,56,0.0967742
8052,62,56,0.0967742
8058,62,56,0.0967742
8064,62,56,0.0967742
8070,62,56,0.0967742
8075,62,56,0.0967742
8081,62,56,0.0967742
8085,62,56,0.0967742
8091,62,56,0.0967742
8095,62,56,0.0967742
8098,62,56,0.0967742
8102,62,56,0.0967742
8107,62,56,0.0967742
8111,62,56,0.0967742
8115,62,56,0.0967742
8121,62,56,0.0967742
8125,62,56,0.0967742
8130,62,56,0.0967742
8135,62,56,0.0967742
8140,62,56,0.0967742
8144,62,56,0.0967742
8150,62,56,0.0967742
8154,62,56,0.0967742
8159,62,56,0.0967742
8162,62,56,0.0967742
8165,62,56,0.0967742
8168,62,56,0.0967742
8173,62,56,0.0967742
8176,62,56,0.0967742
8180,62,56,0.0967742
8184,62,56,0.0967742
8188,62,56,0.0967742
8191,62,56,0.0967742
8196,62,56,0.0967742
8201,62,56,0.0967742
8205,62,56,0.0967742
8209,62,56,0.0967742
8214,62,56,0.0967742
8220,62,56,0.0967742
8223,62,56,0.0967742
8227,62,56,0.0967742
8232,62,56,0.0967742
8237,62,56,0.0967742
8242,62,56,0.0967742
8248,62,56,0.0967742
8252,62,56,0.0967742
8256,62,56,0.0967742
8261,62,56,0.0967742
8265,62,56,0.0967742
8270,62,56,0.0967742
8276,62,56,0.0967742
8279,62,56,0.0967742
8282,62,56,0.0967742
8286,62,56,0.0967742
8290,62,56,0.0967742
8292,62,56,0.0967742
8296,62,56,0.0967742
8300,62,56,0.0967742
8302,62,56,0.0967742
8306,62,56,0.0967742
8310,62,56,0.0967742
8316,62,56,0.0967742
8318,62,56,0.0967742
8322,62,56,0.0967742
8326,62,56,0.0967742
8331,62,56,0.0967742
8335,62,56,0.0967742
8339,62,56,0.0967742
8342,62,56,0.0967742
8345,62,56,0.0967742
8350,62,56,0.0967742
8355,62,56,0.0967742
8358,62,56,0.0967742
8361,62,56,0.0967742
8365,62,56,0.0967742
8368,62,56,0.0967742
8371,62,56,0.0967742
8374,62,56,0.0967742
8379,62,56,0.0967742
8383,62,56,0.0967742
8386,62,56,0.0967742
8389,62,56,0.0967742
8392,62,56,0.0967742
8396,62,56,0.0967742
8400,62,56,0.0967742
8403,62,56,0.0967742
8407,62,56,0.0967742
8410,62,56,0.0967742
8414,62,56,0.0967742
8418,62,56,0.0967742
8421,62,56,0.0967742
8424,62,56,0.0967742
8427,62,56,0.0967742
8432,62,56,0.0967742
8436,62,56,0.0967742
8440,62,56,0.0967742
8443,62,56,0.0967742
8446,62,56,0.0967742
8449,62,56,0.0967742
8453,62,56,0.0967742
8458,62,56,0.0967742
8461,62,56,0.0967742
8464,62,56,0.0967742
8467,62,56,0.0967742
8470,62,56,0.0967742
8473,62,56,0.0967742
8476,62,56,0.0967742
8479,62,56,0.0967742
8482,62,56,0.0967742
8486,62,56,0.0967742
8489,62,56,0.0967742
8493,62,56,0.0967742
8497,62,56,0.0967742
8499,62,56,0.0967742
8502,62,56,0.0967742
8505,62,56,0.0967742
8508,62,56,0.0967742
8512,62,56,0.0967742
8515,62,56,0.0967742
8518,62,56,0.0967742
8520,62,56,0.0967742
8523,62,56,0.0967742
8525,62,56,0.0967742
8528,62,56,0.0967742
8530,62,56,0.0967742
8533,62,56,0.0967742
8537,62,56,0.0967742
8540,62,56,0.0967742
8543,62,56,0.0967742
8546,62,56,0.0967742
8549,62,56,0.0967742
8552,62,56,0.0967742
8555,62,56,0.0967742
8559,62,56,0.0967742
8562,62,56,0.0967742
8564,62,56,0.0967742
8567,62,56,0.0967742
8568,62,56,0.0967742
8571,62,56,0.0967742
8574,62,56,0.0967742
8577,62,56,0.0967742
8580,62,56,0.0967742
8582,62,56,0.0967742
8585,62,56,0.0967742
8589,62,56,0.0967742
8591,62,56,0.0967742
8594,62,56,0.0967742
8597,62,56,0.0967742
8599,62,56,0.0967742
8602,62,56,0.0967742
8604,62,56,0.0967742
8607,62,56,0.0967742
8610,62,56,0.0967742
8613,62,56,0.0967742
8615,62,56,0.0967742
8618,62,56,0.0967742
8620,62,56,0.0967742
8623,62,56,0.0967742
8625,62,56,0.0967742
8628,62,56,0.0967742
8630,62,56,0.0967742
8633,62,56,0.0967742
8635,62,56,0.0967742
8638,62,56,0.0967742
8640,62,56,0.0967742
8643,62,56,0.0967742
8645,62,56,0.0967742
8648,62,56,0.0967742
8651,62,56,0.0967742
8654,62,56,0.0967742
8656,62,56,0.0967742
8659,62,56,0.0967742
8662,62,56,0.0967742
8665,62,56,0.0967742
8669,62,56,0.0967742
8672,62,56,0.0967742
8675,62,56,0.0967742
8678,62,56,0.0967742
8680,62,56,0.0967742
8682,62,56,0.0967742
8685,62,56,0.0967742
8687,62,56,0.0967742
8690,62,56,0.0967742
8692,62,56,0.0967742
8695,62,56,0.0967742
8697,62,56,0.0967742
8700,62,56,0.0967742
8703,62,56,0.0967742
8705,62,56,0.0967742
8708,62,56,0.0967742
8710,62,56,0.0967742
8713,62,56,0.0967742
8714,62,56,0.0967742
8717,62,56,0.0967742
8720,62,56,0.0967742
8722,62,56,0.0967742
8725,62,56,0.0967742
8727,62,56,0.0967742
8730,62,56,0.0967742
8733,62,56,0.0967742
8735,62,56,0.0967742
8738,62,56,0.0967742
8741,62,56,0.0967742
8743,62,56,0.0967742
8745,62,56,0.0967742
8748,62,56,0.0967742
8750,62,56,0.0967742
8753,62,56,0.0967742
8756,62,56,0.0967742
8757,62,56,0.0967742
8759,62,56,0.0967742
8762,62,56,0.0967742
8764,62,56,0.0967742
8767,62,56,0.0967742
8769,62,56,0.0967742
8771,62,56,0.0967742
8774,62,56,0.0967742
8776,62,56,0.0967742
8779,62,56,0.0967742
8781,62,56,0.0967742
8784,62,56,0.0967742
8786,62,56,0.0967742
8789,62,56,0.0967742
8792,62,56,0.0967742
8795,62,56,0.0967742
8797,62,56,0.0967742
8800,62,56,0.0967742
8802,62,56,0.0967742
8805,62,56,0.0967742
8807,62,56,0.0967742
8809,62,56,0.0967742
8812,62,56,0.0967742
8814,62,56,0.0967742
8817,62,56,0.0967742
8820,62,56,0.0967742
8823,62,56,0.0967742
8825,62,56,0.0967742
8828,62,56,0.0967742
8831,62,56,0.0967742
8834,62,56,0.0967742
8837,62,56,0.0967742
8840,62,56,0.0967742
8843,62,56,0.0967742
8845,62,56,0.0967742
8848,62,56,0.0967742
8849,62,56,0.0967742
8852,62,56,0.0967742
8854,62,56,0.0967742
8856,62,56,0.0967742
8859,62,56,0.0967742
8860,62,56,0.0967742
8863,62,56,0.0967742
8865,62,56,0.0967742
8867,62,56,0.0967742
8870,62,56,0.0967742
8872,62,56,0.0967742
8874,62,56,0.0967742
8877,62,56,0.0967742
8879,62,56,0.0967742
8882,62,56,0.0967742
8884,62,56,0.0967742
8886,62,56,0.0967742
8889,62,56,0.0967742
8891,62,56,0.0967742
8894,62,56,0.0967742
8896,62,56,0.0967742
8898,62,56,0.0967742
8901,62,56,0.0967742
8903,62,56,0.0967742
8906,62,56,0.0967742
8908,62,56,0.0967742
8910,62,56,0.0967742
8912,62,56,0.0967742
8915,62,56,0.0967742
8917,62,56,0.0967742
8919,62,56,0.0967742
8922,62,56,0.0967742
8924,62,56,0.0967742
8926,62,56,0.0967742
8928,62,56,0.0967742
8930,62,56,0.0967742
8933,62,56,0.0967742
8935,62,56,0.0967742
8937,62,56,0.0967742
8939,62,56,0.0967742
8941,62,56,0.0967742
8944,62,56,0.0967742
8946,62,56,0.0967742
8949,62,56,0.0967742
8951,62,56,0.0967742
8954,62,56,0.0967742
8956,62,56,0.0967742
8958,62,56,0.0967742
8960,62,56,0.0967742
8961,62,56,0.0967742
8964,62,56,0.0967742
8967,62,56,0.0967742
8969,62,56,0.0967742
8972,62,56,0.0967742
8974,62,56,0.0967742
8976,62,56,0.0967742
8979,62,56,0.0967742
8981,62,56,0.0967742
8984,62,56,0.0967742
8986,62,56,0.0967742
8988,62,56,0.0967742
8990,62,56,0.0967742
8993,62,56,0.0967742
8996,62,56,0.0967742
8999,62,56,0.0967742
9001,62,56,0.0967742
9004,62,56,0.0967742
9006,62,56,0.0967742
9008,62,56,0.0967742
9009,62,56,0.0967742
9012,62,56,0.0967742
9015,62,56,0.0967742
9017,62,56,0.0967742
9020,62,56,0.0967742
9022,62,56,0.0967742
9024,62,56,0.0967742
9027,62,56,0.0967742
9029,62,56,0.0967742
9031,62,56,0.0967742
9034,62,56,0.0967742
9036,62,56,0.0967742
9038,62,56,0.0967742
9041,62,56,0.0967742
9043,62,56,0.0967742
9046,62,56,0.0967742
9048,62,56,0.0967742
9050,62,56,0.0967742
9053,62,56,0.0967742
9055,62,56,0.0967742
9058,62,56,0.0967742
9060,62,56,0.0967742
9062,62,56,0.0967742
9065,62,56,0.0967742
9068,62,56,0.0967742
9070,62,56,0.0967742
9072,62,56,0.0967742
9074,62,56,0.0967742
9076,62,56,0.0967742
9078,62,56,0.0967742
9081,62,56,0.0967742
9083,62,56,0.0967742
9085,62,56,0.0967742
9088,62,56,0.0967742
9090,62,56,0.0967742
9092,62,56,0.0967742
9094,62,56,0.0967742
9097,62,56,0.0967742
9099,62,56,0.0967742
9102,62,56,0.0967742
9105,62,56,0.0967742
9107,62,56,0.0967742
9109,62,56,0.0967742
9111,62,56,0.0967742
9113,62,56,0.0967742
9115,62,56,0.0967742
9117,62,56,0.0967742
9120,62,56,0.0967742
9122,62,56,0.0967742
9124,62,56,0.0967742
9127,62,56,0.0967742
9129,62,56,0.0967742
9132,62,56,0.0967742
9134,62,56,0.0967742
9137,62,56,0.0967742
9139,62,56,0.0967742
9141,62,56,0.0967742
9144,62,56,0.0967742
9146,62,56,0.0967742
9148,62,56,0.0967742
9150,62,56,0.0967742
9153,62,56,0.0967742
9155,62,56,0.0967742
9158,62,56,0.0967742
9160,62,56,0.0967742
9164,62,56,0.0967742
9166,62,56,0.0967742
9168,62,56,0.0967742
9171,62,56,0.0967742
9173,62,56,0.0967742
9175,62,56,0.0967742
9177,62,56,0.0967742
9179,62,56,0.0967742
9182,62,56,0.0967742
9184,62,56,0.0967742
9187,62,56,0.0967742
9190,62,56,0.0967742
9192,62,56,0.0967742
9194,62,56,0.0967742
9196,62,56,0.0967742
9198,62,56,0.0967742
9201,62,56,0.0967742
9203,62,56,0.0967742
9206,62,56,0.0967742
9208,62,56,0.0967742
9211,62,56,0.0967742
9213,62,56,0.0967742
9215,62,56,0.0967742
9217,62,56,0.0967742
9219,62,56,0.0967742
9222,62,56,0.0967742
9224,62,56,0.0967742
9226,62,56,0.0967742
9229,62,56,0.0967742
9231,62,56,0.0967742
9234,62,56,0.0967742
9236,62,56,0.0967742
9238,62,56,0.0967742
9241,62,56,0.0967742
9243,62,56,0.0967742
9246,62,56,0.0967742
9248,62,56,0.0967742
9250,62,56,0.0967742
9252,62,56,0.0967742
9254,62,56,0.0967742
9257,62,56,0.0967742
9260,62,56,0.0967742
9262,62,56,0.0967742
9264,62,56,0.0967742
9267,62,56,0.0967742
9269,62,56,0.0967742
9271,62,56,0.0967742
9274,62,56,0.0967742
9276,62,56,0.0967742
9278,62,56,0.0967742
9281,62,56,0.0967742
9284,62,56,0.0967742
9286,62,56,0.0967742
9288,62,56,0.0967742
9291,62,56,0.0967742
9293,62,56,0.0967742
9296,62,56,0.0967742
9298,62,56,0.0967742
9301,62,56,0.0967742
9303,62,56,0.0967742
9305,62,56,0.0967742
9308,62,56,0.0967742
9311,62,56,0.0967742
9314,62,56,0.0967742
9316,62,56,0.0967742
9319,62,56,0.0967742
9322,62,56,0.0967742
9324,62,56,0.0967742
9327,62,56,0.0967742
9329,62,56,0.0967742
9332,62,56,0.0967742
9334,62,56,0.0967742
9336,62,56,0.0967742
9338,62,56,0.0967742
9341,62,56,0.0967742
9343,62,56,0.0967742
9346,62,56,0.0967742
9348,62,56,0.0967742
9351,62,56,0.0967742
9353,62,56,0.0967742
9356,62,56,0.0967742
9358,62,56,0.0967742
9361,62,56,0.0967742
9363,62,56,0.0967742
9366,62,56,0.0967742
9368,62,56,0.0967742
9371,62,56,0.0967742
9373,62,56,0.0967742
9375,62,56,0.0967742
9377,62,56,0.0967742
9380,62,56,0.0967742
9382,62,56,0.0967742
9385,62,56,0.0967742
9388,62,56,0.0967742
9390,62,56,0.0967742
9393,62,56,0.0967742
9395,62,56,0.0967742
9397,62,56,0.0967742
9400,62,56,0.0967742
9402,62,56,0.0967742
9404,62,56,0.0967742
9406,62,56,0.0967742
9409,62,56,0.0967742
9412,62,56,0.0967742
9414,62,56,0.0967742
9417,62,56,0.0967742
9419,62,56,0.0967742
9421,62,56,0.0967742
9424,62,56,0.0967742
9426,62,56,0.0967742
9429,62,56,0.0967742
9431,62,56,0.0967742
9434,62,56,0.0967742
9436,62,56,0.0967742
9438,62,56,0.0967742
9441,62,56,0.0967742
9443,62,56,0.0967742
9446,62,56,0.0967742
9448,62,56,0.0967742
9451,62,56,0.0967742
9454,62,56,0.0967742
9457,62,56,0.0967742
9459,62,56,0.0967742
9461,62,56,0.0967742
9463,62,56,0.0967742
9465,62,56,0.0967742
9468,62,56,0.0967742
9470,62,56,0.0967742
9473,62,56,0.0967742
9475,62,56,0.0967742
9477,62,56,0.0967742
9480,62,56,0.0967742
9482,62,56,0.0967742
9485,62,56,0.0967742
9487,62,56,0.0967742
9490,62,56,0.0967742
9493,62,56,0.0967742
9495,62,56,0.0967742
9498,62,56,0.0967742
9500,62,56,0.0967742
9502,62,56,0.0967742
9505,62,56,0.0967742
9507,62,56,0.0967742
9509,62,56,0.0967742
9512,62,56,0.0967742
9515,62,56,0.0967742
9517,62,56,0.0967742
9519,62,56,0.0967742
9522,62,56,0.0967742
9525,62,56,0.0967742
9527,62,56,0.0967742
9529,62,56,0.0967742
9532,62,56,0.0967742
9535,62,56,0.0967742
9538,62,56,0.0967742
9540,62,56,0.0967742
9542,62,56,0.0967742
9545,62,56,0.0967742
9547,62,56,0.0967742
9550,62,56,0.0967742
9552,62,56,0.0967742
9555,62,56,0.0967742
9557,62,56,0.0967742
9559,62,56,0.0967742
9561,62,56,0.0967742
9564,62,56,0.0967742
9566,62,56,0.0967742
9568,62,56,0.0967742
9570,62,56,0.0967742
9573,62,56,0.0967742
9575,62,56,0.0967742
9578,62,56,0.0967742
9580,62,56,0.0967742
9582,62,56,0.0967742
9585,62,56,0.0967742
9587,62,56,0.0967742
9589,62,56,0.0967742
9591,62,56,0.0967742
9594,62,56,0.0967742
9596,62,56,0.0967742
9600,62,56,0.0967742
9602,62,56,0.0967742
9604,62,56,0.0967742
9607,62,56,0.0967742
9609,62,56,0.0967742
9612,62,56,0.0967742
9615,62,56,0.0967742
9617,62,56,0.0967742
9620,62,56,0.0967742
9622,62,56,0.0967742
9624,62,56,0.0967742
9627,62,56,0.0967742
9631,62,56,0.0967742
9634,62,56,0.0967742
9637,62,56,0.0967742
9640,62,56,0.0967742
9643,62,56,0.0967742
9646,62,56,0.0967742
9648,62,56,0.0967742
9651,62,56,0.0967742
9654,62,56,0.0967742
9657,62,56,0.0967742
9659,62,56,0.0967742
9662,62,56,0.0967742
9664,62,56,0.0967742
9667,62,56,0.0967742
9669,62,56,0.0967742
9672,62,56,0.0967742
9675,62,56,0.0967742
9677,62,56,0.0967742
9679,62,56,0.0967742
9682,62,56,0.0967742
9685,62,56,0.0967742
9687,62,56,0.0967742
9690,62,56,0.0967742
9692,62,56,0.0967742
9694,62,56,0.0967742
9698,62,56,0.0967742
9701,62,56,0.0967742
9703,62,56,0.0967742
9705,62,56,0.0967742
9708,62,56,0.0967742
9711,62,56,0.0967742
9714,62,56,0.0967742
9717,62,56,0.0967742
9720,62,56,0.0967742
9722,62,56,0.0967742
9725,62,56,0.0967742
9728,62,56,0.0967742
9730,62,56,0.0967742
9733,62,56,0.0967742
9735,62,56,0.0967742
9738,62,56,0.0967742
9741,62,56,0.0967742
9743,62,56,0.0967742
9746,62,56,0.0967742
9748,62,56,0.0967742
9751,62,56,0.0967742
9753,62,56,0.0967742
9755,62,56,0.0967742
9758,62,56,0.0967742
9761,62,56,0.0967742
9764,62,56,0.0967742
9767,62,56,0.0967742
9769,62,56,0.0967742
9773,62,56,0.0967742
9776,62,56,0.0967742
9779,62,56,0.0967742
9782,62,56,0.0967742
9785,62,56,0.0967742
9788,62,56,0.0967742
9791,62,56,0.0967742
9793,62,56,0.0967742
9796,62,56,0.0967742
9798,62,56,0.0967742
9801,62,56,0.0967742
9803,62,56,0.0967742
9806,62,56,0.0967742
9809,62,56,0.0967742
9812,62,56,0.0967742
9815,62,56,0.0967742
9817,62,56,0.0967742
9820,62,56,0.0967742
9823,62,56,0.0967742
9825,62,56,0.0967742
9829,62,56,0.0967742
9832,62,56,0.0967742
9834,62,56,0.0967742
9837,62,56,0.0967742
9840,62,56,0.0967742
9843,62,56,0.0967742
9846,62,56,0.0967742
9848,62,56,0.0967742
9851,62,56,0.0967742
9853,62,56,0.0967742
9855,62,56,0.0967742
9859,62,56,0.0967742
9862,62,56,0.0967742
9866,62,56,0.0967742
9868,62,56,0.0967742
9872,62,56,0.0967742
9875,62,56,0.0967742
9878,62,56,0.0967742
9881,62,56,0.0967742
9884,62,56,0.0967742
9887,62,56,0.0967742
9890,62,56,0.0967742
9893,62,56,0.0967742
9895,62,56,0.0967742
9899,62,56,0.0967742
9903,62,56,0.0967742
9905,62,56,0.0967742
9909,62,56,0.0967742
9914,62,56,0.0967742
9917,62,56,0.0967742
9920,62,56,0.0967742
9924,62,56,0.0967742
9927,62,56,0.0967742
9931,62,56,0.0967742
9934,62,56,0.0967742
9937,62,56,0.0967742
9940,62,56,0.0967742
9944,62,56,0.0967742
9948,62,56,0.0967742
9952,62,56,0.0967742
9955,62,56,0.0967742
9959,62,56,0.0967742
9963,62,56,0.0967742
9966,62,56,0.0967742
9970,62,56,0.0967742
9973,62,56,0.0967742
9976,62,56,0.0967742
9980,62,56,0.0967742
9983,62,56,0.0967742
9986,62,56,0.0967742
9989,62,56,0.0967742
9992,62,56,0.0967742
9996,62,56,0.0967742
9999,62,56,0.0967742
10002,62,56,0.0967742
10005,62,56,0.0967742
10008,62,56,0.0967742
10011,62,56,0.0967742
10015,62,56,0.0967742
10018,62,56,0.0967742
10021,62,56,0.0967742
10024,62,56,0.0967742
10027,62,56,0.0967742
10030,62,56,0.0967742
10033,62,56,0.0967742
10037,62,56,0.0967742
10040,62,56,0.0967742
10044,62,56,0.0967742
10046,62,56,0.0967742
10049,62,56,0.0967742
10052,62,56,0.0967742
10055,62,56,0.0967742
10058,62,56,0.0967742
10061,62,56,0.0967742
10064,62,56,0.0967742
10068,62,56,0.0967742
10071,62,56,0.0967742
10075,62,56,0.0967742
10078,62,56,0.0967742
10081,62,56,0.0967742
10085,62,56,0.0967742
10089,62,56,0.0967742
10092,62,56,0.0967742
10095,62,56,0.0967742
10099,62,56,0.0967742
10102,62,56,0.0967742
10106,62,56,0.0967742
10109,62,56,0.0967742
10112,62,56,0.0967742
10116,62,56,0.0967742
10120,62,56,0.0967742
10123,62,56,0.0967742
10127,62,56,0.0967742
10130,62,56,0.0967742
10133,62,56,0.0967742
10136,62,56,0.0967742
10139,62,56,0.0967742
10143,62,56,0.0967742
10146,62,56,0.0967742
10150,62,56,0.0967742
10153,62,56,0.0967742
10156,62,56,0.0967742
10160,62,56,0.0967742
10164,62,56,0.0967742
10167,62,56,0.0967742
10172,62,56,0.0967742
10175,62,56,0.0967742
10179,62,56,0.0967742
10182,62,56,0.0967742
10185,62,56,0.0967742
10189,62,56,0.0967742
10193,62,56,0.0967742
10196,62,56,0.0967742
10200,62,56,0.0967742
10203,62,56,0.0967742
10206,62,56,0.0967742
10209,62,56,0.0967742
10213,62,56,0.0967742
10216,62,56,0.0967742
10219,62,56,0.0967742
10223,62,56,0.0967742
10227,62,56,0.0967742
10229,62,56,0.0967742
10233,62,56,0.0967742
10236,62,56,0.0967742
10239,62,56,0.0967742
10242,62,56,0.0967742
10245,62,56,0.0967742
10248,62,56,0.0967742
10252,62,56,0.0967742
10255,62,56,0.0967742
10258,62,56,0.0967742
10262,62,56,0.0967742
10266,62,56,0.0967742
10270,62,56,0.0967742
10273,62,56,0.0967742
10276,62,56,0.0967742
10279,62,56,0.0967742
10283,62,56,0.0967742
10287,62,56,0.0967742
10290,62,56,0.0967742
10293,62,56,0.0967742
10295,62,56,0.0967742
10299,62,56,0.0967742
10302,62,56,0.0967742
10305,62,56,0.0967742
10309,62,56,0.0967742
10312,62,56,0.0967742
10315,62,56,0.0967742
10319,62,56,0.0967742
10322,62,56,0.0967742
10326,62,56,0.0967742
10329,62,56,0.0967742
10333,62,56,0.0967742
10337,62,56,0.0967742
10339,62,56,0.0967742
10343,62,56,0.0967742
10345,62,56,0.0967742
10348,62,56,0.0967742
10351,62,56,0.0967742
10354,62,56,0.0967742
10358,62,56,0.0967742
10362,62,56,0.0967742
10366,62,56,0.0967742
10369,62,56,0.0967742
10373,62,56,0.0967742
10377,62,56,0.0967742
10380,62,56,0.0967742
10383,62,56,0.0967742
10386,62,56,0.0967742
10390,62,56,0.0967742
10394,62,56,0.0967742
10397,62,56,0.0967742
10400,62,56,0.0967742
10404,62,56,0.0967742
10407,62,56,0.0967742
10411,62,56,0.0967742
10415,62,56,0.0967742
10418,62,56,0.0967742
10422,62,56,0.0967742
10425,62,56,0.0967742
10429,62,56,0.0967742
10432,62,56,0.0967742
10435,62,56,0.0967742
10438,62,56,0.0967742
10441,62,56,0.0967742
10445,62,56,0.0967742
10449,62,56,0.0967742
10453,62,56,0.0967742
10456,62,56,0.0967742
10460,62,56,0.0967742
10463,62,56,0.0967742
10465,62,56,0.0967742
10469,62,56,0.0967742
10473,62,56,0.0967742
10476,62,56,0.0967742
10480,62,56,0.0967742
10483,62,56,0.0967742
10487,62,56,0.0967742
10490,62,56,0.0967742
10495,62,56,0.0967742
10499,62,56,0.0967742
10502,62,56,0.0967742
10506,62,56,0.0967742
10510,62,56,0.0967742
10514,62,56,0.0967742
10517,62,56,0.0967742
10520,62,56,0.0967742
10525,62,56,0.0967742
10528,62,56,0.0967742
10531,62,56,0.0967742
10536,62,56,0.0967742
10541,62,56,0.0967742
10544,62,56,0.0967742
10547,62,56,0.0967742
10550,62,56,0.0967742
10555,62,56,0.0967742
10558,62,56,0.0967742
10563,62,56,0.0967742
10567,62,56,0.0967742
10571,62,56,0.0967742
10576,62,56,0.0967742
10579,62,56,0.0967742
10584,62,56,0.0967742
10588,62,56,0.0967742
10591,62,56,0.0967742
10596,62,56,0.0967742
10600,62,56,0.0967742
10604,62,56,0.0967742
10609,62,56,0.0967742
10614,62,56,0.0967742
10618,62,56,0.0967742
10621,62,56,0.0967742
10625,62,56,0.0967742
10630,62,56,0.0967742
10634,62,56,0.0967742
10637,62,56,0.0967742
10640,62,56,0.0967742
10645,62,56,0.0967742
10649,62,56,0.0967742
10654,62,56,0.0967742
10657,62,56,0.0967742
10662,62,56,0.0967742
10666,62,56,0.0967742
10670,62,56,0.0967742
10673,62,56,0.0967742
10678,62,56,0.0967742
10680,62,56,0.0967742
10684,62,56,0.0967742
10688,62,56,0.0967742
10691,62,56,0.0967742
10696,62,56,0.0967742
10699,62,56,0.0967742
10703,62,56,0.0967742
10707,62,56,0.0967742
10711,62,56,0.0967742
10715,62,56,0.0967742
10720,62,56,0.0967742
10724,62,56,0.0967742
10728,62,56,0.0967742
10732,62,56,0.0967742
10736,62,56,0.0967742
10740,62,56,0.0967742
10744,62,56,0.0967742
10746,62,56,0.0967742
10749,62,56,0.0967742
10753,62,56,0.0967742
10757,62,56,0.0967742
10762,62,56,0.0967742
10767,62,56,0.0967742
10771,62,56,0.0967742
10774,62,56,0.0967742
10778,62,56,0.0967742
10781,62,56,0.0967742
10785,62,56,0.0967742
10789,62,56,0.0967742
10794,62,56,0.0967742
10798,62,56,0.0967742
10801,62,56,0.0967742
10805,62,56,0.0967742
10809,62,56,0.0967742
10813,62,56,0.0967742
10818,62,56,0.0967742
10822,62,56,0.0967742
10826,62,56,0.0967742
10832,62,56,0.0967742
10836,62,56,0.0967742
10841,62,56,0.0967742
10846,62,56,0.0967742
10852,62,56,0.0967742
10857,62,56,0.0967742
10862,62,56,0.0967742
10866,62,56,0.0967742
10869,62,56,0.0967742
10872,62,56,0.0967742
10875,62,56,0.0967742
10881,62,56,0.0967742
10885,62,56,0.0967742
10889,62,56,0.0967742
10892,62,56,0.0967742
10897,62,56,0.0967742
10902,62,56,0.0967742
10906,62,56,0.0967742
10909,62,56,0.0967742
10914,62,56,0.0967742
10918,62,56,0.0967742
10922,62,56,0.0967742
10926,62,56,0.0967742
10931,62,56,0.0967742
10934,62,56,0.0967742
10938,62,56,0.0967742
10942,62,56,0.0967742
10945,62,56,0.0967742
10949,62,56,0.0967742
10952,62,56,0.0967742
10957,62,56,0.0967742
10961,62,56,0.0967742
10966,62,56,0.0967742
10970,62,56,0.0967742
10974,62,56,0.0967742
10978,62,56,0.0967742
10982,62,56,0.0967742
10987,62,56,0.0967742
10990,62,56,0.0967742
10995,62,56,0.0967742
10998,62,56,0.0967742
11001,62,56,0.0967742
11004,62,56,0.0967742
11008,62,56,0.0967742
11017,62,56,0.0967742
11021,62,56,0.0967742
11026,62,56,0.0967742
11031,62,56,0.0967742
11035,62,56,0.0967742
11039,62,56,0.0967742
11044,62,56,0.0967742
11047,62,56,0.0967742
11050,62,56,0.0967742
11053,62,56,0.0967742
11057,62,56,0.0967742
11061,62,56,0.0967742
11065,62,56,0.0967742
11068,62,56,0.0967742
11073,62,56,0.0967742
11076,62,56,0.0967742
11080,62,56,0.0967742
11084,62,56,0.0967742
11088,62,56,0.0967742
11091,62,56,0.0967742
11095,62,56,0.0967742
11099,62,56,0.0967742
11103,62,56,0.0967742
11106,62,56,0.0967742
11110,62,56,0.0967742
11115,62,56,0.0967742
11120,62,56,0.0967742
11123,62,56,0.0967742
11127,62,56,0.0967742
11132,62,56,0.0967742
11135,62,56,0.0967742
11139,62,56,0.0967742
11143,62,56,0.0967742
11148,62,56,0.0967742
11152,62,56,0.0967742
11156,62,56,0.0967742
11160,62,56,0.0967742
11165,62,56,0.0967742
11168,62,56,0.0967742
11172,62,56,0.0967742
11175,62,56,0.0967742
11180,62,56,0.0967742
11183,62,56,0.0967742
11188,62,56,0.0967742
11192,62,56,0.0967742
11195,62,56,0.0967742
11200,62,56,0.0967742
11205,62,56,0.0967742
11209,62,56,0.0967742
11213,62,56,0.0967742
11217,62,56,0.0967742
11221,62,56,0.0967742
11224,62,56,0.0967742
11230,62,56,0.0967742
11234,62,56,0.0967742
11238,62,56,0.0967742
11244,62,56,0.0967742
11249,62,56,0.0967742
11252,62,56,0.0967742
11256,62,56,0.0967742
11261,62,56,0.0967742
11265,62,56,0.0967742
11270,62,56,0.0967742
11273,62,56,0.0967742
11278,62,56,0.0967742
11283,62,56,0.0967742
11286,62,56,0.0967742
11290,62,56,0.0967742
11295,62,56,0.0967742
11299,62,56,0.0967742
11303,62,56,0.0967742
11307,62,56,0.0967742
11310,62,56,0.0967742
11315,62,56,0.0967742
11320,62,56,0.0967742
11325,62,56,0.0967742
11329,62,56,0.0967742
11333,62,56,0.0967742
11337,62,56,0.0967742
11341,62,56,0.0967742
11345,62,56,0.0967742
11350,62,56,0.0967742
11355,62,56,0.0967742
11359,62,56,0.0967742
11364,62,56,0.0967742
11368,62,56,0.0967742
11372,62,56,0.0967742
11376,62,56,0.0967742
11380,62,56,0.0967742
11383,62,56,0.0967742
11387,62,56,0.0967742
11392,62,56,0.0967742
11396,62,56,0.0967742
11400,62,56,0.0967742
11406,62,56,0.0967742
11411,62,56,0.0967742
11416,62,56,0.0967742
11421,62,56,0.0967742
11426,62,56,0.0967742
11431,62,56,0.0967742
11435,62,56,0.0967742
11440,62,56,0.0967742
11444,62,56,0.0967742
11449,62,56,0.0967742
11453,62,56,0.0967742
11458,62,56,0.0967742
11464,62,56,0.0967742
11468,62,56,0.0967742
11473,62,56,0.0967742
11478,62,56,0.0967742
11482,62,56,0.0967742
11487,62,56,0.0967742
11492,62,56,0.0967742
11496,62,56,0.0967742
11501,62,56,0.0967742
11505,62,56,0.0967742
11509,62,56,0.0967742
11514,62,56,0.0967742
11518,62,56,0.0967742
11522,62,56,0.0967742
11527,62,56,0.0967742
11531,62,56,0.0967742
11535,62,56,0.0967742
11539,62,56,0.0967742
11543,62,56,0.0967742
11548,62,56,0.0967742
11553,62,56,0.0967742
11557,62,56,0.0967742
11561,62,56,0.0967742
11565,62,56,0.0967742
11569,62,56,0.0967742
11573,62,56,0.0967742
11578,62,56,0.0967742
11581,62,56,0.0967742
11585,62,56,0.0967742
11590,62,56,0.0967742
11594,62,56,0.0967742
11600,62,56,0.0967742
11606,62,56,0.0967742
11611,62,56,0.0967742
11614,62,56,0.0967742
11619,62,56,0.0967742
11624,62,56,0.0967742
11629,62,56,0.0967742
11633,62,56,0.0967742
11637,62,56,0.0967742
11642,62,56,0.0967742
11646,62,56,0.0967742
11650,62,56,0.0967742
11654,62,56,0.0967742
11658,62,56,0.0967742
11661,62,56,0.0967742
11665,62,56,0.0967742
11671,62,56,0.0967742
11675,62,56,0.0967742
11679,62,56,0.0967742
11684,62,56,0.0967742
11689,62,56,0.0967742
11694,62,56,0.0967742
11699,62,56,0.0967742
11704,62,56,0.0967742
11710,62,56,0.0967742
11716,62,56,0.0967742
11722,62,56,0.0967742
11726,62,56,0.0967742
11732,62,56,0.0967742
11737,62,56,0.0967742
11742,62,56,0.0967742
11747,62,56,0.0967742
11752,62,56,0.0967742
11758,62,56,0.0967742
11763,62,56,0.0967742
11769,62,56,0.0967742
11774,62,56,0.0967742
11778,62,56,0.0967742
11784,62,56,0.0967742
11790,62,56,0.0967742
11795,62,56,0.0967742
11799,62,56,0.0967742
11803,62,56,0.0967742
11808,62,56,0.0967742
11813,62,56,0.0967742
11817,62,56,0.0967742
11822,62,56,0.0967742
11827,62,56,0.0967742
11833,62,56,0.0967742
11837,62,56,0.0967742
11843,62,56,0.0967742
11848,62,56,0.0967742
11854,62,56,0.0967742
11859,62,56,0.0967742
11864,62,56,0.0967742
11870,62,56,0.0967742
11875,62,56,0.0967742
11880,62,56,0.0967742
11885,62,56,0.0967742
11890,62,56,0.0967742
11896,62,56,0.0967742
11901,62,56,0.0967742
11905,62,56,0.0967742
11910,62,56,0.0967742
11916,62,56,0.0967742
11921,62,56,0.0967742
11925,62,56,0.0967742
11930,62,56,0.0967742
11934,62,56,0.0967742
11939,62,56,0.0967742
11943,62,56,0.0967742
11947,62,56,0.0967742
11951,62,56,0.0967742
11955,62,56,0.0967742
11961,62,56,0.0967742
11966,62,56,0.0967742
11971,62,56,0.0967742
11975,62,56,0.0967742
11979,62,56,0.0967742
11985,62,56,0.0967742
11988,62,56,0.0967742
11993,62,56,0.0967742
11998,62,56,0.0967742
12003,62,56,0.0967742
12007,62,56,0.0967742
12013,62,56,0.0967742
12018,62,56,0.0967742
12023,62,56,0.0967742
12027,62,56,0.0967742
12032,62,56,0.0967742
12035,62,56,0.0967742
12039,62,56,0.0967742
12044,62,56,0.0967742
12048,62,56,0.0967742
12052,62,56,0.0967742
12058,62,56,0.0967742
12063,62,56,0.0967742
12067,62,56,0.0967742
12072,62,56,0.0967742
12076,62,56,0.0967742
12081,62,56,0.0967742
12086,62,56,0.0967742
12091,62,56,0.0967742
12096,62,56,0.0967742
12102,62,56,0.0967742
12107,62,56,0.0967742
12110,62,56,0.0967742
12117,62,56,0.0967742
12122,62,56,0.0967742
12127,62,56,0.0967742
12132,62,56,0.0967742
12137,62,56,0.0967742
12142,62,56,0.0967742
12147,62,56,0.0967742
12152,62,56,0.0967742
12157,62,56,0.0967742
12162,62,56,0.0967742
12166,62,56,0.0967742
12171,62,56,0.0967742
12175,62,56,0.0967742
12179,62,56,0.0967742
12183,62,56,0.0967742
12188,62,56,0.0967742
12194,62,56,0.0967742
12198,62,56,0.0967742
12203,62,56,0.0967742
12207,62,56,0.0967742
12211,62,56,0.0967742
12216,62,56,0.0967742
12221,62,56,0.0967742
12225,62,56,0.0967742
12229,62,56,0.0967742
12234,62,56,0.0967742
12239,62,56,0.0967742
12244,62,56,0.0967742
12248,62,56,0.0967742
12253,62,56,0.0967742
12258,62,56,0.0967742
12262,62,56,0.0967742
12266,62,56,0.0967742
12271,62,56,0.0967742
12277,62,56,0.0967742
12282,62,56,0.0967742
12288,62,56,0.0967742
12293,62,56,0.0967742
12298,62,56,0.0967742
12303,62,56,0.0967742
12309,62,56,0.0967742
12315,62,56,0.0967742
12320,62,56,0.0967742
12326,62,56,0.0967742
12331,62,56,0.0967742
12337,62,56,0.0967742
12344,62,56,0.0967742
12349,62,56,0.0967742
12356,62,56,0.0967742
12360,62,56,0.0967742
12366,62,56,0.0967742
12371,62,56,0.0967742
12376,62,56,0.0967742
12381,62,56,0.0967742
12386,62,56,0.0967742
12392,62,56,0.0967742
12396,62,56,0.0967742
12402,62,56,0.0967742
12407,62,56,0.0967742
12413,62,56,0.0967742
12417,62,56,0.0967742
12423,62,56,0.0967742
12428,62,56,0.0967742
12433,62,56,0.0967742
12439,62,56,0.0967742
12444,62,56,0.0967742
12449,62,56,0.0967742
12455,62,56,0.0967742
12461,62,56,0.0967742
12466,62,56,0.0967742
12469,62,56,0.0967742
12473,62,56,0.0967742
12478,62,56,0.0967742
12482,62,56,0.0967742
12488,62,56,0.0967742
12493,62,56,0.0967742
12498,62,56,0.0967742
12503,62,56,0.0967742
12509,62,56,0.0967742
12514,62,56,0.0967742
12518,62,56,0.0967742
12523,62,56,0.0967742
12528,62,56,0.0967742
12532,62,56,0.0967742
12538,62,56,0.0967742
12543,62,56,0.0967742
12548,62,56,0.0967742
12554,62,56,0.0967742
12559,62,56,0.0967742
12565,62,56,0.0967742
12569,62,56,0.0967742
12573,62,56,0.0967742
12580,62,56,0.0967742
12584,62,56,0.0967742
12589,62,56,0.0967742
12594,62,56,0.0967742
12599,62,56,0.0967742
12603,62,56,0.0967742
12607,62,56,0.0967742
12612,62,56,0.0967742
12616,62,56,0.0967742
12622,62,56,0.0967742
12628,62,56,0.0967742
12633,62,56,0.0967742
12639,62,56,0.0967742
12646,62,56,0.0967742
12650,62,56,0.0967742
12655,62,56,0.0967742
12661,62,56,0.0967742
12666,62,56,0.0967742
12671,62,56,0.0967742
12675,62,56,0.0967742
12680,62,56,0.0967742
12685,62,56,0.0967742
12691,62,56,0.0967742
12697,62,56,0.0967742
12703,62,56,0.0967742
12706,62,56,0.0967742
12711,62,56,0.0967742
12716,62,56,0.0967742
12721,62,56,0.0967742
12726,62,56,0.0967742
12732,62,56,0.0967742
12738,62,56,0.0967742
12743,62,56,0.0967742
12749,62,56,0.0967742
12754,62,56,0.0967742
12759,62,56,0.0967742
12765,62,56,0.0967742
12772,62,56,0.0967742
12776,62,56,0.0967742
12782,62,56,0.0967742
12789,62,56,0.0967742
12794,62,56,0.0967742
12799,62,56,0.0967742
12804,62,56,0.0967742
12809,62,56,0.0967742
12814,62,56,0.0967742
12819,62,56,0.0967742
12826,62,56,0.0967742
12832,62,56,0.0967742
12837,62,56,0.0967742
12842,62,56,0.0967742
12848,62,56,0.0967742
12852,62,56,0.0967742
12858,62,56,0.0967742
12864,62,56,0.0967742
12870,62,56,0.0967742
12874,62,56,0.0967742
12879,62,56,0.0967742
12885,62,56,0.0967742
12889,62,56,0.0967742
12896,62,56,0.0967742
12901,62,56,0.0967742
12907,62,56,0.0967742
12913,62,56,0.0967742
12919,62,56,0.0967742
12923,62,56,0.0967742
12928,62,56,0.0967742
12933,62,56,0.0967742
12939,62,56,0.0967742
12945,62,56,0.0967742
12950,62,56,0.0967742
12955,62,56,0.0967742
12960,62,56,0.0967742
12966,62,56,0.0967742
12971,62,56,0.0967742
12976,62,56,0.0967742
12980,62,56,0.0967742
12986,62,56,0.0967742
12991,62,56,0.0967742
12997,62,56,0.0967742
13002,62,56,0.0967742
13005,62,56,0.0967742
13011,62,56,0.0967742
13018,62,56,0.0967742
13023,62,56,0.0967742
13029,62,56,0.0967742
13033,62,56,0.0967742
13038,62,56,0.0967742
13044,62,56,0.0967742
13049,62,56,0.0967742
13053,62,56,0.0967742
13059,62,56,0.0967742
13065,62,56,0.0967742
13069,62,56,0.0967742
13074,62,56,0.0967742
13080,62,56,0.0967742
13086,62,56,0.0967742
13091,62,56,0.0967742
13098,62,56,0.0967742
13105,62,56,0.0967742
13111,62,56,0.0967742
13117,62,56,0.0967742
13122,62,56,0.0967742
13127,62,56,0.0967742
13132,62,56,0.0967742
13138,62,56,0.0967742
13142,62,56,0.0967742
13148,62,56,0.0967742
13154,62,56,0.0967742
13157,62,56,0.0967742
13164,62,56,0.0967742
13170,62,56,0.0967742
13175,62,56,0.0967742
13180,62,56,0.0967742
13185,62,56,0.0967742
13190,62,56,0.0967742
13198,62,56,0.0967742
13205,62,56,0.0967742
13209,62,56,0.0967742
13217,62,56,0.0967742
13222,62,56,0.0967742
13227,62,56,0.0967742
13233,62,56,0.0967742
13239,62,56,0.0967742
13244,62,56,0.0967742
13250,62,56,0.0967742
13255,62,56,0.0967742
13260,62,56,0.0967742
13264,62,56,0.0967742
13270,62,56,0.0967742
13275,62,56,0.0967742
13281,62,56,0.0967742
13287,62,56,0.0967742
13293,62,56,0.0967742
13300,62,56,0.0967742
13305,62,56,0.0967742
13311,62,56,0.0967742
13316,62,56,0.0967742
13323,62,56,0.0967742
13329,62,56,0.0967742
13335,62,56,0.0967742
13342,62,56,0.0967742
13347,62,56,0.0967742
13353,62,56,0.0967742
13360,62,56,0.0967742
13365,62,56,0.0967742
13372,62,56,0.0967742
13376,62,56,0.0967742
13383,62,56,0.0967742
13387,62,56,0.0967742
13394,62,56,0.0967742
13399,62,56,0.0967742
13404,62,56,0.0967742
13410,62,56,0.0967742
13417,62,56,0.0967742
13422,62,56,0.0967742
13428,62,56,0.0967742
13433,62,56,0.0967742
13438,62,56,0.0967742
13442,62,56,0.0967742
13449,62,56,0.0967742
13454,62,56,0.0967742
13459,62,56,0.0967742
13465,62,56,0.0967742
13470,62,56,0.0967742
13474,62,56,0.0967742
13479,62,56,0.0967742
13485,62,56,0.0967742
13489,62,56,0.0967742
13494,62,56,0.0967742
13499,62,56,0.0967742
13505,62,56,0.0967742
13510,62,56,0.0967742
13516,62,56,0.0967742
13521,62,56,0.0967742
13527,62,56,0.0967742
13534,62,56,0.0967742
13540,62,56,0.0967742
13546,62,56,0.0967742
13552,62,56,0.0967742
13558,62,56,0.0967742
13563,62,56,0.0967742
13569,62,56,0.0967742
13573,62,56,0.0967742
13579,62,56,0.0967742
13584,62,56,0.0967742
13590,62,56,0.0967742
13596,62,56,0.0967742
13602,62,56,0.0967742
13605,62,56,0.0967742
13610,62,56,0.0967742
13616,62,56,0.0967742
13622,62,56,0.0967742
13627,62,56,0.0967742
13634,62,56,0.0967742
13639,62,56,0.0967742
13645,62,56,0.0967742
13652,62,56,0.0967742
13658,62,56,0.0967742
13663,62,56,0.0967742
13669,62,56,0.0967742
13674,62,56,0.0967742
13679,62,56,0.0967742
13688,62,56,0.0967742
13694,62,56,0.0967742
13700,62,56,0.0967742
13706,62,56,0.0967742
13712,62,56,0.0967742
13717,62,56,0.0967742
13722,62,56,0.0967742
13729,62,56,0.0967742
13734,62,56,0.0967742
13740,62,56,0.0967742
13746,62,56,0.0967742
13751,62,56,0.0967742
13757,62,56,0.0967742
13762,62,56,0.0967742
13768,62,56,0.0967742
13774,62,56,0.0967742
13780,62,56,0.0967742
13786,62,56,0.0967742
13793,62,56,0.0967742
13798,62,56,0.0967742
13803,62,56,0.0967742
13809,62,56,0.0967742
13814,62,56,0.0967742
13819,62,56,0.0967742
13824,62,56,0.0967742
13830,62,56,0.0967742
13837,62,56,0.0967742
13842,62,56,0.0967742
13849,62,56,0.0967742
13853,62,56,0.0967742
13859,62,56,0.0967742
13866,62,56,0.0967742
13873,62,56,0.0967742
13880,62,56,0.0967742
13886,62,56,0.0967742
13890,62,56,0.0967742
13897,62,56,0.0967742
13903,62,56,0.0967742
13909,62,56,0.0967742
13914,62,56,0.0967742
13919,62,56,0.0967742
13925,62,56,0.0967742
13930,62,56,0.0967742
13937,62,56,0.0967742
13943,62,56,0.0967742
13949,62,56,0.0967742
13953,62,56,0.0967742
13958,62,56,0.0967742
13964,62,56,0.0967742
13969,62,56,0.0967742
13975,62,56,0.0967742
13981,62,56,0.0967742
13987,62,56,0.0967742
13994,62,56,0.0967742
14000,62,56,0.0967742
14007,62,56,0.0967742
14014,62,56,0.0967742
14018,62,56,0.0967742
14024,62,56,0.0967742
14029,62,56,0.0967742
14034,62,56,0.0967742
14041,62,56,0.0967742
14048,62,56,0.0967742
14054,62,56,0.0967742
14061,62,56,0.0967742
14067,62,56,0.0967742
14072,62,56,0.0967742
14077,62,56,0.0967742
14083,62,56,0.0967742
14087,62,56,0.0967742
14092,62,56,0.0967742
14098,62,56,0.0967742
14105,62,56,0.0967742
14111,62,56,0.0967742
14120,62,56,0.0967742
14126,62,56,0.0967742
14134,62,56,0.0967742
14139,62,56,0.0967742
14144,62,56,0.0967742
14151,62,56,0.0967742
14156,62,56,0.0967742
14162,62,56,0.0967742
14168,62,56,0.0967742
14173,62,56,0.0967742
14180,62,56,0.0967742
14185,62,56,0.0967742
14191,62,56,0.0967742
14196,62,56,0.0967742
14204,62,56,0.0967742
14209,62,56,0.0967742
14216,62,56,0.0967742
14222,62,56,0.0967742
14228,62,56,0.0967742
14233,62,56,0.0967742
14239,62,56,0.0967742
14244,62,56,0.0967742
14249,62,56,0.0967742
14255,62,56,0.0967742
14261,62,56,0.0967742
14268,62,56,0.0967742
14272,62,56,0.0967742
14276,62,56,0.0967742
14283,62,56,0.0967742
14289,62,56,0.0967742
14295,62,56,0.0967742
14300,62,56,0.0967742
14307,62,56,0.0967742
14312,62,56,0.0967742
14317,62,56,0.0967742
14323,62,56,0.0967742
14329,62,56,0.0967742
14335,62,56,0.0967742
14340,62,56,0.0967742
14346,62,56,0.0967742
14351,62,56,0.0967742
14355,62,56,0.0967742
14360,62,56,0.0967742
14366,62,56,0.0967742
14371,62,56,0.0967742
14377,62,56,0.0967742
14382,62,56,0.0967742
14388,62,56,0.0967742
14393,62,56,0.0967742
14399,62,56,0.0967742
14404,62,56,0.0967742
14411,62,56,0.0967742
14418,62,56,0.0967742
14423,62,56,0.0967742
14429,62,56,0.0967742
14435,62,56,0.0967742
14441,62,56,0.0967742
14448,62,56,0.0967742
14455,62,56,0.0967742
14461,62,56,0.0967742
14468,62,56,0.0967742
14472,62,56,0.0967742
14476,62,56,0.0967742
14482,62,56,0.0967742
14487,62,56,0.0967742
14491,62,56,0.0967742
14497,62,56,0.0967742
14503,62,56,0.0967742
14509,62,56,0.0967742
14515,62,56,0.0967742
14521,62,56,0.0967742
14527,62,56,0.0967742
14532,62,56,0.0967742
14536,62,56,0.0967742
14539,62,56,0.0967742
14545,62,56,0.0967742
14550,62,56,0.0967742
14555,62,56,0.0967742
14561,62,56,0.0967742
14566,62,56,0.0967742
14571,62,56,0.0967742
14577,62,56,0.0967742
14581,62,56,0.0967742
14587,62,56,0.0967742
14594,62,56,0.0967742
14601,62,56,0.0967742
14610,62,56,0.0967742
14615,62,56,0.0967742
14619,62,56,0.0967742
14625,62,56,0.0967742
14631,62,56,0.0967742
14635,62,56,0.0967742
14642,62,56,0.0967742
14649,62,56,0.0967742
14656,62,56,0.0967742
14663,62,56,0.0967742
14669,62,56,0.0967742
14674,62,56,0.0967742
14680,62,56,0.0967742
14685,62,56,0.0967742
14692,62,56,0.0967742
14697,62,56,0.0967742
14702,62,56,0.0967742
14707,62,56,0.0967742
14713,62,56,0.0967742
14719,62,56,0.0967742
14724,62,56,0.0967742
14729,62,56,0.0967742
14735,62,56,0.0967742
14740,62,56,0.0967742
14745,62,56,0.0967742
14751,62,56,0.0967742
14756,62,56,0.0967742
14761,62,56,0.0967742
14768,62,56,0.0967742
14773,62,56,0.0967742
14779,62,56,0.0967742
14784,62,56,0.0967742
14787,62,56,0.0967742
14793,62,56,0.0967742
14798,62,56,0.0967742
14806,62,56,0.0967742
14812,62,56,0.0967742
14817,62,56,0.0967742
14823,62,56,0.0967742
14830,62,56,0.0967742
14837,62,56,0.0967742
14842,62,56,0.0967742
14847,62,56,0.0967742
14854,62,56,0.0967742
14860,62,56,0.0967742
14867,62,56,0.0967742
14873,62,56,0.0967742
14879,62,56,0.0967742
14884,62,56,0.0967742
14889,62,56,0.0967742
14897,62,56,0.0967742
14902,62,56,0.0967742
14909,62,56,0.0967742
14916,62,56,0.0967742
14921,62,56,0.0967742
14927,62,56,0.0967742
14932,62,56,0.0967742
14937,62,56,0.0967742
14941,62,56,0.0967742
14947,62,56,0.0967742
14954,62,56,0.0967742
14960,62,56,0.0967742
14967,62,56,0.0967742
14973,62,56,0.0967742
14978,62,56,0.0967742
14985,62,56,0.0967742
14991,62,56,0.0967742
14997,62,56,0.0967742
15002,62,56,0.0967742
15008,62,56,0.0967742
15014,62,56,0.0967742
15019,62,56,0.0967742
15028,62,56,0.0967742
15032,62,56,0.0967742
15038,62,56,0.0967742
15045,62,56,0.0967742
15051,62,56,0.0967742
15056,62,56,0.0967742
15063,62,56,0.0967742
15070,62,56,0.0967742
15076,62,56,0.0967742
15082,62,56,0.0967742
15089,62,56,0.0967742
15095,62,56,0.0967742
15101,62,56,0.0967742
15106,62,56,0.0967742
15112,62,56,0.0967742
15117,62,56,0.0967742
15124,62,56,0.0967742
15129,62,56,0.0967742
15136,62,56,0.0967742
15143,62,56,0.0967742
15149,62,56,0.0967742
15156,62,56,0.0967742
15161,62,56,0.0967742
15168,62,56,0.0967742
15172,62,56,0.0967742
15178,62,56,0.0967742
15183,62,56,0.0967742
15189,62,56,0.0967742
15195,62,56,0.0967742
15202,62,56,0.0967742
15207,62,56,0.0967742
15215,62,56,0.0967742
15221,62,56,0.0967742
15227,62,56,0.0967742
15235,62,56,0.0967742
15242,62,56,0.0967742
15248,62,56,0.0967742
15253,62,56,0.0967742
15261,62,56,0.0967742
15266,62,56,0.0967742
15273,62,56,0.0967742
15279,62,56,0.0967742
15285,62,56,0.0967742
15293,62,56,0.0967742
15299,62,56,0.0967742
15303,62,56,0.0967742
15309,62,56,0.0967742
15317,62,56,0.0967742
15325,62,56,0.0967742
15332,62,56,0.0967742
15338,62,56,0.0967742
15343,62,56,0.0967742
15349,62,56,0.0967742
15356,62,56,0.0967742
15361,62,56,0.0967742
15366,62,56,0.0967742
15371,62,56,0.0967742
15378,62,56,0.0967742
15385,62,56,0.0967742
15391,62,56,0.0967742
15400,62,56,0.0967742
15405,62,56,0.0967742
15412,62,56,0.0967742
15419,62,56,0.0967742
15425,62,56,0.0967742
15430,62,56,0.0967742
15435,62,56,0.0967742
15441,62,56,0.0967742
15446,62,56,0.0967742
15453,62,56,0.0967742
15459,62,56,0.0967742
15468,62,56,0.0967742
15475,62,56,0.0967742
15483,62,56,0.0967742
15489,62,56,0.0967742
15494,62,56,0.0967742
15501,62,56,0.0967742
15508,62,56,0.0967742
15515,62,56,0.0967742
15519,62,56,0.0967742
15525,62,56,0.0967742
15533,62,56,0.0967742
15538,62,56,0.0967742
15546,62,56,0.0967742
15553,62,56,0.0967742
15560,62,56,0.0967742
15566,62,56,0.0967742
15570,62,56,0.0967742
15577,62,56,0.0967742
15584,62,56,0.0967742
15590,62,56,0.0967742
15595,62,56,0.0967742
15602,62,56,0.0967742
15606,62,56,0.0967742
15612,62,56,0.0967742
15618,62,56,0.0967742
15627,62,56,0.0967742
15633,62,56,0.0967742
15639,62,56,0.0967742
15646,62,56,0.0967742
15654,62,56,0.0967742
15663,62,56,0.0967742
15669,62,56,0.0967742
15675,62,56,0.0967742
15682,62,56,0.0967742
15688,62,56,0.0967742
15694,62,56,0.0967742
15701,62,56,0.0967742
15708,62,56,0.0967742
15714,62,56,0.0967742
15719,62,56,0.0967742
15726,62,56,0.0967742
15732,62,56,0.0967742
15739,62,56,0.0967742
15746,62,56,0.0967742
15752,62,56,0.0967742
15759,62,56,0.0967742
15766,62,56,0.0967742
15772,62,56,0.0967742
15780,62,56,0.0967742
15787,62,56,0.0967742
15793,62,56,0.0967742
15799,62,56,0.0967742
15806,62,56,0.0967742
15811,62,56,0.0967742
15816,62,56,0.0967742
15822,62,56,0.0967742
15832,62,56,0.0967742
15839,62,56,0.0967742
15847,62,56,0.0967742
15854,62,56,0.0967742
15859,62,56,0.0967742
15867,62,56,0.0967742
15874,62,56,0.0967742
15882,62,56,0.0967742
15888,62,56,0.0967742
15894,62,56,0.0967742
15900,62,56,0.0967742
15906,62,56,0.0967742
15912,62,56,0.0967742
15920,62,56,0.0967742
15927,62,56,0.0967742
15934,62,56,0.0967742
15941,62,56,0.0967742
15946,62,56,0.0967742
15953,62,56,0.0967742
15959,62,56,0.0967742
15964,62,56,0.0967742
15968,62,56,0.0967742
15976,62,56,0.0967742
15984,62,56,0.0967742
15988,62,56,0.0967742
15996,62,56,0.0967742
16002,62,56,0.0967742
16009,62,56,0.0967742
16016,62,56,0.0967742
16021,62,56,0.0967742
16026,62,56,0.0967742
16034,62,56,0.0967742
16040,62,56,0.0967742
16047,62,56,0.0967742
16053,62,56,0.0967742
16060,62,56,0.0967742
16066,62,56,0.0967742
16070,62,56,0.0967742
16077,62,56,0.0967742
16085,62,56,0.0967742
16091,62,56,0.0967742
16098,62,56,0.0967742
16102,62,56,0.0967742
16109,62,56,0.0967742
16114,62,56,0.0967742
16122,62,56,0.0967742
16129,62,56,0.0967742
16135,62,56,0.0967742
16140,62,56,0.0967742
16143,62,56,0.0967742
16150,62,56,0.0967742
16159,62,56,0.0967742
16165,62,56,0.0967742
16170,62,56,0.0967742
16177,62,56,0.0967742
16182,62,56,0.0967742
16188,62,56,0.0967742
16194,62,56,0.0967742
16200,62,56,0.0967742
16205,62,56,0.0967742
16213,62,56,0.0967742
16218,62,56,0.0967742
16225,62,56,0.0967742
16230,62,56,0.0967742
16238,62,56,0.0967742
16243,62,56,0.0967742
16251,62,56,0.0967742
16258,62,56,0.0967742
16264,62,56,0.0967742
16270,62,56,0.0967742
16275,62,56,0.0967742
16280,62,56,0.0967742
16287,62,56,0.0967742
16294,62,56,0.0967742
16301,62,56,0.0967742
16307,62,56,0.0967742
16312,62,56,0.0967742
16318,62,56,0.0967742
16325,62,56,0.0967742
16331,62,56,0.0967742
16337,62,56,0.0967742
16343,62,56,0.0967742
16349,62,56,0.0967742
16355,62,56,0.0967742
16363,62,56,0.0967742
16369,62,56,0.0967742
16373,62,56,0.0967742
16379,62,56,0.0967742
16385,62,56,0.0967742
16394,62,56,0.0967742
16400,62,56,0.0967742
16406,62,56,0.0967742
16413,62,56,0.0967742
16418,62,56,0.0967742
16426,62,56,0.0967742
16432,62,56,0.0967742
16439,62,56,0.0967742
16445,62,56,0.0967742
16450,62,56,0.0967742
16456,62,56,0.0967742
16463,62,56,0.0967742
16470,62,56,0.0967742
16477,62,56,0.0967742
16482,62,56,0.0967742
16489,62,56,0.0967742
16495,62,56,0.0967742
16503,62,56,0.0967742
16507,62,56,0.0967742
16511,62,56,0.0967742
16517,62,56,0.0967742
16523,62,56,0.0967742
16530,62,56,0.0967742
16536,62,56,0.0967742
16543,62,56,0.0967742
16550,62,56,0.0967742
16557,62,56,0.0967742
16565,62,56,0.0967742
16572,62,56,0.0967742
16578,62,56,0.0967742
16583,62,56,0.0967742
16589,62,56,0.0967742
16597,62,56,0.0967742
16603,62,56,0.0967742
16610,62,56,0.0967742
16617,62,56,0.0967742
16622,62,56,0.0967742
16630,62,56,0.0967742
16636,62,56,0.0967742
16644,62,56,0.0967742
16650,62,56,0.0967742
16654,62,56,0.0967742
16661,62,56,0.0967742
16669,62,56,0.0967742
16676,62,56,0.0967742
16683,62,56,0.0967742
16691,62,56,0.0967742
16699,62,56,0.0967742
16705,62,56,0.0967742
16711,62,56,0.0967742
16719,62,56,0.0967742
16726,62,56,0.0967742
16733,62,56,0.0967742
16738,62,56,0.0967742
16743,62,56,0.0967742
16750,62,56,0.0967742
16758,62,56,0.0967742
16765,62,56,0.0967742
16773,62,56,0.0967742
16780,62,56,0.0967742
16784,62,56,0.0967742
16791,62,56,0.0967742
16797,62,56,0.0967742
16803,62,56,0.0967742
16809,62,56,0.0967742
16816,62,56,0.0967742
16822,62,56,0.0967742
16827,62,56,0.0967742
16835,62,56,0.0967742
16840,62,56,0.0967742
16849,62,56,0.0967742
16855,62,56,0.0967742
16863,62,56,0.0967742
16872,62,56,0.0967742
16878,62,56,0.0967742
16884,62,56,0.0967742
16890,62,56,0.0967742
16901,62,56,0.0967742
16907,62,56,0.0967742
16915,62,56,0.0967742
16921,62,56,0.0967742
16929,62,56,0.0967742
16935,62,56,0.0967742
16941,62,56,0.0967742
16948,62,56,0.0967742
16955,62,56,0.0967742
16961,62,56,0.0967742
16968,62,56,0.0967742
16973,62,56,0.0967742
16978,62,56,0.0967742
16987,62,56,0.0967742
16992,62,56,0.0967742
16999,62,56,0.0967742
17006,62,56,0.0967742
17013,62,56,0.0967742
17020,62,56,0.0967742
17026,62,56,0.0967742
17033,62,56,0.0967742
17039,62,56,0.0967742
17045,62,56,0.0967742
17052,62,56,0.0967742
17060,62,56,0.0967742
17067,62,56,0.0967742
17073,62,56,0.0967742
17080,62,56,0.0967742
17085,62,56,0.0967742
17091,62,56,0.0967742
17098,62,56,0.0967742
17105,62,56,0.0967742
17113,62,56,0.0967742
17119,62,56,0.0967742
17127,62,56,0.0967742
17135,62,56,0.0967742
17141,62,56,0.0967742
17148,62,56,0.0967742
17156,62,56,0.0967742
17162,62,56,0.0967742
17170,62,56,0.0967742
17176,62,56,0.0967742
17182,62,56,0.0967742
17189,62,56,0.0967742
17194,62,56,0.0967742
17202,62,56,0.0967742
17209,62,56,0.0967742
17216,62,56,0.0967742
17223,62,56,0.0967742
17230,62,56,0.0967742
17236,62,56,0.0967742
17243,62,56,0.0967742
17250,62,56,0.0967742
17257,62,56,0.0967742
17266,62,56,0.0967742
17274,62,56,0.0967742
17281,62,56,0.0967742
17289,62,56,0.0967742
17296,62,56,0.0967742
17301,62,56,0.0967742
17308,62,56,0.0967742
17314,62,56,0.0967742
17321,62,56,0.0967742
17329,62,56,0.0967742
17336,62,56,0.0967742
17342,62,56,0.0967742
17347,62,56,0.0967742
17354,62,56,0.0967742
17361,62,56,0.0967742
17369,62,56,0.0967742
17375,62,56,0.0967742
17383,62,56,0.0967742
17389,62,56,0.0967742
17397,62,56,0.0967742
17405,62,56,0.0967742
17412,62,56,0.0967742
17418,62,56,0.0967742
17426,62,56,0.0967742
17432,62,56,0.0967742
17440,62,56,0.0967742
17448,62,56,0.0967742
17456,62,56,0.0967742
17464,62,56,0.0967742
17470,62,56,0.0967742
17478,62,56,0.0967742
17484,62,56,0.0967742
17491,62,56,0.0967742
17499,62,56,0.0967742
17505,62,56,0.0967742
17512,62,56,0.0967742
17521,62,56,0.0967742
17528,62,56,0.0967742
17535,62,56,0.0967742
17542,62,56,0.0967742
17548,62,56,0.0967742
17558,62,56,0.0967742
17567,62,56,0.0967742
17574,62,56,0.0967742
17583,62,56,0.0967742
17592,62,56,0.0967742
17602,62,56,0.0967742
17612,62,56,0.0967742
17619,62,56,0.0967742
17628,62,56,0.0967742
17636,62,56,0.0967742
17644,62,56,0.0967742
17652,62,56,0.0967742
17658,62,56,0.0967742
17667,62,56,0.0967742
17674,62,56,0.0967742
17680,62,56,0.0967742
17688,62,56,0.0967742
17695,62,56,0.0967742
17700,62,56,0.0967742
17706,62,56,0.0967742
17713,62,56,0.0967742
17720,62,56,0.0967742
17728,62,56,0.0967742
17734,62,56,0.0967742
17740,62,56,0.0967742
17745,62,56,0.0967742
17753,62,56,0.0967742
17758,62,56,0.0967742
17765,62,56,0.0967742
17773,62,56,0.0967742
17781,62,56,0.0967742
17789,62,56,0.0967742
17798,62,56,0.0967742
17808,62,56,0.0967742
17815,62,56,0.0967742
17822,62,56,0.0967742
17829,62,56,0.0967742
17838,62,56,0.0967742
17846,62,56,0.0967742
17853,62,56,0.0967742
17862,62,56,0.0967742
17869,62,56,0.0967742
17876,62,56,0.0967742
17885,62,56,0.0967742
17893,62,56,0.0967742
17901,62,56,0.0967742
17909,62,56,0.0967742
17915,62,56,0.0967742
17921,62,56,0.0967742
17929,62,56,0.0967742
17935,62,56,0.0967742
17941,62,56,0.0967742
17948,62,56,0.0967742
17955,62,56,0.0967742
17964,62,56,0.0967742
17972,62,56,0.0967742
17979,62,56,0.0967742
17985,62,56,0.0967742
17994,62,56,0.0967742
18002,62,56,0.0967742
18008,62,56,0.0967742
18015,62,56,0.0967742
18024,62,56,0.0967742
18033,62,56,0.0967742
18040,62,56,0.0967742
18047,62,56,0.0967742
18054,62,56,0.0967742
18061,62,56,0.0967742
18068,62,56,0.0967742
18076,62,56,0.0967742
18082,62,56,0.0967742
18091,62,56,0.0967742
18099,62,56,0.0967742
18108,62,56,0.0967742
18117,62,56,0.0967742
18123,62,56,0.0967742
18129,62,56,0.0967742
18138,62,56,0.0967742
18147,62,56,0.0967742
18154,62,56,0.0967742
18157,62,56,0.0967742
18166,62,56,0.0967742
18171,62,56,0.0967742
18175,62,56,0.0967742
18185,62,56,0.0967742
18193,62,56,0.0967742
18202,62,56,0.0967742
18212,62,56,0.0967742
18221,62,56,0.0967742
18229,62,56,0.0967742
18239,62,56,0.0967742
18249,62,56,0.0967742
18259,62,56,0.0967742
18269,62,56,0.0967742
18277,62,56,0.0967742
18284,62,56,0.0967742
18292,62,56,0.0967742
18299,62,56,0.0967742
18306,62,56,0.0967742
18312,62,56,0.0967742
18321,62,56,0.0967742
18329,62,56,0.0967742
18335,62,56,0.0967742
18344,62,56,0.0967742
18351,62,56,0.0967742
18359,62,56,0.0967742
18368,62,56,0.0967742
18375,62,56,0.0967742
18382,62,56,0.0967742
18390,62,56,0.0967742
18397,62,56,0.0967742
18403,62,56,0.0967742
18414,62,56,0.0967742
18424,62,56,0.0967742
18429,62,56,0.0967742
18437,62,56,0.0967742
18443,62,56,0.0967742
18450,62,56,0.0967742
18460,62,56,0.0967742
18469,62,56,0.0967742
18477,62,56,0.0967742
18485,62,56,0.0967742
18493,62,56,0.0967742
18501,62,56,0.0967742
18508,62,56,0.0967742
18515,62,56,0.0967742
18521,62,56,0.0967742
18531,62,56,0.0967742
18539,62,56,0.0967742
18547,62,56,0.0967742
18557,62,56,0.0967742
18566,62,56,0.0967742
18575,62,56,0.0967742
18583,62,56,0.0967742
18593,62,56,0.0967742
18603,62,56,0.0967742
18610,62,56,0.0967742
18620,62,56,0.0967742
18626,62,56,0.0967742
18634,62,56,0.0967742
18642,62,56,0.0967742
18650,62,56,0.0967742
18658,62,56,0.0967742
18667,62,56,0.0967742
18675,62,56,0.0967742
18681,62,56,0.0967742
18691,62,56,0.0967742
18700,62,56,0.0967742
18708,62,56,0.0967742
18712,62,56,0.0967742
18720,62,56,0.0967742
18729,62,56,0.0967742
18737,62,56,0.0967742
18742,62,56,0.0967742
18749,62,56,0.0967742
18757,62,56,0.0967742
18764,62,56,0.0967742
18770,62,56,0.0967742
18777,62,56,0.0967742
18788,62,56,0.0967742
18795,62,56,0.0967742
18804,62,56,0.0967742
18811,62,56,0.0967742
18820,62,56,0.0967742
18826,62,56,0.0967742
18835,62,56,0.0967742
18842,62,56,0.0967742
18851,62,56,0.0967742
18860,62,56,0.0967742
18868,62,56,0.0967742
18879,62,56,0.0967742
18884,62,56,0.0967742
18893,62,56,0.0967742
18900,62,56,0.0967742
18907,62,56,0.0967742
18914,62,56,0.0967742
18923,62,56,0.0967742
18929,62,56,0.0967742
18939,62,56,0.0967742
18949,62,56,0.0967742
18957,62,56,0.0967742
18967,62,56,0.0967742
18975,62,56,0.0967742
18983,62,56,0.0967742
18991,62,56,0.0967742
18999,62,56,0.0967742
19006,62,56,0.0967742
19014,62,56,0.0967742
19024,62,56,0.0967742
19032,62,56,0.0967742
19039,62,56,0.0967742
19046,62,56,0.0967742
19054,62,56,0.0967742
19063,62,56,0.0967742
19070,62,56,0.0967742
19078,62,56,0.0967742
19087,62,56,0.0967742
19095,62,56,0.0967742
19101,62,56,0.0967742
19110,62,56,0.0967742
19117,62,56,0.0967742
19127,62,56,0.0967742
19134,62,56,0.0967742
19142,62,56,0.0967742
19147,62,56,0.0967742
19153,62,56,0.0967742
19162,62,56,0.0967742
19167,62,56,0.0967742
19173,62,56,0.0967742
19180,62,56,0.0967742
19190,62,56,0.0967742
19197,62,56,0.0967742
19203,62,56,0.0967742
19210,62,56,0.0967742
19218,62,56,0.0967742
19224,62,56,0.0967742
19231,62,56,0.0967742
19239,62,56,0.0967742
19247,62,56,0.0967742
19252,62,56,0.0967742
19258,62,56,0.0967742
19266,62,56,0.0967742
19273,62,56,0.0967742
19280,62,56,0.0967742
19289,62,56,0.0967742
19298,62,56,0.0967742
19306,62,56,0.0967742
19315,62,56,0.0967742
19323,62,56,0.0967742
19333,62,56,0.0967742
19341,62,56,0.0967742
19346,62,56,0.0967742
19354,62,56,0.0967742
19363,62,56,0.0967742
19370,62,56,0.0967742
19381,62,56,0.0967742
19388,62,56,0.0967742
19397,62,56,0.0967742
19405,62,56,0.0967742
19414,62,56,0.0967742
19422,62,56,0.0967742
19431,62,56,0.0967742
19441,62,56,0.0967742
19450,62,56,0.0967742
19458,62,56,0.0967742
19466,62,56,0.0967742
19475,62,56,0.0967742
19485,62,56,0.0967742
19494,62,56,0.0967742
19505,62,56,0.0967742
19515,62,56,0.0967742
19525,62,56,0.0967742
19533,62,56,0.0967742
19540,62,56,0.0967742
19550,62,56,0.0967742
19558,62,56,0.0967742
19566,62,56,0.0967742
19576,62,56,0.0967742
19585,62,56,0.0967742
19595,62,56,0.0967742
19604,62,56,0.0967742
19613,62,56,0.0967742
19624,62,56,0.0967742
19632,62,56,0.0967742
19641,62,56,0.0967742
19649,62,56,0.0967742
19656,62,56,0.0967742
19664,62,56,0.0967742
19672,62,56,0.0967742
19680,62,56,0.0967742
19686,62,56,0.0967742
19693,62,56,0.0967742
19703,62,56,0.0967742
19715,62,56,0.0967742
19721,62,56,0.0967742
19729,62,56,0.0967742
19739,62,56,0.0967742
19746,62,56,0.0967742
19755,62,56,0.0967742
19764,62,56,0.0967742
19774,62,56,0.0967742
19781,62,56,0.0967742
19789,62,56,0.0967742
19801,62,56,0.0967742
19807,62,56,0.0967742
19818,62,56,0.0967742
19828,62,56,0.0967742
19839,62,56,0.0967742
19844,62,56,0.0967742
19855,62,56,0.0967742
19864,62,56,0.0967742
19873,62,56,0.0967742
19881,62,56,0.0967742
19889,62,56,0.0967742
19897,62,56,0.0967742
19904,62,56,0.0967742
19913,62,56,0.0967742
19920,62,56,0.0967742
19928,62,56,0.0967742
19938,62,56,0.0967742
19945,62,56,0.0967742
19951,62,56,0.0967742
19960,62,56,0.0967742
19969,62,56,0.0967742
19978,62,56,0.0967742
19987,62,56,0.0967742
19997,62,56,0.0967742
20002,62,56,0.0967742
20012,62,56,0.0967742
20021,62,56,0.0967742
20030,62,56,0.0967742
20040,62,56,0.0967742
20050,62,56,0.0967742
20055,62,56,0.0967742
20063,62,56,0.0967742
20073,62,56,0.0967742
20082,62,56,0.0967742
20090,62,56,0.0967742
20099,62,56,0.0967742
20109,62,56,0.0967742
20119,62,56,0.0967742
20127,62,56,0.0967742
20135,62,56,0.0967742
20143,62,56,0.0967742
20152,62,56,0.0967742
20159,62,56,0.0967742
20170,62,56,0.0967742
20179,62,56,0.0967742
20183,62,56,0.0967742
20192,62,56,0.0967742
20201,62,56,0.0967742
20209,62,56,0.0967742
20215,62,56,0.0967742
20225,62,56,0.0967742
20235,62,56,0.0967742
20245,62,56,0.0967742
20254,62,56,0.0967742
20264,62,56,0.0967742
20271,62,56,0.0967742
20280,62,56,0.0967742
20287,62,56,0.0967742
20296,62,56,0.0967742
20301,62,56,0.0967742
20310,62,56,0.0967742
20318,62,56,0.0967742
20327,62,56,0.0967742
20337,62,56,0.0967742
20347,62,56,0.0967742
20357,62,56,0.0967742
20366,62,56,0.0967742
20375,62,56,0.0967742
20383,62,56,0.0967742
20391,62,56,0.0967742
20402,62,56,0.0967742
20412,62,56,0.0967742
20421,62,56,0.0967742
20429,62,56,0.0967742
20438,62,56,0.0967742
20445,62,56,0.0967742
20452,62,56,0.0967742
20460,62,56,0.0967742
20467,62,56,0.0967742
20474,62,56,0.0967742
20485,62,56,0.0967742
20494,62,56,0.0967742
20505,62,56,0.0967742
20513,62,56,0.0967742
20523,62,56,0.0967742
20531,62,56,0.0967742
20540,62,56,0.0967742
20548,62,56,0.0967742
20556,62,56,0.0967742
20564,62,56,0.0967742
20572,62,56,0.0967742
20580,62,56,0.0967742
20589,62,56,0.0967742
20598,62,56,0.0967742
20607,62,56,0.0967742
20616,62,56,0.0967742
20624,62,56,0.0967742
20634,62,56,0.0967742
20644,62,56,0.0967742
20653,62,56,0.0967742
20662,62,56,0.0967742
20671,62,56,0.0967742
20678,62,56,0.0967742
20687,62,56,0.0967742
20692,62,56,0.0967742
20700,62,56,0.0967742
20707,62,56,0.0967742
20715,62,56,0.0967742
20725,62,56,0.0967742
20734,62,56,0.0967742
20743,62,56,0.0967742
20752,62,56,0.0967742
20761,62,56,0.0967742
20770,62,56,0.0967742
20780,62,56,0.0967742
20785,62,56,0.0967742
20795,62,56,0.0967742
20803,62,56,0.0967742
20810,62,56,0.0967742
20818,62,56,0.0967742
20826,62,56,0.0967742
20832,62,56,0.0967742
20842,62,56,0.0967742
20850,62,56,0.0967742
20860,62,56,0.0967742
20871,62,56,0.0967742
20879,62,56,0.0967742
20887,62,56,0.0967742
20897,62,56,0.0967742
20907,62,56,0.0967742
20918,62,56,0.0967742
20928,62,56,0.0967742
20934,62,56,0.0967742
20944,62,56,0.0967742
20953,62,56,0.0967742
20962,62,56,0.0967742
20970,62,56,0.0967742
20975,62,56,0.0967742
20985,62,56,0.0967742
20996,62,56,0.0967742
21001,62,56,0.0967742
21009,62,56,0.0967742
21019,62,56,0.0967742
21030,62,56,0.0967742
21037,62,56,0.0967742
21043,62,56,0.0967742
21053,62,56,0.0967742
21064,62,56,0.0967742
21072,62,56,0.0967742
21079,62,56,0.0967742
21090,62,56,0.0967742
21100,62,56,0.0967742
21111,62,56,0.0967742
21119,62,56,0.0967742
21126,62,56,0.0967742
21136,62,56,0.0967742
21144,62,56,0.0967742
21151,62,56,0.0967742
21160,62,56,0.0967742
21169,62,56,0.0967742
21178,62,56,0.0967742
21187,62,56,0.0967742
21198,62,56,0.0967742
21208,62,56,0.0967742
21218,62,56,0.0967742
21228,62,56,0.0967742
21239,62,56,0.0967742
21251,62,56,0.0967742
21261,62,56,0.0967742
21268,62,56,0.0967742
21276,62,56,0.0967742
21284,62,56,0.0967742
21292,62,56,0.0967742
21302,62,56,0.0967742
21307,62,56,0.0967742
21315,62,56,0.0967742
21327,62,56,0.0967742
21336,62,56,0.0967742
21344,62,56,0.0967742
21354,62,56,0.0967742
21364,62,56,0.0967742
21373,62,56,0.0967742
21383,62,56,0.0967742
21392,62,56,0.0967742
21404,62,56,0.0967742
21411,62,56,0.0967742
21420,62,56,0.0967742
21428,62,56,0.0967742
21438,62,56,0.0967742
21449,62,56,0.0967742
21460,62,56,0.0967742
21470,62,56,0.0967742
21481,62,56,0.0967742
21490,62,56,0.0967742
21499,62,56,0.0967742
21505,62,56,0.0967742
21517,62,56,0.0967742
21524,62,56,0.0967742
21535,62,56,0.0967742
21542,62,56,0.0967742
21549,62,56,0.0967742
21559,62,56,0.0967742
21567,62,56,0.0967742
21579,62,56,0.0967742
21588,62,56,0.0967742
21596,62,56,0.0967742
21603,62,56,0.0967742
21615,62,56,0.0967742
21624,62,56,0.0967742
21634,62,56,0.0967742
21643,62,56,0.0967742
21653,62,56,0.0967742
21663,62,56,0.0967742
21672,62,56,0.0967742
21683,62,56,0.0967742
21690,62,56,0.0967742
21699,62,56,0.0967742
21707,62,56,0.0967742
21717,62,56,0.0967742
21727,62,56,0.0967742
21735,62,56,0.0967742
21743,62,56,0.0967742
21754,62,56,0.0967742
21765,62,56,0.0967742
21772,62,56,0.0967742
21780,62,56,0.0967742
21788,62,56,0.0967742
21799,62,56,0.0967742
21809,62,56,0.0967742
21815,62,56,0.0967742
21821,62,56,0.0967742
21831,62,56,0.0967742
21839,62,56,0.0967742
21848,62,56,0.0967742
21854,62,56,0.0967742
21863,62,56,0.0967742
21873,62,56,0.0967742
21885,62,56,0.0967742
21893,62,56,0.0967742
21905,62,56,0.0967742
21915,62,56,0.0967742
21926,62,56,0.0967742
21935,62,56,0.0967742
21945,62,56,0.0967742
21955,62,56,0.0967742
21966,62,56,0.0967742
21973,62,56,0.0967742
21978,62,56,0.0967742
21988,62,56,0.0967742
21998,62,56,0.0967742
22007,62,56,0.0967742
22016,62,56,0.0967742
22026,62,56,0.0967742
22037,62,56,0.0967742
22042,62,56,0.0967742
22049,62,56,0.0967742
22059,62,56,0.0967742
22066,62,56,0.0967742
22074,62,56,0.0967742
22085,62,56,0.0967742
22092,62,56,0.0967742
22100,62,56,0.0967742
22111,62,56,0.0967742
22122,62,56,0.0967742
22131,62,56,0.0967742
22143,62,56,0.0967742
22152,62,56,0.0967742
22161,62,56,0.0967742
22170,62,56,0.0967742
22179,62,56,0.0967742
22186,62,56,0.0967742
22197,62,56,0.0967742
22206,62,56,0.0967742
22215,62,56,0.0967742
22224,62,56,0.0967742
22235,62,56,0.0967742
22243,62,56,0.0967742
22253,62,56,0.0967742
22263,62,56,0.0967742
22273,62,56,0.0967742
22281,62,56,0.0967742
22289,62,56,0.0967742
22296,62,56,0.0967742
22306,62,56,0.0967742
22313,62,56,0.0967742
22322,62,56,0.0967742
22329,62,56,0.0967742
22340,62,56,0.0967742
22348,62,56,0.0967742
22356,62,56,0.0967742
22366,62,56,0.0967742
22374,62,56,0.0967742
22384,62,56,0.0967742
22394,62,56,0.0967742
22401,62,56,0.0967742
22410,62,56,0.0967742
22417,62,56,0.0967742
22424,62,56,0.0967742
22432,62,56,0.0967742
22442,62,56,0.0967742
22452,62,56,0.0967742
22462,62,56,0.0967742
22471,62,56,0.0967742
22481,62,56,0.0967742
22491,62,56,0.0967742
22502,62,56,0.0967742
22511,62,56,0.0967742
22521,62,56,0.0967742
22527,62,56,0.0967742
22537,62,56,0.0967742
22547,62,56,0.0967742
22554,62,56,0.0967742
22561,62,56,0.0967742
22571,62,56,0.0967742
22581,62,56,0.0967742
22592,62,56,0.0967742
22605,62,56,0.0967742
22611,62,56,0.0967742
22617,62,56,0.0967742
22628,62,56,0.0967742
22639,62,56,0.0967742
22650,62,56,0.0967742
22657,62,56,0.0967742
22667,62,56,0.0967742
22678,62,56,0.0967742
22688,62,56,0.0967742
22697,62,56,0.0967742
22704,62,56,0.0967742
22711,62,56,0.0967742
22722,62,56,0.0967742
22730,62,56,0.0967742
22742,62,56,0.0967742
22754,62,56,0.0967742
22764,62,56,0.0967742
22774,62,56,0.0967742
22783,62,56,0.0967742
22790,62,56,0.0967742
22801,62,56,0.0967742
22813,62,56,0.0967742
22822,62,56,0.0967742
22831,62,56,0.0967742
22840,62,56,0.0967742
22852,62,56,0.0967742
22862,62,56,0.0967742
22870,62,56,0.0967742
22877,62,56,0.0967742
22885,62,56,0.0967742
22895,62,56,0.0967742
22905,62,56,0.0967742
22912,62,56,0.0967742
22924,62,56,0.0967742
22933,62,56,0.0967742
22942,62,56,0.0967742
22954,62,56,0.0967742
22964,62,56,0.0967742
22976,62,56,0.0967742
22982,62,56,0.0967742
22987,62,56,0.0967742
22994,62,56,0.0967742
23005,62,56,0.0967742
23016,62,56,0.0967742
23025,62,56,0.0967742
23041,62,56,0.0967742
23050,62,56,0.0967742
23058,62,56,0.0967742
23067,62,56,0.0967742
23077,62,56,0.0967742
23087,62,56,0.0967742
23098,62,56,0.0967742
23109,62,56,0.0967742
23119,62,56,0.0967742
23125,62,56,0.0967742
23135,62,56,0.0967742
23147,62,56,0.0967742
23159,62,56,0.0967742
23166,62,56,0.0967742
23174,62,56,0.0967742
23183,62,56,0.0967742
23192,62,56,0.0967742
23203,62,56,0.0967742
23213,62,56,0.0967742
23221,62,56,0.0967742
23232,62,56,0.0967742
23243,62,56,0.0967742
23252,62,56,0.0967742
23261,62,56,0.0967742
23273,62,56,0.0967742
23282,62,56,0.0967742
23289,62,56,0.0967742
23298,62,56,0.0967742
23305,62,56,0.0967742
23312,62,56,0.0967742
23322,62,56,0.0967742
23334,62,56,0.0967742
23342,62,56,0.0967742
23352,62,56,0.0967742
23364,62,56,0.0967742
23372,62,56,0.0967742
23383,62,56,0.0967742
23394,62,56,0.0967742
23402,62,56,0.0967742
23413,62,56,0.0967742
23424,62,56,0.0967742
23434,62,56,0.0967742
23445,62,56,0.0967742
23456,62,56,0.0967742
23464,62,56,0.0967742
23472,62,56,0.0967742
23481,62,56,0.0967742
23492,62,56,0.0967742
23501,62,56,0.0967742
23509,62,56,0.0967742
23518,62,56,0.0967742
23529,62,56,0.0967742
23540,62,56,0.0967742
23552,62,56,0.0967742
23562,62,56,0.0967742
23573,62,56,0.0967742
23581,62,56,0.0967742
23593,62,56,0.0967742
23603,62,56,0.0967742
23615,62,56,0.0967742
23624,62,56,0.0967742
23635,62,56,0.0967742
23646,62,56,0.0967742
23657,62,56,0.0967742
23663,62,56,0.0967742
23672,62,56,0.0967742
23681,62,56,0.0967742
23692,62,56,0.0967742
23703,62,56,0.0967742
23712,62,56,0.0967742
23720,62,56,0.0967742
23727,62,56,0.0967742
23734,62,56,0.0967742
23743,62,56,0.0967742
23756,62,56,0.0967742
23768,62,56,0.0967742
23779,62,56,0.0967742
23788,62,56,0.0967742
23798,62,56,0.0967742
23809,62,56,0.0967742
23818,62,56,0.0967742
23827,62,56,0.0967742
23837,62,56,0.0967742
23849,62,56,0.0967742
23857,62,56,0.0967742
23869,62,56,0.0967742
23881,62,56,0.0967742
23892,62,56,0.0967742
23899,62,56,0.0967742
23909,62,56,0.0967742
23919,62,56,0.0967742
23927,62,56,0.0967742
23940,62,56,0.0967742
23952,62,56,0.0967742
23962,62,56,0.0967742
23971,62,56,0.0967742
23981,62,56,0.0967742
23990,62,56,0.0967742
23998,62,56,0.0967742
24008,62,56,0.0967742
24018,62,56,0.0967742
24027,62,56,0.0967742
24038,62,56,0.0967742
24051,62,56,0.0967742
24058,62,56,0.0967742
24065,62,56,0.0967742
24071,62,56,0.0967742
24082,62,56,0.0967742
24093,62,56,0.0967742
24104,62,56,0.0967742
24113,62,56,0.0967742
24122,62,56,0.0967742
24134,62,56,0.0967742
24141,62,56,0.0967742
24153,62,56,0.0967742
24163,62,56,0.0967742
24173,62,56,0.0967742
24185,62,56,0.0967742
24196,62,56,0.0967742
24206,62,56,0.0967742
24215,62,56,0.0967742
24222,62,56,0.0967742
24233,62,56,0.0967742
24241,62,56,0.0967742
24254,62,56,0.0967742
24263,62,56,0.0967742
24271,62,56,0.0967742
24279,62,56,0.0967742
24285,62,56,0.0967742
24294,62,56,0.0967742
24304,62,56,0.0967742
24312,62,56,0.0967742
24324,62,56,0.0967742
24334,62,56,0.0967742
24346,62,56,0.0967742
24354,62,56,0.0967742
24365,62,56,0.0967742
24375,62,56,0.0967742
24384,62,56,0.0967742
24394,62,56,0.0967742
24404,62,56,0.0967742
24415,62,56,0.0967742
24425,62,56,0.0967742
24435,62,56,0.0967742
24444,62,56,0.0967742
24455,62,56,0.0967742
24467,62,56,0.0967742
24479,62,56,0.0967742
24490,62,56,0.0967742
24503,62,56,0.0967742
24517,62,56,0.0967742
24525,62,56,0.0967742
24535,62,56,0.0967742
24544,62,56,0.0967742
24555,62,56,0.0967742
24567,62,56,0.0967742
24577,62,56,0.0967742
24585,62,56,0.0967742
24594,62,56,0.0967742
24608,62,56,0.0967742
24619,62,56,0.0967742
24629,62,56,0.0967742
24637,62,56,0.0967742
24646,62,56,0.0967742
24656,62,56,0.0967742
24666,62,56,0.0967742
24675,62,56,0.0967742
24684,62,56,0.0967742
24694,62,56,0.0967742
24707,62,56,0.0967742
24718,62,56,0.0967742
24727,62,56,0.0967742
24736,62,56,0.0967742
24745,62,56,0.0967742
24754,62,56,0.0967742
24761,62,56,0.0967742
24770,62,56,0.0967742
24777,62,56,0.0967742
24788,62,56,0.0967742
24798,62,56,0.0967742
24811,62,56,0.0967742
24821,62,56,0.0967742
24833,62,56,0.0967742
24847,62,56,0.0967742
24860,62,56,0.0967742
24868,62,56,0.0967742
24877,62,56,0.0967742
24886,62,56,0.0967742
24895,62,56,0.0967742
24907,62,56,0.0967742
24916,62,56,0.0967742
24928,62,56,0.0967742
24939,62,56,0.0967742
24949,62,56,0.0967742
24960,62,56,0.0967742
24969,62,56,0.0967742
24980,62,56,0.0967742
24991,62,56,0.0967742
25006,62,56,0.0967742
25019,62,56,0.0967742
25032,62,56,0.0967742
25040,62,56,0.0967742
25050,62,56,0.0967742
25056,62,56,0.0967742
25065,62,56,0.0967742
25076,62,56,0.0967742
25086,62,56,0.0967742
25098,62,56,0.0967742
25107,62,56,0.0967742
25119,62,56,0.0967742
25130,62,56,0.0967742
25137,62,56,0.0967742
25150,62,56,0.0967742
25160,62,56,0.0967742
25169,62,56,0.0967742
25180,62,56,0.0967742
25188,62,56,0.0967742
25193,62,56,0.0967742
25200,62,56,0.0967742
25210,62,56,0.0967742
25222,62,56,0.0967742
25235,62,56,0.0967742
25245,62,56,0.0967742
25256,62,56,0.0967742
25265,62,56,0.0967742
25277,62,56,0.0967742
25291,62,56,0.0967742
25303,62,56,0.0967742
25312,62,56,0.0967742
25324,62,56,0.0967742
25336,62,56,0.0967742
25347,62,56,0.0967742
25358,62,56,0.0967742
25364,62,56,0.0967742
25376,62,56,0.0967742
25385,62,56,0.0967742
25394,62,56,0.0967742
25401,62,56,0.0967742
25413,62,56,0.0967742
25420,62,56,0.0967742
25430,62,56,0.0967742
25442,62,56,0.0967742
25452,62,56,0.0967742
25461,62,56,0.0967742
25474,62,56,0.0967742
25481,62,56,0.0967742
25494,62,56,0.0967742
25506,62,56,0.0967742
25517,62,56,0.0967742
25527,62,56,0.0967742
25537,62,56,0.0967742
25549,62,56,0.0967742
25560,62,56,0.0967742
25568,62,56,0.0967742
25576,62,56,0.0967742
25587,62,56,0.0967742
25600,62,56,0.0967742
25610,62,56,0.0967742
25619,62,56,0.0967742
25631,62,56,0.0967742
25643,62,56,0.0967742
25655,62,56,0.0967742
25667,62,56,0.0967742
25676,62,56,0.0967742
25688,62,56,0.0967742
25699,62,56,0.0967742
25712,62,56,0.0967742
25721,62,56,0.0967742
25732,62,56,0.0967742
25744,62,56,0.0967742
25755,62,56,0.0967742
25764,62,56,0.0967742
25773,62,56,0.0967742
25783,62,56,0.0967742
25793,62,56,0.0967742
25800,62,56,0.0967742
25811,62,56,0.0967742
25821,62,56,0.0967742
25831,62,56,0.0967742
25842,62,56,0.0967742
25851,62,56,0.0967742
25862,62,56,0.0967742
25871,62,56,0.0967742
25879,62,56,0.0967742
25891,62,56,0.0967742
25904,62,56,0.0967742
25915,62,56,0.0967742
25924,62,56,0.0967742
25934,62,56,0.0967742
25944,62,56,0.0967742
25957,62,56,0.0967742
25967,62,56,0.0967742
25972,62,56,0.0967742
25985,62,56,0.0967742
25997,62,56,0.0967742
26006,62,56,0.0967742
26011,62,56,0.0967742
26022,62,56,0.0967742
26029,62,56,0.0967742
26040,62,56,0.0967742
26054,62,56,0.0967742
26064,62,56,0.0967742
26072,62,56,0.0967742
26083,62,56,0.0967742
26097,62,56,0.0967742
26109,62,56,0.0967742
26119,62,56,0.0967742
26129,62,56,0.0967742
26141,62,56,0.0967742
26149,62,56,0.0967742
26161,62,56,0.0967742
26174,62,56,0.0967742
26184,62,56,0.0967742
26189,62,56,0.0967742
26200,62,56,0.0967742
26214,62,56,0.0967742
26225,62,56,0.0967742
26238,62,56,0.0967742
26248,62,56,0.0967742
26260,62,56,0.0967742
26269,62,56,0.0967742
26280,62,56,0.0967742
26286,62,56,0.0967742
26299,62,56,0.0967742
26311,62,56,0.0967742
26324,62,56,0.0967742
26334,62,56,0.0967742
26341,62,56,0.0967742
26351,62,56,0.0967742
26358,62,56,0.0967742
26366,62,56,0.0967742
26379,62,56,0.0967742
26390,62,56,0.0967742
26396,62,56,0.0967742
26406,62,56,0.0967742
26418,62,56,0.0967742
26429,62,56,0.0967742
26440,62,56,0.0967742
26453,62,56,0.0967742
26465,62,56,0.0967742
26474,62,56,0.0967742
26486,62,56,0.0967742
26493,62,56,0.0967742
26505,62,56,0.0967742
26515,62,56,0.0967742
26528,62,56,0.0967742
26541,62,56,0.0967742
26554,62,56,0.0967742
26567,62,56,0.0967742
26577,62,56,0.0967742
26588,62,56,0.0967742
26601,62,56,0.0967742
26607,62,56,0.0967742
26622,62,56,0.0967742
26633,62,56,0.0967742
26647,62,56,0.0967742
26658,62,56,0.0967742
26667,62,56,0.0967742
26678,62,56,0.0967742
26689,62,56,0.0967742
26703,62,56,0.0967742
26715,62,56,0.0967742
26726,62,56,0.0967742
26739,62,56,0.0967742
26752,62,56,0.0967742
26761,62,56,0.0967742
26773,62,56,0.0967742
26781,62,56,0.0967742
26793,62,56,0.0967742
26806,62,56,0.0967742
26816,62,56,0.0967742
26828,62,56,0.0967742
26842,62,56,0.0967742
26849,62,56,0.0967742
26859,62,56,0.0967742
26870,62,56,0.0967742
26882,62,56,0.0967742
26892,62,56,0.0967742
26902,62,56,0.0967742
26915,62,56,0.0967742
26922,62,56,0.0967742
26934,62,56,0.0967742
26946,62,56,0.0967742
26953,62,56,0.0967742
26961,62,56,0.0967742
26973,62,56,0.0967742
26987,62,56,0.0967742
26999,62,56,0.0967742
27008,62,56,0.0967742
27018,62,56,0.0967742
27031,62,56,0.0967742
27038,62,56,0.0967742
27048,62,56,0.0967742
27059,62,56,0.0967742
27070,62,56,0.0967742
27081,62,56,0.0967742
27088,62,56,0.0967742
27097,62,56,0.0967742
27108,62,56,0.0967742
27121,62,56,0.0967742
27131,62,56,0.0967742
27143,62,56,0.0967742
27154,62,56,0.0967742
27166,62,56,0.0967742
27176,62,56,0.0967742
27192,62,56,0.0967742
27201,62,56,0.0967742
27210,62,56,0.0967742
27220,62,56,0.0967742
27234,62,56,0.0967742
27246,62,56,0.0967742
27257,62,56,0.0967742
27268,62,56,0.0967742
27277,62,56,0.0967742
27286,62,56,0.0967742
27297,62,56,0.0967742
27304,62,56,0.0967742
27313,62,56,0.0967742
27323,62,56,0.0967742
27336,62,56,0.0967742
27345,62,56,0.0967742
27356,62,56,0.0967742
27368,62,56,0.0967742
27374,62,56,0.0967742
27383,62,56,0.0967742
27392,62,56,0.0967742
27400,62,56,0.0967742
27412,62,56,0.0967742
27419,62,56,0.0967742
27433,62,56,0.0967742
27442,62,56,0.0967742
27454,62,56,0.0967742
27466,62,56,0.0967742
27478,62,56,0.0967742
27488,62,56,0.0967742
27502,62,56,0.0967742
27515,62,56,0.0967742
27525,62,56,0.0967742
27534,62,56,0.0967742
27544,62,56,0.0967742
27557,62,56,0.0967742
27570,62,56,0.0967742
27580,62,56,0.0967742
27593,62,56,0.0967742
27605,62,56,0.0967742
27619,62,56,0.0967742
27629,62,56,0.0967742
27639,62,56,0.0967742
27650,62,56,0.0967742
27663,62,56,0.0967742
27673,62,56,0.0967742
27681,62,56,0.0967742
27690,62,56,0.0967742
27702,62,56,0.0967742
27712,62,56,0.0967742
27725,62,56,0.0967742
27737,62,56,0.0967742
27749,62,56,0.0967742
27761,62,56,0.0967742
27772,62,56,0.0967742
27785,62,56,0.0967742
27794,62,56,0.0967742
27807,62,56,0.0967742
27819,62,56,0.0967742
27833,62,56,0.0967742
27847,62,56,0.0967742
27857,62,56,0.0967742
27871,62,56,0.0967742
27882,62,56,0.0967742
27897,62,56,0.0967742
27911,62,56,0.0967742
27919,62,56,0.0967742
27927,62,56,0.0967742
27937,62,56,0.0967742
27948,62,56,0.0967742
27955,62,56,0.0967742
27971,62,56,0.0967742
27982,62,56,0.0967742
27993,62,56,0.0967742
28004,62,56,0.0967742
28017,62,56,0.0967742
28027,62,56,0.0967742
28040,62,56,0.0967742
28050,62,56,0.0967742
28064,62,56,0.0967742
28077,62,56,0.0967742
28086,62,56,0.0967742
28097,62,56,0.0967742
28112,62,56,0.0967742
28122,62,56,0.0967742
28135,62,56,0.0967742
28147,62,56,0.0967742
28159,62,56,0.0967742
28166,62,56,0.0967742
28178,62,56,0.0967742
28191,62,56,0.0967742
28202,62,56,0.0967742
28214,62,56,0.0967742
28225,62,56,0.0967742
28237,62,56,0.0967742
28247,62,56,0.0967742
28256,62,56,0.0967742
28263,62,56,0.0967742
28276,62,56,0.0967742
28283,62,56,0.0967742
28291,62,56,0.0967742
28301,62,56,0.0967742
28311,62,56,0.0967742
28325,62,56,0.0967742
28338,62,56,0.0967742
28347,62,56,0.0967742
28357,62,56,0.0967742
28368,62,56,0.0967742
28377,62,56,0.0967742
28390,62,56,0.0967742
28397,62,56,0.0967742
28409,62,56,0.0967742
28418,62,56,0.0967742
28430,62,56,0.0967742
28440,62,56,0.0967742
28451,62,56,0.0967742
28464,62,56,0.0967742
28474,62,56,0.0967742
28483,62,56,0.0967742
28496,62,56,0.0967742
28504,62,56,0.0967742
28518,62,56,0.0967742
28529,62,56,0.0967742
28539,62,56,0.0967742
28549,62,56,0.0967742
28560,62,56,0.0967742
28568,62,56,0.0967742
28582,62,56,0.0967742
28588,62,56,0.0967742
28601,62,56,0.0967742
28614,62,56,0.0967742
28625,62,56,0.0967742
28637,62,56,0.0967742
28646,62,56,0.0967742
28659,62,56,0.0967742
28665,62,56,0.0967742
28677,62,56,0.0967742
28683,62,56,0.0967742
28697,62,56,0.0967742
28709,62,56,0.0967742
28718,62,56,0.0967742
28725,62,56,0.0967742
28735,62,56,0.0967742
28745,62,56,0.0967742
28754,62,56,0.0967742
28767,62,56,0.0967742
28779,62,56,0.0967742
28788,62,56,0.0967742
28801,62,56,0.0967742
28810,62,56,0.0967742
28824,62,56,0.0967742
28832,62,56,0.0967742
28843,62,56,0.0967742
28860,62,56,0.0967742
28874,62,56,0.0967742
28885,62,56,0.0967742
28899,62,56,0.0967742
28910,62,56,0.0967742
28924,62,56,0.0967742
28935,62,56,0.0967742
28946,62,56,0.0967742
28958,62,56,0.0967742
28974,62,56,0.0967742
28989,62,56,0.0967742
29000,62,56,0.0967742
29012,62,56,0.0967742
29020,62,56,0.0967742
29030,62,56,0.0967742
29037,62,56,0.0967742
29049,62,56,0.0967742
29060,62,56,0.0967742
29073,62,56,0.0967742
29086,62,56,0.0967742
29098,62,56,0.0967742
29108,62,56,0.0967742
29120,62,56,0.0967742
29133,62,56,0.0967742
29145,62,56,0.0967742
29154,62,56,0.0967742
29166,62,56,0.0967742
29174,62,56,0.0967742
29184,62,56,0.0967742
29195,62,56,0.0967742
29205,62,56,0.0967742
29216,62,56,0.0967742
29228,62,56,0.0967742
29238,62,56,0.0967742
29248,62,56,0.0967742
29256,62,56,0.0967742
29261,62,56,0.0967742
29272,62,56,0.0967742
29285,62,56,0.0967742
29297,62,56,0.0967742
29308,62,56,0.0967742
29316,62,56,0.0967742
29324,62,56,0.0967742
29336,62,56,0.0967742
29351,62,56,0.0967742
29362,62,56,0.0967742
29375,62,56,0.0967742
29385,62,56,0.0967742
29397,62,56,0.0967742
29408,62,56,0.0967742
29420,62,56,0.0967742
29433,62,56,0.0967742
29444,62,56,0.0967742
29455,62,56,0.0967742
29469,62,56,0.0967742
29484,62,56,0.0967742
29497,62,56,0.0967742
29506,62,56,0.0967742
29519,62,56,0.0967742
29531,62,56,0.0967742
29539,62,56,0.0967742
29551,62,56,0.0967742
29565,62,56,0.0967742
29577,62,56,0.0967742
29590,62,56,0.0967742
29603,62,56,0.0967742
29611,62,56,0.0967742
29621,62,56,0.0967742
29631,62,56,0.0967742
29645,62,56,0.0967742
29658,62,56,0.0967742
29667,62,56,0.0967742
29677,62,56,0.0967742
29688,62,56,0.0967742
29696,62,56,0.0967742
29703,62,56,0.0967742
29711,62,56,0.0967742
29721,62,56,0.0967742
29731,62,56,0.0967742
29742,62,56,0.0967742
29754,62,56,0.0967742
29766,62,56,0.0967742
29777,62,56,0.0967742
29787,62,56,0.0967742
29798,62,56,0.0967742
29811,62,56,0.0967742
29822,62,56,0.0967742
29833,62,56,0.0967742
29846,62,56,0.0967742
29854,62,56,0.0967742
29864,62,56,0.0967742
29874,62,56,0.0967742
29887,62,56,0.0967742
29899,62,56,0.0967742
29912,62,56,0.0967742
29925,62,56,0.0967742
29939,62,56,0.0967742
29950,62,56,0.0967742
29962,62,56,0.0967742
29975,62,56,0.0967742
29985,62,56,0.0967742
29996,62,56,0.0967742
30007,62,56,0.0967742
30018,62,56,0.0967742
30029,62,56,0.0967742
30045,62,56,0.0967742
30058,62,56,0.0967742
30068,62,56,0.0967742
30082,62,56,0.0967742
30092,62,56,0.0967742
30103,62,56,0.0967742
30116,62,56,0.0967742
30127,62,56,0.0967742
30140,62,56,0.0967742
30153,62,56,0.0967742
30164,62,56,0.0967742
30173,62,56,0.0967742
30183,62,56,0.0967742
30189,62,56,0.0967742
30204,62,56,0.0967742
30214,62,56,0.0967742
30226,62,56,0.0967742
30240,62,56,0.0967742
30252,62,56,0.0967742
30262,62,56,0.0967742
30275,62,56,0.0967742
30285,62,56,0.0967742
30293,62,56,0.0967742
30302,62,56,0.0967742
30314,62,56,0.0967742
30328,62,56,0.0967742
30340,62,56,0.0967742
30356,62,56,0.0967742
30373,62,56,0.0967742
30387,62,56,0.0967742
30402,62,56,0.0967742
30418,62,56,0.0967742
30429,62,56,0.0967742
30444,62,56,0.0967742
30455,62,56,0.0967742
30466,62,56,0.0967742
30482,62,56,0.0967742
30495,62,56,0.0967742
30507,62,56,0.0967742
30518,62,56,0.0967742
30531,62,56,0.0967742
30543,62,56,0.0967742
30557,62,56,0.0967742
30567,62,56,0.0967742
30581,62,56,0.0967742
30594,62,56,0.0967742
30609,62,56,0.0967742
30620,62,56,0.0967742
30636,62,56,0.0967742
30649,62,56,0.0967742
30661,62,56,0.0967742
30674,62,56,0.0967742
30687,62,56,0.0967742
30700,62,56,0.0967742
30712,62,56,0.0967742
30725,62,56,0.0967742
30734,62,56,0.0967742
30747,62,56,0.0967742
30758,62,56,0.0967742
30771,62,56,0.0967742
30783,62,56,0.0967742
30797,62,56,0.0967742
30811,62,56,0.0967742
30827,62,56,0.0967742
30840,62,56,0.0967742
30852,62,56,0.0967742
30865,62,56,0.0967742
30879,62,56,0.0967742
30889,62,56,0.0967742
30899,62,56,0.0967742
30913,62,56,0.0967742
30924,62,56,0.0967742
30936,62,56,0.0967742
30949,62,56,0.0967742
30957,62,56,0.0967742
30967,62,56,0.0967742
30979,62,56,0.0967742
30992,62,56,0.0967742
31005,62,56,0.0967742
31017,62,56,0.0967742
31031,62,56,0.0967742
31039,62,56,0.0967742
31050,62,56,0.0967742
31058,62,56,0.0967742
31066,62,56,0.0967742
31076,62,56,0.0967742
31090,62,56,0.0967742
31101,62,56,0.0967742
31117,62,56,0.0967742
31131,62,56,0.0967742
31147,62,56,0.0967742
31157,62,56,0.0967742
31169,62,56,0.0967742
31178,62,56,0.0967742
31191,62,56,0.0967742
31201,62,56,0.0967742
31215,62,56,0.0967742
31225,62,56,0.0967742
31238,62,56,0.0967742
31246,62,56,0.0967742
31258,62,56,0.0967742
31270,62,56,0.0967742
31285,62,56,0.0967742
31294,62,56,0.0967742
31302,62,56,0.0967742
31315,62,56,0.0967742
31331,62,56,0.0967742
31338,62,56,0.0967742
31351,62,56,0.0967742
31367,62,56,0.0967742
31380,62,56,0.0967742
31391,62,56,0.0967742
31404,62,56,0.0967742
31417,62,56,0.0967742
31430,62,56,0.0967742
31447,62,56,0.0967742
31461,62,56,0.0967742
31473,62,56,0.0967742
31483,62,56,0.0967742
31496,62,56,0.0967742
31508,62,56,0.0967742
31523,62,56,0.0967742
31531,62,56,0.0967742
31543,62,56,0.0967742
31556,62,56,0.0967742
31569,62,56,0.0967742
31576,62,56,0.0967742
31588,62,56,0.0967742
31601,62,56,0.0967742
31612,62,56,0.0967742
31629,62,56,0.0967742
31641,62,56,0.0967742
31653,62,56,0.0967742
31666,62,56,0.0967742
31677,62,56,0.0967742
31693,62,56,0.0967742
31706,62,56,0.0967742
31717,62,56,0.0967742
31729,62,56,0.0967742
31744,62,56,0.0967742
31756,62,56,0.0967742
31767,62,56,0.0967742
31781,62,56,0.0967742
31796,62,56,0.0967742
31812,62,56,0.0967742
31824,62,56,0.0967742
31835,62,56,0.0967742
31846,62,56,0.0967742
31858,62,56,0.0967742
31872,62,56,0.0967742
31884,62,56,0.0967742
31898,62,56,0.0967742
31910,62,56,0.0967742
31925,62,56,0.0967742
31936,62,56,0.0967742
31948,62,56,0.0967742
31957,62,56,0.0967742
31969,62,56,0.0967742
31976,62,56,0.0967742
31992,62,56,0.0967742
32008,62,56,0.0967742
32020,62,56,0.0967742
32031,62,56,0.0967742
32039,62,56,0.0967742
32051,62,56,0.0967742
32062,62,56,0.0967742
32075,62,56,0.0967742
32088,62,56,0.0967742
32099,62,56,0.0967742
32112,62,56,0.0967742
32122,62,56,0.0967742
32135,62,56,0.0967742
32149,62,56,0.0967742
32165,62,56,0.0967742
32180,62,56,0.0967742
32190,62,56,0.0967742
32205,62,56,0.0967742
32219,62,56,0.0967742
32231,62,56,0.0967742
32241,62,56,0.0967742
32252,62,56,0.0967742
32264,62,56,0.0967742
32273,62,56,0.0967742
32284,62,56,0.0967742
32293,62,56,0.0967742
32306,62,56,0.0967742
32315,62,56,0.0967742
32330,62,56,0.0967742
32340,62,56,0.0967742
32350,62,56,0.0967742
32361,62,56,0.0967742
32371,62,56,0.0967742
32385,62,56,0.0967742
32396,62,56,0.0967742
32410,62,56,0.0967742
32423,62,56,0.0967742
32435,62,56,0.0967742
32451,62,56,0.0967742
32463,62,56,0.0967742
32474,62,56,0.0967742
32485,62,56,0.0967742
32493,62,56,0.0967742
32502,62,56,0.0967742
32517,62,56,0.0967742
32532,62,56,0.0967742
32547,62,56,0.0967742
32555,62,56,0.0967742
32568,62,56,0.0967742
32578,62,56,0.0967742
32591,62,56,0.0967742
32603,62,56,0.0967742
32616,62,56,0.0967742
32628,62,56,0.0967742
32636,62,56,0.0967742
32652,62,56,0.0967742
32662,62,56,0.0967742
32676,62,56,0.0967742
32687,62,56,0.0967742
32699,62,56,0.0967742
32709,62,56,0.0967742
32723,62,56,0.0967742
32738,62,56,0.0967742
32750,62,56,0.0967742
32764,62,56,0.0967742
32780,62,56,0.0967742
32791,62,56,0.0967742
32801,62,56,0.0967742
32814,62,56,0.0967742
32825,62,56,0.0967742
32839,62,56,0.0967742
32851,62,56,0.0967742
32862,62,56,0.0967742
32870,62,56,0.0967742
32883,62,56,0.0967742
32891,62,56,0.0967742
32902,62,56,0.0967742
32913,62,56,0.0967742
32923,62,56,0.0967742
32936,62,56,0.0967742
32948,62,56,0.0967742
32960,62,56,0.0967742
32973,62,56,0.0967742
32989,62,56,0.0967742
32999,62,56,0.0967742
33011,62,56,0.0967742
33022,62,56,0.0967742
33036,62,56,0.0967742
33053,62,56,0.0967742
33066,62,56,0.0967742
33079,62,56,0.0967742
33092,62,56,0.0967742
33102,62,56,0.0967742
33115,62,56,0.0967742
33129,62,56,0.0967742
33143,62,56,0.0967742
33154,62,56,0.0967742
33168,62,56,0.0967742
33182,62,56,0.0967742
33195,62,56,0.0967742
33206,62,56,0.0967742
33219,62,56,0.0967742
33229,62,56,0.0967742
33243,62,56,0.0967742
33255,62,56,0.0967742
33270,62,56,0.0967742
33280,62,56,0.0967742
33290,62,56,0.0967742
33300,62,56,0.0967742
33308,62,56,0.0967742
33322,62,56,0.0967742
33336,62,56,0.0967742
33351,62,56,0.0967742
33361,62,56,0.0967742
33373,62,56,0.0967742
33387,62,56,0.0967742
33402,62,56,0.0967742
33416,62,56,0.0967742
33427,62,56,0.0967742
33442,62,56,0.0967742
33451,62,56,0.0967742
33462,62,56,0.0967742
33469,62,56,0.0967742
33482,62,56,0.0967742
33494,62,56,0.0967742
33507,62,56,0.0967742
33524,62,56,0.0967742
33538,62,56,0.0967742
33550,62,56,0.0967742
33565,62,56,0.0967742
33581,62,56,0.0967742
33596,62,56,0.0967742
33613,62,56,0.0967742
33627,62,56,0.0967742
33638,62,56,0.0967742
33653,62,56,0.0967742
33666,62,56,0.0967742
33680,62,56,0.0967742
33689,62,56,0.0967742
33704,62,56,0.0967742
33714,62,56,0.0967742
33729,62,56,0.0967742
33737,62,56,0.0967742
33751,62,56,0.0967742
33764,62,56,0.0967742
33773,62,56,0.0967742
33786,62,56,0.0967742
33799,62,56,0.0967742
33810,62,56,0.0967742
33823,62,56,0.0967742
33839,62,56,0.0967742
33848,62,56,0.0967742
33858,62,56,0.0967742
33873,62,56,0.0967742
33885,62,56,0.0967742
33894,62,56,0.0967742
33905,62,56,0.0967742
33920,62,56,0.0967742
33933,62,56,0.0967742
33943,62,56,0.0967742
33957,62,56,0.0967742
33967,62,56,0.0967742
33974,62,56,0.0967742
33984,62,56,0.0967742
33995,62,56,0.0967742
34003,62,56,0.0967742
34020,62,56,0.0967742
34033,62,56,0.0967742
34047,62,56,0.0967742
34057,62,56,0.0967742
34069,62,56,0.0967742
34081,62,56,0.0967742
34099,62,56,0.0967742
34113,62,56,0.0967742
34123,62,56,0.0967742
34134,62,56,0.0967742
34147,62,56,0.0967742
34162,62,56,0.0967742
34172,62,56,0.0967742
34186,62,56,0.0967742
34196,62,56,0.0967742
34205,62,56,0.0967742
34220,62,56,0.0967742
34233,62,56,0.0967742
34243,62,56,0.0967742
34260,62,56,0.0967742
34273,62,56,0.0967742
34283,62,56,0.0967742
34297,62,56,0.0967742
34309,62,56,0.0967742
34321,62,56,0.0967742
34331,62,56,0.0967742
34347,62,56,0.0967742
34357,62,56,0.0967742
34371,62,56,0.0967742
34385,62,56,0.0967742
34399,62,56,0.0967742
34409,62,56,0.0967742
34419,62,56,0.0967742
34430,62,56,0.0967742
34443,62,56,0.0967742
34453,62,56,0.0967742
34460,62,56,0.0967742
34471,62,56,0.0967742
34486,62,56,0.0967742
34500,62,56,0.0967742
34512,62,56,0.0967742
34525,62,56,0.0967742
34535,62,56,0.0967742
34548,62,56,0.0967742
34557,62,56,0.0967742
34570,62,56,0.0967742
34584,62,56,0.0967742
34598,62,56,0.0967742
34611,62,56,0.0967742
34626,62,56,0.0967742
34640,62,56,0.0967742
34651,62,56,0.0967742
34663,62,56,0.0967742
34674,62,56,0.0967742
34688,62,56,0.0967742
34703,62,56,0.0967742
34717,62,56,0.0967742
34727,62,56,0.0967742
34738,62,56,0.0967742
34749,62,56,0.0967742
34759,62,56,0.0967742
34770,62,56,0.0967742
34782,62,56,0.0967742
34796,62,56,0.0967742
34807,62,56,0.0967742
34817,62,56,0.0967742
34831,62,56,0.0967742
34847,62,56,0.0967742
34862,62,56,0.0967742
34875,62,56,0.0967742
34889,62,56,0.0967742
34905,62,56,0.0967742
34920,62,56,0.0967742
34934,62,56,0.0967742
34944,62,56,0.0967742
34958,62,56,0.0967742
34970,62,56,0.0967742
34981,62,56,0.0967742
34997,62,56,0.0967742
35007,62,56,0.0967742
35018,62,56,0.0967742
35031,62,56,0.0967742
35043,62,56,0.0967742
35054,62,56,0.0967742
35066,62,56,0.0967742
35078,62,56,0.0967742
35087,62,56,0.0967742
35096,62,56,0.0967742
35108,62,56,0.0967742
35120,62,56,0.0967742
35128,62,56,0.0967742
35142,62,56,0.0967742
35154,62,56,0.0967742
35168,62,56,0.0967742
35177,62,56,0.0967742
35188,62,56,0.0967742
35200,62,56,0.0967742
35211,62,56,0.0967742
35225,62,56,0.0967742
35238,62,56,0.0967742
35250,62,56,0.0967742
35263,62,56,0.0967742
35274,62,56,0.0967742
35285,62,56,0.0967742
35293,62,56,0.0967742
35301,62,56,0.0967742
35311,62,56,0.0967742
35327,62,56,0.0967742
35340,62,56,0.0967742
35355,62,56,0.0967742
35366,62,56,0.0967742
35380,62,56,0.0967742
35390,62,56,0.0967742
35403,62,56,0.0967742
35415,62,56,0.0967742
35428,62,56,0.0967742
35438,62,56,0.0967742
35450,62,56,0.0967742
35461,62,56,0.0967742
35472,62,56,0.0967742
35486,62,56,0.0967742
35496,62,56,0.0967742
35509,62,56,0.0967742
35521,62,56,0.0967742
35533,62,56,0.0967742
35545,62,56,0.0967742
35558,62,56,0.0967742
35573,62,56,0.0967742
35585,62,56,0.0967742
35599,62,56,0.0967742
35614,62,56,0.0967742
35628,62,56,0.0967742
35636,62,56,0.0967742
35649,62,56,0.0967742
35661,62,56,0.0967742
35675,62,56,0.0967742
35685,62,56,0.0967742
35699,62,56,0.0967742
35714,62,56,0.0967742
35725,62,56,0.0967742
35737,62,56,0.0967742
35751,62,56,0.0967742
35763,62,56,0.0967742
35775,62,56,0.0967742
35790,62,56,0.0967742
35804,62,56,0.0967742
35813,62,56,0.0967742
35826,62,56,0.0967742
35838,62,56,0.0967742
35852,62,56,0.0967742
35863,62,56,0.0967742
35871,62,56,0.0967742
35884,62,56,0.0967742
35898,62,56,0.0967742
35909,62,56,0.0967742
35920,62,56,0.0967742
35932,62,56,0.0967742
35943,62,56,0.0967742
35958,62,56,0.0967742
35972,62,56,0.0967742
35985,62,56,0.0967742
36000,62,56,0.0967742
36013,62,56,0.0967742
36022,62,56,0.0967742
36032,62,56,0.0967742
36045,62,56,0.0967742
36055,62,56,0.0967742
36066,62,56,0.0967742
36076,62,56,0.0967742
36087,62,56,0.0967742
36096,62,56,0.0967742
36107,62,56,0.0967742
36120,62,56,0.0967742
36130,62,56,0.0967742
36137,62,56,0.0967742
36147,62,56,0.0967742
36160,62,56,0.0967742
36174,62,56,0.0967742
36183,62,56,0.0967742
36194,62,56,0.0967742
36204,62,56,0.0967742
36215,62,56,0.0967742
36228,62,56,0.0967742
36240,62,56,0.0967742
36251,62,56,0.0967742
36261,62,56,0.0967742
36273,62,56,0.0967742
36286,62,56,0.0967742
36299,62,56,0.0967742
36313,62,56,0.0967742
36327,62,56,0.0967742
36340,62,56,0.0967742
36355,62,56,0.0967742
36366,62,56,0.0967742
36376,62,56,0.0967742
36386,62,56,0.0967742
36396,62,56,0.0967742
36411,62,56,0.0967742
36420,62,56,0.0967742
36433,62,56,0.0967742
36442,62,56,0.0967742
36455,62,56,0.0967742
36467,62,56,0.0967742
36481,62,56,0.0967742
36492,62,56,0.0967742
36504,62,56,0.0967742
36516,62,56,0.0967742
36530,62,56,0.0967742
36537,62,56,0.0967742
36548,62,56,0.0967742
36562,62,56,0.0967742
36575,62,56,0.0967742
36590,62,56,0.0967742
36604,62,56,0.0967742
36620,62,56,0.0967742
36633,62,56,0.0967742
36651,62,56,0.0967742
36662,62,56,0.0967742
36678,62,56,0.0967742
36691,62,56,0.0967742
36706,62,56,0.0967742
36719,62,56,0.0967742
36730,62,56,0.0967742
36741,62,56,0.0967742
36757,62,56,0.0967742
36772,62,56,0.0967742
36784,62,56,0.0967742
36794,62,56,0.0967742
36809,62,56,0.0967742
36822,62,56,0.0967742
36835,62,56,0.0967742
36850,62,56,0.0967742
36861,62,56,0.0967742
36873,62,56,0.0967742
36887,62,56,0.0967742
36901,62,56,0.0967742
36912,62,56,0.0967742
36923,62,56,0.0967742
36938,62,56,0.0967742
36955,62,56,0.0967742
36970,62,56,0.0967742
36983,62,56,0.0967742
36997,62,56,0.0967742
37008,62,56,0.0967742
37021,62,56,0.0967742
37033,62,56,0.0967742
37046,62,56,0.0967742
37057,62,56,0.0967742
37068,62,56,0.0967742
37079,62,56,0.0967742
37090,62,56,0.0967742
37106,62,56,0.0967742
37122,62,56,0.0967742
37135,62,56,0.0967742
37145,62,56,0.0967742
37160,62,56,0.0967742
37175,62,56,0.0967742
37181,62,56,0.0967742
37198,62,56,0.0967742
37208,62,56,0.0967742
37226,62,56,0.0967742
37240,62,56,0.0967742
37249,62,56,0.0967742
37260,62,56,0.0967742
37274,62,56,0.0967742
37288,62,56,0.0967742
37299,62,56,0.0967742
37308,62,56,0.0967742
37322,62,56,0.0967742
37337,62,56,0.0967742
37350,62,56,0.0967742
37362,62,56,0.0967742
37374,62,56,0.0967742
37386,62,56,0.0967742
37400,62,56,0.0967742
37413,62,56,0.0967742
37427,62,56,0.0967742
37442,62,56,0.0967742
37454,62,56,0.0967742
37464,62,56,0.0967742
37475,62,56,0.0967742
37485,62,56,0.0967742
37503,62,56,0.0967742
37515,62,56,0.0967742
37532,62,56,0.0967742
37543,62,56,0.0967742
37556,62,56,0.0967742
37573,62,56,0.0967742
37588,62,56,0.0967742
37599,62,56,0.0967742
37617,62,56,0.0967742
37633,62,56,0.0967742
37647,62,56,0.0967742
37659,62,56,0.0967742
37673,62,56,0.0967742
37688,62,56,0.0967742
37701,62,56,0.0967742
37713,62,56,0.0967742
37728,62,56,0.0967742
37739,62,56,0.0967742
37749,62,56,0.0967742
37764,62,56,0.0967742
37778,62,56,0.0967742
37791,62,56,0.0967742
37807,62,56,0.0967742
37818,62,56,0.0967742
37831,62,56,0.0967742
37844,62,56,0.0967742
37857,62,56,0.0967742
37870,62,56,0.0967742
37882,62,56,0.0967742
37896,62,56,0.0967742
37906,62,56,0.0967742
37923,62,56,0.0967742
37935,62,56,0.0967742
37948,62,56,0.0967742
37963,62,56,0.0967742
37971,62,56,0.0967742
37989,62,56,0.0967742
37998,62,56,0.0967742
38009,62,56,0.0967742
38026,62,56,0.0967742
38040,62,56,0.0967742
38048,62,56,0.0967742
38063,62,56,0.0967742
38075,62,56,0.0967742
38088,62,56,0.0967742
38099,62,56,0.0967742
38114,62,56,0.0967742
38125,62,56,0.0967742
38139,62,56,0.0967742
38155,62,56,0.0967742
38168,62,56,0.0967742
38185,62,56,0.0967742
38198,62,56,0.0967742
38211,62,56,0.0967742
38230,62,56,0.0967742
38246,62,56,0.0967742
38257,62,56,0.0967742
38272,62,56,0.0967742
38287,62,56,0.0967742
38302,62,56,0.0967742
38313,62,56,0.0967742
38326,62,56,0.0967742
38336,62,56,0.0967742
38363,62,56,0.0967742
38380,62,56,0.0967742
38394,62,56,0.0967742
38409,62,56,0.0967742
38423,62,56,0.0967742
38437,62,56,0.0967742
38453,62,56,0.0967742
38469,62,56,0.0967742
38485,62,56,0.0967742
38494,62,56,0.0967742
38508,62,56,0.0967742
38519,62,56,0.0967742
38535,62,56,0.0967742
38549,62,56,0.0967742
38560,62,56,0.0967742
38572,62,56,0.0967742
38584,62,56,0.0967742
38597,62,56,0.0967742
38615,62,56,0.0967742
38628,62,56,0.0967742
38643,62,56,0.0967742
38657,62,56,0.0967742
38671,62,56,0.0967742
38683,62,56,0.0967742
38695,62,56,0.0967742
38709,62,56,0.0967742
38720,62,56,0.0967742
38733,62,56,0.0967742
38747,62,56,0.0967742
38759,62,56,0.0967742
38771,62,56,0.0967742
38784,62,56,0.0967742
38795,62,56,0.0967742
38806,62,56,0.0967742
38822,62,56,0.0967742
38829,62,56,0.0967742
38846,62,56,0.0967742
38859,62,56,0.0967742
38872,62,56,0.0967742
38887,62,56,0.0967742
38901,62,56,0.0967742
38914,62,56,0.0967742
38927,62,56,0.0967742
38942,62,56,0.0967742
38951,62,56,0.0967742
38968,62,56,0.0967742
38982,62,56,0.0967742
38995,62,56,0.0967742
39009,62,56,0.0967742
39023,62,56,0.0967742
39036,62,56,0.0967742
39050,62,56,0.0967742
39063,62,56,0.0967742
39075,62,56,0.0967742
39085,62,56,0.0967742
39097,62,56,0.0967742
39105,62,56,0.0967742
39116,62,56,0.0967742
39130,62,56,0.0967742
39140,62,56,0.0967742
39155,62,56,0.0967742
39170,62,56,0.0967742
39181,62,56,0.0967742
39190,62,56,0.0967742
39203,62,56,0.0967742
39215,62,56,0.0967742
39229,62,56,0.0967742
39243,62,56,0.0967742
39257,62,56,0.0967742
39272,62,56,0.0967742
39284,62,56,0.0967742
39299,62,56,0.0967742
39310,62,56,0.0967742
39318,62,56,0.0967742
39333,62,56,0.0967742
39345,62,56,0.0967742
39355,62,56,0.0967742
39367,62,56,0.0967742
39382,62,56,0.0967742
39397,62,56,0.0967742
39407,62,56,0.0967742
39414,62,56,0.0967742
39425,62,56,0.0967742
39442,62,56,0.0967742
39451,62,56,0.0967742
39463,62,56,0.0967742
39479,62,56,0.0967742
39492,62,56,0.0967742
39505,62,56,0.0967742
39521,62,56,0.0967742
39534,62,56,0.0967742
39549,62,56,0.0967742
39562,62,56,0.0967742
39569,62,56,0.0967742
39584,62,56,0.0967742
39594,62,56,0.0967742
39610,62,56,0.0967742
39623,62,56,0.0967742
39638,62,56,0.0967742
39653,62,56,0.0967742
39662,62,56,0.0967742
39672,62,56,0.0967742
39688,62,56,0.0967742
39703,62,56,0.0967742
39713,62,56,0.0967742
39727,62,56,0.0967742
39741,62,56,0.0967742
39754,62,56,0.0967742
39764,62,56,0.0967742
39779,62,56,0.0967742
39793,62,56,0.0967742
39808,62,56,0.0967742
39819,62,56,0.0967742
39832,62,56,0.0967742
39848,62,56,0.0967742
39863,62,56,0.0967742
39874,62,56,0.0967742
39885,62,56,0.0967742
39895,62,56,0.0967742
39905,62,56,0.0967742
39920,62,56,0.0967742
39937,62,56,0.0967742
39952,62,56,0.0967742
39965,62,56,0.0967742
39975,62,56,0.0967742
39991,62,56,0.0967742
39998,62,56,0.0967742
40014,62,56,0.0967742
40026,62,56,0.0967742
40039,62,56,0.0967742
40051,62,56,0.0967742
40064,62,56,0.0967742
40079,62,56,0.0967742
40089,62,56,0.0967742
40100,62,56,0.0967742
40114,62,56,0.0967742
40127,62,56,0.0967742
40136,62,56,0.0967742
40150,62,56,0.0967742
40158,62,56,0.0967742
40174,62,56,0.0967742
40184,62,56,0.0967742
40199,62,56,0.0967742
40213,62,56,0.0967742
40228,62,56,0.0967742
40243,62,56,0.0967742
40257,62,56,0.0967742
40269,62,56,0.0967742
40282,62,56,0.0967742
40293,62,56,0.0967742
40308,62,56,0.0967742
40321,62,56,0.0967742
40336,62,56,0.0967742
40350,62,56,0.0967742
40365,62,56,0.0967742
40376,62,56,0.0967742
40385,62,56,0.0967742
40400,62,56,0.0967742
40410,62,56,0.0967742
40426,62,56,0.0967742
40439,62,56,0.0967742
40447,62,56,0.0967742
40455,62,56,0.0967742
40467,62,56,0.0967742
40482,62,56,0.0967742
40497,62,56,0.0967742
40513,62,56,0.0967742
40529,62,56,0.0967742
40540,62,56,0.0967742
40553,62,56,0.0967742
40565,62,56,0.0967742
40578,62,56,0.0967742
40592,62,56,0.0967742
40608,62,56,0.0967742
40618,62,56,0.0967742
40632,62,56,0.0967742
40646,62,56,0.0967742
40654,62,56,0.0967742
40665,62,56,0.0967742
40680,62,56,0.0967742
40695,62,56,0.0967742
40710,62,56,0.0967742
40723,62,56,0.0967742
40733,62,56,0.0967742
40748,62,56,0.0967742
40763,62,56,0.0967742
40771,62,56,0.0967742
40780,62,56,0.0967742
40795,62,56,0.0967742
40806,62,56,0.0967742
40817,62,56,0.0967742
40829,62,56,0.0967742
40844,62,56,0.0967742
40852,62,56,0.0967742
40861,62,56,0.0967742
40876,62,56,0.0967742
40890,62,56,0.0967742
40907,62,56,0.0967742
40922,62,56,0.0967742
40933,62,56,0.0967742
40945,62,56,0.0967742
40957,62,56,0.0967742
40969,62,56,0.0967742
40984,62,56,0.0967742
40992,62,56,0.0967742
41005,62,56,0.0967742
41018,62,56,0.0967742
41035,62,56,0.0967742
41049,62,56,0.0967742
41059,62,56,0.0967742
41070,62,56,0.0967742
41080,62,56,0.0967742
41095,62,56,0.0967742
41106,62,56,0.0967742
41121,62,56,0.0967742
41136,62,56,0.0967742
41147,62,56,0.0967742
41159,62,56,0.0967742
41173,62,56,0.0967742
41184,62,56,0.0967742
41195,62,56,0.0967742
41212,62,56,0.0967742
41224,62,56,0.0967742
41237,62,56,0.0967742
41253,62,56,0.0967742
41267,62,56,0.0967742
41280,62,56,0.0967742
41295,62,56,0.0967742
41305,62,56,0.0967742
41315,62,56,0.0967742
41331,62,56,0.0967742
41346,62,56,0.0967742
41360,62,56,0.0967742
41375,62,56,0.0967742
41383,62,56,0.0967742
41390,62,56,0.0967742
41401,62,56,0.0967742
41414,62,56,0.0967742
41424,62,56,0.0967742
41440,62,56,0.0967742
41453,62,56,0.0967742
41464,62,56,0.0967742
41479,62,56,0.0967742
41489,62,56,0.0967742
41497,62,56,0.0967742
41508,62,56,0.0967742
41522,62,56,0.0967742
41537,62,56,0.0967742
41551,62,56,0.0967742
41565,62,56,0.0967742
41581,62,56,0.0967742
41593,62,56,0.0967742
41606,62,56,0.0967742
41621,62,56,0.0967742
41629,62,56,0.0967742
41646,62,56,0.0967742
41660,62,56,0.0967742
41675,62,56,0.0967742
41685,62,56,0.0967742
41701,62,56,0.0967742
41712,62,56,0.0967742
41721,62,56,0.0967742
41734,62,56,0.0967742
41749,62,56,0.0967742
41761,62,56,0.0967742
41773,62,56,0.0967742
41786,62,56,0.0967742
41796,62,56,0.0967742
41808,62,56,0.0967742
41819,62,56,0.0967742
41833,62,56,0.0967742
41850,62,56,0.0967742
41862,62,56,0.0967742
41869,62,56,0.0967742
41884,62,56,0.0967742
41899,62,56,0.0967742
41915,62,56,0.0967742
41928,62,56,0.0967742
41939,62,56,0.0967742
41955,62,56,0.0967742
41974,62,56,0.0967742
41986,62,56,0.0967742
42002,62,56,0.0967742
42016,62,56,0.0967742
42028,62,56,0.0967742
42040,62,56,0.0967742
42055,62,56,0.0967742
42067,62,56,0.0967742
42082,62,56,0.0967742
42097,62,56,0.0967742
42111,62,56,0.0967742
42126,62,56,0.0967742
42138,62,56,0.0967742
42154,62,56,0.0967742
42169,62,56,0.0967742
42187,62,56,0.0967742
42198,62,56,0.0967742
42208,62,56,0.0967742
42217,62,56,0.0967742
42229,62,56,0.0967742
42246,62,56,0.0967742
42261,62,56,0.0967742
42273,62,56,0.0967742
42287,62,56,0.0967742
42303,62,56,0.0967742
42314,62,56,0.0967742
42330,62,56,0.0967742
42347,62,56,0.0967742
42362,62,56,0.0967742
42375,62,56,0.0967742
42390,62,56,0.0967742
42401,62,56,0.0967742
42416,62,56,0.0967742
42424,62,56,0.0967742
42434,62,56,0.0967742
42445,62,56,0.0967742
42460,62,56,0.0967742
42472,62,56,0.0967742
42483,62,56,0.0967742
42493,62,56,0.0967742
42510,62,56,0.0967742
42523,62,56,0.0967742
42535,62,56,0.0967742
42550,62,56,0.0967742
42563,62,56,0.0967742
42577,62,56,0.0967742
42589,62,56,0.0967742
42605,62,56,0.0967742
42623,62,56,0.0967742
42633,62,56,0.0967742
42651,62,56,0.0967742
42664,62,56,0.0967742
42680,62,56,0.0967742
42689,62,56,0.0967742
42703,62,56,0.0967742
42718,62,56,0.0967742
42729,62,56,0.0967742
42743,62,56,0.0967742
42754,62,56,0.0967742
42768,62,56,0.0967742
42784,62,56,0.0967742
42795,62,56,0.0967742
42811,62,56,0.0967742
42825,62,56,0.0967742
42838,62,56,0.0967742
42849,62,56,0.0967742
42857,62,56,0.0967742
42866,62,56,0.0967742
42880,62,56,0.0967742
42894,62,56,0.0967742
42905,62,56,0.0967742
42918,62,56,0.0967742
42932,62,56,0.0967742
42942,62,56,0.0967742
42959,62,56,0.0967742
42972,62,56,0.0967742
42987,62,56,0.0967742
43004,62,56,0.0967742
43017,62,56,0.0967742
43031,62,56,0.0967742
43042,62,56,0.0967742
43057,62,56,0.0967742
43071,62,56,0.0967742
43080,62,56,0.0967742
43093,62,56,0.0967742
43109,62,56,0.0967742
43116,62,56,0.0967742
43128,62,56,0.0967742
43144,62,56,0.0967742
43156,62,56,0.0967742
43175,62,56,0.0967742
43186,62,56,0.0967742
43201,62,56,0.0967742
43216,62,56,0.0967742
43228,62,56,0.0967742
43242,62,56,0.0967742
43255,62,56,0.0967742
43265,62,56,0.0967742
43280,62,56,0.0967742
43293,62,56,0.0967742
43307,62,56,0.0967742
43323,62,56,0.0967742
43340,62,56,0.0967742
43352,62,56,0.0967742
43368,62,56,0.0967742
43380,62,56,0.0967742
43395,62,56,0.0967742
43411,62,56,0.0967742
43421,62,56,0.0967742
43435,62,56,0.0967742
43450,62,56,0.0967742
43469,62,56,0.0967742
43484,62,56,0.0967742
43496,62,56,0.0967742
43515,62,56,0.0967742
43525,62,56,0.0967742
43539,62,56,0.0967742
43554,62,56,0.0967742
43570,62,56,0.0967742
43583,62,56,0.0967742
43596,62,56,0.0967742
43605,62,56,0.0967742
43620,62,56,0.0967742
43637,62,56,0.0967742
43649,62,56,0.0967742
43663,62,56,0.0967742
43680,62,56,0.0967742
43694,62,56,0.0967742
43708,62,56,0.0967742
43723,62,56,0.0967742
43733,62,56,0.0967742
43749,62,56,0.0967742
43763,62,56,0.0967742
43772,62,56,0.0967742
43784,62,56,0.0967742
43799,62,56,0.0967742
43808,62,56,0.0967742
43819,62,56,0.0967742
43834,62,56,0.0967742
43847,62,56,0.0967742
43860,62,56,0.0967742
43873,62,56,0.0967742
43883,62,56,0.0967742
43899,62,56,0.0967742
43909,62,56,0.0967742
43924,62,56,0.0967742
43936,62,56,0.0967742
43951,62,56,0.0967742
43963,62,56,0.0967742
43977,62,56,0.0967742
43990,62,56,0.0967742
44001,62,56,0.0967742
44014,62,56,0.0967742
44029,62,56,0.0967742
44045,62,56,0.0967742
44059,62,56,0.0967742
44072,62,56,0.0967742
44088,62,56,0.0967742
44101,62,56,0.0967742
44111,62,56,0.0967742
44128,62,56,0.0967742
44139,62,56,0.0967742
44153,62,56,0.0967742
44162,62,56,0.0967742
44178,62,56,0.0967742
44195,62,56,0.0967742
44208,62,56,0.0967742
44222,62,56,0.0967742
44234,62,56,0.0967742
44251,62,56,0.0967742
44263,62,56,0.0967742
44277,62,56,0.0967742
44289,62,56,0.0967742
44303,62,56,0.0967742
44316,62,56,0.0967742
44328,62,56,0.0967742
44341,62,56,0.0967742
44357,62,56,0.0967742
44364,62,56,0.0967742
44375,62,56,0.0967742
44388,62,56,0.0967742
44401,62,56,0.0967742
44416,62,56,0.0967742
44431,62,56,0.0967742
44445,62,56,0.0967742
44458,62,56,0.0967742
44470,62,56,0.0967742
44481,62,56,0.0967742
44489,62,56,0.0967742
44499,62,56,0.0967742
44515,62,56,0.0967742
44526,62,56,0.0967742
44539,62,56,0.0967742
44550,62,56,0.0967742
44562,62,56,0.0967742
44574,62,56,0.0967742
44583,62,56,0.0967742
44597,62,56,0.0967742
44610,62,56,0.0967742
44624,62,56,0.0967742
44641,62,56,0.0967742
44651,62,56,0.0967742
44659,62,56,0.0967742
44676,62,56,0.0967742
44692,62,56,0.0967742
44709,62,56,0.0967742
44717,62,56,0.0967742
44728,62,56,0.0967742
44744,62,56,0.0967742
44759,62,56,0.0967742
44770,62,56,0.0967742
44782,62,56,0.0967742
44798,62,56,0.0967742
44812,62,56,0.0967742
44826,62,56,0.0967742
44838,62,56,0.0967742
44853,62,56,0.0967742
44866,62,56,0.0967742
44880,62,56,0.0967742
44893,62,56,0.0967742
44905,62,56,0.0967742
44923,62,56,0.0967742
44939,62,56,0.0967742
44949,62,56,0.0967742
44961,62,56,0.0967742
44976,62,56,0.0967742
44990,62,56,0.0967742
44999,62,56,0.0967742
45016,62,56,0.0967742
45027,62,56,0.0967742
45038,62,56,0.0967742
45053,62,56,0.0967742
45068,62,56,0.0967742
45083,62,56,0.0967742
45098,62,56,0.0967742
45112,62,56,0.0967742
45122,62,56,0.0967742
45138,62,56,0.0967742
45154,62,56,0.0967742
45167,62,56,0.0967742
45180,62,56,0.0967742
45193,62,56,0.0967742
45208,62,56,0.0967742
45221,62,56,0.0967742
45237,62,56,0.0967742
45250,62,56,0.0967742
45261,62,56,0.0967742
45275,62,56,0.0967742
45290,62,56,0.0967742
45304,62,56,0.0967742
45318,62,56,0.0967742
45334,62,56,0.0967742
45349,62,56,0.0967742
45361,62,56,0.0967742
45377,62,56,0.0967742
45387,62,56,0.0967742
45404,62,56,0.0967742
45410,62,56,0.0967742
45423,62,56,0.0967742
45439,62,56,0.0967742
45456,62,56,0.0967742
45468,62,56,0.0967742
45481,62,56,0.0967742
45496,62,56,0.0967742
45513,62,56,0.0967742
45526,62,56,0.0967742
45537,62,56,0.0967742
45552,62,56,0.0967742
45567,62,56,0.0967742
45581,62,56,0.0967742
45594,62,56,0.0967742
45610,62,56,0.0967742
45626,62,56,0.0967742
45640,62,56,0.0967742
45650,62,56,0.0967742
45659,62,56,0.0967742
45668,62,56,0.0967742
45684,62,56,0.0967742
45698,62,56,0.0967742
45712,62,56,0.0967742
45723,62,56,0.0967742
45736,62,56,0.0967742
45753,62,56,0.0967742
45763,62,56,0.0967742
45778,62,56,0.0967742
45788,62,56,0.0967742
45800,62,56,0.0967742
45815,62,56,0.0967742
45828,62,56,0.0967742
45840,62,56,0.0967742
45855,62,56,0.0967742
45868,62,56,0.0967742
45881,62,56,0.0967742
45897,62,56,0.0967742
45913,62,56,0.0967742
45927,62,56,0.0967742
45939,62,56,0.0967742
45948,62,56,0.0967742
45956,62,56,0.0967742
45969,62,56,0.0967742
45981,62,56,0.0967742
45996,62,56,0.0967742
46013,62,56,0.0967742
46024,62,56,0.0967742
46039,62,56,0.0967742
46055,62,56,0.0967742
46065,62,56,0.0967742
46080,62,56,0.0967742
46097,62,56,0.0967742
46109,62,56,0.0967742
46116,62,56,0.0967742
46127,62,56,0.0967742
46141,62,56,0.0967742
46154,62,56,0.0967742
46166,62,56,0.0967742
46177,62,56,0.0967742
46189,62,56,0.0967742
46198,62,56,0.0967742
46205,62,56,0.0967742
46214,62,56,0.0967742
46231,62,56,0.0967742
46243,62,56,0.0967742
46258,62,56,0.0967742
46272,62,56,0.0967742
46279,62,56,0.0967742
46294,62,56,0.0967742
46308,62,56,0.0967742
46320,62,56,0.0967742
46335,62,56,0.0967742
46350,62,56,0.0967742
46365,62,56,0.0967742
46377,62,56,0.0967742
46387,62,56,0.0967742
46402,62,56,0.0967742
46415,62,56,0.0967742
46428,62,56,0.0967742
46442,62,56,0.0967742
46452,62,56,0.0967742
46463,62,56,0.0967742
46478,62,56,0.0967742
46491,62,56,0.0967742
46505,62,56,0.0967742
46522,62,56,0.0967742
46533,62,56,0.0967742
46547,62,56,0.0967742
46557,62,56,0.0967742
46570,62,56,0.0967742
46586,62,56,0.0967742
46596,62,56,0.0967742
46611,62,56,0.0967742
46626,62,56,0.0967742
46643,62,56,0.0967742
46656,62,56,0.0967742
46667,62,56,0.0967742
46679,62,56,0.0967742
46693,62,56,0.0967742
46707,62,56,0.0967742
46718,62,56,0.0967742
46731,62,56,0.0967742
46741,62,56,0.0967742
46753,62,56,0.0967742
46769,62,56,0.0967742
46781,62,56,0.0967742
46797,62,56,0.0967742
46810,62,56,0.0967742
46824,62,56,0.0967742
46835,62,56,0.0967742
46852,62,56,0.0967742
46868,62,56,0.0967742
46883,62,56,0.0967742
46902,62,56,0.0967742
46914,62,56,0.0967742
46923,62,56,0.0967742
46940,62,56,0.0967742
46956,62,56,0.0967742
46970,62,56,0.0967742
46984,62,56,0.0967742
46999,62,56,0.0967742
47016,62,56,0.0967742
47029,62,56,0.0967742
47041,62,56,0.0967742
47058,62,56,0.0967742
47072,62,56,0.0967742
47087,62,56,0.0967742
47099,62,56,0.0967742
47116,62,56,0.0967742
47131,62,56,0.0967742
47146,62,56,0.0967742
47161,62,56,0.0967742
47175,62,56,0.0967742
47184,62,56,0.0967742
47199,62,56,0.0967742
47213,62,56,0.0967742
47231,62,56,0.0967742
47242,62,56,0.0967742
47251,62,56,0.0967742
47267,62,56,0.0967742
47282,62,56,0.0967742
47297,62,56,0.0967742
47308,62,56,0.0967742
47323,62,56,0.0967742
47335,62,56,0.0967742
47351,62,56,0.0967742
47369,62,56,0.0967742
47379,62,56,0.0967742
47395,62,56,0.0967742
47406,62,56,0.0967742
47420,62,56,0.0967742
47433,62,56,0.0967742
47445,62,56,0.0967742
47461,62,56,0.0967742
47475,62,56,0.0967742
47492,62,56,0.0967742
47503,62,56,0.0967742
47519,62,56,0.0967742
47534,62,56,0.0967742
47546,62,56,0.0967742
47561,62,56,0.0967742
47574,62,56,0.0967742
47591,62,56,0.0967742
47604,62,56,0.0967742
47615,62,56,0.0967742
47627,62,56,0.0967742
47644,62,56,0.0967742
47655,62,56,0.0967742
47670,62,56,0.0967742
47687,62,56,0.0967742
47701,62,56,0.0967742
47713,62,56,0.0967742
47728,62,56,0.0967742
47740,62,56,0.0967742
47755,62,56,0.0967742
47766,62,56,0.0967742
47781,62,56,0.0967742
47795,62,56,0.0967742
47812,62,56,0.0967742
47827,62,56,0.0967742
47838,62,56,0.0967742
47846,62,56,0.0967742
47855,62,56,0.0967742
47871,62,56,0.0967742
47882,62,56,0.0967742
47892,62,56,0.0967742
47908,62,56,0.0967742
47921,62,56,0.0967742
47935,62,56,0.0967742
47951,62,56,0.0967742
47964,62,56,0.0967742
47979,62,56,0.0967742
47993,62,56,0.0967742
48009,62,56,0.0967742
48023,62,56,0.0967742
48041,62,56,0.0967742
48056,62,56,0.0967742
48072,62,56,0.0967742
48087,62,56,0.0967742
48099,62,56,0.0967742
48105,62,56,0.0967742
48120,62,56,0.0967742
48137,62,56,0.0967742
48146,62,56,0.0967742
48164,62,56,0.0967742
48177,62,56,0.0967742
48189,62,56,0.0967742
48204,62,56,0.0967742
48220,62,56,0.0967742
48234,62,56,0.0967742
48251,62,56,0.0967742
48266,62,56,0.0967742
48282,62,56,0.0967742
48295,62,56,0.0967742
48309,62,56,0.0967742
48324,62,56,0.0967742
48339,62,56,0.0967742
48355,62,56,0.0967742
48366,62,56,0.0967742
48381,62,56,0.0967742
48394,62,56,0.0967742
48412,62,56,0.0967742
48424,62,56,0.0967742
48440,62,56,0.0967742
48456,62,56,0.0967742
48471,62,56,0.0967742
48487,62,56,0.0967742
48499,62,56,0.0967742
48512,62,56,0.0967742
48530,62,56,0.0967742
48549,62,56,0.0967742
48558,62,56,0.0967742
48570,62,56,0.0967742
48586,62,56,0.0967742
48600,62,56,0.0967742
48616,62,56,0.0967742
48633,62,56,0.0967742
48649,62,56,0.0967742
48665,62,56,0.0967742
48676,62,56,0.0967742
48691,62,56,0.0967742
48705,62,56,0.0967742
48722,62,56,0.0967742
48737,62,56,0.0967742
48754,62,56,0.0967742
48766,62,56,0.0967742
48780,62,56,0.0967742
48795,62,56,0.0967742
48805,62,56,0.0967742
48818,62,56,0.0967742
48833,62,56,0.0967742
48850,62,56,0.0967742
48866,62,56,0.0967742
48881,62,56,0.0967742
48898,62,56,0.0967742
48912,62,56,0.0967742
48927,62,56,0.0967742
48942,62,56,0.0967742
48960,62,56,0.0967742
48974,62,56,0.0967742
48990,62,56,0.0967742
49000,62,56,0.0967742
49017,62,56,0.0967742
49025,62,56,0.0967742
49041,62,56,0.0967742
49055,62,56,0.0967742
49068,62,56,0.0967742
49082,62,56,0.0967742
49097,62,56,0.0967742
49107,62,56,0.0967742
49123,62,56,0.0967742
49138,62,56,0.0967742
49155,62,56,0.0967742
49170,62,56,0.0967742
49185,62,56,0.0967742
49199,62,56,0.0967742
49209,62,56,0.0967742
49221,62,56,0.0967742
49236,62,56,0.0967742
49249,62,56,0.0967742
49267,62,56,0.0967742
49282,62,56,0.0967742
49296,62,56,0.0967742
49308,62,56,0.0967742
49324,62,56,0.0967742
49342,62,56,0.0967742
49352,62,56,0.0967742
49364,62,56,0.0967742
49379,62,56,0.0967742
49395,62,56,0.0967742
49407,62,56,0.0967742
49422,62,56,0.0967742
49432,62,56,0.0967742
49449,62,56,0.0967742
49465,62,56,0.0967742
49477,62,56,0.0967742
49495,62,56,0.0967742
49511,62,56,0.0967742
49522,62,56,0.0967742
49535,62,56,0.0967742
49549,62,56,0.0967742
49567,62,56,0.0967742
49579,62,56,0.0967742
49591,62,56,0.0967742
49606,62,56,0.0967742
49616,62,56,0.0967742
49631,62,56,0.0967742
49638,62,56,0.0967742
49654,62,56,0.0967742
49670,62,56,0.0967742
49685,62,56,0.0967742
49702,62,56,0.0967742
49715,62,56,0.0967742
49729,62,56,0.0967742
49741,62,56,0.0967742
49756,62,56,0.0967742
49764,62,56,0.0967742
49778,62,56,0.0967742
49794,62,56,0.0967742
49810,62,56,0.0967742
49822,62,56,0.0967742
49836,62,56,0.0967742
49849,62,56,0.0967742
49862,62,56,0.0967742
49878,62,56,0.0967742
49890,62,56,0.0967742
49903,62,56,0.0967742
49919,62,56,0.0967742
49935,62,56,0.0967742
49943,62,56,0.0967742
49952,62,56,0.0967742
49968,62,56,0.0967742
49984,62,56,0.0967742
50001,62,56,0.0967742
50015,62,56,0.0967742
50029,62,56,0.0967742
50040,62,56,0.0967742
50053,62,56,0.0967742
50068,62,56,0.0967742
50084,62,56,0.0967742
50100,62,56,0.0967742
50112,62,56,0.0967742
50125,62,56,0.0967742
50141,62,56,0.0967742
50155,62,56,0.0967742
50166,62,56,0.0967742
50182,62,56,0.0967742
50201,62,56,0.0967742
50217,62,56,0.0967742
50234,62,56,0.0967742
50251,62,56,0.0967742
50267,62,56,0.0967742
50273,62,56,0.0967742
50287,62,56,0.0967742
50304,62,56,0.0967742
50320,62,56,0.0967742
50334,62,56,0.0967742
50346,62,56,0.0967742
50364,62,56,0.0967742
50377,62,56,0.0967742
50395,62,56,0.0967742
50406,62,56,0.0967742
50422,62,56,0.0967742
50438,62,56,0.0967742
50454,62,56,0.0967742
50467,62,56,0.0967742
50487,62,56,0.0967742
50501,62,56,0.0967742
50515,62,56,0.0967742
50532,62,56,0.0967742
50549,62,56,0.0967742
50567,62,56,0.0967742
50583,62,56,0.0967742
50598,62,56,0.0967742
50612,62,56,0.0967742
50631,62,56,0.0967742
50644,62,56,0.0967742
50660,62,56,0.0967742
50681,62,56,0.0967742
50696,62,56,0.0967742
50708,62,56,0.0967742
50720,62,56,0.0967742
50732,62,56,0.0967742
50746,62,56,0.0967742
50766,62,56,0.0967742
50779,62,56,0.0967742
50796,62,56,0.0967742
50813,62,56,0.0967742
50829,62,56,0.0967742
50845,62,56,0.0967742
50857,62,56,0.0967742
50868,62,56,0.0967742
50880,62,56,0.0967742
50896,62,56,0.0967742
50913,62,56,0.0967742
50931,62,56,0.0967742
50947,62,56,0.0967742
50962,62,56,0.0967742
50979,62,56,0.0967742
50995,62,56,0.0967742
51010,62,56,0.0967742
51022,62,56,0.0967742
51038,62,56,0.0967742
51055,62,56,0.0967742
51070,62,56,0.0967742
51085,62,56,0.0967742
51102,62,56,0.0967742
51117,62,56,0.0967742
51132,62,56,0.0967742
51148,62,56,0.0967742
51162,62,56,0.0967742
51180,62,56,0.0967742
51194,62,56,0.0967742
51212,62,56,0.0967742
51225,62,56,0.0967742
51240,62,56,0.0967742
51257,62,56,0.0967742
51272,62,56,0.0967742
51282,62,56,0.0967742
51296,62,56,0.0967742
51306,62,56,0.0967742
51316,62,56,0.0967742
51330,62,56,0.0967742
51348,62,56,0.0967742
51359,62,56,0.0967742
51373,62,56,0.0967742
51392,62,56,0.0967742
51409,62,56,0.0967742
51422,62,56,0.0967742
51437,62,56,0.0967742
51453,62,56,0.0967742
51468,62,56,0.0967742
51483,62,56,0.0967742
51498,62,56,0.0967742
51512,62,56,0.0967742
51526,62,56,0.0967742
51544,62,56,0.0967742
51556,62,56,0.0967742
51570,62,56,0.0967742
51587,62,56,0.0967742
51599,62,56,0.0967742
51610,62,56,0.0967742
51631,62,56,0.0967742
51653,62,56,0.0967742
51673,62,56,0.0967742
51690,62,56,0.0967742
51712,62,56,0.0967742
51730,62,56,0.0967742
51749,62,56,0.0967742
51762,62,56,0.0967742
51779,62,56,0.0967742
51790,62,56,0.0967742
51803,62,56,0.0967742
51817,62,56,0.0967742
51834,62,56,0.0967742
51855,62,56,0.0967742
51868,62,56,0.0967742
51884,62,56,0.0967742
51902,62,56,0.0967742
51914,62,56,0.0967742
51930,62,56,0.0967742
51940,62,56,0.0967742
51954,62,56,0.0967742
51972,62,56,0.0967742
51990,62,56,0.0967742
52008,62,56,0.0967742
52025,62,56,0.0967742
52039,62,56,0.0967742
52052,62,56,0.0967742
52069,62,56,0.0967742
52083,62,56,0.0967742
52102,62,56,0.0967742
52111,62,56,0.0967742
52125,62,56,0.0967742
52137,62,56,0.0967742
52157,62,56,0.0967742
52173,62,56,0.0967742
52190,62,56,0.0967742
52209,62,56,0.0967742
52227,62,56,0.0967742
52241,62,56,0.0967742
52256,62,56,0.0967742
52266,62,56,0.0967742
52282,62,56,0.0967742
52300,62,56,0.0967742
52317,62,56,0.0967742
52333,62,56,0.0967742
52345,62,56,0.0967742
52366,62,56,0.0967742
52382,62,56,0.0967742
52394,62,56,0.0967742
52411,62,56,0.0967742
52428,62,56,0.0967742
52443,62,56,0.0967742
52455,62,56,0.0967742
52473,62,56,0.0967742
52490,62,56,0.0967742
52508,62,56,0.0967742
52525,62,56,0.0967742
52538,62,56,0.0967742
52555,62,56,0.0967742
52572,62,56,0.0967742
52588,62,56,0.0967742
52605,62,56,0.0967742
52625,62,56,0.0967742
52640,62,56,0.0967742
52653,62,56,0.0967742
52670,62,56,0.0967742
52683,62,56,0.0967742
52697,62,56,0.0967742
52715,62,56,0.0967742
52729,62,56,0.0967742
52741,62,56,0.0967742
52759,62,56,0.0967742
52776,62,56,0.0967742
52790,62,56,0.0967742
52801,62,56,0.0967742
52816,62,56,0.0967742
52831,62,56,0.0967742
52844,62,56,0.0967742
52858,62,56,0.0967742
52869,62,56,0.0967742
52880,62,56,0.0967742
52896,62,56,0.0967742
52906,62,56,0.0967742
52924,62,56,0.0967742
52941,62,56,0.0967742
52955,62,56,0.0967742
52973,62,56,0.0967742
52983,62,56,0.0967742
52994,62,56,0.0967742
53009,62,56,0.0967742
53022,62,56,0.0967742
53038,62,56,0.0967742
53049,62,56,0.0967742
53066,62,56,0.0967742
53083,62,56,0.0967742
53101,62,56,0.0967742
53114,62,56,0.0967742
53125,62,56,0.0967742
53142,62,56,0.0967742
53155,62,56,0.0967742
53174,62,56,0.0967742
53189,62,56,0.0967742
53205,62,56,0.0967742
53224,62,56,0.0967742
53240,62,56,0.0967742
53251,62,56,0.0967742
53271,62,56,0.0967742
53285,62,56,0.0967742
53301,62,56,0.0967742
53310,62,56,0.0967742
53323,62,56,0.0967742
53336,62,56,0.0967742
53353,62,56,0.0967742
53370,62,56,0.0967742
53384,62,56,0.0967742
53400,62,56,0.0967742
53414,62,56,0.0967742
53424,62,56,0.0967742
53438,62,56,0.0967742
53448,62,56,0.0967742
53458,62,56,0.0967742
53472,62,56,0.0967742
53488,62,56,0.0967742
53503,62,56,0.0967742
53520,62,56,0.0967742
53534,62,56,0.0967742
53547,62,56,0.0967742
53566,62,56,0.0967742
53584,62,56,0.0967742
53593,62,56,0.0967742
53604,62,56,0.0967742
53620,62,56,0.0967742
53637,62,56,0.0967742
53655,62,56,0.0967742
53671,62,56,0.0967742
53689,62,56,0.0967742
53705,62,56,0.0967742
53717,62,56,0.0967742
53736,62,56,0.0967742
53748,62,56,0.0967742
53758,62,56,0.0967742
53771,62,56,0.0967742
53788,62,56,0.0967742
53804,62,56,0.0967742
53815,62,56,0.0967742
53831,62,56,0.0967742
53850,62,56,0.0967742
53860,62,56,0.0967742
53876,62,56,0.0967742
53893,62,56,0.0967742
53911,62,56,0.0967742
53930,62,56,0.0967742
53945,62,56,0.0967742
53962,62,56,0.0967742
53979,62,56,0.0967742
53993,62,56,0.0967742
54008,62,56,0.0967742
54021,62,56,0.0967742
54037,62,56,0.0967742
54054,62,56,0.0967742
54070,62,56,0.0967742
54081,62,56,0.0967742
54101,62,56,0.0967742
54112,62,56,0.0967742
54127,62,56,0.0967742
54142,62,56,0.0967742
54156,62,56,0.0967742
54164,62,56,0.0967742
54183,62,56,0.0967742
54197,62,56,0.0967742
54205,62,56,0.0967742
54219,62,56,0.0967742
54237,62,56,0.0967742
54248,62,56,0.0967742
54263,62,56,0.0967742
54279,62,56,0.0967742
54297,62,56,0.0967742
54312,62,56,0.0967742
54327,62,56,0.0967742
54342,62,56,0.0967742
54355,62,56,0.0967742
54370,62,56,0.0967742
54383,62,56,0.0967742
54394,62,56,0.0967742
54412,62,56,0.0967742
54428,62,56,0.0967742
54443,62,56,0.0967742
54456,62,56,0.0967742
54467,62,56,0.0967742
54483,62,56,0.0967742
54503,62,56,0.0967742
54512,62,56,0.0967742
54529,62,56,0.0967742
54538,62,56,0.0967742
54556,62,56,0.0967742
54567,62,56,0.0967742
54582,62,56,0.0967742
54597,62,56,0.0967742
54613,62,56,0.0967742
54631,62,56,0.0967742
54645,62,56,0.0967742
54656,62,56,0.0967742
54667,62,56,0.0967742
54689,62,56,0.0967742
54702,62,56,0.0967742
54717,62,56,0.0967742
54734,62,56,0.0967742
54753,62,56,0.0967742
54772,62,56,0.0967742
54783,62,56,0.0967742
54801,62,56,0.0967742
54812,62,56,0.0967742
54830,62,56,0.0967742
54846,62,56,0.0967742
54861,62,56,0.0967742
54874,62,56,0.0967742
54890,62,56,0.0967742
54906,62,56,0.0967742
54926,62,56,0.0967742
54943,62,56,0.0967742
54955,62,56,0.0967742
54965,62,56,0.0967742
54983,62,56,0.0967742
54999,62,56,0.0967742
55014,62,56,0.0967742
55035,62,56,0.0967742
55050,62,56,0.0967742
55065,62,56,0.0967742
55082,62,56,0.0967742
55097,62,56,0.0967742
55116,62,56,0.0967742
55127,62,56,0.0967742
55141,62,56,0.0967742
55155,62,56,0.0967742
55167,62,56,0.0967742
55180,62,56,0.0967742
55195,62,56,0.0967742
55211,62,56,0.0967742
55223,62,56,0.0967742
55237,62,56,0.0967742
55255,62,56,0.0967742
55263,62,56,0.0967742
55282,62,56,0.0967742
55292,62,56,0.0967742
55309,62,56,0.0967742
55324,62,56,0.0967742
55342,62,56,0.0967742
55363,62,56,0.0967742
55372,62,56,0.0967742
55391,62,56,0.0967742
55410,62,56,0.0967742
55423,62,56,0.0967742
55441,62,56,0.0967742
55458,62,56,0.0967742
55472,62,56,0.0967742
55487,62,56,0.0967742
55499,62,56,0.0967742
55517,62,56,0.0967742
55532,62,56,0.0967742
55549,62,56,0.0967742
55562,62,56,0.0967742
55576,62,56,0.0967742
55591,62,56,0.0967742
55608,62,56,0.0967742
55621,62,56,0.0967742
55639,62,56,0.0967742
55655,62,56,0.0967742
55674,62,56,0.0967742
55691,62,56,0.0967742
55708,62,56,0.0967742
55726,62,56,0.0967742
55740,62,56,0.0967742
55754,62,56,0.0967742
55771,62,56,0.0967742
55790,62,56,0.0967742
55812,62,56,0.0967742
55833,62,56,0.0967742
55849,62,56,0.0967742
55865,62,56,0.0967742
55883,62,56,0.0967742
55900,62,56,0.0967742
55921,62,56,0.0967742
55938,62,56,0.0967742
55952,62,56,0.0967742
55969,62,56,0.0967742
55987,62,56,0.0967742
56003,62,56,0.0967742
56021,62,56,0.0967742
56039,62,56,0.0967742
56053,62,56,0.0967742
56069,62,56,0.0967742
56088,62,56,0.0967742
56102,62,56,0.0967742
56123,62,56,0.0967742
56142,62,56,0.0967742
56160,62,56,0.0967742
56175,62,56,0.0967742
56194,62,56,0.0967742
56210,62,56,0.0967742
56233,62,56,0.0967742
56249,62,56,0.0967742
56272,62,56,0.0967742
56289,62,56,0.0967742
56310,62,56,0.0967742
56329,62,56,0.0967742
56348,62,56,0.0967742
56365,62,56,0.0967742
56378,62,56,0.0967742
56395,62,56,0.0967742
56409,62,56,0.0967742
56428,62,56,0.0967742
56443,62,56,0.0967742
56464,62,56,0.0967742
56481,62,56,0.0967742
56496,62,56,0.0967742
56508,62,56,0.0967742
56529,62,56,0.0967742
56546,62,56,0.0967742
56557,62,56,0.0967742
56575,62,56,0.0967742
56598,62,56,0.0967742
56620,62,56,0.0967742
56640,62,56,0.0967742
56662,62,56,0.0967742
56682,62,56,0.0967742
56700,62,56,0.0967742
56718,62,56,0.0967742
56737,62,56,0.0967742
56751,62,56,0.0967742
56763,62,56,0.0967742
56783,62,56,0.0967742
56797,62,56,0.0967742
56817,62,56,0.0967742
56834,62,56,0.0967742
56848,62,56,0.0967742
56866,62,56,0.0967742
56882,62,56,0.0967742
56898,62,56,0.0967742
56915,62,56,0.0967742
56932,62,56,0.0967742
56947,62,56,0.0967742
56967,62,56,0.0967742
56986,62,56,0.0967742
57005,62,56,0.0967742
57018,62,56,0.0967742
57037,62,56,0.0967742
57049,62,56,0.0967742
57067,62,56,0.0967742
57084,62,56,0.0967742
57105,62,56,0.0967742
57122,62,56,0.0967742
57133,62,56,0.0967742
57150,62,56,0.0967742
57165,62,56,0.0967742
57182,62,56,0.0967742
57200,62,56,0.0967742
57219,62,56,0.0967742
57235,62,56,0.0967742
57248,62,56,0.0967742
57263,62,56,0.0967742
57277,62,56,0.0967742
57297,62,56,0.0967742
57312,62,56,0.0967742
57331,62,56,0.0967742
57350,62,56,0.0967742
57367,62,56,0.0967742
57385,62,56,0.0967742
57405,62,56,0.0967742
57420,62,56,0.0967742
57439,62,56,0.0967742
57456,62,56,0.0967742
57475,62,56,0.0967742
57491,62,56,0.0967742
57502,62,56,0.0967742
57519,62,56,0.0967742
57536,62,56,0.0967742
57551,62,56,0.0967742
57568,62,56,0.0967742
57581,62,56,0.0967742
57599,62,56,0.0967742
57615,62,56,0.0967742
57635,62,56,0.0967742
57645,62,56,0.0967742
57661,62,56,0.0967742
57674,62,56,0.0967742
57692,62,56,0.0967742
57705,62,56,0.0967742
57716,62,56,0.0967742
57731,62,56,0.0967742
57746,62,56,0.0967742
57765,62,56,0.0967742
57787,62,56,0.0967742
57809,62,56,0.0967742
57827,62,56,0.0967742
57845,62,56,0.0967742
57859,62,56,0.0967742
57875,62,56,0.0967742
57897,62,56,0.0967742
57919,62,56,0.0967742
57936,62,56,0.0967742
57955,62,56,0.0967742
57976,62,56,0.0967742
57990,62,56,0.0967742
58007,62,56,0.0967742
58025,62,56,0.0967742
58040,62,56,0.0967742
58057,62,56,0.0967742
58075,62,56,0.0967742
58090,62,56,0.0967742
58105,62,56,0.0967742
58125,62,56,0.0967742
58140,62,56,0.0967742
58158,62,56,0.0967742
58172,62,56,0.0967742
58185,62,56,0.0967742
58201,62,56,0.0967742
58218,62,56,0.0967742
58238,62,56,0.0967742
58255,62,56,0.0967742
58273,62,56,0.0967742
58294,62,56,0.0967742
58309,62,56,0.0967742
58326,62,56,0.0967742
58347,62,56,0.0967742
58363,62,56,0.0967742
58381,62,56,0.0967742
58399,62,56,0.0967742
58419,62,56,0.0967742
58440,62,56,0.0967742
58457,62,56,0.0967742
58477,62,56,0.0967742
58496,62,56,0.0967742
58511,62,56,0.0967742
58530,62,56,0.0967742
58549,62,56,0.0967742
58566,62,56,0.0967742
58580,62,56,0.0967742
58593,62,56,0.0967742
58612,62,56,0.0967742
58627,62,56,0.0967742
58639,62,56,0.0967742
58654,62,56,0.0967742
58672,62,56,0.0967742
58686,62,56,0.0967742
58704,62,56,0.0967742
58723,62,56,0.0967742
58742,62,56,0.0967742
58762,62,56,0.0967742
58778,62,56,0.0967742
58793,62,56,0.0967742
58812,62,56,0.0967742
58823,62,56,0.0967742
58840,62,56,0.0967742
58856,62,56,0.0967742
58873,62,56,0.0967742
58893,62,56,0.0967742
58910,62,56,0.0967742
58928,62,56,0.0967742
58943,62,56,0.0967742
58956,62,56,0.0967742
58977,62,56,0.0967742
58992,62,56,0.0967742
59009,62,56,0.0967742
59028,62,56,0.0967742
59046,62,56,0.0967742
59066,62,56,0.0967742
59084,62,56,0.0967742
59102,62,56,0.0967742
59123,62,56,0.0967742
59143,62,56,0.0967742
59158,62,56,0.0967742
59173,62,56,0.0967742
59190,62,56,0.0967742
59209,62,56,0.0967742
59224,62,56,0.0967742
59237,62,56,0.0967742
59255,62,56,0.0967742
59272,62,56,0.0967742
59290,62,56,0.0967742
59296,62,56,0.0967742
59315,62,56,0.0967742
59327,62,56,0.0967742
59342,62,56,0.0967742
59358,62,56,0.0967742
59369,62,56,0.0967742
59383,62,56,0.0967742
59404,62,56,0.0967742
59411,62,56,0.0967742
59431,62,56,0.0967742
59447,62,56,0.0967742
59464,62,56,0.0967742
59480,62,56,0.0967742
59498,62,56,0.0967742
59516,62,56,0.0967742
59537,62,56,0.0967742
59549,62,56,0.0967742
59568,62,56,0.0967742
59575,62,56,0.0967742
59586,62,56,0.0967742
59603,62,56,0.0967742
59619,62,56,0.0967742
59637,62,56,0.0967742
59651,62,56,0.0967742
59663,62,56,0.0967742
59672,62,56,0.0967742
59692,62,56,0.0967742
59711,62,56,0.0967742
59729,62,56,0.0967742
59749,62,56,0.0967742
59766,62,56,0.0967742
59788,62,56,0.0967742
59809,62,56,0.0967742
59828,62,56,0.0967742
59843,62,56,0.0967742
59856,62,56,0.0967742
59878,62,56,0.0967742
59889,62,56,0.0967742
59904,62,56,0.0967742
59922,62,56,0.0967742
59935,62,56,0.0967742
59953,62,56,0.0967742
59973,62,56,0.0967742
59987,62,56,0.0967742
60117,62,56,0.0967742
