time_ms,ub,lb,gap
5,56,50,0.107143
5,56,50,0.107143
6,56,50,0.107143
6,56,50,0.107143
7,56,50,0.107143
8,56,50,0.107143
8,56,50,0.107143
9,56,50,0.107143
9,56,50,0.107143
10,56,50,0.107143
10,56,50,0.107143
11,56,50,0.107143
11,56,50,0.107143
12,56,50,0.107143
12,56,50,0.107143
13,56,50,0.107143
13,56,50,0.107143
13,56,50,0.107143
14,56,50,0.107143
14,56,50,0.107143
15,56,50,0.107143
15,56,50,0.107143
16,56,50,0.107143
16,56,50,0.107143
17,56,50,0.107143
17,56,50,0.107143
18,56,50,0.107143
18,56,50,0.107143
19,56,50,0.107143
19,56,50,0.107143
20,56,50,0.107143
20,56,50,0.107143
21,56,50,0.107143
21,56,50,0.107143
22,56,50,0.107143
22,56,50,0.107143
23,56,50,0.107143
23,56,50,0.107143
24,56,50,0.107143
24,56,50,0.107143
25,56,50,0.107143
25,56,50,0.107143
26,56,50,0.107143
26,55,50,0.0909091
26,55,50,0.0909091
27,55,50,0.0909091
27,55,50,0.0909091
27,55,50,0.0909091
27,55,50,0.0909091
27,55,50,0.0909091
27,55,50,0.0909091
28,55,50,0.0909091
28,55,50,0.0909091
29,55,50,0.0909091
29,55,50,0.0909091
30,55,50,0.0909091
30,55,50,0.0909091
30,55,50,0.0909091
31,55,50,0.0909091
31,55,50,0.0909091
32,55,50,0.0909091
32,55,50,0.0909091
33,55,50,0.0909091
33,55,50,0.0909091
34,55,50,0.0909091
34,55,50,0.0909091
35,55,50,0.0909091
35,55,50,0.0909091
36,55,50,0.0909091
36,55,50,0.0909091
37,55,50,0.0909091
37,55,50,0.0909091
37,55,50,0.0909091
38,55,50,0.0909091
38,55,50,0.0909091
39,55,50,0.0909091
39,55,50,0.0909091
40,55,50,0.0909091
40,55,50,0.0909091
41,55,50,0.0909091
41,55,50,0.0909091
42,55,50,0.0909091
42,55,50,0.0909091
43,55,50,0.0909091
43,55,50,0.0909091
44,55,50,0.0909091
44,55,50,0.0909091
45,55,50,0.0909091
45,55,50,0.0909091
46,55,50,0.0909091
46,55,50,0.0909091
47,55,50,0.0909091
47,55,50,0.0909091
48,55,50,0.0909091
48,55,50,0.0909091
49,55,50,0.0909091
49,55,50,0.0909091
50,55,50,0.0909091
50,55,50,0.0909091
51,55,50,0.0909091
51,55,50,0.0909091
52,55,50,0.0909091
52,55,50,0.0909091
53,55,50,0.0909091
54,55,50,0.0909091
54,55,50,0.0909091
55,55,50,0.0909091
55,55,50,0.0909091
56,55,50,0.0909091
56,55,50,0.0909091
57,55,50,0.0909091
57,55,50,0.0909091
58,55,50,0.0909091
58,55,50,0.0909091
59,55,50,0.0909091
60,55,50,0.0909091
60,55,50,0.0909091
61,55,50,0.0909091
61,55,50,0.0909091
62,55,50,0.0909091
62,55,50,0.0909091
63,55,50,0.0909091
64,55,50,0.0909091
64,55,50,0.0909091
65,55,50,0.0909091
65,55,50,0.0909091
66,55,50,0.0909091
66,55,50,0.0909091
67,55,50,0.0909091
67,55,50,0.0909091
68,55,50,0.0909091
69,55,50,0.0909091
69,55,50,0.0909091
70,55,50,0.0909091
70,55,50,0.0909091
71,55,50,0.0909091
71,55,50,0.0909091
72,55,50,0.0909091
72,55,50,0.0909091
73,55,50,0.0909091
74,55,50,0.0909091
74,55,50,0.0909091
75,55,50,0.0909091
75,55,50,0.0909091
76,55,50,0.0909091
76,55,50,0.0909091
77,55,50,0.0909091
77,55,50,0.0909091
78,55,50,0.0909091
78,55,50,0.0909091
79,55,50,0.0909091
80,55,50,0.0909091
80,55,50,0.0909091
81,55,50,0.0909091
81,55,50,0.0909091
82,55,50,0.0909091
82,55,50,0.0909091
83,55,50,0.0909091
83,55,50,0.0909091
84,55,50,0.0909091
85,55,50,0.0909091
85,55,50,0.0909091
86,55,50,0.0909091
86,55,50,0.0909091
87,55,50,0.0909091
87,55,50,0.0909091
88,55,50,0.0909091
89,55,50,0.0909091
89,55,50,0.0909091
90,55,50,0.0909091
90,55,50,0.0909091
91,55,50,0.0909091
91,55,50,0.0909091
92,55,50,0.0909091
92,55,50,0.0909091
93,55,50,0.0909091
94,55,50,0.0909091
94,55,50,0.0909091
95,55,50,0.0909091
95,55,50,0.0909091
96,55,50,0.0909091
96,55,50,0.0909091
97,55,50,0.0909091
98,55,50,0.0909091
98,55,50,0.0909091
99,55,50,0.0909091
99,55,50,0.0909091
100,55,50,0.0909091
100,55,50,0.0909091
101,55,50,0.0909091
102,55,50,0.0909091
102,55,50,0.0909091
103,55,50,0.0909091
103,55,50,0.0909091
104,55,50,0.0909091
105,55,50,0.0909091
105,55,50,0.0909091
106,55,50,0.0909091
106,55,50,0.0909091
107,55,50,0.0909091
108,55,50,0.0909091
108,55,50,0.0909091
109,55,50,0.0909091
109,55,50,0.0909091
110,55,50,0.0909091
111,55,50,0.0909091
111,55,50,0.0909091
112,55,50,0.0909091
112,55,50,0.0909091
113,55,50,0.0909091
114,55,50,0.0909091
114,55,50,0.0909091
115,55,50,0.0909091
115,55,50,0.0909091
116,55,50,0.0909091
117,55,50,0.0909091
117,55,50,0.0909091
118,55,50,0.0909091
119,55,50,0.0909091
119,55,50,0.0909091
120,55,50,0.0909091
120,55,50,0.0909091
121,55,50,0.0909091
121,55,50,0.0909091
122,55,50,0.0909091
123,55,50,0.0909091
123,55,50,0.0909091
124,55,50,0.0909091
124,55,50,0.0909091
125,55,50,0.0909091
126,55,50,0.0909091
126,55,50,0.0909091
127,55,50,0.0909091
128,55,50,0.0909091
128,55,50,0.0909091
129,55,50,0.0909091
129,55,50,0.0909091
130,55,50,0.0909091
131,55,50,0.0909091
131,55,50,0.0909091
132,55,50,0.0909091
132,55,50,0.0909091
133,55,50,0.0909091
134,55,50,0.0909091
134,55,50,0.0909091
135,55,50,0.0909091
136,55,50,0.0909091
136,55,50,0.0909091
137,55,50,0.0909091
137,55,50,0.0909091
138,55,50,0.0909091
139,55,50,0.0909091
140,55,50,0.0909091
140,55,50,0.0909091
141,55,50,0.0909091
142,55,50,0.0909091
142,55,50,0.0909091
143,55,50,0.0909091
144,55,50,0.0909091
144,55,50,0.0909091
145,55,50,0.0909091
146,55,50,0.0909091
146,55,50,0.0909091
147,55,50,0.0909091
147,55,50,0.0909091
148,55,50,0.0909091
149,55,50,0.0909091
149,55,50,0.0909091
150,55,50,0.0909091
151,55,50,0.0909091
151,55,50,0.0909091
152,55,50,0.0909091
152,55,50,0.0909091
153,55,50,0.0909091
154,55,50,0.0909091
154,55,50,0.0909091
155,55,50,0.0909091
156,55,50,0.0909091
156,55,50,0.0909091
157,55,50,0.0909091
157,55,50,0.0909091
158,55,50,0.0909091
159,55,50,0.0909091
159,55,50,0.0909091
160,55,50,0.0909091
160,55,50,0.0909091
161,55,50,0.0909091
162,55,50,0.0909091
162,55,50,0.0909091
163,55,50,0.0909091
164,55,50,0.0909091
164,55,50,0.0909091
165,55,50,0.0909091
165,55,50,0.0909091
166,55,50,0.0909091
167,55,50,0.0909091
167,55,50,0.0909091
168,55,50,0.0909091
168,55,50,0.0909091
169,55,50,0.0909091
170,55,50,0.0909091
170,55,50,0.0909091
171,55,50,0.0909091
172,55,50,0.0909091
172,55,50,0.0909091
173,55,50,0.0909091
173,55,50,0.0909091
174,55,50,0.0909091
175,55,50,0.0909091
175,55,50,0.0909091
176,55,50,0.0909091
177,55,50,0.0909091
177,55,50,0.0909091
178,55,50,0.0909091
179,55,50,0.0909091
179,55,50,0.0909091
180,55,50,0.0909091
181,55,50,0.0909091
181,55,50,0.0909091
182,55,50,0.0909091
183,55,50,0.0909091
183,55,50,0.0909091
184,55,50,0.0909091
185,55,50,0.0909091
185,55,50,0.0909091
186,55,50,0.0909091
186,55,50,0.0909091
187,55,50,0.0909091
188,55,50,0.0909091
188,55,50,0.0909091
189,55,50,0.0909091
189,55,50,0.0909091
190,55,50,0.0909091
191,55,50,0.0909091
192,55,50,0.0909091
192,55,50,0.0909091
193,55,50,0.0909091
194,55,50,0.0909091
194,55,50,0.0909091
195,55,50,0.0909091
195,55,50,0.0909091
196,55,50,0.0909091
197,55,50,0.0909091
197,55,50,0.0909091
198,55,50,0.0909091
199,55,50,0.0909091
199,55,50,0.0909091
200,55,50,0.0909091
201,55,50,0.0909091
201,55,50,0.0909091
202,55,50,0.0909091
203,55,50,0.0909091
203,55,50,0.0909091
204,55,50,0.0909091
205,55,50,0.0909091
205,55,50,0.0909091
206,55,50,0.0909091
207,55,50,0.0909091
207,55,50,0.0909091
208,55,50,0.0909091
209,55,50,0.0909091
209,55,50,0.0909091
210,55,50,0.0909091
210,55,50,0.0909091
211,55,50,0.0909091
212,55,50,0.0909091
212,55,50,0.0909091
213,55,50,0.0909091
214,55,50,0.0909091
214,55,50,0.0909091
215,55,50,0.0909091
216,55,50,0.0909091
216,55,50,0.0909091
217,55,50,0.0909091
217,55,50,0.0909091
218,55,50,0.0909091
219,55,50,0.0909091
219,55,50,0.0909091
220,55,50,0.0909091
221,55,50,0.0909091
221,55,50,0.0909091
222,55,50,0.0909091
223,55,50,0.0909091
223,55,50,0.0909091
224,55,50,0.0909091
225,55,50,0.0909091
225,55,50,0.0909091
226,55,50,0.0909091
227,55,50,0.0909091
227,55,50,0.0909091
228,55,50,0.0909091
229,55,50,0.0909091
229,55,50,0.0909091
230,55,50,0.0909091
231,55,50,0.0909091
231,55,50,0.0909091
232,55,50,0.0909091
233,55,50,0.0909091
233,55,50,0.0909091
234,55,50,0.0909091
235,55,50,0.0909091
235,55,50,0.0909091
236,55,50,0.0909091
237,55,50,0.0909091
237,55,50,0.0909091
238,55,50,0.0909091
239,55,50,0.0909091
239,55,50,0.0909091
240,55,50,0.0909091
241,55,50,0.0909091
241,55,50,0.0909091
242,55,50,0.0909091
243,55,50,0.0909091
243,55,50,0.0909091
244,55,50,0.0909091
245,55,50,0.0909091
245,55,50,0.0909091
246,55,50,0.0909091
247,55,50,0.0909091
247,55,50,0.0909091
248,55,50,0.0909091
249,55,50,0.0909091
249,55,50,0.0909091
250,55,50,0.0909091
251,55,50,0.0909091
251,55,50,0.0909091
252,55,50,0.0909091
253,55,50,0.0909091
254,55,50,0.0909091
254,55,50,0.0909091
255,55,50,0.0909091
256,55,50,0.0909091
256,55,50,0.0909091
257,55,50,0.0909091
258,55,50,0.0909091
258,55,50,0.0909091
259,55,50,0.0909091
260,55,50,0.0909091
260,55,50,0.0909091
261,55,50,0.0909091
262,55,50,0.0909091
262,55,50,0.0909091
263,55,50,0.0909091
264,55,50,0.0909091
264,55,50,0.0909091
265,55,50,0.0909091
266,55,50,0.0909091
266,55,50,0.0909091
267,55,50,0.0909091
268,55,50,0.0909091
268,55,50,0.0909091
269,55,50,0.0909091
270,55,50,0.0909091
270,55,50,0.0909091
271,55,50,0.0909091
272,55,50,0.0909091
272,55,50,0.0909091
273,55,50,0.0909091
274,55,50,0.0909091
274,55,50,0.0909091
275,55,50,0.0909091
276,55,50,0.0909091
276,55,50,0.0909091
277,55,50,0.0909091
278,55,50,0.0909091
278,55,50,0.0909091
279,55,50,0.0909091
280,55,50,0.0909091
280,55,50,0.0909091
281,55,50,0.0909091
282,55,50,0.0909091
282,55,50,0.0909091
283,55,50,0.0909091
284,55,50,0.0909091
284,55,50,0.0909091
285,55,50,0.0909091
286,55,50,0.0909091
286,55,50,0.0909091
287,55,50,0.0909091
288,55,50,0.0909091
288,55,50,0.0909091
289,55,50,0.0909091
290,55,50,0.0909091
291,55,50,0.0909091
291,55,50,0.0909091
292,55,50,0.0909091
293,55,50,0.0909091
293,55,50,0.0909091
294,55,50,0.0909091
295,55,50,0.0909091
295,55,50,0.0909091
296,55,50,0.0909091
297,55,50,0.0909091
297,55,50,0.0909091
298,55,50,0.0909091
299,55,50,0.0909091
299,55,50,0.0909091
300,55,50,0.0909091
301,55,50,0.0909091
302,55,50,0.0909091
302,55,50,0.0909091
303,55,50,0.0909091
304,55,50,0.0909091
304,55,50,0.0909091
305,55,50,0.0909091
306,55,50,0.0909091
306,55,50,0.0909091
307,55,50,0.0909091
308,55,50,0.0909091
308,55,50,0.0909091
309,55,50,0.0909091
310,55,50,0.0909091
310,55,50,0.0909091
311,55,50,0.0909091
312,55,50,0.0909091
312,55,50,0.0909091
313,55,50,0.0909091
314,55,50,0.0909091
314,55,50,0.0909091
315,55,50,0.0909091
316,55,50,0.0909091
317,55,50,0.0909091
317,55,50,0.0909091
318,55,50,0.0909091
319,55,50,0.0909091
319,55,50,0.0909091
320,55,50,0.0909091
321,55,50,0.0909091
321,55,50,0.0909091
322,55,50,0.0909091
323,55,50,0.0909091
323,55,50,0.0909091
324,55,50,0.0909091
325,55,50,0.0909091
326,55,50,0.0909091
326,55,50,0.0909091
327,55,50,0.0909091
328,55,50,0.0909091
328,55,50,0.0909091
329,55,50,0.0909091
330,55,50,0.0909091
330,55,50,0.0909091
331,55,50,0.0909091
332,55,50,0.0909091
332,55,50,0.0909091
333,55,50,0.0909091
334,55,50,0.0909091
334,55,50,0.0909091
335,55,50,0.0909091
336,55,50,0.0909091
336,55,50,0.0909091
337,55,50,0.0909091
338,55,50,0.0909091
338,55,50,0.0909091
339,55,50,0.0909091
340,55,50,0.0909091
340,55,50,0.0909091
341,55,50,0.0909091
342,55,50,0.0909091
343,55,50,0.0909091
343,55,50,0.0909091
344,55,50,0.0909091
345,55,50,0.0909091
345,55,50,0.0909091
346,55,50,0.0909091
347,55,50,0.0909091
347,55,50,0.0909091
348,55,50,0.0909091
349,55,50,0.0909091
349,55,50,0.0909091
350,55,50,0.0909091
351,55,50,0.0909091
351,55,50,0.0909091
352,55,50,0.0909091
353,55,50,0.0909091
353,55,50,0.0909091
354,55,50,0.0909091
355,55,50,0.0909091
356,55,50,0.0909091
356,55,50,0.0909091
357,55,50,0.0909091
358,55,50,0.0909091
359,55,50,0.0909091
359,55,50,0.0909091
360,55,50,0.0909091
361,55,50,0.0909091
361,55,50,0.0909091
362,55,50,0.0909091
363,55,50,0.0909091
363,55,50,0.0909091
364,55,50,0.0909091
365,55,50,0.0909091
366,55,50,0.0909091
366,55,50,0.0909091
367,55,50,0.0909091
368,55,50,0.0909091
368,55,50,0.0909091
369,55,50,0.0909091
370,55,50,0.0909091
370,55,50,0.0909091
371,55,50,0.0909091
372,55,50,0.0909091
372,55,50,0.0909091
373,55,50,0.0909091
374,55,50,0.0909091
374,55,50,0.0909091
375,55,50,0.0909091
376,55,50,0.0909091
377,55,50,0.0909091
377,55,50,0.0909091
378,55,50,0.0909091
379,55,50,0.0909091
379,55,50,0.0909091
380,55,50,0.0909091
381,55,50,0.0909091
381,55,50,0.0909091
382,55,50,0.0909091
383,55,50,0.0909091
384,55,50,0.0909091
384,55,50,0.0909091
385,55,50,0.0909091
386,55,50,0.0909091
386,55,50,0.0909091
387,55,50,0.0909091
388,55,50,0.0909091
388,55,50,0.0909091
389,55,50,0.0909091
390,55,50,0.0909091
390,55,50,0.0909091
391,55,50,0.0909091
392,55,50,0.0909091
393,55,50,0.0909091
393,55,50,0.0909091
394,55,50,0.0909091
395,55,50,0.0909091
395,55,50,0.0909091
396,55,50,0.0909091
397,55,50,0.0909091
398,55,50,0.0909091
398,55,50,0.0909091
399,55,50,0.0909091
400,55,50,0.0909091
401,55,50,0.0909091
401,55,50,0.0909091
402,55,50,0.0909091
403,55,50,0.0909091
403,55,50,0.0909091
404,55,50,0.0909091
405,55,50,0.0909091
406,55,50,0.0909091
406,55,50,0.0909091
407,55,50,0.0909091
408,55,50,0.0909091
408,55,50,0.0909091
409,55,50,0.0909091
410,55,50,0.0909091
411,55,50,0.0909091
411,55,50,0.0909091
412,55,50,0.0909091
413,55,50,0.0909091
413,55,50,0.0909091
414,55,50,0.0909091
415,55,50,0.0909091
415,55,50,0.0909091
416,55,50,0.0909091
417,55,50,0.0909091
417,55,50,0.0909091
418,55,50,0.0909091
419,55,50,0.0909091
420,55,50,0.0909091
420,55,50,0.0909091
421,55,50,0.0909091
422,55,50,0.0909091
423,55,50,0.0909091
423,55,50,0.0909091
424,55,50,0.0909091
425,55,50,0.0909091
425,55,50,0.0909091
426,55,50,0.0909091
427,55,50,0.0909091
428,55,50,0.0909091
429,55,50,0.0909091
429,55,50,0.0909091
430,55,50,0.0909091
431,55,50,0.0909091
431,55,50,0.0909091
432,55,50,0.0909091
433,55,50,0.0909091
434,55,50,0.0909091
435,55,50,0.0909091
436,55,50,0.0909091
436,55,50,0.0909091
437,55,50,0.0909091
438,55,50,0.0909091
439,55,50,0.0909091
439,55,50,0.0909091
440,55,50,0.0909091
441,55,50,0.0909091
442,55,50,0.0909091
443,55,50,0.0909091
443,55,50,0.0909091
444,55,50,0.0909091
445,55,50,0.0909091
446,55,50,0.0909091
446,55,50,0.0909091
447,55,50,0.0909091
448,55,50,0.0909091
449,55,50,0.0909091
449,55,50,0.0909091
450,55,50,0.0909091
451,55,50,0.0909091
452,55,50,0.0909091
452,55,50,0.0909091
453,55,50,0.0909091
454,55,50,0.0909091
455,55,50,0.0909091
456,55,50,0.0909091
456,55,50,0.0909091
457,55,50,0.0909091
458,55,50,0.0909091
459,55,50,0.0909091
459,55,50,0.0909091
460,55,50,0.0909091
461,55,50,0.0909091
462,55,50,0.0909091
462,55,50,0.0909091
463,55,50,0.0909091
464,55,50,0.0909091
464,55,50,0.0909091
465,55,50,0.0909091
466,55,50,0.0909091
467,55,50,0.0909091
467,55,50,0.0909091
468,55,50,0.0909091
469,55,50,0.0909091
469,55,50,0.0909091
470,55,50,0.0909091
471,55,50,0.0909091
472,55,50,0.0909091
472,55,50,0.0909091
473,55,50,0.0909091
474,55,50,0.0909091
474,55,50,0.0909091
475,55,50,0.0909091
476,55,50,0.0909091
477,55,50,0.0909091
477,55,50,0.0909091
478,55,50,0.0909091
479,55,50,0.0909091
480,55,50,0.0909091
480,55,50,0.0909091
481,55,50,0.0909091
482,55,50,0.0909091
483,55,50,0.0909091
483,55,50,0.0909091
484,55,50,0.0909091
485,55,50,0.0909091
486,55,50,0.0909091
486,55,50,0.0909091
487,55,50,0.0909091
488,55,50,0.0909091
489,55,50,0.0909091
489,55,50,0.0909091
490,55,50,0.0909091
491,55,50,0.0909091
491,55,50,0.0909091
492,55,50,0.0909091
493,55,50,0.0909091
494,55,50,0.0909091
494,55,50,0.0909091
495,55,50,0.0909091
496,55,50,0.0909091
497,55,50,0.0909091
497,55,50,0.0909091
498,55,50,0.0909091
499,55,50,0.0909091
500,55,50,0.0909091
500,55,50,0.0909091
501,55,50,0.0909091
502,55,50,0.0909091
503,55,50,0.0909091
503,55,50,0.0909091
504,55,50,0.0909091
505,55,50,0.0909091
506,55,50,0.0909091
506,55,50,0.0909091
507,55,50,0.0909091
508,55,50,0.0909091
508,55,50,0.0909091
509,55,50,0.0909091
510,55,50,0.0909091
511,55,50,0.0909091
512,55,50,0.0909091
512,55,50,0.0909091
513,55,50,0.0909091
514,55,50,0.0909091
515,55,50,0.0909091
515,55,50,0.0909091
516,55,50,0.0909091
517,55,50,0.0909091
517,55,50,0.0909091
518,55,50,0.0909091
519,55,50,0.0909091
520,55,50,0.0909091
520,55,50,0.0909091
521,55,50,0.0909091
522,55,50,0.0909091
523,55,50,0.0909091
523,55,50,0.0909091
524,55,50,0.0909091
525,55,50,0.0909091
526,55,50,0.0909091
526,55,50,0.0909091
527,55,50,0.0909091
528,55,50,0.0909091
528,55,50,0.0909091
529,55,50,0.0909091
530,55,50,0.0909091
531,55,50,0.0909091
531,55,50,0.0909091
532,55,50,0.0909091
533,55,50,0.0909091
534,55,50,0.0909091
534,55,50,0.0909091
535,55,50,0.0909091
536,55,50,0.0909091
537,55,50,0.0909091
537,55,50,0.0909091
538,55,50,0.0909091
539,55,50,0.0909091
540,55,50,0.0909091
541,55,50,0.0909091
541,55,50,0.0909091
542,55,50,0.0909091
543,55,50,0.0909091
544,55,50,0.0909091
544,55,50,0.0909091
545,55,50,0.0909091
546,55,50,0.0909091
547,55,50,0.0909091
547,55,50,0.0909091
548,55,50,0.0909091
549,55,50,0.0909091
550,55,50,0.0909091
551,55,50,0.0909091
551,55,50,0.0909091
552,55,50,0.0909091
553,55,50,0.0909091
554,55,50,0.0909091
554,55,50,0.0909091
555,55,50,0.0909091
556,55,50,0.0909091
557,55,50,0.0909091
557,55,50,0.0909091
558,55,50,0.0909091
559,55,50,0.0909091
560,55,50,0.0909091
561,55,50,0.0909091
561,55,50,0.0909091
562,55,50,0.0909091
563,55,50,0.0909091
564,55,50,0.0909091
564,55,50,0.0909091
565,55,50,0.0909091
566,55,50,0.0909091
567,55,50,0.0909091
567,55,50,0.0909091
568,55,50,0.0909091
569,55,50,0.0909091
570,55,50,0.0909091
570,55,50,0.0909091
571,55,50,0.0909091
572,55,50,0.0909091
573,55,50,0.0909091
574,55,50,0.0909091
575,55,50,0.0909091
575,55,50,0.0909091
576,55,50,0.0909091
577,55,50,0.0909091
578,55,50,0.0909091
578,55,50,0.0909091
579,55,50,0.0909091
580,55,50,0.0909091
581,55,50,0.0909091
582,55,50,0.0909091
583,55,50,0.0909091
583,55,50,0.0909091
584,55,50,0.0909091
585,55,50,0.0909091
586,55,50,0.0909091
587,55,50,0.0909091
587,55,50,0.0909091
588,55,50,0.0909091
589,55,50,0.0909091
590,55,50,0.0909091
591,55,50,0.0909091
592,55,50,0.0909091
592,55,50,0.0909091
593,55,50,0.0909091
594,55,50,0.0909091
595,55,50,0.0909091
596,55,50,0.0909091
597,55,50,0.0909091
598,55,50,0.0909091
598,55,50,0.0909091
599,55,50,0.0909091
600,55,50,0.0909091
601,55,50,0.0909091
602,55,50,0.0909091
603,55,50,0.0909091
604,55,50,0.0909091
605,55,50,0.0909091
606,55,50,0.0909091
607,55,50,0.0909091
608,55,50,0.0909091
609,55,50,0.0909091
610,55,50,0.0909091
611,55,50,0.0909091
612,55,50,0.0909091
613,55,50,0.0909091
614,55,50,0.0909091
615,55,50,0.0909091
616,55,50,0.0909091
617,55,50,0.0909091
618,55,50,0.0909091
619,55,50,0.0909091
620,55,50,0.0909091
621,55,50,0.0909091
623,55,50,0.0909091
623,54,50,0.0740741
624,54,50,0.0740741
625,54,50,0.0740741
625,54,50,0.0740741
626,54,50,0.0740741
626,54,50,0.0740741
626,54,50,0.0740741
627,54,50,0.0740741
627,54,50,0.0740741
627,54,50,0.0740741
627,54,50,0.0740741
627,54,50,0.0740741
628,54,50,0.0740741
628,54,50,0.0740741
628,54,50,0.0740741
629,54,50,0.0740741
629,54,50,0.0740741
630,54,50,0.0740741
630,54,50,0.0740741
630,54,50,0.0740741
631,54,50,0.0740741
631,54,50,0.0740741
631,54,50,0.0740741
632,54,50,0.0740741
632,54,50,0.0740741
632,54,50,0.0740741
632,54,50,0.0740741
633,54,50,0.0740741
633,54,50,0.0740741
634,54,50,0.0740741
634,54,50,0.0740741
635,54,50,0.0740741
635,54,50,0.0740741
635,54,50,0.0740741
635,54,50,0.0740741
635,54,50,0.0740741
636,54,50,0.0740741
636,54,50,0.0740741
636,54,50,0.0740741
637,54,50,0.0740741
637,54,50,0.0740741
638,54,50,0.0740741
638,54,50,0.0740741
638,54,50,0.0740741
638,54,50,0.0740741
638,54,50,0.0740741
639,54,50,0.0740741
639,54,50,0.0740741
639,54,50,0.0740741
640,54,50,0.0740741
640,54,50,0.0740741
641,54,50,0.0740741
641,54,50,0.0740741
641,54,50,0.0740741
642,54,50,0.0740741
642,54,50,0.0740741
642,54,50,0.0740741
643,54,50,0.0740741
643,54,50,0.0740741
643,54,50,0.0740741
644,54,50,0.0740741
645,54,50,0.0740741
645,54,50,0.0740741
645,54,50,0.0740741
646,54,50,0.0740741
646,54,50,0.0740741
646,54,50,0.0740741
647,54,50,0.0740741
647,54,50,0.0740741
648,54,50,0.0740741
648,54,50,0.0740741
648,54,50,0.0740741
649,54,50,0.0740741
649,54,50,0.0740741
650,54,50,0.0740741
650,54,50,0.0740741
650,54,50,0.0740741
651,54,50,0.0740741
651,54,50,0.0740741
652,54,50,0.0740741
652,54,50,0.0740741
652,54,50,0.0740741
653,54,50,0.0740741
653,54,50,0.0740741
653,54,50,0.0740741
654,54,50,0.0740741
654,54,50,0.0740741
655,54,50,0.0740741
655,54,50,0.0740741
655,54,50,0.0740741
656,54,50,0.0740741
656,54,50,0.0740741
656,54,50,0.0740741
657,54,50,0.0740741
657,54,50,0.0740741
658,54,50,0.0740741
658,54,50,0.0740741
658,54,50,0.0740741
659,54,50,0.0740741
659,54,50,0.0740741
660,54,50,0.0740741
660,54,50,0.0740741
660,54,50,0.0740741
661,54,50,0.0740741
661,54,50,0.0740741
661,54,50,0.0740741
662,54,50,0.0740741
662,54,50,0.0740741
663,54,50,0.0740741
663,54,50,0.0740741
663,54,50,0.0740741
664,54,50,0.0740741
664,54,50,0.0740741
665,54,50,0.0740741
665,54,50,0.0740741
665,54,50,0.0740741
666,54,50,0.0740741
666,54,50,0.0740741
667,54,50,0.0740741
667,54,50,0.0740741
667,54,50,0.0740741
668,54,50,0.0740741
668,54,50,0.0740741
669,54,50,0.0740741
669,54,50,0.0740741
669,54,50,0.0740741
670,54,50,0.0740741
670,54,50,0.0740741
671,54,50,0.0740741
671,54,50,0.0740741
671,54,50,0.0740741
672,54,50,0.0740741
672,54,50,0.0740741
673,54,50,0.0740741
673,54,50,0.0740741
674,54,50,0.0740741
674,54,50,0.0740741
674,54,50,0.0740741
675,54,50,0.0740741
675,54,50,0.0740741
676,54,50,0.0740741
676,54,50,0.0740741
676,54,50,0.0740741
677,54,50,0.0740741
677,54,50,0.0740741
678,54,50,0.0740741
678,54,50,0.0740741
679,54,50,0.0740741
679,54,50,0.0740741
680,54,50,0.0740741
680,54,50,0.0740741
680,54,50,0.0740741
681,54,50,0.0740741
681,54,50,0.0740741
682,54,50,0.0740741
682,54,50,0.0740741
683,54,50,0.0740741
683,54,50,0.0740741
684,54,50,0.0740741
684,54,50,0.0740741
684,54,50,0.0740741
685,54,50,0.0740741
685,54,50,0.0740741
686,54,50,0.0740741
686,54,50,0.0740741
686,54,50,0.0740741
687,54,50,0.0740741
687,54,50,0.0740741
688,54,50,0.0740741
688,54,50,0.0740741
689,54,50,0.0740741
689,54,50,0.0740741
689,54,50,0.0740741
690,54,50,0.0740741
690,54,50,0.0740741
691,54,50,0.0740741
691,54,50,0.0740741
691,54,50,0.0740741
692,54,50,0.0740741
692,54,50,0.0740741
693,54,50,0.0740741
693,54,50,0.0740741
693,54,50,0.0740741
694,54,50,0.0740741
694,54,50,0.0740741
695,54,50,0.0740741
695,54,50,0.0740741
696,54,50,0.0740741
696,54,50,0.0740741
696,54,50,0.0740741
697,54,50,0.0740741
697,54,50,0.0740741
698,54,50,0.0740741
698,54,50,0.0740741
699,54,50,0.0740741
699,54,50,0.0740741
699,54,50,0.0740741
700,54,50,0.0740741
700,54,50,0.0740741
701,54,50,0.0740741
701,54,50,0.0740741
702,54,50,0.0740741
702,54,50,0.0740741
702,54,50,0.0740741
703,54,50,0.0740741
703,54,50,0.0740741
704,54,50,0.0740741
704,54,50,0.0740741
705,54,50,0.0740741
705,54,50,0.0740741
705,54,50,0.0740741
706,54,50,0.0740741
706,54,50,0.0740741
707,54,50,0.0740741
707,54,50,0.0740741
708,54,50,0.0740741
708,54,50,0.0740741
709,54,50,0.0740741
709,54,50,0.0740741
710,54,50,0.0740741
710,54,50,0.0740741
711,54,50,0.0740741
711,54,50,0.0740741
712,54,50,0.0740741
712,54,50,0.0740741
712,54,50,0.0740741
713,54,50,0.0740741
713,54,50,0.0740741
714,54,50,0.0740741
714,54,50,0.0740741
715,54,50,0.0740741
715,54,50,0.0740741
716,54,50,0.0740741
716,54,50,0.0740741
717,54,50,0.0740741
717,54,50,0.0740741
717,54,50,0.0740741
718,54,50,0.0740741
718,54,50,0.0740741
719,54,50,0.0740741
719,54,50,0.0740741
720,54,50,0.0740741
720,54,50,0.0740741
721,54,50,0.0740741
721,54,50,0.0740741
722,54,50,0.0740741
722,54,50,0.0740741
723,54,50,0.0740741
723,54,50,0.0740741
724,54,50,0.0740741
724,54,50,0.0740741
725,54,50,0.0740741
725,54,50,0.0740741
726,54,50,0.0740741
726,54,50,0.0740741
727,54,50,0.0740741
727,54,50,0.0740741
728,54,50,0.0740741
728,54,50,0.0740741
729,54,50,0.0740741
730,54,50,0.0740741
730,54,50,0.0740741
731,54,50,0.0740741
732,54,50,0.0740741
732,54,50,0.0740741
733,54,50,0.0740741
733,54,50,0.0740741
734,54,50,0.0740741
734,54,50,0.0740741
735,54,50,0.0740741
736,54,50,0.0740741
736,54,50,0.0740741
737,54,50,0.0740741
737,54,50,0.0740741
738,54,50,0.0740741
739,54,50,0.0740741
739,54,50,0.0740741
740,54,50,0.0740741
740,54,50,0.0740741
741,54,50,0.0740741
742,54,50,0.0740741
742,54,50,0.0740741
743,54,50,0.0740741
743,54,50,0.0740741
744,54,50,0.0740741
745,54,50,0.0740741
745,54,50,0.0740741
746,54,50,0.0740741
747,54,50,0.0740741
747,54,50,0.0740741
748,54,50,0.0740741
748,54,50,0.0740741
749,54,50,0.0740741
750,54,50,0.0740741
750,54,50,0.0740741
751,54,50,0.0740741
751,54,50,0.0740741
752,54,50,0.0740741
753,54,50,0.0740741
753,54,50,0.0740741
754,54,50,0.0740741
754,54,50,0.0740741
755,54,50,0.0740741
756,54,50,0.0740741
756,54,50,0.0740741
757,54,50,0.0740741
757,54,50,0.0740741
758,54,50,0.0740741
758,54,50,0.0740741
759,54,50,0.0740741
760,54,50,0.0740741
760,54,50,0.0740741
761,54,50,0.0740741
762,54,50,0.0740741
762,54,50,0.0740741
763,54,50,0.0740741
763,54,50,0.0740741
764,54,50,0.0740741
764,54,50,0.0740741
765,54,50,0.0740741
766,54,50,0.0740741
767,54,50,0.0740741
767,54,50,0.0740741
768,54,50,0.0740741
768,54,50,0.0740741
770,54,50,0.0740741
771,54,50,0.0740741
772,54,50,0.0740741
773,54,50,0.0740741
774,54,50,0.0740741
776,54,50,0.0740741
777,54,50,0.0740741
778,54,50,0.0740741
779,54,50,0.0740741
780,54,50,0.0740741
781,54,50,0.0740741
783,54,50,0.0740741
784,54,50,0.0740741
785,54,50,0.0740741
785,54,50,0.0740741
786,54,50,0.0740741
787,54,50,0.0740741
788,54,50,0.0740741
789,54,50,0.0740741
789,54,50,0.0740741
791,54,50,0.0740741
792,54,50,0.0740741
793,54,50,0.0740741
794,54,50,0.0740741
796,54,50,0.0740741
797,54,50,0.0740741
799,54,50,0.0740741
800,54,50,0.0740741
802,54,50,0.0740741
803,54,50,0.0740741
805,54,50,0.0740741
806,54,50,0.0740741
808,54,50,0.0740741
809,54,50,0.0740741
811,54,50,0.0740741
813,54,50,0.0740741
814,54,50,0.0740741
816,54,50,0.0740741
818,54,50,0.0740741
820,54,50,0.0740741
822,54,50,0.0740741
823,54,50,0.0740741
825,54,50,0.0740741
827,54,50,0.0740741
829,54,50,0.0740741
831,54,50,0.0740741
833,54,50,0.0740741
835,54,50,0.0740741
837,54,50,0.0740741
839,54,50,0.0740741
841,54,50,0.0740741
843,54,50,0.0740741
845,54,50,0.0740741
847,54,50,0.0740741
850,54,50,0.0740741
852,54,50,0.0740741
854,54,50,0.0740741
856,54,50,0.0740741
858,54,50,0.0740741
861,54,50,0.0740741
863,54,50,0.0740741
865,54,50,0.0740741
868,54,50,0.0740741
870,54,50,0.0740741
872,54,50,0.0740741
874,54,50,0.0740741
877,54,50,0.0740741
879,54,50,0.0740741
881,54,50,0.0740741
884,54,50,0.0740741
886,54,50,0.0740741
888,54,50,0.0740741
891,54,50,0.0740741
893,54,50,0.0740741
896,54,50,0.0740741
898,54,50,0.0740741
900,54,50,0.0740741
903,54,50,0.0740741
905,54,50,0.0740741
908,54,50,0.0740741
910,54,50,0.0740741
913,54,50,0.0740741
915,54,50,0.0740741
918,54,50,0.0740741
920,54,50,0.0740741
923,54,50,0.0740741
925,54,50,0.0740741
928,54,50,0.0740741
930,54,50,0.0740741
933,54,50,0.0740741
935,54,50,0.0740741
938,54,50,0.0740741
941,54,50,0.0740741
943,54,50,0.0740741
946,54,50,0.0740741
948,54,50,0.0740741
951,54,50,0.0740741
954,54,50,0.0740741
956,54,50,0.0740741
959,54,50,0.0740741
961,54,50,0.0740741
964,54,50,0.0740741
967,54,50,0.0740741
970,54,50,0.0740741
972,54,50,0.0740741
975,54,50,0.0740741
978,54,50,0.0740741
981,54,50,0.0740741
984,54,50,0.0740741
987,54,50,0.0740741
990,54,50,0.0740741
992,54,50,0.0740741
995,54,50,0.0740741
998,54,50,0.0740741
1002,54,50,0.0740741
1005,54,50,0.0740741
1008,54,50,0.0740741
1011,54,50,0.0740741
1014,54,50,0.0740741
1017,54,50,0.0740741
1020,54,50,0.0740741
1023,54,50,0.0740741
1026,54,50,0.0740741
1029,54,50,0.0740741
1032,54,50,0.0740741
1035,54,50,0.0740741
1038,54,50,0.0740741
1041,54,50,0.0740741
1044,54,50,0.0740741
1047,54,50,0.0740741
1050,54,50,0.0740741
1053,54,50,0.0740741
1057,54,50,0.0740741
1060,54,50,0.0740741
1063,54,50,0.0740741
1066,54,50,0.0740741
1069,54,50,0.0740741
1072,54,50,0.0740741
1075,54,50,0.0740741
1078,54,50,0.0740741
1081,54,50,0.0740741
1084,54,50,0.0740741
1088,54,50,0.0740741
1091,54,50,0.0740741
1094,54,50,0.0740741
1097,54,50,0.0740741
1100,54,50,0.0740741
1104,54,50,0.0740741
1107,54,50,0.0740741
1110,54,50,0.0740741
1113,54,50,0.0740741
1117,54,50,0.0740741
1120,54,50,0.0740741
1123,54,50,0.0740741
1126,54,50,0.0740741
1130,54,50,0.0740741
1133,54,50,0.0740741
1137,54,50,0.0740741
1140,54,50,0.0740741
1144,54,50,0.0740741
1147,54,50,0.0740741
1150,54,50,0.0740741
1154,54,50,0.0740741
1158,54,50,0.0740741
1161,54,50,0.0740741
1165,54,50,0.0740741
1168,54,50,0.0740741
1172,54,50,0.0740741
1175,54,50,0.0740741
1179,54,50,0.0740741
1182,54,50,0.0740741
1186,54,50,0.0740741
1189,54,50,0.0740741
1193,54,50,0.0740741
1196,54,50,0.0740741
1200,54,50,0.0740741
1204,54,50,0.0740741
1207,54,50,0.0740741
1211,54,50,0.0740741
1214,54,50,0.0740741
1218,54,50,0.0740741
1221,54,50,0.0740741
1225,54,50,0.0740741
1229,54,50,0.0740741
1232,54,50,0.0740741
1236,54,50,0.0740741
1240,54,50,0.0740741
1243,54,50,0.0740741
1247,54,50,0.0740741
1251,54,50,0.0740741
1255,54,50,0.0740741
1258,54,50,0.0740741
1262,54,50,0.0740741
1266,54,50,0.0740741
1270,54,50,0.0740741
1273,54,50,0.0740741
1277,54,50,0.0740741
1281,54,50,0.0740741
1284,54,50,0.0740741
1288,54,50,0.0740741
1292,54,50,0.0740741
1295,54,50,0.0740741
1299,54,50,0.0740741
1303,54,50,0.0740741
1307,54,50,0.0740741
1311,54,50,0.0740741
1314,54,50,0.0740741
1318,54,50,0.0740741
1322,54,50,0.0740741
1326,54,50,0.0740741
1330,54,50,0.0740741
1334,54,50,0.0740741
1338,54,50,0.0740741
1342,54,50,0.0740741
1345,54,50,0.0740741
1349,54,50,0.0740741
1353,54,50,0.0740741
1356,54,50,0.0740741
1360,54,50,0.0740741
1364,54,50,0.0740741
1368,54,50,0.0740741
1372,54,50,0.0740741
1376,54,50,0.0740741
1380,54,50,0.0740741
1384,54,50,0.0740741
1388,54,50,0.0740741
1391,54,50,0.0740741
1396,54,50,0.0740741
1400,54,50,0.0740741
1404,54,50,0.0740741
1407,54,50,0.0740741
1411,54,50,0.0740741
1415,54,50,0.0740741
1419,54,50,0.0740741
1423,54,50,0.0740741
1427,54,50,0.0740741
1431,54,50,0.0740741
1435,54,50,0.0740741
1439,54,50,0.0740741
1443,54,50,0.0740741
1447,54,50,0.0740741
1451,54,50,0.0740741
1455,54,50,0.0740741
1459,54,50,0.0740741
1463,54,50,0.0740741
1467,54,50,0.0740741
1471,54,50,0.0740741
1475,54,50,0.0740741
1479,54,50,0.0740741
1483,54,50,0.0740741
1487,54,50,0.0740741
1491,54,50,0.0740741
1495,54,50,0.0740741
1499,54,50,0.0740741
1503,54,50,0.0740741
1507,54,50,0.0740741
1510,54,50,0.0740741
1514,54,50,0.0740741
1519,54,50,0.0740741
1523,54,50,0.0740741
1527,54,50,0.0740741
1531,54,50,0.0740741
1535,54,50,0.0740741
1539,54,50,0.0740741
1543,54,50,0.0740741
1547,54,50,0.0740741
1551,54,50,0.0740741
1555,54,50,0.0740741
1559,54,50,0.0740741
1564,54,50,0.0740741
1568,54,50,0.0740741
1572,54,50,0.0740741
1576,54,50,0.0740741
1580,54,50,0.0740741
1584,54,50,0.0740741
1588,54,50,0.0740741
1592,54,50,0.0740741
1596,54,50,0.0740741
1600,54,50,0.0740741
1605,54,50,0.0740741
1609,54,50,0.0740741
1613,54,50,0.0740741
1617,54,50,0.0740741
1621,54,50,0.0740741
1625,54,50,0.0740741
1629,54,50,0.0740741
1633,54,50,0.0740741
1637,54,50,0.0740741
1641,54,50,0.0740741
1645,54,50,0.0740741
1649,54,50,0.0740741
1654,54,50,0.0740741
1658,54,50,0.0740741
1662,54,50,0.0740741
1667,54,50,0.0740741
1671,54,50,0.0740741
1675,54,50,0.0740741
1680,54,50,0.0740741
1684,54,50,0.0740741
1688,54,50,0.0740741
1693,54,50,0.0740741
1696,54,50,0.0740741
1700,54,50,0.0740741
1704,54,50,0.0740741
1708,54,50,0.0740741
1712,54,50,0.0740741
1716,54,50,0.0740741
1720,54,50,0.0740741
1724,54,50,0.0740741
1728,54,50,0.0740741
1731,54,50,0.0740741
1733,54,50,0.0740741
1737,54,50,0.0740741
1741,54,50,0.0740741
1745,54,50,0.0740741
1748,54,50,0.0740741
1752,54,50,0.0740741
1756,54,50,0.0740741
1760,54,50,0.0740741
1763,54,50,0.0740741
1764,54,50,0.0740741
1767,54,50,0.0740741
1769,54,50,0.0740741
1772,54,50,0.0740741
1775,54,50,0.0740741
1778,54,50,0.0740741
1780,54,50,0.0740741
1781,54,50,0.0740741
1784,54,50,0.0740741
1786,54,50,0.0740741
1790,54,50,0.0740741
1792,54,50,0.0740741
1797,54,50,0.0740741
1799,54,50,0.0740741
1801,54,50,0.0740741
1803,54,50,0.0740741
1807,54,50,0.0740741
1810,54,50,0.0740741
1811,54,50,0.0740741
1815,54,50,0.0740741
1818,54,50,0.0740741
1820,54,50,0.0740741
1823,54,50,0.0740741
1824,54,50,0.0740741
1828,54,50,0.0740741
1831,54,50,0.0740741
1835,54,50,0.0740741
1836,54,50,0.0740741
1839,54,50,0.0740741
1841,54,50,0.0740741
1845,54,50,0.0740741
1849,54,50,0.0740741
1851,54,50,0.0740741
1853,54,50,0.0740741
1855,54,50,0.0740741
1858,54,50,0.0740741
1861,54,50,0.0740741
1864,54,50,0.0740741
1867,54,50,0.0740741
1871,54,50,0.0740741
1875,54,50,0.0740741
1878,54,50,0.0740741
1879,54,50,0.0740741
1883,54,50,0.0740741
1886,54,50,0.0740741
1890,54,50,0.0740741
1894,54,50,0.0740741
1897,54,50,0.0740741
1900,54,50,0.0740741
1901,54,50,0.0740741
1902,54,50,0.0740741
1905,54,50,0.0740741
1906,54,50,0.0740741
1907,54,50,0.0740741
1910,54,50,0.0740741
1913,54,50,0.0740741
1916,54,50,0.0740741
1918,54,50,0.0740741
1922,54,50,0.0740741
1926,54,50,0.0740741
1929,54,50,0.0740741
1933,54,50,0.0740741
1936,54,50,0.0740741
1940,54,50,0.0740741
1941,54,50,0.0740741
1943,54,50,0.0740741
1947,54,50,0.0740741
1949,54,50,0.0740741
1953,54,50,0.0740741
1957,54,50,0.0740741
1959,54,50,0.0740741
1963,54,50,0.0740741
1967,54,50,0.0740741
1972,54,50,0.0740741
1976,54,50,0.0740741
1980,54,50,0.0740741
1984,54,50,0.0740741
1988,54,50,0.0740741
1992,54,50,0.0740741
1995,54,50,0.0740741
2000,54,50,0.0740741
2005,54,50,0.0740741
2009,54,50,0.0740741
2013,54,50,0.0740741
2015,54,50,0.0740741
2019,54,50,0.0740741
2022,54,50,0.0740741
2024,54,50,0.0740741
2028,54,50,0.0740741
2032,54,50,0.0740741
2035,54,50,0.0740741
2039,54,50,0.0740741
2043,54,50,0.0740741
2046,54,50,0.0740741
2049,54,50,0.0740741
2053,54,50,0.0740741
2056,54,50,0.0740741
2059,54,50,0.0740741
2062,54,50,0.0740741
2064,54,50,0.0740741
2068,54,50,0.0740741
2072,54,50,0.0740741
2075,54,50,0.0740741
2078,54,50,0.0740741
2079,54,50,0.0740741
2082,54,50,0.0740741
2084,54,50,0.0740741
2088,54,50,0.0740741
2090,54,50,0.0740741
2093,54,50,0.0740741
2096,54,50,0.0740741
2099,54,50,0.0740741
2102,54,50,0.0740741
2104,54,50,0.0740741
2107,54,50,0.0740741
2109,54,50,0.0740741
2111,54,50,0.0740741
2115,54,50,0.0740741
2119,54,50,0.0740741
2122,54,50,0.0740741
2125,54,50,0.0740741
2127,54,50,0.0740741
2129,54,50,0.0740741
2130,54,50,0.0740741
2131,54,50,0.0740741
2135,54,50,0.0740741
2139,54,50,0.0740741
2139,54,50,0.0740741
2143,54,50,0.0740741
2147,54,50,0.0740741
2149,54,50,0.0740741
2153,54,50,0.0740741
2156,54,50,0.0740741
2159,54,50,0.0740741
2162,54,50,0.0740741
2165,54,50,0.0740741
2169,54,50,0.0740741
2171,54,50,0.0740741
2175,54,50,0.0740741
2176,54,50,0.0740741
2179,54,50,0.0740741
2182,54,50,0.0740741
2185,54,50,0.0740741
2188,54,50,0.0740741
2190,54,50,0.0740741
2194,54,50,0.0740741
2197,54,50,0.0740741
2201,54,50,0.0740741
2206,54,50,0.0740741
2207,54,50,0.0740741
2210,54,50,0.0740741
2213,54,50,0.0740741
2215,54,50,0.0740741
2218,54,50,0.0740741
2223,54,50,0.0740741
2225,54,50,0.0740741
2229,54,50,0.0740741
2233,54,50,0.0740741
2235,54,50,0.0740741
2237,54,50,0.0740741
2240,54,50,0.0740741
2243,54,50,0.0740741
2246,54,50,0.0740741
2249,54,50,0.0740741
2253,54,50,0.0740741
2257,54,50,0.0740741
2259,54,50,0.0740741
2263,54,50,0.0740741
2265,54,50,0.0740741
2269,54,50,0.0740741
2272,54,50,0.0740741
2274,54,50,0.0740741
2278,54,50,0.0740741
2279,54,50,0.0740741
2281,54,50,0.0740741
2285,54,50,0.0740741
2287,54,50,0.0740741
2291,54,50,0.0740741
2293,54,50,0.0740741
2297,54,50,0.0740741
2300,54,50,0.0740741
2301,54,50,0.0740741
2304,54,50,0.0740741
2307,54,50,0.0740741
2311,54,50,0.0740741
2314,54,50,0.0740741
2318,54,50,0.0740741
2322,54,50,0.0740741
2325,54,50,0.0740741
2328,54,50,0.0740741
2331,54,50,0.0740741
2333,54,50,0.0740741
2334,54,50,0.0740741
2336,54,50,0.0740741
2339,54,50,0.0740741
2341,54,50,0.0740741
2346,54,50,0.0740741
2348,54,50,0.0740741
2352,54,50,0.0740741
2356,54,50,0.0740741
2358,54,50,0.0740741
2360,54,50,0.0740741
2361,54,50,0.0740741
2365,54,50,0.0740741
2367,54,50,0.0740741
2369,54,50,0.0740741
2374,54,50,0.0740741
2377,54,50,0.0740741
2380,54,50,0.0740741
2382,54,50,0.0740741
2385,54,50,0.0740741
2389,54,50,0.0740741
2389,54,50,0.0740741
2392,54,50,0.0740741
2393,54,50,0.0740741
2397,54,50,0.0740741
2400,54,50,0.0740741
2404,54,50,0.0740741
2407,54,50,0.0740741
2410,54,50,0.0740741
2413,54,50,0.0740741
2415,54,50,0.0740741
2419,54,50,0.0740741
2422,54,50,0.0740741
2425,54,50,0.0740741
2429,54,50,0.0740741
2432,54,50,0.0740741
2433,54,50,0.0740741
2437,54,50,0.0740741
2442,54,50,0.0740741
2444,54,50,0.0740741
2449,54,50,0.0740741
2452,54,50,0.0740741
2457,54,50,0.0740741
2460,54,50,0.0740741
2463,54,50,0.0740741
2467,54,50,0.0740741
2470,54,50,0.0740741
2471,54,50,0.0740741
2471,54,50,0.0740741
2474,54,50,0.0740741
2477,54,50,0.0740741
2480,54,50,0.0740741
2482,54,50,0.0740741
2484,54,50,0.0740741
2487,54,50,0.0740741
2489,54,50,0.0740741
2490,54,50,0.0740741
2493,54,50,0.0740741
2496,54,50,0.0740741
2498,54,50,0.0740741
2501,54,50,0.0740741
2504,54,50,0.0740741
2506,54,50,0.0740741
2508,54,50,0.0740741
2511,54,50,0.0740741
2515,54,50,0.0740741
2517,54,50,0.0740741
2520,54,50,0.0740741
2523,54,50,0.0740741
2526,54,50,0.0740741
2530,54,50,0.0740741
2534,54,50,0.0740741
2537,54,50,0.0740741
2539,54,50,0.0740741
2541,54,50,0.0740741
2543,54,50,0.0740741
2544,54,50,0.0740741
2548,54,50,0.0740741
2552,54,50,0.0740741
2554,54,50,0.0740741
2559,54,50,0.0740741
2562,54,50,0.0740741
2567,54,50,0.0740741
2571,54,50,0.0740741
2575,54,50,0.0740741
2578,54,50,0.0740741
2581,54,50,0.0740741
2584,54,50,0.0740741
2588,54,50,0.0740741
2591,54,50,0.0740741
2595,54,50,0.0740741
2599,54,50,0.0740741
2602,54,50,0.0740741
2606,54,50,0.0740741
2607,54,50,0.0740741
2612,54,50,0.0740741
2615,54,50,0.0740741
2620,54,50,0.0740741
2621,54,50,0.0740741
2625,54,50,0.0740741
2628,54,50,0.0740741
2631,54,50,0.0740741
2634,54,50,0.0740741
2638,54,50,0.0740741
2641,54,50,0.0740741
2645,54,50,0.0740741
2649,54,50,0.0740741
2654,54,50,0.0740741
2656,54,50,0.0740741
2657,54,50,0.0740741
2659,54,50,0.0740741
2661,54,50,0.0740741
2664,54,50,0.0740741
2668,54,50,0.0740741
2672,54,50,0.0740741
2675,54,50,0.0740741
2679,54,50,0.0740741
2681,54,50,0.0740741
2684,54,50,0.0740741
2687,54,50,0.0740741
2690,54,50,0.0740741
2692,54,50,0.0740741
2696,54,50,0.0740741
2699,54,50,0.0740741
2703,54,50,0.0740741
2704,54,50,0.0740741
2708,54,50,0.0740741
2710,54,50,0.0740741
2713,54,50,0.0740741
2717,54,50,0.0740741
2720,54,50,0.0740741
2723,54,50,0.0740741
2725,54,50,0.0740741
2728,54,50,0.0740741
2731,54,50,0.0740741
2734,54,50,0.0740741
2738,54,50,0.0740741
2742,54,50,0.0740741
2745,54,50,0.0740741
2748,54,50,0.0740741
2751,54,50,0.0740741
2756,54,50,0.0740741
2760,54,50,0.0740741
2765,54,50,0.0740741
2769,54,50,0.0740741
2771,54,50,0.0740741
2774,54,50,0.0740741
2778,54,50,0.0740741
2781,54,50,0.0740741
2784,54,50,0.0740741
2787,54,50,0.0740741
2790,54,50,0.0740741
2793,54,50,0.0740741
2797,54,50,0.0740741
2800,54,50,0.0740741
2803,54,50,0.0740741
2808,54,50,0.0740741
2811,54,50,0.0740741
2814,54,50,0.0740741
2817,54,50,0.0740741
2820,54,50,0.0740741
2823,54,50,0.0740741
2826,54,50,0.0740741
2830,54,50,0.0740741
2833,54,50,0.0740741
2836,54,50,0.0740741
2839,54,50,0.0740741
2842,54,50,0.0740741
2847,54,50,0.0740741
2851,54,50,0.0740741
2853,54,50,0.0740741
2857,54,50,0.0740741
2860,54,50,0.0740741
2863,54,50,0.0740741
2868,54,50,0.0740741
2872,54,50,0.0740741
2875,54,50,0.0740741
2876,54,50,0.0740741
2878,54,50,0.0740741
2882,54,50,0.0740741
2884,54,50,0.0740741
2886,54,50,0.0740741
2890,54,50,0.0740741
2894,54,50,0.0740741
2897,54,50,0.0740741
2901,54,50,0.0740741
2904,54,50,0.0740741
2907,54,50,0.0740741
2912,54,50,0.0740741
2914,54,50,0.0740741
2917,54,50,0.0740741
2921,54,50,0.0740741
2926,54,50,0.0740741
2930,54,50,0.0740741
2934,54,50,0.0740741
2938,54,50,0.0740741
2942,54,50,0.0740741
2946,54,50,0.0740741
2951,54,50,0.0740741
2954,54,50,0.0740741
2959,54,50,0.0740741
2963,54,50,0.0740741
2966,54,50,0.0740741
2970,54,50,0.0740741
2974,54,50,0.0740741
2976,54,50,0.0740741
2981,54,50,0.0740741
2983,54,50,0.0740741
2986,54,50,0.0740741
2991,54,50,0.0740741
2993,54,50,0.0740741
2997,54,50,0.0740741
3001,54,50,0.0740741
3005,54,50,0.0740741
3009,54,50,0.0740741
3013,54,50,0.0740741
3017,54,50,0.0740741
3021,54,50,0.0740741
3023,54,50,0.0740741
3026,54,50,0.0740741
3031,54,50,0.0740741
3034,54,50,0.0740741
3038,54,50,0.0740741
3043,54,50,0.0740741
3046,54,50,0.0740741
3049,54,50,0.0740741
3052,54,50,0.0740741
3055,54,50,0.0740741
3059,54,50,0.0740741
3064,54,50,0.0740741
3068,54,50,0.0740741
3072,54,50,0.0740741
3076,54,50,0.0740741
3080,54,50,0.0740741
3084,54,50,0.0740741
3088,54,50,0.0740741
3090,54,50,0.0740741
3094,54,50,0.0740741
3098,54,50,0.0740741
3101,54,50,0.0740741
3105,54,50,0.0740741
3108,54,50,0.0740741
3111,54,50,0.0740741
3115,54,50,0.0740741
3118,54,50,0.0740741
3122,54,50,0.0740741
3127,54,50,0.0740741
3131,54,50,0.0740741
3134,54,50,0.0740741
3138,54,50,0.0740741
3141,54,50,0.0740741
3146,54,50,0.0740741
3150,54,50,0.0740741
3152,54,50,0.0740741
3155,54,50,0.0740741
3158,54,50,0.0740741
3163,54,50,0.0740741
3168,54,50,0.0740741
3173,54,50,0.0740741
3176,54,50,0.0740741
3181,54,50,0.0740741
3185,54,50,0.0740741
3190,54,50,0.0740741
3194,54,50,0.0740741
3198,54,50,0.0740741
3202,54,50,0.0740741
3207,54,50,0.0740741
3210,54,50,0.0740741
3215,54,50,0.0740741
3218,54,50,0.0740741
3220,54,50,0.0740741
3225,54,50,0.0740741
3229,54,50,0.0740741
3234,54,50,0.0740741
3239,54,50,0.0740741
3242,54,50,0.0740741
3246,54,50,0.0740741
3250,54,50,0.0740741
3253,54,50,0.0740741
3257,54,50,0.0740741
3258,54,50,0.0740741
3263,54,50,0.0740741
3265,54,50,0.0740741
3270,54,50,0.0740741
3273,54,50,0.0740741
3275,54,50,0.0740741
3280,54,50,0.0740741
3286,54,50,0.0740741
3289,54,50,0.0740741
3293,54,50,0.0740741
3297,54,50,0.0740741
3302,54,50,0.0740741
3307,54,50,0.0740741
3312,54,50,0.0740741
3317,54,50,0.0740741
3320,54,50,0.0740741
3324,54,50,0.0740741
3330,54,50,0.0740741
3334,54,50,0.0740741
3339,54,50,0.0740741
3344,54,50,0.0740741
3348,54,50,0.0740741
3352,54,50,0.0740741
3357,54,50,0.0740741
3361,54,50,0.0740741
3367,54,50,0.0740741
3372,54,50,0.0740741
3377,54,50,0.0740741
3380,54,50,0.0740741
3385,54,50,0.0740741
3389,54,50,0.0740741
3395,54,50,0.0740741
3399,54,50,0.0740741
3403,54,50,0.0740741
3409,54,50,0.0740741
3414,54,50,0.0740741
3419,54,50,0.0740741
3424,54,50,0.0740741
3427,54,50,0.0740741
3432,54,50,0.0740741
3435,54,50,0.0740741
3440,54,50,0.0740741
3443,54,50,0.0740741
3448,54,50,0.0740741
3451,54,50,0.0740741
3455,54,50,0.0740741
3459,54,50,0.0740741
3464,54,50,0.0740741
3469,54,50,0.0740741
3475,54,50,0.0740741
3480,54,50,0.0740741
3485,54,50,0.0740741
3488,54,50,0.0740741
3489,54,50,0.0740741
3495,54,50,0.0740741
3499,54,50,0.0740741
3501,54,50,0.0740741
3506,54,50,0.0740741
3509,54,50,0.0740741
3514,54,50,0.0740741
3519,54,50,0.0740741
3522,54,50,0.0740741
3528,54,50,0.0740741
3533,54,50,0.0740741
3537,54,50,0.0740741
3539,54,50,0.0740741
3543,54,50,0.0740741
3547,54,50,0.0740741
3551,54,50,0.0740741
3555,54,50,0.0740741
3559,54,50,0.0740741
3564,54,50,0.0740741
3567,54,50,0.0740741
3572,54,50,0.0740741
3576,54,50,0.0740741
3581,54,50,0.0740741
3586,54,50,0.0740741
3590,54,50,0.0740741
3595,54,50,0.0740741
3599,54,50,0.0740741
3602,54,50,0.0740741
3608,54,50,0.0740741
3613,54,50,0.0740741
3616,54,50,0.0740741
3621,54,50,0.0740741
3626,54,50,0.0740741
3632,54,50,0.0740741
3635,54,50,0.0740741
3639,54,50,0.0740741
3641,54,50,0.0740741
3645,54,50,0.0740741
3651,54,50,0.0740741
3655,54,50,0.0740741
3660,54,50,0.0740741
3664,54,50,0.0740741
3668,54,50,0.0740741
3674,54,50,0.0740741
3679,54,50,0.0740741
3681,54,50,0.0740741
3683,54,50,0.0740741
3686,54,50,0.0740741
3691,54,50,0.0740741
3695,54,50,0.0740741
3700,54,50,0.0740741
3703,54,50,0.0740741
3707,54,50,0.0740741
3710,54,50,0.0740741
3716,54,50,0.0740741
3721,54,50,0.0740741
3725,54,50,0.0740741
3729,54,50,0.0740741
3735,54,50,0.0740741
3739,54,50,0.0740741
3744,54,50,0.0740741
3749,54,50,0.0740741
3753,54,50,0.0740741
3758,54,50,0.0740741
3763,54,50,0.0740741
3767,54,50,0.0740741
3770,54,50,0.0740741
3775,54,50,0.0740741
3779,54,50,0.0740741
3783,54,50,0.0740741
3786,54,50,0.0740741
3791,54,50,0.0740741
3797,54,50,0.0740741
3801,54,50,0.0740741
3806,54,50,0.0740741
3811,54,50,0.0740741
3817,54,50,0.0740741
3819,54,50,0.0740741
3823,54,50,0.0740741
3828,54,50,0.0740741
3833,54,50,0.0740741
3838,54,50,0.0740741
3843,54,50,0.0740741
3848,54,50,0.0740741
3851,54,50,0.0740741
3854,54,50,0.0740741
3858,54,50,0.0740741
3864,54,50,0.0740741
3866,54,50,0.0740741
3868,54,50,0.0740741
3871,54,50,0.0740741
3876,54,50,0.0740741
3881,54,50,0.0740741
3885,54,50,0.0740741
3891,54,50,0.0740741
3897,54,50,0.0740741
3902,54,50,0.0740741
3907,54,50,0.0740741
3913,54,50,0.0740741
3917,54,50,0.0740741
3921,54,50,0.0740741
3927,54,50,0.0740741
3931,54,50,0.0740741
3934,54,50,0.0740741
3938,54,50,0.0740741
3943,54,50,0.0740741
3948,54,50,0.0740741
3950,54,50,0.0740741
3954,54,50,0.0740741
3959,54,50,0.0740741
3963,54,50,0.0740741
3969,54,50,0.0740741
3973,54,50,0.0740741
3978,54,50,0.0740741
3984,54,50,0.0740741
3987,54,50,0.0740741
3991,54,50,0.0740741
3995,54,50,0.0740741
4001,54,50,0.0740741
4006,54,50,0.0740741
4010,54,50,0.0740741
4015,54,50,0.0740741
4019,54,50,0.0740741
4023,54,50,0.0740741
4025,54,50,0.0740741
4029,54,50,0.0740741
4033,54,50,0.0740741
4037,54,50,0.0740741
4040,54,50,0.0740741
4043,54,50,0.0740741
4048,54,50,0.0740741
4052,54,50,0.0740741
4057,54,50,0.0740741
4062,54,50,0.0740741
4066,54,50,0.0740741
4069,54,50,0.0740741
4073,54,50,0.0740741
4077,54,50,0.0740741
4083,54,50,0.0740741
4086,54,50,0.0740741
4091,54,50,0.0740741
4096,54,50,0.0740741
4102,54,50,0.0740741
4105,54,50,0.0740741
4110,54,50,0.0740741
4114,54,50,0.0740741
4117,54,50,0.0740741
4123,54,50,0.0740741
4129,54,50,0.0740741
4135,54,50,0.0740741
4140,54,50,0.0740741
4145,54,50,0.0740741
4149,54,50,0.0740741
4155,54,50,0.0740741
4161,54,50,0.0740741
4166,54,50,0.0740741
4173,54,50,0.0740741
4179,54,50,0.0740741
4185,54,50,0.0740741
4189,54,50,0.0740741
4194,54,50,0.0740741
4200,54,50,0.0740741
4206,54,50,0.0740741
4210,54,50,0.0740741
4216,54,50,0.0740741
4220,54,50,0.0740741
4225,54,50,0.0740741
4230,54,50,0.0740741
4234,54,50,0.0740741
4238,54,50,0.0740741
4242,54,50,0.0740741
4245,54,50,0.0740741
4249,54,50,0.0740741
4254,54,50,0.0740741
4259,54,50,0.0740741
4263,54,50,0.0740741
4267,54,50,0.0740741
4271,54,50,0.0740741
4273,54,50,0.0740741
4276,54,50,0.0740741
4280,54,50,0.0740741
4285,54,50,0.0740741
4289,54,50,0.0740741
4293,54,50,0.0740741
4297,54,50,0.0740741
4302,54,50,0.0740741
4307,54,50,0.0740741
4312,54,50,0.0740741
4313,54,50,0.0740741
4317,54,50,0.0740741
4319,54,50,0.0740741
4322,54,50,0.0740741
4329,54,50,0.0740741
4334,54,50,0.0740741
4340,54,50,0.0740741
4344,54,50,0.0740741
4348,54,50,0.0740741
4352,54,50,0.0740741
4358,54,50,0.0740741
4364,54,50,0.0740741
4371,54,50,0.0740741
4375,54,50,0.0740741
4379,54,50,0.0740741
4383,54,50,0.0740741
4387,54,50,0.0740741
4391,54,50,0.0740741
4396,54,50,0.0740741
4401,54,50,0.0740741
4405,54,50,0.0740741
4410,54,50,0.0740741
4414,54,50,0.0740741
4420,54,50,0.0740741
4425,54,50,0.0740741
4429,54,50,0.0740741
4434,54,50,0.0740741
4437,54,50,0.0740741
4441,54,50,0.0740741
4445,54,50,0.0740741
4450,54,50,0.0740741
4456,54,50,0.0740741
4460,54,50,0.0740741
4465,54,50,0.0740741
4471,54,50,0.0740741
4477,54,50,0.0740741
4481,54,50,0.0740741
4487,54,50,0.0740741
4492,54,50,0.0740741
4498,54,50,0.0740741
4502,54,50,0.0740741
4507,54,50,0.0740741
4512,54,50,0.0740741
4517,54,50,0.0740741
4523,54,50,0.0740741
4529,54,50,0.0740741
4533,54,50,0.0740741
4539,54,50,0.0740741
4543,54,50,0.0740741
4546,54,50,0.0740741
4551,54,50,0.0740741
4557,54,50,0.0740741
4562,54,50,0.0740741
4566,54,50,0.0740741
4571,54,50,0.0740741
4575,54,50,0.0740741
4580,54,50,0.0740741
4584,54,50,0.0740741
4590,54,50,0.0740741
4594,54,50,0.0740741
4600,54,50,0.0740741
4606,54,50,0.0740741
4611,54,50,0.0740741
4616,54,50,0.0740741
4621,54,50,0.0740741
4626,54,50,0.0740741
4630,54,50,0.0740741
4636,54,50,0.0740741
4642,54,50,0.0740741
4648,54,50,0.0740741
4655,54,50,0.0740741
4659,54,50,0.0740741
4664,54,50,0.0740741
4670,54,50,0.0740741
4674,54,50,0.0740741
4678,54,50,0.0740741
4683,54,50,0.0740741
4688,54,50,0.0740741
4690,54,50,0.0740741
4695,54,50,0.0740741
4700,54,50,0.0740741
4706,54,50,0.0740741
4710,54,50,0.0740741
4716,54,50,0.0740741
4722,54,50,0.0740741
4726,54,50,0.0740741
4731,54,50,0.0740741
4737,54,50,0.0740741
4742,54,50,0.0740741
4749,54,50,0.0740741
4755,54,50,0.0740741
4761,54,50,0.0740741
4767,54,50,0.0740741
4774,54,50,0.0740741
4779,54,50,0.0740741
4784,54,50,0.0740741
4791,54,50,0.0740741
4798,54,50,0.0740741
4802,54,50,0.0740741
4807,54,50,0.0740741
4812,54,50,0.0740741
4814,54,50,0.0740741
4819,54,50,0.0740741
4826,54,50,0.0740741
4832,54,50,0.0740741
4838,54,50,0.0740741
4843,54,50,0.0740741
4848,54,50,0.0740741
4853,54,50,0.0740741
4855,54,50,0.0740741
4861,54,50,0.0740741
4866,54,50,0.0740741
4873,54,50,0.0740741
4874,54,50,0.0740741
4877,54,50,0.0740741
4881,54,50,0.0740741
4887,54,50,0.0740741
4892,54,50,0.0740741
4898,54,50,0.0740741
4904,54,50,0.0740741
4908,54,50,0.0740741
4912,54,50,0.0740741
4915,54,50,0.0740741
4921,54,50,0.0740741
4928,54,50,0.0740741
4934,54,50,0.0740741
4941,54,50,0.0740741
4947,54,50,0.0740741
4953,54,50,0.0740741
4957,54,50,0.0740741
4963,54,50,0.0740741
4967,54,50,0.0740741
4972,54,50,0.0740741
4977,54,50,0.0740741
4983,54,50,0.0740741
4988,54,50,0.0740741
4991,54,50,0.0740741
4996,54,50,0.0740741
5001,54,50,0.0740741
5008,54,50,0.0740741
5011,54,50,0.0740741
5018,54,50,0.0740741
5020,54,50,0.0740741
5026,54,50,0.0740741
5032,54,50,0.0740741
5034,54,50,0.0740741
5039,54,50,0.0740741
5043,54,50,0.0740741
5048,54,50,0.0740741
5053,54,50,0.0740741
5058,54,50,0.0740741
5063,54,50,0.0740741
5068,54,50,0.0740741
5070,54,50,0.0740741
5075,54,50,0.0740741
5081,54,50,0.0740741
5087,54,50,0.0740741
5093,54,50,0.0740741
5100,54,50,0.0740741
5105,54,50,0.0740741
5109,54,50,0.0740741
5115,54,50,0.0740741
5121,54,50,0.0740741
5127,54,50,0.0740741
5133,54,50,0.0740741
5138,54,50,0.0740741
5144,54,50,0.0740741
5148,54,50,0.0740741
5153,54,50,0.0740741
5159,54,50,0.0740741
5164,54,50,0.0740741
5171,54,50,0.0740741
5176,54,50,0.0740741
5182,54,50,0.0740741
5187,54,50,0.0740741
5192,54,50,0.0740741
5199,54,50,0.0740741
5203,54,50,0.0740741
5209,54,50,0.0740741
5214,54,50,0.0740741
5220,54,50,0.0740741
5226,54,50,0.0740741
5230,54,50,0.0740741
5237,54,50,0.0740741
5243,54,50,0.0740741
5249,54,50,0.0740741
5253,54,50,0.0740741
5256,54,50,0.0740741
5261,54,50,0.0740741
5268,54,50,0.0740741
5274,54,50,0.0740741
5279,54,50,0.0740741
5286,54,50,0.0740741
5293,54,50,0.0740741
5299,54,50,0.0740741
5306,54,50,0.0740741
5312,54,50,0.0740741
5316,54,50,0.0740741
5321,54,50,0.0740741
5324,54,50,0.0740741
5327,54,50,0.0740741
5334,54,50,0.0740741
5339,54,50,0.0740741
5345,54,50,0.0740741
5351,54,50,0.0740741
5358,54,50,0.0740741
5364,54,50,0.0740741
5371,54,50,0.0740741
5377,54,50,0.0740741
5380,54,50,0.0740741
5386,54,50,0.0740741
5392,54,50,0.0740741
5398,54,50,0.0740741
5401,54,50,0.0740741
5407,54,50,0.0740741
5411,54,50,0.0740741
5416,54,50,0.0740741
5421,54,50,0.0740741
5426,54,50,0.0740741
5432,54,50,0.0740741
5436,54,50,0.0740741
5441,54,50,0.0740741
5444,54,50,0.0740741
5450,54,50,0.0740741
5454,54,50,0.0740741
5461,54,50,0.0740741
5464,54,50,0.0740741
5470,54,50,0.0740741
5474,54,50,0.0740741
5481,54,50,0.0740741
5487,54,50,0.0740741
5494,54,50,0.0740741
5499,54,50,0.0740741
5505,54,50,0.0740741
5509,54,50,0.0740741
5516,54,50,0.0740741
5522,54,50,0.0740741
5529,54,50,0.0740741
5535,54,50,0.0740741
5542,54,50,0.0740741
5547,54,50,0.0740741
5552,54,50,0.0740741
5557,54,50,0.0740741
5562,54,50,0.0740741
5570,54,50,0.0740741
5577,54,50,0.0740741
5583,54,50,0.0740741
5589,54,50,0.0740741
5594,54,50,0.0740741
5600,54,50,0.0740741
5607,54,50,0.0740741
5611,54,50,0.0740741
5618,54,50,0.0740741
5624,54,50,0.0740741
5631,54,50,0.0740741
5635,54,50,0.0740741
5641,54,50,0.0740741
5645,54,50,0.0740741
5652,54,50,0.0740741
5657,54,50,0.0740741
5663,54,50,0.0740741
5669,54,50,0.0740741
5675,54,50,0.0740741
5679,54,50,0.0740741
5684,54,50,0.0740741
5691,54,50,0.0740741
5697,54,50,0.0740741
5703,54,50,0.0740741
5709,54,50,0.0740741
5713,54,50,0.0740741
5718,54,50,0.0740741
5723,54,50,0.0740741
5729,54,50,0.0740741
5734,54,50,0.0740741
5741,54,50,0.0740741
5747,54,50,0.0740741
5754,54,50,0.0740741
5761,54,50,0.0740741
5768,54,50,0.0740741
5774,54,50,0.0740741
5779,54,50,0.0740741
5785,54,50,0.0740741
5787,54,50,0.0740741
5793,54,50,0.0740741
5798,54,50,0.0740741
5804,54,50,0.0740741
5810,54,50,0.0740741
5817,54,50,0.0740741
5823,54,50,0.0740741
5829,54,50,0.0740741
5835,54,50,0.0740741
5840,54,50,0.0740741
5847,54,50,0.0740741
5852,54,50,0.0740741
5856,54,50,0.0740741
5860,54,50,0.0740741
5864,54,50,0.0740741
5869,54,50,0.0740741
5875,54,50,0.0740741
5882,54,50,0.0740741
5888,54,50,0.0740741
5894,54,50,0.0740741
5901,54,50,0.0740741
5907,54,50,0.0740741
5914,54,50,0.0740741
5921,54,50,0.0740741
5928,54,50,0.0740741
5936,54,50,0.0740741
5943,54,50,0.0740741
5949,54,50,0.0740741
5955,54,50,0.0740741
5961,54,50,0.0740741
5967,54,50,0.0740741
5971,54,50,0.0740741
5975,54,50,0.0740741
5983,54,50,0.0740741
5990,54,50,0.0740741
5998,54,50,0.0740741
6003,54,50,0.0740741
6006,54,50,0.0740741
6012,54,50,0.0740741
6019,54,50,0.0740741
6026,54,50,0.0740741
6034,54,50,0.0740741
6040,54,50,0.0740741
6046,54,50,0.0740741
6049,54,50,0.0740741
6055,54,50,0.0740741
6061,54,50,0.0740741
6066,54,50,0.0740741
6071,54,50,0.0740741
6076,54,50,0.0740741
6083,54,50,0.0740741
6087,54,50,0.0740741
6093,54,50,0.0740741
6096,54,50,0.0740741
6103,54,50,0.0740741
6108,54,50,0.0740741
6114,54,50,0.0740741
6119,54,50,0.0740741
6124,54,50,0.0740741
6130,54,50,0.0740741
6137,54,50,0.0740741
6142,54,50,0.0740741
6148,54,50,0.0740741
6155,54,50,0.0740741
6161,54,50,0.0740741
6168,54,50,0.0740741
6174,54,50,0.0740741
6180,54,50,0.0740741
6183,54,50,0.0740741
6190,54,50,0.0740741
6197,54,50,0.0740741
6202,54,50,0.0740741
6208,54,50,0.0740741
6213,54,50,0.0740741
6220,54,50,0.0740741
6227,54,50,0.0740741
6233,54,50,0.0740741
6237,54,50,0.0740741
6243,54,50,0.0740741
6251,54,50,0.0740741
6258,54,50,0.0740741
6265,54,50,0.0740741
6273,54,50,0.0740741
6280,54,50,0.0740741
6286,54,50,0.0740741
6291,54,50,0.0740741
6296,54,50,0.0740741
6302,54,50,0.0740741
6308,54,50,0.0740741
6313,54,50,0.0740741
6321,54,50,0.0740741
6328,54,50,0.0740741
6335,54,50,0.0740741
6341,54,50,0.0740741
6348,54,50,0.0740741
6354,54,50,0.0740741
6360,54,50,0.0740741
6367,54,50,0.0740741
6374,54,50,0.0740741
6378,54,50,0.0740741
6384,54,50,0.0740741
6391,54,50,0.0740741
6398,54,50,0.0740741
6405,54,50,0.0740741
6412,54,50,0.0740741
6415,54,50,0.0740741
6420,54,50,0.0740741
6427,54,50,0.0740741
6433,54,50,0.0740741
6439,54,50,0.0740741
6444,54,50,0.0740741
6448,54,50,0.0740741
6453,54,50,0.0740741
6458,54,50,0.0740741
6463,54,50,0.0740741
6468,54,50,0.0740741
6476,54,50,0.0740741
6483,54,50,0.0740741
6490,54,50,0.0740741
6496,54,50,0.0740741
6504,54,50,0.0740741
6511,54,50,0.0740741
6517,54,50,0.0740741
6523,54,50,0.0740741
6530,54,50,0.0740741
6538,54,50,0.0740741
6545,54,50,0.0740741
6551,54,50,0.0740741
6555,54,50,0.0740741
6561,54,50,0.0740741
6567,54,50,0.0740741
6572,54,50,0.0740741
6579,54,50,0.0740741
6586,54,50,0.0740741
6589,54,50,0.0740741
6596,54,50,0.0740741
6602,54,50,0.0740741
6609,54,50,0.0740741
6616,54,50,0.0740741
6621,54,50,0.0740741
6626,54,50,0.0740741
6628,54,50,0.0740741
6635,54,50,0.0740741
6641,54,50,0.0740741
6648,54,50,0.0740741
6653,54,50,0.0740741
6657,54,50,0.0740741
6663,54,50,0.0740741
6669,54,50,0.0740741
6675,54,50,0.0740741
6679,54,50,0.0740741
6686,54,50,0.0740741
6694,54,50,0.0740741
6699,54,50,0.0740741
6707,54,50,0.0740741
6713,54,50,0.0740741
6716,54,50,0.0740741
6719,54,50,0.0740741
6726,54,50,0.0740741
6731,54,50,0.0740741
6736,54,50,0.0740741
6739,54,50,0.0740741
6746,54,50,0.0740741
6754,54,50,0.0740741
6761,54,50,0.0740741
6768,54,50,0.0740741
6772,54,50,0.0740741
6775,54,50,0.0740741
6780,54,50,0.0740741
6784,54,50,0.0740741
6792,54,50,0.0740741
6797,54,50,0.0740741
6805,54,50,0.0740741
6810,54,50,0.0740741
6814,54,50,0.0740741
6818,54,50,0.0740741
6825,54,50,0.0740741
6831,54,50,0.0740741
6836,54,50,0.0740741
6842,54,50,0.0740741
6849,54,50,0.0740741
6854,54,50,0.0740741
6862,54,50,0.0740741
6868,54,50,0.0740741
6868,54,50,0.0740741
6872,54,50,0.0740741
6877,54,50,0.0740741
6883,54,50,0.0740741
6887,54,50,0.0740741
6892,54,50,0.0740741
6896,54,50,0.0740741
6903,54,50,0.0740741
6909,54,50,0.0740741
6914,54,50,0.0740741
6920,54,50,0.0740741
6924,54,50,0.0740741
6927,54,50,0.0740741
6931,54,50,0.0740741
6937,54,50,0.0740741
6941,54,50,0.0740741
6949,54,50,0.0740741
6957,54,50,0.0740741
6964,54,50,0.0740741
6971,54,50,0.0740741
6977,54,50,0.0740741
6984,54,50,0.0740741
6991,54,50,0.0740741
6997,54,50,0.0740741
7004,54,50,0.0740741
7012,54,50,0.0740741
7019,54,50,0.0740741
7026,54,50,0.0740741
7031,54,50,0.0740741
7038,54,50,0.0740741
7045,54,50,0.0740741
7053,54,50,0.0740741
7058,54,50,0.0740741
7063,54,50,0.0740741
7070,54,50,0.0740741
7077,54,50,0.0740741
7083,54,50,0.0740741
7090,54,50,0.0740741
7096,54,50,0.0740741
7099,54,50,0.0740741
7102,54,50,0.0740741
7109,54,50,0.0740741
7114,54,50,0.0740741
7122,54,50,0.0740741
7129,54,50,0.0740741
7138,54,50,0.0740741
7141,54,50,0.0740741
7148,54,50,0.0740741
7154,54,50,0.0740741
7161,54,50,0.0740741
7169,54,50,0.0740741
7175,54,50,0.0740741
7182,54,50,0.0740741
7187,54,50,0.0740741
7195,54,50,0.0740741
7201,54,50,0.0740741
7208,54,50,0.0740741
7214,54,50,0.0740741
7221,54,50,0.0740741
7228,54,50,0.0740741
7236,54,50,0.0740741
7241,54,50,0.0740741
7248,54,50,0.0740741
7254,54,50,0.0740741
7260,54,50,0.0740741
7266,54,50,0.0740741
7274,54,50,0.0740741
7278,54,50,0.0740741
7284,54,50,0.0740741
7291,54,50,0.0740741
7298,54,50,0.0740741
7304,54,50,0.0740741
7313,54,50,0.0740741
7320,54,50,0.0740741
7325,54,50,0.0740741
7332,54,50,0.0740741
7337,54,50,0.0740741
7344,54,50,0.0740741
7351,54,50,0.0740741
7355,54,50,0.0740741
7363,54,50,0.0740741
7370,54,50,0.0740741
7376,54,50,0.0740741
7384,54,50,0.0740741
7391,54,50,0.0740741
7398,54,50,0.0740741
7404,54,50,0.0740741
7406,54,50,0.0740741
7410,54,50,0.0740741
7416,54,50,0.0740741
7421,54,50,0.0740741
7429,54,50,0.0740741
7434,54,50,0.0740741
7438,54,50,0.0740741
7444,54,50,0.0740741
7450,54,50,0.0740741
7458,54,50,0.0740741
7461,54,50,0.0740741
7466,54,50,0.0740741
7474,54,50,0.0740741
7482,54,50,0.0740741
7489,54,50,0.0740741
7495,54,50,0.0740741
7500,54,50,0.0740741
7506,54,50,0.0740741
7513,54,50,0.0740741
7520,54,50,0.0740741
7528,54,50,0.0740741
7534,54,50,0.0740741
7539,54,50,0.0740741
7546,54,50,0.0740741
7553,54,50,0.0740741
7560,54,50,0.0740741
7566,54,50,0.0740741
7574,54,50,0.0740741
7582,54,50,0.0740741
7585,54,50,0.0740741
7592,54,50,0.0740741
7600,54,50,0.0740741
7607,54,50,0.0740741
7612,54,50,0.0740741
7617,54,50,0.0740741
7623,54,50,0.0740741
7629,54,50,0.0740741
7636,54,50,0.0740741
7644,54,50,0.0740741
7651,54,50,0.0740741
7657,54,50,0.0740741
7663,54,50,0.0740741
7670,54,50,0.0740741
7678,54,50,0.0740741
7686,54,50,0.0740741
7694,54,50,0.0740741
7701,54,50,0.0740741
7709,54,50,0.0740741
7714,54,50,0.0740741
7718,54,50,0.0740741
7725,54,50,0.0740741
7732,54,50,0.0740741
7740,54,50,0.0740741
7748,54,50,0.0740741
7755,54,50,0.0740741
7763,54,50,0.0740741
7767,54,50,0.0740741
7774,54,50,0.0740741
7780,54,50,0.0740741
7786,54,50,0.0740741
7793,54,50,0.0740741
7797,54,50,0.0740741
7805,54,50,0.0740741
7808,54,50,0.0740741
7812,54,50,0.0740741
7816,54,50,0.0740741
7821,54,50,0.0740741
7822,54,50,0.0740741
7828,54,50,0.0740741
7834,54,50,0.0740741
7841,54,50,0.0740741
7846,54,50,0.0740741
7850,54,50,0.0740741
7854,54,50,0.0740741
7861,54,50,0.0740741
7869,54,50,0.0740741
7875,54,50,0.0740741
7882,54,50,0.0740741
7888,54,50,0.0740741
7895,54,50,0.0740741
7900,54,50,0.0740741
7908,54,50,0.0740741
7916,54,50,0.0740741
7921,54,50,0.0740741
7929,54,50,0.0740741
7937,54,50,0.0740741
7943,54,50,0.0740741
7950,54,50,0.0740741
7956,54,50,0.0740741
7963,54,50,0.0740741
7970,54,50,0.0740741
7976,54,50,0.0740741
7980,54,50,0.0740741
7987,54,50,0.0740741
7994,54,50,0.0740741
8000,54,50,0.0740741
8006,54,50,0.0740741
8013,54,50,0.0740741
8020,54,50,0.0740741
8027,54,50,0.0740741
8034,54,50,0.0740741
8042,54,50,0.0740741
8049,54,50,0.0740741
8052,54,50,0.0740741
8058,54,50,0.0740741
8065,54,50,0.0740741
8073,54,50,0.0740741
8081,54,50,0.0740741
8090,54,50,0.0740741
8096,54,50,0.0740741
8104,54,50,0.0740741
8112,54,50,0.0740741
8118,54,50,0.0740741
8126,54,50,0.0740741
8130,54,50,0.0740741
8138,54,50,0.0740741
8145,54,50,0.0740741
8152,54,50,0.0740741
8157,54,50,0.0740741
8164,54,50,0.0740741
8170,54,50,0.0740741
8178,54,50,0.0740741
8186,54,50,0.0740741
8191,54,50,0.0740741
8197,54,50,0.0740741
8205,54,50,0.0740741
8213,54,50,0.0740741
8219,54,50,0.0740741
8224,54,50,0.0740741
8230,54,50,0.0740741
8235,54,50,0.0740741
8242,54,50,0.0740741
8246,54,50,0.0740741
8252,54,50,0.0740741
8257,54,50,0.0740741
8263,54,50,0.0740741
8270,54,50,0.0740741
8277,54,50,0.0740741
8282,54,50,0.0740741
8289,54,50,0.0740741
8296,54,50,0.0740741
8304,54,50,0.0740741
8312,54,50,0.0740741
8319,54,50,0.0740741
8326,54,50,0.0740741
8333,54,50,0.0740741
8339,54,50,0.0740741
8344,54,50,0.0740741
8350,54,50,0.0740741
8355,54,50,0.0740741
8359,54,50,0.0740741
8367,54,50,0.0740741
8372,54,50,0.0740741
8378,54,50,0.0740741
8384,54,50,0.0740741
8391,54,50,0.0740741
8396,54,50,0.0740741
8404,54,50,0.0740741
8411,54,50,0.0740741
8415,54,50,0.0740741
8422,54,50,0.0740741
8430,54,50,0.0740741
8436,54,50,0.0740741
8442,54,50,0.0740741
8448,54,50,0.0740741
8454,54,50,0.0740741
8455,54,50,0.0740741
8457,54,50,0.0740741
8463,54,50,0.0740741
8469,54,50,0.0740741
8477,54,50,0.0740741
8484,54,50,0.0740741
8489,54,50,0.0740741
8496,54,50,0.0740741
8502,54,50,0.0740741
8506,54,50,0.0740741
8510,54,50,0.0740741
8518,54,50,0.0740741
8525,54,50,0.0740741
8532,54,50,0.0740741
8539,54,50,0.0740741
8545,54,50,0.0740741
8552,54,50,0.0740741
8555,54,50,0.0740741
8563,54,50,0.0740741
8570,54,50,0.0740741
8575,54,50,0.0740741
8583,54,50,0.0740741
8591,54,50,0.0740741
8598,54,50,0.0740741
8603,54,50,0.0740741
8610,54,50,0.0740741
8617,54,50,0.0740741
8622,54,50,0.0740741
8626,54,50,0.0740741
8632,54,50,0.0740741
8637,54,50,0.0740741
8643,54,50,0.0740741
8651,54,50,0.0740741
8655,54,50,0.0740741
8663,54,50,0.0740741
8670,54,50,0.0740741
8673,54,50,0.0740741
8681,54,50,0.0740741
8688,54,50,0.0740741
8696,54,50,0.0740741
8703,54,50,0.0740741
8711,54,50,0.0740741
8717,54,50,0.0740741
8722,54,50,0.0740741
8728,54,50,0.0740741
8735,54,50,0.0740741
8742,54,50,0.0740741
8749,54,50,0.0740741
8755,54,50,0.0740741
8758,54,50,0.0740741
8762,54,50,0.0740741
8768,54,50,0.0740741
8774,54,50,0.0740741
8780,54,50,0.0740741
8784,54,50,0.0740741
8788,54,50,0.0740741
8793,54,50,0.0740741
8799,54,50,0.0740741
8805,54,50,0.0740741
8812,54,50,0.0740741
8818,54,50,0.0740741
8826,54,50,0.0740741
8832,54,50,0.0740741
8840,54,50,0.0740741
8847,54,50,0.0740741
8852,54,50,0.0740741
8858,54,50,0.0740741
8865,54,50,0.0740741
8872,54,50,0.0740741
8878,54,50,0.0740741
8884,54,50,0.0740741
8891,54,50,0.0740741
8893,54,50,0.0740741
8897,54,50,0.0740741
8903,54,50,0.0740741
8909,54,50,0.0740741
8916,54,50,0.0740741
8923,54,50,0.0740741
8927,54,50,0.0740741
8930,54,50,0.0740741
8932,54,50,0.0740741
8938,54,50,0.0740741
8941,54,50,0.0740741
8948,54,50,0.0740741
8954,54,50,0.0740741
8960,54,50,0.0740741
8967,54,50,0.0740741
8974,54,50,0.0740741
8979,54,50,0.0740741
8988,54,50,0.0740741
8995,54,50,0.0740741
9003,54,50,0.0740741
9006,54,50,0.0740741
9011,54,50,0.0740741
9018,54,50,0.0740741
9025,54,50,0.0740741
9033,54,50,0.0740741
9037,54,50,0.0740741
9043,54,50,0.0740741
9049,54,50,0.0740741
9056,54,50,0.0740741
9060,54,50,0.0740741
9069,54,50,0.0740741
9074,54,50,0.0740741
9079,54,50,0.0740741
9087,54,50,0.0740741
9093,54,50,0.0740741
9099,54,50,0.0740741
9105,54,50,0.0740741
9110,54,50,0.0740741
9115,54,50,0.0740741
9118,54,50,0.0740741
9126,54,50,0.0740741
9130,54,50,0.0740741
9131,54,50,0.0740741
9135,54,50,0.0740741
9141,54,50,0.0740741
9148,54,50,0.0740741
9154,54,50,0.0740741
9159,54,50,0.0740741
9167,54,50,0.0740741
9174,54,50,0.0740741
9177,54,50,0.0740741
9185,54,50,0.0740741
9194,54,50,0.0740741
9201,54,50,0.0740741
9209,54,50,0.0740741
9214,54,50,0.0740741
9221,54,50,0.0740741
9229,54,50,0.0740741
9236,54,50,0.0740741
9244,54,50,0.0740741
9251,54,50,0.0740741
9253,54,50,0.0740741
9258,54,50,0.0740741
9266,54,50,0.0740741
9272,54,50,0.0740741
9280,54,50,0.0740741
9288,54,50,0.0740741
9293,54,50,0.0740741
9301,54,50,0.0740741
9308,54,50,0.0740741
9315,54,50,0.0740741
9323,54,50,0.0740741
9330,54,50,0.0740741
9335,54,50,0.0740741
9342,54,50,0.0740741
9349,54,50,0.0740741
9356,54,50,0.0740741
9361,54,50,0.0740741
9363,54,50,0.0740741
9368,54,50,0.0740741
9376,54,50,0.0740741
9384,54,50,0.0740741
9391,54,50,0.0740741
9396,54,50,0.0740741
9403,54,50,0.0740741
9408,54,50,0.0740741
9415,54,50,0.0740741
9423,54,50,0.0740741
9430,54,50,0.0740741
9437,54,50,0.0740741
9442,54,50,0.0740741
9447,54,50,0.0740741
9454,54,50,0.0740741
9460,54,50,0.0740741
9467,54,50,0.0740741
9474,54,50,0.0740741
9481,54,50,0.0740741
9488,54,50,0.0740741
9491,54,50,0.0740741
9496,54,50,0.0740741
9499,54,50,0.0740741
9504,54,50,0.0740741
9510,54,50,0.0740741
9518,54,50,0.0740741
9525,54,50,0.0740741
9530,54,50,0.0740741
9535,54,50,0.0740741
9541,54,50,0.0740741
9548,54,50,0.0740741
9552,54,50,0.0740741
9559,54,50,0.0740741
9564,54,50,0.0740741
9569,54,50,0.0740741
9576,54,50,0.0740741
9579,54,50,0.0740741
9583,54,50,0.0740741
9590,54,50,0.0740741
9596,54,50,0.0740741
9604,54,50,0.0740741
9612,54,50,0.0740741
9619,54,50,0.0740741
9626,54,50,0.0740741
9631,54,50,0.0740741
9639,54,50,0.0740741
9646,54,50,0.0740741
9653,54,50,0.0740741
9659,54,50,0.0740741
9668,54,50,0.0740741
9672,54,50,0.0740741
9677,54,50,0.0740741
9684,54,50,0.0740741
9691,54,50,0.0740741
9698,54,50,0.0740741
9705,54,50,0.0740741
9710,54,50,0.0740741
9719,54,50,0.0740741
9726,54,50,0.0740741
9732,54,50,0.0740741
9740,54,50,0.0740741
9746,54,50,0.0740741
9752,54,50,0.0740741
9759,54,50,0.0740741
9762,54,50,0.0740741
9767,54,50,0.0740741
9773,54,50,0.0740741
9780,54,50,0.0740741
9788,54,50,0.0740741
9796,54,50,0.0740741
9800,54,50,0.0740741
9805,54,50,0.0740741
9812,54,50,0.0740741
9819,54,50,0.0740741
9827,54,50,0.0740741
9833,54,50,0.0740741
9841,54,50,0.0740741
9847,54,50,0.0740741
9855,54,50,0.0740741
9863,54,50,0.0740741
9868,54,50,0.0740741
9875,54,50,0.0740741
9881,54,50,0.0740741
9888,54,50,0.0740741
9896,54,50,0.0740741
9904,54,50,0.0740741
9910,54,50,0.0740741
9918,54,50,0.0740741
9925,54,50,0.0740741
9933,54,50,0.0740741
9939,54,50,0.0740741
9946,54,50,0.0740741
9952,54,50,0.0740741
9957,54,50,0.0740741
9963,54,50,0.0740741
9970,54,50,0.0740741
9978,54,50,0.0740741
9986,54,50,0.0740741
9995,54,50,0.0740741
10001,54,50,0.0740741
10008,54,50,0.0740741
10017,54,50,0.0740741
10025,54,50,0.0740741
10032,54,50,0.0740741
10040,54,50,0.0740741
10045,54,50,0.0740741
10051,54,50,0.0740741
10057,54,50,0.0740741
10064,54,50,0.0740741
10071,54,50,0.0740741
10078,54,50,0.0740741
10085,54,50,0.0740741
10090,54,50,0.0740741
10097,54,50,0.0740741
10106,54,50,0.0740741
10114,54,50,0.0740741
10120,54,50,0.0740741
10127,54,50,0.0740741
10135,54,50,0.0740741
10137,54,50,0.0740741
10144,54,50,0.0740741
10149,54,50,0.0740741
10155,54,50,0.0740741
10163,54,50,0.0740741
10169,54,50,0.0740741
10177,54,50,0.0740741
10181,54,50,0.0740741
10187,54,50,0.0740741
10195,54,50,0.0740741
10202,54,50,0.0740741
10207,54,50,0.0740741
10212,54,50,0.0740741
10216,54,50,0.0740741
10224,54,50,0.0740741
10230,54,50,0.0740741
10237,54,50,0.0740741
10244,54,50,0.0740741
10252,54,50,0.0740741
10259,54,50,0.0740741
10263,54,50,0.0740741
10272,54,50,0.0740741
10278,54,50,0.0740741
10283,54,50,0.0740741
10288,54,50,0.0740741
10292,54,50,0.0740741
10300,54,50,0.0740741
10308,54,50,0.0740741
10317,54,50,0.0740741
10325,54,50,0.0740741
10334,54,50,0.0740741
10342,54,50,0.0740741
10345,54,50,0.0740741
10353,54,50,0.0740741
10360,54,50,0.0740741
10368,54,50,0.0740741
10376,54,50,0.0740741
10384,54,50,0.0740741
10391,54,50,0.0740741
10398,54,50,0.0740741
10406,54,50,0.0740741
10415,54,50,0.0740741
10423,54,50,0.0740741
10430,54,50,0.0740741
10439,54,50,0.0740741
10445,54,50,0.0740741
10452,54,50,0.0740741
10459,54,50,0.0740741
10468,54,50,0.0740741
10475,54,50,0.0740741
10483,54,50,0.0740741
10491,54,50,0.0740741
10498,54,50,0.0740741
10507,54,50,0.0740741
10515,54,50,0.0740741
10521,54,50,0.0740741
10529,54,50,0.0740741
10536,54,50,0.0740741
10543,54,50,0.0740741
10551,54,50,0.0740741
10559,54,50,0.0740741
10568,54,50,0.0740741
10575,54,50,0.0740741
10582,54,50,0.0740741
10590,54,50,0.0740741
10598,54,50,0.0740741
10605,54,50,0.0740741
10612,54,50,0.0740741
10617,54,50,0.0740741
10623,54,50,0.0740741
10631,54,50,0.0740741
10639,54,50,0.0740741
10645,54,50,0.0740741
10649,54,50,0.0740741
10657,54,50,0.0740741
10662,54,50,0.0740741
10664,54,50,0.0740741
10665,54,50,0.0740741
10673,54,50,0.0740741
10679,54,50,0.0740741
10686,54,50,0.0740741
10695,54,50,0.0740741
10702,54,50,0.0740741
10708,54,50,0.0740741
10714,54,50,0.0740741
10718,54,50,0.0740741
10725,54,50,0.0740741
10731,54,50,0.0740741
10737,54,50,0.0740741
10745,54,50,0.0740741
10753,54,50,0.0740741
10760,54,50,0.0740741
10764,54,50,0.0740741
10772,54,50,0.0740741
10780,54,50,0.0740741
10786,54,50,0.0740741
10794,54,50,0.0740741
10802,54,50,0.0740741
10810,54,50,0.0740741
10817,54,50,0.0740741
10822,54,50,0.0740741
10823,54,50,0.0740741
10827,54,50,0.0740741
10834,54,50,0.0740741
10841,54,50,0.0740741
10848,54,50,0.0740741
10856,54,50,0.0740741
10862,54,50,0.0740741
10868,54,50,0.0740741
10877,54,50,0.0740741
10885,54,50,0.0740741
10891,54,50,0.0740741
10899,54,50,0.0740741
10905,54,50,0.0740741
10915,54,50,0.0740741
10919,54,50,0.0740741
10927,54,50,0.0740741
10934,54,50,0.0740741
10941,54,50,0.0740741
10947,54,50,0.0740741
10954,54,50,0.0740741
10962,54,50,0.0740741
10963,54,50,0.0740741
10968,54,50,0.0740741
10970,54,50,0.0740741
10977,54,50,0.0740741
10984,54,50,0.0740741
10990,54,50,0.0740741
10997,54,50,0.0740741
11005,54,50,0.0740741
11012,54,50,0.0740741
11018,54,50,0.0740741
11025,54,50,0.0740741
11033,54,50,0.0740741
11039,54,50,0.0740741
11048,54,50,0.0740741
11057,54,50,0.0740741
11066,54,50,0.0740741
11074,54,50,0.0740741
11076,54,50,0.0740741
11083,54,50,0.0740741
11091,54,50,0.0740741
11097,54,50,0.0740741
11105,54,50,0.0740741
11111,54,50,0.0740741
11117,54,50,0.0740741
11121,54,50,0.0740741
11126,54,50,0.0740741
11132,54,50,0.0740741
11138,54,50,0.0740741
11145,54,50,0.0740741
11153,54,50,0.0740741
11159,54,50,0.0740741
11167,54,50,0.0740741
11171,54,50,0.0740741
11178,54,50,0.0740741
11186,54,50,0.0740741
11193,54,50,0.0740741
11201,54,50,0.0740741
11205,54,50,0.0740741
11209,54,50,0.0740741
11213,54,50,0.0740741
11222,54,50,0.0740741
11230,54,50,0.0740741
11237,54,50,0.0740741
11244,54,50,0.0740741
11252,54,50,0.0740741
11260,54,50,0.0740741
11267,54,50,0.0740741
11275,54,50,0.0740741
11280,54,50,0.0740741
11289,54,50,0.0740741
11297,54,50,0.0740741
11304,54,50,0.0740741
11309,54,50,0.0740741
11317,54,50,0.0740741
11324,54,50,0.0740741
11331,54,50,0.0740741
11337,54,50,0.0740741
11342,54,50,0.0740741
11348,54,50,0.0740741
11356,54,50,0.0740741
11362,54,50,0.0740741
11369,54,50,0.0740741
11376,54,50,0.0740741
11382,54,50,0.0740741
11387,54,50,0.0740741
11395,54,50,0.0740741
11402,54,50,0.0740741
11408,54,50,0.0740741
11417,54,50,0.0740741
11422,54,50,0.0740741
11429,54,50,0.0740741
11437,54,50,0.0740741
11439,54,50,0.0740741
11447,54,50,0.0740741
11455,54,50,0.0740741
11462,54,50,0.0740741
11468,54,50,0.0740741
11476,54,50,0.0740741
11483,54,50,0.0740741
11491,54,50,0.0740741
11498,54,50,0.0740741
11504,54,50,0.0740741
11513,54,50,0.0740741
11521,54,50,0.0740741
11529,54,50,0.0740741
11535,54,50,0.0740741
11540,54,50,0.0740741
11545,54,50,0.0740741
11552,54,50,0.0740741
11559,54,50,0.0740741
11563,54,50,0.0740741
11571,54,50,0.0740741
11576,54,50,0.0740741
11583,54,50,0.0740741
11591,54,50,0.0740741
11599,54,50,0.0740741
11607,54,50,0.0740741
11616,54,50,0.0740741
11622,54,50,0.0740741
11628,54,50,0.0740741
11635,54,50,0.0740741
11644,54,50,0.0740741
11648,54,50,0.0740741
11653,54,50,0.0740741
11659,54,50,0.0740741
11666,54,50,0.0740741
11671,54,50,0.0740741
11680,54,50,0.0740741
11687,54,50,0.0740741
11695,54,50,0.0740741
11701,54,50,0.0740741
11709,54,50,0.0740741
11718,54,50,0.0740741
11726,54,50,0.0740741
11729,54,50,0.0740741
11737,54,50,0.0740741
11746,54,50,0.0740741
11753,54,50,0.0740741
11760,54,50,0.0740741
11766,54,50,0.0740741
11773,54,50,0.0740741
11781,54,50,0.0740741
11789,54,50,0.0740741
11796,54,50,0.0740741
11804,54,50,0.0740741
11811,54,50,0.0740741
11819,54,50,0.0740741
11826,54,50,0.0740741
11834,54,50,0.0740741
11841,54,50,0.0740741
11850,54,50,0.0740741
11858,54,50,0.0740741
11867,54,50,0.0740741
11871,54,50,0.0740741
11874,54,50,0.0740741
11880,54,50,0.0740741
11889,54,50,0.0740741
11893,54,50,0.0740741
11902,54,50,0.0740741
11909,54,50,0.0740741
11918,54,50,0.0740741
11926,54,50,0.0740741
11934,54,50,0.0740741
11941,54,50,0.0740741
11948,54,50,0.0740741
11956,54,50,0.0740741
11963,54,50,0.0740741
11972,54,50,0.0740741
11979,54,50,0.0740741
11988,54,50,0.0740741
11995,54,50,0.0740741
12003,54,50,0.0740741
12008,54,50,0.0740741
12013,54,50,0.0740741
12021,54,50,0.0740741
12028,54,50,0.0740741
12034,54,50,0.0740741
12042,54,50,0.0740741
12049,54,50,0.0740741
12055,54,50,0.0740741
12061,54,50,0.0740741
12070,54,50,0.0740741
12076,54,50,0.0740741
12085,54,50,0.0740741
12093,54,50,0.0740741
12102,54,50,0.0740741
12111,54,50,0.0740741
12117,54,50,0.0740741
12122,54,50,0.0740741
12130,54,50,0.0740741
12138,54,50,0.0740741
12146,54,50,0.0740741
12153,54,50,0.0740741
12162,54,50,0.0740741
12170,54,50,0.0740741
12175,54,50,0.0740741
12184,54,50,0.0740741
12192,54,50,0.0740741
12203,54,50,0.0740741
12211,54,50,0.0740741
12218,54,50,0.0740741
12225,54,50,0.0740741
12233,54,50,0.0740741
12240,54,50,0.0740741
12245,54,50,0.0740741
12251,54,50,0.0740741
12256,54,50,0.0740741
12265,54,50,0.0740741
12273,54,50,0.0740741
12281,54,50,0.0740741
12288,54,50,0.0740741
12296,54,50,0.0740741
12305,54,50,0.0740741
12314,54,50,0.0740741
12323,54,50,0.0740741
12332,54,50,0.0740741
12339,54,50,0.0740741
12348,54,50,0.0740741
12356,54,50,0.0740741
12362,54,50,0.0740741
12370,54,50,0.0740741
12376,54,50,0.0740741
12385,54,50,0.0740741
12393,54,50,0.0740741
12400,54,50,0.0740741
12410,54,50,0.0740741
12418,54,50,0.0740741
12426,54,50,0.0740741
12434,54,50,0.0740741
12442,54,50,0.0740741
12449,54,50,0.0740741
12456,54,50,0.0740741
12463,54,50,0.0740741
12470,54,50,0.0740741
12474,54,50,0.0740741
12479,54,50,0.0740741
12486,54,50,0.0740741
12494,54,50,0.0740741
12500,54,50,0.0740741
12507,54,50,0.0740741
12514,54,50,0.0740741
12515,54,50,0.0740741
12519,54,50,0.0740741
12528,54,50,0.0740741
12533,54,50,0.0740741
12539,54,50,0.0740741
12548,54,50,0.0740741
12555,54,50,0.0740741
12564,54,50,0.0740741
12572,54,50,0.0740741
12581,54,50,0.0740741
12589,54,50,0.0740741
12591,54,50,0.0740741
12593,54,50,0.0740741
12601,54,50,0.0740741
12609,54,50,0.0740741
12616,54,50,0.0740741
12619,54,50,0.0740741
12626,54,50,0.0740741
12634,54,50,0.0740741
12641,54,50,0.0740741
12642,54,50,0.0740741
12647,54,50,0.0740741
12652,54,50,0.0740741
12660,54,50,0.0740741
12666,54,50,0.0740741
12674,54,50,0.0740741
12681,54,50,0.0740741
12690,54,50,0.0740741
12697,54,50,0.0740741
12704,54,50,0.0740741
12711,54,50,0.0740741
12719,54,50,0.0740741
12729,54,50,0.0740741
12736,54,50,0.0740741
12745,54,50,0.0740741
12753,54,50,0.0740741
12759,54,50,0.0740741
12768,54,50,0.0740741
12777,54,50,0.0740741
12784,54,50,0.0740741
12789,54,50,0.0740741
12797,54,50,0.0740741
12804,54,50,0.0740741
12812,54,50,0.0740741
12820,54,50,0.0740741
12829,54,50,0.0740741
12839,54,50,0.0740741
12848,54,50,0.0740741
12857,54,50,0.0740741
12866,54,50,0.0740741
12873,54,50,0.0740741
12879,54,50,0.0740741
12886,54,50,0.0740741
12892,54,50,0.0740741
12900,54,50,0.0740741
12908,54,50,0.0740741
12916,54,50,0.0740741
12926,54,50,0.0740741
12932,54,50,0.0740741
12938,54,50,0.0740741
12944,54,50,0.0740741
12952,54,50,0.0740741
12961,54,50,0.0740741
12967,54,50,0.0740741
12974,54,50,0.0740741
12975,54,50,0.0740741
12983,54,50,0.0740741
12987,54,50,0.0740741
12989,54,50,0.0740741
12998,54,50,0.0740741
13007,54,50,0.0740741
13017,54,50,0.0740741
13022,54,50,0.0740741
13030,54,50,0.0740741
13037,54,50,0.0740741
13045,54,50,0.0740741
13054,54,50,0.0740741
13060,54,50,0.0740741
13067,54,50,0.0740741
13076,54,50,0.0740741
13083,54,50,0.0740741
13088,54,50,0.0740741
13097,54,50,0.0740741
13106,54,50,0.0740741
13114,54,50,0.0740741
13122,54,50,0.0740741
13126,54,50,0.0740741
13133,54,50,0.0740741
13141,54,50,0.0740741
13146,54,50,0.0740741
13152,54,50,0.0740741
13162,54,50,0.0740741
13170,54,50,0.0740741
13179,54,50,0.0740741
13188,54,50,0.0740741
13192,54,50,0.0740741
13198,54,50,0.0740741
13204,54,50,0.0740741
13213,54,50,0.0740741
13223,54,50,0.0740741
13231,54,50,0.0740741
13240,54,50,0.0740741
13249,54,50,0.0740741
13255,54,50,0.0740741
13259,54,50,0.0740741
13267,54,50,0.0740741
13276,54,50,0.0740741
13283,54,50,0.0740741
13293,54,50,0.0740741
13302,54,50,0.0740741
13311,54,50,0.0740741
13320,54,50,0.0740741
13328,54,50,0.0740741
13332,54,50,0.0740741
13339,54,50,0.0740741
13348,54,50,0.0740741
13355,54,50,0.0740741
13362,54,50,0.0740741
13371,54,50,0.0740741
13380,54,50,0.0740741
13387,54,50,0.0740741
13397,54,50,0.0740741
13405,54,50,0.0740741
13411,54,50,0.0740741
13420,54,50,0.0740741
13427,54,50,0.0740741
13434,54,50,0.0740741
13440,54,50,0.0740741
13447,54,50,0.0740741
13455,54,50,0.0740741
13463,54,50,0.0740741
13471,54,50,0.0740741
13479,54,50,0.0740741
13488,54,50,0.0740741
13497,54,50,0.0740741
13503,54,50,0.0740741
13512,54,50,0.0740741
13521,54,50,0.0740741
13527,54,50,0.0740741
13534,54,50,0.0740741
13542,54,50,0.0740741
13548,54,50,0.0740741
13556,54,50,0.0740741
13561,54,50,0.0740741
13569,54,50,0.0740741
13576,54,50,0.0740741
13582,54,50,0.0740741
13588,54,50,0.0740741
13596,54,50,0.0740741
13603,54,50,0.0740741
13611,54,50,0.0740741
13620,54,50,0.0740741
13628,54,50,0.0740741
13634,54,50,0.0740741
13643,54,50,0.0740741
13652,54,50,0.0740741
13659,54,50,0.0740741
13668,54,50,0.0740741
13677,54,50,0.0740741
13683,54,50,0.0740741
13690,54,50,0.0740741
13695,54,50,0.0740741
13700,54,50,0.0740741
13705,54,50,0.0740741
13715,54,50,0.0740741
13721,54,50,0.0740741
13729,54,50,0.0740741
13735,54,50,0.0740741
13743,54,50,0.0740741
13752,54,50,0.0740741
13759,54,50,0.0740741
13767,54,50,0.0740741
13776,54,50,0.0740741
13779,54,50,0.0740741
13786,54,50,0.0740741
13792,54,50,0.0740741
13802,54,50,0.0740741
13811,54,50,0.0740741
13820,54,50,0.0740741
13829,54,50,0.0740741
13834,54,50,0.0740741
13841,54,50,0.0740741
13848,54,50,0.0740741
13854,54,50,0.0740741
13864,54,50,0.0740741
13872,54,50,0.0740741
13879,54,50,0.0740741
13883,54,50,0.0740741
13893,54,50,0.0740741
13901,54,50,0.0740741
13910,54,50,0.0740741
13919,54,50,0.0740741
13922,54,50,0.0740741
13931,54,50,0.0740741
13941,54,50,0.0740741
13950,54,50,0.0740741
13958,54,50,0.0740741
13967,54,50,0.0740741
13976,54,50,0.0740741
13986,54,50,0.0740741
13995,54,50,0.0740741
14003,54,50,0.0740741
14012,54,50,0.0740741
14019,54,50,0.0740741
14027,54,50,0.0740741
14032,54,50,0.0740741
14041,54,50,0.0740741
14050,54,50,0.0740741
14059,54,50,0.0740741
14065,54,50,0.0740741
14067,54,50,0.0740741
14071,54,50,0.0740741
14080,54,50,0.0740741
14090,54,50,0.0740741
14095,54,50,0.0740741
14103,54,50,0.0740741
14112,54,50,0.0740741
14121,54,50,0.0740741
14127,54,50,0.0740741
14128,54,50,0.0740741
14133,54,50,0.0740741
14141,54,50,0.0740741
14148,54,50,0.0740741
14155,54,50,0.0740741
14163,54,50,0.0740741
14171,54,50,0.0740741
14180,54,50,0.0740741
14186,54,50,0.0740741
14191,54,50,0.0740741
14197,54,50,0.0740741
14206,54,50,0.0740741
14214,54,50,0.0740741
14223,54,50,0.0740741
14230,54,50,0.0740741
14238,54,50,0.0740741
14247,54,50,0.0740741
14255,54,50,0.0740741
14262,54,50,0.0740741
14269,54,50,0.0740741
14271,54,50,0.0740741
14276,54,50,0.0740741
14286,54,50,0.0740741
14294,54,50,0.0740741
14300,54,50,0.0740741
14309,54,50,0.0740741
14318,54,50,0.0740741
14321,54,50,0.0740741
14329,54,50,0.0740741
14335,54,50,0.0740741
14340,54,50,0.0740741
14349,54,50,0.0740741
14357,54,50,0.0740741
14364,54,50,0.0740741
14374,54,50,0.0740741
14383,54,50,0.0740741
14391,54,50,0.0740741
14400,54,50,0.0740741
14407,54,50,0.0740741
14417,54,50,0.0740741
14426,54,50,0.0740741
14436,54,50,0.0740741
14442,54,50,0.0740741
14451,54,50,0.0740741
14453,54,50,0.0740741
14459,54,50,0.0740741
14462,54,50,0.0740741
14468,54,50,0.0740741
14474,54,50,0.0740741
14484,54,50,0.0740741
14492,54,50,0.0740741
14498,54,50,0.0740741
14507,54,50,0.0740741
14515,54,50,0.0740741
14523,54,50,0.0740741
14530,54,50,0.0740741
14537,54,50,0.0740741
14545,54,50,0.0740741
14553,54,50,0.0740741
14559,54,50,0.0740741
14564,54,50,0.0740741
14573,54,50,0.0740741
14580,54,50,0.0740741
14589,54,50,0.0740741
14593,54,50,0.0740741
14595,54,50,0.0740741
14600,54,50,0.0740741
14609,54,50,0.0740741
14618,54,50,0.0740741
14627,54,50,0.0740741
14636,54,50,0.0740741
14645,54,50,0.0740741
14652,54,50,0.0740741
14654,54,50,0.0740741
14658,54,50,0.0740741
14662,54,50,0.0740741
14669,54,50,0.0740741
14678,54,50,0.0740741
14685,54,50,0.0740741
14694,54,50,0.0740741
14703,54,50,0.0740741
14711,54,50,0.0740741
14720,54,50,0.0740741
14728,54,50,0.0740741
14737,54,50,0.0740741
14745,54,50,0.0740741
14753,54,50,0.0740741
14761,54,50,0.0740741
14768,54,50,0.0740741
14778,54,50,0.0740741
14788,54,50,0.0740741
14797,54,50,0.0740741
14805,54,50,0.0740741
14811,54,50,0.0740741
14821,54,50,0.0740741
14827,54,50,0.0740741
14837,54,50,0.0740741
14845,54,50,0.0740741
14853,54,50,0.0740741
14855,54,50,0.0740741
14861,54,50,0.0740741
14869,54,50,0.0740741
14876,54,50,0.0740741
14883,54,50,0.0740741
14893,54,50,0.0740741
14902,54,50,0.0740741
14911,54,50,0.0740741
14918,54,50,0.0740741
14924,54,50,0.0740741
14929,54,50,0.0740741
14935,54,50,0.0740741
14944,54,50,0.0740741
14951,54,50,0.0740741
14956,54,50,0.0740741
14964,54,50,0.0740741
14972,54,50,0.0740741
14981,54,50,0.0740741
14988,54,50,0.0740741
14997,54,50,0.0740741
15005,54,50,0.0740741
15013,54,50,0.0740741
15017,54,50,0.0740741
15023,54,50,0.0740741
15029,54,50,0.0740741
15037,54,50,0.0740741
15041,54,50,0.0740741
15050,54,50,0.0740741
15058,54,50,0.0740741
15065,54,50,0.0740741
15074,54,50,0.0740741
15080,54,50,0.0740741
15089,54,50,0.0740741
15097,54,50,0.0740741
15104,54,50,0.0740741
15112,54,50,0.0740741
15120,54,50,0.0740741
15124,54,50,0.0740741
15132,54,50,0.0740741
15141,54,50,0.0740741
15150,54,50,0.0740741
15158,54,50,0.0740741
15166,54,50,0.0740741
15175,54,50,0.0740741
15183,54,50,0.0740741
15191,54,50,0.0740741
15201,54,50,0.0740741
15211,54,50,0.0740741
15220,54,50,0.0740741
15228,54,50,0.0740741
15236,54,50,0.0740741
15243,54,50,0.0740741
15252,54,50,0.0740741
15260,54,50,0.0740741
15266,54,50,0.0740741
15273,54,50,0.0740741
15282,54,50,0.0740741
15288,54,50,0.0740741
15296,54,50,0.0740741
15303,54,50,0.0740741
15312,54,50,0.0740741
15315,54,50,0.0740741
15324,54,50,0.0740741
15330,54,50,0.0740741
15338,54,50,0.0740741
15340,54,50,0.0740741
15341,54,50,0.0740741
15350,54,50,0.0740741
15359,54,50,0.0740741
15365,54,50,0.0740741
15374,54,50,0.0740741
15382,54,50,0.0740741
15392,54,50,0.0740741
15398,54,50,0.0740741
15407,54,50,0.0740741
15415,54,50,0.0740741
15422,54,50,0.0740741
15431,54,50,0.0740741
15440,54,50,0.0740741
15449,54,50,0.0740741
15458,54,50,0.0740741
15466,54,50,0.0740741
15473,54,50,0.0740741
15481,54,50,0.0740741
15490,54,50,0.0740741
15497,54,50,0.0740741
15502,54,50,0.0740741
15510,54,50,0.0740741
15520,54,50,0.0740741
15529,54,50,0.0740741
15539,54,50,0.0740741
15545,54,50,0.0740741
15553,54,50,0.0740741
15560,54,50,0.0740741
15568,54,50,0.0740741
15577,54,50,0.0740741
15585,54,50,0.0740741
15595,54,50,0.0740741
15602,54,50,0.0740741
15610,54,50,0.0740741
15620,54,50,0.0740741
15628,54,50,0.0740741
15634,54,50,0.0740741
15643,54,50,0.0740741
15648,54,50,0.0740741
15656,54,50,0.0740741
15664,54,50,0.0740741
15670,54,50,0.0740741
15675,54,50,0.0740741
15683,54,50,0.0740741
15688,54,50,0.0740741
15696,54,50,0.0740741
15702,54,50,0.0740741
15710,54,50,0.0740741
15716,54,50,0.0740741
15725,54,50,0.0740741
15734,54,50,0.0740741
15744,54,50,0.0740741
15752,54,50,0.0740741
15760,54,50,0.0740741
15768,54,50,0.0740741
15776,54,50,0.0740741
15781,54,50,0.0740741
15789,54,50,0.0740741
15798,54,50,0.0740741
15807,54,50,0.0740741
15815,54,50,0.0740741
15825,54,50,0.0740741
15834,54,50,0.0740741
15842,54,50,0.0740741
15849,54,50,0.0740741
15856,54,50,0.0740741
15865,54,50,0.0740741
15873,54,50,0.0740741
15882,54,50,0.0740741
15891,54,50,0.0740741
15896,54,50,0.0740741
15903,54,50,0.0740741
15906,54,50,0.0740741
15910,54,50,0.0740741
15920,54,50,0.0740741
15927,54,50,0.0740741
15933,54,50,0.0740741
15941,54,50,0.0740741
15949,54,50,0.0740741
15955,54,50,0.0740741
15962,54,50,0.0740741
15968,54,50,0.0740741
15977,54,50,0.0740741
15983,54,50,0.0740741
15991,54,50,0.0740741
15999,54,50,0.0740741
16008,54,50,0.0740741
16018,54,50,0.0740741
16027,54,50,0.0740741
16033,54,50,0.0740741
16039,54,50,0.0740741
16048,54,50,0.0740741
16053,54,50,0.0740741
16062,54,50,0.0740741
16071,54,50,0.0740741
16079,54,50,0.0740741
16086,54,50,0.0740741
16094,54,50,0.0740741
16104,54,50,0.0740741
16111,54,50,0.0740741
16119,54,50,0.0740741
16128,54,50,0.0740741
16135,54,50,0.0740741
16145,54,50,0.0740741
16153,54,50,0.0740741
16161,54,50,0.0740741
16170,54,50,0.0740741
16178,54,50,0.0740741
16187,54,50,0.0740741
16196,54,50,0.0740741
16203,54,50,0.0740741
16212,54,50,0.0740741
16219,54,50,0.0740741
16227,54,50,0.0740741
16236,54,50,0.0740741
16244,54,50,0.0740741
16251,54,50,0.0740741
16259,54,50,0.0740741
16263,54,50,0.0740741
16272,54,50,0.0740741
16279,54,50,0.0740741
16288,54,50,0.0740741
16295,54,50,0.0740741
16302,54,50,0.0740741
16307,54,50,0.0740741
16316,54,50,0.0740741
16325,54,50,0.0740741
16332,54,50,0.0740741
16339,54,50,0.0740741
16347,54,50,0.0740741
16355,54,50,0.0740741
16362,54,50,0.0740741
16370,54,50,0.0740741
16378,54,50,0.0740741
16386,54,50,0.0740741
16393,54,50,0.0740741
16401,54,50,0.0740741
16410,54,50,0.0740741
16417,54,50,0.0740741
16422,54,50,0.0740741
16429,54,50,0.0740741
16436,54,50,0.0740741
16445,54,50,0.0740741
16452,54,50,0.0740741
16457,54,50,0.0740741
16460,54,50,0.0740741
16468,54,50,0.0740741
16477,54,50,0.0740741
16485,54,50,0.0740741
16493,54,50,0.0740741
16502,54,50,0.0740741
16510,54,50,0.0740741
16520,54,50,0.0740741
16530,54,50,0.0740741
16539,54,50,0.0740741
16547,54,50,0.0740741
16554,54,50,0.0740741
16559,54,50,0.0740741
16568,54,50,0.0740741
16576,54,50,0.0740741
16585,54,50,0.0740741
16595,54,50,0.0740741
16604,54,50,0.0740741
16612,54,50,0.0740741
16622,54,50,0.0740741
16630,54,50,0.0740741
16638,54,50,0.0740741
16646,54,50,0.0740741
16656,54,50,0.0740741
16665,54,50,0.0740741
16674,54,50,0.0740741
16681,54,50,0.0740741
16690,54,50,0.0740741
16699,54,50,0.0740741
16708,54,50,0.0740741
16716,54,50,0.0740741
16721,54,50,0.0740741
16727,54,50,0.0740741
16736,54,50,0.0740741
16745,54,50,0.0740741
16754,54,50,0.0740741
16758,54,50,0.0740741
16767,54,50,0.0740741
16775,54,50,0.0740741
16783,54,50,0.0740741
16787,54,50,0.0740741
16794,54,50,0.0740741
16802,54,50,0.0740741
16807,54,50,0.0740741
16816,54,50,0.0740741
16825,54,50,0.0740741
16835,54,50,0.0740741
16843,54,50,0.0740741
16851,54,50,0.0740741
16858,54,50,0.0740741
16866,54,50,0.0740741
16872,54,50,0.0740741
16880,54,50,0.0740741
16890,54,50,0.0740741
16899,54,50,0.0740741
16908,54,50,0.0740741
16918,54,50,0.0740741
16928,54,50,0.0740741
16936,54,50,0.0740741
16946,54,50,0.0740741
16954,54,50,0.0740741
16960,54,50,0.0740741
16964,54,50,0.0740741
16969,54,50,0.0740741
16977,54,50,0.0740741
16987,54,50,0.0740741
16992,54,50,0.0740741
17001,54,50,0.0740741
17007,54,50,0.0740741
17014,54,50,0.0740741
17023,54,50,0.0740741
17030,54,50,0.0740741
17036,54,50,0.0740741
17038,54,50,0.0740741
17047,54,50,0.0740741
17054,54,50,0.0740741
17061,54,50,0.0740741
17069,54,50,0.0740741
17076,54,50,0.0740741
17085,54,50,0.0740741
17094,54,50,0.0740741
17103,54,50,0.0740741
17113,54,50,0.0740741
17122,54,50,0.0740741
17130,54,50,0.0740741
17140,54,50,0.0740741
17149,54,50,0.0740741
17157,54,50,0.0740741
17159,54,50,0.0740741
17166,54,50,0.0740741
17169,54,50,0.0740741
17171,54,50,0.0740741
17179,54,50,0.0740741
17189,54,50,0.0740741
17196,54,50,0.0740741
17203,54,50,0.0740741
17213,54,50,0.0740741
17223,54,50,0.0740741
17232,54,50,0.0740741
17238,54,50,0.0740741
17247,54,50,0.0740741
17253,54,50,0.0740741
17261,54,50,0.0740741
17271,54,50,0.0740741
17281,54,50,0.0740741
17290,54,50,0.0740741
17300,54,50,0.0740741
17309,54,50,0.0740741
17315,54,50,0.0740741
17324,54,50,0.0740741
17334,54,50,0.0740741
17342,54,50,0.0740741
17350,54,50,0.0740741
17357,54,50,0.0740741
17366,54,50,0.0740741
17375,54,50,0.0740741
17385,54,50,0.0740741
17394,54,50,0.0740741
17404,54,50,0.0740741
17410,54,50,0.0740741
17420,54,50,0.0740741
17428,54,50,0.0740741
17438,54,50,0.0740741
17443,54,50,0.0740741
17453,54,50,0.0740741
17458,54,50,0.0740741
17466,54,50,0.0740741
17474,54,50,0.0740741
17484,54,50,0.0740741
17490,54,50,0.0740741
17499,54,50,0.0740741
17508,54,50,0.0740741
17516,54,50,0.0740741
17524,54,50,0.0740741
17530,54,50,0.0740741
17539,54,50,0.0740741
17545,54,50,0.0740741
17550,54,50,0.0740741
17559,54,50,0.0740741
17568,54,50,0.0740741
17578,54,50,0.0740741
17588,54,50,0.0740741
17598,54,50,0.0740741
17607,54,50,0.0740741
17616,54,50,0.0740741
17625,54,50,0.0740741
17635,54,50,0.0740741
17643,54,50,0.0740741
17652,54,50,0.0740741
17659,54,50,0.0740741
17670,54,50,0.0740741
17678,54,50,0.0740741
17687,54,50,0.0740741
17696,54,50,0.0740741
17706,54,50,0.0740741
17715,54,50,0.0740741
17724,54,50,0.0740741
17733,54,50,0.0740741
17743,54,50,0.0740741
17749,54,50,0.0740741
17756,54,50,0.0740741
17763,54,50,0.0740741
17771,54,50,0.0740741
17781,54,50,0.0740741
17791,54,50,0.0740741
17801,54,50,0.0740741
17810,54,50,0.0740741
17817,54,50,0.0740741
17827,54,50,0.0740741
17837,54,50,0.0740741
17846,54,50,0.0740741
17856,54,50,0.0740741
17866,54,50,0.0740741
17874,54,50,0.0740741
17882,54,50,0.0740741
17891,54,50,0.0740741
17901,54,50,0.0740741
17909,54,50,0.0740741
17918,54,50,0.0740741
17926,54,50,0.0740741
17936,54,50,0.0740741
17944,54,50,0.0740741
17953,54,50,0.0740741
17961,54,50,0.0740741
17964,54,50,0.0740741
17972,54,50,0.0740741
17979,54,50,0.0740741
17987,54,50,0.0740741
17996,54,50,0.0740741
18006,54,50,0.0740741
18014,54,50,0.0740741
18024,54,50,0.0740741
18034,54,50,0.0740741
18039,54,50,0.0740741
18044,54,50,0.0740741
18054,54,50,0.0740741
18063,54,50,0.0740741
18074,54,50,0.0740741
18083,54,50,0.0740741
18092,54,50,0.0740741
18100,54,50,0.0740741
18109,54,50,0.0740741
18117,54,50,0.0740741
18127,54,50,0.0740741
18135,54,50,0.0740741
18143,54,50,0.0740741
18153,54,50,0.0740741
18163,54,50,0.0740741
18173,54,50,0.0740741
18183,54,50,0.0740741
18191,54,50,0.0740741
18200,54,50,0.0740741
18210,54,50,0.0740741
18219,54,50,0.0740741
18229,54,50,0.0740741
18238,54,50,0.0740741
18248,54,50,0.0740741
18255,54,50,0.0740741
18260,54,50,0.0740741
18267,54,50,0.0740741
18277,54,50,0.0740741
18284,54,50,0.0740741
18293,54,50,0.0740741
18303,54,50,0.0740741
18312,54,50,0.0740741
18321,54,50,0.0740741
18329,54,50,0.0740741
18339,54,50,0.0740741
18349,54,50,0.0740741
18356,54,50,0.0740741
18361,54,50,0.0740741
18371,54,50,0.0740741
18379,54,50,0.0740741
18389,54,50,0.0740741
18397,54,50,0.0740741
18406,54,50,0.0740741
18414,54,50,0.0740741
18425,54,50,0.0740741
18434,54,50,0.0740741
18441,54,50,0.0740741
18443,54,50,0.0740741
18450,54,50,0.0740741
18456,54,50,0.0740741
18465,54,50,0.0740741
18475,54,50,0.0740741
18482,54,50,0.0740741
18490,54,50,0.0740741
18500,54,50,0.0740741
18507,54,50,0.0740741
18515,54,50,0.0740741
18524,54,50,0.0740741
18534,54,50,0.0740741
18541,54,50,0.0740741
18549,54,50,0.0740741
18556,54,50,0.0740741
18566,54,50,0.0740741
18576,54,50,0.0740741
18585,54,50,0.0740741
18590,54,50,0.0740741
18594,54,50,0.0740741
18604,54,50,0.0740741
18611,54,50,0.0740741
18622,54,50,0.0740741
18629,54,50,0.0740741
18629,54,50,0.0740741
18637,54,50,0.0740741
18647,54,50,0.0740741
18656,54,50,0.0740741
18666,54,50,0.0740741
18672,54,50,0.0740741
18682,54,50,0.0740741
18692,54,50,0.0740741
18702,54,50,0.0740741
18709,54,50,0.0740741
18719,54,50,0.0740741
18730,54,50,0.0740741
18738,54,50,0.0740741
18747,54,50,0.0740741
18756,54,50,0.0740741
18765,54,50,0.0740741
18775,54,50,0.0740741
18781,54,50,0.0740741
18786,54,50,0.0740741
18793,54,50,0.0740741
18802,54,50,0.0740741
18808,54,50,0.0740741
18816,54,50,0.0740741
18825,54,50,0.0740741
18832,54,50,0.0740741
18843,54,50,0.0740741
18852,54,50,0.0740741
18856,54,50,0.0740741
18861,54,50,0.0740741
18868,54,50,0.0740741
18874,54,50,0.0740741
18883,54,50,0.0740741
18892,54,50,0.0740741
18902,54,50,0.0740741
18913,54,50,0.0740741
18923,54,50,0.0740741
18932,54,50,0.0740741
18941,54,50,0.0740741
18951,54,50,0.0740741
18962,54,50,0.0740741
18969,54,50,0.0740741
18974,54,50,0.0740741
18980,54,50,0.0740741
18989,54,50,0.0740741
18997,54,50,0.0740741
19004,54,50,0.0740741
19013,54,50,0.0740741
19021,54,50,0.0740741
19029,54,50,0.0740741
19038,54,50,0.0740741
19048,54,50,0.0740741
19056,54,50,0.0740741
19066,54,50,0.0740741
19071,54,50,0.0740741
19074,54,50,0.0740741
19083,54,50,0.0740741
19091,54,50,0.0740741
19097,54,50,0.0740741
19107,54,50,0.0740741
19116,54,50,0.0740741
19127,54,50,0.0740741
19135,54,50,0.0740741
19144,54,50,0.0740741
19151,54,50,0.0740741
19160,54,50,0.0740741
19169,54,50,0.0740741
19178,54,50,0.0740741
19184,54,50,0.0740741
19190,54,50,0.0740741
19200,54,50,0.0740741
19210,54,50,0.0740741
19219,54,50,0.0740741
19227,54,50,0.0740741
19235,54,50,0.0740741
19245,54,50,0.0740741
19254,54,50,0.0740741
19262,54,50,0.0740741
19270,54,50,0.0740741
19280,54,50,0.0740741
19287,54,50,0.0740741
19296,54,50,0.0740741
19306,54,50,0.0740741
19316,54,50,0.0740741
19326,54,50,0.0740741
19336,54,50,0.0740741
19346,54,50,0.0740741
19357,54,50,0.0740741
19367,54,50,0.0740741
19378,54,50,0.0740741
19388,54,50,0.0740741
19399,54,50,0.0740741
19410,54,50,0.0740741
19420,54,50,0.0740741
19430,54,50,0.0740741
19439,54,50,0.0740741
19449,54,50,0.0740741
19458,54,50,0.0740741
19467,54,50,0.0740741
19478,54,50,0.0740741
19488,54,50,0.0740741
19499,54,50,0.0740741
19508,54,50,0.0740741
19518,54,50,0.0740741
19528,54,50,0.0740741
19537,54,50,0.0740741
19548,54,50,0.0740741
19558,54,50,0.0740741
19568,54,50,0.0740741
19578,54,50,0.0740741
19584,54,50,0.0740741
19593,54,50,0.0740741
19603,54,50,0.0740741
19613,54,50,0.0740741
19623,54,50,0.0740741
19632,54,50,0.0740741
19643,54,50,0.0740741
19652,54,50,0.0740741
19662,54,50,0.0740741
19671,54,50,0.0740741
19681,54,50,0.0740741
19691,54,50,0.0740741
19702,54,50,0.0740741
19710,54,50,0.0740741
19720,54,50,0.0740741
19731,54,50,0.0740741
19739,54,50,0.0740741
19750,54,50,0.0740741
19761,54,50,0.0740741
19772,54,50,0.0740741
19779,54,50,0.0740741
19788,54,50,0.0740741
19798,54,50,0.0740741
19808,54,50,0.0740741
19817,54,50,0.0740741
19828,54,50,0.0740741
19839,54,50,0.0740741
19847,54,50,0.0740741
19857,54,50,0.0740741
19867,54,50,0.0740741
19878,54,50,0.0740741
19888,54,50,0.0740741
19899,54,50,0.0740741
19906,54,50,0.0740741
19911,54,50,0.0740741
19921,54,50,0.0740741
19932,54,50,0.0740741
19940,54,50,0.0740741
19948,54,50,0.0740741
19957,54,50,0.0740741
19965,54,50,0.0740741
19971,54,50,0.0740741
19982,54,50,0.0740741
19992,54,50,0.0740741
20002,54,50,0.0740741
20008,54,50,0.0740741
20018,54,50,0.0740741
20028,54,50,0.0740741
20035,54,50,0.0740741
20045,54,50,0.0740741
20052,54,50,0.0740741
20062,54,50,0.0740741
20071,54,50,0.0740741
20079,54,50,0.0740741
20089,54,50,0.0740741
20100,54,50,0.0740741
20110,54,50,0.0740741
20118,54,50,0.0740741
20128,54,50,0.0740741
20136,54,50,0.0740741
20145,54,50,0.0740741
20156,54,50,0.0740741
20165,54,50,0.0740741
20174,54,50,0.0740741
20186,54,50,0.0740741
20195,54,50,0.0740741
20206,54,50,0.0740741
20217,54,50,0.0740741
20227,54,50,0.0740741
20236,54,50,0.0740741
20246,54,50,0.0740741
20257,54,50,0.0740741
20266,54,50,0.0740741
20276,54,50,0.0740741
20280,54,50,0.0740741
20283,54,50,0.0740741
20291,54,50,0.0740741
20302,54,50,0.0740741
20312,54,50,0.0740741
20323,54,50,0.0740741
20325,54,50,0.0740741
20332,54,50,0.0740741
20342,54,50,0.0740741
20352,54,50,0.0740741
20361,54,50,0.0740741
20371,54,50,0.0740741
20381,54,50,0.0740741
20391,54,50,0.0740741
20401,54,50,0.0740741
20411,54,50,0.0740741
20422,54,50,0.0740741
20432,54,50,0.0740741
20439,54,50,0.0740741
20450,54,50,0.0740741
20460,54,50,0.0740741
20468,54,50,0.0740741
20478,54,50,0.0740741
20488,54,50,0.0740741
20498,54,50,0.0740741
20509,54,50,0.0740741
20517,54,50,0.0740741
20524,54,50,0.0740741
20534,54,50,0.0740741
20543,54,50,0.0740741
20552,54,50,0.0740741
20561,54,50,0.0740741
20570,54,50,0.0740741
20580,54,50,0.0740741
20591,54,50,0.0740741
20599,54,50,0.0740741
20607,54,50,0.0740741
20618,54,50,0.0740741
20628,54,50,0.0740741
20634,54,50,0.0740741
20644,54,50,0.0740741
20655,54,50,0.0740741
20664,54,50,0.0740741
20673,54,50,0.0740741
20681,54,50,0.0740741
20691,54,50,0.0740741
20700,54,50,0.0740741
20710,54,50,0.0740741
20720,54,50,0.0740741
20730,54,50,0.0740741
20739,54,50,0.0740741
20750,54,50,0.0740741
20760,54,50,0.0740741
20771,54,50,0.0740741
20781,54,50,0.0740741
20790,54,50,0.0740741
20800,54,50,0.0740741
20809,54,50,0.0740741
20817,54,50,0.0740741
20828,54,50,0.0740741
20838,54,50,0.0740741
20849,54,50,0.0740741
20858,54,50,0.0740741
20868,54,50,0.0740741
20879,54,50,0.0740741
20888,54,50,0.0740741
20898,54,50,0.0740741
20908,54,50,0.0740741
20918,54,50,0.0740741
20929,54,50,0.0740741
20940,54,50,0.0740741
20951,54,50,0.0740741
20962,54,50,0.0740741
20969,54,50,0.0740741
20980,54,50,0.0740741
20987,54,50,0.0740741
20997,54,50,0.0740741
21008,54,50,0.0740741
21019,54,50,0.0740741
21030,54,50,0.0740741
21040,54,50,0.0740741
21048,54,50,0.0740741
21056,54,50,0.0740741
21066,54,50,0.0740741
21072,54,50,0.0740741
21080,54,50,0.0740741
21081,54,50,0.0740741
21087,54,50,0.0740741
21097,54,50,0.0740741
21109,54,50,0.0740741
21120,54,50,0.0740741
21130,54,50,0.0740741
21140,54,50,0.0740741
21150,54,50,0.0740741
21160,54,50,0.0740741
21169,54,50,0.0740741
21180,54,50,0.0740741
21190,54,50,0.0740741
21199,54,50,0.0740741
21208,54,50,0.0740741
21217,54,50,0.0740741
21227,54,50,0.0740741
21238,54,50,0.0740741
21247,54,50,0.0740741
21257,54,50,0.0740741
21268,54,50,0.0740741
21278,54,50,0.0740741
21288,54,50,0.0740741
21296,54,50,0.0740741
21305,54,50,0.0740741
21314,54,50,0.0740741
21317,54,50,0.0740741
21325,54,50,0.0740741
21335,54,50,0.0740741
21346,54,50,0.0740741
21356,54,50,0.0740741
21366,54,50,0.0740741
21378,54,50,0.0740741
21388,54,50,0.0740741
21398,54,50,0.0740741
21408,54,50,0.0740741
21419,54,50,0.0740741
21431,54,50,0.0740741
21441,54,50,0.0740741
21448,54,50,0.0740741
21458,54,50,0.0740741
21468,54,50,0.0740741
21476,54,50,0.0740741
21487,54,50,0.0740741
21497,54,50,0.0740741
21506,54,50,0.0740741
21517,54,50,0.0740741
21526,54,50,0.0740741
21537,54,50,0.0740741
21547,54,50,0.0740741
21558,54,50,0.0740741
21570,54,50,0.0740741
21579,54,50,0.0740741
21585,54,50,0.0740741
21593,54,50,0.0740741
21603,54,50,0.0740741
21606,54,50,0.0740741
21614,54,50,0.0740741
21624,54,50,0.0740741
21634,54,50,0.0740741
21645,54,50,0.0740741
21656,54,50,0.0740741
21666,54,50,0.0740741
21676,54,50,0.0740741
21686,54,50,0.0740741
21695,54,50,0.0740741
21704,54,50,0.0740741
21715,54,50,0.0740741
21726,54,50,0.0740741
21737,54,50,0.0740741
21748,54,50,0.0740741
21756,54,50,0.0740741
21766,54,50,0.0740741
21777,54,50,0.0740741
21787,54,50,0.0740741
21794,54,50,0.0740741
21801,54,50,0.0740741
21811,54,50,0.0740741
21819,54,50,0.0740741
21829,54,50,0.0740741
21837,54,50,0.0740741
21843,54,50,0.0740741
21853,54,50,0.0740741
21863,54,50,0.0740741
21874,54,50,0.0740741
21880,54,50,0.0740741
21888,54,50,0.0740741
21892,54,50,0.0740741
21899,54,50,0.0740741
21904,54,50,0.0740741
21910,54,50,0.0740741
21920,54,50,0.0740741
21929,54,50,0.0740741
21938,54,50,0.0740741
21948,54,50,0.0740741
21956,54,50,0.0740741
21968,54,50,0.0740741
21978,54,50,0.0740741
21989,54,50,0.0740741
22000,54,50,0.0740741
22010,54,50,0.0740741
22020,54,50,0.0740741
22024,54,50,0.0740741
22030,54,50,0.0740741
22040,54,50,0.0740741
22050,54,50,0.0740741
22061,54,50,0.0740741
22072,54,50,0.0740741
22080,54,50,0.0740741
22086,54,50,0.0740741
22095,54,50,0.0740741
22099,54,50,0.0740741
22109,54,50,0.0740741
22120,54,50,0.0740741
22130,54,50,0.0740741
22142,54,50,0.0740741
22151,54,50,0.0740741
22162,54,50,0.0740741
22173,54,50,0.0740741
22185,54,50,0.0740741
22193,54,50,0.0740741
22205,54,50,0.0740741
22216,54,50,0.0740741
22227,54,50,0.0740741
22238,54,50,0.0740741
22248,54,50,0.0740741
22259,54,50,0.0740741
22271,54,50,0.0740741
22282,54,50,0.0740741
22293,54,50,0.0740741
22300,54,50,0.0740741
22311,54,50,0.0740741
22323,54,50,0.0740741
22333,54,50,0.0740741
22344,54,50,0.0740741
22355,54,50,0.0740741
22367,54,50,0.0740741
22378,54,50,0.0740741
22385,54,50,0.0740741
22396,54,50,0.0740741
22407,54,50,0.0740741
22416,54,50,0.0740741
22426,54,50,0.0740741
22437,54,50,0.0740741
22449,54,50,0.0740741
22459,54,50,0.0740741
22469,54,50,0.0740741
22481,54,50,0.0740741
22489,54,50,0.0740741
22500,54,50,0.0740741
22510,54,50,0.0740741
22522,54,50,0.0740741
22534,54,50,0.0740741
22545,54,50,0.0740741
22557,54,50,0.0740741
22568,54,50,0.0740741
22580,54,50,0.0740741
22591,54,50,0.0740741
22601,54,50,0.0740741
22612,54,50,0.0740741
22624,54,50,0.0740741
22634,54,50,0.0740741
22643,54,50,0.0740741
22654,54,50,0.0740741
22666,54,50,0.0740741
22675,54,50,0.0740741
22686,54,50,0.0740741
22696,54,50,0.0740741
22706,54,50,0.0740741
22716,54,50,0.0740741
22727,54,50,0.0740741
22738,54,50,0.0740741
22748,54,50,0.0740741
22759,54,50,0.0740741
22770,54,50,0.0740741
22778,54,50,0.0740741
22789,54,50,0.0740741
22798,54,50,0.0740741
22807,54,50,0.0740741
22817,54,50,0.0740741
22829,54,50,0.0740741
22838,54,50,0.0740741
22849,54,50,0.0740741
22861,54,50,0.0740741
22869,54,50,0.0740741
22878,54,50,0.0740741
22889,54,50,0.0740741
22901,54,50,0.0740741
22908,54,50,0.0740741
22913,54,50,0.0740741
22923,54,50,0.0740741
22932,54,50,0.0740741
22939,54,50,0.0740741
22949,54,50,0.0740741
22956,54,50,0.0740741
22967,54,50,0.0740741
22972,54,50,0.0740741
22982,54,50,0.0740741
22991,54,50,0.0740741
23002,54,50,0.0740741
23014,54,50,0.0740741
23021,54,50,0.0740741
23031,54,50,0.0740741
23041,54,50,0.0740741
23049,54,50,0.0740741
23061,54,50,0.0740741
23072,54,50,0.0740741
23082,54,50,0.0740741
23093,54,50,0.0740741
23105,54,50,0.0740741
23116,54,50,0.0740741
23127,54,50,0.0740741
23138,54,50,0.0740741
23146,54,50,0.0740741
23150,54,50,0.0740741
23161,54,50,0.0740741
23169,54,50,0.0740741
23179,54,50,0.0740741
23190,54,50,0.0740741
23202,54,50,0.0740741
23211,54,50,0.0740741
23223,54,50,0.0740741
23234,54,50,0.0740741
23245,54,50,0.0740741
23257,54,50,0.0740741
23268,54,50,0.0740741
23279,54,50,0.0740741
23291,54,50,0.0740741
23301,54,50,0.0740741
23312,54,50,0.0740741
23324,54,50,0.0740741
23332,54,50,0.0740741
23343,54,50,0.0740741
23345,54,50,0.0740741
23349,54,50,0.0740741
23361,54,50,0.0740741
23372,54,50,0.0740741
23382,54,50,0.0740741
23393,54,50,0.0740741
23405,54,50,0.0740741
23416,54,50,0.0740741
23427,54,50,0.0740741
23434,54,50,0.0740741
23444,54,50,0.0740741
23455,54,50,0.0740741
23464,54,50,0.0740741
23476,54,50,0.0740741
23488,54,50,0.0740741
23500,54,50,0.0740741
23511,54,50,0.0740741
23521,54,50,0.0740741
23523,54,50,0.0740741
23529,54,50,0.0740741
23538,54,50,0.0740741
23549,54,50,0.0740741
23559,54,50,0.0740741
23570,54,50,0.0740741
23581,54,50,0.0740741
23591,54,50,0.0740741
23602,54,50,0.0740741
23614,54,50,0.0740741
23623,54,50,0.0740741
23632,54,50,0.0740741
23644,54,50,0.0740741
23656,54,50,0.0740741
23668,54,50,0.0740741
23677,54,50,0.0740741
23688,54,50,0.0740741
23698,54,50,0.0740741
23707,54,50,0.0740741
23718,54,50,0.0740741
23720,54,50,0.0740741
23724,54,50,0.0740741
23733,54,50,0.0740741
23744,54,50,0.0740741
23755,54,50,0.0740741
23766,54,50,0.0740741
23767,54,50,0.0740741
23774,54,50,0.0740741
23784,54,50,0.0740741
23794,54,50,0.0740741
23806,54,50,0.0740741
23818,54,50,0.0740741
23827,54,50,0.0740741
23839,54,50,0.0740741
23850,54,50,0.0740741
23859,54,50,0.0740741
23871,54,50,0.0740741
23882,54,50,0.0740741
23894,54,50,0.0740741
23905,54,50,0.0740741
23915,54,50,0.0740741
23926,54,50,0.0740741
23938,54,50,0.0740741
23950,54,50,0.0740741
23959,54,50,0.0740741
23972,54,50,0.0740741
23983,54,50,0.0740741
23995,54,50,0.0740741
24005,54,50,0.0740741
24017,54,50,0.0740741
24028,54,50,0.0740741
24037,54,50,0.0740741
24046,54,50,0.0740741
24057,54,50,0.0740741
24068,54,50,0.0740741
24076,54,50,0.0740741
24079,54,50,0.0740741
24090,54,50,0.0740741
24101,54,50,0.0740741
24111,54,50,0.0740741
24121,54,50,0.0740741
24127,54,50,0.0740741
24135,54,50,0.0740741
24146,54,50,0.0740741
24153,54,50,0.0740741
24163,54,50,0.0740741
24174,54,50,0.0740741
24187,54,50,0.0740741
24194,54,50,0.0740741
24203,54,50,0.0740741
24213,54,50,0.0740741
24224,54,50,0.0740741
24236,54,50,0.0740741
24248,54,50,0.0740741
24260,54,50,0.0740741
24271,54,50,0.0740741
24282,54,50,0.0740741
24293,54,50,0.0740741
24303,54,50,0.0740741
24314,54,50,0.0740741
24327,54,50,0.0740741
24337,54,50,0.0740741
24349,54,50,0.0740741
24360,54,50,0.0740741
24369,54,50,0.0740741
24381,54,50,0.0740741
24393,54,50,0.0740741
24404,54,50,0.0740741
24414,54,50,0.0740741
24425,54,50,0.0740741
24435,54,50,0.0740741
24446,54,50,0.0740741
24458,54,50,0.0740741
24466,54,50,0.0740741
24476,54,50,0.0740741
24488,54,50,0.0740741
24499,54,50,0.0740741
24507,54,50,0.0740741
24519,54,50,0.0740741
24531,54,50,0.0740741
24542,54,50,0.0740741
24554,54,50,0.0740741
24563,54,50,0.0740741
24574,54,50,0.0740741
24585,54,50,0.0740741
24597,54,50,0.0740741
24609,54,50,0.0740741
24619,54,50,0.0740741
24631,54,50,0.0740741
24643,54,50,0.0740741
24654,54,50,0.0740741
24666,54,50,0.0740741
24674,54,50,0.0740741
24686,54,50,0.0740741
24695,54,50,0.0740741
24705,54,50,0.0740741
24716,54,50,0.0740741
24727,54,50,0.0740741
24739,54,50,0.0740741
24751,54,50,0.0740741
24761,54,50,0.0740741
24770,54,50,0.0740741
24781,54,50,0.0740741
24793,54,50,0.0740741
24804,54,50,0.0740741
24816,54,50,0.0740741
24827,54,50,0.0740741
24836,54,50,0.0740741
24848,54,50,0.0740741
24859,54,50,0.0740741
24868,54,50,0.0740741
24877,54,50,0.0740741
24887,54,50,0.0740741
24894,54,50,0.0740741
24905,54,50,0.0740741
24916,54,50,0.0740741
24928,54,50,0.0740741
24940,54,50,0.0740741
24949,54,50,0.0740741
24959,54,50,0.0740741
24972,54,50,0.0740741
24984,54,50,0.0740741
24993,54,50,0.0740741
25005,54,50,0.0740741
25014,54,50,0.0740741
25025,54,50,0.0740741
25035,54,50,0.0740741
25044,54,50,0.0740741
25053,54,50,0.0740741
25060,54,50,0.0740741
25072,54,50,0.0740741
25084,54,50,0.0740741
25094,54,50,0.0740741
25106,54,50,0.0740741
25117,54,50,0.0740741
25128,54,50,0.0740741
25139,54,50,0.0740741
25148,54,50,0.0740741
25160,54,50,0.0740741
25169,54,50,0.0740741
25181,54,50,0.0740741
25191,54,50,0.0740741
25197,54,50,0.0740741
25206,54,50,0.0740741
25213,54,50,0.0740741
25225,54,50,0.0740741
25232,54,50,0.0740741
25242,54,50,0.0740741
25253,54,50,0.0740741
25265,54,50,0.0740741
25275,54,50,0.0740741
25283,54,50,0.0740741
25295,54,50,0.0740741
25304,54,50,0.0740741
25314,54,50,0.0740741
25318,54,50,0.0740741
25328,54,50,0.0740741
25337,54,50,0.0740741
25347,54,50,0.0740741
25356,54,50,0.0740741
25365,54,50,0.0740741
25377,54,50,0.0740741
25390,54,50,0.0740741
25402,54,50,0.0740741
25412,54,50,0.0740741
25423,54,50,0.0740741
25435,54,50,0.0740741
25445,54,50,0.0740741
25457,54,50,0.0740741
25468,54,50,0.0740741
25478,54,50,0.0740741
25490,54,50,0.0740741
25502,54,50,0.0740741
25512,54,50,0.0740741
25523,54,50,0.0740741
25535,54,50,0.0740741
25546,54,50,0.0740741
25557,54,50,0.0740741
25569,54,50,0.0740741
25582,54,50,0.0740741
25594,54,50,0.0740741
25606,54,50,0.0740741
25616,54,50,0.0740741
25626,54,50,0.0740741
25637,54,50,0.0740741
25650,54,50,0.0740741
25660,54,50,0.0740741
25670,54,50,0.0740741
25681,54,50,0.0740741
25691,54,50,0.0740741
25702,54,50,0.0740741
25712,54,50,0.0740741
25722,54,50,0.0740741
25735,54,50,0.0740741
25747,54,50,0.0740741
25759,54,50,0.0740741
25771,54,50,0.0740741
25782,54,50,0.0740741
25789,54,50,0.0740741
25801,54,50,0.0740741
25810,54,50,0.0740741
25821,54,50,0.0740741
25833,54,50,0.0740741
25840,54,50,0.0740741
25853,54,50,0.0740741
25865,54,50,0.0740741
25873,54,50,0.0740741
25882,54,50,0.0740741
25895,54,50,0.0740741
25906,54,50,0.0740741
25918,54,50,0.0740741
25929,54,50,0.0740741
25940,54,50,0.0740741
25952,54,50,0.0740741
25965,54,50,0.0740741
25976,54,50,0.0740741
25988,54,50,0.0740741
25999,54,50,0.0740741
26008,54,50,0.0740741
26020,54,50,0.0740741
26032,54,50,0.0740741
26044,54,50,0.0740741
26057,54,50,0.0740741
26069,54,50,0.0740741
26081,54,50,0.0740741
26093,54,50,0.0740741
26105,54,50,0.0740741
26116,54,50,0.0740741
26129,54,50,0.0740741
26141,54,50,0.0740741
26152,54,50,0.0740741
26164,54,50,0.0740741
26176,54,50,0.0740741
26188,54,50,0.0740741
26200,54,50,0.0740741
26211,54,50,0.0740741
26222,54,50,0.0740741
26233,54,50,0.0740741
26244,54,50,0.0740741
26256,54,50,0.0740741
26268,54,50,0.0740741
26279,54,50,0.0740741
26292,54,50,0.0740741
26304,54,50,0.0740741
26315,54,50,0.0740741
26327,54,50,0.0740741
26338,54,50,0.0740741
26347,54,50,0.0740741
26358,54,50,0.0740741
26370,54,50,0.0740741
26382,54,50,0.0740741
26391,54,50,0.0740741
26398,54,50,0.0740741
26411,54,50,0.0740741
26419,54,50,0.0740741
26427,54,50,0.0740741
26439,54,50,0.0740741
26451,54,50,0.0740741
26458,54,50,0.0740741
26470,54,50,0.0740741
26483,54,50,0.0740741
26496,54,50,0.0740741
26507,54,50,0.0740741
26517,54,50,0.0740741
26530,54,50,0.0740741
26538,54,50,0.0740741
26548,54,50,0.0740741
26560,54,50,0.0740741
26572,54,50,0.0740741
26585,54,50,0.0740741
26597,54,50,0.0740741
26609,54,50,0.0740741
26622,54,50,0.0740741
26634,54,50,0.0740741
26645,54,50,0.0740741
26656,54,50,0.0740741
26665,54,50,0.0740741
26677,54,50,0.0740741
26689,54,50,0.0740741
26703,54,50,0.0740741
26714,54,50,0.0740741
26728,54,50,0.0740741
26738,54,50,0.0740741
26749,54,50,0.0740741
26760,54,50,0.0740741
26771,54,50,0.0740741
26779,54,50,0.0740741
26790,54,50,0.0740741
26802,54,50,0.0740741
26811,54,50,0.0740741
26820,54,50,0.0740741
26832,54,50,0.0740741
26841,54,50,0.0740741
26854,54,50,0.0740741
26863,54,50,0.0740741
26870,54,50,0.0740741
26881,54,50,0.0740741
26886,54,50,0.0740741
26898,54,50,0.0740741
26910,54,50,0.0740741
26920,54,50,0.0740741
26931,54,50,0.0740741
26942,54,50,0.0740741
26954,54,50,0.0740741
26966,54,50,0.0740741
26978,54,50,0.0740741
26991,54,50,0.0740741
27004,54,50,0.0740741
27014,54,50,0.0740741
27026,54,50,0.0740741
27038,54,50,0.0740741
27050,54,50,0.0740741
27062,54,50,0.0740741
27075,54,50,0.0740741
27087,54,50,0.0740741
27100,54,50,0.0740741
27113,54,50,0.0740741
27122,54,50,0.0740741
27133,54,50,0.0740741
27145,54,50,0.0740741
27158,54,50,0.0740741
27170,54,50,0.0740741
27183,54,50,0.0740741
27195,54,50,0.0740741
27207,54,50,0.0740741
27219,54,50,0.0740741
27230,54,50,0.0740741
27243,54,50,0.0740741
27254,54,50,0.0740741
27264,54,50,0.0740741
27277,54,50,0.0740741
27289,54,50,0.0740741
27301,54,50,0.0740741
27312,54,50,0.0740741
27320,54,50,0.0740741
27326,54,50,0.0740741
27336,54,50,0.0740741
27348,54,50,0.0740741
27361,54,50,0.0740741
27372,54,50,0.0740741
27384,54,50,0.0740741
27395,54,50,0.0740741
27405,54,50,0.0740741
27418,54,50,0.0740741
27425,54,50,0.0740741
27437,54,50,0.0740741
27449,54,50,0.0740741
27460,54,50,0.0740741
27469,54,50,0.0740741
27482,54,50,0.0740741
27494,54,50,0.0740741
27507,54,50,0.0740741
27519,54,50,0.0740741
27531,54,50,0.0740741
27544,54,50,0.0740741
27556,54,50,0.0740741
27569,54,50,0.0740741
27582,54,50,0.0740741
27592,54,50,0.0740741
27603,54,50,0.0740741
27614,54,50,0.0740741
27627,54,50,0.0740741
27639,54,50,0.0740741
27646,54,50,0.0740741
27657,54,50,0.0740741
27664,54,50,0.0740741
27668,54,50,0.0740741
27678,54,50,0.0740741
27689,54,50,0.0740741
27696,54,50,0.0740741
27708,54,50,0.0740741
27716,54,50,0.0740741
27728,54,50,0.0740741
27740,54,50,0.0740741
27750,54,50,0.0740741
27761,54,50,0.0740741
27773,54,50,0.0740741
27786,54,50,0.0740741
27796,54,50,0.0740741
27809,54,50,0.0740741
27822,54,50,0.0740741
27834,54,50,0.0740741
27846,54,50,0.0740741
27859,54,50,0.0740741
27869,54,50,0.0740741
27882,54,50,0.0740741
27894,54,50,0.0740741
27906,54,50,0.0740741
27917,54,50,0.0740741
27928,54,50,0.0740741
27940,54,50,0.0740741
27950,54,50,0.0740741
27960,54,50,0.0740741
27971,54,50,0.0740741
27982,54,50,0.0740741
27992,54,50,0.0740741
28003,54,50,0.0740741
28012,54,50,0.0740741
28015,54,50,0.0740741
28027,54,50,0.0740741
28040,54,50,0.0740741
28053,54,50,0.0740741
28066,54,50,0.0740741
28077,54,50,0.0740741
28090,54,50,0.0740741
28102,54,50,0.0740741
28113,54,50,0.0740741
28121,54,50,0.0740741
28130,54,50,0.0740741
28142,54,50,0.0740741
28155,54,50,0.0740741
28167,54,50,0.0740741
28180,54,50,0.0740741
28192,54,50,0.0740741
28205,54,50,0.0740741
28216,54,50,0.0740741
28228,54,50,0.0740741
28240,54,50,0.0740741
28251,54,50,0.0740741
28260,54,50,0.0740741
28273,54,50,0.0740741
28283,54,50,0.0740741
28295,54,50,0.0740741
28307,54,50,0.0740741
28319,54,50,0.0740741
28332,54,50,0.0740741
28344,54,50,0.0740741
28357,54,50,0.0740741
28369,54,50,0.0740741
28381,54,50,0.0740741
28394,54,50,0.0740741
28406,54,50,0.0740741
28418,54,50,0.0740741
28425,54,50,0.0740741
28437,54,50,0.0740741
28451,54,50,0.0740741
28463,54,50,0.0740741
28476,54,50,0.0740741
28489,54,50,0.0740741
28502,54,50,0.0740741
28514,54,50,0.0740741
28526,54,50,0.0740741
28539,54,50,0.0740741
28550,54,50,0.0740741
28561,54,50,0.0740741
28574,54,50,0.0740741
28586,54,50,0.0740741
28598,54,50,0.0740741
28610,54,50,0.0740741
28623,54,50,0.0740741
28632,54,50,0.0740741
28639,54,50,0.0740741
28649,54,50,0.0740741
28660,54,50,0.0740741
28670,54,50,0.0740741
28683,54,50,0.0740741
28694,54,50,0.0740741
28706,54,50,0.0740741
28717,54,50,0.0740741
28729,54,50,0.0740741
28741,54,50,0.0740741
28754,54,50,0.0740741
28766,54,50,0.0740741
28779,54,50,0.0740741
28791,54,50,0.0740741
28801,54,50,0.0740741
28813,54,50,0.0740741
28826,54,50,0.0740741
28837,54,50,0.0740741
28848,54,50,0.0740741
28859,54,50,0.0740741
28871,54,50,0.0740741
28883,54,50,0.0740741
28896,54,50,0.0740741
28908,54,50,0.0740741
28915,54,50,0.0740741
28926,54,50,0.0740741
28938,54,50,0.0740741
28951,54,50,0.0740741
28962,54,50,0.0740741
28974,54,50,0.0740741
28987,54,50,0.0740741
29000,54,50,0.0740741
29011,54,50,0.0740741
29023,54,50,0.0740741
29035,54,50,0.0740741
29041,54,50,0.0740741
29051,54,50,0.0740741
29063,54,50,0.0740741
29076,54,50,0.0740741
29088,54,50,0.0740741
29099,54,50,0.0740741
29112,54,50,0.0740741
29123,54,50,0.0740741
29133,54,50,0.0740741
29145,54,50,0.0740741
29156,54,50,0.0740741
29166,54,50,0.0740741
29179,54,50,0.0740741
29190,54,50,0.0740741
29203,54,50,0.0740741
29216,54,50,0.0740741
29230,54,50,0.0740741
29239,54,50,0.0740741
29250,54,50,0.0740741
29262,54,50,0.0740741
29273,54,50,0.0740741
29284,54,50,0.0740741
29292,54,50,0.0740741
29302,54,50,0.0740741
29313,54,50,0.0740741
29324,54,50,0.0740741
29337,54,50,0.0740741
29349,54,50,0.0740741
29362,54,50,0.0740741
29371,54,50,0.0740741
29384,54,50,0.0740741
29397,54,50,0.0740741
29404,54,50,0.0740741
29418,54,50,0.0740741
29427,54,50,0.0740741
29432,54,50,0.0740741
29445,54,50,0.0740741
29455,54,50,0.0740741
29468,54,50,0.0740741
29477,54,50,0.0740741
29490,54,50,0.0740741
29502,54,50,0.0740741
29514,54,50,0.0740741
29526,54,50,0.0740741
29538,54,50,0.0740741
29551,54,50,0.0740741
29564,54,50,0.0740741
29574,54,50,0.0740741
29586,54,50,0.0740741
29600,54,50,0.0740741
29613,54,50,0.0740741
29626,54,50,0.0740741
29638,54,50,0.0740741
29651,54,50,0.0740741
29660,54,50,0.0740741
29674,54,50,0.0740741
29684,54,50,0.0740741
29696,54,50,0.0740741
29709,54,50,0.0740741
29719,54,50,0.0740741
29732,54,50,0.0740741
29745,54,50,0.0740741
29757,54,50,0.0740741
29770,54,50,0.0740741
29782,54,50,0.0740741
29795,54,50,0.0740741
29805,54,50,0.0740741
29818,54,50,0.0740741
29829,54,50,0.0740741
29839,54,50,0.0740741
29852,54,50,0.0740741
29865,54,50,0.0740741
29875,54,50,0.0740741
29889,54,50,0.0740741
29897,54,50,0.0740741
29910,54,50,0.0740741
29919,54,50,0.0740741
29927,54,50,0.0740741
29931,54,50,0.0740741
29943,54,50,0.0740741
29956,54,50,0.0740741
29968,54,50,0.0740741
29981,54,50,0.0740741
29992,54,50,0.0740741
30005,54,50,0.0740741
30018,54,50,0.0740741
30029,54,50,0.0740741
30041,54,50,0.0740741
30053,54,50,0.0740741
30063,54,50,0.0740741
30076,54,50,0.0740741
30085,54,50,0.0740741
30098,54,50,0.0740741
30106,54,50,0.0740741
30115,54,50,0.0740741
30127,54,50,0.0740741
30137,54,50,0.0740741
30149,54,50,0.0740741
30162,54,50,0.0740741
30175,54,50,0.0740741
30187,54,50,0.0740741
30200,54,50,0.0740741
30212,54,50,0.0740741
30224,54,50,0.0740741
30231,54,50,0.0740741
30243,54,50,0.0740741
30255,54,50,0.0740741
30267,54,50,0.0740741
30279,54,50,0.0740741
30292,54,50,0.0740741
30302,54,50,0.0740741
30313,54,50,0.0740741
30326,54,50,0.0740741
30337,54,50,0.0740741
30349,54,50,0.0740741
30362,54,50,0.0740741
30371,54,50,0.0740741
30382,54,50,0.0740741
30391,54,50,0.0740741
30403,54,50,0.0740741
30416,54,50,0.0740741
30429,54,50,0.0740741
30441,54,50,0.0740741
30452,54,50,0.0740741
30465,54,50,0.0740741
30476,54,50,0.0740741
30489,54,50,0.0740741
30500,54,50,0.0740741
30513,54,50,0.0740741
30521,54,50,0.0740741
30534,54,50,0.0740741
30544,54,50,0.0740741
30555,54,50,0.0740741
30567,54,50,0.0740741
30580,54,50,0.0740741
30592,54,50,0.0740741
30605,54,50,0.0740741
30618,54,50,0.0740741
30631,54,50,0.0740741
30641,54,50,0.0740741
30654,54,50,0.0740741
30666,54,50,0.0740741
30681,54,50,0.0740741
30694,54,50,0.0740741
30708,54,50,0.0740741
30718,54,50,0.0740741
30726,54,50,0.0740741
30735,54,50,0.0740741
30747,54,50,0.0740741
30757,54,50,0.0740741
30770,54,50,0.0740741
30783,54,50,0.0740741
30791,54,50,0.0740741
30804,54,50,0.0740741
30814,54,50,0.0740741
30825,54,50,0.0740741
30835,54,50,0.0740741
30846,54,50,0.0740741
30859,54,50,0.0740741
30871,54,50,0.0740741
30884,54,50,0.0740741
30898,54,50,0.0740741
30909,54,50,0.0740741
30921,54,50,0.0740741
30933,54,50,0.0740741
30946,54,50,0.0740741
30957,54,50,0.0740741
30972,54,50,0.0740741
30985,54,50,0.0740741
30998,54,50,0.0740741
31010,54,50,0.0740741
31022,54,50,0.0740741
31035,54,50,0.0740741
31040,54,50,0.0740741
31053,54,50,0.0740741
31063,54,50,0.0740741
31075,54,50,0.0740741
31089,54,50,0.0740741
31100,54,50,0.0740741
31112,54,50,0.0740741
31116,54,50,0.0740741
31125,54,50,0.0740741
31138,54,50,0.0740741
31151,54,50,0.0740741
31162,54,50,0.0740741
31175,54,50,0.0740741
31187,54,50,0.0740741
31200,54,50,0.0740741
31213,54,50,0.0740741
31224,54,50,0.0740741
31235,54,50,0.0740741
31246,54,50,0.0740741
31259,54,50,0.0740741
31271,54,50,0.0740741
31276,54,50,0.0740741
31289,54,50,0.0740741
31301,54,50,0.0740741
31313,54,50,0.0740741
31324,54,50,0.0740741
31333,54,50,0.0740741
31347,54,50,0.0740741
31359,54,50,0.0740741
31373,54,50,0.0740741
31382,54,50,0.0740741
31392,54,50,0.0740741
31404,54,50,0.0740741
31417,54,50,0.0740741
31428,54,50,0.0740741
31441,54,50,0.0740741
31452,54,50,0.0740741
31465,54,50,0.0740741
31476,54,50,0.0740741
31489,54,50,0.0740741
31500,54,50,0.0740741
31509,54,50,0.0740741
31513,54,50,0.0740741
31526,54,50,0.0740741
31534,54,50,0.0740741
31535,54,50,0.0740741
31546,54,50,0.0740741
31558,54,50,0.0740741
31570,54,50,0.0740741
31580,54,50,0.0740741
31593,54,50,0.0740741
31607,54,50,0.0740741
31619,54,50,0.0740741
31632,54,50,0.0740741
31645,54,50,0.0740741
31659,54,50,0.0740741
31671,54,50,0.0740741
31680,54,50,0.0740741
31686,54,50,0.0740741
31697,54,50,0.0740741
31710,54,50,0.0740741
31724,54,50,0.0740741
31735,54,50,0.0740741
31749,54,50,0.0740741
31760,54,50,0.0740741
31773,54,50,0.0740741
31782,54,50,0.0740741
31787,54,50,0.0740741
31801,54,50,0.0740741
31809,54,50,0.0740741
31818,54,50,0.0740741
31832,54,50,0.0740741
31844,54,50,0.0740741
31858,54,50,0.0740741
31872,54,50,0.0740741
31885,54,50,0.0740741
31898,54,50,0.0740741
31911,54,50,0.0740741
31925,54,50,0.0740741
31938,54,50,0.0740741
31951,54,50,0.0740741
31965,54,50,0.0740741
31979,54,50,0.0740741
31990,54,50,0.0740741
31996,54,50,0.0740741
32010,54,50,0.0740741
32023,54,50,0.0740741
32035,54,50,0.0740741
32041,54,50,0.0740741
32054,54,50,0.0740741
32068,54,50,0.0740741
32077,54,50,0.0740741
32088,54,50,0.0740741
32102,54,50,0.0740741
32116,54,50,0.0740741
32128,54,50,0.0740741
32141,54,50,0.0740741
32153,54,50,0.0740741
32166,54,50,0.0740741
32177,54,50,0.0740741
32191,54,50,0.0740741
32202,54,50,0.0740741
32216,54,50,0.0740741
32225,54,50,0.0740741
32236,54,50,0.0740741
32248,54,50,0.0740741
32257,54,50,0.0740741
32270,54,50,0.0740741
32283,54,50,0.0740741
32296,54,50,0.0740741
32308,54,50,0.0740741
32322,54,50,0.0740741
32335,54,50,0.0740741
32347,54,50,0.0740741
32357,54,50,0.0740741
32370,54,50,0.0740741
32379,54,50,0.0740741
32392,54,50,0.0740741
32402,54,50,0.0740741
32414,54,50,0.0740741
32421,54,50,0.0740741
32434,54,50,0.0740741
32447,54,50,0.0740741
32459,54,50,0.0740741
32472,54,50,0.0740741
32479,54,50,0.0740741
32493,54,50,0.0740741
32507,54,50,0.0740741
32521,54,50,0.0740741
32532,54,50,0.0740741
32545,54,50,0.0740741
32558,54,50,0.0740741
32571,54,50,0.0740741
32582,54,50,0.0740741
32593,54,50,0.0740741
32607,54,50,0.0740741
32621,54,50,0.0740741
32634,54,50,0.0740741
32647,54,50,0.0740741
32656,54,50,0.0740741
32667,54,50,0.0740741
32679,54,50,0.0740741
32686,54,50,0.0740741
32686,54,50,0.0740741
32698,54,50,0.0740741
32711,54,50,0.0740741
32722,54,50,0.0740741
32734,54,50,0.0740741
32746,54,50,0.0740741
32760,54,50,0.0740741
32773,54,50,0.0740741
32786,54,50,0.0740741
32800,54,50,0.0740741
32812,54,50,0.0740741
32822,54,50,0.0740741
32832,54,50,0.0740741
32844,54,50,0.0740741
32857,54,50,0.0740741
32870,54,50,0.0740741
32882,54,50,0.0740741
32894,54,50,0.0740741
32909,54,50,0.0740741
32922,54,50,0.0740741
32935,54,50,0.0740741
32946,54,50,0.0740741
32959,54,50,0.0740741
32973,54,50,0.0740741
32985,54,50,0.0740741
32998,54,50,0.0740741
33011,54,50,0.0740741
33025,54,50,0.0740741
33037,54,50,0.0740741
33050,54,50,0.0740741
33061,54,50,0.0740741
33075,54,50,0.0740741
33088,54,50,0.0740741
33101,54,50,0.0740741
33112,54,50,0.0740741
33125,54,50,0.0740741
33137,54,50,0.0740741
33150,54,50,0.0740741
33158,54,50,0.0740741
33170,54,50,0.0740741
33184,54,50,0.0740741
33196,54,50,0.0740741
33209,54,50,0.0740741
33219,54,50,0.0740741
33231,54,50,0.0740741
33239,54,50,0.0740741
33247,54,50,0.0740741
33260,54,50,0.0740741
33274,54,50,0.0740741
33288,54,50,0.0740741
33302,54,50,0.0740741
33315,54,50,0.0740741
33325,54,50,0.0740741
33338,54,50,0.0740741
33345,54,50,0.0740741
33357,54,50,0.0740741
33370,54,50,0.0740741
33382,54,50,0.0740741
33393,54,50,0.0740741
33407,54,50,0.0740741
33420,54,50,0.0740741
33432,54,50,0.0740741
33443,54,50,0.0740741
33457,54,50,0.0740741
33470,54,50,0.0740741
33482,54,50,0.0740741
33494,54,50,0.0740741
33506,54,50,0.0740741
33517,54,50,0.0740741
33529,54,50,0.0740741
33542,54,50,0.0740741
33550,54,50,0.0740741
33562,54,50,0.0740741
33571,54,50,0.0740741
33585,54,50,0.0740741
33597,54,50,0.0740741
33604,54,50,0.0740741
33618,54,50,0.0740741
33629,54,50,0.0740741
33640,54,50,0.0740741
33653,54,50,0.0740741
33666,54,50,0.0740741
33677,54,50,0.0740741
33685,54,50,0.0740741
33699,54,50,0.0740741
33710,54,50,0.0740741
33723,54,50,0.0740741
33737,54,50,0.0740741
33747,54,50,0.0740741
33758,54,50,0.0740741
33771,54,50,0.0740741
33783,54,50,0.0740741
33789,54,50,0.0740741
33804,54,50,0.0740741
33816,54,50,0.0740741
33830,54,50,0.0740741
33841,54,50,0.0740741
33852,54,50,0.0740741
33865,54,50,0.0740741
33877,54,50,0.0740741
33891,54,50,0.0740741
33905,54,50,0.0740741
33934,54,50,0.0740741
33948,54,50,0.0740741
33962,54,50,0.0740741
33973,54,50,0.0740741
33986,54,50,0.0740741
34000,54,50,0.0740741
34015,54,50,0.0740741
34029,54,50,0.0740741
34041,54,50,0.0740741
34054,54,50,0.0740741
34068,54,50,0.0740741
34081,54,50,0.0740741
34093,54,50,0.0740741
34107,54,50,0.0740741
34120,54,50,0.0740741
34132,54,50,0.0740741
34145,54,50,0.0740741
34159,54,50,0.0740741
34172,54,50,0.0740741
34180,54,50,0.0740741
34194,54,50,0.0740741
34207,54,50,0.0740741
34222,54,50,0.0740741
34235,54,50,0.0740741
34241,54,50,0.0740741
34254,54,50,0.0740741
34267,54,50,0.0740741
34276,54,50,0.0740741
34289,54,50,0.0740741
34303,54,50,0.0740741
34313,54,50,0.0740741
34325,54,50,0.0740741
34339,54,50,0.0740741
34351,54,50,0.0740741
34364,54,50,0.0740741
34376,54,50,0.0740741
34391,54,50,0.0740741
34402,54,50,0.0740741
34415,54,50,0.0740741
34425,54,50,0.0740741
34436,54,50,0.0740741
34448,54,50,0.0740741
34460,54,50,0.0740741
34474,54,50,0.0740741
34488,54,50,0.0740741
34501,54,50,0.0740741
34512,54,50,0.0740741
34525,54,50,0.0740741
34537,54,50,0.0740741
34551,54,50,0.0740741
34564,54,50,0.0740741
34577,54,50,0.0740741
34590,54,50,0.0740741
34605,54,50,0.0740741
34618,54,50,0.0740741
34630,54,50,0.0740741
34644,54,50,0.0740741
34657,54,50,0.0740741
34671,54,50,0.0740741
34684,54,50,0.0740741
34698,54,50,0.0740741
34711,54,50,0.0740741
34726,54,50,0.0740741
34735,54,50,0.0740741
34748,54,50,0.0740741
34761,54,50,0.0740741
34774,54,50,0.0740741
34788,54,50,0.0740741
34799,54,50,0.0740741
34813,54,50,0.0740741
34826,54,50,0.0740741
34839,54,50,0.0740741
34853,54,50,0.0740741
34867,54,50,0.0740741
34880,54,50,0.0740741
34894,54,50,0.0740741
34905,54,50,0.0740741
34918,54,50,0.0740741
34929,54,50,0.0740741
34942,54,50,0.0740741
34955,54,50,0.0740741
34968,54,50,0.0740741
34981,54,50,0.0740741
34995,54,50,0.0740741
35009,54,50,0.0740741
35024,54,50,0.0740741
35034,54,50,0.0740741
35045,54,50,0.0740741
35059,54,50,0.0740741
35073,54,50,0.0740741
35086,54,50,0.0740741
35097,54,50,0.0740741
35108,54,50,0.0740741
35121,54,50,0.0740741
35131,54,50,0.0740741
35145,54,50,0.0740741
35158,54,50,0.0740741
35173,54,50,0.0740741
35185,54,50,0.0740741
35197,54,50,0.0740741
35210,54,50,0.0740741
35224,54,50,0.0740741
35237,54,50,0.0740741
35249,54,50,0.0740741
35262,54,50,0.0740741
35274,54,50,0.0740741
35286,54,50,0.0740741
35300,54,50,0.0740741
35312,54,50,0.0740741
35326,54,50,0.0740741
35339,54,50,0.0740741
35352,54,50,0.0740741
35366,54,50,0.0740741
35376,54,50,0.0740741
35389,54,50,0.0740741
35402,54,50,0.0740741
35403,54,50,0.0740741
35409,54,50,0.0740741
35422,54,50,0.0740741
35436,54,50,0.0740741
35448,54,50,0.0740741
35461,54,50,0.0740741
35475,54,50,0.0740741
35488,54,50,0.0740741
35498,54,50,0.0740741
35513,54,50,0.0740741
35525,54,50,0.0740741
35537,54,50,0.0740741
35550,54,50,0.0740741
35562,54,50,0.0740741
35575,54,50,0.0740741
35590,54,50,0.0740741
35601,54,50,0.0740741
35615,54,50,0.0740741
35629,54,50,0.0740741
35644,54,50,0.0740741
35657,54,50,0.0740741
35671,54,50,0.0740741
35685,54,50,0.0740741
35698,54,50,0.0740741
35710,54,50,0.0740741
35723,54,50,0.0740741
35736,54,50,0.0740741
35749,54,50,0.0740741
35758,54,50,0.0740741
35770,54,50,0.0740741
35785,54,50,0.0740741
35794,54,50,0.0740741
35807,54,50,0.0740741
35811,54,50,0.0740741
35821,54,50,0.0740741
35836,54,50,0.0740741
35850,54,50,0.0740741
35862,54,50,0.0740741
35872,54,50,0.0740741
35887,54,50,0.0740741
35900,54,50,0.0740741
35913,54,50,0.0740741
35925,54,50,0.0740741
35939,54,50,0.0740741
35953,54,50,0.0740741
35967,54,50,0.0740741
35979,54,50,0.0740741
35993,54,50,0.0740741
36006,54,50,0.0740741
36021,54,50,0.0740741
36035,54,50,0.0740741
36047,54,50,0.0740741
36061,54,50,0.0740741
36076,54,50,0.0740741
36089,54,50,0.0740741
36102,54,50,0.0740741
36116,54,50,0.0740741
36123,54,50,0.0740741
36136,54,50,0.0740741
36145,54,50,0.0740741
36156,54,50,0.0740741
36169,54,50,0.0740741
36183,54,50,0.0740741
36198,54,50,0.0740741
36213,54,50,0.0740741
36226,54,50,0.0740741
36239,54,50,0.0740741
36253,54,50,0.0740741
36266,54,50,0.0740741
36278,54,50,0.0740741
36290,54,50,0.0740741
36304,54,50,0.0740741
36317,54,50,0.0740741
36330,54,50,0.0740741
36330,54,50,0.0740741
36339,54,50,0.0740741
36351,54,50,0.0740741
36360,54,50,0.0740741
36373,54,50,0.0740741
36387,54,50,0.0740741
36399,54,50,0.0740741
36413,54,50,0.0740741
36423,54,50,0.0740741
36437,54,50,0.0740741
36449,54,50,0.0740741
36459,54,50,0.0740741
36473,54,50,0.0740741
36485,54,50,0.0740741
36499,54,50,0.0740741
36512,54,50,0.0740741
36525,54,50,0.0740741
36539,54,50,0.0740741
36551,54,50,0.0740741
36564,54,50,0.0740741
36578,54,50,0.0740741
36592,54,50,0.0740741
36606,54,50,0.0740741
36620,54,50,0.0740741
36633,54,50,0.0740741
36647,54,50,0.0740741
36662,54,50,0.0740741
36675,54,50,0.0740741
36690,54,50,0.0740741
36704,54,50,0.0740741
36719,54,50,0.0740741
36733,54,50,0.0740741
36746,54,50,0.0740741
36760,54,50,0.0740741
36773,54,50,0.0740741
36782,54,50,0.0740741
36795,54,50,0.0740741
36808,54,50,0.0740741
36820,54,50,0.0740741
36834,54,50,0.0740741
36847,54,50,0.0740741
36861,54,50,0.0740741
36875,54,50,0.0740741
36889,54,50,0.0740741
36903,54,50,0.0740741
36917,54,50,0.0740741
36931,54,50,0.0740741
36946,54,50,0.0740741
36958,54,50,0.0740741
36972,54,50,0.0740741
36984,54,50,0.0740741
36997,54,50,0.0740741
37010,54,50,0.0740741
37021,54,50,0.0740741
37032,54,50,0.0740741
37043,54,50,0.0740741
37057,54,50,0.0740741
37070,54,50,0.0740741
37085,54,50,0.0740741
37099,54,50,0.0740741
37114,54,50,0.0740741
37128,54,50,0.0740741
37142,54,50,0.0740741
37156,54,50,0.0740741
37171,54,50,0.0740741
37183,54,50,0.0740741
37197,54,50,0.0740741
37209,54,50,0.0740741
37222,54,50,0.0740741
37234,54,50,0.0740741
37245,54,50,0.0740741
37258,54,50,0.0740741
37270,54,50,0.0740741
37285,54,50,0.0740741
37300,54,50,0.0740741
37314,54,50,0.0740741
37329,54,50,0.0740741
37343,54,50,0.0740741
37358,54,50,0.0740741
37372,54,50,0.0740741
37387,54,50,0.0740741
37401,54,50,0.0740741
37416,54,50,0.0740741
37430,54,50,0.0740741
37444,54,50,0.0740741
37459,54,50,0.0740741
37468,54,50,0.0740741
37484,54,50,0.0740741
37498,54,50,0.0740741
37512,54,50,0.0740741
37525,54,50,0.0740741
37540,54,50,0.0740741
37553,54,50,0.0740741
37568,54,50,0.0740741
37582,54,50,0.0740741
37596,54,50,0.0740741
37609,54,50,0.0740741
37623,54,50,0.0740741
37637,54,50,0.0740741
37651,54,50,0.0740741
37665,54,50,0.0740741
37675,54,50,0.0740741
37687,54,50,0.0740741
37696,54,50,0.0740741
37706,54,50,0.0740741
37714,54,50,0.0740741
37715,54,50,0.0740741
37729,54,50,0.0740741
37739,54,50,0.0740741
37749,54,50,0.0740741
37763,54,50,0.0740741
37772,54,50,0.0740741
37780,54,50,0.0740741
37793,54,50,0.0740741
37804,54,50,0.0740741
37816,54,50,0.0740741
37830,54,50,0.0740741
37841,54,50,0.0740741
37853,54,50,0.0740741
37867,54,50,0.0740741
37881,54,50,0.0740741
37896,54,50,0.0740741
37909,54,50,0.0740741
37920,54,50,0.0740741
37933,54,50,0.0740741
37946,54,50,0.0740741
37960,54,50,0.0740741
37974,54,50,0.0740741
37989,54,50,0.0740741
38003,54,50,0.0740741
38011,54,50,0.0740741
38024,54,50,0.0740741
38039,54,50,0.0740741
38053,54,50,0.0740741
38068,54,50,0.0740741
38080,54,50,0.0740741
38091,54,50,0.0740741
38105,54,50,0.0740741
38119,54,50,0.0740741
38134,54,50,0.0740741
38149,54,50,0.0740741
38160,54,50,0.0740741
38175,54,50,0.0740741
38190,54,50,0.0740741
38202,54,50,0.0740741
38214,54,50,0.0740741
38225,54,50,0.0740741
38235,54,50,0.0740741
38245,54,50,0.0740741
38259,54,50,0.0740741
38273,54,50,0.0740741
38288,54,50,0.0740741
38302,54,50,0.0740741
38314,54,50,0.0740741
38323,54,50,0.0740741
38338,54,50,0.0740741
38352,54,50,0.0740741
38365,54,50,0.0740741
38377,54,50,0.0740741
38391,54,50,0.0740741
38404,54,50,0.0740741
38418,54,50,0.0740741
38433,54,50,0.0740741
38446,54,50,0.0740741
38460,54,50,0.0740741
38473,54,50,0.0740741
38487,54,50,0.0740741
38501,54,50,0.0740741
38516,54,50,0.0740741
38530,54,50,0.0740741
38545,54,50,0.0740741
38557,54,50,0.0740741
38572,54,50,0.0740741
38585,54,50,0.0740741
38600,54,50,0.0740741
38615,54,50,0.0740741
38625,54,50,0.0740741
38638,54,50,0.0740741
38653,54,50,0.0740741
38666,54,50,0.0740741
38681,54,50,0.0740741
38695,54,50,0.0740741
38709,54,50,0.0740741
38723,54,50,0.0740741
38735,54,50,0.0740741
38748,54,50,0.0740741
38763,54,50,0.0740741
38776,54,50,0.0740741
38791,54,50,0.0740741
38804,54,50,0.0740741
38817,54,50,0.0740741
38831,54,50,0.0740741
38840,54,50,0.0740741
38847,54,50,0.0740741
38861,54,50,0.0740741
38873,54,50,0.0740741
38889,54,50,0.0740741
38906,54,50,0.0740741
38921,54,50,0.0740741
38936,54,50,0.0740741
38948,54,50,0.0740741
38963,54,50,0.0740741
38975,54,50,0.0740741
38989,54,50,0.0740741
39002,54,50,0.0740741
39013,54,50,0.0740741
39026,54,50,0.0740741
39040,54,50,0.0740741
39053,54,50,0.0740741
39068,54,50,0.0740741
39080,54,50,0.0740741
39092,54,50,0.0740741
39106,54,50,0.0740741
39120,54,50,0.0740741
39130,54,50,0.0740741
39143,54,50,0.0740741
39153,54,50,0.0740741
39164,54,50,0.0740741
39175,54,50,0.0740741
39189,54,50,0.0740741
39202,54,50,0.0740741
39216,54,50,0.0740741
39230,54,50,0.0740741
39242,54,50,0.0740741
39255,54,50,0.0740741
39268,54,50,0.0740741
39283,54,50,0.0740741
39298,54,50,0.0740741
39312,54,50,0.0740741
39324,54,50,0.0740741
39336,54,50,0.0740741
39348,54,50,0.0740741
39348,54,50,0.0740741
39354,54,50,0.0740741
39368,54,50,0.0740741
39383,54,50,0.0740741
39389,54,50,0.0740741
39403,54,50,0.0740741
39416,54,50,0.0740741
39430,54,50,0.0740741
39444,54,50,0.0740741
39455,54,50,0.0740741
39470,54,50,0.0740741
39484,54,50,0.0740741
39496,54,50,0.0740741
39508,54,50,0.0740741
39522,54,50,0.0740741
39536,54,50,0.0740741
39551,54,50,0.0740741
39564,54,50,0.0740741
39579,54,50,0.0740741
39592,54,50,0.0740741
39602,54,50,0.0740741
39616,54,50,0.0740741
39629,54,50,0.0740741
39643,54,50,0.0740741
39657,54,50,0.0740741
39666,54,50,0.0740741
39679,54,50,0.0740741
39694,54,50,0.0740741
39709,54,50,0.0740741
39722,54,50,0.0740741
39736,54,50,0.0740741
39748,54,50,0.0740741
39763,54,50,0.0740741
39777,54,50,0.0740741
39791,54,50,0.0740741
39805,54,50,0.0740741
39820,54,50,0.0740741
39831,54,50,0.0740741
39839,54,50,0.0740741
39852,54,50,0.0740741
39857,54,50,0.0740741
39872,54,50,0.0740741
39886,54,50,0.0740741
39901,54,50,0.0740741
39914,54,50,0.0740741
39927,54,50,0.0740741
39938,54,50,0.0740741
39947,54,50,0.0740741
39954,54,50,0.0740741
39967,54,50,0.0740741
39983,54,50,0.0740741
39997,54,50,0.0740741
40010,54,50,0.0740741
40025,54,50,0.0740741
40038,54,50,0.0740741
40052,54,50,0.0740741
40067,54,50,0.0740741
40078,54,50,0.0740741
40093,54,50,0.0740741
40108,54,50,0.0740741
40118,54,50,0.0740741
40133,54,50,0.0740741
40147,54,50,0.0740741
40162,54,50,0.0740741
40174,54,50,0.0740741
40189,54,50,0.0740741
40202,54,50,0.0740741
40215,54,50,0.0740741
40226,54,50,0.0740741
40240,54,50,0.0740741
40254,54,50,0.0740741
40268,54,50,0.0740741
40279,54,50,0.0740741
40292,54,50,0.0740741
40306,54,50,0.0740741
40320,54,50,0.0740741
40322,54,50,0.0740741
40332,54,50,0.0740741
40347,54,50,0.0740741
40362,54,50,0.0740741
40376,54,50,0.0740741
40391,54,50,0.0740741
40406,54,50,0.0740741
40420,54,50,0.0740741
40434,54,50,0.0740741
40448,54,50,0.0740741
40463,54,50,0.0740741
40478,54,50,0.0740741
40493,54,50,0.0740741
40507,54,50,0.0740741
40520,54,50,0.0740741
40533,54,50,0.0740741
40547,54,50,0.0740741
40561,54,50,0.0740741
40576,54,50,0.0740741
40590,54,50,0.0740741
40604,54,50,0.0740741
40618,54,50,0.0740741
40632,54,50,0.0740741
40646,54,50,0.0740741
40655,54,50,0.0740741
40668,54,50,0.0740741
40678,54,50,0.0740741
40694,54,50,0.0740741
40706,54,50,0.0740741
40719,54,50,0.0740741
40732,54,50,0.0740741
40743,54,50,0.0740741
40758,54,50,0.0740741
40773,54,50,0.0740741
40787,54,50,0.0740741
40801,54,50,0.0740741
40815,54,50,0.0740741
40828,54,50,0.0740741
40842,54,50,0.0740741
40856,54,50,0.0740741
40870,54,50,0.0740741
40883,54,50,0.0740741
40898,54,50,0.0740741
40911,54,50,0.0740741
40926,54,50,0.0740741
40941,54,50,0.0740741
40955,54,50,0.0740741
40969,54,50,0.0740741
40983,54,50,0.0740741
40998,54,50,0.0740741
41012,54,50,0.0740741
41027,54,50,0.0740741
41039,54,50,0.0740741
41053,54,50,0.0740741
41064,54,50,0.0740741
41079,54,50,0.0740741
41092,54,50,0.0740741
41107,54,50,0.0740741
41122,54,50,0.0740741
41136,54,50,0.0740741
41149,54,50,0.0740741
41162,54,50,0.0740741
41178,54,50,0.0740741
41193,54,50,0.0740741
41206,54,50,0.0740741
41220,54,50,0.0740741
41231,54,50,0.0740741
41245,54,50,0.0740741
41256,54,50,0.0740741
41261,54,50,0.0740741
41276,54,50,0.0740741
41289,54,50,0.0740741
41302,54,50,0.0740741
41316,54,50,0.0740741
41329,54,50,0.0740741
41342,54,50,0.0740741
41353,54,50,0.0740741
41367,54,50,0.0740741
41381,54,50,0.0740741
41390,54,50,0.0740741
41404,54,50,0.0740741
41414,54,50,0.0740741
41426,54,50,0.0740741
41439,54,50,0.0740741
41448,54,50,0.0740741
41463,54,50,0.0740741
41478,54,50,0.0740741
41488,54,50,0.0740741
41499,54,50,0.0740741
41512,54,50,0.0740741
41525,54,50,0.0740741
41538,54,50,0.0740741
41552,54,50,0.0740741
41567,54,50,0.0740741
41582,54,50,0.0740741
41597,54,50,0.0740741
41611,54,50,0.0740741
41624,54,50,0.0740741
41637,54,50,0.0740741
41652,54,50,0.0740741
41664,54,50,0.0740741
41679,54,50,0.0740741
41691,54,50,0.0740741
41703,54,50,0.0740741
41717,54,50,0.0740741
41732,54,50,0.0740741
41746,54,50,0.0740741
41760,54,50,0.0740741
41775,54,50,0.0740741
41785,54,50,0.0740741
41800,54,50,0.0740741
41814,54,50,0.0740741
41828,54,50,0.0740741
41843,54,50,0.0740741
41857,54,50,0.0740741
41871,54,50,0.0740741
41886,54,50,0.0740741
41900,54,50,0.0740741
41912,54,50,0.0740741
41925,54,50,0.0740741
41940,54,50,0.0740741
41954,54,50,0.0740741
41969,54,50,0.0740741
41983,54,50,0.0740741
41997,54,50,0.0740741
42010,54,50,0.0740741
42024,54,50,0.0740741
42036,54,50,0.0740741
42051,54,50,0.0740741
42066,54,50,0.0740741
42080,54,50,0.0740741
42095,54,50,0.0740741
42109,54,50,0.0740741
42122,54,50,0.0740741
42135,54,50,0.0740741
42150,54,50,0.0740741
42163,54,50,0.0740741
42178,54,50,0.0740741
42190,54,50,0.0740741
42203,54,50,0.0740741
42218,54,50,0.0740741
42230,54,50,0.0740741
42245,54,50,0.0740741
42258,54,50,0.0740741
42269,54,50,0.0740741
42284,54,50,0.0740741
42299,54,50,0.0740741
42310,54,50,0.0740741
42324,54,50,0.0740741
42340,54,50,0.0740741
42354,54,50,0.0740741
42368,54,50,0.0740741
42383,54,50,0.0740741
42397,54,50,0.0740741
42412,54,50,0.0740741
42427,54,50,0.0740741
42442,54,50,0.0740741
42456,54,50,0.0740741
42470,54,50,0.0740741
42484,54,50,0.0740741
42499,54,50,0.0740741
42514,54,50,0.0740741
42527,54,50,0.0740741
42540,54,50,0.0740741
42550,54,50,0.0740741
42564,54,50,0.0740741
42579,54,50,0.0740741
42594,54,50,0.0740741
42604,54,50,0.0740741
42618,54,50,0.0740741
42634,54,50,0.0740741
42644,54,50,0.0740741
42656,54,50,0.0740741
42672,54,50,0.0740741
42687,54,50,0.0740741
42703,54,50,0.0740741
42717,54,50,0.0740741
42732,54,50,0.0740741
42740,54,50,0.0740741
42753,54,50,0.0740741
42764,54,50,0.0740741
42779,54,50,0.0740741
42794,54,50,0.0740741
42810,54,50,0.0740741
42823,54,50,0.0740741
42834,54,50,0.0740741
42849,54,50,0.0740741
42855,54,50,0.0740741
42870,54,50,0.0740741
42883,54,50,0.0740741
42892,54,50,0.0740741
42901,54,50,0.0740741
42915,54,50,0.0740741
42921,54,50,0.0740741
42935,54,50,0.0740741
42950,54,50,0.0740741
42965,54,50,0.0740741
42980,54,50,0.0740741
42988,54,50,0.0740741
42991,54,50,0.0740741
43006,54,50,0.0740741
43020,54,50,0.0740741
43035,54,50,0.0740741
43047,54,50,0.0740741
43059,54,50,0.0740741
43073,54,50,0.0740741
43088,54,50,0.0740741
43102,54,50,0.0740741
43117,54,50,0.0740741
43131,54,50,0.0740741
43146,54,50,0.0740741
43162,54,50,0.0740741
43176,54,50,0.0740741
43192,54,50,0.0740741
43207,54,50,0.0740741
43222,54,50,0.0740741
43237,54,50,0.0740741
43250,54,50,0.0740741
43265,54,50,0.0740741
43278,54,50,0.0740741
43293,54,50,0.0740741
43307,54,50,0.0740741
43318,54,50,0.0740741
43332,54,50,0.0740741
43347,54,50,0.0740741
43359,54,50,0.0740741
43374,54,50,0.0740741
43388,54,50,0.0740741
43403,54,50,0.0740741
43417,54,50,0.0740741
43433,54,50,0.0740741
43446,54,50,0.0740741
43461,54,50,0.0740741
43476,54,50,0.0740741
43492,54,50,0.0740741
43505,54,50,0.0740741
43519,54,50,0.0740741
43534,54,50,0.0740741
43548,54,50,0.0740741
43563,54,50,0.0740741
43574,54,50,0.0740741
43584,54,50,0.0740741
43598,54,50,0.0740741
43598,54,50,0.0740741
43604,54,50,0.0740741
43611,54,50,0.0740741
43625,54,50,0.0740741
43640,54,50,0.0740741
43655,54,50,0.0740741
43670,54,50,0.0740741
43685,54,50,0.0740741
43699,54,50,0.0740741
43713,54,50,0.0740741
43729,54,50,0.0740741
43740,54,50,0.0740741
43755,54,50,0.0740741
43770,54,50,0.0740741
43786,54,50,0.0740741
43800,54,50,0.0740741
43816,54,50,0.0740741
43830,54,50,0.0740741
43845,54,50,0.0740741
43860,54,50,0.0740741
43876,54,50,0.0740741
43891,54,50,0.0740741
43906,54,50,0.0740741
43919,54,50,0.0740741
43934,54,50,0.0740741
43949,54,50,0.0740741
43962,54,50,0.0740741
43977,54,50,0.0740741
43993,54,50,0.0740741
44008,54,50,0.0740741
44023,54,50,0.0740741
44037,54,50,0.0740741
44052,54,50,0.0740741
44067,54,50,0.0740741
44083,54,50,0.0740741
44098,54,50,0.0740741
44113,54,50,0.0740741
44128,54,50,0.0740741
44140,54,50,0.0740741
44154,54,50,0.0740741
44170,54,50,0.0740741
44186,54,50,0.0740741
44201,54,50,0.0740741
44216,54,50,0.0740741
44227,54,50,0.0740741
44240,54,50,0.0740741
44253,54,50,0.0740741
44266,54,50,0.0740741
44281,54,50,0.0740741
44295,54,50,0.0740741
44310,54,50,0.0740741
44319,54,50,0.0740741
44334,54,50,0.0740741
44350,54,50,0.0740741
44364,54,50,0.0740741
44376,54,50,0.0740741
44390,54,50,0.0740741
44406,54,50,0.0740741
44421,54,50,0.0740741
44436,54,50,0.0740741
44450,54,50,0.0740741
44465,54,50,0.0740741
44481,54,50,0.0740741
44497,54,50,0.0740741
44513,54,50,0.0740741
44528,54,50,0.0740741
44543,54,50,0.0740741
44558,54,50,0.0740741
44573,54,50,0.0740741
44589,54,50,0.0740741
44603,54,50,0.0740741
44617,54,50,0.0740741
44632,54,50,0.0740741
44646,54,50,0.0740741
44662,54,50,0.0740741
44672,54,50,0.0740741
44682,54,50,0.0740741
44697,54,50,0.0740741
44709,54,50,0.0740741
44720,54,50,0.0740741
44735,54,50,0.0740741
44750,54,50,0.0740741
44765,54,50,0.0740741
44780,54,50,0.0740741
44795,54,50,0.0740741
44809,54,50,0.0740741
44823,54,50,0.0740741
44838,54,50,0.0740741
44853,54,50,0.0740741
44869,54,50,0.0740741
44884,54,50,0.0740741
44901,54,50,0.0740741
44915,54,50,0.0740741
44931,54,50,0.0740741
44946,54,50,0.0740741
44959,54,50,0.0740741
44974,54,50,0.0740741
44989,54,50,0.0740741
45003,54,50,0.0740741
45016,54,50,0.0740741
45031,54,50,0.0740741
45046,54,50,0.0740741
45060,54,50,0.0740741
45075,54,50,0.0740741
45090,54,50,0.0740741
45104,54,50,0.0740741
45119,54,50,0.0740741
45134,54,50,0.0740741
45149,54,50,0.0740741
45165,54,50,0.0740741
45180,54,50,0.0740741
45194,54,50,0.0740741
45209,54,50,0.0740741
45225,54,50,0.0740741
45238,54,50,0.0740741
45248,54,50,0.0740741
45263,54,50,0.0740741
45272,54,50,0.0740741
45287,54,50,0.0740741
45304,54,50,0.0740741
45319,54,50,0.0740741
45334,54,50,0.0740741
45348,54,50,0.0740741
45363,54,50,0.0740741
45378,54,50,0.0740741
45393,54,50,0.0740741
45408,54,50,0.0740741
45423,54,50,0.0740741
45437,54,50,0.0740741
45452,54,50,0.0740741
45467,54,50,0.0740741
45483,54,50,0.0740741
45497,54,50,0.0740741
45512,54,50,0.0740741
45527,54,50,0.0740741
45541,54,50,0.0740741
45555,54,50,0.0740741
45570,54,50,0.0740741
45586,54,50,0.0740741
45600,54,50,0.0740741
45616,54,50,0.0740741
45632,54,50,0.0740741
45647,54,50,0.0740741
45661,54,50,0.0740741
45676,54,50,0.0740741
45692,54,50,0.0740741
45707,54,50,0.0740741
45723,54,50,0.0740741
45738,54,50,0.0740741
45754,54,50,0.0740741
45768,54,50,0.0740741
45782,54,50,0.0740741
45798,54,50,0.0740741
45813,54,50,0.0740741
45829,54,50,0.0740741
45844,54,50,0.0740741
45856,54,50,0.0740741
45870,54,50,0.0740741
45882,54,50,0.0740741
45896,54,50,0.0740741
45912,54,50,0.0740741
45926,54,50,0.0740741
45942,54,50,0.0740741
45955,54,50,0.0740741
45970,54,50,0.0740741
45986,54,50,0.0740741
46002,54,50,0.0740741
46017,54,50,0.0740741
46032,54,50,0.0740741
46047,54,50,0.0740741
46062,54,50,0.0740741
46074,54,50,0.0740741
46088,54,50,0.0740741
46103,54,50,0.0740741
46119,54,50,0.0740741
46131,54,50,0.0740741
46146,54,50,0.0740741
46155,54,50,0.0740741
46166,54,50,0.0740741
46170,54,50,0.0740741
46185,54,50,0.0740741
46201,54,50,0.0740741
46215,54,50,0.0740741
46230,54,50,0.0740741
46244,54,50,0.0740741
46259,54,50,0.0740741
46275,54,50,0.0740741
46291,54,50,0.0740741
46307,54,50,0.0740741
46321,54,50,0.0740741
46334,54,50,0.0740741
46349,54,50,0.0740741
46364,54,50,0.0740741
46379,54,50,0.0740741
46392,54,50,0.0740741
46400,54,50,0.0740741
46411,54,50,0.0740741
46426,54,50,0.0740741
46441,54,50,0.0740741
46456,54,50,0.0740741
46470,54,50,0.0740741
46485,54,50,0.0740741
46501,54,50,0.0740741
46516,54,50,0.0740741
46530,54,50,0.0740741
46542,54,50,0.0740741
46557,54,50,0.0740741
46572,54,50,0.0740741
46587,54,50,0.0740741
46603,54,50,0.0740741
46616,54,50,0.0740741
46631,54,50,0.0740741
46647,54,50,0.0740741
46663,54,50,0.0740741
46678,54,50,0.0740741
46691,54,50,0.0740741
46705,54,50,0.0740741
46720,54,50,0.0740741
46734,54,50,0.0740741
46749,54,50,0.0740741
46764,54,50,0.0740741
46779,54,50,0.0740741
46795,54,50,0.0740741
46810,54,50,0.0740741
46825,54,50,0.0740741
46841,54,50,0.0740741
46855,54,50,0.0740741
46871,54,50,0.0740741
46885,54,50,0.0740741
46901,54,50,0.0740741
46916,54,50,0.0740741
46931,54,50,0.0740741
46946,54,50,0.0740741
46961,54,50,0.0740741
46976,54,50,0.0740741
46992,54,50,0.0740741
47007,54,50,0.0740741
47022,54,50,0.0740741
47035,54,50,0.0740741
47050,54,50,0.0740741
47063,54,50,0.0740741
47078,54,50,0.0740741
47094,54,50,0.0740741
47106,54,50,0.0740741
47121,54,50,0.0740741
47136,54,50,0.0740741
47151,54,50,0.0740741
47164,54,50,0.0740741
47180,54,50,0.0740741
47195,54,50,0.0740741
47210,54,50,0.0740741
47226,54,50,0.0740741
47239,54,50,0.0740741
47251,54,50,0.0740741
47265,54,50,0.0740741
47281,54,50,0.0740741
47293,54,50,0.0740741
47308,54,50,0.0740741
47323,54,50,0.0740741
47339,54,50,0.0740741
47353,54,50,0.0740741
47367,54,50,0.0740741
47382,54,50,0.0740741
47395,54,50,0.0740741
47410,54,50,0.0740741
47418,54,50,0.0740741
47428,54,50,0.0740741
47428,54,50,0.0740741
47436,54,50,0.0740741
47451,54,50,0.0740741
47457,54,50,0.0740741
47472,54,50,0.0740741
47486,54,50,0.0740741
47500,54,50,0.0740741
47509,54,50,0.0740741
47523,54,50,0.0740741
47538,54,50,0.0740741
47554,54,50,0.0740741
47569,54,50,0.0740741
47583,54,50,0.0740741
47598,54,50,0.0740741
47612,54,50,0.0740741
47627,54,50,0.0740741
47643,54,50,0.0740741
47656,54,50,0.0740741
47666,54,50,0.0740741
47682,54,50,0.0740741
47694,54,50,0.0740741
47706,54,50,0.0740741
47721,54,50,0.0740741
47736,54,50,0.0740741
47748,54,50,0.0740741
47763,54,50,0.0740741
47776,54,50,0.0740741
47784,54,50,0.0740741
47800,54,50,0.0740741
47816,54,50,0.0740741
47829,54,50,0.0740741
47845,54,50,0.0740741
47858,54,50,0.0740741
47875,54,50,0.0740741
47889,54,50,0.0740741
47897,54,50,0.0740741
47911,54,50,0.0740741
47922,54,50,0.0740741
47937,54,50,0.0740741
47952,54,50,0.0740741
47965,54,50,0.0740741
47981,54,50,0.0740741
47988,54,50,0.0740741
48004,54,50,0.0740741
48020,54,50,0.0740741
48035,54,50,0.0740741
48048,54,50,0.0740741
48061,54,50,0.0740741
48076,54,50,0.0740741
48091,54,50,0.0740741
48106,54,50,0.0740741
48119,54,50,0.0740741
48134,54,50,0.0740741
48150,54,50,0.0740741
48166,54,50,0.0740741
48181,54,50,0.0740741
48196,54,50,0.0740741
48210,54,50,0.0740741
48226,54,50,0.0740741
48241,54,50,0.0740741
48255,54,50,0.0740741
48271,54,50,0.0740741
48287,54,50,0.0740741
48302,54,50,0.0740741
48314,54,50,0.0740741
48328,54,50,0.0740741
48339,54,50,0.0740741
48354,54,50,0.0740741
48366,54,50,0.0740741
48378,54,50,0.0740741
48392,54,50,0.0740741
48407,54,50,0.0740741
48423,54,50,0.0740741
48438,54,50,0.0740741
48454,54,50,0.0740741
48470,54,50,0.0740741
48484,54,50,0.0740741
48498,54,50,0.0740741
48515,54,50,0.0740741
48527,54,50,0.0740741
48543,54,50,0.0740741
48557,54,50,0.0740741
48571,54,50,0.0740741
48588,54,50,0.0740741
48603,54,50,0.0740741
48618,54,50,0.0740741
48630,54,50,0.0740741
48635,54,50,0.0740741
48651,54,50,0.0740741
48666,54,50,0.0740741
48682,54,50,0.0740741
48698,54,50,0.0740741
48712,54,50,0.0740741
48721,54,50,0.0740741
48736,54,50,0.0740741
48751,54,50,0.0740741
48767,54,50,0.0740741
48782,54,50,0.0740741
48788,54,50,0.0740741
48803,54,50,0.0740741
48813,54,50,0.0740741
48827,54,50,0.0740741
48838,54,50,0.0740741
48847,54,50,0.0740741
48863,54,50,0.0740741
48877,54,50,0.0740741
48897,54,50,0.0740741
48916,54,50,0.0740741
48935,54,50,0.0740741
48955,54,50,0.0740741
48963,54,50,0.0740741
48977,54,50,0.0740741
48990,54,50,0.0740741
49009,54,50,0.0740741
49020,54,50,0.0740741
49033,54,50,0.0740741
49051,54,50,0.0740741
49067,54,50,0.0740741
49082,54,50,0.0740741
49100,54,50,0.0740741
49116,54,50,0.0740741
49125,54,50,0.0740741
49139,54,50,0.0740741
49156,54,50,0.0740741
49172,54,50,0.0740741
49188,54,50,0.0740741
49205,54,50,0.0740741
49221,54,50,0.0740741
49236,54,50,0.0740741
49251,54,50,0.0740741
49265,54,50,0.0740741
49280,54,50,0.0740741
49290,54,50,0.0740741
49305,54,50,0.0740741
49321,54,50,0.0740741
49335,54,50,0.0740741
49350,54,50,0.0740741
49367,54,50,0.0740741
49383,54,50,0.0740741
49399,54,50,0.0740741
49416,54,50,0.0740741
49433,54,50,0.0740741
49449,54,50,0.0740741
49466,54,50,0.0740741
49482,54,50,0.0740741
49498,54,50,0.0740741
49514,54,50,0.0740741
49527,54,50,0.0740741
49542,54,50,0.0740741
49553,54,50,0.0740741
49570,54,50,0.0740741
49584,54,50,0.0740741
49600,54,50,0.0740741
49616,54,50,0.0740741
49628,54,50,0.0740741
49643,54,50,0.0740741
49657,54,50,0.0740741
49673,54,50,0.0740741
49687,54,50,0.0740741
49687,54,50,0.0740741
49696,54,50,0.0740741
49711,54,50,0.0740741
49726,54,50,0.0740741
49741,54,50,0.0740741
49754,54,50,0.0740741
49770,54,50,0.0740741
49785,54,50,0.0740741
49800,54,50,0.0740741
49814,54,50,0.0740741
49828,54,50,0.0740741
49840,54,50,0.0740741
49851,54,50,0.0740741
49867,54,50,0.0740741
49883,54,50,0.0740741
49899,54,50,0.0740741
49915,54,50,0.0740741
49929,54,50,0.0740741
49945,54,50,0.0740741
49960,54,50,0.0740741
49976,54,50,0.0740741
49991,54,50,0.0740741
50004,54,50,0.0740741
50011,54,50,0.0740741
50026,54,50,0.0740741
50042,54,50,0.0740741
50057,54,50,0.0740741
50073,54,50,0.0740741
50089,54,50,0.0740741
50105,54,50,0.0740741
50120,54,50,0.0740741
50136,54,50,0.0740741
50152,54,50,0.0740741
50169,54,50,0.0740741
50184,54,50,0.0740741
50201,54,50,0.0740741
50216,54,50,0.0740741
50232,54,50,0.0740741
50247,54,50,0.0740741
50260,54,50,0.0740741
50276,54,50,0.0740741
50292,54,50,0.0740741
50306,54,50,0.0740741
50320,54,50,0.0740741
50329,54,50,0.0740741
50338,54,50,0.0740741
50352,54,50,0.0740741
50363,54,50,0.0740741
50379,54,50,0.0740741
50394,54,50,0.0740741
50408,54,50,0.0740741
50423,54,50,0.0740741
50439,54,50,0.0740741
50455,54,50,0.0740741
50471,54,50,0.0740741
50487,54,50,0.0740741
50501,54,50,0.0740741
50517,54,50,0.0740741
50533,54,50,0.0740741
50544,54,50,0.0740741
50557,54,50,0.0740741
50573,54,50,0.0740741
50588,54,50,0.0740741
50603,54,50,0.0740741
50618,54,50,0.0740741
50636,54,50,0.0740741
50650,54,50,0.0740741
50663,54,50,0.0740741
50679,54,50,0.0740741
50696,54,50,0.0740741
50714,54,50,0.0740741
50731,54,50,0.0740741
50749,54,50,0.0740741
50766,54,50,0.0740741
50782,54,50,0.0740741
50799,54,50,0.0740741
50823,54,50,0.0740741
50841,54,50,0.0740741
50851,54,50,0.0740741
50867,54,50,0.0740741
50881,54,50,0.0740741
50896,54,50,0.0740741
50913,54,50,0.0740741
50929,54,50,0.0740741
50945,54,50,0.0740741
50961,54,50,0.0740741
50978,54,50,0.0740741
50993,54,50,0.0740741
51007,54,50,0.0740741
51024,54,50,0.0740741
51054,54,50,0.0740741
51071,54,50,0.0740741
51086,54,50,0.0740741
51097,54,50,0.0740741
51106,54,50,0.0740741
51119,54,50,0.0740741
51131,54,50,0.0740741
51142,54,50,0.0740741
51152,54,50,0.0740741
51168,54,50,0.0740741
51184,54,50,0.0740741
51198,54,50,0.0740741
51211,54,50,0.0740741
51228,54,50,0.0740741
51244,54,50,0.0740741
51261,54,50,0.0740741
51276,54,50,0.0740741
51290,54,50,0.0740741
51305,54,50,0.0740741
51322,54,50,0.0740741
51338,54,50,0.0740741
51354,54,50,0.0740741
51371,54,50,0.0740741
51386,54,50,0.0740741
51401,54,50,0.0740741
51417,54,50,0.0740741
51433,54,50,0.0740741
51447,54,50,0.0740741
51460,54,50,0.0740741
51475,54,50,0.0740741
51491,54,50,0.0740741
51508,54,50,0.0740741
51522,54,50,0.0740741
51538,54,50,0.0740741
51553,54,50,0.0740741
51569,54,50,0.0740741
51585,54,50,0.0740741
51600,54,50,0.0740741
51616,54,50,0.0740741
51631,54,50,0.0740741
51645,54,50,0.0740741
51661,54,50,0.0740741
51674,54,50,0.0740741
51689,54,50,0.0740741
51707,54,50,0.0740741
51723,54,50,0.0740741
51730,54,50,0.0740741
51744,54,50,0.0740741
51758,54,50,0.0740741
51769,54,50,0.0740741
51783,54,50,0.0740741
51800,54,50,0.0740741
51815,54,50,0.0740741
51832,54,50,0.0740741
51847,54,50,0.0740741
51858,54,50,0.0740741
51875,54,50,0.0740741
51892,54,50,0.0740741
51916,54,50,0.0740741
51939,54,50,0.0740741
51952,54,50,0.0740741
51969,54,50,0.0740741
51985,54,50,0.0740741
52001,54,50,0.0740741
52016,54,50,0.0740741
52032,54,50,0.0740741
52048,54,50,0.0740741
52065,54,50,0.0740741
52077,54,50,0.0740741
52093,54,50,0.0740741
52109,54,50,0.0740741
52123,54,50,0.0740741
52139,54,50,0.0740741
52153,54,50,0.0740741
52169,54,50,0.0740741
52185,54,50,0.0740741
52200,54,50,0.0740741
52214,54,50,0.0740741
52229,54,50,0.0740741
52245,54,50,0.0740741
52261,54,50,0.0740741
52278,54,50,0.0740741
52290,54,50,0.0740741
52305,54,50,0.0740741
52320,54,50,0.0740741
52336,54,50,0.0740741
52353,54,50,0.0740741
52369,54,50,0.0740741
52386,54,50,0.0740741
52401,54,50,0.0740741
52414,54,50,0.0740741
52432,54,50,0.0740741
52449,54,50,0.0740741
52465,54,50,0.0740741
52482,54,50,0.0740741
52498,54,50,0.0740741
52515,54,50,0.0740741
52528,54,50,0.0740741
52539,54,50,0.0740741
52553,54,50,0.0740741
52569,54,50,0.0740741
52584,54,50,0.0740741
52600,54,50,0.0740741
52615,54,50,0.0740741
52631,54,50,0.0740741
52647,54,50,0.0740741
52663,54,50,0.0740741
52678,54,50,0.0740741
52694,54,50,0.0740741
52708,54,50,0.0740741
52724,54,50,0.0740741
52741,54,50,0.0740741
52757,54,50,0.0740741
52771,54,50,0.0740741
52787,54,50,0.0740741
52794,54,50,0.0740741
52810,54,50,0.0740741
52822,54,50,0.0740741
52835,54,50,0.0740741
52851,54,50,0.0740741
52868,54,50,0.0740741
52885,54,50,0.0740741
52901,54,50,0.0740741
52918,54,50,0.0740741
52934,54,50,0.0740741
52948,54,50,0.0740741
52957,54,50,0.0740741
52958,54,50,0.0740741
52973,54,50,0.0740741
52988,54,50,0.0740741
53004,54,50,0.0740741
53020,54,50,0.0740741
53035,54,50,0.0740741
53051,54,50,0.0740741
53064,54,50,0.0740741
53079,54,50,0.0740741
53093,54,50,0.0740741
53103,54,50,0.0740741
53117,54,50,0.0740741
53125,54,50,0.0740741
53141,54,50,0.0740741
53154,54,50,0.0740741
53170,54,50,0.0740741
53186,54,50,0.0740741
53202,54,50,0.0740741
53218,54,50,0.0740741
53235,54,50,0.0740741
53251,54,50,0.0740741
53263,54,50,0.0740741
53279,54,50,0.0740741
53291,54,50,0.0740741
53307,54,50,0.0740741
53323,54,50,0.0740741
53340,54,50,0.0740741
53357,54,50,0.0740741
53362,54,50,0.0740741
53377,54,50,0.0740741
53394,54,50,0.0740741
53410,54,50,0.0740741
53426,54,50,0.0740741
53443,54,50,0.0740741
53453,54,50,0.0740741
53465,54,50,0.0740741
53478,54,50,0.0740741
53494,54,50,0.0740741
53506,54,50,0.0740741
53521,54,50,0.0740741
53536,54,50,0.0740741
53553,54,50,0.0740741
53569,54,50,0.0740741
53583,54,50,0.0740741
53600,54,50,0.0740741
53616,54,50,0.0740741
53630,54,50,0.0740741
53644,54,50,0.0740741
53659,54,50,0.0740741
53674,54,50,0.0740741
53690,54,50,0.0740741
53705,54,50,0.0740741
53721,54,50,0.0740741
53738,54,50,0.0740741
53754,54,50,0.0740741
53771,54,50,0.0740741
53787,54,50,0.0740741
53804,54,50,0.0740741
53821,54,50,0.0740741
53839,54,50,0.0740741
53855,54,50,0.0740741
53872,54,50,0.0740741
53888,54,50,0.0740741
53903,54,50,0.0740741
53919,54,50,0.0740741
53936,54,50,0.0740741
53953,54,50,0.0740741
53967,54,50,0.0740741
53984,54,50,0.0740741
54000,54,50,0.0740741
54018,54,50,0.0740741
54033,54,50,0.0740741
54050,54,50,0.0740741
54066,54,50,0.0740741
54082,54,50,0.0740741
54099,54,50,0.0740741
54116,54,50,0.0740741
54132,54,50,0.0740741
54145,54,50,0.0740741
54163,54,50,0.0740741
54180,54,50,0.0740741
54188,54,50,0.0740741
54203,54,50,0.0740741
54220,54,50,0.0740741
54233,54,50,0.0740741
54246,54,50,0.0740741
54263,54,50,0.0740741
54280,54,50,0.0740741
54296,54,50,0.0740741
54312,54,50,0.0740741
54325,54,50,0.0740741
54339,54,50,0.0740741
54353,54,50,0.0740741
54370,54,50,0.0740741
54386,54,50,0.0740741
54402,54,50,0.0740741
54419,54,50,0.0740741
54433,54,50,0.0740741
54443,54,50,0.0740741
54459,54,50,0.0740741
54477,54,50,0.0740741
54494,54,50,0.0740741
54510,54,50,0.0740741
54526,54,50,0.0740741
54543,54,50,0.0740741
54558,54,50,0.0740741
54570,54,50,0.0740741
54586,54,50,0.0740741
54603,54,50,0.0740741
54620,54,50,0.0740741
54637,54,50,0.0740741
54655,54,50,0.0740741
54673,54,50,0.0740741
54688,54,50,0.0740741
54704,54,50,0.0740741
54720,54,50,0.0740741
54737,54,50,0.0740741
54754,54,50,0.0740741
54771,54,50,0.0740741
54786,54,50,0.0740741
54802,54,50,0.0740741
54818,54,50,0.0740741
54835,54,50,0.0740741
54851,54,50,0.0740741
54868,54,50,0.0740741
54882,54,50,0.0740741
54899,54,50,0.0740741
54914,54,50,0.0740741
54917,54,50,0.0740741
54917,54,50,0.0740741
54932,54,50,0.0740741
54948,54,50,0.0740741
54966,54,50,0.0740741
54983,54,50,0.0740741
54988,54,50,0.0740741
55003,54,50,0.0740741
55020,54,50,0.0740741
55036,54,50,0.0740741
55053,54,50,0.0740741
55070,54,50,0.0740741
55086,54,50,0.0740741
55101,54,50,0.0740741
55118,54,50,0.0740741
55135,54,50,0.0740741
55152,54,50,0.0740741
55170,54,50,0.0740741
55186,54,50,0.0740741
55203,54,50,0.0740741
55220,54,50,0.0740741
55236,54,50,0.0740741
55252,54,50,0.0740741
55266,54,50,0.0740741
55278,54,50,0.0740741
55294,54,50,0.0740741
55308,54,50,0.0740741
55322,54,50,0.0740741
55336,54,50,0.0740741
55353,54,50,0.0740741
55368,54,50,0.0740741
55385,54,50,0.0740741
55402,54,50,0.0740741
55418,54,50,0.0740741
55428,54,50,0.0740741
55436,54,50,0.0740741
55451,54,50,0.0740741
55469,54,50,0.0740741
55486,54,50,0.0740741
55502,54,50,0.0740741
55518,54,50,0.0740741
55532,54,50,0.0740741
55532,54,50,0.0740741
55546,54,50,0.0740741
55562,54,50,0.0740741
55576,54,50,0.0740741
55600,54,50,0.0740741
55621,54,50,0.0740741
55638,54,50,0.0740741
55655,54,50,0.0740741
55660,54,50,0.0740741
55676,54,50,0.0740741
55691,54,50,0.0740741
55708,54,50,0.0740741
55721,54,50,0.0740741
55737,54,50,0.0740741
55754,54,50,0.0740741
55768,54,50,0.0740741
55784,54,50,0.0740741
55801,54,50,0.0740741
55818,54,50,0.0740741
55835,54,50,0.0740741
55850,54,50,0.0740741
55865,54,50,0.0740741
55882,54,50,0.0740741
55898,54,50,0.0740741
55915,54,50,0.0740741
55931,54,50,0.0740741
55947,54,50,0.0740741
55964,54,50,0.0740741
55979,54,50,0.0740741
55987,54,50,0.0740741
56003,54,50,0.0740741
56016,54,50,0.0740741
56033,54,50,0.0740741
56050,54,50,0.0740741
56067,54,50,0.0740741
56082,54,50,0.0740741
56098,54,50,0.0740741
56114,54,50,0.0740741
56131,54,50,0.0740741
56143,54,50,0.0740741
56157,54,50,0.0740741
56174,54,50,0.0740741
56190,54,50,0.0740741
56205,54,50,0.0740741
56221,54,50,0.0740741
56236,54,50,0.0740741
56251,54,50,0.0740741
56268,54,50,0.0740741
56283,54,50,0.0740741
56300,54,50,0.0740741
56315,54,50,0.0740741
56327,54,50,0.0740741
56343,54,50,0.0740741
56359,54,50,0.0740741
56375,54,50,0.0740741
56385,54,50,0.0740741
56401,54,50,0.0740741
56416,54,50,0.0740741
56428,54,50,0.0740741
56444,54,50,0.0740741
56460,54,50,0.0740741
56478,54,50,0.0740741
56494,54,50,0.0740741
56510,54,50,0.0740741
56524,54,50,0.0740741
56534,54,50,0.0740741
56549,54,50,0.0740741
56566,54,50,0.0740741
56581,54,50,0.0740741
56597,54,50,0.0740741
56612,54,50,0.0740741
56627,54,50,0.0740741
56641,54,50,0.0740741
56656,54,50,0.0740741
56664,54,50,0.0740741
56670,54,50,0.0740741
56684,54,50,0.0740741
56708,54,50,0.0740741
56723,54,50,0.0740741
56739,54,50,0.0740741
56753,54,50,0.0740741
56768,54,50,0.0740741
56784,54,50,0.0740741
56798,54,50,0.0740741
56814,54,50,0.0740741
56828,54,50,0.0740741
56843,54,50,0.0740741
56857,54,50,0.0740741
56871,54,50,0.0740741
56888,54,50,0.0740741
56904,54,50,0.0740741
56921,54,50,0.0740741
56936,54,50,0.0740741
56953,54,50,0.0740741
56969,54,50,0.0740741
56985,54,50,0.0740741
57001,54,50,0.0740741
57017,54,50,0.0740741
57034,54,50,0.0740741
57050,54,50,0.0740741
57066,54,50,0.0740741
57082,54,50,0.0740741
57097,54,50,0.0740741
57114,54,50,0.0740741
57132,54,50,0.0740741
57148,54,50,0.0740741
57163,54,50,0.0740741
57179,54,50,0.0740741
57193,54,50,0.0740741
57205,54,50,0.0740741
57215,54,50,0.0740741
57230,54,50,0.0740741
57245,54,50,0.0740741
57259,54,50,0.0740741
57276,54,50,0.0740741
57293,54,50,0.0740741
57310,54,50,0.0740741
57317,54,50,0.0740741
57329,54,50,0.0740741
57336,54,50,0.0740741
57352,54,50,0.0740741
57361,54,50,0.0740741
57377,54,50,0.0740741
57393,54,50,0.0740741
57410,54,50,0.0740741
57424,54,50,0.0740741
57437,54,50,0.0740741
57452,54,50,0.0740741
57468,54,50,0.0740741
57483,54,50,0.0740741
57497,54,50,0.0740741
57514,54,50,0.0740741
57531,54,50,0.0740741
57548,54,50,0.0740741
57564,54,50,0.0740741
57579,54,50,0.0740741
57595,54,50,0.0740741
57612,54,50,0.0740741
57623,54,50,0.0740741
57638,54,50,0.0740741
57653,54,50,0.0740741
57671,54,50,0.0740741
57691,54,50,0.0740741
57715,54,50,0.0740741
57741,54,50,0.0740741
57761,54,50,0.0740741
57780,54,50,0.0740741
57803,54,50,0.0740741
57828,54,50,0.0740741
57852,54,50,0.0740741
57878,54,50,0.0740741
57899,54,50,0.0740741
57915,54,50,0.0740741
57932,54,50,0.0740741
57948,54,50,0.0740741
57957,54,50,0.0740741
57990,54,50,0.0740741
58028,54,50,0.0740741
58049,54,50,0.0740741
58069,54,50,0.0740741
58088,54,50,0.0740741
58110,54,50,0.0740741
58135,54,50,0.0740741
58159,54,50,0.0740741
58182,54,50,0.0740741
58207,54,50,0.0740741
58236,54,50,0.0740741
58257,54,50,0.0740741
58277,54,50,0.0740741
58306,54,50,0.0740741
58322,54,50,0.0740741
58336,54,50,0.0740741
58352,54,50,0.0740741
58368,54,50,0.0740741
58385,54,50,0.0740741
58401,54,50,0.0740741
58418,54,50,0.0740741
58435,54,50,0.0740741
58450,54,50,0.0740741
58467,54,50,0.0740741
58484,54,50,0.0740741
58501,54,50,0.0740741
58518,54,50,0.0740741
58534,54,50,0.0740741
58550,54,50,0.0740741
58567,54,50,0.0740741
58584,54,50,0.0740741
58601,54,50,0.0740741
58619,54,50,0.0740741
58635,54,50,0.0740741
58651,54,50,0.0740741
58668,54,50,0.0740741
58685,54,50,0.0740741
58702,54,50,0.0740741
58711,54,50,0.0740741
58728,54,50,0.0740741
58744,54,50,0.0740741
58760,54,50,0.0740741
58773,54,50,0.0740741
58790,54,50,0.0740741
58807,54,50,0.0740741
58823,54,50,0.0740741
58838,54,50,0.0740741
58856,54,50,0.0740741
58872,54,50,0.0740741
58887,54,50,0.0740741
58904,54,50,0.0740741
58922,54,50,0.0740741
58939,54,50,0.0740741
58954,54,50,0.0740741
58969,54,50,0.0740741
58986,54,50,0.0740741
59003,54,50,0.0740741
59020,54,50,0.0740741
59036,54,50,0.0740741
59049,54,50,0.0740741
59064,54,50,0.0740741
59065,54,50,0.0740741
59065,54,50,0.0740741
59076,54,50,0.0740741
59093,54,50,0.0740741
59107,54,50,0.0740741
59123,54,50,0.0740741
59139,54,50,0.0740741
59156,54,50,0.0740741
59173,54,50,0.0740741
59188,54,50,0.0740741
59205,54,50,0.0740741
59222,54,50,0.0740741
59237,54,50,0.0740741
59255,54,50,0.0740741
59267,54,50,0.0740741
59277,54,50,0.0740741
59294,54,50,0.0740741
59310,54,50,0.0740741
59327,54,50,0.0740741
59342,54,50,0.0740741
59358,54,50,0.0740741
59373,54,50,0.0740741
59390,54,50,0.0740741
59406,54,50,0.0740741
59423,54,50,0.0740741
59439,54,50,0.0740741
59456,54,50,0.0740741
59465,54,50,0.0740741
59481,54,50,0.0740741
59496,54,50,0.0740741
59513,54,50,0.0740741
59527,54,50,0.0740741
59544,54,50,0.0740741
59560,54,50,0.0740741
59573,54,50,0.0740741
59584,54,50,0.0740741
59589,54,50,0.0740741
59605,54,50,0.0740741
59617,54,50,0.0740741
59635,54,50,0.0740741
59646,54,50,0.0740741
59663,54,50,0.0740741
59674,54,50,0.0740741
59690,54,50,0.0740741
59707,54,50,0.0740741
59723,54,50,0.0740741
59738,54,50,0.0740741
59755,54,50,0.0740741
59773,54,50,0.0740741
59783,54,50,0.0740741
59799,54,50,0.0740741
59816,54,50,0.0740741
59832,54,50,0.0740741
59849,54,50,0.0740741
59866,54,50,0.0740741
59882,54,50,0.0740741
59893,54,50,0.0740741
59906,54,50,0.0740741
59923,54,50,0.0740741
59940,54,50,0.0740741
59957,54,50,0.0740741
59973,54,50,0.0740741
59987,54,50,0.0740741
59996,54,50,0.0740741
60124,54,50,0.0740741
