time_ms,ub,lb,gap
17,,141,
17,,141,
18,170,141,0.170588
18,170,141,0.170588
18,170,141,0.170588
18,170,141,0.170588
19,170,141,0.170588
20,170,141,0.170588
20,170,141,0.170588
21,170,141,0.170588
22,170,141,0.170588
23,170,141,0.170588
23,170,141,0.170588
24,170,141,0.170588
25,170,141,0.170588
26,170,141,0.170588
27,170,141,0.170588
27,170,141,0.170588
28,170,141,0.170588
29,170,141,0.170588
30,170,141,0.170588
31,170,141,0.170588
32,170,141,0.170588
33,170,141,0.170588
34,170,141,0.170588
35,170,141,0.170588
36,170,141,0.170588
37,170,141,0.170588
38,170,141,0.170588
39,170,141,0.170588
40,170,141,0.170588
41,170,141,0.170588
42,170,141,0.170588
43,170,141,0.170588
44,170,141,0.170588
45,170,141,0.170588
46,170,141,0.170588
47,170,141,0.170588
48,170,141,0.170588
49,170,141,0.170588
50,170,141,0.170588
52,170,141,0.170588
53,170,141,0.170588
54,170,141,0.170588
55,170,141,0.170588
57,170,141,0.170588
58,170,141,0.170588
59,170,141,0.170588
61,170,141,0.170588
62,170,141,0.170588
63,170,141,0.170588
65,170,141,0.170588
66,170,141,0.170588
67,170,141,0.170588
69,170,141,0.170588
70,170,141,0.170588
72,170,141,0.170588
73,170,141,0.170588
75,170,141,0.170588
76,170,141,0.170588
78,170,141,0.170588
79,170,141,0.170588
81,170,141,0.170588
82,170,141,0.170588
84,170,141,0.170588
85,170,141,0.170588
87,170,141,0.170588
89,170,141,0.170588
90,170,141,0.170588
92,170,141,0.170588
93,170,141,0.170588
95,170,141,0.170588
97,170,141,0.170588
98,170,141,0.170588
100,170,141,0.170588
102,170,141,0.170588
104,170,141,0.170588
105,170,141,0.170588
107,170,141,0.170588
109,170,141,0.170588
111,170,141,0.170588
113,170,141,0.170588
114,170,141,0.170588
116,170,141,0.170588
118,170,141,0.170588
120,170,141,0.170588
122,170,141,0.170588
124,170,141,0.170588
126,170,141,0.170588
128,170,141,0.170588
130,170,141,0.170588
132,170,141,0.170588
134,170,141,0.170588
136,170,141,0.170588
139,170,141,0.170588
141,170,141,0.170588
143,170,141,0.170588
145,170,141,0.170588
147,170,141,0.170588
150,170,141,0.170588
152,170,141,0.170588
154,170,141,0.170588
156,170,141,0.170588
159,170,141,0.170588
161,170,141,0.170588
163,170,141,0.170588
166,170,141,0.170588
168,165,141,0.145455
170,165,141,0.145455
171,165,141,0.145455
173,165,141,0.145455
175,165,141,0.145455
177,165,141,0.145455
179,165,141,0.145455
181,165,141,0.145455
184,165,141,0.145455
186,164,141,0.140244
187,164,141,0.140244
189,164,141,0.140244
190,164,141,0.140244
192,164,141,0.140244
193,164,141,0.140244
194,164,141,0.140244
195,164,141,0.140244
196,164,141,0.140244
197,164,141,0.140244
198,164,141,0.140244
198,164,141,0.140244
199,164,141,0.140244
199,164,141,0.140244
199,164,141,0.140244
200,164,141,0.140244
200,164,141,0.140244
200,164,141,0.140244
200,164,141,0.140244
202,164,141,0.140244
204,164,141,0.140244
206,164,141,0.140244
208,164,141,0.140244
210,164,141,0.140244
212,164,141,0.140244
214,164,141,0.140244
216,164,141,0.140244
218,164,141,0.140244
220,164,141,0.140244
222,164,141,0.140244
225,164,141,0.140244
227,164,141,0.140244
229,164,141,0.140244
231,164,141,0.140244
233,164,141,0.140244
236,164,141,0.140244
238,164,141,0.140244
240,164,141,0.140244
243,164,141,0.140244
245,164,141,0.140244
247,164,141,0.140244
250,164,141,0.140244
252,164,141,0.140244
254,164,141,0.140244
256,164,141,0.140244
259,164,141,0.140244
261,164,141,0.140244
263,164,141,0.140244
266,164,141,0.140244
268,164,141,0.140244
270,164,141,0.140244
273,164,141,0.140244
275,164,141,0.140244
277,164,141,0.140244
280,164,141,0.140244
282,164,141,0.140244
285,164,141,0.140244
287,164,141,0.140244
289,164,141,0.140244
292,164,141,0.140244
294,164,141,0.140244
297,164,141,0.140244
299,164,141,0.140244
302,164,141,0.140244
304,164,141,0.140244
307,164,141,0.140244
309,164,141,0.140244
312,164,141,0.140244
315,164,141,0.140244
317,164,141,0.140244
320,164,141,0.140244
323,164,141,0.140244
325,164,141,0.140244
328,164,141,0.140244
331,164,141,0.140244
333,164,141,0.140244
336,164,141,0.140244
339,164,141,0.140244
342,164,141,0.140244
344,164,141,0.140244
347,164,141,0.140244
350,164,141,0.140244
353,164,141,0.140244
356,164,141,0.140244
358,164,141,0.140244
361,164,141,0.140244
364,164,141,0.140244
367,164,141,0.140244
370,164,141,0.140244
373,164,141,0.140244
376,164,141,0.140244
379,164,141,0.140244
382,164,141,0.140244
385,164,141,0.140244
388,164,141,0.140244
392,164,141,0.140244
395,164,141,0.140244
398,164,141,0.140244
402,164,141,0.140244
406,164,141,0.140244
410,164,141,0.140244
413,164,141,0.140244
416,164,141,0.140244
420,164,141,0.140244
423,164,141,0.140244
426,164,141,0.140244
430,164,141,0.140244
433,164,141,0.140244
436,164,141,0.140244
439,164,141,0.140244
443,164,141,0.140244
446,164,141,0.140244
449,164,141,0.140244
452,164,141,0.140244
455,164,141,0.140244
459,164,141,0.140244
462,164,141,0.140244
466,164,141,0.140244
469,164,141,0.140244
472,164,141,0.140244
476,164,141,0.140244
479,164,141,0.140244
483,164,141,0.140244
486,164,141,0.140244
489,164,141,0.140244
493,164,141,0.140244
496,164,141,0.140244
500,164,141,0.140244
503,164,141,0.140244
506,164,141,0.140244
510,164,141,0.140244
513,164,141,0.140244
517,164,141,0.140244
521,164,141,0.140244
524,164,141,0.140244
528,164,141,0.140244
531,164,141,0.140244
535,164,141,0.140244
539,164,141,0.140244
542,164,141,0.140244
546,164,141,0.140244
550,164,141,0.140244
554,164,141,0.140244
558,164,141,0.140244
562,164,141,0.140244
566,164,141,0.140244
569,164,141,0.140244
573,164,141,0.140244
577,164,141,0.140244
580,164,141,0.140244
584,164,141,0.140244
588,164,141,0.140244
591,164,141,0.140244
595,164,141,0.140244
599,164,141,0.140244
602,164,141,0.140244
606,164,141,0.140244
610,164,141,0.140244
614,164,141,0.140244
617,164,141,0.140244
621,164,141,0.140244
625,164,141,0.140244
629,164,141,0.140244
634,164,141,0.140244
638,164,141,0.140244
641,164,141,0.140244
645,164,141,0.140244
649,164,141,0.140244
653,164,141,0.140244
657,164,141,0.140244
661,164,141,0.140244
665,164,141,0.140244
666,164,141,0.140244
666,163,141,0.134969
667,163,141,0.134969
668,163,141,0.134969
669,163,141,0.134969
671,163,141,0.134969
672,163,141,0.134969
673,163,141,0.134969
674,163,141,0.134969
674,163,141,0.134969
675,163,141,0.134969
676,163,141,0.134969
676,163,141,0.134969
677,163,141,0.134969
677,163,141,0.134969
678,163,141,0.134969
678,163,141,0.134969
678,163,141,0.134969
679,163,141,0.134969
679,163,141,0.134969
680,163,141,0.134969
685,163,141,0.134969
690,163,141,0.134969
694,163,141,0.134969
699,163,141,0.134969
704,163,141,0.134969
709,163,141,0.134969
714,163,141,0.134969
719,163,141,0.134969
724,163,141,0.134969
730,163,141,0.134969
735,163,141,0.134969
740,163,141,0.134969
746,163,141,0.134969
751,163,141,0.134969
756,163,141,0.134969
761,163,141,0.134969
766,163,141,0.134969
772,163,141,0.134969
777,163,141,0.134969
782,163,141,0.134969
788,163,141,0.134969
793,163,141,0.134969
799,163,141,0.134969
804,163,141,0.134969
810,163,141,0.134969
815,163,141,0.134969
820,163,141,0.134969
825,163,141,0.134969
831,163,141,0.134969
836,163,141,0.134969
842,163,141,0.134969
847,163,141,0.134969
852,163,141,0.134969
858,163,141,0.134969
863,163,141,0.134969
869,163,141,0.134969
875,163,141,0.134969
881,163,141,0.134969
887,163,141,0.134969
893,163,141,0.134969
899,163,141,0.134969
905,163,141,0.134969
911,163,141,0.134969
917,163,141,0.134969
923,163,141,0.134969
930,163,141,0.134969
936,163,141,0.134969
942,163,141,0.134969
948,163,141,0.134969
954,163,141,0.134969
961,163,141,0.134969
967,163,141,0.134969
974,163,141,0.134969
980,163,141,0.134969
986,163,141,0.134969
993,163,141,0.134969
1000,163,141,0.134969
1007,163,141,0.134969
1013,163,141,0.134969
1019,163,141,0.134969
1026,163,141,0.134969
1033,163,141,0.134969
1039,163,141,0.134969
1046,163,141,0.134969
1053,163,141,0.134969
1060,163,141,0.134969
1067,163,141,0.134969
1073,163,141,0.134969
1080,163,141,0.134969
1086,163,141,0.134969
1093,163,141,0.134969
1101,163,141,0.134969
1108,163,141,0.134969
1115,163,141,0.134969
1122,163,141,0.134969
1129,163,141,0.134969
1137,163,141,0.134969
1144,163,141,0.134969
1150,163,141,0.134969
1157,163,141,0.134969
1165,163,141,0.134969
1172,163,141,0.134969
1179,163,141,0.134969
1187,163,141,0.134969
1195,163,141,0.134969
1203,163,141,0.134969
1210,163,141,0.134969
1217,163,141,0.134969
1224,163,141,0.134969
1231,163,141,0.134969
1238,163,141,0.134969
1244,163,141,0.134969
1252,163,141,0.134969
1259,163,141,0.134969
1265,163,141,0.134969
1272,163,141,0.134969
1279,163,141,0.134969
1286,163,141,0.134969
1293,163,141,0.134969
1300,163,141,0.134969
1307,163,141,0.134969
1314,163,141,0.134969
1321,163,141,0.134969
1328,163,141,0.134969
1335,163,141,0.134969
1342,163,141,0.134969
1349,163,141,0.134969
1356,163,141,0.134969
1364,163,141,0.134969
1371,163,141,0.134969
1378,163,141,0.134969
1385,163,141,0.134969
1393,163,141,0.134969
1402,163,141,0.134969
1410,163,141,0.134969
1417,163,141,0.134969
1425,163,141,0.134969
1432,163,141,0.134969
1440,163,141,0.134969
1447,163,141,0.134969
1454,163,141,0.134969
1462,163,141,0.134969
1469,163,141,0.134969
1477,163,141,0.134969
1484,163,141,0.134969
1492,163,141,0.134969
1500,163,141,0.134969
1508,163,141,0.134969
1515,163,141,0.134969
1523,163,141,0.134969
1531,163,141,0.134969
1539,163,141,0.134969
1547,163,141,0.134969
1554,163,141,0.134969
1562,163,141,0.134969
1570,163,141,0.134969
1577,163,141,0.134969
1585,163,141,0.134969
1594,163,141,0.134969
1602,163,141,0.134969
1610,163,141,0.134969
1618,163,141,0.134969
1626,163,141,0.134969
1634,163,141,0.134969
1642,163,141,0.134969
1650,163,141,0.134969
1658,163,141,0.134969
1666,163,141,0.134969
1674,163,141,0.134969
1682,163,141,0.134969
1690,163,141,0.134969
1698,163,141,0.134969
1706,163,141,0.134969
1714,163,141,0.134969
1723,163,141,0.134969
1731,163,141,0.134969
1739,163,141,0.134969
1747,163,141,0.134969
1756,163,141,0.134969
1764,163,141,0.134969
1772,163,141,0.134969
1780,163,141,0.134969
1789,163,141,0.134969
1798,163,141,0.134969
1806,163,141,0.134969
1815,163,141,0.134969
1823,163,141,0.134969
1831,163,141,0.134969
1840,163,141,0.134969
1848,163,141,0.134969
1857,163,141,0.134969
1865,163,141,0.134969
1874,163,141,0.134969
1882,163,141,0.134969
1891,163,141,0.134969
1899,163,141,0.134969
1907,163,141,0.134969
1916,163,141,0.134969
1924,163,141,0.134969
1933,163,141,0.134969
1942,163,141,0.134969
1950,163,141,0.134969
1959,163,141,0.134969
1968,163,141,0.134969
1976,163,141,0.134969
1985,163,141,0.134969
1993,163,141,0.134969
2002,163,141,0.134969
2011,163,141,0.134969
2019,163,141,0.134969
2028,163,141,0.134969
2036,163,141,0.134969
2045,163,141,0.134969
2053,163,141,0.134969
2062,163,141,0.134969
2071,163,141,0.134969
2079,163,141,0.134969
2088,163,141,0.134969
2097,163,141,0.134969
2106,163,141,0.134969
2115,163,141,0.134969
2124,163,141,0.134969
2133,163,141,0.134969
2142,163,141,0.134969
2150,163,141,0.134969
2159,163,141,0.134969
2168,163,141,0.134969
2177,163,141,0.134969
2186,163,141,0.134969
2198,163,141,0.134969
2207,163,141,0.134969
2216,163,141,0.134969
2225,163,141,0.134969
2234,163,141,0.134969
2244,163,141,0.134969
2253,163,141,0.134969
2263,163,141,0.134969
2273,163,141,0.134969
2283,163,141,0.134969
2293,163,141,0.134969
2303,163,141,0.134969
2313,163,141,0.134969
2324,163,141,0.134969
2333,163,141,0.134969
2343,163,141,0.134969
2354,163,141,0.134969
2364,163,141,0.134969
2375,163,141,0.134969
2386,163,141,0.134969
2397,163,141,0.134969
2408,163,141,0.134969
2418,163,141,0.134969
2428,163,141,0.134969
2439,163,141,0.134969
2449,163,141,0.134969
2458,163,141,0.134969
2469,163,141,0.134969
2479,163,141,0.134969
2490,163,141,0.134969
2501,163,141,0.134969
2512,163,141,0.134969
2523,163,141,0.134969
2533,163,141,0.134969
2544,163,141,0.134969
2554,163,141,0.134969
2565,163,141,0.134969
2576,163,141,0.134969
2587,163,141,0.134969
2597,163,141,0.134969
2608,163,141,0.134969
2619,163,141,0.134969
2630,163,141,0.134969
2641,163,141,0.134969
2652,163,141,0.134969
2662,163,141,0.134969
2673,163,141,0.134969
2684,163,141,0.134969
2695,163,141,0.134969
2707,163,141,0.134969
2718,163,141,0.134969
2729,163,141,0.134969
2740,163,141,0.134969
2751,163,141,0.134969
2762,163,141,0.134969
2774,163,141,0.134969
2785,163,141,0.134969
2797,163,141,0.134969
2808,163,141,0.134969
2820,163,141,0.134969
2831,163,141,0.134969
2842,163,141,0.134969
2854,163,141,0.134969
2865,163,141,0.134969
2875,163,141,0.134969
2887,163,141,0.134969
2899,163,141,0.134969
2910,163,141,0.134969
2921,163,141,0.134969
2932,163,141,0.134969
2942,163,141,0.134969
2953,163,141,0.134969
2964,163,141,0.134969
2976,163,141,0.134969
2987,163,141,0.134969
2999,163,141,0.134969
3010,163,141,0.134969
3022,163,141,0.134969
3033,163,141,0.134969
3045,163,141,0.134969
3057,163,141,0.134969
3069,163,141,0.134969
3080,163,141,0.134969
3091,163,141,0.134969
3103,163,141,0.134969
3115,163,141,0.134969
3126,163,141,0.134969
3138,163,141,0.134969
3150,163,141,0.134969
3162,163,141,0.134969
3174,163,141,0.134969
3187,163,141,0.134969
3198,163,141,0.134969
3210,163,141,0.134969
3222,163,141,0.134969
3234,163,141,0.134969
3247,163,141,0.134969
3258,163,141,0.134969
3269,163,141,0.134969
3281,163,141,0.134969
3293,163,141,0.134969
3305,163,141,0.134969
3317,163,141,0.134969
3329,163,141,0.134969
3341,163,141,0.134969
3353,163,141,0.134969
3365,163,141,0.134969
3376,163,141,0.134969
3388,163,141,0.134969
3399,163,141,0.134969
3413,163,141,0.134969
3425,163,141,0.134969
3437,163,141,0.134969
3450,163,141,0.134969
3461,163,141,0.134969
3473,163,141,0.134969
3486,163,141,0.134969
3498,163,141,0.134969
3509,163,141,0.134969
3521,163,141,0.134969
3533,163,141,0.134969
3545,163,141,0.134969
3557,163,141,0.134969
3570,163,141,0.134969
3582,163,141,0.134969
3594,163,141,0.134969
3607,163,141,0.134969
3620,163,141,0.134969
3632,163,141,0.134969
3645,163,141,0.134969
3658,163,141,0.134969
3671,163,141,0.134969
3684,163,141,0.134969
3697,163,141,0.134969
3709,163,141,0.134969
3721,163,141,0.134969
3733,163,141,0.134969
3745,163,141,0.134969
3757,163,141,0.134969
3770,163,141,0.134969
3783,163,141,0.134969
3796,163,141,0.134969
3810,163,141,0.134969
3823,163,141,0.134969
3836,163,141,0.134969
3850,163,141,0.134969
3862,163,141,0.134969
3875,163,141,0.134969
3889,163,141,0.134969
3902,163,141,0.134969
3916,163,141,0.134969
3928,163,141,0.134969
3942,163,141,0.134969
3953,163,141,0.134969
3966,163,141,0.134969
3979,163,141,0.134969
3992,163,141,0.134969
4006,163,141,0.134969
4020,163,141,0.134969
4032,163,141,0.134969
4047,163,141,0.134969
4060,163,141,0.134969
4073,163,141,0.134969
4087,163,141,0.134969
4101,163,141,0.134969
4115,163,141,0.134969
4129,163,141,0.134969
4142,163,141,0.134969
4155,163,141,0.134969
4168,163,141,0.134969
4182,163,141,0.134969
4198,163,141,0.134969
4212,163,141,0.134969
4226,163,141,0.134969
4240,163,141,0.134969
4255,163,141,0.134969
4269,163,141,0.134969
4282,163,141,0.134969
4296,163,141,0.134969
4311,163,141,0.134969
4324,163,141,0.134969
4339,163,141,0.134969
4354,163,141,0.134969
4367,163,141,0.134969
4381,163,141,0.134969
4395,163,141,0.134969
4410,163,141,0.134969
4425,163,141,0.134969
4439,163,141,0.134969
4453,163,141,0.134969
4467,163,141,0.134969
4482,163,141,0.134969
4497,163,141,0.134969
4511,163,141,0.134969
4525,163,141,0.134969
4540,163,141,0.134969
4555,163,141,0.134969
4569,163,141,0.134969
4583,163,141,0.134969
4598,163,141,0.134969
4612,163,141,0.134969
4626,163,141,0.134969
4640,163,141,0.134969
4655,163,141,0.134969
4670,163,141,0.134969
4685,163,141,0.134969
4700,163,141,0.134969
4714,163,141,0.134969
4729,163,141,0.134969
4743,163,141,0.134969
4758,163,141,0.134969
4773,163,141,0.134969
4788,163,141,0.134969
4803,163,141,0.134969
4819,163,141,0.134969
4834,163,141,0.134969
4848,163,141,0.134969
4863,163,141,0.134969
4877,163,141,0.134969
4893,163,141,0.134969
4908,163,141,0.134969
4923,163,141,0.134969
4938,163,141,0.134969
4952,163,141,0.134969
4966,163,141,0.134969
4982,163,141,0.134969
4997,163,141,0.134969
5012,163,141,0.134969
5028,163,141,0.134969
5042,163,141,0.134969
5057,163,141,0.134969
5072,163,141,0.134969
5087,163,141,0.134969
5102,163,141,0.134969
5117,163,141,0.134969
5131,163,141,0.134969
5145,163,141,0.134969
5160,163,141,0.134969
5175,163,141,0.134969
5190,163,141,0.134969
5207,163,141,0.134969
5222,163,141,0.134969
5239,163,141,0.134969
5253,163,141,0.134969
5268,163,141,0.134969
5284,163,141,0.134969
5300,163,141,0.134969
5315,163,141,0.134969
5330,163,141,0.134969
5346,163,141,0.134969
5361,163,141,0.134969
5376,163,141,0.134969
5393,163,141,0.134969
5408,163,141,0.134969
5424,163,141,0.134969
5439,163,141,0.134969
5455,163,141,0.134969
5471,163,141,0.134969
5487,163,141,0.134969
5503,163,141,0.134969
5518,163,141,0.134969
5534,163,141,0.134969
5549,163,141,0.134969
5564,163,141,0.134969
5580,163,141,0.134969
5596,163,141,0.134969
5611,163,141,0.134969
5627,163,141,0.134969
5643,163,141,0.134969
5659,163,141,0.134969
5675,163,141,0.134969
5691,163,141,0.134969
5707,163,141,0.134969
5722,163,141,0.134969
5738,163,141,0.134969
5754,163,141,0.134969
5769,163,141,0.134969
5785,163,141,0.134969
5802,163,141,0.134969
5818,163,141,0.134969
5835,163,141,0.134969
5851,163,141,0.134969
5867,163,141,0.134969
5883,163,141,0.134969
5899,163,141,0.134969
5915,163,141,0.134969
5931,163,141,0.134969
5947,163,141,0.134969
5963,163,141,0.134969
5979,163,141,0.134969
5994,163,141,0.134969
6010,163,141,0.134969
6025,163,141,0.134969
6041,163,141,0.134969
6058,163,141,0.134969
6073,163,141,0.134969
6088,163,141,0.134969
6103,163,141,0.134969
6119,163,141,0.134969
6134,163,141,0.134969
6149,163,141,0.134969
6164,163,141,0.134969
6181,163,141,0.134969
6198,163,141,0.134969
6214,163,141,0.134969
6231,163,141,0.134969
6247,163,141,0.134969
6264,163,141,0.134969
6279,163,141,0.134969
6295,163,141,0.134969
6312,163,141,0.134969
6327,163,141,0.134969
6344,163,141,0.134969
6360,163,141,0.134969
6375,163,141,0.134969
6391,163,141,0.134969
6408,163,141,0.134969
6424,163,141,0.134969
6441,163,141,0.134969
6457,163,141,0.134969
6474,163,141,0.134969
6490,163,141,0.134969
6506,163,141,0.134969
6523,163,141,0.134969
6539,163,141,0.134969
6555,163,141,0.134969
6572,163,141,0.134969
6589,163,141,0.134969
6606,163,141,0.134969
6623,163,141,0.134969
6639,163,141,0.134969
6655,163,141,0.134969
6672,163,141,0.134969
6688,163,141,0.134969
6705,163,141,0.134969
6721,163,141,0.134969
6738,163,141,0.134969
6755,163,141,0.134969
6771,163,141,0.134969
6789,163,141,0.134969
6805,163,141,0.134969
6822,163,141,0.134969
6839,163,141,0.134969
6856,163,141,0.134969
6872,163,141,0.134969
6889,163,141,0.134969
6906,163,141,0.134969
6923,163,141,0.134969
6940,163,141,0.134969
6956,163,141,0.134969
6973,163,141,0.134969
6990,163,141,0.134969
7007,163,141,0.134969
7023,163,141,0.134969
7040,163,141,0.134969
7058,163,141,0.134969
7075,163,141,0.134969
7091,163,141,0.134969
7108,163,141,0.134969
7126,163,141,0.134969
7143,163,141,0.134969
7160,163,141,0.134969
7178,163,141,0.134969
7195,163,141,0.134969
7212,163,141,0.134969
7229,163,141,0.134969
7246,163,141,0.134969
7262,163,141,0.134969
7280,163,141,0.134969
7296,163,141,0.134969
7312,163,141,0.134969
7329,163,141,0.134969
7346,163,141,0.134969
7363,163,141,0.134969
7379,163,141,0.134969
7396,163,141,0.134969
7414,163,141,0.134969
7432,163,141,0.134969
7449,163,141,0.134969
7466,163,141,0.134969
7483,163,141,0.134969
7500,163,141,0.134969
7517,163,141,0.134969
7534,163,141,0.134969
7552,163,141,0.134969
7569,163,141,0.134969
7587,163,141,0.134969
7604,163,141,0.134969
7621,163,141,0.134969
7639,163,141,0.134969
7657,163,141,0.134969
7674,163,141,0.134969
7691,163,141,0.134969
7709,163,141,0.134969
7727,163,141,0.134969
7745,163,141,0.134969
7762,163,141,0.134969
7780,163,141,0.134969
7797,163,141,0.134969
7815,163,141,0.134969
7833,163,141,0.134969
7851,163,141,0.134969
7869,163,141,0.134969
7887,163,141,0.134969
7904,163,141,0.134969
7922,163,141,0.134969
7942,163,141,0.134969
7960,163,141,0.134969
7977,163,141,0.134969
7997,163,141,0.134969
8014,163,141,0.134969
8032,163,141,0.134969
8049,163,141,0.134969
8068,163,141,0.134969
8086,163,141,0.134969
8105,163,141,0.134969
8123,163,141,0.134969
8141,163,141,0.134969
8158,163,141,0.134969
8177,163,141,0.134969
8196,163,141,0.134969
8214,163,141,0.134969
8232,163,141,0.134969
8252,163,141,0.134969
8272,163,141,0.134969
8289,163,141,0.134969
8308,163,141,0.134969
8327,163,141,0.134969
8344,163,141,0.134969
8363,163,141,0.134969
8382,163,141,0.134969
8400,163,141,0.134969
8421,163,141,0.134969
8438,163,141,0.134969
8457,163,141,0.134969
8475,163,141,0.134969
8494,163,141,0.134969
8513,163,141,0.134969
8533,163,141,0.134969
8552,163,141,0.134969
8571,163,141,0.134969
8583,160,141,0.11875
8603,160,141,0.11875
8621,160,141,0.11875
8640,160,141,0.11875
8659,160,141,0.11875
8677,160,141,0.11875
8696,160,141,0.11875
8714,160,141,0.11875
8732,160,141,0.11875
8750,160,141,0.11875
8768,160,141,0.11875
8786,160,141,0.11875
8804,160,141,0.11875
8822,160,141,0.11875
8841,160,141,0.11875
8859,160,141,0.11875
8878,160,141,0.11875
8896,160,141,0.11875
8914,160,141,0.11875
8933,160,141,0.11875
8951,160,141,0.11875
8970,160,141,0.11875
8988,160,141,0.11875
9006,160,141,0.11875
9024,160,141,0.11875
9042,160,141,0.11875
9060,160,141,0.11875
9078,160,141,0.11875
9095,160,141,0.11875
9113,160,141,0.11875
9131,160,141,0.11875
9148,160,141,0.11875
9166,160,141,0.11875
9185,160,141,0.11875
9204,160,141,0.11875
9223,160,141,0.11875
9240,160,141,0.11875
9258,160,141,0.11875
9277,160,141,0.11875
9294,160,141,0.11875
9313,160,141,0.11875
9331,160,141,0.11875
9350,160,141,0.11875
9367,160,141,0.11875
9384,160,141,0.11875
9404,160,141,0.11875
9423,160,141,0.11875
9442,160,141,0.11875
9459,160,141,0.11875
9477,160,141,0.11875
9496,160,141,0.11875
9514,160,141,0.11875
9532,160,141,0.11875
9550,160,141,0.11875
9567,160,141,0.11875
9586,160,141,0.11875
9603,160,141,0.11875
9622,160,141,0.11875
9640,160,141,0.11875
9659,160,141,0.11875
9677,160,141,0.11875
9695,160,141,0.11875
9713,160,141,0.11875
9730,160,141,0.11875
9750,160,141,0.11875
9768,160,141,0.11875
9785,160,141,0.11875
9803,160,141,0.11875
9822,160,141,0.11875
9841,160,141,0.11875
9860,160,141,0.11875
9878,160,141,0.11875
9896,160,141,0.11875
9914,160,141,0.11875
9931,160,141,0.11875
9949,160,141,0.11875
9967,160,141,0.11875
9985,160,141,0.11875
10003,160,141,0.11875
10021,160,141,0.11875
10040,160,141,0.11875
10057,160,141,0.11875
10074,160,141,0.11875
10092,160,141,0.11875
10112,160,141,0.11875
10130,160,141,0.11875
10149,160,141,0.11875
10167,160,141,0.11875
10185,160,141,0.11875
10203,160,141,0.11875
10222,160,141,0.11875
10239,160,141,0.11875
10257,160,141,0.11875
10276,160,141,0.11875
10295,160,141,0.11875
10313,160,141,0.11875
10332,160,141,0.11875
10349,160,141,0.11875
10367,160,141,0.11875
10386,160,141,0.11875
10404,160,141,0.11875
10424,160,141,0.11875
10442,160,141,0.11875
10460,160,141,0.11875
10479,160,141,0.11875
10497,160,141,0.11875
10515,160,141,0.11875
10534,160,141,0.11875
10552,160,141,0.11875
10570,160,141,0.11875
10588,160,141,0.11875
10609,160,141,0.11875
10627,160,141,0.11875
10645,160,141,0.11875
10663,160,141,0.11875
10680,160,141,0.11875
10699,160,141,0.11875
10718,160,141,0.11875
10737,160,141,0.11875
10755,160,141,0.11875
10774,160,141,0.11875
10792,160,141,0.11875
10810,160,141,0.11875
10830,160,141,0.11875
10848,160,141,0.11875
10866,160,141,0.11875
10884,160,141,0.11875
10903,160,141,0.11875
10922,160,141,0.11875
10940,160,141,0.11875
10959,160,141,0.11875
10977,157,141,0.101911
10994,157,141,0.101911
11013,157,141,0.101911
11032,157,141,0.101911
11051,157,141,0.101911
11070,157,141,0.101911
11088,157,141,0.101911
11106,157,141,0.101911
11124,157,141,0.101911
11142,157,141,0.101911
11159,157,141,0.101911
11179,157,141,0.101911
11199,157,141,0.101911
11216,157,141,0.101911
11233,157,141,0.101911
11251,157,141,0.101911
11268,157,141,0.101911
11286,157,141,0.101911
11303,157,141,0.101911
11320,157,141,0.101911
11337,157,141,0.101911
11355,157,141,0.101911
11372,157,141,0.101911
11389,157,141,0.101911
11409,157,141,0.101911
11427,157,141,0.101911
11445,157,141,0.101911
11462,157,141,0.101911
11479,157,141,0.101911
11496,157,141,0.101911
11513,157,141,0.101911
11531,157,141,0.101911
11547,157,141,0.101911
11564,157,141,0.101911
11581,157,141,0.101911
11599,157,141,0.101911
11616,157,141,0.101911
11632,157,141,0.101911
11649,157,141,0.101911
11666,157,141,0.101911
11682,157,141,0.101911
11699,157,141,0.101911
11715,157,141,0.101911
11731,157,141,0.101911
11748,157,141,0.101911
11764,157,141,0.101911
11780,157,141,0.101911
11796,157,141,0.101911
11812,157,141,0.101911
11828,157,141,0.101911
11844,157,141,0.101911
11860,157,141,0.101911
11876,157,141,0.101911
11892,157,141,0.101911
11908,157,141,0.101911
11924,157,141,0.101911
11940,157,141,0.101911
11956,157,141,0.101911
11971,157,141,0.101911
11986,157,141,0.101911
12002,157,141,0.101911
12017,157,141,0.101911
12032,157,141,0.101911
12047,157,141,0.101911
12063,157,141,0.101911
12078,157,141,0.101911
12093,157,141,0.101911
12108,157,141,0.101911
12123,157,141,0.101911
12138,157,141,0.101911
12152,157,141,0.101911
12167,157,141,0.101911
12183,157,141,0.101911
12200,157,141,0.101911
12215,157,141,0.101911
12229,157,141,0.101911
12243,157,141,0.101911
12257,157,141,0.101911
12272,157,141,0.101911
12286,157,141,0.101911
12301,157,141,0.101911
12315,157,141,0.101911
12330,157,141,0.101911
12344,157,141,0.101911
12358,157,141,0.101911
12371,157,141,0.101911
12385,157,141,0.101911
12399,157,141,0.101911
12415,157,141,0.101911
12429,157,141,0.101911
12442,157,141,0.101911
12456,157,141,0.101911
12469,157,141,0.101911
12482,157,141,0.101911
12496,157,141,0.101911
12509,157,141,0.101911
12523,157,141,0.101911
12536,157,141,0.101911
12549,157,141,0.101911
12562,157,141,0.101911
12575,157,141,0.101911
12587,157,141,0.101911
12600,157,141,0.101911
12612,157,141,0.101911
12625,157,141,0.101911
12637,157,141,0.101911
12649,157,141,0.101911
12662,157,141,0.101911
12674,157,141,0.101911
12686,157,141,0.101911
12698,157,141,0.101911
12710,157,141,0.101911
12722,157,141,0.101911
12733,157,141,0.101911
12745,157,141,0.101911
12756,157,141,0.101911
12768,157,141,0.101911
12779,157,141,0.101911
12790,157,141,0.101911
12802,157,141,0.101911
12813,157,141,0.101911
12824,157,141,0.101911
12836,157,141,0.101911
12847,157,141,0.101911
12858,157,141,0.101911
12869,157,141,0.101911
12879,157,141,0.101911
12889,157,141,0.101911
12900,157,141,0.101911
12911,157,141,0.101911
12921,157,141,0.101911
12933,157,141,0.101911
12943,157,141,0.101911
12954,157,141,0.101911
12970,157,141,0.101911
12985,157,141,0.101911
12999,157,141,0.101911
13011,157,141,0.101911
13021,157,141,0.101911
13030,157,141,0.101911
13040,157,141,0.101911
13049,157,141,0.101911
13059,157,141,0.101911
13068,157,141,0.101911
13078,157,141,0.101911
13087,157,141,0.101911
13098,157,141,0.101911
13108,157,141,0.101911
13116,157,141,0.101911
13125,157,141,0.101911
13133,157,141,0.101911
13142,157,141,0.101911
13151,157,141,0.101911
13159,157,141,0.101911
13167,157,141,0.101911
13177,157,141,0.101911
13185,157,141,0.101911
13199,157,141,0.101911
13208,157,141,0.101911
13217,157,141,0.101911
13227,157,141,0.101911
13236,157,141,0.101911
13251,157,141,0.101911
13260,157,141,0.101911
13268,157,141,0.101911
13279,157,141,0.101911
13287,157,141,0.101911
13295,157,141,0.101911
13304,157,141,0.101911
13312,157,141,0.101911
13323,157,141,0.101911
13334,157,141,0.101911
13350,157,141,0.101911
13360,157,141,0.101911
13368,157,141,0.101911
13376,157,141,0.101911
13388,157,141,0.101911
13397,157,141,0.101911
13413,157,141,0.101911
13431,157,141,0.101911
13446,157,141,0.101911
13461,157,141,0.101911
13472,157,141,0.101911
13483,157,141,0.101911
13490,157,141,0.101911
13498,157,141,0.101911
13507,157,141,0.101911
13516,157,141,0.101911
13531,157,141,0.101911
13544,157,141,0.101911
13553,157,141,0.101911
13562,157,141,0.101911
13569,157,141,0.101911
13580,157,141,0.101911
13593,157,141,0.101911
13605,157,141,0.101911
13616,157,141,0.101911
13628,157,141,0.101911
13640,157,141,0.101911
13655,157,141,0.101911
13670,157,141,0.101911
13682,157,141,0.101911
13691,157,141,0.101911
13706,157,141,0.101911
13721,157,141,0.101911
13733,157,141,0.101911
13744,157,141,0.101911
13757,157,141,0.101911
13772,157,141,0.101911
13786,157,141,0.101911
13800,157,141,0.101911
13814,157,141,0.101911
13827,157,141,0.101911
13837,157,141,0.101911
13845,157,141,0.101911
13856,157,141,0.101911
13869,157,141,0.101911
13881,157,141,0.101911
13891,157,141,0.101911
13903,157,141,0.101911
13918,157,141,0.101911
13929,157,141,0.101911
13941,157,141,0.101911
13953,157,141,0.101911
13965,157,141,0.101911
13975,157,141,0.101911
13985,157,141,0.101911
13997,157,141,0.101911
14008,157,141,0.101911
14019,157,141,0.101911
14030,157,141,0.101911
14042,157,141,0.101911
14051,157,141,0.101911
14065,157,141,0.101911
14076,157,141,0.101911
14088,157,141,0.101911
14099,157,141,0.101911
14107,157,141,0.101911
14117,157,141,0.101911
14129,157,141,0.101911
14141,157,141,0.101911
14153,157,141,0.101911
14163,157,141,0.101911
14175,157,141,0.101911
14185,157,141,0.101911
14198,157,141,0.101911
14208,157,141,0.101911
14222,157,141,0.101911
14232,157,141,0.101911
14243,157,141,0.101911
14257,157,141,0.101911
14269,157,141,0.101911
14281,157,141,0.101911
14292,157,141,0.101911
14304,157,141,0.101911
14314,157,141,0.101911
14324,156,141,0.0961538
14335,156,141,0.0961538
14347,156,141,0.0961538
14359,156,141,0.0961538
14371,156,141,0.0961538
14384,156,141,0.0961538
14397,156,141,0.0961538
14410,156,141,0.0961538
14422,156,141,0.0961538
14432,156,141,0.0961538
14443,156,141,0.0961538
14453,156,141,0.0961538
14463,156,141,0.0961538
14475,156,141,0.0961538
14487,156,141,0.0961538
14498,156,141,0.0961538
14510,156,141,0.0961538
14522,156,141,0.0961538
14534,156,141,0.0961538
14545,156,141,0.0961538
14557,156,141,0.0961538
14567,156,141,0.0961538
14578,156,141,0.0961538
14590,156,141,0.0961538
14599,156,141,0.0961538
14609,156,141,0.0961538
14619,156,141,0.0961538
14629,156,141,0.0961538
14640,156,141,0.0961538
14650,156,141,0.0961538
14660,156,141,0.0961538
14670,156,141,0.0961538
14681,156,141,0.0961538
14691,156,141,0.0961538
14701,156,141,0.0961538
14711,156,141,0.0961538
14721,156,141,0.0961538
14730,156,141,0.0961538
14740,156,141,0.0961538
14749,156,141,0.0961538
14759,156,141,0.0961538
14768,156,141,0.0961538
14778,156,141,0.0961538
14788,156,141,0.0961538
14797,156,141,0.0961538
14807,156,141,0.0961538
14815,156,141,0.0961538
14824,156,141,0.0961538
14833,156,141,0.0961538
14841,156,141,0.0961538
14851,156,141,0.0961538
14859,156,141,0.0961538
14868,156,141,0.0961538
14877,156,141,0.0961538
14888,156,141,0.0961538
14897,156,141,0.0961538
14906,156,141,0.0961538
14914,156,141,0.0961538
14922,156,141,0.0961538
14932,156,141,0.0961538
14941,156,141,0.0961538
14950,156,141,0.0961538
14958,156,141,0.0961538
14966,156,141,0.0961538
14976,156,141,0.0961538
14985,156,141,0.0961538
14994,156,141,0.0961538
15003,156,141,0.0961538
15011,156,141,0.0961538
15019,156,141,0.0961538
15027,156,141,0.0961538
15035,156,141,0.0961538
15043,156,141,0.0961538
15052,156,141,0.0961538
15062,156,141,0.0961538
15070,156,141,0.0961538
15079,156,141,0.0961538
15087,156,141,0.0961538
15096,156,141,0.0961538
15104,156,141,0.0961538
15112,156,141,0.0961538
15121,156,141,0.0961538
15131,156,141,0.0961538
15140,156,141,0.0961538
15148,156,141,0.0961538
15157,156,141,0.0961538
15166,156,141,0.0961538
15178,156,141,0.0961538
15188,156,141,0.0961538
15196,156,141,0.0961538
15205,156,141,0.0961538
15213,156,141,0.0961538
15223,156,141,0.0961538
15233,156,141,0.0961538
15243,156,141,0.0961538
15251,156,141,0.0961538
15259,156,141,0.0961538
15267,156,141,0.0961538
15274,156,141,0.0961538
15282,156,141,0.0961538
15291,156,141,0.0961538
15299,156,141,0.0961538
15309,156,141,0.0961538
15318,156,141,0.0961538
15326,156,141,0.0961538
15334,156,141,0.0961538
15343,156,141,0.0961538
15351,156,141,0.0961538
15359,156,141,0.0961538
15367,156,141,0.0961538
15376,156,141,0.0961538
15384,156,141,0.0961538
15393,156,141,0.0961538
15401,156,141,0.0961538
15413,156,141,0.0961538
15420,156,141,0.0961538
15429,156,141,0.0961538
15440,156,141,0.0961538
15448,156,141,0.0961538
15457,156,141,0.0961538
15466,156,141,0.0961538
15475,156,141,0.0961538
15483,156,141,0.0961538
15491,156,141,0.0961538
15499,156,141,0.0961538
15507,156,141,0.0961538
15517,156,141,0.0961538
15525,156,141,0.0961538
15533,156,141,0.0961538
15543,156,141,0.0961538
15552,156,141,0.0961538
15561,156,141,0.0961538
15570,156,141,0.0961538
15580,156,141,0.0961538
15588,156,141,0.0961538
15597,156,141,0.0961538
15606,156,141,0.0961538
15616,156,141,0.0961538
15625,156,141,0.0961538
15633,156,141,0.0961538
15642,156,141,0.0961538
15650,156,141,0.0961538
15658,156,141,0.0961538
15668,156,141,0.0961538
15679,156,141,0.0961538
15688,156,141,0.0961538
15697,156,141,0.0961538
15707,156,141,0.0961538
15714,156,141,0.0961538
15723,156,141,0.0961538
15732,156,141,0.0961538
15740,156,141,0.0961538
15751,156,141,0.0961538
15761,156,141,0.0961538
15769,156,141,0.0961538
15778,156,141,0.0961538
15788,156,141,0.0961538
15795,156,141,0.0961538
15803,156,141,0.0961538
15813,156,141,0.0961538
15822,156,141,0.0961538
15830,156,141,0.0961538
15838,156,141,0.0961538
15846,156,141,0.0961538
15855,156,141,0.0961538
15863,156,141,0.0961538
15872,156,141,0.0961538
15881,156,141,0.0961538
15890,156,141,0.0961538
15898,156,141,0.0961538
15909,156,141,0.0961538
15920,156,141,0.0961538
15928,156,141,0.0961538
15936,156,141,0.0961538
15946,156,141,0.0961538
15955,156,141,0.0961538
15962,156,141,0.0961538
15972,156,141,0.0961538
15979,156,141,0.0961538
15989,156,141,0.0961538
15997,156,141,0.0961538
16007,156,141,0.0961538
16016,156,141,0.0961538
16024,156,141,0.0961538
16033,156,141,0.0961538
16043,156,141,0.0961538
16053,156,141,0.0961538
16064,156,141,0.0961538
16075,156,141,0.0961538
16084,156,141,0.0961538
16093,156,141,0.0961538
16101,156,141,0.0961538
16111,156,141,0.0961538
16120,156,141,0.0961538
16127,156,141,0.0961538
16137,156,141,0.0961538
16147,156,141,0.0961538
16159,156,141,0.0961538
16168,156,141,0.0961538
16177,156,141,0.0961538
16188,156,141,0.0961538
16197,156,141,0.0961538
16208,156,141,0.0961538
16215,155,141,0.0903226
16220,155,141,0.0903226
16226,155,141,0.0903226
16231,155,141,0.0903226
16237,155,141,0.0903226
16242,155,141,0.0903226
16247,155,141,0.0903226
16253,155,141,0.0903226
16257,155,141,0.0903226
16262,155,141,0.0903226
16267,155,141,0.0903226
16272,155,141,0.0903226
16276,155,141,0.0903226
16281,155,141,0.0903226
16285,155,141,0.0903226
16290,155,141,0.0903226
16294,155,141,0.0903226
16300,155,141,0.0903226
16304,155,141,0.0903226
16308,155,141,0.0903226
16312,155,141,0.0903226
16316,155,141,0.0903226
16320,155,141,0.0903226
16324,155,141,0.0903226
16328,155,141,0.0903226
16332,155,141,0.0903226
16336,155,141,0.0903226
16339,155,141,0.0903226
16343,155,141,0.0903226
16347,155,141,0.0903226
16351,155,141,0.0903226
16354,155,141,0.0903226
16358,155,141,0.0903226
16361,155,141,0.0903226
16365,155,141,0.0903226
16368,155,141,0.0903226
16371,155,141,0.0903226
16374,155,141,0.0903226
16377,155,141,0.0903226
16380,155,141,0.0903226
16383,155,141,0.0903226
16386,155,141,0.0903226
16388,155,141,0.0903226
16391,155,141,0.0903226
16393,155,141,0.0903226
16396,155,141,0.0903226
16398,155,141,0.0903226
16400,155,141,0.0903226
16402,155,141,0.0903226
16404,155,141,0.0903226
16407,155,141,0.0903226
16409,155,141,0.0903226
16412,155,141,0.0903226
16414,155,141,0.0903226
16416,155,141,0.0903226
16418,155,141,0.0903226
16420,155,141,0.0903226
16422,155,141,0.0903226
16424,155,141,0.0903226
16426,155,141,0.0903226
16427,155,141,0.0903226
16429,155,141,0.0903226
16431,155,141,0.0903226
16434,155,141,0.0903226
16441,155,141,0.0903226
16446,155,141,0.0903226
16452,155,141,0.0903226
16458,155,141,0.0903226
16465,155,141,0.0903226
16474,155,141,0.0903226
16480,155,141,0.0903226
16485,155,141,0.0903226
16490,155,141,0.0903226
16496,155,141,0.0903226
16503,155,141,0.0903226
16510,155,141,0.0903226
16516,155,141,0.0903226
16523,155,141,0.0903226
16531,155,141,0.0903226
16539,155,141,0.0903226
16547,155,141,0.0903226
16554,155,141,0.0903226
16564,155,141,0.0903226
16570,155,141,0.0903226
16579,155,141,0.0903226
16588,155,141,0.0903226
16598,155,141,0.0903226
16606,155,141,0.0903226
16612,155,141,0.0903226
16618,155,141,0.0903226
16625,155,141,0.0903226
16631,155,141,0.0903226
16640,155,141,0.0903226
16646,155,141,0.0903226
16654,155,141,0.0903226
16663,155,141,0.0903226
16672,155,141,0.0903226
16680,155,141,0.0903226
16690,155,141,0.0903226
16699,155,141,0.0903226
16707,155,141,0.0903226
16713,155,141,0.0903226
16720,155,141,0.0903226
16727,155,141,0.0903226
16735,155,141,0.0903226
16743,155,141,0.0903226
16750,155,141,0.0903226
16760,155,141,0.0903226
16767,155,141,0.0903226
16774,155,141,0.0903226
16784,155,141,0.0903226
16791,155,141,0.0903226
16796,155,141,0.0903226
16804,155,141,0.0903226
16814,155,141,0.0903226
16822,155,141,0.0903226
16830,155,141,0.0903226
16837,155,141,0.0903226
16845,155,141,0.0903226
16851,155,141,0.0903226
16858,155,141,0.0903226
16866,155,141,0.0903226
16874,155,141,0.0903226
16881,155,141,0.0903226
16887,155,141,0.0903226
16896,155,141,0.0903226
16905,155,141,0.0903226
16912,155,141,0.0903226
16918,155,141,0.0903226
16928,155,141,0.0903226
16936,155,141,0.0903226
16943,155,141,0.0903226
16952,155,141,0.0903226
16961,155,141,0.0903226
16971,155,141,0.0903226
16980,155,141,0.0903226
16988,155,141,0.0903226
16997,155,141,0.0903226
17005,155,141,0.0903226
17014,155,141,0.0903226
17026,155,141,0.0903226
17032,155,141,0.0903226
17039,155,141,0.0903226
17049,155,141,0.0903226
17056,155,141,0.0903226
17066,155,141,0.0903226
17075,155,141,0.0903226
17083,155,141,0.0903226
17090,155,141,0.0903226
17097,155,141,0.0903226
17103,155,141,0.0903226
17110,155,141,0.0903226
17121,155,141,0.0903226
17129,155,141,0.0903226
17138,155,141,0.0903226
17147,155,141,0.0903226
17155,155,141,0.0903226
17161,155,141,0.0903226
17170,155,141,0.0903226
17179,155,141,0.0903226
17188,155,141,0.0903226
17195,155,141,0.0903226
17202,155,141,0.0903226
17210,155,141,0.0903226
17218,155,141,0.0903226
17226,155,141,0.0903226
17237,155,141,0.0903226
17245,155,141,0.0903226
17255,155,141,0.0903226
17263,155,141,0.0903226
17271,155,141,0.0903226
17279,155,141,0.0903226
17289,155,141,0.0903226
17296,155,141,0.0903226
17306,155,141,0.0903226
17312,155,141,0.0903226
17320,155,141,0.0903226
17328,155,141,0.0903226
17338,155,141,0.0903226
17346,155,141,0.0903226
17356,155,141,0.0903226
17363,155,141,0.0903226
17374,155,141,0.0903226
17383,155,141,0.0903226
17393,155,141,0.0903226
17402,155,141,0.0903226
17411,155,141,0.0903226
17418,155,141,0.0903226
17428,155,141,0.0903226
17436,155,141,0.0903226
17444,155,141,0.0903226
17453,155,141,0.0903226
17460,155,141,0.0903226
17470,155,141,0.0903226
17477,155,141,0.0903226
17488,155,141,0.0903226
17496,155,141,0.0903226
17504,155,141,0.0903226
17512,155,141,0.0903226
17520,155,141,0.0903226
17527,155,141,0.0903226
17536,155,141,0.0903226
17547,155,141,0.0903226
17556,155,141,0.0903226
17565,155,141,0.0903226
17573,155,141,0.0903226
17583,155,141,0.0903226
17590,155,141,0.0903226
17599,155,141,0.0903226
17608,155,141,0.0903226
17617,155,141,0.0903226
17626,155,141,0.0903226
17635,155,141,0.0903226
17644,155,141,0.0903226
17652,155,141,0.0903226
17659,155,141,0.0903226
17667,155,141,0.0903226
17676,155,141,0.0903226
17682,155,141,0.0903226
17694,155,141,0.0903226
17702,155,141,0.0903226
17709,155,141,0.0903226
17719,155,141,0.0903226
17727,155,141,0.0903226
17735,155,141,0.0903226
17744,155,141,0.0903226
17752,155,141,0.0903226
17760,155,141,0.0903226
17770,155,141,0.0903226
17779,155,141,0.0903226
17789,155,141,0.0903226
17795,155,141,0.0903226
17804,155,141,0.0903226
17816,155,141,0.0903226
17824,155,141,0.0903226
17835,155,141,0.0903226
17843,155,141,0.0903226
17851,155,141,0.0903226
17860,155,141,0.0903226
17868,155,141,0.0903226
17875,155,141,0.0903226
17884,155,141,0.0903226
17892,155,141,0.0903226
17901,155,141,0.0903226
17909,155,141,0.0903226
17918,155,141,0.0903226
17926,155,141,0.0903226
17934,155,141,0.0903226
17943,155,141,0.0903226
17951,155,141,0.0903226
17959,155,141,0.0903226
17966,155,141,0.0903226
17975,155,141,0.0903226
17983,155,141,0.0903226
17992,155,141,0.0903226
18000,155,141,0.0903226
18007,155,141,0.0903226
18017,155,141,0.0903226
18027,155,141,0.0903226
18036,155,141,0.0903226
18045,155,141,0.0903226
18056,155,141,0.0903226
18066,155,141,0.0903226
18075,155,141,0.0903226
18088,155,141,0.0903226
18099,155,141,0.0903226
18110,155,141,0.0903226
18118,155,141,0.0903226
18127,155,141,0.0903226
18135,155,141,0.0903226
18143,155,141,0.0903226
18153,155,141,0.0903226
18161,155,141,0.0903226
18170,155,141,0.0903226
18177,155,141,0.0903226
18187,155,141,0.0903226
18197,155,141,0.0903226
18206,155,141,0.0903226
18215,155,141,0.0903226
18225,155,141,0.0903226
18233,155,141,0.0903226
18242,155,141,0.0903226
18251,155,141,0.0903226
18262,155,141,0.0903226
18271,155,141,0.0903226
18281,155,141,0.0903226
18290,155,141,0.0903226
18298,155,141,0.0903226
18306,155,141,0.0903226
18317,155,141,0.0903226
18325,155,141,0.0903226
18334,155,141,0.0903226
18344,155,141,0.0903226
18353,155,141,0.0903226
18362,155,141,0.0903226
18374,155,141,0.0903226
18383,155,141,0.0903226
18395,155,141,0.0903226
18405,155,141,0.0903226
18413,155,141,0.0903226
18422,155,141,0.0903226
18431,155,141,0.0903226
18440,155,141,0.0903226
18449,155,141,0.0903226
18458,155,141,0.0903226
18467,155,141,0.0903226
18476,155,141,0.0903226
18487,155,141,0.0903226
18496,155,141,0.0903226
18505,155,141,0.0903226
18515,155,141,0.0903226
18525,155,141,0.0903226
18535,155,141,0.0903226
18544,155,141,0.0903226
18553,155,141,0.0903226
18563,155,141,0.0903226
18572,155,141,0.0903226
18581,155,141,0.0903226
18590,155,141,0.0903226
18602,155,141,0.0903226
18612,155,141,0.0903226
18621,155,141,0.0903226
18630,155,141,0.0903226
18640,155,141,0.0903226
18649,155,141,0.0903226
18659,155,141,0.0903226
18669,155,141,0.0903226
18678,155,141,0.0903226
18688,155,141,0.0903226
18699,155,141,0.0903226
18709,155,141,0.0903226
18719,155,141,0.0903226
18728,155,141,0.0903226
18738,155,141,0.0903226
18750,155,141,0.0903226
18759,155,141,0.0903226
18770,155,141,0.0903226
18780,155,141,0.0903226
18791,155,141,0.0903226
18800,155,141,0.0903226
18810,155,141,0.0903226
18820,155,141,0.0903226
18829,155,141,0.0903226
18840,155,141,0.0903226
18850,155,141,0.0903226
18860,155,141,0.0903226
18870,155,141,0.0903226
18880,155,141,0.0903226
18891,155,141,0.0903226
18902,155,141,0.0903226
18912,155,141,0.0903226
18923,155,141,0.0903226
18932,155,141,0.0903226
18943,155,141,0.0903226
18954,155,141,0.0903226
18964,155,141,0.0903226
18974,155,141,0.0903226
18984,155,141,0.0903226
18993,155,141,0.0903226
19003,155,141,0.0903226
19014,155,141,0.0903226
19024,155,141,0.0903226
19033,155,141,0.0903226
19043,155,141,0.0903226
19053,155,141,0.0903226
19063,155,141,0.0903226
19073,155,141,0.0903226
19083,155,141,0.0903226
19093,155,141,0.0903226
19105,155,141,0.0903226
19115,155,141,0.0903226
19125,155,141,0.0903226
19134,155,141,0.0903226
19143,155,141,0.0903226
19153,155,141,0.0903226
19162,155,141,0.0903226
19173,155,141,0.0903226
19183,155,141,0.0903226
19194,155,141,0.0903226
19204,155,141,0.0903226
19214,155,141,0.0903226
19224,155,141,0.0903226
19235,155,141,0.0903226
19248,155,141,0.0903226
19260,155,141,0.0903226
19273,155,141,0.0903226
19282,155,141,0.0903226
19292,155,141,0.0903226
19303,155,141,0.0903226
19313,155,141,0.0903226
19324,155,141,0.0903226
19334,155,141,0.0903226
19344,155,141,0.0903226
19353,155,141,0.0903226
19363,155,141,0.0903226
19373,155,141,0.0903226
19383,155,141,0.0903226
19394,155,141,0.0903226
19407,155,141,0.0903226
19417,155,141,0.0903226
19429,155,141,0.0903226
19440,155,141,0.0903226
19450,155,141,0.0903226
19461,155,141,0.0903226
19471,155,141,0.0903226
19482,155,141,0.0903226
19493,155,141,0.0903226
19504,155,141,0.0903226
19514,155,141,0.0903226
19525,155,141,0.0903226
19535,155,141,0.0903226
19546,155,141,0.0903226
19558,155,141,0.0903226
19569,155,141,0.0903226
19579,155,141,0.0903226
19590,155,141,0.0903226
19601,155,141,0.0903226
19612,155,141,0.0903226
19624,155,141,0.0903226
19635,155,141,0.0903226
19647,155,141,0.0903226
19658,155,141,0.0903226
19670,155,141,0.0903226
19681,155,141,0.0903226
19693,155,141,0.0903226
19704,155,141,0.0903226
19715,155,141,0.0903226
19726,155,141,0.0903226
19737,155,141,0.0903226
19749,155,141,0.0903226
19760,155,141,0.0903226
19771,155,141,0.0903226
19782,155,141,0.0903226
19792,155,141,0.0903226
19802,155,141,0.0903226
19815,155,141,0.0903226
19827,155,141,0.0903226
19838,155,141,0.0903226
19851,155,141,0.0903226
19861,155,141,0.0903226
19872,155,141,0.0903226
19883,155,141,0.0903226
19895,155,141,0.0903226
19906,155,141,0.0903226
19916,155,141,0.0903226
19928,155,141,0.0903226
19939,155,141,0.0903226
19950,155,141,0.0903226
19961,155,141,0.0903226
19970,155,141,0.0903226
19981,155,141,0.0903226
19993,155,141,0.0903226
20003,155,141,0.0903226
20015,155,141,0.0903226
20026,155,141,0.0903226
20038,155,141,0.0903226
20049,155,141,0.0903226
20060,155,141,0.0903226
20072,155,141,0.0903226
20084,155,141,0.0903226
20096,155,141,0.0903226
20107,155,141,0.0903226
20118,155,141,0.0903226
20130,155,141,0.0903226
20142,155,141,0.0903226
20155,155,141,0.0903226
20166,155,141,0.0903226
20177,155,141,0.0903226
20191,155,141,0.0903226
20204,155,141,0.0903226
20214,155,141,0.0903226
20227,155,141,0.0903226
20239,155,141,0.0903226
20252,155,141,0.0903226
20264,155,141,0.0903226
20276,155,141,0.0903226
20287,155,141,0.0903226
20299,155,141,0.0903226
20310,155,141,0.0903226
20323,155,141,0.0903226
20333,155,141,0.0903226
20346,155,141,0.0903226
20357,155,141,0.0903226
20369,155,141,0.0903226
20384,155,141,0.0903226
20396,155,141,0.0903226
20407,155,141,0.0903226
20419,155,141,0.0903226
20431,155,141,0.0903226
20443,155,141,0.0903226
20454,155,141,0.0903226
20466,155,141,0.0903226
20477,155,141,0.0903226
20488,155,141,0.0903226
20499,155,141,0.0903226
20511,155,141,0.0903226
20522,155,141,0.0903226
20534,155,141,0.0903226
20546,155,141,0.0903226
20558,155,141,0.0903226
20571,155,141,0.0903226
20583,155,141,0.0903226
20595,155,141,0.0903226
20606,155,141,0.0903226
20618,155,141,0.0903226
20630,155,141,0.0903226
20642,155,141,0.0903226
20654,155,141,0.0903226
20667,155,141,0.0903226
20680,155,141,0.0903226
20693,155,141,0.0903226
20706,155,141,0.0903226
20718,155,141,0.0903226
20731,155,141,0.0903226
20744,155,141,0.0903226
20756,155,141,0.0903226
20768,155,141,0.0903226
20780,155,141,0.0903226
20792,155,141,0.0903226
20803,155,141,0.0903226
20816,155,141,0.0903226
20828,155,141,0.0903226
20839,155,141,0.0903226
20852,155,141,0.0903226
20863,155,141,0.0903226
20876,155,141,0.0903226
20887,155,141,0.0903226
20898,155,141,0.0903226
20910,155,141,0.0903226
20922,155,141,0.0903226
20933,155,141,0.0903226
20945,155,141,0.0903226
20957,155,141,0.0903226
20970,155,141,0.0903226
20983,155,141,0.0903226
20994,155,141,0.0903226
21007,155,141,0.0903226
21019,155,141,0.0903226
21030,155,141,0.0903226
21042,155,141,0.0903226
21054,155,141,0.0903226
21065,155,141,0.0903226
21077,155,141,0.0903226
21088,155,141,0.0903226
21101,155,141,0.0903226
21113,155,141,0.0903226
21126,155,141,0.0903226
21138,155,141,0.0903226
21151,155,141,0.0903226
21163,155,141,0.0903226
21175,155,141,0.0903226
21189,155,141,0.0903226
21203,155,141,0.0903226
21215,155,141,0.0903226
21227,155,141,0.0903226
21240,155,141,0.0903226
21251,155,141,0.0903226
21264,155,141,0.0903226
21276,155,141,0.0903226
21288,155,141,0.0903226
21300,155,141,0.0903226
21313,155,141,0.0903226
21325,155,141,0.0903226
21338,155,141,0.0903226
21351,155,141,0.0903226
21363,155,141,0.0903226
21377,155,141,0.0903226
21389,155,141,0.0903226
21403,155,141,0.0903226
21414,155,141,0.0903226
21426,155,141,0.0903226
21439,155,141,0.0903226
21452,155,141,0.0903226
21465,155,141,0.0903226
21478,155,141,0.0903226
21490,155,141,0.0903226
21502,155,141,0.0903226
21514,155,141,0.0903226
21527,155,141,0.0903226
21540,155,141,0.0903226
21552,155,141,0.0903226
21564,155,141,0.0903226
21577,155,141,0.0903226
21589,155,141,0.0903226
21601,155,141,0.0903226
21614,155,141,0.0903226
21627,155,141,0.0903226
21639,155,141,0.0903226
21652,155,141,0.0903226
21664,155,141,0.0903226
21676,155,141,0.0903226
21689,155,141,0.0903226
21702,155,141,0.0903226
21713,155,141,0.0903226
21725,155,141,0.0903226
21738,155,141,0.0903226
21750,155,141,0.0903226
21763,155,141,0.0903226
21775,155,141,0.0903226
21789,155,141,0.0903226
21801,155,141,0.0903226
21814,155,141,0.0903226
21828,155,141,0.0903226
21841,155,141,0.0903226
21855,155,141,0.0903226
21869,155,141,0.0903226
21882,155,141,0.0903226
21895,155,141,0.0903226
21908,155,141,0.0903226
21922,155,141,0.0903226
21936,155,141,0.0903226
21949,155,141,0.0903226
21963,155,141,0.0903226
21976,155,141,0.0903226
21991,155,141,0.0903226
22005,155,141,0.0903226
22021,155,141,0.0903226
22034,155,141,0.0903226
22048,155,141,0.0903226
22061,155,141,0.0903226
22074,155,141,0.0903226
22089,155,141,0.0903226
22101,155,141,0.0903226
22115,155,141,0.0903226
22129,155,141,0.0903226
22142,155,141,0.0903226
22156,155,141,0.0903226
22171,155,141,0.0903226
22184,155,141,0.0903226
22198,155,141,0.0903226
22211,155,141,0.0903226
22225,155,141,0.0903226
22239,155,141,0.0903226
22252,155,141,0.0903226
22266,155,141,0.0903226
22278,155,141,0.0903226
22293,155,141,0.0903226
22308,155,141,0.0903226
22322,155,141,0.0903226
22336,155,141,0.0903226
22350,155,141,0.0903226
22363,155,141,0.0903226
22376,155,141,0.0903226
22392,155,141,0.0903226
22405,155,141,0.0903226
22419,155,141,0.0903226
22433,155,141,0.0903226
22447,155,141,0.0903226
22460,155,141,0.0903226
22475,155,141,0.0903226
22489,155,141,0.0903226
22504,155,141,0.0903226
22517,155,141,0.0903226
22532,155,141,0.0903226
22545,155,141,0.0903226
22558,155,141,0.0903226
22573,155,141,0.0903226
22587,155,141,0.0903226
22601,155,141,0.0903226
22616,155,141,0.0903226
22630,155,141,0.0903226
22645,155,141,0.0903226
22659,155,141,0.0903226
22673,155,141,0.0903226
22688,155,141,0.0903226
22703,155,141,0.0903226
22716,155,141,0.0903226
22730,155,141,0.0903226
22744,155,141,0.0903226
22757,155,141,0.0903226
22771,155,141,0.0903226
22784,155,141,0.0903226
22797,155,141,0.0903226
22812,155,141,0.0903226
22827,155,141,0.0903226
22841,155,141,0.0903226
22856,155,141,0.0903226
22869,155,141,0.0903226
22884,155,141,0.0903226
22898,155,141,0.0903226
22914,155,141,0.0903226
22929,155,141,0.0903226
22942,155,141,0.0903226
22956,155,141,0.0903226
22970,155,141,0.0903226
22985,155,141,0.0903226
23000,155,141,0.0903226
23015,155,141,0.0903226
23029,155,141,0.0903226
23044,155,141,0.0903226
23056,154,141,0.0844156
23066,154,141,0.0844156
23076,154,141,0.0844156
23085,154,141,0.0844156
23095,154,141,0.0844156
23105,154,141,0.0844156
23114,154,141,0.0844156
23126,154,141,0.0844156
23136,154,141,0.0844156
23147,154,141,0.0844156
23159,154,141,0.0844156
23174,154,141,0.0844156
23189,154,141,0.0844156
23201,154,141,0.0844156
23215,154,141,0.0844156
23229,154,141,0.0844156
23240,154,141,0.0844156
23253,154,141,0.0844156
23266,154,141,0.0844156
23278,154,141,0.0844156
23290,154,141,0.0844156
23304,154,141,0.0844156
23318,154,141,0.0844156
23331,154,141,0.0844156
23343,154,141,0.0844156
23357,154,141,0.0844156
23370,154,141,0.0844156
23384,154,141,0.0844156
23396,154,141,0.0844156
23410,154,141,0.0844156
23422,154,141,0.0844156
23437,154,141,0.0844156
23448,154,141,0.0844156
23460,154,141,0.0844156
23473,154,141,0.0844156
23487,154,141,0.0844156
23499,154,141,0.0844156
23512,154,141,0.0844156
23524,154,141,0.0844156
23535,154,141,0.0844156
23548,154,141,0.0844156
23560,154,141,0.0844156
23575,154,141,0.0844156
23587,154,141,0.0844156
23600,154,141,0.0844156
23614,154,141,0.0844156
23630,154,141,0.0844156
23642,154,141,0.0844156
23655,154,141,0.0844156
23668,154,141,0.0844156
23680,154,141,0.0844156
23693,154,141,0.0844156
23705,154,141,0.0844156
23716,154,141,0.0844156
23728,154,141,0.0844156
23740,154,141,0.0844156
23753,154,141,0.0844156
23765,154,141,0.0844156
23776,154,141,0.0844156
23788,154,141,0.0844156
23800,154,141,0.0844156
23813,154,141,0.0844156
23825,154,141,0.0844156
23835,154,141,0.0844156
23850,154,141,0.0844156
23863,154,141,0.0844156
23877,154,141,0.0844156
23889,154,141,0.0844156
23901,154,141,0.0844156
23914,154,141,0.0844156
23925,154,141,0.0844156
23937,154,141,0.0844156
23950,154,141,0.0844156
23962,154,141,0.0844156
23973,154,141,0.0844156
23984,154,141,0.0844156
23999,154,141,0.0844156
24011,154,141,0.0844156
24022,154,141,0.0844156
24035,154,141,0.0844156
24047,154,141,0.0844156
24060,154,141,0.0844156
24073,154,141,0.0844156
24085,154,141,0.0844156
24096,154,141,0.0844156
24111,154,141,0.0844156
24123,154,141,0.0844156
24139,154,141,0.0844156
24151,154,141,0.0844156
24161,154,141,0.0844156
24175,154,141,0.0844156
24187,154,141,0.0844156
24200,154,141,0.0844156
24211,154,141,0.0844156
24226,154,141,0.0844156
24237,154,141,0.0844156
24252,154,141,0.0844156
24264,154,141,0.0844156
24274,154,141,0.0844156
24288,154,141,0.0844156
24300,154,141,0.0844156
24314,154,141,0.0844156
24328,154,141,0.0844156
24342,154,141,0.0844156
24353,154,141,0.0844156
24366,154,141,0.0844156
24378,154,141,0.0844156
24391,154,141,0.0844156
24403,154,141,0.0844156
24418,154,141,0.0844156
24431,154,141,0.0844156
24442,154,141,0.0844156
24455,154,141,0.0844156
24467,154,141,0.0844156
24479,154,141,0.0844156
24493,154,141,0.0844156
24504,154,141,0.0844156
24518,154,141,0.0844156
24530,154,141,0.0844156
24543,154,141,0.0844156
24555,154,141,0.0844156
24567,154,141,0.0844156
24580,154,141,0.0844156
24593,154,141,0.0844156
24605,154,141,0.0844156
24619,154,141,0.0844156
24633,154,141,0.0844156
24646,154,141,0.0844156
24657,154,141,0.0844156
24670,154,141,0.0844156
24685,154,141,0.0844156
24697,154,141,0.0844156
24710,154,141,0.0844156
24723,154,141,0.0844156
24735,154,141,0.0844156
24748,154,141,0.0844156
24758,154,141,0.0844156
24771,154,141,0.0844156
24783,154,141,0.0844156
24796,154,141,0.0844156
24804,153,141,0.0784314
24812,153,141,0.0784314
24820,153,141,0.0784314
24828,153,141,0.0784314
24836,153,141,0.0784314
24843,153,141,0.0784314
24851,153,141,0.0784314
24859,153,141,0.0784314
24867,153,141,0.0784314
24875,153,141,0.0784314
24883,153,141,0.0784314
24890,153,141,0.0784314
24898,153,141,0.0784314
24905,153,141,0.0784314
24912,153,141,0.0784314
24919,153,141,0.0784314
24926,153,141,0.0784314
24933,153,141,0.0784314
24941,153,141,0.0784314
24948,153,141,0.0784314
24954,153,141,0.0784314
24961,153,141,0.0784314
24968,153,141,0.0784314
24974,153,141,0.0784314
24981,153,141,0.0784314
24988,153,141,0.0784314
24994,153,141,0.0784314
25000,153,141,0.0784314
25006,153,141,0.0784314
25012,153,141,0.0784314
25018,153,141,0.0784314
25024,153,141,0.0784314
25030,153,141,0.0784314
25036,153,141,0.0784314
25042,153,141,0.0784314
25047,153,141,0.0784314
25053,153,141,0.0784314
25058,153,141,0.0784314
25063,153,141,0.0784314
25068,153,141,0.0784314
25073,153,141,0.0784314
25078,153,141,0.0784314
25084,153,141,0.0784314
25088,153,141,0.0784314
25093,153,141,0.0784314
25098,153,141,0.0784314
25104,153,141,0.0784314
25110,153,141,0.0784314
25114,153,141,0.0784314
25118,153,141,0.0784314
25122,153,141,0.0784314
25127,153,141,0.0784314
25131,153,141,0.0784314
25136,153,141,0.0784314
25140,153,141,0.0784314
25144,153,141,0.0784314
25148,153,141,0.0784314
25152,153,141,0.0784314
25156,153,141,0.0784314
25160,153,141,0.0784314
25164,153,141,0.0784314
25168,153,141,0.0784314
25171,153,141,0.0784314
25175,153,141,0.0784314
25179,153,141,0.0784314
25182,153,141,0.0784314
25185,153,141,0.0784314
25189,153,141,0.0784314
25193,153,141,0.0784314
25196,153,141,0.0784314
25199,153,141,0.0784314
25202,153,141,0.0784314
25205,153,141,0.0784314
25208,153,141,0.0784314
25211,153,141,0.0784314
25213,153,141,0.0784314
25216,153,141,0.0784314
25218,153,141,0.0784314
25221,153,141,0.0784314
25223,153,141,0.0784314
25226,153,141,0.0784314
25228,153,141,0.0784314
25231,153,141,0.0784314
25233,153,141,0.0784314
25246,153,141,0.0784314
25259,153,141,0.0784314
25271,153,141,0.0784314
25284,153,141,0.0784314
25297,153,141,0.0784314
25310,153,141,0.0784314
25322,153,141,0.0784314
25335,153,141,0.0784314
25347,153,141,0.0784314
25359,153,141,0.0784314
25371,153,141,0.0784314
25383,153,141,0.0784314
25396,153,141,0.0784314
25409,153,141,0.0784314
25421,153,141,0.0784314
25433,153,141,0.0784314
25444,153,141,0.0784314
25455,153,141,0.0784314
25466,153,141,0.0784314
25477,153,141,0.0784314
25488,153,141,0.0784314
25500,153,141,0.0784314
25510,153,141,0.0784314
25521,153,141,0.0784314
25532,153,141,0.0784314
25543,153,141,0.0784314
25553,153,141,0.0784314
25563,153,141,0.0784314
25574,153,141,0.0784314
25584,153,141,0.0784314
25594,153,141,0.0784314
25603,153,141,0.0784314
25613,153,141,0.0784314
25623,153,141,0.0784314
25633,153,141,0.0784314
25642,153,141,0.0784314
25652,153,141,0.0784314
25663,153,141,0.0784314
25672,153,141,0.0784314
25681,153,141,0.0784314
25690,153,141,0.0784314
25699,153,141,0.0784314
25707,153,141,0.0784314
25716,153,141,0.0784314
25724,153,141,0.0784314
25733,153,141,0.0784314
25742,153,141,0.0784314
25750,153,141,0.0784314
25759,153,141,0.0784314
25767,153,141,0.0784314
25775,153,141,0.0784314
25783,153,141,0.0784314
25791,153,141,0.0784314
25800,153,141,0.0784314
25808,153,141,0.0784314
25816,153,141,0.0784314
25824,153,141,0.0784314
25832,153,141,0.0784314
25840,153,141,0.0784314
25848,153,141,0.0784314
25856,153,141,0.0784314
25863,153,141,0.0784314
25871,153,141,0.0784314
25879,153,141,0.0784314
25887,153,141,0.0784314
25894,153,141,0.0784314
25902,153,141,0.0784314
25910,153,141,0.0784314
25917,153,141,0.0784314
25924,153,141,0.0784314
25932,153,141,0.0784314
25939,153,141,0.0784314
25947,153,141,0.0784314
25954,153,141,0.0784314
25961,153,141,0.0784314
25968,153,141,0.0784314
25975,153,141,0.0784314
25981,153,141,0.0784314
25988,153,141,0.0784314
25994,153,141,0.0784314
26000,153,141,0.0784314
26007,153,141,0.0784314
26013,153,141,0.0784314
26020,153,141,0.0784314
26026,153,141,0.0784314
26032,153,141,0.0784314
26038,153,141,0.0784314
26043,153,141,0.0784314
26049,153,141,0.0784314
26057,153,141,0.0784314
26063,153,141,0.0784314
26067,153,141,0.0784314
26070,153,141,0.0784314
26075,153,141,0.0784314
26081,153,141,0.0784314
26086,153,141,0.0784314
26092,153,141,0.0784314
26101,153,141,0.0784314
26107,153,141,0.0784314
26112,153,141,0.0784314
26118,153,141,0.0784314
26124,153,141,0.0784314
26129,153,141,0.0784314
26134,153,141,0.0784314
26139,153,141,0.0784314
26148,153,141,0.0784314
26153,153,141,0.0784314
26157,153,141,0.0784314
26164,153,141,0.0784314
26174,153,141,0.0784314
26180,153,141,0.0784314
26186,153,141,0.0784314
26192,153,141,0.0784314
26197,153,141,0.0784314
26206,153,141,0.0784314
26210,153,141,0.0784314
26219,153,141,0.0784314
26224,153,141,0.0784314
26233,153,141,0.0784314
26238,153,141,0.0784314
26253,153,141,0.0784314
26261,153,141,0.0784314
26266,153,141,0.0784314
26273,153,141,0.0784314
26277,153,141,0.0784314
26282,153,141,0.0784314
26287,153,141,0.0784314
26295,153,141,0.0784314
26308,153,141,0.0784314
26312,153,141,0.0784314
26317,153,141,0.0784314
26324,153,141,0.0784314
26329,153,141,0.0784314
26338,153,141,0.0784314
26347,153,141,0.0784314
26354,153,141,0.0784314
26358,153,141,0.0784314
26365,153,141,0.0784314
26370,153,141,0.0784314
26375,153,141,0.0784314
26380,153,141,0.0784314
26387,153,141,0.0784314
26396,153,141,0.0784314
26407,153,141,0.0784314
26412,153,141,0.0784314
26417,153,141,0.0784314
26422,153,141,0.0784314
26430,153,141,0.0784314
26438,153,141,0.0784314
26445,153,141,0.0784314
26448,153,141,0.0784314
26459,153,141,0.0784314
26467,153,141,0.0784314
26477,153,141,0.0784314
26481,153,141,0.0784314
26490,153,141,0.0784314
26496,153,141,0.0784314
26502,153,141,0.0784314
26509,153,141,0.0784314
26519,153,141,0.0784314
26524,153,141,0.0784314
26529,153,141,0.0784314
26538,153,141,0.0784314
26548,153,141,0.0784314
26556,153,141,0.0784314
26563,153,141,0.0784314
26571,153,141,0.0784314
26575,153,141,0.0784314
26581,153,141,0.0784314
26585,153,141,0.0784314
26592,153,141,0.0784314
26597,153,141,0.0784314
26603,153,141,0.0784314
26613,153,141,0.0784314
26620,153,141,0.0784314
26628,153,141,0.0784314
26634,153,141,0.0784314
26639,153,141,0.0784314
26646,153,141,0.0784314
26656,153,141,0.0784314
26666,153,141,0.0784314
26675,153,141,0.0784314
26690,153,141,0.0784314
26703,153,141,0.0784314
26710,153,141,0.0784314
26718,153,141,0.0784314
26725,153,141,0.0784314
26733,153,141,0.0784314
26740,153,141,0.0784314
26753,153,141,0.0784314
26760,153,141,0.0784314
26773,153,141,0.0784314
26780,153,141,0.0784314
26790,153,141,0.0784314
26798,153,141,0.0784314
26804,153,141,0.0784314
26814,153,141,0.0784314
26818,153,141,0.0784314
26826,153,141,0.0784314
26837,153,141,0.0784314
26843,153,141,0.0784314
26848,153,141,0.0784314
26856,153,141,0.0784314
26862,153,141,0.0784314
26874,153,141,0.0784314
26884,153,141,0.0784314
26898,153,141,0.0784314
26905,153,141,0.0784314
26912,153,141,0.0784314
26921,153,141,0.0784314
26929,153,141,0.0784314
26935,153,141,0.0784314
26942,153,141,0.0784314
26953,153,141,0.0784314
26962,153,141,0.0784314
26968,153,141,0.0784314
26977,153,141,0.0784314
26982,153,141,0.0784314
26990,153,141,0.0784314
26999,153,141,0.0784314
27004,153,141,0.0784314
27009,153,141,0.0784314
27015,153,141,0.0784314
27027,153,141,0.0784314
27033,153,141,0.0784314
27040,153,141,0.0784314
27047,153,141,0.0784314
27053,153,141,0.0784314
27061,153,141,0.0784314
27066,153,141,0.0784314
27074,153,141,0.0784314
27081,153,141,0.0784314
27089,153,141,0.0784314
27095,153,141,0.0784314
27106,153,141,0.0784314
27117,153,141,0.0784314
27128,153,141,0.0784314
27137,153,141,0.0784314
27148,153,141,0.0784314
27155,153,141,0.0784314
27161,153,141,0.0784314
27167,153,141,0.0784314
27175,153,141,0.0784314
27182,153,141,0.0784314
27191,153,141,0.0784314
27197,153,141,0.0784314
27204,153,141,0.0784314
27215,153,141,0.0784314
27222,153,141,0.0784314
27231,153,141,0.0784314
27238,153,141,0.0784314
27245,153,141,0.0784314
27255,153,141,0.0784314
27262,153,141,0.0784314
27272,153,141,0.0784314
27277,153,141,0.0784314
27288,153,141,0.0784314
27296,153,141,0.0784314
27303,153,141,0.0784314
27312,153,141,0.0784314
27321,153,141,0.0784314
27328,153,141,0.0784314
27336,153,141,0.0784314
27342,153,141,0.0784314
27352,153,141,0.0784314
27358,153,141,0.0784314
27368,153,141,0.0784314
27377,153,141,0.0784314
27386,153,141,0.0784314
27394,153,141,0.0784314
27400,153,141,0.0784314
27410,153,141,0.0784314
27420,153,141,0.0784314
27432,153,141,0.0784314
27441,153,141,0.0784314
27448,153,141,0.0784314
27455,153,141,0.0784314
27463,153,141,0.0784314
27469,153,141,0.0784314
27476,153,141,0.0784314
27484,153,141,0.0784314
27494,153,141,0.0784314
27500,153,141,0.0784314
27509,153,141,0.0784314
27517,153,141,0.0784314
27525,153,141,0.0784314
27533,153,141,0.0784314
27539,153,141,0.0784314
27546,153,141,0.0784314
27553,153,141,0.0784314
27561,153,141,0.0784314
27571,153,141,0.0784314
27577,153,141,0.0784314
27584,153,141,0.0784314
27592,153,141,0.0784314
27600,153,141,0.0784314
27608,153,141,0.0784314
27615,153,141,0.0784314
27622,153,141,0.0784314
27630,153,141,0.0784314
27638,153,141,0.0784314
27647,153,141,0.0784314
27655,153,141,0.0784314
27662,153,141,0.0784314
27671,153,141,0.0784314
27678,153,141,0.0784314
27686,153,141,0.0784314
27697,153,141,0.0784314
27704,153,141,0.0784314
27712,153,141,0.0784314
27722,153,141,0.0784314
27736,153,141,0.0784314
27745,153,141,0.0784314
27756,153,141,0.0784314
27768,153,141,0.0784314
27777,153,141,0.0784314
27785,153,141,0.0784314
27795,153,141,0.0784314
27801,153,141,0.0784314
27809,153,141,0.0784314
27820,153,141,0.0784314
27827,153,141,0.0784314
27835,153,141,0.0784314
27842,153,141,0.0784314
27848,153,141,0.0784314
27855,153,141,0.0784314
27864,153,141,0.0784314
27871,153,141,0.0784314
27879,153,141,0.0784314
27887,153,141,0.0784314
27894,153,141,0.0784314
27903,153,141,0.0784314
27912,153,141,0.0784314
27918,153,141,0.0784314
27927,153,141,0.0784314
27934,153,141,0.0784314
27941,153,141,0.0784314
27948,153,141,0.0784314
27954,153,141,0.0784314
27963,153,141,0.0784314
27972,153,141,0.0784314
27982,153,141,0.0784314
27990,153,141,0.0784314
27998,153,141,0.0784314
28006,153,141,0.0784314
28015,153,141,0.0784314
28022,153,141,0.0784314
28030,153,141,0.0784314
28036,153,141,0.0784314
28045,153,141,0.0784314
28053,153,141,0.0784314
28063,153,141,0.0784314
28070,153,141,0.0784314
28080,153,141,0.0784314
28088,153,141,0.0784314
28097,153,141,0.0784314
28104,153,141,0.0784314
28115,153,141,0.0784314
28124,153,141,0.0784314
28132,153,141,0.0784314
28140,153,141,0.0784314
28147,153,141,0.0784314
28156,153,141,0.0784314
28165,153,141,0.0784314
28173,153,141,0.0784314
28182,153,141,0.0784314
28191,153,141,0.0784314
28199,153,141,0.0784314
28207,153,141,0.0784314
28214,153,141,0.0784314
28225,153,141,0.0784314
28234,153,141,0.0784314
28243,153,141,0.0784314
28249,153,141,0.0784314
28256,153,141,0.0784314
28263,153,141,0.0784314
28271,153,141,0.0784314
28279,153,141,0.0784314
28287,153,141,0.0784314
28297,153,141,0.0784314
28305,153,141,0.0784314
28313,153,141,0.0784314
28322,153,141,0.0784314
28333,153,141,0.0784314
28341,153,141,0.0784314
28350,153,141,0.0784314
28360,153,141,0.0784314
28369,153,141,0.0784314
28377,153,141,0.0784314
28387,153,141,0.0784314
28395,153,141,0.0784314
28404,153,141,0.0784314
28413,153,141,0.0784314
28420,153,141,0.0784314
28428,153,141,0.0784314
28436,153,141,0.0784314
28445,153,141,0.0784314
28453,153,141,0.0784314
28460,153,141,0.0784314
28470,153,141,0.0784314
28479,153,141,0.0784314
28489,153,141,0.0784314
28499,153,141,0.0784314
28507,153,141,0.0784314
28517,153,141,0.0784314
28528,153,141,0.0784314
28537,153,141,0.0784314
28545,153,141,0.0784314
28555,153,141,0.0784314
28563,153,141,0.0784314
28575,153,141,0.0784314
28586,153,141,0.0784314
28597,153,141,0.0784314
28607,153,141,0.0784314
28617,153,141,0.0784314
28626,153,141,0.0784314
28634,153,141,0.0784314
28643,153,141,0.0784314
28653,153,141,0.0784314
28661,153,141,0.0784314
28671,153,141,0.0784314
28682,153,141,0.0784314
28691,153,141,0.0784314
28700,153,141,0.0784314
28709,153,141,0.0784314
28717,153,141,0.0784314
28729,153,141,0.0784314
28737,153,141,0.0784314
28748,153,141,0.0784314
28756,153,141,0.0784314
28764,153,141,0.0784314
28773,153,141,0.0784314
28781,153,141,0.0784314
28793,153,141,0.0784314
28802,153,141,0.0784314
28813,153,141,0.0784314
28821,153,141,0.0784314
28826,152,141,0.0723684
28830,152,141,0.0723684
28835,152,141,0.0723684
28839,152,141,0.0723684
28843,152,141,0.0723684
28848,152,141,0.0723684
28852,152,141,0.0723684
28856,152,141,0.0723684
28860,152,141,0.0723684
28864,152,141,0.0723684
28868,152,141,0.0723684
28871,152,141,0.0723684
28875,152,141,0.0723684
28879,152,141,0.0723684
28883,152,141,0.0723684
28887,152,141,0.0723684
28890,152,141,0.0723684
28894,152,141,0.0723684
28897,152,141,0.0723684
28901,152,141,0.0723684
28904,152,141,0.0723684
28907,152,141,0.0723684
28910,152,141,0.0723684
28913,152,141,0.0723684
28916,152,141,0.0723684
28919,152,141,0.0723684
28922,152,141,0.0723684
28925,152,141,0.0723684
28927,152,141,0.0723684
28930,152,141,0.0723684
28932,152,141,0.0723684
28935,152,141,0.0723684
28937,152,141,0.0723684
28939,152,141,0.0723684
28941,152,141,0.0723684
28943,152,141,0.0723684
28945,152,141,0.0723684
28947,152,141,0.0723684
28949,152,141,0.0723684
28951,152,141,0.0723684
28953,152,141,0.0723684
28954,152,141,0.0723684
28956,152,141,0.0723684
28958,152,141,0.0723684
28959,152,141,0.0723684
28961,152,141,0.0723684
28963,152,141,0.0723684
28964,152,141,0.0723684
28965,152,141,0.0723684
28967,152,141,0.0723684
28968,152,141,0.0723684
28969,152,141,0.0723684
28971,152,141,0.0723684
28972,152,141,0.0723684
28973,152,141,0.0723684
28977,152,141,0.0723684
28987,152,141,0.0723684
28996,152,141,0.0723684
29000,152,141,0.0723684
29005,152,141,0.0723684
29014,152,141,0.0723684
29019,152,141,0.0723684
29025,152,141,0.0723684
29033,152,141,0.0723684
29038,152,141,0.0723684
29050,152,141,0.0723684
29057,152,141,0.0723684
29062,152,141,0.0723684
29066,152,141,0.0723684
29073,152,141,0.0723684
29082,152,141,0.0723684
29089,152,141,0.0723684
29097,152,141,0.0723684
29105,152,141,0.0723684
29115,152,141,0.0723684
29123,152,141,0.0723684
29136,152,141,0.0723684
29148,152,141,0.0723684
29153,152,141,0.0723684
29166,152,141,0.0723684
29174,152,141,0.0723684
29181,152,141,0.0723684
29191,152,141,0.0723684
29201,152,141,0.0723684
29207,152,141,0.0723684
29213,152,141,0.0723684
29221,152,141,0.0723684
29227,152,141,0.0723684
29238,152,141,0.0723684
29244,152,141,0.0723684
29254,152,141,0.0723684
29263,152,141,0.0723684
29274,152,141,0.0723684
29281,152,141,0.0723684
29287,152,141,0.0723684
29293,152,141,0.0723684
29299,152,141,0.0723684
29306,152,141,0.0723684
29313,152,141,0.0723684
29322,152,141,0.0723684
29331,152,141,0.0723684
29338,152,141,0.0723684
29350,152,141,0.0723684
29357,152,141,0.0723684
29364,152,141,0.0723684
29374,152,141,0.0723684
29382,152,141,0.0723684
29393,152,141,0.0723684
29401,152,141,0.0723684
29409,152,141,0.0723684
29421,152,141,0.0723684
29429,152,141,0.0723684
29440,152,141,0.0723684
29449,152,141,0.0723684
29453,152,141,0.0723684
29462,152,141,0.0723684
29473,152,141,0.0723684
29477,152,141,0.0723684
29486,152,141,0.0723684
29494,152,141,0.0723684
29502,152,141,0.0723684
29509,152,141,0.0723684
29516,152,141,0.0723684
29522,152,141,0.0723684
29532,152,141,0.0723684
29542,152,141,0.0723684
29550,152,141,0.0723684
29558,152,141,0.0723684
29567,152,141,0.0723684
29576,152,141,0.0723684
29587,152,141,0.0723684
29595,152,141,0.0723684
29606,152,141,0.0723684
29617,152,141,0.0723684
29625,152,141,0.0723684
29634,152,141,0.0723684
29643,152,141,0.0723684
29652,152,141,0.0723684
29660,152,141,0.0723684
29669,152,141,0.0723684
29675,152,141,0.0723684
29685,152,141,0.0723684
29694,152,141,0.0723684
29705,152,141,0.0723684
29712,152,141,0.0723684
29721,152,141,0.0723684
29728,152,141,0.0723684
29737,152,141,0.0723684
29746,152,141,0.0723684
29756,152,141,0.0723684
29763,152,141,0.0723684
29773,152,141,0.0723684
29782,152,141,0.0723684
29791,152,141,0.0723684
29801,152,141,0.0723684
29810,152,141,0.0723684
29819,152,141,0.0723684
29828,152,141,0.0723684
29838,152,141,0.0723684
29845,152,141,0.0723684
29853,152,141,0.0723684
29863,152,141,0.0723684
29872,152,141,0.0723684
29882,152,141,0.0723684
29893,152,141,0.0723684
29903,152,141,0.0723684
29909,152,141,0.0723684
29919,152,141,0.0723684
29926,152,141,0.0723684
29936,152,141,0.0723684
29944,152,141,0.0723684
29952,152,141,0.0723684
29960,152,141,0.0723684
29970,152,141,0.0723684
29978,152,141,0.0723684
29987,152,141,0.0723684
29998,152,141,0.0723684
30008,152,141,0.0723684
30014,152,141,0.0723684
30024,152,141,0.0723684
30033,152,141,0.0723684
30042,152,141,0.0723684
30054,152,141,0.0723684
30063,152,141,0.0723684
30068,152,141,0.0723684
30079,152,141,0.0723684
30088,152,141,0.0723684
30096,152,141,0.0723684
30105,152,141,0.0723684
30111,152,141,0.0723684
30121,152,141,0.0723684
30129,152,141,0.0723684
30139,152,141,0.0723684
30149,152,141,0.0723684
30158,152,141,0.0723684
30164,152,141,0.0723684
30174,152,141,0.0723684
30187,152,141,0.0723684
30197,152,141,0.0723684
30206,152,141,0.0723684
30215,152,141,0.0723684
30224,152,141,0.0723684
30232,152,141,0.0723684
30242,152,141,0.0723684
30250,152,141,0.0723684
30260,152,141,0.0723684
30266,152,141,0.0723684
30274,152,141,0.0723684
30283,152,141,0.0723684
30290,152,141,0.0723684
30298,152,141,0.0723684
30307,152,141,0.0723684
30317,152,141,0.0723684
30324,152,141,0.0723684
30330,152,141,0.0723684
30336,152,141,0.0723684
30344,152,141,0.0723684
30351,152,141,0.0723684
30362,152,141,0.0723684
30370,152,141,0.0723684
30378,152,141,0.0723684
30388,152,141,0.0723684
30397,152,141,0.0723684
30407,152,141,0.0723684
30417,152,141,0.0723684
30428,152,141,0.0723684
30436,152,141,0.0723684
30445,152,141,0.0723684
30454,152,141,0.0723684
30464,152,141,0.0723684
30472,152,141,0.0723684
30482,152,141,0.0723684
30490,152,141,0.0723684
30499,152,141,0.0723684
30508,152,141,0.0723684
30518,152,141,0.0723684
30528,152,141,0.0723684
30537,152,141,0.0723684
30545,152,141,0.0723684
30553,152,141,0.0723684
30562,152,141,0.0723684
30569,152,141,0.0723684
30579,152,141,0.0723684
30588,152,141,0.0723684
30597,152,141,0.0723684
30606,152,141,0.0723684
30616,152,141,0.0723684
30622,152,141,0.0723684
30632,152,141,0.0723684
30640,152,141,0.0723684
30647,152,141,0.0723684
30655,152,141,0.0723684
30663,152,141,0.0723684
30673,152,141,0.0723684
30681,152,141,0.0723684
30690,152,141,0.0723684
30697,152,141,0.0723684
30708,152,141,0.0723684
30717,152,141,0.0723684
30725,152,141,0.0723684
30735,152,141,0.0723684
30744,152,141,0.0723684
30753,152,141,0.0723684
30762,152,141,0.0723684
30770,152,141,0.0723684
30779,152,141,0.0723684
30789,152,141,0.0723684
30797,152,141,0.0723684
30806,152,141,0.0723684
30815,152,141,0.0723684
30823,152,141,0.0723684
30832,152,141,0.0723684
30841,152,141,0.0723684
30849,152,141,0.0723684
30862,152,141,0.0723684
30870,152,141,0.0723684
30879,152,141,0.0723684
30887,152,141,0.0723684
30896,152,141,0.0723684
30905,152,141,0.0723684
30911,152,141,0.0723684
30920,152,141,0.0723684
30928,152,141,0.0723684
30937,152,141,0.0723684
30945,152,141,0.0723684
30955,152,141,0.0723684
30964,152,141,0.0723684
30974,152,141,0.0723684
30981,152,141,0.0723684
30990,152,141,0.0723684
30998,152,141,0.0723684
31007,152,141,0.0723684
31016,152,141,0.0723684
31025,152,141,0.0723684
31034,152,141,0.0723684
31043,152,141,0.0723684
31051,152,141,0.0723684
31062,152,141,0.0723684
31070,152,141,0.0723684
31079,152,141,0.0723684
31088,152,141,0.0723684
31097,152,141,0.0723684
31104,152,141,0.0723684
31112,152,141,0.0723684
31121,152,141,0.0723684
31131,152,141,0.0723684
31140,152,141,0.0723684
31150,152,141,0.0723684
31160,152,141,0.0723684
31169,152,141,0.0723684
31177,152,141,0.0723684
31187,152,141,0.0723684
31197,152,141,0.0723684
31206,152,141,0.0723684
31217,152,141,0.0723684
31227,152,141,0.0723684
31236,152,141,0.0723684
31245,152,141,0.0723684
31253,152,141,0.0723684
31262,152,141,0.0723684
31273,152,141,0.0723684
31282,152,141,0.0723684
31291,152,141,0.0723684
31302,152,141,0.0723684
31313,152,141,0.0723684
31321,152,141,0.0723684
31329,152,141,0.0723684
31340,152,141,0.0723684
31350,152,141,0.0723684
31359,152,141,0.0723684
31367,152,141,0.0723684
31377,152,141,0.0723684
31387,152,141,0.0723684
31397,152,141,0.0723684
31406,152,141,0.0723684
31415,152,141,0.0723684
31424,152,141,0.0723684
31433,152,141,0.0723684
31441,152,141,0.0723684
31451,152,141,0.0723684
31460,152,141,0.0723684
31471,152,141,0.0723684
31481,152,141,0.0723684
31490,152,141,0.0723684
31498,152,141,0.0723684
31508,152,141,0.0723684
31517,152,141,0.0723684
31528,152,141,0.0723684
31537,152,141,0.0723684
31546,152,141,0.0723684
31554,152,141,0.0723684
31564,152,141,0.0723684
31574,152,141,0.0723684
31581,152,141,0.0723684
31590,152,141,0.0723684
31600,152,141,0.0723684
31611,152,141,0.0723684
31619,152,141,0.0723684
31629,152,141,0.0723684
31638,152,141,0.0723684
31647,152,141,0.0723684
31657,152,141,0.0723684
31667,152,141,0.0723684
31676,152,141,0.0723684
31686,152,141,0.0723684
31697,152,141,0.0723684
31707,152,141,0.0723684
31716,152,141,0.0723684
31727,152,141,0.0723684
31735,152,141,0.0723684
31746,152,141,0.0723684
31754,152,141,0.0723684
31763,152,141,0.0723684
31774,152,141,0.0723684
31782,152,141,0.0723684
31792,152,141,0.0723684
31802,152,141,0.0723684
31813,152,141,0.0723684
31822,152,141,0.0723684
31833,152,141,0.0723684
31840,152,141,0.0723684
31851,152,141,0.0723684
31861,152,141,0.0723684
31871,152,141,0.0723684
31882,152,141,0.0723684
31890,152,141,0.0723684
31901,152,141,0.0723684
31912,152,141,0.0723684
31922,152,141,0.0723684
31933,152,141,0.0723684
31943,152,141,0.0723684
31953,152,141,0.0723684
31962,152,141,0.0723684
31972,152,141,0.0723684
31981,152,141,0.0723684
31990,152,141,0.0723684
32002,152,141,0.0723684
32011,152,141,0.0723684
32021,152,141,0.0723684
32032,152,141,0.0723684
32041,152,141,0.0723684
32050,152,141,0.0723684
32058,152,141,0.0723684
32067,152,141,0.0723684
32075,152,141,0.0723684
32086,152,141,0.0723684
32096,152,141,0.0723684
32104,152,141,0.0723684
32116,152,141,0.0723684
32125,152,141,0.0723684
32136,152,141,0.0723684
32144,152,141,0.0723684
32154,152,141,0.0723684
32161,152,141,0.0723684
32170,152,141,0.0723684
32179,152,141,0.0723684
32190,152,141,0.0723684
32200,152,141,0.0723684
32209,152,141,0.0723684
32220,152,141,0.0723684
32230,152,141,0.0723684
32242,152,141,0.0723684
32253,152,141,0.0723684
32266,152,141,0.0723684
32276,152,141,0.0723684
32288,152,141,0.0723684
32300,152,141,0.0723684
32308,152,141,0.0723684
32317,152,141,0.0723684
32325,152,141,0.0723684
32335,152,141,0.0723684
32345,152,141,0.0723684
32354,152,141,0.0723684
32363,152,141,0.0723684
32377,152,141,0.0723684
32386,152,141,0.0723684
32397,152,141,0.0723684
32409,152,141,0.0723684
32422,152,141,0.0723684
32431,152,141,0.0723684
32442,152,141,0.0723684
32453,152,141,0.0723684
32463,152,141,0.0723684
32473,152,141,0.0723684
32483,152,141,0.0723684
32493,152,141,0.0723684
32503,152,141,0.0723684
32513,152,141,0.0723684
32524,152,141,0.0723684
32535,152,141,0.0723684
32545,152,141,0.0723684
32553,152,141,0.0723684
32563,152,141,0.0723684
32573,152,141,0.0723684
32584,152,141,0.0723684
32595,152,141,0.0723684
32605,152,141,0.0723684
32615,152,141,0.0723684
32626,152,141,0.0723684
32638,152,141,0.0723684
32647,152,141,0.0723684
32657,152,141,0.0723684
32666,152,141,0.0723684
32675,152,141,0.0723684
32685,152,141,0.0723684
32695,152,141,0.0723684
32705,152,141,0.0723684
32713,152,141,0.0723684
32723,152,141,0.0723684
32731,152,141,0.0723684
32741,152,141,0.0723684
32754,152,141,0.0723684
32764,152,141,0.0723684
32776,152,141,0.0723684
32785,152,141,0.0723684
32797,152,141,0.0723684
32809,152,141,0.0723684
32819,152,141,0.0723684
32830,152,141,0.0723684
32841,152,141,0.0723684
32852,152,141,0.0723684
32861,152,141,0.0723684
32871,152,141,0.0723684
32880,152,141,0.0723684
32889,152,141,0.0723684
32901,152,141,0.0723684
32911,152,141,0.0723684
32923,152,141,0.0723684
32932,152,141,0.0723684
32944,152,141,0.0723684
32953,152,141,0.0723684
32963,152,141,0.0723684
32974,152,141,0.0723684
32986,152,141,0.0723684
32997,152,141,0.0723684
33007,152,141,0.0723684
33017,152,141,0.0723684
33027,152,141,0.0723684
33036,152,141,0.0723684
33045,152,141,0.0723684
33054,152,141,0.0723684
33062,152,141,0.0723684
33070,152,141,0.0723684
33079,152,141,0.0723684
33089,152,141,0.0723684
33098,152,141,0.0723684
33110,152,141,0.0723684
33121,152,141,0.0723684
33132,152,141,0.0723684
33142,151,141,0.0662252
33147,151,141,0.0662252
33152,151,141,0.0662252
33158,151,141,0.0662252
33164,151,141,0.0662252
33168,151,141,0.0662252
33172,151,141,0.0662252
33176,151,141,0.0662252
33181,151,141,0.0662252
33186,151,141,0.0662252
33190,151,141,0.0662252
33194,151,141,0.0662252
33199,151,141,0.0662252
33203,151,141,0.0662252
33207,151,141,0.0662252
33210,151,141,0.0662252
33214,151,141,0.0662252
33218,151,141,0.0662252
33222,151,141,0.0662252
33225,151,141,0.0662252
33229,151,141,0.0662252
33232,151,141,0.0662252
33236,151,141,0.0662252
33239,151,141,0.0662252
33243,151,141,0.0662252
33246,151,141,0.0662252
33249,151,141,0.0662252
33252,151,141,0.0662252
33255,151,141,0.0662252
33258,151,141,0.0662252
33261,151,141,0.0662252
33264,151,141,0.0662252
33267,151,141,0.0662252
33269,151,141,0.0662252
33272,151,141,0.0662252
33274,151,141,0.0662252
33276,151,141,0.0662252
33278,151,141,0.0662252
33280,151,141,0.0662252
33282,151,141,0.0662252
33285,151,141,0.0662252
33287,151,141,0.0662252
33289,151,141,0.0662252
33291,151,141,0.0662252
33293,151,141,0.0662252
33295,151,141,0.0662252
33296,151,141,0.0662252
33298,151,141,0.0662252
33300,151,141,0.0662252
33301,151,141,0.0662252
33303,151,141,0.0662252
33304,151,141,0.0662252
33305,151,141,0.0662252
33307,151,141,0.0662252
33309,151,141,0.0662252
33310,151,141,0.0662252
33311,151,141,0.0662252
33313,151,141,0.0662252
33314,151,141,0.0662252
33315,151,141,0.0662252
33323,151,141,0.0662252
33332,151,141,0.0662252
33344,151,141,0.0662252
33350,151,141,0.0662252
33363,151,141,0.0662252
33374,151,141,0.0662252
33383,151,141,0.0662252
33395,151,141,0.0662252
33404,151,141,0.0662252
33418,151,141,0.0662252
33426,151,141,0.0662252
33435,151,141,0.0662252
33444,151,141,0.0662252
33455,151,141,0.0662252
33463,151,141,0.0662252
33477,151,141,0.0662252
33485,151,141,0.0662252
33494,151,141,0.0662252
33503,151,141,0.0662252
33511,151,141,0.0662252
33515,151,141,0.0662252
33527,151,141,0.0662252
33538,151,141,0.0662252
33546,151,141,0.0662252
33560,151,141,0.0662252
33573,151,141,0.0662252
33584,151,141,0.0662252
33596,151,141,0.0662252
33604,151,141,0.0662252
33615,151,141,0.0662252
33622,151,141,0.0662252
33632,151,141,0.0662252
33640,151,141,0.0662252
33652,151,141,0.0662252
33662,151,141,0.0662252
33672,151,141,0.0662252
33684,151,141,0.0662252
33696,151,141,0.0662252
33707,151,141,0.0662252
33718,151,141,0.0662252
33728,151,141,0.0662252
33739,151,141,0.0662252
33750,151,141,0.0662252
33763,151,141,0.0662252
33774,151,141,0.0662252
33782,151,141,0.0662252
33789,151,141,0.0662252
33796,151,141,0.0662252
33803,151,141,0.0662252
33812,151,141,0.0662252
33823,151,141,0.0662252
33832,151,141,0.0662252
33842,151,141,0.0662252
33851,151,141,0.0662252
33859,151,141,0.0662252
33869,151,141,0.0662252
33878,151,141,0.0662252
33888,151,141,0.0662252
33898,151,141,0.0662252
33906,151,141,0.0662252
33914,151,141,0.0662252
33922,151,141,0.0662252
33930,151,141,0.0662252
33941,151,141,0.0662252
33951,151,141,0.0662252
33961,151,141,0.0662252
33969,151,141,0.0662252
33981,151,141,0.0662252
33991,151,141,0.0662252
34000,151,141,0.0662252
34012,151,141,0.0662252
34022,151,141,0.0662252
34032,151,141,0.0662252
34040,151,141,0.0662252
34050,151,141,0.0662252
34059,151,141,0.0662252
34068,151,141,0.0662252
34078,151,141,0.0662252
34088,151,141,0.0662252
34096,151,141,0.0662252
34105,151,141,0.0662252
34114,151,141,0.0662252
34122,151,141,0.0662252
34131,151,141,0.0662252
34140,151,141,0.0662252
34149,151,141,0.0662252
34157,151,141,0.0662252
34166,151,141,0.0662252
34174,151,141,0.0662252
34183,151,141,0.0662252
34192,151,141,0.0662252
34200,151,141,0.0662252
34208,151,141,0.0662252
34217,151,141,0.0662252
34224,151,141,0.0662252
34233,151,141,0.0662252
34242,151,141,0.0662252
34251,151,141,0.0662252
34261,151,141,0.0662252
34271,151,141,0.0662252
34280,151,141,0.0662252
34287,151,141,0.0662252
34297,151,141,0.0662252
34308,151,141,0.0662252
34315,151,141,0.0662252
34326,151,141,0.0662252
34336,151,141,0.0662252
34345,151,141,0.0662252
34353,151,141,0.0662252
34361,151,141,0.0662252
34371,151,141,0.0662252
34378,151,141,0.0662252
34388,151,141,0.0662252
34399,151,141,0.0662252
34408,151,141,0.0662252
34420,151,141,0.0662252
34429,151,141,0.0662252
34437,151,141,0.0662252
34445,151,141,0.0662252
34451,151,141,0.0662252
34462,151,141,0.0662252
34472,151,141,0.0662252
34484,151,141,0.0662252
34491,151,141,0.0662252
34501,151,141,0.0662252
34509,151,141,0.0662252
34516,151,141,0.0662252
34523,151,141,0.0662252
34529,151,141,0.0662252
34539,151,141,0.0662252
34546,151,141,0.0662252
34554,151,141,0.0662252
34562,151,141,0.0662252
34572,151,141,0.0662252
34579,151,141,0.0662252
34587,151,141,0.0662252
34594,151,141,0.0662252
34603,151,141,0.0662252
34609,151,141,0.0662252
34617,151,141,0.0662252
34627,151,141,0.0662252
34635,151,141,0.0662252
34643,151,141,0.0662252
34650,151,141,0.0662252
34658,151,141,0.0662252
34667,151,141,0.0662252
34675,151,141,0.0662252
34682,151,141,0.0662252
34689,151,141,0.0662252
34696,151,141,0.0662252
34705,151,141,0.0662252
34714,151,141,0.0662252
34723,151,141,0.0662252
34731,151,141,0.0662252
34739,151,141,0.0662252
34748,151,141,0.0662252
34759,151,141,0.0662252
34766,151,141,0.0662252
34778,151,141,0.0662252
34786,151,141,0.0662252
34795,151,141,0.0662252
34804,151,141,0.0662252
34812,151,141,0.0662252
34819,151,141,0.0662252
34828,151,141,0.0662252
34836,151,141,0.0662252
34845,151,141,0.0662252
34855,151,141,0.0662252
34862,151,141,0.0662252
34872,151,141,0.0662252
34882,151,141,0.0662252
34893,151,141,0.0662252
34901,151,141,0.0662252
34912,151,141,0.0662252
34919,151,141,0.0662252
34926,151,141,0.0662252
34935,151,141,0.0662252
34944,151,141,0.0662252
34953,151,141,0.0662252
34961,151,141,0.0662252
34969,151,141,0.0662252
34976,151,141,0.0662252
34983,151,141,0.0662252
34994,151,141,0.0662252
35005,151,141,0.0662252
35015,151,141,0.0662252
35026,151,141,0.0662252
35034,151,141,0.0662252
35043,151,141,0.0662252
35051,151,141,0.0662252
35056,151,141,0.0662252
35064,151,141,0.0662252
35071,151,141,0.0662252
35078,151,141,0.0662252
35087,151,141,0.0662252
35097,151,141,0.0662252
35106,151,141,0.0662252
35115,151,141,0.0662252
35121,151,141,0.0662252
35128,151,141,0.0662252
35134,151,141,0.0662252
35143,151,141,0.0662252
35154,151,141,0.0662252
35163,151,141,0.0662252
35173,151,141,0.0662252
35183,151,141,0.0662252
35191,151,141,0.0662252
35197,151,141,0.0662252
35204,151,141,0.0662252
35212,151,141,0.0662252
35220,151,141,0.0662252
35230,151,141,0.0662252
35240,151,141,0.0662252
35248,151,141,0.0662252
35257,151,141,0.0662252
35268,151,141,0.0662252
35278,151,141,0.0662252
35286,151,141,0.0662252
35295,151,141,0.0662252
35302,151,141,0.0662252
35310,151,141,0.0662252
35319,151,141,0.0662252
35327,151,141,0.0662252
35337,151,141,0.0662252
35348,151,141,0.0662252
35357,151,141,0.0662252
35365,151,141,0.0662252
35375,151,141,0.0662252
35386,151,141,0.0662252
35395,151,141,0.0662252
35406,151,141,0.0662252
35417,151,141,0.0662252
35426,151,141,0.0662252
35437,151,141,0.0662252
35445,151,141,0.0662252
35455,151,141,0.0662252
35464,151,141,0.0662252
35476,151,141,0.0662252
35484,151,141,0.0662252
35494,151,141,0.0662252
35503,151,141,0.0662252
35512,151,141,0.0662252
35519,151,141,0.0662252
35530,151,141,0.0662252
35541,151,141,0.0662252
35547,151,141,0.0662252
35558,151,141,0.0662252
35563,151,141,0.0662252
35572,151,141,0.0662252
35582,151,141,0.0662252
35591,151,141,0.0662252
35599,151,141,0.0662252
35609,151,141,0.0662252
35619,151,141,0.0662252
35627,151,141,0.0662252
35636,151,141,0.0662252
35643,151,141,0.0662252
35651,151,141,0.0662252
35660,151,141,0.0662252
35668,151,141,0.0662252
35678,151,141,0.0662252
35688,151,141,0.0662252
35696,151,141,0.0662252
35707,151,141,0.0662252
35716,151,141,0.0662252
35726,151,141,0.0662252
35736,151,141,0.0662252
35743,151,141,0.0662252
35751,151,141,0.0662252
35760,151,141,0.0662252
35770,151,141,0.0662252
35782,151,141,0.0662252
35792,151,141,0.0662252
35801,151,141,0.0662252
35812,151,141,0.0662252
35822,151,141,0.0662252
35834,151,141,0.0662252
35841,151,141,0.0662252
35848,151,141,0.0662252
35857,151,141,0.0662252
35866,151,141,0.0662252
35876,151,141,0.0662252
35887,151,141,0.0662252
35896,151,141,0.0662252
35905,151,141,0.0662252
35913,151,141,0.0662252
35922,151,141,0.0662252
35933,151,141,0.0662252
35942,151,141,0.0662252
35953,151,141,0.0662252
35960,151,141,0.0662252
35970,151,141,0.0662252
35981,151,141,0.0662252
35993,151,141,0.0662252
36001,151,141,0.0662252
36010,151,141,0.0662252
36018,151,141,0.0662252
36026,151,141,0.0662252
36035,151,141,0.0662252
36044,151,141,0.0662252
36054,151,141,0.0662252
36062,151,141,0.0662252
36069,151,141,0.0662252
36078,151,141,0.0662252
36091,151,141,0.0662252
36099,151,141,0.0662252
36107,151,141,0.0662252
36119,151,141,0.0662252
36127,151,141,0.0662252
36135,151,141,0.0662252
36144,151,141,0.0662252
36151,151,141,0.0662252
36164,151,141,0.0662252
36172,151,141,0.0662252
36181,151,141,0.0662252
36193,151,141,0.0662252
36207,151,141,0.0662252
36219,151,141,0.0662252
36229,151,141,0.0662252
36237,151,141,0.0662252
36247,151,141,0.0662252
36255,151,141,0.0662252
36265,151,141,0.0662252
36275,151,141,0.0662252
36283,151,141,0.0662252
36291,151,141,0.0662252
36302,151,141,0.0662252
36312,151,141,0.0662252
36323,151,141,0.0662252
36333,151,141,0.0662252
36344,151,141,0.0662252
36354,151,141,0.0662252
36363,151,141,0.0662252
36371,151,141,0.0662252
36380,151,141,0.0662252
36389,151,141,0.0662252
36401,151,141,0.0662252
36409,151,141,0.0662252
36418,151,141,0.0662252
36428,151,141,0.0662252
36440,151,141,0.0662252
36450,151,141,0.0662252
36459,151,141,0.0662252
36472,151,141,0.0662252
36480,151,141,0.0662252
36490,151,141,0.0662252
36499,151,141,0.0662252
36507,151,141,0.0662252
36519,151,141,0.0662252
36527,151,141,0.0662252
36537,151,141,0.0662252
36548,151,141,0.0662252
36560,151,141,0.0662252
36567,150,141,0.06
36571,150,141,0.06
36575,150,141,0.06
36578,150,141,0.06
36582,150,141,0.06
36585,150,141,0.06
36588,150,141,0.06
36591,150,141,0.06
36595,150,141,0.06
36598,150,141,0.06
36601,150,141,0.06
36603,150,141,0.06
36606,150,141,0.06
36609,150,141,0.06
36611,150,141,0.06
36614,150,141,0.06
36616,150,141,0.06
36618,150,141,0.06
36621,150,141,0.06
36623,150,141,0.06
36625,150,141,0.06
36627,150,141,0.06
36629,150,141,0.06
36631,150,141,0.06
36633,150,141,0.06
36635,150,141,0.06
36637,150,141,0.06
36639,150,141,0.06
36641,150,141,0.06
36643,150,141,0.06
36644,150,141,0.06
36645,150,141,0.06
36647,150,141,0.06
36648,150,141,0.06
36649,150,141,0.06
36650,150,141,0.06
36651,150,141,0.06
36652,150,141,0.06
36653,150,141,0.06
36653,150,141,0.06
36654,150,141,0.06
36655,150,141,0.06
36655,150,141,0.06
36656,150,141,0.06
36656,150,141,0.06
36657,150,141,0.06
36657,150,141,0.06
36658,150,141,0.06
36669,150,141,0.06
36685,150,141,0.06
36699,150,141,0.06
36715,150,141,0.06
36730,150,141,0.06
36745,150,141,0.06
36758,150,141,0.06
36765,150,141,0.06
36780,150,141,0.06
36795,150,141,0.06
36809,150,141,0.06
36823,150,141,0.06
36838,150,141,0.06
36852,150,141,0.06
36866,150,141,0.06
36881,150,141,0.06
36895,150,141,0.06
36909,150,141,0.06
36923,150,141,0.06
36937,150,141,0.06
36951,150,141,0.06
36964,150,141,0.06
36978,150,141,0.06
36992,150,141,0.06
37005,150,141,0.06
37018,150,141,0.06
37032,150,141,0.06
37046,150,141,0.06
37059,150,141,0.06
37073,150,141,0.06
37086,150,141,0.06
37100,150,141,0.06
37113,150,141,0.06
37127,150,141,0.06
37140,150,141,0.06
37155,150,141,0.06
37167,150,141,0.06
37181,150,141,0.06
37193,150,141,0.06
37206,150,141,0.06
37215,150,141,0.06
37226,150,141,0.06
37239,150,141,0.06
37251,150,141,0.06
37264,150,141,0.06
37277,150,141,0.06
37289,150,141,0.06
37301,150,141,0.06
37313,150,141,0.06
37324,150,141,0.06
37336,150,141,0.06
37345,150,141,0.06
37356,150,141,0.06
37367,150,141,0.06
37379,150,141,0.06
37390,150,141,0.06
37402,150,141,0.06
37414,150,141,0.06
37425,150,141,0.06
37435,150,141,0.06
37445,150,141,0.06
37456,150,141,0.06
37467,150,141,0.06
37478,150,141,0.06
37488,150,141,0.06
37499,150,141,0.06
37510,150,141,0.06
37520,150,141,0.06
37530,150,141,0.06
37539,150,141,0.06
37546,150,141,0.06
37555,150,141,0.06
37565,150,141,0.06
37575,150,141,0.06
37585,150,141,0.06
37595,150,141,0.06
37605,150,141,0.06
37615,150,141,0.06
37625,150,141,0.06
37634,150,141,0.06
37644,150,141,0.06
37654,150,141,0.06
37664,150,141,0.06
37673,150,141,0.06
37682,150,141,0.06
37690,150,141,0.06
37699,150,141,0.06
37705,150,141,0.06
37714,150,141,0.06
37723,150,141,0.06
37732,150,141,0.06
37740,150,141,0.06
37747,150,141,0.06
37754,150,141,0.06
37762,150,141,0.06
37770,150,141,0.06
37776,150,141,0.06
37784,150,141,0.06
37792,150,141,0.06
37799,150,141,0.06
37807,150,141,0.06
37816,150,141,0.06
37824,150,141,0.06
37830,150,141,0.06
37836,150,141,0.06
37844,150,141,0.06
37852,150,141,0.06
37860,150,141,0.06
37868,150,141,0.06
37875,150,141,0.06
37881,150,141,0.06
37889,150,141,0.06
37896,150,141,0.06
37902,150,141,0.06
37909,150,141,0.06
37914,150,141,0.06
37922,150,141,0.06
37930,150,141,0.06
37937,150,141,0.06
37945,150,141,0.06
37951,150,141,0.06
37959,150,141,0.06
37966,150,141,0.06
37973,150,141,0.06
37980,150,141,0.06
37985,150,141,0.06
37993,150,141,0.06
38000,150,141,0.06
38006,150,141,0.06
38014,150,141,0.06
38023,150,141,0.06
38030,150,141,0.06
38037,150,141,0.06
38041,150,141,0.06
38046,150,141,0.06
38052,150,141,0.06
38060,150,141,0.06
38068,150,141,0.06
38076,150,141,0.06
38082,150,141,0.06
38089,150,141,0.06
38096,150,141,0.06
38102,150,141,0.06
38107,150,141,0.06
38115,150,141,0.06
38121,150,141,0.06
38129,150,141,0.06
38135,150,141,0.06
38142,150,141,0.06
38150,150,141,0.06
38154,150,141,0.06
38159,150,141,0.06
38166,150,141,0.06
38170,150,141,0.06
38176,150,141,0.06
38182,150,141,0.06
38188,150,141,0.06
38194,150,141,0.06
38199,150,141,0.06
38205,150,141,0.06
38210,150,141,0.06
38215,150,141,0.06
38220,150,141,0.06
38226,150,141,0.06
38234,150,141,0.06
38240,150,141,0.06
38244,150,141,0.06
38250,150,141,0.06
38257,150,141,0.06
38263,150,141,0.06
38270,150,141,0.06
38273,150,141,0.06
38278,150,141,0.06
38285,150,141,0.06
38292,150,141,0.06
38295,150,141,0.06
38300,150,141,0.06
38305,150,141,0.06
38311,150,141,0.06
38318,150,141,0.06
38324,150,141,0.06
38331,150,141,0.06
38338,150,141,0.06
38344,150,141,0.06
38349,150,141,0.06
38354,150,141,0.06
38360,150,141,0.06
38365,150,141,0.06
38370,150,141,0.06
38374,150,141,0.06
38379,150,141,0.06
38386,150,141,0.06
38390,150,141,0.06
38396,150,141,0.06
38401,150,141,0.06
38407,150,141,0.06
38413,150,141,0.06
38418,150,141,0.06
38423,150,141,0.06
38427,150,141,0.06
38432,150,141,0.06
38438,150,141,0.06
38443,150,141,0.06
38449,150,141,0.06
38454,150,141,0.06
38460,150,141,0.06
38466,150,141,0.06
38471,150,141,0.06
38476,150,141,0.06
38482,150,141,0.06
38488,150,141,0.06
38494,150,141,0.06
38500,150,141,0.06
38505,150,141,0.06
38510,150,141,0.06
38515,150,141,0.06
38520,150,141,0.06
38525,150,141,0.06
38530,150,141,0.06
38536,150,141,0.06
38541,150,141,0.06
38547,150,141,0.06
38552,150,141,0.06
38558,150,141,0.06
38563,150,141,0.06
38568,150,141,0.06
38572,150,141,0.06
38577,150,141,0.06
38584,150,141,0.06
38591,150,141,0.06
38595,150,141,0.06
38601,150,141,0.06
38608,150,141,0.06
38612,150,141,0.06
38619,150,141,0.06
38624,150,141,0.06
38629,150,141,0.06
38635,150,141,0.06
38639,150,141,0.06
38645,150,141,0.06
38650,150,141,0.06
38655,150,141,0.06
38662,150,141,0.06
38667,150,141,0.06
38672,150,141,0.06
38677,150,141,0.06
38682,150,141,0.06
38688,150,141,0.06
38693,150,141,0.06
38700,150,141,0.06
38705,150,141,0.06
38710,150,141,0.06
38717,150,141,0.06
38722,150,141,0.06
38728,150,141,0.06
38735,150,141,0.06
38740,150,141,0.06
38745,150,141,0.06
38752,150,141,0.06
38758,150,141,0.06
38763,150,141,0.06
38769,150,141,0.06
38773,150,141,0.06
38779,150,141,0.06
38787,150,141,0.06
38791,150,141,0.06
38798,150,141,0.06
38803,150,141,0.06
38809,150,141,0.06
38814,150,141,0.06
38819,150,141,0.06
38825,150,141,0.06
38831,150,141,0.06
38838,150,141,0.06
38843,150,141,0.06
38849,150,141,0.06
38855,150,141,0.06
38860,150,141,0.06
38865,150,141,0.06
38871,150,141,0.06
38877,150,141,0.06
38883,150,141,0.06
38888,150,141,0.06
38895,150,141,0.06
38900,150,141,0.06
38906,150,141,0.06
38911,150,141,0.06
38916,150,141,0.06
38922,150,141,0.06
38927,150,141,0.06
38932,150,141,0.06
38937,150,141,0.06
38942,150,141,0.06
38949,150,141,0.06
38954,150,141,0.06
38960,150,141,0.06
38965,150,141,0.06
38970,150,141,0.06
38976,150,141,0.06
38981,150,141,0.06
38986,150,141,0.06
38991,150,141,0.06
38997,150,141,0.06
39004,150,141,0.06
39010,150,141,0.06
39015,150,141,0.06
39022,150,141,0.06
39027,150,141,0.06
39034,150,141,0.06
39042,150,141,0.06
39046,150,141,0.06
39052,150,141,0.06
39059,150,141,0.06
39065,150,141,0.06
39073,150,141,0.06
39081,150,141,0.06
39086,150,141,0.06
39091,150,141,0.06
39096,150,141,0.06
39103,150,141,0.06
39109,150,141,0.06
39114,150,141,0.06
39120,150,141,0.06
39126,150,141,0.06
39134,150,141,0.06
39139,150,141,0.06
39145,150,141,0.06
39150,150,141,0.06
39156,150,141,0.06
39163,150,141,0.06
39168,150,141,0.06
39175,150,141,0.06
39182,150,141,0.06
39190,150,141,0.06
39196,150,141,0.06
39202,150,141,0.06
39208,150,141,0.06
39216,150,141,0.06
39222,150,141,0.06
39229,150,141,0.06
39236,150,141,0.06
39242,150,141,0.06
39249,150,141,0.06
39254,150,141,0.06
39260,150,141,0.06
39267,150,141,0.06
39273,150,141,0.06
39278,150,141,0.06
39285,150,141,0.06
39291,150,141,0.06
39300,150,141,0.06
39306,150,141,0.06
39313,150,141,0.06
39318,150,141,0.06
39325,150,141,0.06
39333,150,141,0.06
39339,150,141,0.06
39346,150,141,0.06
39352,150,141,0.06
39359,150,141,0.06
39366,150,141,0.06
39373,150,141,0.06
39380,150,141,0.06
39385,150,141,0.06
39392,150,141,0.06
39399,150,141,0.06
39406,150,141,0.06
39413,150,141,0.06
39420,150,141,0.06
39427,150,141,0.06
39432,150,141,0.06
39439,150,141,0.06
39446,150,141,0.06
39453,150,141,0.06
39461,150,141,0.06
39468,150,141,0.06
39476,150,141,0.06
39483,150,141,0.06
39490,150,141,0.06
39496,150,141,0.06
39503,150,141,0.06
39510,150,141,0.06
39517,150,141,0.06
39525,150,141,0.06
39533,150,141,0.06
39539,150,141,0.06
39547,150,141,0.06
39554,150,141,0.06
39561,150,141,0.06
39569,150,141,0.06
39575,150,141,0.06
39582,150,141,0.06
39588,150,141,0.06
39596,150,141,0.06
39603,150,141,0.06
39610,150,141,0.06
39617,150,141,0.06
39625,150,141,0.06
39633,150,141,0.06
39640,150,141,0.06
39648,150,141,0.06
39656,150,141,0.06
39664,150,141,0.06
39672,150,141,0.06
39680,150,141,0.06
39688,150,141,0.06
39695,150,141,0.06
39702,150,141,0.06
39709,150,141,0.06
39717,150,141,0.06
39723,150,141,0.06
39731,150,141,0.06
39737,150,141,0.06
39745,150,141,0.06
39752,150,141,0.06
39759,150,141,0.06
39767,150,141,0.06
39775,150,141,0.06
39782,150,141,0.06
39789,150,141,0.06
39797,150,141,0.06
39804,150,141,0.06
39812,150,141,0.06
39820,150,141,0.06
39827,150,141,0.06
39834,150,141,0.06
39842,150,141,0.06
39850,150,141,0.06
39857,150,141,0.06
39864,150,141,0.06
39872,150,141,0.06
39880,150,141,0.06
39888,150,141,0.06
39895,150,141,0.06
39902,150,141,0.06
39909,150,141,0.06
39916,150,141,0.06
39922,150,141,0.06
39930,150,141,0.06
39936,150,141,0.06
39943,150,141,0.06
39950,150,141,0.06
39958,150,141,0.06
39965,150,141,0.06
39972,150,141,0.06
39978,150,141,0.06
39986,150,141,0.06
39994,150,141,0.06
40002,150,141,0.06
40010,150,141,0.06
40017,150,141,0.06
40026,150,141,0.06
40032,150,141,0.06
40041,150,141,0.06
40049,150,141,0.06
40057,150,141,0.06
40065,150,141,0.06
40073,150,141,0.06
40082,150,141,0.06
40090,150,141,0.06
40098,150,141,0.06
40107,150,141,0.06
40115,150,141,0.06
40123,150,141,0.06
40130,150,141,0.06
40139,150,141,0.06
40149,150,141,0.06
40158,150,141,0.06
40167,150,141,0.06
40176,150,141,0.06
40185,150,141,0.06
40194,150,141,0.06
40202,150,141,0.06
40211,150,141,0.06
40219,150,141,0.06
40228,150,141,0.06
40237,150,141,0.06
40247,150,141,0.06
40256,150,141,0.06
40264,150,141,0.06
40272,150,141,0.06
40279,150,141,0.06
40288,150,141,0.06
40296,150,141,0.06
40304,150,141,0.06
40312,150,141,0.06
40320,150,141,0.06
40330,150,141,0.06
40338,150,141,0.06
40347,150,141,0.06
40354,150,141,0.06
40362,150,141,0.06
40371,150,141,0.06
40378,150,141,0.06
40386,150,141,0.06
40395,150,141,0.06
40402,150,141,0.06
40412,150,141,0.06
40420,150,141,0.06
40428,150,141,0.06
40436,150,141,0.06
40445,150,141,0.06
40454,150,141,0.06
40461,150,141,0.06
40471,150,141,0.06
40480,150,141,0.06
40489,150,141,0.06
40498,150,141,0.06
40506,150,141,0.06
40516,150,141,0.06
40523,150,141,0.06
40532,150,141,0.06
40541,150,141,0.06
40550,150,141,0.06
40559,150,141,0.06
40567,150,141,0.06
40576,150,141,0.06
40585,150,141,0.06
40593,150,141,0.06
40602,150,141,0.06
40609,150,141,0.06
40618,150,141,0.06
40629,150,141,0.06
40636,150,141,0.06
40645,150,141,0.06
40654,150,141,0.06
40663,150,141,0.06
40671,150,141,0.06
40681,150,141,0.06
40689,150,141,0.06
40699,150,141,0.06
40709,150,141,0.06
40719,150,141,0.06
40728,150,141,0.06
40738,150,141,0.06
40748,150,141,0.06
40756,150,141,0.06
40765,150,141,0.06
40775,150,141,0.06
40782,150,141,0.06
40792,150,141,0.06
40799,150,141,0.06
40808,150,141,0.06
40815,150,141,0.06
40823,150,141,0.06
40832,150,141,0.06
40842,150,141,0.06
40851,150,141,0.06
40860,150,141,0.06
40869,150,141,0.06
40878,150,141,0.06
40889,150,141,0.06
40899,150,141,0.06
40907,150,141,0.06
40916,150,141,0.06
40924,150,141,0.06
40934,150,141,0.06
40943,150,141,0.06
40954,150,141,0.06
40963,150,141,0.06
40972,150,141,0.06
40982,150,141,0.06
40990,150,141,0.06
40999,150,141,0.06
41010,150,141,0.06
41019,150,141,0.06
41027,150,141,0.06
41036,150,141,0.06
41046,150,141,0.06
41057,150,141,0.06
41065,150,141,0.06
41076,150,141,0.06
41085,150,141,0.06
41095,150,141,0.06
41103,150,141,0.06
41113,150,141,0.06
41122,150,141,0.06
41130,150,141,0.06
41140,150,141,0.06
41150,150,141,0.06
41158,150,141,0.06
41166,150,141,0.06
41175,150,141,0.06
41186,150,141,0.06
41194,150,141,0.06
41204,150,141,0.06
41213,150,141,0.06
41224,150,141,0.06
41233,150,141,0.06
41244,150,141,0.06
41254,150,141,0.06
41263,150,141,0.06
41272,150,141,0.06
41283,150,141,0.06
41294,150,141,0.06
41304,150,141,0.06
41313,150,141,0.06
41323,150,141,0.06
41332,150,141,0.06
41341,150,141,0.06
41352,150,141,0.06
41360,150,141,0.06
41368,150,141,0.06
41378,150,141,0.06
41387,150,141,0.06
41398,150,141,0.06
41410,150,141,0.06
41420,150,141,0.06
41429,150,141,0.06
41440,150,141,0.06
41451,150,141,0.06
41461,150,141,0.06
41470,150,141,0.06
41481,150,141,0.06
41491,150,141,0.06
41501,150,141,0.06
41511,150,141,0.06
41522,150,141,0.06
41531,150,141,0.06
41541,150,141,0.06
41551,150,141,0.06
41562,150,141,0.06
41573,150,141,0.06
41582,150,141,0.06
41592,150,141,0.06
41603,150,141,0.06
41614,150,141,0.06
41624,150,141,0.06
41636,150,141,0.06
41646,150,141,0.06
41657,150,141,0.06
41667,150,141,0.06
41679,150,141,0.06
41689,150,141,0.06
41700,150,141,0.06
41712,150,141,0.06
41723,150,141,0.06
41733,150,141,0.06
41744,150,141,0.06
41755,150,141,0.06
41765,150,141,0.06
41776,150,141,0.06
41787,150,141,0.06
41798,150,141,0.06
41810,150,141,0.06
41821,150,141,0.06
41831,150,141,0.06
41841,150,141,0.06
41852,150,141,0.06
41863,150,141,0.06
41874,150,141,0.06
41884,150,141,0.06
41894,150,141,0.06
41904,150,141,0.06
41912,150,141,0.06
41924,150,141,0.06
41934,150,141,0.06
41943,150,141,0.06
41954,150,141,0.06
41965,150,141,0.06
41977,150,141,0.06
41987,150,141,0.06
41997,150,141,0.06
42007,150,141,0.06
42019,150,141,0.06
42030,150,141,0.06
42041,150,141,0.06
42052,150,141,0.06
42064,150,141,0.06
42073,150,141,0.06
42084,150,141,0.06
42096,150,141,0.06
42108,150,141,0.06
42119,150,141,0.06
42130,150,141,0.06
42138,150,141,0.06
42148,150,141,0.06
42159,150,141,0.06
42171,150,141,0.06
42181,150,141,0.06
42193,150,141,0.06
42202,150,141,0.06
42214,150,141,0.06
42225,150,141,0.06
42239,150,141,0.06
42249,150,141,0.06
42259,150,141,0.06
42270,150,141,0.06
42283,150,141,0.06
42293,150,141,0.06
42303,149,141,0.0536913
42307,149,141,0.0536913
42313,149,141,0.0536913
42317,149,141,0.0536913
42322,149,141,0.0536913
42326,149,141,0.0536913
42330,149,141,0.0536913
42334,149,141,0.0536913
42338,149,141,0.0536913
42342,149,141,0.0536913
42346,149,141,0.0536913
42350,149,141,0.0536913
42354,149,141,0.0536913
42359,149,141,0.0536913
42363,149,141,0.0536913
42366,149,141,0.0536913
42370,149,141,0.0536913
42374,149,141,0.0536913
42377,149,141,0.0536913
42381,149,141,0.0536913
42384,149,141,0.0536913
42387,149,141,0.0536913
42391,149,141,0.0536913
42395,149,141,0.0536913
42398,149,141,0.0536913
42401,149,141,0.0536913
42405,149,141,0.0536913
42409,149,141,0.0536913
42412,149,141,0.0536913
42415,149,141,0.0536913
42418,149,141,0.0536913
42420,149,141,0.0536913
42422,149,141,0.0536913
42424,149,141,0.0536913
42427,149,141,0.0536913
42430,149,141,0.0536913
42432,149,141,0.0536913
42434,149,141,0.0536913
42437,149,141,0.0536913
42439,149,141,0.0536913
42441,149,141,0.0536913
42443,149,141,0.0536913
42444,149,141,0.0536913
42446,149,141,0.0536913
42448,149,141,0.0536913
42450,149,141,0.0536913
42451,149,141,0.0536913
42452,149,141,0.0536913
42454,149,141,0.0536913
42455,149,141,0.0536913
42456,149,141,0.0536913
42457,149,141,0.0536913
42458,149,141,0.0536913
42459,149,141,0.0536913
42460,149,141,0.0536913
42461,149,141,0.0536913
42462,149,141,0.0536913
42462,149,141,0.0536913
42463,149,141,0.0536913
42463,149,141,0.0536913
42464,149,141,0.0536913
42464,149,141,0.0536913
42465,149,141,0.0536913
42469,149,141,0.0536913
42481,149,141,0.0536913
42494,149,141,0.0536913
42506,149,141,0.0536913
42518,149,141,0.0536913
42530,149,141,0.0536913
42543,149,141,0.0536913
42555,149,141,0.0536913
42567,149,141,0.0536913
42578,149,141,0.0536913
42590,149,141,0.0536913
42601,149,141,0.0536913
42612,149,141,0.0536913
42623,149,141,0.0536913
42634,149,141,0.0536913
42645,149,141,0.0536913
42656,149,141,0.0536913
42667,149,141,0.0536913
42678,149,141,0.0536913
42688,149,141,0.0536913
42699,149,141,0.0536913
42709,149,141,0.0536913
42720,149,141,0.0536913
42730,149,141,0.0536913
42740,149,141,0.0536913
42750,149,141,0.0536913
42760,149,141,0.0536913
42770,149,141,0.0536913
42779,149,141,0.0536913
42789,149,141,0.0536913
42798,149,141,0.0536913
42808,149,141,0.0536913
42817,149,141,0.0536913
42826,149,141,0.0536913
42835,149,141,0.0536913
42844,149,141,0.0536913
42853,149,141,0.0536913
42862,149,141,0.0536913
42870,149,141,0.0536913
42879,149,141,0.0536913
42887,149,141,0.0536913
42896,149,141,0.0536913
42904,149,141,0.0536913
42912,149,141,0.0536913
42920,149,141,0.0536913
42929,149,141,0.0536913
42937,149,141,0.0536913
42946,149,141,0.0536913
42954,149,141,0.0536913
42962,149,141,0.0536913
42970,149,141,0.0536913
42979,149,141,0.0536913
42986,149,141,0.0536913
42994,149,141,0.0536913
43002,149,141,0.0536913
43010,149,141,0.0536913
43018,149,141,0.0536913
43025,149,141,0.0536913
43033,149,141,0.0536913
43041,149,141,0.0536913
43048,149,141,0.0536913
43056,149,141,0.0536913
43064,149,141,0.0536913
43071,149,141,0.0536913
43079,149,141,0.0536913
43086,149,141,0.0536913
43093,149,141,0.0536913
43101,149,141,0.0536913
43109,149,141,0.0536913
43117,149,141,0.0536913
43124,149,141,0.0536913
43132,149,141,0.0536913
43138,149,141,0.0536913
43146,149,141,0.0536913
43152,149,141,0.0536913
43159,149,141,0.0536913
43166,149,141,0.0536913
43172,149,141,0.0536913
43179,149,141,0.0536913
43185,149,141,0.0536913
43191,149,141,0.0536913
43198,149,141,0.0536913
43204,149,141,0.0536913
43210,149,141,0.0536913
43216,149,141,0.0536913
43222,149,141,0.0536913
43228,149,141,0.0536913
43234,149,141,0.0536913
43239,149,141,0.0536913
43245,149,141,0.0536913
43250,149,141,0.0536913
43256,149,141,0.0536913
43261,149,141,0.0536913
43266,149,141,0.0536913
43271,149,141,0.0536913
43277,149,141,0.0536913
43281,149,141,0.0536913
43286,149,141,0.0536913
43291,149,141,0.0536913
43295,149,141,0.0536913
43300,149,141,0.0536913
43305,149,141,0.0536913
43309,149,141,0.0536913
43317,149,141,0.0536913
43326,149,141,0.0536913
43336,149,141,0.0536913
43344,149,141,0.0536913
43350,149,141,0.0536913
43357,149,141,0.0536913
43367,149,141,0.0536913
43371,149,141,0.0536913
43383,149,141,0.0536913
43392,149,141,0.0536913
43396,149,141,0.0536913
43403,149,141,0.0536913
43415,149,141,0.0536913
43425,149,141,0.0536913
43429,149,141,0.0536913
43433,149,141,0.0536913
43437,149,141,0.0536913
43441,149,141,0.0536913
43445,149,141,0.0536913
43448,149,141,0.0536913
43452,149,141,0.0536913
43456,149,141,0.0536913
43463,149,141,0.0536913
43473,149,141,0.0536913
43477,149,141,0.0536913
43481,149,141,0.0536913
43484,149,141,0.0536913
43489,149,141,0.0536913
43497,149,141,0.0536913
43503,149,141,0.0536913
43511,149,141,0.0536913
43519,149,141,0.0536913
43530,149,141,0.0536913
43540,149,141,0.0536913
43545,149,141,0.0536913
43550,149,141,0.0536913
43562,149,141,0.0536913
43571,149,141,0.0536913
43577,149,141,0.0536913
43588,149,141,0.0536913
43595,149,141,0.0536913
43598,149,141,0.0536913
43604,149,141,0.0536913
43611,149,141,0.0536913
43618,149,141,0.0536913
43625,149,141,0.0536913
43630,149,141,0.0536913
43636,149,141,0.0536913
43645,149,141,0.0536913
43653,149,141,0.0536913
43662,149,141,0.0536913
43670,149,141,0.0536913
43676,149,141,0.0536913
43683,149,141,0.0536913
43688,149,141,0.0536913
43699,149,141,0.0536913
43705,149,141,0.0536913
43713,149,141,0.0536913
43724,149,141,0.0536913
43736,149,141,0.0536913
43745,149,141,0.0536913
43755,149,141,0.0536913
43762,149,141,0.0536913
43768,149,141,0.0536913
43772,149,141,0.0536913
43780,149,141,0.0536913
43785,149,141,0.0536913
43790,149,141,0.0536913
43798,149,141,0.0536913
43803,149,141,0.0536913
43810,149,141,0.0536913
43819,149,141,0.0536913
43828,149,141,0.0536913
43836,149,141,0.0536913
43842,149,141,0.0536913
43847,149,141,0.0536913
43857,149,141,0.0536913
43867,149,141,0.0536913
43873,149,141,0.0536913
43880,149,141,0.0536913
43888,149,141,0.0536913
43892,149,141,0.0536913
43898,149,141,0.0536913
43909,149,141,0.0536913
43919,149,141,0.0536913
43927,149,141,0.0536913
43939,149,141,0.0536913
43950,149,141,0.0536913
43961,149,141,0.0536913
43973,149,141,0.0536913
43982,149,141,0.0536913
43988,149,141,0.0536913
43994,149,141,0.0536913
44002,149,141,0.0536913
44013,149,141,0.0536913
44025,149,141,0.0536913
44036,149,141,0.0536913
44046,149,141,0.0536913
44054,149,141,0.0536913
44063,149,141,0.0536913
44071,149,141,0.0536913
44080,149,141,0.0536913
44088,149,141,0.0536913
44097,149,141,0.0536913
44106,149,141,0.0536913
44118,149,141,0.0536913
44124,149,141,0.0536913
44132,149,141,0.0536913
44137,149,141,0.0536913
44144,149,141,0.0536913
44149,149,141,0.0536913
44157,149,141,0.0536913
44168,149,141,0.0536913
44178,149,141,0.0536913
44184,149,141,0.0536913
44191,149,141,0.0536913
44199,149,141,0.0536913
44206,149,141,0.0536913
44215,149,141,0.0536913
44222,149,141,0.0536913
44229,149,141,0.0536913
44235,149,141,0.0536913
44245,149,141,0.0536913
44252,149,141,0.0536913
44259,149,141,0.0536913
44266,149,141,0.0536913
44277,149,141,0.0536913
44287,149,141,0.0536913
44296,149,141,0.0536913
44305,149,141,0.0536913
44313,149,141,0.0536913
44319,149,141,0.0536913
44330,149,141,0.0536913
44339,149,141,0.0536913
44344,149,141,0.0536913
44353,149,141,0.0536913
44359,149,141,0.0536913
44364,149,141,0.0536913
44371,149,141,0.0536913
44379,149,141,0.0536913
44384,149,141,0.0536913
44393,149,141,0.0536913
44402,149,141,0.0536913
44409,149,141,0.0536913
44419,149,141,0.0536913
44428,149,141,0.0536913
44438,149,141,0.0536913
44445,149,141,0.0536913
44448,149,141,0.0536913
44460,149,141,0.0536913
44469,149,141,0.0536913
44476,149,141,0.0536913
44488,149,141,0.0536913
44496,149,141,0.0536913
44507,149,141,0.0536913
44519,149,141,0.0536913
44524,149,141,0.0536913
44532,149,141,0.0536913
44541,149,141,0.0536913
44550,149,141,0.0536913
44559,149,141,0.0536913
44569,149,141,0.0536913
44578,149,141,0.0536913
44586,149,141,0.0536913
44597,149,141,0.0536913
44607,149,141,0.0536913
44615,149,141,0.0536913
44626,149,141,0.0536913
44634,149,141,0.0536913
44644,149,141,0.0536913
44649,149,141,0.0536913
44659,149,141,0.0536913
44669,149,141,0.0536913
44680,149,141,0.0536913
44688,149,141,0.0536913
44699,149,141,0.0536913
44707,149,141,0.0536913
44716,149,141,0.0536913
44722,149,141,0.0536913
44729,149,141,0.0536913
44741,149,141,0.0536913
44746,149,141,0.0536913
44757,149,141,0.0536913
44766,149,141,0.0536913
44770,149,141,0.0536913
44778,149,141,0.0536913
44787,149,141,0.0536913
44791,149,141,0.0536913
44799,149,141,0.0536913
44806,149,141,0.0536913
44817,149,141,0.0536913
44828,149,141,0.0536913
44834,149,141,0.0536913
44842,149,141,0.0536913
44847,149,141,0.0536913
44857,149,141,0.0536913
44868,149,141,0.0536913
44875,149,141,0.0536913
44886,149,141,0.0536913
44895,149,141,0.0536913
44902,149,141,0.0536913
44908,149,141,0.0536913
44916,149,141,0.0536913
44927,149,141,0.0536913
44940,149,141,0.0536913
44954,149,141,0.0536913
44968,149,141,0.0536913
44980,149,141,0.0536913
44994,149,141,0.0536913
45004,149,141,0.0536913
45013,149,141,0.0536913
45020,149,141,0.0536913
45029,149,141,0.0536913
45040,149,141,0.0536913
45051,149,141,0.0536913
45059,149,141,0.0536913
45064,149,141,0.0536913
45073,149,141,0.0536913
45081,149,141,0.0536913
45091,149,141,0.0536913
45103,149,141,0.0536913
45117,149,141,0.0536913
45126,149,141,0.0536913
45134,149,141,0.0536913
45141,149,141,0.0536913
45151,149,141,0.0536913
45158,149,141,0.0536913
45166,149,141,0.0536913
45179,149,141,0.0536913
45190,149,141,0.0536913
45198,149,141,0.0536913
45209,149,141,0.0536913
45216,149,141,0.0536913
45226,149,141,0.0536913
45237,149,141,0.0536913
45245,149,141,0.0536913
45256,149,141,0.0536913
45268,149,141,0.0536913
45275,149,141,0.0536913
45287,149,141,0.0536913
45293,149,141,0.0536913
45302,149,141,0.0536913
45313,149,141,0.0536913
45324,149,141,0.0536913
45332,149,141,0.0536913
45342,149,141,0.0536913
45348,149,141,0.0536913
45356,149,141,0.0536913
45363,149,141,0.0536913
45374,149,141,0.0536913
45385,149,141,0.0536913
45397,149,141,0.0536913
45411,149,141,0.0536913
45421,149,141,0.0536913
45432,149,141,0.0536913
45444,149,141,0.0536913
45459,149,141,0.0536913
45471,149,141,0.0536913
45481,149,141,0.0536913
45488,149,141,0.0536913
45498,149,141,0.0536913
45512,149,141,0.0536913
45522,149,141,0.0536913
45531,149,141,0.0536913
45541,149,141,0.0536913
45552,149,141,0.0536913
45562,149,141,0.0536913
45573,149,141,0.0536913
45583,149,141,0.0536913
45597,149,141,0.0536913
45604,149,141,0.0536913
45611,149,141,0.0536913
45619,149,141,0.0536913
45632,149,141,0.0536913
45642,149,141,0.0536913
45651,149,141,0.0536913
45664,149,141,0.0536913
45677,149,141,0.0536913
45686,149,141,0.0536913
45701,149,141,0.0536913
45707,149,141,0.0536913
45718,149,141,0.0536913
45732,149,141,0.0536913
45742,149,141,0.0536913
45750,149,141,0.0536913
45759,149,141,0.0536913
45765,149,141,0.0536913
45774,149,141,0.0536913
45782,149,141,0.0536913
45792,149,141,0.0536913
45803,149,141,0.0536913
45814,149,141,0.0536913
45825,149,141,0.0536913
45833,149,141,0.0536913
45844,149,141,0.0536913
45852,149,141,0.0536913
45862,149,141,0.0536913
45874,149,141,0.0536913
45883,149,141,0.0536913
45890,149,141,0.0536913
45898,149,141,0.0536913
45909,149,141,0.0536913
45922,149,141,0.0536913
45931,149,141,0.0536913
45940,149,141,0.0536913
45951,149,141,0.0536913
45959,149,141,0.0536913
45968,149,141,0.0536913
45979,149,141,0.0536913
45987,149,141,0.0536913
46001,149,141,0.0536913
46009,149,141,0.0536913
46020,149,141,0.0536913
46032,149,141,0.0536913
46042,149,141,0.0536913
46052,149,141,0.0536913
46066,149,141,0.0536913
46079,149,141,0.0536913
46088,149,141,0.0536913
46096,149,141,0.0536913
46107,149,141,0.0536913
46113,149,141,0.0536913
46120,149,141,0.0536913
46130,149,141,0.0536913
46138,149,141,0.0536913
46150,149,141,0.0536913
46162,149,141,0.0536913
46174,149,141,0.0536913
46190,149,141,0.0536913
46198,149,141,0.0536913
46208,149,141,0.0536913
46221,149,141,0.0536913
46233,149,141,0.0536913
46245,149,141,0.0536913
46253,149,141,0.0536913
46260,149,141,0.0536913
46273,149,141,0.0536913
46285,149,141,0.0536913
46295,149,141,0.0536913
46305,149,141,0.0536913
46314,149,141,0.0536913
46322,149,141,0.0536913
46333,149,141,0.0536913
46343,149,141,0.0536913
46356,149,141,0.0536913
46367,149,141,0.0536913
46377,149,141,0.0536913
46391,149,141,0.0536913
46399,149,141,0.0536913
46409,149,141,0.0536913
46422,149,141,0.0536913
46433,149,141,0.0536913
46442,149,141,0.0536913
46454,149,141,0.0536913
46466,149,141,0.0536913
46477,149,141,0.0536913
46486,149,141,0.0536913
46496,149,141,0.0536913
46504,149,141,0.0536913
46516,149,141,0.0536913
46530,149,141,0.0536913
46539,149,141,0.0536913
46550,149,141,0.0536913
46559,149,141,0.0536913
46570,149,141,0.0536913
46579,149,141,0.0536913
46593,149,141,0.0536913
46606,149,141,0.0536913
46617,149,141,0.0536913
46630,149,141,0.0536913
46641,149,141,0.0536913
46653,149,141,0.0536913
46663,149,141,0.0536913
46671,149,141,0.0536913
46685,149,141,0.0536913
46698,149,141,0.0536913
46711,149,141,0.0536913
46722,149,141,0.0536913
46734,149,141,0.0536913
46749,149,141,0.0536913
46758,149,141,0.0536913
46765,149,141,0.0536913
46777,149,141,0.0536913
46793,149,141,0.0536913
46802,149,141,0.0536913
46813,149,141,0.0536913
46820,149,141,0.0536913
46833,149,141,0.0536913
46842,149,141,0.0536913
46853,149,141,0.0536913
46865,149,141,0.0536913
46874,149,141,0.0536913
46885,149,141,0.0536913
46899,149,141,0.0536913
46910,149,141,0.0536913
46922,149,141,0.0536913
46931,149,141,0.0536913
46941,149,141,0.0536913
46952,149,141,0.0536913
46960,149,141,0.0536913
46970,149,141,0.0536913
46979,149,141,0.0536913
46993,149,141,0.0536913
47006,149,141,0.0536913
47019,149,141,0.0536913
47026,149,141,0.0536913
47039,149,141,0.0536913
47051,149,141,0.0536913
47065,149,141,0.0536913
47080,149,141,0.0536913
47087,149,141,0.0536913
47096,149,141,0.0536913
47107,149,141,0.0536913
47118,149,141,0.0536913
47128,149,141,0.0536913
47135,149,141,0.0536913
47144,149,141,0.0536913
47160,149,141,0.0536913
47170,149,141,0.0536913
47177,149,141,0.0536913
47193,149,141,0.0536913
47202,149,141,0.0536913
47212,149,141,0.0536913
47223,149,141,0.0536913
47236,149,141,0.0536913
47247,149,141,0.0536913
47260,149,141,0.0536913
47273,149,141,0.0536913
47290,149,141,0.0536913
47304,149,141,0.0536913
47312,149,141,0.0536913
47324,149,141,0.0536913
47336,149,141,0.0536913
47343,149,141,0.0536913
47349,149,141,0.0536913
47358,149,141,0.0536913
47372,149,141,0.0536913
47385,149,141,0.0536913
47402,149,141,0.0536913
47414,149,141,0.0536913
47423,149,141,0.0536913
47436,149,141,0.0536913
47449,149,141,0.0536913
47459,149,141,0.0536913
47465,149,141,0.0536913
47476,149,141,0.0536913
47489,149,141,0.0536913
47501,149,141,0.0536913
47513,149,141,0.0536913
47525,149,141,0.0536913
47537,149,141,0.0536913
47543,149,141,0.0536913
47556,149,141,0.0536913
47568,149,141,0.0536913
47580,149,141,0.0536913
47587,149,141,0.0536913
47601,149,141,0.0536913
47609,149,141,0.0536913
47620,149,141,0.0536913
47632,149,141,0.0536913
47640,149,141,0.0536913
47649,149,141,0.0536913
47662,149,141,0.0536913
47674,149,141,0.0536913
47688,149,141,0.0536913
47695,149,141,0.0536913
47702,149,141,0.0536913
47714,149,141,0.0536913
47724,149,141,0.0536913
47732,149,141,0.0536913
47742,149,141,0.0536913
47747,149,141,0.0536913
47759,149,141,0.0536913
47772,149,141,0.0536913
47789,149,141,0.0536913
47801,149,141,0.0536913
47818,149,141,0.0536913
47832,149,141,0.0536913
47842,149,141,0.0536913
47849,149,141,0.0536913
47863,149,141,0.0536913
47877,149,141,0.0536913
47886,149,141,0.0536913
47901,149,141,0.0536913
47913,149,141,0.0536913
47921,149,141,0.0536913
47933,149,141,0.0536913
47945,149,141,0.0536913
47956,149,141,0.0536913
47968,149,141,0.0536913
47979,149,141,0.0536913
47989,149,141,0.0536913
47998,149,141,0.0536913
48005,149,141,0.0536913
48020,149,141,0.0536913
48035,149,141,0.0536913
48049,149,141,0.0536913
48061,149,141,0.0536913
48071,149,141,0.0536913
48079,149,141,0.0536913
48089,149,141,0.0536913
48101,149,141,0.0536913
48113,149,141,0.0536913
48126,149,141,0.0536913
48136,149,141,0.0536913
48149,149,141,0.0536913
48161,149,141,0.0536913
48171,149,141,0.0536913
48187,149,141,0.0536913
48203,149,141,0.0536913
48215,149,141,0.0536913
48228,149,141,0.0536913
48241,149,141,0.0536913
48255,149,141,0.0536913
48268,149,141,0.0536913
48282,149,141,0.0536913
48293,149,141,0.0536913
48304,149,141,0.0536913
48316,149,141,0.0536913
48326,149,141,0.0536913
48341,149,141,0.0536913
48358,149,141,0.0536913
48366,149,141,0.0536913
48380,149,141,0.0536913
48389,149,141,0.0536913
48402,149,141,0.0536913
48416,149,141,0.0536913
48428,149,141,0.0536913
48440,149,141,0.0536913
48452,149,141,0.0536913
48464,149,141,0.0536913
48477,149,141,0.0536913
48486,149,141,0.0536913
48500,149,141,0.0536913
48514,149,141,0.0536913
48527,149,141,0.0536913
48536,149,141,0.0536913
48551,149,141,0.0536913
48563,149,141,0.0536913
48580,149,141,0.0536913
48591,149,141,0.0536913
48606,149,141,0.0536913
48615,149,141,0.0536913
48626,149,141,0.0536913
48636,149,141,0.0536913
48651,149,141,0.0536913
48666,149,141,0.0536913
48680,149,141,0.0536913
48692,149,141,0.0536913
48705,149,141,0.0536913
48719,149,141,0.0536913
48730,149,141,0.0536913
48742,149,141,0.0536913
48750,149,141,0.0536913
48759,149,141,0.0536913
48771,149,141,0.0536913
48783,149,141,0.0536913
48796,149,141,0.0536913
48808,149,141,0.0536913
48817,149,141,0.0536913
48833,149,141,0.0536913
48845,149,141,0.0536913
48856,149,141,0.0536913
48868,149,141,0.0536913
48880,149,141,0.0536913
48891,149,141,0.0536913
48900,149,141,0.0536913
48912,149,141,0.0536913
48926,149,141,0.0536913
48941,149,141,0.0536913
48952,149,141,0.0536913
48964,149,141,0.0536913
48977,149,141,0.0536913
48992,149,141,0.0536913
49003,149,141,0.0536913
49017,149,141,0.0536913
49035,149,141,0.0536913
49049,149,141,0.0536913
49063,149,141,0.0536913
49075,149,141,0.0536913
49086,149,141,0.0536913
49092,149,141,0.0536913
49103,149,141,0.0536913
49115,149,141,0.0536913
49129,149,141,0.0536913
49141,149,141,0.0536913
49153,149,141,0.0536913
49170,149,141,0.0536913
49181,149,141,0.0536913
49194,149,141,0.0536913
49209,149,141,0.0536913
49224,149,141,0.0536913
49234,149,141,0.0536913
49248,149,141,0.0536913
49264,149,141,0.0536913
49276,149,141,0.0536913
49287,149,141,0.0536913
49296,149,141,0.0536913
49304,149,141,0.0536913
49314,149,141,0.0536913
49321,149,141,0.0536913
49333,149,141,0.0536913
49348,149,141,0.0536913
49363,149,141,0.0536913
49375,149,141,0.0536913
49386,149,141,0.0536913
49399,149,141,0.0536913
49414,149,141,0.0536913
49423,149,141,0.0536913
49436,149,141,0.0536913
49452,149,141,0.0536913
49466,149,141,0.0536913
49482,149,141,0.0536913
49495,149,141,0.0536913
49511,149,141,0.0536913
49523,149,141,0.0536913
49529,149,141,0.0536913
49546,149,141,0.0536913
49556,149,141,0.0536913
49571,149,141,0.0536913
49580,149,141,0.0536913
49595,149,141,0.0536913
49605,149,141,0.0536913
49621,149,141,0.0536913
49636,149,141,0.0536913
49648,149,141,0.0536913
49657,149,141,0.0536913
49670,149,141,0.0536913
49682,149,141,0.0536913
49696,149,141,0.0536913
49711,149,141,0.0536913
49724,149,141,0.0536913
49742,149,141,0.0536913
49754,149,141,0.0536913
49770,149,141,0.0536913
49787,149,141,0.0536913
49800,149,141,0.0536913
49812,149,141,0.0536913
49825,149,141,0.0536913
49837,149,141,0.0536913
49848,149,141,0.0536913
49858,149,141,0.0536913
49871,149,141,0.0536913
49880,149,141,0.0536913
49896,149,141,0.0536913
49914,149,141,0.0536913
49930,149,141,0.0536913
49945,149,141,0.0536913
49960,149,141,0.0536913
49976,149,141,0.0536913
49991,149,141,0.0536913
50002,149,141,0.0536913
50012,149,141,0.0536913
50023,149,141,0.0536913
50033,149,141,0.0536913
50045,149,141,0.0536913
50061,149,141,0.0536913
50076,149,141,0.0536913
50086,149,141,0.0536913
50096,149,141,0.0536913
50106,149,141,0.0536913
50112,149,141,0.0536913
50121,149,141,0.0536913
50134,149,141,0.0536913
50152,149,141,0.0536913
50166,149,141,0.0536913
50178,149,141,0.0536913
50194,149,141,0.0536913
50205,149,141,0.0536913
50219,149,141,0.0536913
50234,149,141,0.0536913
50250,149,141,0.0536913
50264,149,141,0.0536913
50284,149,141,0.0536913
50299,149,141,0.0536913
50309,149,141,0.0536913
50325,149,141,0.0536913
50336,149,141,0.0536913
50350,149,141,0.0536913
50363,149,141,0.0536913
50375,149,141,0.0536913
50389,149,141,0.0536913
50399,149,141,0.0536913
50411,149,141,0.0536913
50424,149,141,0.0536913
50437,149,141,0.0536913
50451,149,141,0.0536913
50458,149,141,0.0536913
50473,149,141,0.0536913
50489,149,141,0.0536913
50500,149,141,0.0536913
50513,149,141,0.0536913
50530,149,141,0.0536913
50541,149,141,0.0536913
50554,149,141,0.0536913
50568,149,141,0.0536913
50578,149,141,0.0536913
50591,149,141,0.0536913
50599,149,141,0.0536913
50612,149,141,0.0536913
50624,149,141,0.0536913
50638,149,141,0.0536913
50656,149,141,0.0536913
50669,149,141,0.0536913
50681,149,141,0.0536913
50701,149,141,0.0536913
50713,149,141,0.0536913
50721,149,141,0.0536913
50732,149,141,0.0536913
50747,149,141,0.0536913
50762,149,141,0.0536913
50773,149,141,0.0536913
50789,149,141,0.0536913
50804,149,141,0.0536913
50817,149,141,0.0536913
50830,149,141,0.0536913
50844,149,141,0.0536913
50859,149,141,0.0536913
50872,149,141,0.0536913
50888,149,141,0.0536913
50901,149,141,0.0536913
50910,149,141,0.0536913
50922,149,141,0.0536913
50934,149,141,0.0536913
50948,149,141,0.0536913
50964,149,141,0.0536913
50977,149,141,0.0536913
50994,149,141,0.0536913
51004,149,141,0.0536913
51018,149,141,0.0536913
51035,149,141,0.0536913
51046,149,141,0.0536913
51056,149,141,0.0536913
51067,149,141,0.0536913
51080,149,141,0.0536913
51092,149,141,0.0536913
51107,149,141,0.0536913
51122,149,141,0.0536913
51132,149,141,0.0536913
51147,149,141,0.0536913
51165,149,141,0.0536913
51177,149,141,0.0536913
51190,149,141,0.0536913
51208,149,141,0.0536913
51219,149,141,0.0536913
51230,149,141,0.0536913
51244,149,141,0.0536913
51258,149,141,0.0536913
51275,149,141,0.0536913
51289,149,141,0.0536913
51306,149,141,0.0536913
51318,149,141,0.0536913
51333,149,141,0.0536913
51347,149,141,0.0536913
51359,149,141,0.0536913
51369,149,141,0.0536913
51385,149,141,0.0536913
51400,149,141,0.0536913
51416,149,141,0.0536913
51428,149,141,0.0536913
51438,149,141,0.0536913
51449,149,141,0.0536913
51463,149,141,0.0536913
51474,149,141,0.0536913
51489,149,141,0.0536913
51502,149,141,0.0536913
51524,149,141,0.0536913
51539,149,141,0.0536913
51559,149,141,0.0536913
51572,149,141,0.0536913
51584,149,141,0.0536913
51601,149,141,0.0536913
51617,149,141,0.0536913
51635,149,141,0.0536913
51645,149,141,0.0536913
51660,149,141,0.0536913
51673,149,141,0.0536913
51687,149,141,0.0536913
51699,149,141,0.0536913
51713,149,141,0.0536913
51726,149,141,0.0536913
51741,149,141,0.0536913
51760,149,141,0.0536913
51782,149,141,0.0536913
51798,149,141,0.0536913
51809,149,141,0.0536913
51827,149,141,0.0536913
51842,149,141,0.0536913
51856,149,141,0.0536913
51871,149,141,0.0536913
51891,149,141,0.0536913
51905,149,141,0.0536913
51918,149,141,0.0536913
51930,149,141,0.0536913
51946,149,141,0.0536913
51961,149,141,0.0536913
51976,149,141,0.0536913
51984,149,141,0.0536913
52003,149,141,0.0536913
52020,149,141,0.0536913
52034,149,141,0.0536913
52046,149,141,0.0536913
52063,149,141,0.0536913
52080,149,141,0.0536913
52089,149,141,0.0536913
52103,149,141,0.0536913
52118,149,141,0.0536913
52134,149,141,0.0536913
52150,149,141,0.0536913
52162,149,141,0.0536913
52177,149,141,0.0536913
52197,149,141,0.0536913
52211,149,141,0.0536913
52225,149,141,0.0536913
52235,149,141,0.0536913
52251,149,141,0.0536913
52265,149,141,0.0536913
52274,149,141,0.0536913
52286,149,141,0.0536913
52300,149,141,0.0536913
52315,149,141,0.0536913
52328,149,141,0.0536913
52342,149,141,0.0536913
52361,149,141,0.0536913
52372,149,141,0.0536913
52389,149,141,0.0536913
52404,149,141,0.0536913
52415,149,141,0.0536913
52427,149,141,0.0536913
52438,149,141,0.0536913
52463,149,141,0.0536913
52476,149,141,0.0536913
52493,149,141,0.0536913
52512,149,141,0.0536913
52527,149,141,0.0536913
52540,149,141,0.0536913
52558,149,141,0.0536913
52575,149,141,0.0536913
52585,149,141,0.0536913
52599,149,141,0.0536913
52620,149,141,0.0536913
52635,149,141,0.0536913
52649,149,141,0.0536913
52663,149,141,0.0536913
52680,149,141,0.0536913
52700,149,141,0.0536913
52719,149,141,0.0536913
52733,149,141,0.0536913
52745,149,141,0.0536913
52758,149,141,0.0536913
52771,149,141,0.0536913
52784,149,141,0.0536913
52800,149,141,0.0536913
52820,149,141,0.0536913
52838,149,141,0.0536913
52852,149,141,0.0536913
52867,149,141,0.0536913
52887,149,141,0.0536913
52906,149,141,0.0536913
52924,149,141,0.0536913
52938,149,141,0.0536913
52952,149,141,0.0536913
52967,149,141,0.0536913
52979,149,141,0.0536913
52991,149,141,0.0536913
53005,149,141,0.0536913
53021,149,141,0.0536913
53037,149,141,0.0536913
53052,149,141,0.0536913
53063,149,141,0.0536913
53080,149,141,0.0536913
53088,149,141,0.0536913
53110,149,141,0.0536913
53122,149,141,0.0536913
53135,149,141,0.0536913
53149,149,141,0.0536913
53160,149,141,0.0536913
53173,149,141,0.0536913
53190,149,141,0.0536913
53202,149,141,0.0536913
53214,149,141,0.0536913
53228,149,141,0.0536913
53243,149,141,0.0536913
53262,149,141,0.0536913
53278,149,141,0.0536913
53292,149,141,0.0536913
53306,149,141,0.0536913
53324,149,141,0.0536913
53345,149,141,0.0536913
53366,149,141,0.0536913
53386,149,141,0.0536913
53404,149,141,0.0536913
53421,149,141,0.0536913
53439,149,141,0.0536913
53464,149,141,0.0536913
53482,149,141,0.0536913
53495,149,141,0.0536913
53506,149,141,0.0536913
53526,149,141,0.0536913
53546,149,141,0.0536913
53563,149,141,0.0536913
53574,149,141,0.0536913
53586,149,141,0.0536913
53605,149,141,0.0536913
53620,149,141,0.0536913
53634,149,141,0.0536913
53650,149,141,0.0536913
53664,149,141,0.0536913
53678,149,141,0.0536913
53693,149,141,0.0536913
53708,149,141,0.0536913
53720,149,141,0.0536913
53740,149,141,0.0536913
53755,149,141,0.0536913
53771,149,141,0.0536913
53786,149,141,0.0536913
53804,149,141,0.0536913
53819,149,141,0.0536913
53832,149,141,0.0536913
53853,149,141,0.0536913
53871,149,141,0.0536913
53884,149,141,0.0536913
53901,149,141,0.0536913
53918,149,141,0.0536913
53931,149,141,0.0536913
53942,149,141,0.0536913
53959,149,141,0.0536913
53973,149,141,0.0536913
53990,149,141,0.0536913
54002,149,141,0.0536913
54018,149,141,0.0536913
54033,149,141,0.0536913
54052,149,141,0.0536913
54066,149,141,0.0536913
54085,149,141,0.0536913
54099,149,141,0.0536913
54115,149,141,0.0536913
54126,149,141,0.0536913
54138,149,141,0.0536913
54152,149,141,0.0536913
54170,149,141,0.0536913
54188,149,141,0.0536913
54207,149,141,0.0536913
54228,149,141,0.0536913
54245,149,141,0.0536913
54260,149,141,0.0536913
54286,149,141,0.0536913
54303,149,141,0.0536913
54318,149,141,0.0536913
54329,149,141,0.0536913
54350,149,141,0.0536913
54365,149,141,0.0536913
54378,149,141,0.0536913
54387,149,141,0.0536913
54406,149,141,0.0536913
54421,149,141,0.0536913
54440,149,141,0.0536913
54451,149,141,0.0536913
54465,149,141,0.0536913
54481,149,141,0.0536913
54504,149,141,0.0536913
54514,149,141,0.0536913
54531,149,141,0.0536913
54547,149,141,0.0536913
54560,149,141,0.0536913
54575,149,141,0.0536913
54592,149,141,0.0536913
54610,149,141,0.0536913
54629,149,141,0.0536913
54645,149,141,0.0536913
54666,149,141,0.0536913
54682,149,141,0.0536913
54704,149,141,0.0536913
54718,149,141,0.0536913
54729,149,141,0.0536913
54741,149,141,0.0536913
54761,149,141,0.0536913
54780,149,141,0.0536913
54799,149,141,0.0536913
54824,149,141,0.0536913
54843,149,141,0.0536913
54861,149,141,0.0536913
54874,149,141,0.0536913
54892,149,141,0.0536913
54919,149,141,0.0536913
54940,149,141,0.0536913
54957,149,141,0.0536913
54971,149,141,0.0536913
54988,149,141,0.0536913
55009,149,141,0.0536913
55024,149,141,0.0536913
55044,149,141,0.0536913
55059,149,141,0.0536913
55077,149,141,0.0536913
55095,149,141,0.0536913
55112,149,141,0.0536913
55127,149,141,0.0536913
55146,149,141,0.0536913
55164,149,141,0.0536913
55180,149,141,0.0536913
55205,149,141,0.0536913
55216,149,141,0.0536913
55239,149,141,0.0536913
55252,149,141,0.0536913
55270,149,141,0.0536913
55285,149,141,0.0536913
55300,149,141,0.0536913
55319,149,141,0.0536913
55334,149,141,0.0536913
55345,149,141,0.0536913
55362,149,141,0.0536913
55375,149,141,0.0536913
55393,149,141,0.0536913
55410,149,141,0.0536913
55429,149,141,0.0536913
55444,149,141,0.0536913
55463,149,141,0.0536913
55478,149,141,0.0536913
55494,149,141,0.0536913
55514,149,141,0.0536913
55530,149,141,0.0536913
55542,149,141,0.0536913
55560,149,141,0.0536913
55576,149,141,0.0536913
55599,149,141,0.0536913
55618,149,141,0.0536913
55628,149,141,0.0536913
55649,149,141,0.0536913
55661,149,141,0.0536913
55678,149,141,0.0536913
55694,149,141,0.0536913
55720,149,141,0.0536913
55743,149,141,0.0536913
55766,149,141,0.0536913
55780,149,141,0.0536913
55802,149,141,0.0536913
55820,149,141,0.0536913
55841,149,141,0.0536913
55859,149,141,0.0536913
55877,149,141,0.0536913
55897,149,141,0.0536913
55910,149,141,0.0536913
55928,149,141,0.0536913
55940,149,141,0.0536913
55954,149,141,0.0536913
55969,149,141,0.0536913
55989,149,141,0.0536913
56014,149,141,0.0536913
56036,149,141,0.0536913
56055,149,141,0.0536913
56076,149,141,0.0536913
56098,149,141,0.0536913
56113,149,141,0.0536913
56126,149,141,0.0536913
56141,149,141,0.0536913
56163,149,141,0.0536913
56177,149,141,0.0536913
56191,149,141,0.0536913
56211,149,141,0.0536913
56218,149,141,0.0536913
56238,149,141,0.0536913
56257,149,141,0.0536913
56276,149,141,0.0536913
56291,149,141,0.0536913
56307,149,141,0.0536913
56324,149,141,0.0536913
56335,149,141,0.0536913
56354,149,141,0.0536913
56369,149,141,0.0536913
56394,149,141,0.0536913
56411,149,141,0.0536913
56432,149,141,0.0536913
56448,149,141,0.0536913
56467,149,141,0.0536913
56478,149,141,0.0536913
56495,149,141,0.0536913
56516,149,141,0.0536913
56536,149,141,0.0536913
56557,149,141,0.0536913
56571,149,141,0.0536913
56593,149,141,0.0536913
56606,149,141,0.0536913
56630,149,141,0.0536913
56655,149,141,0.0536913
56671,149,141,0.0536913
56693,149,141,0.0536913
56708,149,141,0.0536913
56722,149,141,0.0536913
56740,149,141,0.0536913
56759,149,141,0.0536913
56781,149,141,0.0536913
56800,149,141,0.0536913
56815,149,141,0.0536913
56833,149,141,0.0536913
56848,149,141,0.0536913
56864,149,141,0.0536913
56886,149,141,0.0536913
56912,149,141,0.0536913
56933,149,141,0.0536913
56946,149,141,0.0536913
56962,149,141,0.0536913
56969,148,141,0.0472973
56996,148,141,0.0472973
57022,148,141,0.0472973
57049,148,141,0.0472973
57065,148,141,0.0472973
57092,148,141,0.0472973
57119,148,141,0.0472973
57146,148,141,0.0472973
57173,148,141,0.0472973
57201,148,141,0.0472973
57226,148,141,0.0472973
57253,148,141,0.0472973
57280,148,141,0.0472973
57307,148,141,0.0472973
57333,148,141,0.0472973
57359,148,141,0.0472973
57385,148,141,0.0472973
57399,148,141,0.0472973
57423,148,141,0.0472973
57449,148,141,0.0472973
57468,148,141,0.0472973
57476,148,141,0.0472973
57481,148,141,0.0472973
57504,148,141,0.0472973
57530,148,141,0.0472973
57536,148,141,0.0472973
57553,148,141,0.0472973
57576,148,141,0.0472973
57579,148,141,0.0472973
57582,148,141,0.0472973
57605,148,141,0.0472973
57630,148,141,0.0472973
57655,148,141,0.0472973
57679,148,141,0.0472973
57685,148,141,0.0472973
57710,148,141,0.0472973
57736,148,141,0.0472973
57761,148,141,0.0472973
57786,148,141,0.0472973
57796,148,141,0.0472973
57806,148,141,0.0472973
57809,148,141,0.0472973
57827,148,141,0.0472973
57846,148,141,0.0472973
57870,148,141,0.0472973
57884,148,141,0.0472973
57895,148,141,0.0472973
57912,148,141,0.0472973
57921,148,141,0.0472973
57924,148,141,0.0472973
57948,148,141,0.0472973
57962,148,141,0.0472973
57970,148,141,0.0472973
57986,148,141,0.0472973
58011,148,141,0.0472973
58036,148,141,0.0472973
58049,148,141,0.0472973
58052,148,141,0.0472973
58076,148,141,0.0472973
58100,148,141,0.0472973
58115,148,141,0.0472973
58128,148,141,0.0472973
58155,148,141,0.0472973
58179,148,141,0.0472973
58196,148,141,0.0472973
58198,148,141,0.0472973
58201,148,141,0.0472973
58212,148,141,0.0472973
58236,148,141,0.0472973
58260,148,141,0.0472973
58284,148,141,0.0472973
58308,148,141,0.0472973
58333,148,141,0.0472973
58356,148,141,0.0472973
58379,148,141,0.0472973
58386,148,141,0.0472973
58407,148,141,0.0472973
58429,148,141,0.0472973
58446,148,141,0.0472973
58470,148,141,0.0472973
58480,148,141,0.0472973
58482,148,141,0.0472973
58501,148,141,0.0472973
58523,148,141,0.0472973
58535,148,141,0.0472973
58558,148,141,0.0472973
58574,148,141,0.0472973
58596,148,141,0.0472973
58618,148,141,0.0472973
58642,148,141,0.0472973
58664,148,141,0.0472973
58687,148,141,0.0472973
58709,148,141,0.0472973
58724,148,141,0.0472973
58741,148,141,0.0472973
58756,148,141,0.0472973
58773,148,141,0.0472973
58793,148,141,0.0472973
58807,148,141,0.0472973
58820,148,141,0.0472973
58838,148,141,0.0472973
58848,148,141,0.0472973
58866,148,141,0.0472973
58875,148,141,0.0472973
58897,148,141,0.0472973
58918,148,141,0.0472973
58931,148,141,0.0472973
58953,148,141,0.0472973
58971,148,141,0.0472973
58985,148,141,0.0472973
59002,148,141,0.0472973
59024,148,141,0.0472973
59045,148,141,0.0472973
59065,148,141,0.0472973
59086,148,141,0.0472973
59104,148,141,0.0472973
59125,148,141,0.0472973
59138,148,141,0.0472973
59159,148,141,0.0472973
59181,148,141,0.0472973
59199,148,141,0.0472973
59205,148,141,0.0472973
59221,148,141,0.0472973
59227,148,141,0.0472973
59242,148,141,0.0472973
59249,148,141,0.0472973
59269,148,141,0.0472973
59290,148,141,0.0472973
59301,148,141,0.0472973
59313,148,141,0.0472973
59328,148,141,0.0472973
59348,148,141,0.0472973
59364,148,141,0.0472973
59377,148,141,0.0472973
59397,148,141,0.0472973
59413,148,141,0.0472973
59433,148,141,0.0472973
59444,148,141,0.0472973
59459,148,141,0.0472973
59472,148,141,0.0472973
59491,148,141,0.0472973
59508,148,141,0.0472973
59512,148,141,0.0472973
59525,148,141,0.0472973
59540,148,141,0.0472973
59554,148,141,0.0472973
59575,148,141,0.0472973
59591,148,141,0.0472973
59611,148,141,0.0472973
59625,148,141,0.0472973
59643,148,141,0.0472973
59660,148,141,0.0472973
59665,148,141,0.0472973
59681,148,141,0.0472973
59697,148,141,0.0472973
59715,148,141,0.0472973
59728,148,141,0.0472973
59733,148,141,0.0472973
59751,148,141,0.0472973
59769,148,141,0.0472973
59787,148,141,0.0472973
59806,148,141,0.0472973
59824,148,141,0.0472973
59843,148,141,0.0472973
59862,148,141,0.0472973
59872,148,141,0.0472973
59883,148,141,0.0472973
59894,148,141,0.0472973
59910,148,141,0.0472973
59925,148,141,0.0472973
59940,148,141,0.0472973
59957,148,141,0.0472973
59972,148,141,0.0472973
59987,148,141,0.0472973
60000,148,141,0.0472973
60087,148,141,0.0472973
